en	hi	pos
a	एक	Det
aback	पीछे; हतप्रभ	Adv
abacus	गिनतारा	N
abandon	छोड़देना	V
abandoned	छोड़ाहुआ	Adj
abandonment	परित्याग	N
abase	अवमानितकरना	V
abashed	लज्जित	Adj
abate	कमहोना	V
abatement	कमी	N
abattoir	वधशाला	N
abbess	मठाध्यक्षा	N
abbey	ईसाइयोकामठ	N
abbot	मठाध्यक्ष	N
abbreviate	संक्षिप्तकरना	VT
abbreviation	संक्षिप्ति	N
abdicate	स्वेच्छासेछोड़ना	V
abdication	पदत्याग	N
abdomen	पेट	N
abdominal	उदरसम्बन्धी	Adj
abduct	अपहरणकरना	V
abduction	अपहरण	N
aberrant	असामान्य	Adj
aberration	विकार	N
abet	उकसाना{बुरेकामकेलिये}	VT
abeyance	क्षणिकविराम	N
abhor	घृणाकरना	VT
abhorrence	घृणा	N
abhorrent	घृणित	Adj
abide	सहनकरना; एकजगहरहना	V
ability	योग्यता	N
abject	अति; बहुतज्यादा	Adj
abjure	शपथत्यागकरना	V
ablaze	जलाहुआ	Adj
able	समर्थ; चतुर	Adj
ablutions	प्रक्षालन	N
abnormal	असामान्य	Adj
aboard	सवार	Adv
aboard	परसवार	Prep
abode	आवास	N
abolish	उन्मूलनकरना[होना]	VT
abolition	उन्मूलन	N
abominable	घृणित	Adj
abomination	घृणा	N
aboriginal	आदिम	Adj
aborigine	प्राचीनदेशवासी	N
abort	गर्भपातहोना; छोड़देना{अधूरा}	VI
abortion	गर्भपात	N
abortionist	गर्भपातकरवानेवाला	N
abortive	निष्फल	Adj
abound	बहुतायातसेहोना	V
about	चारोओर; इधरउधर; लगभग; बहुतहोगया	Adv
about	केबारेमें; आसपास	Prep
about-turn	पलटना	N
above	ऊँचा	Adv
above	ऊपर	Prep
above	ऊपरका	Adj
abracadabra	जादूकामंत्र	N
abrade	घिसना	V
abrasion	रगड़	N
abrasive	चोटपहुँचानेवाला	Adj
abrasive	पीसनेयारगड़नेकीवस्तु	N
abrasively	रगड़के	Adv
abrasiveness	बुराव्यवहार	N
abreast	बराबरमें	Adv
abridge	संक्षेपणकरना	VT
abridged	संक्षिप्त	Adj
abridgement	संक्षेपण	N
abroad	विदेशमें; प्रचलित	Adv
abrogate	रद्दकरना	VT
abrupt	आकस्मिक; रूखा; असम्बद्ध	Adj
abruptly	आकस्मिकरुपसे	Adv
abruptness	आकस्मिकता	N
abscess	फोड़ा	N
abscond	फरारहोना	V
absence	अनुपस्थिति	N
absent	अनुपस्थित	Adj
absent-minded	अनमना; खोया-खोया	Adj
absent	अनुपस्थितहोना	VT
absentee	अनुपस्थितजन	N
absolute	पूर्णतया	Adj
absolute	परमसिद्धांत	N
absolute majority	पूर्णबहुमत	N
absolutely	पूर्णतः	Adv
absolution	क्षमादान	N
absolutism	{राजनीतिसंबंधी}निरंकुशता	N
absolve	विमुक्तकरना; क्षमाकरना	VT
absorb	सोखना; ग्रहणकरना	VT
absorbed	लीन; सोखाहुआ	Adj
absorbing	दिलचस्प	Adj
absorption	अवशोषितकरना	N
abstain	परहेज़करना; सेदूररहना	V
abstainer	सेदूररहनेवाला	N
abstemious	संयमी	Adj
abstention	तटस्थता	N
abstinence	परहेज	N
abstract	सारांश; भाव	N
abstract	{कलासंबंधी}अमूर्त; निराकार; गूढ़	Adj
abstract	हटालेना; संक्षिप्तबनाना; संक्षेपकरना	V
abstracted	अन्यमनस्क	Adj
abstraction	अमूर्तिकरण; अन्यमनस्कता	N
abstruse	जटिल; कठिन	Adj
absurd	निरर्थक; बेतुका; मूर्ख; बुद्धिरूद्ध	Adj
the absurd	मूर्खता	N
absurdity	अनर्थकता	N
abundance	अधिकता; अपार	N
abundant	बहुतसारा; प्रचुर; ढेर	Adj
abuse	दुर्व्यवहार; अपशब्द; अधिकदुरुपयोग	N
abuse	दुर्व्यवहारकरना	VT
abusive	निन्दककुत्सावादी	Adj
abut	मिलना	V
abysmal	बहुतखराब	Adj
abyss	गहराकुंड	N
acacia	पीलेएवंसफेदफूलवालापेड़	N
academia	शिक्षायाशोधकाक्षेत्र	N
academic	शैक्षिक; सैद्धांतिक	Adj
academic	उच्चश्रेणीकाशिक्षक	N
academician	शिक्षापरिषदकासदस्य	N
academy	शिक्षायाशोधसंस्थान	N
accede	स्वीकारकरना	VT
accelerate	चालबढ़ाना	VTI
acceleration	त्वरण	N
accelerator	गतिवर्धक	N
accent	स्वरकाचढ़ावउतार	N
accent	स्वरउच्चारणकरना	V
accentuate	जोरदेना	VT
accept	स्वीकारकरना	VT
acceptable	स्वीकार्य	Adj
acceptance	स्वीकृति	N
access	पहुँच	N
access	पहुँचना	V
accessible	अभिगम्य	Adj
accession	उच्चपदप्राप्ति	N
accessory	उपसाधन	N
accident	दुर्घटना	N
accidental	आकस्मिक	Adj
accidentally	संयोगवश	Adv
acclaim	वाहवाहकरना	V
acclaim	वाहवाही; सम्मान	N
acclamation	वाहवाही; सम्मान	N
acclimatize	दशानुकूलितहोना[करना]	V
accolade	सम्मान	N
accommodate	रह[रख]सकना; समाविष्टकरना[कराना]; समायोजितकरना; सहायताकरना	V
accommodating	सहयोगदेना	Adj
accommodation	आवास; समायोजन	N
accompaniment	साथ; {संगीतसंबंधी)संगत	N
accompanist	{संगीतमें}संगतकार	N
accompany	साथहोना[जाना]; संगतकरना	VT
accomplice	सहअपराधी	N
accomplish	पूराकरना	VT
accomplished	निपुण	Adj
accomplishment	निष्पत्ति; उपलब्धि; प्रवीणता	N
accord	समझौता	N
accord	मिलना[मिलाना]; देना	V
accordance	अनुरूप	N
according	केअनुसार	Prep
accordingly	तदनुसार	Adv
accordion	एकवाद्ययंत्र	N
accost	संबोधनकरना	V
account	खाता; विवरण	N
account	कुछहोनेकीआशंका; मानना; निश्चितमात्रामेंहोना	VT
accountable	उत्तरदायी	Adj
accountability	जवाबदेही	N
accountancy	लेखाकर्म	N
accountant	लेखाकार	N
accoutrement	साज-सज्जा	N
accredit	प्रत्यायितकरना; श्रेयदेना	VT
accreditation	प्रत्यायन; मान्यता	N
accretion	अभिवृद्धि	N
accrue	बढ़ना; इकठ्ठाहोना	V
accumulate	संचयकरना	VT
accumulation	संचयन	N
accumulative	संचयी	Adj
accuracy	शुद्धता; यथार्थता	N
accurate	सही	Adj
accurately	सहीढंगसे	Adv
accursed	घृणित	Adj
accusation	अभियोग	N
accusative	कर्मकारक	N
accuse	दोषलगाना	VT
accusatory	अभियोगात्मक	Adj
accused	अभियुक्त	N
accuser	दोषलगानेवाला	N
accusing	दोषलगातेहुए	Adj
accusingly	आरोपलगातेहुए	Adv
accustom	अभ्यस्तहोना	VT
accustomed	अभ्यस्त	Adj
ace	इक्का{ताशका); कुशल; {टेनिसमें)सर्विसजोप्रतिद्वन्दीनहींखेलपाता	N
ace	बहुतअच्छा	Adj
acerbic	तीखा{स्वभाव)	Adj
acerbity	कठोरपन	N
acetate	एसीटेट	N
acetic	खटासभरा	Adj
acetic-acid	सिरकाअम्ल	N
acetylene	एसीटिलीन{गैस)	N
ache	पीड़ा	N
ache	दर्दकरना	V
achieve	पूराकरना	VT
achievable	प्राप्तव्य	Adj
achievement	उपलब्धि	N
acidic	अम्लीय; खट्टा	Adj
acid	तेजाब; अम्ल	N
acidify	अम्लकरना	V
acidity	अम्लता	N
acidulous	अम्लवत्; स्वभावमेंतीखा	Adj
acknowledge	स्वीकारकरना	V
acknowledgment	स्वीकृति	N
acme	पराकाष्ठा	N
acne	मुँहासा	N
acolyte	पादरीकासहायक	N
aconite	बछनाग	N
acorn	शाहबलूतकाफलयाबीज	N
acoustic	ध्वनिसंबंधी	Adj
acoustics	ध्वनिकेलिएउत्तम	N
acquaint	अवगतकरना[कराना]	VT
acquainted	परिचित	Adj
acquaintance	परिचित; परिचय	N
acquiesce	बिनाविरोधकेस्वीकारकरना	V
acquiescence	प्रसन्नतापूर्वकअंगीकार	N
acquiescent	सहमतहोना	Adj
acquire	अर्जनकरना	VT
acquisition	अर्जन	N
acquisitive	अर्जनशील	Adj
acquit	दोषमुक्तकरना	VT
acquittal	दोषमुक्ति	N
acre	एकड़{4840वर्गगजभूमि}	N
acreage	कईवर्गभूमि	N
acrid	उग्रस्वभाव; बदबू	Adj
acrimony	कटुता{स्वभावमे}; कड़ुवापन	N
acrimonious	कटु	Adj
acrobat	नट	N
acrobatic	नटीय	Adj
acrobatics	कलाबाजी	N
acronym	संक्षिप्ति{शब्दोकेप्रथमशब्दसेबनाशब्द}	N
across	आरपार; उसपार; कोईएकदिशामें	Adv
across	सभीओर; उसपारसे; केऊपरयासामने; वहाँसेयहाँ	Prep
acrostic	अक्षरबद्धकविता	N
acrylic	एक्रिलिक{तेजाबसेबनाहुआ}	Adj
acrylic	एक्रिलिक{तेजाबसेबनाहुआएकप्रकारकारसायनिकपदार्थ}	N
act	कार्य; नाटककाअंग; अधिनियम	N
act	कामकरना; अभिनयकरना	V
acting	कार्यकारी	Adj
acting	अभिनय	N
action	क्रिया; कार्यवाही{कानूनी}	N
action	कानूनीकार्यवाहीकरनेयोग्य	Adj
actionable	कानूनीकार्यवाहीकरनेयोग्य	Adj
activate	सक्रियकरना	V
activation	उत्प्रेरण	N
activator	उत्प्रेरक	N
active	सक्रिय	Adj
active service	सक्रिय सेवा	N
active voice	कतृवाच्य	N
actively	सक्रियरूपसे	Adv
activity	क्रिया-कलाप	N
activeness	सक्रियता	N
activism	सक्रियतावाद	N
actor	अभिनेता	N
actress	अभिनेत्री	N
actual	वास्तविक	Adj
actually	वास्तवमें; वस्तुत:	Adv
actualist	वास्तविकतावादी	N
actuality	वास्तविकता	N
actuary	बीमांकिक	N
actuarial	बीमांकिकी	Adj
actuate	परिचालितकरना	V
acuity	तीक्ष्णता	N
acumen	कुशाग्र बुद्धि	N
acupuncture	एक्यूपंचर{चिकित्सा)	N
acute	तीक्ष्ण; कुशाग्र; विकट	Adj
acute angle	न्यूनकोण	N
acutely	तीव्रता से	Adv
acuteness	तीक्ष्णता	N
adage	कहावत	N
adagio	धीरे-धीरेएवंशोभनीय	Adj
adam	आदिपुरूष	N
adam's apple	कंठमणि	N
adamant	अडिग	Adj
adapt	अनुकूल बनाना; के लिऐ रूपांतरित करना	VT
adaptable	अनुकूलनीय	Adj
add	जोड़ना; बढाना; मिलाना	V
add on	जोड़ागया	N
addendum	परिशिष्ट	N
adder	जहरीलासाँप	N
addict	लतलगाहुआ	N
addicted	वशीभूत	Adj
addiction	लत	N
addictive	लतलगानेवालीवस्तु	Adj
addition	जोड़; जोड़ीगईवस्तु; जोड़नेकीक्रिया	N
additionally	इसकेअतिरिक्त	Adv
additional	अतिरिक्त	Adj
additive	योज्य{किसीवस्तुमेपरिवर्तनकरनेअथवाखराबहोनेसेरोकनेहेतुमिलायाजानेवालापदार्थ}	N
addled	व्याकुल	Adj
address	पता; भाषण	N
address	पतालिखना; भाषणदेना; निवेदनकरना; उपाधिदेना; वाकिफकरना[होना]	V
addressee	जिसकोपत्रलिखाजाए	N
adduce	प्रमाणदेना	V
adenoids	गिल्टी{नासिकाकेअन्दरयागलेमेंहोनेवालीगिल्टी}	N
adenoidal	गिल्टीवाला	Adj
adept	माहिर	Adj
adequate	पर्याप्त; योग्य	Adj
adequacy	पर्याप्तता	N
adequately	पर्याप्तरूपमें	Adv
adhere	पालनकरना; चिपकना	V
adherent	पालनकर्ता; अनुचर	N
adherence	अवलम्बन	N
adhesion	लगाव; अवलम्ब	N
adhesive	चिपचिपा	Adj
adhesive	चिपकानेवालापदार्थ	N
ad hoc	तदर्थ	Adj
ad hoc	अनौपचारिकरूपसे{बिनाकिसीयोजनाके}	Adv
adieu	नमस्कार{जातेसमय}	Interj
ad infinitum	बिनाअन्तके	Adv
adjacent	पार्श्वस्थ	Adj
adjective	विशेषण	N
adjectival	विशेषणीय	Adj
adjectivally	विशेषणकेरुपमेप्रयोगकियाहुआ	Adv
adjoin	संयुक्तहोना[करना]	V
adjourn	स्थगितकरना; कुछसमयकेलिएरोकना; स्थानांतरितकरना[होना]	V
adjournment	स्थगन{कुछकालकेलिएकार्यक्रमस्थगितकरना	N
adjudge	निर्णयकरना[देना]	V
adjudicate	मुकदमेकानिर्णयकरना; न्यायाधीशबनना	V
adjudication	न्यायनिर्णयन	N
adjudicator	निर्णायक	N
adjunct	जोड़ाहुआ{परगौण}	N
adjure	शपथदिलाकरपूछना	V
adjust	अनुकूलबनाना; व्यवस्थितकरना; बराबरकरना	V
adjustable	समायोज्य	Adj
adjustment	सुधार; समायोजन	N
adjutant	सहायकसैनिकअधिकारी	N
ad lib	बिनातैयारीके	Adj
ad lib	बिनातैयारीकेबोलना[अभिनयकरना]	V
adman	विज्ञापनबनानेवाला	N
admin	शासन	N
administer	प्रबन्धकरना; प्रशासनकरना; प्रभावमेंलाना; देना	V
administration	प्रशासन	N
administrative	प्रशासनिक; शासनसम्बन्धित	Adj
administratively	प्रशासनिकरूपसे	Adv
administrator	शासक	N
admirable	प्रशंसनीय	Adj
admirably	उत्तमरीतिसे	Adv
admiral	एडमिरल{समुद्रीसेनाकानायक; समुद्रीसेनापति}	N
admiralty	नौसेनाविभाग	N
admiration	प्रशंसा	N
admire	प्रशंसाकरना	V
admirer	प्रशंसक; प्रेमकरनेवाला	N
admiring	प्रशंसायुक्त	Adj
admiringly	प्रशंसापूर्वक	Adv
admissible	स्वीकारकरनेयोग्य	Adj
admissibility	स्वीकृतता	N
admission	प्रवेश; स्वीकृति	N
admit	स्वीकारकरना; प्रवेशदेना; भर्तीकरना	V
admittedly	स्वीकारकरतेहुए	Adv
admittance	प्रवेशकीआज्ञा	N
admonish	साधारणचेतावनीदेना; गम्भीरतासेसलाहदेना	V
admonishment	चेतावनी	N
admonition	चेतावनी	N
admonitory	चेतावनीदेनेवाला	Adj
adobe	ईट	N
adolescence	किशोरावस्था	N
adolescent	किशोरकालीन	Adj
adopt	गोदलेना; ग्रहणकरना; स्वीकारकरना; मानना	V
adoption	गोदलेना; स्वीकारकरना[होना]	N
adoptive	दत्तक	Adj
adorable	प्यारा	Adj
adore	आराधनाकरना; बहुतपसन्दकरना	V
adoration	आराधना	N
adoring	प्यारभरा	Adj
adorn	सजाना	V
adornment	अलंकरण	N
adrenal	अधिवृक्क	Adj
adrenalin	अधिवृक्कग्रंथि	N
adrift	तैरताहुआ; डावाँडोल	Adj
adroit	निपुण	Adj
adroitly	कुशलतासे	Adv
adroitness	कुशलता	N
adulation	चापलूसी	N
adulatory	चापलूसीपूर्ण	Adj
adult	बालिग	N
adult	वयस्क	Adj
adulthood	यौवनावस्था	N
adulterate	मिलावटकर	V
adultery	व्यभिचार	N
adulterer	व्यभिचारी	N
adulteress	व्यभिचारिणी	N
adulterous	व्यभिचारी	Adj
adumbrate	अस्पष्टरूपसेसमझाना; पूर्वसूचनादेना	V
advance	फैलाव; विकास{दीर्घकालीनग; प्रगति; अग्रिमराशि; बढ़त; दोस्ती; प्यारजतानेकीकोशिश; पहलेही; अग्रगामी	N
advance	पूर्व	Adj
advance	आगेबढ़ना[बढाना]; प्रगतिकरना; अग्रिमराशिदेना; विचारयासुझावदेना; निश्चितसमयसेपूर्वकरना	V
advanced	उन्नत; उच्चश्रेणीके; नया; अभीतकसामान्यरुपसेस्वीकृतिनामिलाहुआ; बढ़ाहुआ	Adj
advancement	उन्नति	N
advantage	बढ़त; फायदा; भलाई; एडवांटेज{टैनिसकेकेलमेंड्युसउपरांतअर्जितपहलाप्वाइंट}; पूरालाभउठाना; गलतफायदाउठाना	N
advantage	पूराफायदाउठाना	V
advantageous	फायदेमन्द	Adj
advent	आगमन; क्रिसमसकेपहलेकेदिन{चारइतवारसहित}	N
adventitious	आकस्मिक	Adj
adventure	जोखिमभराअनुभव	N
adventurer	साहसीयोद्धा	N
adventurous	साहसिक	Adj
adventure playground	मैदान	N
adverb	क्रियाविशेषण	N
adversary	विरोधी	N
adverse	प्रतिकूल	Adj
adversity	कठिनाई	N
advert	विज्ञापन	N
advertise	विज्ञापनदेना	V
advertisement	विज्ञापन	N
advertiser	विज्ञापनदेनेवाला	N
advertising	विज्ञापनकीप्रणाली	N
advice	सलाह; उपदेश	N
advisable	उचित; योग्य	Adj
advise	सलाहदेना; सूचितकरना	V
advisedly	विचारकरके	Adv
adviser	सलाहकार	N
advisory	सलाहकारी	Adj
advocacy	वकालत	N
advocate	वकालतकरना	V
advocate	वकील	N
adze	हसूला; कुल्हाड़ी	N
aegis	संरक्षण	N
aeon(also eon)	युग; कल्प	N
aerate	हवाभरना	V
aeration	हवाभरना	N
aerial	एरियल{रेडियोसंकेतपकड़नेवालायंत्र}	N
aerial	आकाशीय; विमानसे; हवामेंसेकियागया; हवाई	Adj
aero	वायु	Comb form
aerobatics	हवाईकलाबाजी	N
aerobatic	हवाईकलाबाज़ीवाला	Adj
aerobics	व्यायाम	N
aerodrome	हवाईअड्डा	N
aerodynamics	वायुगतिकी	N
aerogramme	बेतारपत्र	N
aeronautics	विमानविद्या	N
aeronautic	वैमानिक	Adj
aeronautical	वैमानिकी	Adj
aeroplane	वायुमान; हवाईजहाज	N
aerosol	एयरोसोल{डिब्बाजिसमेंकोईद्रवभराहोऔरबटनदबातेहीवहद्रवहल्कीफुवारकेरुपमेंजोरसेबाहरनिकलताहै}	N
aerospace	विमाननिर्माणतकनीक	N
aesthete	सौंदर्यप्रेमी	N
aesthetic	सौंदर्यपरख; सौंदर्यप्रेमी; सुरुचिपूर्ण	Adj
aesthetics	सौंदर्यशास्त्र	N
afar	दूरसे; दूरपर	Adv
affable	मिलनसार; सुशील	Adj
affability	सुशीलता; मिलनसारी	N
affably	सुशीलतासे; मिलनसारीसे	Adv
affair	कारोबार; व्यापार; प्रेमसम्बन्ध; घटनाक्रम	N
affaire de coeur	दिलकामामला	IDM
affect	प्रभावडालना; बहानाकरना	V
affecting	प्रभावपूर्ण	Adj
affected	बनावटी	Adj
affectation	बनावटीबर्ताव	N
affection	स्नेह	N
affectionate	स्नेही	Adj
affectionately	स्नेहसे	Adv
affidavit	शपथ-पत्र	N
affiliate	सहबद्धकरना{किसीछोटीसंस्थाकोबड़ीसंस्थासे}	V
affiliate	शाखा	N
affiliation	सहबद्धता	N
affinity	सम्बन्ध	N
affirm	प्रमाणितकरना; दृढ़तापुर्वककहना	V
affirmation	अभिपुष्टि	N
affirmative	स्वीकारात्मक	Adj
affirmatively	स्वीकारात्मकरूपसे	Adv
affix	संयुक्तकरना; जोड़ना	V
affix	प्रत्यय	N
afflict	त्रस्तहोना[करना]	V
afflicted	संतप्त	Adj
affliction	मुसीबत; रोग	N
affluence	समृद्धि	N
affluent	समृद्ध; धनी	Adj
afford	वहनकरपाना; जुटापाना{धन}	V
afforest	जंगललगाना	V
afforestation	वनरोपण	N
affray	दंगा	N
affront	अपमान	N
affront	अपमानितकरना	V
affronted	अपमानित	Adj
afghan	अफगानवासी; अफगानिस्तानीभाषा	N
afghan hound	लंम्बेबालोवालाकुत्ता	N
afield	दूर{घरसे}	Adv
aflame	प्रज्वलित	Adj
afloat	तैरताहुआ; बहताहुआ	Adj
afoot	ज़ारी	Adj
aforementioned	पूर्वोकपै	Adj
afraid	डराहुआ; भयभीत	Adj
afresh	नएसिरेसे	Adj
african	अफ्ररीकीलोग	N
african	अफ्रीकी	Adj
afrikaans	अफ्रीकीभाषा	N
afro	घुघँरालेबाल	Adj
aft	जहाज़केपिछलेभागकेपास	Adv
after	बादमें; पीछे	Adv
after	केबाद; कीओर; केबारेमें; केअनुसरणपर	Prep
after	बादका	Adj
after-care	बादकीदेखभाल	N
after-effect	पश्चप्रभाव	N
after-taste	केबादकाज़ायका	N
afterbirth	जेर; खेड़ी	N
afterglow	लाला{सूर्यास्तकेबादकी}	N
afterlife	पुनर्जन्म; मृत्युकेबादकाजीवन	N
aftermath	परिणाम	N
afternoon	तीसरापहर	N
afters	खानेकेबादखायेजानेवालाफलमिठाई	N
aftershave	आफ्टरशेवलोशन	N
afterthought	उत्तरचिंतन	N
afterwards	तत्पश्चात	Adv
again	फिरसे; एकबारफिर; दुबारा; पुन:; लेकिनफिर	Adv
against	केविरुद्ध; केसहारे; सेअलग	Prep
agape	मुँहबाए{आश्चर्यसेमुँहखोलेहुए}	Adj
agate	सुलेमानीपत्थर	N
age	वय; उम्र; लम्बासमय; युग; युगों	N
age	उम्रबढ़ना; बड़ाहोजाना; पुरानाहोना	V
aged	वृद्ध	Adj
ageism	वृद्धोंकेप्रतिअनुचितव्यवहार	N
agency	संस्था {कर्तृत्व}	N
agenda	करनेवालीकार्यवाही	N
agent	प्रतिनिधि	N
agent provocateur	प्रतिनिधि{जो गलत कार्य करने वाले को	N
agglomeration	समूह {ढेर}	N
aggrandizement	शक्तिअथवापदवीबढाना	N
aggravate	उत्तेजितकरना; क्रोधितकरना	VT
aggravating	उत्तेजक	Adj
aggravation	उत्तेजना	N
aggregate	कुल	Adj
aggregate	पूर्णयोग	N
aggression	आक्रमण	N
aggressor	आक्रमणकर्ता	N
aggrieve	दुखदेना	VT
aggrieved	व्यथित	Adj
aggro	कठिनाई; हिंसात्मकबर्ताव	N
aghast	हक्काबक्का	Adj
agile	फुर्तीला	Adj
agitate	हलचलमचाना	VT
agitation	आन्दोलन{बैचेनी}	N
ago	पहले{बीताहुआ}	Adv
agog	उत्सुक	Adv
agonize	अत्यन्तपीड़ितहोना	VI
agonize	दुःखदेना	VT
agonizing	बहुतदुखी	Adj
agonizingly	बहुतअधिक	Adv
agony	व्यथा	N
agony aunt	सलाहकार{व्यक्तिगतसमस्याओंकेपत्रादिमेंहलदेनेवाला}	N
agony column	सलाहकारकालम{समाचार पत्र का वह स्थान जिसमे व्यक्तिगत समस्याओ के लिए सलाह दी जाती है}	N
agoraphobia	भीड़ से डर लगना	N
agoraphobic	भीड़ के डर से पीडित व्यक्ति	Adj
agrarian	भूमिविषयक	Adj
agree	सहमतहोना	VI
agreeable	रुचिकर; सहमत	Adj
agreeably	सहमतिसे	Adv
agreement	राज़ीनामा; सहमति; अन्विति{व्याकरण में संख्या; लिंग या वचन में समानता}	N
agricultural	कृषीसम्बन्धी	Adj
agriculture	खेती{कृषि}	N
agronomy	कृषिशास्त्र	N
agronomist	कृषिशास्त्री	N
aground	भूग्रस्त	Adv
ah	विस्मय	Interj
aha	आहा	Interj
ahem	अहाँ!{आश्चर्ययाअविश्वाससूचकअव्ययजोलेखनमेंप्रयोगकियाजाता है}	Interj
ahead	आगे	Adv
aid	मदद; साधन	N
aid	मददकरना	VT
aide	सहायक	N
aide-de-camp	संदेशवाहक	N
aids	एड्स{बीमारी}	N
ail	कष्ट देना{दु:ख देना}	V
ailing	रोगी{बीमार}	Adj
aileron	सहपक्ष{हवाई जहाज के पीछे की पतवार}	N
ailment	बीमारी	N
aim	लक्ष्य	N
aim	लक्षितकरना; निशानाबनाना	V
aimless	लक्ष्यरहित	Adj
ain't	नही है[हैं]	Abbr:am/is/are not
air	वायु; हवाईजहाज; रंग-ढंग	N
air-bed	हवा भरा गद्दा	N
air-brake	वायु रोक{हवा खीचकर पहियो को रोकने का साधन}	N
air chief marshal	एअरचीफ़मार्शल{वायुसेनाकाबहुतउच्चअधिकारी}	N
air commodore	एअरकौमोडोर{वायुसेनाकाउच्चअधिकारी}	N
air-conditioning	वातानुकूलन	N
air-conditioned	वातानुकूलित	Adj
air-cooled	वायु-शीतित	Adj
air hostess	विमान परिचारिका	N
air force	वायु सेना	N
air letter	हवाई पत्र	N
airpocket	हवाई गर्त्त{हवाई पाँकेट}	N
air pump	वायु पम्प	N
air raid	हवाई हमला	N
air rifle	एकप्रकारकीबन्दूक	N
air-sea rescue	वायु मार्ग द्वारा समुद्र के व्यक्तियो को बचाना	N
air speed	वायुयानकीगति	N
air terminal	एअर टर्मिनल	N
air-to-air	हवाई-से-हवाई	Adj
aircraft	वायुयान	N
air vice marshal	एअर वाइस मार्शल{वायुसेनाकाउच्चअधिकारी}	N
air	हवा देना; व्यक्तकरना	VT
airing cupboard	कपडो को हवा देने वाली अलमारी	N
airs	अकड़	N
airbase	हवाई अड्डा	N
airborne	वायुवाहित	Adj
airbrush	पुताई गन	N
airbus	एअर बस{एकप्रकारकाहवाईजहाज}	N
aircraft carrier	जहाज़{हवाई जहाज को ले जाने वाला}	N
aircraftman	एयरक्राफ्टमैन{वायुसेनामेंएकपद}	N
aircraftwoman	एयरक्राफ्टवुमैन{वायुसेनामेंएकपद}	N
airfield	हवाई क्षेत्र	N
airgun	हवाईबन्दूक	N
airless	घुटन भरा	Adj
airlift	हवाई जहाज द्वारा मदद करना	N
airlift	हवाई जहाज द्वारा लोगो या सामानों को लाना-लेजाना	V
airline	हवाई कंपनी	N
airlock	वायुबन्ध	N
airmail	हवाई डाक	N
airman	वायुसैनिक	N
airplane	हवाई जहाज	N
airport	विमानपत्तन	N
airship	हवाई पोत	N
airsick	हवाई सफर से बीमार	Adj
airsickness	हवाई सफर से हुई बीमारी	N
airspace	हवाई क्षेत्र	N
airstrip	हवाई पट्टी	N
airtight	वायु रोधक	Adj
airway	वायु मार्ग	N
airwoman	वायुसैनिक{स्त्री.}जो अफसर पद से नीचे हो	N
airworthy	उडने योग्य	Adj
airworthiness	उडने-योग्य	N
airy	हवादार	Adj
airily	बेपरवाहीसे	Adv
airy-fairy	अव्यवहारिक	Adv
aisle	गलियारा; रास्ता	N
ajar	अधखुला	Adv
akin	सदृश	Adj
akimbo	कमर पर हाथ रखे हुए	Adv
aka	ऐसा भी जाना जाता है	Abbr:also known as
a la	की शैली में	Prep
alabaster	खडिया मिट्टी	N
a la carte	व्यंजन सूची से	Adj
alacrity	तत्परता	N
a la mode	फैशन प्रिय	Adj
alarm	खतरे का संकेत; संकट-घंटी	N
alarmed	भयभीत; सतर्क	Adj
alarming	भयप्रद	Adj
alarmingly	खतरनाकढंगसे	Adv
alarmist	भयप्रसारक	N
a'larm clock	अलार्म घडी	N
alas	ओह{हाय}	Interj
albataross	एक बडीँ समुद्री चिड़िया; मुसीबत{वह चीज जो हमेशा कष्ट एवं बाधा उत्पन्न करती है}	N
albeit	यद्यपि	Conj
albino	एलबीनो{रंजकहीनव्यक्ति}	N
album	एलबम; संग्रहपुस्तक	N
albumen	अण्डे का सफेदांश	N
alchemy	कीमिया{रसायन विद्या से सम्बंधित}	N
alchemist	कीमियागर	N
alcohol	मद्यसार{अलकोहल}	N
alcoholic	शराबी	Adj
alcoholism	मदात्यय	N
alcove	आला{कुँज}	N
alder	एक प्रकार का वृक्ष	N
alderman	पौर मुख्य	N
ale	शराब{जौ की बनी}	N
alehouse	शराब की दुकान	N
alert	सतर्क	Adj
a level	उच्च स्तरीय	N
alfalfa	चारा	N
alfresco	ताजी हवा मे{खुले मे}	Adj
algae	शैवाल{समुद्र की काई}	N
algal	शैवालयुक्त	Adj
algebra	बीजगणित	N
algorithm	गणित के सवालों को हल करने के नियमों की प्रणाली	N
alias	उपनाम	N
alibi	बहाना	N
alien	पराया	Adj
alien	अन्यदेशी	N
alienate	विमुखकरना	VT
alienation	अन्यसंक्रामण	N
alight	उज्जवल {चमकदार}	Adj
alight	नीचेआना; उतरना	V
align	पँक्तिलगाना; सम्मिलित करना	VT
alignment	संलेखन; सीध; सम्मिलित	N
alike	समानरूपसे	Adv
alike	समान	Adj
alimentary canal	आहार नली	N
alimony	परित्यक्तापत्नीकेलियेवृत्तियाजीविका	N
alive	जीवित; फुर्तीला; के विषय में सचेत	Adj
alkali	क्षार{खट्टापन हटाने का पदार्थ}	N
alkaline	क्षारीय{क्षार के गुण वाला}	Adj
alkaloid	क्षाराभ{वनस्पतियो का मूल तत्व}	N
all	सारा	Adj
all	पूर्ण रुप से	Adv
all	सबकुछ	N
all-round	चौतरफा	Adj
all-clear	सब ठीक है का संकेत	N
all-embracing	सबकोमिलाकर	Adj
all-in	कुल	Adj
all out	भरसक	Adj
all-purpose	बहु प्रयोजन	Adj
all-star	जिसमें बहुत सारे प्रख्यात अभिनेता; अभिनेत्रियाँ हो	Adj
allah	अल्लाह	N
allay	दबाना{शांत कर देना}	VT
allegation	आरोप	N
allege	बिनासबूतकेआरोपलगाना	V
alleged	आरोपित{कथित}	Adj
allegedly	कथितरूपसे	Adv
allegiance	निष्ठा {राजभक्ति}	N
allegory	रूपक-कथा	N
allegorical	रूपकसम्बन्धी	Adj
allegro	{संगीतसेसंबंधित}त्वरितगति	Adj
allegro	द्रुत	N
alleluia	प्रार्थना {ईसाई धर्म का}	N
allergy	एलर्जी{प्रत्यूर्जता}	N
allergic	एलर्जीसेसम्बन्धित{पीडित}	Adj
alleviate	कमकरना	V
alleviation	उपशम	N
alley	पगडण्डी; वीथिका	N
all-fired	अत्यधिक	Adj
alliance	संगठन{संबंध}	N
allied	सहबध्द	Adj
alligator	मगरमच्छ; मगरमछ की चमडी	N
alliteration	अनुप्रास अलंकार	N
allocate	निर्धारित करना; बाँटना	VT
allocation	निर्धारण	N
allot	देना{बाँटना}	V
allotment	आबंटन	N
allow	अनुमतिदेना; आज्ञादेना; स्वीकारकरना; मानलेना	VT
allowable	अनुज्ञेय	Adj
allowance	भत्ता	N
alloy	मिश्रधातु	N
alloy	मिलाना	V
allspice	मसाला जो सूखे सरसफल से बनाया जाता है	N
allude	संकेतकरना	VT
allure	लुभाना	VT
allure	माया	N
alluring	मोहक	Adj
allusion	संकेत	N
ally	मित्र; सहबद्ध	N
ally	समबद्धकरना	VT
alma mater	जहाँ शिक्षा पाई वह संस्था	N
almanac	कालदर्शक; पंचांग	N
almighty	सर्वशक्तिमान	Adj
the almighty	भगवान	N
almond	बादाम	N
almoner	दानाध्यक्ष	N
almost	लगभग; अधिकतर	Adv
alms	दान	N
almshouse	दानशाला	N
aloft	ऊँचा	Adv
alone	अकेला	Adv
along	बराबरबराबर	Prep
along	आगेबढना	Adv
alongside	बगलमें	Prep
along with	के_साथ	IDM
aloof	अलग; दूर	Adj
aloofness	दूरी	N
aloud	ज़ोरसे	Adv
alpaca	भेडकीनस्लकापशु	N
alpha	यूनानीवर्णमालाकाप्रथमअक्षर	N
alphabet	वर्णमाला	N
alphabetical	वर्णमालानुसार	Adj
alphabetically	वर्णमालाकेक्रमसे	Adv
alpine	यूरोपकापर्वतीयक्षेत्र	Adj
alpine	पेडजोपर्वतीयक्षेत्रमेंपायेजातेहैं	N
already	पहलेसे	Adv
alright	बिल्कुल सही	Adv
alsatian	एकप्रकारकाकुत्ता	N
also	भी	Adv
also-ran	सामान्यप्रदर्शनकरनेवाला	N
altar	वेदी{टेबल जिसपर भगवान पर चढ़ाने वाली सामग्रियाँ रखी जाती है}	N
alter	बदलजाना	V
alteration	परिवर्तन	N
altercation	कहासुनी	N
alter ego	अन्तरंगमित्र	N
alternate	एकान्तरत:	Adj
alternate	बारी-बारीसेकरना	V
alternation	प्रत्यावर्तन	N
alternately	बारी-बारी से	Adv
alternator	प्रत्यावर्ति	N
alternative	विकल्प	N
alternative	वैकल्पिक	Adj
alternating current	प्रत्यावर्ति धारा	N
alternatively	विकल्पत:	Adv
alternative energy	वैकल्पिक ऊर्जा{पानी; सूर्य-प्रकाश से ली जानेवाली ऊर्जा जो धरती के प्राकृतिक साधन को नष्ट नहीं करती}	N
alternative medicine	वैकल्पिक चिकित्सा	N
although	यद्यपि	Conj
altimeter	ऊँचाई नापने का एक यंत्र	N
altitude	ऊँचाई	N
alto	गायन में ऊँचा आलाप	N
alto	जिसमें दूसरा उच्चतम स्वर हो{वाद्य संबंधित}	Adj
altogether	पूर्णरुप से; कुल मिलाकर	Adv
altruism	परोपकारिता	N
altruistic	परोपकारी	Adj
alum	फिटकरी	N
aluminium	अलमुनियम	N
alumna	स्नातिका; छात्रा	N
alumnus	स्नातक; छात्र	N
alveolar	वर्त्स्य	Adj
always	हमेशा?	Adv
alzheimer's disease	मानसिक बीमारी{जिसमें व्यक्ति की यादाश्त एवं बोलने की शक्ति चली जाती है}	N
am	हूँ	AuxV
am	दोपहरसेपहलेकासमय	Abbr:morning before midday
amalgam	मिश्रण; पारदमिश्रण	N
amalgamate	मिलजाना	V
amalgamation	मेल	N
amass	संचितकरना	VT
amateur	अव्यवसायी	N
amateurish	अप्रवीण	Adj
amaze	चकित करना	V
amazed	अचम्भित	Adj
amazement	अचम्भा	N
amazing	आश्चर्यजनक	Adj
ambassador	राजदूत; दूत	N
amber	अम्बर{तैणमणि}; लालरंग	N
ambience	वातावरण	N
ambient	चारोओरसेघेरनेवाला; व्यापक	Adj
ambiguity	द्वयर्थ; संशयात्मकस्थिति	N
ambiguous	द्वयार्थी	Adj
ambition	महत्वाकांक्षा	N
ambitious	महत्वाकांक्षी	Adj
ambivalent	मिलेजुलेभाववाला	Adj
amble	टहलना	VI
ambulance	अस्पतालगाड़ी	N
ambush	घात	N
ambush	घातलगाना	V
ameliorate	सुधारना	V
amen	तथास्तु; ऐसाहीहो	Adv
amenable	जवाबदेही; आज्ञाकारी; वश्य	Adj
amend	संशोधनकरना	VT
amendment	संशोधन; शुद्धता	N
amenity	सुख-सुविधा; मनोहरता	N
american	अमरीकी	Adj
american	अमरीका वासी	N
americana	अमरीकी वस्तुएँ	N
americanism	अमरीकी मुहावरा	N
americanize -ise	अमरीकी जैसा बनना	V
american football	अमरीकी रगबी	N
american indian	स्थानीय अमरीकी	N
amerindian	आदिवासी	N
amethyst	जामुनी मणी	N
amiable	मिलनसार	Adj
amiability	सौम्यता	N
amicable	मित्रवत्	Adj
amid	बीचमें ही	Prep
amidships	जहाज के मध्य में	Adv
amino acid	एमिनो रसायन	N
amiss	गलत	Adj
amiss	गलत	Adv
amity	मित्रता	N
ammo	कारतूस	N
ammonia	अमोनिया{रंग रहित तीव्र गंध वाली गैस}	N
ammunition	युद्ध उपकरण; लड़ाईकासामान	N
amnesia	याददाश्त खो जाना; विस्मरण	N
amnesty	सर्वक्षमा	N
amniocentesis	गर्भवती महिला के गर्भाशय की जाँच	N
amoeba	अमीबा; सूक्ष्म जीवाणु	N
amok	पागलकीतरह	Adv
among	में; मध्य में	Prep
amoral	दुराचारी; अधर्मी	Adj
amorous	कामी{रसिक}	Adj
amorphous	अनाकार	Adj
amortize	किस्तो में ऋण चुकाना	V
amount	केबराबरहोना	V
amount	रक़म; कुछ हद तक	N
amour	गुप्तप्रेमयानाजायजप्रेम	N
amour propre	स्वाभिमान	N
amp	बिजली की धारा की माप	N
ampersand	और का चिह्न{&}	N
amphetamine	उत्तेजक दवा	N
amphibian	जल तथा स्थल में रहने वाला जन्तु; उभयचर जन्तु	N
amphibious	जल तथा स्थल पर चलने योग्य	Adj
amphitheatre	रंगभूमि; गोलाकारइमारतजिसमेंदर्शकोंकेबैठनेकीव्यवस्थाहो	N
ample	पर्याप्त रूप से; बहुतबड़ा	Adj
amply	पर्याप्तरूपसे	Adv
amplify	बढ़ाना{खासकरआवाज़}; कहानीमेंअतिरिक्तविवरणदेना	VT
amplifier	ध्वनीविस्तारक	N
amplitude	अधिकता	N
ampoule	सीरिंज	N
amputate	काटना{अंगोच्छेदनकरना}	VT
amputation	अंग-विच्छेद; अंग काटना	N
amputee	अपंग	N
amulet	ताबीज़; रक्षा यंत्र	N
amuse	मनोरंजन करना	VT
amused	खुश हुए	Adj
amusement	मन बहलाव	N
amusememt arcade	जुआ घर	N
amusement park	मनोविनोद का खुला स्थान	N
amusing	विनोदी; मनोरंजक	Adj
amusingly	मनोरंजकरूपसे	Adv
an	एक	Adj
anabolic steroid	मांसपेशियाँबड़ानेवालीदवा	N
anachronism	पुरानेसमयका	N
anaconda	अजगर से भी बहुत बड़ा साँप	N
anaemia	रक्ताभाव	N
anaemic	कमजोर; रक्ताभावसेपीड़ित	Adj
anaerobic	वात निरपेक्ष जीवाणु	Adj
anaesthesia	चेतनाशून्यता; बेहोंशी	N
anaesthetic	चेतनाशून्यता की औषधि; बेहोंशी की दवा	N
anaesthetist	चेतनाशून्य करने वाला; बेहोंश करने वाला	N
anaesthetize	चेतनाशून्य करना	V
anagram	शब्द बदलकर कर नया शब्द बनाना	N
anal	गुदा-सम्बन्धी	Adj
analgasia	दर्दनाशक; पीड़ाशून्यता	N
analgesic	दर्दनाशक औषधि	N
analogous	अनुरूप	Adj
analogues	सादृश्य; तुल्यरूप	Adj
analogy	समानता	N
analyse	विश्लेषण करना; मनोविश्लेषण	V
analysis	विश्लेषण	N
analytic	वैश्लेषिक	Adj
analyst	विश्लेषक	N
anarchy	अव्यवस्था; अराजकता	N
anarchism	राजविप्लव	N
anarchist	अराजकतावादी	N
anathema	अभिशाप	N
anatomy	शरीर रचना; चीरफाड़	N
anatomical	शारीरिक; संरचनात्मक	Adj
ancestor	पूर्वज	N
ancestral	पैतृक; बपौती	Adj
ancestry	वंश-परंपरा	N
anchor	लंगर	N
lie/ride-at-anchor	पानी में सही स्थिति में रहना	V
weighed-anchor	पानी से लंगर उठा लेना और जाने के लिए तैयार रहना; सहयोग; सहारा	V
anchor	लंगरडालना; नींव	V
anchorage	लंगरडालनेकास्थान	N
anchorite	सन्यासी	N
anchorman	संचालक	N
anchovy	नमकीन स्वाद की छोटी मछली	N
ancient	प्राचीन	Adj
ancients	प्राचीनकालीनलोग	N
ancillary	सहायक; अनुशंगिक	Adj
and	और	Conj
androgynous	उभयलिंगी	Adj
android	यंत्र-मानव	N
anecdote	किस्सा	N
anecdotal	किस्सासंबंधी	Adj
anemia	खूनकीकमी	N
anemone	छोटा पौधा {सफेद; जामुनी और लाल फूलों वाला}	N
anew	नयेप्रकारसे	Adv
angel	देवदूत	N
angelic	देवदूतकेसमान	Adj
angelica	सुगंधित और मीठा पौधा	N
anger	क्रोध	N
anger	क्रोधित करना	VT
angina	सीने का दर्द; हृदयशूल	N
angle	कोण; दृष्टिकोण	N
angle	काटे से मछली पकड़ना; इशारेसेमाँगना	V
angling	काँटालगाकर मछली पकड़ना	N
anglican	गिरजाघर के सदस्य	N
anglican	गिरजाघरसम्बन्धी	Adj
anglicize	अंग्रेजी{ढंगका}बनाना	V
anglo-american	आग्ल-अमेरीकी	N
anglo-american	इंग्लेन्ड और अमेरीका	Adj
anglo-catholic	पुराने रीति-रिवाज मानने वाले ईसाई	N
anglophile	इंग्लेन्ड और वहाँ की वस्तुओं को पसंद करने वाला व्यक्ति	N
anglophobe	इंग्लेनड ओर वहाँ की वस्तुओं को नफरत करने वाला	N
anglophone	अन्य देश में अंग्रेजी बोलने वाला	N
anglo-saxon	प्राचीन अंग्रेजी जाति का	N
angora	लम्बे बालों वाले {भेड़; बकरी और खरगोश}	N
angry	क्रोधित	Adj
angrily	क्रोध से	Adv
angst	घबराहट	N
anguish	मानसिक वेदना; कष्ट	N
anguished	मनोवेदना से भरा	Adj
angular	दुर्बल; इकहरा; कठोरअक्खड़; कोणीय	Adj
animal	पशु	N
animal	पाशविक; जंगली	Adj
animal husbandry	पशु चिकित्सा	N
animal magnetism	सम्मोहित करने की शक्ति; आकर्षण	N
animate	जीवन संचार करना; प्राण डालना	VT
animated	जोशपूर्ण	Adj
animation	जीवन्तता; चंचलता	N
animator	कार्टून फिल्म बनाने वाला दिगर्दशक	N
animosity	वैरभाव	N
animus	द्वेष; विरोध	N
anise	सौंफ	N
aniseed	सोंफ के बीज	N
ankle	टखना	N
anklet	पायल	N
annals	वर्णक्रमसेलिखाहुआइतिहास; वर्ष वृतान्त	N
annex	साथ जोडना; संलग्न करना	VT
annexation	कब्जे में करना	N
annexe	उपभवन	N
annihilate	विनाश करना; मिटाना९	VT
annihilation	विनाश; विध्वंस	N
anniversary	वर्षगाँठ	N
annotate	टिप्पणी करना; टीकाकरकेसमझाना	VT
announce	घोषणाकर	VT
announcement	घोषणा	N
announcer	उद्घोषक	N
annoy	चिढ़ाना; सताना	VT
annoyance	चिढ़	N
annual	वार्षिक	Adj
annually	वार्षिकमें	Adv
annualized	वर्षभर में एक बार	Adj
annuity	वार्षिकभत्तार	N
annul	रद्द करना; निष्फलकरना	VT
annulment	४?लोप?करना; शून्य करना	N
anodyne	नीरस; पीडा नाशक	Adj
anoint	तेललगाना	VT
anomalous	अनियमित; नियमविरुद्ध	Adj
anomaly	असंगति; नियमविरोध	N
anon	अज्ञात लेखक	Abbr:anonymous
anonymity	अज्ञात वास	N
anonymous	गुमनाम	Adj
anorak	बरसाती	N
anorexia	क्षुधा का अभाव; भोजन के लिए अरुचि	N
anorexic	भूख न लगने की बीमारी	N/Adj
another	एकऔर; दूसरा	Adj
answer	उत्तर	N
answer	उत्तरदेना	V
answerable	उत्तरदायी	Adj
ant	चींटी	N
antagonism	विरोध	N
antagonist	विरोधी	N
antagonistic	विरोधात्मक	Adj
antagonize	विरोध करना	V
antarctic	दक्षिणीध्रुवी	Adj
ante	पूर्व	Pref
anteater	?	N
antecedent	पूर्ववर्ती	N
antechamber	बाहरी दलान	N
antedate	पूर्व-दिनांकितकरना	V
antediluvian	पुराना; दकियानूसी	Adj
antelope	हिरन	N
antenatal	प्रसवपूर्वका	Adj
antenna	श्रृंगिका{कीट-पतंगों को स्पर्शज्ञान कराने वाला बाल}	N
ante-room	गलियारा	N
anthem	भजन	N
anthill	बाम्बी	N
anthology	पद्य	N
anthracite	कोयला	N
anthrax	गिलटी रोग	N
anthrop(o)-	मानव-	Comb form
anthropoid	मानवकार	Adj
anthropoid	बंदरो का समूह	N
anthropology	मानवशास्त्र; नृविज्ञान	N
anthropological	मानवशासत्रीय	Adj
anthropologist	मानवविज्ञानी	N
anthropomorphic	मानवतारोपी	N
anti	विरोधी; प्रतिरोध	N
anti- aircraft	हवामार; विमानभेदी.	Adj
antibiotic	प्रतिजीवाणु	N
antibody	रोगप्रतिकारक.	N
anticipate	पूर्वानुमान करना	N
anticipatory	पूर्वाभासी	N
anticipation	पूर्वानुमान	N
anticlimax	प्रभाव को न्यून करने वाला.	N
anticlockwise	वामावर्त{दाँये से बाँये}	N
antics	अद्भुतबर्तावजोठिठोलनेकेलिएकियाजाताहै	N
anticyclone	प्रतिचक्रवात	N
antidote	विष नाशक	N
antifreeze	हिमनिरोधी	N
antigen	प्रतिजन{चिकित्साशास्त्र}	N
anti-hero	अनायक	N
antimony	अंजन; सुरमा	N
antipathy	वैरभाव	N
antipathetic	विरोधी; प्रतिकूल	Adj
antiperspirant	दुर्गन्धनाशक	N
antiquarian	पुरातनिक{प्राचीन वस्तुओं का संग्रह एवं अध्य्यन करने वाला}	Adj
antiquary	पुराविद; पुरावेता	N
antiquated	पुराना	Adj
antique	पुराना; पुरातन	Adj
antique	पुरानीचीजे	N
antiquity	पुरावस्तु	N
anti-semite	यहूदी विरोधी	N
anti-semitic	यहूदी विरोधी भावना	Adj
antiseptic	रोगाणु रोधक	N
antisocial	असामाजिक; समाजकेनियमोंकेप्रतिकूल	Adj
anti-tank	तोपनाशक	Adj
antithesis	विपरीत	N
antler	बारहसिंगेकीसींगकीएकशाखा	N
antonym	विलोभ	N
anus	गुदा; मलदार.	N
anvil	अहरन; निहाई	N
anxiety	उत्सुकता; चिन्ता; व्याकुलता	N
anxious	चिन्तित; उत्सुक	Adj
anxiously	उद्वेग से	Adv
any	किसीभीस्थितिमें	Adv
any	कोईभी	Adj
any	कुछ; किंचित	Pron
anybody	किसीकोभी; कोईभी	Pron
anyhow	किसीप्रकारसे	Adv
anyone	कोई एक	Pron
anyplace	कोईभीस्थान	Adv
anything	कुछ भी	Pron
anyway	कैसे भी	Adv
anywhere	कहींभी	Adv
aorta	बायीं धमनी	N
apace	शीघ्रतासे	Adv
apart	पृथक	Adv
apart	पृथक	Part
apart from	अतिरिक्त	Prep
apartheid	रंग-भेद; श्वेतवाद	N
apartment	घर{बड़ीइमारतमें}	N
apathetic	उदासीन	Adj
apathy	उदासीनता	N
ape	एप{बन्दरकीजातिकाजानवर}	N
aperture	छेद	N
apex	शीर्ष{सबसेऊँचाबिन्दु}	N
aphorism	सूत्र	N
apiece	प्रत्येक	Adv
apocryphal	अप्रमाणिक	Adj
apologize	क्षमामाँगना	VT
apology	क्षमाप्रार्थना	N
apoplexy	मूर्छाकीबीमारी	N
apostasy	स्वधर्मत्याग	N
apostate	धर्मरहित	N
apostle	सुधारकनेता	N
apostrophe	अक्षरलोपयासम्बन्धकाचिह्न	N
appall	विस्मितकरदेना	V
appalling	भयंकर	Adj
appallingly	भयंकररूपसे	Adv
apparatus	उपकरण; संगठन	N
apparel	पोशाक; वेशभूषा	N
apparent	स्पष्ट	Adj
apparently	ऊपरीतौरसे; आभाससे	Adv
apparition	प्रेत	N
appeal	अपील; याचना	N
appeal	अपीलकरना; याचनाकरना; पुनर्विचारकेलियेप्रार्थनाकरना; अच्छालगना	V
appealing	आकर्षक; याचनाकरतेहुए	Adj
appealingly	याचनाकरतेहुए	Adv
appear	दिखाईपड़ना; दिखपड़ना; प्रकटहोना; प्रकाशितहोना; उपस्थितहोना; जानपड़ना	VI
appearance	प्रकटीकरण{दर्शन; दीदार}	N
appease	संतुष्टकरना	VT
appeasement	तुष्टिकरण	N
appellant	अपीलकरनेवाला; पुनन्यार्थी; पुनर्वादी	N
appellate	पुनर्विचारसम्बन्धी	Adj
appellation	पदवी; नाम; उपाधि	N
append	परिशिष्टकेरूपमेंलगाना	VT
appendage	परिशिष्ट; उपांग	N
appendectomy	उण्डुक पुच्छ विच्छेद शल्य क्रिया	N
appendix	परिशिष्ट{जोड़ीहुईवस्तु}; उण्डुपुच्छ	N
appendicitis	उण्डुपुच्छशोथ	N
appertain	सम्बन्धरखना	VI
appetite	भूख; रुचि	N
appetizer	क्षुधावर्धक; रुचिवर्धक	N
appetizing	स्वादिष्ट	Adj
applaud	तालीबजाकरप्रशंसाकरना; सराहना करना	V
applause	करतल ध्वनि{सराहना}	N
apple	सेब	N
the apple of one's eyes	आँख का तारा	IDM
in apple pie order	सफाई पूर्वक सुसज्जित	IDM
appliance	उपकरण	N
applicable	लागू होना	Adj
applicability	प्रयोज्यता	N
applicant	प्रार्थी; आवेदक	N
application	प्रार्थनापत्र; प्रयोग	N
applique	एप्लीक{रंगीन टुकडे को सीकर डिजाइन बनाना}	N
apply	लागू करना; लगाना; प्रयोग में लाना; आवेदनपत्रदेना	VI
applied	व्यावहारिक	Adj
appoint	नियुक्तकरना; नियत करना	VT
appointed	नियत	Adj
appointment	नियुक्ति; नियोजित भेंट	N
appointee	नियुक्त व्यक्ति	N
apportion	संविभाजित करना	VT
apportionment	भाग	N
apposite	उचित	Adj
appose	एककेऊपरदूसरीचीज़रखना	VT
apposition	समानाधिकरण; अतिरीक्तोक्ति	N
appraise	मूल्यांकन करना	V
appraisal	मूल्याकंन	N
appreciable	पर्याप्त	Adj
appreciably	पर्याप्त रूप से.	Adv
appreciate	सराहाजाना	VI
appreciate	सराहना; वृद्धिहोना	VT
appreciative	गुणानुरागी	Adj
appreciation	सराहना; समालोचना	N
apprehend	गिरफ्तार करना; पकड़ना	VT
apprehension	आशंका	N
apprehensive	आशंकित	Adj
apprehensively	डरपूर्वक	Adv
apprentice	अपरेंटिस{शिष्य}	N
apprenticeship	शिक्षा	N
apprentice	शिष्यबनना	V
apprise	सूचित करना	VT
approach	पहुँच; निकटता; पद्धति; प्रस्ताव	N
approach	पासआना; पहुँचना	VTI
approachable	सुगम्य; मिलनसार	Adj
approbation	मंजूरी; अनुमोदन	N
appropriate	उचित	Adj
appropriate	अनुचितरूपसेअपनाबनालेना; अलगरखना	VT
appropriately	उचितरूपसे	Adv
appropriateness	औचित्य	N
appropriation	विनियोजन	N
approval	अनुमोदन	N
on approval	स्वीकृतहोनेपर	IDM
approve	अनुमोदनकरना; पसन्दकरना	VT
approximate	लगभग	Adj
approximately	तकरीबन रूप से	Adv
approximate	समीप आना	VTI
approximation	निकटता	N
appurtenance	उपाबंध{परिशिष्ट}	N
apricot	खूबानी	N
april	अप्रेल माह	N
april fool	पहलीअप्रैलकोबनायागयामूर्ख	N
apriori	प्रागनुभव	Adj
apron	एप्रन	N
tied to one's mother's/wife's apron strings	उँगली पकड़कर चलना	IDM
apropos	अभिप्रायानुसार; सन्दर्भित	Adj
apse	अर्धवृतानुमा कक्ष	N
apt	उपयुक्त; प्रवण	Adj
aptitude	अभिक्षमता	N
aptitude-tests	योग्यतापरीक्षण	N
aqualung	स्वसन उपकरण	N
aquamarine	बेरूज	N
aquarium	मछलीघर	N
aquarius	कुम्भराशी	N
aquatic	जलचर	Adj
aqueduct	कृत्रिमजलसेतु	N
aqueous	जलीय	Adj
aquifer	जलीय चट्टानी पर्त	N
aquiline	गरूड़ीय	Adj
arab	अरब देशवासी	N
arabian	अरबी	Adj
arable	कृषियोग्य	Adj
arbiter	निर्णायक; पंच	N
arbitrage	मुनाफा{वाणिज्यिक}	N
arbitrary	मनमाना	Adj
arbitarily	मनमानेरूपसे	Adv
arbitrariness	मनमानापन	N
arbitrate	मध्यस्थता करना; पंच फैसला देना; निर्णयकरना	V
arbitration	पंच फैसला	N
arbitrator	सरपञ्च; मध्यस्थ	N
arboreal	वृक्षवासी	Adj
arboretum	वनस्पति वाटी	N
arbour	लता मंडप	N
arc	वृत्तांश	N
arcade	तोरणपथ	N
arch	मेहराब	N
arch	वक्र	Adj
arch-	प्रधान	Adj
archaeology	पुरातत्वविज्ञान	N
archaeological	पुरातत्व	Adj
archaic	पुरातन	Adj
archaism	पुरातन प्रयोग विधा	N
archangel	महानफरिश्ता	N
archbishop	प्रधानपादरी	N
archbishopric	प्रधानपादरीपद	N
archdeacon	उप-महापादरी	N
archdiocase	प्रधानपादरीक्षेत्र	N
archduke	आस्ट्रेलिया देश का राजकुमार	N
arch-enemy	महाशत्रु	N
archer	धनुर्धर	N
archery	धनुर्विद्या	N
archipelago	द्वीपसमूह	N
archetype	आधाररूप	N
archetypal	आधाररूपीय	Adj
architect	वास्तुकार	N
architecture	वास्तुकला	N
architectural	वास्तुकला संबधी	Adj
architecturally	वास्तुकला अनुसार	Adj
architrave	चौखट	N
archive	ऐतिहासिक अभिलेख	N
achivist	ऐतिहासिक अभिलेख संग्रहकर्ता	N
arch-rival	प्रमुखशत्रु	N
arch way	मेहराबदारपथ	N
archives	लेखागार	N
arctic	उत्तरीध्रुवी	Adj
ardent	उत्कट	Adj
ardently	उत्कटतासे	N
ardour	जोश	N
arduous	श्रमसाध्य	Adj
area	आयाम; क्षेत्र	N
area-code	क्षेत्रीयकोड	N
arena	रंगभूमि	N
aren't	नहींहैं	Vneg
argon	अरगौन{एक प्रकार का रसायन}	N
argot	वर्ग बोली	N
argue	बहस करना; प्रमाणितकरना	V
arguable	आलोच्य; तर्कयोग्य	Adj
argument	बहस; तर्क; दलील; विषय	N
argumentative	विवादप्रिय; तार्किक	Adj
argy-bargy	लड़ाईझगड़ा	N
aria	गीत{एकव्यक्तिकेगानेकेलिये}	N
-arian	-मेंविश्वासरखनेवाला	Suffix
arid	शुष्क	Adj
aries	मेषराशि	N
aright	सही	Adv
arise	उठना; खड़ाहोना	VI
aristocracy	अभिजातवर्ग	N
aristocrat	अभिजातवर्गकाव्यक्ति	N
arithmetic	अंकगणित	N
ark	बड़ाजहाज	N
arm	बाँह; शाखा; हत्था	N
arm	शस्त्रयुक्तकरना	VT
armada	जहाज़ोंकाबेड़ा	N
armadillo	आर्माडिलो	N
armageddon	अन्तिमयुद्ध{बाइबिल}	N
armament	हथियार; शस्त्रधारीसेना; हथियारलेसकरना	N
armband	बाजूबन्द	N
armchair	आरामकुर्सी	N
armchair	अनुभवहीन	Adj
armful	भुजाभर	N
armhole	कपड़ेकीबाँह	N
armistice	युद्धविराम	N
armlet	बाजूबन्द	N
armour	कवच; ढाल; सेना	N
armoured	कवचवाला; कवचितवाहन	Adj
armourer	शस्त्रसाज़ी	N
armoury	शस्त्रागार; सेनामुख्यालय; शस्त्रालय	N
armourplated	कवचित	Adj
armpit	बगल	N
arms	अस्त्रशस्त्र	N
arms-race	हथियारोंकीहोड़	N
army	सेना	N
aroma	मीठीसुगन्ध	N
aromatic	सुरभित; सुगन्धित	Adj
aromatherapy	सुगन्धोंसेउपचार	N
around	लगभग; चारोओर; घेरेवाला	Adv
around	हरओर; इधरउधर; कुछनहींकरतेहुए; मौजूदहोना; आसपास; पीछेकीओर	Part
around	इधरउधर; चारोंओर; आसपास; मोड़पर	Prep
arouse	जगाना; उत्तेजितकरना; वासनाजगाना	VT
arpeggio	स्वरोंकीझंकार	N
arraign	दोषीठहराना{न्यायकर्त्ताकेसामनेअपराधीकोउपस्थितकरना}	V
arrange	प्रबन्धकरना; क्रमसेलगाना	VT
arrangement	प्रबन्ध; क्रमसेस्थापन; समझौता	N
array	व्यवस्था; सज्जा	N
array	सजाना; वस्त्रपहनाना	VT
arrears	बकाया; शेष	N
arrest	गिरफ्तारकरना; पकड़ना; रोकना; आकर्षितकरना	VT
arrest	गिरफ्तारी; अवरोध	N
arrival	आगमन; आगन्तुक	N
arrive	पहुँचना; आ_जाना	VT
arrogance	अहंकार; दर्प; घमण्ड; अभिमान; गर्व; मद	N
arrogant	अहंकारी; घमण्डी; अभिमानी	Adj
arrow	तीर; बाण; शर; ‘-->' चिह्न	N
arrowhead	तीरकाफल	N
arsenal	शस्त्रागार	N
arsenic	संखिया; हरताल	N
arson	आगज़नी	N
art	कला; कौशल	N
art form	कला	N
artefact	प्राचीनकलाकृति	N
artery	धमनी; रक्तवाहिनी	N
artful	चालाक; कुशलतापूर्वक	Adj
arthritis	गठियारोग	N
artichoke	हाथीचाक{एकप्रकारकाकन्द}	N
article	वस्तु; चीज़; दफ़ा; धारा; लेख; निबन्ध; {एकशब्दवर्ग}	N
articulate	स्पष्ट	Adj
articulate	साफ़बोलना; जोड़ना	V
articulated	जुड़ाहुआ{गाड़ीकेप्रसंगमें}	Adj
articulation	उच्चारण	N
artifice	चालाकी	N
artificer	शिल्पकार	N
artificial	कृत्रिम	Adj
artillery	तोपची सैनिक; तोपखाना	N
artisan	शिल्पी; शिल्पकार; कारीगर	N
artist	कलाकार; चित्रकार	N
artiste	गायक; गायिका; नर्तकी	N
artistic	कलात्मक; कला प्रेमी	Adj
artistry	कला -कौशल	N
artless	बेढंगा	Adj
as	जैसा	Conj
as	के समान; केरूपमें	Prep
ascend	चढ़ना; बढ़ना	V
ascendancy	प्रभुत्व; प्रभुता	N
ascendant	उदीयमान	N
ascension	चढ़ाव; उत्थान	N
ascent	चढ़ाई; आरोहण	N
ascertain	जाँचकरपतालगाना	VT
ascetic	तपस्वी; योगी	N
ascribe	आरोपण करना; उत्तरदायी ठहराना; कारणमानना	VT
ascription	आरोपण	N
asepesis	रोगाणुरहित	Adj
asexual	अलैंगिक	Adj
ash	राख; अंगू{एकप्रकारकापेड़}	N
ashamed	लज्जित	Adj
ashen	पीला; विवर्ण	Adj
ashes	राख; चिता भस्म; मरे हुए शरीर का भस्मावशेष	N
ashore	तट पर	Adv
ashram	प्रार्थनास्थल	N
ashtray	राख दानी	N
ashy	धूसर	Adj
asian	एशियाका	N
asiatic	एशियासंबंधी	Adj
aside	रद्द करना; अलगरखना	Adv
aside	स्वगतउक्ति	N
asinine	बहुतमूर्खतापूर्ण	Adj
ask	पूछना; माँगना; निमंत्रण देना	VTI
askance	संदेह से	Adj
askew	टेढा; तिरछा	Adj
asleep	सोताहुआ	Adj
asp	विषैला साँप	N
asparagus	एकप्रकारकासाग	N
aspect	पहलू	N
aspen	एकप्रकारकावृक्ष	N
asperity	चिडचिडापन; कठोरता; कटुता	N
aspersions	अपवाद	N
asphalt	डामर	N
asphalt	डामरडालना	V
asphyxia	श्वासावरोध	N
aspirant	महत्वाकाक्षी; उच्चाकाक्षी	N
aspirant	प्रार्थी; उम्मीदवार	Adj
aspirate	‘ह'ध्वनीसेउच्चारणकरना	N
aspiration	अभिलाषा; चाह	N
aspire	चाहना	VT
aspirin	एसपिरिन{पीड़ा-नाशकएकदवाई}	N
ass	गधा	N
assail	बौछारहोना[करना]; टूट पडना	V
assailant	आक्रमणकारी	N
assassin	हत्यारा	N
assassinate	हत्याकरना	V
assault	धावा	N
assault	हमला करना; आक्रमणकरना	VT
assay	परख{धातुओंकी}	N
assay	परखकरना{धातुओंकी}	V
assemblage	जमघट	N
assemble	एकत्रितहोना	VI
assemble	इकट्ठाकरना	VT
assembly	सभा	N
assent	मंजूरी; सहमति	N
assent	स्वीकृतिदेना[करना]	V
assert	बलपूर्वक कहना; जोर देना	VT
assertion	दावा	N
assertive	हठ धर्मी	Adj
assertively	दृढ़तासे	Adv
assertiveness	दृढ़तापूर्व	N
assess	आँकना	VT
assessment	आँकलन; मूल्यांकन	N
assessor	आँकलनकरनेवाला	N
asset	परिसम्पत्ति; खूबी।	N
assiduity	परिश्रम	N
assiduous	श्रमशील	Adj
assiduously	मेहनतसे	Adv
assign	निश्चित करना; नियुक्त करना; बाँटना; सौपना	V
assignment	सौंपा हुआ कार्य	N
assignation	गुप्त मुलाकात	N
assimilate	आत्मसातकरना	V
assimilation	आत्मसात	N
assist	सहायताकरना; मदद करना	V
assistance	सहायता; मदद	N
assistant	सहायक	N
assize	?	N
associate	सहयोग; उप-	Adj
associate	सहयोगी	N
associate	जुड़ना[जोड़ना]	V
association	संघ; सहयोग; जुडा होना	N
assort	छाँटना	V
assorted	मिलाजुला	Adj
assortment	मिश्र	N
assuage	शान्त करना	VT
assume	कल्पना करना; मान लेना; कार्यभार संभालना।; रूप धारण करना	VI
assume	कल्पना कर लेना	VT
assumption	कल्पना	N
assurance	आश्वासन	N
assure	आश्वासन देना; निश्चित होना	VT
asterisk	तारा चिह्न	N
astern	जहाज के पीछे के भाग मे	Adv
asthma	श्वासरोग	N
asthmatic	श्वासरोगीय	Adj
astir	खलबली	Adv
astonish	चकित करना	VT
astonishment	आश्चर्य	N
astound	चकित करना	VT
astray	गुमराह	Adj
astride	पाँव फैलाकर	Adj
astride	दोनो तरफ	Prep
astringent	कठोर	Adj
astrologer	ज्योतिषी	N
astrological	ज्योतिषीय	Adj
astrology	ज्योतिष शास्त्र	N
astronaut	अन्तरिक्ष यान मे प्रयाण करने वाला	N
astronomy	खगोलविद्या	N
astute	चतुर	Adj
asunder	पृथक्-पृथक	Adj
asylum	शरण{राजनैतिक}; आश्रम{रोगियोंकेलिये}	N
asymptomatic	स्पर्शोन्मुख	Adj
at	पर; में; केयहाँ; को{समय}; की_ओर	Prep
at-once	तुरन्त	Adv
at_all_events	हर हालत में	N
at_the-outset	आरंभमें	N
atheism	नास्तिकता; अनीश्वरवाद	N
atheist	नास्तिक	N
athlete	व्यायामी{खिलाड़ी}	N
athletic	हृष्ट-पुष्ट	Adj
athletics	खेल	N
athwart	आड़ा	Prep
atlas	एटलस; मानचित्रकीपुस्तक	N
atleast	कमसेकम	Adv
atmosphere	वातावरण	N
atom	परमाणु	N
atomic	परमाण्विक	Adj
atone	प्रायश्चितकरना	VTI
atonement	प्रायश्चित; क्षतिपूर्ति	N
atop	केऊपर; सिरकेऊपर	Prep
atrocious	अति-दुष्ट	Adj
atrocity	अत्याचार	N
attach	जोड़ना; नत्थीकरना; अपनाना; कुर्ककरना	VTI
attachment	लगाव; कुर्की	N
attack	धावा; आक्रमण	N
attack	धावाकरना; आक्रमणकरना	VT
attain	प्राप्तकरना; पहुँचना	VTI
attainable	प्राप्य	Adj
attainment	प्राप्ति	N
attempt	प्रयास	N
attempt	प्रयासकरना	VTI
attend	हिस्सालेना; सेवाकरना; ध्यानदेना	VTI
attendance	उपस्थिति; सेवा	N
attendant	साथी	Adj
attendant	परिचारक	N
attention	ध्यान; परवाह; सत्कार	N
attentive	चौकस	Adj
attenuate	कमकरना	VT
attest	गवाहीदेना; हस्ताक्षरकरना	VTI
attire	पहनावा	N
attire	वस्त्रपहनना	VT
attitude	रवैया	N
attorney	मुख्तार	N
attract	आकर्षितकरना	VT
attraction	आकर्षण	N
attractive	आकर्षक	Adj
attributable	सम्बन्धलगाएजानेयोग्य	Adj
attribute	गुण; भाव	N
attribute	सम्बन्धठहराना	VT
attribution	रोपण; लगाव	N
attrition	संघर्षण	N
attune	कीआदतपड़जाना	VT
auction	नीलामी	N
auction	नीलामकरना	VT
auctioneer	नीलामकरनेवाला	N
auctioneer	नीलाममेँबेचना	VT
audacious	साहसी	Adj
audible	श्रव्य	Adj
audience	श्रोतागण; विधिपूर्वकभेँट	N
audit	लेखापरीक्षण	N
audit	लेखाजाँचना	VT
auditor	लेखापरीक्षक; श्रोता	N
auger	बड़ापेँचदारबरमा	N
aught	कोईवस्तु; कुछ; कोईअंश	Pron
augment	बढ़ाना[बढ़ना]	VTI
augmentation	वृद्धि	N
augur	भविष्यबतानेवाला	N
augur	आगमकहना	VTI
august	प्रतापी	Adj
aunt	चाची; मामी; मौसी; फूफी	N
auntie	चाची; मामी; मौसी; फूफी	N
auspices	सहारा; आश्रय	N
auspicious	शुभ	Adj
austere	संयमी; सादा	Adj
austerity	कठोरनियम	N
authentic	असली; विश्वसनीय; विशुद्ध	Adj
authenticate	प्रमाणितकरना	VT
authenticity	प्रमाणिकता	N
author	लेखक; प्रवर्तक	N
authoritative	आधिकारिक; प्रामाणिक	Adj
authority	अधिकार; आज्ञा; विशेषज्ञ; विश्वस्त सूत्र से	N
authorize	अधिकारदेना; अधिकृतहोना	VT
autobiography	आत्मकथा	N
autocracy	निरंकुशता	N
autocratic	निरंकुश	Adj
autograph	हस्ताक्षर	N
automatic	स्वचालित; अविवेचित	Adj
automobile	मोटर-गाड़ी	N
autonomy	स्वशासन	N
autumn	शरदऋतु	N
autumnal-equinox	शरदविषुव{23सितम्बर}	N
auxiliary	सहायक	Adj
auxiliary	सहकारी	N
avail	लाभ उठाना; प्राप्ति	N
avail	लाभउठाना	VT
available	उपलब्ध; मिलताहै	Adj
avalanche	पहाड़सेगिरताहुआबर्फकाढेर	N
avarice	लोभ	N
avenge	बदलालेना	VT
avenue	पथ; पेड़दारपथ	N
aver	वादाकरना	VT
average	औसत	Adj
average	औसत	N
average	औसतनिकालना	VT
averse	अनिच्छुक९	Adj
aversion	घृणा	N
avert	घुमादेना; टालदेना	VT
aviator	वायुयान चालक	N
aviation	वायुयानचालन_[विज्ञान]	N
avid	लालायित	Adj
avidity	उत्सुकता; लालच	N
avidly	उत्सुकतासे	Adv
avocation	बुलावा	N
avionics	एवियोनिक्स{एविएशन में इलैक्ट्रौनिक विज्ञान का प्रयोग}	N
avocado	एवोकाडो{एकप्रकारकाफल}	N
avoid	सेबचना	VT
avoidable	परिहार्य	Adj
avow	बीड़ाउठाना	VT
await	बाटजोहना	VT
awake	जागना	VI
awake	जगाना	VT
awake_to	जागरूकहोना	V
awake	जागेहुए	Adj
awaken	जागजाना[जगादेना]	V
awakening	जागृति	N
award	पुरस्कार; अनुदान; दंड	N
award	पुरस्कारदेना	VT
aware	अवगत; सावधान	Adj
awareness	जानकारी; अभिज्ञता	N
away	दूर; बाहर; लगातार	Adv
awe	विस्मयपूर्णआदर[डर]	N
awe	विस्मयपूर्णआदर[डर]उत्पन्नकरना	VT
awesome	आदर[डर]काहेतु	Adj
awe-inspiring	आदर[डर]काहेतु	Adj
awestruck	आदर[डर]सेपूर्ण	Adj
awful	डरावना; भद्दा	Adj
awfully	बहुतज़्यादा	Adv
awhile	कुछदेरकेलिये	Adv
awkward	अजीब; कष्टदायक; नाजुक	Adj
awl	सूआ	N
awning	शामियाना	N
awry	गड़बड़; टेढ़ा	Adj
awry	टेढ़ा	Adv
axe	कुल्हाड़ी	N
axe	काटना[कमकरना]	VT
axiom	स्वयंसिद्ध-वक्तव्य	N
axis	धुरी	N
axle	धुरा	N
aye	सदा	Adv
azure	आसमानी	Adj
azure	नीलाकाश	N
babble	बड़बड़ाना; बकवाद; कलकलध्वनि{पत्थरोंपरपानीकेबहनेकीमन्दआवाज़}	N
babble	बुड़बुड़ाना	VTI
babbler	बुड़बुड़करनेवाला	N
babe	बच्चा	N
babel	कोलाहल; गड़बड़ी	N
baboon	बड़ाबन्दर	N
baby	शिशु	N
baby	केसाथबच्चेजैसाव्यवहारकरना	VT
baby-hood	बचपन	N
babyish	शिशुवत्	Adj
baby-carriage	बच्चागाड़ी{प्रैम}	N
baby-minder	आया	N
baby-snatcher	बच्चाचुरानेवाला	N
baby-talk	बच्चेकेसमानबोलना{सरलशब्दोंऔरवाक्योंमें}	N
baby-tooth	दूधकेदाँत	N
baby-sit	बच्चेकीदेखभालकरना{माता-पिताकीगैरहाज़िरीमें}	V
baby-sitter	बच्चेकीदेखभालकरनेवाला	N
bachelor	कुँवारापुरुष; स्नातक	N
baccilus	एकप्रकारकाबैक्टीरिया	N
back	पीठ; पिछलाहिस्सा	N
back-less	बिनापीठवाला{कपड़ा}	Adj
back-breaking	कमरतोड़	Adj
back	पीछेका	Adj
back-bench	पिछलीसीट्स	N
back-bencher	जिसकेपासकोईआधिकारिकपदनहोऐसासांसद	N
back-door	पीछेकाद्वार	N
backnumber	पत्रिकाओंकेपिछलेअंक	N
back	वापस; पीछेकीओर; नियंत्रणमें; पहले	Adv
back	पीछेहोना‘; समर्थनदेना[पाना]; सहारादेना	VT
backer	सहारादेनेवाला	N
backing	समर्थन; संगत	N
backache	पीठदर्द	N
backbone	रीढ़कीहड्डी	N
backbite	पीठपीछेनिंदाकरना	V
backbiter	चुगलखोर	N
backbiting	चिगलखोरी	N
backchat	पलटकरजवाबदेना	N
back-cloth	पृष्ठपट	N
backcomb	उल्टीओरबालकाढ़ना	V
backdate	पिछलीतिथिडालना	V
back-drop	पृष्ठपट	N
backfire	उल्टीप्रतिक्रियाहोना	V
back-formation	प्रत्यावर्तीरचना	N
background	पृष्ठभूमि; चित्रभूमि	N
back-hand	हाथकोमोड़करलगायागयाशॉट{टेनिसइत्यादिमें}	N
back-handed	परोक्ष	Adj
backhander	रिश्वत	N
backlash	प्रतिक्षेप	N
backlist	प्रकाशितहोरहीपुस्तकोंकीसूची	N
backlog	संचितकार्य	N
backpack	बैग{पीठपरलेजानेवाला}	N
back-pedal	पलटजाना	V
backrest	पीठकोसहारादेनेवाला	N
backseat	पिछलीसीट	N
backside	पीछेकाहिस्सा	N
back slide	पतितहोना	VI
backspace	एकस्थानसेपीछेजाना	V
backstage	नेपथ्यमें	Adv
backstroke	पीठकेबलतैरना	N
backtalk	पलटकरजवाबदेना	V
backtrack	वापिसजाना	V
back-up	सहायता; प्रतिलिपि	N
backward	पिछड़ाहुआ	Adj
backwards	पीछेकीओर	Adv
backwash	?	N
backwater	अप्रवाहीजल	N
backwoods	अरण्य	N
backyard	पिछवाड़ा	N
bacon	सूअरमास{नमकीन}	N
bad	खराब; बुरा; गम्भीर	Adj
badge	बिल्ला	N
badger	बिज्जू	N
badger	पीछण्डफौ९	VT
badly	बुरीतरहसे	Adv
badminton	बैडमिंटन	N
baffle	असमंजसमेंडालना; रुकावटडालना	VT
baffle	पर्दा{रुकावट}	N
bag	थैला; उभरना	N
bag	थैलेमेंरखना; लेलना; झूलना	VT
baggage	यात्री का सामान; सामान	N
baggage-car	सामानगाड़ी	N
baggage-room	सामानकक्ष	N
bagpipe	मशकबीन	N
bail	जमानत	N
bailiff	अमीन	N
bait	चारा	N
bait	चारारखना	VT
baize	ऊन का कपड़ा जो टेबल पर बिछाते हैं	N
bake	सेँकना	VT
baker	बेकर; नानबाई	N
baking	सेंकनेकीक्रिया	N
bakery	बेकरी	N
bakelite	एक प्रकार का प्लास्टिक	N
balance	तराज़ू	N
balance	संतुलनरखना; बकायानिकालना	V
balcony	छज्जा	N
bald	गंजा; नीरस	Adj
balding	गंजापन होना	Adj
baldness	गंजापन	N
bale	गठरी	N
bale	छटरी{पेराशूट}सेउतरना	V
baleful	नुकसानदायक	Adj
ball	गेंद; गोला	N
ballad	सादागाना	N
ballast	रोड़ा	N
ballet	नृत्यनाटिका; नाटक	N
balloon	गुब्बारा	N
ballot	मत-पत्र	N
ballot	मतदान	V
balm	मरहम; बाम	N
balmy	सुखदायक	Adj
balsam	गुलमेँहदी	N
ballyhoo	शोर गुल	N
bamboo	बाँस	N
ban	प्रतिबंध	N
ban	प्रतिबंधलगाना	VT
banal	साधारण	Adj
banana	केला	N
band	पट्टी	N
bandage	पट्टी	N
bandage	पट्टीबाँधना	VT
bandanna	रंग_बिरंगा कपडा	N
bandit	डाकू	N
bane	परेशानयागुस्सादिलानेवाला	N
bang	धमाकेदारआघातकरना	VT
bangle	चूड़ी	N
banish	निकालदेना	VT
banishment	देश-निकाला	N
bank	बैंक; किनारा	N
bank	बैंकमेँरूपयारखना	V
bankbalance	जमा शेष राशि	N
bank-book	जमा पुस्तिका	N
banker	बैंककासंचालक; साहूकार	N
banking	महाजनी	N
bank roll	किसीकीआर्थिकसहायताकरना	V
bankrupt	दिवालिया	N
bankruptcy	दिवाला	N
banner	झंडा	N
bantam	एकप्रकारकाचूजा	N
banquet	भोज	N
banqueting	भोजोत्सव	Adj
banter	हास्य; उपहास	N
bantering	दिल्लगीकरना	V
baptize	बप्तिस्मादेना	VT
baptism	बप्तिस्मा	N
baptist	बप्तिस्मा दाता	N
bar	कोछोड़कर	Prep
bar	शराबघर; सलाख; शलाका; रुकावट	N
barb	आँकड़ी	N
barbed	काँटेदार	Adj
barbarian	असभ्य; जंगली	N
barbaric	क्रूर	Adj
barbarity	गँवारु	N
barbarism	जङ्गलीपन	N
barbarous	गँवार	Adj
barbecue	बारबेक्यू; सींक{माँसभूनना}	N
barber	नाई	N
bard	भाट; कवि	N
bare	निर्वस्त्र; स्पष्ट; अनलंकृत	Adj
bare	निर्वस्त्रकरना; प्रकटकरना	V
barefoot	नङ्गेपाँव	Adj
barefooted	नङ्गेपाँवसे	Adv
barely	मुश्किलसे	Adv
bargain	लेन-देन	N
bargain	मोल-भावकरना	V
barge	जबरदस्तीघुसना	V
bark	वृक्षकीछाल	N
bark	भौँकना	VI
barley	जौ	N
barn	खलिहान	N
barometer	नापने कि इकाई; बैरोमीटर	N
baron	ताल्लुकदार	N
baroness	तालुकदार{स्त्री.}इंग्लैंडकासबसेनीचेकेदर्जेकालॉर्ड{स्त्री.}	N
barrack	सेना निवास; बैरक	N
barrel	पीपा	N
barrel	पीपेमेँभरना	VT
barren	ऊसर; बंजर भूमि	Adj
barricade	मोरचा	N
barricade	मोरचाबाँधना	VT
barrier	अवरोध; रोक	N
barring	केअलावा	Prep
barrister	विधिवक्ता; बैरिस्टर	N
barrow	ठेला-गाड़ी	N
barter	अदला-बदली; विनिमय	N
barter	वस्तु-विनिमयकरना	V
base	तुच्छ; नीच	Adj
base	आधार	N
base	आधारितकरना	VT
baseless	निराधार	Adj
bashful	लज्जाशील; संकोची	Adj
basic	बुनियादी	Adj
basic	मूलतत्त्व	N
basil	तुलसी	N
basin	चिलमची; कुण्डी	N
basis	आधार	N
bask	धूपमेँगरमकरनायासेँकना	V
basket	डलिया	N
basketball	एक प्रकार का खेल	N
bastard	दोगला; अवैधसंतान	N
bastion	गढ़; छावनि	N
bat	बल्ला; चमगादड़	N
batch	जत्था	N
bath	नहाना	N
bathroom	स्नानघर	N
batik	कपङारंगनेकीएकविधि; छींट	N
batman	एकसेनिकजोसेनाकेअधिकारीकानौकरहैं	N
baton	छङी; डण्डा	N
baton round	नकलीकारतूस	N
batsman	बल्लेबाज	N
battalion	सेनाकीरेजिमेंटकाएकभाग	N
batten	तख्ता	N
batten	फलफूलना; मौजकरना	V
batter	घोल	N
batter	मारना; कूटना	VT
battered	क्षतिग्रस्त	Adj
battery	बैटरी; तोपखाना	N
battle	लड़ाई; युध्द	N
battle	लड़ना	VI
battle-cruiser	एकबङायुध्दपोत	N
battle-cry	युद्धकानारा	N
battleaxe	कुठारफरसा; परशु	N
battlefield	रण-भूमि	N
battlements	मोर्चाचहारदीवारी	N
battleship	युद्धपोत	N
batty	सनकी; मुर्ख	Adj
bauble	भड़कीलीसस्तीचीज	N
baulk	हिचकिचाना	N
bauxite	एल्युमिनियमकाअयस्क	N
bawdy	अश्लीलवार्तालाप	Adj
bawl	ज़ोरसेरोनायाचिल्लाना	V
bay	खाड़ी; कुत्तोंकीएकविशेषप्रकारकीभौँक; एकप्रकारकापेड़जिसकेहरेपत्तेऔरजामुनीफलहो	N
bay	भौंकना{शिकारीकुत्तोंका}	V
bayonet	बेनट	N
bayonet	बेनटसेवारकरना	VT
bazaar	बाज़ार	N
be	होना	V
beach	समुद्रतट	N
beach	समुद्रकेकिनारेपरलाना	V
beach-ball	गेंद{समुद्रतटपरखेलीजानेवाली}	N
beach buggy	बीचबगी{समुद्रतटपरदौड़ायाजानेवालास्वचालितवाहन}	N
bead	गुटका{मालाकादाना}	N
beam	तराजूआदिकाडण्डा; प्रकाशकीकिरण; प्रसन्नआकृति	N
beam	प्रकाशडालना; मुस्कुराना	V
bean	सेम	N
bear	भालू	N
bear	धारण करना; बर्दाश्तकरना; वहनकरना	VT
beast	जानवर; असभ्यव्यक्ति	N
beat	धड़कन; ताल	N
beat	हराना; वारकरना; खटखटाना; धड़कना; टकराना; तड़पाना; फेंटना; पीटना	V
beautiful	सुन्दर	Adj
beautify	सजाना	VT
beauty	सुन्दरता	N
beaver	ऊदबिलाव	N
beaver away	कड़ीमेहनतकरना	PhrV
becalmed	तेज़हवानहोनेकेकारणहिलनेमेंअसमर्थ{जहाजसेसंबंधित}	Adj
because	क्योँकि	Conj
beck	छोटीनाली	N
beckon	संकेतकरना	VT
become	बनना; उचितहोना	V
becoming	युक्त; अनुरूप	Adj
bed	बिछौना; क्यारी; तल; आधार	N
bed	रातकोशरणदेना; पौधालगाना; संभोगकरना	VT
bedeck	सजाना	VT
bedlam	पागलखाना	N
bedridden	शय्याग्रस्त	Adj
bee	मधुमक्खी	N
beef	गोमांस	N
beehive	मधुमक्खीकाछत्ता	N
beep	एकप्रकारकीआवाज़	N
beep	आवाज़करना	V
beer	बियर{एकप्रकारकीमदिरा}	N
beer-house	शराबघर	N
beet	चुकन्दर	N
beetle	मोगरी	N
befall	आपड़ना	V
befit	शोभादेना	V
before	के_पहले	Adv
before	के_आगे; केसामने; केपहले	Prep
beforehand	पहलेसे	Adv
befriend	दोस्तीकरना	V
befuddled	स्वयंकोमूर्खबनाना	Adj
beg	भीखमांगना; प्रार्थनाकरना	V
beget	जनकहोना; उत्पन्नकरना	VT
beggar	भिखारी	N
beggar	कंगालकरदेना	V
beggarly	बहुतकमऔरसस्ता	Adj
begin	प्रारम्भहोना	VI
begin	प्रारम्भकरना	VT
beginner	प्रारम्भकरनेवाला; नौसीखीया	N
beginning	आरम्भ	N
begrudge	देनेमेंसंकोचकरना; असंतोष	V
beguile	किसीकोखुशकरना; खुशीसेसमयबिताना; बेवकूफबनाना	V
behalf	हेतु	N
behave	व्यवहारकरना	VI
behaviour	बर्ताव	N
behead	सिरकाटना	V
behest	आज्ञा	N
behind	केपीछे	Prep
behind	पीछेसे	Adv
behind	कूल्हा	N
behindhand	देरीकरना{खासकरकर्ज़उतारनेमें}	Adj
behold	निहारना	VT
beholden	कृतज्ञ	Adj
behoof	लाभ	N
behove	उपयुक्तहोना	VT
being	जीव; किसीकास्वभाव; अस्तित्व; जीविका	N
belch	डकारलेना	VT
beleaguered	घेराहुआ	Adj
belie	झूठाकरना	VT
belief	विश्वास	N
believe	विश्वासकरना	V
belittle	छोटाकरना	VT
bell	घंटा	N
belle	सुन्दरी	N
bellicose	लड़ाकू	Adj
belligerent	युद्धकारी	Adj
belligerent	योद्धा	N
bellow	पीड़ाकेकारणरोना; गुस्सेसेचिल्लाना	V
bellows	धौंकनी	N
belly	पेट	N
belly out	फूलउठना	PhrV
belong	सदस्य होना	V
belongings	सम्पत्ति	N
beloved	प्रिय	Adj
beloved	प्रिय	N
below	केनीचे	Prep
belt	बैल्ट; पट्टा; क्षेत्र	N
bemoan	दुखप्रकटकरना	VTI
bench	बैंच	N
bend	घुमाव	N
bend	मोडना[मुड़ना]	VTI
beneath	नीचे	Prep
benediction	आशीर्वाद	N
benefactor	धनआदिसेसहायताकरनेवाले	N
benefice	धर्मवृत्ति	N
beneficial	लाभदायक	Adj
benefit	लाभ	N
benefit	भलाकरना	VT
benevolence	भलाई	N
benevolent	दयालु	Adj
benign	कृपालु	Adj
bent	टेढ़ा	Adj
bent	झुकाव	N
bequeath	वसीयत करना	VT
bequest	वसीयत	N
berate	डाँटना	VT
bereave	छीन लेना{वंचितकरना}	VT
bereavement	शोक{ग़मी}	N
berry	झड़बेरी	N
berth	बर्थ; शायिका	N
berth	जगह देना	VT
beset	घेरलेना	VT
beside	पास	Prep
besides	के अतिरिक्त	Adv
besides	केअलावा	Prep
besiege	घेरलेना; घेराडालना	VT
best	सर्वोत्तम	Adj
best	सबसेअच्छा	Adv
best	सर्वोत्तम	N
bestow	प्रदान करना	VT
bet	शर्त	N
bet	दाँव लगाना	VT
betray	विश्वासघातकरना	VT
better	बेहतर	Adj
better	बेहतरतरीकेसे	Adv
better	औरयोग्यव्यक्ति	N
better	बेहतरबनाना	V
between	केबीच	Prep
beverage	पेय{पानीकेअतिरिक्त}	N
bevy	बड़ाझुंड	N
beware	सावधानहोना	V
bewilder	हैरानकरना	VT
bewitch	जादूकरना	VT
beyond	केपार	Prep
bias	झुकाव	N
bib	बिब	N
biblical	बाइबिलका	Adj
bicameral	दोव्यवस्थापकअंगयुक्त	Adj
bicentenary	दोसौवर्षीयउत्सव	N
bicentennial	दोसौवर्षवाला	Adj
bicker	झगड़ा	N
bicker	झगड़ाकरना	VT
bicycle	साइकिल	N
bicyclist	साइकिलचलानेवाला	N
bid	नीलामकीबोली	N
bid	बोलीबोलना	VT
bidder	बोलीलगानेवाला	N
bidding	बोली; आज्ञा; विनती	N
biennial	द्विवार्षिक	Adj
bier	अर्थी	N
big	बड़ा; उम्रमेंबड़ी; महत्वपूर्ण; महत्वाकांक्षा; प्रसिद्ध; दयालु; उत्तेजित	Adj
bigamy	द्विपत्नीत्व	N
bigot	हठधर्मी	N
bigotry	हठी	N
bile	पित्त	N
bill	चोंच	N
bin	डिब्बा	N
binary	दोहरा	N
bind	बाँध	VT
binding	आवश्यक; बंधनवाला	Adj
binding	जिल्द	N
binocular	दूरबीन	N
biographer	जीवनीलेखक	N
biography	जीवनी	N
biology	जीवविज्ञान	N
biplane	द्विपंखीवायुयान	N
birch	सनौबरकापेड़; सन्टी	N
bird	चिड़िया; पक्षी	N
birth	जन्म	N
birthday	जन्मदिन	N
birthplace	जन्मस्थान	N
birthrate	जन्मदर	N
birthright	जन्मसिद्धअधिकार	N
biscuit	बिस्कुट	N
bishop	बिशप	N
bismuth	कांसा	Adj
bit	टुकड़ा; लगाम; बिट{कम्प्यूटर}; छोटाअंश	N
bitch	कुतिया	N
bite	काटना	VT
biting	चुभताहुआ	Adj
bitter	कड़ुवा; शोकमय; कठोर	Adj
bitterly	कड़ुवाहटकेसाथ; कसके; अधिक	Adv
bitterness	कड़ुवापन	N
bitumen	राल	N
biweekly	अर्द्धसाप्ताहिक	Adv
black	काला; श्याम; अंधेरा; भयंकर; उदास; सोगी	Adj
blackboard	ब्लैकबोर्ड; श्यामपट्ट	N
blacking	स्याहीr{चमड़ाआदिचमकानेकीस्याही}	N
blackmail	ब्लैकमेल	N
blacksmith	लुहार	N
blade	पत्ती	N
blame	दोष	N
blame	दोषलगाना; अपराधीठहराना	VI
blameless	निर्दोष	Adj
bland	नीरस	Adj
blank	कोरा	Adj
blank	रिक्तस्थान	N
blanket	कम्बल; लोई	N
blaspheme	ईश्वरनिन्दाकरना	VT
blasphemy	ईश्वरनिन्दा	N
blast	विस्फोट	N
blast	बारूदसेउड़ादेना	VT
blaze	दहक	N
blaze	दहकउठना	VT
bleach	उजलाकरना; निखारना	VT
bleak	उदास; शीतल	Adj
bleed	लहूनिकलना	VI
blemish	कलंक; दोष; त्रुटि	N
blend	मिश्रण; मेल	N
blend	मिलना	VI
blend	मिलाना; मिश्रणकरना	VT
bless	आशीर्वाददेना	VT
blessed	भाग्यवान	Adj
blessing	आशीर्वाद	N
blight	पाला; तुषार	N
blight	कुम्हलाना; मुरझाना; पालामारना	VT
blind	अंधा; असफल; बन्द	Adj
blind	अंधा; आड़; झिलमिली	N
blind	अन्धाकरना	VT
blindfold	आँखबन्दकरदेना; भटकादेना	VT
blindness	अन्धापन	N
blink	टिमटिमाहट; जगमगाहट; झलक; झपक	N
blink	आँखझपकाना	VT
bliss	आनन्द; हर्ष	N
blister	छाला; फफोला; फुन्सी	N
blithe	पुलकित; प्रसन्नचित	Adj
bloat	फूलना; सूजना	VI
bloat	फुलाना; सुजाना	VT
block	ब्लॉक; खण्ड{समूह}; रोक; कुन्दा; कील; गुटका	N
block	रोकना; बन्दकरना; बाधाडालना; ब्लाकबनाना{प्रिंटिंगका}; ब्लॉकबनाना	VT
blockade	नाकाबन्दी	N
blockade	नाकाबंदीकरना	VT
blond	सुनहराभूरा	Adj
blond	गोरेशरीरवनीलीआँखवालामनुष्य	N
blonde	सुनहराभूरा	Adj
blonde	गोरेशरीरवनीलीआँखवालीस्त्री	N
blood	रक्त; खून; लहू	N
bloodless	रक्तहीन; कठोर	Adj
bloodshed	रक्तपात; वध; रक्तबहाव	N
bloody	लहूलुहान; निर्दयी	Adj
bloom	फूल; शिखर{सौन्दर्यका}	N
bloom	बहारपरआना	VI
blossom	फूल; पुष्प	N
blossom	फूलना; खिलना; समृद्धहोना; फलना	VI
blot	दाग; धब्बा	N
blot	छीलना; दागदारकरना; धब्बालगाना	VT
blow	चोट	N
blow	उड़ना	VI
blow	उड़ाना	VT
blow out	बुझाना	PhrV
blow over	बिनाकिसीविशेषअसरसेघटजाना	PhrV
blow up	विस्फोट; क्रोधकरना; अचानकऔरजोरसेशुरूहो जाना	PhrV
blow in	अचानकआना	PhrV
blow-dry	हेयरड्रायरसेबालसँवारना	V
blow-hole	वायुछिद्र	N
blow-out	आगबुझाना; संगलन; गलना	VT
blow-up	बडाकरना	N
blow-upon	निन्दाकरना	V
blower	धौंकनी; दूरभाष	N
blowlamp	?	N
blowzy	लालभद्देचेहरेवाली	Adj
blubber	ह्वेलमछलीकीचरबी	N
blubber	रोना - बिलखना	VI
blubbery	चरबीदार; मोटा; सूजाहुआ	Adj
bludgeon	डंडा	N
blue	नीला; दुखीभावना; अश्लील .	Adj
blue whale	एकप्रकारकीसबसेबड़ीव्हेलमछली	N
blue	नीलारंग; उपाधि; उदाससंगीत	N
blue bell	घण्टीकेसामानफूल	N
blue berry	फल	N
blue bottle	मक्खी	N
bluegrass	एकप्रकारकासंगीत	N
blueprint	अन्तिमरूपरेखा	N
bluestocking	विदुषी	N
blue stone	तूतिया	N
blue water	विस्तृतसमुद्र	N
bluesky	नीलाआकाश	N
bluff	झाँसादेना; बेवकूफबनाना	V
bluff	रूखा	Adj
bluish	नीलासा	Adj
blunder	चूक; भारीभूल	N
blunder away	कुप्रबन्धसेनष्टहो जाना	PhrV
blunder out	बिनासोचेबोलपडना	PhrV
blunderbuss	खुलेमुँहवालीबन्दूक	N
blunderer	भारीभूलकरनेवाला	N
blunderingly	गलतीसे	Adv
blunt	भौंथरा; मुँहफट	Adj
bluntly	बिनाकिसीबनावटके	Adv
blur	धब्बा	N
blur	धुंधलाकरना	V
blurb	पुस्तककापरिचय	N
blurt	बिनासोचे-समझेबोलना	V
blush	शरमाना	V
blushing	लज्जारंजित	Adj
blushingly	लज्जासे	Adj
bluster	धमकाना	VT
bluster	शेखीबाज	N
blusteringly	शेखीमारतेहुए	Adv
blusterous	कोलाहली	Adj
boa	अजगर	N
boar	सूअर{पु.}; बनैलासूअर	N
board	मंडल; तख्ता; पट्टा	N
above board	ईमानदार	IDM
on board(a ship or an aircraft)	जहाजपर	IDM
board	चढ़ना	VT
board at	भोजन; शरणदेनायापाना	PhrV
board up	तख्तेलगाना	PhrV
boarder	आवासी	N
boarding card	बोर्डिंगकार्ड{जिसेदिखाकरजहाजमेंयात्राकरनेकीअनुमतिमिलतीहै}	N
boarding house	छात्रावास	N
board money	नौकरकावेतन	N
boarding-school	आवासीयस्कूल	N
boardroom	कमराजिसमेंकम्पनीकेअधिकारीयोंकीबैठकहोतीहै	N
boardwalk	समुद्रतटपरतख्तेसेबनाहुआपथ	N
boast	डींगमारना; गौरव	V
boastful	डींगेहाँकनेवाला	Adj
boast	डींग; गर्व	N
boat	नाव	N
boating	नौका-विहारकरना	VI
boat- hook	नावकाआँकुडा	N
boat- house	शिकारा	N
boat people	शरणार्थीजोनावद्वाराजातेहैं	N
boater	एकप्रकारकीटोपी	N
boatman	केवट; नावचलानेवाला	N
boatswain	जहाज़ केझण्डोंआदिकीदेखभालकरनेवालाअधिकारी	N
boatyard	नावरखनेकीजगह	N
bob	छोटेबालरखनेकाकिस्म	N
bob	ऊपरनीचेकरना[होना]	V
bobbed	छोटेबालवाली	Adj
bobbin	फिरकी{सिलाईमशीनकी}	N
bobble	बॉबल{लकडीकीछोटीगेंदजो सजावटकेलिएप्रयोगकियाजाताहै}	N
bobby	पुलिसअफसर{अनौपचारिक}	N
bobby-pin	बालोंमेंलगानेवालापिन	N
bobsleigh	बर्फपरचलानेवालीरेसकीबड़ीगाड़ी	N
bode	भविष्यसूचितकरना	V
bodeful	अशुभ - सूचक	Adj
bodement	भविष्यकथन	N
bodice	चोली; अँगिया	N
bodied	विशेषप्रकारकाशरीररखनेवाला	Adj
bodily	शारीरिक	Adj
bodingly	शगुनसे	Adv
body	शरीर; संस्था; ढाँचा	N
body and soul	पूर्णरूपसे	IDM
body blow	जबरदस्तझटका	N
bodyguard	अंगरक्षक	N
bog	दलदल	N
boggle	शंका	N
boggle	झिझकना	VT
bogus	नकली	Adj
boil	फोड़ा; उबाल	N
boil	उबलना	VI
boil	उबालना	VT
boiler	पतीला	N
boisterous	उधमी; प्रलयकारी	Adj
bold	दबंग; स्पष्ट	Adj
boldly	साहसपूर्वक	Adv
bolster	मसनद	N
bolster	सहारादेना	VT
bolt	चटखनी; फलाँग	N
bolt	भागजाना; चटखनीलगाना; चौंकजाना	V
bomb	बम	N
bomb	बमगिराना	VT
bombard	गोलाचलाना	VT
bombast	लम्बीचौड़ीबातचीत	N
bombast	लम्बीचौड़ीबातचीतकरना	V
bombastic	बड़ेबड़ेशब्दोंसेभराहुआ	Adj
bond	बन्धन; प्रतिज्ञापत्र	N
bondage	दासत्व	N
bone	हड्डी; अस्थि	N
bonfire	अलाव	N
bonnet	बोनट; टोपी{स्त्रियोंकेओढ़नेकी}	N
bonny	सुन्दर	Adj
bonus	बोनस	N
bony	हड्डीदार	Adj
booby	मूर्ख	N
book	पुस्तक; किताब	N
book	बुककरना	VT
bookcase	किताबोंकीअलमारी	N
booklet	छोटीपुस्तक; गुटका	N
bookseller	पुस्तकविक्रेता	N
bookkeeper	मुनीम; लेखाकार	N
bookkeeping	लेखाजोखा; लम्बाडंडाजोपतवारकोतानेरहताहै; धड़ाका; गूँज	N
boomerang	बूमरैंग{आस्ट्रेलियाकेआदिवासियोंद्वाराप्रयुक्तएकमुड़ाहुआबाणजोफेंकनेवालेकेपासलौटआताहै}	N
boomerang	विपरीतआपड़ना	V
boon	वरदान	N
boon	खुशमिज़ाज़	Adj
boondocks	देहात	N
boor	असभ्य; उजड्ड	N
boorish	उजड्डपन	Adj
boost	बढ़ावादेना	V
boost	बढ़ावा	N
booster	वर्धक{कोईचीज़जोबढ़ावादे}; विद्युतवोल्टेजवर्धकयंत्र	N
boot	जूता; कारमेंसामानरखनेकास्थान	N
boot	लातमारना	V
bootee	बच्चेकेऊनीजूते	N
booth	बूथ	N
bootlace	जूतेबाँधनेकाफीता	N
bootleg	अवैधतरीकेसेशराबबनानाऔरबेचना	V
bootstrap	जूतापहननेमेंसहायकचमड़ेकाटुकड़ा	N
booty	लूटकामाल	N
booze	ज्यादाशराबपीना	V
booze	शराब	N
boozer	पियक्कड़	N
boozy	मदमत्त	Adj
bop	पौपसंगीतपरनृत्य	N
bop	मुक्केयालाठीसेमारना	V
borage	सलादपत्ती	N
borax	सुहागा	N
bordeaux	सफेदयालालशराबबोरडेक्सस्थानसे	N
bordello	वेश्यालय	N
border	सीमा; किनारा	N
border	सेलगाहुआहोना; सीमाबनाना	V
borderland	सीमावर्तीप्रदेश	N
borderline	सीमारेखा	N
borderline	जोनिश्चितरूपसेप्रासंगिकनहो	Adj
bore	छेदकरनायाभेदना	V
bore	बन्दूककीनली	N
bore	जीउबाना	V
bore	उबानेवाला	N
bored	जीऊबनेवाला	Adj
boredom	ऊब	N
boring	उबाऊ; नीरस	Adj
bore	ज्वारकीऊँचीलहर	N
born	जन्मलेना[होना]	V
born	जन्मजात	Adj
borne	जन्म दिया	V
borough	उपनगर	N
borrow	उधारलेना; उधारलियाहुआ	V
borrower	कर्जदार; ऋणी	N
borrowing	ऋणलेना	N
borstal	बालसुधारगृह	N
bosom	मनमेंरखना	VT
boss	बॉस	N
boss	प्रबन्धकरना; देखभालकरना	VT
botany	वनस्पतिशास्त्र	N
botch	मुहांसा	N
both	दोनो; उभय	Conj
both	दोनो; उभय	Det
bother	तंगकरना	VT
bothersome	झंझटी; बखेड़ेका	Adj
bottle	बोतल	N
bottle	बोतलमेंबन्दकरना; बंधनमेंरखना	VT
bottom	सबसेनीचेकाभाग; जहाज़	N
bottomless	अथाह; अगम	Adj
bough	शाखा; डाल; टहनी	N
bouillon	रसा; झोल; शोरबा	N
boulder	गोलपत्थर	N
bounce	छलांग	N
bounce	उछलपड़ना; वापिसआना; मारना	VI
bound	लाचार; विवश; जिल्दवाले; गुज़रनेवाला	Adj
bound	छलांग; उछलकूद; सीमा	N
bound	कुलाँचेमारना; उछलना	VTI
boundary	सीमा; घेरा; मेढ़	N
boundless	असीम; अनन्त; अमित; निरवधि	Adj
bounty	उदारता; दानशीलता; सहायता	N
bouquet	गुलदस्ता; फूलोंकागुच्छा	N
bourgeoisie	बुर्जुआ; मध्यवर्गी	N
bourn	छोर; किनारा; सीमा	N
boutique	बुटीक	N
bovine	पशुवत्	Adj
bow	बो; कमान	N
bow	झुकना	V
bower	कुंज	N
bowl	कटोरा; प्याला	N
bowl	गेंदफेंकना	VT
bowman	धनुषधारी	N
box	सन्दूक; वर्ग; जगह; घूंसा	N
box	बक्सेमेंबन्दकरना; घूंसामारना	VT
boy	लड़का; दोस्त	N
boycott	बहिष्कारकरना	VT
boyhood	लड़कपन	N
boyish	बालसदृश	Adj
brace	धनुकोष्ठक	N
brace	दृढ़करना	VT
bracelet	पौंहची	N
brach	आखेटीकुतिया	N
bracket	कोष्ठक; ब्रैकट	N
bracket	कोष्ठमेंबन्दकरना	VT
brackish	खारी; खारा	Adj
brag	डींग	N
brag	डींगहाँकना	VT
braid	वेणी	N
braid	बटना; गूंथना	VT
brain	बुद्धि	N
brake	ब्रेक; गतिरोधक	N
bramble	कटीलीझाड़ी	N
bran	भूसी; चोकर	N
branch	शाखा	N
branch	विभाजितहोना	V
brand	ब्रांड{चिह्न}	N
brand	चिह्नबनाना	VT
brandish	घुमाना; फिराना; भाँजना; लपलपाना	VT
brandy	ब्रांडी{एकप्रकारकीमदिरा}	N
brass	पीतल; धृष्ट	N
bravado	साहसप्रदर्शन	N
brave	साहसी	Adj
brave	सामनाकरना; ललकारना	VT
bravery	साहस	N
brawl	लड़ाई	N
brawl	झगड़ना	VT
brawn	सूअरकामाँसr; पुट्ठा	N
brawny	गठीला	Adj
bray	रेंकना	N
bray	रेंकना	VT
brazen	निर्लज्ज; बेशर्म	Adj
breach	दरार	N
breach	दरारकरना	VT
bread	ब्रेड; जीविका; रोज़ी	N
breadth	विस्तार	N
break	दरार; शुरुआत; छुट्टी; अन्तर	N
break	भंगकरना; बलतोड़ना; कमकरना; फूटना; चलना; तोड़ना; फटना; फोड़ना	VT
breaker	तोड़नेवाला	N
breakfast	जलपान	N
breast	छाती	N
breath	साँस; झोंका	N
breathe	साँसलेना; चुपकेसेकहना	VTI
breathless	स्तब्ध; हँफादेनेवाली	Adj
breech	पेंदा	N
breed	वंश	N
breed	पैदाकरना[करवाना]	VT
breeding	उच्चवंश	N
breeze	मन्दसमीर	N
brevity	लाघव	N
brew	उमड़ना	VI
brew	मद्यबनाना	VT
brewery	शराबकीभट्टी	N
bribe	रिश्वत	N
bribe	रिश्वतदेना	VT
bribery	रिश्वतखोरी	N
brick	ईंट	N
bridal	वधूका; विवाहका	Adj
bridal	विवाह; विवाहोत्सव	N
bride	नववधू; दुल्हन	N
bridegroom	वर; दूल्हा	N
bridesmaid	दुल्हनकीसहेली	N
bridge	सेतु; ताशकाएकखेल	N
bridge	पुलबाँधना; अंतरमिटाना	VT
bridle	लगाम	N
bridle	लगामदेना	VT
brief	संक्षिप्त; लघु	Adj
brief	सारपत्र	N
brig	दोमस्तूलवालीनौका	N
brigade	सेनादल	N
bright	चमकीला; तेज़; उज्जवल; दीप्तिमान	Adj
brighten	चमकना	VI
brighten	उज्जवलकरदेना	VT
brightness	चमक	N
brilliance	दीप्ति	N
brilliant	तेजोमय	Adj
brim	कगार	N
brimstone	गन्धक	N
brine	खारापानी	N
bring	लाना[लेजाना]	VT
brink	तट	N
brisk	फुर्तीला	Adj
brisket	जानवरकीछाती	N
bristle	सूअरकाबाल	N
bristle	सीधाखड़ाहोना	VT
brittle	भंगुर	Adj
broach	चर्चाकरना	VT
broad	विस्तृत; स्पष्ट	Adj
broadcast	प्रसारित	Adj
broadcast	चारोंओर; फेंककर	Adv
broadcast	प्रसारितकरना	VTI
broaden	चौड़ाकरना	VT
broadside	नौकाकाएकपक्ष	N
brocade	ब्रोकेड	N
broil	शोरगुल	N
broil	सेंकना	V
broker	दलाल	N
brokerage	दलाली	N
bronchitis	फेफड़ेकीसूजन	N
bronze	काँसा	N
brooch	ब्रोच{एकप्रकारकागहना}	N
brood	बच्चे	N
brood	चिन्ताकरना; अंडसमूह	VI
brook	छोटीनदी	N
brook	सहना	VT
broom	झाड़ू	N
broth	शोरबा	N
brother	भाई	N
brotherhood	बन्धुत्व	N
brotherly	भ्रातृसदृश; शिखर	Adj
browbeat	धमकाना	V
browbeaten	धमकायाहुआ	Adj
brown	भूरा	Adj
brown	भूरा	N
brownish/browny	भूराजैसा	Adj
browse	पृष्ठपलटाना; चरना	V
browse	पृष्ठपलटाना	N
bruise	चोट	N
bruise	चोटलगना	VT
bruiser	हट्टा-कट्टाआदमी	N
bruising	कठिनऔरथकानेवाला	Adj
brunch	नाश्तेऔरखानेकोसाथखाना	N
brunette	गोरीस्त्रीजिसकेकालेबालहो	N
brush	कूँची; लोमड़ीकीपूँछ; हलका स्पर्श; भिडंत	N
brush	ब्रुशसेझाडनायासाफकरना	VT
brush aside	एकओरधकेलदेना; अनदेखाकरना	PhrV
brush away	ब्रुशसेहटाना	PhrV
brush oneself down	ब्रुशसेसाफकरना	PhrV
brush up	पुनःअभ्यासकरना	PhrV
brush-off	इनकारकरना	N
brush wood	पेड़कीटूटीहुईड़ालियाँयालकड़ियाँ	N
brusque	अशिष्ट; रूखा	Adj
brusqueness	अशिष्टता; रूखापन	N
brutal	क्रूर; निर्दयी; बर्बर; नृशंस; कठोर	Adj
brutally	क्रूरतासे	Adv
brutality	क्रूरता	N
brutalize	नृशंस बनाना	V
brute	क्रूर; निर्दय	Adj
brute force	नीच प्रवृति; पशुपन	Adj
brutish	पशुवत	Adj
brutishly	पशु कि तरह से	Adv
brute	भावशून्यमनुष्य; पशु	N
bubble	असार	Adj
bubble	बुलबुला	N
bubble	खदबदाना; बुलबुलेउठना	VI
buck	मृग; हिरन	N
bucket	बाल्टी	N
buckle	बकसुआ	N
buckle	बकसुआलगाना; मुड़ना	VT
bud	कली; कलमलगाना	N
bud	कलीनिकालना; पल्लवितहोना	VI
buddiing	पल्लवितहोतीहुई	Adj
budge	हिलना; हटना	VI
budge	हिलाना; हटाना	VT
budget	बजट	N
buff	बादामी	Adj
buff	भैंसआदिकाचमड़ा	N
buffalo	भैंसा	N
buffet	बुफे	N
buffet	धक्कामुक्कीकरना	VT
buffoon	भाँड; ठठोला; स्वांगी	N
bug	कीड़ा	N
bugle	बिगुल; तुरही; करनाई	N
build	निर्माण; बनावट	N
build	बनाना; निर्माणकरना; स्थापितकरना; बलदेना; बढ़ना	VT
building	इमारत; निर्माण	N
bulb	बल्ब; कन्द	N
bulge	उभार	N
bulge	उभरना; निकलआना	VI
bulk	थोक	N
bulk	दिखना	VI
bulky	बड़ा; स्थूल	Adj
bull	साँड़	N
bulldog	बुलडाग{बड़ाचौड़ेमुँहकाकुत्ता}	N
bullet	गोली	N
bulletin	सरकारीसमाचार	N
bullion	चाँदीसोनेकीईंट	N
bullock	बैल	N
bully	धौंसदिखानेवाला	Adj
bully	धौंसदिखानेवालामनुष्य	N
bully	धमकाना; झिड़कना	VT
bulwark	कोट; चारदीवारी	N
bump	गुमड़ा; टक्कर	N
bumper	बम्पर	N
bun	पावबन	N
bunch	गुच्छा; झुरमुट	N
bunch	एकत्रहोना	VI
bundle	गठ्ठा; गठरी; पुलिन्दा	N
bungalow	बंगला; कोठी; घर	N
bungle	घपलाकरना	VT
buoy	तरेरी{पानीपरतैरनेवालाचिह्न}	N
buoy	तैरताहुआरखना	VT
buoyancy	तैराव	N
buoyant	प्रफुल्लित; तैरताहुआ; बहताहुआ	Adj
burden	बोझ	N
burden	लादना	VT
burdensome	भारी	Adj
bureau	लिखनेकीमेज़; दफ़्तर; विभाग	N
bureaucracy	नौकरशाही	N
burgess	नगरजन	N
burglar	चोर	N
burial	दफनकरना; मिट्टीदेना	N
burke	गलाघोंटकरमारना	VT
burlesque	परिहास्य; तमाशेका	Adj
burlesque	परिहास	N
burlesque	परिहासकरना	VT
burly	स्थूल	Adj
burn	जलनेकाघाव	N
burn	जलना	VI
burn	जलाना	VT
burner	बर्नर	N
burning	दाहक; ज्वलन्त; जलानेवाला; जलताहुआ	Adj
burnish	चमकना; झलकना	VI
burnish	चमकाना; माँजना; झलकाना	VT
burrow	बिल	N
burrow	खोदना	VT
burst	तड़क	N
burst	फटना; निकलभागना; एकाएकप्रकटहोजाना	VI
bury	दफ़नाना	VT
bus	बस	N
bush	झाड़ी	N
bushel	बत्तीससेरकातौल	N
bushy	झाड़ीदार	Adj
business	उद्योग; व्यापार; व्यवसाय; धंधा; मामला	N
bust	छाती; रेड	N
bustle	हलचल	N
busy	व्यस्त	Adj
but	परन्तु	Conj
but	केअतिरिक्त	Prep
but	केवल	Adv
butcher	कसाई	N
butcher	निर्दयतासेवधकरना	VT
butler	ख़ानसामा	N
butt	नीचेकाहिस्सा; बड़ापीपा; सिरयासींगोंसेटक्करमारना; हास्यकापात्र	N
butt	सिरयासींगोंसेटक्करमारना	V
butter	मक्खन	N
butterfly	तितली	N
buttermilk	मठ्ठा	N
buttock	नितम्ब	N
button	बटन	N
button	बटनलगाना	VT
buttress	पुश्ता	N
buy	ख़रीदना	VT
buy	खरीद	N
buyer	ग्राहक	N
buzz	भनभनाहट	N
buzz	भनभनाना	V
by	समीप	Adv
by	पासमें; साथमें; द्वारा; से	Prep
by-law	उपविधि	N
by-product	उपफल	N
cab	टैक्सी	N
cabal	राजनीतिज्ञषडयंत्र	N
cabbage	बंदगोभी	N
cabin	कोठरी	N
cabinet	सन्दूकचा	N
cable	केबल	N
cable	तारद्वारासमाचारभेजना	V
cactus	कैक्टस	N
cadence	लय	N
cadet	कैडेट{सैनिकविद्यालयकाविद्यार्थी}	N
cafeteria	कैफे{कहवाखाना}	N
cage	पिंजड़ा	N
cage	बन्दकरना	VT
cajole	फुसलाना	V
cake	केक	N
calamitous	दुखद	Adj
calamity	विपत्ति	N
calculate	हिसाबलगाना	VT
calculating	मतलबी	Adj
calculation	हिसाबकिताब; लेखा	N
calculator	कैलकुलेटर	N
calculus	कलन	N
calendar	कैलेंडर	N
calf	बछड़ा	N
calibre	मानसिकशक्ति	N
calico	छींट	N
caliph	खलीफा	N
call	पुकार	N
call	बुलाना	V
call by	जाते-जातेमिलना	PhrV
call down on	गुस्सादिलाना; भड़काना	PhrV
call for	जरूरतहोना	PhrV
call forth	दिखाना	PhrV
call in	किसीकीसेवाबुलाना	PhrV
call off	बन्दकरना	PhrV
call upon	निमंत्रितकरना	PhrV
call out	बुलाना	PhrV
call up	टेलीफोनकरना	PhrV
calling	व्यवसाय	N
callous	कठोर	Adj
callow	अनुभवहीन	Adj
calm	शान्त	Adj
calm	शान्ती	N
calm	शान्तकरना	VT
calmly	शान्तीसे	Adv
calumet	एकप्रकारकाहुक्का	N
calve	बच्चादेना	V
camel	ऊँट	N
camellia	फूलवालेहरेपौधे	N
camera	कैमरा	N
camouflage	छद्मावरण	N
camouflage	छदमावरणकरना	V
camp	पड़ाव	N
camp	पड़ावडालना	V
campaign	अभियान	N
campaigner	अभियानचलानेवाला	N
can	कैन	N
can	सकना; कैनमेंरखना	V
canal	नहर	N
canary	एकगानेवालापक्षी	N
cancel	रद्दकरना	VT
cancer	कैन्सर	N
candid	खरा	Adj
candidate	उम्मीदवार	N
candle	मोमबत्ती	N
candlestick	दीपाधार	N
candour	खरापन	N
candy	मिश्री	N
cane	बेंत	N
cane	बेंतमारना	VT
canine	कुक्कुरीय	Adj
canker	नासूर	N
canker	सड़जाना	VI
canker	सड़ादेना	VT
cannibal	नरभक्षक	N
cannibalism	मनुष्यकामाँसखाना	N
cannon	तोप	N
cannonball	तोपकागोला	N
canny	चालाक	Adj
canoe	डोंगी	N
canopy	छत्र; चंदवा	N
cant	गंवार; असभ्य	Adj
cant	कपटकीबात	N
cant	बनाकरबोलना	VI
cantankerous	झगड़ालू; चिड़चिड़ा	Adj
canteen	कैन्टीन	N
canter	सरपट	N
canto	सर्ग; काण्ड	N
canton	परगना	N
canton	परगनोंमेंविभाजितकरना	VT
canvas	कैनवास	N
canvass	वोटमाँगना; चँदामाँगना	V
canvasser	वोटमाँगनेवाला; प्रार्थी	N
cap	टोपी	N
cap	ढक्कनलगाना	VT
capability	सामर्थ्य	N
capable	समर्थ	Adj
capacity	सामर्थ्य	N
cape	गरदनी; कंधेकावस्त्र	N
caper	कूदना; मृत्युदण्ड	VT
capital	राजधानी; पूँजी; मूलधन	N
capitalism	पूँजीवाद	N
capitalist	पूँजीपति	N
capitalist	पूँजीवादपरआधारित	Adj
capitalize	पूँजीबनाना; बड़ेअक्षरोंमेंलिखना	V
capitulate	हथियारडालदेना; शर्तोंकोमानलेना	V
capitulation	शर्तोंकेअधीनहोना	N
capricious	थला	Adj
capsize	उलट-पुलटजाना	V
capsule	कैपसूल	N
captain	कप्तान; सेनापति; जहाज़काअध्यक्ष	N
captain	नेतृत्वकरना	VT
captivate	मोहलेना; लुभाना	V
captive	कैदकियाहुआ	Adj
captive	कैदी	N
captivity	क़ैद	N
captor	कैदकरनेवाला	N
capture	पकड़ेजाना	N
capture	बंदीबनाना; जीतलेना; पकड़ना	VT
car	मोटरगाड़ी; पहियागाड़ी	N
carat	एकरत्ती	N
caravan	काफ़िला	N
caraway	विलायतीजीरा; अजमाद	N
carbon	कोयला; कार्बन	N
carcass	शव	N
card	कार्ड; ताश	N
cardinal	मुख्य; प्रधान	Adj
care	ध्यान; चिन्ता; सावधानी	N
care	चिन्ताकरना; परवाहकरना	V
career	पेशा; विकास	N
career	सरपटजाना	VI
careful	चौकस; सावधान	Adj
careless	बेपरवाह	Adj
cargo	जहाज़ी_माल; खेप	N
caricature	हास्यचित्र	N
caricature	हास्यचित्रबनाना	VT
carmine	लालरंग	Adj
carmine	लालरंग	N
carnage	हत्या	N
carnal	शारीरिक	Adj
carnation	गुलनार; लाली	N
carnival	रोमनकैथोलिकलोगोंकाएकउत्सव	N
carnivore	माँसाहारीपशु	N
carnivorous	माँसाहारी	Adj
carol	आनन्दकागीत	N
carol	प्रशंसागानकरना; आनन्दगीतगाना	V
carouse	खूबमद्यपानकरना	V
carousel	चक्रदोला	N
carp	तालाबकीबड़ीमछली	N
carp	छोटीतुच्छबातोंकीशिकायतकरना	V
carpenter	बढ़ई	N
carpentry	बढ़ईगीरी	N
carpet	कालीन	N
carpet	कालीनबिछाना	VT
carriage	गाड़ी; रेलगाढ़ीकाड़िब्बा	N
carrier	वाहक; लेजानेवाला	N
carrion	सड़ाहुआमाँस	N
carrot	गाजर	N
carry	लेजाना; ढोना; गर्भवतीहोना; बोझढोना; समर्थनहोना; प्रभावितकरना; चलन	VT
carry away	उत्तेजितहोना	PhrV
carry back	स्मरणकरना	PhrV
carry forward	{वाणिज्यसंबंधी}नएपन्नेमेंस्थानांतरणहोना	PhrV
carry off	जीतना	PhrV
carry on	बहसकरना	PhrV
carry out	पूर्णकरना	PhrV
carry over	आगेकेलिएटालना	PhrV
carry through	कठिनसमयमेंकिसीकीसहायताकरना	PhrV
carry	बंदूककीसीमा	N
cart	छकड़ागाड़ी; गाड़ी	N
cartilage	कुरकुरी; चबनीहड्डी	N
cartoon	हास्योत्पादकचित्र	N
cartoonist	व्यंगचित्रकार	N
cartridge	कारतूस	N
carve	काटकरचित्रबनाना	V
carver	सनतराश	N
cascade	झरना	N
case	मामला; डिबिया; पेटी; विभक्ति; मुकदमा	N
cash	रोकड़	N
cash	रोकड़मेंबदलना	V
cashier	रोकड़िया; कोषाध्यक्ष	N
cashier	पदच्युतकरना; निकालदेना	V
casket	सिंगारदान; आभूषणोंकाडिब्बा	N
cast	नाटकयाफिल्मकेकलाकार; प्रकारका	N
cast	डालना; नाटककेलिएचुनना; आकारदेना; बनाना	V
caste	जाति; वर्ण; गोत्र	N
casting	ढलाई; कलाकारोंकाचुनाव	N
castle	दुर्ग	N
castor	छोटापहिया{कुर्सीयामेजआदिकेपायेमेंलगाहुआ}	N
castrate	नपुंसककरना	V
casual	आकस्मिक	Adj
casually	संयोगसे{बिनाविशेषकारण}; साधारणढंगसे{बिनाविशेषविचारकिये}	Adv
casualty	हताहत; दुर्घटनाग्रस्तव्यक्ति	N
cat	बिल्ली	N
cataclysm	पानीकीबाढ़; पृथ्वीप्लाव	N
catacomb	कब्रोंकातहखाना	N
catalogue	नामावली; नामसूची	N
catalogue	सूचीपत्रबनाना	V
catapult	गुलेल	N
cataract	मोतियाबिन्द; बड़ाझरना	N
catastrophe	दुर्गति	N
catch	पकड़	N
catch	पकड़ना	V
catechism	धार्मिकयामौलिकशिक्षा	N
categorical	निर्धारक; नियत	Adj
category	वर्ग	N
cater	खिलाना; पिलाना	V
caterer	भोजप्रबंधक; रसोइया	N
caterpillar	झींगा; कीड़ा	N
catharsis	भावविरेचन	N
cathartic	भावविरेचक	Adj
cathedral	बड़ागिरजा	N
catholic	ईसाईसम्प्रदाय	N
catholic	सर्वसामान्य	Adj
cattle	पशु; मवेशी	N
cauldron	हंडा; कड़ाही	N
cauliflower	फूलगोभी	N
causal	कारणात्मक	Adj
cause	कारण	N
cause	कारणहोना; उत्पन्नकरना	VT
causeway	बाँध; पुलकीऊँचीसड़क	N
caustic	क्षारक; दाहक; कठोर	Adj
caution	चेतावनी	N
caution	सावधानकरना	V
cautious	सावधान	Adj
cavalcade	जुलूस	N
cavalier	अभिमानी	Adj
cavalry	अश्वारोहीसेना	N
cave	गुफा	N
cave	गुफाखोदना; कन्दराबनाना	V
cave in	अन्दरकीओरगिरना	PhrV
cavern	बड़ीगुफा	N
cavity	कोष्ठ	N
cease	विरामलगाना	V
ceaseless	लगातार	Adj
cedar	देवदार	N
cede	देडालना	VT
ceiling	भीतरीछत; उच्चतमसीमा	N
celebrate	उत्सवमनाना	V
celebration	उत्सव; खुशीमनाना	N
celebrity	प्रतिष्ठितव्यक्ति	N
celestial	स्वर्गीय; आकाशीय	Adj
celibacy	कुवाँरापन	N
celibate	कुवाँरा	N
cell	तहखाना	N
cellar	तंगकोठरी	N
cement	सीमेंट	N
cement	जोड़ना	VT
cemetery	समाधिस्थल	N
censor	निरीक्षक; गुणदोषविवेचक	N
censor	काटछाँटकरना	V
censure	निंदा	N
censure	निंदाकरना	V
census	जनगणना	N
cent	शत	N
centenarian	सौवर्षीयव्यक्ति	N
centenary	शतवर्षीयउत्सव	N
centennial	शतवर्षीय; सौबरसमेंएकबारहोनेवाला	Adj
central	केन्द्रीय	Adj
centralize	केन्द्रीयकरणकरना	V
century	शताब्दी	N
cereal	अन्न; अनाजकापौधा	N
ceremonial	रीतिसंबंधी	Adj
ceremony	रीति	N
certain	निश्चित	Adj
certain	कुछ	Pron
certainly	निश्चितरूपसे	Adv
certainty	निश्चय	N
certificate	प्रमाणपत्र	N
certificated	प्रमाणितकियाहुआ	Adj
certify	प्रमाणितकरना	V
cessation	ठहराव	N
cesspool	नाबदान; गंदीजगह	N
chafe	रगड़	N
chafe	रगड़जाना	V
chaff	छिलका; छाँटन	N
chaff	हँसीमेंखिजाना; तंगकरना	VT
chagrin	झुंझलाहट	N
chagrin	कुढ़ाना; खिजाना	VT
chain	श्रृंखला; ज़ंजीर; करधनी; तोड़ा	N
chain	सिकड़ीबाँधना	V
chair	कुर्सी	N
chair	अध्यक्षतानिभाना	V
chairman	अध्यक्ष; सभापति	N
chalk	खड़िया	N
chalk	चिह्नलगाना	VT
challenge	चुनौती; दावा	N
challenge	चुनौतीदेना	VT
chamber	कक्ष; कचहरी; सभा	N
chamberlain	राजमहलकाबड़ाअफ़सर	N
chameleon	गिर्गिट	N
champ	कुतरना	VT
champagne	शैम्पेन; एकप्रकारकीचमकीलीमदिरा	N
champion	शूरवीर	N
chance	संयोग; मौका	N
chance	संयोगवशहोजाना	V
chancellor	कुलपति	N
chancery	बड़ान्यायालय	N
chandelier	झाड़-फ़ानूस	N
chandler	मोमबत्तीबनानेवालाएवंबेचनेवाला; जहाजकेसामानबेचनेवाला	N
change	परिवर्तन; छुट्टापैसा	N
change	बदलजाना	V
channel	नाला; मार्ग; टीवीकेचेनल	N
chant	गीत; भजन	N
chant	अलापना	VT
chaos	अव्यवस्था	N
chap	लड़का	N
chap	तड़कना	V
chapel	छोटागिरजा	N
chaperon	चौकसीकरनेवालीस्त्री	N
chaperon	चौकसीकरना{महिलाकी}	VT
chaplain	पुजारी; पुरोहित; पादरी	N
chapter	अध्याय; सभा; समय; काल	N
char	झुलसादेना; जलाना	V
character	चिह्न; अक्षर; चरित्र; कीर्ति; अजीबगुणहोना; नाटककापात्र; नाटककाचरित्र	N
characteristic	विशेष	Adj
characteristic	विशिष्टलक्षण	N
characterize	चरित्रचित्रणकरना	VT
charcoal	लकड़ीकाकोयला	N
charge	आक्रमण; धावा; दोषारोपण; मूल्य; जिम्मेदारी; अधिकार	N
charge	दोषलगाना; उत्तेजितकरना; होना; जिम्मेदारीड़ालना; आज्ञादेना; बिजलीसंचयकरनेकेयंत्रमेंबिजलीभरना	V
chariot	रथ	N
charitable	दानशील	Adj
charitably	उदारतासे	Adv
charity	दान	N
charlatan	झूठावैद्य	N
charm	मनोहरता	N
charm	मोहितकरना	VT
charming	मोहक	Adj
chart	चार्ट{लेखाचित्र}; समुद्रीनक्शा	N
charter	राजपत्र; अधिकारपत्र; निजीकार्यकेलिएउपयोगकियाहुआ	N
charter	निजप्रयोगकेलियेकिरायेपरलेना	VT
chase	पीछाकरना	N
chase	पीछाकरना	VT
chasm	दरार; छेद	N
chasten	निग्रहकरना	V
chastise	दण्डदेना; ताड़नाकरना	VT
chastity	शुद्धता	N
chat	गपशप	N
chat	गपशपकरना	V
chateau	क़िला	N
chatter	चीं-चींकीआवाज़; बकबक	N
chatter	बकबककरना; कटकटाना	V
cheap	सस्ता	Adj
cheaply	सस्तेमें	Adv
cheat	ठग	N
cheat	कपटकरना	V
check	अचानकरोकना; संयमितकरना; जाँचना; मातदेना{शतरंजकेखेलमें}	VT
check in/into	अतिथिकेरूपमेंनामदर्जकरना	PhrV
check off	सहीकाचिह्नलगाना	PhrV
check up	जाँचकरना	PhrV
check on	सत्यकीजाँचकरना	PhrV
checked out	बिलभरकरजगहखालीकरना	PhrV
check sth out	जाँचकरना	PhrV
check-up	जाँच	N
check	जाँच; संयम; रोक; मात{शतरंजकेखेलमें}; चारखाना	N
checked	चारखानेवाला	Adj
cheek	गाल	N
cheer	हर्ष	N
cheer	हर्षितकरना; ढ़ाढ़सबाँधना	VT
cheerful	आनन्दित	Adj
cheery	हर्षित	Adj
cheese	चीज़; पनीर	N
chemical	रसायनिक	Adj
chemical	रसायनिकद्रव्य	N
chemist	रसायनज्ञ	N
chemistry	रसायन-शास्त्र	N
cheque	हुण्डी; चेक	N
cherish	स्नेहपूर्वकरखना; ध्यानकरना	VT
cherry	चेरी; एकप्रकारकाफल	N
chess	शतरंज	N
chessman	शतरंजकीगोटी	N
chest	छाती; सन्दूक	N
chestnut	भूरा	Adj
chestnut	शाहबलूत	N
chevalier	वीरपुरुष; बहादुर	N
chew	चबाना	VT
chicanery	वाक्छल	N
chick	चूज़ा	N
chicken	मुर्गी	N
chide	डाँटना	V
chief	मुख्य	Adj
chief	प्रमुख	N
chiefly	प्रधानतः	Adv
chieftain	प्रधान-पुरुष	N
child	बच्चा	N
childbirth	सन्तानप्रसव	N
childhood	बचपन	N
childish	लड़कपनकीसी	Adj
childless	निःसन्तान	Adj
chill	ठण्डाहोजाना	V
chill	ठण्ड; उत्साहहीन	N
chilly	ठण्डा; उत्साहहीन	Adj
chime	झंकार	N
chime	झंकारकरना	V
chimney	चिमनी	N
chimpanzee	चिंपांज़ी	N
chin	ठुड्डी	N
china	चीनीमिट्टी	N
chip	टुकड़ा	N
chip	कोनेसेटूटना	V
chirp	चूँ-चूँकरना; चीं-चींकरना	V
chisel	छेनी	N
chisel	छेनीसेकाटना	VT
chit	छोटीलड़की; परचा	N
chit-chat	गपशपकरना	V
chitchat	बातचीत; गपशप	N
chivalry	बहादुरी; वीरता	N
chlorine	क्लोरीन	N
chloroform	बेसुधकरनेकीऔषधि; क्लोरोफार्म	N
choice	चुनाव	N
choir	भजनगानेवालोंकासमूह	N
choke	श्वासावरोधहोना	VT
cholera	हैज़ा	N
choose	चुनना	V
chop	आघात	N
chop	टुकड़ेटुकड़ेकरना	VT
choral	भजनका	Adj
chord	डोरी; स्वरसंयोग; नाभिगत	N
chorus	गायकोंकासमूह	N
christen	नामरखना	VT
chronic	दीर्घ; स्थायी	Adj
chronicle	इतिहास; वृत्तान्त	N
chronicle	इतिहासमेंलिखना	VT
chronicler	इतिहासलेखक	N
chrysanthemum	गुलदाउदी	N
chubby	गलफुला	Adj
chuck	बेपरवाहफेंकना	V
chuck	निकालदेना	N
chuckle	दबीहुईहँसी	N
chuckle	रुककेहँसना	VI
chum	साथी	N
church	गिरजाघर	N
churchman	पादरी	N
churchyard	गिरजाकेसमीपमृतकोंकेगाढ़नेकास्थान	N
churn	मथनेकीनाद; मटकी	N
churn	मथना	V
cider	सेबकीमदिरा	N
cigar	चुरुट; सिगार	N
cigarette	सिगरेट	N
cinder	अंगारा	N
cinema	चलचित्र; सिनेमा	N
cinematographer	चलचित्रकार	N
cinematography	चलचित्रकला; चलचित्रण	N
cinnamon	दालचीनी	N
cipher	शून्य; तुच्छवस्तु; गुप्तलिखावटकीकुंजी	N
circa	लगभग	Prep
circle	वृत्त; परिधि; मण्डली	N
circle	चक्करमारना; घेरना	V
circuit	चक्कर; विद्युत-परिपथ; न्यायधीशद्वारामुकद्दमासुननेहेतुकिसीस्थानकानियमितभ्रमणकरना	N
circuitous	घुमावदार	Adj
circular	वृत्तीय	Adj
circular	सर्क्युलर	N
circulate	चारोंओरभेजना; फैलाना	VT
circulation	प्रचलन; रक्तबहन	N
circumference	परिधि	N
circumspect	सावधानीसे	Adj
circumstance	परिस्थिति; दशा	N
circumstantial	परिस्थितिवश; संयोगवश	Adj
circumvent	गतिरोधपैदाकरना	V
circus	सर्कस	N
cistern	जलाधार	N
citadel	गढ़; कोट	N
citation	दृष्टान्त; सम्मान-पत्र	N
cite	दृष्टान्तदेना; बुलवाना	V
citizen	नागरिक	N
citizenship	नागरिकता; पौराधिकार	N
citrus	नीबूसंतराआदि	N
city	शहर	N
civic	नागरिक	Adj
civics	नागरिकविज्ञान	N
civil	नागरिक; सभ्य; दीवानी{कानूनसंबंधी}; असैनिक	Adj
civil-marriage	रजिस्टर्डशादी{वहविवाहजोधार्मिकविधिसेनहोवरनकानूनीरूपसेहो}	N
civilian	असैनिककर्मचारी	N
civility	नम्रता	N
civilization	सभ्यता	N
civilize	सभ्यबनाना	V
clack	कर्कशशब्दकरना	V
clad	ढकाहुआ; कपड़ेपहनेहुए	Adj
cladding	आच्छादितकरना	N
claim	दावाकरना; ज़ोरदेकरकहना; मुआवज़ामाँगना; कापात्रहोना; नुकसानकाकारणहोना	V
claim	दावा; मुआवज़ेकीमांग; ज़ोरदेकरकहना	N
claimant	दावेदार	N
clam	एकप्रकारकाघोंघा	N
clam up	चुप्पीरखना	PhrV
clamber	कठिनाईसेचढ़ना	V
clammy	चिपचिपा	Adj
clamour	कोलाहल	N
clamour	कोलाहलकरना; चिल्लाना	V
clamp	कीलक	N
clamp	ज़ोरसेपकड़ना	V
clandestine	छिपाहुआ	Adj
clang	झनझनाना	V
clap	ताली; एकप्रकारकीयौनबीमारी	N
clap	तालीबजाना	V
clarify	स्पष्टकरना	V
clarification	स्पष्टीकरण	N
clarinet	एकप्रकारकावाद्ययंत्र	N
clarinettist	शहनाईजैसाबाजाबजानेवाला	N
clarion	ज़ोरकी; जगादेनेवाली	Adj
clarity	स्पष्टता	N
clash	लड़ना; साथसाथहोना; बेमेलहोना; टकराना	V
clash	लड़ाई; एकहीसमयपरहोना; बेमेल; टक्कर	N
clasp	बक्कल; मजबूतपकड़	N
clasp	मजबूतीसेपकड़ना	V
class	वर्ग; कक्षा; विशेषता; श्रेष्ठता; श्रेणी; प्रथमस्थान; जाति	N
class	विशेष	Adj
class	वर्गीकरणकरना	V
classless	बिनावर्गके	Adj
classy	विशेषएवंउच्चतम	Adj
classic	सर्वोच्चकोटिका; उत्कृष्ट; ग्रीकलैटीनयासंस्कृतकेस्तरकी	Adj
classic	प्राचीनसाहित्य; कला; श्रेष्टतम	N
classical	शास्त्रीय; प्राचीन	Adj
classicism	उच्चकोटिकीशैलीयासाहित्य	N
classicist	शास्त्रीयप्रणालीकाअनुसरनकरनेवाला	N
classification	वर्गीकरण	N
classify	वर्गीकृतकरना	V
classified	वर्गीकृत; गोपनीय	Adj
classmate	सहपाठी	N
classroom	कक्षा	N
clatter	खड़खड़कीआवाज़करना	V
clatter	खड़खड़ाहट	N
clause	{व्याकरणसंबंधी}वाक्यांश; खण्ड़	N
claustrophobia	क्लास्ट्रोफोबिया{बन्दजगहमेघुटनमहसूसकरना}	N
claustrophobic	बन्दजगहमेंघुटनमहसूसकरनेवाला	Adj
clavichord	एकप्रकारकावाद्ययंत्र	N
clavicle	हँसुली	N
claw	पंजा	N
claw	पंजामारना	V
clay	सख्तचिकनीमिट्टी	N
clayey	चिकनीमिट्टीजैसा	Adj
claymore	एकप्रकारकीलम्बीतलवार	N
clean	स्वच्छ; खाली; भद्र; शालीन; नियमोंकापालनकरतेहुए; बिनाकिसीगलतीके	Adj
clean	निस्सन्देह	Adv
clean	साफकरना	V
clean down	साफकरना	PhrV
clean from/off	गन्दगीनिकालना	PhrV
clean out	चोरीकरना	PhrV
clean up	स्वच्छहोना	PhrV
clean-up	सफाई	N
cleaner	साफकरनेवाला	N
cleaning	सफाई	N
cleanliness	स्चच्छता	N
cleanly	बिनाकोईगलतीसे	Adv
cleanse	शोधनकरना	V
cleanser	शोधनकरनेवाला	N
clear	स्पष्ट; साफ; बिनाशंकाके; बेशक; सजग; पारदर्शक; बिनारुकावटके; विमल; पूरा	Adj
clearly	साफ-साफ	Adv
clearness	सफाई	N
clear	समझमेंआना	Adv
clear-cut	स्पष्टतः	Adj
clear	हटना; साफकरना; दोषमुक्तकरना; निर्दोषठहराना; निकासकरना; चुकताकरना	V
clear away	हटालेना	PhrV
clear up	सुलझाना	PhrV
clear off	भागजाना	PhrV
clearance	निकासी; प्रकाशमेंड़ालना	N
cleat	लकड़ीयाधातुकीपट्टीजोबाँधनेकेकामआतीहो	N
cleavage	स्तनोंकेबीचकाभाग	N
cleave	द्विखंडितकरना; चिपकेहुएरहना	V
cleaver	बड़ाछुरा	N
clef	संगीतस्वरोंकाप्रतीक	N
cleft	विभाजित	N
clematis	एकप्रकारकीबेल	N
clement	अनुकूल; दयालु	Adj
clemency	अनुकूलता; दया	N
clench	कसकरपकड़ना	V
clergy	पादरी	N
clerical	लेखासंबंधी; पादरीसंबंधी	Adj
clerk	लेखाकार	N
clever	चतुर	Adj
cliche	चलनसेबाहरहुआमुहावरा	N
cliched	घिसा-पिटाहुआ	Adj
click	क्लिककरना[होना]; यकायकसमझमेंआना	V
click	खटखटकीआवाज़	N
client	मुवक्किल; उपभोगता	N
cliff	खड़ीचट्टान	N
cliff-hanger	अन्तअनिश्चितवालानाटक	N
climactic	उत्तेजक	Adj
climate	जलवायु; परिस्थति	N
climatology	जलवायुविज्ञान	N
climax	शिखर	N
climb	चढ़ना; आरोहणकरना; उन्नतिकरना	V
climb	चढ़ाव	N
climber	चढ़नेवाला; बेल; समाजमेंउच्चवर्गकीओरढ़ालनेवाला	N
clime	जलवायु	N
clinch	प्राप्तकरलेना; करकरपकड़ना	V
cling	कसकरलिपटजाना; बनेरहना; चिपकेरहना; टिकेरहना	V
clinging	शरीरसेचिपकाहुआ; भावात्मकरूपसेनिर्भर	Adj
clinic	चिकित्सालय	N
clinical	भावआवेगकेबिना; नैदानिक; सादगी	Adj
clink	टन-टनकीआवाज़	N
clink	टन-टनआवाज़करना	V
clinker	भट्टीसेप्राप्तराखकाढ़ेर	N
clip	क्लिप; गोलीड़लीहुईतोप	N
clip	जोड़ना; छाँटना	V
clip-on	किसीसेबंधाहुआ	Adj
clip	छँटाई; प्रहार; अंश	N
clipboard	कागज़आदिपकड़नेकीतख़्ती	N
clipper	कतरनी	N
clique	गुट	N
clitoris	भगनासा	N
cloak	लबादा	N
cloak	ढकाहुआहोना	V
cloakroom	सामानरखनेकास्थान	N
clobber	बुरीतरहपीटना	V
clobber	कपड़े-लत्तेइत्यादि	N
clock	घड़ी	N
clock	समयलगाना	V
clockwise	घड़ीकीसुईकीदिशा	Adj
clockwise	घड़ीकीसुईकीदिशामें	Adv
clog	लकड़ीकेचप्पल; जूते	N
clog	रोकना	V
cloister	एकान्तस्थल	N
cloistered	एकान्तवासी	Adj
clone	हूबहू	N
clone	हूबहूबनाना	V
clonk	?	N
clonk	?	V
close	पास; नज़दीकी; समान; सूक्ष्म; बराबरका; एकसाथ; बारीक; बन्द; गोपनीय	Adj
close	पासमें	Adv
closely	निकटतासे; ध्यानसे	Adv
close-fitting	कसाहुआ	Adj
close-knit	मिलजुलकर	Adj
close-set	सटाहुआ	Adj
close-up	बड़ाएवंपास	N
close	बन्दकरना; बन्दहोना; समाप्तहोना; नज़दीकआना	V
close around/over/round	आलिंगनकरना	PhrV
close in	छोटाहोना	PhrV
close down	समाप्तकरना	PhrV
close with	आमनेसामनेहोना	PhrV
close up	कुछसमयकेलिएबन्दकरना	PhrV
closing date	अन्तिमतिथि	N
close	समाप्ति	N
closed	बन्धाहुआ	Adj
closet	अलमारी	N
closet	गोपनीय	Adj
closet	किसीकार्यमेंमग्नहोना	V
closure	समापन	N
clot	थक्काहोना	V
cloth	कपड़ा	N
clothe	वस्त्रपहनना	V
clothes	वस्त्र	N
clothing	वस्त्र	N
cloud	बादल	N
cloudless	मेघरहित	Adj
cloudburst	अचानकबारिशहोना	N
clout	घूँसा; प्रभाव	N
clout	घूँसामारना	V
clove	लौंग	N
clover	एकप्रकारकापौधा	N
clown	जोकर; मूर्ख	N
clown	मूर्खतापूर्णव्यवहारकरना	V
clownish	मूर्खतापूर्ण	Adj
cloying	उबानेवाला	Adj
cloze test	क्लोज़टेस्ट	N
club	क्लब; डंडा	N
club	डण्डेसेमारना	V
cluck	कुड़कुड़ाना	N
cluck	कुड़कुड़ानेकीआवाज़करना	V
clue	सूत्र	N
clueless	बेवकूफ	Adj
clump	गुच्छा	N
clump	धमाकेकेसाथचलना	V
clump	धम-धमकरनेकाचलन	N
clumpy	भारीऔरभद्दा	Adj
clumsy	बेढंगा	Adj
clunk	घिसनेकीआवाज़	N
cluster	गुच्छा	N
cluster	भीड़लगाना; एकसाथभारीसंख्यामेंएकस्थानपरहोना	V
clutch	पकड़ना	V
clutch	यंत्रोंकेअंशोंकोजोड़नेवालाउपकरण	N
clutches	पकड़	N
clutter	अव्यवस्थित	N
clutter	अस्त-व्यस्तकरना	V
cm	सेन्टीमीटर	Abbr:centemeter
coach	बस; शिक्षक	N
coach	शिक्षादेना	V
coachload	बसमेंयात्रीयोंकासमूह	N
coachman	घोड़ागाड़ीचालक	N
coagulate	थक्काजमना	V
coagulation	थक्का	N
coal	कोयला	N
coal-black	कोयलेजैसाकाला	Adj
coal gas	कोयलेसेनिकलीगैस	N
coal tar	डामर	N
coalesce	एकसाथमिलना	V
coalface	कोयलेकाढ़ेर	N
coalition	संगठन	N
coalmine	कोयलेकीखान	N
coaming	जहाजकेकिनारोंकाउठाहुआभाग	N
coarse	रूखा; अशिष्ट	Adj
coarsely	मोटाऔरभारी	Adv
coarsen	भारी	V
coast	समुद्रतट	N
coast	नीचेढालपरफिसलना	V
coaster	गर्मबर्तनआदिरखनेकीगोलटिकली; मालढ़ोनेवालाजहाज	N
coastguard	तटकीसुरक्षाबल	N
coastline	समुद्रीकिनारा	N
coat	कोट; {आवरण}जानवरकेबाल; लेप	N
coat	लेपना	V
coax	मनाना	V
coaxing	मनाना	N
cob	गोलडबलरोटी; नाटाघोड़ा; हंस; मिट्टीऔरभूसामिलाकरबनाहुआपदार्थ	N
cobalt	एकप्रकारकीधातु	N
cobble	छोटेपत्थर	N
cobble	छोटेपत्थरबिछाना; मरम्मतकरना	V
cobbler	मोची	N
cobol	कम्प्यूटरकीव्यापारिकभाषा	N
cobra	विषैलासांप	N
cobwebs	मकड़ीकाजाल	N
cocaine	कोकेन{नशीलीवस्तु}	N
coccyx	मेरूदण्ड़केनीचेकीछोटीहड्ड़ी	N
cochineal	लालरंगकीचीज़जोखानेकोरंगनेकेकामआतीहै	N
cock	मुर्गा	N
cock-a-hoop	बहुतसन्तुष्ट	Adj
cock crow	सुबह	N
cock	खड़ाकरना; एकतरफझुकाना; उठाकरतैयाररखना	V
cock-up	बिगाड़ना	N
cockatoo	एकप्रकारकातोता	N
cock-eyed	टेढ़ा; मूर्खतापूर्ण	Adj
cockpit	{वायुयानमें}चालकस्थान	N
cockroach	तिलचिट्टा	N
cocksure	पूर्णरूपसेनिश्चित	Adj
cocktail	मद्यपानकीदावत	N
cocky	अहंकारी	Adj
cocoa	कोको	N
coconut	नारियल	N
cocoon	कोया	N
cocoon	दुनियासेअलगरहना	V
cod	एकप्रकारकीमछली	N
coda	आभोग	N
coddle	सावधानीसेदेखभालकरना	V
code	कूटसंकेत; सांकेतिकअंक; नियमावली	N
code	कूटसंकेतदेना	V
codeine	कोडीन{दर्दनिवारकदवा}	N
codger	अनोखाबूढ़ाव्यक्ति	N
codicil	परिशिष्ट	N
codify	संहिताबनाना	V
codswallop	बकवास	N
coed	सहशिक्षा	N
coefficient	गुणांक	N
coerce	जबरदस्तीकरना	V
coercion	जोर-जबरदस्ती	N
coercive	बलयुक्त	Adj
coexist	मिलजुलकररहना	V
coexistence	सहअस्तित्व; मिल-जुलकररहना	N
coffee	कौफी	N
coffee bar	जलपानगृह	N
coffee break	मध्यवकाश	N
coffee-table book	समयबितानेकेलिएकिताब	N
coffer	धन; तिजोरी	N
coffin	ताबूतजिसमेंलाशकोरखकरजमीनमेंगाढ़ाजाताहै	N
cog	चक्रदन्त	N
cogent	निश्चयात्मक	Adj
cogitate	गहनचिन्तनकरना	V
cogitation	गहनचिन्तन	N
cognate	एकहीजड़सेउत्पन्नहोना	V
cognition	परोक्षज्ञान	N
cognitive	बोध	Adj
cognizance	पूर्णजानकारहोना	N
cognizant	पूर्णजानकारवाला	Adj
cognoscenti	बावर्ची	N
cohabit	पति-पत्निकीतरहरहना	V
cohere	संसक्तहोना; अनुरूपहोना	V
coherent	संबद्ध; समझनेमेंसरलहोना	V
coherence	संसक्तता	N
coherently	संसक्ततासे	Adv
cohesion	संसंजन	N
cohesive	संसंजक	Adj
cohesively	संसजकतासे	Adv
cohort	सहयोग	N
coil	लपेटना	V
coil	वलयक; लपेट	N
coin	सिक्का	N
coin	गढ़ना; फायदाकरना	V
coinage	?; गढ़ना	N
coincide	एकसाथपड़ना; एकजैसाहोना	V
coincidence	संयोग	N
coincident	संयोग	Adj
coincidental	संयोगवश	Adj
coincidentally	संयोगसे	Adv
coir	नारियल-जटा	N
cold	ठंडा; ठंडापेय; निरुत्साह; हल्का; कठिन; बेहोश	Adj
coldly	बिनाउत्साहके	Adv
coldness	उपेक्षा	N
cold-blooded	जलवायुसेभिन्नतापमानकाहोना; निर्दयी	Adj
cold chisel	एकप्रकारकीछेनी	N
cold cream	चमड़ेपरलगानेकालेप	N
cold cuts	पकाहुआठंड़ागोश्त	N
cold frame	शीशेसेढकाहुआलकड़ीकाढ़ाँचा	N
cold-hearted	हृदयहीन	Adj
cold shoulder	जानबूझकरध्याननदेना	V
cold snap	अचानकअल्पसमयकेलिएठंड़पड़ना	N
cold storage	शीतागार	N
cold sweat	भयभीतहोना	N
cold war	शीतयुद्ध	N
cold	ठंड़; ज़ुकाम	N
cold sore	मुँहकेछाले	N
coleslaw	एकप्रकारकीभाजी	N
colic	सूलमरोड़{पेटकादर्द}	N
colicky	सूलमरोड़वाला{पेटकादर्दसंबंधी}	Adj
colitis	वृहदान्त्र-शोथ	N
collaborate	सहयोगकरना; देशद्रोहकरना	V
collaboration	सहयोग	N
collaborative	सहयोग	Adj
collaboratively	सहयोगसे	Adv
collaborator	सहयोगी	N
collage	कोलाज{कागज़कपड़ेइत्यादिकेटुकड़ोंसेचित्रबनानेकीकला}	N
collapse	टूटकरगिरजाना; बिमारपड़ना; पतनहोना; अचानकगिरना; सिमटना	V
collapse	विध्वंस; असफलता	N
collapsible	सिमटनेवाला	Adj
collar	गरदनी; गलेकापट्टा	N
collar	गिरफ्तारकरना	V
collar-bone	हँसली	N
collate	सभीजगहसेसूचनाएकत्रकरना	V
collation	हल्काखाना	N
collateral	साथ-साथका; एकहीजातीका	Adj
colleague	सहकार्यकर्ता	N
collect	संग्रहीतकरना; एकत्रहोना; चंदाइकट्ठाकरना; मिलना; लेजाना; स्वयंपरकाबूलाना	V
collectable	संग्रहकरनेयोग्य	Adj
collect	छोटीप्रार्थना	N
collection	संग्रहण; इकट्ठानिकालना; कपड़ोकासंग्रह; समूह	N
collective	सामूहिक	Adj
collective	समूह	N
collectivism	समूहवाद	N
collectivize	सामूहिककरदेना	V
collective noun	समूहवाचकसंज्ञा	N
collector	संग्रहकर्ता; जिलाधिकारी	N
colleen	जवानलड़की	N
college	महाविद्यालय	N
collegiate	सहछात्र; छात्रा	Adj
collide	टक्कर	V
collie	एकप्रकारकाकुत्ता	N
collier	कोयलेकीखानमेकामकरनेवाला	N
colliery	कोयलेकीखान	N
collision	टक्कर; विचारोंमेंटक्कर	N
collision course	मतभेदलानेवालाकार्य	N
collocate	{भाषासंबंधी}साथमेंप्रयोगकरना	V
collocation	भाषामेंहमेशासाथमेंप्रयोगकरनेवालेशब्द	N
colloquial	बोलचालसंबंधी	Adj
colloquialism	बोलचालकीभाषा	N
colloquy	स्वयंसेबातकरना	N
collude	साँठ-गाँठ	V
collusion	मिलीभगत	N
colon	कोलन{:}	N
colonel	कर्नल	N
colonial	उपनिवेशी	Adj
colonisation	उपनिवेशबसाना	N
colonise	नईबस्तीबसाना	VT
colonist	उपनिवेशकारहनेवाला	N
colony	उपनिवेश	N
colossal	दीर्घकाय; बहुतबड़ा	Adj
colossus	दीर्घकायव्यक्ति[वस्तु]	N
colour	रंग	N
colour	रंगना	V
colt	बछेड़ा{घोड़ेका}	N
column	स्तम्भ; सैन्यदल; पृष्ठकाएकखण्ड	N
coma	बेहोशीकीनींद	N
comb	कंघा; कुक्कुटशिखा; छत्ता	N
comb	कंघीकरना; अच्छेसेढूँढना	VT
combat	युद्ध	N
combat	विरोधकरना	VTI
combatant	योद्धा	N
combination	संयोजन; बन्दिश{अंकोंकी}	N
combine	मिलना[मिलाना]	V
combustible	दहनशील	Adj
combustion	दहन	N
come	आना; यात्राकरना; एकनिश्चितस्थललकोआना; एकनिश्चितस्थानगृहणकरना; उपलब्धहोना; बनकरआना; तर्कपरपहुँचना; प्रश्नमेंप्रयोगकरना; अभिनयकरना	V
come along	प्रोत्साहनकरना	PhrV
come at	आक्रमणकेलिएआगेआना	PhrV
come back	फिरसेआना	PhrV
come across	अचानकमिलना	PhrV
come by	कुछपाना	PhrV
come down	गिरना	PhrV
come down on	बहुतनिन्दाकरना	PhrV
come down with	पीड़ितहोना	PhrV
come for	आक्रमणकरना	PhrV
come forward	सहायताप्रदानकरना	PhrV
come in	आना{अन्दर}; शामिलहोना	PhrV
come into	विरासतमेंपाना	PhrV
come off	सफलएवंप्रभावशालीहोना	PhrV
come on	उत्साहबढ़ाना	PhrV
come out	बाहरआना	PhrV
come through	सफलतासेनिकलजाना; साफदिखाईपड़ना	PhrV
come up	बीचमेंआना; किसीघटनाकेहोनेकासमयनज़दीकआना	PhrV
comeback	वापसी	N
comedian	हँसानेवाला	N
comedy	हर्षप्रधाननाटक	N
comet	धूम्रकेतु	N
comfort	आराम	N
comfort	आरामदेना	VT
comfortable	सुखदाई	Adj
comic	हास्यप्रद	Adj
comical	ठठोलिया	Adj
coming	भावी	Adj
coming	आगमन	N
command	शासन; आज्ञा; वश; शक्ति	N
command	शासनकरना; माँगना	VT
commandant	सेनापति	N
commander	कमांडर{सेनाकाअफ़सर}	N
commandment	आज्ञा; ईश्वरकीआज्ञा	N
commemorate	किसीउत्सवद्वारास्मरणकरना; मनाना	VT
commemoration	स्मरणोत्सव	N
commence	आरम्भहोना	V
commencement	आरम्भ	N
commend	प्रशंसाकरना; सौंपना	V
commendable	प्रशंसनीय; सराहनीय	Adj
commendation	सराहना	N
commensurate	बराबरकरना	Adj
comment	टीका-टिप्पणी	N
comment	टीका-टिप्पणीकरना	V
commentary	भाष्य	N
commentator	भाष्यकार	N
commerce	वाणिज्य	N
commercial	व्यापारिक	Adj
commercialize	किसीकार्यद्वारापैसाकमाना	V
commiserate	किसीपरदयाकरना	N
commission	अधिकार; दलाली; आयोग	N
commission	अधिकारदेना; नियुक्तकरना	VT
commissioner	आयुक्त; अधिकारी	N
commit	समर्पणकरना; भेजना; वादाकरना	VT
commitment	वादा	N
committee	समिति	N
commodity	सामग्री	N
common	सार्वजनिक; सामान्य	Adj
commonly	सामान्यतः; साधारणतः	Adv
commonplace	सामान्य; साधारणविषय	N
commonwealth	राष्ट्रमंडल	N
commotion	हलचल	N
communal	सांप्रदायिक	Adj
commune	बातचीत; मैत्रिकबातचीत	N
communicate	कहना; बतलाना; पहुँचाना; जताना	VT
communication	सम्पर्क	N
communicative	बातचीतकरनेएवंसम्पर्करखनेकेईच्छुक	Adj
communion	समानधर्मकोमाननेवालासमूह; प्रभुईसामसीहकेस्मरणमेंभोज	N
communique	सरकारीविज्ञप्ति	N
communism	साम्यवाद	N
commutation	भारीदण्डकेस्थानपरहल्कादण्ड़देना	N
commute	बसमेंसवारकरना; भारीदण्डकेस्थानपरहल्कादण्डदेना	VT
compact	गठाहुआ; छोटाऔरसाफ	Adj
compact	दोलोगयादोदेशोंकेबीचसहमति; छोटीसीड़िबीया	N
companion	साथी	N
companionship	संगति	N
company	कम्पनी; संगत	N
comparable	तुलनीय	Adj
comparative	तुलनात्मक	Adj
compare	तुलनाकरना	VT
comparison	तुलना	N
compartment	विभाग	N
compass	कम्पास; दिशानिरूपणयंत्र; सीमा	N
compassion	अनुकंपा; दया	N
compassionate	करुणामय	Adj
compatibility	अनुकूलता	N
compatible	अनुरूप	Adj
compatriot	एकदेशवासी	N
compel	विवशकरना	VT
compendium	सूचनाओंकेबारेमेंविस्तृतविवरण	N
compensate	हरजानादेना	V
compensation	हरजाना	N
compete	बराबरीकरना	V
competence	सामर्थ्यता	N
competent	समर्थ	Adj
competition	स्पर्धा	N
competitive	प्रतियोगितासंबन्धी	Adj
competitor	प्रतियोगी	N
compilation	संकलन; संग्रह	N
compile	संकलनकरना; संग्रहकरना	V
complacency	संतोष	N
complain	शिकायतकरना	V
complainant	{कानूनसंबंधी}मुद्दई	N
complaint	शिकायत	N
complement	समपूरक	N
complementary	समपूरक	Adj
complete	पूरा	Adj
complete	पूराकरना	V
completion	समाप्ति	N
complex	जटिल	Adj
complexion	वर्ण	N
complexity	जटिलता	N
compliance	सम्मति	N
compliant	सम्मत	Adj
complicated	उलझाहुआ	Adj
complicate	उलझाना	VT
complication	उलझन	N
compliment	प्रशंसा	N
compliment	प्रशंसाकरना	VT
complimentary	प्रशंसासूचक	Adj
comply	स्वीकारकरना	V
component	आंशिक	Adj
component	अंश	N
compose	बनाना; रचना; धैर्यधारणकरना	VT
composer	रचयिता	N
composite	सम्मिश्र	Adj
composition	संयोजन; छोटीसीलेख	N
compost	खाद	N
compound	मिश्रण; आँगन	N
compound	मिलजाना	V
comprehend	समझना	VT
comprehensible	समझनेकेयोग्य	Adj
comprehension	समझ	N
comprehensive	विस्तृत	Adj
compress	दबाना; संक्षेपकरना	V
compressor	संपीड़क	N
comprise	समाविष्टकरना; सम्मिलितकरना	VT
compromise	समझौता	N
compromise	समझौताकरना	VT
compulsion	विवशता	N
compulsory	अनिवार्य	Adj
compute	गणनाकरना	VT
computer	कम्प्यूटर	N
comrade	साथी	N
concatenation	श्रृखंलाबद्धीकरण	N
concave	अवतल{अवनतउदरवाला}	Adj
conceal	छिपाना	VT
concealment	छिपाव	N
concede	मानलेना	V
conceive	गर्भसेहोना; कल्पनाकरना	V
concentrate	ध्यानदेना; समाहृतकरना	V
concentration	एकाग्रता; समाहृतता	N
concept	संकल्पना	N
conception	धारणा; गर्भाधान	N
concern	चिन्ता	N
concern	चिन्तितकरना	VT
concerned	संबन्धित; विषयमें	Adj
concerning	केबारेमें	Prep
concert	संगीतसभा	N
concerted	मिलकरकियाहुआकार्य	Adj
concession	रियायत; आज्ञाप्रदान	N
conch	शंख	N
conciliate	शान्तकरना	V
conciliation	सुलह	N
concise	लघु	Adj
conclave	गुप्तसभा	N
conclude	पूराकरना; निश्चितकरना; अनुमानकरना	V
conclusion	निष्कर्ष; समाप्ति	N
conclusive	निर्णायक	Adj
concoct	मिलाकरपकाना; रचना; गढ़ना	V
concord	मेल; एकता	N
concordance	समरसता	N
concourse	भीड़	N
concrete	पदार्थरूपमें; साकार	Adj
concrete	रोड़ा	N
concur	सहमतहोना	V
concurrence	सहमति	N
concurrent	समकालीन; एकसाथहोनेवाला	Adj
concussion	सिरकीअन्दरूनीचोट	N
condemn	दोषलगाना	VT
condemnation	दोषलगाना	N
condensation	संक्षेपण; घनीकरण	N
condense	सघनहोना; जमजाना; छोटाकरना	V
condescension	नम्रता	N
condiment	मसाला	N
condition	हालत; दशा; शर्त	N
conditional	शर्तकेसाथ	Adj
condolence	शोक; सहानुभूति	N
condone	माफकरना; छोड़देना; ध्याननदेना	V
conducive	सहायक; उपकारी; हितकर; सुखावह	Adj
conduct	आचरण; बर्ताव	N
conduct	चलाना	V
conductor	परिचालक; निदेशक; तापअथवाविद्युतचालक	N
conduit	पानीकीमोरी; नाली	N
cone	कोन{शुण्डाकारवस्तु}	N
confection	मिठाई; मुरब्बा; पाग	N
confectioner	हलवाई	N
confederacy	संधि	N
confederate	साथमेंकामकरनेवाला	N
confederate	संधिमेंमिलाना	Adj
confederation	संघ	N
confer	परामर्शकरना; प्रदानकरना	V
conference	सम्मेलन	N
confess	अंगीकारकरना	VT
confession	अपराधस्वीकृति	N
confidant	दिलीदोस्त; विश्वासपात्र	N
confide	गुप्तबातबताना	V
confidence	भरोसा	N
confident	आत्मविश्वासी	Adj
confidential	गोपनीय	Adj
confidently	विश्वाससहित	Adv
confine	सीमा	N
confine	सीमाबद्धकरना	V
confinement	सीमाबद्ध; प्रसवकासमय	N
confirm	पक्काकरना; ईसाईसमाजमेंलेना	V
confirmation	पुष्टिकरण	N
confiscate	ज़ब्तकरना	V
confiscation	ज़ब्ती	N
conflagration	अग्निकाण्ड	N
conflict	विरोध; संघर्ष	N
conflict	विरोधकरना	V
confluence	संगम	N
conform	मानना; एकमेलकरना	V
conformity	स्वीकार; अनुसार	N
confound	हक्का-बक्काकरना	V
confront	सामनाकरना	VT
confuse	घबड़ाजाना	V
confusion	संभ्रम	N
congenial	अनुकूल; सुखद	Adj
congenital	जन्मजात	Adj
congested	संकुलित; भराहुआ	Adj
congestion	संकुलन; भराहुआहोना	N
conglomerate	संपीड़न	N
congratulate	बधाईदेना	VT
congratulation	बधाई	N
congregate	एकत्रहोना	V
congregation	धार्मिकसभा	N
congress	कांग्रेस; व्यवस्थापिकासभा	N
congruent	समरूप; {रेखागणित}सर्वागसम	Adj
conifer	शंकुवृक्ष	N
coniferous	शंकुधारी	Adj
conic	शांक्व	Adj
conjecture	अनुमान	N
conjecture	अनुमानकरना	V
conjugal	विवाहसंबन्धी; वैवाहिक	Adj
conjunction	संयोग; मेल; समुच्चयबोधकअव्यय	N
conjure	जादूकरना	V
connect	जोड़ना	VT
connection	संयोजन; जोड़; संबन्ध; संपर्क	N
connivance	किसीकेसाथमिलकरअवैधकार्यकरना	N
connive	उपेक्षाकरना; किसीकेसाथमिलकरअवैधकार्यकरना	V
connoisseur	गुणज्ञ; परीक्षक	N
connote	अर्थसूचितकरना	VT
conquer	जीतना	VT
conqueror	जीतनेवाला	N
conquest	जीत	N
conscience	विवेक	N
conscientious	कर्तव्यनिष्ठ; शुद्धअंतःकरणवाला	Adj
conscious	सचेत; चेतन	Adj
consciousness	चेतना	N
conscript	सैनामेंअनिवार्यभरती	N
conscription	अनिवार्यसैनिकसेवा	N
consecrate	प्रतिष्ठित्र	Adj
consecrate	अर्पणकरना	VT
consecutive	क्रमिक; लगातार	Adj
consecutively	क्रमसे	Adv
consensus	मतैक्य; अनुकूलता	N
consent	अनुमति	N
consent	मानना	VT
consequence	परिणाम	N
consequent	फलस्वरूप	Adj
consequential	फलस्वरूप	Adj
consequently	अतः; इसलिये	Adv
conservative	रूढ़िवादी	Adj
conserve	मुरब्बा	N
conserve	सुरक्षितरखना	VT
consider	विचारकरना	VT
considerable	बहुतअधिक	Adj
considerably	बहुतअधिकतासे	Adv
considerate	ध्यानरखनेवाला	Adj
consideration	लिहाज़	N
considering	ध्यानमेंरखकर	Prep
consign	अर्पणकरना	VT
consignment	प्रेषितमाल	N
consist	युक्तहो	VT
consistency	सामंजस्य; गाढ़ापन	N
consistent	समान; एकसा	Adj
consolation	आश्वासन	N
console	सान्त्वनादेना	VT
consolidate	ठोसहोना; करना	VT
consolidation	जमावट	N
consort	पत्नी; पतिखासकरकिसीशासककी; संगीतज्ञोंयावाद्ययंत्रोंकासमूह	N
consort	मेलकरना	V
consortium	अल्पकालीनसंघटन	N
conspicuous	प्रत्यक्ष	Adj
conspiracy	साजिश	N
conspirator	षड़यंत्रकारी	N
conspire	षड़यंत्ररचना	VT
constable	चौकीदार; कान्स्टेबुल	N
constabulary	सिपाहियोंकादल	N
constant	अपरिवर्तनशील	Adj
constant	स्थायी; नित्य; वफादार	N
constellation	नक्षत्र; तारोंकासमूह	N
consternation	विस्मय; घबराहट	N
constipation	क़ब्ज़	N
constituency	निर्वाचनक्षेत्र	N
constituent	निर्वाचक; अंग	Adj
constitute	बनाना	VT
constitution	संविधान; गठन	N
constitutional	संविधानी; स्वास्थ्यसंबंधी	Adj
constitutional	स्वास्थ्यकेलियेटहलना	N
constrain	बलपूर्वकरोकना; विवशकरना	VT
constraint	अवरोध; बहुतअधिकनियंत्रण; बनावटीबर्ताव	N
construct	बनाना	VT
construction	निर्माण	N
constructive	रचनात्मक	Adj
constructor	निर्माता	N
construe	आशयबतलाना	V
consul	राजदूत	N
consular	दूतावाससंबंधी	Adj
consulate	दूतावास	N
consult	देखना{पुस्तक}; मतपूछना	V
consultation	विमर्श	N
consume	काममेंलाना; व्ययकरना	VT
consumer	उपभोगता	N
consummate	उत्कृष्ट; संपूर्ण	Adj
consummate	पूराकरना	VT
consummation	पूर्ति	N
consumption	खपत; क्षयरोग; तपेदिक; संयोग; सम्पर्क; सम्पर्कस्थापितकरना; मिलाना	N
contagion	छूत; उड़नीबीमारी	N
contagious	छूतसेलगनेवाला{रोग}	Adj
contain	सेयुक्तहोना; अटाना; धारणकरना; थामना; सम्मिलितकरना; पूर्णतःविभाजित{संख्या}होना	VT
containment	परिरोधन	N
contained	संतुलित	Adj
container	धारक; पात्र	N
contaminate	अशुद्धकरना	VT
contaminant	संदूषितपदार्थ	N
contamination	दूषण; संदूषण	N
contemplate	विचारकरना	VT
contemplation	विचारणा	N
contemporary	समकालीन	Adj
contemporary	समकालीनव्यक्ति	N
contempt	तिरस्कार	N
contemptible	घृणित	Adj
contemptuous	तिरस्कारपूर्ण	Adj
contempt of court	न्यायालयकेआदेशकीअवहेलना	N
contend	विवादकरना; प्रतिस्पर्धामेंहोना	VT
contender	मुकाबलाकरनेवाला	N
content	सन्तोष; निहितवस्तु; विषय-वस्तु	N
content	सन्तुष्टकरना	VT
contented	संतृष्ट; तृप्त	Adj
contentment	सन्तोष	N
contention	विवाद; झगड़ा; स्पर्धा; तर्क	N
contentious	विवादपूर्ण	Adj
contest	प्रतियोगिता; संघर्ष	N
contest	मुकाबलाकरना; तर्ककरना	VT
context	सन्दर्भ	N
contextual	प्रकरण-सम्बन्धी	Adj
contiguous	निकटवर्ती; समीपस्थ	Adj
continent	आत्मसंयमी	Adj
continent	महाद्वीप	N
continental	महाद्वीपीय	Adj
contingency	संयोग	N
contingent	आकस्मिक	Adj
contingent	सैन्यदल	N
continual	अविरत	Adj
continually	निरंतर	Adv
continuance	सिलसिला	N
continuation	केक्रममें	N
continue	जारीरहना	V
continuity	निरंतरता	N
continuous	लागातार	Adj
continuum	?	N
contort	ऐंठना	VT
contorted	ऐंठीहुई	Adj
contortion	शरीरकीऐंठन	N
contour	आकार; रूपरेखा	N
contoured	निर्धारितकीहुईरूपरेखा	Adj
contraband	वर्जितमाल	N
contraception	गर्भनिरोध	N
contraceptive	गर्भनिरोधकदवायाउपाय	N
contract	ठेका	N
contract	सिकुड़ना	V
contraction	संकुचन	N
contractor	ठेकेदार	N
contractual	ठेकासंबन्धी	Adj
contradict	विरोधकरना; विपरीतहोना; प्रतिवादकरना	VT
contradiction	अन्तर्विरोध	N
contradictory	अन्तर्विरोधी	Adj
contrary	विपरीत	Adj
contrast	विरोध	N
contrast	व्यतिरेककरना	VT
contravene	कानूनकाउल्लंघनकरना	V
contretemps	अनिष्ट	N
contribute	सहयोगदेना; सहायताकरना; चंदादेना; भागदेना; प्रकाशनहेतुदेना	VT
contribution	भाग; चंदा; अनिवार्यभुगतान; लेख	N
contributor	अंशदाता	N
contributory	अंशदायी	Adj
contrite	मनोव्यथित	Adj
contrition	पश्चाताप	N
contrivance	युक्ति; यन्त्र	N
contrive	युक्तिनिकालना	VT
contrived	काल्पनिक	Adj
control	नियंत्रण	N
control	वशमेंरखना	VT
controllable	नियन्त्रणीय	Adj
controlled	नियन्त्रित	Adj
controller	नियंत्रक	N
controversial	विवादास्पद	Adj
controversy	विवाद	N
controvert	खण्डनकरना	V
contusion	भीतरीचोट	N
conundrum	पहेली	N
conurbation	महानगर	N
convalesce	स्वास्थ्यलाभकरना	V
convalescence	स्वास्थ्यलाभ	N
convalescent	स्वास्थ्यलाभकारी	Adj
convection	संवहन	N
convector	संवहनकारक	N
convene	एकत्रहोना; बटुरना	VI
convene	आयोजनकरना; एकत्रकरना	VT
convenience	सुविधा	N
convenient	सुविधाजनक; समीपसुगम्य	Adj
conveniniently	सुविधापूर्वक	Adv
convent	कान्वेंट	N
convention	सम्मेलन; रिवाज़	N
conventional	रूढ़िगत; परम्परागत	Adj
converge	एकबिंदुकीओरजाना	V
convergence	संसृति	N
convergent	संसृत	Adj
conversant	जानकार	Adj
conversation	वार्तालाप; संभाषण	N
conversational	बातचीतसंबन्धी	Adj
converse	विपरीत	Adj
converse	विपरीत	N
converse	वार्तालापकरना	VI
conversely	उलटा	Adv
conversion	रूपान्तर; मतपरिवर्तन	N
convert	परधर्मअवलंबी	N
converter	परिवर्तक	N
convert	बदलना; धर्मपरिवर्तनकरना	VT
convertible	परिवर्तनीय	Adj
convex	मध्योन्नत	Adj
convey	लेजाना; पहुँचाना	VT
conveyor	वाहक	N
conveyance	वाहन; समर्पणपत्र	N
convict	दोषी	N
convict	अपराधीठहराना	VT
conviction	अपराधस्थापन; दृढ़विश्वास	N
convince	समझादेना; दृढ़मतहोना	VT
convincing	निश्चयात्मक	Adj
convivial	खुशीका	Adj
convocation	दीक्षान्तसमारोह	N
convoke	सभाबुलाना	V
convoy	रक्षादल	N
convoy	चौकसीसेलेजाना	VT
convulse	मरोड़ना	VT
convulsion	मरोड़	N
coo	कूंकूंकरना	VI
cook	रसोइया	N
cook	पकाना	VT
cooking	खानापकानेकीविधि	N
cooker	कुकर	N
cookery	पाकविद्या	N
cookery book	पाककलाकीपुस्तक	N
cookhouse	बाहरकीरसोईमुख्यतयाकेम्पमें	N
cookie	मीठाबिस्कुट	N
cookware	भोजनपकानेकेबर्तन	N
cool	शीतल; ठंडा; शांत; रूखा; उदासीन; मिलनसार; धृष्ट; निर्लज्ज; नकमनज्यादा; सोचाहुआ; विचारकियाहुआ; शानकीबात	Adj
cool	शीतलता; शान्ति	N
cool	ठण्डाहोना; शांतहोना	VI
cool	ठण्डाकरना; क्रोधठण्डाकरना	VT
coolant	इंजनकोठन्डारखनेकेलिएतरलपदार्थ	N
cooler	कूलर	N
coolie	कुलीमज़दूर	N
coolly	शान्तिसे	Adv
coolness	शान्ति	N
coon	हब्शी	N
coop	दड़बा	N
coop	दड़बेमेंबंदकरना	VT
cooper	दड़बाबनानेवाला	N
cooper	मरम्मतकरना; जोड़देना	VT
cooperate	सहयोगदेना	VI
cooperation	सहकारिता; सहोद्योग	N
cooperative	सहकारी	Adj
coordinate	निर्देशांक; समकक्ष; समपदवालीवस्तु	N
coordinate clause	संयुक्त वाक्य; समानाधिकरण	N
coordinate	संयोजनकरना	VT
coordinated	समन्वित	Adj
coordination	समन्वयन	N
coordinator	समन्वयक	N
coot	पानीकापक्षी	N
cop	पुलिसऔफिसर	N
cop	पकड़; मुसीबतमेंपड़ना	V
cope	पादरीकाचोगा	N
cope	सामनाकरना	VI
copilot	सह-चालक	N
coping	मुण्डेर; परछती	N
copious	विपुल	Adj
copper	तांबा	N
coppery	तांबई	Adj
copper	पुलिस	N
copse	झाड़ी	N
copula	क्रिया	N
copulate	संयुग्मनकरना	V
copulation	संयुग्मन; संयोजन	N
copy	नकलउतारना	V
copycat	अभिमानीव्यक्तिकानकलकरना	N
copyist	नकलकरनेवाला	N
copyright	प्रकाशनाधिकृत	Adj
copyright	प्रकाशनाधिकार	N
copywriter	विज्ञापनलिखनेवाला	N
cor	आश्चर्यप्रकटकरनेवालीध्वनि	Interj
coracle	बाँससेबनाहुआएकप्रकारकीनाव	N
coral	मूंगा; विद्रुमा	N
coral	मुंगाजैसरंगका	Adj
corbel	टोडा	N
cord	रस्सी; डोरी; बिजलीकातार	N
cordial	सौहार्दपूर्ण	Adj
cordial	पेय{मनप्रफुल्लितकरनेवाला}	N
cordiality	सौहार्द	N
cordite	बारुतकासामान	N
cordon	घेरा; वहपेड़जिसकीडालीछाँटदीगईहौताकीवहसीधाबड़े	N
cordon off	घेरा	PhrV
corduroy	एकप्रकारकामोटाकपड़ा	N
core	भीतरीभाग; गुठली; किसीचीजकामुख्यभाग	N
co-respondent	सह-उत्तरवादी	N
corgi	कुत्ताकाबच्चा	N
coriander	धनिया; कोथमीर	N
cork	काग	N
corker	उत्तमव्यक्तियावस्तु	N
corkscrew	कागनिकालनेकापेंच	N
corm	घनकन्द	N
cormorant	जलकौवा; जलकाग	N
corn	मकईकादाना	N
corn circle	फसलकाघेरा	N
corn-cob	मकईकेपेड़केऊपरकाहिस्साजहाँफलहोताहै	N
corn exchange	वहस्थानजहाँमकईबेचाजाताहै	N
corn pone	मकईकीरोटी	N
corn	ठेक	N
cornea	आँखकीपुतलीकीरक्षाकरनेवालासफेदसख्तभाग	N
corned beef	नमकलगाकररखाहुआगोश्त	N
cornelian	हलकालालयासफेदयाभुरानग	N
corner	कोना; विषमपरिस्थितिमेफँसना; गुप्तस्थान	N
corner shop	छोटीदुकानजहाँकाईप्रकारकेवस्तुबेचेजातेहै	N
corner	कठिनाईमेंडालना; अधिकारजमालेना	V
cornerstone	आधारशिला; आधार	N
cornet	एकप्रकारकीतुरही; मिठाईरखनेकीकोनजैसीकाग़ज़कीपुड़िया	N
cornflakes	मक्कईकेभुनेहुएफुले	N
cornflour	मक्कईकाआटा	N
cornflower	नीलेफूलोंवालाजंगलीपेड़	N
cornice	दीवारकानोकीलाकोना; कारनिस	N
cornish pasty	खानेकासामानजिसमेंपेस्ट्रीभराहौ	N
cornucopia	जादामात्रामें	N
corny	कमइस्तेमालकरनेवाला	Adj
corollary	परिणाम	N
corona	प्रभामंडल	N
coronary	हृरदयकोरक्तपहुँचानेवालीधमनियाँ	N
coronary artery	हृदयतकरक्तपहुँचानेवाला	N
coronation	राजतिलक; राजगद्दी	N
coroner	अपमृत्युकाकारणज्ञातकरनेवालाअफ़सर	N
coronet	छोटामुकुट; पुष्पहार	N
corporal	सेनाकाछोटाअधिकारी; एकछोटाअफ़सर	N
corporal	शारीरिक; देहसंबंधी	Adj
corporate	निगमसेसम्बन्धित	Adj
corporation	महापालिका	N
corporeal	शरीरधारी	Adj
corps	सेनाकीपलटन; किसीभीकार्यक्रममेंभागलेनेवालासमूह	N
corpse	शव	N
corpulent	मोटातथाभारी	Adj
corpus	ग्रन्थसंग्रह; पुस्तकसंग्रह	N
corpuscle	रक्तकणिका	N
corral	अहाता; बाड़ा	N
corral	घेरेमेंलाना	V
correct	सही	Adj
correct	ठीककरना; शोधना	V
correction	शोधन; सुधार; शुद्धि	N
corrective	सुधारकेलिये	Adj
corrective	संशोधन; प्रतिकारकरनेवाला	N
correlate	परस्परसम्बन्धहोना	V
correlation	पारस्परिकसम्बन्ध	N
correspond	अनुरुपहोना; पत्रव्यवहारहोना	V
corresponding	जोसमतुल्यहो; चिट्ठी; पत्री	Adj
correspondent	संवाददाता; चिट्ठीलिखनेवाला	N
corridor	बरामदा; भवनमेंकामार्ग	N
corroborate	पुष्टकरना	VT
corroboration	पुष्टीकरण	N
corroborative	पुष्टकरनेवाला	Adj
corrode	खुरचना	VT
corrosion	विनाशन	N
corrosive	क्षयकर	Adj
corrugate	सिकोड़ना; झुर्रीडालना	Adj
corrupt	भ्रष्ट; नियमोंकाअनुसरणनकरनेवाला; बिगड़ीहुईभाषा; लेख; डेटाआदि	Adj
corrupt	भ्रष्टहोजाना	V
corruption	भ्रष्टाचार	N
corset	अन्दरपहननेकावस्त्र	N
cortege	बिनाधूमधामकाजुलूस	N
cosmetic	कांतिवर्धक	Adj
cosmetic	उबटन; अंगराग	N
cosmic	लौकिक; बहुतबड़ाएवंमहत्वपूर्ण	Adj
cosmology	विश्वविज्ञान	N
cosmopolitan	समस्तसंसारका; स्थानीयपक्षापातरहित	Adj
cosmos	जगत्	N
cosset	खूबलाड़प्यारकरना	V
cost	मूल्य; लागत	N
cost	दामपड़ना; नुकसानपहुँचना	V
cost-benefit	लाभकाअनुमानलगाना	N
cost-cutting	खर्चमेंकमी	N
cost-effective	लागतसेअधिकफायदा	N
co-star	{फिल्मआदिमें}साथमेंमुख्यभूमिकानिभाना	V
costly	महँगा; बड़ेमोलका; बहुमूल्य	Adj
costume	पहनावा	N
cosy	आरामदायक	Adj
cosily	आरामसे	Adv
cot	खाट; बच्चोंकीपालना	N
coterie	समान	N
cottage	कुटी	N
cotton	कपास; सूतीकपड़ा	N
couch potato	टी.वीदेखतेहुएघरपरसमयबितानेवालाव्यक्ति	N
couch	छिपारहना; चितलेटना	V
cough	खाँसी; खोखी	N
cough	खाँसना; खखारना	VT
could	{प्रश्नवाचक}क्या; सका; करसकता	V
coulter	हलकाफाल	N
council	परिषद	N
councillor	सभासद; {सभाका}सदस्य	N
council-chamber	कमराजिसमेंपरिषदकीबैठकहोतीहैं	N
council estate	परिषदद्वाराबनायागयाघर	N
counsel	परामर्श	N
counsel	सलाहदेना	VT
counselling	सलाहदेना	N
counsellor	सलाहकार; वकील	N
count	गणना; गिनती; एकबड़ाकुलीनजन; अभियोगइल्ज़ाम	N
count	गिनना; मानकरना; भरोसाकरना	VT
countdown	काउंटडाउन{उल्टीगिनती}	N
countenance	मुखाकृति; समर्थन	N
countenance	अनुमोदनकरना	VT
counter	प्रतिकूल	Adj
counter	विपरीतदिशामें	Adv
counter	विरोधकरना	V
counter	काउंटर; गिननेकायंत्र	N
counteract	प्रतिक्रियाकरना	VT
counter-attack	प्रत्याक्रमण	N
counter-attack	प्रत्याक्रमणकरना	V
counterbalance	प्रतिभार	N
counterbalance	तुल्यभारकरना	VT
counterblast	कराराजवाब	N
counter-claim	प्रतिदावा; जवाबीदावा	N
counterfeit	जाली; नकली	Adj
counterfeit	जालसाज़ी	N
counterfoil	काउंटरफॉइल{चैकयारसीदकावहभागजोदेनेवालाहवालेहेतुअपनेपासरखताहै}	N
counter-intelligence	विशेषगुत्पचरसेवाजोशत्रुकेगुत्पचरोंके	N
countermand	पूर्वआदेशकोवापसलेना	V
countermeasure	किसीकदमकेखिलाफउठायागयाकदम	N
counterpane	पलंगपोश	N
counterpart	प्रतिरूप	N
counterpoint	सुरसंगति	N
counter-productive	वृद्धिरोक	Adj
counter-revolution	क्रांति-विरोध	N
counter-revolutionary	क्रान्ति विरोधी	N
countersign	प्रतिहस्ताक्षर	V
counter-tenor	पुरुष-स्वरकेविरुद्ध	N
countervailing	बराबरी	Adj
countess	कुलीनस्त्री; बेगम	N
countless	असंख्य; अनगणित	Adj
countrified	देहाती	Adj
country	देश; प्रदेशकाछोटाखण्ड	N
country club	एकप्रकारकाक्लब	N
country dance	लोक-नृत्य	N
country-wide	सम्पूर्णदेश	Adj
countryman	देशवासी; ग्रामवासी	N
countryside	ग्रामीणक्षेत्र	N
county	मण्डल	N
county clerk	प्रदेशक्लर्क	N
county council	प्रदेशकाशासनपरिषद्	N
county court	स्थानीयन्यायालय	N
county town	काउण्टीप्रशासनकाअधिष्ठान{केद्र}	N
coup	आकस्मिकशासन-परिवर्तन; सफलएवंअकस्मातक्रिया	N
coupe	दोद्वारवालीकार	N
couple	युगल; कुछ-समय	N
couple	मिलाना; जोड़ना	V
coupling	युग्मन; संयोजन	N
couplet	दोहा	N
coupon	रसीद; परचा	N
courage	साहस	N
courageous	साहसी	Adj
courageously	साहससे	Adv
courgette	कुम्हड़ा	N
course	कोर्स; पाठ्यक्रम; मैदान; मार्ग; श्रेणी	N
course	बहना	V
court	दरबार; कचहरी; न्यायालयअदालत; जजलोग; न्यायाधीश; आँगन; आदर; मैदान	N
court	चाहना	VT
courteous	विनीत	Adj
courtesy	भद्रता; विनय	N
courtly	सभ्य	Adj
courtship	विवाहार्थमिलनाजुलना	N
cousin	चचेराममेरामौसेरायाफुफेराभाईयाबहन	N
covenant	प्रण; नियमपत्र	N
cover	ढक्कन; बचाव; शरण; लिफ़ाफ़ा; चादर; पुठ्ठा; सुरक्षाराशी	N
cover	आच्छादितकरना; ढाँकना; छिपना; पर्याप्तहोना; तयकरना; दबादेना; नुकसानभरना; किसीकेस्थानपरकार्यकरना	VT
coverage	घटनाआदिकीरिपोर्ट	N
coverlet	चादर	N
covert	छिपाहुआ; गुप्त	Adj
covert	झाड़ी	N
covertly	चुपकेसे	Adv
covet	लोभकरना	VT
covetous	लालच	Adj
covetously	लालचमें[केसाथ]	Adv
cow	गाय	N
cow-pat	गोबरकाढेर	N
cow	डराना; धमकाना	VT
cowed	डरा हुआ	Adj
coward	कायर	N
cowardice	कायरता	N
cowardly	कायरतापूर्ण	Adj
cowboy	घुड़सवारगोपाल	N
cower	झुकनायापीछेहटना	V
cowhand	चरवाहा	N
cowhide	गायकीचमड़ी	N
cowl	सिरढँकनेकाकपड़ा	N
cowling	इंजनकाढ़क्कन	N
cowslip	एकप्रकारकापौधा	N
cowrie	कौडी	N
cowshed	गोशाला	N
cox	नाविक	N
coy	लजीला	Adj
coyote	भेडिया	N
cozy	हार्दिक	Adj
crab	केकड़ा; कर्कराशिर	N
crab-apple	जंगलीसेबकापेड़	N
crabbed	लिखाईजोपढ़ीनजासके	Adj
crabby	चिड़चिड़ा	Adj
crack	दरार; चटकनेकीआवाज़; सनकी; धमाका; करारीचोट; एकप्रकारकीनशीलीदवा	N
crack	चिटकना; चिटकाना; फटना; जोरसेटकराना; ज़ोरकीआवाज़करना; गलेकीभर्राहट; मनोवैज्ञानिकदवाबमेंआजाना; जोरसेपीटना; समाधाननिकालना; कहना	VTI
cracker	पतलासूखाबिस्कुट; पटाखा	N
crackerjack	प्रतिभावानव्यक्तियावस्तु	N
crackle	चिड़चिड़ाना; चिटकना; भड़कना	VI
cradle	पलना; हिंडोला; झूला; टूटीहड्डीकाखोल	N
cradle	पलनेयाहिंडोलेमेंलिटाना; पालनपोषणकरना; हिंडोलेमेंझुलना	VT
craft	शिल्पकला; हस्तकला; छोटीनावयाजहाज; कुशलता; चालाकीछल	N
craftsman	कारीगर; शिल्पकार; दस्तकार	N
crafty	चालाक; फ़रेबी	Adj
craggy	करारेदार; ऊँचानीचा	Adj
cram	ठूंसना; मुँहामुँहभरना	VI
cram	यादकरलेना; घोटना; रटना	VT
cramp	ऐंठनयामरोड़कीपीड़ादेना	N
cramp	जकड़ना; रोकना	V
crampon	काँटा	N
cranberry	लालरंगकीखट्टीबेरी	N
crane	सारस; क्रेन; भारोत्तोलनयंत्र	N
crane	क्रेनसेउठाना; गरदननिकालना	VTI
crank	धुरीकीमोड़; सनकी	N
cranky	ढ़ीला	Adj
cranny	दरार; छेद	N
crap	मलगन्दगीआदि	V
crap	बकवास	N
crash	धमाका	N
crash	ढहना; टकराना; अनिमंत्रितआना; कामकरनाबन्दकरदेना	VI
crass	मूढ़; मूर्ख	Adj
crate	सामानलेजानेकीपेटी	N
crate	पेटीमेंबाँधना	V
crater	ज्वालामुखीपहाड़कामुँह	N
crater	विस्फोटकेफलस्वरूपहोनेवालागड्ढा	V
cravat	गुलुबन्द{छोटास्कार्फजोगलेमेंबाँधकरशर्टकेअन्दररखतेहैं}	N
crave	लालसाकरना; अभिलाषाकरना; याचनाकरना	VT
craven	डरपोक	Adj
craven	कायर; उत्साहहीनमनुष्य	N
crawl	रेंगना; धीमीचाल	N
crawl	रेंगना; धीरेधीरेचलना; घसीटतेचलना; रेंगनेवालीचीजोंसेभराहोना	VI
crayfish	चिंगट{छोटेलौब्स्टरकेआकारकाजानवरजोनदीयातालाबमेहोताहै}	N
crayon	क्रेयान{रङ्गीहुईखड़ियाकीपेन्सिल}	N
craze	बावलापन; सनकअस्थाईसमयतक	N
craze	झकीहोजाना	VI
craze	पागलबनाना	VT
crazy	पागल	Adj
creak	चरमराना; कड़कड़ाना	VI
creaky	चरमराता	Adj
cream	मलाई; सर्वोत्मअंश; सार; एकप्रकारकीसौन्दर्यवर्धकवस्तु	N
cream	मलाईबनना	VI
cream	मलाईउतारना; सतनिकाललेना	VT
creamery	मक्खनकीदूकान; मक्खनघीआदिबनानेकाकारखाना	N
creamy	मलाईदार; उत्तम	Adj
crease	सिकुड़न; चुन्नटकाचिह्न; चेहरेकीझुर्री; क्रिकेटकेखेलमेंबल्लेबाजऔरगेंदफेकनेवालेकीसीमा	N
crease	मोड़काचिह्नडालना; चुन्नटकाचिह्नडालना	VT
create	रचना; सृष्टिकरना; उत्पन्नकरना; बढ़ावादेना; निर्माणकरना; सृजनकरना	VT
creation	सृजन	N
creative	सृजनात्मकनिर्माणकरनेकीशक्तिवाला	Adj
creator	सृष्टिकर्त्ता	N
creature	जीव	N
creche	शिशुसदन	N
credence	विश्वास; साख	N
credentials	परिचयपत्र	N
credible	विश्वसनीय	Adj
credibily	विश्वसनीयसुत्रसे	Adv
credit	उधार; बैंककेखातेमेजमाराशि; बैंकद्वाराउधारदीगयीराशि; ख्यातिनेकनामी; विश्वासभरोसा; श्रेयलेना	N
credit	श्रेयदेना; विश्वासदिलाना; मान्यता; किसीखातेमेंजमाकरना	VT
creditable	प्रशंसायोग्य	Adj
creditor	साहूकार	N
creditworthy	जिसेउधारदियाजासके	Adj
credulity	सहजविश्वास; विश्वासशीलता; भोलापन	N
credulous	सहजविश्वासी; विश्वासशील	Adj
creed	धर्ममत; स्वीकृतमत	N
creek	सँकरीखाड़ी; निवेशिका	N
creel	टोकरा{मछलियोंका}	N
creep	रेंगना; धीरेधीरेचलना; फैलना{लताइत्यादि}	VI
creeping	धीरे-धीरेआसानीसेज्ञातनहोना	Adj
creeper	लता; वर्तिका	N
creepy	लोमहर्षित	Adj
cremate	शवजलाना	VT
cremation	दाह	N
crematorium	शवदाहगृह	N
crenellated	?	Adj
creole	क्रियोल{कईभाषाओंकोमिलाकरबनीनईभाषा}	N
creosote	भूरेरंगकातेलजोलकड़ीकोसुरक्षितरखताहै	N
crepe	बारीककपड़ा	N
crescendo	ऊँचाहोतेजाना; प्रगतिकरतेरहना	N
crescent	वर्धमान; बढ़नेवाला	Adj
crescent	नवचन्द्र	N
cress	सरसोंकापौधा	N
crest	कलग़ी; शिखर; ढाल	N
crest	ऊपरचढ़ाना; पर्रोंकातुर्रालगाना	VT
crestfallen	हताश; उदास	Adj
cretin	बेवकूफ़	N
crevice	दरार	N
crew	नाविकगण; कर्मचारी	N
crew	जहाजपरनाविकोंकोलगाना	V
crib	नांद; टोकरा; पालना; खटोला	N
crib	नकलकरना	VT
cribbage	ताशकाखेल	N
crick	मोच; झटका	N
cricket	झींगुर; क्रिकेट	N
crier	ढिंढोरापीटनेवाला	N
crime	अपराध	N
criminal	आपराधिक	Adj
crimp	समेटना; सिकोड़ना; ऐंठना; मोड़ना	VT
crimson	तेज़लालरंगका	Adj
crimson	किरमिज़ीरंग	N
crimson	लालहोजाना	VI
crimson	तेज़लालरंगमेंरंगना	VT
cringe	दुबकना; सिकुड़ना	V
cringe	साष्टांगप्रणामकरना	VT
crinkle	सिलवट; सिकुड़न	N
crinkle	सिकुड़नेंडालनायापड़ना	V
cripple	लंगड़ामनुष्य	N
cripple	अपाहिजकरना	VT
crisis	संकट	N
crisp	कुरकुर; स्पष्ट; विशद	Adj
crisp	कुरकुरा बनाना; बटना	VT
crispbread	राईसेबनाबिस्कुट	N
criss-cross	आड़ा-तिरछा	Adj
criterion	मानदण्ड; जाँच; कसौटी	N
critic	आलोचक; समीक्षक	N
critical	विवेचनात्मक; नाज़ुक; संकटमय	Adj
criticise	आलोचनाकरना	VTI
criticism	आलोचना; समीक्षा	N
critique	प्रत्यालोचना	N
croak	टर्र-टर्रकीआवाज़	N
croak	भर्राना	V
crochet	क्रोशियाकाकाम	N
crochet	क्रोशियासेकाढ़ना	V
crock	मटका; पुरानीघिसीपिटीवस्तुयाआदमी	N
crockery	चीनीमिट्टीकेबर्तन	N
crocodile	घड़ियाल; मगरमच्छ	N
crocodile tears	मगरमच्छकेआँसू	N
crocus	बसंतऋतुकापीलेसफेदबैंगनीफूलोंवालापौधा	N
croft	बाड़ा	N
croissant	फ्रेन्चरोल	N
crone	बूढ़ीऔरत	N
crony	पक्कादोस्त; घनिष्ठमित्र	N
crook	धोखेबाज़; छली; एकसिरेपरमुड़ाहुआडन्डा; मोड़; अंकुश	N
crook	मुड़ना[मोड़ना]; चोरीकरना; धोखादेना	V
crooked	वक्र	Adj
croon	गुनगुनाना	V
crop	पैदावार; समूह; पोटा	N
crop	उत्पन्नकरना; देना	VI
crop	काटना; तोड़ना; खेतकाटना	VT
crop circle	खेतकेबीचमेगोलघेराजहाँजमीनचपटीहोजातीहै	N
croquet	एकखेलजोलकड़ीकीगेंदऔरडण्डेसेखेलाजाताहै	N
cross	आड़ा; तिरछा; चिड़चिड़ा; हठी; प्रतिकूल	Adj
cross	गुणायाधनकानिशान; कष्ट; संकट; संकर; ईसाईधर्मकाचिह्न; क्रूश	N
cross	पारउतारना; पारकरना; कोईबातध्यानमेआना; किसीगलतबातकोकाटना; मार्गमेंमिलना; रोकना; विरोधकरना; एकदूसरेकोकाटना; क्रासकाचिह्नबनाना	VT
crossbar	कसरतकीकलामेंकामआनेवालीपट्टअर्गला	N
crossbenches	ब्रिटिशपार्लियामेन्टमेंसीट{अबकेवलहाउसआफलौर्ड}	N
crossbones	खोपड़ीकीहड्डी	N
cross-border	सीमाकेपारकीगतिविधि	Adj
crossbow	आड़ीकमान	N
cross-breed	संकरणकरना	V
cross-check	विविधप्रकारसेजाँचकरना	V
cross-country	क्षेत्रपार	Adj
cross-cultural	विभिन्नसंस्कृतियोंकार	Adj
cross-current	क्रॉसकरेन्ट	N
cross-dressing	एकदूसरेकेवस्त्रपहनना	N
cross-examine	जिरहकरना	V
cross-eyed	भेंगा	Adj
cross-fertilize	पर-संसेचनकरना	V
crossfire	दोनोतरफसेबन्दूकोंकाचलना	N
cross-hatch	आड़ी-तिरछीलकीरोंसेरेखांकनकरना	V
cross-legged	पालथीमारेहुए	Adv
crossover	आर-पारपुलबनाना	N
crosspiece	आड़बलमेंरखीवस्तु	N
cross-ply	आड़ैतिरछेधागोंकोरखना	Adj
cross-question	जिरहकरना	V
cross-reference	प्रतिनिर्देश	N
crossroads	चौराहा	N
cross-section	अनुप्रस्थकाट	N
cross-stitch	एकप्रकारकीकढ़ाई	N
crosswalk	पैदलचलनेवालोंकेलियेज़ीब्राक्रासिगं	N
crosswind	तिरछीहवा	N
crosswise	आड़ेतिरछे	Adj
crossword	वर्गपहेली	N
crossing	चौराहा	N
crotch	जाँघएवंधड़केजोड़काक्षेत्र	N
crotchet	संगीतमेंपादस्वर	N
crotchety	सनकी	Adj
crouch	दुबककेबैठना	VI
crouched	दुबककेबैठाहुआ	Adj
croup	बच्चोंमेकण्ठरोग	N
croup	पुट्ठा{घोड़ेका}	N
croupier	जुएँकीमेज़कामालिक	N
crouton	डबलरोटीकातलाहुआटकड़ा	N
crow	कौआ; काक; काग; काँवकाँव; कुकुरूकूं	N
crow	काँवकाँवकरना; कुकुरूकूंकरना; शेखीबघारना	VI
crowbar	बोझउठानेकीडण्डी; लोहदंड	N
crowd	भीड़; समूह; रेला; ढेर	N
crowd	भीड़लगाना; दबावडालना; ठूंसना; ठसाठसभरना	V
crowded	भीड़वाला	Adj
crown	राजमुकुट; मुकुट; शिखर	N
crown prince	युवराज	N
crown princess	युवराज्ञी	N
crown	राज्याभिषेककरना; सम्मानितकरना; शिखरपरहोना; दाँतपरखोलचढाना	VT
crowning	समापन	Adj
crucial	संकटपूर्ण	Adj
crucible	घरिया; कडीपरीक्षा	N
crucifix	क्रूसीफिक्स	N
crucifixion	सूलीपरचढानेकाकार्य	N
cruciform	क्रासआकारका	Adj
crucify	सूलीपरचढ़ाना	VT
crude	अशोधित; अपरिष्कृत	Adj
crudely	रुखाईसे	Adv
crudeness	असभ्यता	N
crudity	अशिष्टता	N
crudites	घोल	N
cruel	निर्दयी	Adj
cruelly	निर्दयतापूर्वक	Adv
cruelty	क्रूरता	N
cruet	नमकदानी	N
cruise	समुद्रीयात्रा	N
cruise	समुद्रविहारकरना; लक्ष्यप्राप्तकरना	VI
cruiser	तीव्रगामीयुद्धपोत	N
cabin cruiser	विहारकामोटरबोट	N
cruise control	तेजनियन्त्रंमशीन	N
cruise missile	परिकलकसंचालकक्षेप्यास्त्र	N
crumb	ोटीकाटुकड़ा	N
crumble	ओवनपाकफलव्यंजन	N
crumble	चूरचूरहोना	VT
crummy	बेकार	Adj
crumpet	एकप्रकारकाकेक	N
crumple	सिलवटेंडालना[पडना]; ध्वस्तहोना	V
crunch	चर्वणकरना	N
crunch	चर्वणकरना; कुचलना; संगणनाकरना	VT
crunchy	कुरकुरा	Adj
crusade	ईसाईयोंकाधर्मयुद्ध	N
crusade	धर्मयुद्धकरना	VT
crusader	धर्मयुद्धकरनेवाला	N
crush	भीड़	N
crush	कुचलना	VT
crust	रोटीकीपपड़ी; परत	N
crustacean	कडेखोलवालाजलजीव	N
crusty	पपडीदार	Adj
crutch	सहारा	N
crux	समस्याकामहत्वपूर्णअंग	N
cry	रोना	N
cry	रोना; चिल्लाना	VI
cryogenic	कमतापमानयुक्त	Adj
crypt	तहखाना	N
cryptic	गुप्त	Adj
cryptography	बीजलेखन	N
crystal	स्फटिक	N
crystal clear	सुस्पष्ट	Adj
crystal-gazing	भविष्यवाणीकरनेकाअभ्यास	N
crystalline	पारदर्शक; स्फटिक	Adj
crystallise	रवेदारबनाना	V
crystallized	रवेदारहुआ	Adj
cub	बच्चा{सिंह; लोमड़ीआदिपशुका}	N
cube	क्यूब; घनफल	N
cubic	घनाकार; त्रिविमीय	N
cubicle	घनकक्ष	N
cubism	घनचित्रणशैली	N
cubist	घनचित्रणशैलीका	N
cuckoo	कोयल	N
cuckoo clock	कूककरनेवालीघंटाघडी	N
cucumber	ककड़ी	N
cuddle	गाढआलिंगन	N
cuddle	चिपटना[चिपटाना]	VI
cudgel	लाठी	N
cue	संकेत	N
cuff	कफ़	N
cuff	तमाचामारना	VT
cuisine	पाकशैली	N
cul-de-sac	बंदगली	N
culinary	पाकशालासंबंधी	Adj
cull	दुर्बलजानवरोंकीहत्या; चुनना	VT
culmination	पराकाष्ठा	N
culminate	पराकाष्ठापरपहुँचना	V
culottes	महिलाओंकास्कर्टजैसापतलून	N
culpable	दोषी	Adj
culprit	दोषी	N
cult	मत	N
cultivable	कृष्य	Adj
cultivate	खेतीकरना; सम्बन्धबढाना	VT
cultivated	सांस्कृतिक	Adj
cultivation	कृषि	N
cultivator	कृषक; जमीनजोतनेकायन्त्र	N
cultural	सांस्कृतिक	Adj
culture	संस्कार; संस्कृति	N
cultured	सुसंस्कृत	Adj
culture shock	सांस्कृतिकधक्का	N
culvert	भूमिगतनाली	N
cum	एवं	Prep
cumbersome	बेढंगा	Adj
cumin	ज़ीरा	N
cummerbund	कमरबंद	N
cumulative	संचयमान	Adj
cumulus	मेघपुंज	N
cunieform	फन्नीलिपि	N
cunning	चालाक	Adj
cunning	धूर्तता	N
cunningly	चालाकीसे	Adv
cup	प्याला	N
cup	प्यालेकेरूपदेना	VT
cupful	प्यालाभर	N
cup-cake	कपकेक	N
cup final	कपविजेता{फुटबालखेलमें}	N
cupboard	अलमारी	N
cupid	कामदेव	N
cupidity	लोभ	N
cupola	गुबन्द	N
curable	चिकित्स्य	Adj
curacy	पादरीसहायकपद	N
curate	पादरीसहायक	N
curative	आरोग्यकरपदार्थ	Adj
curator	संग्रहालयाध्यक्ष	N
curb	रोक	N
curb	नियन्त्रितकरना	VT
curd	दही	N
curdle	दहीजमाना	V
cure	चिकित्सा	N
cure	निरोगकरना	VT
curfew	कर्फ्यू	N
curio	अलभ्यकलाकृति	N
curiosity	जिज्ञासा	N
curious	जिज्ञासु	Adj
curl	लट	N
curl	घुँघरालाबनाना	VT
curly	घूंघरबाल	Adj
curler	घुँघरालेबालबनानेकाप्लास्टिकट्यूब	N
curlew	एकजलपक्षी	N
curling	एकप्रकारकाबर्फकाखेल	N
curmudgeon	चिडचिडाव्यक्ति	N
currant	मुनक्का	N
currency	मुद्रा	N
current	वर्तमानकालिक	Adj
currently	आज-कल	Adv
current account	चालूखाता	N
current affairs	सामयिकघटनाएँ	N
current	प्रवाह; विद्युतप्रवाह	N
curriculum	पाठ्यक्रम	N
curriculum vitae	पेशा	N
curry	सालन	N
curry powder	मसाला	N
curse	शाप	N
curse	शापदेना	VT
cursive	घसीट[लिखाई]	Adj
cursor	विशेषस्थानसूचितपरिकलकपर्देकाबिंदु	N
cursory	सरसरीसेकियाहुआ	Adj
curt	मुँहतोडउत्तर	Adj
curtail	कमकरना	VT
curtailment	काटछांट	N
curtain	पर्दा	N
curtain	पर्दाडालना	VT
curtain-raiser	नाटकीयप्रस्तुति	N
curvaceous	गोल-मटोल	Adj
curvature	टेढ़ापन	N
curve	वक्ररेखा	N
curve	वक्रहोना	VTI
cushion	गद्दी	N
cushion	गद्दीलगाना	VT
custard	कस्टर्ड	N
custard pie	सेकाहुआकस्टार्डव्यंजन	N
custodian	अभिरक्षक	N
custody	रक्षा	N
custom	रीति	N
custom-built	निर्देशनिर्मित	Adj
customary	रूढगत	Adj
customer	ग्राहक	N
customs	सीमाशुल्क	N
cut	चीरा; घटाव	N
cut	चीरना; काटना; दु:खपहुँचना	VTI
cute	अतिसुन्दर	Adj
cuticle	सुतरा	N
cutlass	सुखरी	N
cutlery	चाकूछुरीइत्यादि	N
cutlet	आलूचाप	N
cutter	काटनेकाउपकरण	N
cut-throat	निर्ममप्रतियोगिता	N
cutting	कतरन; कलम[वनस्पतियोंका]; कटाव	N
cutting edge	विकासकीउच्चअवस्था	N
cuttlefish	दसभुजीसमुद्रजीव	N
cyanide	विषैलीरासायनिकपदार्थ	N
cycle	चक्र; समयचक्र	N
cycle	साइकिलचलाना	V
cycling	साइकिलचलानेकीक्रीडा	N
cyclist	साइकिल-सवार	N
cyclone	तूफान	N
cylinder	सिलेंडर	N
cylindrical	बेलनाकार	Adj
cymbal	मंजीरा	N
cynic	दोषदर्शी	Adj
cynical	चिड़चिड़ाआदमी	N
cypress	सनौवर	N
cyst	रसौली	N
cystic fibrosis	श्वासअवयवमेंसंक्रमण	N
cystitis	मूत्राशय	N
dab	थपकी	N
dab	चुपड़ना	VT
dabble	ऊपरीढंगसेकरना	VI
dabble	भिगोना; सानना	VT
dad	पिता; बाप	N
daddy	पिता; बाप	N
daffodil	डैफोडिल{एकप्रकारकाकुमुद}	N
dagger	कटार	N
daily	दैनिक; प्रतिदिनका	Adj
daily	प्रतिदिन; प्रतिदिवस	Adv
daily	दैनिकसमाचारपत्र	N
dainty	रुचिर; सुहावना	Adj
dainty	स्वादिष्टवस्तु; प्रसाद	N
dairy	दुग्धशाला	N
dais	चबूतरा; मंच	N
daisy	गुलबहार	N
dale	खड्ड; घाटी	N
dam	बाँध	N
dam	बाँधबाँधना	VT
damage	हानि; घाटा; क्षति	N
damage	बिगड़जाना; नष्टहोजाना	VI
damage	हानिपहुँचाना; बिगाड़ना	VT
damages	हरजाना; दण्ड; क्षतिपूर्ति	N
dame	स्त्री	N
damn	धिक्कारना	VT
damp	नम; गीला	Adj
damp	नमी	N
damp	नमकरना	VT
dance	नाच; नृत्य	N
dance	नृत्यकरना; नाचना	VI
dandruff	रूसी	N
dandy	बाँका; छैला	Adj
danger	विपत्ति	N
dangerous	खतरनाक	Adj
dangle	झूलना; लटकना	VTI
dank	सीला	Adj
dapper	नाटाऔरचालाक	N
dapple	चितकबरा; रंगबिरंगा	Adj
dare	साहसकरना; ललकारना	V
daring	साहसी	Adj
daring	वीरता; साहस	N
dark	अंधेरा; गहरा; गुप्त; अस्पष्ट	Adj
dark	अंधेरा; साँवला	N
darken	कालाहोजाना[करदेना]; अँधेराहोना[करना]	V
darkness	अंधकार; धुंधलापन; अज्ञानता	N
darling	लाड़ला; आँखोंकातारा	N
darn	रफ़ूकरना	VT
dart	भाला; बल्लम	N
dart	झपटना; झटपटचलपड़ना; निकलपड़ना	VI
dart	फेंकना	VT
dash	धावा; फुर्ती; संघर्ष	N
dash	पटकना; देमारना	VI
dashing	साहसी	Adj
data	बातें{दीहुईयाजानीहुई}; निर्दिष्ट	N
date	तिथि; डेट{लड़कालड़कीकासाथबाहरजाना}; काल; समय; कालावधि; साथी; छुहारा; खजूर	N
date	तिथिडालना	VT
daub	भद्दारंगाहुआचित्र	N
daub	पोतना	VT
daughter	बेटी	N
daunt	निरुत्साहितकरना[होना]; डरना[डराना]	VT
dawn	उषा; उषाकाल; प्रभात; सबेरा; तड़के; आरंभ; उद्भव; उदय	N
dawn	सबेराहोना; दिखाईदेना; आरंभहोना; उद्भवहोना	VT
day	दिन; समय; काल	N
daybreak	अरुणोदय; प्रातःकाल; सबेरा; तड़के	N
daylight	दिनकाउजाला; प्रकाश; स्पष्टता	N
daze	चौंधियादेना; घबरादेना	VT
dazzle	चकाचौंधकरना[करना]	VT
deacon	एकछोटापादरी	N
dead	मृत; सधाहुआ; निश्चेष्ट; निर्जीव	Adj
dead	मृतक; जिससमयसुनसानहो	N
deadly	प्राणनाशक; घातक	Adj
deaf	बधिर; बहरा	Adj
deafness	बहरापन; बधिरता	N
deal	डील	N
deal	व्यवहारकरना; वर्णनकरना; सामनाकरना; व्यापारकरना; चलाना	VTI
dealer	व्यापारी; लेनदेनकरनेवाला	N
dealings	आचरण	N
dearly	महंगेदामपर; बहुतज्यादा	Adv
dear	प्रिय; लाडला; बहुमूल्य; महँगा	N
dear_bought-experience	खोकेसीखना; ठेसलगेबुद्धिबढे	N
dearly	प्रेमसे; बड़ेमोलपर	Adv
dearth	कमी; दुर्लभता; अकाल	N
death	मृत्यु; मरण	N
death-bed	मृत्युशय्या	N
deathbed	मृत्युशय्या	N
debarment	निकालाजाना	N
debase	घटाना; पदवीसेउतारना; खोटाकरना; मूल्यघटाना	VT
debatable	विवादास्पद; विवादनीय; तर्कनीय; विवादी; विवादयोग्य	Adj
debate	बहस; वादविवाद; विवाद	N
debate	वादविवादकरना; बहसकरना	VT
debenture	उधारपत्र	N
debilitate	दुर्बलकरना	VT
debit	व्ययपक्षओरकालेख; ऋण; उधार	N
debit	उधारलिखना; खर्चकेमदमेंलिखना	VT
debris	रोड़ा	N
debt	उधार; ऋण	N
debtor	देनदार	N
decade	दशक	N
decapitate	सिरकाटना; सिरउतारना	VT
decay	क्षय	N
decay	सड़ना; बिगड़ना; घटना; मुरझाना; नाशहोना	VT
decease	म्रृत्युपाना	VT
deceased	मृत	Adj
deceit	छल; झूठ; धोखा	N
deceitful	छली; कपटी	Adj
deceive	धोखादेना	VT
decency	शालीनता	N
the decencies	सामाजिक जीवन का शिष्टाचार	N
decent	उचित; अच्छा; मर्यादित	Adj
decently	शालीनता से	Adv
decentralize	विकेंद्रित करना	V
deceatralization	विकेंद्रीकरण	N
deception	छल	N
deceptive	कपटपूर्ण	Adj
deceptively	कपट से	Adv
deci	दसवाँ हिस्सा	Comb form
decibel	डेसीबल	N
decide	निश्चय करना; निर्णय देना; निर्णय तक पहुँचना	V
decided	निश्चित	Adj
decidedly	निश्चित रुप से	Adv
dacider	निर्णायक	N
deciduous	पर्णपाती	Adj
decilitre	डेसीलिटर	N
decimal	डेसीमल	Adj
decimalize	डेसीमलाइज	V
decimal point	डेसीमल बिंदु	N
decimate	बड़ी संख्या में मारना; बहुत कम कर देना	V
decimation	नाश	N
decimetre	डेसीमीटर	N
decipher	अर्थ निकालना	V
decision	निर्णय; निश्चय	N
decisive	निर्णायक; दृढ़	Adj
decisively	निश्चय के साथ	Adv
decisiveness	निश्चितता	N
deck	डेक; जलपोत की छत; बस की छत; ताश के पत्ते; रेकार्डिंग के लिए एक यंत्र	N
deck	सजाना	V
decker	कई छतों वाले	N
deck chair	झूला{कुर्सीनुमा}	N
declaim	घोषित करना	V
declamation	घोषणा; भाषण	N
declamatory	शब्दाडम्बरपूर्ण	Adj
declaration	घोषणा; घोषण पत्र	N
declare	घोषित करना; विवरण देना; उद्घोषणा करना	V
declared	घोषित	Adj
decline	मना करना; क्षीण हो जाना	V
decline	पतन; क्षय	N
decode	कूटानुवाद	V
decoder	कूटानुवादक	N
decollete	कंधे तक दिखने वाला वस्त्र	Adj
decolonize	उपनिवेष को छोड़ना या स्वतंत्र घोषित करना	V
decolonization	उपनिवेषवाद का अंत	N
decommission	बंद हो जाना	V
decompose	अपघटित हो जाना	V
decomposition	अपघटन	N
decompression	विसंपीडन	N
decongestant	सर्दी खाँसी की दवा	N
deconstruct	?	V
deconstruction	?	N
deconstructionism	?	N
deconstructionist	?	N
decontaminate	विसंदूषित कर देना	V
decontamination	विसंदूषित	N
decorate	अलंकृत करना; सजाना; पदक प्रदान करना	V
decorator	कमरे इत्यादि को सजाने वाला व्यक्ति	N
decoration	सजावट; सजावट की वस्तु; पदक	N
decorative	सजावटी	Adj
decorous	मर्यादित	Adj
decorously	सुन्दरतासे	Adv
decorum	मर्यादा	N
decoy	फँसाने वाले जानवर या चिडिया; प्रलोभन देने वाला व्यक्ति	N
decoy	फँसाना	V
decrease	घटना या घटाना	V
decrease	कमी; घटती	N
decree	आदेश; आज्ञाप्ति	N
decree absolute	न्यायालय द्वारा दो लोगों को अलग करने का आदेश	N
decrepit	जीर्ण	Adj
decry	निन्दा	V
dedicate	समर्पित करना	N
dedicated	समर्पित	Adj
dedication	समर्पण	N
deduce	परिणाम निकालना	V
deducible	निगम्य	Adj
deduct	काटना	V
deductible	काटने योग्य	Adj
deduction	घटाव; कटौती; निगमन	N
deductive	निगमनिक	Adj
deed	कार्य; विलेख	N
deed of convenant	दानपत्र	N
deed poll	एक पक्षीय विलेख	N
deem	समझना	V
deep	गहरा; गम्भीर; मग्न	Adj
deepen	और गहरा हो जाना	V
deeply	गहरापन	Adv
deepness	गहराई	N
deepsea	समुद्र का गहराई वाला हिस्सा	Adj
deep-water	गहरा पानी	Adj
deep-set	गहराई लिए हुए	Adj
deep	गहराईसे[में]	Adv
deep down	असलियत में	IDM
deep-freeze	हिमीकरण	V
deep-fry	तेल में डुबा के तलना	V
deep-rooted	गहरा	Adj
deep-seated	सुदृढ़	Adj
deep	समुद्र	N
deer	हरिण	N
deerstalker	एक प्रकार की पगड़ी	N
de-escalate	युद्ध की तीव्रता कम करना	V
de-escalation	युद्ध की तीव्रता में कमी	N
deface	विकृत कर देना	V
defacto	वस्तुत:	Adv
defacto	वास्तविक	Adj
defame	मानहानि करना	V
defamation	मानहानि	N
defamatory	मानहानिकारक	Adj
default	अनुपस्थिति	N
default	चूकना; भुगतान न करना	V
defaulter	चूककर्ता; बाकीदार	N
defeat	हराना; विफल कर देना	V
defeat	हार	N
defeatism	पराजयवाद	N
defeatist	पराजयवाद को मानने वाला	Adj
defecate	मलत्याग करना	V
defecation	मलत्याग	N
defect	दोष; एक राजनैतिक पार्टी को त्याग कर दूसरी में शामिल होना	N
defector	राजनैतिक पार्टी छोडने वाला व्यक्ति	N
defective	त्रुटिपूर्ण	Adj
defectively	त्रुटि	Adv
defectiveness	त्रुटि	N
defence	रक्षा; सफाई; रक्षा कड़ी	N
defenceless	रक्षाहीन	Adj
defencelessness	रक्षाहीनता	N
defencelessly	रक्षा के बिना	Adv
defend	रक्षा करना; सर्मथन देना; अपना स्थान बनाए रखना	V
defender	रक्षक	N
defendant	प्रतिवादी	N
defenseman	रक्षा करने वाला	N
defensible	सहज में रक्षा होने योग्य	Adj
defensive	बचाने वाला; रक्षक	Adj
defer	टालना; किसी के मत को स्वीकार करना	V
deference	आदर करना	N
deferential	श्रद्धासूचक	Adj
deferentially	आदरपूर्वक	Adv
defiance	अवज्ञा	N
defiant	निडर	Adj
deficiency	कमी	N
deficient	अपूर्ण; न्यून	Adj
deficit	घाटा	N
defile	दूषित करना; अपवित्र करना	V
defile	संकुचित मार्ग	N
define	स्पष्ट करना; सीमांकन करना; निर्धारितहोना	V
definitely	पक्का करना; स्पष्टता से	Adv
definition	परिभाषा; व्याख्या; स्पष्ट	N
definitive	स्थिर; अंतिम	Adj
definitively	स्थिरतापूर्वक	Adv
deflate	भरी हुई हवा निकालना; आत्मविश्वास कम करना; कम होना	V
deflation	हवा निकालना	N
deflationary	मँहगाई कम करना	Adj
deflect	मुड़ना; हटाना	V
deflection	झुकाव	N
deflower	चरित्र नष्ट करना	V
defoliate	पत्ररहित करना	V
defoliation	पतझड़ का समय	N
deforest	पेड़ों को उखाड़ना	V
deforestation	पेड़ो का उखाड़ना	N
deform	विकृत होना	V
deformation	विकृति	N
deformed	विकृत	Adj
deformity	विकृति	N
defraud	कपट करके हरना	V
defray	अदा करना	V
defrost	बर्फ गलाकर हटाना	V
deft	निपुण	Adj
deftly	चतुराई से	Adj
deftness	निपुणता	N
defuse	फ्यूज़ हटाना; तनाव कम करना	V
defy	अवज्ञा करना; चुनौती देना	V
deg	डिग्री	N
degenerate	क्षय होना	V
degenerate	भ्रष्ट	Adj
degeneracy	विकृति	N
degeneration	क्षय होना	N
degenerative	पतनकारक?	Adj
degrade	पदावनत करना; नष्ट होना	V
degradable	नष्ट होने योग्य	Adj
degradation	मान भंग	N
degrading	न्यून	Adj
degree	उपाधि; अंश; कोटि	N
dehumanize	अमानव बन जाना	V
dehydrate	पानी का सूखना; शरीर में पानी की कमी होना	V
dehydration	पानी की कमी	N
de-ice	बर्फ रहित करना[होना]	V
deicer	बर्फ पिघलाने वाला पदार्थ	N
deify	पूजा करना	V
deification	पूजनीय	N
deign	अपने को अत्यधिक महत्व देना	V
deity	देवता; ईश्वर	N
the deity	देवता	N
deja-vu	पहले न घटित के घटने का आभास	N
dejected	दुःखी; उदास	Adj
dejectedly	उदासीकेसाथ	Adv
dejection	उदासी	N
dejure	कानूनी	Adj
dekko	दृष्टिपातकरना	N
delay	देरी करना[होना]	V
delay	विलम्ब	N
delectable	आनंददायक	Adj
delectation	आनंद	N
delegate	प्रतिनिधि; अपने कर्तव्यों को दूसरों को सौंपना; कर्नव्यों की व्याख्या करना	N
delegate	सौंपना; प्रतिनिधित्वकरनेकेलियेभेजना	V
delegation	प्रतिनिधि मंडल; कर्तव्यो की व्याख्या	N
delete	मिटा देना; हटादेना	V
deletion	मिटा हुआ	N
deleterious	हानिकारक	Adj
deliberate	सुविचारित; ध्यानपूर्वक	Adj
deliberate	विचारकरना	VT
deliberately	जानबूझकर	Adv
deliberation	विचारविमर्श; सोचसमझकर	N
delicacy	कोमलता; स्वादिष्ट भोजन; कुशलता; नज़ाकत	N
delicate	नाज़ुक; कोमल; सूक्ष्म; कुशलतापूर्ण; संवेदनशील	Adj
delicately	कुशलतापूर्वक	Adv
delicatessen	व्यंजन	N
delicious	स्वादिष्ट; रोचक	Adj
deliciously	स्वाद लेते हुये	Adv
delight	खुशी	N
delight	खुश होना	V
delighted	आनन्दित	Adj
delightful	आनंदप्रद	Adj
delightfully	खुशी से	Adv
delightedly	खुशी से	Adv
delimit	सीमानिर्धारितकरना	VT
delineate	विवरण देना	V
delineation	विवरण; आकार	N
delinquency	अपराधवृत्ति; चूक{कर्तव्यमें}	N
delinquent	आपराधिक	Adj
delinquent	अपराधी	N
delirious	बेहोश; उन्मत्त{खुशीसे}	Adj
deliriously	उन्मत्ततासे	Adv
deliriously happy	खुशी से पागल हो जाना	Adj
delirium	विक्षिप्तता; उन्मत्तता	N
deliver	पहुँचादेना{पत्रादि}; देना; जन्म देना{कर्मवाच्यमें}; मारना; बचाना	VT
deliverance	बचाव	N
delivery	प्रदत्त; प्रसूति; फेंकना; भाषण शैली	N
delivery	पहुँचाने वाला	Adj
delivery_note	डिलिवरीनोट	N
dell	पेड़ों से घिरी छोटी घाटी	N
delphinium	एक प्रकार का नीला फूल	N
delta	ग्रीक वर्णमाला का चौथा अक्षर; नदी से बना एक तिकोना उपजा क्षेत्र	N
delude	धोखा देना	V
deluge	पानीकीबाढ़; भरमार	N
deluge	मेंडूबजाना	VT
delusion	भ्रम; धोखा	N
delusive	भ्रामक	Adj
delusively	भ्रामकरूपसे	Adv
deluxe	शाही	Adj
delve	खूब छानबीन करना	V
dem	लोकतंत्रवादी	N
demagnatize	चुम्बकत्वनष्टकरना	V
demagogue	जनोत्तेजक नेता	N
demagogic	जनोत्तेजक	Adj
demogogy	जनोत्तेजनाकेसिद्धान्त	N
demand_note	डिमांडनोट	N
demand_bill	डिमांडबिल	N
demand_loan	डिमांडलोन	N
demand	दावाकरना; माँगना	VT
demanding	माँगोंसेभरा	Adj
demarcate	सीमांकनकरना	VT
demarcation	सीमांकन	N
demean	नीचादिखाना	VT
demeaning	गौरवकमहोना	Adj
demeanour	आचरण	N
demented	पागल	Adj
dementedly	पागलपनसे	Adv
demerit	अवगुण	N
demesne	ज़मींदारी	N
demigod	यक्ष	N
demilitarize	सेनाहटाना	VT
demilitarization	विसैन्यीकरण	N
demise	मृत्यु	N
demist	धुंधहटाना	VT
demister	धुंधहटानेकासाधन	N
demo	डिमौन्स्ट्रेशन	N
demobilize	फौजकीनौकरीसेमुक्तकरना	VT
democracy	प्रजातंत्रराज्य; प्रजातांत्रिकदेश	N
democrat	प्रजातंत्रवादी	N
democratic	प्रजातांत्रिक	Adj
democratically	प्रजातांत्रिकरूपसे	Adv
democratize	प्रजातंत्रबनाना	VT
democratization	प्रजातंत्रीकरण	N
demography	जनसांख्यिकी	N
demographer	जनसांख्यिकीविशेषज्ञ	N
demographic	जनसांख्यिकीय	Adj
demolish	ढाना; खाना{जल्दीजल्दी}; विध्वंस करना	VT
demolition	विनाश; नाश	N
demon	पिशाच	N
demonic	पैशाचिक	Adj
demonetize	मुद्राकरणकरना	VT
demonitization	मुद्राकरण	N
demoniac	राक्षसी	Adj
demonstrate	प्रदर्शनकरना; प्रमाणित करना	VT
demonstration	प्रमाणदेना	N
demonstrative	भावप्रदर्शक; निश्चयवाचक	Adj
demonstratively	प्रदर्शनकरतेहुए	Adv
demonstrativeness	प्रदर्शनकरना	N
demonstrator	प्रदर्शक	N
demoralisation	उत्साहभंग; नैतिकपतन	N
demoralize	निरुत्साहकरना	VT
demote	पदावनतकरना	VT
demur	ऐतराजकरना; आपत्तिकरना	VT
demure	ऐतराज़	N
demure	शान्त	Adj
demystify	रहस्यहटाना	VT
demystification	रहस्योद्घाटन	N
den	माँद; निजी कमरा; अड्डा	N
denationalize	विराष्ट्रीकरणकरना	VT
denationalization	विराष्ट्रीकरण	N
denatured	विकृत	Adj
dengue	डेंगू	N
deniable	खण्डनीय	Adj
denial	नकारना; परित्याग	N
denigrate	बदनामकरना	VT
denigration	निन्दा	N
denizen	निवासी	N
denominate	नामरखना	VT
denomination	नाम{किसीजातियाप्रकारका}	N
denominational	सांप्रदायिक; पंगत	Adj
denominator	हर	N
denote	बतलाना; सूचित करना	VT
denouement	समाप्ति; निन्दा	N
denounce	दोषीठहराना; केबारेमेंसूचितकरना{अधिकारियोंको}; समाप्तकरना	VT
dense	घना; मन्दबुद्धि	Adj
denseness	घनापन	N
density	घनत्व	N
dent	गड्ढा	N
dent	गड्ढाबनाना	VT
dental	दंत्य	Adj
dentifrice	मंजन	N
dentist	दाँतोंकाडाक्टर	N
dentistry	दन्तचिकित्सा	N
denture	दन्तावली	N
denude	निरावृत करना; उघाड़ना	VT
denunciation	निन्दा	N
deny	अस्वीकार करना; बातकाटना; वंचित करना	VT
depart	सेहटना	VT
department	विभाग	N
departure	प्रस्थान	N
depend	भरोसारखना; आश्रित होना	VT
dependence	सहारा	N
dependency	निर्भरता	N
dependant	निर्भर	N
dependent	निर्भर	Adj
depict	चित्रखींचना	VT
deplete	खालीकरना	VT
depletion	कमी	N
deplorable	दयनीय; निन्दनीय	Adj
deplore	निन्दाकरना	VT
deploy	फैलाना	V
deport	देशनिकालादेना	VT
deportation	निर्वासन	N
depose	साक्षीदेना	VI
depose	पदच्युतकरना	VT
deposit	धरोहर	N
deposit	जमाकरना	VT
depository	धरोहरकास्थान	N
deposition	पदच्युति	N
depot	भंडार	N
deprave	भ्रष्टहोना	VT
depravity	भ्रष्टता	N
deprecate	की निन्दा करना	VT
depreciate	मूल्यघटाना	VT
depreciation	मूल्यकान्यूनकरना	N
depress	दबाना; उदास करना; कम करना; मन्द करना	VT
depression	दबाव; उदासी	N
depressive	दबावपूर्ण; हतोत्साहक	Adj
deprivation	वंचन; गरीबी	N
deprive	वंचित करना	VT
deprived	वंचित	Adj
depth	गहराई; मध्य	N
deputation	प्रतिनियुक्ति	N
depute	प्रतिनियुक्तकरना	V
deputize	प्रतिनियुक्तिकरना	VI
deputy	प्रतिनिधि	N
derail	पटरीसेउतारना	VT
derailment	पटरीसेउतरना	N
derange	गड़बड़करना	VT
deranged	पागल	Adj
deregulate	नियमहटाना	VT
deregulation	?	N
derelict	परित्यक्त	Adj
dereliction	लापरवाही; परित्याग	N
deride	उपहास करना	VT
derision	ठट्ठा	N
derisive	उपहासपूर्ण	Adj
derivation	व्युत्पत्ति	N
derivative	व्युत्पादित	Adj
derive	प्राप्तकरना; उत्पन्नहोना	VT
dermatitis	त्वचाशोथ	N
dermatology	त्वचाविज्ञान	N
dermatologist	त्वचाविशेषज्ञ	N
derogate	अप्रतिष्ठाकरना	V
derogatory	अपमानजनक	Adj
descend	उतरना	VT
be_descended_from	का_वंशज_होना	V
descend_upon	अचानक_आना	V
descendant	सन्तान	N
descent	उतार	N
describe	वर्णनकरना; बुलाना; चित्रखींचना	VT
description	वर्णन; प्रकार	N
descriptive	वर्णनात्मक	Adj
desecrate	भ्रष्टकरना	VT
desecration	भ्रष्टकरना	N
desegregate	वर्णभेददूरकरना	V
desegregation	वर्णभेददूरीकरण	N
desert	रेगिस्तान	N
desert	वीरानहोजाना; छोड़देना	V
deserted	वीराना; परित्यक्त	Adj
deserter	भगोड़ा	N
desertion	त्याग	N
deserve	योग्यहोना	VT
deservedly	उचितरीतसे	Adv
deserving	योग्य	Adj
design	रूप; रचना; नमूना; योजनाबद्ध	N
design	रूपाकारदेना; योजनाबनाना	V
designate	पदनामित	Adj
designate	निर्दिष्टकरना	VT
designation	पदवी	N
designer	रूपबनानेवाला	N
designing	चालाक	Adj
desirable	वांछित	Adj
desire	इच्छा; इच्छित	N
desire	चाहना	VT
desirous	इच्छाकरनेवाला	Adj
desist	रोकलगाना	N
desist	रुकजाना	VT
desk	डेस्क	N
desolate	उजाड़; अकेला	Adj
desolate	उजाड़ना; अकेलामहसूसकरना	VT
desolation	उजड़ापन	N
despair	निराशा	N
despair	निराशहोना	VT
desperate	निराश; निराशोन्मत्त	Adj
desperation	निराशा	N
despicable	घृणित	Adj
despise	घृणाकरना	VT
despite	बैर	N
despite	होनेपरभी	Prep
despondent	आशाहीन	Adj
despot	शक्तिशाली; क्रूरराजा	N
despotic	क्रूरराजाकीतरह	Adj
despotism	निरंकुशशक्ति	N
dessert	डेज़र्ट	N
destination	गन्तव्य; अभिप्राय	N
destined	नियतवाला	Adj
destined_for	कागन्तव्य	V
destiny	नियत	N
destitute	निस्सहाय	Adj
destitute_of	सेरहित	N
destroy	नष्टकरना; मार डालना	VT
destroyer	ध्वंसक	N
destruct	तोड़फोड़करना	VT
destruction	तोड़फोड़	N
destructive	हानिकारक	Adj
detach	पृथककरना; भेज देना	VT
detached	अलग_[हुआ]	Adj
detachment	तटस्थता; पृथक्करण	N
detail	व्यौरा; टुकड़ी तैनात करना	N
detail	व्यौरेवारवर्णनकरना	VT
detailed	व्यौरेवार	Adj
detain	रोकरखना	VT
detect	देखपाना	VT
detection	खोज	N
detective	जासूसी	Adj
detective	जासूस	N
deter	रोकना	VT
detergent	डिटर्जन	N
deteriorate	बिगड़ना	VT
deterioration	बिगाड़	N
determinant	निश्चयसाधन	N
determination	निश्चय{निर्धारण}	N
determine	निर्धारणकरना; निश्चयकरना	VT
determined	दृढ़	Adj
determiner	संज्ञाकेपहलेआनेवाला	N
determinism	{दर्शनशास्त्रमें}मतजोकहताहैकिमनुष्यकाव्यवहारया	N
deterrent	डराकररोकनेवाला	N
detest	घृणाकरना	VT
detestable	घृणाकेयोग्य	Adj
detestation	अतिशयघृणा	N
dethrone	गद्दीपरसेउतारना	VT
detonate	धमाकाकरना; होना	V
detonation	धमाका	N
detonator	बमआदिबनानेकाउपकरण	N
detour	कहींजानेकेलिएलंबापथ	N
detract	कलंकितहोना	V
detractor	आलोचनाकरकेकलंकितकरनेवाला	N
detrimental	हानिकारक	Adj
detritus	पत्थरसेबनाहुआरेतआदि	N
de trop	अनचाहा	Adj
deuce	{टेनिसकेखेलमें}बराबरीकेअंक	N
deutschmark	जर्मनीकीमुद्रा	N
devalue	मूल्यकमकरना	V
devastate	उजाड़ना	VT
devastation	नाश	N
devastating	उजाड़नेवाला	Adj
develop	विकसितकरना	VT
developed	विकसित	Adj
developing	विकासशील	Adj
development	विकास	N
deviate	मार्गसेअलगहोना	VT
deviation	लीकसेहटना; उल्लंघन	N
device	उपकरण; लेखनशैली	N
devil	शैतान	N
devil	मसालेएवंतरलपदार्थोंसेखानापकाना	V
devilish	शैतानजैसा	Adj
devious	चालाक; चतुर	Adj
deviously	चालाकीसे	Adv
deviousness	चालाकी; चतुरता	N
devise	योजनाबनाना	V
devoid	रहित	Adj
devolution	राज्योंकोकेन्द्रद्वारादियागयाअधिकार	N
devote	समर्पित करना; वफादार	VT
devoted	वफादार	Adj
devotion	प्राणार्पण	N
devotee	भक्त	N
devotional	धार्मिक	Adj
devour	खाजाना; जल्दी-जल्दीऔरसूक्ष्मतासेपढ़ना; बर्बादकरना	VT
devout	भक्तिमय	Adj
dew	ओस	N
dexterity	निपुणता	N
dexterous	निपुण	Adj
diabetes	मधुमेहरोग	N
diabetic	मधुमेहसंबंधी	Adj
diabolical	अप्रिय	Adj
diagnose	लक्षणदेखकर{रोग}निर्णयकरना	VT
diagnosis	रोगकीपहचान	N
diagonal	कर्णरेखा	N
diagram	चित्र	N
dial	डायल	N
dialect	देशीभाषा	N
dialogue	बातचीत	N
diameter	व्यास; मोटाई	N
diametrically	पूर्णरूपसे	Adv
diamond	हीरा	N
diaper	कामदानी; बच्चोंकीचड्डी	N
diarrhea	दस्त	N
diary	दैनिकवृत्तकीपुस्तिका	N
diatribe	कठोरसमालोचना	N
dice	पाँसा	N
dichotomy	किसीदोभिन्नपदार्थयासमूहकेविभाग	N
dictate	आज्ञा	N
dictate	आज्ञादेना	VT
dictation	श्रुतलेख	N
dictator	तानाशाह	N
diction	शब्दोंकाचुनावऔरउनकेबोलनेऔरलिखनेकाढ़ंग	N
dictionary	शब्दकोष	N
dictum	वचन; उक्ति	N
didactic	उपदेशक	Adj
die	मरना	V
die	ठप्पायासाँचा	N
diet	भोजन	N
diesel	डीज़ल	N
differ	भिन्नहोना	VT
difference	भिन्नता	N
different	अलग	Adj
differential	अंतरसंबन्धी	Adj
differentiate	विभेदजानलेना	VT
difficult	कठिन	Adj
difficulty	कठिनता	N
diffuse	फैलाहुआ	Adj
diffuse	फैलाना; छितराना	VT
diffusion	फैलाव	N
dig	खोदाई	N
dig	खोदना	VT
digest	नीतिसंग्रह	N
digest	पचाना	VT
digestion	पचाव	N
digestive	पाचक	Adj
digger	खोदनेवालामनुष्य	N
digit	अंक	N
dignify	प्रतिष्ठितदिखाईदेना	VT
dignitary	उच्चपदवीवाला	N
dignity	बड़प्पन	N
dike	खाईना	VT
dilapidated	जीर्ण-शीर्ण	Adj
dilapidation	जीर्णता	N
dilatory	कार्यकरनेमेंसुस्ती	Adj
dilemma	दुविधा	N
diligence	परिश्रम	N
diligent	परिश्रमी	Adj
dill	सौंफकेपौधेजैसाएकसुगन्धयुक्तपौधा	N
dilute	पानीसेपतलाकरना	VT
dilution	जलमिश्रण	N
dim	धुंधला	Adj
dim	धुंधलाहोना; करना	V
dimension	आयाम	N
diminish	घटाना	V
diminution	टौती.	N
diminutive	अतिछोटा	Adj
diminutive	लघुसंज्ञा	N
din	शोरगुल	N
din	शोरगुलकरना	VT
dine	भोजनकरना	V
ding dong	घण्टीकीआवाज; बहसयाप्रतिस्पर्धा	N
dinghy	छोटीएवंखुलीनाव	N
dingy	कालाऔरगन्दा	Adj
dinner	रातकाभोजन	N
dint	प्रयत्न	N
diocese	धर्मप्रदेश	N
dip	डुबाना; कमहोना; नीचेकोआना	V
dip	डुबाव	N
diphtheria	डिप्थीरिया	N
diploma	डिप्लोमा	N
diplomacy	देशोंकेबीचराजनीतिकसंबन्ध; व्यवहारकुशलता	N
diplomat	राजदूत; व्यवहारकुशल	N
diplomatic	कूटनीतिज्ञ	Adj
direct	सीधा	Adj
directly	सीधेसे	Adv
direct	पथदिखाना	VT
direction	दिशा; निर्देशन	N
director	अध्यक्ष; निर्देशक	N
directorate	निदेशालय	N
directory	डायरेक्टरी	N
dirt	मैल	N
dirty	गन्दा	Adj
disability	असामर्थ्यता	N
disable	बलहीनकरना	V
disadvantage	नुकसान	N
disaffected	असंतुष्ट	Adj
disaffection	असंतोष	N
disagree	असहमत होना	VT
disagreeable	अप्रिय	Adj
disagreement	असहमति	N
disallow	माननेसेइन्कारकरना	VT
disappear	अदृश्यहोना	V
disappearance	ओझल	N
disappoint	निराशकरना; होना	VT
disappointment	आशाभंग	N
disapprobation	असम्मति	N
disapproval	असम्मति	N
disapprove	अस्वीकारकरना	VT
disarm	हथियारछीनलेना	VT
disarmament	निःशस्त्रीकरण	N
disarrange	अस्तव्यस्त कर देना	VT
disarrangement	अव्यवस्था	N
disarray	उलटपलट	N
disaster	भाग्यहीनता; दुर्घटना	N
disastrous	दुर्घटनापूर्ण	Adj
disassemble	खोलना	VT
disavow	अस्वीकार कर देना	VT
disband	सेनाभंगकरना	VT
disbar	बैरिस्टरकोपदच्युतकरना	VT
disbelief	अविश्वास	N
disbelieve	विश्वासनकरना	VT
disburse	इकट्ठाकियाहुआधनसेपैसेदेना	VT
disbursement	व्यय	N
disc	कोईचिपटीगोलवस्तु	N
discard	फेंकदेना	V
discern	देखना; पतालगाना	VT
discharge	छुड़ादेना	VT
disciple	अनुयायी; शिष्य	N
disciplinarian	नियमपालनकरनेवाला	N
disciplinary	अनुशासनिक	Adj
discipline	अनुशासन	N
discipline	अनुशासित करना	VT
disclaim	अस्वीकार करना	VT
disclose	खोलना	VT
disclosure	प्रकटीकरण	N
discolour	रंगउड़ादेना	VT
discomfort	असुविधा	N
disconcert	क्षुब्धकरदेना	VT
disconnect	अलगकरना	VT
discontented	असन्तुष्ट	Adj
discontentment	असन्तोष	N
discontinue	छुड़ाना	VT
discordant	विपरीत	Adj
discount	छूट	N
discount	छूटदेना	VT
discourage	हतोत्साहित करना	VT
discouragement	हतोत्साह	N
discourse	प्रवचन	N
discourse	प्रवचनदेना	VT
discover	खोजना	VT
discovery	खोज	N
discredit	बदनामी	N
discredit	बदनामकरना	VT
discreet	पृथक	Adj
discrepancy	भिन्नता	N
discretion	विवेक	N
discriminate	भेदकरना	VT
discrimination	भेदकरना	N
discuss	चर्चाकरना	VT
discussion	चर्चा	N
disdain	अवहेलना	N
disdain	अवहेलना करना	VT
disdainful	अवहेलनापूर्ण	Adj
disease	बीमारी	N
disembark	जहाजसेउतारना	VT
disenchanted	अमोहक	Adj
disenchantment	मोह दूर होना	N
disengage	अलगकरना	VT
disengagement	छुटकारा	N
disfavour	नपसन्दगी	N
disfavour	अरुचिप्रकटकरना	VT
disfigure	विरूपितकरना	VT
disgorge	भारीमात्रामेंबहाना	VT
disgrace	कलंक	N
disgrace	अपमानकरना	VT
disgraceful	लज्जाप्रद	Adj
disguise	भेष	N
disguise	भेषबदलना	VT
disgust	घृणा	N
disgust	घृणाकरना	VT
dish	थाली; पकवान	N
dish	थालीलगाना	VT
dishearten	मनतोड़ना	VT
dishevel	अस्त व्यस्त कर देना	VT
dishevelled	बिखरे बालों वाला	Adj
dishonest	बेईमान	Adj
dishonesty	बेईमानी	N
dishonour	अपमान	N
dishonour	अपमानित करना	VT
dishonourable	अपमानकारक	Adj
dishonourably	अपमानसे	Adv
disinclined	अनिच्छुक	Adj
disinfectant	रोगाणुओंसेमुक्तकरनेवालाद्रव्य	N
disingenuous	कपटी	Adj
disintegrate	अलगअलगकरना	V
disinterested	स्वार्थरहित	Adj
disjointed	जोड़अलगकरना	Adj
dislike	अरुचि	N
dislike	पसंदनकरना	VT
dislocate	हड्ड़ीकीजोड़हटना; बाधाड़ालना	VT
dislocation	हटाव	N
dislodge	पूर्वस्थानसेहटाना	VT
disloyal	विश्वासघाती	Adj
disloyalty	विश्वासघात	N
dismal	निराशाजनक	Adj
dismantle	विघटित करना	VT
dismay	त्रस्त	N
dismay	निराशकरना	VT
dismember	अंगभंगकरना	VT
dismiss	बरखास्तकरना	VT
dismissal	बरख़ास्तगी	N
disobedience	अवज्ञा	N
disobey	आज्ञानमानना	VT
disorder	अव्यवस्था; विकार; रोग	N
disorderly	अस्त-व्यस्तएवंगन्दा	Adj
disorganize	उलटापुलटाकरना	VT
disown	अंगीकारनकरना	VT
disparage	बुराईकरना	VT
disparity	अन्तर	N
dispassionate	निष्पक्ष	Adj
dispatch	किसीविशेषकार्यहेतुकुछभेजना; सूचनायाख़तआदिशीघ्रभेजना	V
dispel	दूरकरना	VT
dispensable	अनावश्यक	Adj
dispense	बाँटना	VT
disperse	छितराना	VT
dispirit	मनतोड़ना	VT
dispirited	उदासीन	Adj
dispiriting	उदासीन	Adj
displace	अपनीजगहसेहटादेना; दूसरोंकास्थानलेना	V
display	दिखावा	N
display	दिखावाकरना	VT
displease	अप्रसन्नकरना	VT
displeasure	अप्रसन्नता	N
disposable	उपयोगकरकेफैंकनेलायक	Adj
disposal	छुटकारा; {व्यापारमें}जमीन; जायदादआदिकाहिस्साबेचना	N
dispose	ठीकरखना	VT
disposed	कुछकरनेकेलिएतैयार; कोईयाकुछचीजव्यर्थलगना	Adj
disposition	प्रबंध; स्वभाव; प्रकृति	N
dispossess	स्वत्वहरणकरना	VT
disproportionate	असंगति	Adj
disproportionately	असंगतिसे	Adv
disprove	झूठा ठहराना	V
dispute	विवादकरना	VT
dispute	विवाद	N
disqualification	अयोग्यता	N
disqualify	अयोग्यठहराना	VT
disregard	अनादर	N
disregard	तुच्छजानना	VT
disrepair	मरम्मतकीहालत	N
disreputable	अपमान; लज्जाजनक	Adj
disrepute	अप्रतिष्ठा	N
disrespect	अनादर	N
disrespectful	अनादरणीय	Adj
disrespectfully	अनादरणीयतासे	Adv
disrupt	तितर-बितरकरना	VT
disruption	विघटन	N
disruptive	विघटनकारी	Adj
dissatisfaction	असन्तोष	N
dissatisfied	असन्तुष्ट	Adj
dissect	शोधकेलिएलाशयापौधोंकीचीरफाड़करना	VT
dissection	शोधकेलिएलाशयापौधोंकीचीरफाड़	N
disseminate	फैलाना	VT
dissension	मतभेद	N
dissent	असहमति	N
dissent	मतभेदहोना	VT
dissenter	भिन्नमतावलम्बी; इंग्लैंड़केगिरिजाघरकीप्रथाओंकोनमाननेवाला	N
dissertation	शोध निबंध	N
dissimilar	असदृश	Adj
dissimulate	भावनाओयाविचारोंकोछिपाना	V
dissimulation	भावनाओंयाविचारोंकाछिपाव	N
dissipate	दूरकरना; अपव्ययकरना	VT
dissipated	दुर्व्यसनी	Adj
dissociate	अलग करना या हो जाना	VT
dissolution	विलयन	N
dissolve	गलाना; कोईव्यवस्थाकाखत्महोना	VT
dissolute	कामुक	Adj
dissonance	{संगीतमें}बेसुरापन; असंगति	N
dissuade	रोकना	VT
distance	दूरी	N
distance	स्वयंकोकिसीसेदूरकरना	VT
distant	दूर[का]	Adj
distaste	अरुचि	N
distasteful	अरुचिकर; अप्रीतिकर	Adj
distil	स्वच्छकरना	VT
distillation	चुस्त्राव; स्त्रावण	N
distillery	भट्टी; मद्यनिष्कर्षशाला	N
distinct	भिन्न; पृथक; स्पष्ट; सुप्रकाश	Adj
distinction	अन्तर; भेद; पहचान; विशिष्टता; प्रमुखत्व	N
distinctive	विशेष; भेदबतानेवाला; सविशेष; विशेषक	Adj
distinguish	भेदनिकालना; पहचानना; अलगकरना; अपनेकोप्रमुखबनाना	VT
distinguished	प्रसिद्ध; नामी; प्रतिष्ठित; विख्यात; उत्कृष्ट	Adj
distort	ऐंठना; सिकोड़ना; रूपबिगाड़ना	VT
distortion	टेढ़ापन; कुरूपता; विकृति	N
distract	ध्यानखींचना	VT
distraction	ध्यानकाखिंचाव; दूसरीओरलगाव	N
distraught	परेशान	Adj
distribute	बाँटना; वितरणकरना; विभागकरना	VT
distribution	वितरण; बाँट	N
district	जिला; मंडल	N
distrust	अविश्वास; संदेह	N
distrust	अविश्वासकरना; संदेहकरना	VT
distrustful	संदेही; अविश्वासी; संशयात्मक	Adj
disturb	विघ्नडालना; शांतिभंगकरना; घबड़ाना; छेड़ना; सताना	VT
disturbance	उपद्रव; विघ्न; घबराहट	N
disunity	फूट; विभेद	N
ditch	खाईर	N
ditto	वही	N
ditto	सम्मतहोना; एकमतहोना	VT
ditty	गीत; गानेकीकविता	N
dive	डुबकी	N
dive	डुबकीमारना; खोहमेंजाना	VI
diver	पनडुब्बा	N
diverge	अलगअलगहोना[करना]	VI
divergence	विचलन; छितराव; भेद; विरोध	N
diverse	भिन्नभिन्न; नानाप्रकारके	Adj
diversify	भिन्नभिन्नकरना; रंगबिरंगाकरना	VT
diversion	मोड़; फिराव	N
diversity	विभिन्नता; विभेद	N
divert	फेरना	VT
divest	उतारना; उघाड़ना; वंचितकरना; छीनना	VT
divide	फटना; भागकरना; मित्रतातोड़ना; भिन्नमतहोना	V
dividend	लाभांश; भाज्य{गणितमें}	N
divider	भाजक	N
divine	ईश्वरीय; स्वर्गीय; पवित्र; श्रेष्ठ	Adj
divinity	दैवत्व	N
division	बटवारा; भाग{गणितमें}	N
divisional	प्रादेशिक; भागका	Adj
divorce	तलाक; विवाहविच्छेद; पृथकीकरण	N
divorce	तलाकदेना; विवाहविच्छेदकरना; पृथककरना	VT
divulge	प्रकटकरना; खोलदेना	VT
do	करना	VT
docile	अधीन; सीखसकनेयोग्य	Adj
dock	घाट; जहाजगोदाम	N
dock	घाटमेंखड़ाकरना; जहाजगोदाममेंरखना	VI
docket	रजिस्टरमेंलिखना	VI
doctor	डाक्टर; वैद्य; विद्वान	N
doctrine	मत; सिद्धांत	N
document	लेख्यपत्र; दस्तावेज़	N
document	लिखना; लिखितप्रमाणदेना; प्रमाणपत्रदेना	VT
documentary	डॉक्यूमेन्टरी	Adj
dodge	कतराना	VT
doe	हिरणी; मृगी	N
doer	कर्ता	N
dog	कुत्ता	N
dog	पीछेलगना	VT
dogfight	दोहवाईजहाज़ोंकीलड़ाई	N
dogged	हठी	Adj
dogma	सिद्धांत; मत	N
dogmatic	हठी	Adj
doings	करतूत; करणी; कार्य	N
dole	दान; टुकड़ा	N
dole	बाँटना	VT
doll	गुड़िया	N
dollar	डौलर	N
dolphin	डौलफिन	N
domain	क्षेत्र	N
dome	गुंबज	N
domestic	घरेलू; पालतू	Adj
domestic	चाकर; घरकानौकर	N
domesticate	पालतूबनाना	VT
dominant	प्रबल; प्रधान	Adj
dominate	वर्चस्वरखना; शासनकरना	VT
domination	वर्चस्व; प्रधानता; शासन	N
domineer	अत्याचारकरना; कठोरतासेशासनकरना	VT
don	महाशय{स्पेनकीभाषामें}; उपाधि	N
don	पहनना; ग्रहणकरना	VT
donate	दानकरना	VT
donation	दान	N
donkey	गधा	N
donor	दाता	N
doomsday	कयामतकादिन; प्रलयकादिन	N
door	दरवाज़ा	N
dormant	सुशुप्त; सुस्त	Adj
dormitory	शयनगृह	N
dosage	खुराक	N
dose	खुराक	N
doss	सोने के लिए लेटना	V
dosser	बेघर-बार व्यक्ति	N
doss house	रैन बसेरा	N
dossier	फाइल	N
dot	बिन्दु	N
dot	बिन्दु से चिह्नित करना; जगह-जगह फैलाना	V
dotted line	बिन्दुओं की रेखा	N
dotage	वृद्धावस्था की मतिक्षीणता	N
dote on	बेहदप्यारकरना	PhrV
dotty	सठियाया हुआ	Adj
double	दोगुना; दो लोगो अथवा चीजों के लिए बनाया गया	Adj
double act	अभिनेतायुगल	N
double agent	दो दुश्मन देशों का गुप्तचर	N
double-bass	दोहरी गूँज	N
double bill	दोहरा प्रदर्शन	N
double bluff	सचकोझूठजैसाकहना	N
double chin	दोहरी ठुड्डी	N
double cream	मोटीमलाई	N
double dealer	दोहरी चाल चलनेवाला	N
double-dacker	दोहरी छत की गाड़ी	N
double-entendre	दोहरा मतलब	N
double figure	दोहरा अंक	N
double life	दोहरा जीवन	N
double standards	दोहरे मापदण्ड़	N
double-take	धीमी प्रतिक्रिया	N
double talk	दोहरे मतलब वाली बात	N
double time	दुगनी मजदूरी	N
double	दुगनी	Det
double	दोहरा	Adv
double-barrelled	दोनाली	Adj
double-book	दो नामों पर आरक्षितकरना	V
double breasted	एक खास तरह का कोट या पैकेट	Adj
double - check	अच्छी तरह से चैक करना	V
double-cross	धोखा देना	V
double-edged	दोहरी धारवाला	Adj
double glaze	जुडवाँ काँच	N
double jointed	लचीलेजोड़वाला	Adj
double-park	समानान्तर गाड़ी खड़ी करना	V
double-quick	दुगनी गति से	Adj
double	दुगुनीमात्रामें	N
double	दुगना करना[होना]; दोहराहोजाना	V
doublet	कसीहुईजैकेट	N
doubly	दुगुना	Adv
doubt	संदेह	N
doubt	संदेहकरना	V
doubter	सन्देह करने वाला व्यक्ति	N
doubtful	संदिग्ध	Adj
doubtfully	ससन्देह	Adv
doubtless	निसन्देह	Adv
dough	साना हुआ आटा	N
doughnut	डोनट{एकप्रकारकाबिस्कुट}	N
doughty	वीरता से	Adj
douse	भिगोना	V
dove	कबूतर	N
dovecote	कबूतरखाना	N
dovetail	चूल	N
dovetail	चूलबनाना; सही तरह से करना	V
dowdy	भद्दा	Adj
down	उदास; हतोत्साह; खराब	Adv
down	रोवाँ; मुलायमबाल	N
down	केनीचे; केतले	Prep
down	नीचेगिराना	VT
downcast	उदास; नीचेनिगाहकियेहुए	Adj
downfall	पतन	N
downgrade	इज्जतउतारना	V
down-hearted	उत्साहहीन	Adj
downhill	ढ़ालकीओर	Adj
download	कम्प्यूटरमेडेटाट्रांसवरकरना	V
downmarket	कबाड़ीबाजार	Adj
downpour	मूसलाधारवर्षा	N
downright	पूर्णरूपसे; स्पष्टवादी	Adj
down's syndrome	डाउन्ससिन्डरोम	N
downstairs	नीचेकाघर	N
downtrodden	दलित; पददलित	Adj
downturn	व्यापारआदिमेंघाटा	N
downward	नीचेकीओर	Adj
downwind	हवाकेरुखकीतरफ	Adj
dowry	दहेज	N
dowse	खनिजकीखोजकरना	V
doyen	वरिष्ठएवंप्रतिष्ठितसदस्य	N
doze	ऊँघ; झपकी; नींद	N
doze	ऊँघना; झपकीलेना	VI
dozen	दर्जन; बारह	Det
dozen	दर्जन; बारह	N
draft	ड्राफ्ट; हुंडी; मसौदा	N
draft	मसौदाबनाना; लिखना; भर्तीकरना	VT
drag	घसीटना; खींचना	VT
drain	नाली; पतनाला; बहाव	N
drain	बहजाना; निकलजाना; खालीकरना[होना]	VI
drainage	पानीकानिकास; मोरी	N
drake	हंस; बतख{पु.}	N
dram	आयतनकाएकनाप; मदिराकीथोड़ीमात्रा	N
drama	नाटक; स्वांग; नाटकसदृशघटनाएँ	N
dramatic	नाटकीय	Adj
dramatically	नाटकीयढंगसे	Adv
dramatis personae	किसीनाटककेपात्र	N
dramatist	नाटककार	N
dramatize	नाटककेरूपमेंपरिवर्तितकरना; नाटकीयदृश्यबनाना	V
drape	पर्दालटकाना; ढकना; सुन्दरवस्त्रोंसेसजाना	V
draper	बजाज	N
drapery	बजाजी; कपड़ाबेचनेकाव्यवसाय	N
drapes	पर्दा{ब.}	N
drastic	प्रचंड; उदंड; शक्तिशाली	Adj
draught	घूँट; वायुकाझोंका; खुराक़	N
draughtsman	चित्रखींचनेवाला; लेखक	N
draw	चित्रबनाना; खींचना; [बाहर]निकालना; खींचकरनिकालना; आकर्षितकरना; निष्कर्षनिकालना; एकत्रितकरना; नम्बरयाकार्डयाटिकटउठाकरविजयीघोषितकरना; गहरीसाँसलेना	VI
draw	लाटरी; नम्बरनिकलना; ड्रॉ{प्रतियोगिताजिसकीहारजीतकानिर्णयनहो}; भीड़कोएकत्रितकरनेहेतुकार्ययाघटना; देरीसेकिसीवस्तुकोसमझपाना	N
draw up	खाका तैयार करना; आकर रुकना	PhrV
draw string	थैला आदि बँद करने की डोरी	N
draw-back	कमी	N
draw-bridge	खींच कर पुल को बँद करने वाला तख्ता	N
drawer	दराज; चैक लिखने वाला; चित्रकार	N
drawers	जाँघिया	N
drawing	चित्रकारी	N
drawing-board	ड्रॉइंगबोर्ड	N
drawing-pin	पिन	N
drawing room	बैठक	N
drawl	गुनगुनाते हुए बोल	N
drawl	गुनगुनाते हुए धीरे बोलना	V
drawn	मुर्झाया सा	Adj
dray	नीची ठेला गाड़ी	N
dread	भय; डर	N
dread	सेडरना	V
dreadful	भयावह; डरावना	Adj
dreadfully	भँयकर ढंग से	Adv
dreadlocks	कसकर बटे हुए बालों की लट	N
dream	स्वप्न	N
dreamless	स्वप्न रहित	Adj
dreamworld	सपनों का संसार	N
dream	स्वप्नदेखना	V
dreamer	स्वप्न देखने वाला	N
dream-land	सपनों का देश	N
dream-like	सपना सा	Adj
dreamy	स्वप्नवत; धुँधली सी; आराम दायक; हैरान करने लायक	Adj
dreamily	स्वप्नजैसा	Adv
dreary	मन्द-उदास	Adj
drearily	उदासीसे	Adv
dreariness	उदासी	N
dredge	नदी के तल से मिटटी खींचना-खींच कर निकालना; छिड़काना-फैलाना	V
dredger	खींचनिकालनेवालायंत्र	N
dregs	तलछट- गुँज; आखिरी दम तक; बेकार हिस्सा	N
drench	भिगोना; गीला करना	V
dress	लिबास	N
dress	कपड़ेपहनना; सजाना; पटटी करना; साफकरना; बढ़ा चढ़ा कर कहना	V
dress-rehearsal	असली शो के पूर्व अभ्यास	N
dressed	आभूषित; अलंकृत	Adj
dressage	घोड़े की सिखलाई; करतब दिखाना{घोड़ेका}	N
dresser	लकड़ीकीअल्मारी; शीशा लगी लकड़ी की मेज; मेकअप करने वाला	N
dressing	कपड़ा पहनना; पटटी बाँधना; सजावट; भराव	N
dressing down	डाँट फटकार	N
dressing gown	रात के कपडों पर पहना जाने वाला कोट	N
dressing room	कपड़े बदलने का कमरा	N
dressy	शानदार; बहुतबढ़िया	Adj
dribble	टपकन; टपका-टपकी; बच्चेकीलारनिकलना	N
dribble	टपकनायाटपकाना; लारकागिरना; खेलमेंगेंदकोआगेकीतरफलेजाना	V
dribs	अल्पमात्रा	N
drier	शुष्कक	N
drift	बहावसंवहन; अपवहन{deviation}; अभिप्राययाअर्थ; अपोढ़{deposit}	N
drift	बहजाना; घूमना-फिरना; प्रवाहितकरना; अपोढ़बालूरेती	V
drifter	घुमक्कड़	N
drift-net	प्रवाहीजाल	N
driftwood	बहकरआयीलकड़ी	N
drill	छेदकरनेवालीमशीन; फौजीशिक्षाकवायद; कठोरअनुशासनमेंरहकरशिक्षादेना; किसीकामकोकरनेकासहीतरीका	N
drill	छेदकरना; अनुशासनमेंरहकरशिक्षादेना	V
drink	पेययाशरबत; शराब	N
drink	पीना; पानकरना; मदिरापानकरना	V
drinkable	पीनेयोग्य	Adj
drinker	पीनेवाला; पियक्कड़	N
drinking	पेयपदार्थ	N
drip	टपकनायाटपकाना	V
dripping	बहुतगीला	Adj
drip	टपकन; टपक; चिकित्सीययंत्र{जिससेतरलभोज्यपदार्थयादवामरीजकीशिरामेंभेजीजातीहै}	N
dripping	मांसरस	N
drive	हाँकना; चलाना; लेजाना; भगाना; बाध्यकरना; ठोंकना; घुसादेना; गेंदजोरसेहिटकरना; प्रेरितकरना	V
drive	सैर; गेंदमेंहिटलगाना; रमणीकस्थलसेजानेवालामार्ग; ऊर्जस्विताकर्मशक्ति; यान्त्रिकत्वशक्ति; प्रबलप्रेरणा	N
drivel	बकवास	N
driver	चालक; गाड़ीवान; कोचवान	N
drizzle	बूंदाबांदी	N
drizzle	बूंदाबांदीहोना; छिड़कना	V
drone	आवाज़{मधुमक्खीआदिकी}; कामचोर	N
drone	आवाज़करना{मधुमक्खीजैसी}	V
drop	बूँद; गिरावट	N
drop	गिरना; चलेजाना	VI
drop	गिराना; निकालदेना; बताना; छोड़ना; जन्मदेना	VT
drought	सूखा; अकाल	N
drove	झुंड	N
drown	डूबना[डुबाना]	V
drowsiness	ऊँघ; सुस्ती	N
drowsy	ऊंघताहुआ; नींदसेभराहुआ	Adj
drub	ठोकना; पीटना	VT
drubbing	ठुकाई	N
drug	दवा	N
drug	दवादेना; बेहोशीकीदवादेना	VT
drugstore	दवाकीदुकान	N
drum	ढोल	N
drum	ढोलबजाना; बजाना	VT
drumbeat	ढोलकीआवाज़	N
drummer	ढोलबजानेवाला	N
drunk	मत्त; नशेमेंचूर	Adj
drunk	मत्तव्यक्ति	N
drunken	मत्त; नशेमेंचूर	Adj
drunkenness	मत्तता; मतवालापन	N
dry	सूखा; शुष्क	Adj
dry	सूखना	VI
dry	सुखाना	VT
dryer	सुखानेवाला	N
dryness	सूखापन	N
dual	द्विक; दोनों	Adj
dub	उपाधिदेना	VT
dubious	संदिग्ध	Adj
duchess	रानी; ड्यूककीपत्नी	N
duchy	राज्य{ड्यूकका}	N
duck	बतख; शून्य{क्रिकेटमें}	N
duck	झुकना; डुबकीमारना	VI
duckling	बतखकाबच्चा	N
duct	नाली; मोरी; धमनी	N
due	देय; ऋण; प्रतीक्षित	Adj
due	देय; ऋण	N
duel	द्वंदयुद्ध	N
duel	द्वंदयुद्धकरना	VT
duet	युगलगीत	N
dug	थन	N
duke	राजा{इंग्लैंडमेंपदवी}	N
dull	सुस्त; मूढ़; धुंधला; हल्का; कुंद; निरुत्साह	Adj
dull	सुस्तकरना	VT
dullness	सुस्ती; निरुत्साहता; धुंधलापन	N
duly	उचितरीतिसे	Adv
dumb	गूँगा	Adj
dumbfound	हतप्रभहोना	V
dump	स्थान{कूड़ेइत्यादिका}	N
dump	पटकना	VT
dumpling	गुलगुला; पकौड़ियाँ	N
dun	धुंधला; कालेरंगका	Adj
dun	तकाज़ाकरनेवाला; तकाज़ा	N
dun	तकाज़ाकरना	VT
dunce	मूर्ख; जड़; मूढ़मति	N
dung	गोबर; लीद	N
dungeon	अंधकूप{कारागार}	N
dupe	भोला; सीधा; धोखाखानेवाला	N
dupe	ठगना; धोखादेना	VT
duplicate	प्रति; द्विगुण; दोहरा	Adj
duplicate	प्रतिलिपि; नकल	N
duplicate	प्रतिलिपिबनाना	VT
duplicity	छल; कपट	N
durability	टिकाऊपन; टिकाव	N
durable	टिकाऊ	Adj
duration	अवधि	N
duress	दबाव	N
during	केदौरान	Prep
dusk	संध्याकाल; गोधूली	N
dusky	धुंधला; काला; उदास; मलिन	Adj
dust	धूल	N
dust	धूलझाड़ना; छिड़कना	VT
dustcart	कूड़ा गाड़ी	N
dustman	कूड़ालेजानेवाला	N
dustpan	डस्टपैन{चौड़े मुँह वाला छोटा पात्र जिसका प्रयोग जमीन से धूल; मिटटी आदि को बहार कर उठाने के लिए किया जाता है}	N
dusty	धूल धूसरित	Adj
dutch	हॉलैण्ड देश के निवासी[भाषा]	N
dutiful	कर्तव्यपरायण	Adj
duty	कर्तव्य	N
duvet	लोई	N
dwarf	बौना	N
dwell	निवास करना; पर देर तक बोलना	V
dwindle	क्षीण हो जाना	V
dwindling	क्षीयमान	Adj
dye	रंग	N
dye	रंगना	V
dying	मरणकालीन	N
dyke	नहर	N
dynamic	गतिशील	Adj
dynamite	डाईनमाइट{प्रध्वंसक}	N
dynamo	शक्तिमापी{भौतिक शक्ति को विद्युत उर्जा में परिवर्तित करने वाला यन्त्र}	N
dynasty	वंशपरंपरा	N
e	अंग्रेजीवर्णमालाकापाँचवाअक्षर	N
each	हर	Adv
each	प्रत्येक	Det
each	प्रत्येक	Pron
each other	अन्योन्य	Pron
each way	दोनोतरफ{शर्तका}	Adv
eager	उत्सुक	Adj
eagerly	व्यग्रतासे	Adv
eagerness	उत्सुकता	N
eager beaver	उत्सुक{अनौपचारिक}	N
eagle	गरुड; दोमारकीगोलोंकालेखा{गोल्फमें}	N
eaglet	गरुडकाछोटाबच्चा	N
eagle eye	तेजनिगाहवाला	N
ear	कान; बाल{गेहूँचनेआदिकी}	N
-eared	-कानवाला	Adj
ear-drop	कानमेंडालनेकीऔषधि	N
earache	कानकादर्द	N
eardrum	कानकापर्दा	N
earl	इंगलैंडकेसामन्तोंकीविशिष्टपदवी	N
early	आरंभका; जल्दी	Adj
early	जल्दी	Adv
earlier	पहले[का]	Adv
early warning	खतरनाकस्थितिकीपूर्वसूचना	N
earmark	अलगसेरखना{किसीउद्देश्यविशेषकेलिए}	V
earmuff	कनटोप{सर्दीसेकानकीसुरक्षाकेलिएकानकाआवरण}	N
earn	कमाना	VT
earner	वेतनपानेवाला; [पैसा]लानेवाला	N
earnings	कमाई	N
earnest	दृढसंकल्प	Adj
earnest	पूर्वसूचना	N
earnestly	दृढतासे	Adv
earphones	इयरफोन{अधिकसुनाईपडनेकेलिएकानमेंलगानेकायन्त्र}	N
earpiece	श्रोत्रिका	N
earplug	इयरप्लग{कानबंदकरनेकीडाट}	N
earring	कर्णआभूषण	N
earth	पृथ्वी; मिट्टी	N
earth	पृथ्वीमेंगाड़देना	VT
earthen	मिट्टीका	Adj
earthenware	मिट्टीकेबर्तन	N
earthling	पार्थिव	N
earthly	सांसारिक	Adj
earthquake	भूकम्प	N
earthwork	सुरक्षाकेलिएपृथ्वीकाकृत्रिमकिनारा	N
earthworm	केंचुआ	N
earthy	पार्थिव	Adj
ease	आरामका; सुगमता	N
ease	आरामदेना; तनावकमकरना; मूल्यकमहोना	VT
easel	लकड़ीकास्टैंड{श्यामपटयाकैनवासइत्यादिकोरखनेकालकडीकाढाँचा}	N
easily	आसानीसे	Adv
east	पूर्वी	Adj
east	पूर्व	N
eastward	पूरबदिशाकीओर	Adj
eastwards	पूरबदिशाकीओर	Adv
the east end	पूर्वीलंदन{जहाँमजदूरोंकेकारखानेहैं}	N
eastbound	पूर्वकीओरजानेवाला	Adj
easter	ईस्टर{ईसामसीहकेपुनरुत्थानदिन}	N
easterly	पूर्वदिशाका	Adj
eastern	पूर्वी	Adj
easternmost	सबसेपूर्वमें	Adj
easy	सरल; आरामदायक	Adj
easygoing	मस्त	Adj
eat	खाना	VI
eat	खाना	VT
eatable	खाद्य; भक्ष्य	Adj
eater	खानेवाला; भक्षक	N
eats	भोजन	N
eatery	भोजनालय	N
eau-de-cologne	कोलोनकाइत्र	N
eaves	ओरी	N
eavesdrop	गुप्तवार्ताकोसुनना	VI
ebb	भाटा	N
ebb	बहजाना; कमहोना	VI
ebony	आबनूस	N
ebony	आबनूसका	Adj
ebullient	परिपूर्णशक्तिवउत्तेजित	Adj
ebullience	शक्ति	N
ec	यूरोपदेशीयसमुदाय	Abbr:european community
eccentric	सनकी	Adj
eccentricity	सनक	N
ecclesiastic	पादरी	N
ecclesiastical	गिरजाघरकेपादरी	Adj
ecg	ई.सी.जी.{बिजलीसम्बन्धनाडीकीधमकजाननेकायन्त्र}	Abbr:electrocardiogram
echelon	उपाधिस्तर	N
echo	प्रतिध्वनि	N
echo	प्रतिध्वनितहोना	VI
echo	प्रतिध्वनिकरना	VT
eclair	एक्लेयर{मलाईभरीछोटीपेस्ट्रीजिसकेऊपरचाकलेटहो}	N
eclat	प्रभाव	N
eclectic	चयनशील{विभिन्नस्रोतोंसेचुननेवाला}	Adj
eclipse	ग्रहण	N
eclipse	ग्रहणलगाना	VT
economical	अल्पव्ययसम्बन्धी	Adj
economics	अर्थशास्त्र	N
economy	अर्थप्रबन्धन	N
eco-	परिस्थितिसम्बन्धित	Comb form
ecology	परिस्थितिविज्ञान{पौधोंतथाप्राणियोंकाआपसमेंतथापरिवेशसेसम्बन्ध}	N
ecological	पारिस्थितिक	Adj
ecologist	परिस्थितिविज्ञानी	N
ecstasy	अतिआह्लाद	N
ecstatic	अतिआनंदित	Adj
economic	अर्थशास्त्रीय	Adj
economical	कमखर्चेवाला	Adj
economically	कमखर्चेमें	Adv
economics	अर्थशास्त्र	N
economicst	अर्थशास्त्री	N
economize	कमखर्चेमेंकरना	V
economy	किफायत	N
ecosystem	पारिस्थितिकतंत्र	N
ectoplasm	?	N
ecu	ई.सी.यू.	Abbr:Europeon currency unit
ecumenical	गिरजाघरोंकेसदस्योंकासम्मेलन	Adj
eczema	खुजली	N
eddy	भंवर	N
eddy	चक्करखाना	V
edge	किनारा	N
edge	किनारालगाना	VT
edgeways	किनाराआगेयाऊपरकीओरकरके	Adv
edgy	उत्तेजित	Adj
edible	खानेयोग्य	Adj
edict	राजाज्ञा	N
edification	मानसिकउन्नति	N
edifice	भवन	N
edify	आध्यात्मिकउपदेशदेना	V
edit	संपादनकरना	VT
edition	संस्करण	N
editor	सम्पादक	N
editorial	सम्पादकीय	Adj
editorial	सम्पादकीयलेख	N
educate	शिक्षाप्रदानकरना	VT
education	शिक्षा	N
educated	शिक्षित	Adj
eel	सर्पमीन	N
eerie	डरावनी	Adj
efface	मिटाना	V
effect	प्रभाव	N
effect	पूराकरना	VT
effective	प्रभावकारी; चालूहोना	Adj
effectively	प्रभावकारीरूपसे	Adv
effectiveness	फलसाधना	N
effectual	वाँछितफलदायक	Adj
effeminate	नारीजैसा	Adj
effervescent	उत्साहीवअतिअनुरागी; उबलनेवाला{द्रवका}	Adj
effete	अयोग्य; दुर्बल	Adj
efficacious	इष्टफलोत्पादक	Adj
efficacy	गुण	N
efficiency	दक्षता	N
efficient	दक्ष	Adj
effigy	प्रतिमा	N
effluent	कूडा-करकट	N
effort	प्रयत्न	N
effortless	प्रयत्नकेबिना	Adj
effortlessly	सरलतासे	Adv
effrontery	धृष्टतथानिर्लज्जव्यवहार	N
effusion	बहाव	N
effusive	अधिकभावुक	Adj
efl	विदेशीभाषाकेरूपमेंअंग्रेज़ी	Abbr:English as a foreign language
egalitarian	समतावादी	Adj
egg	अण्डा	N
eggcup	अण्डारखनेकाकटोरा	N
ego	अहम्	N
egotist	आत्मश्लाघी	N
egotistic	अहंकारी	Adj
egregious	अपूर्व	Adj
eiderdown	गद्दा	N
eight	आठ	Det
eight	आठ	N
eighteen	अठारह	N/Det
eighteenth	अठारहवाँ	Adj
eighty	अस्सी	N/Det
eightieth	अस्सीवाँ	Det
eject	बलपूर्वकबाहरहोना[करना]	VT
ejector seat	बाहरनिकलनेकीकुर्सी	N
eke	खींचलेना; बढ़ाना	VT
elaborate	विस्तारसेकियाहुआ	Adj
elaborate	विस्तारकरना	VT
elapse	बीतना; व्यतीतहोना; गुजरजाना; चलाजाना	VI
elastic	लचीला	Adj
elastic	इलास्टिक	N
elate	प्रफुल्लितकरना[होना]	VT
elation	प्रफुल्लता	N
elbow	कुहनी; कोना	N
elder	ज्येष्ठ	Adj
elder	बुज़ुर्ग	N
elderly	बुज़ुर्गसा	Adj
eldest	वयमेंसबसेबडा	Adj
elect	निर्वाचित	Adj
elect	निर्वाचितमनुष्य	N
elect	निर्वाचनकरना; चुनना	VT
election	चुनाव	N
electioneering	चुनावकेलिएनिर्वाचनकरना	N
elector	निर्वाचक	N
electric	बिजलीका	Adj
electrical	बिजलीका	Adj
electrician	बिजलीकाकामजाननेवाला; विद्युद्वेत्ता	N
electricity	विद्युतशक्ति; बिजली	N
electrify	बिजलीकीशक्तिपहुँचाना	VT
electrification	विद्युतीकरणकरना	N
electrocute	बिजलीद्वाराअपराधीकोमृत्युदण्डदेना	V
electrocution	बिजलीसेमृत्युहोना	N
electrode	विद्युतद्वार	N
electrolysis	बिजलीद्वारारासायनिकविश्लेषण	N
electrolyte	द्रवजोबेटरीयाविद्युतयन्त्रमेंबिजलीद्वाराप्रवेशकरें	N
electromagnetic	विद्युतचुम्बकीय	Adj
electron	अतिसूक्ष्मपरमाणु	N
electron microscope	इलेक्ट्रानसूक्ष्मदर्शी	N
electronic	इलैक्ट्रोनकीक्रियापरनिर्भरसाधन	Adj
electronically	इलैक्ट्रानद्वारा	Adv
electronics	इलैक्ट्रानिक्स	N
electronic mail	इलैक्ट्रानिकडाक	N
electroplated	बिजलीद्वारामुलम्माचढाना	V
elegant	सुरुचिपूर्ण	Adj
elegance	रमणीयता	N
elegiac	करुणामय	Adj
elegy	शोक-गीत	N
element	तत्व; अवयव; किसीवस्तुकाप्रमुखभाग; चारतत्व{पृथ्वीवायुजलएवंअग्नि}; प्राकृतिकस्वभाव; अंश	N
elementary	प्रारम्भिक; आरंभिकस्तरकी	Adj
elementary particle	मूलकण	N
elementary school	प्रारम्भिकविद्यालय	N
elephant	हाथी	N
elephantine	हाथीजैसा	Adj
elevate	ऊचाँउठाना; बौद्धिकवनैतिकस्तरपरउठाना	VT
elevated	उच्चस्तरीय	Adj
elevation	ऊँचाई	N
elevator	लिफ्ट	N
eleven	ग्यारह	N/Det
eleventh	ग्यारहवाँ	Adj
elf	परी	N
elicit	निकालना	VT
elided	स्वरकालोपहोना	V
eligible	योग्य	Adj
eligibility	निर्वाह्ययोग्यता	N
eliminate	हटाना	VT
elision	वर्णलोप	N
elite	अभिजातवर्ग	N
elixir	पारसमणि	N
elizabethan	एलिज़बेथका	Adj
elizabethan	रानीएलिजबेथकालकेव्यक्ति	N
elk	एकप्रकारकाबारहसिंगा	N
ellipse	अण्डाकारआकृति	N
ellipsis	वाक्यमेंशब्दोंकालोप.	N
elliptic	अण्डाकारका	Adj
elm	एकप्रकारकाजंगलीवृक्ष	N
elongate	लंबाकरना; तानना; बड़ाना	VT
elongation	दीर्धीकरण	N
eloquence	वाग्मिता	N
eloquent	सुवक्ता	Adj
else	औरकौन	Adv
elsewhere	औरकहीं	Adv
elude	हाथनआना; धोखादेकरनिकलजाना; दृष्टिबचाकरचलाजाना	VT
emaciated	दुबला; कृश; क्षीण	Adj
emanate	निकलना; उत्पन्नहोना	VI
embankment	बाँधबाँधना; बाँध	N
embark	चढ़ना[चढ़ाना]; किसीकाममेंलगना	VTI
embarrass	परेशानीमेंडालना	VT
embassy	राजदूतावास	N
embattled	परेशानियोंसेघिरा	Adj
embellish	सँवारना	VT
embezzle	गबनकरना	VT
embitter	कड़ुवाहटपैदाकरना	VT
emblazon	अलंकरणकरना	VT
emblem	चिह्न	N
emblematic	द्योतक	Adj
embody	साकारकरना	VT
embolden	साहसदेना	VT
emboss	नक्काशीकरना	VT
embrace	आलिंगन	N
embrace	आलिंगनकरना; अंगीकारकरना	VT
embroider	बेलबूटेकाढना	V
embroidery	कशीदाकारी	N
embroil	उलझना[उलझाना]	VT
embryo	भ्रूण	N
embryology	भ्रूणविज्ञान	N
embryologist	भ्रूणवैज्ञानिक	N
embryonic	भ्रूणीय	Adj
emend	संशोधितकरना	V
emerald	पन्ना; मरकदमणि	N
emerge	निकलना; उभरना; प्रकटहोना	VI
emergent	उद्गामी	Adj
emergency	आपात्-स्थिति	N
emigrate	उत्प्रवासकरना; विदेशमेंरहनेचलेजाना	V
emigrant	उत्प्रवासी; परदेशचलेजानेवालाव्यक्ति	Adj
emigration	उत्प्रवासन	N
eminence	उत्कर्ष	N
eminent	उत्कृष्ट	Adj
eminently	उत्कृष्टरूपसे	Adv
emissary	दूत{दोदेशोंकेबीच}	N
emission	उत्सर्जन	N
emit	उत्सर्जनकर	V
emollient	मृदुकारी	Adj
emolument	वेतन	N
emote	भावुकहो	V
emotion	भावना	N
emotional	भावानात्मक	Adj
emotionally	भावुकतापूर्वक	Adv
emotionless	भावहीन	Adj
emotive	भावोत्तेजक	Adj
empathize	समानुभूतहोना	V
empathy	समानुभूति	N
emperor	सम्राट्	N
emphasis	ज़ोर	N
emphasise	ज़ोरदे	V
emphasize	ज़ोरदे	V
emphatic	ज़ोरदार; सशक्त	Adj
emphatically	सशक्ततरहसे	Adv
empire	साम्राज्य	N
empirical	प्रयोगसिद्ध	Adj
empirically	प्रयोगसिद्धतरहसे	Adv
empiricism	अनुभववाद	N
empiricist	अनुभववादी	N
employ	कामपरलगा	V
employable	कामपरलगानेयोग्य	Adj
employee	कर्मचारी	N
employer	मालिक	N
employment	रोज़गार	N
emporium	एम्पोरियम	N
empower	समर्थकर	V
empowerment	सामर्थ्य	N
empress	महारानी	N
empty	शून्य	Adj
empty	खालीकरना	VT
emulsion	पायस	N
enable	योग्यबनाना	VT
enact	नियमबनाना	VT
enactment	व्यवस्थापन	N
enamel	मीनाकारीकरना	VT
encamp	डेराडालना	VT
encase	डिब्बेमेरखना	VT
enchant	मोहितकरना	VT
enchantment	टोना	N
encircle	घेरना	VT
encompass	घेरना	VT
encore	फिरदुहरानेकाकहाव	N
encore	दुहरानेकेलियेकहना	VT
encounter	लड़ाई	N
encounter	सामनाहोना[करना]	VT
encourage	उत्साहितकरना	VT
encouragement	प्रोत्साहन	N
encroach	दूसरेकाअधिकारदबाबैठना	VT
endearment	मोह	N
endeavour	यत्नकरना	VT
endorse	समर्थनकरना	VT
endow	सहायतार्थदेना	VT
endowment	वृत्तिदान	N
endurance	सहन	N
endure	सहना	VTI
enemy	शत्रु	N
energetic	बल	Adj
enforce	लागूकरना	VT
enforcement	प्रवर्तन	N
engage	स्वयंकोबाँधना; सगाई करना	VT
engagement	काममेंव्यस्तरहनेकी'स्थिति	N
engaging	रमणीय	Adj
engender	पैदाहोना	V
engine	इंजन; कल	N
engineer	इंजीनियर	N
engineer	इंजीनियर	V
engineering	कलबनानेकीविद्या	N
engrave	खोदना	VT
engraving	धातु-लकड़ीआदिपरचित्रखोदनेकीविद्या	N
engross	मोटेअक्षरोंमेंलिखना	VT
enhance	बढ़ाना	V
enhancement	विस्तार	N
enigma	गूढ़प्रश्न	N
enjoin	आज्ञादेना	VT
enjoy	रसलेना	VT
enjoyment	सुख; मजा; भोग	N
enlarge	बढ़ाना	VI
enlighten	प्रबुद्धकरना	VT
enlist	भर्ती करना; सूचिपत्रमेंनामलिखना	VTI
enliven	उत्तेजितकरना	VT
ennui	ग्लानि	N
enormity	महापाप	N
enormous	बहुत	Adj
enough	पर्याप्त	Adv
enrage	गुस्सा दिलाना; कुपितकरना	VT
enrich	उपजाऊ बनाना; धनी; धनाड्यकरना	VT
enroll	नामावालीपत्रमेंलिखना	VT
enrollment	नामलिखाई	N
enshrine	बचारखना	VT
ensign	प्रतीक; पताकाधारी	N
enslave	दासबनाना	VT
ensnare	जालमेंफँसाना	VT
ensue	पीछाकरना	VT
entail	संपत्तिकाउत्तराधिकारइसप्रकारस्थिरकरनाकिउत्तराधिकारीउसकोहस्तांतरितनकरसके	N
entail	आवश्यकबनादेना	VT
entanglement	उलझन	N
enter	भीतरआना	VI
enter	घुसाना	VT
enterprise	साहसिककार्य	N
enterprising	उद्योगी	Adj
entertain	सत्कारकरना	VT
entertainment	मनोरंजन; आदर	N
enthrone	राजगद्दीदेना	VT
enthusiasm	उत्साह	N
enthusiast	उत्साहयाअतिश्रद्धापूर्णव्यक्ति	N
enthusiastic	उत्साहयुक्त	Adj
entice	फुसलाना	VT
enticement	बहकाव	N
entire	संपूर्ण	Adj
entirely	सम्पूर्णतया	Adv
entirety	सम्पूर्णता	N
entitle	अधिकारदेना	VT
entity	हस्ती; स्थिति	N
entomb	गाड़ना	VT
entrails	आँत	N
entrance	प्रवेशमार्ग	N
entrap	फंसाना	VT
entreaty	विनती	N
entrench	चारोंओरखाईखोदकरसुरक्षितकरना	VT
entrust	सौंपदेना	VT
entry	प्रवेश; डेवढ़ी	N
entry-phone	किसीइमारतकेप्रवेशद्वारपरलगादूरभाष	N
entwine	गूँथना	V
enumerate	सूची बनाना	V
enunciate	उच्चारण करना; व्यक्त करना	V
enuciation	निरूपण	N
envelop	लपेटना; आवृत करना	V
envelope	लिफ़ाफ़ा	N
enviable	ईर्षा के योग्य	Adj
enviably	ईर्षासे	Adj
envious	ईष्यालु; द्वेषी	Adj
environment	पर्यावरण; वातावरण	N
environmental	पर्यावरणसम्बन्धी	Adj
environmentalist	पर्यावरण विद	N
environmentally	पर्यावरण के तोर पर	Adj
environs	परिप्रदेश	N
envisage	संभावना का ध्यान करना	VT
envoy	उपराजदूत; दूत	N
envy	ईर्ष्या	N
envy	ईर्ष्याकरना	VT
enzyme	किण्वक	N
eon	असीमित समय	N
epaulette	पट्टी{कंधेपरलगायाजानेवालापदसूचकचुह्न}	N
ephemera	क्षणिक वस्तु	N
ephemeral	क्षणिक	Adj
epic	महाकाव्य	N
epic	भव्य	Adj
epicenter	भूकंपकेन्द्र; अभिकेन्द्र	N
epicure	स्वादलोलुप	N
epicurean	स्वादिष्ट	Adj
epidemic	महामारी	N
epidemiology	महामारी विज्ञान	N
epidermis	बाह्य त्वचा	N
epidural	?	N
epiglotis	कंठच्छेद	N
epigram	विनोदिका	N
epigraph	शिलालेख	N
epilepsy	मिर्गी	N
epileptic	मिर्गी रोगी	Adj
epilogue	उपसंहार	N
epiphany	प्रभुप्रकाश	N
episcopal	धर्माध्यक्षीय	Adj
episode	वृतान्त	Adj
episodic	प्रासंगिक	Adj
epistle	पत्र	N
epistolary	पत्रात्मक	Adj
epitaph	समाधिलेख	N
epithet	उपाधि विशेषक	N
epitome	सारांश	N
epitomize	साकाररूपहोना	V
epoch	युग	N
epoch making	युगान्तरकारी	Adj
equable	स्थिर	Adj
equal	समान	Adj
equality	समानता	N
equalize	समान करना; बराबर करना	V
equalization	समीकरण	N
equalizer	समकारी	N
equally	समानरूपसे	Adj
equanimity	धैर्य	N
equate	बराबर मानना	V
equation	समीकरण	N
equator	भूमध्य रेखा	N
equatorial	भूमध्य	Adj
equerry	अश्वपाल	N
equestrian	अश्वारोही घुडसवार	Adj
equi-	समान	Comb form
equidistant	समदूरस्थ	Adj
equilateral	समभुज समबाहु	Adj
equilibrium	साम्य	N
equine	अश्वीय	Adj
equinox	विषुव	N
equip	सज्जित करना	V
equipment	उपकरण	N
equitable	उचित	Adj
equitably	बराबरीसे	Adv
equity	समान हिस्सा; साम्य{कानूनी}	N
equivalent	बराबर	Adj
equivalence	तुल्यता	N
equivocal	द्वयार्थी; अविश्वसनीय	Adj
equivocate	द्वयार्थकबातकरना	V
era	युग; संवत कल्प	N
eradicate	उन्मूलन	V
eradication	नाश	N
erase	मिटाना	V
eraser	रबर	N
erasure	विलोपन	N
ere	पहले	Conj
erect	सीधा खडा	Adj
erect	बनाना; खडा करना	V
ergo	इसलिए	Adv
ergonomics	कर्मचारीपरिस्थितिविज्ञान	N
ergonomic	कर्मचारीपरिस्थितिविज्ञानसे	Adj
ergonomically	कर्मचारीपरिस्थितिविज्ञानकेअनुसार	Adv
ermine	न्योलेकीजातिकाएकजन्तु	N
erode	क्षय हो जाना; कट जाना	V
erosion	कटाव	N
erogenous	कामोत्तेजक	Adj
erotic	कामोद्दीपक	Adj
erotica	कामसाहित्य	N
eroticism	कामुकता	N
err	गलतीकरना	V
errand	दूतकार्य	N
errant	गुमराह	Adj
erratic	अनिश्चित	Adj
erratum	अशुद्धि	N
erroneous	अशुद्ध	Adj
erroneously	अशुद्धता	Adv
error	भूल	N
ersatz	नकली	Adj
erstwhile	पहले का	Adj
erudite	पाण्डित्यपूर्ण	Adj
erudition	व्यापकज्ञान	N
erupt	फूटन निकल आना	V
eruption	उदभेदन	N
escalate	ब्ढाना	V
escalation	वृद्धि	N
escalator	चलती सीढी	N
escapade	शरारत; बचाव	N
escape	भागना; बचकरभागजाना	VI
eschew	छोड़ना; त्यागना	VT
escort	रक्षक; पहरेदार; मार्गकारखवाला	N
escort	पहरेकेसाथजाना; पहराकरना; रक्षाकरना	VT
esoteric	गूढ़	Adj
especially	विशेषतः; विशेषरूपसे	Adv
espionage	गुप्तचररखना; चारवृत्ति	N
esplanade	दुर्गकेसामनेकामैदान	N
espouse	सगाईकरना; पक्षलेना; सहारादेना	VT
espy	ताकना; देखना	VT
esquire	श्रीमान; महाशय	N
essay	निबंध; प्रबन्ध; वर्णन; रचना	N
essay	प्रयत्नकरना; परिश्रमकरना; जाँचना	VT
essayist	निबंधलेखक	N
essence	तत्व; गुण; सुगन्ध	N
essential	आवश्यक; प्रधान	Adj
establish	स्थापितकरना; प्रमाणितकरना	VT
establishment	स्थान; नींव; संस्था	N
estate	रियासत	N
esteem	आदर; सम्मान	N
esteem	सम्मानकरना	VT
estimable	बहुमूल्य	Adj
estimate	मूल्यकाअनुमान	N
estimate	अंदाज़लगाना	VT
estimation	मूल्यनिरूपण	N
estranged	अलगरहरहे{पतियापत्नि}	Adj
estrangement	सम्बन्धविच्छेदन	N
estuary	नदीकाचौड़ामुहाना	N
et al	तथाअन्य	Abbr:and other people or things
etc	आदि; इत्यादि	Abbr:etc cetera
etch	उत्कीर्णकरना; नक्काशीकरना	V
etching	नक्काशी	N
eternal	अनन्त	Adj
eternally	अनन्तकालतक	Adj
eternal triangle	अमर त्रिकोण	N
eternal verity	अमरसत्यता	N
eternity	नित्यता	N
ether	रंगरहितद्रव; आकाश	N
ethereal	नैसर्गिक	Adj
ethic	नीतिशास्त्रीय; आचारसंबन्धी; आचारशास्त्रीय	Adj
ethical	नैतिक	Adj
ethnic	जातीय	Adj
ethnically	जातिसम्बन्धी	Adv
ethos	सदाचारसम्बन्धी	N
etiolated	निस्तेज	Adj
etiquette	शिष्टाचार; सभ्यता	N
etymology	शब्दोंकाइतिहास; मतलब	N
etymological	एटीमलौजीकलशब्दकोश	Adj
eu	युरोपीयसंघ	Abbr:European Union
eucalyptus	युकलिप्टसनामकपेड़	N
eugenics	सुजनविज्ञान{मानवजातिकेलिये}	N
eulogize	स्तुतिकरना; कहकरयालिखकरकिसीकीप्रशंसाकरना	VT
eulogy	प्रशंसा	N
eunuch	नपुंसक	N
euphemism	कठोरशब्दोंकेस्थानपरमधुरशब्दोंकाप्रयोग	N
euphemistic	कठोरशब्दोंकेस्थानपरमधुरशब्द	Adj
euphoria	खुशी	N
euphoric	खुशीसेभराहुआमाहोल	Adj
eureka	मैंनेपालिया	Interj
eurocheque	यूरोपबैंककाचैक	N
eurocrat	यूरोपीयप्रशासनाधिकारी	N
euro-election	यूरोपीयसंसदकाचुनाव	N
europe	यूरोप	N
european	युरोपीय	Adj
european	युरोपकारहनेवाला	N
euthanasia	यूथेनासिया{लाइलाजरोगकेशिकारीकोबिनादर्ददियेमारना}	N
evacuate	सुरक्षितस्थानपरलेजाना{असुरक्षितजगहसे}	V
evacuation	परित्याग	N
evacuee	वहजिसकोहटायागयाहै	N
evade	टालमटोलकरना; टालना	VT
evaluate	मूल्यांकनकरना	V
evaluation	मूल्यांकन	N
evanescent	जल्दमिटजानेवाली	Adj
evangelical	ईसाईधर्मपुस्तकसम्बन्धी	Adj
evangelist	ईसाईमतकाप्रचारक	N
evangelize	ईसाईधर्ममेंपरिवर्तनकरना	V
evaporate	भापहोजाना	V
evaporation	वाष्पीकरण	N
evasion	टालना	N
evasive	टालनेवाला	Adj
evasive-answer	गोलमालउत्तर	Adj
eve	पूर्वसन्ध्या	N
even	एकसा; बराबर; भी	Adj
even	भी	Adv
even	बराबरकरना	VT
even out	बराबरकरना[होना]; समतलहोना[करना]	PhrV
even-handed	ठीक-ठीक	Adj
evening	संध्या; शाम	N
evenings	हरशाममे	Adv
evening dress	संध्याकालीनपहनेजानेवालीपोशाक	N
evenly	समानरूपसे	Adv
event	घटना; स्थिति	N
eventful	घटनापूर्ण	Adj
eventual	अन्तिम	Adj
eventuality	परिणति	N
eventually	अंतमें	Adv
ever	कभी; इतना	Adv
evergreen	सदाबहार	Adj
evergreen	सदाबहार	N
everlasting	अनन्त	Adj
evermore	सदैवकेलिए	Adv
every	प्रत्येक	Det
everybody	प्रत्येकव्यक्ति	Pron
everyday	प्रतिदिन	Adj
everyone	प्रत्येकव्यक्ति	Pron
everyplace	प्रत्येकस्थानपर	Adv
everything	सबकुछ	Pron
everywhere	सर्वत्र	Adv
evict	अधिकारहरलेना	VT
evidence	साक्ष्य	N
evident	स्पष्ट; प्रत्यक्ष	Adj
evil	दुष्ट; बुरा; पापी	Adj
evil	बुराई; दुष्टता	N
evil-doer	कुकर्मी	N
evoke	आह्वानकरना	VT
evolution	विकास; उद्भेद	N
evolve	विकासकरना[करना]	VT
ex	भूतपूर्व	Prep
exact	ठीक; शुद्ध; यथार्थ; समुचित	Adj
exact	बलपूर्वकलेना	VT
exactly	ठीकठीक; यथार्थतः	Adv
exaggerate	बढ़ाचढ़ाकरकहना	VT
exaggeration	विस्तार	N
exalt	पदयाशक्तिबढ़ाना	VT
exalted	उन्नत	Adj
exam	परीक्षा	N
examination	परीक्षा	N
examine	परीक्षाकरना	V
examiner	परीक्षक	N
example	उदाहरण	N
exasperate	भड़काना	VT
excavate	खोदकरनिकालना	VT
excavation	खोखलापन	N
exceed	अधिकहोना	V
exceedingly	बहुतसा	Adv
excel	उत्तमहोना	VT
excellence	श्रेष्ठता; उत्तमता	N
excellent	उत्तम	Adj
except	सिर्फ	Conj
except	कोछोड़कर	Prep
except	छोड़ना	VT
exception	कोईव्यक्तियाचीजकोछोड़ना	N
exceptional	विशिष्ट	Adj
excess	बहुतअधिक	N
excessive	अधिक	Adj
exchange	अदलाबदला	N
exchequer	अर्थविभाग	N
excise	राज्यकर	N
excise	पूर्णरूपसेनिकालना	VT
excite	उत्तेजितकरना	VT
excitement	हलचल; आवेश	N
exclaim	चिल्लाना	V
exclamation	चिल्लाहट; चित्कार	N
exclude	छोड़देना	VT
exclusion	बहिष्कार	N
exclusive	निवारक	Adj
excommunicate	समाजसेबाहरकरना	VT
excoriate	खालखींचना	VT
excrement	मल	N
excruciating	अतिदुखदाई	Adj
excursion	पर्यटन	N
excuse	बहाना{क्षमाका}	N
excuse	क्षमाकरना	VT
execute	फाँसीदेना; कार्यान्वितकरना	VT
execution	सम्पादनकरना	N
executioner	वधिक	N
executive	प्रबंधकारिणी	Adj
executive	प्रशासक	N
executor	कार्यान्वितकरनेवाला	N
exemplary	अनुकरणीय	Adj
exemplify	दृष्टान्तदेना	VT
exempt	भुक्त	Adj
exempt	मुक्तकरना	VT
exemption	छुटकारा	N
exercise	व्यायाम	N
exercise	व्यायामकरना	V
exert	बललगाना	VT
exertion	परिश्रम	N
exhaust	खींचलेना	VT
exhaustion	क्षय	N
exhaustive	सोखनेवाला	Adj
exhibit	प्रदर्शन	N
exhibit	प्रदर्शनकरना	VT
exhibition	प्रदर्शनी	N
exhilaration	आनन्दन	N
exhilarate	हर्षितकरना; होना	V
exhort	उपदेशदेना	VT
exhortation	उपदेश	N
exhume	पृथ्वीखोदकरनिकालना	VT
exile	देशनिकाला	N
exile	देशसेनिकालना	VT
exist	अस्तित्व होना	VI
existence	अस्तित्व	N
existent	जीवित	Adj
exit	गमन	N
exonerate	निष्पापठहराना	VT
exorbitant	अत्यन्त	Adj
exorcise	भूतभगाना	VT
exotic	आकर्षक	N
expand	फैलजाना	V
expand	फैलाना	VT
expanse	फैलाव	N
expansion	प्रसार	N
expect	आशारखना	VT
expectation	चाह	N
expediency	योग्यता	N
expedient	योग्य	Adj
expedient	उपाय	N
expedite	शीघ्रताकरना	VT
expedition	अभियान	N
expeditious	चुस्त	Adj
expel	निकालना	VT
expend	व्ययकरना	VT
expenditure	व्यय	N
expense	लागत	N
expensive	महँगा	Adj
experience	अनुभव	N
experience	अनुभवकरना	VT
experienced	अनुभवी	Adj
experiment	परीक्षा	N
experiment	परीक्षाकरना	V
expert	निपुण	Adj
expert	निपुण	N
expiration	निश्वासन्	N
expire	समाप्त होना	VT
explain	समझाना	VT
explanation	व्याख्या	N
explanatory	बोधक	Adj
expletive	निरर्थकचिल्लाहट	N
explicit	स्पष्ट	Adj
explicitly	स्पष्टतासे	Adv
explode	फूटना	VI
exploit	वीरताकाकाम	N
exploit	काममेंलगाना	VT
exploration	खोज	N
explore	खोजना	VT
explosion	भड़ाका	N
explosive	भकसेउड़जानेवाला	Adj
explosive	उड़ाऊ	N
exponent	व्यख्याता	N
export	निर्यात	N
export	निर्यातकरना	VT
expose	खोलना; विवरण	VT
exposition	दिखावा	N
exposure	विवरण	N
expound	व्याख्याकरना	VT
express	शीघ्रजानेवाला; स्पष्ट	Adj
express	व्यक्तकरना	VT
expression	अभिव्यंजना	N
expressive	सूचक	Adj
expulsion	निकालाजाना	N
expunge	मिटाना	VT
exquisite	उत्कृष्ट; उत्तम	Adj
extant	वर्तमान	Adj
extend	फैलाना; निमंत्रणदेना; प्रसारितकरना; विस्तृतकरना	V
extension	प्रसार; विस्तारण	N
extent	सीमा	N
extensive	बड़ा; व्यापक	Adj
extensively	व्यापकरूपसे	Adv
exterior	बाहरी	Adj
exterior	बाह्यरूप	N
exterminate	पूर्णतयानष्टकरना	VT
external	बाहरी	Adj
externally	बाहरसे	Adv
extinct	लुप्त	Adj
extinction	नाश	N
extinguish	बुझाना	V
extol	सराहना	VT
extort	छीनलेना	VT
extortion	छीनछोर	N
extra	अधिक	Adj
extra	अतिरिक्तवस्तु	N
extract	खींचना; सार तत्वनिकालना	VT
extraction	निष्कर्ष	N
extradite	सौंपना{भागेहुएविदेशीअपराधीकोयोग्यअधिकारीकेहाथमैंसौंपना}	VT
extraneous	ऊपरी; बाहरी	Adj
extraordinary	अनोखी; विशेष	Adj
extravagance	अतिव्यय	N
extravagant	अत्यधिक	Adj
extreme	चरम; अत्यन्त	Adj
extreme	सिरा	N
extremist	गरमदलका; उग्रवादी	N
extremity	अत्यंतता	N
extricate	छुड़ाना	VT
exuberance	अधिकता	N
exuberant	अधिक	Adj
exude	पसीजना	VT
exult	बहुतप्रसन्नहोना	VT
exultant	प्रसन्न	Adj
eye	आँख; नज़र; ध्यान	N
eyeball	आँखकीपुतली	N
eyebrow	भौं	N
eyeglasses	चश्मा	N
eyelash	बरौनी	N
eyelid	पलक	N
eyesight	दृष्टि	N
eyesore	देखनेयोग्यनहोना	N
eyewitness	प्रत्यक्षदर्शी	N
fable	कहानी	N
fabric	बनाव; एकप्रकारकाकपड़ा	N
fabricate	बनाना; झूठीकहानीबनाना	VT
fabrication	रचना	N
face	मुख; चेहरा; प्रतिष्ठा	N
face	सामना-होना; करना; रूपदेना	V
facetious	हँसानेवाले	Adj
facile	सुगम	Adj
facilitate	सुगमकरना; मदद देना; सरल बनाना	VT
facility	सुगमता	N
facing	सामना	N
facsimile	ठीकसदृश्य; अनुलिपि	N
fact	तथ्य	N
faction	उपद्रवीदल	N
factor	{गणित}अंश; घटक; कारक; कारण	N
factory	कारखाना	N
faculty	योग्यता; मानसिकयाशारीरिकशक्ति	N
fade	मुरझाना	V
fag	सिगरेट; उत्साहीनएवंथकानेवालाकाम	N
fag-end	सबसेअंतिमएवंतुच्छभाग	N
faggot	ईंधनकागठ्ठा	N
fail	चूकना; असफल; समाप्त हो जाना; खत्म होजाना; उनुत्तीर्ण; कमीहोना; अपर्याप्त होना	V
fail	असफलहोना	V
failing	कमी	N
failing	नहोनेपर; केअभावमें	Prep
failure	असफलता; असफल व्यक्ति	N
faint	निर्बल; अस्पष्ट; धीमा	Adj
faint	मूर्छा	N
faint	मूर्छितहोना	VI
fair	सुन्दर; उचित; स्वच्छ; न्याय संगत	Adj
fair	मेला	N
fairly	न्यायपूर्वक; बहुतहदतक	Adv
fairy	अप्सराजैसी	Adj
fairy	अप्सरा	N
fairy-tale	परियोंकीकहानी	N
faith	विश्वास; धर्म	N
faithful	वफादार	Adj
fake	जाली बनाना; नकलीबनाना	V
fake	जाली	Adj
fake	धोखेबाज	N
fakir	फकीर	N
falcon	बाज	N
falcon-eyed	तीव्रदृष्टिवाला	N
fall	पतन	N
falls	झरना	N
fall	गिरना; होना; लालचमेंआना; पड़ना	VI
fall apart	टूटना	PhrV
fall away	गिर पड़ना	PhrV
fall back	पीछेहोना	PhrV
fall behind	पीछे रह जाना	PhrV
fall down	नीचे गिरना	PhrV
fall to	हारजाना	PhrV
fall in	मेंहोजाना	PhrV
fall in with	सहमतहोना	PhrV
fall into sth	मेंफँसना	PhrV
fall off	सेगिरना; कमहोजाना	PhrV
fall-out	झगड़ा	N
fall over sb/sth	परगिरना	PhrV
fall through	असफल होना	V
fall to	शुरूकरना	V
the fallen	शहीदहुएलोग{सैनिकइत्यादि}	N
fall-back	पीछेहटना	Adj
falling star	उल्का	N
fall off	गिरावट	N
fall	पराजय	N
fallacious	भ्रममेंडालनेवाला	Adj
fallacy	भ्रम	N
fallen	पराजित	Adj
fall guy	बलीकाबकरा	N
fallible	अविश्वसनीय	Adj
fallibility	भ्रम	N
fallopian tube	डिम्बवाही नली	N
fallout	लड़ाई	N
fallow	कुछलालयापीला	Adj
fallow	परती{भूमि}	N
fallow	जोतना	VT
false	झूठा	Adj
falsehood	झूठ	N
falsify	झूठठहराना	VT
falsity	असत्यता	N
falter	हिचकिचाना; हिम्मतहारना	VI
faltering	लड़खड़ाताहुआ	Adj
fame	प्रसिद्धि; प्रतिष्ठा	N
famed	प्रसिद्ध; प्रतिष्ठित	Adj
familial	परिवारसेसम्बन्धित	Adj
familiar	जाना-माना; परिचित	Adj
familiarity	हेलमेल	N
familiarize	परिचितहोना[करना]	VT
family	कुटुम्ब	N
famine	अकाल	N
famine-relief	अकालनिवारण	N
famous	प्रसिद्ध	Adj
famously	यशस्वीतौरपर	Adv
fan	पंखा; चाहनेवाला	N
fan	पंखाकरना; भड़काना; उत्तेजितकरना	VT
fanatic	अतिउत्साही	N
fanatical	कट्टरता	Adj
fanaticism	कट्टरपन; हठधर्म	N
fancier	शौकीन	N
fanciful	मौजी	Adj
fancy	असामान्य; बढ़ेचढ़े	Adj
fancy	कल्पना; छोटासजाहुआकेक	N
fancy	पसन्दकरना; इच्छाहोना; सोचना	VT
fanfare	तुरहीनाद; धूमधाम	N
fang	दाँत{विषैला}	N
fantastic	अद्भुत	Adj
fantasy	कोरीकल्पना	N
fanzine	चाहनेवालोंकेलिएपत्रिका	N
far	दूर	Adj
far	दूर; बहुत	Adv
far away	बहुतदूर; कहींखोजाना	Adj
far fetched	अस्वाभाविक; अतिशयोक्तिपूर्ण	Adj
far flung	दूरतकफैलाहुआ	Adj
far gone	बहुतआगेकीस्थिति	Adj
far off	बहूतदूर	Adj
far reaching	दूरतकप्रभावड़ालनेवाला	Adj
far-sighted	दूरदृष्टि	Adj
farce	स्वाँग	N
farcical	स्वाँगपूर्ण	Adj
fare	किराया; खाना	N
fare	आगेजाना; प्रगतिकरना	VI
farewell	बिदाकाप्रणाम	N
farm	खेत	N
farm	खेतीकरना	VT
farming	खेती	N
farmland	खेत	N
farmhouse	फार्महाउस	N
farmstead	फार्म; चक या चक का कोई भाग	N
farrago	किसीचीजकाअस्तव्यस्तसंग्रह	N
fart	वायुनिकालना	VI
farther	दूर	Adj
farther	औरदूर	Adv
farther-most	अतिदूर	Adv
farthest	अतिदूर	Adj
fascinate	मोहलेना	VT
fascination	मोह	N
fascism	सामवादविरोधीमत	N
fashion	कार्यप्रणाली; वेशभूषाकीशैली	N
fashion	विशेषप्रकारकीआकृतिप्रदानकरना	VT
fashionable	फैशनपरस्त	Adj
fast	शीघ्रगामी	Adj
fast	व्रत	N
fast	व्रतरखना	VI
fasten	जकड़ना	VT
fastidious	तुनुकमिज़ाज	Adj
fat	मोटा	Adj
fat	चर्बी	N
fatal	जीवघातक	Adj
fatality	भाग्यवशता	N
fate	भाग्य	N
fated	भाग्यमेंलिखाहुआ	Adj
father	पिता	N
father	पिताबनना	VT
fatherland	जन्मभूमि	N
fatherless	अनाथ	Adj
fatherly	पितातुल्य	Adj
fathom	गहराई	N
fathom	थाहलेना	VT
fatigue	थकावट	N
fatigue	थकाना	VT
fatten	मोटाकरना	VT
fatty	चर्बीदार	Adj
fault	भूल	N
faulty	अशुद्ध	Adj
faun	ग्राम देवता	N
fauna	पशु	N
faux pas	सामाजिकगलती	N
favour	कृपा	N
favour	कृपादृष्टिरखना	VT
favoured	अनुग्रह प्राप्त करना	Adj
favourable	हितकारी	Adj
favourably	प्रशंसाकीदृष्टिसे	Adv
favourite	प्रिय	Adj
the favourite	सर्वप्रिय	N
favouritism	पक्षपात	N
fawn	हिरणीकाबच्चा; हल्कापीलारंग	N
fawn	चापलूसीकरना	V
fax	फैक्सकरना	V
fax/fax machine	फैक्सयंत्र	N
fax copy	फैक्सद्वाराप्राप्तकियागयापत्र	N
faze	क्षुब्धकरना[होना]	V
fbi	एफ़.बी.आई.{अमरीकाकीपुलिसकाएकविभाग}	Abbr:Federal Bureau of Investigation
fco	विदेशएवं राष्ट्रमंडलविभाग	Abbr:Foreig and Commonwealth Office
feality	प्रभुभक्ति	N
fear	भय	N
in fear and trembling	अत्यंतभयभीतहोना	IDM
fear of something	भयभीतहोना	PhrV
in fear of one's life	अपनेजीवनकाभयहोना	IDM
no fear	हाँ{किसीप्रश्नकेउत्तरमें सकरात्मकउत्तर}	IDM
putting the fear of god into	अत्यंतभयभीतकरना	IDM
fearful	डराहुआ; भयानक	Adj
fearfully	भयसहित	Adv
fearless	भयरहित	Adj
fearlessly	निर्भयतापूर्वक	Adv
fearlessness	निर्भयता	N
fearsome	घबरानेवाला; बृहत्; डरावना	Adj
fear	डर	V
never fear	मतडरो	V
fear for	केलियेडरना	PhrV
feasible	संभव; साध्य	Adj
feasibility	संभावना; साध्यता	N
feast	भोज; संतोष; त्यैहार	N
feast	भोजनकरना; आन्नदितकरन	V
feat	वीरताकाकाम	N
feather	पंख; पर	N
birds of a feather	एकसमान	IDM
a feather in one's cap	कठिनकार्यकोकरना	IDM
light as a feather	बहुतहल्का	IDM
ruffle someone's feathers	उत्तेजितकरना	IDM
knocking someone with a feather	किसीकोभयभीतकरना	IDM
to crop someone's feathers	किसीकोविनीतबनाना	IDM
feathery	बहुतहल्का	Adj
featherbed	आसानबनाना	V
featherbed	पंखों सेभरागद्दा	N
featherboa	अंगोछा{स्त्रियों द्वाराकंधों परडालनेकाकपडा}	N
featherbrained	बेवकूफ	Adj
feather	परों सेढकना	V
feather one's own nest	अपनाघरभरना	IDM
featherweight	कमवजनकामुक्केबाज	N
feature	नक्श	N
features	आकृति	N
feature	विशेषगुण; सिनेमाकीफिल्म	N
feature	प्रकटकरना; हिस्सालेना	V
featureless	आकृतिहीन; अरोचक	Adj
feb	फरवरी	Abbr:february
febrile	उत्तेजितहोना	Adj
february	फरवरीमाह	N
fecal	मल	N
feces	मल	N
feckless	शक्तिहीन; उदासीन	Adj
fecklessness	लापरवाह	N
fecund	फलप्रद; उपजाऊ	Adj
fecundity	उपजाऊपन	N
federal	राज्यसंबंधी; संघी	Adj
federalism	संघकाअनुमोदनकरना	N
federalists	संघवादी{संघकाअनुमोदनकरनेवालेव्यक्ति}	N
federally	संघद्वारा	Adj
federate	संघबनाना	V
federation	कईराज्यों यासंस्थाओं कासंघ	N
fed up	दुखी; खिन्न	Adj
fee	शुल्क	N
feeble	दुर्बल; क्षीण	Adj
feebleness	दुर्बलता	N
feebly	दुर्बलतासे	Adv
feeble minded	र्मूख	Adj
feed	खानाखिलाना; देना; डालना; पनपना	V
bite the hand that feeds	विश्वासघातकरना	IDM
feeding bottle	बच्चों कोदूधपिलानेकीबोतल	N
feed	खाना; माल{मशीनमेंइस्तेमालकियेजानेवाला}	N
feedback	जानकारीदेना	N
feedbag	पशुओं केमुँहपरखानाभरकररखनेवालाथैला	N
feeder	भोजनकरानेवाला; मुख्यधारासेमिलनेवाली; मशीनमें सामानपहुंचानेवाली	N
feel	महसूसकरना; स्पर्शसेअनुभवकरना; टटोलना	V
feelingly	भावनासहित	Adv
feel	अनुभव	N
feeler	महसूसकरनेवाला{कीडेमकौडों केशरीरकाभाग}; किसीबातकापताकरना	N
feeling	बोध; चेतना	N
feet	पैर{ब.}	N
feign	बहानाकरना	V
feisty	अधिकशक्तिशाली	Adj
feldspar	एकप्रकारकाखनिज	N
feliciation	अभिनन्दनकरना	N
felicitous	परमसुखी	Adj
felicitously	आनन्दसे	Adv
felicity	उत्तमप्रकारसे	N
feline	बिल्लीकेसमान	Adj
fell	{उत्तरीइंगलैंडका७}९पहाड़ीइलाका	N
fell	गिराना{गिराना}	Adj
fellatio	मुँहसेलिंगकोउत्तेजितकरना	N
fellow	व्यक्ति; सभासद; सहचर	N
fellow feeling	सहानुभूति	N
fellowship	साहर्चय; सदस्यता; अनुदान	N
felony	आपराधिककार्य	N
felt	नमदा	N
felt tipped pen	नमदेसेबनीनोकवालेकलम	N
fem	स्त्री	Abbr:female/feminine
female	स्त्रीजाति	N
female	स्त्रीसबंधी; स्त्री	Adj
feminine	स्त्रैण	Adj
feminity	स्त्री-प्रकृति	N
feminism	नारीवाद	N
feminist	नारीवादी{स्त्रीकेअधिकारों केपक्षकाव्यक्ति}	N
femme fatale	सुंदरपरखतरनाकस्त्री	N
femur	जाँघकीहड्डी	N
femoral	जंघासंबंधी	Adj
fen	दलदल	N
fence	बाढ़; बाड़ा	N
come down on one side of the fence or other	साथदेनायान देना	IDM
mend fences	अपनेमतभेदों कोदूरकरना	IDM
sit on the fence	दूरीबनायेरखना; तटस्थरहना	IDM
fenced in	बंधनमेंहोना	IDM
fencing	बाढ़; बाड़ा	N
fence	तलवारयागदाकीलड़ाई; घुमाफिराकेबातकरना	V
fencing	तलवारसेलड़ाईकरना	N
fend	रोकना; दूररखना; देखभालकरना	V
fender	आघातसेबचावकासाधन	N
fenland	दलदल	N
fennel	सोयाजातिकाएकपौधा	N
fenal	पाशविक; जंगली	Adj
ferment	ख़मीरउठाना; उत्तेजितकरना	V
fermentation	उफानलाना	N
fern	फ़र्न{सुंदरबारीकपत्तियोंवालाएकपौधा}	N
ferny	फर्नकोउगानेकास्थान	Adj
ferocious	खूँखार	Adj
ferociously	खूँखाररूपसे	Adv
ferocity	खूँखारपना	N
ferret	नेवलेकीजातिकाजानवर	N
ferret	खोजना	V
ferris wheel	बड़ाऊंचाझूला	N
ferrous	लौहसम्बंधी	Adj
ferrule	लोहेकीमुंदरी	N
ferry	बड़ीनाव; घाट	N
ferry	एकस्थानसेदूसरेस्थानपहुँचाना	V
ferryboat	नदीपारउतरनेकीबड़ीनाव	N
ferryman	मल्लाह	N
fertile	उपजाऊ	Adj
fertility	उपजाऊपन	N
fertilize	उपजाऊबनाना	V
fertilise	उपजाऊबनाना	V
fertilization	उपजाऊबनानेकीविधि	N
fertilisation	उपजाऊबनानेकीविधि	N
fertilizer	खाद	N
fertiliser	खाद	N
fervent	उत्सुकताभरी	Adj
fervid	व्यग्र	Adj
fervently	उत्सुकतासे	Adv
fervour	चाव; उत्साह	N
fester	घावसड़ना	N
festival	त्यौहार; उत्सव	N
festive	उत्सवसंबंधी; परसत्र	Adj
festivity	उत्सवकासमय	Adj
festoon	तोरण	N
feta	भेड़केदूधसेबनापनीर	N
fetta	भेड़केदूधसेबनापनीर	N
fetch	जाकरलाना; मूल्यप्राप्ति	V
fetch and carry	कामकरवाना	IDM
fetching	आर्कषक	Adj
fete	उत्सव; त्यौहार	N
fete	सत्कारकरना	V
fetid	बदबूदार	Adj
fetish	आवश्यकता से अधिक ध्यान देना; वस्तुजिसेदेवतामानाजाए{यह मानना कि इसमें किसी आत्मा का निवास है}	N
fetishism	जादू टोने में विश्वास रखना	N
fetishist	जादूटोनेमें विश्वासकरनेवाला	N
fetlock	घोड़ेकेखुरोंकापिछलाहिस्सा	N
fetter	बेड़ी; बंधन	N
fetter	बंधनबाँधना	V
fettle	योग्यता	N
feud	कलह{लंबेसमयसेचलनेवाली}	N
feud	सांघातिकविरोध	V
feudal	जागीरदारी[सेसम्बंधित]	Adj
feudalism	जागीरदारीप्रथा	N
fever	बुखार; उत्तेजना	N
fevered	बुखारसेग्रस्त; अतिउत्तेजितहोना	Adj
feverish	हल्काबुखारहोना; अधिकउत्तेजनाहोना	Adj
feverishly	उत्तेजितअवस्थामें	Adv
fever pitch	उत्तेजनाकेचरम	N
few	कुछ	Det
few	कुछ	Adj
few and far between	बहुतअन्तरसे	IDM
fewer	सेकम	Pron
the few	कुछ	Pron
a few	कुछ; In the party only a few persons were known to me	Det
a few	कुछ	Adv
fey	र्मूखताभरा	Adj
fez	तुर्कीटोपी	N
ff	और आगे के	Abbr:and the following
fiance	मंगेतर	N
fiasco	असफलता	N
fiat	आधिकारिकआज्ञा	N
fib	झूठबोलना	N
fibber	झूठबोलनेवाला	N
fibre	तन्तु; खानेकारेशेवालाभाग; चरित्रबल	N
fibrous	रेशेदार	Adj
fibre optics	फाइबरऑप्टिक्स{संदेशपहुंचानेकाएकसाधन}	N
fibreglass	फाइबरग्लास{काँचकेरेशों सेबनाहुआसामान}	N
fickle	चंचल; अस्थिर	Adj
fickleness	चंचलता; चपलता	N
fiction	कल्पना; कथा	N
fictional	काल्पनिक	Adj
fictionalize	कहानीबनाना	V
fictitious	काल्पनिक; झूठा	Adj
fiddle	वायलिननामकबाजा	N
be on the fiddle	बेईमानीकरना	IDM
fit as a fiddle	अच्छीसेहतवाला	IDM
play second fiddle	महत्वहीनहोना	IDM
fiddle around	व्यर्थकीबातकरना; निरर्थककामकरना	PhrV
fiddler	सारंगीबजानेवाला	N
fiddling	नगण्य	Adj
fiddly	बेकार	Adj
fidelity	स्वामीभक्ति; ईमानदारी	N
fidget	चुलबुलाना{किसीवस्तुकोइसतरहछूतेरहनाकिदेखनेवालेकोखीजहो}	V
fidget	ऐसाव्यक्तिजोसीधेसेनबैठसके	N
fidgety	अधीर; बेचैन	Adj
field	मैदान; खेत; विशेषअध्ययन	N
hold the field(against sb/sth)	क्षेत्रपरमज़बूतपकड़	IDM
play the field	सबकेसाथसंबंध	IDM
take the field	खेलकेमैदानमें उतरना	IDM
field day	आनंददिवस; क्रीड़ादिवस	N
field events	खेलकेमैदानमें होनेवालीप्रतिस्पर्धायें	N
field glasses	दूरबीन	N
field marshal	फील्डमार्शल{सेनाकासर्वोच्चओहदा}	N
field of vision	आँखसेदिखाईदेनेवालाक्षेत्र	N
field sports	घरकेबाहरखेलेजानेवालेखेल	N
field test	फील्डटेस्टकरना{किसीनयेउत्पादकीउसकेइस्तेमालकीजगहजाँचकरना}	V
field test	फील्डजाँच	N
field trip	अध्ययनयात्रा	N
field	क्षेत्ररक्षणकरना; क्षेत्रमेंउतारना{राजनीतिकेसंदर्भमें}	V
fieldsman	क्षेत्ररक्षक{क्रिकेटकेखेलकेसंदर्भमें}	N
fieldwork	फील्डवर्क{किसीअध्ययनसेसंबंधितकाम}	N
fiend	पिशाच	N
fiendish	पैशाचिक	Adj
fiendishly	नीचताकीहदकरना	Adv
fierce	प्रचंड; बर्बर; उग्र	Adj
fiercely	प्रचंडरूपसे; बर्बरतासे	Adv
fierceness	बर्बरता	N
fiery	अग्निमय; जोशीला	Adj
fiesta	धार्मिकत्यौहार	N
fife	बाँसुरी{एकप्रकारकी}	N
fifteen	पन्द्रह	N
fifteen	पन्द्रह	Pron
fifteen	पन्द्रह	Det
fifteenth	पन्द्रहवाँ	Adj
fifth	पाँचवाँ	N/Pron
fifthly	पाँचवेंस्थानपर	Adv
fifth column	जासूस	N
fifty	पचास	N
fifty	पचास	Pron
in one's fifties	आयुकापाँचवाँदशक	IDM
fifteeth	पचासवाँ	N
fifteeth	पचासवाँ	Pron
fifty cents	फिफ्टीसेन्ट्स{अमीकीमुद्राकाआधाभाग}	N
fifty-fifty	आधा-आधा	Adv
fifty-fifty	आधा-आधा	Adj
fifty pence	फिफ्टीपैंस{इगलैंडकीमुद्राकाआधाभाग}	N
fig	अंजीर	N
not care\give a fig	परवाहनकरना	IDM
fig leaf	अंजीरकापत्ता	N
fight	लडाईकरना	V
fight like a tiger	तीव्रतासेलडाईकरना	IDM
to fight against	विषमपरिस्थितिमेंजूझना	IDM
a fighting chance	कार्यकीसफलताकीथोड़ीआशा	IDM
fighter	योद्धा; आसनीसेहारनमाननेवाला; लड़ाकूहवाईजहाज	N
fight	लड़ाई; लड़नेकीक्षमता	N
a fight to the finish	निर्णायकलड़ाई	IDM
pick up a fight	झगड़ाकरना	IDM
figment	भाग	N
figment of one's imagination	किसीकाल्पनिकवस्तुकेविषयमें सोचना	IDM
figurative	आलंकारिक	Adj
figuratively	आलंकारिकतरहसे	Adv
figure	अंक	N
figures	अंक; संख्या	N
figure	आकृति{शारीरिक}; व्यक्ति; आकृति{रेखाचित्र}	N
to become a figure of fun	व्यंगकापात्रबनना	IDM
facts and figures	तथ्योंपरआधारित	IDM
in round figures	पूर्णअंकों में	IDM
cut a figure	स्वयंकोदिखाना	IDM
put a figure on	मूल्यआँकना	IDM
single figures	दससेकम	IDM
figure of eight	आठकाअंक	N
figure of speech	नाटकीयढंगसेबातकहना	IDM
figure	दिखाईदेना; कल्पनाकरना	V
figured	अलंकृत	Adj
it figures	इससेलगताहै	IDM
figure on	अनुमानकरना	PhrV
figure out	समाधानहोना[करना]	PhrV
figurehead	जहाज़ केअगलेभागपरलगानेवालीमूर्ति; शक्तिहीनअधिकारी	N
figurine	एकछोटीमूर्ति	N
filament	तंतु; रेशा	N
filch	चोरीकरना	V
file	फाइल{कागज़ संभालकररखनेकीजिल्द}; {कम्पयूटरमें सूचनारखनेकातरीका}	N
on file/on the files	सूचनारखना	IDM
file	सूचनादर्जकरना	V
file away	सूचनासंभालना	PhrV
filing cabinet	फाइलेंरखनेकीअलमारी	N
filing clerk/file clerk (us)	फाइलेंरखनेवालाकंर्मचारी	N
file	पंक्ति	N
in a single file	एकपंक्तिबद्ध	IDM
file in	पंक्तिमेंअंदरआना	PhrV
file out	पंक्तिमेंबाहरजाना	PhrV
file off	?	PhrV
file past	?	PhrV
file	रेती	N
file	घिसना	V
file down	घिसडालना	PhrV
filings	चूरा; बुरादा	N
filial	बेटा[बेटी]संबंधी	Adj
filibuster	कार्यमेंविलम्बकरवाना	N
filibuster	कार्यमेंविलम्बकरवानेसंबंधी	Adj
filigree	महीनजालीकाकाम	N
fill	भरना	V
fill/fit the bill	योग्यहोना	IDM
fill the shoes	दूसरेकेस्थानपरकामकरसकनेकीयोग्यता	IDM
fill in on	जानकारीदेना	PhrV
fill in	पूराकरना	PhrV
fill up	भराहुआहोना	PhrV
filler	वस्तुकोभरदेना	N
filler cap	पेट्रोलकीटंकीपरलगानेवालाढक्कन	N
filler station	पेट्रोलबेचनेकीजगह	N
fill	संतुष्टि	N
fillet	माँसकाटुकड़ा	N
filling	भरावन	N
fillip	प्रोत्साहन	N
filly	बछेड़ी	N
film	सिनेमा; कैमरेकीरील; झिल्ली	N
filmy	बहुतमहीन	Adj
film maker	फिल्मनिर्माता	N
film star	फिल्मकलाकार	N
film over	झिल्लीसेढकना	PhrV
filofax	डायरी	N
filter	छलनी	N
filter	छानाहुआ	V
filtered	छनाहुआ	Adj
filter in/out/through	छाननिकालना	PhrV
filter tipped	नोंकपरछलनीवालीवस्तु	Adj
filth	कूड़ा	N
filthy	गंदा; घिनआनेकीसीमातक	Adj
filthy	मलिन	Adv
filteration	छानन	N
fin	मछलीकेशरीरकापंखजैसाभाग	N
final	अंतिम	Adj
final	अंतिमचरण	N
finalist	अंतिमदौरमेंपहुँचनेवाले	N
finally	आखिरकार	Adv
finale	अंत	N
finality	अंतिमस्थिति	N
finalize	अंतिमनिर्णयलेना	V
finalise	अंतिमनिर्णयलेना	V
finance	आर्थिकव्यवस्था	N
finance	आर्थिकप्रबन्ध	V
finance company	पैसोंकालेनदेनकरनेवालीकंपनी	N
finance house	पैसोंकालेनदेनकरनेवालीसंस्था	N
financial	आर्थिक	Adj
financially	आर्थिकरूपसे	Adv
financial year	आर्थिकवर्ष	N
financier	कोषप्रबन्धक	N
finch	एकतरहकीछोटीचिड़िया	N
find	पाना; अनुभवकरना; मिलना	V
all found	सबमिलाकर	IDM
be found wanting	अभावहोना	IDM
find fault	गलतीनिकालना	IDM
find one's feet	विश्वस्तहोना	IDM
find it in one's heart to do	इच्छानरहना	IDM
find one's match	अपनाप्रतिद्वंदीपाना	IDM
find one's voice/tongue	अचंभेसेनिकलना	IDM
finds one's way to	रास्तातलाशना	IDM
take as one finds them	स्वीकारकरना	IDM
find for/against	फैसलाकरना	PhrV
find out	पताकरना	PhrV
finder	ढूँढनेवाला	N
finding	निर्णय	N
find	खोज	N
fine	बढिया; अच्छा; बारीक; सुन्दर; संतोषजनक; शुद्ध; महीन; पतला	Adj
the finer points of	बारीकियाँ	IDM
to get down to a fine art	किसीकामकोअच्छीतरहकरना	IDM
not to put too fine a point to it	साफ़कहेंतो	IDM
finely	सुन्दरतासे; सूक्ष्मतासे	Adv
fine art	ललितकला	N
fine print	बारीकअक्षरों में	N
to go over/through with a fine toothed comb	बारीकीसेजाँचपड़तालकरना	IDM
fine	ठीकतरहसे; बहुतकमअन्तरहोना	Adv
to cut it fine	अन्तिमसमयकेलियेकामछोड़ना	IDM
fine tune	पूर्णविवरणमें जाना	V
fine	जुर्माना	N
fine	जुर्मानालगाना	V
finery	अलंकारितवस्त्रआदि	N
finesse	चतुराई	N
finger	उंगली	N
finger mark	उंगलीकेनिशान	N
finger	उंगलीसेछूना	V
fingering	धीरेसेछूना	N
fingernail	नाखून	N
fingerprint	उंगलीकानिशान	N
fingertip	उंगलीकापोर	N
at one's fingertips	जानकारीहोना	IDM
finicky	कठिनतासेप्रसन्नहोनेवाला	Adj
finish	पूर्णकरना; समाप्तकरना; मारडालना	V
finish	अन्त	N
finisher	अन्ततकरहनेवाला	N
finishing line	अंतिमरेखा{दौड़में}	N
finishing school	खासस्कूल	N
finished	पूर्ण; समाप्त	Adj
finite	नियत	Adj
fiord	पहाडोंकेबीचकासमुद्रीभाग	N
fir	सरोकापेड़	N
fir cone	फरपेड़काफल	N
fire	आग; गोलीचलाना	N
fire alarm	फायरअलार्म{आगलगनेकीसूचनादेनेवालायंत्र}	N
fire ball	आगकागोला	N
fire bomb	आगलगानेवालाबम	N
fire break	जंगलकीआगरोकनेकेलियेसाफकीजगह	N
fire brigade	अग्निशामकदल	N
fire service	अग्निशामकसेवा	N
fire department	अग्निशामकविभाग	N
fire door	आगरोकनेकेलियेबनायागयादरवाज़ा	N
fire drill	आगबुझानेकीतैयारी	N
fire engine	दमकल	N
fire escape	आगलगनेपरभागनेकारास्ता	N
fire extinguisher	आगबुझानेकायंत्र	N
fire fighter	आगबुझानेवालाव्यक्ति	N
fire guard	आगफैलनेसेरोकनेकीबाढ़	N
fire lighter	आगलगानेकासाधन	N
fire power	लड़ाईकीशक्ति	N
fire station	दमकलरखनेकीजगह	N
fire water	कड़ीशराब	N
fire	प्रहारकरना{बंदूकयातीरसे}; निकालदेना; उत्तेजितहोना; भट्टीमें पकाना	V
fired	अग्निप्रज्ज्वलन	Adj
firing	बंदूकचलाना	N
firing line	लड़ाईमें आगेकीपंत्ति	N
firing squad	गोलीचलानेवालादस्ता	N
firearm	असला	N
firebrand	जल्दीउत्तेजितहोनेवाला	N
firecracker	पटाखे	N
firefly	जुगनू	N
firelight	अग्निकाप्रकाश	N
fireman	दमकलकासदस्य	N
fireplace	अंगीठी	N
fireproof	अग्निनिरोधक	Adj
fireside	आगकेपास	N
firewood	जलानेकीलकड़ी	N
firework	पटाखे; झगड़ा	N
firm	दृढ़; अचल; स्थिर	Adj
firm	दृढ़करना	V
firm	स्थिरताहोना	Adv
firm	व्यापारिककंपनी	N
firmament	आकाश	N
first	प्रथम; पहला	Adj
firstly	आरम्भमें	Adv
first aid	प्राथमिकचिकित्सा	N
first base	बेसबालखेलमेंपहलाबेस	N
first class	पहलादर्जा; डाककाशुल्क	N
first cousin	चचेरा[मौसेरा]भाई[बहन]	N
first day cover	डाकटिकटजारीकरनेकेदिनकीमुहरकालिफाफा	N
first degree	कम	N
first ever	प्रथम	Adj
first finger	तर्जनी	N
first floor	दूसरीमंजिल	N
first fruit	प्रथमफल; प्रथमसफलता	N
first gear	पहलागियर	N
first lady	राष्ट्रपतिकीपत्नी	N
first light	भोर	N
first name	नाम	N
first night	पहलीबार	N
first offender	पहलीबारअपराधकरनेवाला	N
the first person	आपबीती	N
first rate	अतिउत्तम	Adj
first rate	अतिउत्तम	Adv
first refusal	प्राथमिकता	N
first school	प्राइमरीस्कूल	N
first time	पहलीबार	Adj
the first world war	प्रथममहायुद्ध	N
first	सबसेपहले; केपहले	Adv
first born	पहलीसंतान	N
first	प्रथम	N
from the very first	पहलेसे	IDM
from first to last	शुरुसेअंततक	IDM
firsthand	सीधीख़बर	Adj
firth	संकरीखाड़ी	N
fiscal	राजकरसंबन्धी	Adj
fiscal year	वित्तवर्ष	N
fish	मछली	N
odd fish	औरोंसेभिन्नव्यक्ति	N
fishy	संशययुक्त; मछलीकीगंधयुक्त	Adj
fish and chips	मछलीऔरचिप्सकानाश्ता	N
fish cake	मछलीकीटिकिया	N
fish eye/lense	एकतरहकाकैमरेकालैन्स	N
fish farm	मछलीपालनकातालाब	N
fish stick	मछलीकेतलेहुएकतले	N
fish finger	मछलीकेतलेहुएकतले	N
fish hook	मछलीपकड़नेकाकाँटा	N
fish knife	मछलीखानेकाचाकू	N
fish slice	एकतरहकापलटा	N
fish	मछलीपकड़ना	V
fishing	मछलीपकड़ना	N
fishing line	मछलीपकड़नेकीडोरी	N
fishing pole	मछलीपकड़नेकाडंडा	N
fishing rod	मछलीपकड़नेकाडंडा	N
fisherman	मछुआरा	N
fishery	मछलीपकड़नेकीजगह	N
fishmonger	मछलीबेचनेवाला	N
fishnet	बारीकजाली	N
fish plate	फिशप्लेट{रेलकीपटरियोंकोजोड़नेवालीप्लेट}	N
fissile	आण्विकसामग्री	Adj
fission	अणुओंकाविभाजन; जीवकोशोकाविभाजन	N
fissalparous	जीवकोशोंकेविभाजनसेउत्तपन्नकोश	Adj
fissure	दरार	N
fissured	फटाहुआ	Adj
fist	मुठ्ठी	N
fistful	मुठ्ठीभर	N
fistcuffs	मुक्केबाज़ी	N
fit	स्वस्थ; उपयुक्त; उचित	Adj
fit	दौरा; आवेश; नापका	N
fitness	स्वस्थहोना	N
fit	समाना; सहीबैठना	V
fitted	समादेना	Adj
fitter	मेकेनिक; दर्जी	N
fitful	व्याकुल	Adj
fitfully	व्याकुलतासे	Adv
fitment	सामान	N
fitting	सामायिक	Adj
fitting	सामान; कपड़ेबनवाना	N
five	पाँच	N/Det
fiver	पाँचकानोट	N
five o'clock shadow	बढीहुईदाढी	N
fivefold	पाँचगुना	Adv
fivefold	पाँचगुना	Adj
fives	एकगेंदकाखेल	N
fix	जोडना; दृढ़ करना; स्थिरकरना; तैयारकरना; ठीककरना; बेईमानीकरना; दंडदेना; पुष्टकरना	V
fixed	स्थिरकीहुई; दृढकियाहुआ; स्थापितकियाहुआ	Adj
fixedly	दृढतापूर्वक	Adv
fixed costs	स्थिरखर्च	N
fixer	बिचौलिया; रासायनिकपदार्थ	N
fixity	दृढनिश्चय	N
fix	कठिनाई; बेइमानी; नशीलीदवाई; स्थापना	N
fixated	नियमविपरीत	Adj
fixation	असाधारणआसक्ति	N
fixative	रासायनिकपदार्थ; गोंद	N
fixture	नियतखेल; फिक्सचर{बजलीपानीइत्यादिकासामानजोघरोंमेंलगताहै}; स्थाई	N
fizz	आक्रामकरुख	V
fizz	गैसनिकलनेकीफुफकार	N
fizzle	असफलहोना	V
fizzy	गैसकामिलाहोना	Adj
flab	अतिरिक्तमाँस	N
flabby	ढीला; कमज़ोर	Adj
flabbergast	अचंभितकरना	V
flaccid	कमज़ोर; ढीला	Adj
flag	झंडा; एकतरहकापेड़	N
flag	संकेतदेना; कमज़ोरहोना	V
flag day	झंडादिवस	N
flag of convenience	दूसरेदेशकाझंडा	N
flag waving	निष्कर्षरहित	N
flag[stone]	चपटापत्थर	N
flagged	पत्थरजडना	Adj
flagellate	बेंतमारना	V
flagellation	चोट	N
flagon	शराबरखनेकीसुराही	N
flagrant	ज्वलंतअवहेलना	Adj
flagrantly	अवहेलनासे	Adv
flagship	मुख्य	N
flagstaff	झंडाफहरानेकास्तम्भ	N
flagpole	झंडाफहरानेकास्तम्भ	N
flail	मूसल	N
flail	ज़ोरसेहिलना[हिलाना]	V
flair	प्रवृति	N
flak	समालोचना; भयंकरलड़ाई	N
flak jacket	बचावकाकोट	N
flake	सूक्ष्मटुकड़ा	N
flake	परतकरना	V
flaked	टुकड़ोंमें	Adj
flaky	परतदार	Adj
flakiness	अजीबबर्ताव	N
flambe	खानेकोजलाना	Adj
flamboyant	स्वयं कीओरआकर्षितकरना; आकर्षक	Adj
flamboyance	आकर्षण	N
flamboyantly	आर्कषकरूपसे	Adv
flame	लपट; भड़कीलारंग; तीव्रचेतन; प्रेमी	N
flame thrower	आगकीलपटेंफेंकनेवालायंत्र	N
flame	आगकीज्वाला; आगकारंग; क्रोधितहोना	V
flaming	आगसी	Adj
flamenco	स्पेनकाएकनाच	N
flamingo	एकप्रकारकीचिड़िया	N
flammable	ज्वलनशील	Adj
flan	एकतरहकाकेक	N
flange	उभराहुआकिनारा	N
flank	बगल{जानवरके}; मकान का किनारा; फौज का बगली भाग	N
flank	बीच में	V
flannel	फलालैन	N
flannel	ढील ढाल करना	V
flannelette	नरम सूती कपड़ा	V
flap	फ्लैप; पंख{हवाईजहाज़के}; उत्तेजना	N
flap	हिलना[हिलाना]; हल्के से मारना; चिन्ता करना	V
flapjack	केक{एकप्रकारका}	N
flapper	शौकीन महिला	N
flare	चमकना[चमकाना]	V
flare	हिलती रोशनी; प्रकाश का संकेत देने वाली वस्तु	N
flare path	प्रकाशित मार्ग	N
flare up	आग भड़कना; अचानक क्रोधित होना	V
flare	फैला हुआ होना	V
flare	फैलाव	N
flash	चमक; फ्लैश यंत्र; पद का संकेत	N
flash	आकर्षक व्सतु	Adj
flash bulb	फ्लैश बल्ब	N
flash cube	फ्लैश बल्ब लगाने का तरीका	N
flash flood	अचानक आई बाढ़	N
flash gun	फ्लैश लगाने की जगह{कैमरेमें}	N
flash	चमकना; तीव्र गति से जाना; समाचार देना; दिखाना	V
flasher	जलती बुझती रोशनी	N
flash card	दिखाने वाले कार्ड	N
flashback	पिछली कहानी	N
flashing	अवरोध	N
flashlight	टार्च	N
flashpoint	उत्तेजना का समय	N
flashy	चित्तआकर्षक	Adj
flask	पतले मुंह की बोतल	N
hip flask	जेब में रखने की शराब की बोतल	N
vaccum flask	थरमस	N
flat	समतल; बिनाउतारचढ़ाववाला; मंद; एक समान; संगीत का एक नेट; पुराना हुआ पेय; पंक्चर हुआ; खराब होना; बिना घुमाव का होना	Adj
and that's flat	अन्तिम निर्णय	IDM
flat as a pancake	बिल्कुल समतल	IDM
in a flat spin	अत्यधिक परेशान होना	IDM
flatly	पूरी तरह से	Adv
flatness	समतलता	N
flat bottomed	समतल तले वाला	Adj
flat fish	एक तरह की मछली	N
flat footed	पैर में घुमाव न होना; फूहड़	Adj
flat racing	समतल जगह पर घुड़दौड़	N
flat	घर; समतल भाग; समुद्र किनारे का समतल भाग	N
flatlet	छोटा फ्लैट	N
flat	गिरा देना; सीधा रखना; बिनाउतारचढ़ावके; अनुमानित	Adv
fall flat	असफल होना	IDM
flat broke	कड़काहोना	Adj
flat out	शीघ्रता से; बहुत थका होना	IDM
flat car	रेल का खुला दिब्बा	N
flatmate	साथ रहने वाले	N
flatten	समतलहोना[करना]; पूरी तरह हरा देना	V
flatter	चापलूसीकरना; खुश होना; रौशनहोना[करना]	V
flatterer	चापलूस	N
flattering	चापलूसी करने वाला; प्रशंसा करने योग्य	Adj
flattery	चापलूसी	N
flatulent	पेट में गैस होना; बढ़ाचढ़ाकर बात करना	Adj
flatulence	पेट में गैस की तकलीफ	N
flaunt	दिखावा	V
flautist	बाँसुरी वादक	N
flavour	स्वाद; पुट	N
flavour of the month	आजकल के फैशन में	IDM
flavour	खास स्वाद बनाना	V
flavoured	स्वादिष्ट या सुगंधित किया हुआ	Adj
flavouring	स्वादिष्ट बनाने के लिये मिलाया गया पदार्थ	N
flavourless	बिना स्वाद का	Adj
flaw	दोष; त्रुटि; कमज़ोरी	N
flaw	दोषयुक्तहोना	V
flawless	निर्दोष	Adj
flax	एक छोटा पौधा; धागा{एक पौधे से बनाया गया}	N
flaxen	फीके पीले रंग का	Adj
flea	पिस्सू	N
with a flea in one's ear	गुस्सा प्रकट करना	IDM
flea bite	पिस्सू का काटना; छोटी कठिनाई	N
flea market	कबाड़ी बाज़ार	N
flea pit	फालतू सिनेमा[भवन]	N
fleck	चित्ती	N
fleck	धब्बेडालना	V
fledged	मज़बूत पंख सहित	Adj
fledgling	उड़ने को तैयार चिड़िया का बच्चा	N
fledgeling	उड़ने को तैयार चिड़िया का बच्चा; अनुभवहीन	N
flee	भाग जाना	V
fleece	जानवरों के शरीर की ऊन	N
fleece	धन हथियाना	V
fleecy	मुलायम	Adj
fleet	जहाजी बेड़ा; गाड़ियों का समूह	N
fleet admiral	फ्लीट एडमिरल{नौसेना का उच्च अधिकारी}	N
fleet	तेज़	Adj
fleeting	क्षणभंगुर	Adj
fleetingly	क्षणभरको	Adv
fleet street	फ्लीटस्ट्रीट{लंदन की एक सड़क का नाम}	N
flesh	माँस; गूदा	N
the flesh	शरीर	N
flesh and blood	शारीरिकभावनाएँ	IDM
go the way of all flesh	सांसारिक कामनाओं की इच्छा रखना	IDM
in the flesh	सशरीर	IDM
make one's flesh crawl/creep	घृणा करना	IDM
one's own flesh and blood	नज़दीकी रिश्तेदार	IDM
one's pound of flesh	स्थिति का लाभ उठाना	IDM
a thorn in one's flesh/side	कष्ट देने वाला	IDM
flesh	विस्तार में जाना	V
fleshly	ऐंद्रिक	Adj
fleshy	मांसल; गूदेदार	Adj
flesh wound	घाव	N
fleshpots	मनोरंजन के स्थान	N
fleur-de-lis	एक फूल और तीन पत्तियों का नमूना	N
flex	बिजली का तार	N
flex	झुकाना	V
flex one's muscles	शक्ति प्रदर्शन	IDM
flexible	लचीला; स्थिति के अनुरूप ढालना	Adj
flexibility	लचीलापन	N
flextime	निश्चित समय न होना	N
flibbertigibbet	बकवास करने वाला	N
flick	झटका; तेज़ी; सिनेमा की फिल्म	N
flick	झटके से मारना; झटका देना; हिलाना	V
flick something away	झटके से गायब करना	PhrV
flick something from	झटके से गायब करना	PhrV
flick something off	झटके से गायब करना	PhrV
flick through	कागज़पलटना	PhrV
flick knife	स्प्रिंग वाला चाकू	N
flicker	चमकना; आनाजाना	V
flicker out	बुझजाना	PhrV
flicker	आशा की किरण	N
flies	स्टेज के ऊपर की जगह	N
flight	उड़ान; हवाई यात्रा; सीढ़ियाँ; कल्पना की उड़ान	N
the first flight	अपने काम में श्रेष्ठ होना	IDM
flightless	उड़ने में असमर्थ	Adj
flight crew	विमान र्कमचारी	N
flight deck	विमान में चालक के बैठने का स्थान; जंगी जहाज़ पर विमान रखने का स्थान	N
flight lieutenant	वायुसेना का अधिकारी	N
flight path	उड़ान का मार्ग	N
flight recorder	फ्लाइटरिकॉर्डर{हवाई जहाज़ की उड़ान की जानकारी रखने वाला यंत्र}	N
flight sergeant	फ्लाइटसार्जैंट{इंगलैंड की वायुसेना में एक पदवी}	N
flight simulator	फ्लाइटसिमुलेटर{हवाई जहाज उड़ाना सीखने का यंत्र}	N
flight	पलायन	N
put someone to flight	किसी को भागने को मजबूर करना	IDM
take to flight	भाग जाना	IDM
flighty	चंचल व्यवहार	Adj
flimsy	पतला कपड़ा; कमज़ोर	Adj
flinch	कराहना; घबरा जाना	V
fling	फेंकना; धक्का देना; हिलाना; पटक देना; डालना	V
fling oneself at	पर थोपना	PhrV
fling oneself into	मेंरतहोना[करना]	IDM
fling on	शीघ्रता से कपड़े पहनना	PhrV
fling off	शीघ्रता से कपड़े उतारना	PhrV
fling	आनन्दित होना; प्रेम प्रसंग	N
flint	एक तरह का सख्त पत्थर	N
flinty	फ्लिंट पत्थर की तरह सख्त; क्रूर	Adj
flintlock	पुराने प्रकार की बन्दूक	N
flip	पलटना; उछालना; उत्तेजित होना	V
flip one's lid	क्रोधित होना	IDM
flip through	तालाश करना	PhrV
flip	झटका	N
flip	गम्भीर न होना	Adj
flip	फ्लिप{आर्श्चय या दुख का उद्गार}	Interj
flipping	नापसंदगी दिखाना	Adv
flipping	नापसंदगी दिखाना	Adj
flip chart	आँकड़ों का चार्ट	N
flip flop	एक तरह की चप्पल	N
flip side	दूसरा पहलू; दूसरी सतह	N
flippant	गम्भीर न होना	Adj
flippancy	हल्का स्वभाव	N
flippantly	बिना गम्भीरता के	Adv
flipper	हिलने वाला अंग; फ्लिपर{तैरने में सहायता का उपकरण}	N
flirt	छेड़ छाड़ करना; विचार करना; खतरा लेना	V
flirt	छेड़छाड़करना	N
flirtation	छेड़छाड़	N
flirtatious	छेड़छाड़करनेवाला	Adj
flit	इधर उधर उड़ना	V
flit	भाग जाना	N
float	बहना; तैरना; राय देना; ज़ारीकरना; मुद्रा का संतुलन रखना	V
float on air	अति उत्साहित होना	IDM
float about	अफवाह फैलाना	PhrV
float around	अफवाह फैलाना; अकारण समय बिताना	PhrV
floating around	इधरउधरघूमतेहुए	Adv
floating	अस्थिर	Adj
floating voter	वोट देने में अर्निणीत व्यक्ति	N
float	तैरने वाला पदार्थ; झाँकी; रेज़गारी	N
flock	जानवरों का समूह; आदमियों का समूह; र्चच के मेम्बर	N
flock	भीड़लगाना	V
flock	गद्दों मे भरने की मुलायम वस्तु	N
flog	कोड़ेमारना; बेचना	V
flog a dead horse	व्यर्थ का प्रयत्न करना	IDM
flog to death	बोर करना	IDM
flog oneself to death/ into the ground	स्वयं पर अत्याचार करना	IDM
flogging	मारना पीटना	N
flood	पानी भर जाना; बाढ़ आना; बहुतायत से; भर जाना; भर कर बहना	V
flood out	बाढ़ से प्रभावित	PhrV
flooding	बाढ़आना	N
flood	बाढ़	N
flood of tears	आँसुओं की बाढ़	N
floodgate	पानी का बहाव रोकने का दरवाज़ा	N
open the floodgates	भीड़ आने के दरवाज़े खोलना	IDM
flood-plain	बाढ़ से प्रभावित होने वाली ज़मीन	N
flood-tide	ऊंचा ज्वार	N
floodlight	तेज़ रोशनी वाली लाइट	N
floodlight	तेज़ रोशनी से प्रकाशित करना	V
floor	फर्श; तल; मंज़िल; खास कार्यस्थल; निम्न मूल्य	N
be/get in on the ground floor	निचले स्तर से काम शुरू करना	IDM
hold the floor	ज़िम्मेदारी लेना	IDM
take the floor	कार्य आरम्भ करना	IDM
flooring	फर्श	N
floor show	क्लब या होटल में प्रदर्शन	N
floor	हरादेना; गिरा देना; सतह लगाना	V
floorboard	फर्श बनाने का सामान	N
floozy	चरित्रहीन महिला	N
floozie	चरित्रहीन महिला	N
flop	फड़फड़ाना; थक कर बैठ जाना; असफल होना	V
flop back	गिरना	PhrV
flop	फड़फड़ानेकीआवाज़; पूर्णतः असफल	N
floppy	नरम	N
floopy diskette	फ्लौपी डिस्क	N
floppy disk	फ्लौपी डिस्क	N
flora	वनस्पति	N
floral	फूलोंसे; फूलों का	Adj
floret	गोभी के फूल का टुकड़ा	N
florid	दिखावटी; ललमुहाँ	Adj
florin	फ्लोरिन{इंगलैंड के सिक्के पाउंड के दसवें भाग के मूल्य का सिक्का}	N
florist	फूल बेचने वाला	N
floss	सिल्क का धागा; दाँत साफ करने का धागा	N
flotation	निकालना	N
flotila	नावों का समूह	N
flotsam	समुद्र में बिखरे जहाज़ के टुकड़े	N
flotsam and jetsam	निराश्रय और निर्धन लोग; व्यर्थ की वस्तुएँ	IDM
flounce	आवेशमेंचलदेना	V
flounce	झालर	N
flounced	झालर लगा हुआ	Adj
flounder	अटकना; घबड़ा जाना	V
flounder	एक तरह की छोटी समुद्री मछली	N
flour	आटा	N
flour	आटे में लपेटना	V
floury	आटे से सना हुआ; आटे की तरह	Adj
flourish	सफल होना; स्वस्थ होना; हिलाना या घुमाना	V
flourish	संकेत सहित; हाव भाव से	N
flout	अवहेलना	V
flow	बहना; सरकना; अनवरत प्रवाह; ढीले ढाले; बहुतायत से	V
flow in/into	ज़ाहिर होना	PhrV
flow from	सेउभरना	PhrV
flow out	बाहर निकलना	PhrV
flow	बहाव; धारा; धारा प्रवाह	N
the ebb and flow	समुद्र का ज्वार	IDM
flow chart	प्रक्रिया की जानकारी का चार्ट	N
flower	फूल; श्रेष्ठ भाग	N
in/into flowers	फूल खिले हुए हैं	IDM
flower	फूलों का खिलना; बढ़ना	V
flowered	पुष्पित	Adj
flowering	बढ़ना	Adj
flowery	फूलोंवाली; अलंकृत	Adj
flower bed	फूलोंकीक्यारी	N
flower chidren	शांति के प्रतीक में फूल ले जाने वाले	N
flower people	शांति के प्रतीक में फूल ले जाने वाले	N
flower power	शांति के प्रतीक में फूल ले जाने वालों के विचार	N
flowerpot	गमला	N
fl oz	आउन्स{तरल पर्दाथ नापने का एक माप}	Abbr:fluid ounces
flt lt	फ्लाइट लैफ्टिनेंट	Abbr:Flight lieutenant
flu	फ्लू{बीमारी}	N
fluctuate	घटना बढ़ना	V
fluctuation	अस्थिरता	N
flue	धुँए का निकास मार्ग	N
fluent	धराप्रवाह; सहज	Adj
fluency	सहजता	N
fluently	बिना रुकावट के	Adv
fluff	रोआँ; जानवरों के मुलायम रोऐं	N
fluff up	फुलाना	PhrV
fluff out	फुलाना; खराबढंगसेकरना	PhrV
fluffy	रोंयेंदार; मुलायम	Adj
fluid	द्रव पदार्थ	N
fluid	तरल; लचीला	Adj
fluidity	लचीलापन	N
fluid ounce	द्रव पदार्थ नापने का मापदंड	N
fluke	तुक्केसे; अकस्मात	N
flummox	घबराना	V
flunk	असफल होना	V
flunk out	निकाल देना	IDM
flunkey	वर्दीधारी नौकर; सेवक	N
flouroscent	अंधेरे में चमकने वाला पदार्थ	Adj
flouroscence	चमक	N
fluoride	फलोरीन गैस का एक मिश्र	N
flouridation	पानी में फ्लोराइड मिलाना	N
flourine	एक घातक गैस	N
flurry	अचानक होना; हड़बड़ाहट	N
flush	लालिमा; प्रफुल्लता; पानी बहाना; नया विकास	N
in the first flush	पूरी जवानी में होना	IDM
flush	कपोल पर आयी लाली; पानी से बहाना	V
flush out	बाहर निकालना	PhrV
flushed	परिपूर्ण	Adj
flush	समतल; बहुतायत	Adj
flush	ताश का एक खेल	N
fluster	घबड़ाना	V
fluster	घबड़ाहट	N
flute	बाँसुरी	N
flutist	बाँसुरी वादक	N
fluted	स्तम्भ आदि पर की गयी कारीगरी	Adj
fluting	बारीक कारीगरी	N
flutter	फड़फड़ाना; हवा में हिलना; हिलाना; तेज़ रफ्तार से धड़कना	V
flutter	उत्तेजना; कम्पन; बाज़ी लगाना	N
fluvial	नदी सम्बंधी	Adj
flux	बदलाव; प्रवाह	N
fly	उड़ना; उड़ाना; फहराना; तेज़ रफ्तार से जाना; भागना	V
as the crow flies	सीधे लक्ष्य में	IDM
the bird has flown	भाग जाना	IDM
fly high	सफल होना	IDM
fly in the face of	अस्वीकार होना	IDM
fly into a passion	अचानक क्रोध करना	IDM
fly into a temper	अचानक क्रोध करना	IDM
fly into a rage	अचानक क्रोध करना	IDM
fly a kite	दूसरों की प्रतिक्रिया जानने के लिये किया काम	IDM
go fly a kite	किसी को भगा देना	IDM
fly/go off at a tangent	?	IDM
fly off the handle	क्रोध करना	IDM
fly/go out of the window	?	IDM
keep the flag flying	मान बनाए रखो	IDM
let fly	आक्रमण करना	IDM
pigs might fly	असम्भव हो जाना	IDM
fly at	आक्रामक होना	PhrV
fly away	बिखरना	Adj
fly by	हवाई जहाज़ों द्वारा दी गयी सलामी	PhrV
fly past	हवाई जहाज़ों द्वारा दी गयी सलामी	PhrV
fly by night	अविश्वसनीय लोग	IDM
fly	मक्खी; बंसी में लगाने का चारा	N
drop like flies	मृत्यु होना	IDM
fall like flies	मृत्यु होना	IDM
die like flies	मृत्यु होना	IDM
a/the fly in the ointment	काम बिगाड़ने वाला	IDM
a fly on the wall	बिना महत्व का व्यक्ति	IDM
there are no flies on	चतुर व्यक्ति	IDM
not harm/hurt a fly	दूसरों को दुखः न देने वाला व्यक्ति	IDM
fly-blown	खराब हालत में	Adj
fly-fishing	नकली चारे से मछली पकड़ना	N
fly-paper	मक्खी पकड़ने का लेसयुक्त कागज़	N
fly	पैंट में ज़िप लगाने की जगह; तम्बू का दरवाज़ा	N
flyer	हवाई जहाज़ का चालक; हवाई यात्री; उड़ाने वाला; उड़ने वाला; तेज़ रफ्तार से चलने वाला; विज्ञापन हेतु पुस्तिका	N
high flyer	ऊंचे समाज में रहने वाला	N
flying	उड़ने वाला	Adj
get off to a flying start	आरम्भ से काम अच्छी तरह होना	IDM
with flying colours	पूर्ण सफलता	IDM
flying	हवाई यात्रा	N
flying buttress	अर्ध गुम्बज	N
flying doctor	डाक्टर{जो हवाई जहाज़ से दूर के बीमार देखने जाता है}	N
flying fish	उड़नेवालीमछली{एक तरह की मछली जो पानी की सतह के ऊपर उड़ सकती है}	N
flying jump	दौड़ कर ली कुदान	N
flying officer	इंगलैंड की वायुसेना का एक अधिकारी	N
flying picket	स्ट्राइक करने को तैयार कामगर	N
flying saucer	उड़न तश्तरी	N
flying sqad	पुलिस का एक दस्ता	N
flying visit	कम समय की भेंट	N
flyleaf	किताब की जिल्द का पहला पन्ना	N
flyover	सड़क के ऊपर पुल	N
flysheet	तम्बू का बाहरी कवर	N
flyweight	कुश्ती[मुक्केबाज़ी] का एक वर्ग	N
flywheel	मशीन में लगा लोहे का भारी चक्र	N
fm	रेडियो प्रसारण का एक तरीका	Abbr:frequency modulation
fo	विदेश विभाग	Abbr:Foreign Office
foal	घोड़े का छोटा बच्चा	N
in foal	घोड़ी का गाभिन होना	IDM
foal	घोड़ी का बच्चा पैदा होना	V
foam	झाग; फोम	N
foam	झाग निकलना	V
foamy	झाग सहित	Adj
fob	छोटी चेन	N
fob off	मना करना	PhrV
fob off on/onto	बेवकूफ बनाना	PhrV
focal	फोकस में होना	Adj
focal distance	लैंस से उसके फोकस की दूरी	N
focal length	लैंस से उसके फोकस की दूरी	N
focal point	मुख्य आकर्षण का केंद्र	N
focus	केंद्र बिंदु	N
focus	केंद्रित होना; साफ दिखाई देना; केन्द्रित करना	V
focussed	साफ दिखना	Adj
fodder	पशुओं का चारा; समाचार	N
foe	दुश्मन	N
foetus	भ्रूण	N
foetal	गोल होकर लेटना	Adj
fog	कोहरा	N
in a fog	भ्रम में रहना	IDM
fog	कोहरे से घिरना; भ्रम पैदा होना	V
foggy	धुँधला; भ्रमपूर्ण	Adj
not have the faintest/foggiest idea	मालूम न होना	IDM
fog-bound	कोहरे द्वारा हुई परेशानी	Adj
fog lamp/light	कोहरे में इस्तेमाल करने के लिये तेज़ रोशनी	N
fog horn	कोहरे की सूचना देने का सायरन	N
fogy	पुराने विचार का व्यक्ति	N
foible	छोटी चारित्रिक दुर्बलतायें	N
foil	धातु का महीन पत्तर; परिपूरक	N
foil	रोड़े अटकाना	V
foil	पतली तलवार	N
foist	बेवकूफ बनाना	V
foist on/upon	पर थोपना	IDM
fold	तहकरना; बंद करना; समाप्त होना	V
fold one's arms	हाथों को छाती पर बाँधना	IDM
fold in one's arms	अपने पास करना	IDM
fold one's hands	हाथ जोड़ना	IDM
fold into	फेंटना	PhrV
fold in	फेंटना	PhrV
fold	चुन्नट; मोड़ने का निशान; चट्टान में मोड़	N
fold	भेडों को रखने का बाड़ा; समुदाय	N
fold	गुना	Suffix
foldaway	जो मोड़ा जा सके	Adj
folder	फाईल	N
foilage	पत्तियाँ	N
folio	एक बार मोड़ा हुआ कागज़	N
folk	लोग; जनता; लोक परम्परानुसार	N
folk	लोक	Adj
folk dance	लोक नृत्य	N
folklore	पौराणिक कथा	N
folklorist	लोक कथाओं का अध्धयन करने वाला	N
folk memory	पुरानी यादें	N
folk singer	लोक गायक	N
folk song	लोक गीत	N
folk tale	लोक कथा	N
folksy	मित्रतापूर्ण; परम्परागत	Adj
follicle	रोम छिद्र	N
follow	अनुसरण करना; अनुकरण करना; पीछेजाना; पीछा करना; आज्ञा मानना; अनुगमन करना; समझना; ध्यान से सुनना; वर्णन करना; घटित होना	V
as follows	निम्नलिखित	IDM
follow the crowd	सबके साथ होना	IDM
follow in sbs footsteps	पदचिह्नों पर चलना	IDM
follow one's nose	सीधे चलना; अपनी सहज प्रेरणा से	IDM
follow suit	वही करना	IDM
to follow	इसके बाद में	PhrV
follow through	अंत तक	PhrV
follow up	जानकारी लेना	PhrV
follower	अनुयायी; आगेदियाहुआ	N
following	शिष्य-समुदाय	N
following	होनेपर	Prep
folly	मूर्खता	N
foment	उकसाना	V
fond	प्रिय	Adj
fondly	प्रेमपूर्वक; भोलेपनसे	Adv
fondness	स्नेह	N
fondle	पुचकारना	VT
font	जलकुण्ड	N
fondue	बर्तन{जिसमेंचीज़यातेलपकायाजाताहैऔरउसमेंब्रेडकेटुकड़ेडुबोडुबोकरखाएजातेहैं}	N
food	आहार	N
food-chain	जीवोंकाक्रमजिसमेंएकदूसरेकोखाताहै	N
food poisoning	खराबखानाखानेसेहुईबीमारी	N
food processor	साग-सब्जीकाटनेकीमशीन	N
food stamp	राशनकार्ड	N
food stuff	भोजन-सामग्री	N
fool	मूर्ख	N
fool	मूर्खबनाना	VT
foolhardy	दुःसाहसी	Adj
foolish	मूर्ख	Adj
foolishly	मूर्खतासे	Adv
foolishness	मूर्खता	N
foolproof	पक्काऔरआसान	Adj
foolscap	कागज़काएकनाप{लगभग 300*200 or 400mm}	N
foot	पाँव; फुट{नाप}; पाद; चरण{कवितामें}; आधार	N
footer	लंबाईचौड़ाई	N
footage	फुटमान	N
football	फुटबॉल	N
footballer	फुटबालकाखिलाड़ी	N
footballing	फुटबालका	Adj
football pool	फुटबालखेलसम्बन्धीजुआ	N
footbridge	पुल{केवलपदयात्रियोंकेलिये}	N
footfall	चलनेकीआवाज़	N
foothill	छोटापर्वतजोबड़ेपर्वतकेआधारमेंहो	N
foothold	सुरक्षितस्थान; पैरटिकानेकास्थान	N
footing	आधार; संतुलन; पदवी	N
footloose	कहींभीजानेकोआज़ाद	Adj
footman	वर्दीधारीसेवक	N
footnote	पादटिप्पणी	N
footprint	पैरकाचिह्न	N
footpath	पैदलपथ	N
footsie	किसीकेपैरकोअपनेपैरोंसेस्पर्शकरना	N
footsore	पैरोंकेछाले	N
footstep	क़दम	N
footstool	पैररखनेकेलिएछोटास्टूल	N
footwear	जूते; चप्पल	N
for	केलिये; कीओरसे; केहिसाबसे; तक	Prep
for	क्योंकि	Conj
forage	चारा	N
forage	खोज में घूमना	V
foragecap	सैनिकोंकीटोपीजोवर्दीकेसाथनहींपहनीजाती	N
foray	छापामारना; सशक्तप्रयास	N
forbear	बाज़आना	V
forbearance	धैर्य	N
forbearing	धैर्यरखनेवाला	Adj
forbid	मनाकरना	VT
forbidding	अप्रीतिकर	Adj
forbiddingly	घृणासे	Adv
force	बल; बलप्रयोग; सेना; बड़ीसंख्या; लागूहोना	N
force	मजबूरकरना; जबरदस्तीउत्पन्नकरना; बलपूर्वकघुसना; निकलना	V
forced	बलकृत; अनिवार्य; कृत्रिम	Adj
forced labour	बेगार	N
forced landing	विवशयामजबूरनअवतरण	N
force-feed	जबरदस्तीखिलाना	V
force majeure	नकरनेकाबहाना	N
forced march	सेनाकीटुकड़ीकोजबरनचलवाना	N
forcemeat	अच्छीतरहकाटाहुआगोश्त	N
forceful	जोरदार; ओजस्वी; प्रभावशाली	Adj
forcefully	ज़ोरदारतरीकेसे	Adv
forcefulness	प्रबलता	N
forceps	चिमटा; यन्त्र{शल्यचिकत्सामेंप्रयोगहोनेवाला}	N
forcible	बलसम्पादित	Adj
forcibly	बलपूर्वक	Adv
ford	उथलीजगह{नदीकेपास}	N
ford	पार करना	VT
fore	आगेका	Adj
fore	आगे; सामने	Adv
forearm	हाथ{कोहनीतक}	N
forearm	तैयारी करना	V
foreboding	पूर्वाभास	N
forebear	पूर्वज	N
forecast	पूर्वानुमानलगाना	V
forecast	पूर्वानुमान	N
forecaster	पूर्वानुमानकरनेवाला	N
foreclose	रोकना{ऋण}	V
foreclosure	कब्जाकरलेना{ऋणउगाहीनहोनेपर}	N
forecourt	खुला मैदान	N
foredoomed	असफलताकापूर्वाभास	Adj
forefather	पूर्वज	N
forefinger	तर्जनी	N
forefoot	अगला पैर	N
forefront	सबसेआगे	N
foregoing	पूर्ववर्ती	Adj
foregone	पूर्वनिश्चित	Adj
forehand	टेनिसकीचालल	N
foreign	विदेशी	Adj
foreigner	विदेशी	N
foreign exchange	विदेशीमुद्रा	N
foreign secretary	विदेशीसचिव	N
fore knowldge	पूर्वज्ञान	N
fore leg	आगलेपाँव{चौपायोंके}	N
fore lock	अलक{माथेपरगिरनेवाली}	N
foreman	फोरमैन	N
foremost	सर्वप्रथम; प्रधान	Adj
foremost	सर्वाधिक	Adv
forename	पूर्वनाम	N
forensic	वैज्ञानिकजाँच{कानूनकीमददकेलियेकिये}	Adj
foreplay	पूर्वलैंगिकगतिविधियाँ	N
forerunner	अग्रदूत	N
foreseeable	पूर्वाभासकेयोग्य	Adj
foresee	पूर्वानुमानलगाना	VT
foreshadow	पूर्वाभास देना	V
foreshorten	दूरीकाआभासदेना{चित्रकारीमेंछोटीरेखाओंद्वारा}	V
foresight	अग्रदृष्टि	N
fore shore	तटाग्र	N
fore skin	ऊपरीचमड़ी	N
forest	जंगल	N
forestall	पहलेसेनिवारणकरना	VT
forester	वनरक्षक	N
forestry	वननिर्माण	N
foretell	पहलेसेबताना	VT
forever	सदैव	Adv
forewarn	खबरदारकरना	VT
foreword	प्राक्कथन	N
forfeit	जुर्माना	N
forfeit	खोबैठना	VT
forfeiture	दण्ड	N
forge	भट्टी	N
forge	तपाकर गढ़ना; बनाना; जालसाज़ीकरना	VT
forgery	जालसाज़ी	N
forger	जालसाज	N
forget	भूलजाना	V
forgetful	भुलक्कड़	Adj
forgetfulness	भुलक्कड़पन	N
forgetfully	भुलक्कड़पनसे	Adv
forgettable	भूलनेयोग्य	Adj
forget-me-not	एकप्रकारकापौधाजिसकेफूलछोटेऔरनीलेहोतेहैं	N
forgive	क्षमाकरना	VT
forgiveness	क्षमा	N
forgiving	क्षमाशील	Adj
forgivable	क्षम्य	Adj
fork	खानेकाकाँटा	N
fork	विभाजितहोना; काँटेसेनिकालना; खोदनाआदि	VI
forked	काँटेजैसा	Adj
forlorn	लाचार; ऐसीआशाजोपूरीनहोसके; अकेला	Adj
forlornly	लाचारीसे	Adv
form	आकृति; शब्दरूप; प्रारूप; छपाहुआफार्म; अवस्था; कार्यविधि; प्रकार	N
form	बनाना	V
former	पुराना; पूर्व; दोमेंसेपहला	Adj
formerly	बीतेहुएसमयमें	Adv
formless	बिनाआकृतिवाला	Adj
formal	औपचारिक	Adj
formally	औपचारिकरूपसे	Adv
formaldehyde	एकप्रकारकीगैस	N
formalism	रीतिवाद	N
formality	औपचारिकता	N
formalize	निश्चितरूपदेना; निश्चितता	V
format	रूपाकार	N
formation	बनावट	N
formative	विकासकालीन	Adj
former	भूतपूर्व; पहला{दोमेंसे}	Adj
formidable	दुर्जेय	Adj
formula	सूत्र; नुस्खा	N
formulate	सूत्ररूपमेंबनाना	VT
forsake	त्यागदेना	VT
forswear	शपथखाकरछोड़ना	VT
fort	किला	N
forte	कोईचीज़जिसमेंव्यक्तिनिपुणहो	N
forte	ज़ोरसे	Adv
forth	आगे	Adv
forthcoming	आगामी	Adj
forthwith	तुरन्त	Adv
forthright	स्पष्टवादी	Adj
fortify	किलेबन्दीकरना	V
fortification	किलेबन्दी	N
fortissimo	ज़ोरसे	Adv
fortitude	धैर्य	N
fortnight	दोसप्ताह	N
fortnightly	पाक्षिक	Adj
fortran	कम्प्यूटरनिर्देशकीभाषा	N
fortress	किला	N
fortuitous	आकस्मिक	Adj
fortunate	भाग्यशाली	Adj
fortunately	भाग्यसे	Adv
fortune	सौभाग्य	N
fortune teller	?	N
forty	चालीस	N
forty winks	{अनौपचारिक}झपकी	N
forties	पाँचवादशक	N
fortieth	चालीसवाँ	N
forum	सभास्थल; न्यायालय	N
forward	अगला	Adj
forward	आगेकीओर	Adv
forward	बढ़ाना	V
forwardness	आत्मविश्वास	N
forward-looking	आधुनिकविचारोंका	Adj
fossil fuel	जीवावशेषसेबनातेलकोयलाआदि	N
fossil	जीवावशेष	N
fossilize	जीवावशेषबनना; ज्योंकात्योंरखना	V
fossilization	जीवावशेषन	N
foster	पालना	VT
foul	दूषितकरना; उलझजाना	V
foul	बदबूदार; अभद्र; नियमविरुद्ध	Adj
foul play	नियमविरुद्धखेल	N
foulness	नियमविरुद्धता	N
foully	अनुचिततासे	Adv
found	स्थापनाकरना	VT
founding father	जन्मदाता	N
foundation	आधार; स्थापना; संस्था	N
foundation stone	आधारशिला	N
founder	संस्थापक	N
founder member	संस्थापकसदस्य	N
founder	असफलहोजाना	V
foundling	परित्यक्तबालक	N
foundry	भट्टी{ऊँचेतापवाली}	N
fount	स्रोत	N
fountain	फव्वारा	N
four	चार	N/Det
fourth	चौथा	Det
four poster	चारबल्लमवालापलंग	N
four wheel drive	चौपहियासवारी	N
fourfold	चौगुना	Adj
foursome	चारव्यक्तियोंकाझुंड	N
fourteen	चौदह	N/Det
fourteenth	चौदहवाँ	N/Det
fowl	[पालतू]चिड़िया	N
fox	लोमड़ी; कपटीव्यक्ति	N
fox	पशोपेशमेंडालना	V
foxy	चालाक	Adj
foxglove	फूलोंवालापौधा	N
fox hole	खाई{युद्धकेसमयछिपनेकेलियेखोदी}	N
fox hound	शिकारीकुत्ते{लोमड़ीपकड़नेकेलिये}	N
fox trot	नृत्य{पाश्चात्य}	N
foyer	बराम्दा{सिनेमाघरइत्यादिमेंघुसतेही}	N
fracas	दंगाफसाद	N
fraction	थोड़ासा; खंड	N
fractional	थोड़ासा	Adj
fractionally	थोड़ासा	Adv
fractious	चिड़चिड़ा	Adj
fracture	टूटना; भंजन	N
fracture	टूटजाना	VI
fracture	तोड़लेना[देना]	VT
fragile	भंगुर; नाज़ुक	Adj
fragility	नाज़ुकपन	N
fragment	टुकड़ा	N
fragment	तोड़ना	V
fragmentary	छोटेछोटे{टुकड़ोंमें}	Adj
fragmentation	विखंडन	N
fragrance	सुगन्ध; खुशबू	N
fragrant	सुगन्धित	Adj
fragrantly	सुगन्धसे	Adv
frail	कमज़ोर	Adj
frailty	कमज़ोरी	N
frame	चौखट; ढाँचा; फ्रेम{चश्मेका}; दायरा	N
frame	चौखट	N
frame	चारोंओरहोना; शब्दोंमेंबाँधना; झूठेआरोपलगाना	V
frame-up	झूठेआरोप	N
frame-work	ढ़ाँचा; रूपरेखा	N
franc	फ्रैंक{फ्रांस; बेल्जियम; स्विट्जरलैंडकाएकसिक्का}	N
franchise	मतदानकाअधिकार; विशेषविक्रयअधिकार; सरकारसेकिसीविशेषकीआज्ञा; एकसेवा; व्यापार	N
franchise	विशेषआज्ञालीहुईवस्तुबेचना	V
franco-	फ्रांसदेशसेजुड़ाहुआ; जोफ्रांससभ्यतापसंदकरताहो	Pref
francophone	फ्रैंचभाषाबोलनेवाला	Adj
frank	स्पष्टवादी; सरल	Adj
frankly	निष्कपटतासे	Adv
frankness	स्पष्टवादिता	N
frank	टिकटलगा{पत्रआदिपरटिकटछापनाकिभुगतानकरदियागया}	V
frankfuter	फ्रैंकफुर्टर; धुएँमेंपकायाहुआसौसेज	N
frankincense	गूगुल; चिपचिपापदार्थजोपूजामेंप्रयोगहोताहै	N
frantic	उन्मत्त; उत्तेजित	Adj
frantically	पागलपनसे	Adv
fraternal	भाईकेसमान	Adj
fraternity	बन्धुत्व; भाईचारा	N
fraternize	भ्रातृभावउत्पन्नकरनेवाला	V
fratricide	स्वजनोंकीहत्या	N
fraticidal	स्वजनोंसेकलहकरनेवाला	Adj
fraud	छल; कपट; धोखा	N
fraudster	छलकाप्रयासकरनेवाला	N
fraudulent	धोखेबाज	Adj
fraught	परिपूर्ण	Adj
fray	प्रतिस्पर्धा	N
fray	थकना	VT
frazzled	थकाहुआ	Adj
freak	अजीब	N
freakish	विषम; अजनबी	Adj
freak	अत्यधिकप्रतिक्रिया	V
freckle	चित्ती	N
freckled	चित्तेपड़ेहुए	Adj
free	स्वतंत्र; आज़ाद; ढ़ीला; मुक्तकरना; बिनामूल्यके; खाली; स्वेच्छासेदेनेकोतत्पर; सबकेसाथसीमासेअधिकखुलजाना	Adj
free	मुफ्त; बिनामूल्यके	Adv
freely	बिनारोक-टोकके; किसीकेदवाबकेबिना; मुक्तबातचीत; इच्छासे	Adv
free agent	स्वतंत्रकार्यकरनेवाला	N
free-church	स्थापितचर्चकेनियमनमाननेवालाचर्च	N
free enterprise	फ्रीऐंटरप्राइज़{एकआर्थिकव्यवस्थाजोसरकारकेहस्तक्षेपकेबिनाकार्यरतहो}	N
free fall	नीचेगिरना	N
free floating	चालू होना	Adj
free for all	तर्क; लड़ाईजिसमेंउपस्थितसभीलोगभागलेतेहैं	N
free house	एकपब	N
free kick	प्रतिद्वन्द्वीटीमसेसजाकेतौरपरमिलादंड	N
free love	बिनाविवाहकेसम्बंधरखना	N
free market	मुक्तबाजार{एकआर्थिकव्यवस्थाजिसमेंमाँगवपूर्तिकेअनुसारकीमतेंघटती; बढ़तीरहतीहैं}	N
free port	ऐसाबन्दरगाहजहाँआएअस्थाईसामानोंपरचुंगीनहींलगती	N
free range	मुर्गियोंवअंडोंकोप्राकृतिकस्थानमेंरखना	Adj
free standing	नजुड़ीहुई	Adj
free trade	अबाध; मुक्तव्यापार	N
free verse	अतुकान्त; मुक्तकविता	N
free vote	संसदमेंमतजिसमेंकिसीभीदलकेनियमोंकोनमानना	N
free wheel	मुक्तरूफसेचलाना	V
free will	स्वेच्छा; स्वतंत्रसंकल्प	N
free	निकालना; मुक्तकरना; किसीविशेषकारणकेलिएअनुमतिदेना; स्वतंत्रतादेना	V
freebie	मुफ्तउपहार	N
freedom	स्वतंत्रता; छूट; ऐसीस्थितिजिसपरकिसीकाअसरनपड़े	N
freedom fighter	स्वतंत्रतासेनानी	N
free fone	मुफ्तफोन{ब्रिटेनमेंफोनकरनेकीएकव्यवस्थाजिसमेंपैसानहींचुकायाजाता}	N
free hand	{चित्रकारी}मुक्तहस्त	Adj
free hold	निष्करसम्पत्ति	Adj
free hold	पूर्णस्वामित्व	N
free holder	उन्मुक्तभूम्याधिकारी	N
free lance	स्वतंत्र	Adj
free loader	ऐसाव्यक्तिजोबिनाकुछदियेभोजनऔरआवासकालाभले	N
freeman-(pl.freemen)	स्वाधीननागरिककाअधिकारबतौरइज्जतकिसीकोदेना	N
free mason	अन्तर्राष्टीयगोपनीयसंस्थाकासदस्यजोअन्य‘सदस्योंकेसाथमित्रतारखे	N
free masonry	अन्तर्राष्टीयगोपनीयसंस्थाकीकार्यप्रणालीऔरअधिकार	N
free post	फ्रीपोस्ट{ब्रिटेनमेंडाकभेजनेकीएकव्यवस्थाजिसमेंपत्रकामूल्यप्राप्तकरनेवालीसंस्थादेतीहै}	N
freesia	सफेद; गुलाबी; पीले रंग के फूलों व अच्छी महक वाला पौधा	N
free style	तैराकीकीकोईभीविधिअपनाना; जिनमेंनियमऔरप्रतिबन्धकमहोतेहैं	N
free thinker	स्वतंत्र विचारक	N
free thinking	स्वतंत्रविचारोंवालालेखकयाकलाकार	Adj
freeze	जमादेना	VT
freezer	फ़्रीज़र	N
freight	जहाजयारेलगाड़ीपरलदाहुआमाल	N
freight	माललेजाना	V
frenzy	पागलपन	N
frequent	अक्सर	Adj
frequent	बारबारजाना	VT
frequently	बहुधा	Adv
fresco	भित्तिचित्र	N
fresh	ताजा	Adj
freshen	ताजाहोना; मदिराकोपतलाकरना	VT
freshness	ताजगी	N
freshener	ताजगी	N
freshman	उच्चस्तरीयविद्यालयकेप्रथमवर्षीयछात्र	N
freshwater	मीठास्वादिष्टजल	Adj
fret	कुछतारदारवाद्ययन्त्रोंकीखूटियाँ	N
fret	चिन्ताप्रकटकरना	VT
fret	व्यथितहोना	N
fretful	चिडचिडा	Adj
fretsaw	आरी	N
fretted	तराशाहुआ	Adj
fretwork	नक्काशी	N
freudian	फ्राइडका[सिद्धान्त]	Adj
freudian slip	निजभावोंकीअकस्मात्टीका	N
friable	सरलतासेचूचूरहोनेवाला	Adj
friar	ईसाइयोंकीविशिष्टधार्मिकशाखाकासदस्य	N
fricassee	फ्रिकास{सफेदचटनीकेसाथपरोसाहुआमाँसकेटुकडेकापकवान}.	N
fricative	संघर्षीध्वनि{ध्वनिविज्ञान}	N
friction	रगड़; संघर्ष	N
friday	शुक्रवार	N
fridge	फ्रिज	N
friend	मित्र	N
friendliness	मित्रता	N
friendly match	मैत्रीमैच	N
friendly society	सहायताकरनेवालासंघ	N
friendly	स्नेहशील	Adj
friendship	मैत्री	N
friesian	गाय{अधिकदूधदेनेवालीकालीऔर सफेदगाय}	N
frieze	चित्र{दिवारकेबॉर्डरपर}	N
frigate	लड़ाईकाजहाज	N
frigging	परेशानकरनेवाला	Adj
fright	भय.; भद्दादिखनेवालाव्यक्ति[वस्तु]	N
frighten	डराना	VT
frightened	भयभीत	Adj
frightful	खराब{अनौपचारिक}; भयानक	Adj
frightfully	अत्यन्त	Adv
frigid	संभोगसेविरक्त; भावरहित; अतिशीतल	Adj
frill	झालर	N
frilled	झालरलगाहुआ	Adj
fringe	बालोंकीलट; फुंदना; किनारा	N
fringe benefit	मुफ्तसुविधा{कर्मचारीकोमिलनेवाली}	N
frippery	आडम्बर	N
frisbee	फ़्रिज़बी{प्लास्टिककाचक्रजोफेंककरखेलाजाताहै}	N
frisk	तलाशीकरना{किसीव्यक्तिकेकपडोंपरहाथफेरकर}; उछलना-कूदना[पशुओंका]	VI
frisky	शक्तियुक्त	Adj
frisson	भयवउत्तेजनाकाआकस्मिकभाव	N
fritter	गँवाना	VT
fritter	लपसी	N
frivolous	गंभीरतासेविचारनकरनेवाला	Adj
frivolity	चपलता	N
frizz	घुँघरालेबनाना	V
frizz	?	N
fro	से	Adv
frock	फ्रॉक; अंगरखा	N
frog	मेढक	N
frogman	गोताखोर	N
frogmarch	हाथपीछकरकेज़बर्दस्तीचलवाना	N
frolic	आनन्ददायक	N
frolic	आमोदप्रमोदकरना	VI
from	से; केयहाँसे	Prep
fromage frais	पनीर	N
frond	लम्बापड़ापत्ता	N
front	आगे	N
front	सामनाकरना	VTI
front man	किसीसंघकानेता	N
front runner	सबसेआगेदौडनेवाला	N
frontage	भवनकाअग्रभाग	N
frontal	सामनेका; ललाटका; तापमानसेसम्बन्धित	Adj
frontier	सीमान्त	N
frontiersman	सीमापररहनेवाला	N
frontispiece	मुखपृष्ठकापिछलाहिस्सा{जिसपरकोईचित्रबनाहोताहैतथाजिसकेसामनेवालेपृष्ठपरशीर्षकहोताहै}	N
frost	पाला	N
frost	पालेसेढकजाना; केककोचीनीकेबुरादेसेसजाना	V
frostbite	अधिकठंडसेसुन्नहोना	N
frosty	बहुतठण्डा; रूखा	Adj
froth	फेन; महत्वहीनयोजना	N
frown	त्यौरी	N
frown	त्यौरीचढाना	VI
frozen	जमीहुई	Adj
fructose	प्राकृतिकचीनी{शहदयाफलोंकेरसमेंपाईजानेवाली}	N
frugal	मितव्ययी	Adj
frugality	मितव्ययिता	N
fruit	फल; बीज; लाभ; परिणाम	N
fruit	फलना	V
fruit cake	फलसेबनाकेक	N
fruit fly	फलमक्षिका	N
fruit machine	जुआखेलनेकामशीन{जिसमेंसिक्काडालनेपरफलआदिचित्र आनेपरपैसादेताहै}	N
fruit salad	फलोंकामिश्रण	N
fruiterer	फलविक्रेता	N
fruitful	फलद; फलयुक्त	Adj
fruition	उपयोग	N
fruitless	फलहीन	Adj
fruitlessly	निरर्थकतासे	Adv
fruity	फलका; गम्भीर[स्वर]का; असभ्य	Adj
fruitiness	फलकागुण[शराबमें]	N
frump	पुरानेढंगकेकपडेपहननेवालीस्त्री	N
frustrate	निराशकरना	VT
frustration	निराशा	N
frustrating	निराशयुक्त	Adj
frustratingly	निराशासे	Adv
fry	तलना	VT
fry	मछलीकेबहुतछोटेछोटेबच्चे	N
frying-pan	फ्राइंगपैन; उथलीकडाही	N
fry-up	सूअरकेगोश्ततथाअंडेकातलाहुआभोजन	N
fryer	गहरीकडाही; तलनेयोग्यमुर्गीकाबच्चा	N
fuchsia	फूखिया{छोटीझाडीजिसमेंलटकनेवालालालवसफेदफूलहो}	N
fuck	मैथुनकरना	V
fuddled	बहुतशराबपियाहुआ	Adj
fuddy-duddy	दकियानूसी; पुरानेरीति-रिवाजमाननेवालाव्यक्ति	N
fudge	फज{एकप्रकारकीमिठाई}	N
fudge	असंगतबातकरना	V
fuel	ईंधन	N
fuel	ईंधनडालना	V
fugitive	भगोड़ा	Adj
fugitive	शरणार्थी	N
fugue	संगीतरचना{जिसमेंएकयाएकसेअधिकविषयोंकोजटिलनमूनेमेंदोहरायाहो}	N
fulcrum	आधार{उत्तोलनदण्डका}; प्रमुखबिन्दु	N
fulfill	पूराकरना; अपेक्षाएँपूरीकरना	V
fulfilling	संतुष्ट	Adj
fulfilment	पूर्णता	N
full	भराहुआ; पूर्ण; भरपेट; पूरा	Adj
fully	पूर्णरूपसे	Adv
fullness	पूर्णता	N
full-fledged	पूर्ण	Adj
full-stop	पूर्णविराम	N
full-throated	उच्चकण्ठस्वर	Adj
fuller's earth	एकप्रकारकीमिट्टी{जोनएबुनेहुएकपडेकोमोटाऔषसाफकरनेकेकामआतीहै}	N
fulminate	भर्त्सना	V
fulsome	अतिशयोक्तिपूर्ण	Adj
fumble	टटोलना{बेढंगेतरीकेसे}; हाथसेइधरउधरपलटना	VI
fumble	फूहडपन	N
fumbling	अनिश्चित	Adj
fume	तेजगन्धसेयुक्तधुआँ	N
fume	क्रोधकरना; धुआँलगायीहुई	VI
fumigate	धुआँदेना	V
fun	मज़ा	N
function	प्रकार्य; सामाजिकसम्मेलन	N
functionary	सार्वजनिकअधिकारी	N
fund	पूँजी	N
fund	पूँजीलगाना	V
fundamental	मूलभूत	Adj
fundamental	मूलसिद्धान्त	N
fundamentally	मूलसिद्धान्तसे	Adv
fundamentalism	किसीमतकादृढपालनकरना	N
funerary	क्रियाकर्मसम्बन्धी	Adj
funeral	क्रियाकर्म	N
fungicide	फंगसमारनेवालापदार्थ	N
fungus	कुकुरमुत्ता	N
fungal	कुकुरमुत्ताका	Adj
funicular	बिजलीकेतारोंपरचलनेवालीरेल	N
funk	नृत्य{आधुनिकतालवलयकानृत्य}; भय	N
funky	तीव्रतालऔरलयवाला; फैशनकेअनुसार	Adj
funnel	फनल; धुआँनिकलनेकाछिद्र	N
funnel	फनलद्वारानिकालना	V
funny	हास्यास्पद; अस्वस्थ	Adj
funnily	अजीबतरहसे	Adv
funny-bone	कोहनीकीनस	N
fur	बाल{जानवरोंकीखालपरमोटेवमुलायमबाल}; बीमारीमेंजिह्वापरहोनेवालीतह	N
furry	मुलायमबालोंवाली	Adj
furl	लपेटना	V
furious	कुपित; भीषण	Adj
furlong	फर्लाँग{दोसौबीसगज}	N
furlough	गैरहाजिरीकीछुट्टी	N
furnace	भट्टी	N
furnish	सुसज्जितकरना; देना{आवश्यकसामग्री}	VT
furnishings	साजसामान	N
furniture	फर्नीचर	N
furore	शोरगुल	N
furrier	लोमचर्मव्यापारी	N
furrow	हलसेखेतमेंबनीलकीरें; झुर्री	N
further	आगेका	Adj
further	औरदूर; अधिकविस्तारसे; केअलावा	Adv
further	बढ़ाना	VT
furtherance	सहायता	N
furthermore	इसकेअतिरिक्त	Adv
furthest	सबसेआगेका	Adj
furtive	गुप्त	Adj
fury	कोप; तीव्रता	N
fuse	पलीता	N
fuse	पलीतेकागलना	V
fuse	मिलाना; गलना	VT
fuse-box	फ्यूज़बॉक्स{विद्युतव्यवस्थाकाछोटाडिब्बा}	N
fuselage	वायुयानकाधड	N
fusillade	तोपोंकीबाढ़; आवेगपूर्णअभिव्यक्ति	N
fusion	सम्मिश्रण; संयोजन	N
fuss	बतंगड़	N
fuss	बतंगड़बनाना	VI
fussy	बातकाबतंगडबनानेवाला; भडकीला	Adj
fustian	मोटासूतीकपडा; निरर्थकशब्दजाल	N
fusty	दुर्गन्धयुक्त; प्राचीनविचारोंवाला	Adj
futile	व्यर्थ	Adj
futility	निरर्थकता	N
futon	छोटाऔरमोटागद्दा	N
future	भविष्य	Adj
future	भावी[घटनाएँ].; भविष्य	N
futures	वायदेकेसौदे	N
futurism	भविष्यवाद	N
futurist	भविष्यवादी	N
futuristic	अतिनवीन{भविष्यकीओर}	Adj
fuzz	घुँघरालेबाल	N
fuzzy	फुलफुला; अस्पष्ट	Adj
gab	बकबक	N
gab	बड़बड़ाना	V
gaberdine	एकप्रकारकामोटाकपड़ाजोकोटबनानेकेकामआताहै	N
gabble	जल्दी-जल्दीऔरअस्पष्टबोलना	V
gable	त्रिअंकीछत	N
gabled	त्रिअंकीवाला	Adj
gad	इधरउधरफिरना	V
gadfly	डाँस	N
gadget	जुगत	N
gadgetry	?	N
gaelic	आयरलैंड़ और स्काटलैंड़ की भाषा	Adj
gaffe	सामाजिकत्रुटी	N
gaffer	मजदूरोंकेकार्योंकाप्रभारी	N
gag	मुखबन्धनी; बोलनेकीआजादीपरप्रतिबंध; हास्यकथा	N
gag	मुँहबन्दकरना; पुनःनिगलना	VT
gaga	दिवानाहोना	Adj
gaggle	बत्तखोंकाझुण्ड़; बतूनीलोगोंकासमूह	N
gaily	खुशीसे	Adv
gaiety	हर्षोल्लासकावातावरण	N
gain	प्राप्ति; लाभ	N
gain	प्राप्तहोना; जरूरतसेअधिकमिलना; पहुंचना; घड़ीआदिकातेजीसेचलना	V
gainsay	ईन्कारकरना	V
gait	चाल	N
gaiter	घुटनोंकेनीचेपहननेवालाकपड़ा	N
gal	{अनौपचारिक}लड़की	N
gala	धूमधड़ाका	N
galactic	आकाशगंगाका	Adj
galaxy	आकाशगंगा	N
gale	आँधी; ज़ोरसेहंसनेकीआवाज़	N
gall	असभ्यव्यवहार; घृणा	N
gall	किसीकोगुस्सादिलाना; किसीकोलज्जितकरना	V
gall bladder	पित्ताशय	N
gallant	बहादुर	Adj
gallant	छैला	N
gallantly	बहादुरीसे	Adv
gallantry	वीरता; नारीभक्ती	N
gallery	मकानोकेभीतरजानेकामार्ग; प्रदर्शनीलगानेकास्थान	N
galleried	गेलेरीहोनायागेलेरीजैसा	Adj
galley	लम्बीनावजोलग्गियोसेखेईजातीहै; जहाजकारसोईघर	N
gallic	फ्रांसीसिजैसा	Adj
gallivant	ईधरउधरमनोरंजनकीखोजमेंभटकना	V
gallon	गैलन{लगभग 4.5 लीटर}	N
galleon	पन्द्रहसेसत्रहवींशताब्दीमेंउपयोगकीगयीस्पेनकाविशाल	N
gallop	सरपटदौड़	N
gallop	सरपटदौड़ना	V
gallows	फाँसीकातख़्ता	N
gallows humour	बीमारी; मरणआदिसेसंबंधितचुटकुले	N
gallstone	पित्ताश्यमेंहोनेवालीगाँठ	N
gallup poll	जनमतनिर्धारितकरनेकामतदान	N
galore	प्रचुरमात्रामें	Adv
galoshes	ऊपरीजूता	N
galvanic	रसायनिकक्रियाद्वाराउत्पन्नविद्युत; अचानकऔरनाटकीय	Adj
galvanize	उत्तेजितकरना; जस्तायाक़लईचढ़ाना	V
gambit	चाल{शतरंजकी}	N
gamble	जुआ	N
gamble	जुआखेलना; दाँवपरलगाना	V
gambler	जुआरी	N
gambling	जुआखेलना	N
gambol	हँसतेखेलतेदौड़ना	V
game	खेल	N
game bird	शिकारकीहुईचिड़िया	N
game plan	खेलनेसेपहलेयोजना	N
game reserve	खेलकेलिएआरक्षितक्षेत्र	N
game show	एकप्रकारकाटी.वी.प्रोग्राम	N
game-warden	खेलआरक्षितक्षेत्रकीदेखभालकरनेवाला	N
game	निडर; लँगड़ा	Adj
gamely	निडरतासे	Adv
gamekeeper	शिकार-रक्षक	N
gamesmanship	प्रतिद्वंदीकोहतोत्साहितकरखेलजीतनेकीकला	N
gaming	जुआ	N
gamma	ग्रीकमेंतीसराअक्षर	N
gamma radiation	गामा-किरण	N
gammon	सुअरकागोश्त	N
gamut	सारेपहलू	N
gamy	पकानेसेपूर्वगोश्तकीखुशबु	Adj
gander	हंस	N
gang	दल	N
gangling	लम्बाऔरदुबला	Adj
ganglion	नाड़ीग्रन्थि	N
gangplank	लकड़ीकातख्ताजोनावमेंचढ़नेकेकामआताहै	N
gangrene	माँसकासड़ाव	N
gangrenous	सड़ाहुआमांसजैसा	Adj
gangster	गुण्ड़ा	N
gangway	जहाजपरचलनेकासंकुचितमार्ग; बैठनेकीकुर्सियोंकीपँक्तियोंकेबीचकासँकरारास्ता	N
gannet	एकप्रकारकीसमुद्रीचिड़िया	N
gaol	जेल	N
gap	दरार; अन्तराल; अन्तर	N
gape	एकटकघूरना; ?	V
garage	गैरेज; मोटरगाड़ीआदिसुधारनेकीजगह	N
garb	पोशाक	N
garbed	विशेषप्रकारसेकपड़ेपहनना	Adj
garbage	कूड़ा; बकवास	N
garbled	{सूचनाका}अस्तव्यस्तऔरभटकानेवाला	Adj
garden	उद्यान	N
gardenia	पेड़याझाड़ीजिसकेसफेदयापीलेफूलहोतेहैं	N
gardener	माली	N
gargantuan	विशाल	Adj
gargle	कुल्लाकरना	V
gargle	कुल्लाकरनेकातरलपदार्थ	N
gargoyle	परनाला	N
garish	भड़कीला	Adj
garland	माला	N
garland	हारपहनाना	V
garlic	लहसुन	N
garlicky	लहसूनजैसास्वादयागन्ध	Adj
garment	कपड़ा	N
garner	एकत्रकरना	VT
garnet	रक्तमणि	N
garnish	अलंकृतकरना	V
garnish	कुछभीखानेकीचीजजिससेभोजनकोसजायाजाताहै	N
garret	अटारी	N
garrison	रक्षकसेना	N
garrison	मोरचाबन्दीकरना	V
garrulous	बातूनी	Adj
garrulously	वाचालतासे	Adv
garter	मोज़ा-बन्द	N
gas	गैस; डींग	N
gas	ज़हरीलीगैसलेना[देना]	V
gas about	गप्पेलड़ाना	PhrV
gas chamber	गैसकोष्टजिसमेंजानवरोंयालोगोंकोमाराजाताहै	N
gas-cooled	गैसद्वाराकिसीचीज़कोठंड़ाकियाहुआ	Adj
gas-fired	गैसकोईंधनकेरूपमेंप्रयोगकियाहुआ	Adj
gas mask	गैस-त्राण	N
gas meter	गैसमापी	N
gas station	पैट्रोलस्टेशन	N
gaseous	गैसकासा	Adj
gasify	गैसमेंपरिवर्तितकरना	V
gasification	गैसीकरण	N
gassy	गैसजैसा; बातूनी	Adj
gash	गहराघाव	N
gash	गहराघावकरना	VT
gasp	हाँफना	VI
gastric	पेटका	Adj
gastro-enteritis	आँतयापेटमेंजलन	N
gastronomy	पौष्टिकभोजनबनानेकीकलायाविज्ञान	N
gastronomically	पौष्टिकतासे	Adv
gate	द्वार	N
gate	विद्यार्थीकोस्कूलयाकालेजमेंदण्ड़केरूपमेंबन्दकरना	V
gatecrash	किसीसामाजिकयानिजीअवसरमेंबिनबुलाएघुसना	V
gatecrasher	किसीअवसरपरबिनबुलाएघुसना	N
gatekeeper	द्वारपाल	N
gatehouse	गेटकेपासयाऊपरबनाहुआघर	N
gateleg table	?	N
gateway	रास्ताजोगेटद्वाराबन्दयाखोलाजासकताहै; दूसरीजगहजानेकारास्ता	N
gateau	केकजिसेक्रीमऔरफलोंसेसजायाजाताहै	N
gather	कपड़ेकीतह	N
gather	इकठ्ठाकरना; परिणामनिकालना	V
gathering	भीड़	N
gauche	फूहड़याभद्दा	Adj
gaucheness	भद्दापन	N
gaucho	दक्षिणअमरीकाकाघुड़सवारगोपाल	N
gaudy	भड़कीला	Adj
gauge	माप	N
gauge	नापना	VT
gaunt	भूखारहकरदुबलाहोना; बिनाकिसीसजावटके	Adj
gauntlet	लोहेकादस्ताना	N
gauze	रेशमीकपड़ा	N
gauzy	रेशमी	Adj
gavel	मुँगरी	N
gavotte	प्राचीनफ्रांसीसिनृत्यकासंगीत	N
gawd	हे भगवान{अँग्रेजीमेंआश्चर्यक्रोधआदिप्रकटकरनेकेलियेलिखितरूपमेंप्रयोगहोताहै}	N/Interj
gawk	बुरीनज़रसेघूरना	V
gawky	अजीब	Adj
gawkily	अजीबसा	Adv
gawkiness	बोदापन	N
gay	आन्दमय; समलैंगिक	Adj
gaze	टकटकी	N
gaze	घूरना	V
gazebo	छोटीइमारतजहाँसेबाहरकापूरानजाराहोसकताहै	N
gazelle	मृग	N
gazette	सरकारीगजट; समाचारपत्रोंकाशीर्षक	N
gazette	गजटमेंछापना; नियुक्तहोना	VT
gazetteer	जगहोंकेनामकीसूची	N
gazump	मकानबेचनेकेसौदेकेपश्चातउसकीकीमतबढ़ाना	V
gazumping	मकानबेचनेकेसौदेकेपश्चातउसकीकीमतकीबढ़त	N
gear	सामान; गति; मशीनकेइंजनकोपहियोंसेजोड़नेवालायंत्र	N
gelatin	सरेस	N
geld	?	V
gelding	?	N
gelignite	नाईट्रिकएसिड़औरग्लिसरीनसेबनीविस्फोटकपदार्थ	N
gem	मणि; अमूल्य	N
gender	लिंग	N
genealogical	वंशावलीविषयक	Adj
genealogy	वंशावली	N
general	सेनापति	Adj
general	साधारण	N
generalize	व्यापकबनाना	VT
generally	प्राय:	Adv
generate	जनना	VT
generation	पीढ़ी	N
generative	उत्पादक	Adj
generator	जेनरेटर	N
generic	जातिका	Adj
generosity	उदारता	N
generous	उदार	Adj
genesis	उत्पत्ति	N
genetic	आनुवंशिक; उत्पत्तिसम्बन्धी	Adj
genetically	आनुवंशिकतासे; वंशसे	Adv
genetics	आनुवांशिकी	N
genial	प्रसन्नचित	Adj
genital	जननसम्बन्धी	Adj
genetive	सम्बन्धकारक	N
genius	प्रतिभाशालीव्यक्ति; प्रतिभा	N
genocide	जातिसंहार	N
genre	शैली	N
gent	पुरुष	N
genteel	नम्र	Adj
gentile	यहुदी या गैर ईसाई	N/Adj
gentle	सुशील; सौम्य	Adj
gently	नरमीसे	Adv
gentleman	भद्रपुरुष	N
gentleness	भलमनसाहत	N
gentry	कुलीनलोग	N
genuflect	घुटनेटेकना	V
genuine	अमिश्रित; वास्तविक	Adj
genus	वंश	N
geographical	भूगोलसम्बन्धी	Adj
geography	भूगोल	N
geology	भूविज्ञान	N
geometry	रेखागणित	N
georgian	ब्रिटिशबादशाहजोर्जकेसमयका	Adj
georgette	पतलीरेशमीकपड़ा	N
geriatrics	जराचिकित्सा	N
germ	जीवाणु	N
german	जर्मनीसे	Adj
german	जर्मनदेशकानिवासी	N
germane	संबन्धित	Adj
germinate	उगना; अंकुरितहोना	VI
germination	?	N
gerontology	?	N
gerrymander	गोलमालकरना	V
gestapo	नाज़ीपार्टीकीखुफियापुलिस	N
gestation	गर्भकाल	N
gesticulate	इशाराकरना	V
gesture	भाव	N
get	मिलना; पहुँचना; समझना; राजीकरना	V
get about	फैलजाना; चलनाफिरना	PhrV
get away	भागजाना; चलेजाना; प्रस्थानकरना	PhrV
get back	लौटना; पुन:प्राप्तकरना; बदलालेना; जवाबदेना; पुन:सम्पर्ककरना	PhrV
get behind	पिछड़ना	PhrV
get by	अच्छामानलेना	PhrV
get down	उतरना; किसीकार्यमेंध्यानलगाना; निराशितकरना	PhrV
get in	घुसना; कुछकरपाना; पहुँचना	PhrV
get off	से उतरना; छोड़ना; बचना	PhrV
get on	प्रगतिकरना; साथरहना	PhrV
get out	पताचलना; निकलना; चलेजाना	PhrV
get over	भूलजाना; उभरना; समाप्तकरना	PhrV
get through	पूराकरना; सफलहोना; पारकरना; पहुँचना; बातसमझाना	PhrV
get together	एकत्रकरना; एकत्रहोना; मिलना	PhrV
get together	जमघट	N
get up	उठना; उठना{नींदसे}; प्रबन्धकरना	PhrV
get up	पहनावा	N
getaway	कोईअपराधकरकेभागजाना	N
geum	छोटासापौधाजिसमेंलालऔरपीलेफूलहोतेहैं	N
geyser	उष्णोत्स; पानीगर्मकरनेकासाधन	N
ghastly	भयंकर	Adj
ghee	घी	N
gherkin	खीरा	N
ghetto	अल्पसंख्यकोंकीअविकसितजगह	N
ghetto blaster	भोंपू{विशालटेपरिकार्ड़रजोसार्वजनिकस्थलोंमेंबजायाजाताहै}	N
ghost	भूत	N
ghostly	प्रेतरूपी	Adj
ghoul	राक्षस; मौतआदिमेंविशेषरूचिरखनेवाला	N
giant	बहुतबड़ा	Adj
giant	दैत्य	N
gibber	जलदी-जल्दीबोलना	V
gibberish	बेमतलबशब्द	N
gibbet	फाँसी	N
gibbon	लंगूर	N
gibe	ताना	N
giddy	चक्करलानेवाला	Adj
gift	दान	N
gift	भेंटदेना	VT
gifted	गुणी; प्रतिभाशाली	Adj
gig	हल्कीगाड़ीजोएकघोड़ेद्वाराखींचीजातीहै	N
gigantic	बहुतबड़ा	Adj
giggle	ठट्ठा	N
giggle	मन्द-मन्दहंसना	V
gigolo	वहपुरुषजोवृद्धस्त्रीपरआश्रितहोताहै	N
gild	कलईकरना	V
gilded	उच्चवर्ग	Adj
gilding	पदार्थजिससेकलईकीजातीहै	N
gill	गलफड़ा	N
gillie	स्काटलैंड़	N
gimcrack	सस्तीयानुमाईशीचीज	N
gimlet	बरमी	N
gimmick	दिखावा	N
gimmickry	ढोंग	N
gin	जिन{मदिरा}	N
ginger	अदरख	N
ginger up	किसीकोप्रोत्साहितकरना	PhrV
gingerly	सावधानीसे; आरामसे	Adj
gingham	छींटदारसूतीकपड़ा	N
giraffe	जिराफ़	N
ginseng	औषधीयपौधाजोदक्षिणएशियाऔरउत्तरअमरीकामेंपायीजातीहैं	N
gird	बाँधना	VT
girder	शहतीर	N
girdle	कमरबन्द	N
girdle	पेटीसेकसना	VT
girl	लड़की	N
girlfriend	सहेली	N
giro	?	N
girth	कमरकीनाप	N
gist	तात्पर्य	N
give	देना	VT
give in	दबजाना	PhrV
give on	पहुँचाना	PhrV
give out	खत्महोजाना; बन्दहोजाना; जवाबदेदेना	PhrV
given	आदी; निश्चित	Adj
give away	देना; बाँटना; कन्यादानकरना	PhrV
giver	दाता	N
gizzard	द्वितीयपक्वाशय	N
glace	चिकना	Adj
glacial	बर्फका	Adj
glacier	हिमानी	N
glad	प्रसन्न	Adj
gladden	प्रसन्नकरना	V
glade	वनपथ	N
gladiator	तलवारचलानेवाला	N
glamour	चकाचौंध; आकर्षण	N
glance	नजरडालना	V
glance	नजर	N
gland	गिलटी	N
glare	चमकना; गुस्सेसेघूरना	V
glare	चमक; घूरना	N
glaring	चमकीला	Adj
glass	काँच; पीने का बर्तन	N
glasses	चशमा	N
glassy	काँचका	Adj
glaze	शीशालगानायाजड़ना	V
glazier	शीशाजड़नेवाला	N
gleam	किरण	N
gleam	किरणडालना	V
glean	बीनना; सूचनाप्राप्तकरना	VT
glee	आनन्द	N
glen	घाटी	N
glib	चिकनीचुपड़ीबातेंकरनेवाला	Adj
glide	फिसलाव; विसर्पण	N
glide	विसर्पणकरना	V
glider	ग्लाईडर{एकप्रकारकाहवाईजहाज}	N
glimmer	झलकना; टिमटिमाना	V
glimmer	चमक; झलक	N
glimmering	मन्दप्रकाश	N
glimpse	झलक	N
glimpse	जल्दीसेएकनज़रड़ालना	V
glint	चमकना	V
glint	चमक	N
glisten	चमकना	VI
glitter	चमक	N
glitter	चमकना	V
glittering	चमकताहुआ; शानदार	Adj
glitz	अतिचमकदारहोना	N
glitzy	अतिचमकदार	Adj
gloaming	गोधुलि	N
gloat	बड़ीचाहसेदेखना	V
globe	गोला; भूमण्ड़ल	N
global	व्यापक	Adj
globally	व्यापकरूपसे	Adv
globule	गोलिका	N
glockenspiel	एकप्रकारकावाद्ययंत्र	N
gloom	आंशिकअंधकार; उदासी	N
gloom	धुंधलाकरना	VT
gloomy	अंधेरा; निराशजनक	Adj
glorify	बढ़ाईकरना	VT
glory	कीर्ति; परमेश्वरकागुणगान; आभा	N
glory	परमानन्दलेना	V
gloss	चमक	N
gloss	बाहरीचमकदेना	VT
glossy	चमकीली	Adj
glossary	शब्दसंग्रह	N
glove	दस्ताना	N
glow	दीप्ति	N
glow	चमकना	VI
glue	सरेश	N
glue	सरेशलगाना; चिपकेरहना	VT
glum	अप्रसन्न	Adj
glut	बहुतायत	N
glut	जरुरतसेज्यादापूर्तिकरना	VT
gluten	लस	N
glutton	खाऊ	N
glycerine	ग्लिसरीन	N
gm	ग्राम	Abbr:gram
gmt	ग्रीनविचमीनटाईम	Abbr:Greenwich Mean Time
gnarled	टेढ़ाओरसख्त	Adj
gnat	एकप्रकारकीकाटनेवालीमक्खी	N
gnaw	कुतरना	VT
gnocchi	आलूऔरआटेकाबनाईटलीकाव्यंजन	N
gnome	बौना	N
go	जाना; रखाजाना; समाना[<जाना]; चलना; हो_जाना{स्थिति}; आवाज़होना; करना; निकलजाना	V
go about	लगेरहना	PhrV
go against	प्रतिकूलहोना	PhrV
go along	आगेबढ़ना	PhrV
go into	जाँचकरना; व्यवसायकरना; अध्ययनकरना	PhrV
go off	चलेजाना; विस्फोटहोना	PhrV
go out	बुझजाना	PhrV
go through	पुनःजाना; सहना	PhrV
go down	डूबना; नष्टहोजाना	PhrV
go up	बढ़ना; चढ़ना	PhrV
go without	केबिनाकामचलाना	PhrV
goad	अंकुश; जोप्रेरितकरतीहै	N
goad	प्रेरितकरना	VT
go-ahead	सहमति; अनुमति	N
goal	लक्ष्य	N
goat	बकरा	N
goatee	बकरेकीसीदाढ़ी	N
gob	गीलेपदार्थकीबूँद; मुँह{स्लैंग}	N
gobbet	छोटाटुकड़ा	N
gobble	जल्दीऔरआवाज़करकेखाना; पीरूकीतरहआवाज़करना'	VT
gobbledegook	जटिलभाषा	N
go-between	बिचौलिया	N
goblet	जाम	N
god	ईश्वर	N
godfather	धर्मशिक्षक	N
godless	नास्तिक	Adj
godmother	धर्ममाता	N
godsend	ईश्वरकीभेजीहुईवस्तु	N
gofer	छोटामोटाप्रशासनिककामकरनेवाला	N
go-getter	अतिमहत्वाकांक्षीव्यक्ति	N
goggle	आँखफाड़फाड़करदेखना	V
goggles	धूपकारंगीनचश्मा	N
going	प्रस्थान; जमीन; पथआदिकीस्थिति; प्रगतिकीदर	N
gold	सोना	N
golden	सुनहरा; कीमती; बेहतरीन; बहुतअच्छा	Adj
golf	गोल्फ़{एकप्रकारकाखेल}	N
gong	घंटा	N
golden jubilee	स्वर्णजयंती	N
good	अच्छा	Adj
goods	सामान	N
goodbye	अलविदा	N
gore	जमाहुआखून	N
gore	सींगमारना	V
gorge	तंगघाटी	N
gorge	पूरा-पूराभरदेना	V
gorgeous	भड़कीला	Adj
gorilla	वनमानुष	N
gory	रक्तमय	Adj
gospel	ईसाईधर्म{वेदवाक्य}	N
gossip	चुगली	N
gossip	चुगलीकरना	V
gouge	गोलबरमाना	V
gouged out	छेदकरकेनिकालना	PhrV
gouge	छेदकरनाकायंत्र	N
govern	राज्यकरना	V
governance	शासन	N
government	सरकार	N
governor	राज्यपाल	N
gown	चोगा	N
grab	पकड़ना	VT
grace	कृपा	N
grace	सुशोभितकरना	V
graceful	सुशोभित	Adj
gracefully	सुन्दरतासे	Adv
gracious	दयालु	Adj
graciously	दयासे	Adv
grade	पद; परीक्षाआदिमेंस्थान; अंक; क्रम	N
grade	क्रमानुसाररखना	VT
gradual	क्रमिक	Adj
gradually	धीरेधीरे	Adv
graduate	स्नातक	N
graduate	उपाधिप्राप्तकरना	VI
graduation	क्रमश:वृद्धि	N
graft	कलम	N
graft	कलमलगाना	VT
grain	बीज	N
gram	चना	N
grammar	व्याकरण	N
grammatical	व्याकरणिक	Adj
grand	बड़ा	Adj
grandeur	वैभव	N
granite	ग्रेनाइट	N
grant	देना	VT
grape	अंगूर	N
graph	ग्राफ	N
graphic	रेखाचित्रीय	Adj
graphite	ग्रैफाइट	N
grapple	पेंच	N
grapple	भिड़जाना	VI
grapple	पकड़ना	VT
grasp	पकड़	N
grasp	पकड़ना	VT
grasping	लोभी	Adj
grass	घास	N
grassy	घासदार	Adj
grate	झंझरी	N
grate	रगड़ना	VT
grateful	कृतज्ञ	Adj
gratefully	कृतज्ञतासे	Adv
gratification	आनन्द	N
gratify	सन्तुष्टकरना	V
grating	कड़ा	Adj
grating	झंझरी	N
gratis	सेंतमेत	Adv
gratitude	धन्यवाद	N
gratuitous	मुफ्त	Adj
gratuity	इनाम	N
grave	गंभीर	Adj
grave	कब्र	N
grave	खोदना	VT
gravely	गंभीरतासे	Adv
gravitate	केंद्रकीओरखींचना	VI
gravity	गुरुत्वाकर्षण	N
gravy	रसा	N
gray	सिलेटी	Adj
grazing	चरना	N
grease	चर्बी	N
grease	चिकनाकरना	VT
greasy	चिकना; अधिकचरबीवालाखाना	Adj
great	बड़ा	Adj
greatly	अत्यन्त	Adv
greatness	बड़प्पन	N
greed	लालसा	N
greedy	लालची	Adj
green	हरा	Adj
green	हरियाली	N
greenery	हरियाली	N
greenish	कुछ-कुछ हरा	Adj
greenhouse	छोटेपेड़ोंकोहरारखनेकाघर	N
greet	प्रणामकरना	V
greeting	शुभकामनाएँ	N
gregarious	गल्लायाझुंडसेसम्बन्धित	Adj
grenade	बारूदसेभराहुआगोला	N
greyhound	शिकारीकुत्ता	N
grief	दुख	N
grievance	मनोमालिन्य	N
grieve	रंजकरना; शोकपहुँचाना	V
grievous	दुखदायक	Adj
grill	भुनना	VT
grim	भयानक	Adj
grimace	मुख-विकृति; मुँह बनाना	N
grime	मैलाकरना	VT
grime	मैल-गन्दगी	N
grin	उपहास रूपी मुस्कुराहट	N
grin	दाँतदिखातेहुएमुस्कुराना	V
grind	पीसना	V
grinder	पिसनहारा	N
grip	पकड़ना	VT
gripping	उत्साहितकरनेवाला	Adj
gripe	शिकायत	N
gripe	शिकायतकरना	VT
grisly	भयानक	Adj
grit	कण; बालूकण; धैर्य	N
grit	कणफैलाना{खासकरसड़कपर}	V
gritty	कुरकुरा	Adj
groan	आह	N
groan	कराहना	VI
grocer	पन्सारी	N
grocery	किरानेकासामान	N
groin	कमर	N
groom	सईस	N
groom	घोड़ेकीदेखरेखकरना	VT
groove	ग्रूव{नाली जैसा}	N
groove	ग्रूव बनाना	VT
grope	टटोलना	VTI
gross	भद्दा	Adj
grotesque	विलक्षण	Adj
grotto	गुफा	N
ground	पृथ्वीतल; मैदान	N
ground	धरतीयाआधारपररखना	V
group	झुण्ड; बहुतसारेकम्पनियोंकासमूहजोएककेनियंत्रणमेंहो	N
group	इक्टठाहोना	V
groupie	युवतीजोकिसीप्रसिद्धसंगीतकारकेसाथभ्रमणकरतीहो	N
grouping	लोगोकासमूहजोएकउद्देश्यकेलिएकार्यकरताहो	N
group captain	वायुसेनाकाअफसर	N
group practice	डाक्टरोंकासमूहजोएकसाथएकजगहकामकरतेहो	N
group therapy	एकप्रकारकीचिकित्साजिसमेंएकसाथबैठकरसामान्यरोगके	N
grouse	एकप्रकारकीपक्षी	N
grouse	छोटी-छोटीबातोंकीशिकायतकरना	V
grout	पतलामसाला	N
grove	कुञ्ज	N
grow	बढ़ना	VI
grow	उपजाना	V
growl	गुर्राहट	N
growl	गुर्राना	V
growth	बढ़वार	N
grubby	गंदा	Adj
grudge	जलन; ईर्ष्या	N
grudge	देनेमेंहिचकिचाना	V
grudgingly	हिचकिचाहटसे	Adv
gruesome	कुरूप	Adj
gruff	कड़ा; रूखेआचरणवाला; कर्कश	Adj
gruffly	कड़कतासे	Adv
gruffness	कड़कपन	N
grumble	शिकायत	N
grumble	असंतोषपूर्वककुछकहना	V
grunt	सूअरकीबोली	N
grunt	सुअरकीतरहघौंघोंकरना	VI
guarantee	ज़मानत	N
guarantee	ज़िम्मालेना	VT
guard	चौकीदार	N
guard	सचेतरहना	V
guard	रखवालीकरना	VT
guardian	निगहबान	N
gubernatorial	गवर्नरका	Adj
guess	अन्दाज़लगाना	VT
guest	अतिथि	N
guidance	सलाह	N
guide	पथप्रदर्शक	N
guide	अगुवाईकरना	VT
guild	परस्परसहायतावरक्षाकरनेवालीमण्डली	N
guilt	अपराधबोध; अपराध	N
guilty	अपराधी	Adj
guinea	गिन्नी; चूहेकीतरहकुतरनेवालाजन्तु; ऐसाव्यक्तियापशुजिसपरकोईवैज्ञानिकपरीक्षणकियाजाताहै	N
guise	वेष	N
guitar	गिटार{वाद्ययंत्र)	N
gulf	खाड़ी; अंतरयाभेद	N
gull	एकप्रकारकीसमुद्रीपक्षी	N
gully	नाली	N
gulp	निगलना	N
gulp	निगलजाना	V
gum	गोंद	N
gummy	चिपचिपा	Adj
gun	तोप	N
gunner	गोलन्दाज	N
gunnery	गोलन्दाजी	N
gunpowder	बारूद	N
gunshot	गोलीकाठप्पायामार	N
gurgle	गललगललकरना	V
gush	बहनिकलना	V
gust	हवाकाझोंका; भावावेग	N
gusto	रूची; चाव	N
gut	अंतड़ी	N
gutter	छोटीछोटीनालियाँबनाना	N
guy	पुरूष	N
guzzle	बहुतखानापीना	V
gymnasium	अखाड़ा	N
gymnast	कसरती	N
gymnastics	कसरत	N
gypsum	खरियामिट्टी	N
gyrate	घूमना	V
h	अंग्रेजीवर्णमालाकाआठवाँवर्ण	N
ha	ओह!	Interj
habeas corpus	बंदी प्रत्यक्षीकरण याचिका	N
haberdasher	सिलाई की वस्तुएँ बेचने वाला	N
haberdashery	सिलाई में काम आने वाली वस्तुओं की दूकान	N
habiliments	पोशाक	N
habit	आदत	N
habitable	निवास योग्य	Adj
habitant	निवासी	N
habitat	पशु व पौधों का प्राकृतिक-वास	N
habitation	निवास स्थान	N
habitual	अभ्यस्त	Adj
habitually	आदत से	Adv
habituate	आदत पड जाना	V
hack	किराये का घोड़ा	N
hack	टुकड़े करना	V
hacking cough	सूखी खाँसी	N
hacker	कम्प्यूटर का उपयोग मनोरंजन के लिये करने वाला व्यक्ति	N
hackles	कुत्ते या पक्षी के गर्दन के ऊपर के बाल.	N
hackney	सवारी घोड़ा	N
hackney carriage	टैक्सी	N
hackneyed	अतिसामान्य[शब्द]	Adj
hacksaw	धातु काटने की आरी	N
haddock	खाने की समुद्री मछली	N
haematology	रक्त रोग विज्ञान	N
haematologist	रुधिर रोग वैज्ञानिक	N
haemoglobin	लाल रक्तकणि	N
haemophilia	अति रक्तस्राव का रोग	N
haemophiliac	अति रक्तस्रावी रोगी	N
haemorrhage	खूनका बहाव	N
haemorrhoids	बवासीर	N
hag	डायन	N
haggard	थकाहारा	Adj
haggis	एक प्रकार का माँसाहारी भोजन	N
haggle	मोल भाव करना	VI
hagiography	संचरित्र लेखन	N
hail	ओलावृष्टि	N
hail	पुकारना	V
hailstone	छोटे गोल ओले	N
hailstorm	उपलवृष्टि	N
hair	केश	N
haired	एक विशेष प्रकार के बाल	Adj
hairless	गंजा	Adj
hair-drier	बाल सुखाने वाला मशीन	N
hair-raising	रोंगटे खड़े कर देने वाला	Adj
hair's-breadth	बाल-बाल	N
hair-splitting	नुक्ताचीनी	N
hairbrush	बाल बनाने का ब्रश	N
haircut	केश कर्तन	N
hairdo	केश प्रसाधन शैली	N
hairdresser	केश प्रसाधक	N
hairdressing	केशप्रसाधन	N
haireel	बाल की जूँ	N
hairgrip	बाल बाँधने का क्लिप	N
hairline	अतिसूक्षम रेखा	N
hairnet	बालों के जूड़े की जाली	N
hair-piece	नकली बाल	N
hairpin	बालों में लगाने की पिन	N
hairpin bend	सड़क का दोहरा मोड़	N
hairspray	हेअरस्प्रे	N
hairstyle	केशविन्यास शैली	N
hairy	घनेबालोंवाला	Adj
haj	मक्का-यात्रा	N
hake	काड की तरह एक मछली.	N
halal	जानवर की गर्दन छुरे से काटना	N
halation	प्रभावी किरण	N
halberd	परशु	N
halberdier	परशुधारी व्यक्ति.	N
halcyon	शान्त	Adj
hale	स्वस्थ	Adj
half	आधा	N
half and half	आधा-आधा[दो वस्तुओं का मिश्रण ]	Adj
half-back	फुटबाल खिलाड़ी का स्थान	N
half-baked	अर्ध-पका	Adj
half-blood	सौतेला-बच्चा	N
half-board	होटल में बिस्तर; खाना की अभिपूर्ति	N
half-brother	सौतेला भाई	N
half-caste	वर्णसंकर	N
half-crown	ढाई शिलिंग	N
half-day	आधा दिन की छुट्टी	N
half-dollar	अमेरिकी मुद्रा{50सेन्ट]	N
half-hour	आधा घंटा	N
half-hourly	अधघण्टा	Adj
half-life	द्रव्य का रेडियोधर्मिततासे आधा मूल्य	N
half-light	मंद प्रकाश	N
half-mast	झंडा आधा झुका होना	N
half-moon	अर्ध-चन्द्र	N
half-note	अधूरी सूचना	N
half-price	आधा मूल्य	Adv
half-sister	सौतेली बहन	N
half-term	अर्ध- सत्र	N
half-time	मध्यान्तर	N
half-tone	बिन्दु चित्र	N
half-truth	अर्ध-सत्य	N
half-yearly	अर्ध्द वार्षिक	Adj
half-hearted	अधूरे मन से	Adj
half-timbered	इमारत में लकड़ी का काम	Adj
halfway	बीच में	Adj
halfwit	अल्पबुध्दि वाला	N
halfwitted	अल्पबुध्दि	Adj
halibut	चपटे आकार की समुद्री मछली	N
halitosis	दुर्गन्धयुक्त श्वास	N
hall	बड़ा कमरा	N
hall of residence	विश्व-विद्यालय भवन	N
hallmark	प्रमाणिक	N
hallo	टेलीफोन पर प्रति उत्तर	Interj
hallowed	पवित्र बनाया	Adj
halloween	31 अक्तूबर में मृतकोंकेआत्मा का उठने का दिवस	N
hallucinate	भ्रम में डालना	VT
hallucination	मतिभ्रम	N
hallucinatory	भ्रामक	Adj
hallucinogen	विभ्रामक दवा	N
hallucinogenic	भ्रान्तिजनक	Adj
hallway	ड्योडी	N
halo	आभामण्डल	N
halogen	रासायनिकपदार्थ	N
halon	आग बुझाने वाली गेस	N
halt	रुकना	N
halt	बंद कर देना	V
halter	घोड़े की लगाम	N
halterneck	औरतों के गले में पहनने की पोषाक	N
halting	हिचकिचाता हुआ	Adj
haltingly	विरल से बोलने वाला	Adv
halve	आधा कर देना	V
halyard	पाल-रस्सी	N
ham	सूअर की रान	N
ham	अस्वाभाविक अभिनय करना	V
ham-fisted	भद्दा	Adj
hamadryad	नागराज	N
hamburger	गोमाँस का कीमा	N
hammer	हथौड़ा	N
hammer and sickle	कम्यूनिस्ट देशों के किसान मजदूरों का चिह्न	N
hammer	हथौड़े से ठोकना	V
hammering	हथौड़ा पीटने की आवाज	N
hammock	जालीदार झूला	N
hamper	पिटारा	N
hamper	रुकावट पैदा करना	V
hampered	अवरुध्द	Adj
hamster	चूहा जैसा जानवर	N
hamstring	घुटनस	N
hamstrung	पंगु बना देना	V
hand	हाथ	N
hand in hand	हाथ में हाथ मिलाये	N
handed	हाथों वाला	Adj
hand baggage	हाथ का सामान	N
handcuff	हथकडी	N
hand-grenade	हथगोला	N
hand-held	हाथ में होना.	Adj
hand luggage	हाथ के झोले का सामान.	N
hand over-fist	अतिशीघ्रवभारीरकम	Adv
handpicked	विशेषतौर से पसन्द किया हो	Adj
hands-on	व्यावहारिक व क्रियाशील	Adj
hand	देना	V
handbag	हाथ झोला	N
handball	रबर की गेंद	N
handbill	पर्चा	N
handbook	पुस्तिका	N
handbrake	हाथसे लगाया जाने वाला गतिरोधक	N
handcart	ठेला	N
handclap	ताली	N
handclasp	वंदना	N
handdrill	हाथ का बरमा	N
handgun	रिवाल्वर	N
handhold	पर्वतारोहण में ख़डी चढ़ाई का पत्थर	N
handicap	असमर्थ	N
handicapped	विकलांग	Adj
handicraft	हस्तशिल्प	N
handiwork	हस्तकृति	N
handkerchief	रूमाल	N
handle	मूठ	N
handlebar	साइकल का हैंडल	N
handle	हाथ से छूना; प्रबन्ध करना	V
handler	देखभाल करने वाला व्यक्ति	N
handled	हत्था लगा	Adj
handling	प्रबन्ध	N
handmade	हस्तनिर्मित	Adj
handmaid	नौकरानी	N
handrail	सीढ़ी पकड़ने का डंडा	N
handsaw	हाथ की आरी	N
handset	हैण्डसैट	N
handshake	एक दूसरे से हाथ मिलाना	N
handsome	सुन्दर{पुर	Adj
handsomeness	सुंदरता	N
handsomely	सुंदरता से	Adv
handstand	उलटे खडा होना	N
handwriting	हस्तलिपि	N
handwritten	हाथ का लिखा हुआ	Adj
handy	निपुण	Adj
handily	समीप से	Adv
handyman	सर्वकर्मकार	N
hang	लटकन	N
hang	फाँसी लगाना	V
hang on	मजबूती से पकड़ना	N
hang out	आते जाते रहना	V
hang together	मिल-जुल कर रहना	IDM
hang up	टाँगना	PhrV
hanging	लटकने वाला	N
hang gliding	लटकते हुए बिना प्रयास के फिसलना	N
hang glider	झूलने वाला बिना इंजिन का विमान	N
hangar	विमान-गृह	N
hanger	कपड़ेँ टाँगने की फ्रेम	N
hanger-on	पिछलग्गू	N
hangman	जल्लाद	N
hangnail	सुतला	N
hangover	अधिक मदिरा पीने हेतु शरीर में परिणाम का अनुभव	N
hank	लच्छी	N
hanker	लालायित होना.	V
hankering	ललक	N
hanky	रूमाल	N
hank-panky	छेडछाड	N
hansard	ब्रिटिश संसदीय कार्यवाही का आधिकारिक विवरण	N
hansom	बग्घी	N
haphazard	ऊटपटांग	Adj
haphazardly	ऊटपटांग से	Adv
hapless	भाग्यहीन	Adj
happen	घटित होना	V
happy	सुखी	Adj
happily	सुखपूर्वक; संयोग से	Adv
happiness	सुख-शान्ति	N
happy-go-lucky	चिन्तामुक्त	Adj
happy-hour	सुखी-पल	N
happy-medium	बीच का मार्ग	N
hara-kiri	आँतें निकाल कर आत्म हत्या करना.	N
harangue	प्रभावशाली भाषण	N
harass	परेशान करना	V
harassed	परेशानी	Adj
harassment	परेशानी	N
harbinger	सन्देशवाहक	N
harbour	बन्दरगाह	N
harbour-master	बंदरगाह की देख रेख करने वाला अधिकारी.	N
harbourside	बंदरगाह के आसपास का क्षेत्र	N
hard	कठोर	Adj
hard cash	नकदी	N
hard-copy	प्रिंटेड कॉपी	N
hard core	टूटे फूटे पत्थर जो नींव भरने के काम आते हैं.	N
hard core	कट्टर वर्ग{किसी दल के अंदर}	Adj
hard court	टेनिस खेलने का सिमेंट का मैदान	N
hard currency	दुर्लभ मुद्रा	N
hard-disk	कम्प्युटर की हार्ड डिस्क	N
hard-drug	मादक वस्तु जो नशीला बना दे.	N
hard faced	असहानुभति	Adj
hard hat	सिर पर पहना जाने वाला मजबूत टोप	N
hard headed	व्यवहारशील	Adj
hard-hearted	निर्दय	Adj
hard labour	कठोर परिश्रम के साथ जेल की सजा	N
hard-liner	कडा रुख अपनाने वाला	N
hard luck story	दुर्भाग्यपूर्ण कहानी	N
hard nosed	सयाना	Adj
hard porn	अश्लील वर्णन	N
the hard right	दक्षिण पंथी व्यक्ति	N
hard rock	रोक संगीत	N
hard sell	जोरदार बिक्री का ढंग	N
hard shoulder	आपात काल में वाहनों का ठहराव का स्थान	N
hard top	मोटर गाडी का धात्विक छत	N
hard	मुश्किल से	Adv
hard boiled	उबला हुआ	Adj
hard earned	परिश्रम का धन	Adj
hard fought	कठिन लड़ी	Adj
hard hitting	ओजपूर्ण	Adj
hard pressed	दबाव में जकड़ा होना	Adj
hard up	धनाभाव से	Adj
hard wearing	टिकाऊ	Adj
hard won	कठिन विजय	Adj
hard working	कठोर परिश्रम	Adj
hardback	कपड़े या चर्म के जिल्द वाली पुस्तक	N
hardball	baseball.दो टीमों का खेल	N
hardbitten	भयंकर संघर्ष का अंत होना	Adj
hardboard	मोटा दफ्ती	N
harden	कड़ा करना	V
hardly	मुश्किल से	Adv
hardship	कठिनाइयाँ.	N
hardware	लोहे व अन्य धातु का सामान	N
hardwood	सख्त लकड़ी	N
hardy	तगड़ा	Adj
hardiness	साहस से	N
hare	खरगोश	N
hare-brained	अविवेकी.	Adj
harebell	घंटी की शक्ल का पौधा	N
harelip	होंठ का कटाव	N
harem	अन्त:पुर	N
haricot	सफेद फली	N
hark	सुनना	V
harlequin	मसखरा	N
harlot	वेश्या	N
harm	हानि	N
harmful	हानिकारक	Adj
harmless	हानि रहित	Adj
harmlessly	हानि के बिना	Adv
harmlessness	निरीहता	N
harmonic	समस्वरित	Adj
harmonica	माउथ-आर्गन	N
harmonious	सद्भावपूर्ण	Adj
harmoniously	तालमेल से	Adv
harmonium	हारमोनियम	N
harmonize	ताल सुर में मिलाना	V
harmonization	संगत	N
harmony	मधुर सम्बन्ध	N
harness	घोड़े का साज	N
harp	विदेशी बाजा	N
harpist	उदग्र वाद्य बजाने वाला.	N
harpoon	मत्स्य भाला	N
harpsichord	प्यानों जैसा वाद्य-यंत्र.	N
harpy	चुड़ैल	N
harridan	दुष्ट वृध्दा	N
harrier	शिकारी कुत्ता	N
harrow	खेत में ढेले तोड़ने का दाँतेदार उपकरण	N
harrowing	दु:खद	Adj
harry	परेशान करना.	V
harsh	निर्दयी	Adj
harshly	निष्ठुरतासे	Adv
harshness	निर्दयता	N
hart	लाल युवा हिरन	N
harvest	फसल	N
harvester	कटाई करनेवाला	N
harvest festival	फसल कटने के बाद ईसाइयों द्वारा मनाये जाने वाला त्यौहार	N
harvest moon	शरद पूर्णिमा	N
has	[के] पास है	V
hash	कीमा	N
hash	चरस	N
hashish	चरस	N
hasp	कुण्डी	N
hassle	परेशानी	N
hassle	परेशानी करना	V
hassock	पूजा का आसन	N
haste	जल्दबाजी	N
hasten	जल्दी करना	V
hasty	जल्दबाजी-भरा	Adj
hastily	जल्दबाजी से	Adv
hat	टोपी	N
hat pin	टोप की पिन.	N
hat trick	क्रिकेट में तीन खिलाड़ियों को लगातार आउट करना.	N
hatband	टोपी की सजावटी पट्टी	N
hatch	द्वार	N
hatch	अंडे सेना	V
hatchery	अण्डज उत्पत्तिशाला	N
hatchback	कार का पिछला ढालुआँ द्वार	N
hatchet	कुल्हाड़ी	N
hatchet faced	लम्बा चेहरा व तीखे नाक-नक़्श	Adj
hatchet job	किसी के मान सम्मान को धक्का पहुँचाना	N
hate	घृणा करना	V
hate	घृणा	N
hateful	घृणित	Adj
hatred	घृणा	N
hatter	टोपी विक्रेता	N
haughty	घमंडी	Adj
haughtily	अहंकारपूर्वक	Adv
haughtiness	दंभ	N
haul	जाल में फँसी हुई मछलियों की राशि	N
haulage	ढुलाई	N
haulier	परिवहन व्यवसायी	N
haunch	नितम्ब	N
haunt	प्रेत के रूप में जाते रहना	V
haunted	भुतहा	Adj
haunting	बार बार याद आने वाला.	Adj
hauntingly	बार बार याद आने से	Adv
haute couture	उन्नत फैशनवाले कपडे	N
haute cuisine	कौशलपूर्वक किया हुआ पाक विद्या	N
hauteur	दर्प	N
have	पास होना	V
haven	बन्दरगाह	N
haversack	झोला	N
have to	संबन्ध रखना	V
havoc	विनाश	N
haw	लाल नागफनी.बताना.	N
hawk	बाज़-पक्षी	N
hawkish	आक्रमणशील	Adj
hawk eyed	तीक्षणदृष्टि	Adj
hawk	फेरी लगाकर माल बेचना	V
hawker	फेरीवाला	N
hawser	जहाज को खींचने का मोटा तार	N
hawthorn	नागफनी	N
hay	सूखी घास	N
hay fever	परागज ज्वर	N
hay making	कटी घास को सुखानेके लिये फैलाने का तरीका.	N
haystack	घास-भूसे का ढेर	N
haywire	?	Adj
hazard	खतरा	N
hazardous	खतरनाक.	Adj
haze	उलझन	N
haze	परेशान करना	V
hazel	पिंघल वृक्ष	N
hazelnut	पिंगल फल	N
hazy	धुंध से भरा	Adj
hazily	धुँधलापन से	Adv
he	वह	Pron
he-man	एक बलिष्ठ व्यक्ति	N
head	सिर	N
headed	सिरवाला	Adj
headless	बिना नेता का	Adj
head butt	सिर से जोर से मारना	N
head dress	शिरोवस्त्र	N
head hunter	भर्ती कराने वाला कार्यकर्ता	N
head of state	राज प्रमुख	N
head on	आमने सामने	Adj
head to head	विवादित विषय का मुकाबला	Adj
head wind	अनुकूल हवा	N
headache	सिर दर्द	N
head band	सिरबंध	N
head board	पलंग का सिरहाने की तख्ता	N
head count	गिनने का ढंग	N
header	सिर के बल जलाशय में कूदना	N
headgear	सिर की टोपी	N
heading	शीर्षक	N
headlamp	हेडलैंप[वाहनों का अग्रदीप]	N
headland	अंतरीप	N
headlight	इंजन; कार आदि में आगे की रोशनी	N
headline	शीर्षक	N
headlines	मुख्य समाचार	N
headlong	बड़ी तेजी से	Adv
headman	मुखिया	N
headmaster	प्रधानाध्यापक	N
headmistress	प्रधानाध्यापिका	N
headphones	कान में सुनने का यंत्र	N
headquarters	मुख्यालय	N
headquartered	मुख्यालय का	Adj
headrest	सिरहाना	N
headroom	अन्तराल	N
headscarf	सिर पर बाँधने का रुमाल	N
headset	सुनने के यन्त्रों का सेट	N
headship	नेतृत्व	N
headstone	समाधि-शिला	N
headstrong	हठी	Adj
headteacher	मुख्यशिक्षक	N
headwater	किसी नदी की सहायक नदियाँ.	N
headway	गति	N
headword	प्रमुख शब्द	N
heady	मादक	Adj
heal	स्वस्थ होना	V
healer	घाव भरने वाला	N
health	स्वास्थ्य	N
healthful	स्वास्थ्यप्रद	Adj
healthcentre	स्वास्थ्य केन्द्र	N
healthfarm	स्वास्थ्य सुधारने का स्थान	N
health food	स्वास्थ्यप्रद भोजन	N
health service	स्वास्थ्य सेवा	N
health visitor	रोगियों को उनके घर जाकर देखने वाला	N
healthy	स्वस्थ	Adj
healthily	आरोग्य से	Adv
healthiness	स्वस्थता	N
heap	ढ़ेर	N
heap	ढेर लगाना	V
hear	सुनाई देना	V
hearer	श्रोता; सुनने वाला	N
hearing	सुनने की शक्ति	N
hearing aid	श्रवण यंत्र	N
hearken	ध्यान से सुनना	V
hearsay	अफ़वाह	N
hearse	शव वाहन	N
heart	ह्रदय	N
hearted	भावनाओं का	Adj
heartless	निष्ठुर	Adj
heartlessly	निर्दयतासे	Adv
heartlessness	निर्दयता	N
heart attack	दिल का दौरा	N
heart failure	ह्रदयगति का रुकना	N
heart rending	ह्रदयविदारक	Adj
heart-stopping	दिल थामने वाला	Adj
heart to heart	दिल ही दिल में	N
heart warming	सुखद	Adj
heartache	गहन खिन्नता	N
heartbeat	दिल की धड़कन	N
heartbreak	हृदयविदारण	N
heartbreaking	ह्रदयविदारक	Adj
heartbroken	शोकार्त	Adj
heartburn	अन्तरदाह	N
hearten	हिम्मत बढ़ाना	V
heartening	उत्साहवर्धक	Adj
heartfelt	हार्दिक	Adj
hearth	अंगीठी	N
hearthrug	आग के पास बैठने का कंबल	N
heartily	ख़ुशी-ख़ुशी	Adv
heartland	केंद्रीय स्थल	N
heartstring	अनुराग	N
heartthrob	दिल की धड़कन	N
hearty	हार्दिक	Adj
heartiness	हार्दिकता	N
heat	ऊष्मा	N
heat	गरम करना	V
heated	आवेगपूर्ण	Adj
heatedly	क्रोधपूर्वक	Adv
heater	पानी या कमरे को गरम करने वाला यंत्र.	N
heating	गरम करने की पद्धति	N
heath	झाड़ियों से भरा भूखंड	N
heathen	नास्तिक	N
heather	फूलों वाली झाड़ी	N
heath robinson	बिना काम करने वाले पेचीदा मशीन	Adj
heatstroke	लू लगना	Adj
heatwave	गर्म हवा	N
heave	जोर लगाकर उठाना	V
heave	उत्क्षेपण	N
heaven	स्वर्ग	N
heavenward	स्वर्ग की ओर	Adv
heavenly	दिव्य	Adj
heavy	भारी	Adj
heavily	भारसहित; ज़्यादा	Adv
heavy duty	मजबूत बनी हुई.	Adj
heavy handed	भद्दा	Adj
heavy hearted	दुखी	Adj
heavy industry	भारी उद्योग	N
heavy metal	मजबूत धातु	N
heavyweight	सामान्य से अधिक मोटा आदमी	N
hebraic	यहूदी	N
hebrew	यहूदी	N
heck	झल्लाहट की अभिव्यक्ति.	N
heckle	बीच बीच में[प्रश्नों से] टोकना	V
heckler	प्रश्न पूछने वाला	N
hectare	खेत का नाप 10000 व.मी	N
hectic	चहल-पहल भरा	Adj
hector	डराना-धमकाना.	V
hedge	बाड	N
hedging	बाड़ लगाना	V
hedgehog	साही	N
hedgerow	झाड़ियों की पंक्ति	N
hedonist	आनंदजीवी	N
hedonistic	आनंदभोगी	Adj
heeble-jeebies	घबराहट और विषाद	N
heed	ध्यान देना	V
heed	सावधानी	N
heedful	सतर्क	Adj
heedless	असावधान	Adj
heedlessly	असावधानी से	Adv
hee-haw	रेंकना	N
heel	एक ओर झुकना	V
heel	एड़ी	N
hefty	बोझिल	Adj
heftily	ह्रष्ट पुष्टतासे	Adv
hegemony	आधिपत्य	N
heifer	बछिया	N
height	ऊँचाई	N
heighten	बढ़ा देना	V
heinous	घृणित	Adj
heinously	नृशंसता से	Adv
heinousness	दुष्टता	N
heir	उत्तराधिकारी	N
heiress	उत्तराधिकारिणी	N
heirloom	पैतृक सम्पत्ति	N
heist	डाका	N
helical	कुंडलाकार	Adj
helicopter	हेलिकोप्टर	N
heliotrope	सुगन्धित बेंगनी वर्ण के पुष्प	N
heliport	हेलिकोप्टर उतरने का स्थान	N
helium	रंगहीन गेस	N
helix	कुण्डलाकार पदार्थ	N
hell	नरक	N
hellish	नारकीय	Adv
hell-bent	कृतसंकल्प	Adj
hell-hole	बुरा स्थान	N
hellene	युनानी	Adj
hellenic	युनानी	Adj
helm	पतवार	N
helmsman	मल्लाह	N
helmet	शिरस्त्राण	N
helmeted	टोप धारण किये हुए.	Adj
help	सहायता करना	V
helper	सहायता करनेवाला	N
helping	एक समय में परोसे जाने वाले भोजन की मात्रा	N
help	सहायता	N
helpful	सहायक	Adj
helpfully	मददगार	Adj
helpfulness	मदद	N
helpless	असहाय	Adj
helplessly	लाचार से	Adv
helplessness	निराश्रयता	N
helpline	किसी की मुसीबत में सहायक होना.	N
helter-skelter	अस्त-व्यस्त	Adv
hem	किनारा[कपडे का]	N
hem	घेरा डालना	V
hemisphere	गोलार्ध	N
hemispherical	अर्धगोलाकार.	Adj
hemline	वस्त्र का निचला किनारा	N
hemlock	सफेद पुष्प का विषैला पौधा	N
hemp	सन	N
hen	मुर्गी	N
hen-coop	मुर्गियों को ढकने का टोकरा	N
hen-house	मुर्गियों का दड़बा	N
hen-party	महिलाओं की जलपान गोष्ठी	N
hence	इस कारण से	Adv
henceforth	भविष्य में	Adv
henchman	वफादार समर्थक	N
henna	मेंहदी	N
hennaed	मेंहदी के रंग मे रंगा हुआ	Adj
henpecked	पत्नी द्वारा नियन्त्रित	Adj
hepatitis	यकृत शोथ	N
heptagon	सप्तभुज[रेखागणित]	N
heptagonal	सप्तभुजीय	Adj
her	उसका{स्त्री}	Det
her	उसका{स्त्री}	Adj
hers	उस स्त्री का; उस{स्त्री}_को	Pron
herald	अग्रदूत	N
herald	किसी के आने की सूचना देना	V
heraldic	राजकीय घोषणाओं से संबंधित	Adj
heraldry	वंशावली चिह्नों से संबन्धित कला तथा शास्त्र	N
herb	जड़ी-बूटी	N
herbal	जड़ी-बूटी संबन्धी.	Adj
herbaceous	औषधेय	Adj
herbage	घास-पात	N
herbicide	पौधनाशक पदार्थ	N
herculean	बलशाली	Adj
herd	पशुओं का झुण्ड	N
herd	झुण्ड में एकत्रित होना	V
herdsman	चरवाहा	N
here	इस स्थान पर	Adv
hereabouts	आसपास में	Adv
hereafter	भविष्य में	Adv
hereby	इस माध्यम से	Adv
hereditary	वंशानुगत	Adj
heredity	आनुवंशिकता	N
herein	इस स्थानमें	Adj
hereof	इसका; इसमें से.	Adv
heresy	विरुद्ध मत	N
hereto	इसे; इसको.	Adv
heretofore	अब तक	Adv
herewith	इसके साथ	Adv
heritage	परम्परा	N
hermaphrodite	उभयलिंगी	N
hermetic	हवा बंद	Adj
hermetically	वाद्य प्रभावों से रक्षित	Adv
hermit	तपस्वी	N
hermitage	तपोवन	N
hernia	आँत उतरने का रोग	N
hero	वीर	N
heroine	नायिका	N
hero-worship	महात्माओं की पूजन	N
heroic	वीरतापूर्ण	Adj
heroically	साहस के साथ	Adv
heroic	ओजपूर्ण भाषा	N
heroin	मादक पदार्थ	N
heroism	वीरता	N
heron	बगुला	N
herpes	एक प्रकार का चर्म रोग	N
herring	हिलसा मछली	N
herring-bone	नीचे ऊपर की सिलाई	Adj
herring gull	उत्तरी अटलान्टिक मुर्गाबी	N
herself	वह स्वयं[स्त्री]	Pron
hertz	रेडियो में एक विद्युत तरंग	N
hesitant	संकोची	Adj
hesitancy	संकोच	N
hesitation	हिचकिचाहट	N
hessian	टाट	N
hetero-	विषम	Pref
heterodox	शास्त्र विरुध्द	Adj
hetrodoxy	रूढी विरोध	N
heterogeneous	विजातीय	Adj
heterogeneity	विजातीयता.	N
heterosexual	विपरीत लिंग कामी	Adj
heterosexuality	विषम लिंग कामुकता	N
heuristic	स्वत: शोध करके सीखने से संबंधित.	Adj
heuristics	अनुभव पर आधारित	N
hew	कुल्हाडी से काटना	V
hex	षट्	Comb form
hexagon	षट्भुज	N
hexagonal	षट्कोणीय.	Adj
hexameter	षट्पदी	N
hey	अरे; ए	Interj
heyday	चरम समृध्दि की अवस्था	N
hiatus	अन्तराल	N
hibernate	सुस्ती में जाड़ा बिताना	V
hibernation	सुस्त	N
hibiscus	जवाकुसुम	N
hiccup	हिचकी आना	V
hiccough	हिचकी	N
hickory	अमरीकी वृक्ष	N
hide	गुप्त रखना	V
hide	जानवर की खाल	N
hidden agenda	गुप्त कार्यावली	N
hide-and-seek	बच्चों का खेल	IDM
hide-out	छिपने की जगह	N
hideaway	छिपने की जगह	N
hidebound	संकीर्ण विचारों वाला	Adj
hideous	डरावना	Adj
hideously	विकरालता से	Adv
hiding	गोपनीय	N
hiding-place	छिपने की जगह	N
hierarchy	पदानुक्रम	N
hierarchical	शासक पुरिहित वर्ग	Adj
hieroglyph	चित्रलिपि	N
hieroglyphics	चित्रलिपि से संबंधित	N
hi-fi	अविकृत ध्वनि उत्पन्न करने वाला	Adj
hi-fi	ध्वनि उत्पादक यन्त्र	N
higgledy-piggledy	अस्त-व्यस्त रूप से	Adv
high	पद में ऊँचा	Adj
high-born	उच्च कुल का	Adj
high-chair	बच्चों को खिलाने की ऊँची कुर्सी	N
high-church	इंगलैंड का गिरजाघर जो रीति; बिशप; आदि पर जोर देता है	Adj
high-class	उच्च जाति का	Adj
high-commission	उच्चायोग	N
high-commissioner	उच्चायुक्त	N
high court	उच्च न्यायालय	N
higher education	उच्च स्तरीय शिक्षा	N
high explosive	शक्तिशाली विस्फोटक	N
high flown	उच्च शैली[भाषा की]	Adj
high flyer	सफलता प्राप्ति की इच्छा	N
high flying	ऊँची उड़ान भरना	Adj
high grade	उत्कृष्ट.	Adj
high handed	स्वेच्छाचारी	Adj
high jinks	हँसी मजाक	N
high level	उच्चस्तरीय.	Adj
the high life	रईसी जीवन	N
high-minded	मनस्वी	Adj
high-pitched	ऊँचा[आवाज]	Adj
high point	उच्च स्थिति	N
high powered	उच्च अधिकार संपन्न	Adj
high pressure	अधिक दबाव	N
high ranking	उच्च पदस्थ	Adj
high rise	अट्टालिका	Adj
high road	मुख्य मार्ग	N
high school	उच्च विद्यालय	N
high seas	महासागर	N
high season	व्यस्त समय	N
high sounding	आडम्बरी	Adj
high speed	तीव्र गति	Adj
high spirited	साहसी	Adj
high spot	घटना का विशष्ट अंग	N
high street	मुख्य मार्ग	N
high strung	अतिसंवेदनशील	Adj
high table	उच्च मंच का मेज़	N
high tea	मध्याह्न के अंत व शाम के पहले चाय लेना	N
high- tech	उच्च प्रौद्योगिकीय	Adj
high technology	उच्च प्रौद्योगिकी	N
high tide	उच्च ज्वार	N
high treason	देशद्रोह या राजद्रोह का अपराध	N
high up	उच्च स्थान पर आसीन व्यक्ति	N
high water	पानी की ऊँची सतह	N
high wire	उच्च स्थान का मजबूत रस्सी	N
high	ऊँचा स्थान	N
high	ऊँचाई पर	Adv
highball	तेज शराब	N
highboy	ऊँचा[कद]लडका	N
highbrow	कोविद	Adj
highfalutin	आडम्बरी	Adj
highland	उच्च भूमि	Adj
highland	पर्वतीय भूभाग	N
highlander	स्काटलैंड का	N
highland fling	स्काटलैमड का नृत्य	N
highlights	झलकियाँ	N
highlighter	शब्दों पर जोर व अंकित करने का कलम	N
highly	अत्यधिक ऊँचा	Adv
highness	राजघराने की उपाधि	N
highway	प्रमुख मार्ग	N
highwayman	बटमार	N
hijack	अपहरण करना	V
hijacker	अपहरणकर्ता	N
hijacking	अपहरण	N
hike	पैदल लंबी यात्रा	N
hike	पाद यात्रा करना	V
hiker	पैदल-यात्री	N
hiking	पैदल लंबी यात्रा	N
hilarious	हर्ष-भरा	Adj
hilariously	प्रसन्नता से	Adv
hilarity	हर्षोल्लास	N
hill	छोटी पहाड़ी	N
hilly	पर्वतीय	Adj
hillock	टीला	N
hillside	पहाडी की ढाल	N
hilltop	पहाड़ी की चोटी	N
hilt	कटार या तलवार की मूठ.	N
him	उसको	Pron
himself	स्वयं	Pron
hind	पिछला	Adj
hind	हिरनी	N
hinder	बाधा डालना	V
hindi	हिन्दी	N
hindmost	सबसे पीछेवाली	Adj
hindquarters	पशु की पिछली टाँगों व पुट्ठे का मांस	N
hindrance	अवरोध	N
hindsight	पश्चदृष्टि	N
hindu	भारतीय	N
hinduism	हिन्दुत्व	N
hinge	कब्जा	N
hinge	कब्जे पर घूमना; निर्भर रहना.	V
hint	संकेत{परोक्ष}	N
hint	संकेत देना	V
hinterland	समुद्र या नदी तट के पीछे का प्रदेश	N
hip	नितम्ब; कूल्हा	N
hipped	उत्साह हीन बनाना.भारी कुल्हे वाला	Adj
hip-bath	कटि स्नान	N
hip-flask	शराब की बोतल जो पेंट के पिछले जेब मैं रख ली जाय	N
hip-pocket	पेंट की पिछले जेब.	N
hip	जंगली गुलाब का लाल फल	N
hip	3 प्रसन्नता प्रगट करने वाले शब्द.	N
hip	4 एक दम नई फेशन या संगीत का जानकार; दक्ष	N
hip-hop	?	N
hippie	हिप्पी लोग लम्बे बाल वाले	N
hippo	दरियाई घोड़ा	N
hippopotamus	दरियाई घोड़ा	N
hire	मजदूरी पर रखना; किराये पर लेना	V
hire	किराया; भाड़ा	N
hire hand	?	N
hire purchase	किश्तों पर खरीदना	N
hireling	किराये का टट्टू{पैसा लेकर काम करने वाला}	N
hirsute	रोंयेंदार बालदार	N
his	उसका	Pron
hispanic	स्पेन का	N
hiss	सिसकारना; फुफकारना	V
hiss	सिसकारी; फुफकारी	N
histamine	?	N
historian	इतिहासकार	N
historic	इतिहास- प्रसिध्द	Adj
historical	ऐतिहासिक	Adj
history	इतिहास	N
histrionic	अभिनेताओं का; अभिनय का	Adj
histrionically	?	Adv
hit	प्रहार करना	V
hitter	ताकत से मारने वाला	N
hit-and-miss	मशीन के सभी अंगों का पूर्ण रूप से कामकरना और कभी नहीं करना	Adj
hit-and-run	किसी वाहन द्वारा किसी को चोट मार कर भाग जाना	Adj
hit list	ऐसे व्यक्तियों की सूची जिनकी हत्या की जानी है	N
hit man	पैसे लेकर हत्या करने वाला.पेशेवर हत्यारा	N
hit	आघात; सफल	N
hit parade	अभी के गानों की सबसे अधिक बिकने वालों की सूची	N
hitch	झटके से ऊपर खींचना; बाँधना.हचके मारते हुए चलना	V
hitch	झटका; धक्का; अटकाव	N
hitchhike	दूसरे के वाहन पर मुफ्त सैर करना	V
hi-tech	उच्च प्रोद्यौगिकी	Adj
hither	इस तरफ	Adv
hitherto	अब तक	Adv
hiv	?	N
hive	मधुमक्खियों का छत्ता	N
hoard	खजाना गुप्त धन	N
hoarding	सड़क किनारे लगे विज्ञापन पट	N
hoar-frost	घास पर जमी ओस	N
hoarse	कर्कश	Adj
hoarsely	रूखे स्वरसे	Adv
hoarseness	आवाज़ का फटापन	N
hoary	पुरातन	Adj
hoax	झाँसा	N
hoax	मजाक के तौर पर झाँसा देना	V
hobble	लंगड़ा कर चलना	V
hobby	अभिरुचि	N
hobby-horse	प्रिय विषय	N
hobgoblin	वैताल	N
hobnail boot	चौड़े मत्थे वाली छोटी कील लगे बूट.	N
hobnob	मेलजोल रखना	V
hobo	एक स्थान से दूसरे स्थान पर मजदूरी करने वाला मजदूर	N
hobson's choice	जो कुछ मिले लेना नहीं तो कुछ नहीं लेना.	N
hock	जानवरों के पिछले पैर का जोड़	N
hock	गिरवी रखना	V
hockey	हाकी; एक प्रकार का खेल	N
hockey stick	हाकी खेलने की छड़ी	N
hocus-pocus	जादू मन्तर	N
hod	ईंट ढोने का हत्थेदार बक्स	N
hodgepodge	गड़बड़	N
hoe	कुदाल	N
hog	सुअर	N
hogmanay	वर्ष का अंतिम मनाये जाने वाला दिन	N
hogwash	बेमतलब की बात	N
hoick	ऊपर की ओर उठाना	V
hoi polloi	जन साधारण लोग	N
hoist	ऊपर उठाना	V
hoity-toity	अभिमानी	Adj
hokum	बकवास	N
hold	मजबूती से पकड़ना	V
hold-up	जबरन रोकना	N
hold	पकड़	N
holdall	बिस्तरबंद	N
holder	धारक	N
holding	अधिसंपत्ति	N
holding company	कम्पनी जो शेयर को अपने नियन्त्रण में रखती है	N
holding operation	s	N
hole	छेद	N
hole	छेद बनाना	V
holiday	अवकाश का दिन	N
holiday camp	अवकाश शिविर	N
holiday centre	अवकाश केन्द्र	N
holiday-maker	सैलानी	N
holiness	पवित्रता	N
holistic	पवित्र	Adj
holler	जोर से चिल्लाना	V
hollow	खोखला	Adj
hollowly	दिखावटी	Adv
hollowness	ढोंग	N
holly	एक प्रकार का सदाबहार वृक्ष	N
hollyhock	एक ऊँचा फूल का पौधा	N
holocaust	सर्वनाश	N
hologram	त्रिविमीय फोटोग्राफ की प्रतिनिधित्व	N
holster	पिस्तौल का चमड़े का खोल	N
holy	पवित्र	Adj
the holy city	पवित्र माना गया नगर	N
holy communion	पवित्र विचारों का आदान-प्रदान	N
holy father	पोप	N
holy ghost	दिव्य आत्मा	N
holygrail	अंतिम भोजन के समय येशु द्वारा प्रयुक्त प्याला	N
holy land	फिलस्तीन	N
holy of holies	यहूदियों के मंदिर का सबसे भीतर का भाग	N
holy orders	पुरोहताभिषेक	N
holy spirit	पवित्र आत्मा	N
holy/week	इस्टर रविवार के पहले का सप्ताह	N
holywrit	बाइबिल	N
homage	श्रद्दांजलि	N
home	घर	N
homeless	घरहीन	N
homeless	बेघर का	Adj
homelessness	घरविहीनता	N
homeward	घर की ओर	Adj
home economics	गृह प्रबंध की पढाई	N
home-grown	घर में उपज किया हुआ	Adj
homehelp	घर के काम में मदद करने वाला	N
home-made	स्वदेशी	Adj
home office	गृहमंत्रालय का कार्यालय.	N
home rule	सुराज्य	N
home secretary	गृहसचिव	N
home truth	कटुसत्य	N
home	घरेलू	Adj
home	3परिवार में	Adv
home	घर लौटना	V
homeland	स्वदेश	N
homely	सीधा-सादा	Adj
homeopathy	होमियोपैथी चिकित्सा	N
homeopath	होमियोपैथ चिकित्सक	N
homeopathic	होमियोपैथ की	Adj
homesickness	गृहवियोग	N
homespun	घर का बुना	Adj
homestead	कृषि फार्म	N
homesteader	?	N
homework	गृहकार्य	N
homey	घरजैसा सुखद आरामदेह	Adj
homicide	नरहत्या	N
homicidal	आत्मघाती	Adj
homily	धर्म उपदेश	N
homing	लक्ष्यभेदी मिसाइल	Adj
homogeneous	सजातीय	Adj
homogeneity	सजातीयता	N
homogenized	एकरूप करना	Adj
homograph	समानवर्तनी शब्द जिनके अर्थ भिन्न हो	N
homophone	समध्वनिक शब्द	N
homo sapiens	प्रजाति	N
homosexual	समलिंगकामी	N
hone	पैना करना	V
honest	निष्कपट	Adj
honestly	ईमानदारी से	Adv
honest broker	झगड़ों में मध्यस्थता करने वाला	N
honesty	ईमानदारी	N
honey	शहद	N
honeycomb	छत्ता	N
honeydew melon	खरबूजा	N
honeymoon	मधुमास	N
honk	हंस के काँव काँव करने की आवाज	N
honk	भौंपू बजाना	V
honky-tonk	एक तरह का प्यानो से बजी जाज़ संगीत	N
honor	सम्मान	N
honorable	सम्मान-योग्य	Adj
honorarium	मानदेय	N
honorary	अवेतनिक	Adj
honorific	सम्मानप्रद	Adv
honour	मान सम्मान	N
honour	सम्मान करना	V
honourable	माननीय; सम्माननीय	Adj
honourably	आदरपूर्वक; मानपूर्वक	Adv
hooch	अवैध शराब	N
hood	सिर गर्दन ढकने के लिये टोपी या चोगा	N
hooded	ढकना लगा हुआ	Adj
hoodlum	गुण्डा	N
hoodoo	अपशकुन	N
hoodwink	चालाकी करना	V
hooey	बेमतलब की बात	N
hoof	खुर.	N
hook	कुन्दा	N
hook	काँटे से पकड़ना; गेंद मारने की एक विधि	V
hooked	अंकुशाकार	Adj
hook up	एक ही कार्यक्रम प्रसारित करनेवाले सभी केंद्रों से जुडाव	N
hookah	हुक्का	N
hooker	वैश्या	N
hookworm	अंकुशकृमि	N
hooligan	गेंगस्टर	N
hooliganism	गुंडागर्दी	N
hoop-la	चक्राकार वस्तु का खेल	N
hooray	वाह!	Interj
hoot	शौरगुल	N
hoot	चिल्लाकर भगाना	V
hoover	वेक्यूम क्लीनर	N
hoover	वेक्यूम क्लीन करना	V
hoove	खुर[बहु]	N
hop	एक पैर से कूदना	V
hope	आशा	N
hope	आशा करना	V
hoped-for	वांछित व संभव	Adj
hopeful	आशापूर्ण	Adj
hopeful	आशावान	N
hopefully	आशा से	Adv
hopefulness	आशापूर्णता	N
hopeless	निराश	Adj
hopelessly	निराशा से	Adv
hopelessness	निराशा	N
hopper	अनाज या कोयला खाली करने का स्थान	N
hopscotch	कूदने का बच्चों का खेल	N
horde	भीड़	N
horizontal	समतल क्षितिज के समानंतर	Adj
horizontally	क्षैतिज स्थिति में.	Adv
hormone	अंदरही अंदर खून में मिल कर उत्तेजना पैदा करने वाला तत्व	N
hormonal	हार्मोनल	Adj
horn	सींग	N
horn-rimmed	सींग से बना चश्मे का फ्रेम	Adj
hornet	तेज डंक मारने वाला भिंड	N
hornpipe	नाविकों से संबन्धित एक प्रकार का नृत्य	N
horoscope	जन्मकुंडली	N
horrendous	भयंकर	Adj
horrendously	भयंकरता से	Adv
horrible	डरावना	Adj
horribly	भयंकर रूपसे	Adv
horrid	जघन्य	Adj
horrific	रोमांचकारी	Adj
horrifically	रोमांचकारी ढंग से	Adv
horrify	आतंकित करना	V
horrifying	भयानक	Adj
horrifyingly	भयविह्वलता से	Adv
horror	भय{बीभत्सतालियेहुए}	N
horrors	बापरे!	Interj
horror-struck	बहुत डरा हुआ	Adj
horror-stricken	भयभीत	Adj
hors-d'oeuvre	भोजन से पहले लिया जानेवाला ठंडा भौजन	N
horse	घोड़ा	N
horse chestnut	बन खौर	N
horse-drawn	घोडों से खींचा हुआ	Adj
horse race	घुड़दौड़	N
horse racing	घुडदौडबाज़ी	N
horse sense	सामान्य बुद्धि	N
horse trading	खरीद फरौक्त	N
horseback	घोड़े पर सवार	N
horseback	घोडे का सवार	Adv
horsebox	घोड़े को एक जगह से दूसरी जगह ले जाने का डिब्बा.	N
horseflesh	घोड़े का माँस खाने हेतु.	N
horsefly	घुडमक्खी	N
horsehair	घोड़े के बाल	N
horseman	घुड़सवार	N
horsewoman	घुड़ सवारी करने वाली औरत	N
horsemanship	घुड़ सवारी की कला	N
horseplay	धमाचौकडी	N
horsepower	अश्वशक्ति	N
horseradish	एक कन्द-मूल पौधा जिससे ठंडा सॉस बनता है	N
horseshoe	घोड़े की नाल	N
horsewhip	चाबुक	N
horsy	घोड़े से मिलता जुलता	Adj
horticulture	बागवानी	Adj
horticulturist	उद्यान विशेषज्ञ	N
hose	रबड़ या प्लास्टिक की नली	N
hosepipe	रबड़ का मुड़ने वाला पाइप रेल डिब्बों का वेक्यूम पाइप	N
hosiery	मौजा बनियान गंजी आदि	N
hospice	धर्मशाला	N
hospitable	सत्कार करने वाला	Adj
hospitably	आदर सहित	Adv
hospital	चिकित्सालय	N
hospitalize	अस्पताल में भर्ती करना	V
hospitalization	अस्पताल की भरती	N
hospitality	आतिथ्य	N
host	धिक संख्या	N
host	मेजबान; किसी आयोजन का सूत्रधार	N
hostage	बंधक व्यक्ति	N
hostel	छात्रावास	N
hostelery	सराय	N
hostess	परिचारिका	N
hostile	शत्रुतापूर्ण	Adj
hostility	दुश्मनी	N
hot	गरम	Adj
hotly	गुस्से से	Adv
hot air	अफवाह	N
hot air baloon	गुब्बारा	N
hot-blooded	उत्तेजनशील	Adj
hot cake	गरम चपाती	N
hot cross bun	गोल केक जो गुडफ्राइडे के दिन खाते हैं	N
hot dog	गरम कबाब	N
hot favourite	दौड को जीतने वाला प्रतियोगी	N
hot flush	रजोनिवृत्ति में महिलाओं को उष्णता महसूस करना	N
hot line	सीधी संचार व्यवस्था	N
hot potato	विषम परिस्थिति.	N
hot property	?	N
hot seat	दायित्वपूर्ण पद	N
hot spot	राजनीतिक संकट आने का स्थान	N
hot spring	गरम पानी का सोता	N
hot stuff	प्रतिभाशाली	N
hot tempered	गरम मिजाजी	N
hot water bottle	गरम पानी का आधान	N
hotbed	बुराई के पनपने का अड्डा	N
hotchpotch	गड़बड़	N
hotel	होटल; किराये का विश्राम स्थल.	N
hotelier	होटल चलाने वाला	N
hotfoot	जल्दी-जल्दी	Adv
hothead	उतावला	N
hothouse	शीशे की पौधशाला	N
hotplate	चूल्हा	N
hotpot	अंगीठी में मासँ व शाक को धीरे सिझाना	N
hotshot	सफल व्यक्ति	N
hound	शिकारीकुत्ता	N
hound	पीछे पड़ना	V
hour	घंटा	N
hourly	हर घंटे बाद	Adv
hour hand	घड़ी में घंटा बजाने वाली सुई	N
hourglass	रेत की घड़ी	N
house	घर	N
houseful	पूरा भरा हुआ	N
house arrest	नजर बंदी	N
house husband	घर का संचालन करने वाला व्यक्ति	N
house of commons	निचला सदन	N
house of god	गिरजाघर	N
house of lords	ब्रिटेन का उच्च सदन	N
house of representatives	अमेरिका के चुने हुए सभा के प्रतिनिधि	N
house party	पार्टी जिसमें मेहमान थोडे दिन ठहरते हैं	N
house plant	घर के अंदर उगाया जाने वाला छोटा पौधा	N
house proud	घर की मर्यादा	Adj
house of parliament	संसद भवन	N
house-sit	मकान मालिक की अनुपस्थिति में किराये विना रहना	N
house sitter	मकान मालिक की अनुपस्थिति में मकान की रखवाली करने वाला	N
house to house	घर घर बुलाना	Adj
house trained	सिखाया हुआ[जानवरों को]	Adj
house warming	गृह प्रवेश का पार्टी	N
house	घरमें ठहराना	V
houseboat	शिकारा	N
housebound	घर के अंदर ही बना रहने वाला.	Adj
housebreaking	मकान में सेंध लगाना	N
housebroken	घर का पालतु पशु	Adj
household	घर के सभी लोग	N
householdname	जाना पहचाना नाम	N
householder	घर का मालिक	N
housekeeper	गृहप्रबंधक	N
housekeeping	गृह व्यवस्था	N
housemaid	घरेलु काम करने वाली नौकरानी	N
houseman	किसी अस्पताल का कनिष्ठ डाक्टर	N
housemaster	विद्यालय में छात्रों का व्यवस्थापक	N
housetops	मकान की छत से प्रचार करना	N
housewife	घर की संचालिका	N
housework	घरेलु काम काज	N
housing	घर	N
housing association	कम मूल्य में घर को उपलब्ध करने वाली संस्था	N
house benefit	वास-सुविधा देने वाली स्थानीय कौंसिल	N
house estate	नियोजित घर	N
hove	heave जोर लगाकर उठाना	V
hover	हवा में एक ही जगह चक्कर काटना	V
hovercraft	भूमि व जल में जेट इंजन द्वारा चलने वाली वाहन	N
how	कैसे	Adv
however	फिरभी	Adv
howitzer	एक प्रकारकी छोटी बन्दूक	N
howl	जोर से चीखना	V
howler	बड़ी भारी गलती	N
howling	महान सफलता	Adj
hp	अश्वशक्ति[इंजन की]	N
hub	चक्रनाभि	N
hub cap	हबकैप	N
hubbub	शोरगुल	N
hubby	पति	N
hubris	दर्प	N
huckster	फेरीवाला	N
huddle	भीड़ लगाना	N
huddled	छल्लेदार	Adj
hue	विविध रंग	N
huff	क्रुद्ध हो जाना	V
huff	झुंझलाहट	N
huffy	झुंझलाया हुआ	Adj
hug	सीने से लगाना	V
hug	आलिंगन	N
hulk	टूटा हुआ पुराना जहाज	N
hulking	स्थूलकाय	Adj
hull	हाज का ढाँचा	N
hull	छिलका उतारना	V
hullabaloo	कोलाहल	N
hum	गुनगुनाना	V
hum	गुंजन	N
human	मानवीय	Adj
human error	मानवीय भूल	N
human	मानव	N
humankind	मनुष्य मात्र	N
humanly	मानवीयतौर पर	Adv
human being	मानव	N
human interest	मानव की अभिरुचि	N
human race	मानव जाति	N
human rights	हरएक मनुष्य के मूलभूत अधिकार	N
humane	दयालु	Adj
humanely	मानवीयता से	Adv
humannism	मानवतावाद	N
humanist	मानवता का	Adj
humanitarian	परोपकारी	N
humanitarianism	परोपकारवाद	N
humanity	मानवजाति	N
humanize-ise	सभ्य बनना.	V
humanoid	शक्ल में मानव जैसा	Adj
humanoid	मानव जैसा प्राणी.	N
humble	नम्र; विनीत; सीधा सादा	Adj
humble	नीचादिखाना	V
humbly	विनय पूर्वक	Adj
humbug	धोखेबाज	N
humdinger	श्रेष्ठ व्यक्ति या वस्तु	N
humdrum	नीरस	Adj
humerus	पगंडिका	N
humid	नम	Adj
humidifier	वायु को नम रखनेवाला उपकरण	N
humidity	नमी	N
humiliate	नीचा दिखाना	V
humiliation	अवमानना	N
hummock	पहाड़ी टीला	N
humorous	विनोदी	Adj
humorously	विनोद से	Adv
humour	हास्यवृत्ति	N
humourless	?	Adj
hump	मिट्टी का टीला	N
hump	कूबड़ उठाना; प्रयास करना	V
humped	कुबडा	Adj
humpback bridge	ऊपर नीचे आने वाली मेहराब जैसा छोटा पुल	N
humus	खाद मिट्टी	N
hunch	अंतर्ज्ञान	N
hunch	झुकाना	V
hunched	झुकाया	Adj
hunchback	कुबड़ा	N
hundred	सौ; शत	N
hundreds	सैंकड़ों	N
hundredth	सौंवाँ	N
hundred weight	0पौंड{तौल की अमेरिकी इकाई}	N
hung	टँगा	Adj
hung over	?	Adj
hunger	भूख	N
hunger march	बेरोजगार युवकों द्वारा लोगो कोअपनी परेशानी अवगत कराने हेतु यात्रा	N
hunger marcher	अनशन यात्रा	N
hunger strike	भूख हड़ताल	N
hunger striker	भूख हड़ताल करने वाला	N
hungry	भूखा	Adj
hungrily	भूखसे	Adv
hunk	एक बड़ा टुकड़ा जो किसी चीज में से काटा गया हो	N
hunt	शिकार करना	V
hunter	शिकारी	N
hunting	शिकार का खेल	N
hunting ground	स्थान जहाँ वस्तु को खोजा जा रहा हो	N
hunt	आखेट यात्रा	N
huntsman	शिकारी	N
hurdle	फाँद	N
hurdle	बाधा उछल कर पार करना	V
hurdling	बाधा पार करते हुए	N
hurdy gurdy	एक प्रकार का ढोल बाजा	N
hurl	जोर से फेंक कर मारना	V
hurling	एक प्रकार का गेंद का खेल	N
hurly burly	हड़बड़ी	N
hurrah	वाह-वाह; खुशी से चिल्लाना	Interj
hurricane lamp	तूफान	N
hurry	बहुत जल्दबाजी	N
hurry	जल्दी करना	V
hurt	क्षति पहुँचाना	V
hurt	आहत	Adj
hurt	चोट	N
hurtful	दुख:दायी	Adj
hurtfully	चोट पहुँचाते हुए	Adv
hurtle	तड़ तड़ या खड़ खड़ शब्द करते हुए आगे बढ़ना	V
husband	पति	N
husband	मितव्ययता के साथ प्रबंध करना	V
husbandry	कृषिकर्म	N
hush	चुप हो जाना	V
hush	शान्ति	N
hush money	रिश्वत	N
husk	छिलका	N
husk	भूसी निकालना	V
husky	भर्रायी हुई आवाज	Adj
huskily	कर्कश आवाज़ से	Adv
huskiness	भूसापन	N
husky	एस्किमो कुत्ता	N
hussar	हल्का हथियार वाला घुडसवार सैनिक	N
hustings	चुनावपूर्व की राजनैतिक गतिविधियाँ	N
hustle	धक्का देना	V
hut	झोंपड़ी.छोटा घर	N
hutch	खरगोश का पिंजरा	N
i	अंग्रेजी वर्णमाला का नवाँ अक्षर	N
i	मैँ{सर्वनाम}	Pron
-ial	-ईय	Suffix
iambic	लघु-गुरुचरणवाला	Suffix
-ian	प्रत्यय	Suffix
-iana	का	Suffix
ibex	आल्पस पर्वत का ज़ँगली बकरा	N
-ibid	उसी स्थान पर	Adv
ibm	एक बहु राष्ट्रीय कंपनी	N
ibis	सारस के प्रकार का एक पक्षी	N
ice	बरफ़	N
ice-age	बर्फीला युग	N
ice-axe	बर्फ काटने की कुल्हाड़ी	N
ice-blue	हल्का नीला रंग	Adj
ice-blue	हल्का नीला रंग	N
ice-bound	बरफ से ढ़का हुआ	Adj
ice-breaker	बर्फ़ में रास्ता बनाने के लिए बनाया गया जहाज़	N
ice cap	बरफ़ से ढ़का हुआ	N
ice-cold	बहुत बड़ी बर्फ के जैसी ठंड़ी	Adj
ice cream	मलाई बरफ़	N
ice-cube	बर्फ़ के छोटे टुकड़े	N
ice field	बर्फ का बड़ा तैरता हुआ टुकड़ा	N
ice floe	समुद्र में तैरता हुआ बर्फ का टुकड़ा	N
ice hockey	बरफ में खेले जाने वाला खेल	N
ice lolly	बरफ की मिठाई	N
ice pack	बरफ की थैली	N
ice pick	बर्फ को तोड़ने का औज़ार	N
ice rink	एक प्रकार की बर्फीली चादर	N
ice water	बहुत ठंड़ा पानी	N
iceberg	बहता हुआ हिमखण्ड़	N
icebox	बर्फ रखने का डिब्बा	N
icing	केक को सजाने के लिए तैयार किया मिश्रण	N
icon	प्रतिमा; मूर्ति	N
iconoclast	रिवाज़ तोड़नेवाला	N
icy	बरफ से ढ़का हुआ	Adj
id	परिचय	Abbr:identity
id card	परिचय पत्र	Abbr:identity card
idea	विचार; योजना; मत; अनुमान; जानकारी; सुझाव	N
ideal	पूर्ण; अभीष्ट; काल्पनिक; आदर्श	Adj
idealism	आदर्शवाद	N
idealist	आदर्शवादी	N
idealistically	आदर्शरूपमें	Adv
idealization	आदर्शीकरण	N
ideate	कल्पना करना	V
ideation	विचारण	N
identify	पहचानना	V
identification	समीकर	N
identikit	टुकड़ों को जोड़कर बनाई गयी तसवीर	N
identity	पहचान	N
identity crisis	पहचानअभाव	N
ideogram	एक तरह का चिह्न जो किसी भावना का प्रतीक हो	N
ideology	एक सर्वमान्य विचार	N
ideological	आदर्शपूर्ण	Adj
ideologically	आदर्शीकरणता से	Adv
idiocy	पूर्ण अज्ञानता	N
idiolect	He is an idiolect.	N
idiom	मुहावरा	N
idiomatic	मुहावरेदार	Adj
idiosyncrasy	मानसिक घटना या प्रवृत्ति की विशेषावस्था	N
idiosyncratic	विशेष जाती स्वभाव या प्रवृत्ति	Adj
idiot	पागल; मूर्ख	N
idiotic	मूर्ख	Adj
idiotically	मूर्खता से	Adv
idle	व्यर्थ	Adj
idle	कुछ नहीं करना	V
idleness	आलस्य	N
idly	लक्ष्यहीनरूपसे	Adv
idol	प्रतिमा	N
idolater	मूर्ति पूजक	N
idolatrous	प्रतिमाराधक	Adj
idiolatry	मूर्ति पूजा	N
idiolize	पूजा करना	V
if	मानो	Conj
if not	नहीं तो	Conj
if only	अग़र ऐसा	Conj
if so	यदि ऐसा है तो	Conj
iffy	संशयात्मक	Adj
ify	-करना	Suffix
igloo	एस्किमो की झोपड़ी	N
igneous	अग्नि सम्बन्धी	Adj
ignite	सुलग़ना	V
ignition	प्रज्वलन	N
ignoble	नीच	Adj
ignominy	तिरस्कार	N
ignominious	निन्द्य	Adj
ignoramus	मूर्ख	N
ignorance	अज्ञान	N
ignorant	अज्ञानि	Adj
ignore	अवज्ञा करना	V
iguana	गोधा	N
ilk	उसी का	N
ill	अस्वस्थता	N
ill at ease	घबराया हुआ	IDM
ill advised	कुमंत्रित	Adj
ill bread	असभ्य	Adj
ill concealed	ठीकसेनछुपायाहुआ	Adj
ill defined	कुपरिभाषित	Adj
ill fated	अभागा	Adj
ill got	छल या बेईमानि से प्राप्त	Adj
ill judged	नासमझपूर्ण	Adj
ill mannered	बुरा स्वभाव	Adj
ill natured	बुरे_स्वभाववाला	Adj
ill prepared	तैयार न होना	Adj
ill starred	गलतनक्षत्रोंमें	Adj
ill tempered	क्रोधी	Adj
ill treat	दुर्व्यवहार करना	V
illegal	नियम विरुद्ध	Adj
illegible	अस्पष्ट	Adj
illegitimate	अवैध	Adj
illiberal	कंजूस; अनुदार	Adj
illicit	नियम या व्यवहार विरुद्ध; अवैध	Adj
illiterate	अशिक्षित	Adj
illeteracy	निरक्षरता; मूढ़ता	N
illness	रोग	N
illogical	न्यायविरुद्ध	Adj
illuminate	प्रकाशयुक्त करना	V
illumination	द्युति	N
illusion	भ्रांति	N
illusory	मायावी	Adj
illustrate	व्याख्या करना	V
illustrative	दृष्टान्त देनेवाला	Adj
illustrious	प्रख्यात	Adj
ilo	International labor organization.	N
image	प्रतिमा; प्रतिबिंब	N
imagery	आकृति	N
imaginable	कल्पनीय	Adj
imaginary	काल्पनिक	Adj
imagination	भावना	N
imaginative	कल्पनाशील	Adj
imagine	विचार करना	V
imam	इमाम	N
imbalance	असंतुलित	N
imbecile	मूर्ख	N
imbecility	मूढता	N
imbibe	पीना; आत्मसात करना	V
imbroglio	अव्यवस्था	N
imbue	भर देना	V
imf	International monetary fund	N
imitate	नक़ल करना	V
imitation	नकली; अनुकरण	N
imitative	अनुकरणशील	Adj
immaculate	शुद्ध	Adj
immaterial	अनावश्यक	Adj
immature	अपरिपक्व	Adj
immeasurable	अपरिमित	Adj
immediate	अव्यवहित	Adj
immediacy	कालिकसन्निकटता	N
immediately	तत्काल	Adv
immemorial	अति प्राचीन	Adj
immense	अमित	Adj
immensity	अनंतता	N
immerse	डुबाना	V
immersion	निमज्जन	N
immigrant	देशांतर में बसनेवाला	N
imminent	सन्निकटत	Adj
immobile	स्थिर	Adj
immobilize	अचल करना	V
immoderate	अत्यंत	Adj
immodest	निर्लज्ज	Adj
immoral	अनैतिक	Adj
immortal	अमर	Adj
immortality	?	N
immortalize	अमर बनाना	V
immovable	अचल	Adj
immune	उन्मुक्त	Adj
immunity	उन्मुक्ति	N
immunize	उन्मुक्त करना	V
immunization	प्रतिरक्षण	N
immure	बंद करना	V
immutable	अपरिवर्तनीय	Adj
imp	छोटा प्रेत या पिशाच	N
impact	प्रभाव; टक्कर	V
impair	बिगाड़्ना	V
impale	छेदना	V
impalpable	न समझने योग्य	Adj
impart	प्रदान करना	V
impartial	अपक्षपाती	Adj
impartiality	अपक्षपात	N
impassable	अगम्य	Adj
impasse	बंद गली	N
impassioned	जोशीला	Adj
impassive	भावना शून्य	Adj
impatient	अधीर	Adj
impatience	अधैर्यता	N
impatiently	अधीरत से	Adv
impeach	महाभियोग लग़ाना	V
impeachable	दोष लगाने योग्य	Adv
impeccable	निर्दोष	Adj
impecunious	निर्धन	Adj
impedance	प्रतिबाधा	N
impede	रोकना	V
impediment	विघ्न	N
impedimentalla	प्रतिबन्धकसामान	Adj
impel	प्रेरित करना	V
impending	आसन्न	Adj
impenetrable	अभेद्य	Adj
impenetrability	अभेद्यता	N
imperative	अनिवार्य; आदेश सूचक	Adj
imperceptible	अतीन्द्रिय	Adj
imperfect	त्रुतिपूर्ण	Adj
imperfection	दोष	N
imperial	शाही; प्रतापी	N
imperialism	साम्राज्यवाद	N
imperialist	साम्राज्यवादी	N
imperil	जोखिम में ड़ालना	V
imperious	उद्धत	Adj
imperishable	अविनाशी	Adj
impermanent	नश्वर	N
impermeable	अभेद्य	Adj
impersonal	निरपेक्ष	Adj
impersonate	पररूप धारण करना	V
impersonation	अभिनय करना	N
impertinent	दृष्ट	Adj
imperturbable	अविचलित	Adj
impervious	अभेद्य	Adj
impetigo	चर्मपूय	N
impetuous	जल्दबाज़	Adj
impetus	गतिबल	N
impiety	अश्रद्धा	N
impinge	टकराना	V
impious	अधर्मी	Adj
impish	नटखट	Adj
implacable	कठोर	Adj
implant	बैठाना; बैठना	V
implausible	अविश्वास्य	Adj
implement	उपकरण	N
implementation	कार्यान्वयन	N
implicate	फ़ँसाना	V
implication	विवक्षा; उलझन	N
implicit	अंतर्निहित; निर्विवाद	Adj
implode	अंतःविस्फोटहोना	V
implore	प्रार्थना करना	V
imply	का अर्थ होना	V
impolite	अशिष्ट	Adj
impolitic	अनुचित	Adj
imponderable	अतिसूक्ष्म	Adj
import	आयात करना	V
importer	आयातकर्ता	N
important	महत्वपूर्ण	Adj
importance	महत्व	N
importantly	आवश्यक रूप में	Adv
importunate	दुराग्रही	Adj
importation	आयात	N
importune	हठ करना	V
impose	लागू करना	V
imposing	प्रभावशाली	Adj
imposition	आरोपण	N
impossible	असम्भव	Adj
impossibility	असम्भवता	N
impossibly	असम्भाव्य रूप में	Adv
impostor	धोखेबाज़	N
imposture	धोखेबाज़ी	N
impotent	शक्तिहीन	Adj
impotence	कमज़ोरी	N
impotently	नपुंसकता से	Adv
impound	ज़ब्त करना	V
impoverish	अशक्त कर देना	V
impoverishment	दरिद्रता	N
impracticable	अव्यवहारिक	Adj
impracticability	अव्यवहारिकता	N
impractical	अव्यवहार्य	Adj
impracticality	अव्यवहारिकता	N
imprecation	अभिचार	N
imprecise	असंक्षिप्त	Adj
imprecisely	असंक्षिप्तरूपसे	Adv
impregnable	अजेय	Adj
impregnate	से व्याप्त करना; गर्भादान करना	V
impresario	संचालक	N
impress	प्रभावित करना	V
impression	छाप	N
impressionism	प्रभाववाद	N
impressionist	प्रभाववादी	N
impressionistic	प्रभावात्मक	Adj
impressionable	आशुप्रभावित	Adj
impressive	प्रभावशाली	Adj
impressively	प्रभावपूर्णढंगसे	Adv
imprimatur	मुद्रणानुमति	N
imprint	मन में बैठा देना	V
imprint	छाप	N
imprison	क़ैद करना	V
imprisonment	क़ैद	N
improbable	असम्भाव्य	Adj
improbability	असम्भाव्यता	N
improbably	असम्भाव्य रूप से	Adv
impromptu	तात्कालिक	Adj
improper	अनुचित	Adj
improperly	अनुचित रूप से	Adv
impropriety	अनौचित्य	N
improve	सुधारना; सुधरना	V
improvement	सुधार	N
improvident	अदूरदर्शी	Adj
improvidence	अदूरदर्शी	N
improvise	तत्काल तैयार करना	V
improvisation	अप्रस्तुत या आशु रचना	N
imprudent	उद्धत	Adj
imprudence	अविवेकिता	N
imprudently	असावधानी से	Adv
impudent	निर्लज्ज	Adj
impudence	निर्लज्जता	N
impugn	पर संदेह करना	V
impulse	आवेग	N
impulsive	आवेगी	Adj
impulsively	आवेगशील	Adv
impulsiveness	आवेगिता	N
impunity	दण्डमुक्ति	N
impure	अनिर्मल	Adj
impurity	अशुद्धता	N
impute	दोष लगाना	V
imputation	आरोपण; लाछन	N
in	अन्दर	Adv
in	में; से; का	Prep
ins and outs	पूरा विवरण	N
in	इंच	Abbr:inch
inability	असामर्थ्य	N
inaccessible	अगम्य	Adj
inaccessibility	अगम्यता	N
inaccurate	अशुद्ध	Adj
inaccuracy	अशुद्धि	N
inaccurately	अशुद्धि से	Adv
inaction	निष्क्रियता	N
inactive	निष्क्रिय	Adj
inactivity	निष्क्रियता	N
inadequate	अपर्याप्त	Adj
inadequacy	अपर्याप्तता	N
inadequately	अयोग्यता से	Adv
inadmissible	अस्वीकार्य	Adj
inadvertent	असावधान	Adj
inadvertently	असावधानी से	Adv
inadvertence	असावधानी	N
inadvisable	अनुचित	Adj
inalienable	अनपहार्य	Adj
inane	शून्य; अचेत	Adj
inanely	निरर्थकता से	Adv
inanity	शून्यता	N
inanimate	अचेतन	Adj
inapplicable	अप्रयोज्य	Adj
inappropriate	असंगत	Adj
inappropriately	अनुपयुक्तरूपसे	Adv
inappropriateness	अनुपयुक्तता	N
inapt	अनुपयुक्त; अयोग्य	Adj
inaptly	अनुचितरूपसे	Adv
inaptness	अनुपयुक्तता	N
inarticulate	अव्यक्त	Adj
in-as-much-as	इससे; चुँकि	Conj
inattention	उपेक्षा	N
inattentive	असावधान	Adj
inaudible	अश्राव्य	Adj
inaugural	आरम्भ	Adj
inaugurate	उद्घाटन करना	V
inauguration	प्रतिष्ठापन; शुभारम्भ	N
inauspicious	अशुभ	Adj
inauthentic	अप्रमाणिक	Adj
inauthenticity	अप्रमाणिकता	N
inboard	भीतरी	Adj
inborn	प्रकृतिक	Adj
inbred	सहज	Adj
inbreeding	अन्तः प्रजनन	N
inbuilt	प्राकृतिक बनावट	Adj
incalculable	गणनातीत	Adj
incandescent	उत्ताप से चमकनेवाला	Adj
incantation	जादू-टोना	N
incapable	अयोग्य	Adj
incapacitate	अयोग्य बनाना	V
incapacity	असामर्थ्य	N
incarcerate	क़ैद करना	V
incarnate	शरीरधारी	Adj
incarnation	अवतारण	N
incautious	असावधान	Adj
incendiary	दाहक	Adj
incense	सुगंध	N
incense	नाराज़ करना; गुस्सा दिलाना	V
incentive	प्रेरणादायक	N
inception	आरम्भ	N
incessant	सतत	Adj
incest	व्यभिचार	N
incestuous	व्यभिचारी	Adj
inch	इंच	N
inch by inch	धीरे-धीरे	N
inch	धीरेधीरेआगेबढ़ना	V
inchoate	अपक्व	Adj
incidence	आपतन{भार}	N
incident	घटना	N
incidental	प्रासंगिक	Adj
incidentally	अकस्मात	Adv
incinerate	भस्म कर देना	V
incineration	भस्मीकरण	N
incinerator	भस्मक	N
incipient	प्रारंभी	Adj
incise	उत्कीर्ण करना	V
incision	चीरा	N
incisive	तीक्ष्ण	Adj
incisor	छेदक	N
incite	उत्तेजित करना	V
incitement	उत्तेजन	N
incivility	अशिष्टता	N
inclement	तेज़	Adj
inclination	झुकाव	N
incline	झुकना; झुकाना	V
inclined	प्रवृत्त	Adj
inclose	घेरना	V
inclosure	संलग्न पत्र	N
include	सम्मिलित करना	V
including	सम्मिलित करते हुए	Prep
inclusion	समावेशन	N
inclusive	को मिलाकर	Adj
incognito	अज्ञात या गुप्त रूप से	Adv
incoherent	असंबद्ध	Adj
incoherence	असंबद्धता	N
income	आय	N
incoming	आगमिक	Adj
incommensurable	अतुलनीय	Adj
incommensurate	असमानुपात	Adj
incommode	कष्ट देना	V
incommunicado	सम्पर्क-वर्जित	Adj
incomparable	अद्वितीय	Adj
incomparability	अद्वितीयता	N
incomparably	अतुलनीय रूप में	Adv
incompatible	असंगत	Adj
incompatibility	असंगति	N
incompetent	अयोग्य	Adj
incompetence	अयोग्यता	Adv
incomplete	अपूर्ण	Adj
incompletely	अपूर्णता से	Adv
incompleteness	अपूर्णता; अधूरापन	N
incomprehensible	अबोध्य	Adj
incomprehensibility	अबोधता	N
incomprehensibly	अज्ञान; अबोध्यता	Adv
incomprehension	अबोध्यता	N
inconceivable	अचिन्त्य	Adj
inconceivably	अचिन्त्यनीयता	Adv
inconclusive	अनिर्णायक	Adj
inconclusively	अनिश्चिति से	Adv
incongruous	असंगत	Adj
incongruity	विसंगति; बेतुकापन	N
incongruously	असंगतरूपसे	Adv
inconsequential	महत्त्वहीन	Adj
inconsequentially	असंगतता से	Adv
inconsiderable	अल्प	Adj
inconsiderate	बेलिहाज़	Adj
inconsiderately	ला परवाह से	Adv
inconsistent	असंगत	Adj
inconsolable	असांत्वनीय	Adj
inconsolably	असांत्वनीय रूप से	Adv
inconspicuous	अस्पष्ट	Adj
inconspicuously	अस्पष्टता से	Adv
inconstant	अस्थिर	Adj
inconstancy	अस्थिरता	N
incontestable	निर्विवाद	Adj
incontestably	अविवाद्य रूप में	Adv
incontinent	असंयमी	Adj
incontinence	असंयम	N
incontrovertible	अविवाद्य	Adj
inontrouestibly	निर्विवाद रूप से	Adv
inconvenience	असुविधा	N
inconvenient	असुविधापूर्ण	Adj
inconveniently	?	Adv
incorporate	सम्मिलित करना	V
incorporated	समाविष्ट	Adj
incorporation	समावेशन	N
incorporeal	अशरीरिक	Adj
incorrect	अशुद्ध	Adj
incorrectly	अशुद्ध रूप से	Adj
incorrectness	अशुद्धता	N
incorrigible	असुधार्य	Adj
incorrigibly	असुधार्यरूपसे	Adv
incorrupt	अभ्रष्ट	Adj
incorruptible	भ्रष्टनकियाजासके	Adj
incorruptibility	भ्रष्टनकियेजासकना	N
incorruptibly	भ्रष्टनकियेजासकनेतक	Adv
increase	वृद्धि करना[होना]	V
increasingly	अधिकमात्रामें	Adv
incredible	अविश्वसनीय	N
incredibly	अविश्वसनीयरूपसे	Adv
incredulous	अविश्वासी	Adj
incredulity	अविश्वास	N
increduously	अविश्वनीय रूप से	Adv
incremental	वृद्धि सम्बन्धी	Adj
incrementally	बढ़तकेसाथ	Adv
incriminate	अभियोग लगाना	V
incrimination	अभिशंसन	N
incrustation	अलंकरण	N
incubate	सेना	V
incubation	सेना; ऊष्मायन	N
incubator	ऊष्मायित्र	N
incubus	दुःस्वप्न	N
inculcate	मन में बैठाना	N
incumbent	पदधारी	Adj
incumbency	पदधारण	N
incur	अपने ऊपर लेना	V
incurable	अचिकित्स्य	Adj
incurably	असुधार्यरूपसे	Adv
incurious	उदासीन	Adj
incursion	आक्रमण	N
indebted	आभारी	Adj
indebtedness	ऋणग्रस्तता	N
indecent	अनुचित	Adj
indecency	अनौचित्य	N
indecently	अनुचित रूप से	Adv
indecipherable	अपाठ्य	Adj
indecision	अनिश्चय	N
indecisive	अनिश्चायक	Adj
indecisively	अनिर्णायकता से	Adv
indecorous	अशिष्ट	Adj
indeed	अवश्य ही; वास्तव में	Adv
indefatigable	अथक; अश्रान्त	Adj
indefensible	अरक्षणीय; असमर्थनीय	Adj
indefinable	अनिर्वचनीय	Adj
indefinite	अनिश्चित	Adj
indefinitely	अनियत रूपेण	Adv
indelible	स्थायी	Adj
indelibly	स्थाई रूपेण	Adv
indelicate	रूखा; अभद्र	Adj
indelicacy	धृष्टता; रूखापन	N
indemnify	क्षतिपूर्तिकरना	V
indemnifaction	क्षतिपूर्ति	N
indemnity	हरजाना; क्षतिपूर्ति	N
indent	दांतेदार बनाना	V
indent	माँगपत्र	N
indentation	दंतुरण	N
independence	स्वाधीनता	N
independent	स्वाधीन; स्वतंत्र	Adj
independently	स्वतन्त्र रूप से	Adv
in-depth	गहराई	N
indescribable	अनिर्वचनीय	Adj
indescribably	अनिर्वचनीय रूप से	Adv
indestructible	अविनाशी	Adj
indeterminable	अनवधार्य	Adj
indeterminate	अनिश्चित	Adj
indeterminacy	अनिर्धार्यता	N
index	सूचिपृष्ठ	N
indexation	सूचीकरण	N
index finger	तर्जनी	N
index-linked	?	Adj
indian	भारतीय	Adj
indian summer	भारतीयग्रीष्मकाल	N
india-rubber	मार्जनी	N
indicate	सूचित करना	V
indication	चिह्न	N
indicative	निर्देशक	Adj
indicator	सूचक	N
indices	बीज गणित में प्रयुक्त विशेष चिह्न; इंडॆक्स का बहुवचन	N
indict	अभ्यारोप या दोष लगाना	V
indictable	अभ्यारोप्य	Adj
indictment	अभ्यारोपण	N
indifference	उपेक्षा	N
indifferent	तटस्थ; तुच्छ	Adj
indifferently	जैसे तैसे	Adv
indigenous	स्वदेशीय; देशज	Adj
indigent	दरिद्र	N
indigestible	अपाच्य	Adj
indigestion	अजीर्ण	N
indignant	रुष्ट	Adj
indignantly	क्रोध से	Adv
indignation	क्रोध; रोष	N
indignity	अनादर; अपमान	N
indigo	नील	N
indirct	परोक्ष	Adj
indirectly	अप्रत्यक्ष या परोक्ष रूप से	Adv
indiscernible	अतीनद्रिय	Adj
indiscipline	अनुशासनहीनता	N
indiscreet	अविवेकी	Adj
indiscreetly	बिना विचार के; बिना विवेक के	Adv
indiscreetion	अविवेकी	N
indiscriminate	अव्यवस्थित; अविवेक	Adj
indiscriminately	अन्धाधुन्धा	Adv
indispensable	अनिवार्य	Adj
indisposed	अस्वस्थ	Adj
indispositon	अस्वस्थता	N
indisputable	निर्विवाद	Adj
indisputably	बिना विवाद के	Adv
indissoluble	अभेद्य	Adj
indissolubly	अभेद्यता से	Adv
indistinct	अस्पष्ट	Adj
indistinctly	अस्पष्टता से	Adv
indistinguishable	अविभेद्य	Adj
individual	विशिष्ट	N
indirvidually	एक एक करके; व्यक्तिगत रूप से	Adv
individualism	व्यक्तित्व; व्यक्तिवाद	N
individualist	व्यक्तिवादी	N
individualistic	व्यक्तिपरक	Adj
individuality	व्यक्तित्व	N
individualize	विशिष्ट कर देना	V
indivisible	अविभाज्य	Adj
indivisibility	अविभाज्यता	N
indivisibly	अविभाज्य रूप में	Adv
indo	भारतीय-	Adj
indoctrinate	शिक्षा देना	V
indoctrination	दिमाग को भरने की स्थिति	N
indolent	आलसी	Adj
indolence	आलस्य; उत्साहहीनता	N
indomitable	अदम्य	Adj
indomitably	अदम्य रूप से	Adv
indoor	भीतरी	Adj
indoors	घर के भीतर	Adv
indrawn	अन्दर लिया हुआ	Adj
indubitably	सुनिश्चित रूप से	Adj
induce	राज़ीकरना	V
inducement	प्रलोभन	N
induct	नियुक्त करना	V
induction	प्रवेश; आगमन	N
inductive	प्रेरक; आगमनात्मक	Adj
indulge	का मन रखना; प्रसन्न करना; सन्तुष्ट करना	V
indulgent	कृपालु; अनुकूल	Adj
indulgently	अनुग्रहपूर्वक	Adv
indulgence	सन्तोष	N
industrial	औद्योगिक	Adj
industrialism	उद्योगवाद	N
industrialist	उद्योगपति	N
industrialize	औद्योगीकरणकरना	V
industrialization	उद्योगीकरण	N
industrially	औद्योगिकरूपसे	Adv
industrious	परिश्रमी	Adj
industry	व्यवसाय; परिश्रम	N
inebriate	मतवाला	Adj
ineffable	अकथनीय	Adj
ineffably	अवर्णनीय रूप से	Adv
ineffective	निष्फल	Adj
ineffectively	वृथा	Adv
ineffectiveness	प्रभावहीनता	N
ineffectual	अप्रभावी	Adj
inefficient	अयोग्य	Adj
inefficiency	अयोग्यता	N
inefficiently	अयोग्यता से	Adv
inelegant	असुन्दर	Adj
inelegantly	असुंदर रूपेण	Adv
ineligible	अनिर्वाच्य	Adj
ineluctable	अनिवार्य; अपरिहार्य	Adj
inept	अयोग्य	Adj
ineptitude	अयोग्यता	N
ineptly	अयोग्यता से	Adv
inequality	असमानता; विषमता	N
inequitable	न्यायविरुद्ध	Adj
inequity	अन्याय	N
ineradicable	अनुन्मूलनीय	Adj
inert	अक्षम	Adj
inertia	जड़ता	N
inertial	जड़त्वीय	Adj
inescapable	अनिवार्य	Adj
inescapably	न टलने योग्य	Adv
inessential	अनावश्यक	Adj
inestimable	अमूल्य	Adj
inevitable	अपरिहार्य; अनिवार्य	Adj
inevitability	अनिवार्यता	N
inevitably	अवश्य	Adj
inexact	अयथार्थ	Adj
inexcusable	अक्षम्य	Adj
inexhaustible	अनन्त	Adj
inexhaustibly	अविध्वंसिता	Adv
inexorable	दृढ; अप्राशम्य	Adj
inexorably	कठोरता से	Adv
inexpensive	सस्ता	Adj
inexpensively	सस्ते में	Adv
inexperience	अनुभवहीनता	N
inexperienced	अनुभवहीन	Adj
inexpert	अप्रवीण	Adj
inexpertly	अनिपुणता से	Adv
inexplicable	व्याख्या न करने योग्य	Adj
inexplicably	दुर्गमता से	Adv
inexpressible	अवर्णनीय	Adj
inexpressibly	अवर्णनीयता से	Adv
inexpressive	भावशून्य	Adj
infamy	बदनामी	N
infancy	बचपन; आरम्भिकअवस्था	N
infant	बच्चा	N
infantry	पैदलसेना	N
infatuated	आसक्त	Adj
infatuation	आसक्ति	N
infect	छूतलगाना[लगना]	VT
infection	बीमारीकीछूत	N
infectious	छूतसेलगनेवाला	Adj
infer	अनुमानकरना	VT
inference	अनुमान	N
inferior	घटिया; छोटा	Adj
inferior	अधीन	N
infertility	ऊसरता	N
infest	सताना	VT
infidel	अनीश्वरवादी	N
infidelity	श्रद्धाहीनता	N
infinite	अपरिमित	Adj
infinite	अनन्त; ईश्वर	N
infinitesimal	अतिसूक्ष्म	Adj
infinitesimal	अतिसूक्ष्मराशि	N
infinity	अनन्तता	N
infirm	अस्थिर; अदृढ़; रुग्ण	Adj
infirmary	अस्पताल; शफ़ाखाना	N
inflame	प्रज्वलितकरना	VT
inflammation	प्रज्वलन; शत्रुता	N
inflammatory	विद्रोहजनक	Adj
inflate	फुलाना; बढ़ानाचढ़ाना; अवमूल्यनकरना	VT
inflexible	अटल; अलचीली	Adj
inflict	दंडदेना	VT
infliction	दंडदेना; मार	N
influence	प्रभाव	N
influence	प्रभावितकरना	VT
influential	प्रभावशाली	Adj
influenza	भारीनज़ला	N
influx	अंतःप्रवाह	N
inform	सूचनादेना; सूचितकरना	VTI
informal	अनौपचारिक	Adj
informant	सूचना देनेवाला	N
informant	सूचक	Adj
informed	सुविज्ञ	Adj
informer	सूचना दाता	N
informal	अनौपचारिक	Adj
informality	अनौपचारिकता	N
infra	निम्न	Adj
infraction	व्यतिक्रमण	N
infra dig	प्रतिष्टा के प्रतिकूल	Adj
infrared	अवरक्त	Adj
infrastructure	आधारिक संरचना	N
infrequent	विरल	Adj
infringe	उल्लंघन करना	V
infringement	उल्लंघन	N
infuriate	क्रोधोन्मत्त करना	V
infuriating	क्रोधित करने वाला	Adj
infuse	उड़ेलना	V
infusion	निषैचण; काढ़ा	N
ingenious	विदग्ध	Adj
ingenue	भोली	N
ingenuity	विदग्धता	N
ingenuous	सच्चा	Adj
ingest	खिलाना	V
inglorious	अकीर्तिकर	Adj
ingot	शिलिका	N
ingrained	गदरा	Adj
ingratiate	अनुग्रह प्राप्त करना	V
ingratitude	अकृतज्ञता	N
ingrediant	संघटक	N
ingroup	अन्तः समूह	N
inhabit	में निवास करना	V
inhabitant	निवासी	N
inhale	साँस खींचना	V
inhaler	साँसखिचनेवालायंत्र	N
inharmonious	असंगत	Adj
inherent	अन्तर्निहित	Adj
inherit	उत्तराधिकार में प्राप्त करना	V
inheritance	उत्तराधिकार	N
inheritor	उत्तराधिकारी	N
inhibit	निरोध करना	V
inhibit	रोकना	VT
inhibiting	रोकनेवाला	Adj
inhibited	रोकाहुआ	Adj
inhibition	संयम	N
inhospitable	असत्कारी	Adj
in-house	आंतरिक	Adj
inhuman	निर्दय	Adj
inhumanity	निर्दयता	N
inhumane	निर्दय	Adj
inimical	विद्वेषीपूर्ण	Adj
inimitable	अनुपम	Adj
initial	प्रारम्भिक	Adj
initial	पहलाअक्षर{नामयाशब्दका}	N
initial	नामकापहलाअक्षरलिखना	VT
initially	शुरूमें	Adv
initiate	आरम्भकरना	V
initiate	दीक्षितव्यक्ति	N
initiate	आरम्भकरना	VTI
initiation	सूत्रपात; दीक्षा	N
initiator	प्रारम्भक	N
initiative	पहल	N
inject	सुईलगाना; नवीनतालाना	VT
injection	?	N
injudicious	अयुक्त	Adj
injunction	निषेधाज्ञा	N
injure	घायलकरना	VT
injured	घायल; दोषित	Adj
injurious	हानिकारक	Adj
injury	घाव; क्षति	N
injury time	खेलकेअन्तमेंअतिरिक्तसमय	N
injustice	अन्याय	N
ink	स्याही	N
ink	स्याहीफेरना	VT
ink-pad	स्याहीपैड	N
inkling	संकेत	N
inland	अन्तर्देशीय	Adj
inland	देशकेअन्दर	N
inlay	जडाईकरना	VT
inlet	पतलीखाडी	N
inmate	वासी	N
inn	सराय	N
innate	जन्मजात	Adj
innately	स्वाभाविकरूपसे	Adv
inner	भीतरी; आत्मिक[भावना]	Adj
inner circle	भीतरी	N
innings	पारी	N
innocence	निर्दोषता	N
innocent	निर्दोष	Adj
innocuous	हानिनकरनेवाला	Adj
innovate	नयाढंगनिकालना	VT
innovation	नवीनीकरण	N
innovatory	नवीनकारी	Adj
innuendo	व्यंग्योक्ति	N
innumerable	असंख्य	Adj
innumerate	गणितमेंजिसकामूलज्ञाननहो	Adj
inoculate	टीकालगाना	VT
inoculation	टीका	N
inoffensive	हानिनपहुँचानेवाला	Adj
inoperable	जिसकाशल्य-चिकित्सानहोसके; निष्क्रिय	Adj
inoperative	अक्रिय	Adj
inordinate	अत्यधिक	Adj
inorganic	जड	Adj
inorganic chemistry	अजैवरसायनविज्ञान	N
in-patient	अंतरंग रोगी	N
input	आगत; कम्प्यूटरमेंभरीसामग्री	N
input	कम्प्यूटरमें‘संगणनकरना	V
inquest	किसीकीमृत्युकेकारणोंकीन्यायिकजाँच	N
inquire	पूछ-ताछकरना	VTI
inquirer	पूछ-ताछकरनेवाला	N
inquiring/enquiring	विद्यार्जनकीअभिरुचि	Adj
inquiry	पूछताछ	N
inquisition	विधर्मियोँकोदमनकरनेकासंघ; आधिकारिकजाँच	N
inquisitive	जिज्ञासु	Adj
inroad	घुसपैठ	N
inrush	तेजीसेअन्दरआना	N
insane	पागल	Adj
insanity	पागलपन	N
insanitary	?	Adj
insatiable	जोतृप्तनहो	Adj
inscribe	छापना	VT
inscription	शिलालेख	N
inscrutable	गूढ	Adj
insect	कीड़ा	N
insecticide	कीटनाशकपदार्थ	N
insecticidal	कीटनाशकीय	Adj
insectivore	कीटभक्षक	N
insectivorous	कीटभक्षी	Adj
insecure	असुरक्षित	Adj
insecurely	असुरक्षितरूपसे	Adv
insecurity	असुरक्षा	N
inseminate	गर्भाधानकरना	VT
insemination	गर्भाधान	N
insensibility	संवेदनशून्यता; उदासीनता	N
insensible	संवेदनशून्य	Adj
insensitive	असंवेदनशील	Adj
insensitivity	असंवेदनशीलता	N
inseparable	जोअलगनहोसके	Adj
insert	डालना{अन्दरयाबीचमें}	VT
insertion	निवेशन; अन्त:स्थापन	N
in-service	नौकरीकेदौरान	Adj
inset	जड़ना	V
inset	जड़ाहुआ	N
inside	अभ्यन्तर	N
inside	केअन्दर	Prep
insider	जोसमाजकेभीतरहो	N
inside lane	बाँएओरकेवाहनोंकापथमार्ग	N
insidious	प्रच्छन्नरूपसे	Adj
insidiously	हानिकारक.	Adv
insight	अन्तर्दृष्टि	N
insignia	पदचिह्न	N
insignificant	नगण्य	Adj
insincere	निष्ठाहीन	Adj
insincerity	कपट	N
insinuate	चालाकीभरासंकेतकरना	VTI
insinuation	ालाकीभरासंकेत	N
insipid	फीका	Adj
insist	दृढ़रहना	VI
insistent	हठी; आग्रहपूर्ण	Adj
in situ	मूलस्थानपर	Adv
insole	भितल्ला	N
insolent	धृष्ट	Adj
insolence	धृष्टता	N
insoluble	नघुलनेवाला; असमाधानीय	Adj
insolvency	दिवालियापन	N
insolvent	दिवालिया	Adj
insomnia	निद्राभाव	N
insomniac	अनिद्रापीडित	N
insouciance	निश्चिन्तता	N
inspect	जाँचना	VT
inspection	निरीक्षण	N
inspector	निरीक्षक; इन्स्पेक्टर	N
inspectorate	निरीक्षकसमूह	N
inspector of taxes	करनिरीक्षक	N
inspiration	प्रेरणा	N
inspirational	प्रेरणादायक	Adj
inspire	प्रेरणादेना	VT
inspired	प्रेरित	Adj
inspiring	प्रेरक	Adj
instability	अस्थिरता	N
install	लगाना[यन्त्र]	VT
installation	प्रतिष्ठापन; यन्त्रआदिलगाना	N
instalment	किस्त	N
instance	उदाहरण{विशेष}	N
instant	तुरन्त.; झटपट	Adj
instant	क्षण	N
instantaneous	तात्कालिक	Adj
instantaneously	तत्क्षण	Adv
instantly	शीघ्र	Adv
instead	केबदलेमेँ	Adv
instep	पैरकाऊपरीमध्यभाग	N
instigate	भड़काना	VT
instigation	भडकावा	N
instigator	उकसानेवाला	N
instil	सिखाना	V
instinct	सहजज्ञान	N
instinctive	स्वाभाविक	Adj
instinctively	सहजरूपसे	Adv
institute	संस्थान	N
institute	संस्थापितकरना	VT
institution	संस्था	N
institutional	संस्थानिक	Adj
institutionalize	संस्थानबनादेना	V
institutionalization	संस्थानीकरण	N
instruct	शिक्षादेना	VT
instruction	आदेश	N
instructive	शिक्षाप्रद	Adj
instructor	उपदेशक	N
instrument	उपकरण; वाद्य; माध्यम	N
instrumentation	वाद्यसंगीत-विन्यास	N
instrumental	सहायक; वाद्यसंगीत	Adj
instrumentalist	वादक	N
insubordinate	अवज्ञाकारी	Adj
insubordination	अनादर; अवज्ञा	N
insubstantial	काल्पनिक	Adj
insufferable	असह्य	Adj
insufficient	अपर्याप्त	Adj
insufficiency	कमी	N
insular	अलग-थलग	Adj
insulate	आवरणचढाना	V
insulated	आवरणयुक्त	Adj
insulator	इन्सुलेटर	N
insulating tape	विद्युतअवरोधीपट्टी	N
insulin	इन्सुलिन	N
insult	अपमान	N
insult	अपमानकरना	VT
insulting	अपमानजनक	Adj
insuperable	अजेय	Adj
insupportable	असह्य	Adj
insurance	बीमा	N
insurance policy	बीमायोजना	N
insure	बीमाकरना[कराना]	V
insurgent	राजद्रोही	Adj
insurmountable	अजेय	Adj
insurrection	बलवा; विद्रोह; फ़साद; विप्लव; प्रजाकोप	N
intact	अखण्ड	Adj
intake	भुक्तक्रिया; ग्राह्यता	N
intangible	अस्पष्ट	Adj
integer	पूर्णसंख्या	N
integral	पूर्ण	Adj
integrate	एकीकरणकरना	VT
integration	एकीकरण	N
integrated circuit	समन्वितसरकिट	N
integrity	ईमानदारी	N
intellect	प्रज्ञा	N
intellectual	बुद्धिगत; प्रज्ञावान	Adj
intellectualism	प्रज्ञावाद	N
intellectualize	बुद्धिसंगतकरना	V
intellectually	बौद्धिकरूपसे	Adv
intelligence	बुद्धिमत्ता; सूचना	N
intelligent	बुद्धिमान	Adj
intelligently	बुद्धिमत्तापूर्वक	Adv
intelligence test	बुद्धिमत्ताकीपरीक्षा	N
intelligentsia	प्रबुद्धलोग	N
intelligible	बोधनीय	Adj
intelligibility	बुद्धिग्राह्यता	N
intemperate	असंयमी	Adj
intemperance	असंयम	N
intend	इरादारखना; निमित्तहोना	VTI
intended	उद्धिष्ट	Adj
intense	तीक्ष्ण; उत्कट; अतिमात्र; तेज; गम्भीर	Adj
intensely	उत्कटतासे	Adv
intensity	उत्कटता; प्रचंडता	N
intensify	सशक्तकरना	VT
intensifier	तीव्रक{व्याकरणमें}	N
intensive	वृद्धिकर; तीव्र	Adj
intensively	अधिकतासे	Adv
intensive care	सघनसंरक्षण	N
intent	आसक्तचित्त; निष्ठा	Adj
intent	उद्देश्य	N
intently	उत्सुकतापूर्वक	Adv
intention	लक्ष्य	N
intentional	जानबूझकर	Adj
intentionally	जानबूझकर	Adv
inter	गाड़ना{लाश}	VT
inter-	अन्तर; साथसाथ	Pref
interact	एकदूसरेकोप्रभावितकरना	VI
interaction	पारस्परिकव्यवहार	N
interactive	पारस्परिक	Adj
inter alia	अन्यबातोंकेसाथ	Adv
interbreed	मिश्रितजातिजीवउत्पन्नकरना	V
intercede	मध्यस्थताकरना	VI
intercept	बीचमेंरोकना	VT
interception	अन्तर्रोधन	N
interceptor	सेनावायुयान	N
interchange	अदलाबदलाकरना	VT
interchangeable	विनिमेय	Adj
inter-city	अन्तर्नगरी	Adj
intercollegiate	अन्तर्महाविद्यालय	Adj
intercom	आंतरिकसंचार	N
intercommunicate	अंत:संचारहोना	V
intercommunication	अंत:संचार	N
interconnect	अन्तर्संबद्धकरना	V
intercontinental	अन्तर्महाद्वीपीय	Adj
intercourse	बोलचाल	N
interdenominational	अन्तर्धर्मसंप्रदायी	Adj
interdepartmental	अन्तर्विभागीय	Adj
interdependent	अन्योन्याश्रित	Adj
interdependence	परस्पराधीनता	N
interdict	निषेधाज्ञा	N
interest	रस; रुचि; हित; ब्याज	N
interest	रुचिउत्पन्नकरना	VTI
interested	रुचिरखनेवाला	Adj
interesting	रोचक	Adj
interestingly	दिलचस्पीसे	Adv
interface	मिलन-बिंदुकरना	V
interfere	बीचमेँपड़ना	VI
interference	हस्तक्षेप; बाधा	N
interferon	विषाणुअवरोधक{जीवविज्ञानवरसायन}	N
intergalactic	नीहारिकाओंकेमध्यवर्ती	Adj
intergovernmental	अन्तर्शासकीय	Adj
interim	अल्पकालीन	Adj
interim	अन्तरिमअवधि	N
interior	भीतरी	Adj
interior	भीतर	N
interior decorator	इन्टीरियरडेकोरेटर{घरकीभीतरीसाजसज्जाकरनेवाला}	N
interior design	भीतरीडिज़ाइन	N
interior designer	आंतरडिज़ाइनकरनेवाला	N
interject	बीचमेँरायदेना	VT
interjection	विस्मयादिबोधक	N
interlace	गूँथना	V
interleave	आंतरपत्रण	N
interlink	जोड; मिलाना	VT
interlock	एकसाथजोडना	VTI
interlocutor	वार्तालापी	N
interloper	अजनबी	N
interlude	अन्तराल	N
intermarriage	भिन्नजातिकाविवाह	N
intermediary	मध्यस्थ	Adj
intermediary	प्रतिनिधि	N
intermediate	मध्यवर्ती	Adj
interminable	अनन्त	Adj
interminably	अनन्तरूपसे	Adv
intermingle	मिलना	V
intermission	मध्यान्तर	N
intermittent	आंतरायिक	Adj
intermittently	आंतरायिकतासे	Adv
intern	कैदरखना	VT
internal	आन्तरिक	Adj
internally	आंतरिकरूपसे	Adv
internal-combustion engine	?	N
international	अन्तर्राष्ट्रीय	Adj
international	अन्तर्राष्ट्रीयसंघटन	N
internationalism	अन्तर्राष्ट्रीयता	N
internationalisation	अन्तर्राष्ट्रीयता	N
internationalist	अन्तर्राष्ट्रीयतावादी	N
internationally	अन्तर्राष्ट्रीयतासे	Adv
internationale	समाजवादीगीत	N
internecine	द्विपक्षघातकीय	Adj
internet	अन्तर्राष्ट्रीयकम्प्यूटरतन्त्र	N
interpenetrate	फैलाना	V
interpenetration	अन्तर्भेदन	N
interpersonal	पारस्परिक	Adj
interplanetary	अन्तर्ग्रह	Adj
interpol	अन्तर्राष्ट्रीयपुलिस	N
interpolate	बीचमेंडालना	V
interpose	बीचमेंबोलना	V
interpret	वर्णनकरना; भाषान्तरकरना	VTI
interpretation	बयान	N
interpretative	व्याख्यात्मक	Adj
interpreter	अनुवादक	N
interregnum	अंतराल	N
interrelate	परस्परसंबद्धकरना	V
interrelation	पारस्परिकसंबंध	N
interrogate	प्रश्नकरना	VT
interrogation	पूछताछ	N
interrogator	प्रश्नकर्ता'.	N
interrogative	प्रश्नात्मक	Adj
interrupt	क्रमभंगकरना; बोलनेमेंबाधादेना	VT
interruption	रुकावट	N
intersect	परस्परकाटना	VT
intersection	चौराहा	N
intersperse	बीचबीचमेंहोना	VT
interstate	अन्तर्राज्यीय	Adj
interstellar	अन्तर्तारकीय	Adj
interstice	दरार	N
intertwine	बटना	VTI
interval	अंतराल	N
intervene	बीचमेँआना	VI
intervention	मध्यवर्त	N
interview	भेँट	N
interview	इंटरव्यूलेना	V
interviewee	साक्षात्कारदाता	N
interviewer	साक्षातकर्ता	N
interweave	गूँथना	VT
intestine	अँतड़ी	N
intestinal	आँतसंबन्धी	Adj
intimate	आत्मीय; सुपरिचित; अन्तरंग	Adj
intimacy	आत्मीयता	N
intimate	बतलाना	VT
intimately	परिचितरूपसे.	Adv
intimidate	धमकाना	VT
intimidation	धमकी	N
intimidatory	धमकानेवाली	Adj
into	अंदरको; गुणितकरनेपर	Prep
intolerable	असहनीय	Adj
intolerably	असह्यतासे	Adv
intolerant	असहनशील	Adj
intolerance	असहिष्णुता	N
intonaton	अनुतान	N
intone	अनुतानकरना	VTI
in toto	पूर्णत:	Adv
intoxicant	मादकपदार्थ	N
intoxicate	नशेमेंलाना; उन्मत्तकरना	VT
intoxicating	नशीली	Adj
intoxication	नशा	N
intra	भीतरी	Pref
intractable	हठी	Adj
intramural	अन्तर्संस्थानिक	Adj
intransigent	हठी	Adj
intransigence	हठ	N
intransitive	अकर्मकक्रिया	Adj
intra-uterine	गर्भाशयकाभीतरी	Adj
intra-uterine device	गर्भनिरोधकउपकरण	N
intravenous	अन्तर्शिरा	Adj
intrepid	निर्भय	Adj
intricate	पेचीदा	Adj
intricacy	कठिनता	N
intrigue	षड्यन्त्र	N
intrigue	कूटयुक्तिरचना	VTI
intriguing	लुभावना	Adj
intrinsic	मूलभूत	Adj
intrinsically	तात्विकरूपसे	Adv
introduce	परिचयकराना[करना]; प्रस्तुतकरना; उपलब्धकराना	VT
introduction	प्रस्तुति; परिचय; भूमिका	N
introductory	आरंभिक	Adj
introspection	आत्मविश्लेषण	N
introspective	आत्मविश्लेषी	Adj
introvert	अन्तर्मुखीव्यक्ति	N
introverted	अंतर्मुखी	Adj
introversion	अन्तर्मुखता	N
intrude	घुसना	VTI
intruder	घुसपैठिया	N
intrusion	बलात्प्रवेश	N
intrusive	घुसपैठकरनेवाला	Adj
intuit	सहजज्ञानहोना	V
intuition	अन्तर्ज्ञान	N
intuitive	सहजज्ञानसंबन्धी'.	Adj
inundate	प्लावितकरना.; बाढलाना	VT
inundation	बाढ	N
invade	आक्रमणकरना; घुसजाना	VT
invader	आक्रमणकारी	N
invalid	अविधिमान्य; अमान्य	Adj
invalidate	अविधिमान्यकरना	V
invalid	अशक्तव्यक्ति	N
invalid	नौकरीछोड़नेपरमजबूरकरना{विशेषसेनामें}	V
invalidity	अविधिमान्यता	N
invaluable	अमूल्य; बहुमूल्य	Adj
invariably	सर्वदा	Adv
invasion	आक्रमण; चढाई	N
invasive	फैलाव	Adj
invective	अपवाद	N
inveigle	चालाकीसेफुसलाना	V
invent	आविष्कारकरना	VT
invention	आविष्कार	N
inventive	आविष्कारी	Adj
inventiveness	?	N
inventor	आविष्कारक	N
inventory	विस्तृतसूची	N
inverse	प्रतिलोम	Adj
inversion	उलटाव	N
invert	उलटाकरना	VT
inverted commas	उलटाअल्पविराम	N
invertebrate	रीढविहीन	N
invest	धनलगाना; अधिकारदेना	VT
investment	निवेशन	N
investor	धनलगाना	N
investigate	जाँचना.; अनुसंधानकरना	VT
investigation	जाँच; अनुसंधान	N
investigatory	जाँचसम्बन्धित	Adj
investigator	जाँचकरनेवाला; जाँचकर्ता	N
investiture	पदरोहणसमारोह	N
inveterate	अभ्यस्त; निरन्तर[बुरीआदतें]	Adj
invidious	द्वेषजनक	Adj
invigilate	निगरानीकरना	V
invigilation	निगरानी	N
invigilator	निरीक्षक	N
invigorate	बलवर्धनकरना	VT
invigorating	बलवर्धक	Adj
invincible	अजेय	Adj
inviolable	अलङ्घ्य	Adj
inviolate	अनुल्लंघनीय	Adj
invisible	अदृश्य; अप्रकट	Adj
invisibility	अदृश्यता	N
invisibly	अदृश्यरूपसे	Adv
invitation	आमन्त्रण	N
invite	निमन्त्रणभेजना; आकृष्टकरना	VT
invitro	बनावटीगर्भाधानकरना	Adj
invocation	स्तुति	N
invoice	बीजक	N
invoice	बीजकबनाना	V
invoke	चिरौरीकरना; अवलम्बलेना	VT
involuntary	अस्वैच्छिक	Adj
involuntarily	अनिच्छासे	Adv
involve	शामिलकरना; काममेंलगजाना; खतरेमेंपडना	VT
involvement	फँसाव	N
invulnerable	सुरक्षित; अभेद्य	Adj
inward	अन्दरूनी; आवक	Adj
inwardly	मनमेँ	Adv
iodine	आयोडीन	N
ion	आयन	N
ionise	आयनोंमेंपरिवर्तितकरना	V
ionosphere	आयनमंडल	N
iota	कण	N
irascible	चिड़चिड़ा	Adj
irate	क्रुद्ध	Adj
ire	क्रोध	N
iridescent	रंगबिरंगा	Adj
iridium	इरिडियमनामकतत्व	N
iris	आँखकीपुतली; आइरिसनामकपौधा	N
irish	आयरलैंडके	Adj
irish stew	शाकवमाँसकाव्यंजन	N
irk	गुस्सादिलाना	VT
irksome	परेशानकरनेवाला	Adj
iron	लोहा; गोल्फखेलनेकाडंडा; दृढता; हथकडी	N
the iron age	लौहयुग	N
the iron curtain	लौहावरण	N
iron rations	आपातखाद्य	N
iron	इस्त्रीकरना	VT
ironing-board	इस्त्रीबोर्ड	N
ironic	व्यंग्यात्मक	Adj
ironically	व्यंग्यपूर्वक	Adv
ironmonger	धातुउपकरणव्यापारी	N
ironstone	कठोरअयस्क	N
ironwork	लोहितवस्तुँए	N
ironworks	लौहशाला	N
irony	व्याजोक्ति	N
irradiate	एक्सरेकिरणोंसेउपचारकरना; चमकाना	VTI
irradiation	एक्सरेउपचार	N
irrational	?	Adj
irreconcilable	असमाधेय	Adj
irrecoverable	बेवसूल	Adj
irredeemable	अप्राप्य	Adj
irreducible	अलघुकरणीय	Adj
irrefutable	अकाट्य	Adj
irregular	असम; अनियमित; अव्यवस्थित; सशस्त्रसेनासेअसंबद्ध	Adj
irregularity	अनियमितता	N
irregularly	अनियमितरूपसे	Adv
irrelevance	असम्बन्ध	N
irrelevant	बेमतलब	Adj
irreligious	अधार्मिक	Adj
irremediable	असुधार्य	Adj
irreparable	जिसेसुधारानजासके	Adj
irreplaceable	अप्रतिस्थाप्य	Adj
irrepressible	अदमनीय	Adj
irreproachable	निष्कलंक	Adj
irresistible	अप्रतिरोध्य; लुभावना	Adj
irresistibly	लुभावनासे	Adv
irresolute	अनिश्चित	Adj
irrespective	काविचारकिएबिना	Prep
irretrievable	अप्राप्य	Adj
irreverent	अश्रद्धालु	Adj
irreverence	अश्रद्धा	N
irreversible	अपरिवर्तनीय	Adj
irrevocable	अपरिवर्तनीय	Adj
irrevocably	अपरिवर्तनीयरूपसे	Adv
irrigate	सीँचना	VT
irrigation	सिँचाई	N
irritable	चिड़चिडा	Adj
irritably	चिडचिडसे	Adv
irritant	खिजानेवाला	Adj
irritant	खुजलीदायक; उत्तेजक	N
irritate	उत्तेजितकरना; खुजलीहोना	VT
irritated	उत्तेजित	Adj
irritating	उत्तेजनशील	Adj
irritation	क्रोध	N
is	है	V
islam	इस्लाम	N
islamic	इस्लामी	Adj
island	द्वीप	N
islander	द्वीपवासी	N
isle	टापू	N
islet	छोटाद्वीप	N
isobar	समदाबरेखा	N
isolate	अलगरखना	VT
isolation	?	N
isolationism	अलगाववाद	N
isometric	सममितीय	Adj
isosceles	समद्विबाहु	Adj
isotope	आइसोटोप	N
issue	विवादास्पदविषय; प्रकाशितवस्तु; संतति; बहाव	N
issue	आदेशजारीकरना; देना; प्रकाशितकरना	VTI
isthmus	संयोगभूमि	N
it	यह; वह; वाक्यांशप्रमुखताबताना	Pron
italic	तिरछा	Adj
italics	तिरछेअक्षर	N
itch	खुजली.; इच्छा	N
itch	खुजलीहोना; इच्छाहोना	VI
itchy	खुजली	Adj
item	मद; विषय	N
itemize	मदलिखलेना	VT
itinerant	भ्रमणशील	Adj
itinerary	यात्राक्रम	N
itself	स्वयम्	Pron
ivory	हाथीदाँतका	Adj
ivory	गजदंत	N
ivy	एकप्रकारकीलता; विद्वत्तापूर्णमानक	N
jack	भारीबोझाऊपरउठानेकायन्त्र; गुलाम{ताशकेपत्तोंमें}; एकप्रकारकाप्लग	N
jackal	सियार	N
jackass	बेवकूफ़	N
jack_fruit	कटहल	N
jacket	जाकेट; आवरण	N
jackknife	छुरी{जिसेमोड़ाजासकताहै}	N
jackknife	बीचमेंसेमुडनाऔरनियंत्रणखोबैठना	V
jackpot	दाँव{खेल में}	N
jacks	जैक्स{एकप्रकारकाखेलजोअमरीकामेंखेलाजाताहै}	N
jacobean	राजाजेम्सकाशासनकाल{ईंग्लैंड-1603-25}	Adj
jacuzzi	बहुतबड़ास्नानगृह	N
jade	जेड{हरापत्थर}	N
jaded	थकाहुआ	Adj
jade	थकाना	V
jag	दाँता	N
jagged	नुकीलीधारवाला	Adj
jail	कारागार	N
jail	कारावासहोना	V
jailor	जेलर	N
jailbird	बार-बारजेलजानेवालाव्यक्ति	N
jalopy	पुरानीखटारामोटरगाड़ी	N
jam	मुरब्बा; जाम	N
jam	दबाना; गड़बड़ाजाना; अवरोधकरना	V
jamb	खंबेयादरवाज़ेकाबाज़ू	N
jamboree	जमावड़ा	N
jam-packed	भराहुआ	Adj
jangle	झनझनाना	V
jangle	झनझनाहट	N
janitor	दरबान	N
japan	एकप्रकारकीवार्निश	N
japan	रोग़नकरकेचमकाना	V
jape	किसीपरकियागयामजाक	N
jar	मर्तबान	N
jar	खटकना; कर्कशलगना; धक्कालगना	V
jargon	विशिष्टशब्दावली	N
jasmine	चमेली	N
jaundice	पीलिया	N
jaundiced	विकृतविचार	Adj
jaunt	सैर	N
jaunt	सैरकरना	V
jaunty	जिन्दादिल	Adj
javelin	बर्छी	N
jaw	जबड़ा; लम्बीबातचीत	N
jay	एकप्रकारकापक्षी	N
jaywalk	रास्तापारकरनेमेंलापरवाहहोना	N
jazz	गीतनाट्य	N
jealous	ईर्ष्यालु	Adj
jealousy	ईर्ष्या; जलन	N
jeans	सूतीकपड़ा	N
jeep	जीप	N
jeer	ताना	N
jeer	चिढ़ाना	V
jehovah	बाईबलमेंईश्वरकानाम	N
jejune	बहुतसीधा; भोंदू	Adj
jelly	जैली; लूआब	N
jeopardize	जोखिममेँडालना	VI
jeopardy	जोखिम	N
jerk	धक्का; झटका; मूर्ख	N
jerk	झटकना	V
jerkin	चुस्तजाकेट	N
jerky	झटकेकेसाथ	Adj
jerry-builder	सस्तेपदार्थोंकाउपयोगकरनेवाला	N
jerrycan	पेट्रोलआदिरखनेकामर्तबान	N
jersey	एकनस्लकीगायजोअधिकदूधदेतीहै	N
jersey	स्वेटर	N
jest	मजाक	N
jest	हँसीउड़ाना	V
jester	मसख़रा	N
jesuit	ईसामसीहकीरोयलकेथोलिकसमाजकासदस्य	N
jet	जेटविमान; धारा	N
jet	निकलपड़ना	VI
jetsam	फेंकामाल	N
jettison	फेंकदेना; नहींलेना	V
jet-black	बहुतकाला	Adj
jetty	छज्जा	N
jetlag	विमानयात्रासेहुईथकान	N
jew	यहूदी	N
jewel	मणि	N
jewelled	मणिसेसजाहुआ	Adj
jeweller	जौहरी	N
jewellery	गहने	N
jib	क्रेनकीबाहे{जिससेचीजेउठाईजातीहैं}; तिकोनापाल	N
jib	किसीकार्यकोजारीरखनेसेइन्कारकरना	V
jibe	तानामारना	V
jiffy	पल	N
jiffy bag	पारसलकरनेहेतुबैग	N
jig	थिरकन{नाचनाचनेकीगत}	N
jig	नाचना	VI
jiggered	अचम्भित	Adj
jiggery-pokery	बेइमानएवंकपटीबर्ताव	N
jiggle	हौले-हौलेझुलाना	V
jigsaw	लकड़ीतराशनेकीछोटीआरी	N
jihad	धर्मयुद्ध	N
jilt	ठुकरादेना	V
jingle	खनखनाहट; छोटामधुरगाना	N
jingle	खनखनाना	V
job	काम	N
jobless	बेरोजगार	Adj
joblessness	बेरोजगारी	N
job creation	नौकरीउपलब्धकरानेवालीयोजना	N
job description	कार्यकालिखितविवरण	N
job-hunt	कामकीतलाश	V
job satisfaction	कार्यसन्तुष्टि	N
job sharing	कामकोबाँटना	N
jobcentre	रोजगारकेन्द्र	N
jockey	घुड़दौड़कापेशेवरघुडसवार	N
jockey	ठगना	VT
jocose	मजाकिया	Adj
jocular	परिहासशील	Adj
jodhpurs	एकप्रकारकावस्त्र	N
jog	कसरतकेलियेदौड़ना; मामूलीसाधक्कादेना	V
jog	दौड़	N
john	शौचालय	N
join	संयुक्तकरना; मिलना; शामिलहोना	VT
join forces with	एकजुटहोना	IDM
joint	साझेका	Adj
joint	{शरीरका}जोड़	N
jointly	मिलकर	Adv
joist	लकड़ी; लोहे आदि की कड़ी	N
joke	हँसी-मज़ाक	N
joke	हँसी-मज़ाककरना	V
joker	उपहासक	N
jolly	मौजी	Adj
jolt	झटका; दुख	N
jolt	हिलाना	VT
josh	चिढ़ाना	V
joss stick	अगरबत्ती	N
jostle	धक्का	N
jostle	धक्कादेना	V
jot	कण	N
jot	जल्दीसेलिखना	V
joule	?	N
journal	बहीखाता; समाचारपत्र{साप्ताहिकयामासिक}	N
journalism	पत्रकारिता	N
journalist	पत्रकार	N
journey	यात्रा	N
journey	यात्राकरना	V
journeyman	मज़दूरीपेशेवालाकारीगर	N
joust	घोड़ेपरसवारीकरतेहुएभालेसेयुद्धकरना	N
jovial	आनन्दित	Adj
jowl	गाल	N
joy	आनन्द	N
joyful	हर्षित	Adj
joyous	सानन्द	Adj
joyride	मोटरमेंसैरकरना	N
jubilant	हर्षित	Adj
jubilation	आन्नदोत्सव	N
jubilee	जयन्ती	N
judaism	यहुदीधर्म	N
judas	धोखेबाज	N
judder	ज़ोरसेहिलना	V
judge	निर्णायक; न्यायाधीश; पारखी	N
judge	निर्णयलेना	V
judgement	निर्णय	N
judicature	न्याय-व्यवस्था	N
judicial	न्यायिक	Adj
judiciary	न्यायपालिका	N
judicious	बुद्धिमान	Adj
jug	सुराही	N
jugged hare	खरगोशकापकायाहुआमांस	N
juggernaut	बलिदानदेनेकीप्रथा{अंधविश्वासजिसकेखातिरलोगस्वयंयादूसरोंका बलिदानदेतेहैं}	N
juggle	हाथकीसफाईकरना	VT
juggler	बाज़ीगर	N
jugular	गलाअथवाकण्ठसंबंधी	Adj
juice	रस	N
juicy	रसदार; सनसनीखेज	Adj
jujitsu	आत्मरक्षाकीजापानीकला	N
jumble	अव्यवस्था	N
jumble	मिलाना	VT
jumbo	बहुतबड़ा; भारी-भरकम	Adj
jump	कूदना; खुशहोना; उपरउठना; बढ़ना; नज़रआना	VT
jump	कूद; छलाँग	N
jump in	विघ्नडालना	PhrV
jump at	तुरन्तमानलेनायास्वीकारकरलेना	PhrV
jump on	टोकना	PhrV
jumped-up	मिथ्या; कपटी	Adj
jumping-off point	शुरूहोनेकास्थान	N
jump-lead	बिजलीकेतार{जोएककारकीबैटरीसेदूसरीकारमेंजोड़ेजातेहैं}	N
jump -off	अतिरिक्तदौड़{रेसमेंबराबरीहोनेपरआखरीदौड़जिससेविजयतानिश्चितहोताहै}	N
jump rope	कूदनेकीरस्सी	N
jump-start	अकस्मातचालूहोना	V
jump suit	जम्पसूट{एकप्रकारकीपोशाकजिसमेंकमीज़औरपतलूनजुड़ीहुईहोती है}	N
jumper	कूदनेवाला; स्वेटर	N
junction	जंक्शन	N
juncture	समय; परिस्थिति	N
june	जून{सालकाछटामहीना}	N
jungle	जंगल; अव्यवस्थितवस्तुओंकासमूह	N
junior	कनिष्ठ; छोटा; उम्रमेंछोटा	N
junior college	जूनियरकालेज{कालेजजिसमेदसवीकक्षाकेबाददोसालकीपढ़ाईहोतीहै}	N
junior school	जूनियरस्कूल{7 से 1.साल के बच्चों के लिए स्कूल}	N
juniper	धूपचन्दन	N
junk	बेकारवस्तु	N
junk	फेंकदेना	V
junk bond	अधिकब्याजदरबॉण्ड	N
junk food	खानाजोस्वास्थ्यकेलिएअच्छानहींपरन्तुबनानाआसानहै	N
junk mail	विज्ञापनकेसामानजोबिनामाँगकेभीलोगोंकोबाँटीजातीहै	N
junket	जनताकेखर्चपरकिसीअफसरकाभ्रमण	N
junketting	जनताकेखर्चपरकिसीअफसरकाभ्रमण	N
junkie	नशेबाज़	N
junta	सत्ताधारीसेना	N
jupiter	बृहस्पति	N
juridical	न्यायिक	Adj
jurisdiction	न्यायकरनेकाअधिकार	N
jurisprudence	न्यायशास्त्र	N
jurist	न्यायशास्त्री	N
jury	जूरी	N
just	उचित; न्यायसंगत	Adj
just	ठीक; वैसाही; बिल्कुल; अभी; इसीवक्त; उतनाही	Adv
justice	न्याय	N
justify	सत्यठहराना	V
justifiable	उचित	Adj
justifiably	न्यायसंगतरूपसे	Adv
justification	औचित्य	N
jut	बाहरकोनिकलना	V
jute	पटसन	N
juvenile	किशोरव्यक्ति	N
juvenile	तरुणसंबंधी	Adj
juvenile court	नाबालिगअपराधियोंकान्यायालय	N
juvenile delinquency	बाल-अपराध	N
juvenile delinquent	बालअपराधी	N
juxtapose	निकटरखना	V
juxtaposition	निकटता	N
kaftan	कफ्तान	N
kale	करमसाग{एकप्रकारकीबन्दगोभी}	N
kaleidoscope	बहुमूर्तीदर्शी	N
kamikaze	आत्मघाती	Adj
kangaroo	कंगारु	N
kangaroo-court	गैरकानूनीकचहरी	N
kaolin	चीनीमिट्टी	N
kapok	सेमलकीरुई	N
kaput	नष्ट	Adj
karaoke	रिकार्डकीहुईधुन{लोकप्रियगानेकी}	N
karat	कैरट	N
karate	कराटे	N
karma	कर्म; भाग्य; नियति	N
kayak	डोंगी	N
kc	राजसभा	N
kebab	कबाब	N
kedgeree	मछलीभात	N
keel	पेंदा{नावयाजहाजका}	N
keel	गिरना; उलटना	V
keen	उत्सुक; इच्छुक; तीक्ष्ण; पैना; तेज़; कुशाग्र	Adj
keen	दिलचस्पीरखना; विलापकरना	V
keenly	उत्सुकतासे	Adv
keenness	उत्सुकता	Adv
keep	निर्वाह; देखरेख; रख़ैल	N
keep	रहना; ज़ारीरखना	AuxV
keep	रखना; हिसाबरखना; निभाना; निर्वाहकरना; तबियत	VT
keep at	लगेरहना	PhrVT
keep at	लगाएरखना	PhrVT
keep away	दूररहना	PhrVI
keep away	दूररखना	PhrVT
keep back	छुपाकररखना; पीछेरखना; रोककररखना	PhrVT
keep down	झुककररहना	PhrVI
keep down	झुकाकररखना; दबाकररखना	PhrVT
keep in	रोककररखना	PhrV
keep in with {infl}	अच्छेसंबंधरखना	PhrV
keep oneself in	लगातार; पर्याप्तलेतेरहना	PhrV
keep off	दूररहना; नहोना	PhrVI
keep off	दूररहना	PhrVT
keep off	दूररखना	PhrVT
keep on	ज़ारीरहना[रखना]	PhrVI
keep on	नौकरीमेंरखना	PhrVI
keep on	मकानरखना	PhrV
keep on (at sb)	बारबारकहकरपरेशानकरना	PhrV
keep out	दूररहना[रखना]	PhrV
keep to	रास्तेपररहना[रखना]	PhrV
keep to oneself	अपनेमेंरहना	PhrV
keep under	दबाकररखना; नीचेरखना	PhrV
keep up	ज़ारीरहना{अच्छामौसम}	PhrV
keep sb up	जगाकररखना	PhrVI
keep sth up	ऊपररखना; ज़ारीरखना	PhrV
keep up with	समानगतिसेचलना; संपर्करखना	PhrV
keeper	रक्षक{रखवालीकरनेवाला}	N
keeping	देखरेख; अधिकार; सामंजस्य	N
keepsake	स्मृतिचिह्न	N
keg	पीपा	N
kelp	पौधा{समुद्री}	N
kelvin	कैल्विन	N
ken	ज्ञानकीसीमा	N
kennel	कुत्ताघर	N
kerb	किनारा	N
kerchief	रुमाल	N
kerfuffle	शोर-शराबा	N
kernel	गिरी; दाना; सार	N
kerosene	मिट्टीकातेल	N
kestrel	खेरमुतिया; छोटीविशेषचील	N
ketch	दोमस्तूलोंवालाजहाज़	N
ketchup	चटनी{टमाटरकी}	N
kettle	केतली	N
kettledrum	नगाड़ा	N
key	कुंजी; चाबी; ताली; सुर	N
keyboard	कुंजीपटल	N
keyhole	तालेकाछेद	N
keynote	किसीभाषणयाकिताबकीमुख्यबात	N
keypad	छोटाकुंजीपटल	N
keystone	मुख्यशिला; प्रधानसिद्धान्त	N
kg	कि.ग्रा.	N
khaki	खाकी	N
khz	कि.हर्टज्	N
kibbutz	सामुदायिककृषिव्यवस्था{इजराईलमेंएकप्रकारकीसामाजिकव्यवस्था}	N
kibosh	रुकावट	N
kick	लात; अत्याधिक मज़ा आना	N
kick	लात मारना; दुलत्तीमारना; छुटकारापाना; छोड़ना; धिक्कारना	VT
kick-off	प्रारम्भ	N
kick-start	झटकेसेबललगाकरशुरुकरना	V
kick up	उपद्रव	PhrV
kickback	रिश्वतपाना	N
kicker	लातमारनेवाला	N
kicking	लात	N
kid	बच्चा; बच्चा{बकरी; हिरन; भेड़}	N
kid	परेशानकरना; धोखादेना; मज़ाककरना	V
kiddy	बच्चा	N
kidnap	अपहरणकरना[होना]	N
kidnap	अपहरणकरना[होना]	V
kidnapper	अपहरणकर्ता	N
kidnapping	अपहरण	N
kidney	गुरदा	N
kidney-bean	राज़मा; मोठ	N
kidney-machine	गुर्दामशीन	N
kill	मारना	V
killing	घातक	Adj
killing	हत्या; सहसाहोनेवालालाभ	N
killjoy	आन्नदमेंविघ्नडालनेवाला	N
kiln	भट्टा{ईंटोंका}	N
kilo	किलो	N
kilogram	किलोग्राम	N
kilohertz	किलोहर्टज	N
kilometer	किलोमीटर	N
kilowatt	किलोवाट	N
kilt	घाघरा	N
kimono	कीमोनो{जापानीपहनावा}	N
kin	संबंधी	N
kind	दयालु; आभारी	Adj
kind	प्रकार; वस्तु	N
kindergarten	बालवाड़ी	N
kindle	जलाना; जाग्रतकरना	V
kindling	आगजलानेकीछोटीलकड़ियाँ	N
kindly	कृपया	Adv
kindred	सजातीय; सदृश	Adj
kindred	रिश्तेदार	N
kinetic	गतिज	Adj
king	राजा	N
king-size	बड़ा-आकार	N
kingdom	राज्य	N
kingfisher	किलकिला	N
kingly	राजसी	Adj
kingpin	मुख्यव्यक्ति	N
kink	बल; ऐंठ{गाँठजैसा}; सनक	N
kink	बलपड़ना; डालना	V
kinky	सनकी	Adj
kinship	रिश्तेदारी	N
kinsman	रिश्तेदार	N
kinswoman	रिश्तेदारिन	N
kiosk	गुमटी; ?	N
kip	नींद{थोड़ीदेरकेलिये}	N
kipper	नमकयुक्तमछली{सुखाईयापकाईहुई	N
kirk	गिरिजाघर	N
kirsch	चेरीकीशराब	N
kiss	चुम्बन	N
kiss	चूमना; सहलाना	V
kit	उपकरणसमूह	N
kitbag	औजारकाथैला	N
kitchen	रसोईघर	N
kitchen-garden	सब्जीकाछोटाबाग	N
kitchenette	छोटारसोईघर	N
kitchenware	रसोईकेबर्तन	N
kite	पतंग	N
kitemark	मानकचिह्न{इंग्लैंडमें}	N
kith	परिचित	N
kitsch	फूहड़रचना	N
kitten	बिल्लीकाबच्चा	N
kitty	किट्टी{बिल्लीकाप्यारकानाम}; सामूहिकधन	N
kiwi	कीवी{चिड़िया}	N
kiwi-fruit	एकप्रकारकाफल	N
klaxon	भोंपू	N
kleenex	कागज़कारुमाल	N
kleptomania	चोरीकरनेकीबीमारी	N
kleptomaniac	चोरीकरनेकीबीमारीसेपीड़ित	N
km	कि.मी.	N
knack	कौशल; परेशानकरनेकाढंग	N
knacker	कबाड़ी	N
knacker	थकना{inf.}	V
knacker's-yard	घोड़ोकामारनेकास्थान; कबाड़ीकास्थान	N
knackered	थककरचूरहोना{inf.}	V
knapsack	पीठकाथैला	N
knave	बेईमान	N
knead	गूँदना; मसाज़करना	V
knee	घुटना	N
knee	धक्कादेना	V
knee-high	घुटनोकेऊपर	Adj
knee-jerk	बिनासोचे	Adj
knee-length	घुटनोतक	N
kneecap	चपनी{घुटनेका}	N
kneel	घुटनेटेकना; घुटनेकेबलबैठना	V
knell	घण्टा	N
knew	जानना	N
knick-knack	दिखावटीगहने	N
knickerbockers	नेकर{खासकिस्मका}	N
knickers	नेकर	N
knife	चाकू	N
knife	चाकूसेमारना	V
knife-edge	चाकूकीधार	N
knife-point	चाकूकीनोंक	N
knight	योद्धा; सामन्त; शतरंजकाघोड़ा	N
knight-errant	परिभ्रामी; योद्धा	N
knighthood	सामन्तकीउपाधि	N
knightly	वीरोचित	Adj
knit	बुनाई	N
knit	बुनना	V
knitter	बुननेवाला	N
knitting	बुनना	N
knitting-needle	बुननेकीसलाई	N
knitwear	बुनेहुयेकपड़े	N
knob	घुंडी	N
knobbly	गाँठदार	Adj
knock	दस्तक; आघात	N
knock	दस्तक देना; ठोकर लगाना	V
knock-down	बिनाजुड़ीहुईअवस्था	Adj
knock-down	नीचेगिराना	V
knock-kneed	पैरोंमेंदोष	Adj
knock-on	???	Adj
knock-out	अचेतयापछाड़देनेवाला	Adj
knock-out	अचेतयापछाड़करदेनेवालाप्रहार	N
knock-up	अभ्यासगेंदबल्लेसे	N
knocker	कुंडी	N
knockout	निराकरणप्रतियोगिताका	Adj
knoll	टीला	N
knot	गाँठ; समुद्रीमील; समूह	N
knot	गाँठलगना; बाँधना; उलझाना	V
knotty	जटिल	Adj
know	जानना	V
know-all	सबकुछजाननेवाला	N
know-how	ज्ञान{कैसेकियाजायेइसबातका}	N
knowing	जानकार	Adj
knowing	जानना	N
knowing	जानतेहुये	V
knowingly	जानबूझकर	Adv
knowledgable	जानकार; विद्वान	Adj
knowledge	जानकारी; ज्ञान	N
known	विदित; जाना हुआ	N
known	ज्ञात होना	V
knuckle	उँगलीकीगाँठ; घुटनेयाटखनेकाजोड़{जानवरोंमें}	N
knuckle	ठुनकामारना; ठुनकाना	V
knuckle-down	झुकना	V
knuckle-duster	लोहेकादस्ताना	N
knuckle-under	झुकना	V
ko	अचेतहोना	N
koala	भालूजैसाजानवर	N
nottakekindly	नापसंदकरना	IDM
kohl	काजल	N
kohlrabi	बन्द-गोभी	N
kook	पगला	N
kookaburra	हँसने की आवाज निकालने वाला पक्षी	N
kopeck	रूस की मुद्रा{रूबल का सौंवा हिस्सा}	N
koran	कुरान	N
kosher	खाना या खाने से संबन्धित दुकान; प्रामाणिक; सच्चा	Adj
kowtwo	दण्डवत् करना	V
kph	किलोमीटर प्रति घंटा	Abbr:Kilometres per hour
kraut	जर्मनी का रहने वाला	N
kremlin	रूसी सरकार का किला	N
krill	व्हेल द्वारा खायी जाने वाली छोटी मछलियाँ	N
krona	स्वीडन की मुद्रा	N
krypton	गैसीय रासायनिक तत्व	N
kudos	प्रशंसा	N
ku klux klan	दक्षिणी U.S.A. का एक काले आदमियों का विरोध करता हुआ गुप्त संगठन	N
kumquat	संतरे जैसा मगर छोटा फल	N
kungfu	कराटे का चीनी रूप	N
kw	किलोवाट	Abbr:Kilo watt
kwashiorkor	बच्चों को होने वाली बीमारी	N
kybosh	बकवास	N
l	अंग्रेजी वर्णमाला का बारहवां अक्षर	N
l	?	Abbr:Learner
lab	प्रयोगशाला	N
label	पर्चा; नामपत्र; नाम	N
labia	मादा जननांग के द्वार पे मुडी हुई त्वचा	N
labial	ओष्ठ्य	Adj
laboratory	प्रयोगशाला	Adj
laborious	कठिन; श्रमसाध्य; परिश्रमी	Adj
labour	श्रम; परिश्रम; श्रमिक; मजदूर	N
labour pains	प्रसव पीडा	N
labour	कडी मेहनत करना; मुश्किलों से चलना	V
laboured	प्रयासपूर्ण	Adj
labourer	कामगार; मजदूरी करने वाला	N
labouring	अनसीखा शारीरिक श्रम करना	Adj
laburaury	अमलतास	N
labryrinth	भूल भुलैया	N
labyrinthine	पेचीदा	Adj
lace	फीता	N
lace	फीता बाँधना; पुट देना	V
lacerate	चिर-फट जाना	V
lachrymoss	अश्रुप्रवण	Adj
lack	कमी होना	V
lack	कमी	N
lackadsiscal	शिथिलतापूर्ण	Adj
lackey	नौकर; पिछलगा	N
lacklustre	भावशून्य	Adj
laconic	मितभाषी	Adj
lacquer	रोगन	N
lacrosse	क्रीडा विशेष	N
loctation	दुग्ध०ावण{प्रसव के बाद}	N
lactic acid	दुग्धाम्ल	N
lactose	दुग्धशर्करा	N
lacuna	कमी	N
lacy	जाले जैसा	Adj
lad	लडका; नवयुवक	N
ladder	सीढी	N
ladder	सीढी बनाना	V
laddle	लडका; नवयुवक	N
laden	लदा हुआ	Adj
la-di-da	शेखीबाज	Adj
ladle	चमचा; कलछी	N
ladle	परसना	V
lady	भद्रमहिला	N
lady-in-waiting	दासी	N
ladybird	सोनपंखी	N
ladylike	शालीन	Adj
ladyship	भवती{भद्रमहिला; एक पदवी}	N
lag	पिछडना	V
lag	बिलम्ब	N
laggard	फिसड्डी	N
lagoon	लैगून	N
lair	माँद; छिपने की जगह	N
laisee-faire	अहस्तक्षेप	N
laity	जन-साधारण	N
lake	झील	N
lakeside	झील का किनारा	N
lamb	मेमना; भोला-भाला; भोंदू	N
lambaste	आलोचना करना	V
lambswool	मेमने की ऊन	N
lame	लंगड़ा; असंतोषजनक	Adj
lameduck	असमर्थ व्यक्ति[संस्था]; अन्तिम अवधि वाला	N
lament	शोक प्रकट करना	V
lament	शोक; मर्सिया	N
lamentable	शोक योग्य	Adj
lamentation	विलय	N
lamented	खेद योग्य	Adj
laminate	पटल चढ़ाना	V
lamp	चिराग; दीपक; बत्ती	N
lamplight	दीप प्रकाश; लैम्प की रौशनी	N
lamplit	चिराग के द्वारा की गई रौशनी	Adj
lampoon	निन्दा करना	V
lampoon	निन्दा लेख	N
lamppost	दीप स्तम्भ	N
lampshade	दीपछत्र	N
lance	भाला	N
lance	चीरना; घोंपकर बाहर निकलना	V
lance-corporal	ब्रिटिश सेना	N
lancet	नश्तर; कोरदार खिड़की या कोरदार मेहराब	N
land	स्थल; क्षेत्र; भूमि; भूसम्पत्ति; देश	N
landed	जागीरवाला	Adj
landless	भूमिहीन	Adj
landward	भूमि की ओर स्थित	Adj
land-based	भूस्थित	Adj
land-agent	भूमि के दलाल या एजेंट	N
land-form	जमीन का एक प्राकृतिक रूप	N
land-locked	स्थल रुद्ध	Adj
land-mass	जमीन का कोई बड़ा टुकड़ा	N
land-mine	बारुदी सुरंग	N
land	उतरना; अवतरण करना; कूद के या गिर के जमीन पर पहुँचना; परेशानी पैदा करना; सफलता प्राप्त करना; घूँसा मारना	V
landfall	प्रथम भूदर्शन	N
landfill	?	N
landholding	भूमिधारण	N
landing	अवतरण; घाट{अवतरणस्थान}; लैंडिंग{सीढ़ियों के खत्म होने की जगह}	N
landing-craft	सामान उतारने के छोटे जलपोत	N
landing-gear	वायुयान के पहिये	N
landing-stage	तैरने वाला चबूतरा	N
landing-strip	अवतरण पट्टी	N
landlady	मकान मालकिन; जमीदारिन	N
landlord	मकान मालिक; जमीनदार	N
landmark	सीमाचिह्न; युगांतकारी घटना	N
landowner	भूमिधर	N
landrover	खुरदुरी जमीन पर चलने वाला वाहन	N
landscape	प्राकृतिक दृश्य	N
landscape	भूदृश्य का निर्माण करना	V
landscape architect	प्रकृति का चित्रकार	N
landscaping	भूदृश्य निर्माण	N
landslide	भूस्खलन; महाविजय	N
lane	गली	N
language	भाषा; बोलने की शैली; बोली	N
language laboratory	भाषा प्रयोगशाला	N
languid	ढीला; निरुत्साह	Adj
languidly	उत्साहहीन तरीके से	Adv
languish	कम होना	V
languor	सुस्ती; आलस्य; वेदना	N
languorus	निस्तेज	Adj
lank	सीधा और चपटा	Adj
lanky	लंबा पतला	Adj
lanolin	बकरी के ऊन से निकाली हुई चरबी	N
lantern	लालटेन	N
lanyard	डोरी	N
lap	गोद; आंचल; चक्कर; यात्रा का एक हिस्सा	N
lap-dog	छोटा कुत्ता	N
lap	लप-लप पीना; छप-छप करना	V
lapel	खुले गले के कोट कालर	N
lampidary	उत्कीर्ण	Adj
lapis lazuli	रावट	N
lapse	चूक; समाप्ति	N
lapse	रद्द हो जाना; अवनत हो जाना	V
laptop	एक छोटा गणक	N
lapwing	टिटहरी	N
larceny	चोरी	N
larch	देवदारु	N
lard	सुअर की चर्बी	N
larder	खाद्य भण्डार	N
large	विशाल; व्यापक	Adj
largesse	उदार दान	N
lark	एक पक्षी; क्रीडा-कौतुक	N
larkspur	निर्विषी	N
larva	डिम्मक	N
larynx	स्वर यंत्र	N
laryngitis	स्वरयंत्ररोग	N
lascirions	कामोत्तेजक	Adj
laser	लेजर	N
lash	कोडा; बरौनी	N
lash	कोडे लगाना; शीघ्रता से हिलाना; कसकर बाँधना; से टकराना; फटकारना; अचानक आक्रमण करना	V
lashing	कोडे लगाने की प्रक्रिया	N
lass	लड़की; युवती	N
lassitude	शिथिलता{शारीरिक अथवा मानसिक}	N
last	अन्तिम; गत; अवशिष्ट	Adj
last	सबसे बाद में; अन्तिम बार	Adv
last	चलते रहना; जीवित रहना	V
latch	सिटकिनी	N
latch	सिटकिनी लगाना	V
latch on	समझना	PhrV
latch on to somebody or something	किसी वस्तु या व्यक्ति से चिपके रहना	IDM
late	देरी से; देर; बाद के	Adv
late	दिवंगत	Adj
lately	हाल में	Adv
latent	प्रच्छन्न; अविकसित	Adj
lateral	पार्श्विक	Adj
lateral thinking	पार्श्विक चिन्तन	N
latese	वनस्पती-क्षीर{उससे मिलता-जुलता एक अचिम पदार्थ}	N
lathe	खराद	N
lather	फेन; झाग; भारी पसीना{विशेषरूप से घोड़े का}	N
lather	झाग बनाना	V
latin	लैटिन{पुरातन रोम की भाषा}	N
latitude	अक्षांश	N
latrine	शौचालय	N
latter	अनुवर्ती	Adv
latterly	हाल में	Adv
lattice	जाली	N
laud	प्रशंसा करना	V
laudable	प्रशंसनीय	Adj
laudatory	प्रशंसात्मक	Adj
laugh	हँसना	V
laugh	हँसी	N
laughable	हास्यस्पद	Adj
laughing-stock	हास्यस्पद व्यक्ति अथवा वस्तु	N
laughingly	हँसी हँसी में	Adv
laughter	हँसी	N
launch	आरम्भ करना; जलावतरण; छोडना; प्रवर्त्तन करना	V
launcher	प्रक्षेपक	N
launch	बडी मोटर बोट	N
launder	कपडे धोना; सुखाना और प्रेस करना; काले धन को सफेद करना	V
laundry	धुलाई वाले कपडे; कपडों की धुलाई का व्यापार	N
laureate	साहित्य; विज्ञान; कला आदि के क्षेत्र में पुरस्कृत व्यक्ति; राष्ट्रकवि	N
laurel	पुन्नाग; जयपत्र	N
lava	लावा	N
lavatory	शौचालय	N
lavender	लैवेंडर{एक फूल}; नील-लोहित रंग	N
lavish	उदार; फिजूलखर्च	Adj
lavishly	बड़ी मात्रा में	Adv
law	कानून; नियम; सिसान्त; विधि रक्षक	N
lawful	कानूनी; विधि-स्वीकृत	Adj
lawless	अराजक	Adj
lawbreaker	अपराधी	N
lawcourt	कचहरी	N
lawmaker	विधायक	N
lawn	लॉन; दूर्वाक्षेत्र	N
lawnmower	घास-लावक	N
lawsuit	मुकदमा	N
lawyer	वकील	N
lax	ढीला; लापरवाह	Adj
laxative	रेचक	N
lay	रखना; लेटना; गिरा देना; आधारशिला रखना; बिछाना; अण्डे देना	V
lay	नौसिखिया	Adj
layer	परत; अण्डा देने वाली मुर्गी	N
layout	खाका	N
laze	आराम करना	V
lazy	आलसी	Adj
lazyloues	आलसी व्यक्ति	N
leach	विक्षा लेना	V
lead	मार्ग दिखाना; मार्ग मिलना; प्रभावित करना[होना]; व्यतीत करना; आगे होना; ताश का पहला पत्ता चलना; नेतृत्व करना	V
lead	नेतृत्व; अन्तर; मुख्य भूमिका{नाटक इत्यादि में}; सुराग; लीड{तार}; सीसा	N
leader	नेता	N
leadership	नेतृत्व	N
leading	मुख्य; प्रथम स्थान में	Adj
leading question	संकेतक प्रश्न	N
leaf	पत्ता; पन्ना{पुस्तक का}; बरक{चाँदी या सोने का}; पल्ला	N
leafy	पत्ते वाली	Adj
leaflet	पर्चा	N
league	संघ; खेल की टीमों का समूह; परस्पर मिले हुए	N
leak	रिसना; चूकर निकलना; प्रकट हो जाना	V
leak	रहस्योद्घाटन; मूलत्याग; छिद्र	N
leakage	रहस्योद्घाटन; रिसी वस्तु	N
leaky	छेदों वाला	Adj
lean	झुकना; सहारे टिकना; सहारे रखना; निर्भर होना; प्रवृत्ति होना	V
leaning	झुकाव	N
lean	दुबला; कम; मज्जाहीन	Adj
leap	उछलना; छलांग लगाना; अचानक बढना{दाम आदि}	V
leap	छलांग; उछाल	N
leap year	अधिक वर्ष	N
learn	विद्याअर्जनकरना; सीखना; रटना; सूचना पाना	V
learned	विद्वान; पढे लिखे व्यक्तियों का समूह	Adj
learner	शिक्षार्थी; सीखने वाला व्यक्ति; नौसिखिया	N
learning	ज्ञान; विद्या	N
lease	पट्टा; पट्टे पर देना	N
leasehold	पट्टे का अधिकार	N
leasehold	पट्टे पर उठाना	Adj
least	न्यूनतम	Pron
leather	चमडा; चमडे के कपडे	N
leave	चले जाना; छोड जाना; टालना; शेष वचना; भूल जाना; शेष रह जाना{मृत्यु के बाद}; उत्तरदायित्व सौंपना	V
leave	छुट्टी; इजाजत.	N
leaven	खमीरा	N
leaven	तनाव कम करना	V
leaves	पत्तियाँ	N
leechery	कामुकता	N
lecher	कामुक व्यक्ति	N
lecherous	कामुक	Adj
lectern	पाठ-मंच	N
lecture	व्याख्यान; लम्बा कथन	N
lecture	व्याख्यान देना; आलोचना करना	V
lecturer	व्याख्याता	N
lectureship	व्याख्याता-पद	N
ledge	कगार	N
ledger	खाता	N
lee	ओर	N
leech	जोंक	N
leek	गन्दना	N
leer	कुदृष्टि डालना	V
leery	आशंकित	Adj
leeward	अनुवात	Adj
leeway	अनुवात दूरी; अनुवात गमन; छूट; गुंजाइश	N
left	बाँया; वाम पंथ	Adj
leftist	वाम पंथी	Adj
leftovers	अवशिष्ट भोजन	N
leg	टांग; पाँयचा; पाया; पडाव	N
legacy	पैत्रिक सम्पत्ति; परम्परा में प्राप्त	N
legal	कानूनी	Adj
legality	विधि-मान्यता	N
legalize	कानूनी बनाना	V
legate	विदेश में पोप द्वारा नियुक्त किया गया प्रतिनिधि	N
legend	दंत कथा; ख्याति प्राप्त व्यक्ति; आलेख	N
legible	सुपाठ्य	Adj
legion	भीड-भाड; स्वयं-सेवी सैनिक	N
legislate	कानून बनाना	V
legislation	विधि	N
legislative	वैधानिक	Adj
legislator	विधायक	N
legislature	विधानमण्डल	N
legitimate	वैध; युक्ति-संगत	Adj
legitimacy	वैधता	N
legitimately	विधि-पूर्वक	Adv
legitimize	वैध बनाना	V
legless	बिना टाँगवाला	Adj
legume	फली	N
leisure	खाली समय; फुरसत	N
leisurely	इत्मीनान से	Adv
lemon	नींबू; हल्का पीला रंग	N
lemonade	लेमोनेड	N
lemur	लेमूर{बन्दर जैसा जानवर}	N
lend	उधार देना; देना; योगदान देना	V
length	लम्बाई	N
lengthy	लम्बा	Adj
lenient	नरम	Adj
leniency	सदयता; नरमी	N
lens	लेन्स	N
lent	चालीसा	N
lentil	दाल{मूँग; मसूर इत्यादि}	N
leo	सिंह राशि	N
leonine	सिंह वत	Adj
leopard	तेंदुआ	N
leper	कोढ़ी; परित्यक्त	N
leprosy	कोढ; कुष्ट रोग	N
lesbian	समलिंग कामी महिला	N
lesion	घाव; चोट; क्षत्त	N
less	कम	Pron
less	कम	Adv
lessee	पट्टाधारी	N
lessen	घटना; कम होना	V
lesser	न्यूनतर	Adj
lesson	पाठ; सीख	N
lessor	पट्टा दाता	N
lest	कहीं	Conj
let	दो{आने; जाने; करने इत्यादि}; किराये पर देना	V
lethal	घातक; हानिकारक	Adj
lethargy	अकर्मण्यता	N
lethargic	अकर्मण्य	Adj
letter	अक्षर; पत्र	N
lettering	लेखन-प्रक्रिया	N
letterhead	सरनामा	N
lettuce	सलाद	N
leukaemia	श्वेतरक्तता	N
levee	तटबंध	N
level	समतल; समान स्तरीय; अपरिवर्तनशील	Adj
level	स्तर; सापेक्षिक स्तर; ऊँचाई; परत	N
level	समान स्तर का बनाना; समतल करना	V
leveller	बराबर बना देने वाला	N
lever	उत्तेजक; हत्था; दबाव	N
lever	उत्तोलक से हटाना	V
leverage	उत्तोलक पर लगाया जाने वाला बल; प्रभाव	N
leviathan	भीमकाय समुद्री जन्तु; भीमकाय अथवा अत्यन्त शक्तिशाली वस्तु अथवा समूह	N
levitate	वायु में तैरना	V
levity	छिछलापन	N
levy	उगाहना	V
levy	उगाही	N
lewd	कामुक	Adj
lexical	कोश-विषयक	Adj
lexicography	कोश-लेखन; कोश-सम्पादन	N
lexicographer	कोश-लेखक	N
lexicon	शब्द-सूची; भार; उत्तरदायित्व	N
liable	दायी; उत्तरदायित्व; संभाव्य	Adj
liaise	सम्पर्क रखना	V
liaison	निकट सम्पर्क; जार-सम्बन्ध	N
liar	झूठा	N
libation	तर्पण; मदिरा	N
libel	अपमान-लेख{असत्य}	N
libellous	अपमान-जनक	Adj
liberal	दान-शील; उदार	Adj
liberal	उदार व्यक्ति	N
liberalism	उदार विचार-धारा	N
liberally	उदारतापूर्वक	Adv
liberality	उदारता{वैचारिक}	N
liberalize	उदार बनाना	V
liberate	मुक्त करना	V
liberation	मुक्ति	N
liberator	परिमोचक	N
libertine	व्यभिचारी	N
liberty	स्वतन्त्रता{वैयक्तिक}; स्वेच्छाचारिता; अवांछनीय व्यवहार	N
libidinous	कामुक	Adj
libido	कामेच्छा	N
libra	तुला	N
library	पुस्तकालय	N
librarian	लाइब्रेरियन; पुस्तकालय-अध्यक्ष	N
lice	जूएँ	N
licence	लाइसेंस; स्वेच्छाचार; अतिशयोक्ति	N
license	लाइसेंस देना	V
licensee	लाइसेंसधारी व्यक्ति	N
licentious	व्यभिचारी	Adj
lichen	लाइकेन	N
lick	चाटना; हल्के से छूना	V
lick	लेहन; थोडी मात्रा; गति	N
lid	ढक्कन	N
lie	झूठ बोलना; भ्रमित करना	V
lie	झूठ	N
lie	लेटना; पडे रहना; स्थित होना; स्थिति में होना	V
liege	राजा या सामन्त	N
lien	ग्रहणाधिकार	N
lieu	बदले में	N
lieutenant	लेफ्टिनेंट; सहायक	N
life	जीवत्व; जीवन; प्राणी; जीवन्तता; आजीविका अथवा जीवनयापन-विधि; जीवनदान{खेल में}	N
lifeless	मृत; नीरस; जीवन रहित	Adj
lifecycle	जीवन चक्र	N
life expectancy	जीवन-सम्भावना	N
life-giving	जीवनदायक	Adj
life imprisonment	आजीवन कारावास	N
life insurance	जीवन-बीमा	N
life-jacket	जीवन जाके	N
life science	जैविक विज्ञान	N
life sentence	आजीवन दण्ड	N
life size	यथार्थ आकार	N
life span	जीवन काल	N
life story	जीवनी	N
life support	जीवन अवलंब	N
life threatening	घातक	Adj
life work	जीवन उपलब्धि	N
lifebelt	पेटी	N
lifeblood	प्राण-शक्ति	N
lifeboat	रक्षा-नौका	N
lifelike	सजीव	Adj
lifeline	रक्षा-रस्सी	N
lifelong	आजीवन	Adj
lifestyle	जीवन शैली	N
lifetime	जीवन-काल	N
lift	उठाना; आह्लादित करना; धुंध हटना; चुराना; उठा देना; सवारी में ले जाना	V
lift	लिफ्ट; सवारी में ले जाने की प्रक्रिया; उत्तोलन; उन्नयन	N
ligament	स्नायु रज्जुक	N
ligate	बांधना	V
ligature	रज्जुक	N
light	प्रकाश; प्रकाश-स्रोत; समझ	N
light	जलाना; प्रकाशित होना; चमक उठना	V
light	हलका; बलाघातशून्य; थकावट रहित; सरल; फुहार; कम; भार रहित	Adj
lightly	हल्के से; कम में; गम्भीरता रहित होकर	Adv
lightness	हल्कापन	N
light aircraft	छोटा वायुयान	N
light headed	नशे में	Adj
light-hearted	गम्भीरता रहित	Adj
lighten	हल्का करना; गम्भीरता हटना; चिन्तामुक्त होना	V
lighten	प्रकाश बढाना; चमक उठना	V
lighthouse	प्रकाश स्तम्भ	N
lightning	तडित	N
lightning	शीघ्रतम	Adj
lightship	प्रकाश-पोत	N
lightweight	प्रभाव रहित	N
lightweight	कम भार का	Adj
lignite	भूरा कोयला	N
like	पसंद करना; उचित लगना; चाहना	V
like	तरह का; जैसा	Prep
like	एक से	Adj
likely	सम्भव; उपयुक्त	Adj
liken	तुलना करना	V
likeness	तुलनात्मकता	N
likewise	वैसे ही; तुलनीय	Adv
liking	पसन्द	N
lilac	नीलक; फीका नील लोहितवर्ण	N
lilliputian	अतिलघु	Adj
lilt	वाणी का उतार-चढाव; झूमर	N
lily	कुमुदिनी; लिली	N
limb	अंग; शाखा	N
limber	क्रीडा-पूर्व व्यायाम	V
limbo	अनिश्चित स्थिति	N
limbo	वेस्ट-इण्डीज का एक नृत्य	N
lime	चूना; नींबू; फूल वाला एक पौधा	N
limelight	लोक-प्रसिद्धि	N
limerick	तुक्तक	N
limestone	चूने वाला पत्थर	N
limit	सीमा	N
limit	सीमित रहना	V
limitation	परिसीमा; शर्त; कमी	N
limousine	लिमोजीन	N
limp	लचीला; शक्तिहीन	Adj
limp	लंगडाना; कठिनाई से आगे बढ पाना	V
limpet	घोंघा	N
limpid	स्वच्छ	Adj
linchpin	धुरे की कील; सर्वाधिक महत्वपूर्ण व्यक्ति	N
linctus	अवलेह	N
line	लाइन; रेखा; सीमा-रेखा; सुरक्षा-पंक्तियाँ; पंक्ति; वंशावली; डोरी; तार; पटरी; प्रणाली; परिवहन कम्पनी	N
line	रेखा खींचना; अस्तर लगाना	V
lineage	वंशावली	N
lineal	वंशगत	Adj
limeaments	विशेषताएँ	N
linear	रेखागत	Adj
linen	लिनेन; कपडे की बनी घरेलु चादरें; मेजपोश आदि	N
liner	बडा पोत	N
liner	अस्तर	N
linesman	लाइन्समैन	N
-ling	छोटा; कार्य विशेष के लिए कोई व्यक्ति	Suffix
linger	ठहरा रहना; धीमे से करना; घसिटते रहना	V
lingo	कोई विदेशी भाषा; व्यवसाय विशेष से सम्बन्धित शब्द-समूह	N
lingua franca	लोक-भाषा	N
linguist	भाषा-वैज्ञानिक	N
linguistic	भाषा-सम्बन्धी	Adj
linguistics	भाषा-विज्ञान	N
liniment	दर्द-निवारक तैल	N
lining	अस्तर	N
link	कडी	N
link	कडी जोडना	V
linkage	जोडने का साधन; सम्बन्ध	N
linoleum	लिनोलियम	N
linseed oil	अलसी का तैल	N
lint	फाहा; चिथडे	N
lion	सिंह	N
lip	ओंठ; किनारा; अभद्र व्यवहार	N
lipservice	दिखावटी सांत्वना	N
lipstick	लिपस्टिक	N
liquefy	तरल बनाना	V
liqueur	मदिरा	N
liquid	द्रव	N
liquid	द्रव; स्पष्ट और स्वच्छ; नकद	Adj
liquidate	परिसमाप्त करना; ऋण चुकाना; को समाप्त कर देना	V
liquidation	परिसमापन	N
liquidator	परिसमापक	N
liquidity	द्रवता	N
liquidize	पीस कर द्रव में बदल देना; बेच कर पैसा इकठ्ठा करना	V
liquor	मदिरा	N
liquorise	गुंजा	N
lira	लीरा	N
lisp	तुतलाहट	N
lissom	सुनम्य	Adj
list	सूची	N
list	सूचीबद्ध करना; झुकना	V
listen	सुनना	V
listing	सूची	N
listless	निऊत्साहित	Adj
litancy	गिरजाघर में पढी जाने वाली प्रार्थनाएँ	N
literacy	साक्षरता	N
literal	शाब्दिक; नीरस	Adj
literally	अक्षरश:; वस्तुत	Adv
literay	साहित्यिक	Adj
literati	साहित्यक-प्रेमी	N
literature	साहित्य	N
lithe	सुनम्य	Adj
lithium	लिथियम	N
lithography	अश्म मुद्रण	N
lithograph	अश्म मुद्रण द्वारा मुद्रित चित्र	N
lithographic	अश्म-मुद्रीय	Adj
litigant	वादी	N
litigate	मुकदमा लडना	V
litigation	मुकदमे बाजी	N
litigous	मुकदमेबाज	Adj
litmus	लिटमस	N
litmus test	परीक्षा{सच्चाई की}	N
litre	लीटर	N
litter	कूडा-करकट; एक साथ पैदा हुए बच्चे; पालकी	N
litter	बिखेरना	V
little	थोडा; छोटा; महत्वहीन	Adj
littoral	तटीय	Adj
liturgy	गिर्जाघर में होने वाली विशेष प्रकार की पूजा	N
live	जीवित; जीवन्त; दहकता हुआ; विधुन्मय; साम्प्रतिक; घटित होता हुआ	Adj
live	घटित होने वाली	Adv
live	जीवित रहना; रहना; याद रहना; जीवन का आनन्द लेना	V
liveable	जीने योग्य; रहने योग्य; संभाली जाने योग्य	Adj
livelihood	जीविका	N
lively	फुर्तीला; सजीव; सक्रिय	Adj
liveliness	सजीवता	N
liven	सजीव होना	N
liver	यकृत	N
livery	पोशाक	N
livestock	पशुधन	N
livid	अत्यन्त एाुKKPPस; नीलाभ	Adj
living	जीवित; क्रियाशील	Adj
living	आजीविका; जीवन यापन विधि	N
living room	कमरा	N
living wage	वेतन	N
lizard	छिपकली	N
llama	लामा	N
lo	देखो	Interj
load	बोझा; लदान; कार्य-सीमा; बोझख Eनह aEEUUूी ंाग्हु aम्qल्गूश्रd ंब् म्दल्EEOOू; विद्युत-भार	N
load	लादना; भरना	V
loaded	भारित; भराहुआ; निहित अर्थ होना	Adj
loaf	रोटी	N
loaf	आवारागर्दीकरना	V
loafer	आवारागर्द	N
loan	ऋण	N
loan	ऋण पर देना	V
loath	अनिच्छुक	Adj
loathe	घृणा करना	V
loathing	घृणाख ऊ्दलुप् ूपब् ेगू ूदुाूपEEOO ग्ह ूप ेaस EEOOददस्	N
loathsome	घृणा-कारक	Adj
lob	उछालकर फेंकना	V
lobby	प्रतीक्षा-कक्ष; लाबी{पक्षमेजनमत}	N
lobby	अपने पक्ष में जनमत तैयार करना	V
lobe	लोलकी; पिण्डक	N
lobelia	नरसम	N
lobotomy	मस्तिष्क पर की जाने वाली शल्य-क्रिया	N
lobster	समुद्री झींगा	N
local	स्थानीय; सीमित	Adj
local	स्थानीय निवासी	N
locally	स्थानीय तौर पर	Adv
local authority	स्थानीय अधिकारी	N
local call	स्थानीय काल	N
local colour	स्थानीय रंग	N
local government	स्थानीय सरकार	N
local time	स्थानीय समय	N
locale	स्थान	N
locality	इलाका	N
localize	परिसीमित करना	V
locate	पता लगाना; स्थान निर्धारण करना; बस जाना	V
location	स्थान	N
loch	झील	N
lock	ताला; बन्ध; गुच्छा	N
lock	ताला लगाना; फँस जाना	V
locker	लॉकर	N
locket	लॉकेट	N
lockjaw	धनुक-बाई{एक रोग}	N
lockout	तालाबन्दी	N
lock smith	तालसाज	N
loco	रेल इंजन	N
locomotion	गतिशीलता	N
locomotive	संचलनशील	Adj
locomotive	इंजन	N
locumtenens	स्थानापन्न व्यक्ति	N
locus	स्थान विशेष; बिन्दुपथ	N
locust	टिड्डी	N
locution	विशिष्ट शैली	N
lode	धातुरेखा	N
lodestar	ध्रुवतारा; पथ प्रदर्शक	N
lodestone	चुम्बक-पत्थर	N
lodge	मकान	N
lodge	दर्ज करना; ठहराना; ठहरना; जमा करना	V
lodging	अस्थायी निवास स्थान	N
loft	अटारी; दुछत्ती	N
loft	उछालना	V
lofty	उदात्त; अहंकारी	Adj
log	तना; रोजनामचा	N
logger	लकडहारा	N
log	वृक्ष काटना	V
logging	कटाई{वृक्षों की}	N
log cabin	झोंपडा{तऩों से बना}	N
log-jam	कार्य में प्रगति न हो पाना	N
loganberry	लागेन बेरी	N
logarithm	लघुगणक	N
loggerheads	अनबन	N
logic	तर्क-शास्त्र; गणितीय तर्क; तर्क; गणक तर्क	N
logician	तर्क-शास्त्री	N
logical	तार्किक	Adj
logistics	संभार-तन्त्र	N
logo	लोगो	N
loin	कमर	N
loincloth	धोती; लुंगी	N
loiter	आवारा फिरना	V
loll	ढीले ढाले ढंग से लेटे; बैठे; खडे रहना; लटकना	V
lollipop	लॉलीपॉप	N
lone	अकेला	Adj
lonely	एकाकी	Adj
lonesome	एकाकी	Adj
long	लम्बा	Adj
long jump	लम्बी कूद	N
long odds	बहुत कम सम्भावना	N
long wave	लम्बी तरंग	N
long winded	उबाने वाला लम्बा भाषण; लेख आदि	Adj
long	लम्बा समय	N
long	लम्बे समय तक	Adv
long drawn out	बहुत समय लेनेवाला	Adj
long lasting	बहुत समय तक ठहरने वाला	Adj
long lost	बहुत समय पहले की	Adj
long running	बहुत समय तक चलने वाला	Adj
long serving	बहुत समय से काम करने वाला	Adj
long-stay	लम्बे समय तक रहना	Adj
long suffering	लम्बे समय से संकट झेलने वाला	Adj
long	इच्छा करना	V
longing	लालसा	N
longbow	लम्बा धनुष	N
longevity	दीर्घ आयु	N
longhard	सामान्य लेखन{आशु लेखन का विलोम}	N
longitude	देशान्तर रेखा	N
look	देखना; तलाशना; ध्यान देना; दिखाई देना; दिशा की ओर होना	V
looker	आकर्षक व्यक्ति	N
look-alike	किसी के जैसा लगना	Adj
look	दृष्टि; अवलोकन; फैशन; शैली; तलाश	N
looks	रूप	N
lookout	चौकी; चौकीदार	N
loom	करघा	N
loom	अस्पष्ट छाया दीखना; सम्भावना होना	V
loomy	सनक वाला	Adj
loop	घुमावदार वक्त; फन्दा; परिपथ	N
loop	फन्दा बनाना; फन्दा डालकर बाँधना	V
loophole	बचाव का रास्ता	N
loopy	सनकी	Adj
loose	ढीला; बन्धनमुक्त हुआ; अलग-अलग; अव्यवस्थित; असंपत	Adj
loosen	ढीला करना	V
loot	लूट	N
loot	लूटना	V
lop	काटना	V
lope	लम्बे-लम्बे डग भरना	V
lopsided	एकतरफा	Adj
loquacious	वाचाल	Adj
lord	अधिपति; सामन्त; प्रभु; लार्ड{उपाधि}	N
lord	अधिपत्य दिखाना	V
lordly	उद्धत; सामन्तीय	Adj
lordship	श्रीमान्	N
lore	विधा; जनश्रुति	N
loagnette	दूरबीन	N
lorry	लारी	N
lose	खो देना; गँवा देना; मिट जाना; न सुन पाना; हार जाना; बरबाद होना; पीछे हो जाना	V
loser	हानि भुगतने वाला	N
loss	घाटा; हानि; अभाव	N
loss-making	घाटे में चल रही	Adj
lost	हारा हुआ; खोया हुआ; गँवाया हुआ	Adj
lot	ढेर; बहुत बडी संख्या; स्थान विशेष; भाग्य	N
lotion	लोशन	N
lottery	लाटरी	N
lotus	कमल	N
loud	ऊँचे स्वर वाला	Adj
loudly	ऊँचे स्वर में	Adj
lounge	लॉंज; बैठक	N
louse	जूँ	N
lousy	बहुत खराब	Adj
lout	उजड्ड लड़का	N
louvre	झिलमिली; धुंवारा	N
lovable	प्यारा	Adj
love	प्रेम; प्यार; रुचि; चाह; शून्य	N
love	पसन्दकरना; प्यारकरना	VTI
loveless	प्यारहीन	Adj
love affaire	प्यार का चक्कर	N
love letter	प्रेमपत्र	N
love match	प्रेमीयुगल	N
lovelorn	प्रेमी द्वारा ठुकराया हुआ	Adj
lovely	मनोहर	Adj
lover	प्रेमी	N
lovesick	प्रेमासक्त	Adj
low	नीचा; कम; धीमा; निम्नश्रेणीका	Adj
low	नीचे; धीरेसे	Adv
low	बैलकीतरहडकारनायाबोलना	VI
lower	नीचाकरना; घटाना; उतारना	VTI
lowland	तराई	N
lowly	अधीन	Adj
loyal	स्वामिभक्त	Adj
loyalist	राजपक्षसमर्थक	N
loyalty	स्वामिभक्ति	N
lubber	कामचोर	N
lubricant	चिकनाकरनेवाली	Adj
lubricant	चिकनाकरनेवालीवस्तु	N
lubricate	चिकनाकरना	VT
luce	एकप्रकारकीमछली	N
lucid	सुस्पष्ट	Adj
luck	भाग्य	N
luckily	भाग्यसे	Adv
lucky	भाग्यवान	Adj
lucrative	लाभकर	Adj
ludicrous	हँसनेयोग्य	Adj
lug	खींचना; घसीटना	VT
luggage	सामान	N
lukewarm	गुनगुना; उदासीन; बेपरवाह	Adj
lull	सन्नाटा	N
lull	शांतकरना[होना]	VTI
lullaby	लोरी	N
lumbar	कमरसम्बन्धी	Adj
lumber	काठकबाड़	N
lumber	भारदेना	VT
luminary	तारागण	N
luminous	चमकीला	Adj
lump	ढेला; गुमड़ा	N
lump	ढेरलगाना	VT
lumpy	ढेलेदार	Adj
lunacy	पागलपन	N
lunar	चन्द्रमाका	Adj
lunatic	पागल	Adj
lunatic	पागल	N
lunch	दोपहरकाखाना	N
luncheon	दोपहरकाखाना	N
lung	फेफड़ा	N
lunge	छलाँग	N
lunge	आगे कूदना	VT
lurch	जहाज़कायकायकउलटजाना	N
lure	लालचदेना; लुभाना	V
lurk	छिपकरबैठना	VI
lust	कामुकता; लालच	N
lust	लोभकरना	VI
lustre	चमक	N
lustrous	उज्ज्वल	Adj
lute	बीन	N
luxurious	विषयासक्त	Adj
luxury	भोगविलास	N
lye	सज्जीदारपानी	N
lymph	बेरंगपानीजोपशुओँकीनसोंमेंहोताहै	N
lynch	बिनाविधिवतन्यायकिएदंडदेना	VT
lynx	वनबिलाव	N
ma'am	मैम; श्रीमतीजी	N
macabre	पैशाचिक	Adj
macadam	गिट्टी	N
macaroni	मैकरोनी{इटालियन व्यंजन}	N
mace	गदा; राजदण्ड; जावित्री	N
machination	कपटयोजना	N
machine	मशीन; कल; यंत्र	N
machinery	कलयंत्र; तंत्र	N
machinist	कलचलानेवाला	N
macho	मरदाना	Adj
mackerel	एक-प्रकारकीसमुद्रीमछली	N
mackintosh	बरसाती	N
macro	बहुत बड़ा	Adj
macrocosm	विश्व	N
mad	पागल; उत्तेजित	Adj
madly	गुस्सेसे	Adv
madam	महोदया	N
madame	श्रीमती	N
madcap	सनकी	Adj
madden	क्रुद्धहोना[करना]	V
madder	पीलेफूलोंवालीलता	N
madeira	एक तरह की शराब	N
mademoiselle	कुमारी	N
madhouse	पागलखाना	N
madman	पागल आदमी	N
madonna	कुमारी मरिया	N
madrigal	कजली	N
maelstrom	भँवर; उथलपुथल	N
maestro	संगीतज्ञ	Adj
mafia	माफिया	N
magazine	पत्रिका; पिस्तौल का पेट	N
magenta	गहरा गुलाबी रंग	N
maggot	कीड़ा	N
magi	ज्योतिषी	N
magic	जादू; माया	N
magical	मायिक	Adj
magician	जादूगर	N
magisterial	आधिकारिक	Adj
magistrate	मैजिस्ट्रेट; दण्डाधिकारी	N
magma	मैगमा	N
magnanimous	उदार	N
magnate	प्रभावशाली	N
magnesia	मैग्नीशिया	N
magnet	चुम्बक	N
magnetism	चुम्बकत्त्व	N
magnetised	चुम्बकित	Adj
magnetic	चुम्बकीय	Adj
magneto	मैगनेटो	N
magnificat	मरिया का भजन	N
magnificent	भव्य	Adj
magnificence	वैभव	N
magnify	आवर्धन करना; बढा चढाकर कहना	V
magnitude	महत्ता; विस्तार	N
magnolia	सफेद या गुलाबी फूलोंवाला पेड़	N
magnum	बोतल	N
magpie	मैगपाईचिड़िया{मैनाकीजातिकी}	N
maharaja	महाराजा	N
mahogany	महार्घ	N
maid	नौकरानी; अववाहिता	N
maiden	अविवाहिता; मेडन{बिनारनदिये}; प्रथम	N
mail	डाक; कवच	N
mailbag	पत्र रखने का थैला	N
mailbox	लेटर बॉक्स	N
mail	डाकसेभेजना	V
maim	अपंग बनना	V
main	प्रमुख; कुलमिलाकर	Adj
mainland	मुख्य भूभाग	N
mainspring	मुख्य प्रेरणा; बड़ी कमानी	N
mainstay	मुख्य आधार	N
mainstream	मुख्यविचारधारा	N
maintain	बनाए रखना; देखरेखकरना; निश्चयपूर्वक कहना; भरण पोषण करना	V
maintenance	अनुरक्षण; पोषण	N
maisonette	मकान का हिस्सा	N
maize	मक्का	N
majestic	राजसी	Adj
majesty	प्रताप	N
his majesty	महाराजा	N
her majesty	महारानी	N
major	प्रधान	N
majority	अधिकांश; बहुमत	N
make	बनना[बनाना]	V
make	गठन	N
make away with	चोरीकरलेना	PhrV
make for	की ओर जाना	V
make_little_of	तुच्छ समझना	V
make off	भाग जाना	V
make out	सफल होना; लिख देना; समझना	N
make up	श्रृंगार	N
maker	रचनाकार	N
make shift	कामचलाऊ	N
make weight	पासंग	N
making	बनानेकीप्रक्रिया; गुण	N
maladjusted	असमंजित	N
maladministration	कुप्रशासन	N
maladroit	अकुशल	Adj
malady	रोग	N
malaise	अस्वस्थता	N
malaria	मलेरिया	N
malcontent	असंतुष्ट	N
male	नर	Adj
male	पुरुष	N
malefactor	अपराधी	Adj
malevolent	द्वेषी	Adj
malformation	कुरचना	N
malice	द्वेष	N
malign	बदनामकरना	V
malign	अहितकर	Adj
malignant	अहितकर; संघाती	Adj
maligner	कामचोरीकरना	V
mall	माल{एक बड़ी बिल्डिंग जिसके अन्दर पूरा बाजार हो}	N
mallard	नीलसर	N
malleable	पिटवां	Adj
malnourished	कुपोषित	Adj
malnutrition	कुपोषण	N
malodorous	बदबूदार	Adj
malpractice	अनाचार	N
malt	माल्ट{बार्लीकेबीजोंकोअंकुरितकरकेशराबबनानेकेलियेफफदनेकोछोड़देना}	N
maltreat	अत्त्याचारकरना	V
mam	माँ	N
mama	माँ	N
mamba	साँप{अफ्रीकाकाएकज़हरीलासाँप}	N
mamma	माँ	N
mammal	स्तनपायी	N
mammary	स्तनीय	Adj
mammon	धनसम्पत्ति{कोईश्वरमानना}	N
mammoth	मैमथ	N
mammoth	विशाल	Adj
mammy	माँ	N
man	मानव; नर; सैनिक; नौकर	N
man	आदमीकामपरहोना[लगाना]	V
manacle	हथकड़ी	N
manage	संभालना	V
manageable	नियन्त्रणीय	Adj
management	प्रबंध	N
manager	प्रबंधक	N
mandarin	मैनडरिन{ब्रि.उच्चअधिकारी}; नारंगी; मंडारिन{चीनकीमानकभाषा}	N
mandate	आदेश	N
mandatory	अनिवार्य	Adj
mandible	जबड़ा; चोंच{निचलायाऊपरकाहिस्सा}	N
mandolin	सारंगी	N
mandrake	विषाखमूल	N
mane	अयाल	N
manganese	मैंगनीज	N
mange	खुजली	N
manger	चरनी	N
mange-tout	एक तरह का मटर	N
mangled	क्षत विक्षत	Adj
mangle	क्षत-विक्षतकरना	V
mango	आम	N
mangrove	आम्रकुंज	N
mangy	खुजलीवाला	Adj
manhandle	पीटना	Adj
manhole	मैनहोल	N
manhood	पुरुषत्त्व	N
manhunt	खोज बीन	N
mania	सनक	N
maniac	उन्मत्त	Adj
manicure	नख प्रसाधन	N
manifest	सुस्पष्ट; व्यक्त करना; मालसूची	Adj
manifesto	घोषणा पत्र	N
manifold	बहुविध	Adj
manila	खाकी कागज	N
manipulate	चलाना	V
mankind	मानव जाति	N
manly	मर्दाना	Adj
manliness	पौरुष	N
manna	दिव्यान्न	N
mannequin	पुतला	N
manner	ढंग; आचरण; रीति	N
mannish	मर्दानी	Adj
manoeuvre	चाल	N
manoeuvre	युक्तिचालचलना	V
manor	जागीर	N
manpower	मानवशक्ति	N
manque	असफल	Adj
mansard	दुढालू छत	N
manservant	नौकर	N
mansion	हवेली	N
manslaughter	मानवहत्त्या	N
mantis	कीड़ा	N
mantle	आवरण	N
mantra	मन्त्र	N
manual	हाथका; पुस्तिका	Adj
manufacture	बनाना; गढना	Adj
manufacturer	निर्माता	N
manure	खाद	N
manuscript	पाण्डुलिपि	N
many	अनेक	Det
map	मानचित्र	N
map	योजना बनाना	V
maple	द्विफल	N
mar-	बिगाड़ना	N
marathon	लम्बी दौड़; बहुत लम्बा	N
marauding	लूटमारकरनेवाले	N
marble	सगंमरमर; कंचा	N
march	प्रयाणकरना; तेज़ीसेचलना	V
margarine	माजरीन	N
margin	हाशिया; अतिरिक्त राशि	N
marginal	हाशिये का; बहुत कम	Adj
marigold	गेंदा	N
marijuana	हशीश	N
marine	समुद्रीय	Adj
mariner	नाविक	N
marionette	कठपुतली	N
marital	वैवाहिक	N
maritime	समुद्रीय; तटवर्ती	N
marjoram	कुठरा	N
mark	निशान; अंक; निशाना; छाप; महत्त्व	N
mark	परनिशानलगाना; परध्यानदेना	V
marked	सुस्पष्ट	Adj
marker	निशान	N
mark-down	मूल्य घटना	N
market	हाट	N
market-place	चौक	N
market-price	अंकित मूल्य	N
marketable	विक्रय	Adj
marketing	विपणन	N
marksman	निशानेबाज	N
marksmanship	निशानेबाजी	N
marl	खड़िया	N
marlin	समुद्री मछली	N
marmalade	मुरब्बा	N
marmoset	अफ्रीकन बंदर	N
maroon	गाढा भूरा रंग	Adj
maroon	असहाय छोड़ना	V
marquee	शामियाना	N
marquetry	जड़ाऊ काम{लकड़ीपरलकड़ीसे}	N
marriage	शादी	N
marriageable	विवाहयोग्य	N
marriage-license	विवाह अनुज्ञा	N
marriage certificate	विवाह प्रमाणपत्र	N
marriage guidance	विवाहकेलियेसलाह	N
marriage licence	विवाह अनुज्ञा	N
married	विवाहित	Adj
marrow	मज्जा; कुम्हाडा	N
marry	विवाह करना	V
mars	मंगल	N
marsala	एक तरह का मद्य	N
marsh	दल दल	N
marsh gas	मीथेन	N
marshal	क्रम से रखना	V
marsh land	कच्चभूमि; दलदल	N
marsh mallow	एक प्रकार की मिठाई	N
marsupial	धानी प्राणी	Adj
marten	चितराला	N
martial	युद्ध संबंधी	Adj
martial arts	युद्धविद्या	N
martial law	सैनिक कानून	N
martian	मंगलद्वीपका	Adj
martin	अबाबील चिड़ियाँ	N
martinet	कठोर अनुशासक	N
martini	एक प्रकार की शराब	N
martyr	शहीद; चिररोगी	N
martyrdom	बलिदान	N
marvel	आश्चर्य	N
marvellous	चमत्कारी	Adj
marxism	मार्क्सवाद	N
marxisist	मार्क्सवादी	N
marzipan	बादाम की मिठाई	N
mascara	अंजन	N
mascot	शुभंकर	N
masculine	पुंजातीय	Adj
mash	दलिया	N
mask	मुखौटा	N
mask	छिपाना	V
masked ball	नृत्य जिसमें अतिथि मुखौटे पहनते है	N
masochism	परिपीड़ित-कामुकता	N
mason	राजगीर	N
masonry	राजगिरी	N
masque	नाटक	N
masquerade	छद्मवेश	N
mass	परिमाण; समूह; क्रीस्त याग	N
mass	एकत्र होना[करना]	V
mass media	सम्पर्क साधन	N
mass produce	बड़ी संख्या में उत्पादन करना	V
massacre	कड़ी पराजय देना	V
massacre	हत्याकाण्ड	N
massage	मालिश	N
massaue	मालिश करने वाला	N
massage parlour	मालिशकरनेकीदुकान	N
massif	गिरिपिण्ड	N
massive	भारी	Adj
mast	मस्तूल	N
mastectomy	स्तन-शल्य	N
master	स्वामी; उस्ताद; शिक्षक	N
master class	संगीतपाठ	N
master key	सर्वकुञ्जी	N
master of ceremonies	विधिनायक	N
master plan	जटिल परिस्थिति की विजय योजना	N
master degree	स्नातकोत्तर उपाधि	N
masterful	कुशल	Adj
master mind	अतिचतुर	N
master piece	श्रेष्ठ कृति	N
mastery	प्रवीणता	N
masthead	मस्तूल शिखर	N
mastic	मस्तगी	N
masticate	चबाना	V
mastitis	स्तन की सूजत	N
masturbate	हस्तमैथुन करना	V
mat	चटाई	N
matador	वृषहंता	N
match	मुकाबला; जोड़ीदार; विवाह	N
match box	दियासलाई की डिबिया	N
match maker	शादी तय करने वाला व्यक्ति	N
match stick	दियासलाई	N
match wood	तीलियों का काष्ठ	N
mate	साथी; जोड़	N
material	द्रव्यात्मक	N
materialism	भौतिकवाद	N
materialist	भौतिकवादी	N
materialistic	सांसारिक	Adj
materialize	मूर्तरूप देना	V
maternal	मातृक	Adj
maternity	मातृत्व	N
maternity leave	प्रसूति छुट्टी	N
maternity pay	?	N
matey	मित्रवत्	Adj
mathematics	गणित	N
mathematical	गणित सम्बन्धी	Adj
mathematician	गणितज्ञ	N
matinee	सिनेमा अपराह्ण	N
matins	सुबह की प्रार्थना	N
matriarch	मातृ सत्ता	N
matriarchy	मातृक	N
matriculate	पंजीकृत करना	V
matrimony	वैवाहिक जीवन	N
matrix	साँचा	N
matron	अधीक्षिका	N
matt	निष्प्रभ	Adj
matter	विषय; द्रव्य	N
for that matter	तत्सम्बन्धित	IDM
a matter of course	स्वाभाविक बात	N
a matter of openion	विचारणीय विषय	N
matter of fact	तथ्यात्मक	Adj
no laughing matter	गम्भीर विषय	N
matting	चटाई	N
mating	सुबह की प्रार्थना	N
mattock	फ़ावड़ा	N
matress	गद्दा	N
mature	पूर्ण विकसित; पका हुआ	Adj
maturation	परिपक्वता	N
matzo	एक तरह की रोटी	N
maudlin	भावुक	Adj
maul	क्षतविक्षत करना	V
maunder	बकवास करना	V
maundy thursday	पुण्य बृहस्पतिवार	N
mausoleum	मक़बरा	N
maurve	बैंगनी	Adj
marverick	स्वतन्त्र व्यक्ति	N
maw	उदर	N
mawkish	अति भावुक	Adj
maxim	नीति वचन	N
maximal	उच्चतम	Adj
maximize	उच्चतम सीमा तक बढ़ाना	V
maximum	अधिकतम; महत्तम	N
may	मई; वसन्त	N
may	सम्भवतः	MV
may	हावथार्न के फूल	N
may be	सम्भवतः	Adv
may day	मई दिवस; रेडियो संसूचक	N
may fly	मई की मक्की	N
maythem	अव्यवस्था	N
mayonnaise	पीली चटनी	N
mayoral	महापौरीय	Adj
mayoralty	पुराध्यक्षता	N
mayoress	महापौर-पत्नी; निगमाध्यक्षकी	N
maypole	मईपोल{सज्जित खम्बा जिसके चारों ओर लोग मई दिवस पे नृत्य करते हैं}	N
maze	भुलभुलैया; पहेली	N
mazurka	पोलिश नृत्य{चार या आठ जोडों के लिए}	N
mb	चिकित्सा में स्नातक	N
mba	एम.बी.ए.{वाणिज्य प्रशासन में स्नातकोत्तर}	N
mbe	ब्रिटिश राज्य का सदस्य	N
mc	कॉंगरेस सदस्य; सेना पदक{ब्रिटेनमें}	N
mcc	राष्ट्रीय परिषद का सदस्य	N
mccoy	वास्तविक वस्तु	N
md	स्नतकोत्तर चिकित्सक; महाप्रबन्धक	N
me	मुझको	Pron
mead	शहद की शराब	N
meadow	घास का मैदान	N
meagre	कम	Adj
meal ticket	कोई व्यक्ति या वस्तु जिससे भोजन की व्यवस्था हो	N
meal	भोजन; भोजनकासमय	N
-meal	अनाज का चूरा	N
mealtime	भोजन का समय	N
mealy-mouthed	बात को टालने वाला	Adj
mean	औसत; साधन	N
mean	मतलबहोना	V
mean	कमीना	Adj
meander	घुमावदाररास्तेपरचलना{नदीका}; दिशाहीनघूमना	V
meanderings	घुमावदाररास्ता	N
meaning	अर्थ	N
meaningful	अर्थपूर्ण	Adj
meaningfully	अर्थपूर्णरूपसे	Adv
meaningless	अर्थहीन	Adj
means	साधन; पैसा	N
meantime	इसी बीच	Adv
meanwhile	इसी दौरान	Adv
measles	खसरा	N
measly	बहुत कम मात्रा में	Adj
measurable	मापने योग्य	Adj
measure	नापना; निर्णयकरना; पतालगाना; नापकाहोना; नापतोलकरना	V
measure	माप	N
measured	नपा-तुला	Adj
measurement	नाप	N
measuring-tape	मापक यत्रं	N
meat	माँस; प्रमुखअंश	N
meatball	छोटे टुकडों में कटे मॉंस के गोले	N
mecca	मक्का{मुसलमानों का तीर्थ}	N
mechanic	मैकैनिक; कारीगर	N
mechanical	यांत्रिक	Adj
mechanically	यांत्रिकरूपसे	Adv
mechanics	यंत्रविज्ञान	N
mechanism	तरीका	N
mechanistic	यांत्रिकीय	Adj
mechanise	मशीनीकरण	V
med	मैडिटेरेनियनसमुद्र	N
medal	पदक	N
medallion	बडा पदक	N
meddle	काम में हस्तक्षेप करना	V
meddler	काम में हस्तक्षेप करने वाला	N
meddlesome	हस्तक्षेपकरनेमेंलीन रहनेवाला	Adj
meddling	हस्तक्षेपी	Adj
media	संचारमाध्यम	N
mediaeval	मध्यकालीन	Adj
median	मध्यस्थ	N
mediate	मध्यस्थकाकामकरना	V
mediation	बीचबचाव करना	N
mediator	बीचबचाव करने वाला	N
medic	डाक्टर; आयुर्विज्ञान का विद्यार्थी	N
medicaid	मेडिकेड{गरीबों को दवा एवँ उपचार उपलब्ध कराने की एक योजना}	N
medical	आयुर्विज्ञानसंबन्धी	Adj
medical	आयुर्विज्ञान	N
medical officer	चिकित्सा अधिकारी	N
medicament	दवादारू	N
medicated	दवा युक्त	Adj
medication	दवा का प्रयोग	N
medicinal	रोगनाशक	Adj
medicine	औषधी	N
medico	चिकित्सक	N
medieval	मध्यकालीन	N
mediocre	साधारण	Adj
meditate	तपस्या करना	V
meditation	साधना	N
meditative	सोचने में मग्न	Adj
mediterranean	भूमध्यसागर	N
medium	मध्य	Adj
medium wave	मध्य तरंग	N
medley	अलग अलग का मेल{चीजों या व्यक्तियों}	N
meek	दब्बू; अहंकार रहित	Adj
meekly	चुपचाप	Adv
meekness	नम्रता	N
meet	मिलना; सेभेंटकरना; सामनाकरना; पूराकरपाना	V
meeting	बैठक; मिलन	N
meeting house	बैठक घर	N
mega	बहुत बड़ा	Adj
megabyte	कम्प्यूटर की स्मृति का माप	N
megahertz	रेडियोफ्रीक्वैंसीकामाप	N
megalith	बड़ा पत्थर	N
megalithic	बड़े पत्थरों का बना हुआ	Adj
megalomania	की तीव्रलालसा	N
megalomaniac	के लिए पागल	N
megaphone	भोंपू	N
megastar	बड़सितारा{मनोरंजन के क्षेत्र में}	N
megaton	बहुत बड़ा धमाका	N
melamine	मोमजामा	N
melancholy	गहरीउदासी	N
melancholia	मानसिकरुग्णता{उदासीकेकारण}	N
melancholy	उदासीकीअवस्था	Adj
melancholic	उदासीकीअवस्था	Adj
melange	मिश्रण	N
melanin	मेलेनिन	N
melanoma	चमड़ी पर एक गहरा दाग{जिससे कैंसर हो सकता है}	N
meld	मिश्रणकरना	V
melee	संभ्रमितभीड़	N
mellifluous	मधुर	Adj
mellow	दयालु	Adj
melodious	सुरीला	Adj
melodrama	उत्तेजनायुक्तनाटक	N
melodramatic	अतिनाटकीय	Adj
melodramatically	अतिनाटकीयता से	Adv
melody	मधुर संगीत	N
melon	तरबूज	N
melt	पिघलाना[पिघलना]	V
meltdown	परमाणु दुर्घटना	N
melting	पिघलताहुआ	Adj
melting point	तापमान जिस पर पदार्थ पिघलता है	N
member	सदस्य	N
membership	सदस्यता	N
membrane	झिल्ली	N
memento	निशानी	N
memo	पुर्ज़ा	N
memoir	जीवनी	N
memorabilia	स्मरणीयवस्तुएँ	N
memorable	स्मरणीय	Adj
memorandum	पुर्ज़ा; ज्ञापन	N
memorial	स्मारक	N
memorial day	यादगार दिवस	N
memorialise	यादगार दिवस मनाना	V
memorise	याद करना	V
memory	स्मृति; याददाश्त	N
menace	कष्टकारी{व्यक्तियावस्तु}	N
menacing	डरावना	Adj
menage	परिवारकेसदस्य	N
menagerie	जानवरों का समूह	N
mend	ठीक करना	V
mendacious	झूठा	Adj
mender	ठीक करने वाला	N
mendicant	भीक्षु	N
mend	ठीक करना	V
menfolk	पुरुष	N
menial	छोटा काम	Adj
meningitis	गर्दन तोड़ बुखार	N
menopause	मासिक धर्म का बंद हो जाना	N
menses	मासिक धर्म	N
menstrual	मासिक धर्म से संबन्धित	Adj
menswear	आदमियों के कपडे	N
mental	मानसिक	Adj
mentally	मानसिक रूप से	Adj
mentality	मानसिक दशा	N
menthol	पुदीने का सत	N
mention	उल्लेखकरना	V
mentioned	कथित	Adj
mentor	विश्वसनीय सलाहकार	N
menu	मेनू; आहारिका	N
mercantile	वाणिज्यिकीय	Adj
mercenary	किरायेकासैनिक	N
merchandise	व्यापारी माल	N
merchant	व्यापारी	N
merchantable	व्यापार योग्य	Adj
merchant bank	व्यापार के लिए कर्ज देने वाला अधिकोष	N
merchant navy	व्यापारी जहाज	N
merciful	दयालु	Adj
merciless	कठोर	Adj
mercurial	पारा युक्त दवा; तेज	Adj
mercury	पारा; बुधग्रह	N
mercy	दया	N
mercifully	दयापूर्वक	Adv
mercilessly	निर्दयतासे	Adv
mercy killing	दया करके मारना	N
mere	पोखरा	N
mere	केवल	Adj
meretricious	बनावटी शोभा युक्त	Adj
merge	विलय करना	V
merger	विलयन	N
meridian	दोपहर	N
meringue	एक प्रकार की मिठाई	N
merino	भेड़ की एक जाति	N
merit	योग्यता	N
merited	योग्य	Adj
meritorious	सराहनीय	Adj
merlin	छोटा बाज	N
mermaid	जलपरी	N
merriment	आनन्द	N
merry	आनन्दपूर्ण	Adj
merrymaking	खुशी मनाना	N
mesa	ढलुआपठार	N
mescaline	एकतरहकीनशीलीदवा	N
mesh	जाली; जाल	N
mesh	जाल में फँसना[फँसाना]	V
mesmeric	सम्मोहक	Adj
mesmerise	सम्मोहितकरना	V
mess	भोजनालय; गड़बड़ी; झंझट; गंदगी	N
mess up	गड़बड़ीकरना	PhrV
messy	फैला हुआ	Adj
messily	गंदेतरीकेसे	Adv
messiness	गंदगी	N
message	समाचार	N
messenger	संदेशवाहक	N
messiah	मुक्तिदाता	N
messrs	सर्वश्री	N
met	मौसम विभाग	N
metabolism	रस प्रक्रिया	N
metal	धातु	N
metal detector	धातु खोजक	N
metal fatigue	धातु कमजोरी	N
metalwork	धातु पर कार्य	N
metalanguage	भाषा	N
metallic	धातु जैसा	N
metallurgy	धातु विज्ञान	N
metamorphose	बदलाव	N
metamorphosis	आकार बदलना	N
metaphor	अलंकार	N
metaphysics	तत्वविज्ञान	N
mete	भोगना	V
mete out	देना; भुगतवाना	PhrV
meteor	उल्का	N
meteorite	टूटा हुआ तारा	N
meteorology	मौसम विज्ञान	N
meter	मापक	N
methane	दलदल की वायु	N
method	प्रणाली; तरीका	N
methodical	व्यवस्थित; तरीकेका	Adj
methodism	नियमवाद	N
methodologist	नियमवादी	N
meticulous	अतिसावधान	Adj
metre	छंद; मीटर	N
metric	मीटरका	Adj
metro	बड़ाशहर; भूमिगत रेल	N
metronome	तालमान	N
metropolis	महानगरी	N
metropolitan	महानगरीय	Adj
mettle	साहस	N
mew	सागर का पक्षी; बल्लीकीआवाज़	N
mews	घुड़साल	N
mezzanine	दुछत्ती	N
miasma	दूषित वायु	N
mica	अभरक	N
mice	चूहे	N
michaelmas	संत माईकल की याद में बड़ा दिन	N
mickey	मिकी{हवाईजहाजों से बम फेंकने का यंत्र}	N
micro	सूक्ष्म	N
microbe	सूक्ष्म कीटाणु	N
microbiology	अणुजीव विज्ञान	N
microchip	माइक्रोचिप{धातु से बनी एक चीज जो संगणक में प्रयुक्त होती है}	N
microcomputer	सूक्ष्म संगणक	N
microcosm	सूक्ष्म ब्रह्माण्ड	N
microfiche	लघुफिल्म की छोटी परत	N
microfilm	लघुफिल्म	N
microlight	छोटा और हलका हवाईजहाज	N
micron	मीटर का दसलाखवाँ भाग	N
micro-organism	सूक्ष्म जीव	N
microphone	माइक	N
microprocessor	छोटा संगणक	N
microscope	सूक्ष्मदर्शी	N
microscopic	सूक्ष्म	Adj
microwave	सूक्ष्म तरंग	N
mid	मध्य	Adj
midas touch	हर काम से फायदा होना	N
midday	दोपहर	N
middle	मध्यस्थल	N
middle	बीच[का]	Adj
middle class	मध्य श्रेणी	N
middle east	मध्य पूर्व	N
middlebrow	ज्यादा बुद्धिमान नहीं	Adj
middleman	बिचौलिया	N
middling	मध्य श्रेणी का	Adj
midfield	मैदान का मध्य	N
midge	एकछोटामच्छर	N
midget	बौना आदमी	N
midlands	मध्यदेश	N
midnight	मध्यरात्री	N
midpoint	मध्यबिंदु	N
mid-range	मध्यम श्रेणी का	Adj
midriff	प्राचीर	N
midshipman	नौसैनिक	N
midst	बीच	N
midstream	मझधार	N
midsummer	गर्मियों का मध्य	N
mid-term	सत्र के बीच में	Adj
midway	बीच का मार्ग	Adj
midweek	सप्ताह का मध्य	N
midwife	दाई	N
midwinter	शीतकाल का मध्य	N
mien	हावभाव	N
miffed	गुस्समें	Adj
might	बल	N
might	होगा{शायद}; सकना	AuxV
mighty	बलशाली	Adj
mighty	बहुत	Adv
migraine	आधेसिरकादर्द	N
migrant	प्रवासी	N
migrate	दूसरे देश में जाना	V
migration	प्रवास	N
migratory	प्रवासी	Adj
mike	माइक	N
mild	विनम्र; नरम; सादा	Adj
mildew	फफूँदी	N
mildly	नम्रतापूर्वक	Adv
mildness	मृदुता	N
mile	मील	N
mileage	मीलों की संख्या	N
miler	एक मील दौड़ने वाला	N
milestone	मील का पत्थर	N
milieu	वातावरण	N
militant	आक्रामक	Adj
militancy	आक्रामकता	N
militarise	सेनायुक्तकरना	V
militarism	सैनशक्तिबढ़ाना	N
militaristic	आक्रामक; सैनशक्तिबढ़ानेवाली	Adj
military	सेना	N
military base	सेना का आश्रय	N
milk	दूध	N
milk	दुहना	V
milking	दुहना	N
milkmaid	दूध दुहने वाली	N
milkman	दूधवाला	N
milksop	डरपोक आदमी[लड़का]	N
milky	दूधिया; दूधवाला	Adj
milky way	आकाश गंगा	N
mill	मिल; चक्की	N
mill	पीसना	V
millennium	हजार सालों का समय	N
miller	मिल मालिक	N
millet	मोटा अनाज	N
milli-	हजारवाँ	Pref
millibar	मिलिबार	N
milligram	मिलिग्राम	N
millilitre	मिलिलिटर	N
millimetre	मिलिमीटर	N
milliner	महिलाओं के हैट बेचनेवाला	N
million	दस लाख	N
millionaire	लखपति	N
millipede	लाखों पैर वाला	N
millisecond	क्षण का लाखवां भाग	N
millpond	चक्की चलाने के लिए निर्मित तालाब	N
millstone	चक्की का पत्थर	N
milometer	मीलमापी	N
mime	नकल	N
mime	नकल करना	V
mimetic	नकल करने वाला	Adj
mimic	नकलची	N
mimic	नकल करना	V
mimosa	पीले फूलों का पेड़	N
mimicry	नकल करना	N
minaret	मीनार	N
minatory	धमकीपूर्ण	Adj
mince	छोटा छोटा काटना	V
mincemeat	कीमा	N
mincing	कोमल	Adj
mind	मनःस्थिति; बुद्धि; दिमाग; बुद्धिशील{व्यक्ति}; मन	N
mind	आपत्तिहोना[करना]; ध्यानदेना	V
minded	दिमाग वाला	Adj
mindful	सावधान	Adj
mindfully	सावधानी से	Adv
mindfulness	सावधानी	N
mindless	मूर्ख	N
mine	मेरा	Pron
mine	खान	N
mine	खानखोदना	V
minefield	खदान	N
miner	खदान में काम करने वाला	N
mineral	खनिज	N
mineralogy	खनिजविज्ञान	N
minesweeper	सुरंग भेदी पोत	N
mineworker	खान में काम करने वाला	N
mingle	घुलनामिलना	N
mingy	कंजूस	N
mini	छोटा	N
miniature	सूक्ष्म चित्र बनाना	N
miniature	लघुरूप; लघुचित्र	N
mini-bar	छोटा शराबखाना	N
minibus	छोटी बस	N
minicab	एक टैक्सी जो पहले से तय हो	N
minicomputer	छोटा संगणक	N
minim	एक प्रकार का राग	N
minimal	छोटे से छोटे	Adj
minimise	छोटा करना	V
minimum	कम से कम	Adj
minimum	कम से कम	N
minion	चापलूस	N
miniseries	धारावाहिक	N
minister	मंत्री	N
minister	सेवा करना	V
ministerial	मंत्रालय संबंधी	Adj
ministration	सेवा	N
ministry	मंत्री मंडल	N
mink	ऊदबिलाव के बाल	N
minnow	छोटी मछली	N
minor	नाबालिग	Adj
minster	आश्रम{बड़ाचर्च}	N
minority	अल्पसंख्यक	N
minstrel	नट	N
mint	टकसाल; पोदीना	N
mint	पैसेबनाना	V
minuet	एक धीमा नाच	N
minus	केबिना; घटा	Prep
minuscule	बहुतछोटा	Adj
minute	मिनट; मीटिंगकाविवरण	N
minute	सूक्ष्म	Adj
minutely	सूक्ष्मता	Adv
minx	मक्कार{स्त्री}	N
miracle	चमत्कार	N
miraculous	चमत्कारी	Adj
mirage	मृगतृष्णा	N
mire	कीचड़	N
mire	अटकना; अटकाना; गंदाहोना[करना]	V
mirror	शीशा	N
mirth	हँसीविनोद; खुशी	N
mirthful	उल्लासपूर्ण; खुशीभरा	Adj
mirthfully	उल्लासकेसाथ; खुशीसे	Adv
miry	कीचड़युक्त	Adj
misadventure	दुर्घटना; दुर्भाग्य	N
misanthropic	मानवद्वेषी	N
misapplication	दुरुपयोग	N
misapply	दुरुपयोग करना	N
misapprehension	भ्रम	N
misappropriate	गबन करना	V
misbegotten	बेकार योजना बनाना	N
misbehave	बुरा व्यहवार करना	V
misbehaviour	बुरा व्यहवार	N
miscalculate	गलत हिसाब लगाना	V
miscalculation	गलत हिसाब	N
miscarriage	गर्भपात	N
miscarry	गर्भपात होना	V
miscast	गलत काम देना	V
miscellaneous	अनेक प्रकार के	Adj
miscellany	विविध संग्रह	N
mischance	बदकिस्मती	N
mischief	शैतानी	N
mischief-making	शैतानी करना	N
mischievous	शैतान	Adj
mischievously	शैतानी पूर्ण	Adv
misconceive	गलत समझना	V
misconception	गलत विचार	N
misconduct	अनाचार	N
misconstruction	गलत समझना	N
misconstrue	अनर्थ करना	N
miscount	गलत गिनना	N
miscount	गलत गिनना	V
miscreant	पाखंडी	N
misdeed	बुरा काम	N
misdemeanour	साधारण अपराध	N
misdirect	गलत रास्ता दिखाना	V
miser	लोभी	Adj
miserable	दुखी	Adj
miserly	कंजूस	Adj
misery	दुःख; विपत्ती	N
misfire	गलतचल जाना	V
misfit	अनुपयुक्त	Adj
misfortune	बदकिस्मती	N
misgiving	शुबह	N
misguided	गलत रास्ते पर चलनेवाले	Adj
mishandle	गलत ढंग से प्रयोग करना	Adj
mishap	दुर्घटना	N
mishear	गलत सुनना	V
mishit	गलत निशाना	N
mishmash	गड़बड़ी	N
misinform	गलत सूचना देना	Adj
misinformation	गलत सूचना	N
misinterpret	गलत समझना	V
misinterpretation	गलत समझना	N
misjudge	गलत निर्णय लेना	N
misjudgement	गलत फैसला	N
mislaid	गलत जगह पर रखा हुआ	Adj
mislay	गलत जगह पर रखना	V
mislead	पथभ्रष्टकरना	V
misleading	गलतफहमी पैदा करनेवाला	Adj
mismanage	कुप्रबन्धकरना	V
misleadingly	बहकातेहुए	Adv
mismatch	बेमेल	N
mismanagement	कुप्रबन्ध	N
misname	गलत नाम होना	V
misnomer	नाम का गलत प्रयोग	N
misogynist	औरत जाति से नफरत करने वाला आदमी	N
misplace	गलत जगह रखना	V
misplaced	खोई हुई चीज	Adj
misprint	गलत छपना	N
misprint	गलत छपना	V
misquote	गलत उद्धरण देना	V
misquotation	गलत उद्धरण	N
mispronounce	गलत उच्चारण करना	V
misrepresent	गलत प्रतिनिधित्व करना	V
misread	गलत पढ़ना	N
misrule	कुशासन	N
miss	चूक जाना; छूटजाना; कमीमहसूसकरना; असफल होना	V
too good to miss	न छोड़नेलायक	IDM
miss	कुमारी	N
missal	इसाइयों की पूजा की किताब	N
misshapen	गलत आकार वाली	Adj
misshapen	गलत आकार वाली	V
missile	मिसाइल{फेंक कर मारने योग्य चीज}	N
missing	खोया हुआ	Adj
mission	शिष्टमंडल	N
missionary	धर्म प्रचार करने वाला	N
missive	लंबा कार्यालयी पत्र	N
misspell	गलत वर्तनी लिखना	V
misspelled	गलत वर्तनी वाला	Adj
misspelling	गलत वर्तनी	N
misspend	गलत खर्च करना	V
misspent	गलत खर्च किया हुआ	Adj
missus	श्रीमती	N
mist	धुंध	N
misty	धुंध से भरा हुआ	Adj
mistake	गलती	N
mistake	गलत समझना	V
mistaken	गलत	Adj
mister	श्रीमान	N
mistimed	गलत समय पर करना	V
mistletoe	अमरबेल	N
mistreat	गलत व्यवहार करना	V
mistreatment	गलत व्यवहार	N
mistreatment	गलत इलाज	N
mistress	मालकिन	N
mistrial	गलत मुकदमा	N
mistrust	अविश्वास	N
mistrust	अविश्वास करना	V
mistrustful	अविश्वासी	Adj
mistrustfully	अविश्वास के साथ	Adv
misunderstand	गलत समझना	V
misunderstanding	गलतफहमी	N
misuse	गलत प्रयोग	N
mite	थोड़ा; छोटा बच्चा या जानवर	N
mitigate	गम्भीरता कम करना	V
mitigating	गम्भीरता कम करने वाला	Adj
mitigation	गम्भीरता कम कर देना	N
mitre	पादरियों की ऊँची टोपी	N
mitt	मुक्केबाज़ी के दस्ताने	N
mitten	जाली के दस्ताने	N
mix	मिश्रणकरना; मिलाना; घुलना	V
mix	मिश्रण; घोल	N
mixed	मिश्र; मिला हुआ	Adj
mixer	मिक्सर; मिश्र करनेवाला यंत्र	N
mixture	घोल	N
mix-up	असमंजस में पड़ना	N
mnemonic	याददाश्त बढाने वाला शास्त्र	N
moan	कराह	N
moan	शोक करना	V
moat	खाई	N
mob	भीड़	N
mobile	चलता फिरता	Adj
mobilise	गतिशील करना	V
mobility	गतिशीलता	N
mobile home	कारवाँ	N
mobster	गुंडा	N
moccasin	नरम चमडे से बना सपाट जूता	N
mocha	एक प्रकार का हीरा; कहवा	N
mock	चिढ़ाना	V
mock	बनावटी	Adj
mockery	मज़ाक	N
mocking bird	नकलची चिड़िया	N
mod	आधुनिक	N
mod	रक्षा मंत्रालय	N
mod cons	आधुनिक सुविधाएँ	N
mode	तरीका	N
model	नमूना; माडेल	N
role model	आदर्श	N
modem	मोडेम{एक यंत्र जो संगणकों को जोडता है}	N
modelling	माडेलबननेका	Adj
moderate	औसत	Adj
moderate	धीमा करना[होना]	V
moderately	धीमे	Adv
moderation	संयम	N
moderator	मध्यस्थ	N
modern	आधुनिक	Adj
modernism	आधुनिकता	N
modernise	आधुनिकरण करना	V
modernisation	आधुनिकरण	N
modernistic	आधुनिकतावादी	Adj
modest	संकोची	Adj
modestly	संकोच से	Adv
modesty	संकोच	N
modicum	टुकड़ा	N
modify	सुधारना	V
modification	सुधार	N
modifier	सुधारक	N
modish	आधुनिक रीति के अनुसार	N
modulate	स्वर साधना	N
module	इकाई	N
moggie	बिल्ली	N
mogul	मुगल	N
mohair	अंगोरा ऊन{अंगोरा जाति की बकरी के लम्बे रेशमी बाल}	N
mohair	अंगोरा ऊन का{अंगोरा जाति की बकरी के लम्बे रेशमी बाल}	Adj
mohammed	मुहम्मद	N
moist	नम	Adj
moisten	नमकरना	V
moistened	नम	Adj
moisture	नमी	N
molar	दाढ़	N
molasses	सीरा	N
mole	तिल; छंछूदर; जासूस	N
molecule	अणु	N
molehill	छंछूदर द्वारा ऊपर फेंकी मिट्टी	N
moleskin	नरम सूती कपड़ा	N
molest	छेड़छाड़करना	V
molester	छेड़छाड़ करनेवाला	N
moll	गुंडी	N
mollify	शांत करना	V
mollusc	घोंघा	N
mollycoddle	अत्यधिक ध्यान देना	N
molotov cocktail	बोतल में पेट्रोल भर कर बनाया विस्फोटक	N
molten	पिघला हुआ	Adj
mom	माँ	N
moment	क्षण	N
momentary	क्षणिक	Adj
momentous	आवश्यक	Adj
momentum	गति	N
mommy	माँ	N
monarch	राजा	N
monastery	मठ	N
monastic	आश्रम संबंधी	Adj
monday	सोमवार	N
monetary	पैसे से संबंधित	Adj
money	पैसा	N
money bags	पैसे भरे थैले	N
money order	धनादेश	N
money lender	साहूकार	N
moneyed	धनवान	Adj
mongoose	नेवला	N
mongrel	मिश्रित जाति का कुत्ता	N
monitor	कक्षानायक	N
monitoress	कक्षानायिका	N
monitory	उपदेशक	N
monk	भिक्षु	N
monkish	भिक्षु जैसा	Adj
monkey	बंदर	N
monoacidic	एकाम्लक	Adj
monoatomic	एक परमाणुक	Adj
monocephalous	एक मस्तकवाला	Adj
monochord	स्वरमापी	N
monochrome	एक वर्ण	Adj
monochromatic	एकवर्णी	Adj
monocle	उपनेत्र	N
monocular	एक नेत्री	Adj
monocratie	एक शासकीय	Adj
monocracy	एक तन्त्र	N
monodrama	एकल नाटक	N
monody	एक स्वर गीत	N
monogamist	एक पलीक	N
monosyllabic	एकाक्षरीय	Adj
monotheism	एकेश्वरवाद	N
monotheist	एकेश्वरवादी	N
monotheistic	एकैश्वरवादात्मक	Adj
monotonic	एक स्वर; एक ताल	N
monotony	एकस्वरता	N
monotypic	एक प्रतिरूपी	Adj
monoxide	एकल आक्सैड़	N
monovalent	एक संयोजक	Adj
monsignor	महामान्यवर	N
monsoon	बरसाती पवन	N
monster	विरूप प्राणी	N
monstrous	अप्राकृतिक	Adj
monstrosity	भीमकाय प्राणि	N
monsuir	श्रीमान; महोदय	N
montage	संग्रथित चित्र	N
montane	पर्वतीय; पहाड़ी	Adj
month	महीना	N
monument	स्मारक	N
monumental	स्मारकीय	Adj
moo	रंभण	N
mooch about	बिना उद्देश्य के इधर उधर घूमना	V
mood	मनोदशा	N
moodily	उदासी	Adv
moon	चन्द्रमा	N
moon beam	चन्द्रकिरण	N
moon blind	निशान्धा	Adj
moondrop	चन्द्रकान्तमणि	N
moon flower	चन्द्रकान्ति	N
moonlight	चाँदनी	N
moonlit	चाँदनी	N
moonlit night	चाँदिनी रात	N
moonrise	चन्द्रोदय	N
moonstone	चन्द्रकान्त	N
moonstruck	पागल	Adj
full moon	पूर्णिमा	N
moor	बंजर भूमि	N
morganatic	अनुलोम	Adj
morganatically	अनुलोम विवाह के द्वारा	Adv
morgue	मुरदाघर; शवशाला	N
moribund	अन्त के करीब	Adj
morman	मोरमन	N
mormonism	मोरमनवाद	N
morn	सुबह	N
morning	सुबह; प्रभात	N
in the morning	सुबह	N
morning dress	प्रातःकालीन वस्त्र	N
morning prayer	प्रातःकालीन आराधना	N
morning room	प्रातःकाल बैठने का कक्ष	N
morning sickness	उल्टी{गर्भधारण की स्थिति में}	N
morning star	प्रभात तारा	N
mornings	प्रत्येक सुबह	Adv
morosely	उदासी	Adj
morph	रूप	N
morphic	आकार सम्बन्धी	Adj
morpheme	रूपग्राम; रूपिम	N
morphemics	रूपिम विज्ञान; आकृति विज्ञान	N
morphogenesis	संरचना विकास	N
morphology	Akqwi विज्ञान	N
morphological	रूपात्मक	Adj
morphologist	आकृति विज्ञानी	N
monophonemics	रूपस्वनिम विज्ञान	N
morpheus	यूनान का स्वप्न देवता	N
in the arms of morpheus	उनींदा; निद्रित	N
morphine	अहिफेनासव; अफीन से बनाई जाने वाली पीड़ा नाशक दवा	N
morrow	कल; अगला दिन	N
morsal	कबल	N
morocco	चमड़ा{एकप्रकार}	N
moron	मंदबुद्धि; बालिश	N
moronically	बालिशता से	Adv
moronic	क्षीण बुद्धि का	Adj
morose	चिड़ पिड़ा; रूखा	Adj
moroseness	चिडाँपिड़ापन; रूखापन	N
moralistic	शिक्षा प्रद	Adj
moralitically	नीतिवादात्मक रूप से	Adv
morale	मनोदशा	N
morass	दलदल	N
monatorium	ऋण स्थगन	N
monatory	विलम्बकारी	N
morbid	रोगग्रस्त	Adj
morbidity	रुग्णता	N
morbific	रोगकारक	Adj
mordant	कटु; तीक्ष्ण	Adj
mordantly	तीक्ष्णतापूर्वक; कटुतापूर्वक	Adv
mordent	स्वर कम्पन	Adj
more	अधिक; ज्यादा	Adj
more or less	लगभग	IDM
see more of some one	से अक्सर मिलना	IDM
and what is more	और भी	IDM
more than	अंश तक	IDM
more than a little	बहुत; अत्यधिक	IDM
more over	इसके अतिरिक्त	Adv
morello	गहरा लाल रंग का चेरी का फल	N
mores	लोकरीति; लोकाचार	N
mortal	मर्त्य; मरणशील	Adj
morsin	महापाप	N
mority	मृत्यु संख्या	N
mority table	मृत्यु संख्या सारिणी	N
morly	मर्त्यता; नश्वरता	N
mortar	खरल; खल्ला	N
mortage	बन्धकरखना	V
mortager	बन्धकदाता; बन्धककर्ता	N
mortician	अन्त्येष्टि निर्वाहक	N
mortify	अपमानित करना; नीचा दिखाना	V
mortification	अवमानना; संताप	N
mortlock	चूलदार ताला	N
mortuary	मुरदाघार	N
mortuary house	शवगृह	N
mosaic	पच्चीकारी; चित्र वर्ण	Adj
mosaic-proof	कीड़ासह	Adj
mother	माता; जननी	N
become a mother	माता होना	V
mother church	मूल चर्च	N
mother country	मातृभूमि	N
mother-in-law	सास	N
mother land	मातृभूमि	N
mother less	मातृहीन	Adj
mother like	मातृवत	Adj
mother love	मातृप्रेम	N
mother nature	प्रकृति	N
mother of perl	मुक्ता	N
mother state	मूल राज्य	N
mother ship	आधार पोत	N
mother superior	अध्यक्षा	N
mother-to-be	गर्भवतीमहिला	N
mother tincture	मूलार्थ	N
mother tongue	मातृभाषा	N
mother wit	सहज बुद्दि	N
mother hood	मातृत्व	N
motherly	मातृ सुल्भ	Adj
motherliness	मातृ सुलभता	N
motiff	अनुकल्प	N
motion	गति	N
in motion	चलायमान; चलाना	Adj
motion of no confidence	अविश्वासमत	N
motion picture	चलचित्र	N
motion to	इशारा करना	PhrV
motionless	गतिहीन	Adj
motionlessly	गतिहीनता से	Adv
motive	प्रयोजन	N
motive power	प्रेरक बल	N
motivate	प्रेरित करना	V
motivated	अभिप्रेरित	Adj
motivation	प्रेरण	N
motiveless	निरुद्देश्य	Adj
motivity	प्रेरकता	N
motley	बिरंगा	Adj
motorer	मोटर दौड़ प्रतियोगिता	N
motor	प्रेरक; चालक	N
motor-content	प्रेरक प्रसंग	N
motor defect	गतिपरक दोष	N
motorbike	मोटरसाइकिल	N
motor boat	मोटर नाव	N
motor car	मोटरकार	N
motor cycle	मोटरसाइकिल	N
motorize	मोटर सज्जित करना	V
motorist	मोटर यात्री	N
mottle	चित्ती	N
motto	AxarSa वाक्य	N
mould	गढ़ना	V
moulding	गढ़त	N
mouldy	फफूंदीदार	Adj
moult	पर रोआँ या सींग झाड़ना	V
mound	स्वर्ण गोलक	N
mount	पर्वत	N
mount	चढ़ना	V
mount gaurd	रक्षक जैसा व्यवहार करना	IDM
mount the throne	राजा या रानी होना	V
mounting	आरोहण	N
mountain	पहाड़; पर्वत; गिरि	N
mountain chain	पर्वत माला	N
mountain range	पर्वत माला	N
mountain sickness	पर्वत रोग	N
mountain side	पहाड़ी ड़ाल	N
mountain slide	पर्वत स्खलन	N
mountain top	पर्वत चोटी	N
mountaineer	पर्वतारोही	N
mountaineering	पर्वतारोहण	N
mountainous	पहाड़ी; पर्वतीय	Adj
mountebank	कपटी विक्रेता	N
mountie	केनडा की घुड़सवार पुलिस	N
mourn	शोक करना; दुःखी होना	V
mourner	शोक मनाने वाला	N
mournful	दुःखपूर्ण	Adj
mourning	शोक	N
go into mourning	मातमी लिबास पहनना	V
in deep mourning	मातमी लिबास पहने हुए	Adj
mouse	चुहिया; चूहा	N
mouse-trap	चुहियादानी; चूहेदानी	N
as poor as a church mouse	बहुत garIba	IDM
mouser	चूहे के पकड़ने वाली बिल्ली	N
mosy	चूहे जैसा	N
mousiness	धूसरता; भद्दापन	N
moustache	मूँछ; श्मश्रु	N
mousy	शर्मीला	Adj
mouth	मुँह	N
mouth cavity	मुख विवर	N
mouth organ	मुँह का बाजा	N
mouth wash	मुँह धोना	N
mouth watering	मुँह में पानी लानेवाला	Adj
keep one's mouth shut	चुप रहाना	IDM
mouth piece	मुखिका	N
mouthful	कौर; ग्रास	N
mouthed	मुँहवाला	Adj
move	चलना; हिलना	V
move-heaven-and-earth	कुछ कसर न उठा रहना	IDM
move-house	?	N
move about	चलना; टहलना	PhrV
move along	चहल कदमी करना	PhrV
move away	स्थानांतर जाना	PhrV
move for	प्रस्ताव रखना	PhrV
move in	मेआना[जाना]	PhrV
move off	यात्रा शुरू करना	PhrV
move on	विषय परिवर्तन करना; स्थान परिवर्तन करना	PhrV
move out	पुराना घर छोड़ देना	PhrV
move over	स्थन बदल्ना	PhrV
move up	स्थान बदलना	PhrV
get-a-move-on	जल्दी करना	IDM
make-a-move	यात्रा शुरू करना	IDM
moveable	परिवर्तनीय	Adj
moveable feast	चल-पर्व	N
movement	गति	N
moving	हृदय स्पर्शी	Adj
movong force	प्रेरक शक्ति	N
moving picture	चल चित्र	N
moving school	चल विद्याल	N
moving staircase	चलती सीढ़ी	N
moving van	चलती हुई मोटार गाड़ी	N
movie	चलचित्र	N
movie star	फिल्म सितरा	N
movies	चलचित्र	N
mow	घास काटना	V
mow down	मार डालना{बड़ी संख्या में}	PhrV
mower	काटनेवाली मशीन	N
mowing	कटाई	N
mp	संसद सदस्य	Abbr:Member of Parliament
mr	श्री; श्रीमान	Abbr:Mister
mph	मील प्रति घंटा	Abbr:mile per hour
mrs	श्रीमती	Abbr:Missus
ms	कुमारी	Abbr
mt	पर्वत	Abbr:mount
much	बहुत	Adj
as-much-again	दुबारा	IDM
as-much-as-one-can-do	संबावना तक	IDM
make much of	सम्मान करना	IDM
not much of	ज़्यदा नहीं	IDM
nothing much of	कुछ विशेष नहीं	IDM
too much for	ज्यादा	IDM
much more/less	फिर भी अधिक	Adv
musilagenous	लसदास	Adj
musins	श्लेष्म रस	N
muck	गंदगी	N
muck heap	गोबर का ढ़ेर	N
muck of	गंदा करना	V
much raker	दोष खोज़नेवाला	N
mucky	गंदा	Adj
mucus	श्लेष्मल	N
mucuous membrane	श्लेष्मल् झिल्ली	N
mud	कीचड़	N
mud flat	कीचड़दार भूमि	N
mud guard	पंक रोक	N
mud mortar	गारा	N
mud park	मृत्तिका स्नान	N
mud slinger	कीचढ़ उछालनेवाला	Adj
mud slingering	निदा	N
mud flinge	कीचड़ उछालना	V
throw mud at	पर कीचड़ उछालना	IDM
mud turtle	कछुआ	N
mud wasp	बिलनी	N
muddy	कीचड़ भरा	Adj
muddiness	अस्पष्टता	N
muddle	गड़बड़	N
mud headed	भ्रष्ट बुद्धिवाला	Adj
mud headedness	मूढता	N
mud along	घबराहट से शुरू करना	V
mud through	किसी तरह सफल होना	V
mudar	मदार; आक	N
muezzin	आज्ञा देनेवला	Adj
muff	मफ़; दस्तना	N
muffin	एक तरह का केक	N
muffle	आवाज़ दबाना	V
muffler	गुलबंद	N
mufthi	सधारण कपड़े	N
mug	प्याला	N
mugful	प्याला भर	Adj
mug's game	बेकार कार्य	N
mug up	अध्ययन करना	V
muger	लुठेरा	N
muging	लूट	N
muggy	उमसदास	Adj
mugginess	उमसपन	N
mulatto	मुल्ट्टी	Adj
mulberry	तून; शहतून	N
mulch	घासपात या पलवार से ढ़कना	V
mulet	अर्थदण्ड देना	V
mule	खच्चर; बेसर	N
mulish	अड़ियल; हठीला	Adj
mulishness	हठीलापन	N
mull	मल	N
mull over	पर विचार करना	V
mullet	मलेट	N
muller	सिलौटी; मूसली	N
mullion	बिचला छड़	N
mullioned	बिचले छड़ का	Adj
multi	बहु	Pref
multi coloured	रंग बिरंगा	Adj
multifarious	वैविद्यता	N
multi focal	बहुकेन्द्रीय	Adj
multi form	बहुरूप	N
multi formity	बहुरूपता	N
multi lateral	बहु पक्षीय	Adj
multi member	बहु सदस्य	N
multi national	बहु पदी	N
multi plex	बुविध	Adj
multi presence	बहु देशीयता	N
multi purpose	बहु प्रयोजक	Adj
multi purpose policy	बहु उद्देशीय नीति	N
multi racial	बहु जातीय	Adj
multi storied	बहु तल	Adj
multi syllabic	बह्वक्षर	Adj
multi valence	बहु संयोजकता	N
multi valent	बहु संयोजक	Adj
multi variate	बहुचर	Adj
multiple	बहुत	Adj
common multiple	समापवर्त्य	N
multiply	गुणा करना	V
multiplicable	गुण्य	Adj
multiplicative	गुणात्मक	Adj
multiplication	गुणक	N
multiplicity	अधिकता	N
multiplier	गुणक; प्रवर्धक	N
multitude	बहु संख्या	N
mum	शांत	Adj
mummery	मूकाभिनय	N
mumming	मूकाभीनय	N
mumble	बुदबुदाना; गुणगुणाना	V
mumbo-jumbo	पश्चिमी आफ्रिका का एक देवत	N
mummy	पुराना परिरक्षित शव	N
mummify	शव का परिरक्षण करना	V
mummification	शव परिरक्षण	N
mumps	कनपड़ा	N
munch	चबाना	V
mundane	सांसरिक; ऐहिक	Adj
mundanely	साधारण	Adv
municipal	नगरीय	Adj
munucipal corporation	नगर् निगम	N
municipality	नगर पालिका	N
municipalize	नगरपालिका के अधीन करना	V
munificent	उदार	Adj
munificense	उदारता	N
munificensely	दयाशीलता से	Adv
muniment	प्रलेख	N
muniments	सामाग्री	N
munition	युद्ध सामग्री	N
muncif	मुन्सिफ	N
mural	दीवार	Adj
muralant	भित्तिकला	Adj
mural painting	भित्तिचित्र	N
murder	हत्या	N
blue murder	उथल पुथल	N
murderer	हत्यारा	N
murderess	हत्यारी	N
murderous	हिंस्र	Adj
murderously	निर्दयता	Adv
murk	अँधेरा	N
murky	अँधेरा	Adj
murmer	मर्मराहट	N
muscle	पेशी; ताकत	N
muscle-bound	सुदृढ़ पेशी वाला	Adj
muscle-man	सुदृढ़ पेशी वाला व्यक्ति	N
muscular	पेशीय	Adj
museum	संग्रहालय	N
museum piece	रुचिप्रद वस्तु	N
mush	गूदा	N
mushy	गूदेदार	Adj
mushroom	कुकरमुत्ता	N
music	संगीत	N
classical music	शास्त्रीय संगित	N
instrumental music	वाद्य संगीत	N
vocal music	कण्ठ-संगीत	N
music hall	संगीतशाला	N
music stand	स्वरलिपि स्टैण्ड	N
musical	संगीत	Adj
musical box	संगीत पेटी	N
musical chairs	एक खेल	N
musical variety	विविध संगीत	N
musically	संगीत सुखान्तक	Adv
musician	संगीतकार	N
musicianship	संगीतकारी	N
musk	कस्तूरी	N
musk deer	कस्तूरी मृग	N
musk rat	छूछूँदर	N
musky	कस्तूरी गन्ध युक्त	Adj
musket	बन्दूक	N
musketeer	बन्दूकधारी सैनिक	N
musketry	बन्दक चालन कला	N
mussel	सीपी; शम्बुक	N
muslin	मलमल	N
muss	अव्यवस्था	N
mustard	सरसों	N
muster	हाज़िरी	N
muster	एकत्रितहोना	VI
muster	इकठ्ठाकरना	VT
musty	फफूंदाहुआ	Adj
mutation	परिवर्तन	N
mute	मौन	Adj
mute	मूक; गूंगा	N
mutilate	काटना	VT
mutineer	विद्रोही	N
mutineer	बलवाकरना	VI
mutinous	बागी	Adj
mutiny	गदर	N
mutiny	विद्रोहकरना	VI
mutter	बड़बड़ाहट	N
mutter	बड़बड़ाना	VTI
mutton	भेड़कामाँस	Adj
mutual	पारस्परिक	Adj
muzzle	थूथन	N
muzzle	मुँहबांधना; जाबलगाना	VT
my	मेरा	Pron
myopia	कमदेखनेकीबीमारी; अदीर्घदृष्टि	N
myriad	बहुतसा	Adj
myriad	अनगिनतसंख्या; दससहस्त्र	N
myrtle	हिना; मेंहदी	N
mysterious	रहस्यपूर्ण	Adj
mystery	रहस्य	N
mystic	गूढ़	Adj
mystic	रहस्यवादी	N
mysticism	रहस्यवाद	N
mystify	पेचीदाकरना	VT
myth	कल्पितकथा	N
mythology	पौराणिककथाएँ	N
nab	एकाएकपकड़लेना	VT
naff	साधारण	Adj
nadir	बिल्कुलनिम्नस्तर	N
nag	टट्टू	N
nag	तंगकरना	V
nail	नाखून; कील	N
nail	कीलजड़ना	VT
nail-biting	बहुतरोमांचकस्थिति	Adj
nail-brush	नाखूनसाफकरनेकाब्रश	N
nail-file	नाखूनोंकोसहीआकारमेंरखनेकीवस्तु	N
naive	अनुभवहीन; सादा; निष्कपट	Adj
naivety	अनुभवहीनता	N
naked	नग्न; नंगा; स्पष्ट	Adj
nakedly	खुलेरूपसे	Adv
nakedness	नग्नपन	N
namby-pamby	भावुक	Adj
name	नाम; कीर्ति	N
name	नामरखना; नामबताना; पहचानना; नियुक्तकरना	VT
name-dropping	बड़ेएवंप्रसिद्धलोगोंकानामलेना{विशेषप्रभावकेलिए}	N
nameless	गुमनाम	Adj
namely	जैसे	Adv
namesake	नामराशी	Adj
nanny	आया	N
nanny-goat	बकरी	N
nap	झपकी; मखमल के महीन धागे	N
nap	झपकीलेना	VI
napalm	पेट्रोलसेबनाहुआपदार्थजिससेबमबनातेहै	N
nape	गर्दनकेपीछेकाभाग	N
naphtha	शीघ्रजलनेवालाखनिजतेल	N
napkin	रुमाल	N
nappy	लंगोट{छोटेबच्चेका}	N
narcissism	आत्ममोह	N
narcissistic	आत्ममोही	Adj
narcissus	नरगिस का पौधा	N
narcotic	नींदलानेवाली	Adj
narcotic	नींदलानेवालीदवा	N
nard	सुगंधित गुलमेंहदी	N
nark	पुलिसकोगुप्तबातेंबतानेवाला	N
narked	गुस्सा	Adj
narrate	बयानकरना	V
narration	कथन	N
narrative	वर्णात्मक	Adj
narrative	वर्णात्मककहानी	N
narrator	बयानकरनेवाला	N
narrow	संकीर्ण	Adj
narrow	परिमितयातंगकरना	VT
narrowly	सकराईसे	Adv
narrowness	संकुचित	N
narrow-minded	संकीर्णमनवाला	Adj
narrow-mindedness	संकीर्णमन	N
narwhal	आर्कटिकसागरमेंपाईजानेवालीव्हेलमछली	N
nasa	अमरीकाकाअंतरिक्षकार्यालय	N
nasal	नासिकासंबंधी	Adj
nasal	आवाज़जोनाकसेनिकले	N
nascent	शुरूआतीस्तरपर	Adj
nasturtium	जलकुम्भी	N
nasty	बुरा	Adj
natal	जन्मसंबंधी	Adj
nation	राष्ट्र	N
national	राष्ट्रीय	Adj
national	नागरिक	N
nationalism	राष्ट्रीयवाद	N
nationalist	राष्ट्रवादी	N
nationality	राष्ट्रीयता	N
nationalize	राष्ट्रीयकरणकरना	VT
nationalization	राष्ट्रीयकरण	N
nationwide	देशव्यापी	Adj
native	देशी	Adj
native	मूलनिवासी	N
native american	अमरीकीमूलप्रजातिसदस्य	N
nativity	जन्म; ईसा मसीह का जन्म	N
nato	उत्तरी अटलांटिक संधि संगठन	N
natural	प्राकृतिक; स्वाभाविक	Adj
natural	प्राकृतिक	N
naturalism	स्वभाविकता	N
naturalist	पदार्थविज्ञानी	N
naturalize	प्राकृतिकयासहजबनाना	VT
naturally	स्वभावसे	Adv
nature	प्रकृति; स्वभाव	N
naught	कुछनहीं	N
naughty	दुष्ट	Adj
nausea	मतली	N
nauseate	जीघिनाना	VTI
nauseous	घृणाजनक	Adj
nautical	जहाज़ी	Adj
naval	सामुद्रिक	Adj
nave	पहियेकीनाव	N
navel	नाभि	N
navigable	जहाज़यानावखेनेलायक	Adj
navigate	दिशाज्ञानकरना	VTI
navigation	दिशाज्ञान	N
navigator	दिशादिखानेवाला	N
navvy	भूमि खोदने वाला मजदूर	N
navy	समुद्री सेना	N
navy blue	गाढा नीला रंग	Adj
nay	नहीं	Adv
nay	अस्वीकृति	N
neap	सब से नीचे स्तर का	Adj
near	निकट; मिलताजुलता	Adj
near	केपास; लगभग	Adv
near	निकट	Prep
near	निकटपहुँचना	VI
nearby	पास वाला	Adj
nearby	पास में	Adv
nearly	क़रीबक़रीब	Adv
neat	स्वच्छ; साफ; सुव्यवस्थित; अच्छा	Adj
neatly	स्वच्छतापूर्वक; सफाईसे	Adv
neatness	स्वच्छता; सफाई	N
nebula	असंख्य तारापुंज	N
nebular	तारा मंडल का	Adj
nebulous	धुँधला	Adj
necessarily	अनिवार्यरूपसे	Adv
necessary	आवश्यक; अनिवार्य	Adj
necessitate	मजबूरकरना	VT
necessity	आवश्यकता; अनिवार्यता	N
neck	गरदन; गला	N
neck	गले मिलना	VT
necklace	माला	N
necktie	गुलुबन्द	N
necromancy	प्रेत विद्या	N
nectar	अमृत	N
necterine	अमृत जैसा मधुर	N
neddy	गधा	N
need	ज़रूरत	N
needs	ज़रूरतें	N
need	जरूरतहोना	VTI
needless	निष्प्रयोजन	Adj
needle	सुई	N
needle	परेशानकरना[होना]	VI
needlewoman	सिलाईकरनेवाली	N
needy	निर्धन	Adj
nefarious	अतिदुष्ट	N
negate	नकारना	VT
negation	नकार	N
negative	नकारात्मक	Adj
negative	नकार; निगेटिव{फोटोका}	N
negatively	नकारात्मकरूपमें	Adv
negativity	नकारात्मकता	N
neglect	उपेक्षा	N
neglect	उपेक्षाकरना	V
neglected	उपेक्षित	Adj
neglectful	ध्यान न देने वाला	Adj
negligence	लापरवाही	N
negligent	बेपरवाह	Adj
negligently	बेपरवाहीसे	Adv
negligible	नगण्य	Adj
negotiable	मोलभावकरनेलायक	Adj
negotiate	मोलतोलकरना; पारकरना	VTI
negotiation	मोलतोल	N
negotiator	मोलतोलकरनेवाला	N
negro	हब्शी	N
neigh	हिनहिनाहट	N
neigh	हिनहिनाना	VI
neighbour	पड़ोसी	N
neighbourhood	पड़ोस	N
neighbouring	पड़ोस का	Adj
neighbourly	मित्रवत्	Adj
neither	नही; न	Adv
neither	कोईभीनहीं	Det
nemesis	दंड जिस से बचा न जा सके	N
neo	नवीन	Pref
neocracy	नवीन लोगो का राज्य	N
neon	एक प्रकार का गैस	N
neophyte	नौसिखिया	N
neoteric	आधुनिक	Adj
nephew	भतीजा[भांजा]	N
nepotism	कुलपक्षपात	N
neptune	वरुण	N
nerve	नस; साहस	N
nerve	शक्तिप्रदानकरना	VT
nerve-racking	मानसिक दबाव वाला	Adj
nervous	घबरायाहुआ; मानसिक	Adj
nervously	घबरातेहुए	Adv
nervousness	घबराहट	N
nervy	चिन्ता करने वाला	Adj
nest	घोंसला	N
nest	घोंसलाबनाना	VTI
nestle	सटकरआरामसेलेटेरहना	VI
nestling	पक्षी का नवजात बच्चा	N
net	वास्तविक	Adj
net	जाल	N
net	जाली मे फाँसना	VT
nether	नीचे का	Adj
netting	जालीबनाना	N
nettle	बिच्छूकापेड़	N
nettle	चिढ़ाना	VT
network	जाल{मार्गोंका}	N
networking	नैटवर्किंग{कम्प्यूटर्सकी}; जालबिछाना{मेलजोलका}	N
neural	स्नायु संबन्धी	Adj
neuralgia	स्नायुशूल	N
neurology	स्नायुविज्ञान	N
neurologist	स्नायुविज्ञानी	N
neurotic	मनोविक्षेपसंबन्धी	Adj
neurotic	मनोविक्षिप्त	N
neuter	नपुंसक	Adj
neuter	नपुंसक बनाना	V
neutral	तटस्थ	Adj
neutral	निष्पक्ष	N
neutrality	निष्पक्षता	N
neutralize	निष्प्रभावकरना	VT
never	[कभी]नहीं	Adv
nevermore	अब से नही	Adv
nevertheless	तथापि	Adv
new	नया; नवीन; नूतन	Adj
newly	नयानया	Adv
newness	नवीनता	N
new moon	दूजकाचाँद	N
newborn	नवजात	Adj
newcomer	नवागंतुक	N
newfangled	नवीन ढंग का	Adj
newly	नया	Adv
news	खबर	N
newsagent	समाचारपत्र बेचने वाला	N
newscast	समाचारप्रसारण	N
newsletter	एक प्रकार का समाचार पत्र	N
newspaper	समाचारपत्र	N
newsreader	समाचार पड़ने वाला	N
next	अगला	Adj
next	उसकेबाद	Adv
next to	बगल में; केबाद; लगभग	Prep
nexus	अन्तर्सम्बन्ध	N
nib	कलम की नोक	N
nibble	कुतरना; टूंगना	VTI
nice	अच्छा	Adj
nicely	अच्छे से	Adv
nicety	व्योरा	N
niche	आला	N
nick	खरोंच	N
nick	छेदकरना	VT
nickel	गिलट; धातुविशेष	N
nickname	उपनाम	N
nickname	उपनामदेना	VT
nicotine	तम्बाकूका	Adj
nicotine	निकोटीन	N
niece	भतीजी	N
nigger	कालाआदमी	N
niggardly	कृपण	Adj
niggle	नुक्ताचीनीकरना	V
nigh	लगभग	Adv
nigh	पास	Prep
night	रात; संध्या	N
nightblindness	रतौंधी	N
nightcap	रातमेंपेयमदिरापान	N
nightclub	रात्रिक्लब्	N
nightfall	सन्ध्यासमय	N
nightdress /nightgown	गाउन	N
nightjar	निशाचरितभूरीचिडिया	N
nightingale	बुलबुल	N
nightmare	दु:स्वप्न	N
nil	शून्य	N
nimble	फुर्तीला	Adj
nimbus	वर्षामेघ	N
nine	नौ	N/Det
nineteen	उन्नीस	N/Det
nineteenth	उन्नीसवाँ	Adj
ninetieth	नब्बेवाँ	Adj
ninetieth	नब्बेवाँभाग	N
ninety	नब्बे	Det
ninth	नवाँ	Adj
ninth	नवाँअंश	N
nip	चिकोटी	N
nip	चिकोटीकाटना; नुकसानपहुँचाना[तुषारवशीतहवासे]; जल्दीकरना	VT
nipper	बच्चा	N
nipple	चूची	N
nippy	बहुतठंडा	N
nirvana	निर्वाण	N
nit	छोटेकीड़ोंकाअंडा; जूँकाअंडा	N
nitrate	नाइट्रेट	N
nitric	नाइट्रेटकातेजाब	Adj
nitrogen	नाइट्रोजन	N
nitroglycerine	नाइट्रोग्लिसरीन	N
nitrous oxide	नाइट्रेजनआक्साइड	Adj
no.	अंक	Abbr:number
no	कुछभीनहीं; नहीं{अनुमत}; विरुद्धमत	Adj
no	नहीं	Interj
nobility	कुलीनता; अभिजातवर्ग	N
no-ball	गलतबाल	N
no-go area	निषिद्धस्थल	N
no one	कोईभीनहीं	Pron
nob	धनाढ्यव्यक्ति	N
noble	कुलीन; नीतिवान	Adj
noble	कुलीनमनुष्य	N
nobleman	कुलीनजन	N
nobody	कोईनहीं	N
nocturnal	रातका	Adj
nocturne	निशागीत	N
nod	हुक्म	N
nod	सिरहिलाना; ऊँघना; झूमना	VTI
node	गाँठ	N
nodule	गाँठ	N
noise	ध्वनि{प्रदूषण}; आवाज़	N
noiseless	शांत	Adj
noisome	निर्गन्ध	Adj
noisy	कोलाहलकारी	Adj
nomad	बंजारे	N
nom de plume	उपनाम	N
nomenclature	पारिभाषिकशब्दावली	N
nominal	नाममात्रका	Adj
nominate	नामांकितकरना	VT
nomination	नामांकन	N
nominative	कर्ताकारक	N
nominative	कर्ता	Adj
nominee	नामांकित	N
nonagenarian	नब्बेसेसौवर्षीय	Adj
non-aggression	अनाक्रमण	N
non-alchoholic	मदिरारहित	Adj
non-aligned	निर्गुट	Adj
non-alignment	गुटनिरपेक्षता	N
non-appearance	अनुपस्थिति	N
non-attendance	अनुपस्थिति	N
nonce-word	अवसरशब्द	N
nonchalance	निश्चिंतता	N
nonchalantly	निश्चिंततापूर्वक	Adv
non-combatant	गैर-लडाकूसैनिक	N
non-commissioned	अनधिकृत	Adj
noncommittal	अवचनबद्ध	Adj
non-compliance	अनुपालननकरना	N
non compos mentis	अविचारणीय	Adj
nonconductor	अचालक	N
nonconformist	रूढिविरोधी	N
non-contributory	अंशदाननकरना	Adj
non-cooperation	असहयोग	N
nondescript	साधारण	Adj
none the less	फिरभी	Adv
non-event	साधारणघटना	N
non-fiction	कथेतरसाहित्य	N
non-intervention	अहस्तक्षेप	N
non-observance	अननुपालन	N
nonpareil	अतुल्य; अतुल्यता	Adj
non-payment	भुगताननकरना	N
nonplus	किंकर्तव्यविमूढकरना	V
non prescription	अनिर्धारित	Adj
non-profit-making	अलाभकर	Adj
non-proliferation	परमाणुप्रसारनिरोध	N
non-renewable	अनवीकरणीय	Adj
non-resident	प्रवासी	Adj
non-residential	अनावासिक	Adj
non-resident	प्रवासी	N
nonsense	निरर्थकबातें	N
nonsensical	अतर्कसंगत	Adj
non-slip	सर्पण	Adj
non-smoker	सिगरेटनपीनेवाला	N
non-standard	अमानक	Adj
non-stick	बिनाचिपकनेवाली	Adj
non-stop	अविराम	Adj
non-stop	लगातार	Adv
non-union	असंघ	Adj
non-violence	अहिंसा	N
non-violent	अहिंसात्मक	Adj
non-white	जोगोरानहो	N
noodle	सेवईं	N
nook	कोना	N
noon	मध्याह्न	N
noose	फन्दा	N
noose	फन्दालगाना	VT
nor	न	Conj
nordic	उत्तरीयूरोपकेदेश	Adj
norm	मानदंड; सामान्यस्तर; प्रकृत	N
normal	?	N
normality	सामान्यस्थिति	N
normalize	सामान्यबनाना	V
normally	सामान्यत:	Adv
norman	वास्तुशैली	Adj
normative	मानदंड-संबन्धी	Adj
north	उत्तरी	Adj
north	उत्तर	N
northeast	उत्तरपूर्व	N
northeastern	उत्तरपूर्वीय	Adj
northerly	उत्तरी	Adj
northern	उत्तरी	Adj
northward	उत्तरोन्मुख	Adj
northward	उत्तरकीओर	Adv
northwesterly	पश्चिमोत्तरीय	Adj
northwest	उत्तरपश्चिमकीदिशा	N
northwestwards	उत्तरपश्चिमोन्मुख	Adv
northbound	उत्तरोन्मुख	Adj
northernmost	उत्तरतम	Adj
nose	नाक; अग्रभाग	N
nose-pin	बुलाक	N
nose-bag	तोबडा	N
nose-ring	नथुनी	N
nosedive	अत्यधिकगिरना	N
nosegay	छोटागुलदस्ता	N
nostalgia	घटनाओंकीयादें	N
nostril	नासाद्वार	N
nostrum	नीमहकीमकीदवा	N
not	नहीं	Adv
notability	विशेषता	N
notary	नोटरी	N
notation	संकेतपद्धति	N
notch	खाँचा	N
notch	खाँचाबनाना	VT
note	टिप्पणी; चिट्ठी; स्वर; नोट; टीका; ध्यान	N
note	ध्यानसेदेखना	VT
noted	विख्यात	Adj
noteworthy	उल्लेखनीय	Adj
notebook	नोटबुक	N
notepad	कागजकापैड	N
nothing	कुछनहीं	Pron
nothingness	अनवस्था	N
notice	सूचना; ध्यान; समीक्षा	N
notice	ध्यानदेना; विचारना	VT
noticeable	देखनेयोग्य	Adj
noticeably	साफसाफ	Adv
notifiable	रोगोंकीसूचना	Adj
notification	अधिसूचन	N
notify	सूचनादेना	VT
notion	धारणा	N
notional	काल्पनिक	Adj
notoriety	कुख्याति	N
notorious	कुख्यात	Adj
notoriously	विशेषरूपसे	Adv
notwithstanding	तथापि	Prep
nought	शून्य	N
noun	संज्ञा	N
noun phrase	?	N
nourish	पालन; पोषणकरना; बढावादेना	VT
nourishing	पुष्टिकारक	Adj
nourishment	पुष्टिकारकपदार्थ	N
nouveau riche	नवधनाढ्य	N
nouvelle cuisine	आधुनिकपाकशैली	N
nov	नवम्बर	N
nova	अकस्मात्भासितनक्षत्र	N
novel	नवीन	Adj
novel	उपन्यास	N
novelette	उपन्यासिका	N
novelist	उपन्यासकार	N
novelistic	उपन्यासकीविशेषता	Adj
novelty	नवीनता	N
now	अब	Adv
now	फलतः	Conj
now	इससमय	N
now and then	कभीकभी	Adv
now or never	अब या कभी नही	Adv
nowadays	आजकल	Adv
nowhere	कहींनहीं	Adv
nowt	कुछ नही	Pron
noxious	हानिकारक	Adj
nozzle	नाक	N
nozzle	पाइप या नली का अगला भाग	N
nuance	सूक्ष्म भेद	N
nub	केन्द्र बिन्दु	N
nubile	विवाह योग्य	Adj
neuclear	नाभिकीय	Adj
nucleus	गूदा	N
nude	नंगा	Adj
nude	नग्न	N
nudge	कुहनीसेछूना	VT
nudge	टहोका	N
nudism	नंगापन	N
nudist	नंगेपन मे विश्वास रखने वाला	N
nudity	नंगापन	N
nugatory	निरर्थक	Adj
nugget	कच्चा सोना; मूल्यवान	N
nuisance	उपद्रव	N
null	अक्षम	Adj
nullification	निष्प्रभावता	N
nullify	रद्दकरना	VT
numb	सुन्न	Adj
numb	सुन्न कर देना	VT
number	अंक; संख्या	N
number	बहुत सारे	N
number	गाना; कविता	N
number	गिनना	VT
numberless	अगणित	Adj
numeral	अंक	N
numerate	गिनना	VT
numerical	संख्यात्म	Adj
numerically	संख्यानुसार	Adv
numerous	बहुतज्यादा	Adj
numinous	परमेश्वर सम्बन्दी	Adj
numismatics	मुद्रा शास्त्र	N
numismatist	मुद्राशास्त्रज्ञ	N
nun	सन्यासिन; बैरागिन	N
nuptial	विवाहसंबंधी	Adj
nuptials	विवाह-सन्सकार	N
nurse	परिचारिका	N
nurse	उपचर्या करना	VT
nurse	दूध पिलाकर बच्चे को पालना	V
nursery	पेड़-पौधों को रोपने का स्थान	N
nursury rhyme	बच्चों का गीत	N
nursury school	छोटे बच्चों का विद्यालय	N
nurture	पालनपोषण	N
nurture	पुश्ट बनाना; सिक्षा देना	VT
nut	सुपारी; लोहे की ढिबरी; बुद्धु	N
nutcase	बुद्धु	N
nutcracker	सरौता	N
nutmeg	जायफल	N
nuts	पागल	N
nutshell	अखरोटआदिकाछिलका	N
nutty	जहाँमेवाबहुतायातहो; पागल	Adj
nuzzle	सूँगना या सूँगकरप्यार करना	V
nylon	नायलन	N
nymph	अप्सरा	N
nymphomaniac	स्त्रियों मे उत्कट कामुकता	N
o	ओ{अंग्रेज़ीवर्णमालाकापन्द्रहवाँअक्षर}; शून्य	N
o	ओह!	Interj
o	का{'ऑफ' का संक्षिप्तीकरण}	Prep
oaf	बेवकूफ	N
oak	शाहबलूत	N
oar	चड़ापू	N
oarsman	माँझी	N
oasis	मरुद्वीप; मरूद्यान; सुखदायक जगह	N
oath	शपथ; सट्यप्रतिपादन; अपशब्द	N
oatmeal	दलिया; हल्का भूरा रंग	N
oats	जुई	N
obdurate	हठीला	Adj
obedient	आज्ञाधारक	Adj
obeisence	आदर; आदरपूर्वक आज्ञापालन; झुककर सलाम	N
obelisk	स्मारकस्तंभ	N
obese	मोटापा	Adj
obey	आज्ञापालन करना	VT
obfuscats	समझ के परे करना	VT
obituary	मृत्युलेख; मृत्युसूचना	N
object	वस्तु; किसी भवना का विषय; हेतू; कर्म	N
object lesson	प्रेरणादायी उदाहरण	N
object	आपत्ति व्यक्त करना	V
objection	आपत्ति; एतराज़	N
objectionable	अप्रिय	Adj
objective	विषयनिष्ठ; निष्पक्ष	Adj
object d' art	छोटी सी कामापूर्ण चीज़	N
obligated	मज़बूर	Adj
obligetion	मज़बूरी{विधि}; कर्तव्य	N
obligatory	ज़रूरी	Adj
oblige	मदद करने उपकृत करना; नैतिक नियमों से मज़बूर करना	V
obliged	उपकृत	Adj
obliging	मदद के लिए तैयार	Adj
oblique	अप्रत्यक्ष; तिरछा; ऑब्लीक{शब्द; अंक में फर्क दिखाने के लिए उपयोजित चिह्न}	Adj
obliterate	पूरा बूझाँ देना; नष्ट करना; धुँधला कर देना	V
oblivion	बेहोश; भूल देना	N
oblivious	अनजान	Adj
oblong	आयन	N
oblong	आयताकृति; आयताकार	Adj
obloquy	कड़ी टीका	N
obnoxious	अप्रिय	Adj
oboe	ओबो{एक वाद्य}	N
obscene	असभ्य; अश्लील	Adj
obscenity	अश्लील; असभ्य वर्तन या शब्द	N
obscuratism	जानबूझकर अज्ञान का अंधेरा फैलाना	N
obscure	समझने में कठिन; कठिनाई	Adj
obscure	बोझत्म कर देना	V
obscurity	अचर्चित होना; कठिनाई; अंधेरा	N
obsequies	मैयत के रीतिरिवाज़	N
obsequians	मस्का लगाना	Adj
observable	अवलोकनीय; सुस्फष्ट	Adj
observance	सामाजिक; धार्मिक; नैतिक रीति{पालन}	N
observation	निरख; अवलोकन; सोचविचार	N
observatary	ताराघर; आकाशलोचक	N
observe	निरखना; रीतिरिवाज़ों का पालन करना; नियमों का पालन करना; अप्ना मत; सोचविचार व्यक्त करना	V
observer	प्रेक्षक; परिदर्शक	N
obsess	ड़ूबे रहना	V
obsession	ज़ुनून	N
obsessional	मनोग्रस्त	Adj
obsessive	जादा ही ग्रस्त	Adj
obsolescent	पुराना; अप्रचलित	Adj
obsolescence	कम समय चलनेवाली चीज़	N
obsolete	अप्रचलित	Adj
obstacle	अवरोध; अटकाव	N
obstacle race	एक तरह की दौड़	N
obstetrics	प्रसूति शास्त्र	N
obstetrician	प्रसूतितज्ञ	N
obstinacy	ज़िद	N
obstinate	हठीला; जिद्दी	Adj
obstreperous	काबू के परे	Adj
obstrnet	रोध लगाना	V
obstruction	अवरोध	N
obstructionism	अवरोध की नीति	N
obstructive	जानबूझकर अवरोधकारी	Adj
obtain	प्राप्त करना; अस्तित्व में होना	V
obstrude	थोपना; दिखाई देना	V
obtrvive	पीड़ादायक	Adj
obtuse	बेअकल; मतिमंद	Adj
obtuse angle	90 से 180 तक बीच में पानेवाला कोण	N
obverse	उलट	Adj
obviate	जरूरी न समझना	V
obvious	स्पष्ट{प्रकट}	Adj
occasion	अवसर; प्रसंग; मौका	N
occasion	निमित्तमात्र होना	V
occasional	प्रासंगिक	Adj
occasionally	कभीकभी	Adv
occasional table	बहूपयोगी छोटी सी मेज़	N
occident	पश्चिम	N
occidental	पाश्चिमात्य	Adj
occutt	गूढ़	Adj
occupant	अधिभोक्ता; अधिवासी	N
occupation	व्यवसाय; आक्रमण; अधिवास	N
occupational	व्यवसायत्मक	Adj
occupier	अधिवासी	N
occupy	रहना; कब्ज़ा करना; संभालना; ज़रूरत होना	VT
occupied	व्यस्त	Adj
occur	अस्तित्व में होना; घटना; सूझना	V
occcurrence	घटना	N
ocean	महासागर	N
oceanic	महासागरीय	Adj
ocean-going	महासागरीय	Adj
oceanography	महासागरों का अभ्यास	N
ocelot	लेटिन अमेरिकन बिल्ला	N
och	विस्मयवाचक शब्द	Interj
ochre	भगवा; लाल पीली मिट्टी जिससे रंग बनाये जा सकतें है	N
ochre	भगवा	Adj
o'clock	समय बताने केलिए	Adv
oct	अक्तूबर	Adv
octagon	अण्टकोन आकृति	N
octagonal	अण्टकोनीय	Adj
octane	एकरसायन{पेट्रोल की गुणवत्ता बतानेवालाल}	N
octave	सूरसप्तक की श्रुटि	N
octet	आठ गायकों का समूह	N
oct(o)-	अष्ट-	Pref
october	अक्तूबर	N
octogenerian	अस्सी से ज्यादा लेकिन नब्बे से कम उम्रवाला	N
octopus	समुद्रीय जीव	N
ocular	दृष्टिसंबन्धिक	Adj
oculist	आँखों का तज्ञा	N
odd	विषम	Adj
oddly	अजीब तरह से	Adv
oddity	विषमता	N
ode	कविता	N
odious	अप्रिय	Adj
odour	गन्ध; बास	N
of	का	Prep
off	सुदूर	Adj
off	से_दूर_हटकर	Adv
off	पर से	Prep
offence	अपराध	N
offend	अप्रसन्न करना	VTI
offender	अपराधी	N
offensive	अपमानजनक	Adj
offer	प्रस्ताव	N
offer	प्रदान करना	VTI
offering	भेंट	N
off-hand	बिनासोचेविचारे	Adj
office	दफ़्तर	N
officer	अधिकारी	N
official	आधिकारिक	Adj
official	अधिकारी	N
officially	सरकारी तौर से	Adv
officiate	किसी पद पर काम करना	VI
offing	निकट भविष्य में	N
offset	प्रतिसंतुलन	N
offshoot	अंकुर	N
offspring	सन्तान	N
oft	बहुधा; प्रायः	Adv
ogle	कटाक्ष	N
ogle	धृष्टता से देखना	VTI
oh	आह	Interj
oil	तेल	N
oil	तेल लगाना	VT
oil-cloth	मोम जामा	N
oil-mill	कोल्हू	N
oilman	तेली	N
oily	तेलहा	Adj
ointment	मरहम	N
old	पुराना; वृद्ध	Adj
old-fashioned	पुरानी चाल का	Adj
olden	प्राचीन	Adj
oligarchy	अल्पतन्त्र	N
olive	ज़ैतून	N
olive-oil	ज़ैतून का तेल	N
omen	शगुन चिह्न	N
ominous	अपशगुन	Adj
omission	चूक	N
omit	छोड जाना	VT
omnibus	एक प्रकार की यात्री गाड़ी	N
omnipotent	सर्व-शक्ति-मान	Adj
omnipresent	सर्वव्यापक	Adj
on	लगातार	Adv
on	पर	Prep
on-fire	जलताहुआ	N
on-the-wing	उड़ताहुआ	N
once	एकबार; पहले	Adv
once-again	एक बार और	Adv
once-and-for-all	आखरी बार	Adv
one	एक	Det
oneness	एकता	N
onerous	भारी	Adj
oneself	स्वयं; खुद	Pron
onion	प्याज़	N
onlooker	तमाशबीन; दर्शक	N
only	अकेला	Adj
only	सिर्फ़	Adv
onset	शुरुआत	N
onslaught	भीषण आक्रमण	N
onto	पर; पीछेपड़ना[होना]	Prep
onus	दायित्व	N
onward	बढ़ते हुए	Adj
onward	आगे	Adv
onyx	सुलेमानी पत्थर	N
ooze	दलदल	N
ooze	चूना; धीरे धीरे बहना	VT
opal	दूधिया पत्थर	N
opaque	अपारदर्शी	Adj
open	खोलना; प्रारंभकरना	VTI
open	खुला; निष्कपट; अनिर्णीत; आरम्भ_करना	Adj
the open	खुली जगह	N
opener	खोलनेवाला; उद्घाटक	N
opening	खुलीजगह; छिद्र; उदघाटन; स्थान	N
openly	प्रकट रूप से	Adv
openness	सादगी; खुलापन	N
opera	संगीतिका	N
opera-house	संगीतनाट्यशाला	N
operate	कामकरना; चीरफाड़करना	VTI
operatic	सांगीतीय	Adj
operation	चीरफाड़; संचालन; कार्यवाही	N
operative	क्रियात्मक	Adj
operative	कारीगर	N
ophthalmic	आँखका	Adj
opiate	स्वापक	N
opine	रायहोना	VI
opinion	विचार	N
opium-eater	अफ़ीमची	N
opponent	विपक्ष	N
opportune	सुविधाका	Adj
opportunist	अवसरवादी	N
opportunist	अवसरवादी	Adj
opportunity	मौका	N
oppose	विरोधकरना	VTI
opposite	विरुद्ध	Adj
opposite	विरुद्ध	N
opposite	केसामने	Prep
opposition	विरोध; विपक्ष	N
oppress	दमनकरना	VT
oppression	दमन	N
oppressive	अत्याचारपूर्ण	Adj
oppressor	अत्याचारी	N
optic	दृष्टि; प्रकाशीय	Adj
optical	दृष्टिसंबंधी	Adj
optics	दृग्विद्या	N
optimism	आशावाद	N
optimist	आशावादी	N
option	पसन्द; चुननेकाअधिकार	N
optional	वैकल्पिक	Adj
opulent	दौलतमन्द	Adj
or	या; अथवा	Conj
or-else	नहींतो	Conj
oracle	देववाणी	N
oral	मौखिक	Adj
orally	मौखिकरूपसे	Adv
orange	नारंगी	Adj
orange	नारंगी	N
orator	वक्ता	N
oratory	वाक्पटुता	N
orbit	कक्षा	N
orchard	फलोद्यान	N
orchestra	वादकसमूह	N
ordain	अभिषेककरना; आदेशदेना	VT
ordeal	अग्निपरीक्षा	N
order	अनुक्रम; आदेश	N
order	आज्ञादेना; क्रममेंरखना	VTI
orderly	सुव्यवस्थित	Adj
orderly	सुव्यवस्थितरूपसे	Adv
orderly	अरदली	N
ordinance	नियम	N
ordinary	साधारण	Adj
ordinarily	सामान्यरूपसे	Adv
ordinary	साधारण	Adj
ordinary	स्थानीयधर्माध्यक्ष	N
ordination	पुरोहिताभिषेक	N
ordnance	तोपें; तोपख़ाना	N
ore	कच्चीधातु	N
organ	इन्द्रिय; प्रकाशन	N
organic	इन्द्रियसंबंधी; कार्बनिक	Adj
organism	संघटितशरीररचना	N
organist	आर्गनबजानेवाला	N
organization	संगठन	N
organize	संघटनकरना	VT
orgy	मद्यपानउत्सव; आधिक्य	N
orient	पूर्व	N
oriental	पूर्वी	Adj
origin	मूल	N
original	मूल; आरंभिक	Adj
originality	मौलिकता	N
originally	आदिमें	Adv
originate	आरंभहोनायाकरना	VI
originator	आरंभक	N
ornament	आभूषण	N
ornament	विभूषितकरना	VT
ornamental	शोभाप्रद	Adj
ornamentation	अलंकरण	N
ornate	अलंकृत	Adj
ornithologist	पक्षिविज्ञानी	N
orphan	अनाथ	N
orphanage	अनाथालय	N
orthodox	प्रामाणिक	Adj
orthodoxy	प्रामाणिकता	N
ostensible	प्रकट; प्रत्यक्ष	Adj
ostensibly	प्रकटरूपसे	Adv
ostentatious	आडम्बरी	Adj
ostracism	निर्वासन; बहिष्कार	N
ostracize	बहिष्कृतकरना	VT
ostrich	शुतुरमुर्ग	N
other	अन्य; दूसरा	Det
otter	ऊदबिलाव	N
ouch	हाय!	Interj
ought	चाहिये	MV
ounce	एकतोल{आधीछटाँककेलगभग}; तेंदुआ	N
our	हमारा; अपना	Det
ours	हमारा; अपना	Pron
ourselves	स्वयम्	Pron
oust	अधिकारसेहठाना	VT
ouster	बेदख़ली	N
out	बाहर; ख़तम; अंत; बेहोश	Adv
out	केबाहर	Prep
out	बाहरनिकालना	VT
outage	बिजली के बिना कालावधि	N
out-and-out	गयागुज़रा; पूर्णतः	Adj
outback	किनारे से दूर; निर्जन प्रदेश	N
outbid	से ज्यादा बोली लगाना	V
outboard	बाहरी{जहाज का}	Adj
outboard	बोट के पिछले हिस्से में बाहर से लगाया हुआ इंजिन	N
outbound	बहिर्गामी	Adj
outbreak	प्रादुर्भाव	N
outbuilding	बाहरी हिस्सा	N
outburst	प्रक्षोभ	N
outcast	बहिष्कृत	N
outcast	बहिष्कृत	Adj
outclass	बेहतर होना	V
outcome	परिणाम; निष्कर्ष	N
outcrop	पत्थर	N
outcry	प्रक्षोभ	N
outdated	पुराना	Adj
outdistance	निकल जाना	V
outdo	किसी से ज्यादा बेहतर काम करना	V
outdoor	खुली हवा में	Adj
outdoors	घर के बाहर	Adv
outdoors	गाँव का माहौल	N
outer	बाह्य; सुदूर; केन्द्रावसारी	Adj
outermost	सबसे ज्यादा केन्द्रावसारी	Adj
outer space	अन्तरिक्ष	N
outfall	प्रवाह का मुख	N
outfield	खेलपट्टी से दूर खिलाड़ी; मैदान का कोन	N
outfielder	खेलपट्टी से दूर कोने में खैलता खिलाड़ी	N
outface	हराना	V
outfight	से ज्यादा बेहतर लड़ना	V
outfit	वेश; पहनावा; हथियार; लोकसमूह; मंड़ली	N
outfitters	कपड़ों का व्यापारी	N
outflank	परे हटकर पीछे से हमला करना; चौका देनेवाली कृती से आगे बढ़ना	V
outflow	बहाव	N
outfox	बुद्दू बनाना	V
outgoing	खुशमिज़ाज; सत्ता छोड़नेवाला; बहिर्गामी	Adj
outgoing	खर्च; व्यय	N
outgrow	से बड़ा हो जाना; पीछे छोड़ देना	V
outgrowth	परिणाम	N
outgun	से अधिक सैन्यशक्ति होना	V
out house	मुख्यघरकेबाहरएकछोटाघर	N
outing	सैर; भाग लेना	N
outlandish	बेतुका	Adj
outlaw	विधिबहिष्कृत	N
outlaw	बहिष्कृत करना	V
outlay	व्यय	N
outlet	विक्री केन्द्र; विसर्जन केन्द्र	N
outline	रूपरेखा	N
outline	रूपरेखा आरेखित करना	V
outlive	से ज्यादा जीना	V
outlook	दृष्टिकोन; अन्दाज़{भविष्य के बारें में}; संभव; नज़ारा	N
outlying	दूर	Adj
outmanoeuvre	हराना	V
outmoded	पुराने ढ़ंग का	Adj
outnumber	से संख्या ज्यादा होना	V
out-of-date	पुराना और अनुपयोगी	Adj
outpace	से तेज़ी से बढ़ना	V
outpatient	बहिरोगी	N
outperform	से बेहतर काम करना	V
outplay	हराना{अच्छा खेल दिखाकर}	V
outpoint	ज्यादा प्राप्तांक पाकर हराना	V
outpost	सीमाचौकी	N
outpouring	बहुत ही ज्यादा उत्पादन	N
outpourings	अत्युत्कट आविष्कार	N
output	उत्पादन; प्रक्षेपण	N
output	प्रक्षेपण करना	V
outrage	प्रक्षोभ	N
outrage	प्रक्षुब्ध करना	V
outrageous	चौंका देनेवाली	Adj
outrank	से बेहतर होना	V
outre'	हक्काबक्का करनेवाला	Adj
outreach	हदसेपरेजाना	N
outrider	संरक्षक	N
outrigger	?	N
outright	मुँह पे बताया गया; तत्काल; पूरापूरा	Adj
outrun	से ज्यादा तेज़ी से दौड़ना; से बहुत जल्दी बढ़ना	V
outsell	से ज्यादा बिक्री होना	V
outset	शुरुवात से ही	N
outside	बाह्य; बाहर; कम	Adj
outside	बाहर	Adv
outsider	पराया	N
outsize	बड़े नाप का	Adj
outsmart	होशियारी से हासिल करना	V
outspoken	मुँहखुला	Adj
outspread	बहुत दूर तक फैला हुआ	Adj
outstanding	अप्रतिम; सहजगम्य; अपूर्ण	Adj
outstay	बहुत देर रहना	V
outstretched	फैलाया हुआ	Adj
outstrip	आगे निकल जाना	V
out-take	?	N
out-tray	?	N
out-vote	चुनावँ में हराना	V
outward	बाह्य	Adj
outwardly	बाह्यतः	Adv
outwards	बहिर्गामी	Adj
outweigh	महत्वपूर्ण साबित होना	V
outwit	होशियारी से harAnA	V
outworn	पुराने ढ़ंग का	Adj
ouzo	मादक पेय	N
oval	अण्डाकृती	Adj
ovary	अण्ड़ाशय	N
ovarian	बीज़कोश सम्बन्धी	Adj
ovation	तालियाँ	N
oven	भट्टी	N
ovenready	भट्टी के लिए उपयुक्त	Adj
ovenware	नीचे गिरा हुआ	N
over	नीचे गिरा हुआ; दूसरी ओर; तक; वर्ष से ज्यादा; बचा हुआ; खतम; बारबार	Adv
over	ऊपर; इस ओर से उस ओर तक; सुदूर; से ज्यादा; बीच; दरमियाँ; कठिनाइयाँ से मुक्त; प्रसारित; तेज़आवाज़	Prep
over	क्रिकेट की ओवर	N
over	बाह्य; आरपार; ज्यादा	Pref
overact	कृत्रिम अभिनय करना	V
overall	सम्पूर्णतः	Adj
overall	प्रावरण; पेरबन्द	N
overarching	सर्वसमावेशक	Adj
overarm	क्रिकेट में बौलिंग की एक शैली	Adj
overawe	पूर्णतः प्रभावित करना	V
overbalance	सन्तुलन खोने से गिरना	V
overbearing	मनमानी करनेवाला	Adj
overblown	बढ़ाचढ़ा; ज्यादा ही खुला हुआ फूल	Adj
overboard	पानी में गिरना	Adv
overbook	जरूरत से ज्यादा आरक्षण करना	V
overburden	ज्यादा भोज ड़ालना	V
overcharge	अधिकमोलयाअधिकदाम	N
overcharge	अधिकदामलगाना; अधिकलाददेनायाभारदेना	VT
overcoat	सर्दियों मेंसबसेऊपरपहनने वालाबडाकोट	N
overcome	वशीभूत कर लेना; हराना	VT
overcompensate	कमी पूरीकरना	V
overcook	अधिकपकाना	V
overcrowded	भीड़-भरा	Adj
overcrowding	भीड़	N
overdo	अति कर देना; ज्यादा पका देना	VT
overdose	अधिकमात्रा	N
overdose	अधिकमात्रामेंदेना	VT
overdraft	खाते में जमा से अधिकरकमनिकालना	N
overdraw	जमासेअधिकरुपयानिकालना	VT
overdrawn	बैंकखाते में सेअधिकधननिकालाहुआ	Adj
overdressed	सजाया-सँवाराहुआ	Adj
overdrive	तेज़गतिकरनेवालागियर; अत्यधिकसक्रियता	N
overdue	अवधिबीतनेपरभीजोचुकायानगयाहो	Adj
overeat	अत्यधिकखाना	V
overemphasis	अत्यधिकजोर	N
overestimate	ज्यादादामलगाना	V
overestimate	ज्यादा दाम	N
overexpose	अधिकदेरतकखुलेमेरखना	V
overexposure	अधिक अनावरण	N
overfishing	मछलियों का अत्यधिक पकड	N
overflow	बाढ़; अधिकता	N
overflow	किनारे से बहनिकलना	VTI
overfly	किसी स्थान के ऊपर उडना	V
overground	धरातलमें	Adj
overgrown	अधिकबढाहुआ	Adj
overgrowth	अतिवृद्धि	N
overhang	बाहरलटकाहोना	VTI
overhaul	निरीक्षण	N
overhaul	निरीक्षणकरना	VT
overhead	सिर के ऊपर सेहोनेवाला	Adj
overhead	सिर के ऊपर	Adv
overhead projector	ओवरहेड प्रोजेक्टर	N
overheads	ऊपरी खर्च से सम्बन्धित	N
overhear	चुपकेसेसुनना	VT
overjoyed	अतिप्रसन्न	Adj
overkill	अत्यधिकविनाशकारीक्षमता	N
overheat	बहुतगर्मकरना	VT
overjoy	अधिकप्रसन्नहोना	VT
overland	स्थलमार्गसे	Adv
overlap	ढ़कलेना; एकहीसमयहोना	VI
overlay	एककेऊपररखना	VT
overlay	The goldsmith gave an overlay of gold over the silver	N
overleaf	पृष्ठकेउसतरफ	Adv
overload	बहुतलादना	VT
overload	भारीलदान	N
overlook	ध्यानमेंनलापाना; ऊपरसेदेखना	VT
overlord	अधिपति	N
overmanned	जिसमेंजरूरतसेज्यादाकर्मचारीभरेहों	Adj
over-much	अत्यधिक	Adj
overnight	रातभर; सहसा	Adv
overnight	रातभरका	Adj
overpass	पारकरना; आँखछिपाना; भूलना	VT
overpay	धिकतनख्वाहदेना	VT
overpayment	अधिकभुगतान	N
overpower	नियन्त्रणकरना	VT
overpowering	नियन्त्रणका	Adj
overrate	अधिकमूल्यांकनकरना	VT
overreach	परे निकलजाना	VT
overreact	प्रतिक्रियाकरना	V
overreaction	अत्यधिकप्रतिक्रिया	N
override	निरस्तकरदेना	V
overrule	रदकरदेना	VT
overrun	मुँहतकभरजाना; बाहरनिकलना; अधिकहोना	VI
overrun	फैलजाना; बढ़जाना	VT
overseas	समुद्रपार	Adv
oversee	निरीक्षणकरना	VT
overseer	पर्यवेक्षक	N
overshadow	महत्वमेंबढ़चढ़करहोना; सायाकरना	VT
overshoot	लक्ष्यसेबाहरचलेजानायाफेंकना	VTI
oversight	दृष्टिभ्रम; निरीक्षण	N
oversimplify	कुछज्यादाहीसरलबनादेना	V
oversimplification	अत्यधिकसरलीकरण	N
oversized	बहुतबडा	Adj
oversleep	अधिकदेरतकसोतेरहना	V
overstate	बढ़ाचढ़ाकरकहना	VT
overstatement	अत्युक्तिपूर्णकथन	N
overstock	अधिकमात्रामेंसंचयकरना; कमभोजनवस्थानोंमेंअधिकजानवरोंकोडालना	VT
overt	खुला; प्रत्यक्ष; प्रकट	Adj
overtake	तेजीसेआगेनिकलजाना; संख्याकाबढ़ना	VT
overthrow	पदसेनिकालना	VT
overtime	वहसमयजिसमेंनिर्दिष्टसमयसेअतिरिक्तकामकियाजाय	N
overtime	समयोपरि	Adv
overtone	अधिस्वर	N
overture	गानाप्रारम्भकरनेकागीत; संबन्धबढ़ानेकाइशारा	N
overturn	उलटदेना; पराजितकरना; बरबादकरना; नष्टकरना; उलटपलटकरना	VT
overuse	बहुतअधिककाममेंलाना	V
overview	सिंहावलोकन	N
overweening	आत्मविश्वास	Adj
overweight	भारीशरीरवाला; अधिकतौल	N
overwhelm	अधिकभावनाप्रकटकरना	VT
overwhelming	अत्यधिक	Adj
overwork	अत्यधिककार्ययापरिश्रम	N
overwork	अत्यन्तपरिश्रमकरना	VTI
overwrite	लिखेपरलिखना	V
overwrought	अतिउत्तेजित	Adj
ovoid	अंडाकार	Adj
owe	ऋणीहोना	VT
owing	देय	Adj
owing to	हेतुसे	Prep
owl	उल्लू	N
own	अपना	Det
own brand	नामअंकितहोना	N
own goal	अपनीतरफगोलडालना	N
owner	मालिक	N
ownership	स्वामित्व	N
owner- occupied	मालिककारहना	Adj
owner-occupier	घरकामालिक	N
ox	बैल	N
oxbridge	ऑक्सफ़ोर्डऔरकैंब्रिजदोनोंविश्वविद्यालय	N
oxfam	अकालराहतकेलिएऑक्सफ़ोर्डसहायतासमिति	Abbr:Oxford Commitee for Famine Relief
oxide	ऑक्साइड	N
oxidize	जंगलगना	V
oxyacetylene	ऑक्सिअसिटेलेन	N
oxygen	आक्सीजन	N
oxygenate	आक्सीजनसेमिलाना	VT
oxygen mask	ऑक्सीजननक़ाब	N
oxygen tent	अधिकऑक्सीजनदेनेकाटेन्ट	N
oyster	शुक्ति	N
oyster-catcher	शंकमीनकोखानेवालासफेदवकालाखग	N
ozone	ओज़ोन	N
pace	कदम; गति	N
pace	धीमी तेज़ बदलती गति	V
pacemaker	आगे चलनेवाला; पेसमेकर{हृदययंत्र}	N
pachyderm	मोटी चरबीवाला पशु	N
pacific	स्थिर	Adj
pacifism	शांति मार्ग	N
pacifist	शांति कामी	N
pacify	शांत करना	V
pacification	शांति करण	N
pacifier	शांत करनेवाला	N
pack	पोटली; समूह	N
pack animal	भारवाही जंतु	N
pack ice	हिमखण्ड	N
pack	गठरी बनाना	V
package holiday	संपुटित भ्रमण	N
packet	पोटली	N
packing	बाँधने के लिये प्रयुक्त पदार्थ	N
packing case	पैककरनेकेलियेडिब्बा	N
pact	समझौता	N
pad	कागज़ या सोखते की गड्डी	N
pad	भर देना; मंदगति से चलना	V
padded cell	?	N
paddle	छोटा चप्पू	N
paddock	जानवरों का बाडा	N
paddy	धान	N
padlock	ताला लगाना	V
paen	विजयगीत	N
paediatrics	शिशुसंबंधी दवाइयाँ	N
page	पृष्ठ	N
pageant	तमाशा	N
pagoda	बौद्धमंदिर	N
paid	चुकाया {हुआ}	Adj
pain	दर्द; दुख़	N
pain	दर्द होना	V
painfull	पीड़ापूर्ण	Adj
painkiller	पीड़ाहारी औषधी	N
painless	दर्दरहित	Adj
painstaking	परिश्रमपूर्ण	Adj
paint	रंगलेप	N
paint	रंगलगाना[होना]; चित्रकारीकरना	V
paintbox	रंगकाडिब्बा	N
paintbrush	रंगनेवालाब्रश	N
painter	चित्रकार; रंगनेवाला	N
painting	रंगचित्र; चित्रकारी	N
paintwork	चित्रितकाम	N
pair	जोड़ाबनाना	VTI
pairs	जोड़े; युगल	N
paisley	घुमावदारनमूना{परजैसादिखनेवाला}	N
pajama	पजामा	N
pal	मित्र	N
pally	मैत्रीपूर्ण	Adj
palace	महल	N
palaeolithic	पुरायुगीन	Adj
palaeontology	जीवाश्म-विज्ञान	N
palatable	स्वादिष्ट; स्वीकार्य	Adj
palate	तालू; स्वाद होना; रुचि	N
palatial	राजसी	Adj
palaver	बकवाद	N
pale	फीका	Adj
pale	फीकापड़जाना[करदेना]	VI
pale	बाड़ा; खूँटा; घेरा	N
palette	रंगमिलानेकीतख्ती	N
palimpsest	उपर्यालिखितचर्मपत्र; फलक	N
palindrome	विलोमपद; विलोमकाव्य	N
paling	बाढ़; बाड़ा	N
palisade	कटघरा	N
palisade	कटघराबना	VT
pall	लबादा; कफ़न	N
pall	नीरसहोजाना	VTI
pallet1	सामानलेजानेयारखनेकेलिये खाँचा	N
pallet2	तृणशय्या	N
palliate	कमकरना	V
palliative	लघुकारी; उपशामक	Adj
pallid	विवर्ण	Adj
pallor	फीकापन	N
palm	हथेली; ताड़कापेड़	N
palm	मुठ्ठीमेंरखना; घूसदेना	VT
palmist	हस्तरेखा-शास्त्री	N
palpable	स्पर्शनीय; सुस्पष्ट	Adj
palpitate	जल्दीधड़कना	V
palpitation	घबराहट होना	N
palsy	पक्षाघात	N
paltry	बहुतथोड़ासा; तुच्छ	Adj
pampered	दुलारा; लाड़ला	Adj
pamper	बहुतलाड़प्यारकरना	VT
pamphlet	पैम्फ़लेट	N
pan	तसले में कुछ धोना; ?	V
panacea	सर्व रोग नाशक औषधी	N
panache	कलँगी	N
panama	बाँस से बनी हुई टोपी	N
panalella	एक पतला लंबा सिगार	N
pancake	चिल्ला	N
pancreas	अग्न्याशय	N
pancreatic	अग्न्याशय संबंधी	Adj
panda	चीन का भालू	N
panda car	पुलिस गाड़ी	N
pandemic	देशव्यापी	Adj
pandemic	विश्वमारी	N
pandemonium	हुल्लड़	N
pander	कुटनाई करना	V
pane	फलक	N
panegyric	गुणगान	N
panel	फलक; भाग; पैनल; दल	N
panel	दिल्ला लगाना	V
panellist	दल का सदस्य	N
panelling	चौखटा	N
pang	पीड़ा	N
pan handle	एक राज्य का भूभाग जो दूसरे राज्य में हो	N
pan handle	भीख माँगना	V
panic	सन्त्रास	N
panic	सन्त्रास्त होना	V
panicky	आतंकित	Adj
pannier	टोकरा	N
panoply	कवच	N
panorama	दृश्यपटल	N
panoramic	विशालदर्शी	Adj
pan pipes	?	N
pansy	बनफूल	N
pant	हाँफना	V
pant	एक छोटा श्वास	N
pantaloons	पतलून	N
pantechnicon	फर्निचर गोदाम	N
pantheism	ब्रह्मवाद	N
pantheist	ब्रह्मवादी	N
pantheon	सर्वदेवमंदिर; प्रसिद्धलोगों का दल	N
panther	तेंदुआ	N
panties	स्त्रियाँ द्वारा पहनेजानेवाली भीतरी पोशाक	N
pantihose	चुस्त कपड़े	N
pantile	घुमौआ छद	N
pantomime	मूकाभिनय; gsaMxigXawA	N
pantry	रसोई भांडार	N
pants	पतलून	N
pantsuit	पैंट कोट का जोड़ा	N
pap	लेई	N
papa	पिता	N
papay	पोप का पद	N
paparazza	पत्रकार	N
papaw	ताड़ की तरह एक वृक्ष	N
paper	कागज़; दस्तावेज़; प्रश्नपत्र; लेख	N
papery	कागज़ी	Adj
paper boy	अखबार पहुचाँनेवाला	N
paper chase	एक दौड	N
paper clip	कागज़ का क्लिप	N
paper knife	पत्र कर्तक	N
paper money	कागज़ी चलार्थ	N
paper round	?	N
paper tiger	कागज़ी शेर	N
paper thin	नाज़ुक	Adj
paperback	अजिल्द	N
paperweight	दाब	N
paperwork	कागज़ी कार्यवाही	N
papier mache	कुट्टी	N
papist	पोप का समर्थक	N
papirika	पिसी हुई लाल मिर्च	N
parable	नीतिकथा	N
parabola	अनुवृत्त	N
parachute	हवाई छतरी	N
parachute	हवाई जहाज से उतरना	V
parachutist	छतरी सैनिक	N
parade	जलूस	N
paradise	स्वर्ग	N
paraffin	पराफिन	N
paragon	आदर्श	N
paragraph	अनुच्छेद	N
parakeet	ढेलहरा तोता	N
parallel	समानांतर	N
parallelogram	समानांतर चतुर्भुज	N
paralysis	लकवा	N
paralyse	लकवामार	V
paralytic	लकवाग्रस्त	Adj
paramedic	दाक्तर का सहायक	N
parameter	गणित में स्थिर राशी	N
paramilitary	सह सैनिक	N
paramount	सर्वश्रेषठ	Adj
paranoia	संविभ्रम	N
paranoid	पागल	Adj
paranormal	असाधारण	Adj
parapet	प्रकार	N
paraphernalia	निजी सामग्री	N
paraphase	भावानुवाद	N
paraplegia	अधरांगघात	N
parapsycology	परा मनोविज्ञान	N
paraquat	?	N
parasite	पराश्रयी	N
parasitic	परजीवी	Adj
parasol	छतरी	N
paratroops	छतरी सेना	N
paraboil	उबालना	V
parcel	गठरी	N
parched	झलसना	Adj
pardon	माफी	N
pardon	माफकरना	V
parent	माँ बाप	N
parentage	जनकता	N
parish	चर्च	N
pariah	अछूत	N
parish clerk	चर्च की कर्मचारी	N
parision	पल्लीवासी	Adj
parisian	पैरिसवासी	N
parity	बराबरी	N
park	उद्यान	N
park and ride	?	N
parka	एक गर्म जैकिट	N
parkin	अदरक से बनाया गया केक	N
parking	गाड़ी स्थान	N
parking meter	किराया यंत्र	N
parkinson's disease	पार्किंसनरोग	N
parkland	खेत	N
parkway	?	N
pariance	भाषाशैली	N
parley	संधि वार्ता करना	V
parliament	संसद	N
parliamentarian	संसद का मॆंबर; सभाचतुर	N
parliamentary	संसदीय	Adj
parlour	बैठक खाना	N
parious	जोखिम	Adj
parody	विद्रूपिका	N
parole	पर करामुक्ति	N
paroxysm	आवेग	N
parrot	तोता	N
parrot	अंधानुकरण करना	V
parsee	पारसी	N
parsimony	मितव्ययता	N
parsnip	चुकंदर	N
parson	पादरी	N
part	भाग; सदय; किरदार; वास्ते	N
part	अलगहोना	V
partake	भाग लेना	V
partial	आंशिक; पक्षपाती	Adj
participant	भागग्राही	N
participate	भाग लेना; भागीदार होना	V
participle	कृदंत	N
particle	कण	N
particular	विशिष्ट	Adj
parting	अलगाई	N
partisan	समर्थक	N
partition	विभाजन	N
partitive	अंशबोधक	Adj
partner	साझीदार; साथी	N
part-owner	भागीदार	N
partidge	तीतर	N
party	दल; जनसमूह	N
parvence	नया अमीर	N
pass	गुज़रना; हस्तांतरित करना; पार करना; उत्तराधिकार में पाना; उत्तीर्ण होना; मंज़ूर होना; सहन करना	V
passable	पारणीय; स्वीकार्य	Adj
passably	स्वीकरणीय रूप से	Adj
passage	अनुच्छेद; गमन; गलियारा; नालिकामार्ग	N
passbook	पासबुक	N
passenger	यात्री	N
passer-by	पथिक	N
passing	गुज़रने वाला; क्षणिक	Adj
passion	भावावेश; सनक	N
passionate	भावुक; कामुक; क्रोधशील	Adj
passive	निष्क्रिय; सहनशील; कर्मवाच्य	Adj
passiveness	निष्क्रियता	N
passport	पासपोर्ट{पारपत्र}	N
password	संकेत शब्द	N
past	पिछला	Adj
past	द्वारा; से	Adv
past	भूतकाल	N
past	परे; से अधिक	Prep
paste	लेई; लसदारमिश्रण	N
paste	चिपकाना	VT
pastel	पेस्टल{रंगीन रेखा चित्र बनाने के लिए चाक}	N
pastel	हल्का फीका रंग	Adj
pastime	मनबहलाव	N
pastor	पादरी	N
pastoral	पादरीसम्बन्धी; ग्राम्य	Adj
pastoral	ग्राम्य{ग्रामीण जीवन का चित्र खींचती हुई तस्वीर या कविता}	N
pastry	पेस्ट्री{एक छोटा मीठा केक}	N
pasture	चारागाह; चारा	N
pat	तुरंत	Adv
pat	अनुकूल	Adj
pat	थपकी	N
pat	थपथपाना	VT
patch	टुकड़ा; फाहा; धब्बा	N
patch	जोड़ना	V
patchwork	गुदड़ी; जोड़-जाड़	N
pate	खोपड़ी	N
patella	घुटनों की हड्डी	N
patent	प्रत्यक्ष	Adj
patent	किसीआविष्कारकापूर्णअधिकार; अधिकारपत्र	N
patent	सनददेकरअधिकारकीरक्षाकरना	VT
paternal	पैतृक	Adj
paternity	पितृत्व	N
path	मार्ग; कार्यविधि	N
pathetic	करुणाजनक; बेकार	Adj
pathologist	रोगविज्ञानी	N
pathology	रोगलक्षणविद्या	N
pathos	करुण रस	N
patience	धीरज	N
patient	धैर्यवान	Adj
patient	मरीज़	N
patiently	धैर्यपूर्वक	Adv
patio	चबूतरा; बिन छत का बरामदा	N
patriarch	कुल पिता	N
patrician	अभिजातिक	Adj
patrician	कुलीनजन	N
patricide	पिता की हत्या	N
patrimony	पैत्रिक संपत्ति	N
patriot	देशभक्त; स्वदेशानुराग	N
patriotic	देशभक्ति; स्वदेशानुरागपूरित	Adj
patrol	गश्तीटोली; गश्तलगाना	N
patrol	पहरादेना	VTI
patron	संरक्षक	N
patron	ग्राहक	N
patronage	संरक्षता; आश्रय	N
patronize	संरक्षणकरना	VT
patten	खड़ाँऊ	N
patter	पटपटाना; बड़बड़ाना; हल्के-फुलके कदम से चलना	VTI
patter	तड़तड़ाहट	N
pattern	नमूना; प्रतिरूप; आदर्श	N
pattern	अनुकरण करना	V
pattern	रचा हुआ	Adj
paucity	कमी	N
paunch	तोन्द	N
pauper	निर्धनमनुष्य	N
pause	रुकना	VI
pause	विराम	N
pave	ईंटजड़ना; मार्गठीककरना; सरलबनाना	VT
pavement	पेवमेंट{पत्थरयाईंटकामार्ग}	N
pavilion	पैविलियन{गुम्बजदारइमारत}; मंडप	N
paw	पंजा	N
paw	पंजेसेखुरचना; चापलूसीकरना; बुरीतरहहाथलगाना	VTI
pawn	पैदल मोहरा; कठपुतली; बन्धक	N
pawn	गिरवीरखना; दाँव पर लगाना	VT
pay	तनख्वाह	N
pay	चुकाना{पैसा}; सजापाना; लाभकरहोना	VTI
payable	जोभुगतानकरनाचाहिए	Adj
payload	बम या मिसाइल के फूटने का सामर्थ्य	N
paymaster	तनख्वाहबाँटनेवाला	N
payment	भुगतान	N
payout	पैसों का विशाल भुगतान	N
pea	मटर	N
peace	अमन; चैन	N
peaceable	शान्तिशील	Adj
peaceably	शान्तिप्रियतासे	Adv
peaceful	शान्त	Adj
peacefully	शान्तिसे	Adv
peacemaker	संधाता; संधिकरानेवाला	N
peacetime	शान्तिकाल{जिस समय युद्ध नहीं हो रहा हो}	N
peach	पीचरंगवाला{पीलापनलियेगुलाबीरंग}	Adj
peach	आड़ू; शफ़तालु; पीलापन लिए गुलाबी रंग	N
peacock	मोर	N
peak	चोटी	N
peaked	चोटी वाला	Adj
peak	चोटी पर पहुँचना	V
peaky	बीमारी	Adj
peal	ठहाका; अट्टहास	N
peal	गड़गड़ाना	V
peanut	मूँगफली; अल्पमात्रा में धनराशी	N
pear	नाशपाती	N
pearl	मोती	N
pearly	मोतिया	Adj
peasant	किसान	N
peat	पाँस	N
pebble	कंकड़; बटिया	N
peccary	सूअर जैसा जानवर	N
peck	चोंच मारना	V
peck	चंचु प्रहार	N
pecker	कड़कोड़ा	N
peckish	भूखा	Adj
pectoral	छाती संबन्धी	Adj
peculiar	असामान्य	Adj
peculiarly	विशेषता से	Adj
pecuniary	धन-संबन्धी	Adj
pedagogue	अध्यापक	N
pedal	पैड़ल	N
pedal	पैड़ल चलाना	V
pedant	लटकन	N
peddle	फेरी	V
pedestrian	पादचारी	N
pedestrian	नीरस	Adj
pedicure	पैरों की सफ़ाई करना	N
pedigree	वंश	N
pedlar	फेरी वाला	N
pee	पेशाब करना	V
peeler	छिलनेवाला	N
peep	झाँकी	N
peep	झाँकना	V
peep hole	झाँकने का छिद्र; झरोखा	N
peeping tom	ताँक-झाँक करनेवाला	N
peep show	सैरबीन	N
peep	चीं-चीं	N
peep	चीं-चीं करना	V
peer	जोड़	N
peerage	in the british parliament the peerage is formed by a group of elected members of the ruling party.	N
peerless	अनुपम; लाजवाब	Adj
peer group	समान व्यक्तियों खा समूह	N
peer	सावधानी से देखना; ताकना	V
peeve	चिड़ाना	V
peeved	कृद्ध हुआ	Adj
peevish	चिड़चिड़ा	Adj
peewit	टिटहरी	N
peg	खूँटी	N
peg	खूँटी लगाना	V
pejorative	निन्दात्मक	Adj
pekineses	एक प्रकार का कुत्ता.	N
pelagic	वेलापव्र्ति	Adj
pelican	जलासिंह	N
pellagra	चर्मग्राह	N
pellet	गोली; गुटिका	N
pell-??????	हड़बड़ी से.	Adj
pellucid	निर्मल	Adj
pelmet	लकड़ि का ड़ांचा; लोहे आदि का परदा लगाने का डंडा	N
pelt	फ़ेंकना; फ़ेंककर मारना	V
pelt	खाल	N
pelvis	श्रोणि-प्रदेश	N
pelvic	श्रोणीय	Adj
pen	लेखनी; कलम	N
pen	बाड़े में बन्द करना; लिखना	V
pen-and-ink	?	Adj
pen-friend	पत्रमित्र	N
pen name	उपनाम	N
pen-pusher	लिपिक	N
pen	जानवरों का बाड़ा; जेल	N
penal	दण्ड विषयक	Adj
penal code	दंड़ संहिता	N
penalize	दण्ड़ित करना	V
penalty	दण्ड; सज़ा	N
penance	प्रायश्चित्त	N
pence	पैन्स{इंगलैंडकीमुद्रा}	N
penchant	विशेष रुचि	N
pencil	पेंसिल	N
pencil	चित्रित करना	V
pencil case	पेंसिल रखने की डिब्बा	N
pencil sharpner	पेंसिल बनाने का यन्त्र	N
pendant	लोलक; लटकन	N
pending	विचाराधिन	Adj
pendulous	लोल	Adj
pendulum	लोलक	N
penetrable	छेदनीय	Adj
penetrate	घुसना	V
penetrating	सूक्ष्म; वेधक	Adj
penetration	वेधन	N
penetrative	कुशाग्र	Adj
penguin	एक चिड़िया	N
penicillin	पेंसिलिन	N
peninsula	प्रायद्वीप	N
peninsular	प्रायद्वीपीय	Adj
penitence	पश्चात्ताप	N
penitent	पश्चात्तापी	Adj
penitential	पश्चात्तापी	Adj
penitentiary	बन्दीगृह	N
pen knife	चाकू	N
pennant	पताका	N
penniless	कंगाल	Adj
penny	पेनी{ब्रिटिश करेंसी}	N
pension	निवृत्ति वेतन	N
pensionable	पेंशनयोग्य; भृतियोग्य	Adj
pensioner	पेंशनभोगी	N
pensive	विषण्ण	Adj
pensively	विषण्णता से	Adv
pentagon	पंचभुजी	N
pentagonal	पंचभुजीय	N
pentameter	पंचपदी पद्य	N
penthouse	सायबान	N
pent-up	दबी हुई	Adj
penultimate	उपान्त्य	Adj
penurious	गरीब	Adj
penury	दरिद्रता	N
peony	रंग-बिरंगे फ़ूलों वाला पौधा	N
people	लोग; जनता; जाति; देशवासी; वफ़ादार लोग; प्रजा; रिश्तेदार	N
pep	ओत प्रेत करना	V
pepper	गोल मिर्च; एक प्रकार का सब्जी	N
pepper mill	पीसने की चक्की	N
peppermint	पीपरमिंट	N
peptic	अग्निवर्धक; पाचक	Adj
perambulation	चहलकदमी	N
perambulator	बच्चा गाड़ी	N
per annum	प्रतिवर्ष	Adv
per capita	प्रतिव्यक्ति	Adj
per capita	प्रतिव्यक्ति	Adv
perceive	मॆहसूस करना; देखना; समझना	V
per cent	प्रति सैकड़ों में एक भाग	Adj
per cent	प्रति सैकड़ों में एक भाग.	Adv
percent	प्रतिशत	N
percentage	प्रतिशतता; अंश	N
perceptible	इन्द्रिय ग्राह्य; आनने योग्य	Adj
perceptibly	प्रत्यक्षरूप से	Adv
perception	प्रत्यक्ष ज्ञान; प्रतिपत्ति ज्ञान	N
perceptive	ज्ञानविषयक	Adj
perceptively	कुशाग्रबुद्धि से	Adv
perch	चिड़ियों के बैठने का अड्डा; ऊँचा स्थान; एक प्रकार की मछली	N
perch	अड्डे पर बैठना; ऊँचा स्थान पर बैठना	V
perched	बैठा हुआ; ऊँचा या ख़तरनाक स्थान पर रखा हुआ	Adj
perchance	कदाचित	Adv
percipent	जल्दी ग्रहण करने योग्य	Adj
percolate	बूंद बूंद करके टपकना	V
percolator	काफ़ी बनाने का यन्त्र	N
percussion	तबला आदि वाद्य यन्त्र; वाद्य यन्त्र विभाग	N
percussionist	वाद्य यन्त्र बजानेवाला	N
perdition	नरक वास	N
perigrination	यात्रा.	N
peregrine	बहरी	N
peremptory	अनतिक्रमणीय	Adj
peremptorily	अलंघनीय रूप से	Adv
perennial	आवृत्ति पानेवाली; चिरस्थायी	Adj
perennial	बारहमासी	N
perennially	पूरे वर्ष	Adv
perestroika	आर्थिक या राजकीय संस्करण	N
perfect	संपूर्ण; ही; आदर्श; परिशुद्ध; भूतकाल सम्बन्धी	Adj
perfect	पूर्णभूत	N
perfectly	पूर्णतः; बिल्कुल; पूर्ण रूप से	Adv
perfect	परिपूर्ण करना	V
perfection	संपूर्णता; निर्दोषता; प्रवीणता; सब प्रकार से संतोषप्रद	N
to perfection	पराकाष्ठा	IDM
perfectionist	पूर्णतावादी	N
perfidy	कपट	N
perfidious	विश्वासघाती	Adj
perforate	छेदना	V
perforation	छेदों की कतार	N
perforace	बलपूर्वक	Adv
perform	करना; नाटक खेलना; बाजा बजाना	V
performer	अभिनेता; कर्ता	N
performing arts	रंगकलाएँ	N
performance	प्रदर्शन; क्रिया; शीघ्रता के साथ ठीक-ठाक काम करने की क्षमता; संपादन	N
perfume	सुगंधित करना; खुशबू से भरपूर करदेना	V
perfume	इत्र; खुशबू	N
perfrumery	इत्र बनने या बिकने की दुकान	N
perfunctory	उत्साहहीन	Adj
pergola	मंडप	N
perhaps	संभवतः; शायद	Adv
peri	चारों ओर के अर्थ में उपसर्ग	Pref
peril	खतरा; खतरनाक स्थिति	N
perilious	खतरनाक	Adj
periliously	संकटपूर्ण रूप से	Adv
perimeter	परिधि	N
period	काल; युग; कल्प; घण्टा; रजोधर्म	N
periodic	नियतकालिक	N
periodic	नियतकाल में	Adv
periodic table	आवर्तसारणी	N
peripatetic	जगह जगह घूमनेवाला	Adj
periphery	घेरा	N
peripheral	गौण; सतही; अतिरिक्त	Adj
periscope	?	N
perish	मरना; सड जाना	V
perishable	बिगडनेवाला	Adj
perishing	मारदेनेवाला; मरजानी	Adj
peritonitis	पेट की झिल्ली का रोग	N
periwinkle	सदाबहार; घोंघा	N
perjure	न्यायालय में झूट बोलना	V
perjure	न्यायालय में झूट बोलने की प्रक्रिया	N
perk	परिलब्धि; अनुलाभ	N
perk up	जान आना	V
perky	फ़ुर्तीला; उद्धत	Adj
perkiness	अकड	N
perm	बालों को लहरियादार बनाने की क्रिया	N
perm	बालों को लहरियादार बनाना	V
permafrost	स्थायी तूषार	N
permanence	स्थायित्व	N
permanent	स्थायी	Adj
permanently	स्थायी रूप से	Adv
permeate	में फ़ैल जाना	V
permeate	पारगम्य	Adj
permeability	पारगम्यता	N
permeation	पारगमन	N
permissible	अनुज्ञेय	Adj
permission	इज़ाज़त	N
permissive	अनुमति देने वाला	Adj
permit	अनुमति देना; करने देना	V
permit of	सम्भव न होना	PhrV
permit	अनूज्ञा	N
permutation	क्रमचय	N
pernicious	हानिकर	Adj
pernickety	दुष्तोषणीय	Adj
peroration	उपसंहार	N
peroxide	रसायनिक	N
perpendicular	अभिलम्ब; सीधा; लम्ब	Adj
perpetrate	पाप या दोष करना	V
perpetration	अपराध कर्म	N
perperator	पाप कर्म करने वाला	N
perpetual	चिरस्थायी; निरन्तर	Adj
perpetual motion	सतत	N
perpetuate	स्थायी बनाना	V
perpetuation	स्थायीकरण	Adj
perpetuity	निरन्तरता	N
perplex	व्याकुल करना	V
perplexed	व्याकुल	Adj
perpexedly	व्याकुलता से	Adv
perplexing	जटिल	Adj
perplexity	घबराहट; टिलता	N
perquisite	अनुलाभ; प्राधिकार	N
perry	नाशपाती की मदिरा	N
pers	व्यक्ति	Abbr:person
per se	अपने आप में	Adv
persecute	उत्पीडित करना; सताना	V
persecution	उत्पीडन	N
persecutors	उत्पीडक; अत्याचारी	N
perserve	निरन्तर प्रयत्न करना	V
perseverance	निरन्तर प्रयत्न; दृढता	N
persevering	अध्यवसायी	Adj
persian	फारसी भाषा या फारसी{निवासी}	Adj
persians	फारसी	N
persian	फारसी भाषा	N
persian carpet	फारसी चटाई	N
persian cat	फारसी बिल्ली	N
persimmon	तेंदू फल	N
persist	दृढ रहना; अडजाना	V
persistence	अभिनिवेश; ज़िद; अवस्थिति	N
persistent	दृढ; ज़िद्दी; लगातार; निरन्तर	Adj
person	व्यक्ति; पुरुष; ईसाई मज़हब	N
persona	अभिनय	N
persona non grata	अस्वीकार्य व्यक्ति	N
personable	सुन्दर	Adj
personage	मान्य व्यक्ति	N
personal	वैयक्तिक; व्यक्तिगत; स्वयं	Adj
personally	स्वयं; व्यक्तिगत रूप से	Adv
personality	व्यक्तित्व; विशेष चरित्र	N
personalize	व्यक्तिगत बना लेना	V
personify	मानवीकरण करना; विचार प्रकट करना	V
personification	मानवीकरण	N
personnel	कर्मचारी वर्ग; कर्मचारी विभाग	N
perspective	परिप्रेक्ष्य	N
perspex	पारदर्शीयता	N
perspicacious	सूक्ष्मदर्शी	Adj
perspire	पसीना बहाना	V
persuade	के लिए राजी करना; समझाना	V
persuasion	अनुनय; धर्म	N
persuasive	प्रभावपूर्ण	Adj
pert	उद्धत	Adj
pertain	से सम्बंध रखना; का होना	V
pertinacious	दृढ प्रतिज्ञ	Adj
pertinent	प्रासंगिक	Adj
perturb	उद्विग्न कर देना	V
peruse	अनुशीलन करना	V
pervasive	सर्वव्यापी	Adj
perverse	जान-बूझकर ग़लत व्यवहार करने वाला	Adj
pervade	में व्याप्त होना	V
perversion	कामविकृति; सही से ज़लत में परिवर्तन	N
pervert	विकृतकामी	N
pervert	दुरुपयोग करना; पथभ्रष्ट करना	V
perverted	कामविकृत	Adj
peseta	स्पेन की मुद्रा	N
pesky	तंग करने वाला	Adj
peso	लेटिन; अमेरिका और फिलिप्पिन्स की मुद्रा	N
pessary	पेसरी; पिन्धा	N
pessimism	निराशावाद	N
pessimist	निराशावाद	N
pessimistic	निराशावादात्मक	Adj
pest	हानिकारक जीव; कण्टक	N
pester	सताना	V
pesticide	कीटनाशकदवा	N
pestilence	महामारी	N
pestilential	परेशान करनेवाला; रोगजनक; घातक	Adj
pestle	मूसली	N
pet	प्रेमपात्र	N
pet	दुलारना	V
pet name	प्यारकानाम	N
petal	पँखुडी	N
petalled	पँखुडीदार	Adj
peter out	धीरे धीरे समाप्त हो जाना	V
petit bourgeosis	निम्नबुर्जुआ	N
petite	ठिंगनी	Adj
petition	निवेदनपत्र; अर्ज़ी	N
petitioner	अर्ज़ीदार	N
petrel	समुद्रकाक	N
petrify	अश्मीकृत होना; पथराना	V
petrochemical	पेट्रो-रसायन	N
petrol	पेट्रोल	N
petrol bomb	पेट्रोलबॉम्ब	N
petrol station	पेट्रोलपम्प	N
petroleum	पेट्रोलियम	N
petroleum jelly	वैसलीन	N
petrology	शैलविज्ञान	N
petticoat	पेटीकोट	N
pettifogging	?	Adj
pettish	तुनकमिज़ाज	Adj
petty	नगण्य; तुच्छ; नीच; निर्दयी और मतलबी	Adj
petty cash	खुदरा रोकड	N
petty officer	नाविक अधिकारी	N
petulant	चिडचिडा	Adj
petulantly	चिडचिडाकर	Adv
petulance	चिडचिडापन	N
petunia	संध्यामालती	N
pew	गिरज़ाघर में आसन; आसन	N
pewit	टिटहरी	N
pewter	जस्ता; जस्ता के बर्तन	N
pgce	शिक्षाशास्त्रमेंस्नातकोत्तरसर्टिफिकेटकोर्स	N
ph	मिट्टीमेंएसिडमापक	N
phalanx	व्यूह; संघटित दल	N
phantasm	मोहछाया	N
phantasmagoria	मायाजाल	N
phantom	प्रेत; भ्रम	N
pharaoh	प्राचीनमिस्रकाराजा	N
pharisee	प्राचीनयहूदीसम्पर्रदायकासदस्य; दिखावटीनैतिकआचरण	N
pharmaceutics	औषध-निर्माण-विज्ञान	N
pharmaceutical	औषधीय	Adj
pharmacist	औषधज्ञ	N
pharmacology	औषध विज्ञान	N
pharmacologist	औषध विज्ञानी	N
pharmacopoeia	औषध कोश; भेषज संग्रह	N
pharmacy	औषध निर्माण विज्ञान; औषधालय; औषधशाला	N
pharynx	ग्रसनी	N
pharyngitis	ग्रसनी शोथ	N
phase	पहलू; कला; अवस्था	N
phase	चरणोंमेंकरना	V
phase-out	क्रमशःसमाप्तकरना	PhrV
ph.d	पी.एच.डी	Abbr:Doctor of Philosophy
pheasant	चिडा	N
phenol	कारबालिक	N
phenomenal	असाधारण	Adj
phenomenology	दृश्य-घटना-विज्ञान	N
phenomenon	तथ्य	N
pheromone	संकेत	N
phew	छीः	Interj
phial	शीशी	N
philander	इरकबाज़ी करना	V
philanderer	इरकबाज़	N
philanthropy	मानवप्रेम	N
philanthropic	लोकोपकारी	Adj
philanthropist	मानवप्रेमी; लोकोपकारक	N
philately	टिकट संग्रह	N
philatelic	टिकट संग्रहण करने का	Adj
philatelist	टिकट संग्रही	N
philharmonic	संगीत प्रेमी	Adj
philion	?	Adj
philistine	विषयासक्त	N
philo	प्रेमी	Adj
philology	भाषासास्त्र	N
philological	भाषाशास्त्रीय	Adj
philalogist	भाषाशास्त्री	N
philosopher	दार्शनिक; तत्त्वज्ञ	N
philosophical	दार्शनिक	Adj
philosphize	दार्शनिक रूप में प्रस्तुत करना	V
phlegm	बलग़म; श्लेष्म; कफ	N
phelgmatic	कफ़मय; मन्द	Adj
phobia	डर; भीति	N
phoenix	अमरपक्षी	N
phone	टेलीफ़ोन	N
phone	फ़ोन करना	V
phone book	टेलीफ़ोन नंबर लिखनेवाली पुस्तक	N
phoneme	ध्वनिग्राम	N
phonetics	स्वर विज्ञान	N
phonetic	ध्वन्यात्मक	Adj
phoneticaly	स्वरध्वनि से	Adv
phoney	काल्पनिक	Adj
phonological	ध्वन्यात्मक	Adj
phonology	स्वर विज्ञान	N
phooey	उफ्	Interj
phosphate	स्फुर आम्ल से बना हुआ क्षार	N
phosphorescent	स्फुरदीप्त	Adj
phosphorus	फासफ़ोरस	N
photo	तस्वीर; चित्र	N
photocopy	फ़ोटोकापी	N
photo fit	मुज़रिम की तस्वीर	N
photogenic	चित्रोपम	Adj
photograph	फ़ोटो	N
photograph	फ़ोटो खींचना	V
photographer	?	N
photostat	फ़ोटोस्टैट	N
photosynthesis	प्रकाश-संश्लेषण	N
phrase	वाक्यांश; मुहावरा	N
phraseology	वाक्यरचना	N
phut	फट	Adv
phylum	जाति; संघ	N
physical	शारीरिक; प्राकृतिक	Adj
physicality	शारीरिकबल	N
physically	शारीरिक.; प्राकृतिक नियम के अनुसार	Adv
physician	चिकित्सक; वैद्य	N
physicist	भौतिक विज्ञानी	N
physics	भौतिक विज्ञान	N
physiognomy	आकृति विज्ञान	N
physiology	शरीर क्रिया विज्ञान	N
physiotherapy	शारीरिक चिकित्सा; भौतिक चिकित्सा	N
physique	शरीर-गठन	N
piano	पियानो; महावाद्य	N
piazza	चौक	N
pick	चुन लेना; तोडना; साफ़ करना; किसी नुकीली वस्तु से ताला खोलना	V
pick up	उठाना	V
pick up	वैन	N
pick axe	कुदाली; गौँती	N
picket	धरनैत; खूँटा	N
picket	घेरा डालना; खूँटा गाडना; धरना देना	V
picketing	धरना; घेरा	N
pickings	उपर की आमदनी	N
pickle	अचार	N
pickle	अचार बनाना	V
pickpocket	जेबकतरा	N
picky	नखरेबाज़	Adj
picnic	वनभोज; लघुयात्रा; पिकनिक	N
pictorial	सचित्र; चित्रमय; सजीव	Adj
picture	चित्र; फ़ोटो; सिनेमा या टेलिविज़न का पर्दा; फ़िल्म; वर्णन; मानसिक चित्र; मनोहर वस्तु	N
picture	कल्पना करना; चित्रित करना; चित्र द्वारा प्रदर्शित करना	V
picturesque	सुरम्य; सुन्दर; सजीव	Adj
piddle	पेशाब करना	V
piddling	महत्त्वहीन; नगण्य	Adj
pidgin	मिश्रित भाषा	N
pie	कचौडी	N
pie eyed	शराबी	Adj
piebald	चितकबरा	Adj
piece	टुकडा; एक सेट में से पृथक; खण्ड	N
piece work	उज़रती काम	N
piece	जोडना; जोडकर बना लेना	V
piece de resistance	मौलिक एवं महत्त्वपूर्ण रचना	N
piecemeal	थोडा-थोडा करके	Adv
pied	रंगबिरंगा	Adj
pied-a-terre	एकऔरछोटा-सा घर	N
pier	सेतुबन्ध; बाँध; स्तंभ	N
pierce	छेदित करना; चुभाना; प्रभावित करना	V
piercing	तीव्र	Adj
pierrot	भाँड	N
piety	धर्मपरायणता	N
piffle	बकवास	N
piffling	महत्त्वहीन बात	Adj
pig	सुअर; लालची; व्यर्थ और नीरस कार्य	N
????	बहुत खाना	V
piggery	बाडा	N
piggy	सुअर{तोतलीभाषामें}	N
piggy	सुअर के जैसा	Adj
piggy bank	गुल्लक	N
pigeon	कबूतर	N
piggy back	पीठपरलदकेचलना	N
pigheaded	जिद्दी; हठी	Adj
piglet	घेंटा	N
pigment	रंगद्रव्य; वर्णक	N
pigmentation	वर्णकता; रंजकता	N
pigskin	सुअर की खाल से बना चमडा	N
pigsty	सुअर-बाड	N
pigtail	छोटी चोटी	N
pike	एक विशाल मछली जिसके दाँत बडे तेज़ होते हैं; भाला; किसी पहाड की नुकीली चोटी	N
pikestaff	सीधा-साधा	N
pilaf	पुलाव	N
pilaster	भित्ती स्तम्भ	N
pilchard	एक छोटी समुद्री मछली	N
pile	ढेर; बहुत सारा; इमारतों का समूह; खूँटा; मखमल	N
pile	ढेर लगना	V
pile up	दुर्घटना जिसमें बहुत सारी गाडियाँ शामिल हो	N
pilfer	चुराना	V
pilgrim	तीर्थयात्री	N
pilgrimage	तीर्थयात्रा	N
pill	गोली; गर्भनिरोधक गोली	N
pillage	लूटमार	N
pillage	लूटना	V
pillar	खम्भा; स्तम्भ; खम्भा जैसा; मुख्य व्यक्ति; प्रधान व्यक्ति	N
pillar box	पोस्ट बाक्स; कवच कोठरी	N
pillion	पिछली सीट	N
pillory	सार्वजनिकरूपसेदंडितकरना	V
pillow	तकिया	N
pillow	सहारा देना	V
pillowcase	ग़िलाफ़	N
pilot	विमान चालक; जहाज़रान	N
pilot	प्रायोगिक	Adj
pilot	चलाना; प्रयोग करना	V
pimps	वेश्याओंकेदलाल	N
pimento	लाल गोल मिर्च	N
pimple	मुँहासा	N
pimply	फुंसीदार; मुहाँसो वाला	Adj
pin	आलपीन; सुई की नोक; खूँटी; पैर	N
pin money	जेब-खर्च	N
pins and needles	चुभता हुआ दर्द	N
pin	पिन लगाना	V
pin up	बडेचित्र	N
pin	निजी पहचान का अंक	Abbr:Personal Identification Number
pinafore	बच्चों के कपडों के ऊपर का कपडा	N
pinball	पिनबाल{एक प्रकार का खेल}	N
pince-nez	नाक पकड चश्मा	N
pincer	चिमटी; सँडसी	N
pincer movement	दोहरा आक्रमण	N
pinch	चिकोटी काटना; चाँपना; चोरी करना	V
pinch	चिकोटी; चुटकी भर	N
pincushion	पिनगद्दी; पिनकुशन	N
pine	चीड का पेड; देवदारु	N
pine	मुरझाना; गलना	V
pine apple	अनन्नास	N
ping	सनसनाहट	N
ping	सनसनाना	V
ping pong	पिंगपोंग	N
pinion	जकडना; बाँधना	V
pink	गुलाबी रंग का; बहुतअच्छा	Adj
pink	गुलाबी रंग; गुलाबी कपडे; गुलाबी फूल	N
the pink	पूर्ण स्वस्थ	N
pinkish	थोडा गुलाबी	Adj
pink-gin	विशेष सुरा	N
pink	शोर करना	V
pinkie	सबसे छोटी अंगुली; कनिष्टिका	N
pinking shears	आरीदार फलों वाली कैंची	N
pinnacle	सिखर	N
pinny	बच्चों के कपडों के ऊपर का कपडा	N
pinpoint	सूच्यग्र; सूई की नोक	N
pinpoint	सही	Adj
pinstripe	कपडे पर छपी सफेद धारी	N
pint	द्रव्य का एक माप; द्रव्य का दूसरा माप	N
pint sized	बहुत छोटा	Adj
pioneer	अग्रगामी; पथप्रदर्शक; प्रथम बसने वाला	N
pioneer	मार्ग प्रशस्त करना	V
pioneering	मार्गप्रशस्तकरनेवाला	Adj
pious	धर्मनिष्ठ	Adj
pip	नज़दीकी से हराना	V
pip	बीज; ध्वनि संकेत	N
pipe	नलिका; चिलम; पैप; बाँसुरी	N
pipe	नल से ले जाना; चहकना	V
piped music	बराबरबजनेवालासंगीत	N
pipe dream	असंभव	N
pipe line	नल-तन्त्र	N
piper	वेणु वादक	N
pipette	पिपेट; नल्लिका	N
pipe work	पाइपलाइन	N
piping	विशेष‘नापकापाइप; गोट	N
piping	सीटीजैसा	Adj
piping hot	खदबदाता हुआ	IDM
pipit	चचरी	N
pippin	सेब	N
pipsqueak	महत्वहीनव्यक्ति	N
piquant	मसालेदार; चरपरा; दिलचस्प	Adj
piquancy	चटपटापन	N
pique	ख़ीज	N
piqued	ख़िजायाहुआ	Adj
piracy	समुद्र की डकैती; साहित्यिक चोरी	N
piranha	पिराना{मछली}	N
pirate	समुद्री डाकू; साहित्यिक चोर; रास्तेसेचुरालेनेवाले	N
piratical	चोर के जैसा	Adj
pirouette	घिरनी खाना	N
pisces	मीन{राशि}	N
piscean	मीन राशि में पैदा होने वाला मनुष्य	N
piss	मूतना; पेशाब करना	V
piss	मूत्र; पेशाब	N
pissed	पिया हुआ	Adj
piss up	वह पर्व जब अधिक मात्रा में शराब पी जाती है	N
pistachio	पिस्ता	N
piste	स्कीयिंग के लिए बर्फ़ीला रास्ता	N
pistol	पिस्तौल; तमंचा	N
hold a pistol to sb's head	जबरदस्ती किसी से कोई काम करवाना	IDM
piston	पिस्टन; मुसली	N
pit	गहरा गढ्ढा; कोयले की खान	N
the pit of the/one's stomach	पेट का तला{जहाँ डर आदि महसूस किया जाता है}	IDM
pit	गड्ढे बनाना	V
pit head	कोयले की खान का मुँह	N
pit	बीज निकालना	V
pit a pat	धक-पक	Adv
pit a pat	धकधकी	N
pitch	खेल के लिए स्थान; तारत्व; सुर; स्वर; ऊँचाई; फ़ेंक; क्षेपण; उचनिचाव	N
pitch	स्थिर करना; लगाना; फ़ेंकना; टप्पाखाना; गिरना{धडाम से}; डूबना-उतराना; डेरा डालना	V
pitched	झुकाहुआ	Adj
pitched battle	जमी हुअई लडाई; तैयार सेना के साथ लडाई	N
pitch	डामर; अलकतरा	N
pitch black	कालाकलूटा	Adj
pitch dark	बिलकुल अँधेरा	Adj
pitcher	घडा; घडे आदि में गीले पदार्थ की मात्रा; पिचर{खेलमें}	N
pitchfork	जेली; जंदरा	N
piteous	दयनीय	Adj
pitfall	छिपी हुई दिक्कत	N
pith	मज्जा; गूदा; सारांश	N
pithy	सारगर्भित	Adj
pitiable	दयनीय	Adj
pitiful	दयनीय	Adj
pitifully	दयनीयढंगसे	Adv
pitiless	निर्दय	Adj
piton	?	N
pitta	नौरंग	N
pittance	अल्पवृत्ति; अल्पांश	N
pity	दया; खैद का विषय	N
pivot	केन्द्र बिन्दु; महत्वपूर्ण व्यक्ति	N
pivotal	प्रधान	Adj
pixel	कम्प्यूटर पर प्रकट होने वाले शब्दबिन्दु	N
pixie	अप्सरा; एक छोटी परी	N
pizza	पिज्जा{इटालियन खाद्य सामग्री}	N
pizzeria	पिज़्ज़ा के लिए विशेष भोजनालय	N
pizzicato	?	Adj
pkt	बण्डल	Abbr:packet
pl	बहुवचन	Abbr:plural
placard	विज्ञापन	N
placate	शांत करना	V
place	स्थान; जगह	N
place mat	मेज़ की चटाई	N
place name	किसी जगह का नाम	N
place setting	भोजन सामग्री	N
place	रख देना; पहचानना; जारी रखना; नौकरी देना	V
placed	पाया हुआ	Adj
placement	नियोजन	N
placing	स्थान	N
placebo	प्रयोगिक औषध	N
placenta	खेडी	N
placid	सौम्य	Adj
plagiarize	साहित्यिक चोरी करना	V
plagiarism	साहित्यिक चोरी	N
plague	महामारी	N
plaice	एक प्रकार की समुद्र मछली	N
plaid	पट्टू	N
plain	स्फष्टतया	Adv
plainly	स्पष्ट रूप से	Adv
plain chocolate	साधारण चोकलेट	N
plain flour	साधारण आटा	N
plain	समतल भूमी	N
plain song	समस्वर संगीत	N
plaintiff	मुद्दई	N
plaintive	दुःखपूर्ण	Adj
plait	चुनन	N
plan	योजना; मापचित्र	N
plane	हवाई-जहाज़; तल; रन्दा; चनार	N
planetary	ग्रह संबन्धी	Adj
plank	तख्ता; घोषणा पत्र	N
planking	तख्ता	N
plant	वनस्पति; संयन्त्र	N
plant	रोपना; बसाना	V
planter	बाग़ान मालिक	N
plaintain	केला जैसा फल	N
plantation	बगीचा	N
plaque	फलक; दाँत की मैल	N
plasma	प्लाविक	N
plaster	दीवार पर लगाने का मसाला	N
plaster cast	टूटी हुई हड्डी को जोडनेवाला	N
plasterboard	भवननिर्माण के लिए उपयोगी वस्तु	N
plaster work	सूखा हुआ पलस्तर	N
plastic	प्लास्टिक	N
plasticity	सुघट्यता	N
plastic arts	प्रतिमा या चित्र बनाने की कला	N
plastic explosive	प्लास्टिक विस्फोटक पदार्थ	N
plastic surgeon	प्लास्टिक सर्जन	N
plastic surgery	प्लास्टिक सरजरी	N
plasticine	चिकनी मिट्टी जैसा पदार्थ	N
plate	प्लेट; सोने चाँदी के बरतन; चद्दर; चित्र	N
plateful	प्लेट भर	N
plate glass	मोटे चद्दरवाला गिलास	N
plate rack	प्लैट रखने की ढाँचा	N
plate tectonics	?	N
plate	मुलम्मा लगाना	V
plating	चद्दर	N
plateau	पठार	N
platelayer	पटरिओं का मरम्मत करनेवाला	N
platelet	बिंबाणु	N
platinum	प्लैटिनम्	N
platitude	सामान्योक्ति	N
platonic	अफ़लातूनी	Adj
platoon	पलटन	N
platter	कठौती	N
platypus	बत्तक जैसा ज़ानवर	N
plaudit	साधुवाद	N
play	खेलना	V
play along	खेलने के लिए सहमत होना	V
play at with./being	निरुत्साह से करना	V
play back	पर्देकेपीछेसेगाना	V
play down	कम महत्त्व देना	V
paly in/out	संगीत से खेलना	V
play off against	अप्ने लाभ के लिए मुक़ाबला करवाना	V
play on	खेलते रहना	V
play out	?	V
play up	सताना	V
play	खेल; नाटक; गुंजाइश; गतिविधि	N
play with	सोचना	V
playback	प्रतिश्रवण	N
played out	पुराना	Adj
play off	मुकाबला	N
play acting	अभिनय	N
play pen	खटोला{चारोंओरसेबन्द}	N
play room	खेलने का कमरा	N
player	खिलाडी; वादक; अभिनेता	N
playful	विनोदशील	Adj
playfully	प्रसन्नता से	Adv
playground	खेलने का मैदान	N
play house	नाट्यशाला; खेलने का घर	N
playing card	ताश	N
playing field	खेल का मैदान	N
play mate	सखा	N
plaything	खिलौना	N
playtime	विराम समय	N
playwright	नाटककार	N
plea	निवेदन; तर्क	N
plead	याचनाकरना	V
pleadingly	निवेदित रूप से	Adv
pleasant	मनोहर	Adj
pleasantly	सुख पूर्वक	Adv
pleasantry	दिल्लगी	N
pleasurable	आनन्ददायक	Adj
pleasure	आनन्द	N
pleasure boat	छोटा नाव	N
pleat	चुनन	N
plebian	निम्नवर्गीय	Adj
pledge	प्रतिज्ञा	N
pledge	प्रतिज्ञाकर[हो]	V
plenary	परिपूर्ण	Adj
plenteous	बहुतेरा	Adj
plentiful	बहुतेरा	Adj
plentifully	बहुत ज्यादा	Adv
plenty	पर्याप्ति	Pron
plenty	पर्याप्ति	N
plenty	अधिक मात्रा में	Adv
plethora	आधिक्य	N
pleurisy	फुप्फुसावरण शोध	N
plexus	जालक	N
pliable	आनम्य	Adj
pliant	लचीला	Adj
pliers	चिमटा	N
plight	गंभीर स्थिति	N
plight	प्रतिज्ञा करना	V
plimsoll	किरमिच का जूता	N
plinth	स्तम्भ की नीचे की चौंकी	N
plod	परिश्रम से चलना	V
plodder	परिश्रम से करनेवाला	N
plodding	परिश्रमी	Adj
plunk	झनकने की आवाज़; सस्ती शराब	N
plop	छपाक	N
plop	छपाक की ध्वनि करना	V
plosive	स्पर्शध्वन्यात्मक{ध्वनिविज्ञान}	Adj
plosive	स्पर्शध्वनि{ध्वनिविज्ञान}	N
plot	भूभाग; कथानक; कुचक्र	N
plot	रूप रेखा बनाना; षड्यंत्र रचना	V
plough	हल; सप्तर्षिमण्डल	N
plough	जोतना	V
ploughman	हलवाहा	N
ploughman's lunch	मद्यशाला में पायेजानेवाला भोजन	N
plough share	हल की धार	N
plover	टिटिहरी	N
ploy	व्यूह	N
pluck	तोडना; ओचना; खींचना; बचाना	V
pluck	साहस	N
plucky	वीर	Adj
plug	डाट लगाना; दोहराई से कहना; मारना	V
plug	प्लग; अनुकूल प्रचार	N
plug hole	डाट का सुराख	N
plum	बेर का फल; लाभदायक	N
plum pudding	बेर से बनी हुई खाद्य पदार्थ	N
plumage	पक्षति	N
plumb	गहराई में जानना	V
plumb	ठीक	Adv
plumber	नलसाज़	N
plumbing	नलसाज़ी	N
plumb line	साहुल सूत्र	N
plume	पर; पर से बनाया हुआ आभरण	N
plumed	पर से आभूषित	Adj
plummet	साहुल	N
plummet	तेज़ी से गिरना	V
plummy	बेर के समान; गंभीर	Adj
plump	गोलमटोल	Adj
plump	फुलाना	V
plunder	लूटना	V
plunder	लूटमार	N
plunge	फँसाना; गोता लगाना	V
plunge	झपट; डुबकी	N
plunger	?	N
pluperferct	पूर्णभूत काल	Adj
plural	बहुवचन	N
pluralism	अनेकत्व; अनेकवृत्तिभोग	N
plurality	बहु संख्या	N
plus	मिलाकर	Prep
plush	तूल या रेश्म का कपडा	N
pluto	सूर्य का नवाँ ग्रह	N
plutocracy	धनिक तन्त्र	N
plutonium	कृत्रिम रेडियोधर्मी तत्व	N
ply	मोटाई{कपडेयालकडीकी}	N
ply	आना-जाना	V
plywood	प्लाईवुड; परती लकडी	N
pm	प्रधान मंत्री	Abbr:Prime Minister
pmt	पूर्व मासिक धर्म की बेचैनी	Abbr:premenstrual tension
pneumatic	वायु से भरा हुआ	Adj
pneumonia	न्यूमोनिया	N
po	डाक घर की आदेशपत्र	Abbr:Postal Order
po	डाक घर	Abbr:Post Ofiice
poach	गरम पानी में तलना	N
poach	अनधिकार	V
poacher	शिकारचोर	N
pocked	फुंनसी छाला	Adj
pocket	जेब	N
pocket	जेब में रखना	V
pocketful	जेबभर	N
pocket knife	जेब में रखनेवाला चाकू	N
pocket money	जेब खर्च	N
pocket book	नोट बुक; बटुआ	N
pock mark	चेचकरू	N
pod	फली	N
podgy	छोटा और मोटा	Adj
podiatry	पादचिकित्सा	N
podium	मंच	N
poem	कविता	N
poet	कवि	N
poetic	काव्यात्मक	Adj
poetry	काव्य	N
po-faced	गंभीर भाववाला	Adj
pogo stick	एक प्रकार का खिलौना	N
pogrom	सामूहिक हत्या	N
poignant	हृदय विदारक	Adj
poinsettia	एक उष्णकटि संबन्धी पौधा	N
point	नोक; अनी; बिन्दु; द्विग्बिंदु; स्थल; अंस; सारांश; विशेषता; विद्युत् साँकेट; पटरियाँ	N
point	इशारा करना; निशाना बाँधना; लक्ष्य करना; की ओर होना; महत्त्व देना; टीप करना	V
pointed	नुकीला; सुस्पष्ट	Adj
pointedly	लक्ष्यकरतेहुए	Adv
pointing	टीपटाप; टिपकारी	N
point blank	अत्यन्त निकट से; सीधा	Adj
pointer	निर्देशक; सङ्केतक; सूचक; निर्देशदण्ड; सलाह; भविष्य की प्रगति को दर्शानेवाली वस्तु; शिकारी कुत्ता	N
pointillism	बिन्दु चित्रण	N
pointless	निरर्थक; व्यर्थ	N
poise	संतुलित करना	V
poise	संतुलन	N
poised	संतुलित; तैयार; संयमी	Adj
poison	विष; दूषित आहार	N
poison	विष देना; दूषित कर देना; बिगाडना	V
poisoner	विषदायी; विषघातक	N
poisoning	विषाक्तीकरण	N
poisonous	विषैला	Adj
poison pen letter	धमकीभरापत्र	N
poke	ढकेलना; छेद बनाना; चुभोना	V
poker	कुरेदनी; ताश का खेल	N
poker face	भावहीनचेहरा	N
poky	ज़रा सा जगह	Adj
polar	ध्रुवीय; विपरीत	Adj
polarity	एक साथ विरोधी वृत्तियाँ; विचारों में भिन्नता	N
polarize	ध्रुवीकरण; एक ही दिशा में लहरें जगाना; दो गुटों में बाँटना	V
polaroid	धूपकीतीव्रताकमकरनेवालाआवरण; कैमरा जो तुरन्त फोटो दें; फोटो जो तुरन्त फोटों देने वाले कैमरे से खींचा गया है	N
pole	खम्बा; ध्रुव	N
pole axe	फरसे से काटना	V
pole position	काररेसकेप्रारम्भमेंपहलास्थान	N
pole vaulting	लग्गा कूद	N
polemic	विवाद	N
police	पुलीस	N
policeman	सिपाही	N
policy	नीति; शासन की चाल; बीमा-पत्र	N
polish	चमकाना; परिष्कृत होना; संवारा जाना	V
polite	नम्र; सभ्य	Adj
political	राजनैतिक	Adj
politician	राजनीतिज्ञ	N
politics	राजनीति; राजनीति शास्त्र	N
polity	राज्य व्यवस्था; राजतन्त्र	N
polka	पूरवी यूरोप का एक ज़िन्दादिल नृत्य	N
poll	वोट प्राप्त करना; मतग्रहण करना	V
pollard	ठूँठ	N
pollen	पराग	N
pollinate	पराग सीचना	V
pollute	अपवित्र करना	V
polo	चौगान	N
poltergeist	भूत	N
polyandry	बहुपतित्व	N
polygamy	बहुविवाह	N
polyglot	बहुभाषी	Adj
polygon	बहुभुजी	N
polymer	बहुलक	N
polymorphous	बहुरूपी	Adj
polyphony	बहुस्वरता; विविध स्वर सङ्गति	N
polyphonic	बहुस्वर	Adj
polypropylene	मज़बूतकिस्मकाप्लास्टिक	N
polystyrene	हल्केप्लास्टिककाप्रकार	N
polysyllable	अनेकाक्षरशब्द	N
polytechnic	बहुशिल्प विज्ञान	N
polytheism	बहुदेववाद	N
polytheistic	बहुदेववादी	Adj
polythene	पालिथीन	N
polyurethane	रंगोकेलियेप्रयुक्तहोनेवालाप्लास्टिक	N
pomander	गुलाबदानी	N
pomegranate	अनार	N
pommel	मूठ	N
pommy	अंग्रेज	N
pomp	शान; धूमधाम	N
pom-pom	फुंदना	N
pompous	शानदार	Adj
pomposity	आडम्बर	N
pompously	आडम्बर से	Adv
ponce	वैश्याकीकमाईपररहनेवालापुरुष	N
ponce about	व्यर्थसमयगँवाना	V
poncho	एक प्रकार की घडी	N
pond	तालाब	N
ponder	सोचना; मनन करना; चिन्तन करना	V
ponderous	भद्दा; नीरस	Adj
ponderously	भद्देढंगसे	Adv
pong	दुर्गंध	N
pontiff	धर्माध्यक्ष	N
pontifical	धर्माध्यक्षीय	Adj
pontificate	धर्माचार्यकीतरहबातेंकरना	V
pontoon	एक प्रकार का ताश का खेल; नावपुल	N
pony	टट्टू; याबू	N
pooch	कुत्ता	N
poodle	पूडल{कुत्तेकीएकजाति}	N
pooh	ओफ; ओह	Interj
pooh-pooh	तिरस्कार करना	V
pool	पोखरा; तैरने का तालाब	N
pool	इकट्ठा करना	V
poolside	तालाब आदि का किनारा	N
poop	पिछाडी	N
poor	दीन; दरिद्र; अल्प; खराब; अभागा; बेचारा	N
the poor	गरीब	N
poorly	लस्टमपस्टम	Adv
poorly	अस्वस्थ	Adj
pop	तडाका; फट; शराब रहित झागदार पेय; पाप संगीत; पॉप{पिता के लिए संबोधन}	N
pop	तडकना; पटक देना	V
pop art	एक प्रकार की संगीत कला	N
pop festival	संगीत महोत्सव	N
pop across	सहसा आना	V
pop into	जल्दी से रखना	V
pop in	जल्दी से देना	V
pop off	मर जाना	V
pop up	अचानक नज़र आना	V
pop	जनसंख्या	Abbr:population
popadum	पापड	N
pop corn	लावा; फुटेहरा	N
pope	परमधर्माध्यक्ष	N
pop gun	तुफ़ंग	N
poplar	पहाडी पीपल	N
poplin	पॉपलीन	N
poppadam	पापड	N
poppy	पोस्ता; पोस्त	N
populace	जन साधारण	N
popular	लोकप्रिय; जनप्रिय; लोक-; जन-	N
popularly	आम तौर से	Adv
popular front	जनमोरचा	N
popularity	लोकप्रियता	N
popularise	लोकप्रिय बनाना; लोकसुलभ बनाना	V
populate	बसना; बस जाना	V
population	आबादी; जन समुदाय	N
population centre	अधिक जनसंख्या का स्थान	N
population explosion	जनसंख्या में एका-एक वृद्धि	N
populism	लोकवाद	N
populous	घनी आबादीवाला; जनाकीर्ण	Adj
porcelain	चीनी मिट्टी के बरतन	N
porch	ड्योढी; द्वारमण्डप	N
porcupine	साही	N
pore	छोटा छेद	N
pore	परिशीलन करना	V
pork	सुअर का गोश्त	N
pork barrel	वोट्सप्राप्तकरनेकेलियेसरकारीधनकोस्थानीयकार्योंमेंखर्चकरना	N
pork pie	पोर्कपाइ	N
porn	अश्लील साहित्य	N
porno	अश्लील	Adj
pornography	अश्लील साहित्य	N
pornographer	अश्लील लेखक या चित्रकार	N
pornographic	अश्लील	Adj
porous	छीद्रिल; छोटे छेदों वाला	Adj
porosity	छिद्रिलता	N
porpoise	सूँस; शिंशुक; चुल्लकी	N
porridge	दलिया; रबडी	N
port	पत्तन; वामपार्श्व; तेज़ लाल शराब	N
portable	सुवाह्य	Adj
portability	सुवाह्यता	N
portable	वाह्य	N
portal	प्रवेशद्वार; सिंहद्वार	N
portcullis	उठाऊ; फाटक	N
portend	पूर्वाभास या पूर्वसूचना देना	V
portent	अपशकुन	N
portentous	अमङ्गल सूचक; चमत्कारी	Adj
portenously	खराब तरीके से	Adv
porter	क़ुली; द्वारपाल; पल्लेदार	N
portfolio	फाइल; पत्राधान; विभाग	N
porthole	मूका	N
portico	द्वारमण्डप; ड्योढी	N
portion	भाग; हिस्सा	N
portion	बाँट देना	V
portland stone	पीले रंग का पत्थर	N
portly	स्थूलकाय; मोटा	Adj
portmanteau word	मिश्र शब्द	N
portrait	रूपचित्र; शब्दचित्र	N
portraitist	चित्रकार	N
portaiture	रूपचित्र या शब्दचित्र बनाने की कला	N
portray	अभिनय करना; चित्रित करना	V
portrayal	चित्रण; अभिनय	N
pose	प्रस्तुत करना; चित्र के लिए खडा रहना या बैठना; का ढोंग रचना; दिखावा करना	V
pose	मुद्रा; छल-कपट	N
poser	समस्या; पहेली	N
poseur	ढोंगी	N
posh	फैशनेबुल	Adj
posit	मान लेना	V
position	स्थान; अवस्थिति; दृष्टिकोण; स्थिति; पद	N
position	रख देना	V
positional	स्थितीय	Adj
positive	सकारात्मक; निश्चयात्मक; पक्का; प्रभावयुक्त; सुनिश्चित; धनात्मक	Adj
positively	निश्चित रूप से; स्पष्ट रूप से	Adj
positive discrimination	सकारात्मक भेदभाव	N
positivism	प्रत्यक्षवाद	N
posse	दल; टुकडी	N
possess	का स्वामी या मालिक होना; से सम्पन्न होना; पर नियन्त्रण रखना	V
possessor	स्वामी	N
possession	स्वामित्व; सम्पत्ति; अधिकृत या अधीन क्षेत्र	N
possessive	स्वत्वबोधक; सम्बन्धवाचक	Adj
possessively	अधिकार सहित	Adv
possessiveness	स्वत्वबोधकता	N
possibility	संभावना	N
possible	संभव	Adj
possibly	संभवतः; संभवहोसकना	Adv
possum	पॉसम{एकपशु}	N
post	खंभा; स्थान; पद; डाक	N
post free	डाकभार-मुक्त	N
post paid	दत्त-डाकभार	N
post	चिपकाना; नियुक्त करना; डाक में डालना; डाक से भेजना	V
postage	डाक शुल्क	N
postal	डाकीय	Adj
postal code	पिन कोड	N
postal order	पोस्टल आर्डर	N
post box	पत्र पेटी; डाक-बाक्स	N
post card	पोस्ट कार्ड	N
post code	डाक कोड	N
post date	उत्तर दिनांकित करना	V
poster	विज्ञापन; इश्तहार	N
poste restante	न्यस्त डाक	N
posterior	उत्तरकालीन	Adj
posterity	उत्तरकालीनता	N
post graduate	स्नातकोत्तर	Adj
posthumous	मरणोत्तर; मरणोपरान्त प्रकाशीत	Adj
post industrial	मशीनीकरण के पश्चात	Adj
postman	डाकिया	N
post mark	मोहर; छाप	N
postmaster	डाकपाल	N
post modern	उत्तरआधुनिक	Adj
postmortem	शवपरीक्षा	N
postnatal	प्रसवोत्तर; जन्मोत्तर	Adj
postoperative	शल्यचिकित्सा के बाद	Adj
postpone	आगे बढाना	V
postprandial	भोजनोपरान्त	Adj
postscript	पश्चलेख	N
postulant	मानाहुआ	N
postulate	अभिधारणा करना	N
posture	मुद्रा; रुख	N
posture	दिखावाकरना	V
posturing	?	N
post war	युद्धोत्तर	Adj
posy	पुष्पगुच्छ	N
pot	बरतन; गमला; चायदानी	N
pot	गमले में लगाना; पिलाना; ?	V
potable	पेय; पीने योग्य	Adj
potash	पोटैश	N
potassium	पोटैशियम	N
potato	आलू	N
potent	प्रबल	Adj
potentate	अधिपति; राजा	N
potential	सामर्थ्य	Adj
potential	अन्तर्निहित शक्ति	N
potentiality	समर्थता	N
potentially	संभवतः	Adv
pot hole	गढ्ढा	N
pot holer	पत्थरोंमेंपड़ेगढ्ढोंकोढूँढनेवाला	N
pot-pourri	सूखीसुगंधितपत्तियोंकामिश्रण	N
potter	व्यर्थ घूमना	V
potter	कुम्हार	N
pottery	बरतन	N
potter's wheel	चाक	N
potty	मूर्ख; पागल	Adj
potty	पौटी{बच्चोंकेलियेशौच}	N
pouch	थैली; जेब	N
pouffe	गद्दी	N
poultice	लेप; पुलटिस	N
poultry	घरेलू पक्षी	N
pounce	झपटना; पंजा मारना	V
pound	पौण्ड{एक माप}	N
pound	मारना; धडकना	V
poundage	प्रति पौण्ड दस्तुरी	N
pounder	विशिष्टमात्रा	N
pounding	ध्वनि	N
pour	बहना; बहा देना; मूसलधार बरसना; प्रवाहितहोना	V
pout	मुँह फुलाना	V
poverty	गरीबी; कमी	N
poverty line	गरीबीरेखा	N
poverty stricken	अभावग्रस्त	Adj
pow	युद्ध बन्दी	Abbr:Prisoners of war
powder	चूर्ण	N
power	सामर्थ्य; शक्ति; क्षमता; अधिकार; सत्ता; प्रभावशाली; विद्युत् शक्ति; घात; ऊर्जा	N
power	समर्थहोना[बनाना]	V
powered	ऊर्जावान	Adj
power base	अधिकारक्षेत्र	N
power broker	सत्ताकेदलाल	N
power cut	बिजलीकटौती	N
power line	बिजलीलाइन	N
power of attorney	मुख़्तारनामा; मुख़्तारी अधिकारी	N
power point	बिजली का निश्चित स्थान	N
power sharing	अधिकारबाँट	N
power station	विद्युत् उत्पादन गृह	N
powerboat	रेसकीनौका	N
powerful	शक्तिशाली; प्रभावशाली	N
power house	बिजिली घर	N
powerless	शक्तिहीन	Adj
powerlessness	शक्तिहीनता	N
pox	चेचेक	N
practicable	उपयोगी	Adj
practical	व्यावहारिक; उपयोगी	Adj
practice	व्यवहार; अभ्यास; आदत; व्यवसाय	N
practise	अभ्यास करना	V
practitioner	व्यवसायी	N
pragmatic	व्यावहारिक	Adj
prairic	घास का मैदान; प्रशाद्वल	N
praise	प्रशंसा करना; स्तुति करना	V
praise	प्रशंसा; स्तुति	V
prance	कुदकते हुए चलना; घोडा कुदाना	V
prat	पागल व्यक्ति	N
prate	बकबक करना	V
prattle	बकबक करना	V
prawn	झींगा	N
pray	प्रार्थना करना; आशा करना	V
prayer	प्रार्थना	N
preach	प्रवचन देना	V
preamble	प्रस्तावना	N
pre-arranged	पूर्वायोजित	Adj
precarious	खतरनाक	Adj
pre-cast	पूर्वनिर्मित	Adj
precaution	पूर्वोपाय	N
precede	से पहले आना या घटित होना	V
precedence	पूर्ववर्तिता	N
precedent	पूर्विका; मिसाल	N
precept	नियम	N
precinct	अहाता; हद	N
precious	मूल्यवान; परमप्रिय	Adj
precipice	खड्डी चट्टान; खतरनाक स्थिति	N
precipitate	वेग से गिरना[गिरादेना]; प्रेरित करना	V
precipitation	पातन	N
precipitous	प्रपाती	Adj
precis	संक्षेप; सार	N
precise	यथातथ्य	Adj
precision	परिशुद्धता; यथार्थता	N
preclude	प्रतिबन्धित करना	V
precocious	अकाल प्रौढ	Adj
pre-conceived	पूर्वकल्पित	Adj
preconception	पूर्वकल्पना	N
precondition	पूर्वशर्त	N
pre-cursor	पूर्वगामी	N
predate	से पहले घटित होना	V
predator	शिकारी पशु; परभक्षी	N
predatory	लूटेरा	Adj
predecease	पहले मर जाना	V
predecessor	पूर्व अधिकारी; पूर्ववर्ती	N
predestination	पूर्वनियति	N
predestined	पहले से निश्चित हुआ	Adj
predetermine	पूर्वनिश्चय करना	V
predicament	दुर्दशा	N
predicate	विधेय	N
predicate	निश्चयपूर्वक कहना	V
predicative	विधेयात्मक	Adj
predict	भविष्य बतलाना	V
prediction	भविष्य कथन	N
predispose	पहले से प्रवृत्त या प्रवण करना	V
predominant	सर्वाधिक; प्रबल	Adj
predominate	प्रबल होना; सर्वाधिक होना	V
pre-eminent	सर्वोत्तम	Adj
pre-empt	अवरोध करना; रोकना; बदल देना	V
preen	बनना-ठनना; सवाँरना	V
predeterminer	पूर्वनिर्धारित शब्द	N
pre-exist	पहले से होना	V
pre-existence	प्रागभाव	N
pre-existent	पूर्ववर्ती	Adj
prefabricated	पूर्वनिर्मित	Adj
preface	प्राक्कथन	N
preface	आमुख लिखना; _रारंभ होना या करना	V
prefatory	प्रारंभिक	Adj
prefect	प्रधान	N
prefecture	प्रशासक प्रान्त	N
prefer	पसन्द करना	V
preferable	बेहतर	Adj
preferably	अधिमानता	Adj
preference	वरीयता; पसंद	N
preference shares	अधिमानी शेयर	N
preferential	अधिमान्य	Adj
preferment	तरक्की	N
prefigure	पूर्वकल्पना करना	V
prefix	उपसर्ग; पूर्व प्रत्यय	N
prefix	शुरू या प्रारंभ में लगाना	V
pregnant	गर्भवती	Adj
pregnancy	गर्भावस्था	N
preheat	चुल्हा को गरम करना	V
prehensile	परिग्राही	Adj
prehistoric	प्रागैतिहासिक	Adj
prehistory	प्रागितिहास	N
prejudge	पूर्वनिर्णय	V
prejudice	पूर्वाग्रह	N
prejudiced	पूर्वाग्राही	Adj
prejudicial	हानिकर	Adj
prelate	धर्माधिकारी	N
preliminary	प्रारंभिक	Adj
preliminary	प्रारंभिक तैयारी	N
prelude	पूर्वरंग; मंगलाचरण	N
premarital	विवाह से पूर्व	Adj
premature	असामयिक	Adj
premeditated	पूर्वविमर्शित	Adj
premeditation	पूर्वचिन्तन	N
pre-menstrual	मासिकधर्मसेपूर्व	Adj
premier	प्रधान	Adj
premier	प्रधान मंत्री	N
premiere	प्रथम प्रदर्शन	N
premise	आधार-वाक्य	N
premises	अहाता; भवन	N
premium	बीमा-किस्त; लाभांश	N
premium	अधिमूल्य	Adj
premonition	पूर्वसूचना	N
premonitory	पूर्वसूचक	Adj
prenatal	जन्मपूर्व	Adj
preoccupation	चिन्ता; ध्यानमग्नता	N
preoccupy	पूर्वरूपेण ध्यान आकर्षित करना	V
preordain	पूर्व-निर्धारण	V
prep	गृहकार्य	N
pre-pack	बेचने को तैयार रखना	V
prepaid	पूर्वप्रदत्त	Adj
preparation	तैयारी; पाक	N
preparatory	प्रारंभिक	Adj
prepare	तैयार करना	V
prepayment	अदायगी	N
preponderant	प्रभावी	Adj
preposition	पूर्वसर्ग	N
prepossessing	आकर्षक	Adj
preposterous	असंगत	Adj
pre-raphaelite	?	V
pre-record	दिखाना; लिखना	V
prerequisite	पूर्वापेक्षा	N
prerogative	विशेष अधिकार	N
pres	राष्ट्रपति	Abbr:President
presage	पूर्वसूचना देना; पूर्वबोध होना	V
presbyterian	पुरोहिताश्रम से संबन्धित	Adj
presbytery	पुरोहिताश्रम	N
pre-school	विद्याभ्यास के पूर्व	Adj
prescient	पूर्वज्ञानी	Adj
prescribe	निर्धारित करना	V
prescription	आदेश; निर्धारण	N
prescriptive	आदेशात्मक; निर्देशात्मक; रूढिगत	Adj
presence	उपस्थिति; व्यक्तित्व	N
present	उपस्थित; वर्तमान	Adj
present	वर्तमानकाल; उपहार	N
present	देना{उपहार}; दिखाना; प्रस्तुत करना	V
presentable	सामने आने योग्य	Adj
persentation	प्रस्तुतीकरण; उपहार; प्रस्तुति	N
presentiment	पूर्वाभास	N
presently	शीघ्र ही; संप्रति	Adv
preservation	परिरक्षित फल या सुरक्षित स्थान	N
preservative	संरक्षक	N
preservative	परिरक्षित	Adj
preserve	बनाए रखना	V
preserve	परिरक्षित फल	N
pre-set	तैयार रखना	V
preside	संचालन करना	V
presidency	अध्यक्षता	N
president	राष्ट्रपति; अध्यक्ष	N
presidium	स्थायी समिति	N
press	पत्रकारिता; छापाखाना; मुद्रण; निचोड़नेवाला; दबाव; भीड-भाड; अलमारी	N
press-conference	पत्रकार सम्मेलन	N
press box	पत्रकारों के लिए आरक्षित स्थान	N
press agent	प्रचार अभिकर्ता	N
press cutting	अखबार की कतरन	N
press gallery	पत्रकार कक्ष	N
press office	पत्रकारितादफ्तर	N
press officer	पत्रकारिता विभाग का अधिकारी	N
press release	प्रकाशनार्थ विज्ञप्ति	N
press	दबाना; निचोडना; दबाव डालना; घेर-लेना; इस्त्री करना	V
pressed	दबावमेंहोना[करना]	Adj
pressing	दबाव डालकर वस्तु बनाना	N
pressing	अत्यावश्यक	Adj
press-up	एक प्रकार का व्यायाम	N
pressure	दाब; दबाव	N
pressurise	दाबानुकूल	V
prestige	प्रतिष्ठा	N
presto	क्षिप्र	IDM
presumably	संभाव्यतः	Adv
presume	मान लेना; साहस करना	V
presumption	धारणा; दुःसाहस	N
presumptive	अनुमानित	Adv
presumptuous	धृष्ट; के लिये आवश्यक होना	Adj
presupposition	पूर्वमान्यता	N
pre-tax	क़र देने से पूर्व कुल आय	N
pretence	कपट	N
pretend	अभिनय करना	V
pretension	दावा	N
pretentious	दांभिक	Adj
preternatural	अति प्राकृत	Adj
pretext	बहाना	N
prettify	सँवारना	V
pretty	मनोहर	Adj
prettily	आकर्षक ढंग से	Adv
pretzel	कुर कुरे नमक़ीन बिस्कुट	N
prevail	प्रचलित होना; जीत लेना	V
pervalent	प्रचलन	Adj
prevaricate	छल_कपट करना	V
prevent	रोकना	V
prevention	रोकथाम	N
preventive	निवारक	Adj
preview	पूर्व दर्शन	N
previous	पूर्ववर्ती	Adj
pre-war	युद्ध पूर्व	Adj
prey	शिकार	N
prey	शिकार करन	V
price	मूल्य	N
price	मूल्य निर्धारित करना	V
priceless	अनमोल	Adj
pricey	महंगा	Adj
prick	छेदना; चुभाना	V
prick up	कान उठाना	V
prick	शिश्न; मूर्ख; छेद	N
prickle	काँटा	N
prickle	चुभाना	V
prickly	काँटेदार; झुनझुनी पैदा करने वाला	Adj
pride	अभिमान; आत्माभिमान; शेरों का समूह	N
pride	गर्व करना	V
priest	पुरोहित	N
priestly	पुरोहित संबन्धी	Adj
prig	दम्भी	N
priggish	दम्भी; आत्मसन्तुष्ट	Adj
prim	तकल्लुक-मिजाज़; औपचारिक	Adj
prima ballerina	रंगमंच की प्रसिद्ध नर्तकी	N
prima donna	प्रधान गायिका	N
primaeval	आदियुगीन	Adj
prima facie	प्रत्यक्षतः	Adj
primal	आदिम	Adj
primary	आद्य; मूल; प्राथमिक	Adj
primarily	मुख्यतः	Adj
primary	एक प्रकार का निर्वाचन	N
primary colour	लाल पीले नीले में से कोई एक रंग	N
primary education	प्राथमिक शिक्षा	N
primary health care	चिकित्सक द्वारा देने वाली चिकित्सा	N
primary school	प्रारम्भिक शिक्षा केन्द्र	N
primate	धर्माधिपति; नर वानर	N
prima	प्रधान; उत्कृष्ट	Adj
prime	चढती जवानी; बहार	N
prime	तैयार करना	V
primer	प्रवेशिका	N
primitive	प्राचीन	Adj
primogeniture	ज्य्त्ष्टाधिकार	N
primordial	प्रारम्भिक	Adj
primrose	बसंती गुलाब; फीका पीला रंग	N
primula	बसंती गुलाब	N
primus	एक छोटे प्रकार का कुकर	N
prince	राजकुमार; राजा	N
princely	राजसी	Adj
princess	राजकुमारी; राजपत्नी	N
principal	प्रमुख	Adj
principal	प्राचार्य; प्रधान	N
principally	मुख्यतया	Adj
principality	राज्य	N
principle	सिद्धान्त	N
principled	चरित्रवान	Adj
print	छपाई; निशान	N
print	छापना	V
printable	छापने योग्य	Adj
printer	मुद्रक	N
printing	छपाई	N
prior	पूर्ववर्ती	Adj
priority	प्रथमता	N
prise	बल से अलग करना	V
prism	आयता	N
prismatic	?	Adj
prison	कारागार	N
prisoner	बन्दी	N
prissy	?	Adj
pristine	आदिम	Adj
privacy	एकान्तता	N
private	व्यक्तिगत; साधारण; गोपनीय; ग़ैर सरकारी	Adj
privately	व्यक्तिगत रूप से	Adv
privateer	युद्धपोत	N
privation	अभाव	N
privatise	?	V
privet	एक तरह की झाड	N
privilege	प्राधिकार	N
privileged	विशेषाधिकृत	Adj
privy	गुप्त जानकारी के संबन्धित	Adj
privy	शौचगृह	N
privy council	सर्वोच्च न्यायालय	N
privy purse	राजभत्ता	N
prize	पुरस्कार	N
prize	मूल्यवान	Adj
prize	महत्त्व देना	V
prize-giving	पुरस्कार वितरण समारोह	N
prize-????????	मुक्केबाज़ी	N
pro and cons	पक्ष और विपक्ष	IDM
pro	पेशेवर	N
pro-am	खिलाडियों की खेल	N
pro-	के पक्ष में	Pref
proactive	?	Adj
probability	संभाव्यता; प्रायिकता{गणित}	N
probable	संभवित	Adj
probable	संभाव्य	N
probably	संभवतः	Adv
probate	प्रमाणित इच्छापत्र	N
probate	संप्रमाणित करना	V
probation	परख अवधि	N
probationary	परिवीक्षात्मक	Adj
probation officer	परिवीक्षा अधिकारी	N
probe	सलाई; तहक़ीकात	N
space probe	जाँच पडताल की विमान	N
probe	जाँच पडताल करना	V
probing	जाँच संबन्धी	Adj
probity	ईमानदारी	N
problem	समस्या	N
problematic	समस्यात्मक	Adj
problem child	समस्याप्रदसंतान	N
procedure	कार्यविधि	N
procedural	कार्यविधि संबन्धी	Adj
proceed	आगे बढना	V
proceedings	कार्यवाही; कार्यक्रम; कार्यविवरण	N
proceeds	मुनाफ़ा	N
process	प्रक्रम; प्रक्रिया; विधि	N
process	संसाधित करना; अग्रेसर होना	V
processor	संसाधित करने का यन्त्र	N
procession	जलूस; शोभायात्रा	N
processional	प्रसरण संबन्धी	Adj
proclaim	घोषित करना; प्रमाणित करना	V
proclamation	घोषणा	N
proclivity	प्रवृत्ति	N
procrastinate	विलम्ब करना	V
procrastination	विलम्बन	N
procreate	प्रजनन करना	V
procreation	प्रजनन	N
proctor	अनुशासक	N
procurator fiscal	मुख़्तार	N
procure	प्राप्त करना; दलाली करना	V
procurement	उपलब्धि	N
prod	चुभाना; कींचना	V
prod	चुभन; कोंच	N
prodding	उकसाने की प्रक्रिया	N
prodigal	फ़ुजूलखर्ची	Adj
prodigality	फ़ुजूलखर्च	N
prodigious	आश्चर्यजनक	Adj
prodigiously	अपूर्वतासे	Adv
prodigy	विलक्षण प्रतिभा संपन्न व्यक्ति	N
produce	उत्पादन करना; रचना करना; परिस्थिति उत्पन्न करना; प्रस्तुत करना	V
produce	उपज	N
producer	उत्पादक; निर्माता	N
product	उत्पाद; परिणाम; गुणनफल	N
prodcution	उत्पाद	N
productive	उत्पादक	Adj
productivity	उत्पादकता	N
productivity	उत्पादकता	N
prof	आचार्य	Abbr:professor
profane	सांसारिक	Adj
profane	अनादर करना	V
profanity	ईश निन्दा	N
profess	दावा करना; खुले आम स्वीकार करना; धर्म को अपनाना	V
professed	आत्म घोषित	Adj
profession	पेशा; स्वीकरण	N
prefessional	व्यावसायिक	Adj
professionalism	व्यवसायिकता	N
professionally	व्यवसायिक ढ्Mग से	Adv
professor	प्राध्यापक	N
professorial	प्राध्यापकीय	Adj
proffer	देना	V
proficient	प्रवीण	Adj
proficiency	प्रवीणता	N
profile	पार्श्व चित्र; रूपरेखा	N
profit	मुनाफ़ा	N
profitless	लाभरहित	Adj
profit	लाभ उठाना	V
profitable	लाभदायक	Adj
profitability	लाभकारी	N
profitably	लाभदायकता से	Adv
profiteering	मुनाफ़ाखोरी	N
profiterole	क्रीम आदी से बनया हुआ मीठी रोटी	N
profligate	अपव्ययी	N
profiligacy	अपव्यय	Adj
proforma	उपचारार्थ	N
profound	गहरा	Adj
profoundly	नितान्त	Adv
profundity	गहराई	N
profuse	बहुल	Adj
profusely	बहुलता से	Adv
profusion	आधिक्य	N
progenitor	पूर्वज	N
progeny	सन्तान	N
progesterone	एक तरह की हार्मोन	N
prognosis	पूर्वानुमान	N
prognostication	भविष्यवाणी	N
program	योजना	N
program	योजना या प्रोग्रम बनाना	V
programme	कार्यक्रम	N
programme	कार्यक्रम बनाना	V
programmable	प्रोग्रामबनानेयोग्य	Adj
programmer	प्रोग्रम लिखने वाला	N
programming	प्रोग्रम लिखने का तरीका	N
progress	प्रगमन	N
progress	आगे बढना	V
progression	प्रगति	N
progressive	प्रगतिशील	Adj
progressive	प्रगतिशील	N
progressively	उत्तरोत्तर	Adv
prohibit	निषेध करना	V
prohibition	निषेध	N
prohibitive	निषेधात्मक	Adj
prohibitively	बहुतअधिक	Adv
project	योजना	N
project	परियोजना करना; फेंकना; डालना; बहिर्विष्ट होना	V
projectile	अस्त्र	N
projection	प्रक्षेप	N
projectionist	प्रक्षेपक; प्राजेक्षनिस्ट	N
projector	प्रक्षेपक	N
pro-lapse	भ्रंश	N
proletarian	श्रामिक	Adj
proletariat	मज़दूरवर्ग	N
proliferate	प्रचुर मात्रा में उत्पन्न होना या करना	V
proliferation	प्रचुरोद्भव	N
prolific	बहुफलदायक	Adj
prolifically	बहुफलदायकता से	Adv
prolix	अतिविस्तृत	Adj
prologue	प्रस्तावना	N
prolong	लम्बा करना	V
prolongation	लम्बाकरना	N
prom	सामूहिक नृत्य	N
promenade	विहारस्थल	N
prominent	प्रमुख; सुस्पष्ट; उदग्र	Adj
promiscuous	असंयमी	Adj
promise	प्रतिज्ञा; प्रत्याशा	N
promise	प्रतिज्ञा करना; विश्वास दिलाना	V
promo	प्रचारित हुआ	Adj
promontory	अन्तरीय	N
promote	पदोन्नति करना; प्रचार करना	V
promotion	पदोन्नति; प्रचार	N
prompt	तत्काल; उद्यत	Adj
prompt	प्रेरित करना	V
prompt	अनुबोधन	N
prompt	ठीक	Adv
promptly	तुरंत	Adv
promptness	अनुबोधन	N
prompter	अनुबोधन करनेवाला	N
prompting	अनुबोधन	N
promulgate	घोषित करना	V
prone	झुका हुआ; अधोमुख	Adj
prong	काँटा; शूल	N
pronomial	सर्वनाम सम्बन्धी	Adj
pronoun	सर्वनाम	N
pronounce	उच्चारण करना; निर्णय देना	V
pronto	जल्दी	Adv
pronunciation	उच्चारण की रीत	N
proof	प्रमाण; शोध्यपत्र	N
proof	परखाना	V
proof	अभेद्य	Adj
proof read	प्रूफ्-शोधन करना	V
prop	लकडी से बना आधार; आश्रय दाता	N
prop	टेक; सहारा	N
propaganda	अधिप्रचार	N
propagandist	अधिप्रचारक	N
propagandise	प्रचार करना	V
propagate	फैलाना	V
propagation	प्रचारण	N
propagator	प्रचारक	N
propane	रंग रहित जैसा	N
propel	नोदन करना	V
propellant	प्रणोदक	N
propeller	प्रेरक	N
propensity	झुकाव	N
proper	उचित	Adj
properly	उचित ढंग से	Adv
proper noun	व्यक्तिवाचक संज्ञा	N
property	सम्पत्ति	N
propertied classess	धनी	N
prophecy	भविष्यवाणी	N
prophesy	पहले से बता देना	V
prophetically	भविष्यवाणीकरतेहुए	Adv
prophet	पैगम्बर; नबी	N
prophetess	नबिया	N
prophylactic	रोगनिरोधी	Adj
prophylactic	रोगनिरोधक	N
propinquity	सामीप्य	N
propitiate	प्रसादित करना	V
propitious	अनुकूल	Adj
proponent	प्रस्तावक	N
proportion	अंश	N
proportional	समानुपाती	Adj
proportionate	आनुपातिक	Adj
propose	प्रस्ताव रखना या करना	V
proposition	प्रस्ताव; समस्या	N
propound	प्रस्तुत करना	V
proprietary	मालिकाना	N
propitiation	प्रायश्चित्त	N
propitiatory	प्रायश्चित्तिक	Adj
proportioned	समानुपातिक	Adj
proportionately	अनुपात में	Adv
proposition	प्रस्तावरखना[करना]	V
proprietor	स्वामी	N
proprietorial	proprietor से संबन्धित	Adj
propriety	मर्यादा	N
propulsion	प्रणोदन	N
propulsive	नोदक	Adj
pro-rata	समानानुपात	Adj
prosaic	नीरस	Adj
proscenium	रंगपीठ	N
proscribe	अभिनिषिद्ध करना	V
prose	गद्य	N
prosecute	अभियोग करना	V
prosecutor	अभियोक्ता	N
prosecution	अभियोग	N
proselytise	?	V
prosody	छन्द शास्त्र	N
prospect	संभावना	N
prospect	खोज़ना	V
prospector	पूर्वेक्षक	N
prospective	प्रत्याशित	Adj
prospectus	विवरण पुस्तक	N
prosper	सफल होना	V
prosperity	समृद्धि	N
prosperous	समृद्ध	Adj
prostate	प्राँस्टैट ग्रंथि	N
prosthetic	कृत्रिम	Adj
prosthesis	कृत्रिम	N
prostitute	वेश्या	N
prostitute	नीच काम में लगना	V
prostitution	वेश्या वृत्ति; दुरुपयोग	N
prostrate	गिरादेना	V
prostrate	दण्डवत किया हुआ	Adj
prostration	साष्टांग प्रणाम; श्रान्ति	N
prosy	नीरस	Adj
protagonist	नायक	N
protean	परिवर्तनशील	Adj
protect	रक्षा करना	V
protection	रक्षा	N
protectionist	सुरक्षावादी	N
protectionism	संरक्षणवाद	V
protective	संरक्षक	Adj
protectively	संरक्षात्मकता से	Adv
protectiveness	सुरक्षा	N
protector	रक्षक	N
protectorate	संरक्षित राज्य	N
protege	रक्षित	N
protein	प्रोटीन	N
pro-term	तात्कालिक	Adv
protest	विरोध करना	V
protest	विरोध	N
protester	विरोधक	N
protestant	प्रोटेस्टैन्ट	N
protestant	प्रोटेस्टैन्ट	Adj
protestation	विरोध	N
proto	आद्य	Adj
protocol	नयाचार; ?	N
proton	अणु का एक छोटा भाग	N
protoplasm	वनस्पति तथा प्राणियों के जीवन का आधार जीवद्रव्य	N
prototype	भूलरूप	N
protozoan	एक कण जीव	N
protracted	लम्बा	Adj
protractor	कोणमापक	N
protrude	बाहर निकला हुआ होना या निकालना	V
protrusion	बहिः सरण	N
protuberance	उभार	N
proud	गर्वित; ?	Adj
proud	शानदार	Adv
prove	सिद्ध करना	V
provable	साध्य	Adj
proven	सिद्ध हुआ	Adj
provenance	उद्गम	N
provender	चारा	N
proverb	कहावत	N
provide	देना	V
provider	प्रबन्धक	N
provided	बशर्ते कि	Conj
providence	परमात्मा का विधान	N
provident	दूरदर्शी	Adj
providential	सौभाग्यपूर्ण	Adj
province	प्रान्त; अधिकार क्षेत्र	N
provincial	प्रान्तीय; संकीर्ण	Adj
provincial	प्रान्तवासी	N
provincialism	प्रान्तीय	N
provision	प्रबन्ध; पूर्वोपाय; खाद्य सामग्री; धारा	N
provisional	अस्थायी	Adj
proviso	प्रतिबन्ध	N
provocation	उत्तेजना	N
provocative	उत्तेजक	Adj
provoke	क्रुद्ध करना	V
prow	मन्दान	N
prowess	कौशल	N
prowl	खोजते फ़िरना	V
proximate	समीपस्थ	Adj
proximity	सामीप्यता	N
proxy	प्रतिनिधि	N
prude	छद्म लज्जालु स्त्री	Adj
prudent	बुद्धिमत्तापूर्ण	Adj
prudence	बुद्धिमानी	N
prudently	बुद्धिमानी से	Adv
prune	आलूबुखारा	N
prune	काटना-छाँटना	V
pruning	काट-छाँट	N
prurient	कामुक	Adj
prurience	कामुकता	N
prussic acid	ज़हरीला पदार्थ	N
pry	ताक झाँक करना; तोडना	V
ps	पुनश्च; पोस्ट स्क्रिप्ट	Abbr:post script
psalm	भजन	N
psalmist	भजनकार	N
psalter	भजन संग्रह	N
psephology	चुनाव विश्लेषण	N
psephologist	चुनाव विश्लेषक	N
psephological	चुनाव विश्लेषण संबन्धी	Adj
pseud	दिखावटी; छद्म	N
pseud	दिखावटी	Adj
pseudo	नक़ली	Adj
pseudonym	कृतकनाम	N
pseudonymous	कृतकनामीय	Adj
psoriasis	छालरोग	N
psst	?	Interj
psych	प्रभावितकरना	V
psyche	मस्तिष्क	N
psychedelia	?	N
psychedelic	भ्रमित करने वाला	Adj
psychiatry	मनश्चिकित्सा	N
psychiatric	मनश्चिकित्सीय	Adj
psychiatrist	मनश्चिकित्सक	N
psychic	अतींद्रिय; आत्मिक या मानसिक	Adj
psycho	मनोरोगी	N
psychoanalysis	मनोविश्लेषण	N
psychoanalyst	मनोविश्लेषक	N
psychology	मनोविज्ञान	N
psychological	मनोवैज्ञानिक	Adj
psychologically	मनोवैज्ञानिक तरीके से	Adv
psychologist	मनोविज्ञानी	N
psychopath	मनोरोगी	N
psychopathic	मनोरोगमय	Adj
psychosis	मनोविक्षिप्ति	N
psychosomatic	मनोदैहिक	Adj
psychotherapy	मनश्चिकित्सा	N
psychotherapist	मनश्चिकित्सक	N
psychotic	मानसिक	Adj
psychotic	मानसिकरुग्णता	N
pt	शारीरिक अभ्यास	Abbr:physical training
pt	भाग	Abbr:part
pt	पोत	Abbr:port
pt	बिन्दु या अंक	Abbr:points
pt	पिंट	Abbr:pint
pta	पेरेंटटीचर्सएसोसिएशन	Abbr:Parents Teachers Association
pto	कृपया पन्ना उलटाइए	Abbr:please turn over
pub	मयखाना	N
puberty	यौवनारंभ	N
pubescent	तरुण	Adj
pubic	जघन	Adj
public	सार्वजनिक	Adj
public	जनता	N
publicty	खुलेआम	Adv
public relation	जनसम्पर्क	N
public school	पब्लिकस्कूल	N
public sector	राजकीय क्षेत्र	N
public spirit	लोकहितभाव	N
public utility	जनोपयोगी	N
public works	सार्वजनिक निर्माण	N
pubicican	शराबखाने का मालिक	N
publication	प्रकाशन; प्रख्यापन	N
publicist	अन्तरराष्ट्रीय विधिवेत्ता; पत्रकार	N
publicity	प्रचार	N
publicise	प्रचार करना	V
publish	प्रकाशित करना	V
publisher	प्रकाशक	N
publishing	प्रकाशन	N
publishing house	प्रकाशन संस्था	N
puce	बैंगनी; भूरा	Adj
puck	सपाटगेंद{आइसहॉकी}	N
pucker	सिलवरे पडना	V
puckish	नटखट; शरारती	Adj
pud	पुडिंग	N
pudding	पुडिंग; गोलगप्पा मुँह	N
pudding basin	पुडिंग पकानेवाला बर्तन	N
puddle	छोटा सा तालाब	N
pudenda	गुप्त भाग	N
pudgy	गोलमटोल	Adj
puerile	बालिश	Adj
puff	झकोरा; लच्छा; एक तरह का विशिष्ट पिष्टक; श्वसन	Adj
puffy	उभरा हुआ	Adj
puff-ball	फफूंद	N
puff pastry	एक प्रकार का पिष्टक	N
puff sleeve	फुली हुई आस्तीन	N
puff	फूँक-फूँककर निकालना; सिगरेट पीना; कशा या दम लगाना	V
puffed	फूलाहुआ	Adj
puffin	एक प्रकार की काली सफेद चिडिया	N
pug	पग	N
pugilist	बाज़; वह व्यक्ति जिसे लडना पसन्द हो	N
pugilism	मुक्केबाज़ी	N
pugnacious	झगडालू	Adj
pugnaciously	झगडालूपन से	Adj
pugnacity	कलह की इच्छा	N
puke	उलटी करना	V
pukka	यथार्थ	Adj
pull	खींचना; उखाडना; आकर्षित करना; आगे बढना; गैर कानूनी कार्य करना	V
pull in	गिरफ्तार करना; कमाना	PhrV
pull into	पहुँचना; रुकना	PhrV
pull off	रुकना; सफल हो जाना	PhrV
pull out	हटना; हटाना	PhrV
pull(sth) over	रुकना	PhrV
pull round	ठीक हो जाना	PhrV
pull (sb) through (sth)	मदद करना	PhrV
pull together	मिलकर काम करना	PhrV
pull oneself together	नियन्त्रित करना	PhrV
pull up	रुकना	PhrV
pull sb up	निन्दा करना	PhrV
pull in	भोजनालय	N
pull-out	किसी पत्रिका का अनुबन्ध; निकालने का कार्य	N
pull up	कसरत	N
pull	खिंचाई; दबाव; प्रभाव; कश; घ्zऊट; लंबी चडाई; हत्थी	N
pullet	घरेलू मुर्गी; पठोर	N
pulley	चरखी	N
pullman	एक विशेष प्रकार का रेल डिब्बा	N
pullover	जरसी	N
pulmonary	फुप्फुसीय	Adj
pulp	गूदा; लुगदी; उदासीन	N
pulpy	गूदेदार	Adj
pulpit	फ्रवचन मंच	N
pulsate	धडकना; फडकना; कम्पायमान होना	V
pulsation	स्पन्दन	N
pulse	नाडी स्पन्द; एक लगातार गाने की धुन; कोई कम्पित ध्वनि	N
pulverise	पीसना; विनष्ट करना	V
puma	बिल्ली परिवार का एक जानवर	N
pumice	झाँवाँ	N
pummel	थुकियाना	V
pump	पम्प; दमकल	N
pump	भरना; पानी निकालना	V
pump priming	सरकार की लग्गत	N
pump	एक तरह का हलके जूते	N
pumpkin	कद्दू	N
pun	श्लेष	N
punch	मुक्का	N
punch	मुक्का मारना; रोचकअंश	V
puncher	मुक्का मारनेवाला	N
punchy	गोलमटोल	Adj
punch drunk	उलझाया हुआ	N
punch line	फलश्रुति	N
punch	छेदना	V
punch up	लडाई	N
punch card	पंच कार्ड{ऐसा कार्ड जिस पर सूचना छेदित हो}	N
punch	एक विशेष प्रकार का शरबत	N
punch bowl	बरतन जिस में पंच पिलाया जाता है	N
punch and judy show	पुतलिओं का प्रदर्शन	N
punctual	समयनिष्ट	Adj
punctuate	बीच में रोकना	V
puncture	छिद्र	N
pundit	पण्डित	N
pungent	तीखा	Adj
punish	दण्ड देना	V
punitive	दण्डात्मक	Adj
punk	पंक	N
punsters	श्लेषवादी	N
punt	डोंगी; गेंद पर प्रहार; ऐर्लैण्ड की मुद्रा	N
puny	अदना	Adj
pup	पिल्ला	N
pupa	प्यूपा	N
pupil	छात्र; पुतली	N
puppet	पुतली	N
puppy	पिल्ला; धृष्ट	N
purchase	खरीद; पकड	N
purdah	परदा	N
pure	शुद्ध	Adj
puree	शोरबा	N
purgative	शोधक	N
purgatory	शोधन स्थान; कष्ट	N
purge	शुद्ध करना; निकालदेना	V
purify	शुद्ध करना	V
purist	शुद्धवादी	N
purity	विशुद्धता	N
purl	सोने का तार	N
purlieus	सीमा	N
purloin	चुराना	V
purple	बैंगनी	Adj
purport	दावा करना	V
purpose	प्रयोजन	N
purposeful	दृढ संकल्प	Adj
purposeless	निरुद्देश्य	Adj
purposely	जानबूझकर	Adv
purposive	सप्रयोजन	Adj
purr	घुरघुराना	V
purse	बटुआ	N
pursuance	अनुसरण	N
pursuant	अनुसारी	Adj
pursue	पीछा करना; आगे बढना; बढाना	V
pursuit	खोज	N
purulent	पीपदार	Adj
purvey	प्रबन्ध करना	V
purview	सीमा	N
pus	पीप	N
push	धक्का; अभियान	N
pushcart	ठेलागाडी	N
pushover	सरल समस्या	N
pusillanimous	भीरु	Adj
puss	बिल्ली	N
pussyfoot	सतर्कता से कहना	V
pustule	फुन्सी	N
put	रखना; महत्ता देना; व्यक्त करना; फेंकना	V
putative	ख्यात	Adj
putrefy	सडना; सडाना	V
putrescent	सडियल	Adj
putrid	भ्रष्ट	Adj
putsch	विद्रोह	N
putt	गेंद पर प्रहार देना	V
putter	मंद करना; व्यर्थ घूमना	V
putty	पुटीन	N
puzzle	समस्या	N
pygmy	पिग्म; बौना	N
pyjamas	पायजामा	N
pylon	तोरण	N
pyre	चित्ता	N
pyrex	एक विशेष प्रकार का काँच	N
pyrites	सुवर्णमक्षिका; पाइराइट	N
pyrotechnics	आतिशबाजी	Adj
python	अजगर	N
quack	नीमहकीम; बतखकीबोली	N
quack	बतखकीबोलीबोलना	VI
quackery	नीम-हकीमी	N
quaderagesima	लेंटकापहलारविवार	N
quadrangle	चतुर्भुजाकार	N
quadrant	वृत्तकाचतुर्थभाग; कोणनापनेकायन्त्र	N
quadrophonic	चारसंचारमार्गोंद्वारागुंजितध्वनि	Adj
quadrophony	चारमार्गोंसेध्वनिसंचारितकरनेकीव्यवस्था	N
quadratic-equation	द्विघातीसमीकरण	N
quadrennial	चतुर्वार्षिक	Adj
quadrilateral	चतुर्भुज[समतलआकार]	Adj
quadrille	चारलोगोंकाएकनृत्य	N
quadrillion	एककेबादचौबीसशून्यवालाअंक	Det
quadruple	चौगुना; चारगुना	Adj
quadruple	चौगुनीसंख्या	N
quadruple	चौगुनाकरनायाहो	VTI
quadruplicate	चारकीसंख्यामें	N
quaff	बड़ीमात्रामेंनिगलना{पुरानाप्रयोग}	V
quagmire	दलदल	N
quail	लवाबटेर	N
quail	हिम्मतहार	VTI
quaint	अजीब	Adj
quake	कम्पन	N
quake	काँपना	VT
qualification	योग्यता; शर्त	N
qualified	योग्यताप्राप्त; परिमित	Adj
qualifier	विशेषण; योग्यबनानेवाला	N
qualify	योग्यबनना[बनाना]; विशेषणलगाना	VTI
qualitative	गुणात्मक	Adj
qualitatively	गुणात्मकतासे	Adv
quality	गुण; लक्षण	N
qualm	सन्देह	N
quandary	उलझन	N
quantitative	परिमाणसंबंधी.	Adj
quantity	मात्रा.	N
quantum	परिमाण.	N
quantum leap	आकस्मिकउन्नति.	N
quarantine	संगरोध	N
quarantine	संगरोधकरना.	V
quarrel	झगड़ा.	N
quarrel	झगडाकरना.	V
quarrelsome	झगड़ालू	Adj
quarry	पत्थरकीखान; शिकार	N
quarry	पत्थरखोद	VT
quart	एकसेरकेलगभगनाप	N
quarter	चारसमभागकरना; ठहराना{घरमें}	VTI
quarter	चौथाई_भाग; स्थान[दिशा]	N
quarter-deck	जहाजकेपीछेकाऊपरीखंड	N
quarterly	त्रैमासिक	Adj
quarterly	त्रैमासिककीरीतिसे	Adv
quarterly	त्रैमासिक	N
quartermaster	सेनाधिकारी	N
quarter	चौथाईभाग; पन्द्रहमिनट{सवा; पौन}; त्रिमास; दिशा; घर	N
quarter-final	क्वार्टरफाइनल	N
quarter-light	कारकेदरवाज़ेकीएकछोटीखिड़की	N
quarter-sessions	न्यायालय{हरतीनमहीनेपरसीमितसमयकेलियेलगनेवाला}	N
quarterstaff	बल्लम	N
quarterly	तिमाही	Adj
quarto	आठपृष्ठ	N
quartet	चारकागुट	N
quartz	बिल्लौर	N
quash	दमनकरना	VI
quasi	लगभग; नामका	Pref
quater-centenary	चारसौंवीजयंती	N
quatrain	चौपाई	N
quaver	काँपना	V
quaver	कंपन	N
quavery	काँपताहुआ	Adj
quay	जहाज़ीघाट	N
quayside	घाटकिनारे	N
queasy	वमनकारी.	Adj
queen	रानी; शतरंजकावजीर	N
queen	वजीरचलना; रानीजैसाव्यवहारकरना	VT
queenly	रानीजैसा	Adj
queen-bee	रानी	N
queen-consort	राजपत्नी	N
queen-dowager	राजाकीविधवा	N
queen-mother	राजमाता	N
queer	अजीब	Adj
queer	गड़बड़करना	V
queerly	अजीबतरहसे	Adv
queerness	अजीबपन	N
quell	दबाना	VT
quench	बुझाना	VT
querulous	झगड़ालू	Adj
query	प्रश्न	N
query	प्रश्नकरना	VTI
quest	तलाश	N
quest	तलाशना	V
question	प्रश्न; शक	N
question-mark	प्रश्नचिह्न	N
question-master	क्विज़मास्टर	N
question-time	प्रश्नकाल	N
question	प्रश्नकर	VTI
questionable	संदेहयुक्त	Adj
questioner	प्रश्नकर्ता	N
questioningly	प्रश्नपूर्वक	Adv
questionnaire	प्रश्नावली	N
queue	लाइन	N
queue_up	लाइनलगाना	V
quibble	बहाना; आलोचना	N
quibble	बहानाकर[बना]	VI
quick	तेज़; शीघ्र	Adj
quick	फुर्तीसे	Adv
quick	हस्तांगुलिकेअध:भाग	N
quicken	जल्दीकर	VT
quickly	फुर्तीसे	Adv
quickness	जल्दी; शीघ्रता	N
quicksand	चोरबालू	N
quicksilver	पारा	N
quid	तम्बाकुचबाना	N
quiet	स्थिर; शान्त; काफी	Adj
quiet	शांति	N
quiet	शांतकरना	VT
quieten	शान्तकरना	V
quietly	शांतिसे	Adv
quietness	शान्ति	N
quietude	शान्ति	N
quiff	अलक	N
quill	पंख; कलम; कांटा{साहीका}	N
quilt	रजाई	N
quilt	रजाईबना	VT
quilted	दुलाईजैसीबना	Adj
quince	बेल	N
quincentenary	पंचशती	N
quinine	कुनैन	N
quintessence	सारतत्व	N
quintessential	सारतात्विक	Adj
quintessentially	सारतत्वरूपसे	Adv
quintet	पंचक	N
quintuple	पचगुनाकर	VT
quintuplet	पंचक	N
quip	चुटकुला	N
quip	चुटकुलाकहना	VTI
quirk	विचित्रव्यवहार	N
quisling	गद्दार	N
quit	छोड़देना	VT
quitter	शीघ्रहथियारडालनेवाला	N
quite	काफीहदतक; पूरीतौरसे; सचमुचही; ठीक है !	Adv
quite	काफी	Det
quits	बराबरहोना	Adj
quiver	कंपन; तरकश	N
quiver	काँपना	VT
quixotic	ख्याली	Adj
quiz	प्रश्नोत्तरी	N
quiz	प्रश्नपूछना	VT
quiz-master	प्रश्नकर्ता	N
quizzical	मुस्कानभरा{प्रश्नसहित}	Adj
quizzically	मुस्कुरातेहुए{प्रश्नसहित}	Adv
quorum	निर्दिष्टसंख्या	N
quota	नियतांश	N
quotation	उद्धरण; दर	N
quotation-marks	उद्धरणचिह्न	N
quote	उद्धृतकरना; दामलगाना	VT
quote	उद्धरणचिह्न	N
quotable	उद्धरणयोग्य	Adj
quotient	भागफल	N
rabbit	ख़रगोश	N
rabbit	लम्बी-चौड़ीबातें करना	V
rabbit warren	खरगोंशोद्वाराखुदीहुईजमीन	N
rabble	प्राकृतगण	N
rabble-rouser	भीड़कोभड़कानेवालाव्यक्ति	N
rabble-rousing	भड़कानेवाली	Adj
rabelaisian	भद्देमज़ाकविलासितासेपूर्ण	Adj
rabid	उन्मत्त; पागल	Adj
rabies	रेबीज़{पागलकुत्तेकेकाटनेपरहोनेवालारोग}	N
raccoon	मांसाहारीपशु	N
race	तेज़चाल	N
race	जल्दीदौड़ना	VI
race	कुलवशं; जीव-धारियोंकीश्रेणी; मानवजाति; व्यक्तियोंकासमूह	N
racecourse	घुड़दौड़कामैदान	N
racegoer	घुड़दौड़मेंसदैवजानेवाला	N
racehorse	घुड़दौड़काघोड़ा	N
racer	किसीदौड़मेभागलेनेवाला	N
racial	प्रजातीय	Adj
racialism	प्रजातिवाद	N
racially	प्रजातीयतासे	Adj
racism	जातिवाद	N
rack	रैक; पुरानेसमयमेयातनादेनेकायंत्र; दन्तुरदन्डक्{मशीनदाँतोंसहितरौडजिसमेपहियाफँससके}	N
rack	होना; भरसकप्रयासकरना	VT
racket	शोरकोलाहलमचाना; बेईमानीसेकमायाधन; बेडमिन्टनटेनिसस्क्वाशआदिकाबल्ला	N
raconteur	मज़ेदारकहानियाँसुनानेवाला	N
racy	जानदारसजीव	Adj
radar	रडार	N
raddled	थकाहारा	Adj
radial	किरणसम्बन्धी	Adj
radiant	दीप्तिमान; प्रसन्नचित	Adj
radiate	किरणफेंकना; आनन्दफैलाना; किसीकेन्द्रीयबिन्दुसेचारोंओरप्रस्फुटितहोना	VTI
radiation	किरणपात; रेडियोधर्मीपदार्थकीसहायतासेइलाजकराना	N
radiation sickness	विकिरणशीलकिरणोंकेप्रभावसेहोनेवालारोग	N
radiator	किरणेंनिकलनेवालायंत्र; रेडियेटर	N
radical	मौलिक; सुधारवादी; अतिवादी	Adj
radical	मूल	N
radically	मौलिकरूपसे	Adv
radio	बेतारकातार	N
radio set	रेडियो	N
radio	बेतारकातारभेजना	VTI
radioactive	जिसमेरेडियोसक्रीयताहो	Adj
radiocarbon	कार्बनकारेडियोएक्टिवआकार	N
radiography	एक्स-रेचित्रण	N
radiographer	एक्सरेनिकालनेवाला	N
radiology	विकिरण-चिकित्सा-विज्ञान	N
radiologist	विकिरण-चिकित्सक	N
radiotherapy	विकिरण-चिकित्सा	N
radiotherapist	विकिरण-चिकित्सक	N
radish	मूली	N
radium	एकप्रकारकीधातु	N
radius	त्रिज्या; वृत्ताकारक्षेत्र; बाँहकेअग्रभागकीबाहरीहड्डी; जानवरोंमेंअग्रपैरकीहड्डी	N
radon	एकप्रकारकीधातु	N
raffia	ताड़कावृक्ष	N
raffish	चमकदमकवालाकिन्तुअश्लील	Adj
raffle	लाटरीद्वारामालकीबिक्री	N
raffle	लाटरीद्वाराबेचना	VTI
raft	लठ्ठोंकाबेड़ा	N
raft	बेड़ेपरसेजाना	VT
rafter	कड़ी	N
rag	चिथड़ा; निम्नकोटिकासमाचारपत्र; फटेपुरानेवस्त्र	N
rag-bag	अजीबवस्तुओंकामिश्रण	N
rag-doll	चिथड़ोंसेभरीगुड़िया	N
rag-trade	पुरानेकपड़ोंकाबाज़ार	N
rag-week	चंदाएकत्रकरकेमौज-मस्तीकरना	N
rag	छेड़-छाड़करना	V
rage	क्रोध; प्रकृतिकाउग्ररूप; प्रबलइच्छा	N
rage	झुंझलाना; जोरपकड़ना	VI
raging	बहुतजोरका	Adj
ragged	गुदड़िया; फटे-पुरानेवस्त्र	Adj
raggedly	जीर्णतासे	Adj
raglan	बाहँसेगलेतकतिरछीसीधीसिलाई	Adj
ragtime	पियानोपरबजायागयाअमेरिकनसंगीत	N
raid	चढ़ाई; हवाईहमला; पुलिसकीकार्यवाही	N
raid	चढ़ाईकरना; धावाबोलना	VT
rail	लकड़ीयालोहेकीछड़; ट्रेन	N
rail	रेलपरसफ़रकरना	VTI
railcard	रेलपास	N
railhead	रेलवेकाअंतिमस्टेशन	N
railing	कठघरा	N
raillery	ठिठोली	N
railroad	यू.एस.रेलवे	N
railway	रेलवे; रेलकीपटरी	N
railwayman	रेलकर्मचारी	N
raiment	परिधान	N
rain	वर्षा	N
rain	वर्षाहोना; लगातारबहना	VTI
rainbow	इंद्रधनुष; मेघधनुष	N
raincoat	बरसाती	N
raindrop	वर्षाकीएकबूंद	N
rainfall	पानीबरसना	N
rainproof	पानीसेबचानेवाला	Adj
rainstorm	तूफान	N
rainwater	वर्षाकाजल	N
rainy	बरसाती	Adj
raise	ऊपरउठाना; खड़ाकरना; वृद्धिकरना; बढ़ाना; एकत्रकरना; उत्पन्नकरना; बड़ाकरना; घृणाप्रकटकरना; प्रसन्नहोना; विरोधकरना	VT
raise (us=rise)	बढ़ोतरी	N
raiser	ऊँचाउठानेवाला	N
raisin	किशमिश	N
rajah	राजा	N
rake	घासजमाकरनेकाऔज़ार	N
rake	जमाकरना; तलाशकरना; गोलेदागना	VTI
rake	विलासीऔरधनीआदमी	N
rakish	लम्पट	Adj
raked	आगेकीओरढ़ालूहोना	Adj
rally	एकत्रितकरना; लाभकरना	VTI
rally	शक्तिप्रदर्शनकेलियेजमाव; गाड़ियोंकीप्रतियोगिता; स्वास्थमेसुधार	N
ram	भेंड़ा; दीवारगिरानेकीमशीन	N
ram	कसना; भिड़नार; जानबूझकरदूसरीगाड़ीसेटकराना; ठूँसना	VT
ram	रैम	N
ramble	भ्रमण	N
ramble	घूमना; असंगतबातेंकरनायालिखना; किसीपौधेकाअन्यपौधेपरउगना	VI
rambler	सैरसपाटाकरनेवाला	N
rambling	टेढ़ीमेढ़ीगलियाँयाइमारतें; असंबन्द्धभाषण	Adj
ramification	शाखोंमेँबाँटनेकाकाम	N
ramp	ढ़लान	N
ramp	उछलना	VT
rampage	आवेशमेइधरउधरभागना	V
rampant	सामाजिकबुराई; काबूसेबाहर	Adj
rampart	परकोटा	N
ramrod	बन्दूककागज़	N
ramshackle	टूटाफूटाजर्जर	Adj
ranch	पशु-फार्म	N
rancid	दुर्गन्धयुक्त	Adj
rancorous	विद्वेषी	Adj
rancour	विद्वेष	N
random	सहसाउत्पन्न	Adj
randomly	अटकल-पच्चूसे	Adv
random access	कम्प्यूटिगं	N
randy	कामुक	Adj
range	पंक्तिश्रृंखला; श्रेणी; सीमा; बंदूककीदूरीजहाँतकवहमारसकतीहै; सीमाएंपरिसर	N
range	कतारमेंबाँधना; दोसीमाओंमेबदलना; मारकरसकना; चरनेकेलियेपशुओंकोछोड़देना	VTI
rangefinder	दूरीमापनेकायंत्र	N
ranger	घूमनेवाला	N
rangy	लम्बाएवंदुबलापतला	Adj
rank	बदबूदार; सम्पूर्ण; अधिकमात्रामेउपज	Adj
rank	क़तार; श्रेणी; फौज़मेमामूलीसैनिक	N
rank	किसीविषेशश्रेणीमेआना; पदमेऊँचाहोना; विशेषश्रेणीमेरखना	VTI
ranking	पदकेअनुसारश्रेणीक्रममेंरखना	N
rankle	पकना; गुस्सादिलाना	VI
ransack	छानमारना	VT
ransom	फिरौती	N
ransom	छुड़ाना	VT
rant	हल्लामचाकरदोषारोपणकरना	VI
rap	मुक्का; रैपम्यूजिक	N
rap	धौलमारना	VT
rapacious	अतिलोलुप	Adj
rape	बलात्कार; पीलेरंगकेफूलोंवालापौधा	N
rape	बलात्कारकरना	VT
rapid	शीघ्र	Adj
rapidity	शीघ्रता	N
rapidly	शीघ्रतासे	Adv
rapids	नदीकावहभागजहाँधाराबहुतशीघ्रबहतीहो	N
rapid-fire	जल्दी-जल्दीपूँछेजानेवालेप्रश्न	Adj
rapid'transit'	यातायातकेशीघ्रसाधन	N
rapier	छोटीहल्कीतलवार	N
rapt	हर्षोन्मत्त	Adj
rapture	अत्यन्तहर्ष	N
rapturous	अत्यन्तआह्लादजनक	Adj
rare	निराला	Adj
rarely	कदाचित	Adv
rarefied	सीमितसमुदायसेसम्बन्धित	Adj
rarefy	कमघनाहोना; पतलाकरनायाहोना	VTI
rarity	दुर्लभता	N
rascal	कमीना	Adj
rascal	दुर्जनशैतानदुष्ट	N
rash	अतिशीघ्र	Adj
rash	फुन्सी; आकस्मिकहड़तालोंकासिलसिला	N
rasher	सुअरकेमाँसकापतलाटुकड़ा	N
rasp	किरकिरानेकीआवाज; काटछाँटकररेतीसेचिकनाकरना	N
rasp	कर्कशआवाज; रगड़ना	V
raspberry	रसभरी; उपहासमेजीभऔरहोंठोंसेनिकालीगयीआवाज	N
rastafarian	जैमेएकनधर्म	N
rat	चूहा; आनेवालेसंकटकीआशंकाकरना	N
rat	अपनेसाथियोँकोछोड़ना	VI
rats	गुस्साप्रकटकरना	Interj
ratter	चूहापकड़नेवालाकुत्तायाबिल्ली	N
ratatat	खटखटकीआवाज	N
ratbag	घ्रणितआदमी	N
ratchet	दाँतेदारपहिया	N
rate	माप; किसीभीहालतमे; इसीरफ्तारसे; सरकारद्वारानिर्धारितकर; अनुपात	N
rate	भावठहराना; मूल्याकंनकरना; वर्गयाश्रेणीमेरखना; निर्धारितकरना	VTI
ratepayer	करदेनेवाला	N
rather	बल्कि	Adv
rather than	इसकेबजाय	Prep
ratification	दृढ़ीकरण; पुष्टीकरण	N
ratify	प्रमाणितकरना	VT
rating	श्रेणीनर्धारण	N
ratio	संबन्ध	N
ration	राशन	N
rations	रसद	N
ration	पूर्तिसीमितकरना	V
rational	सज्ञान	Adj
rationale	कारणविवरण	N
rationally	विवेकसे	Adj
rationality	तर्कयुक्त	N
rationalism	बुद्धिवाद	N
rationalize	तर्कसंगतठहराना	V
rationalization	उद्दोगकापुनर्गठन	N
rattan	लतरचढ़नेवालापौधा	N
rattle	खड़खड़ाना; जल्दी-जल्दीकहना	VTI
rattle	खड़खड़कीआवाज़	N
rattling	सुखदायी	Adj
rattlesnake	एकविषधरसाँप	N
ratty	चिड़चिड़ा	Adj
raucous	भारीआवाज	Adj
raunchy	उत्तेजक	Adj
ravage	उजाड़ना	VT
rave	अरबरबकना; क्रोधितहोकरबातकरना; प्रशंसाकरना	VI
rave	जानदारपार्टीनृत्यआदि	N
rave	अतिप्रशंसा	Adj
raving	प्रलापीअसाधारण	Adj
ravel	खोलनाखुलजाना	VI
ravel	सुलझाना	VT
raven	स्याह	Adj
raven	एकप्रकारकाकौवा	N
raven	प्रचण्डतासेशिकारकरना	VTI
ravening	क्षुधातुर	Adj
ravenous	अतिपेटू	Adj
ravenously	भूखसे	Adj
ravine	गड्ढा	N
ravioli	रावियोलि{इटालियनडिश}	N
ravish	भगाकरलेजाना; मोहितकरना	VT
ravishing	अतिसुंदर	Adj
raw	कच्चा; प्राकृतिकस्थितिमे; अदक्ष; कच्चेआँकड़े; वस्त्रहीन; अनुचितव्यवहार	Adj
raw-boned	दुबला-पतला	Adj
rawhide	किसीपशुकाकच्चाचमड़ा	N
raw-material	कच्चामाल	N
rawness	कच्चापन	N
ray	किरण; मछली; संगीत का सुर	N
ray	किरणनिकालना	VI
rayon	रेऑन कपड़ा	N
raze	पूरीतरहनश्टकरदेना	VT
razor	उस्तरा	N
razor-blade	दाढ़ीबनानेकेकामआनेवालाब्लेड	N
razor-sharp	बहुततेज़	Adj
razz	मज़ाकबनाना	VT
re-	फिरयापुनःकेअर्थमेउपसर्ग	Pref
reach	पहुँचना; आगेबढ़ाना; फैलाहोना; पहुँच; पहुँचकेअन्दर	VI
reach	पहुँचाना	VT
reach	पहुँचना	N
reachable	पहुँचयोग्य	Adj
react	प्रतिक्रियाकरना; रासायनिकपरिवर्तनपैदाकरना; किसीपदार्थमेपरिवर्तनकरना	VTI
reaction	प्रतिक्रिया; प्रगतिमेबाधा; दवाकाप्रभाव; पदार्थोंकाएकदूसरेपररासायनिकप्रभाव	N
reactionary	प्रतिक्रियात्मक	Adj
reactivate	फिरसेसक्रियकरना	VT
reactive	प्रतिघातक	Adj
reactor	परमाणुभट्टी	N
read	पढ़ना; शांतिसेयाजोरसेपढ़करसुनाना; किसीकेबारेमेंअखबारमेपढ़ना; समझना; उच्चस्तरपरकिसीविषयकाअध्ययनकरना; किसीकेभविष्यकेबारेमेंहाथपढ़करबताना; विशेषअर्थरखना; दिखाना; सूचनाप्राप्तकरना	VTI
readable	पाठयोग्य	Adj
readdress	पुरानापताकाटकरनयालिखना	VT
reader	पाठक; विश्वविद्द्यालय‘काअध्यापक; पेशकार; प्रूफपढ़नेवाला	N
reading	पढ़ना; वाचनपठन; किसीमीटरडायलआदिद्वाराचिह्नितसंख्या	N
readjust	फिरठीककरना	VT
ready	तैयार; शीघ्र; पहुँचकेअन्दर; पहलेसेतैयार; तैयारीकरना	Adj
readily	तरन्तही	Adj
ready	प्राप्तधन; काममेलानेकेलियेतैयार	N
reaffirm	निश्चितरूपसेकिसीबातकोफिरसेकहना	V
reagent	प्रतिकारक	N
real	सत्य; वास्तविक; पूर्णतः; आमदनी; सम्पत्ति	Adj
real	यथार्तमे	Adv
realign	विभिन्नदशाओंमेजाना	V
realism	यथार्थवाद	N
reality	सच्चाई	N
realization	प्रत्यक्षीकरण	N
realize	जानना; मूल्यपाना	VTI
really	यथार्थमेँ; सचमुच; आश्चर्यप्रकटकरना	Adv
realm	राज्य	N
realty	अचलसम्पत्ति	N
ream	बीसदस्ताकाग़ज़कीगड्डी	N
reap	अनाजकाटना; अपनेकियेकाफलभोगना; जैसीकरनीवैसीभरनी	VTI
reaper	लावक	N
reappear	फिरनिकलआना	VT
reapply	फिरसेप्रार्थनापत्रभेजना	V
reappoint	फिरसेनियुक्तकरना	V
rear	पिछवाड़ा; पीछेकाभाग	N
rear	उठाना; पालनपोषणकरना; पिछलेपैरपरखड़ेहोना	VTI
rearguard	लौटतीफौजकीअंतिमपंक्तिकीरक्षाहेतुभेजीगयीसेनाकी	N
rearrange	नयेक्रममेरखना	V
reason	कारण; प्रयोजन; विचारशक्ति; तर्कशक्ति; विवेकबुद्धि	N
reason	तर्ककरना	VTI
reasonable	विवेकी	Adj
reasoning	तर्कवितर्क	N
reassert	बातकोफिरक़ायमकरना	VT
reassign	फिरदेदेना	VT
reassure	फिरहिम्मतदिलाना	VT
rebate	बट्टा	N
rebate	छूटदेनाकमकरना	VT
rebel	राजविरोधी	N
rebel	राजद्रोहकरना	VT
rebellion	बगावत	N
rebellious	राजद्रोही	Adj
rebirth	पुनर्जन्म	N
rebound	पलटाव	N
rebound	पीछेकोउछलआना; ऊपरआना	VI
rebuff	सहायतापूछनेवालेकोदोटूकजवाब	N
rebuff	रोकना	V
rebuild	फिरबनाना	VT
rebuke	फटकार	N
rebuke	बुरा-भलाकहना	VT
rebut	खण्डनकरना	VTI
recall	याददाश्त	N
recall	यादआना; फिरबुलाना; रद्दकरना	VT
recant	फेरलेना	VT
recap	संक्षेपमेदोहराना	V
recapture	फिरग्रहण	N
recapture	पकड़ना	VT
recast	फिरढालना	VT
recede	पीछेहटना	VTI
receipt	पाना	N
receipt	रसीददेना	VT
receive	लेना; स्वागतकरना; सम्मानयाआशीर्वादलेना; आनेदेना	VI
receiver	लेनेवाला	N
recent	हालका	Adj
recently	हालमेँ	Adv
receptacle	पात्रधारक	N
reception	स्वागत; ग्रहणकरनेकाढ़ंग; अधिग्रहण	N
receptive	ग्रहणशील	Adj
recess	विश्राम; गुप्तस्थान	N
recession	लौटालेना	N
recessionary	मन्दीवाहकयाकारक	Adj
recessive	अप्रभावी	Adj
recharge	दोबाराकाममेंलाना	V
recipe	खानाबनानेकीविधि	N
recipient	लेनेवाला	Adj
recipient	लेनेवाला	N
reciprocal	परस्परका	Adj
reciprocate	अदलाबदलीकरना	VTI
reciprocity	पारस्परिकआदान-प्रदान	N
recital	पाठ	N
recitation	अनुवाचन	N
recite	व्याख्यानकरना	VTI
reckless	असावधान	Adj
reckon	संख्याकरना; निर्भरहोना; योगज्यातकरना	VTI
reckoning	कुलदेयखर्चा	N
reclaim	पुनःप्राप्तकरना; ऊसरभूमिकोउपजाऊबनाना; बेकारवस्तुओंकोपुनःउपयोगमेलाना; विरोधकरना	VT
reclamation	पुनःप्राप्ति	N
recline	झुकना	VTI
recluse	एकान्तसेवीमनुष्य	N
recluse	एकान्तसेवी	Adj
reclusive	वैराग्यलानेवाला	Adj
recognize	पहचानना; मान्यतादेना; किसीराजनैतिकदलकेअस्तित्वकोस्वीकारना; अधिकारिकरूपसेप्रशंसाकरना	VT
recognizable	पहचाननेयोग्य	Adj
recoil	पीछेहटना; ठिठकना	VI
recollect	स्मरणकरना	V
recollection	याद	N
recommence	फिरसेआरम्भकरना	V
recommend	प्रशंसाकरना; सलाहदेना	VT
recommendation	सिफ़ारिश	N
reconcile	मेलकरनावाकराना; केअनुकूलबनाना; सहीकरलेना	VT
reconciliation	फिरसेमेलयामिलाप	N
recondite	गूढ़गहन	Adj
recondition	फिरसेबैठानायाठीककरना	V
reconnaissance	किसीस्थानकासैनिकसर्वेक्षण	N
reconsider	फिरदेखना	VT
reconsideration	पुनर्विचार	N
reconstruct	फिरसेबनानायानिर्माणकरना	VT
record	सरकारीकाग़ज़; लेख-प्रमाण; किसीवस्तुयाव्यक्तिकेसम्बन्धितअतीतकाज्ञान; उच्चमान	N
record	रजिस्टरमेँदर्जकरना; अंकितकरना; प्रोग्रामकोटेपकरना	VT
recorder	लेख्यपत्ररक्षक	N
recount	बयानकरना	VT
recoup	क्षतिपूर्तिकरना	VTI
recourse	साधन	N
recover	पुनःप्राप्तकरना; ठीकहोना; अपनेपरकाबूपाना; मूल्यबढ़जाना	VTI
recoverable	पुनःप्राप्तियोग्य	Adj
recovery	पुनःप्राप्ति; सहीहालतमेआजाना; पुनर्लाभ	N
recreate	फिरउत्पन्नकरना	VT
recreation	मनोरंजनआराम	N
recrimination	उल्टादोष	N
recrudescence	पुनःप्रकोप	N
recruit	रंगरूट	N
recruit	नयीभर्तीकरना	VT
recruitment	नयेसिपाहियोंकीभर्ती	N
rectal	गुदासंबन्धी	Adj
rectangle	समकोणसमानान्तरचतुर्भुज	N
rectangular	समकोणीय	Adj
rectify	ठीककरना	VT
rectilinear	सीधीरेखाओंसेघिराहुआ	Adj
rectitude	सच्चाई	N
rector	पादरी	N
recuperate	पुनःप्राप्तकरना; पुनःस्वस्थहोना	VT
recur	फिरआना	VI
recurrence	फिराव	N
recurrent	दौराकरनेवाला	Adj
recurring decimal	आवर्त-दशमलव	N
recycle	प्रयोगकीगयीवस्तुकापुनःप्रयोग	V
red	लाल; किसीकेस्वागतकेलियेबिछाईगयीदरी; क्रोधमेआपेसेबाहरहोजाना; लालआँखें; लाल-भूरेरंगका	Adj
red	लालरंग; घाटेमे; रेडवाइन	N
redden	लालकरनायाहोना	VTI
reddish	कुछरक्तवर्ण	Adj
redeem	क्षतिपूर्तिकरना; भुगतानकरकेमुक्तकराना	VT
redeemable	भुगतानकरकेवापसलियाजासके	Adj
redeemer	छुड़ानेवाला	N
redemption	द्रव्यजोछुड़ानेकेहेतुदियाजावे	N
redeploy	दूसरेकामपरलगाना	VT
redevelop	पुनःविकासकरना	V
redirect	अनुप्रेषितकरना	V
redistribute	पुनःवितरणकरना	V
redo	दोबाराकरना	V
redolent	सुगन्धित	Adj
redouble	दोहराना; अधिकबलवतीकरना	V
redoubt	मोर्चाबन्दी	N
redoutable	भयंकर	Adj
redound	पलटकरआना	V
redraw	दूसरीप्रतिउतारना	VT
redress	अन्यायकाप्रतिकार	N
redress	सहीकरना	VT
reduce	घटाना	VT
reduction	घटाव	N
redundancy	अतिरिक्तता	N
redundant	अतिरिक्त	Adj
redwood	एकप्रकारकालम्बासदाबहारपेड़	N
reed	नरकट	N
reedy	नरकटकाबनाहुआ	Adj
reef	जहाज़केपालकोकमकरना	VT
reek	धुआंदेना	VI
reel	घिरनी; सिनेमारील	N
reel	चक्करखानाहिलजाना; घूमना	VT
reel	एकविशेषप्रकारकानृत्य	N
reeve	किसीशहरअथवाजिलेकाप्रशासनिकअधिकारी	N
refer	संकेतकरना; सौंपना; हवालादेना; परामर्शहेतुभेजना	VTI
referee	न्यायकरनेवाला	N
reference	संदर्भहवाला; निर्देश; निर्देशअंक; सम्बन्ध	N
referendum	किसीप्रश्नकोजनताकेसामनेउसकीसम्मतिलेनेकेलियेरखना	N
refill	पुनःभरना	V
refine	निर्मलकरना; सुधारना	VTI
refined	निर्मल	Adj
refinement	परिष्कार	N
refiner	साफ़करनेवाला	N
refinery	धातुइत्यादिसाफ़करनेकास्थानयायन्त्र	N
refit	फिरदुरुस्तकरना	VTI
reflect	प्रतिबिम्बडालना; परावर्तितकरना; चिन्तनयाविचारकरना	VTI
reflection	परावर्तनप्रतिबिम्बन	N
reflective	परावर्तक	Adj
reflector	दर्पण	N
reflex	पलटाहुआ	Adj
reflexive	निजवाचकआत्मवाचक	Adj
reform	सुधार	N
reform	सुधारना	VTI
reformation	सुधार	N
reformatory	सुधारगृह{छोटीअवस्थावालेअपराधियोंकेसुधारनेकीपाठशाला}	N
reformer	सुधारनेवाला	N
refract	मोड़ना	V
refraction	अपवर्तन	N
refractory	हठीला; अड़ियल	Adj
refrain	रागमेँदोहरानेकेशब्द	N
refrain	आड़ना	VTI
refresh	ताजाकरना	VT
refresher	ताज़ाकरनेवाला	N
refreshing	ताजा	Adj
refreshment	अल्पाहारजलपान	N
refrigerant	ठण्डाकरनेवाला	Adj
refrigerant	ठण्डाई	N
refrigerate	ठण्डाकरना	VT
refrigeration	ठण्डाकरना	N
refuel	?	V
refuge	शरण	N
refugee	शरणार्थी	N
refulgent	चमक	Adj
refund	वापसकरना	VT
refund	वापसी	N
refurl	वापिसलपेटना	V
refusal	अस्वीकार	N
refuse	तलछट	N
refuse	अस्वीकारकरना	VT
refute	खण्डनकरना	VT
refutable	खण्डनकियाजासके	Adj
refutation	खण्डन	N
regain	पुनःप्राप्तकरना	VT
regal	वैभवपूर्णराजकीय	Adj
regale	प्रसन्नकरना	VTI
regalia	राजचिह्न	N
regard	आदर; सम्बन्धमामला; शुभकामनाएं	N
regard	मानना; आदरकरना; महत्वप्रदानकरना; देखना	VT
regarding	केबारेमें	Prep
regardless	बेपरवाह	Adj
regatta	नौकादौड़	N
regency	राजप्रतिनिधिकाकार्यकाल	N
regency	राजप्रतिनिधित्व	Adj
regenerative	नयापैदाहुआ	Adj
regenerate	फिरपैदाकरना	VT
regeneration	नयाजन्म	N
regent	शासनकारी	Adj
regent	राज्य-प्रतिनिधि	N
regime	शासनपध्दतियाव्यवस्था	N
regimen	रहन-सहनएवंआहारसम्बन्धीनियम	N
regiment	सैन्यदल; अधिकसंख्या	N
regimental	पलटनयारेज़िमेण्टसम्बन्धी	Adj
region	प्रदेशक्षेत्र	N
regional	क्षेत्रीय	Adj
register	बही; दूरीजहाँतकमनुश्ययाबाजेकीआवाजसुनाईपड़े	N
register	दर्जकरना; पंजीकृतकराना; प्रदर्शितकरना	VT
registrar	रजिस्ट्रारपंजीयक	N
registration	पंजीकृतकरना	N
registry	पंजीयनकार्यालय	N
registry office	सिविलविवाहकरनेकाकार्यालय	N
regius professor	औक्सफोर्डकाप्राध्यापक	N
regress	पीछेहटना	V
regression	प्रतिगमन	N
regret	पश्चातापकरना; दुःखीहोना	VT
regret	पश्चाताप	N
regrettable	खेदजनकशोचनीय	Adj
regroup	फिरसेदलबनाना	V
regular	नियमित; आमतौरपरपायीजानेवाली; किसीराष्ट्रकीस्थाईसेनासेसम्बद्ध	Adj
regular	नियमितसैनिक	N
regularity	नियमानुकूलता	N
regularly	नियमितरूपसे	Adv
regularize	नियमितकरना	V
regulate	नियमानुसारठहरना	VT
regulation	बन्दोबस्त	N
regulator	प्रबन्धकर्ता	N
regurgitate	जुगालीकरना	V
rehabilitate	पूर्वदशामेँलाना; पुनर्वासितकरना	VT
rehabilitation	बहाली	N
rehash	पुरानेकोनयारूपदेना	VT
rehear	फिरसुनना	VT
rehearsal	दुहराव	N
rehearse	दुहराना; अभ्यासकरना	VT
reign	राज्यशासन	N
reign	प्रबलहोना; मौजूदहोना; शासनकरना	VI
reimburse	अदाकरना	VT
rein	बागडोर	N
rein	लगामचढ़ाना	VT
reincarnate	नयाशरीरदेना	V
reincarnation	मृत्युउपरांतजन्म	N
reindeer	एकप्रकारकाहिरण	N
reinforce	नईसेनासेसहायताकरना; विचारोंकोअधिकशक्तिशालीबनाना; सुदृढ़यामजबूतकरना; सीमेंटऔरकंकरीटकोलोहेकीछड़ोंसेमजबूतीप्रदानकरना	VT
reinforcement	अतिरिक्तलड़ाईकासामान	N
reins	गुर्दा	N
reinstate	फिरसेनियुक्तकरना	VT
reinstatement	पुनःस्थापन	N
reinsurance	पुनर्बीमा	N
reinterpret	फिरसेव्याख्याकरना	V
reintroduce	पुनःलागूकरना	V
reinvent	परिवर्तनकरकेनयापनलाना	V
reinvest	दोबाराधनलगाना	VT
reinvigorate	फिरबलदेना	VT
reissue	पुनःचालूकरनेकीक्रिया	N
reissue	फिरजारीकरना	VT
reiterate	बारबारकहना	VT
reiteration	दोहराव	N
reject	फेँकना; अस्वीकारकरना; नचाहना	VT
reject	अस्वीकृतवस्तु	N
rejection	अस्वीकृति	N
rejoice	प्रसन्नकरनायाहोना	VTI
rejoin	फिरमिलाना; फिरसेसम्मिलितहोना	VTI
rejoin	बदलेमेंउत्तरदेना	V
rejoinder	प्रत्युत्तर	N
rejuvenate	नयाकरना	VT
rekindle	फिररोशनकरना	V
relapse	पूर्वावस्थाप्राप्ति	N
relapse	फिरकष्टमेँपड़ना	VI
relate	वर्णनकरना; सम्बंधजोड़ना; सम्बद्धहोना; हमदर्दीप्रकटकरना	VTI
related	बन्धु	Adj
relation	वर्णन; आपसीसम्बन्ध; व्यवहार्; रिश्तेदारी; सन्दर्भ	N
relational	सम्बन्धात्मक	Adj
relations	सम्बन्ध	N
relationship	सम्बन्धरिश्तेदारी	N
relative	संबंधित; तुलनात्मक; सम्बन्धवाचकक्रिया-विषेशण; सम्बन्धवाचकसर्वनाम	Adj
relative	सगा	N
relatively	तुलनात्मकरूपसे	Adv
relativism	सापेक्षवाद	N
relativity	सापेक्षतायाआपेक्षिकता	N
relaunch	पुनःस्थापितकरना	V
relax	ढीलाकरना[होना]; विश्राम करना[होना]; तनावमुक्तहोना[करना]; कम करना	VTI
relaxation	विश्राम; शिथिलता; मनोरंजन; छूट; रिअयात	N
relaxed	तनावमुक्त	Adj
relay	अतिरिक्त पूर्ति {जानवरों; आदमियों} की; प्रसारण; चौकी दौड़; प्रसारण-केंद्र	N
relay	फिरबटोरनावाजमाकरना; अग्रसर किया; पहुँचाना	VT
release	रिहाई; प्रदर्शन; खुलनेकीक्रिया	N
release	छोड़ना; मुक्त करना; विमोचन; लोकार्पण करना; मोचन करना; छोड़ना{यंत्र का}; त्यागना	VT
relegate	अवनतिकरना; काम सौंपना	VT
relent	ढ़ीलापड़ना	VI
relentless	निर्दयी	Adj
relevance	अनुकूलता	N
relevant	उपयुक्त	Adj
reliability	विश्वसनीयता	N
reliable	विश्वासयोग्य	Adj
reliance	जिसपरविश्वासकियाजाए; निर्भरकियाजाए; निर्भरता	N
reliant	भरोसा करने वाला	Adj
relic	अवशेष	N
relief	सहायता{कोष}; आराम; विश्राम; राहत; छूट	N
relief	सहायता कोष	Adj
relief	उभरीहुईनक्काशी; रंगऔरशेडिंगद्वाराऊँचाईकाप्रदर्शन	N
relieve	पीड़ाकमकरना; सेवासेमुक्तकरना; कम करना; कार्य मुक्त करना; सहायता करना	VT
relieved	चिन्तामुक्त	Adj
religion	धर्म; कर्तव्य; जीवन का अंग; परमात्माकेअस्तित्वमेंविश्वास	N
religious	मज़हबी; धार्मिक; धार्मिकस्वभावका; मठ का; निष्ठापूर्वक	Adj
religiously	नियमित रूप से	Adv
relinquish	छोड़देना	VT
reliquary	कमंडल	N
relish	स्वाद; रस लेना	N
relish	मजालेना	VTI
relive	फिर से जीना	V
reload	फिर से भरना	V
relocate	नयी जगह बसना	V
relocation	नयेस्थानपरबसाना	N
reluctance	अनिच्छा	N
reluctant	अनिच्छुक	Adj
reluctantly	अनिच्छा से	Adv
rely	विश्वासकरना; निर्भर करना	VT
remain	शेष रहना; बने रहना	VI
remains	लाश; खंडहर; अवशेष; बचा-खुचा	N
remake	फिरबनाना	VT
remake	वस्तु जिसे फिर से बनाया गया	N
remand	पुनःप्रेषण	N
remand home	किशोर बच्चों का सुधार गृह	N
remand	बुलालेना	VT
remark	बयानदेना; कहना; टिप्पणी करना	VTI
remark	प्रतिक्रिया; ध्यानदेना	N
remarkable	उल्लेखनीय	Adj
remarry	फिरसेविवाहकरना	VT
remarriage	दूसरा विवाह	N
remedial	प्रतिकारकरनेवाला	Adj
remedy	उपचार; उपाय	N
remedy	सुधारना	VT
remember	यादकरना; नभूलना	VT
remembrance	स्मरण; उपहार; यादमें; स्मृतिमें	N
remind	याद दिलाना	VT
reminder	तकाज़ा	N
reminiscence	याद	N
reminiscent	याद कराने वाला	Adj
remiss	आलसी	Adj
remission	माफी; छूट	N
remit	रुपयाभेजना; दंड या ऋण से छुटकारा	VT
remit	नियन्त्रणयाप्रभावकेबाहर	N
remittance	भेजाहुआरुपया	N
remnant	बचाहुआ	N
remodel	फिरसेबनाना	VT
remonstrance	आपत्ति; विद्रोह	N
remonstrate	आपत्ति करना	VI
remorse	पछतावा	N
remote	दूरवर्ती; किंचित्; बेमिलनसार	Adj
remotely	दूर के	Adv
remote control	दूरी से नियंत्रण	N
remount	पुनः सवार होना; नया फ्रेम चढ़ाना	VT
removable	हटायेजानेयोग्य	Adj
removal	सरकाव	N
remove	हटावयादूरहोनेकीक्रिया	N
remove	हटा देना; दूर करना; अलग करना; अन्त करना; एक जगह से दूसरी जगह जाना	VTI
remunerate	पारिश्रमिक देना	V
remuneration	पारिश्रमिक	N
renal	गुर्देसंबंधी	Adj
rename	नयानामदेना	VT
rend	फाड़डालना; छीनना; विभाजन करना; चिल्लाना	VT
render	देना; बेदरहोजाना; रूपांतरितकरना; अर्पण करना; अनुवाद करना; प्रदर्शित करना	VT
rendezvous	मनोरंजनस्थल	N
rendezvous	किसीविशेषस्थानमेँमनोरंजनकेलिएइकट्ठाहोना	VTI
renegade	स्वधर्मत्यागी	N
renege	वायदा करके मुकर जाना	V
renew	नएसिरेसेबनाना; नवीयनकरना; बदलना	VT
renewable	जिसकानवीनकरणसम्भवहो	Adj
renewal	नवीयन	N
renounce	छोड़ना; संबंध तोड़ना; अस्वीकार करना	VT
renovate	नवीकरण	VT
renovation	नवीकरण	N
renown	नाम	N
renowned	नामी; प्रसिध्द	Adj
rent	दरार; किराया	N
rent	किरायेपरदेना[लेना]; किरायालेकरप्रयोगकरनेकाअधिकारप्रदानकरना	VTI
rental	किरायेका	Adj
rental	किराया	N
renter	किरायेदार	N
renunciation	अस्वीकार	N
reopen	फिरखुलना	V
reorder	क्रमानुसारलगाना; पुनःमंगाना	V
reorganize	पुनःसंगठितकरना	VT
reorganization	पुनःसंगठन	N
repair	दुरुस्ती; मरम्मत	N
repair	मरम्मतकरना; किसीजगहजाना	VTI
repairable	मरम्मतयोग्य	Adj
reparation	नुकसानभरना	N
repartee	शीघ्रचातुर्यपूर्णउत्तर	N
repast	भोज	N
repatriate	स्वदेशभेजनायालौटना	V
repatriation	स्वदेशलौटना	N
repay	चुकादेना; लौटाना; मुआवज़ा चुकाना	VT
repayable	प्रतिदेय	Adj
repayment	पुनर्भुगतान	N
repeal	खंडन	N
repeal	रद्दकरना	VT
repeat	दुहराव	N
repeat	दोहराना; दुबाराआना	VT
repeatedly	बार-बार	Adv
repeatable	दोहरानेलायक	Adj
repel	हटाना; त्यागदेना; मुकाबलाकरना; अलग-थलगरहना	VT
repellent	घृणित; जल{रोधी}	Adj
repent	पछताना	VTI
repentance	पछतावा	N
repentant	पश्चातापी	Adj
repercussion	प्रतिक्रिया	N
repertoire	रंग-मंडली	N
repertory	ख़ान	N
repetition	दोहराव; पुनर्कथन	N
repetitive	दोहरायागया	Adj
rephrase	एकहीबातकोविभिन्नप्रकारसे कहना	V
replace	बदलेमेँरखना; निश्चितस्थानपररखना; केबदलेप्रयोगमें लाना; हटाना	VT
replacement	पुनः-स्थापन	N
replay	दुबाराखेलनायादिखाना	V
replay	दुबाराखेल	N
replenish	फिरसेभरना; पूर्ति{ईधनकी}	VT
replete	भरा-पूरा; तृप्त	Adj
replica	प्रतिरूप	N
replicate	प्रतिलिपिबनाना	VT
replication	प्रतिकृति	N
reply	जवाब	N
reply	जवाबदेना; बदलेमेकुछकरना	VTI
report	रिपोर्ट; अफवाह; व्यक्तिकेविषयमे धारणा; विस्फोटकपदार्थकेचलनेकीआवाज़; नेकनामी	N
report	हाललिखना; कार्यप्रगतिकीसूचना; शिकायतकरना; लिखना; अपनेबारेमेजानकारीदेना; जैसादेखायाखोजाकहदेना	VTI
reporter	संवाददाता	N
repose	सोना	N
repose	आरामकरना; भरोसाकरना	VTI
repository	कोष; संग्रहालय	N
repossess	फिरअधिकारकरना	VT
reprehensible	दोषारोपणकरनेयोग्य	Adj
represent	प्रतिनिधित्वकरना; प्रदर्शनकरना; चित्रितकरना; प्रतिनिधिहोना; उदाहरणके रूपमेहोना; दुबाराउपस्थितकरना	VT
representation	प्रतिनिधित्व	N
representative	प्रतिरूप; प्रतिनिधि; प्रतिनिधित्वपर आधारित	N
representative	प्रातिनिधिक	Adj
repress	दबाना; कुचलना	VT
repression	रोक	N
repressive	दमनकारी	Adj
reprieve	प्राणदंडकीथोड़ेसमयकेलियेरोक	N
reprieve	प्राणदंडकीथोड़ेसमयकेलियेरोकरखना	VT
reprimand	डाँट	N
reprimand	झिड़कना	VT
reprint	पुनर्मुद्रण; संस्करण	N
reprint	फिरछापना	VT
reprisal	बदला	N
reprise	दोहरायेजानेवालेगीतकाअंश; आवृत्ति	N
reproach	दोषारोपण	N
reproach	दोषलगाना	VT
reprobate	धिक्कारना	VT
reproduce	फिरपैदाकरना; उत्पन्नकरना; प्रतिलिपिकरनेपरविशेषगुणबनायेरखना; सन्तानउत्पन्नकरना	VT
reproduction	पुनरुत्पत्ति; प्रतिरूप	N
reproductive	प्रजनक	Adj
reproof	निन्दा	N
reprove	फटकारना	V
reptile	रेंगनेवाला	Adj
reptile	कीड़ा	N
republic	गणतंत्र	N
republican	गणतांत्रिक	Adj
republican	रिपब्लिकन	N
republicanism	गणतंत्रप्रणाली	N
repudiate	त्यागकरना; नामंजूरकरना	VT
repugnant	विरुद्ध	Adj
repugnance	अरुचि	N
repulse	इंकार	N
repulse	हटादेना; ठुकरादेना	VT
repulsion	विरोध; प्रतिकर्षण	N
repulsive	अरुचिकर; विकर्षण	Adj
repurchase	फिरखरीदना	VT
reputable	विख्यात	Adj
reputation	प्रतिष्ठा	N
repute	ख्याति	N
repute	प्रसिध्दहोना	VT
reputed	विख्यात	Adj
reputedly	सबलोगोंकीरायमें	Adv
request	अनुरोध	N
request	अनुरोधकरना	VT
requiem	शांतियज्ञ	N
require	माँगना; आदेशदेना; इच्छाकरना	VT
requirement	अपेक्षा	N
requisite	अपेक्षित	Adj
requisite	अपेक्षितवस्तु	N
requisition	अधियाचनयामाँग-पत्र	N
requisition	माँग प्रस्तुत करना	VT
requite	वापस देना	V
re-route	अन्यमार्गसेव्यक्तियावस्तुकोभेजना	V
resale	पुनःबिक्री	N
reschedule	फिरसेबदलना	V
rescind	रद्दकरना	VT
rescission	खंडन	N
rescue	उद्धार	N
rescue	बचाना	VT
research	खोज	N
research	फिरखोजकरना	VT
resell	खरीदेमालकोपुनःबेचना	V
resemblance	सादृश्य	N
resemble	सदृशहोना	VTI
resent	बुरामानना	VTI
resentful	क्रोधी	Adj
resentment	क्रोध	N
reservation	आरक्षण; सुरक्षितअधिकार; आरक्षितभूमि; किसीवस्तुकाआरक्षण	N
reserve	जोवस्तुआगेकाममेंलानेकेलिएरखीजाए; सेनाकावहभागजोजरूरतपड़नेपरतैयाररहे; मानसिकप्रतिबंध; नीलाममेनिर्धारितन्यूनतममूल्य	N
reserve	बचारखना; किसीउद्देश्यविशेषकेलियेरखना; आरक्षितकरना; आरक्षितरखना	VT
reserved	अमिलनसार; संकोची	Adj
reservoir	जलाशय; गुहिकाजिसमेद्रव्यभराहो; खजाना	N
reset	फिरसेजोड़नायाबनाना; मुद्रणहेतुटाइपकोसहीतौरपरलगाना; यंत्रकीसुईकोनईस्थितिमेलाना	VT
resettle	फिरबसनायातयकरना	VT
reshape	फिरसेगढ़नायालगाना	VT
reshuffle	फेंटना; फेर-बदलकरना	VT
reside	रहना	VT
residence	निवास	N
residency	रेज़िडेंटनामकसरकारीअफसरकेमकान	N
resident	निवासी	Adj
resident	निवासी	N
residential	निवाससंबंधी	Adj
residual	बचाहुआ; शेष	Adj
residual	अवशेष	N
residue	शेष	N
resign	छोड़देना; सुपुर्दकरना	VT
resigned	सन्तोषी	Adj
resignation	पदत्याग; त्यागपत्र	N
resigned	शांतिपूर्वकसहनेवाला	Adj
resilience	पलटाव	N
resilient	लोचदार	Adj
resin	राल	N
resist	विरोधकरना; अप्रभावितरहना; टक्करलेना; नरोकपाना	VT
resistance	विरोध; प्रतिरोध; प्रतिरोधकक्षमता; विद्दुतप्रवाहकाप्रतिरोध; विरोधीसंस्था	N
resistant	प्रतिरोधी	Adj
resit	अनुत्तीर्णहोनेपरपुनःपरीक्षादेना	V
resolute	धीर; संकल्पवान	Adj
resolution	दृढ़निश्चय; संकल्प; प्रस्ताव; इरादा; विश्लेषण; किसीप्रश्नकाउत्तर	N
resolve	निश्चयकरना; हलकरना; परिवर्तनकरना; मतदानद्वाराकोईसमर्थनकरना	VTI
resolve	संकल्प	N
resolved	विचार	Adj
resonance	प्रतिध्वनि	N
resonant	गुंजित; गुंजायमान	Adj
resonate	गुंजितहोना	V
resort	आश्रय; अंतिमचारा	N
resort	शरणलेना	VT
resound	प्रतिध्वनितहोना; धूममचाना	VTI
resounding	प्रतिध्वनितकरनेवाला	Adj
resource	युक्ति; साधन; सहारा	N
respect	सम्मान; ख्याल; संबंधयासंदर्भ; कुछअंशतक	N
respect	सम्मानकरना; प्रशंसाकरना; आत्मसम्मानरखना	VT
respectability	माननीयता	N
respectable	मान्य; सम्मानित	Adj
respectful	आदरकारी; आदरपूर्ण	Adj
respecting	केबारेमें	Prep
respective	विशेष	Adj
respectively	क्रमशः	Adv
respiration	श्वास	N
respirator	श्वासयंत्र	N
respire	श्वासलेना	V
respite	िराम; आराम	N
respite	विलम्बकरना	VT
resplendent	चमकीला	Adj
respond	भजनजोकिताबपढ़नेकेसमयबीचमेंगायाजाए	N
respond	उत्तरदेना; प्रतिक्रियाकरना; बदलेमेकुछकरनायाकहना	VT
respondent	जवाबदेह; उत्तरदायी	Adj
respondent	प्रतिवादी	N
response	उत्तर; प्रतिक्रिया; ईसाइयोंमेप्रार्थना-पाठकेउत्तरमेगायाजानेवालाभजन	N
responsibility	उत्तरदायित्व; जवाबदेही; ज़िम्मेदारी	N
responsible	उत्तरदायी; ज़िम्मेदार; नैतिकरूपसेउत्तरदायी; व्यक्तिगतजिम्मेदारी; किसीकाम केलियेजिम्मेदारहोना	Adj
responsibily	जिम्मेदारीसे	Adv
responsive	उत्तरदायी; संवेदनशील	Adj
rest	विश्राम; टेक; सहारा; विराम; गतिहीन; दफनाना	N
rest	शेष	N
rest	आरामकरना; शान्तिप्रदानकरना; टेकपररखना; सुस्ताना; किसीपरनिर्भररहना; घूरकरदेखना; कार्यवाहीछोड़देना; खेतखालीछोड़देना	VTI
restful	आरामदायक; आरामदेह	Adj
rest-home	बूढोंऔरबीमारोंकेरहनेकास्थान; विश्रामगृह	N
rest-room	शौचालय	N
restate	फिरसेकहना; बताना	VT
restaurant	जलपान-गृह	N
restitution	लौटाना	N
restive	अड़ियल; नियंत्रणसेबाहर; काबूसेबाहर	Adj
restless	चंचल; अशान्त	Adj
restoration	जीर्णोध्दार; पुनःस्थापन; बहाली	N
restorative	पौष्टिक	Adj
restore	ज्योँकात्योँकरना; मरम्मतकरना; बहालकरना	VT
restorer	बहालकरनेवाला	N
restrain	रोकना; स्वतंत्रताकाहननकरना; अंकुश; रोकलगाना	VT
restraint	रोक; प्रतिबंध; सीमांकन	N
restrict	परिमित; सीमितकरना; Restrict your self to one cup of tea a day	VT
restricted	सीमित; आपलोगोंकेलियेवर्जित	Adj
restriction	सीमा; प्रतिबंध	N
restrictive	रोकनेवाला; विशेषण	Adj
restrictive practices	ोड़कमकरनेयाउत्पादनसीमितयाप्रतिबंधितकरने	N
restructure	नयारूपदेना	V
result	परिणाम	N
result	नतीजानिकलना	VI
resume	सार	N
resume	फिरआरम्भकरना	VT
resurface	फिर से बनाना; फिर से तल पर आना	V
resurgent	फिरउठखड़ाहोनेवाला	Adj
resurrection	मृतोत्थान	N
resuscitate	पुनर्जीवितकरना	VT
retail	फुटकर	Adj
retail	फुटकरबिक्री	N
retail	फुटकरचीज़ेँबेचना	VT
retailer	फुटकरचीज़ेँबेचनेवाला	N
retain	रखलेना; रोक रखना; सुरक्षित रखना	VT
retainer	रखनेवाला	N
retake	फिरलेलेना	VT
retaliate	जैसेकोतैसादेना	VI
retaliation	बदला	N
retard	प्रगतिरोकना	VT
retardation	रोक	N
retch	उबकना	V
retell	पुनः कहना	V
retention	रोकरखना; याददाश्त	N
retentive	धारणशील	Adj
rethink	पुनः सोचना	V
reticence	चुप्पी	N
reticent	कमबोलनेवाला	Adj
retina	आँखकेपीछेकापर्दा	N
retinue	ठाट-बाट	N
retire	अलगहोजाना; पीछे हटना; अवकाशलेना	VTI
retired	अवकाश प्राप्त	Adj
retirement	सेवा-निवृत्ति	N
retort	प्रत्युत्तर	N
retort	प्रत्युत्तरदेना	VTI
retouch	अनुशोधन	V
retrace	फिरनक्शाउतारना	VT
retract	वापस लेना; वापसलौटना	VTI
retractable	आकुंचनशील	Adj
retraction	प्रत्याकर्षण	N
retread	पुराने टायरों मे रबर चढाना	N
retreat	वापसी; वापसी का संकेत; एकान्त-वास	N
retreat	वापसहोना; चले जाना; पीछे हटना; कीमत कम होना	VTI
retrench	कमकरना	VTI
retrenchment	काट	N
retrial	पुनर्विचार	N
retribution	प्रतिकार	N
retrieval	पुनःप्राप्ति	N
retrieve	पुनःप्राप्तकरना	VT
retroactive	बीतीहुईबातोँपरकामकरनेवाला	Adj
retroflex	मूर्धन्य{ध्वनि}	Adj
retrograde	पीछेजानेवाला	Adj
retrospect	पश्चादवलोकन	N
retrospect	पुनरावलोकनकरना	VT
retrospective	बीतेहुएकालपरदृष्टिडालनेवाला	Adj
retsina	ग्रीक शराब	N
return	वापसी; आना-जाना; प्रत्यपर्ण; पुनरावृत्ति; लाभ{पूँजी या लागत पर}; बिना बिका या बिकने योग्य सामान की वापसी; लौटती डाक से	N
return	लौटना; पुरानी स्थिति में लौट जाना	VI
return	वापिसकरना; लौटाना; वापस आना; वापसरखना; लाभ प्रदान करना; वापिसदेना	VT
reunion	पुनर्योग	N
reunite	फिरमिलना[मिलाना]	VTI
reuse	पुनः प्रयोग करना	V
revalue	पुनः मूल्यांकन करना	V
revaluation	पुनः मूल्यांकन करने की क्रिया	N
reveal	प्रकट करना	V
revealing	दिखानेवाला	Adj
reveille	जगाने का बिगुल	N
revel	धूमधामकीदावत	N
revel	आमोदप्रमोदकरना	VT
revelation	रहस्योद्घाटन	N
revelry	आमोदप्रमोद	N
revenge	प्रतिशोध	N
revenge	प्रतिशोधलेना	VT
revenue	कर	N
reverberate	गूंजना	VTI
reverberation	गूँज	N
revere	आदरकरना	VT
reverence	आदर	N
reverend	आदरणीय	Adj
reverent	भक्तियुक्त	Adj
reverently	आदरसे	Adv
reverie	दिवास्वप्न	N
revers	वस्त्र का उल्टा भाग	N
reversal	परिवर्तन	N
reverse	उलटना	VT
reverse	विपरीत	N
reverse	उल्टी	Adj
reversible	पलटवाँ	Adj
reversion	लौटना	N
revert	फिरलौटआना	VTI
revet	पलस्तर लगाना	VT
review	परखना	VT
review	पुनरवलोकन	N
reviewer	समीक्षक	N
revile	गालीदेना	VT
revise	दुहराना	VT
revision	पुनःअवलोकन	N
revisit	फिरभेँटकरना	VT
revival	पुनरुत्थान	N
revive	फिरजीवितकरना	VTI
revocation	खण्डन करना	N
revoke	मिटादेना	VTI
revolt	बग़ावत	N
revolt	राजद्रोहीहोना; घृणाउत्पन्नकरना[होना]	VTI
revolution	क्रांति; नक्षत्रकापरिभ्रमण; महत्वपूर्णपरिवर्तन; पूराचक्कर; परिभ्रमण	N
revolutionary	क्रान्तिकारी	Adj
revolutionary	क्रान्तिकारीमनुष्य	N
revolve	घूमना	VTI
revolving	परिक्रमी	Adj
revolver	पिस्तौल{जिसमेँकईनलीहोँ}	N
revue	समसामयिकप्रहसन	N
revulsion	आकस्मिकभावपरिवर्तन	N
reward	पारितोषिक	N
reward	पारितोषिकदेना	VT
rewarding	लाभप्रद	Adj
rewind	लपेटना	V
rewire	बिजलीकेनयेतारलगाना	V
rework	पुनःकार्यकरना{भिन्नतालानेकेलिये}	V
rewrite	फिरलिखना	VT
rhapsody	अत्यंतप्रशंसा	N
rhetoric	व्याख्यानविद्या	N
rheumatic	वातरोगग्रस्त	Adj
rheumatism	गठिया	N
rhinoceros	गेंडा	N
rhizome	प्रकन्द	N
rhombus	समचर्तुभुज	N
rhomboid	समान्तरअसमचतुर्भुज	N
rhubarb	रेवाचीनी	N
rhyme	तुकबंदी	N
rhyme	तुकबंदीकरना	V
rhythm	ताल	N
rhythmical	तालबद्ध	Adj
rib	पसलीकीहड्डी; पत्तीकीनस	N
rib	तंगकरना; मजाक बनाना; पसलीचढाना; जोड़ना	VT
ribbon	फीता; पोशाक मे लगे छोटे-छोटे फीते{ओहदे का आभास हो}	N
rice	चावल	N
rice paper	राइस पेपर{पतलाखानेयोग्य}	N
rich	सम्पन्न; प्रचुर; गरिष्ट; शानदार; भड़कीला	Adj
riches	दौलत	N
richly	बहुतायतसे	Adv
richness	धनाढ्यता	N
richer scale	तीव्र माप का	N
rick	ढेर	N
rick	दर्द{ जोड़ों का}	V
rickets	सूखा रोग	N
rickety	डाँवाँडोल	Adj
rickshaw	रिक्शा	N
ricochet	गोलीकाटकराकरलौटना	N
ricochet	वस्तु का टकराकर वापस लौटना	V
rid	मुक्तकरना	VT
ridden	सेपूर्ण	Adj
riddle	पहेली	N
riddle	बहुतसेछेदकरना	V
ride	सैर{घोड़ेयागाड़ीपरसवारहोकरसैर}	N
ride	सवारीकरना	VTI
rider	सवार	N
ridge	ढालूटीला{यापहाड़ी}	N
ridge	मेड़ बनाना	V
ridicule	उपहास	N
ridicule	उपहासकरना	VT
ridiculous	हास्यास्पद	Adj
riding	सवारी	N
rife	प्रचलित	Adj
riffraff	निन्द्य लोग	N
rifle	एकप्रकारकीबन्दूक	N
rifle	छीनलेना	VT
rift	दरार	N
rig	विशेषउपकरण	N
rig	उपकरणसेलेसकरना; चालाकी से संचालित करना	VT
rigging	जहाज़कीरस्सी	N
right	दाँया; सही	Adj
right	ठीक; तुरन्त	Adv
right	अधिकार; सही	N
righteous	सच्चा	Adj
righteousness	नेकी	N
rightful	अधिकारी	Adj
rigid	कड़ा	Adj
rigidity	कठोरता	N
rigmarole	अनाप-शनाप	N
rigor mortis	मरने के बाद शरीर का कड़ापन	N
rigorous	कड़ी	Adj
rigour	कड़ाई; कठिनाई	N
rim	किनारा	N
rim	किनारालगाना	VT
rind	चमड़ा; छिलका	N
ring	अँगूठी; छल्ला{चाभी; नेपकिन का}; घेरा; मंडल; चक्र	N
ring	बजना{घण्टियोँका}	VI
ring	बजाना{घण्टीँका}	VT
ring-leader	सरगना	N
ringleader	सरग़ना	N
ringworm	दाद	N
rink	बर्फ का मैदान	N
rinse	खंगालना	VT
rinse	धुलाई	N
riot	दंगा	N
riot	दंगाकरना	VT
rioter	दंगाकरनेवाला	N
riotous	राजद्रोही	Adj
rip	चीरा	N
rip	फाड़ना	V
ripe	पकाहुआ	Adj
ripen	पकना	VI
ripen	पकाना	VT
ripeness	प्रौढ़ता	N
ripple	छोटीतरंग	N
ripple	लहराना	VTI
rise	उठना; उदित होना; जी उठना; बढना; तीव्र होना; प्रसन्न हो जाना; उन्नति करना	VI
riser	उठनेवाला	N
rising	उन्नतिशील	Adj
rising	विद्रोह; उत्थान	N
risk	ख़तरा	N
risk	जोखिमउठाना	VT
risky	ख़तरनाक	Adj
rite	रीति	N
ritual	रस्मसंबंधी	Adj
ritual	क्रियापद्धति	N
rival	प्रतियोगी	N
rival	बराबरीकरना	VT
rivalry	बराबरी	N
riven	चीरना	VTI
river	नदी	N
river-bed	नदीकातला	N
riverside	नदी-किनारा	N
rivet	रिबेट	N
rivet	खूँटीसेजड़ना; आकृष्ट करना	VT
roach	एकप्रकारकीमछली	N
road	सड़क	N
roadie	?	N
road-house	पब	N
road sense	मार्ग-बोध	N
road tax	मार्ग कर	N
roadblock	मार्ग-रोक	N
roam	घूमना-फिरना	VI
roar	दहाड़	N
roar	दहाड़ना; घड़घड़ाना	VI
roast	भुनीहुईवस्तु	N
roast	भूनना; छिद्रान्वेषण करना	VT
rob	लूटना; छीनना	VT
robber	डाकू	N
robbery	डकैती	N
robe	जामा	N
robe	सभावस्त्रधारणकरना	VT
robin	रॉबिन{एकप्रकारकापक्षीजिसकीछातीलालहोतीहै}	N
robot	यंत्रवत काम करनेवाला	N
robust	मज़बूत	Adj
rock	चट्टान	N
rock-bottom	निम्नतम	N
rock	हिलना; हिलजाना{देना}	VTI
rocker	पालनायाहिंडोला	N
rockery	पत्थरों के बीचमे पौधे	N
rocket	बाण-हवाई	N
rocket	अचानक बहुत बढना	V
rocky	पथरीला	Adj
rococo	अधिक अलंकृत	Adj
rod	छड़	N
rodent	चूहागिलहरीआदिकतरनेवालेजानवर	N
rodeo	?	N
roe	एकप्रकारकाहिरन	N
roebuck	नरहिरन	N
rogue	आवारा; अड़ियल जानवर{घोड़ा; हाथी}	N
roll	गोला; सूची; गड़गड़ाहट	N
roll	घूमा; लुढकना; लपेटना; घुमाना; धीमे चलना; बेलना	VTI
roller	बेलन	N
roll bar	धातु की छड़	N
roll call	हाज़िरी	N
roll of honour	उपाधि प्राप्तकर्ताओ की सूची	N
roll-top desk	खुलने वाला डेस्क	N
rolled oats	जई की खली	N
rolling drunk	धुत्त पियक्ड़	Adj
rolling-pin	बेलन	N
rolling-stock	छोटी गाड़ी{पटरी पर चलने वाली}	N
rolling stone	बिन पेंदी का लोटा	N
roll on	रोल-ओन{डिओडारेन्ट}	N
roller-coaster	रोलरकोस्टर{बच्चों की पटरी पर ऊपर नीचे चलने वाली गाड़ी}	N
roller skate	पहिये का जूता	N
rollick	बेपरवाहीसेघूम	VI
roly-poly	पुडिंग	N
roly-poly	गोल-मटोल	Adj
roman	रोमवासी	Adj
roman	रोमवासी	N
romance	प्रेमकहानी; रोमांच	N
romantic	कल्पित; रोमानी	Adj
romp	उछलकूद; मजेदारफिल्म[कथा; पुस्तक]	N
romp	उछलकूदकरना	VI
roof	छत	N
roof	छतपाटना	VT
rook	कौवाजैसापक्षी	N
rook	ठगना	VTI
rookie	अनाड़ी	N
room	कमरा; स्थान; कमरेमेबैठैलोग	N
roomy	जगहदार	Adj
room-mate	साथी	N
room service	रूम सर्विस	N
roost	अड्डा{पक्षियोँका}	N
roost	अड्डेपरबैठना{पक्षीकीतरह}	VI
rooster	मुर्गा	N
root	जड़; वर्गमूल; धातु{क्रिया}	N
root	जड़पकड़ना	VI
root	स्थापितकर	VT
rope	रस्सी	N
rope	रस्सी सेबाँधना{बँधना}	V
ropy	बेकार	Adj
rosary	जपमाला; गुला०बकाबाग़	N
rose	गुलाबकाफूलयापौधा	N
rose-water	गुलाब-जल	N
rosette	रंग-बिरंगे रिबनों का बना बिल्ला	N
rose-wood	शीशम	N
roster	कामकरनेवालोँकीनामावली	N
rostrum	मंच; चोँच	N
rosy	गुलाबी	Adj
rot	सड़ना	VTI
rotary	घूर्णी	Adj
rotate	घूमना	VTI
rotation	चक्कर	N
rote	रटना	N
rotten	सड़ाहुआ; खराब	Adj
rotter	निर्दयी; नीच	N
rotund	गोल	Adj
rotunda	गोल-घर	N
rouble	रूसदेशकीमुद्रा	N
rouge	लाली{प्रकारकालालरंगजोचेहरेयाओठोँपरलगातेहैँ}	N
rouge	लालीलगाना	VT
rough	खुरदरा; तूफानी; कच्चा; कठिनाईभरा; रूखा; अशान्त	Adj
rough	कठिनाईसहना	VT
roughly	लगभग; असावधानीसे; अशिष्टतासे	Adv
roughness	खुरदरापन	N
roulette	एकप्रकारकाखेल	N
round	गोल	Adj
round	वृत्त; दौर; पारी; बारी; घेरा; बौछार; फेरा	N
round	गोलबनाना	VTI
roundabout	गोलमोल	Adj
round-table	गोल सभा	Adj
roundel	गोलाकार फलक; चित्र	N
roundsman	फेरीवाला	N
roundworm	केंचुआ; गोलकृमि	N
rouse	जागना; उत्तेजितकर	V
rousing	शानदार	Adj
roustabout	मज़दूर	N
rout	भगदड़	N
rout	हरा देना	VT
route	मार्ग	N
routine	नित्यकानियम	N
routinely	नियमितरूपसे	Adv
rove	घूमना	VI
rover	घूमनेवाला	N
row	झगड़ा; पंक्ति	N
row	खेना; झगड़ना	VT
rowlock	चप्पू-कुण्डा	N
rowdy	झगड़ालू	Adj
rowdy	झगड़ालूव्यक्ति	N
royal	शाही	Adj
royalist	राजभक्त	N
royal	शाहीखानदानकाव्यक्ति	N
royalty	ग्रन्थकारकाप्राप्यअंश	N
rub	रगड़	N
rub	रगड़ना; घिसना	VI
rub	रगड़; मलना; घिसना; मिटाना	VT
rub the wrong way	चिढ़ाना	IDM
rubber	रबर	N
rubber plant	रबर का पेड़	N
rubber stamp	रबर की मोहर	N
rubbish	कूड़ा-करकट; अनापशनाप	N
rubble	छोटेअनगढ़ेपत्थर	N
rubella	जर्मन खसरा	N
ruby	सुर्ख	Adj
ruby	लालमणि	N
ruck	जनसाधारण	N
ruck	शिकन; सिलवट पड़ना	V
rucksack	कंधे पर पहनने वाला झोला	N
rudder	पतवार	N
ruddy	सुर्ख	Adj
rude	अशिष्ट	Adj
rudeness	अशिष्टता	N
rudimentary	प्रारम्भिक	Adj
rudely	अशिष्ट व्यवहार	Adv
rue	ब्राह्मी	N
rue	विलापकर	VTI
rueful	उदास	Adj
ruefully	अफ़सोसकेसाथ	Adv
ruff	रंगबिरंगेपंख	N
ruffian	बदमाश	N
ruffle	झालर; खलबलीमचाना	N
rug	कम्बल	N
rugged	ऊँचा-नीचा; ऊबड़खाबड़; सख्त; मज़बूत	Adj
ruin	खण्डहर; पतन	N
ruin	नष्टकर	VT
ruinous	नाशक	Adj
rule	शासन; नियम; फुट्टा{पैमाना}	N
rule	निर्णयकर	VI
ruler	शासक	N
ruling	प्रबल	Adj
ruling	न्यायालयकानिर्णय	N
rum	गुड़कीशराब	N
rumble	घड़घड़ाहट	N
rumble	घड़घड़ाना	VI
rummage	खोज	N
rummage	खूबतलाशकर	VI
rummy	ताश का खेल	N
rumour	चर्चा; गप	N
rumour	गपउड़ाना	VT
rump	पुट्ठा	N
rumpus	उपद्रव	N
rumple	सिकुड़न	N
rumple	सिकुड़ना	VT
run	दौड़; सैर; मार्ग; लम्बादौर; माँग; बाड़ा; ट्रैक; रन; ?	N
run	दौड़ना; दौड़ाना; चलना; लेजाना; जाना; चालूकरना	VI
runaway	भगोड़ा; तेज़जानेवाला	N
runnel	नाला	N
rung	सीढ़ीकाडंडा	N
runner	दौड़नेवाला	N
runny	बहता हुआ	Adj
runt	नाटा; कमजोर	N
runway	दौड़-पथ	N
running	लगातार; एककेबादएक	Adj
rupee	रूपया	N
rupture	दरार	N
rupture	फटना	VI
rural	देहाती	Adj
ruse	छल; चाल; धोखा	N
rush	भीड़; हड़बड़ी; जल्दीमें; बढ़तीमाँग	N
rush	जल्दबाज़ीकरना	VI
rusk	रस्क{सूखीडबलरोटी}	N
russet	लालीलियेहुयेभूरेरंगका	Adj
rust	ज़ंग	N
rust	ज़ंगलग	VTI
rustic	गँवार	Adj
rustle	झड़झड़ाहट	N
rustle	झड़झड़ा	VI
rusty	जंगलगाहुआ	Adj
rut	पहियेकीलकीर	N
ruth	दया	N
ruthless	निर्दयी	Adj
rye	राई{एकप्रकारकाअनाज}	N
sabbath	विश्रामदिवस	N
sabbatical	विश्रामदिवस सम्बन्धी	N
sable	सेबल{नेवलेकीजातिकाएकपशु}	N
sabotage	बिगाड़ना	V
sabotage	ध्वंसन	N
sabre	तलवार	N
sabre-rating	किसी को धमकी देकर ड़राना	N
sac	थैली; कोश	N
saccharine	शर्करीय; सुमधुर	Adj
sacerdotal	पुरोहिती; याजकीय	Adj
sachet	पुटक; थैली	N
sack	बोरा; बोरी; लूटपाट	N
sack	निकाल देना; लूटना	V
sackcloth and ashes	टाट ओढ़े और भस्म रमाए	IDM
sacrament	संस्कार; परमसंस्कार; परमप्रसाद	N
sacramental	सांस्कारिक	Adj
sacred	पवित्र	Adj
sacrifice	बलिदान; त्याग	N
sacrificial	यज्ञ-; बलि-	Adj
sacrilege	अपवित्रीकरण	N
sacrilegious	धर्मविरोधी	Adj
sacristan	गिरज़ादार	N
sacristy	पूजा सामग्री कक्ष	N
sad	उदास; बहुत बुरा	Adj
sadden	दुःखी बनना	V
sadly	दुर्भाग्यवश से; बुरी तरह से; उदासी से	Adv
sadness	विषाद	N
saddle	जीन; गद्दी; आसन; सीट; पीठ का पारचा	N
saddler	ज़ीनसाज़	N
saddlery	घोड़े का साज़ सामान; ज़ीनसाज़ी	N
sado-masochism	दर्ददेकरखुशीपाना	N
safari	शिकार	N
safe	सुरक्षित; सही-सलामत; सकुशल; विश्वसनीय	Adj
safe-conduct	अभयपत्र	N
safeguard	रक्षोपाय; रक्षक	N
safeguard	सुरक्षित करना; बचाना	V
safe keeping	सुरक्षा	N
safely	सलामती से; कुशलपूर्वक; निश्चित रूप से	Adv
saffron	केसरिया	Adj
sage	कपूर का पत्ता	N
saga	आख्यान	N
sagittarius	धनु	N
sail	जलयात्रा करना; रवाना होना; पार करना	V
sailing	जलयात्रा	N
sailboard	सेलबोर्ड	N
sailboat	पाल-नाव	N
sailcloth	जहाज़ के लिए प्रयुक्त होने वाला मोटा कपड़ा	N
sailor	नाविक; मल्लाह	N
saint	साधु; सन्त	N
sainted	साधु; सन्त	Adj
sainthood	साधुता	N
saintly	सन्तसुलभ	Adv
saintliness	साधुता	N
saint's day	साधु-दिवस	N
sake	केलिये; साके{चावलों की बनी जापानी शराब}	N
salacious	अश्लील	Adj
salad	सलाद	N
salad-cream	सलाद क्रीम	N
salad-dressing	सलाद का सजाव	N
salamander	समन्दर; सैलामैण्डर	N
salami	मसालेदार लंगोचा	N
salary	वेतन; तनखाह	N
salaried	वेतन सम्बन्धी	Adj
sale	बिक्री	N
sales clerk	दुकानपरकामकरनेवाला	N
saleable	बेचने योग्य	Adj
saleroom	नीलाम-घर	N
salesman	विक्रेता; विक्रयिक	N
salesperson	विक्रेता	N
saleswoman	विक्रेत्री	N
salient	मुख्य	Adj
salient	बहिर्गत	N
saline	लवणीय	Adj
saliva	लार; लालाजल	N
sallow	पीला	Adj
sallow	बेदमजनूं	N
sally	निकलना	V
sally	धावा	N
salmon	सामन; मृदुपक्षा	N
salmonella	कीटाणु जो फूड़ को जहरीली बनादे	N
salon	नाई की दूकान	N
saloon	मदिरालय	N
salsa	चटनी	N
salsify	विलायती कचालू	N
salt	नमक	N
salt-cellar	नमक-दान	N
salt-water	नमक का पानी	Adj
salt-petre	शोरा	N
salubrious	स्वास्थ्यवर्धक	Adj
salutary	हितकारी; अच्छा प्रभाव	Adj
salutation	अभिवादन; सम्बोधन	N
salute	नमस्कार; अभिवादन; सलामी	N
salute	अभिवादन करना	V
salvage	उबार; भ्रंशोद्धार	N
salvage	उबारना; बचाना	V
salvation	मुक्ति	N
salvation army	मुक्ति-सेना	N
salve	मरहम	N
salve	शान्त करना	V
salver	थाली	N
salvo	तोपोंकाबोलना	N
salvolatile	ऐमोनियम कार्बोनेट	N
samaritan	समारी; फोन पर मिलने वाली सहायता	N
samba	नृत्य का एक प्रकार	N
same	समान; सदृश	Adj
the same	समान रूप से	Adv
same	वही	Pron
sameness	समानता	N
samosa	समोसा	N
samover	समोवार	N
sampan	साम्पन	N
sample	नमूना	N
sample	नमूना बनाना या लेना	V
sampler	नमूने जानने वाला	N
samurai	जापान की मिलिटरी; जापान की मिलिटरी का सदस्य	N
sanatorium	स्वास्थ्यालय	N
sanctify	पवित्र करना	V
sanctimonious	पाखंडी	Adj
sanctimoniously	ढोंग रचते हुए	Adv
sanction	मंज़ूरी; दण्डविधान	N
sanction	मंज़ूर करना	V
sanctity	पवित्रता	N
sanctuary	पुण्यस्थान; शरणस्थान; मृगवन	N
sanctity	पवित्रता	N
sanctum	निजी कमरा; परमपावन मन्दिरगर्भ	N
sand	रेत; सिकता; बालू-तट	N
sander	घिसाई करने वाला	N
sandy	रेतीला	Adj
sandbar	बालू-भित्ति	N
sanddunes	रेत का टीला	N
sandal	चप्पल	N
sandalled	चप्पल पहिना हुआ	Adj
sandalwood	चंदन	N
sandbag	बालू-थैली	N
sandbag	बालू-थैली लगाना	V
sandbank	रेती; सैकत	N
sandblast	रेत का झोंका	N
sandblast	रेत का झोंका मारना	V
sandbox	बालूदानी	N
sandcastle	रेती से बना हुआ किला	N
sandfly	मरु-मक्षिका	N
sandman	सैंडमेन{एक कल्पित आदमी}	N
sandpaper	रगड़ना{रेगमाल से}	V
sandpaper	रेगमाल	N
sandpiper	टिटिहरी	N
sandpit	बालू का गड्ढा	N
sandstone	बलुआ-पत्थर; बालुकाश्म	N
sandstorm	रेतीली आँधी; रेतीला तूफ़ान	N
sandwich	सैंडविच	N
sandwich	बीच में रखना{दोपाटोंके}	V
sandwich-board	सैंडविच बोर्ड	N
sandwich course	एक साथ किए जाने वाले दो शैक्षिक पाठ्यक्रम	N
sane	स्वस्थचित्त; समझदार	Adj
sang	गाया	V
sang-froid	आत्मसंयम; धैर्य	N
sangria	मद्य	N
sanguinary	रक्तपातपूर्ण; रक्तपिपासु	Adj
sanguine	आशावादी	Adj
sanitarium	आरोग्य-निवास	N
sanitorium	आरोग्य-निवास	N
sanitary	स्वच्छता-विषयक	Adj
sanitation	स्वास्थ्य-रक्षा	N
sanitize	साफ़ सुथरा बनाना	V
sanity	स्वस्थचित्तता; विवेक	N
sank	ड़ूबा	V
sanserif	सादा	N
santa clause	सैंटाक्लोज़	PropN
sap	रस; सार; मूर्ख	N
sap	अशक्त या दुर्बल होना	V
sapient	प्रज्ञ	Adj
sapling	बालवृक्ष; छोटा पौधा	N
sapper	खंदक खोदने वाला सैनिक	N
sapphire	नीलमणि	N
sapwood	रसदारु	N
saracen	?	N
sarcasm	व्यंग्योक्ति	N
sarcastic	व्यंग्यात्मक	Adj
sarcophagus	शवपेटिका; ताबूत	N
sardine	सार्डीन मछली	N
sardonic	कटुतापूर्ण; निन्दापूर्ण	Adj
sarge	सेनाधिकारी	N
sari	साड़ी	N
sarky	व्यंग्यात्मक	Adj
sarong	लुंगी	N
sartorial	सिलाई संबंधी	Adj
sas	उच्च शिक्षित सिपाहियों का समूह	Abbr:Special Air Service
sash	दुपट्टा; कमरबन्द; गज़	N
sashcord	सेश	N
sash-window	खिड़कीकाचौखट	N
sashay	?	V
sass	उद्धतता	N
sassenach	अंग्रेज	N
satanism	शैतानी; शैतान-पूजा	N
satchel	बस्ता	N
satellite	उपग्रह; अधीन राज्य	N
satiety	तृप्ति	N
satiate	परितृप्त करना	V
satin	साटन	N
satin	चिकना	Adj
satiny	चमकीला	Adj
satire	व्यंग्य; प्रहसन	N
satirical	उपहासात्मक; व्यंग्यात्मक	Adj
satirist	व्यंग्यकार	N
satirize	का उपहास करना; की निन्दा करना	V
satisfaction	सन्तोषण	N
satisfactory	सन्तोषजनक	Adj
satisfy	सन्तुष्ट करना; पूरा करना; सन्देह दूर करना	V
satisfied	संतुष्ट	Adj
satsuma	सन्तरा	N
saturate	गीला कर देना; भरा होना	V
saturated	तर-बतर	Adj
saturated	संतृप्त किया हुआ	Adj
saturation	संतृप्त	N
saturday	शनिवार	N
saturn	शनि{ग्रह}	N
saturnine	उदास	Adj
satyr	वनदेवता	N
sauce	चटनी; रूखा व्यवहार	N
saucy	ध्रृष्ट	Adj
sauce boat	चटनी पात्र	N
saucepan	ढेगची	N
saucer	तश्तरी	N
saverkrant	बंदगोबी की आचार	N
sauna	वाष्प स्नान	N
saunter	चहलना	V
saunter	चहलकडमी	N
sausage	कबाब	N
saute	तला हुआ	Adj
savage	जंगली; निष्ठुर; वन्य	Adj
savagely	जंगलीपन से	Adv
savagery	जंगलीपन	N
savannah (also savanna)	घास का मैदान	N
savant	विद्वान	N
save	बचालेना[देना]	V
saving	बचाव	Adj
savings bank	बचत बैंक	N
saviour	रक्षक	N
savoir faire	व्यवहार कुशलता	N
savoury	स्वादिष्ट	Adj
savour	पसन्द करना	V
savour	स्वाद	N
savoy	एक तरह का बन्द गोबी	N
saw	देखा	V
saw	आरा चलाना	V
saw	आरा	N
sawdust	बुरादा	N
sawmill	आरा मशीन	N
sax	सैक्साफोन{एक तरह का बाज़ा}	N
saxifrage	एक छोटासा भिन्न रंगों वाली पौधा	N
saxon	सैक्सन्	N
saxon	सैक्सन् संबन्धी	Adj
saxaphone	सैक्साफोन{एक तरह का बाज़ा}	N
saxaphonist	?	N
say	कहना	V
scab	खुरण्ड; पामा; हड़ताल भेदी	N
scabby	पपड़ीदार	Adj
scabbard	म्यान	N
scabies	खुजली	N
scabious	खरसैला	N
scabrous	खुरदारा; अश्लील	Adj
scads	ढ़ेरसारे	N
scaffold	फाँसी का तख्ता; पाड़	N
scaffolding	मंच	N
scaler	अदिश	N
scalawag	दुर्जन; बदमाश	N
scald	जलाना{गरम पानी से}; गरम करना; उबालना	V
scald	जला; द्रवदाह	N
scalding	गर्म{उबला जैसा}	Adj
scale	छिलका; पपड़ी; कीट; माप; मापक्रम; मानदण्ड; स्वरग्राम; पैमाना	N
scale	छिलका या परत उतारना	V
scale down	कम करना	V
scale up	बड़ाना	V
scally	पपड़िला	Adj
scallion	प्याज़	N
scallop	घोंघा	N
scallywag	दुर्जन; बदमाश	N
scalp	सिर की खाल	N
scalp	सिर की खाल् उतारना	V
scalpel	क्षुरिका	N
scam	घोटाल	N
scamp	बदमाश	N
scamper	दौड़ जाना	V
scampi	एक तरह का झींगा	N
scan	पर्यवेक्षण करना	V
scandal	अनैतिक आचरण	N
scandalize	दुखी करना	V
scandalous	अवमानित	Adj
scandalmongers	चुगलखोर	N
scansion	पर्यवेक्षण करना	V
scant	अपर्याप्त	Adj
scanty	अल्प	Adj
scape	दृश्य	N
scapegoat	बलि का बकरा	N
scapula	स्कन्धास्थि	N
scar	क्षतचिह्न	N
scarce	दुर्लभ	Adj
scarcity	अभाव; कमी	N
scarcely	मुशकिल से	Adv
scare	डरना[डराना}	V
scare	डर	N
scared	डराहुआ	Adj
scary	डरावना	Adj
screcrow	बिजूखा	N
scarf	स्कार्फ	N
scarlet	सिंदूरीलाल	Adj
scarp	ढाल	N
scarper	भाग जाना	V
scathing	कटु	Adj
scathingly	कटुतापूर्वक	Adv
scatter	तितर-बितर करना	V
scatterbrain	अविवेकी	N
scatterbrained	अविवेकी	Adj
scatty	पगला	Adj
scavenge	सफ़ाई करना	V
scenenario	दृश्य लेख	N
scene	घटनास्थल; घटना; तमाशा; दृश्य	N
scenery	प्राकृतिक दृश्य; मंच सज्जा	N
scenic	प्राकृतिक	Adj
scent	गन्ध; अतर; खोज	N
scent	सूँघना; भाँपना; सुगन्धित करना	V
sceptre	राजदण्ड	N
sceptic	अविश्वासी	N
sceptical	अविश्वासी; संशयात्मा	Adj
scepticism	अविश्वास	N
schedule	कार्यक्रम; सूची	N
scheduled	परिगणित	V
schema	रूपरेखा	N
schematic	योजना बद्ध; पद्धति	Adj
scheme	योजना बनाना	V
scherzo	?	N
schism	फूट; विच्छेद	N
schismatic	विच्छिन्न; विच्छेदकारी	Adj
schizoid	?	Adj
schizophrenia	?	N
schizophrenic	?	Adj
schlepp	?	V
schlock	रद्दी माल	N
schmaltz	?	N
schmo	मूर्ख	N
schnapps	एक तरह का नशीली पदार्थ	N
scholor	वृत्ति छात्र; विद्वान	N
scholorship	छात्र वृत्ति	N
school	विद्यालय; शिक्षा; शाखा	N
school	प्रशिक्षित करना	V
schooling	प्रशिक्षण	N
schoolage	शिक्षा काल	N
schooldays	विद्यार्थि जीवन	N
school friend	सह विद्यार्थि	N
school leaver	प्रशिक्षित विद्यार्थि	N
school boy	स्कूली लड़का	N
school child	स्कूली बच्चा	N
school fellow	सहपाठी	N
school girl	स्कूली लड़की	N
school house	विद्यालय भवन	N
school master	अध्यापक	N
school mate	सहपाठी	N
school teacher	शिक्षक	N
schooner	स्कूनर	N
schwa	अकाह्स्वरूप	N
sciatic	नितंब संबन्धी	Adj
science	विज्ञान	N
scientific	वैज्ञानिक	Adj
science fiction	काल्पनिक विज्ञान	N
science park	वैज्ञानिक प्रयोगशाला	N
scientist	वैज्ञानिक	N
scimitar	शंशेरी	N
scintilla	लवलेश	N
scintillating	लघुरूप	Adj
scion	वंशज	N
scissors	कैँची	N
sclerosis	काठिन्य	N
sclerotic	कठिन	Adj
scoff	उपहास करना	V
scold	डाँटना	V
scolding	डाँट; झड़की	N
scone	केक	N
scoop	कलछी; हतथा; अनूठी खबर; तगड़ा गूनाफा	N
scoot	शीघ्रपहुँचना	V
scooter	स्कूटर	N
scope	गुंजाइष; विस्तार	N
scarch	झुलसना; तेज़ गति से चलाना	V
scorcher	गरमी दिन; ज़ोरदार मार	N
scarching	अत्युष्ण	Adj
scarched earth policy	सर्व क्षार-नीति	N
scarchmark	खरोंचकेनिशान	N
score	प्राप्तांक; अंक; स्वरलिपि; संगीतलेख; कोड़ी; बीसी; खरोंच	N
scoreless	रनरहित	Adj
scoredraw	बराबरपारी	N
scoresheet	अंकसूची	N
score	अंक बनाना; अंक लिखाना; अंक पाना; विजयी होना; स्वरलिपि तैयार करना; खरोंचना	V
scorer	गणक; स्कोर बबनानेवाला	N
scoreboard	अंक फलक	N
scorn	से घृणा करना; तिरस्कार करना	V
scornful	घृणापूर्ण	Adj
scorpion	बिच्छू; वृशिचिक	N
scot	कर; स्काटलैंड् वासी	N
scotch	स्काटलैंड-संबंधी	Adj
scotch broth	अनाज़ और सब्जियों की रसा	N
scotch tape	फीता	N
scotch egg	तलाअंडा{गोश्तलगाहुआ}	N
scot free	बिना सजा के	Adv
scotland yard	लंदन पुलिस की मुख्य कार्यालय	N
scotsman	स्कॉटनिवासी	N
scotswoman	स्कॉटनिवासिनी	N
scottish	स्काटलैंड् की	Adj
scoundrel	बदमाश; दुष्ट	N
scour	माZजना; छान डालना	V
scourge	कोड़ा; लोक कंटक	N
scouse	लीवरपूलकीबोली	N
scouser	लीवरपूलनिवासी	N
scout	बालचर; गुप्तचर	N
scoutmaster	स्काउट् दल की नेता	N
scoul	तेवर	N
scrabble	टटोलना; खरोंचना	V
scraggy	दुबला-पतला	Adj
scram	धत	V
scramble	चढ़ना{हाथ पैर के बल से}; संघर्ष करना	V
scrap	टुकड़ा	N
scrapbook	कतरन रजिस्टर; संग्राह पुस्तिका	N
scrape	छीलना; रगड़ना; खरोंच खाना; घिसना; खोदना	V
scratch	खुरचना; घसीटना; खुज़लाना; वापस लेना	V
scrawll	घसीटना	V
scream	चीख	N
scream	चीखना	V
scree	शैल-मलवा	N
screech	चीत्कार करना; कर्कशध्वनि करना	V
screed	राम-कहानी; परत	N
screen	परदा; आड़; चित्रपट	N
screen	आड़ देना; छिपाना; जाँचना; प्रदर्शित करना	V
screen play	फिल्म नाटक	N
screen writer	पटकथालेखक	N
screw	पेंच; फेर	N
screwy	बकवास	Adj
screw ball	सनकी; झक्की	N
screwed up	मुरझाना; मसोसना	Adj
screw topped	पेंचदार ढक्कन	Adj
screw driver	पेंचकस	N
scribble	घसीटना	V
scribe	लिपिक	N
scrimmage	हाथापायी	N
scrimp	मितव्ययी होना	V
scrip	पावती पत्र	N
script	लिखावट; हस्तलिपि; शैली	N
scripture	धर्मग्रन्थ	N
script writer	कथा लेखक	N
scroll	चीरक	N
scrooge	कंजूस	N
scrotum	अण्डकोशकीथैली{पशुओमें}	N
scrounge	उड़ालेना	V
scrub	मार्जन करना	V
scrub	झाड़ी	N
scruff	गरदन	N
scruffy	गंदा	Adj
scrum	झुंड	N
scrumptious	स्वादिष्ट	Adj
scrunch	चीखना	V
scruple	नैतिक संकोच	N
scruple	झिझखना	V
scrupulous	कर्तव्य निष्ठ	Adj
scrutineer	मतपत्र-निरीक्षक	N
scrutinize	जाँचना	V
scrutiny	सूक्ष्म परीक्षण	N
scuba diving	?	N
scud	तेज़ी से दौड़ना; उड़ना; ब्ह्जाना	V
scuff	पैर घसीटकर चलना	V
scuffle	हाथा पाई	N
scull	छोटा चप्पू	N
scullery	बर्तन माँजने की जगह	N
sculpt	मूर्ति बनाना	V
sculptor	मूर्तिकार	N
sculputure	मूर्तिकला	N
sculpture	मूर्ति बनाना	V
sculptural	मूर्तिकला से संबंधित	Adj
scum	मैल; हेय व्यक्ति	N
scummy	झागदार	Adj
scupper	असफल करना	V
scurrilous	बदज़बान; अश्लील	Adj
scurrilously	फ़ूहड़पन से	Adv
scurry	दौड़ जाना	V
scurvy	मसूड़ोसेरक्तबहनेकीबीमारी	N
scuttle	भाग जाना; छेद बनाना	V
scuttle	झाबा	N
scythe	घास काटने की ह्zअसिया; दराँती	N
scythe	काटना	V
sea	समुद्र	N
sea air	समुद्री वायु	N
sea anemone	समुद्रफ़ूल	N
sea bed	समुद्र तट	N
sea bird	समुद्री पक्षी	N
sea breeze	सागरीय समीर	N
seachange	आमूल परिवर्तन	N
sea dog	अनुभवी नाविक	N
sea front	तटीय नगरभाग	N
sea green	हल्का नीला रंग	Adj
sea horse	दरियाई घोड़ा	N
sea legs	?	N
sea level	समुद्र तल	N
sea lion	जल सिंह	N
sea lord	नौ सेना में चार लोगों का समूह	N
sea power	नौसेना	N
sea shell	सीप; शंख	N
seaside	समुद्र_का_किनारा	N
sea urchin	जलसाही	N
sea wall	समुद्र तटबन्ध	N
sea water	समुद्र-जल	N
sea board	समुद्र तट	N
sea borne	समुद्री	N
sea farer	मल्लाह	N
sea faring	समुद्री यात्रा	Adj
sea food	समुद्री भोजन	N
sea going	समुद्रगामी	Adj
seagull	सामुद्रिक चिड़िया	N
seal	सील मछली; मोहर; मुद्रा; वह वस्तु जिसके द्वारा मुहर लगाई जाती है; जोड़ने के लिए प्रयुक्त होने वाला पदार्थ; सुरक्षा के लिए प्रयुक्त होने वाला पदार्थ	N
sealing	सील का शिकारी	N
seal	बन्द करना; मोहर लगाना; रोक लगाना	V
sealant	एकप्रकारकासील	N
sealing wax	मोहरी लाख	N
seam	सीवन जोड़; परत	N
seamed	सीवनदार	Adj
seamless	सीवनरहित	Adj
seaman	नाविक	N
seamanship	नाविक कला	N
seamstress	दरजिन	N
seamy	बीभत्स	Adj
seance	आध्यात्मिक विषय की सभा	N
seaplane	समुद्री विमान	N
seaport	बन्दरगाह	N
sear	झुलसाना	V
search	तलाशकरना	V
search	तलाश; खोज	N
searcher	खोजनेवाला	N
searching	भेदक	Adj
search party	अन्वेषक दल	N
search warrant	तलाशी अधिपत्र	N
search light	खोज बत्ती	N
sea scape	समुद्री दृश्य	N
sea shore	समुद्र तट	N
seasick	जहाजी मतली	Adj
sea side	समुद्र तट	N
season	ऋतु; मौसम; मौका	N
season ticket	मौसमी टिकट	N
season	स्वादिष्ट बनाना; सीअना	V
seasoned	अनुभवी	Adv
seasoning	मसाला; नमक-मिर्च	N
seasonable	समयोचित	Adj
seasonal	ऋतुनिष्ट	Adj
seat	आसन; स्थान; पद; आधार; अधीष्ठान	N
seat belt	सीट पेटी	N
seat	बैठाना; बैठ जाना; के लिए जगह होना	V
seating	बैठने का स्थान	N
seaward	समुद्र की ओर	Adv
seaward	समुद्राभिमुख	Adj
sea way	समुद्र मार्ग	N
sea weed	समुद्री शैवाल	N
seaworthy	यात्रायोग्य	Adj
sebaceous	वसामय	Adj
sec	सेकण्ड़	N
sec	सेक्रेटरी	N
secateurs	कैंचा	N
secede	अलग होना	V
secession	संबन्धविच्छेद	N
secessionist	पृथकतावादी	Adj
seclude	समाज से दूर रखना	V
secluded	एकांत	Adj
seclusion	एकांतता	N
second	दूसरा	Pron/Det
second to none	सर्वोत्तम	IDM
secondly	दूसरे	Adv
second ballot	दोबारामतदान{गड़बड़ीकेकारण}	N
second best	दूसरे दर्जे पर; मध्यम; पराजित	Adj
second class	द्वितीय श्रेणी	N
second cousin	चचेरेकाचचेरा	N
second guess	भविष्य का अनुमान करना	V
second hand	पुराना; दूसरे से प्राप्त किया गया	Adj
second home	अवकाश की विश्रांति घार	N
second language	दूसरी भाषा	N
second lieutenant	सेना का पदाध्यक्ष	N
second name	उपनाम	N
second nature	निश्चित आदत	N
second person	मध्यम पुरुष	N
second rate	मामूली	Adj
second sight	दिव्य दृष्टि	N
second string	?	Adj
second wind	?	N
second	द्वितीय श्रेणी	N
second in command	?	N
second	दूसरा; द्वितीय	Adj
second hand	सेकण्डकीसुई	N
second	समर्थन कररना; सहारा देना; स्थानान्तरित करना	V
seconder	अनुमोदक; समर्थक	N
secondary	अमुख्य; दूसरे क्रम का; माध्यमिक	Adj
secondarily	गौणतः	Adj
secrecy	गुप्तता	N
secret	गुप्त; छिपकर	Adj
secret	रहस्य; मर्म	N
secret agent	गुप्तचर	N
secret ballot	बन्द मतपेटी	N
secret police	पुलिस{जासूसी करने वाली}	N
secret service	खुफ़िया विभाग	N
secretariat	सचिवालय	N
secretary	मुंशी; मंत्रि	N
secretarial	साचिविक; लिपिकीय	Adj
secretary gereral	महासचिव	N
secretary of state	मंत्रि	N
secrete	स्रावित करना; छिपाना	V
secretion	स्राव	N
secretive	गोपनीय	Adj
secretively	छिपकर	Adv
sect	संप्रदाय	N
sectarian	सांप्रदायिक	Adj
sectarianism	सांप्रदायिकता	N
section	भाग; वर्ग; काट; विभाग	N
sectional	वर्गीय	Adj
sectionalism	वर्गवाद	N
sector	अंचल; वृत्तखण्ड; क्षेत्र	N
secular	धर्मनिरपेक्ष; गृहस्थ पादरी	Adj
secularism	धर्मनिरपेक्षतावाद	N
secularist	धर्मनिरपेक्षतावादी	Adj
secularize	धर्मनिरपेक्ष बना देना	V
secure	प्राप्त कर लेना; कसकर बाँधना; की रक्षा करना	V
secure	निश्चिंत; निश्चित; सुरक्षित; सुदृढ़	Adj
securely	सुरक्षित रूप से	Adv
security	सुरक्षा; प्रतिभू; ज़मानत	N
security council	सुरक्षा परिषद	N
security risk	जीवनकोखतरा	N
sedan	पालकी; ड़ोली	N
sedate	शान्त; गम्भीर	Adj
sedately	गम्भीरता से	Adj
sedateness	गम्भीरता	N
sedate	शान्त करना[होना]	V
sedation	शान्ति; शान्त	N
sedative	उपशामक	N
sedentary	अभ्रमणशील; स्थानबद्ध	Adj
sedge	नरकट	N
sediment	तलछट; अवसाद	N
sedimentary	तलछटी	Adj
sedimentation	अवसादन	N
sedition	राजद्रोह	N
seditious	राज्द्रोहात्मक	Adj
seduce	बहकाना; का शील भंग करना	V
seducer	बहकानेवाला	N
seduction	प्रलोभन	N
seductive	सम्मोहक	Adj
seductively	लुभाते हुए	Adv
seductiveness	सम्मोहकता	N
sedulous	परिश्रमी	Adj
sedulously	परिश्रम से	Adv
see	देखना; से मिलना; पता लगाना; समझना; अनुभव करना; साथ जाना; कल्पना करना	V
see about	प्रबन्ध करना	V
see off	विदा करना	V
see over	निरीक्षण करना	V
see through	समझना; पूरा करना; की सहायता करना	V
seed	बीज	N
seeded	बीजदार; प्रौढ़	Adj
seedless	बीजरहित	N
seedbed	तैयार क्यारी	N
seedcake	जीरा मिश्रित रोटी	N
seed pearl	छोटा मोती	N
seedling	अंकुर	N
seedman	बीज का व्यापारी	N
seedy	फटीचर	Adj
seek	ढूँढ़ना; पतालगाना; की कोशिश करना	V
seeker	जिज्ञासु	N
seem	प्रतीत होना; लगना; जान पड़ना	V
seeming	प्रतीयमान	Adj
seemingly	प्रतीयमानतः	Adv
seemly	उचित	Adj
seemliness	औचित्य	N
seen	देखा	V
seep	रिसना	V
seepage	निस्यन्दन	N
seer	देखनेवाला; द्रष्टा; ऋषि; पैगंबर	N
see-saw	झूमा-झूमी; उतार-चड़ाव	N
see-saw	झूमा-झूमी खेलना; घटना-बढ़ना	V
seethe	उबलना; अति कुपित होना	V
segment	भाग; फाँक	N
segmentation	खण्डीकरण	N
segregate	पृथक करना	V
segregation	पृथक्करण	N
seismic	भूकम्पीय	Adj
seismograph	भूकम्प लेखी	N
seismology	भूकम्प विज्ञान	N
seize	छीनना; जीत लेना; गिरफ़्तार करना; से लाभ उठाना; छलनी होना	V
seizure	पकड़; दौरा; झटका	N
seldom	बिरले ही; कभी-कभार	Adv
select	चुनना; छाँटना	V
selector	चुननेवाला; चयक	N
select committee	प्रवर समिति	N
selection	चयन; संकलन	N
selective	चयनात्मक; चयनशील	Adj
selectively	चयन करके	Adv
self	स्व; व्यक्तित्व; स्वार्थ	N
self absorbed	आत्मलीन	Adj
self access	स्वयं निकालना	N
self addressed	अपने पते का	Adj
self adhesive	स्वयं चिपकने वाला	Adj
self appointed	स्वयं नियुक्त	Adj
self assertive	स्वाग्रही	Adj
self assertion	स्वाग्रह	N
sell	बेचना	V
seller	विक्रेता	N
sellotape	सेलो टेप	N
selvage	कपड़े की गोट	N
selves	स्वयं	Adj
semantic	अर्थगत	Adj
semantics	अर्थविज्ञान	N
semaphore	सङ्केत पद्धति; सङ्केत स्तम्भ	N
semaphore	संकेत से सूचित करना	V
semblance	सादृश्य	N
semen	वीर्य	N
seminal	शुक्र सम्बन्धी	Adj
semester	सत्र	N
semi	अर्ध	N
semi-breve	स्वर	N
semi-circle	अर्ध-वृत्त	N
semi-colon	अर्ध-विराम	N
semi-conductor	अर्धचालक	N
semi-concious	अर्धचेतना	Adj
semi-detached	जुड़वा	Adj
semi-final	उपान्त; सेमीफायीनल	N
semi-finalist	उपान्त्य	N
seminar	अध्ययन गोष्ठी; परिसंवाद	N
seminary	पादरियों की शिक्षा संस्था	N
semiotics	लक्षणविज्ञान	N
semi-precious	अल्प-मूल्य	Adj
semi-skilled	अर्धकुशल	Adj
semitic	सामा	Adj
semi-vowel	अर्थस्वर	N
semolina	सूजी	N
semtex	?	N
senate	सीनेट; अधिसभा	N
send	भेजना	V
send sb down	कैद करना; निकाल देना	V
send for (sth or sb)	बुला भेजना	V
send in (sb or sth)	भेजनेकेलिये	V
send off (for sth)	भेज़ देना	V
send sb off	निकालना	V
send sth on	अपने पहुँचने से पहले कोई वस्तु भेजना	V
send out (sth)	बाँटना; पैदा करना	V
send (sb) to	विशेष स्थिति में पहुँचा देना	V
send-off	विदाई	N
send-up	नकल कर के हँसी उड़ाने की प्रक्रिया	N
sender	प्रेषक	N
senescent	जीर्यमाण	Adj
senile	जराग्रस्त	Adj
senility	बुढ़ापा	N
senile dementia	जराजन्य मनोभ्रंश	N
senior	वरिष्ठ; ज्येष्ठ	Adj
senior citizen	वृद्ध अथवा सेवा निवृत्त व्यक्ति	N
sensation	अनुभूति; स्पर्शज्ञान; उत्तेजना; सनसनी	N
sensational	संवेदनात्मक; सनसनीदार; बहुत सुन्दर	Adj
sensationalism	सनसनीफैलानेकाकार्य	N
sensationalise	फैलाना{सनसनीरूपसे}	V
sense	ज्ञानेन्द्रिय; बुद्धि; होश; समझ; विवेक; भाव; अर्थ	N
sense	अनुभव करना; मेहसूस करना	V
senseless	बेवकूफ़; बेहोश	Adj
senselessly	बिनासोचे	Adv
sensibility	संवेदनशीलता	N
sensibilities	भावुकताएं	N
sensible	समझदार; काफी; पर्याप्त	Adj
sensibly	समझदारी से	Adv
sensitive	संवेदनशील; कोमल	Adj
sensitively	भावुकतासे	Adj
sensitivity	भावुकता	N
sensitivities	?	N
sensitize	सुग्राही बनाना	V
sensor	?	N
sensory	संवेदी; इंद्रियग्राही	Adj
sensualist	इंद्रियार्थवादी	N
sensuality	विषयासक्ति	N
sensuous	ऐंद्रिक	Adj
sentence	वाक्य; सज़ा	N
sententious	सारगर्भित	Adj
sententiously	वाक्यगत	Adv
sentiment	भावना; विचार	N
sentimental	भावुकतापूर्ण	Adj
sentimentalist	भावुक व्यक्ति	N
sentimentalize	भावुक बनना या बनाना	V
sentinel	प्रहरी	N
sentry	संतरी	N
separable	वियोज्य	Adj
separate	अलग; पृथक; भिन्न	Adj
separately	अलग	Adv
separation	पृथक्करण; वियुक्ति; विच्छेद	N
sepia	सीपिअ	N
september	सितम्बर	N
septic	पूतिक	Adj
septicaemia	पूतिजीवरक्तता	N
septuagenarian	सप्तति-वर्षीय	N
septuagenarian	सप्तति-वर्षीय	Adj
sepulchre	क़ब्र का	N
sequel	शेष; उत्तरकथा	N
sequence	अनुक्रम	N
sequentially	क्रमिक रूप से	Adv
sequester	ज़ब्त करना	V
sequestrate	ज़ब्त करना	V
sequestration	ज़ब्ती	N
seraph	सेराफीम	N
seraphic	सेराफीम तुल्य; दिव्य	Adj
serenade	प्रेमसंगीत	N
serendipity	आविष्करण प्रवृत्ति	N
serene	प्रशान्त	Adj
serenity	प्रशान्ति	N
serf	कृषिदास; दास	N
serfdom	कृषिदासता; दासता	N
serge	सर्ज; सरज	N
sergeant	सार्जेंट	N
serial	क्रम; धारावाहिक	Adj
serialize	धारावाहिक निकालना	V
serially	क्रमशः	Adv
series	श्रृंखला	N
serif	?	N
serious	गंभीर	Adj
seriously	गंभीर रुप से	Adv
seriousness	गंभीरता	N
sermon	धर्मोपदेश	N
sermonize	प्रवचन या उपदेश देना	V
serpent	साँप	N
serpentine	सर्पिल	Adj
serrated	दन्तुर; दंदानेदार	Adj
serried	कँधे से कँधा मिलाकर	Adj
serum	सीरम; रक्त का जलीय अंश	N
servant	नौकर; सेवक	N
serve	सेवा करना; परोसना; पूरा करना; के लिए पर्याप्त होना; के सात व्यवहार करना; तामील करना; गेंद चलाना; फाँदना; लाँघना; बाहना	V
service	सेवा; विभाग; सहायता; व्यवस्था; उपासना; अनुष्टान; सफ़ाई-धुलाई; सेट; बरतन; तामील	N
service	सफ़ाई-धुलाई करना	V
serviceable	उपयोगी	Adj
service area	?	N
service charge	सेवा शुल्क	N
serviceman	सैनिक; मिस्त्री	N
serviette	नैपकिन	N
servile	जीहुज़ूरिया	Adj
servility	जीहुज़ूरियापन	N
servitude	ग़ुलामी	N
servo	सहायक	N
sesame	तिल	N
session	बैठक	N
set	सेट; दृश्यबन्ध; समूह; समुच्चय	N
set	रख देना; लिपिबद्ध करना; ठीक करना; जड़ना; निश्चित करना; प्रवर्तित करना; दृढ़ हो जाना; कठोर हो जाना; बैठाना	V
set	निश्चित; दृढ़; कृत्रिम; तैयार; निर्धारित	Adj
set square	त्रिभुजी	N
settee	सोफ़ा	N
setter	शिकारी कुत्ता; बनाने वाला	N
setting	वातावरण; विन्यास; जमाई; संगीत	N
settle	बसना[बसाना]; समझौता कर लेना; बैठ जाना; निर्णय करना; शान्त हो जाना; चुकाना; पर छा जाना	V
settle	बेंच	N
settled	बसा हुआ; शान्त	Adj
settlement	समझौता; हस्तान्तरण; बस्ती; भुगतान	N
settler	अधिवासी	N
seven	सात	N/Det
seventh	सातवाँ	Adj
seventeen	सत्तरह; सत्रह	N
seventeenth	सत्तरहवाँ	N
seventy	सत्तर	N
sever	काट देना; तोड़ देना	V
severance	विच्छेद	N
several	अनेक	Det
several	कई	Pron
severally	अलग-अलग	Adv
severe	कठोर; तीव्र; कठिन; अनलंकृत; सादा	Adj
severely	कठोरता से	Adv
severity	कठोरता	N
sew	सीना; सिलाई करना	V
sewing	सिलाई	N
sewage	गन्दा पानी; मल जल	N
sewer	मोरी; मलप्रणाली	N
sex	लिंग; काम-भावना	N
sextant	षष्ठक	N
sextet	षट्क	N
sexton	गिरज़ादार	N
sgt	सारजेंट	Abbr:sargeant
shabby	जीर्ण-शीर्ण; अनुचित	Adj
shack	कुटी; झोपड़ी	N
shackle	हथकड़ी	N
shackle	हथकड़ी ड़ालना; रोकना	V
shade	छाया; रंग; सूक्ष्म अंतर; थोड़ा सा	N
shades	छायाकरण	N
shade	आच्छादित करना; ढ़कना; छायित करना; छाया करना; धीरे-धिरे बदल जाना	V
shadow	परछाई; छाया; छायाभास; मरीचिका	N
shadow	छायाडालना[पड़ना]; पीछे लगना	V
shadow	?	Adj
shadowy	छायादार; अस्पष्ट	Adj
shady	छायादार; छायामय; कुत्सित; नीच	Adj
shaft	बाण; बरछा; डण्डा; किरणपुंज	N
shaft	बुरा व्यवहार करना	V
shag	काटा हुआ तम्बाकू	N
shagged	थका हुआ	Adj
shaggy	खुरदार	Adj
shah	बादशाह; शाह	N
shake	हिलाना; काँपना; घबरा देना; दुर्बल कर देना	V
shake	हिलाना; स्पन्दन	N
shaker	हल्लित्र	N
shake down	बिछौना	V
shaky	कम्पायमान; अस्थिर	Adj
shale	स्टेली पत्थर	N
shall	?	MV
shallot	छोटा प्याज़	N
shallowly	उथलापन से{साँस लेना}	Adv
shallow	छिछला	Adj
shallows	छिछला स्थान	N
sham	का अभिनय करना	V
sham	कपटी; कपट; धोखा	N
shamble	पैर घसीटकर चलना	V
shambles	गड़बड़-घोटाला	N
shambolic	अव्यवस्थित	Adj
shame	लज्जा; शर्मिन्दगी; बदनामी	N
shamefaced	लज्जाशील	Adj
shammy	साँभर-चर्म	N
shampoo	केश मार्जन	N
shamrock	तिपतिया	N
shandy	शराब जिस में नीबू या अदरक मिला हो	N
shank	पिण्डली	N
shanghai	?	V
shanty	झोंपडी	N
shape	आकार; छाया; स्थिति	N
shape	आकारलेना	V
shapely	सुन्दर	Adj
shard	टुकड़ा	N
share	साझाकरना	V
share	हिस्सा	N
sharecropper	बटाईदार	N
shark	सोर; धूर्त	N
shaman	धर्माधिकारी{जो भगवान के ध्यान से रुग्णों को ठिक कर दे}	N
sharply	तीक्ष्णता से	Adv
sharpness	तीक्ष्णता	N
sharp eyed	तीक्ष्णदृष्टिवाला	Adj
sharp shooter	पक्का निशानबाज़	N
shatter	टुकड़े टुकड़े कर देना या हो जाना; नष्ट करना या हो जाना; छिन्न भिन्न करना या हो जाना	V
shattering	हिलाने वाला	Adj
shatterproof	छितर रोक	Adj
shave	मूड़ना; छीलना	V
shave	मुँडन	N
shaven	मुँडा हुआ	Adj
shaver	उस्तारा; क्षुरक	N
shavings	कतरन; छीलन	N
shaving brush	हज़ामत बनाने की कूँची	N
shaving cream	?	N
shears	कैंची	N
sheath	म्यान; आच्छद; आवरण; ?	N
sheathe	म्यान में रखना; आच्छादित करना	V
shawl	शाल	N
she	वह{स्त्री}	Pron
she	स्त्री	N
sheaf	गट्ठा; पुलिंदा	N
shear	खाल उतारना; कतरना; टूट जाना	N
sheaves	गट्ठा; पुलिंदा	N
shebeen	अवैध शराब	N
shed	सायबान	N
shed	झाड़ना; बहाना; छोड़ देना; फैलाना	V
sheen	चमक	N
sheep	भेड़	N
sheep-dip	?	N
sheep dog	कुत्ता{भेडो की देखभाल के लिये}	N
sheepfold	भेड़शाला	N
sheepish	मुँह-चोर	Adj
sheer	पूर्णतया; पारदर्शक; खड़ा	Adj
sheer	एकदम	Adv
sheer away	बहक जाना	V
sheet	चादर; चद्दर; कागज़; पत्र; परत; विस्तार	N
sheeting	चादर	N
sheet lightning	बिजली की चमक	N
sheet	रस्सी	N
sheet anchor	आकबती लंगर	N
sheikh	शैख	N
sheila	युवति या तरुणी	N
shekel	यहूदियों का एक प्राचीन सिक्का	N
shelduck	एक प्रकार का बत्तक	N
shelf	शेल्फ़; रेती; सैकत	N
shell	छिलका; आवरण; गोला	N
shell	छिलका उतारना; गोलाबारी करना; गोली बरसाना	V
shell bean	?	N
shell shock	मनोविकृति	N
shell shocked	मनोविकृतिग्रस्त	Adj
shellac	चपड़ा	N
shellfire	गोलाबारी	N
shellfish	शंख-मीन	N
shelter	सुरक्षा; आश्रय	N
shelve	ताक़ पर रखना; शेल्फ़ पर रखना	V
shelving	अल्पप्रवण	N
shenanigans	छलकपट; शरारतें	N
shepherd	गड़ेरिया	N
shepherd	मार्ग दिखाना	V
shepherd's pie	?	N
sherbet	शरबत	N
sherd	ठीकरा	N
sheriff	शरीफ	N
sherry	स्पेन की शराब	N
shetland	स्काँटलैण्ड के द्वीप समूह; शैटलैण्ड की भेड़ का ऊन	N
shibboleth	दक़ियानूसी विश्वास या सिद्धान्त	N
shield	ढ़ाल; गोलाकार पुरस्कार; कुलचिह्न-फलक; परिरक्षक; कवच	N
shield	रक्षा करना; बचाना	V
shift	परिवर्तन; पाली; कम्प्यूटर या टाइपराइटर पर स्थित एक कुंजी	N
shift	बदलना; दूसरे पर ड़ालना; स्थानान्तरित करना	V
shiftless	असमर्थ	Adj
shifty	बहानेबाज़; धूर्त	Adj
shilling	ब्रिटिष का सिक्का	N
shilly shally	ढुलमुल	Adj
shim	पच्चर	N
shimmer	टिमटिमाना	V
shin	चढ़ना	V
shin	नली; नरहर	N
shinbone	अन्तर्जंघिका	N
shinguard	नली-कवच	N
shindig	शोर भरी पार्टी	N
shindy	शोरगुल	N
shine	चमकना	V
shine	चमक	N
shiny	चमकदार	Adj
shingle	कंकड़; तख़्ता	N
shingly	कंकड़ीला	Adj
shingled	तख़्तों से ढ़का हुआ	Adj
shingles	?	N
ship	जहाज़ से भेजना; पानी से भरना	V
ship	जहाज़; पोत	N
shipboard	जहाजा पर घटने वाला	Adj
shipbuilder	पोतनिर्माता	N
shipload	पोत-भार	N
shipmate	सहनाविक	N
shipment	नौ-परिवहन; नौ-भार	N
shipowner	पोतधारी	N
shipper	पोतवणिक	N
shipping	पोत-समूह; पोत-परिवहन	N
shipwreck	पोतभंग	N
shipyard	पोत-कारखाना; पोतनिर्माणी	N
shire	प्रान्त	N
shire horse	खच्चर	N
shirk	से जी चुराना; से भाग जाना	V
shirker	कामचोर; कर्तव्य-त्यागी	N
shirt	कमीज़	N
shirt-front	सीना	N
shirt-sleeve	कमीज़ की आस्तीन	N
shirt-tail	कमीज़ का कमर का नीचे वाला भाग	N
shirty	चिड़चिड़ा	Adj
shit	मल; बकवास; अप्रिय व्यक्ति	N
shit	?	V
shitty	घटिया स्तर का; अनुचित	Adj
shiver	काँपना	V
shiver	कम्पन	N
shivery	ठिठुरा हुआ	Adj
shoal	झुण्ड; रेती	N
shock	सदमा; झटका	N
shock tactics	आकस्मिक आक्रमण	N
shock treatement	प्रघात चिकित्सा	N
shocktroop	आक्रमण सेना	N
shock	चौंकना	V
shocker	चौंका देने वाला{व्यक्ति या वस्तु}	N
shocking	दहलानेवाला; बहुत खराब	Adj
shockproof	आघात से प्रभावित न होने वाला	Adj
shod	जूता पहना हुआ	Adj
shoddy	घटिया	Adj
shoe	जूता	N
shoot	गोली मारना; घायल करना; चलाना; गोली चलाना; शिकार खेलना; फ़ोटो लेना; फ़िल्म बनाना; चलचित्रित करना	V
shooting	गोलीबारी; शिकार	N
shooting gallery	?	N
shooting match	पूरा मामला	N
shooting star	उल्का	N
shoot-out	गोलीबारी	N
shoot	अंकुर; शिकार; फोटो	N
shooter	निशानेबाज़	N
shop	दुकान; कारखाना	N
shop	बाज़ार करना	V
shopper	खरीददार	N
shopping	खरीददारी; खरीदी गई वस्तुएँ	N
shop assistant	दुकान सहायक	N
shop floor	कार्यशाला	N
shop soiled	खराब	Adj
shop keeper	दुकानदार	N
shoplift	उठाईगीरीकरना	V
shoplifter	उठाईगीरा	N
shore	किनारा; तीर	N
shore	टेक या गदम लगाना	V
shoreline	तटरेखा	N
short	छोटा	Adj
short-change	धोखा देना	V
short circuit	लघु पथ	N
short circuit	लघुपथित करना	V
short cut	छोटा रास्ता; सरल उपाय	N
short-handed	श्रमिकों की कमी से ग्रस्त	Adj
short list	अल्प सूची	N
short lived	अल्पायु	Adj
short-range	लघु परिसर; सीमित	Adj
short sighted	निकटदर्शी	Adj
short-sightedness	निकट दृष्टि	N
short staffed	श्रमिकों की कमी या न्यूनता से ग्रस्त	Adj
short-stay	अल्पावधिक	Adj
short temper	चिड़चिड़ापन; क्रोध	N
short tempered	क्रोधी	Adj
short term	अल्पावधिक	Adj
short-time	अल्प अवधि	N
short wave	लघु तरंग	N
shortage	कमी	N
shortbread	कुरकुरा बिस्कुट	N
shortcakes	केक	N
shortcoming	कमी	N
shortcrust	एक प्रकार की पिष्टान्न	N
shorten	छोटा करना	V
shortening	चरबी	N
shortfall	न्यूनता	N
shorthand	आशुलिपि	N
shortly	अविलम्ब; रुखाई से	Adv
shorts	छोटी पतलून	N
shot	मार; शाट; फ़ोटो; चित्र; कोशिश; निशानेबाज़	N
shotput	एक प्रकार का खेल	N
shotgun	बन्दूक	N
should	चाहिये{करना}	V
shoulder	कन्धा; कमीज़ का कँधा	N
shoulder	कँधा पर चढ़ाना	V
shout	चिल्लाहट	N
shove	ढकेलना	V
shove	धक्का	N
shovel	बेलचा; बेल	N
shovel	बेलचे से उठाना या हठाना	V
show	प्रदर्शन; प्रदर्शनी; दिखावा	N
show	दिखाना; बतलाना; सिद्ध करना; प्रमाणित करना; दिखाई देना	V
show off	दिखावाकरना	V
showcase	शोकेस; प्रदर्शन मंजूषा	N
showdown	बलपरीक्षा	N
shower	वर्षा; फुहारा	N
shower	नहाना{फुहार में}; बरसना	V
showerproof	हल्की बरसात में गीला न होने वाला	Adj
showjumping	घुड़ सवारी प्रतियोगिता	N
showman	कौतुकी; तमाशागर	N
showroom	प्रदर्शन कक्ष	N
shred	छोटे टुकड़ों में काटना	V
shred	छोटा टुकड़ा; लेशमात्र	N
shrew	छछूँदर; चण्डी; लड़ाकी स्त्री	N
shrewd	समझदार	Adj
shriek	चीखना; चिल्लाना	V
shriek	चीख	N
shrill	तीक्ष्ण	Adj
shrimp	झींगा; छुटबैया	N
shrink	सिकुड़ना; पीछे हटना	V
shrinkage	संकुचन; मूल्यह्रास	N
shrunken	सिकुड़ा हुआ	Adj
shrivel	कुम्हलाना	V
shroud	कफ़न; परदा; बरांड़ल	N
shroud	छिपाना	V
shrub	झाड़ी	N
shrubbery	झाड़ी	N
shrug	कँधा उचकाना या झाड़ना	V
shuck	छिलका	N
shudder	काँपना	V
shuffle	रगड़ना; घसीटना; फ़ेंटना; स्थान बदलता रहना	V
shun	से दूर रहना	V
shunt	बदलना; शंटिग करना	V
shush	चुप करना	V
shut	बन्द करना	V
shutdown	बन्द करना	N
shutoff	बन्द करना	V
shutout	बहिष्कृत करना	V
shutup	चुप करना; बन्द करना	V
shutter	झिलमिली; शटर; कपाट	N
shuttle	तुरी; शटिल	N
shuttlecock	चिड़िया	N
shy	शर्मीला; भड़कैल; कम	Adj
shyster	धोख़ेबाज़	N
siamese	श्यामी	Adj
siamese	श्याम देश वासी; श्याम देश भाषा	N
siamese twins	जुड़वा बच्चे जो आपस में जुड़े हो	N
sibilant	ऊष्म	Adj
sibling	सहोदर भाई या बहन	N
sick	अस्वस्थ; उलटी आना; ऊबा हुआ; व्याकुल	Adj
sick	उल्टी; अस्वस्थ	N
sick	वमन करना	V
sick headache	सिरदर्द	N
sick leave	रोग अवकाश	N
sickpay	बीमारी का भुगतान	N
sickbay	रोगी कक्ष	N
sickbed	रोग-शय्या	N
sicken	घृणा उत्पन्न करना; बीमार पड़ जाना	V
sickening	घिनौना; उबाऊ; बुरी तरह	Adj
sickeningly	घृणा उत्पन्न करते हुए	Adv
sickle	हँसिया	N
sickle cell	लाल खून की कोशिका	N
sickly	अस्वस्थ; पीला; विवर्ण; अस्वास्थ्यकर	Adj
sickness	बीमारी; रोग; उल्टी आना	N
sickness benefit	रोग-भत्ता	N
sickroom	रोगी कक्ष	N
side	तरफ़; बग़ल; ओर; किनारा; ढ़ाल; फलक; भुजा; पक्ष; दल; पहलू	N
sided	पहलू; पहलुओ{वाला}	Adj
side-car	पार्श्वगाड़ी	N
side-dish	सलाद	N
side effect	दवाई का दुष्प्रभाव	N
side-issue	गौण-विषय	N
side on	बग़ल से	Adv
side order	सहयोगी व्यंजन	N
side-road	छोटी सड़क	N
side-saddle	ज़नाना ज़ीन	Adv
side-splitting	हँसी-मज़ाक; लोटपोट	Adj
side-street	छोटी गली	N
side-swipe	?	N
side-view	एक ओर का चित्र	N
side-whiskers	गलमुच्छा	N
side	का पक्ष लेना; का समर्थन करना	V
sideboard	अलमारी	N
sidekick	ख़ास सहयोगी	N
side-light	वाहन के आगे लगा छोटा बल्ब; पाशर्व प्रकाश	N
side-line	उपजीविका; सीमारेखा	N
sideshow	तमाशा; गौण क्रिया	N
sidestep	कतराजाना	V
sidetrack	विषयान्तर करना	V
sidewalk	पटरी	N
siding	बगली रेलपथ	N
sidle	दबककर चलना	V
siege	अवरोध	N
sienna	गैरिक मिट्टी	N
sierra	पर्वमाला	N
siesta	दोपहर का आराम	N
sieve	छलनी	N
sieve	छानना	V
sift	छनना	VI
sift	छानबीन	VT
sigh	आह भरना; सरसराना; तरसना	V
sight	दृष्टि; दृश्य; निगाह; नज़ारा; लक्षक	N
sight	देखना	V
sightless	अंधा	Adj
sightseeing	सैरसपाटा; पर्यटन	N
sign	चिह्न; चेतावनी सूचक; भाव मुद्रा	N
sign language	इंगित भाषा	N
sign	हस्ताक्षर करना	V
sign off	बिदा देना	V
sign on	बेरोज़गार व्यकति के रूप में सूचित करना	V
sign on/up	कार्य केलिये संझोता करना	V
signal	संकेत	N
signal	संकेत करना; सिगनल देना	V
signaler	संकेत देने वाला	N
signal box	सिगनलबॉक्स{रेल मार्ग के बगल में बना हुआ कमरा; केबिन}	N
signal	विशिष्ट; असाधारण	Adj
signalman	सिगनलमैन{रेल केबिन में काम करनेवाला व्यक्ति}	N
signatory	सन्धिपत्र इत्यादि पर हस्ताक्षर करनेवाला व्यक्ति	N
signature	हस्ताक्षर	N
signet-ring	मुद्रिका	N
significance	अर्थ; अभिप्राय; महत्त्व	N
significant	महत्त्वपूर्ण; सार्थक; अर्थपूर्ण	Adj
significantly	अर्थपूर्णतासे	Adv
signification	अर्थ	N
signify	सूचित करना	V
sign-post	मार्गपट्ट	N
silage	चारा	N
silence	सन्नाटा	N
silencer	रवशामक	N
silent	चुप; अनुच्चरित	Adj
silently	चुपचाप	Adv
silhouette	बाह्य रेखा दिखलानेवाला चित्र	N
silica	सिलिका	N
silicate	सिलिकेट; अग्नि प्रस्तर का मिश्रण	N
silicon	सिलिकन	N
silk	रेशम	N
silken	रेशमी	Adj
silkworm	रेशम कीड़ा	N
silky	रेशमी	Adj
sill	देहली	N
silly	अल्पबुद्दि	Adj
silo	खत्ती; हरी फ़सल इकट्ठा करने का गड्ढा; प्रक्षेपास्त्र रखनेकी भूमिगत जगह	N
silt	गाद	N
silt	मिट्टी या रेत से रास्ता बन्द करना; रेग से भरना	V
silver	चाँदी; चाँदी का पदक	N
silver	चाँदी चढ़ाना	V
silver	रजत; राजत	Adj
silvery	चाँदी के सदृश	Adj
silver jubilee	रजतोत्सव	N
silver paper	फोटो का चित्र छापने का एक प्रकार का कागज़; चाकलेट सिगरेट इत्यादि को लपटने केलिये उपयुक्त होनेवाला चमकदार कागज़	N
silver plate	चाँदी की तश्तरी	N
silver-tongued	प्रभावशाली वक्ता; वाक पटु	Adj
silverfish	चाँदी के वर्ण वाला कीड़ा	N
silversmith	सुनार	N
silverware	चाँदी के सामान	N
simian	वानर के समान; वानरी	Adj
similar	समान; तुल्य	Adj
similarly	समान रूप से; उसी प्रकार से	Adj
similarity	सादृश्य; समानता	N
simile	उपमा	N
simmer	उबालना; धीरे धीरे पकाना	V
simmer	क्रोध उत्सुकता आदी से भरा रहना	V
simper	बनावटी रूप में मुस्कुराना	V
simple	निष्कपट; सादा; सरल	Adj
sin	पाप	N
sing	गाना गाना	V
singe	झुलसना; झुलसाना	V
single	एक; एक ही; एकमात्र	Adj
singleness	एकाकीपन	N
singly	अकेले ही; एकशः	Adv
single combat	द्वन्द्व युद्ध	N
single decker	?	N
single handed	अकेला	Adj
single market	?	N
single minded	एकनिष्ठ	Adj
single parent	?	N
singlet	कमीज़	N
singsong	एकसुरा; गाना	Adj
singular	असामान्य	N
singular	एकवचन	Adj
sinister	अशुभ	Adj
sink	डूबना; धँसना; गिरना	V
sink	हौदी	N
sinker	निमज्जक	N
sinner	पापी	N
sinuous	टेढ़ा मेढ़ा	Adj
sip	चुस्की लगाना या लेना	V
siphon	नली	N
sir	सर{श्रीमन}	N
sire	प्रजनक	N
siren	भोंपू; जलपरी	N
sirloin	पुट्ठे का माँस	N
sirocco	गरम हवा	N
sisal	रेशा	N
sissy	ज़नका	N
sister	बहन	N
sisterhood	बहनापा; भगिनीत्त्व	N
sisterly	बहन जैसा	Adj
sit	बैठना	V
sit back	आराम करना	V
sit by	आलसी होना	V
sit in	धरने पर बैठना	V
sit on	सभा में शामिल होना	V
sit through	अन्त तक रुकना	V
sit up	देर तक जागना	V
sitter	चित्र खिंचाने के लिये बैठा व्यक्ति	N
sitting	बैठक; उपवेशन	N
sitting	बैठक	N
sit down	हड़ताल	N
sit down	बैठजाना	V
sit in	एक प्रकार की हड़ताल जिस में मज़दूर कार्यशाला खाली न करें	N
sitting duck	वह आदमी जिस पर आक्रमण करना बहुत आसान हो	N
sitting room	बैठक	N
sitting tenant	किरायादार	N
sit up	उठ बैठना; एक प्रकार का व्यायाम	N
sitar	एक भारतीय संगीत वाद्य	N
sitcom	एक हास्यमय परिस्थिति	N
site	स्थल	N
situated	स्थित	Adj
situation	हालत	N
sixth	छठा	Det
six figure	छःअंकोंवाली	Adj
six-shooter	छह गोली वाला रिवाल्वर	N
six-fold	छगना	Adj
sixpence	?	N
sixteen	सोलह	Pron
sixty	साठ	Pron
size	आकार	N
sizeable	काफ़ी बड़ा; बृहदाकार	Adj
sizzle	कड़कड़ाना	V
sizzling	उत्तेजक	Adj
skate	स्केट	N
skateboard	स्केटबोर्ड	N
skeddaddle	भाग जाना	V
skein	लच्छा	N
skeleton	कंकाल; ढ़ाँचा; सार	N
skeletal	कंकाल	Adj
skeptic	?	N
sketch	खाका	N
skew	टेढ़ा	Adj
skew-whiff	तिरछी	Adj
skewbald	लाल अबलक	Adj
skewer	सीख	N
ski	स्की	N
skid	फिसलना	V
skiff	नाव	N
skiffle	एक तरह का संगीत	N
skilful	निपुण	Adj
skulfully	निपुणता से	Adv
skill	प्रवीणता	N
skilled	कुशल	Adj
skillet	तवा; कड़ाही	N
skim	मलाई हटाना; सरसरी नज़र से देखना	V
skim away	तेजीसेहटना	PhrV
skim over	सरसरीनिगाहदौड़ना	PhrV
skim through	सरसरीनिगाहदौड़ना	PhrV
skimp	मितव्ययी होना	V
skimpy	अपर्याप्त; तंग	Adj
skin	त्वचा	N
only skin and bone	हडीला	IDM
skinny	त्वचीय	Adj
skin diving	किसी तैराक वस्त्र के बिना पानी के अन्दर तैरना	N
skin frost	त्वचारोपण	N
skin tight	चुस्त	Adj
skin flint	कंजूस	N
skinful	पयक्कड़	N
skin head	छोटे बालों वाला बदमाश लड़का	N
skint	कंगाल	Adj
skip	उछल-कूद करना; विषय बदलता रहना; छोड़ जाना; छोड़ देना	V
skipper	कप्तान; नायक	N
skirmish	झगड़ा; वाद-विवाद	N
skirmish	छोटे टुकड़ों में भिड़ना	V
skirt	घाघरा	N
skirt	के किनारे किनारे चलना	V
skit	व्यङ्ग्य पूर्ण कृति; प्रहसन	N
skittish	बेकाबू हो जाना; भड़कैल	Adj
skittle	लकड़ी की बोतलें	N
skive	कामसेभागना	V
skivvy	नौकरानी	N
skua	बड़ा समुद्री पक्षी	N
skulduggery	छल-कपट; चालबाज़ी	N
skulk	छिपकना; कोने में डुबके रहना	V
skull	खोपड़ी; कपाल	N
skull cap	गोल टोपी	N
skunk	एक काला सफ़ेद अमेरिकी ज़ानवर	N
sky	आसमान; आकाश	N
sky-blue	आसमानी रंग का; नभोनील	Adj
sky-high	बहुत ऊँचा; गगनचुम्बी	Adj
sky-high	बहुत ऊँचा; गगनचुम्बी	Adv
sky-rocket	बहुत ऊँचा उठना	V
skydiving	स्काईडाइविंग{एक प्रकार का खेल}	N
skylark	चातक पक्षी	N
skylight	झरोखा; रोशनदान; वातायन	N
skyline	क्षितिज; रूपरेखा	N
skyscraper	गगनचुम्बी इमारत	N
skywards	आसमान की ओर	Adj
slab	पटिया; पत्थर का चौरस	N
slack	ढ़ीला; धीमा	Adj
slacken	धीमा करना	V
slacks	ढ़ीली पतलून	N
slag	बुराईकरना	V
slain	मार ड़ालना	V
slake	प्यासबुझाना	V
slalom	छोटी लकड़ी की नाँव	N
slam	पटक देना	V
slammer	जेल	N
slander	मिथ्यापवाद	N
slander	मिथ्यापवाद करना	V
slangy	गँवारू	Adj
slant	तिरछाकरना	V
slap	थप्पड़ मारना	V
slapdash	अन्धाधुन्ध	Adv
slap-happy	खुशमिज़ाज; छोटी छोटी बातों को ध्यान रखने वाला	Adj
slapstick	हँसी मज़ाक	N
slap-up	बहुत बड़िया	N
slash	टना	V
slash	चीरा	N
slat	लकड़ी की पट्टी	N
slate	कड़ीआलोचनाकरना	V
slattern	फूहड़ स्त्री	N
slaughter	हत्या; वध	N
slaughterhouse	कसाईखाना; बूचड़खाना	N
slav	स्लेवोनिक भाषा बोलनेवाला व्यक्ति जो ऊरोप में रहतें है	N
slave	दास; गुलाम	N
slaver	लार टपकना	V
slavish	नीरस	Adj
slavonic	ऊरोप में दासवृत्ति करनेवाले लोगों की भाषा	Adj
slay	मार ड़ालना; वधा	V
sleaze	गंदा	N
sleazy	गंदगी	Adj
sleadge	घन	N
sleek	चिकना	Adj
sleep	सोना	V
sleep	नींद	N
sleeping bag	सोने का थैला	N
sleeping car	शयनिका	N
sleeping partner	निष्क्रिय साझेदार	N
sleeping pill	नीन्द की गोली	N
sleeping policeman	सड़क अवरोध	N
sleeping sickness	निद्रा रोग	N
sleepwalk	निद्राचार	N
sleepy	उनींदा; निद्रालु	Adj
sleepily	उनींदाहोकर	Adv
sleet	हिमी वर्षा; सहिम वृष्टि	N
sleeve	बाँह{कपड़ेकी}; आस्तीन	N
sledge	स्लेज	N
sleight	कौशल	N
slender	पतला	Adj
slept	सोया	V
sleuth	भेदिया कुत्ता	N
slew	घुमाना	V
slice	कतला	N
slick	चिकना	Adj
slide	फिसलना	V
slight	तुच्छ	Adj
slim	पतला	N
sling	फेंकना	V
slingshot	गुलेल	N
slink	लुक छुपकर आना जाना	V
slinky	रमणीय	Adj
slip	फ़िसलना; सरकना; भूलना; स्थानभ्रंश होना; चोरी से रखना	V
slipped disc	रीढ़कीहड्डीमेंचोट	N
slip-up	लापरवाही	N
slippage	गिरावट	N
slipper	हवाई चप्पल	N
slippery	फ़िसलनेवाला ज़गह; अविश्वसनीय; कपटी	Adj
slip stream	गाड़ी के पीछे की तेज़ हवा	N
slipshod	लापरवाह	Adj
slipway	जलावतरण मंच	N
slit	काटना	V
slit	काट	N
slither	लड़खड़ाकर फ़िसलना	V
sliver	काठ का टुकड़ा	N
slob	आलसी; लापरवाही	N
slobber	लार टपकना	V
sloe	जंगली आलूचा; झरबेर	N
slog	ज़ोर से मारना	V
slogan	नारा	N
sloop	एक मस्तूलवाला ज़हाज़	N
slop	छलकना	V
slop out	गंदा पानी हटाना	V
slop	सुअर का खाना	N
slope	ढाल	N
sloppy	लापरवाह	Adj
slosh	आवाज़ करके हिलाना	V
slot	दरार; छिद्र	N
slot machine	एक छेदवाली मशीन	N
sloth	आलस्य	N
sloth	दक्षिण अमेरिका का ज़ानवर	N
slouch	भद्देपन से चलना; खड़े होना या बैठना	V
slough	दलदल	N
slough	उतारना; उतरना; उतार फेंकना	V
slovenly	फूहड़	Adj
slow	धीरे धीरे; मंद गति वाला	Adj
slow motion	मंदगति	N
slow up	कम मेहनत करना	V
slow coach	सुस्त व्यक्ति	N
slow worm	साँपजातिकाएकजीव	N
sludge	गाढ़ा कीचड़	N
slug	घोंघा; शराबकाछोटाघूँट	N
sluggish	आलसी	Adj
sluice	जलद्वार	N
slum	गंदी बस्ती	N
slumber	अल्पनिद्रा	N
slump	गिरावट	N
slump	गिर पड़ना	V
slung	लटका देना	V
slur	कलंक लगना; अस्पष्टउच्चारण	V
slur	अस्पष्टआवाज़	N
slupr	खाते या पीते समय आवाज़ करना	V
slurry	गारा; घोल	N
slush	नरम मिट्टी	N
slut	कुलटा	N
sly	धूर्त	Adj
smack	थप्पड़; धमाका	N
smacker	सशब्द चुंबन	N
small	छोटा; नगण्य	Adj
small beer	महत्त्वहीन	N
small minded	संकीर्णमना; अनुदार	Adj
small time	अनावश्यक	Adj
small town	सीमित ज्ञान और विचारों वाला	Adj
small holder	किरायेदार या अल्पभू का मालिक	N
small holding	किरायेदार या अल्पभू का मालिक	N
smallpox	चेचक	N
smarmy	चापलूस	Adj
smart	स्वच्छ; सुव्यवस्थित	Adj
smarten up oneself	आकर्षक बनाना	V
smartly	सुव्यवस्थित ढ़ंग से	Adv
smart alec	सर्वज्ञ जैसा प्रदर्शन करनेवाला	N
smart card	कार्ड जिसमें सूचना भरी जाती है	N
smart	टीसना	V
smash	टकराने की ध्वनि; टकराव; दुर्घटना	N
smash	ज़ोरसे मारना; पराजित करना; अंत करना	V
smashed	पियेहुए{शराब}	Adj
smasher	आकर्षित व्यक्ति या वस्तु	N
smashing	उत्तम	Adj
smash and grab	शीशातोड़करलूटना	Adj
smattering	अल्पज्ञ	N
smear	मैला करना; बदनाम करना; कलंक लगाना	V
smear	धब्बा; मेडिकल परीक्षण	N
smell	सूँघना; महकना	V
smell out	का पता लगाना	V
smelling-salts	स्मेलिंग साल्ट; बेहोश व्यक्ति को होश में लाने केलिये विशेष केमिकल	N
smell	गन्ध	N
smelly	बदबूदार; गन्धैला	Adj
smelt	पिघलना; गलाना	V
smelter	प्रगलक	N
smidgen	थोड़ा सा; थोड़ी सी	N
smile	मुस्कराहट; मुस्कान	N
smile	मुस्कराना	V
smile on	साथ देना	V
smirk	खीसें निकालना	V
smite	मारना; प्रहार करना	V
smith	लोहार; सुनार	N
smithereens	छोटे टुकड़ों में टूटना	N
smithy	लोहारखाना	N
smitten	प्यारमेंडूबा	Adj
smock	एप्रन{पहने हुए कपड़े की सुरक्षा हेतु दूसरा हल्का कपड़ा}	N
smog	धूम-कोहरा; धुआँ और धुंध का मिश्रित स्वरूप	N
smoke	धुआँ; धूम्रपान; असफलता	N
smoke	धूम्रपानकरना; धुँआदेना	V
smokeless	निर्धूम; धूमहीन	Adj
smokefree	धूम रहित	Adj
smoke out	भगाना	V
smokes	नियमित रूपसे धूमपान करने वाला व्यक्ति	N
smoker	धूमपान डिब्बा	N
smoking	धूम्रपान	N
smoked glass	काँच{गहरे धुएँ से बनाया}	N
smokescreen	धुएँ की परत{जो फौज़ में छिपने के काम आती है}	N
smoky	धुँधुआता; धुआँदार; धूमी; धुमवत; धुम्रवर्ण	Adj
smoulder	सुलगना	V
smooch	चुम्बन	N
smooth	चिकना; मधुर; बराबर; निर्विघ्न; शान्त	Adj
smoothie	चाटुकर; चापलूस	N
smoothly	आसानी से	Adv
smoothness	चिकनापन	N
smooth talking	सभ्यतरीकेसेबातकरना	Adj
smooth out	सपाटकरना	V
smooth the path/way	राहबनाना	IDM
smote	मारा	V
smother	गला घोंटना; बुझाना; दबा लेना	V
smudge	धब्बा	N
smudge	धब्बा ड़ालना; रगड़ने पर छूटने वाला	V
smug	आत्म सन्तुष्ट	N
smuggle	तस्कर-व्यापार करना	V
smuggler	तस्कर-व्यापारी	N
smuggling	तस्करी	N
smut	धब्बा	N
smut	अश्लील साहित्य	N
smutty	गन्दा	Adj
snack	अल्पाहार; हल्का नाशता	N
snaffle	काबू करना; अधिकार जमाना	V
snag	कठिनाई; नुकीला	N
snag	फटना; उधड़ना	V
snail	घोंघा	N
snail's pace	धीमी गति	N
snake	साँप	N
snake	रेंगना	V
snaky	सर्पवत; सर्पिल	Adj
snake-bite	सर्पदंश	N
snakes and ladders	साँप-सीढ़ी{एक खेल}	N
snakeskin	साँप की खाल	N
snap	तोड़ ड़ालना; दंश करना; काटना; गुर्राना; फोटो लेना	V
snap	आशुचित्र	N
snap	ताश के पत्तों का एक खेल	N
snap	तात्कालिक; फ़ौरी; आसु	Adj
snap	समानता पर निकलनेवाला आश्चर्य भाव	Interj
snappy	तेज़; आकर्षक	Adj
snappy	तेज़	Adj
make it snappy	जल्दी करो	IDM
snare	जाल	N
snare drum	छोटे ढोल	N
snatch	छीनना	V
snatcher	छीननेवाला	N
snazzy	अत्यधिक आकर्षक	Adj
sneak	चुपके आना जाना	V
sneer	उपहास करना	V
sneeze	छींकना	V
snicker	धीरे हिनहिनाना	V
snide	बनावटी	Adj
sniff	नाक से साँस खींचना	V
sniffle	सूँ-सूँ करता जाना	V
snifter	SarAba	N
snigger	ठी ठी करना	V
snip	कतरना; काटना	V
snipe	चाहा	N
snippet	टुकड़ा; कतरन	N
snivel	पिनपिनाना	V
snob	अभिमानी	N
snog	चुम्बन करना	V
snook	अनादर दिखाना	V
snooker	बिलियर्ड टेबल का खेल	N
snooker	परेशान करदेना	V
snoop	ताक झाँक करना; टाँग अड़ाना	V
snooty	घमण्डी	Adj
snooze	झापकी लेना	V
snore	खर्राटा लेना	V
snort	फटफटाना	V
snot	?	N
snout	थूथन; तुण्ड	N
snow	बरफ़; हिम	N
snow	हिम गिरना या बरसना	V
snowball	हिम कन्दुक; बरफ़ की गोली	N
snowball	बड़ी तेज़ी से बढ़ जाना या फैल जाना	V
snowblower	बरफहटानेकीमशीन	N
snow bound	हिम बाधित	Adj
snowcapped	हिमावृत्त	Adj
snowdrift	हिमसंचय	N
snowdrop	गुलचाँदनी	N
snowfall	हिमपात	N
snowfield	हिमक्षेत्र	N
snowflake	हिमलव	N
snowline	हिम-रेखा	N
snowman	हिममानव	N
snowplough	हिमहल	N
snowshoe	हिमजूता	N
snowstorm	बर्फ़ानी तूफानि; हिमझंझावात	N
snub	डपटना; झिड़कना	V
snub	चिपटाहुआ	Adj
snub	झिड़की; ड़ाँट; अपमान	N
snuff	बुझाना	V
snuff	नस्य	N
snuffbox	सुँघनीदानी; नासदानी	N
snuffle	नकियाना; नाक से बोलना	V
snug	सुखद; आरामदेह; दुरुस्त; चुस्त	Adj
snug	सुसंहत	N
snugly	पर्याप्त; अच्छा खासा	Adv
snuggle	सटकर या चिपटकर लेट जाना; छाती लगाना; छाती से छिपकालेना	V
soak	भिगोना; सोखना; तरबतर करदेना; अधिक पैसा वसूलना	V
soak	सोख; पियक्कड़	N
soaked	भिगा हुआ	Adj
soaking	तर-बतर	Adj
so	इतना; अत्यधिक; उसी तरह; समान रूप से; ऐसा; भी	Adv
so	इसलिये; ताकि	Conj
so and so	अमुक; फलाना	Pron
soap	साबुन	N
soap	साबुन लगाना	V
soapy	साबुनी; साबुन-जैसा; चिकना; साबुन जैसा दिखाई देना	Adj
soap box	मंच	N
soap stone	सेलखड़ी; सिलखड़ी; गोरा-पत्थर; घीया-पत्थर	N
soar	उड़ना; बहुत बढ़ना	V
sob	सिसकना; हिचकी भरकर रोना	V
sob	सिसकी	N
sober	अमत्त; संयमी; समझदार	Adj
sobering	गम्भीरताकीओर	Adj
soberly	सादगीसे	Adj
sobriety	संयम	N
soc	समाज	N
so-called	तथाकथित	Adj
sociable	मिलनसार; सामाजिक	Adj
social	सामाजिक	Adj
social climber	वह व्यक्ति जो अपना ओद्धा बढ़ाना चाहता है	N
social conscience	सामाजिकचेतना	N
social democracy	प्रजातन्त्र	N
social democrat	प्रजातान्त्रिक	N
social drinker	वह व्यक्ति जो सामाजिक मौकों पर शराब पीता है	N
social science	समाज विज्ञान; समाज शास्त्र	N
social security	वृद्धावस्था और बेकारी आदी केलिये राष्ट्र द्वारा बीमा	N
social work	सामाजिक कार्य	N
socialism	समाजवाद	N
socialist	समाजवादी	N
socialistic	समाजवादी	Adj
socialite	रईस; उच्चवर्गी	N
socialize	सामाजिक बनाना	V
socialize	लोगोंसेघुलनामिलना	V
socialization	समाजीकरण	N
society	समाज; सामाजिक जीवन; वर्ग	N
sociology	समाज शास्त्र	N
sociological	समाज शास्त्र सम्बन्धी	Adj
sociologically	समाज शास्त्र से सम्बन्ध रखते हुए	Adj
sock	मोज़ा; जूते का भीतरी तला	N
sock	शस्त्र का आघात	V
socket	गर्तिका; गर्त जिसमें कोई चीज़ बैठाई जाती है; बिजली की पुञ्जी	N
sod	समस्याकारकव्यक्ति; घासकामैदान	N
sod	घासलगाना	V
sodding	कटुता का अनुभव करना	Adj
sods law	अनहोनी जिससे काम बिगडे	N
soda	सोडा	N
soda fountain	?	N
sodden	गिला और भारी	Adj
sodium	सोडियम	N
sodium bicarbonate	खाने का सोडा; धोने का सोडा	N
sodium chloride	नमक	N
sodomy	लौण्डेबाज़ी	N
sodomite	लौण्डेबाज़	N
sofa	सोफ़ा	N
soft	नरम; सादा; मधुर; कमज़ोर	Adj
softly	कोमलता से	Adv
soft boiled	आधाउबलाहुआ	Adj
soft drug	?	N
soft fruit	?	N
soft furnishing	?	N
soft hearted	कोमल हृदय	Adj
soft palate	कोमल तालू	N
soft pedal	हलका करना; कम महत्त्व देना	V
soft shoulder	?	N
soft-soap	?	V
soft spoken	मधुर भाषी	Adj
soft ball	?	N
soften	नरम करना	V
software	सॉफ्टवेयर	N
softwood	?	N
softy	बुद्धू; डरपोक	Adj
soggy	गीला	Adj
soho	?	N
soil	मैला करना	V
soil	देश; मिट्टी	N
soiree	सान्ध्य गोष्ठी	N
sojourn	डेराडालना	V
solace	सान्त्वना; उपशम	N
solace	सान्त्वना देना; दुःख कम कर देना	V
solar	सौर	Adj
solar cell	सौर सेल	N
solar plexus	सौरजालक	N
solar system	सौर परिवार	N
solar year	सौर वर्ष	N
solarium	सौर चिकित्सागृह	N
sold	बेचा	V
solder	टाँका; राँग	N
solder	टाँकालगाना	V
soldier	सैनिक; प्रचारक	N
soldierly	सिपाहियाना	Adj
soldier of fortune	?	N
sole	पैर की तलवा; कुकुरजीभी	N
sole	एकमात्र; अकेला	Adj
solecism	अनौचित्य; बदतमीज़ी	N
solemn	पवित्र; औपचारिक; गंभीर	Adj
solemnity	गाम्भीर्य	N
solemnise	-	V
solicit	माँगना	V
solicitor	प्रतिवक्ता; न्यायाभिकर्ता	N
solicitous	ध्यान रखने वाला	Adj
solicitude	ख्याल	N
solid	घनीभूत; ठोस	Adj
solidarity	पूर्ण एकता	N
solidify	ठोस बनना या बनाना; जमना या जमाना; दृढ करना	V
soliloquy	स्वगतभाषण	N
solipsism	अहंमात्रवाद	N
solitaire	एक मणि या एक नग वाला आभूषण; एक व्यक्ति के लिये ताश का खेल	N
solitary	अकेला; निर्जन	Adj
solitude	अकेलापन	N
solo	एकल गायन या वादन	N
solstice	?	N
soluble	घुलनशील; समाधान करने योग्य	Adj
solution	समस्या का समाधान करने का तरीका; उत्तर; घोल	N
solve	किसी प्रश्न को हल करना; हल ढूंढ़ना	VT
solvent	अपने ऋण चुकाने में समर्थ; अपने में घुलाने की क्षमता रखने वाला द्रव्य	Adj
sombre	फीका; उदास; शोकमग्न	Adj
sombrero	?	N
some	कुछ	Det
somebody	कोई{व्यक्ति}	Pron
someday	कभी भविष्य में	Adv
somehow	किसी भी तरह; वह कारण जो पता न हो	Adv
someone	कोई{व्यक्ति}	Pron
someplace	किसी जगह	Adv
somersault	पलटा	N
something	कोई चीज़	Pron
sometime	कुछ समय	Adv
sometimes	कभी कभी	Adv
someway	किसी प्रकार से	Adv
somewhat	कुछ	Adv
somewhere	कहीं	Adv
somnambulism	निद्राचार; निद्राभ्रमण	N
somnolent	निद्रालु; निद्राजनक	Adj
son	पुत्र; बेटा; सन्तति	N
sonar	सोनार यन्त्र	N
sonata	वाद्य संगीत रचना	N
son et luineire	साउंडऔरलाइट	N
song	गाना; सस्ता	N
songster	गायक	N
songbird	गानेवाला पक्षी	N
song book	गीतपुस्तिका	N
songstress	गायिका	N
songwriter	गाने लिखने वाला	N
sonic	ध्वनिक; ध्वनि-	Adj
sonic boom	तेज़ ध्वनि	N
sonnet	चतुर्दश पदी	N
sonny	प्यारा बच्चा	N
sonorous	सुरीला	Adj
sonority	सुरीलापन	N
soon	शीघ्र	Adv
sooner	अधिकशीघ्र	Adv
soot	कालिख	N
sooty	कालिख से ढ़की	Adj
soothe	शान्त करना; प्रशमन करना	V
soothsayer	भविष्य वक्ता	N
sop	घूस	N
sopping	बहुत गीला	Adj
sophisticate	व्यवहार कुशल	N
sophistry	कुतर्क	N
sophomore	दूसरे वर्ष का छात्र	N
soporific	निद्राजनक	Adj
soppy	भावुक	Adj
soprano	उच्चतम स्वर में गाने वाला व्यक्ति; उच्चतम स्वर	N
sorbet	शरबत	N
sorcerer	जादू-टोना करने वाला	N
sordid	गंदा	Adj
sore	चोटखायी	Adj
sorely	गम्भीररूपसे	Adv
sorghum	सौरगम	N
sorority	बहन संघ	N
sorrel	{एकप्रकारकाखट्टा-मीठापौधा}	N
sorrow	दुःख; शोक	N
sorrow	दुःखी होना	V
sorry	खेद; ग्लानि से भरपूर; घटिया; दयनीय	Adj
sort	प्रकार	N
sort	छाँटना; चुनना	V
sortie	सैन्य आक्रमण; संक्षिप्त यात्रा	N
sos	सहायता के लिये पुकार	N
so-so	जैसे-तैसे; बहुत साधारण	Adj
so-so	जैसे-तैसे; बहुत साधारण	Adv
sot	शराबी	N
sotto voice	धीमे स्वर में	Adj
sotto voice	धीमे स्वर में	Adv
sou	बहुत कम धन	N
souffle	सूफ्ल{एकप्रकारकीमिठाई}	N
sough	सरसराहट	N
soul	आत्मा; अन्तःकरण	N
soulful	भावपूर्ण	Adj
soulless	भावशून्य; निष्प्राण	Adj
soul-destroying	आनन्द रहित काम	Adj
soul food	अफ्रीका-अमेरिका की खाद्य सामग्री	N
soul mate	आत्मीयमित्र	N
soul music	अफ्रिका-अमेरिका का संगीत	N
soul-searching	अन्तःकरणमेंझाँकना	N
sound	ध्वनि; आवाज़	N
soundless	निश्शब्द	Adj
sound effect	ध्वनिप्रभाव	N
sound wave	ध्वनि तरंग	N
sound	युक्तियुक्त	Adj
sound	गहराई के साथ; अच्छी तरह	Adv
sound	बजाना; उच्चारित करना; लगना; समुद्र की गहराई को उपकरणौं से निकालना	V
sounding board	अपने विचारों को फैलाने का माध्यम	N
sounding	जिसकी एक खास ध्वनि हो	Adv
soundings	किसी विषय पर लोगों के विचार जानने केलिये पूछे गए सवाल	N
soundly	अच्छी तरह	Adv
soundproof	ध्वनिरोधी	Adj
soundtrack	फिल्म आदि केलिये डिस्क पर संग्रहित किया गया संगीत	N
soup	शोरबा	N
soup-up	कार आदि के इंजन की शक्ति बढ़ाना	V
soup-kitchen	वह स्थान जहाँ लोगों को सूप निश्शुल्क दिया जाता है	N
soupcon	बहुत कम मात्रा में; पुट	N
sour cream	थोड़ाखट्टामक्खन	N
sour	खट्टा	Adj
source	स्रोत; उद्गम	N
sourdough	खमीर	N
sourness	खट्टापन	N
sourpuss	बुरे स्वभाव का व्यक्ति	N
souse	मछली आदि को खारे पानी में रखना; पानी में भिगोना	V
south-east	अग्नेयी; दक्षिण-पूर्व	N
south	दक्षिण	N
southward	दक्षिण की ओर	Adj
south pole	दक्षिण ध्रुव	N
south western	दक्षिण पश्चिम	N
south eastern	दक्षिण पूर्वी	Adj
southerner	दक्खिनी; दक्षिणा का रहने वाला	N
souvenir	निशानी	N
sovereign	शासकीय	Adj
sovereign	शासक	N
soviet	समिति	N
sow	बोना	V
sower	वापक	N
soya bean	सोया बीन	N
sozzled	धुत्त	Adj
spa	सखनिज झरना	N
space	जगह; अन्तरिक्ष	N
space bar	अन्तरक	N
space heater	कक्ष-तपित्र	N
space probe	अन्तरिक्ष खोज	N
spacing	अंतरालन	N
spaced out	अन्तर पर रखना; बीच में स्थान छोडना	PhrV
space craft	अन्तरीक्ष यान	N
space man	अन्तरिक्ष यात्री	N
space ship	अन्तरीक्ष यान	N
space suit	अन्तरीक्ष पोशाक	N
spatial	आकीशीय	Adj
spacious	विस्तृत	Adj
spade	फावडा	N
spadeful	फावडा-भर	N
spade work	तैयारी का काम	N
spaghetti	स्फागैटी{इटालियन खाना}	N
span	चौडाई; अवधि	N
spangle	चमकी	N
spaniel	स्पेनियल कुत्ता	N
spanish	स्पेन का	Adj
spank	थप्पड	N
spanking	पिटाई	N
spanner	पाना	N
spar	डण्ड़ा; मुक्केबाज़ी	N
sparring partner	मुक्केबाज़ी खेल का सहायक	N
spare	बचाना; दे देना; दया करना	V
sparing	कम	Adj
spark plug	स्फुलिंग-प्लग; स्फुलिंग पैदा करने का यन्त्रर	N
spark	चिनगारी; स्फुलिंग	N
sparkling	चमकदार; जिन्दादिल	Adj
sparkle	चमकना; उत्साह से भरा होना	V
sparkler	फटाखा	N
sparky	जोश से भरा हुआ	Adj
sparrow	एक प्रकार की छोटी चिड़िया	N
sparrow-hawk	गौरहवा शिकरा; छोटे पक्षियों को खाने वाला एक तरह का बाड़	N
sparse	कम मात्रा में उपलब्ध; विरल	Adj
spartan	धैर्य एवं वीरता आदि गुणों का होना; सादा और कठोर	Adj
spasm	अतिसंकुंचन	N
spastic	कमज़ोर एवं अपाहिज	Adj
spat	जूते को गन्दा होने से बचाने वाला छोटा सा कपड़ा; हवाई जहाज़ के पहिए को ढ़कने वाला कपड़ा; बिना मतलब का झगड़ा; थोड़ी सी रुकम	N
spate	बाढ़; बड़ी संख्या में	N
spatter	इधर उधर बिखरना	V
spatterdash	?	N
spatula	स्पैचुला; लम्बी धार वाला एक बर्तन	N
spawn	जलाण्डक	N
spawn	अण्डे देना	V
speak	बातचीत करना	V
speakeasy	शराब घर	N
speaker phone	स्पीकर फोन	N
spear	भाला; खेर	N
spearhead	मुख्य भूमिका निभाने वाला	N
spearmint	पुदीना	N
special branch	पुलीस की विशेष शाखा	N
special	असाधारण; ख़ास; महत्त्वपूर्ण; विशेष उद्देश्य से बना हुआ	Adj
specialism	विशिष्टीकरण; विशेषता	N
specialist	विशेषज्ञ	N
speciality	विशेषता	N
specialize	विशेषज्ञ बनना; विशेष अध्ययन करना	V
specialized	विशेष तरह का	Adj
specially	विशेष रूप से	Adv
species	जाति	N
specific	विशिष्ट; निर्दिष्ट	Adj
specification	विशेष विवरण	N
specifics	विशेषताएँ	N
specify	विशेष विवरण देना	V
speciman	नमूना	N
specious	सत्याभासी	Adj
speck	दाग; बिन्दु	N
specs	चश्मा	N
spectacled	चश्माधारी; चश्मा पहिने हुए	Adj
spectacular	अच्छी प्रदर्शन; शानदार	Adj
spectacle	प्रदर्शन; तमाशा	N
spectator	प्रेक्षक	N
spectre	भूत	N
specter	भूत	N
spectral	भूत-प्रेत के समान; वर्णक्रमीय	Adj
spectrum	वर्णक्रम	N
speculate	अन्दाज लगाना	V
speculative	अन्दाज़लगातेहुए	Adj
speech	कथन; भाषा	N
speechify	भाषणीय अन्दाज़ में बात करना	V
speed	गति; क्षिप्रता	N
speed	तेज़ी से चलना	V
speedy	तेज़ी से चलने वाला; द्रुतगामी	Adj
speedboat	छोटी नाव जो तेज़ चलती है	N
speedometer	चालमापी	N
speedway	तेज़ गाड़ियों के लिये सड़क	N
speedway	मोटरसाइकिल रेस	N
speedwell	नीले फूलों वाला एक छौटा पौधा	N
speleology	गुहा-विज्ञान	N
spell binding	मन्त्र-मुग्ध करने वाला	Adj
spell	दौर; वशीकरण; जादू	N
spell	उच्चारण करना या लिखना	V
spellbound	मन्त्र-मुग्ध	Adj
spelt	उच्चारण किया या लिखा	V
spectroscope	वर्णक्रम दर्शी	N
spend	बिताना; खर्च करना	V
spender	अपव्ययी	N
spent	थका-हारा	Adj
sperm	शुक्राणु	N
spermatozoon	शुक्राणु	N
spew	वमन करना; उगलना; जल्दी से निकलना	V
sphere	गोल वस्तु	N
sphere	आकाश	N
sphincter	अवरोधिनी	N
sphinx	नारसिंह मूर्ति	N
spic	उस जगह का आदमी जहाँ स्पानिष बोली जाती है	N
spice	कुछ नई चीज़ मिलाना	V
spice	मसाले; उत्साह या उत्सुकता	N
spick	बना-ठना	Adj
spider	मकड़ी	N
spiel	?	N
spigot	पानी रोकने केलिये ढक्कन	N
spike	कील; नोक	N
spill	छलकाना	VT
spill	छलकना	VI
spin	घुमाना; सूत कातना	V
spin	घुमाव	N
spin	चक्रणी पतन	N
spinner	कातनेवाला	N
spinning	कताई	N
spina bifida	?	N
spinach	पालाक	N
spinal	रीढ़ से सम्बन्धित	Adj
spindle	धुरी	N
spine	रीढ़	N
spine	काँटा	N
spineless	अकशेरुकी	Adj
spiny	काँटेदार	Adj
spinet	छोटी वीना	N
spinnaker	?	N
spinney	झुरामुट	N
spintster	अविवाहिता	N
spiral	सर्पिल	Adj
spiral	कुण्डली; पेचक; uwwarowwara वृद्धि या घटती	N
spire	शिखर	N
spirit	आत्मा; स्वभाव; मद्यसार; भावना	N
spirit	उड़ा ले जाना; उत्साह बढ़ाना	V
spirit	सक्रिय	Adj
spiritless	उदास	Adj
spiritual	आध्यात्मिक	Adj
spirituality	आध्यात्मिकता	N
spiritualism	आत्माओं से सम्पर्क करने में विश्वास	N
spit	थूकना; ज़ोर से बोलना	V
spit	थूक; सीख	N
spite	द्वेष	N
spite(used with to)	नाराज़ करना	V
spiteful	द्वेषी	Adj
spitfire	झगड़ालू	N
spittle	थूक	N
spittoon	पीकदान	N
spiv	धोखे से धन कमानेवाला	N
splash	छींटे ड़ालना; टकराकर छीतराना	V
splash	छप-छप; छिड़काव	N
spleen	पलेह; रोष	N
splendid	शानदार	Adj
splendidly	बहुत अच्छी तरह से	Adj
splendour	वैभव	N
splentic	बदमीजाजी; प्लीह रोगी	Adj
splice	जोड़ना	V
splint	कमठी	N
splinter	फाँस	N
splinter	चिरना	V
split	फ़ाड़ना; चीरना	V
split	काट	N
splits	?	N
splotch	गन्दा करना; पोतना	N
splurge	खर्च करना	N
splutter	जल्दी और बेठिकाने बोलना; ?	V
spoil	बिगाड़देना; खराब कर देना; लाड़-प्यार से बिगाड़ना	V
spoil	लूट; फ़ायदा मुनाफा	N
spoilage	कूड़ा	N
spoiler	बिगाड़नेवाला	N
spoilsport	खेल बिगाड़नेवाला	N
spoke	तीली{साइकिलइत्यादिकी}	N
spoke	बोला	V
spokesman	वक्ता	N
spokes person	समुदाय केलिये बोलने वाला	N
sponge	स्पंज; समुद्रसोख	N
sponge	स्पंज से धोना	V
sponser	प्रायोजित करनेवाला	N
sponser	प्रायोजित करना	V
sponsorship	प्रायोजक	N
spontaneity	सहजता	N
spontaneous	मनमानी	Adj
spontaneously	उच्छानुरूप	Adv
spoof	चकमा देना	V
spoof	ठग	N
spook	भूत	N
spooky	भूत जैसा	Adj
spool	चरखी	N
spool	चरखी पर लपेटना	V
spoon	चम्मच	N
spoon	चम्मच से लेना	V
spoonful	चम्मच भर	N
spoonerism	आद्यक्षर का विपर्यय	N
sporadic	छिट पुट	Adj
spore	जीवाणु जो बढ़कर एक नया प्राणी हो जाता है	N
sporran	?	N
sport	खेल	N
sport	खेलना	V
sportscar	एक छोटी तेज़ी चलने वाली कार	N
sportsday	खेल दिवस	N
sports jacket	खेलों में पहने जाने वाली एक जाकेट	N
sporting	खेल संबन्धी	Adj
sportively	खेल खरल में	Adv
sportscast	खेल वा उनका समाचारों का प्रसारण	N
sports man	खिलाड़ी	N
sports manlike	खिलाड़ी की तरह का	Adj
sportsmanship	खिलाड़ी भाव	N
sports wear	खिलाड़ियों द्वारा पहने जाने वाला वस्त्र	N
sporty	खेलों में रुचि रखने वाला	Adj
spot	बिन्दु; कलंक	N
spot	देखना	V
spotted	धब्बेदार	Adj
spotter	स्पॉट करनेवाला	N
spotless	स्वच्छ; बिना कलंक का	Adj
spotlessely	कलंक रहित	Adv
spotty	धब्बेदार	Adj
spotlight	स्पॉट लाइट	N
spotlight	स्पॉट लाइट डालना	V
spouse	पति या पत्नी	N
spout	नल	N
spout	वेग से फूहरा छोड़ना	V
sprawl	अंग फैलाकर लेटना या बैठना	V
spray	फुहार	N
spray gun	पिचकारी	N
spray	छिड़कना	V
spread	फैलाना	V
spreader	पैलानेवाला	N
spread-eagle	हाथ पैर फैलाया	Adj
spread sheet	स्प्रैडशीट	N
spree	रंगरलियाँ मनाना	V
sprig	टहनी	N
sprigged	टहनीदार	Adj
sprightly	ज़िन्दादिल	Adj
spring	उछलना	V
springy	लचीला	Adj
spring loaded	उछाल; तख्ता	Adj
spring tide	बृहत् ज्वार	N
spring	वसन्त	N
spring clean	नवीकरण	N
spring green	वसन्त की हरियाली	N
spring onion	गोली प्याज	N
spring board	गोता-तख्ता	N
spring bok	दक्षिण आफ्रीकी खिलाड़ी	N
springer	एक तरह का कुत्ता	N
springtime	वसन्त ऋतु	N
sprinkle	छितराना	V
sprinkler	छितराने वाला	N
sprinkling	छिड़काव	N
sprint	बड़ी तेज़ी से दौड़ना	V
sprint	लघु दौड़	N
sprinter	तेज़ धावक	N
sprite	परी	N
spritzer	सोड़ा युक्त शराब	N
sprocket	दाँतेदार पट्टियाँ	N
sprout	अंकुरित होना	V
spruce	बना-ठना	Adj
spruce	श्रृंगार करना	V
spruce	स्प्रूस वृक्ष; नरम लकड़ी जो पेपर बनाने में इस्तेमाल होती है	N
spring	स्प्रिंग लगा हुआ	Adj
spry	फुर्तीला	Adj
spud	आलू	N
spume	झाग; फेन	N
spunk	हिम्मत	N
spunt	शुक्र	N
spur	खार; प्रेरणा; पर्वत स्कन्ध; छोटा रस्ता	N
spunous	नकली	Adj
spurn	ठुकराना; तिरस्कार करना	V
spurt	फूट निकलना; थोड़ी देर तक बड़ी तेज़ी से काम करना	V
spurt	तेज़ गति; फुहारा; धारा	N
sputter	भक-भक करना; उत्तेजित हो कर बोलना	V
sputum	थूक; लार	N
spy	जासूस; गुप्तचर	N
spy	जासूसी करना; ध्यान रखना	V
squally	तूफ़ान	Adj
squalor	गन्दगी	N
square	चुकाना; समकोण बनाना; बराबर करना; इजाजत लेना	V
square	चौकोर; पेटभर भोजन; बलिष्ठ; वर्ग मीटर; अच्छा व्यवहार	Adj
square	चौक	N
squarely	उचित रूप से	Adv
squarish	चौकोर सा	Adj
squash	भुरता बना देना; तिरस्कार करना; धकिया कर घुसना	V
squash	शरबत; स्क्वाश{खेल}; कुम्हड़ा	N
squat	गोल-मटोल	Adj
squat	उठना-बैठना	N
squat	पालथी मारकर बैठना; अवैध रूप से बस जाना	V
squatter	आबादकार	N
squaw	अमेरिकी स्त्री	N
squawk	चीख	N
squawk	चीख मारना	V
squeak	चूँ-चूँ	N
squeak	चूँ-चूँ करना; किकियाना; बाल-बाल बचना	V
squeaky	तीखी; किकियायी	Adj
squeal	?	V
squeal	किलकारी	N
squeamish	धर्मभीरू; मतलाहा	Adj
squeeze	दबाना; निचोड़ना	V
squelch	फच-फच करना	V
squelchy	फच-फच करने वाला	Adj
squib	फुलझड़ी	N
squid	समुद्रफेनी	N
squidgy	नर्म और गीला	Adj
squiffy	उन्मत्त	Adj
squiggle	टेढ़ीमेढ़ीरेखायें	N
squiggly	टेढ़ीमेढ़ी	Adj
squint	भेंगापन	N
squint	अधखुली आँखों से देखना	V
squire	अनुरक्षक; सहचर; ज़मीनदार; श्रीमान् जी	N
squirearchy	ज़मीनदार वर्ग	N
squirm	झेंपना	V
squirrel	गिलहरी	N
squirt	अभिमानी	N
squirt	फुहारा मारना	V
squirt	फुहारा; धार; aBimAnI	N
sr	श्री	Abbr:Senior
sr	सिस्टर	Abbr:Sister
ss	जहाज	Abbr:steam ship
st	सन्त	Abbr:Saint
stab	प्रहार करना	V
stab	घाव; दर्द; कोशिश	N
stabbing	छुरा प्रहार	Adj
stability	स्थिरता	N
stabilize	स्थिर करना	V
stabilizer	स्टेबिलैज़र	N
stable	स्थिर; सन्तुलित; स्थायी	Adj
stable	अश्वशाला	N
stabling	अस्तबल में स्थान	N
stable-boy	सईस	N
staccato	?	Adj
stack	गद्दियों में लगाना; ढ़ेर लगाना	V
stadium	स्टेडियम्; मैदान	N
staff	कर्मचारीगण; लाठी	N
stag	हिरन	N
stage	रंगमंच	N
stagecoach	घोड़ागाड़ी	N
staggers	लड़खड़ाना; चोंका देना	V
staging	अभिनय	N
stagnent	स्थिर	Adj
stagnate	निष्क्रिय होना	V
stagy	कृत्रिम; नाटकीय	Adj
staid	गम्भीर	Adj
stain	धब्बा	N
stain	धब्बेवालाकरना	V
stained glass	रंगीन काँच	N
stainless steel	स्टेनलैसस्टील	N
stair	सीढ़ी	N
staircase	सीढ़ियाँ	N
stairway	सीढ़ियाँ	N
stake	खूँटा	N
stake	सहारा देना; दाँव पर लगाना	V
stake out	?	PhrV
stake	लगातार नज़र रखना	V
stake holder	शेयरहोल्डर	N
stalactite	पत्थरकाअवरोहीनिक्षेप	N
stalagmite	पत्थरकाआरोहीनिक्षेप	N
stale	बासी; पुराना	Adj
staleness	थकावट	N
stalemate	शतरंज के खेल की एक महत्त्वपूर्ण स्थिति; स्थिति में अवरोध	N
stalk	ड़ाली	N
stalk	छिपकर चलना; अकड़कर चलना; किसी बीमारी ड़र आदी का फैलना	V
stalker	शिकारी	N
stalking house	धोखेकापर्दा	N
stall	दुकान; अश्वशाला के अलग अलग कमरें; मंच के समीप वाली कुर्सियाँ; चर्चा में बैठने का निश्चित स्थान	N
stall	इंजन का बन्द हो जाना; कार्य को बाधित करना; प्रगति को रोकना	V
stall hodler	दुकानदार	N
stallion	घोड़ा जो प्रजनन का काम आये	N
stalwart	विश्वसनीय	Adj
stamen	पुष्प केसर	N
stamina	बल; सहनशक्ति	N
stammer	हकलाना; रुक रुक कर बोलना	V
stammerer	हकलाकर बोलने वाला	N
stamp	पैर पटकना; ठप्पा लगाना; टिकट लगाना; प्रभावित करना	V
stamped adressed envelops	लिफ़ाफ़ा जिस पर पता और टिकट हो	N
stamping ground	बसेरा	N
stamp	टिकट; ठप्पा; प्रकार	N
stamp collecting	टिकटों का संग्रह	N
stamp duty	विभिन्न दस्तावेजों पर सरकारी शुल्क	N
stamp pad	स्याही गद्दा	N
stampede	भागना; बिना सोचे समझे कार्य करना	V
stampede	भगदड़	N
stance	व्यक्ति की अवस्था{खेल कूद में खड़े होने का ढ़ंग इत्यादि}; जागरूकता एवं बुद्दिमत्ता भरा तरीका	N
stanchion	खंभा	N
stand	खड़ा होना[रहना]; खड़ा करना; रहना; होना; सहना; के लिये रुपये देना	V
stand alone	अकेलेचलसकनेयोग्य	Adj
on stand by	तैयार{किसी चीज़; व्यक्ति के सथान पर प्रयुक्त किये जाने वाली चीज़; व्यक्ति}	N
stand in	की जगह ले लेना	N
stand off	किसी नतीज़े पर न पहुँचने की स्थिति	N
stand up	आमनेसामनेकी	Adj
stand	स्टैंड; कटघरा; दृढ़मत; अड्डा	N
standard bearer	मुख्य नेता	N
standard lamp	लम्बे स्टांड वाला लेंप	N
standard of living	रहन-सहन का तरीका	N
standard time	स्टैंडर्डसमय	N
standard	प्रामाणिक; मान्य; मूल	Adj
standard	आदर्श; मानक; स्तर; कक्षा; दरजा	N
standardization	मानकीकरण	N
standerdize	मानकीकृत करना	V
standing order	बैंक को दी जाने वाली विशीष्ट सावधानियाँ; स्थायी	N
standing ovation	स्वीकृति को दर्शाना	N
standing room	खड़े रहने की जगह	N
standing	स्थायी; इज्जत; एकदम से किसी चीज़ की शुरुवात; रहने का समय	Adj
standoffish	व्यवहार में शालीनता	Adj
standpoint	दृष्टिकोण	N
standstill	ठहराव	N
stank	बदबू से भरा	V
stanza	बन्द	N
staple	मुख्य	Adj
staple	कागज़ आदी का बाँधने का साधन	N
staple	स्टेपल	N
staple	एकत्रित करने केलिये बाँधना	V
starfish	तारामीन	N
star-sign	राशि	N
star-board	जहाज़ या हवाई जहाज़ का दायाँ भाग	N
star	तारा; नक्षत्र; जन्मपत्री; प्रसिद्ध व्यक्ति; तारा जैसा; उत्कृष्ट; सितारा; तारिका; अभिनेत्री	N
star	तारांकित करना	V
starch	कलफ़ चड़ाना	V
stare	आँख गड़ाकर देखना	V
stark	कड़ा; कठोर; पूर्ण रूप से	Adj
starker	पूर्णतया नग्न	Adj
starless	तारों के बिना	Adj
starlet	नयी अभिनेत्री	N
starlight	नक्षत्र रोशनी	N
starling	मैना; सारिका	N
starlit	तारामय; तारों की रोशनी से चमकता हुआ	Adj
start	शुरू करना	V
start	आरम्भ; चौंक	N
start for	के लिये जाना	V
start off	शुरू करना	V
start out	यात्रा शुरू करना; शुरू करना{काम}	V
start over	दुबारा से शुरू करना	V
start up	चलाना	V
starter	दौड़ में भाग लेने वाला व्यक्ति; घोड़ा आदि; शुरू करने वाला; प्रवर्तक{यंत्र}	N
starting-block	शुरू करने वाला स्थान	N
starting point	शुरू करने का स्थान	N
starting-price	प्रारम्भिकदाम	N
startle	चौंकाना	V
startled	चौंका हुआ	Adj
startling	चौंका देने वाला	Adj
starvation	भुखमरी	N
starvation diet	भूख की पूर्ति न करने लायक भोजन	N
starve	भूखा मरना	VI
starve	भूख लगना	VT
stash	संचितकरना	V
stasis	स्थैतिकता	N
state	राज्सी; राज्य से सम्बन्धित	Adj
state	अभिव्यक्त करना	V
stated	निश्चित	Adj
state of affairs	परिस्थिति	N
state	राज्य; सरकार; दशा; परिस्थिति	N
statecraft	शासन कला	N
statehood	राज्य की स्थिति	N
stateless	किसी भी देश का नागरिक न होना	Adj
statelessness	राष्ट्रीयता-विहीनता	N
stateliness	आकर्षक	N
statement	कथन	N
stately	गौरवशाली; आकर्षक	Adj
stately home	राजकीयमकान	N
stateroom	जहाज पर निजी कमरा	N
stateside	क्षेत्र का	Adj
statesman	राजनेता	N
statesmanlike	राजनयिक	Adj
statesmanship	राजनीतिमत्ता	N
static	निश्चल	Adj
station	स्टेशन; केन्द्र	N
station	होना	V
station of the cross	?	N
stationary	स्थिर	Adj
stationer	कागज़ आदी सामान बेचनेवाला	N
stationery	कागज़ आदी सामग्री	N
station master	स्टेशन मास्टर	N
statistics	सांख्यिकी	N
statistically	साङ्ख्यिकी के आधार पर	Adv
statistician	सांख्य शास्त्री	N
statuary	मूर्तियाँ; प्रतिमाएँ	N
statue	मूर्ति	N
statuesque	निश्चल	Adj
statuette	छोटी मूर्ति	N
stature	तन की प्राकृतिक लम्बाई; क्षमता या उपलब्धि से कमाई हुई इज्जत और रूतबा	N
status	स्तर{सामाजिक नैतिक या व्यावसायिक पद}	N
status symbol	स्टेटस	N
statute	कानून; नियम	N
statute book	नियम	N
staunch	दृढ़निश्चयी	Adj
staunchly	दृढ़ता से	Adv
stave	कोई मोटी छड़ी या ड़ंड़ा	N
stave in	छेद कर देना	V
stave off	किसी बुरी चीज़ को स्वयं से दूर रखना	V
stay	रहना	V
stay the course	कठिन परिश्रम के अंत तक जाना	V
stay one's hand	हाथ पकड़कर कोई कार्य करने से पीछे हटाना	V
stay behind	पीछेरहजाना	V
stay in	अंदर ही रहना	V
stay out	बाहर रहना; हड़ताल पर रहना	V
stay up	जागे रहना	V
stayer	थकानेवाली दौड़ते रहने की सामर्थ्य रखनेवाला	N
steadfast	स्थिर	Adj
steady	अनवरत; नियमित; गम्भीर	Adj
steak	माँस का टुकड़ा	N
steak house	माँसाहारी भोजनालय	N
steal	चोरी करना; चुपके से आना जाना	V
steal	सस्ता विक्रय	N
stealth	छुपाव	N
stealth	हवाई ज़हाज़ से सम्बन्धित तकनीकी शाखा	Adj
steam	भाप	N
steam off	भाप से निकालदेना	V
steamer	भाप से चलने वाला जल-ज़हाज़	N
steamy	भाप से भरा हुआ	Adj
steam engine	भाप से चलने वाला इंजन	N
steam iron	भाप से चलने वाली इस्त्री	N
steam shovel	भाप चालित बेलचा	N
steam train	भाप चालित रेल	N
steam boat	भाप चालित नाव	N
steam roller	भाप चालित रोलर	N
steam roller	रौंदना	V
steam ship	भाप चालित ज़हाज़	N
steed	अच्छी जाति का घोड़ा	N
steel	इस्पात	N
steel	इस्पात से निर्मित शस्त्र	Adj
steel	सख्तबनना	V
steely	लोहे जैसा रंग; लोहे जैसा सख्त	Adj
steel band	ढ़ोल बजानेवालों का समूह	N
steel wool	इस्पात की पतली तारें	N
steelworks	इस्पात का कारखाना	N
steep	दुरारोह; अत्यधिक; बेतुका	Adj
steepen	दुरारोह बनना या बनादेना	V
steeple	मीनार	N
steeplechase	टट्ठी बाज़ी	N
steeplechaser	टट्ठी बाज़	N
steeplejack	मीनार मरम्मत करनेवाला	N
steer	परिचालन; मार्ग दिखाना	V
steering	स्टीयरिंग; चालन-चक्का	N
steering committee	संचालन समिति	N
steerage	सस्ते किराये का ज़हाज़	N
stellar	तारकीय	Adj
stem	तना; नली; धातु	N
stem	रोकना; जड़	V
stemware	नलीदार बर्तन	N
stench	दुर्गन्ध	N
stencil	स्टेंसिल	N
stenographer	आशुलिपिक	N
stenography	आशुलिपि	N
stentorian	बुलन्द	Adj
step	कदम उठाना	V
step down	स्थानछोड़ना	PhrV
stepping stone	पैर रखने का पत्थर; प्रारंभिक प्रयास	N
step	पद; कार्यवाही; सोपान	N
step parent	सौतेले माँ-बाप	N
step brother	सौतेला भाई	N
step child	सौतेला बच्चा	N
step daughter	सौतेली बहन	N
step father	सौतेला बाप	N
step ladder	सीढ़ी	N
steppe	घाँस का मैदान	N
step sister	सौतेली बहन	N
step son	सौतेला बेटा	N
stereo	स्टीरियो	N
stereophonic	त्रिआयामी ध्वनि	Adj
steroetype	रूढ़िवाद	N
sterile	बाँझ; फलहीन; बंजर; खाली	Adj
sterility	बाँझपन	N
sterilize	निष्कीटित करना	V
sterling	पाउंड़	N
sterling	विश्वसनीय	Adj
stern	कठोर या निर्दय; ज़हाज़ का पिछला भाग'	Adj
sternum	उरोस्थि	N
steroid	रसायनिक विशेष	N
stertorous	घर्राटे	Adj
stethoscope	हृदय गति निदान यन्त्र	N
stevedore	ज़हाज़ से माल उतारने चढ़ाने वाला मज़दूर	N
stew	पकाना; परेशान होना; निचोड़ना	V
stewed	तेज़ कड़वी	Adj
steward	जागीरप्रबन्धक; प्रबन्धक	N
stewardship	प्रबन्धक पद	N
stick	लाठी; छड़ी; ड्रम छड़ी; लकड़ी; पुलीस का ड़ंड़ा; असाधारण व्यक्ति	N
stick	चिपकना; घुसेड़ना; बरदाश्त करना; सथापित करना	V
stick insect	लकड़ीनुमा कीड़ा	N
stickleback	एक प्रकार की मछली	N
stickpin	टाई पिन	N
sticky	चिपचिपा; उमस; पसीने में लथपथ; बुरा समय	Adj
sticky	कंजूस	Adj
sticker	स्टीकर; चिपकू	N
stiff	कड़ा; कठिन; हठीला; भारी कीमत	Adj
stiff	लाश	N
stiffen	कड़ा होना	V
stifle	दम घुटना; दबाना; आग बुझाना	V
stigma	कलंक	N
stigmata	क्षत चिह्न	N
stigmatize	कलंक लगाना	V
stile	सीढ़ी	N
stiletto	खंजर; लोहे की ऊँची एड़ी	N
still	अचल; स्थिर; शान्त	Adj
still	तथापि; ज़्यादा	Adv
still birth	मृतशिशुजनन	N
still-born	मरा हुआ पैदा; जिसके आगे विकास न हो	Adj
stilt	चलने के लिये बड़े डंडे; बाँस जिस पर घर स्थिर हो	N
stilted	रुखाईसे	Adj
stilton	दूद से बना हुआ चीज़	N
stimulant	शक्ति वर्धक; उत्तेजक	N
stimulate	उत्तेजित करना	V
stimulus	उत्तेजना	N
sting	ड़ंक; काँटा; दर्द	N
sting	ड़ंक मारना; दर्द होना; उकसाना	V
stingray	एक विशाल मछली	N
stingy	कंजूस	Adj
stink	बदबू मारना	V
stink	बदबू	N
stinker	कठिन; अप्रिय आदमी	N
stinking	बुरा	Adj
stint	कंजूसी करना	V
stint	काम करने का समय	N
stipend	वज़ीफ़ा	N
stipendiary	वज़ीफ़ा पानेवाला	Adj
stipple	बिन्दी बिन्दी से बनाया गया चित्र	V
stipulate	सौदा तय करना	V
stipulation	करार	N
stir	हिलना; हिलाना	V
stir	हलचल; हिलादेनेवाला	N
stirring	सदमा पहुँचानेवाला	Adj
stirrup	रकाब	N
stitch	टांका; सीअन; एक प्रकार की सिलाई	N
stitch	सीना	V
stitch up	धोखा देना	V
stoat	एक प्रकार का जीव	N
stock	तिज़ारती माल; पशु धन; पूँज़ी; पीढ़ी; ख्याति; हड्डियों से बनाया जाने वाला पदार्थ; तना	N
stock	भरपूर मात्रा में रखा जाने वाला	Adj
stock-car	एक प्रकार की गाड़ी; माल गाड़ी	N
stockade	लकड़ियों का घेरा	N
stockholder	साझीदार	N
stocking	मोजा	N
stockman	जानवरों की देख-रेख करनेवाला	N
stockpile	जमा-पूँजी	N
stock-still	स्थिर	Adv
stock taking	स्टाककीजाँच; समालोचना	N
stocky	तगड़ा	Adj
stodge	घृष्ट भोजन	N
stoic	सहनशील व्यक्ति	N
stoicism	सहनशीलता	N
stoke	भट्टी में कोयला झोंकना; उकसाना	V
stole	चुराया	V
stole	दुपट्टा	N
stolen	चुराया हुआ	V
stolid	संकोची	Adj
stomach	पेट; भूख; इच्छा	N
stomach-ache	पेट दर्द	N
stomach-pump	पंप{पेट साफ़ करने केलिये}	N
stone	पत्थर; रत्न; फलों की गुठली; अश्मरी; तौल	N
stone	पत्थर से मारना; गुठली निकालना	V
stoneless	पत्थर रहित	Adj
stone age	पाषाण काल	N
stone cold	पूर्णतया ठंडा	Adj
stone dead	पूर्णतया निर्जीव	Adj
stone deaf	बिल्कुल बहरा	Adj
stoneground	पत्थर का फर्श	Adj
stonemason	संगतराश	N
stonewall	उदासहीनता दिखाना	V
stoneware	पत्थर के पात्र	N
stone washed	कपड़ा विशेष	Adj
stonework	पत्थरोंकीनक्काशी	N
stony	पथरीला	Adj
stonily	कठोरतासे	Adv
stooge	कठपुतली; हँसी का पात्र	N
stool	स्टूल; मल	N
foot stool	पाँव रखने की चौकी	N
stool pigeon	फ्zअसानेवाला व्यक्ति	N
stoop	झुकना; शरीर का झुकाव	V
stoop to	हद से गिरना	V
stoop	कंधे झुकाकर चलना	N
stop	रुकना; अन्त करना; रोकना	V
stop one's ears	बातें न सुनना	V
stop light	लाल-बत्ती	N
stopping train	स्थानीय रेल	N
stop press	समाचार पत्र के छपते छपते समय का समाचार	N
stop	विराम	N
stopcock	नल की टोटी	N
stopgap	स्थानापत्र	N
stop over	ठहरना	N
stoppage	रुकावट	N
stopper	डट्टा	N
stopwatch	विराम-घड़ी	N
storage	माल की रखावाई; जानकारी का संग्रह करना; भखाई का खार्चा	N
storage heater	संचायक तापक	N
store	संचित माल; भंड़ार; दुकान	N
store	संचितकरना	V
storehouse	भंड़ार-घर	N
storekeeper	दुकानदार	N
storeroom	भण्डार का कमरा	N
storey	मंज़िल	N
stork	सारस	N
storm	आँधी	N
storm	हमला करना	V
story	कहानी	N
story-book	कहानी की पुस्तक	N
story-teller	कथक	N
stoup	जलपात्र	Adj
stout	तगड़ा	Adj
stove	चूल्हा	N
stow	सजाकर रखना	V
stowaway	छिपकर यात्रा करनेवाला	N
straf	पर गोलाबारी करना	V
straggle	से अलग हो जाना	V
straggly	बिखरा हुआ	Adj
straight	सीधा	Adj
straightaway	तुरन्त	Adv
straighten	सीधा करना	V
straightforward	ईमानदार	Adj
strain	पूरी शक्ति लगाकर देखना; सुनना	V
straitened	कठिनाई{गरीबी के कारण}	Adj
straitjacket	जकड़जामा; विकास में बाधक	N
strait laced	नैतिक प्रश्नों के प्रति तटस्थ दृष्टिकोणवाला	Adj
strand	किनारा; रस्सी वा तार	N
strange	अनोखा	Adj
stranger	अपरिचित व्यक्ति	N
strangle	गला घोंटकर मारना या दबाना	V
strangulated	गला घोंटना; अंग बाँधकर रक्त की गति रोकना	Adj
strap	चमड़े का पट्टा; लोहे का पट्टी; चौड़ा कोड़ा	N
strapless	बगैर पट्टी का	Adj
strata	तह; परतें	N
stratagem	छल; चकमा; धोखा	N
strategic	युद्ध कौशल सम्बन्धी	Adj
strategy	युद्ध कौशल; व्यूह रचना	N
strategist	युद्ध कौशल में दक्ष	N
stratify	एकत्र होना; परतों का आकार लेना	V
stratosphere	वायु मण्डल का क्षेत्र	N
stratum	परत समाज का एक वर्ग; ऊँचाई या गहराई में व्यक्त क्षेत्र	N
straw	भूसा; तरल पदार्थ को पीने के लिए नली	N
straw-coloured	पीला रंग	Adj
strawberry	गुलाबी-लाल रंग का फल	N
stray	विपद्य होना; भाटकना	V
streak	लंबी व पतली लकीर या धारी	N
streak	धारियाँबनाना	V
streaky	धारीधार; रेखित	Adj
stream	जलधारा; स्रोता; शाखा	N
stream	धारा रूप में बहना	V
streamer	लंबा संकरा झण्डा; रोशनी की किरण	N
streel	पीछा करना	V
street	सड़क	N
street ahead	सबसे बहतर	Adj
street smart	बड़े शहर की मुश्किलों से परिचित	Adj
street value	अनैतिक वस्तुओं का मूल्य	N
street car	ट्राँम	N
street walker	वेश्या	N
street wise	बड़े शहर की मुश्किलों से परिचित	Adj
strength	बल; ताकत; शक्तिशाली वस्तु उठाने की ताकत; जनमानस की शक्ति; गुण; क्षमता; लोग	N
strengthen	शक्ति बढ़ना	V
strenuous	कठिन प्रयास	Adj
strenuously	दृढ़ता से	Adv
streptococcus	रोगाणु	N
streptomycin	दवा	N
stress	बल; दबाव	N
stress	बल देना	V
stressed	दबाव से पीडित	Adj
stressful	थकानेवाला	Adj
stretch	खींचकर बढ़ाना; ताना जाना; ज़ोर से खींचना; अंगड़ाई लेना; किसी वस्तु का आयु बढ़ाना; फैलाना; पूर्णरूपसेलगाना; ज़रूरत से ज्यादा खींचना	V
stretchy	लचीला	Adj
stretch marks	खाल खींचने से पड़ने वाले निशान	N
stretcher	डोला; तख्ता	N
strew	बिखेरना; छितराना	V
strewth	आश्चर्य या गुस्सा	N
striated	धारीदार; रेखित	Adj
striation	रेखा; सीमा	N
stricken	दुःखी	Adj
strict	कड़क; सख्त; पूर्णतः; निश्चित; यथार्थ	Adj
strictly	दृढ़ता से; केवल	Adv
stricture	कटु आलोचना; व्यवहार को नियन्त्रित करनेवाला नियम	N
stride	लंबे कदम रखना; लाँघना	V
stride	लंबे कदम; लंबे डग लेकर चलना	N
strident	कर्कश	Adj
strife	विरोध	N
strike	हड़ताल	N
strike	ज़ोर से मारना; अचानक मारना; सूझना; प्रभाव डालना; पड़ना; खोज़ करना; सिक्के डालना; बजना	V
strike	हड़ताल	N
strikebound	हड़तालपर	Adj
strike breaker	हड़तालतोड़नेवाला	N
striker	हड़ताल करनेवाला	N
striking	ध्यानआकर्षितकरनेवाली	Adj
string	रस्सी; गिटार या वयोलिन का तार; श्रृंखला; गुणों की श्रुङ्खला	N
string	को_रस्सी_से_बाँधना	V
stringent	सख्त; कठिन आर्थिक हालत	Adj
stringer	अनियमित पत्रकार	N
strip	पट्टी; फुट-बाल टीम के सदस्यों के कपड़े; He owns a cloth store out on the strip	N
strip	कपड़े उतारना; नंगा करना; हठाना	V
stripe	धारी; फ़ीती	N
stripling	किशोर	N
striptease	मनोरञ्जन का तरीका	N
strive	के लिए प्रयास करना; का मुकाबला करना	V
strobe light	जल्दी जल्दी जलने बुझनेवाली रोशनी	N
stroke	मारना; सहलाना	V
stroke	मार; प्रहार; घसीट; टन-टन; तैरते अथवा नाँव खेते समय की हरकत; हल्का स्पर्श; कामयाब घटना; दौरा	N
stroll	चहल कदमी	N
stroll	टहलना	V
stroller	सैर करनेवला	N
strong	मज़बूत; ऊँचा; तेज़; समर्थ; पक्का; प्रबल; कड़ा; तीखा; प्रभावशाली	Adj
strong arm	बलपूर्वक	Adj
strong box	तिज़ोरी	N
strong hold	केन्द्र; किला	N
strong man	निर्भीक प्रशासक	N
strong minded	मज़बूत संकल्प	Adj
strong room	तिज़ोरी	N
strongly	दृढ़ता से	Adj
strontium	स्ट्रोन्शियम	N
stroppy	बुरा स्वभावी	Adj
struck	मारा	V
structuralism	विषयविश्लेषण पद्धति	N
structure	निर्माण; Our body is a structure	N
structure	योजना करना	V
strudel	फल से निर्मित माल पुआ	N
struggle	संग्राम करना; प्रयत्न करना; हाथ-पैर मारना	V
struggle	संघर्ष; प्रयत्न	N
strum	बजाना; झंकारना	V
strumpet	रण्डी	N
strut	अकड़कर चलना	V
strychnine	कुचला-सत	N
stub	टुकड़ा; मुसन्ना; बुझा देना	N
stubble	ठूँठी; खूँटी	N
stubborn	हठीला; अटल	Adj
stubby	गोल-मटोल; छोटा-मोटा	Adj
stucco	प्लास्तर	N
stucco	गचकारी करना	V
stuck	चिपकाया	V
stuck	अटका हुआ	Adj
stuck up	फँसजाना	V
stud	दुहराबटन; गुलमेख; बुन्दे	N
student	विद्यार्थी; छात्र	N
studied	सोचा-समझा; जानबूझकर किया हुआ	Adj
studio	स्टूडिओ	N
studious	अध्ययनशील	Adj
study	अध्ययन करना	V
study	अध्ययन	N
stuff	सामग्री	N
stuffy	दम घोंटनेवाला	Adj
stultify	बेवकूफ़ बनना या बनाना	V
stumble	ठोकर खाना या लगना; गिरना; भूल करना	V
stump	ठूँठ; स्टम्प{क्रिकेट}	N
stump	कठिनाईमेंपड़ना[डालना]; भाषण देते चलना; आउट कर देना	V
stumpy	गोल-मटोल	Adj
stun	अचेत करना; चकित होना	V
stung	ढ़ंक मारना	V
stink	बदबूमारना	V
stunt	बल प्रदर्शन	N
stunt	बढ़ने न देना	V
stupefy	जड़ कर देना; विस्मित कर देना	V
stupendous	आश्चर्यजनक; अति विशाल	Adj
stupid	मूर्ख	Adj
stupidity	मूर्खता	N
stupidly	मूर्खता से	Adv
stupor	भाव शून्य	N
sturdy	दृढ़	Adj
sturdily	दृढ़ता से	Adj
sturgeon	समुद्री मछली	N
stutter	हकलाना	V
sty	शूकर शाला; आँख की बिलनी	N
stygian	अन्धकारमय	Adj
style	शैली	N
stylist	शैलीकार या अभिकल्पक	N
stylus	ग्रामफोन की सुई जिससे वह बजता है	N
stymie	बाधाएँ डालना	V
styrofoam	पोलीट्रीन	N
styx	वैतरिणी	N
sub-	उप	Pref
subacid	खट्टा सा	N
subaltern	कप्तानकेनीचेकेस्तरकेफौजीअधिकारी	N
subaqua	अन्तर्जलीय	Adj
subatomic	परमाणु	Adj
subcommittee	उपसमिति	N
subconcious	अवचेतन	Adj
sub continent	उपमहाद्वीप	N
subcontract	उपसंविदा	N
sub culture	उपसंस्कृति	N
subcutaneous	अवत्वचीय	Adj
subdivide	प्रविभाजित करना	V
subdue	वश में लाना या रखना	V
subhuman	अवमानवीय; प्रायः मानुषी	Adj
subindicate	संकेत द्वारा सूचित करना	V
subject	विषय; कर्ता	N
subjudice	विचाराधीन	Adj
subjugate	अधीन करना	V
subjunctive	संभावनार्थक	N
sublet	शिकमी देना	V
sub lieutenant	उपलैफ्टीनेंट	N
subsection	उपवर्ग	N
subsequent	बाद वाला	Adj
subservient	चापलूस; उपयोगी	Adj
subside	कम होना; उतर जाना	V
subsidiary	गौण	Adj
subsidize	आर्थिक सहायता देना	V
subsidy	आर्थिक सहायता	N
subsist	जीवित रहना	V
subsoil	अवमृदा	N
subsonic	अवध्वनिक	Adj
substance	वस्तु	N
substandered	सामान्य स्तर के नीचे	Adj
substantial	वास्तविक	Adj
substantiate	सिद्ध करना	V
substantive	पृष्ट आधारवाला	Adj
substitute	प्रतिनिधि	N
substratum	नीचे का तल	N
substructure	आधार	N
subsume	सम्मिलित करना	V
subtend	कक्षान्तरित करना	V
subterfuge	बहाना	N
subterranean	अन्तर्भूमिक	Adj
subliminal	प्रभावशाली	Adj
sub machine gun	बन्दूक	N
submarine	पनडुब्बी	Adj
submerge	ड़ुबकी लगाना	V
submission	समर्पण	N
submissive	आज्ञाकारी	Adj
submit	सामने रखना	V
subnormal	सामान्य से कम	Adj
suborn	दुष्प्रेरित करना	V
subpoena	?	N
subscribe	अंशदान करना	V
subscription	चंदा; अंशदान	N
subsection	उपचरण	N
subsequent	के बादवाला	Adj
subservient	अधीनस्थ	Adj
subside	कम हो जाना; घटना	V
subsidey	आर्थिकसहायता	N
subsidiary	गौण	Adj
subsidized	सहायताप्राप्त	V
subsist	बना रहना	V
subsoil	अधोमृदा; नीचे की मिट्टी	N
subsonic	शब्द की गति से कम गतिवाली	Adj
substance	द्रव्य; अर्थ	N
substandered	निम्न स्तर का	Adj
substantial	अच्छी मात्रा में	Adj
substantiate	सिद्ध करना	V
substantive	विधिवत प्रस्तावित	Adj
substitute	स्थानापन्न व्यक्ति	N
substratum	नीचे का स्तर	N
substructure	उपसंरचना	N
subsume	समाविष्ट करना	V
subterfuge	तिकड़म	N
subterranean	भूमिगत	Adj
subtille	उपशीर्षक	N
subtitle	उपशीर्षक देना	V
subtle	सूक्ष्म	Adj
subtlety	सूक्ष्मता	N
subtly	सूक्ष्मतासे	Adv
subtotal	पूर्णांक	N
subtract	घटाना	V
subtraction	घटाव	N
subtropical	मकर रेखा तथा कर्क रेखा से लगे हुए क्षेत्र के सम्बन्ध में	Adj
suburb	उपनगर{शहर के समीपवर्ति आबादी क्षेत्र}	N
suburban	उपनगरीय	Adj
suburbanite	उपनगरवासी	N
suburbia	उपनगरीय रहन-सहन	N
subvention	आर्थिक सहायता	N
subway	अन्तर्भूमार्ग	N
succeed	सफलतापाना	V
success	सफ़ल	N
successful	सफ़ल; कामयाब	Adj
succession	उत्तराधिकार	N
successive	क्रमबद्ध	Adj
successor	वारिस	N
succinct	संक्षिप्त	Adj
succour	सहायता करने वाला	N
succulent	रसीला	Adj
succumb	परास्त होना; मरना	V
such	ऐसा; वैसा-ही	Adj
suchlike	ऐसे-ही	Pron
suck	चूसना	V
sucker	चूसने वाला	N
suckle	स्थन से दूध पिलाना	V
sucrose	दानेदार चीनी	N
suction	सक्शन	N
sudden	अचानक	Adj
suds	झाग	N
sue	किसी पर मुकदमा कायम करना; किसी से निवेदन	V
suede	सिझाया हुआ चमड़ा	N
suet	पशु की ठोस चर्बी	N
suffer	सहना	V
sufferance	क्षमा	N
suffice	पर्याप्त होना	V
sufficient	पर्याप्त	Adj
suffix	प्रत्यय	N
suffocate	दम घुटना	V
suffragan	प्रधान पादरी का सहायक	Adj
suffrage	मतदान देने का अधिकार	N
suffuse	से भरना	V
sugar	चीनी	N
suggest	प्रस्ताव रखना	V
suggestion	सुझाव	N
suicidal	आत्मघाती	Adj
suicide	आत्महत्या	N
suit	सुविधाजनक होना; अनुकूल होना	V
suit	सूट; रग	N
suitable	सही; सुविधाजनक	Adj
suitcase	सूट्केस	N
suite	होटल का कमरा	N
suitor	विवाहार्थी	N
sulk	रूठना	V
sullen	रूठा हुआ	Adj
sully	कलुषित करना	V
sulphate	गन्धक शुल्वारि	N
sulphide	सल्फ़ायिड	N
sultan	सुल्तान	N
sum	योग	N
sump	निगर्त	N
summer house	ग्रीष्मावास	N
summer pudding	?	N
summer school	ग्रीष्मकालीन शिविर	N
summer time	ग्रीष्मऋतु	N
summer	ग्रीष्म	Adj
summit	शिखर; शीर्ष सम्मेलन	N
summon	पुकारना; समन भेजना	V
summons	आह्वाहन पत्र	N
sumo	एक प्रकार की कुस्ती	N
sumptuous	कीमती; बहुमूल्य	Adj
sumptuary	व्यय सम्बन्धी	Adj
sun	सूर्य	N
sun-burnt	धूप-तप्त	N
sunday	इतवार	N
sunder	अलग होना; अलग करना	V
sundry	विविध	Adj
sun-burnt	धूप-तप्त	Adj
sunless	छायादार	Adj
sunny	उजला; धूपवाला	Adj
sun baked	सूर्य के गरमी से तप्त	Adj
sun blind	झिलमिली	N
sun drenched	सूर्यलिप्त	Adj
sun dress	गरमी में पहने जाने वाले वस्त्र	N
sun glass	धूपचश्मा	N
sun god	सूर्य-देव	N
sun hat	सोला हैट	N
sun lamp	?	N
sun lounge	एक कमरा जहाँ सूर्य की किरणें पहुँचती है	N
sun launger	आरामदायी कुर्सी	N
sun roof	मोटर गाड़ी का एक किस्सा	N
sun up	सूर्योदय	N
sun worshipper	सूर्योपासक	N
sun bathe	धूप स्नान	N
sunbeam	सूर्यकिरण	N
sunbed	मुड़ने वाली कुर्सी	N
sun burn	धूप ताम्रता	N
sun block	?	N
sundae	फलमिश्रित आइस्-क्रीम	N
sunday	इतवार	N
sunday school	रविवारकेदिनलगनेवालास्कूल	N
sundial	धूप-घड़ी	N
sundown	सूर्यास्त	N
sundries	छुटपुट	N
sun flower	सूर्यमुखी	N
sung	गाया	V
sunken	जलमग्न	Adj
sunlight	धूप	N
sunlit	सूर्य की रोशनी द्वारा प्रकाशित	Adj
sunrise	सूर्योदय	N
sun screen	?	N
sunset	सूर्यास्त	N
sun shade	छाता	N
sunspot	सूर्य-कलंक	N
sun stroke	धूप आघात	N
sun-tan	धूप ताम्रता	N
sun trap	?	N
sup	सुड़कना	V
super	बहुत बड़ा; अधिक	Adj
super	एक पुलीस अधिकारी	N
super abundant	अत्यधिक	N
superannuated	सेवा-निवृत्त	Adj
superb	उत्कृष्ट	Adj
super charged	ज़्यादा ताकत वाला	Adj
supercilious	घमण्डी	Adj
super computer	एक शक्तिशाली कम्प्यूटर	N
super conductivity	?	N
superego	पराहम	N
superficial	सतही	Adj
superfluity	अत्यधिकता	N
superfluous	अतिरिक्त	Adj
superfluously	अत्यधिकता से	Adv
superglue	एक प्रकार का शक्तिशाली गोंद	N
super grass	पुलीस का ख़बरी	N
superhuman	अतिमानवीय	Adj
superimpose	अध्यारोपित करना	V
superintend	पर्यवेक्षण करना	V
suprenitendance	पर्यवेक्षण	N
superintendent	एक पुलीस अधिकारी	N
superior	श्रेष्ठ	Adj
superior	बड़े लोग	N
superiority	वरिष्टता	N
superiority complex	श्रेष्टता मनोग्रन्थि	N
superlative	सर्वोत्तम	Adj
superlative	सर्वोत्तमता	N
superlatively	सर्वोत्तम रूप से	Adv
superman	अतिमानव	N
supermaket	सुपरमार्केट	N
supernatural	लोकातीत; अलौकिक	Adj
supernatural	लोकातीत; अलौकिक	N
supernaturally	अलौकिक रीति से	Adv
supernova	अधिनोवा{एक प्रकार का तारा जो विस्फोट होने के कारण चमकता है}	N
supernumerary	अधिसंख्य; अनावश्यक	Adv
superpower	अलौकिक शक्ति	N
supersede	दूसरे का अधिकार ले लेना	V
superstar	प्रसिद्ध व्यक्ति	N
superstition	अन्धविश्वास	N
superstitious	अन्धविश्वासी	Adj
superstitiously	अन्धविश्वास से	Adv
superstore	बड़ीदुकान	N
superstructure	अधिरचना	Adj
supertanker	समान उठाने केलिए एक बड़ा जZहाजZ	N
supervene	बीच में आ पडZना	V
supervise	पर्यवेक्षणा करना	V
supervision	पर्यवेक्षण	N
supervisor	पर्यवेक्षक	N
supine	उत्तान	Adj
supinely	?	Adv
supper	रात्रि भोजन	N
supplant	स्थान या पद ग्रहण करना	V
supple	सुनम्य	Adj
supplement	संपूरक; परिशिष्ट	N
supplement	परिपूर्ण करना	V
supplementary	बाद का; जुड़ा हुआ	Adj
supplicate	प्रार्थना करना	V
supplication	प्रार्थना	N
supply	सप्लाई करना	V
supply	सप्लाई	N
support	सहारा देना; भरण पोषण करना	V
support	आधार; सहारा	N
supporter	समर्थक	N
supportive	सहयोगदेनेवाला	Adj
suppose	मान लेना	V
suppositon	अनुमान; कल्पना	N
suppress	दबाना; दमन करना	V
suppresant	दबानेवाला वस्तु	N
suppression	दमन	N
suppurate	पिपियाना{मवाद}	V
supreme	सर्वोच्च	Adj
supremo	बड़ा अवसर	N
surcharge	अधिभार	N
sure	निस्संशय	Adj
surely	निश्चित रूप से	Adv
surety	जZमानत	N
surf	तट की समुद्री लेहरें	N
surface	ऊपरी तल	N
surfboard	तख्ता{समुद्री फ़ेन पर चलने वाला}	N
surfeit	अतिभोजन	N
surge	उमड़ना	V
surgeon	शल्य चिकित्सक	N
surgery	शल्य चिकित्सा	N
surgical	शल्य चिकित्सा सम्बन्धी	Adj
surly	खिन्न	Adj
surmise	अंदाज़ा लगाना	V
surmise	अंदाज़ा	N
surmount	विजय पाना या पार करना	V
surmountable	जीतने योग्य	Adj
surname	कुल नाम	N
surpass	आगे निकल ज़ाना	V
surpassing	श्रेष्ठ	Adj
surplice	ढ़ीला श्वेत चोला	N
surplus	अधिशेष; बढ़ती	N
surplus	अतिरिक्त	Adj
surprise	आश्चर्य	N
surprise	आश्चर्यचकित करना	V
surprising	आश्चर्यजनक	Adj
surreal	अद्भुत	Adj
surrealism	अतियथार्थवाद	N
surrealist	अतियथार्थवादी	N
surrealistic	अतियथार्थवादीदृष्टिकोण	Adj
surrender	आत्मसमर्पण करना	V
surrender	आत्मसमर्पण	N
surreptitious	गुप्त	Adj
surreptitiously	चोरी-चोरी	Adv
surrogate	प्रतिनिधि	N
surround	चारों ओर से घेरना	V
surround	किनारा	N
surrounding	आस-पास का	Adj
surroundings	प्रतिवेश	N
surtax	अतिरिक्त कर	N
surveillance	निगरानी	N
survey	पर्यवलोकन	N
survey	जाँचना; निरीक्षण करना; सर्वेक्षण करना	V
surveyor	सर्वेक्षक; निरीक्षक	N
survival	[मृत्यु]सेबचजाना{उत्तरजीवन}	N
survive	जीवित रहना	V
survivor	उत्तरजीवी	N
susceptibility	अतिसंवेदनशीलता	N
susceptible	आशुप्रभावित; अतिसंवेदनशील	Adj
sushi	जापानी भोजन	N
suspect	सन्देहयुक्त मनुष्य	Adj
suspect	सन्देह करना	V
suspend	निलम्बितकरना; स्थगितकरना	V
suspended animation	?	N
suspended	स्थगित	Adj
suspender belt	?	N
suspender	खूँटी	N
suspense	दुविधा	N
suspension	थोड़े समय के लिये रुकावट	N
suspicion	शक	N
suspicious	सन्देह जनक	Adj
suss	कुछ खोज़ निकालना	V
sustain	जीवित रखना; निर्वाह करना	V
sustanance	पुष्टि	N
suture	सीवन	N
svelte	कोमल	Adj
swab	फ़ाहा; फ़ुरेरी	N
swaddle	लपेटना	V
swag	?	N
swagger	इठलाना; ऐंठकर चलना	V
swain	प्रेमी	N
swallow	निगलना; आँख मूँदकर विश्वास करना; समालेना; समाप्त करना	V
swam	तैरा	V
swami	स्वामी; गुरूजी	N
swamp	दलदल	N
swan	राजहंस; हंस	N
swansong	अंतिम कृति	N
swap	अदल-बदल करना	V
sward	घास-स्थली; शाध्वल	N
swarm	झुंड बनाकर घूमना; बड़ी संख्या में एकत्रित हो जाना	V
swarthy	साँवला	Adj
swashbuckling	रोमांचक और उत्साहपूर्ण	Adj
swastika	स्वस्तिक	N
swat	मारना	V
swatch	कपड़े[ऊन] का नमूना	N
swathe	पट्टी	N
swathe	बाँधना; लपेटना	V
sway	हिलना; प्रभावित करना	V
swear	गाली बकना; शपथ करना	V
sweat band	पसीने को सुखाने केलिये बाँधा गया कपड़ा	N
sweat shirt	जैकेट	N
sweat off	वजन घटाना	V
sweat	पसीना	N
sweat	पसीना निकलना	V
sweater	जर्सी	N
sweatshop	मज़दूरों की जगह	N
sweaty	पसीनेदार	Adj
swede	एक तरफ़ की सब्जी	N
sweep	फैलाव	N
sweep	सफ़ाई करना	V
sweeper	झाड़ूलगानेवाला; फुट बाल का एक खिलाड़ी	N
sweeping	महत्त्वपूर्ण	Adj
sweeping	सफाईकरना	N
sweepstake	घुड़दौड़ का	N
sweet and sour	खट्टा-मीठा	Adj
sweet bread	बछड़े का एक अंग जो खाया जाता है	N
sweet corn	मीठी-मकई	N
sweet heart	प्रेमी; प्रेमिका	N
sweet pea	रंग-बिरंगे फूलों वाला पौधा	N
sweet	मीठा	Adj
sweet	मिठाई	N
sweeten	मधुर बनाना	V
sweetie	प्यार से	N
sweetish	मधुर	Adj
sweetly	अच्छे ढ़ंग से	Adj
sweetness	मीठापन	N
swell	सूजना	V
swell	सूजना; बढZना; फूल जाना	V
swelling	सूजन	N
swelter	औंसना; उमस होना	V
swerve	मुड़ना; मोड़ना	V
swift	तुरत; तेज़	Adj
swift	बतासी{एक पक्षी}	N
swig	गटागट पी जाना	V
swim	तैरना	V
swim	तैराकी	N
swimming	तैराकी	N
swimming bath	तैरना	N
swimminm costume	तैरने की पोशाक	N
swimming pool	तैरने का तालाब	N
swimming trunks	पुरुषों की तैरने की पोशाक	N
swimmingly	आसानी से	Adj
swim-suit	तैरने की पोशाक	N
swimwear	तैरने की पोशाक	N
swindle	धोखा देना	V
swindle	?	N
swindler	धोखेबाज़	N
swine	सूअर	N
swing	झूलना; झूमते हुए चलना; घूमना	V
swing	झूम; झूला	N
swinging	झूलताहुआ	Adj
swing door	अपने आप बन्द होने वाला दर्वाज़ा	N
swing wing	हवाई ज़हाज़ का पंख	N
swingeing	भारी	Adj
swipe	ज़ोर से अन्धाधुन्ध मारना	V
swipe	अन्धाधुन्ध मार; छिनना	N
swirl	चक्कर खाते हुए उड़ना	V
swirl	चक्कर	N
swish	सरसराना	V
swish	सरसराहट	N
swish	महेँगा	Adj
swiss	स्विट्जर्लैंड़से	Adj
swiss	स्विट्जर्लैंड़ का निवासी	N
swiss roll	एक प्रकार की मीठा केक	N
swiss chard	?	N
switch	स्विच दबाना; अचानक बदलना	V
switch blade	?	N
switched on	जागरूक होना	Adj
switchback	टेढ़ा-मेढ़ा	N
swivel	घूमना	V
switchboard	स्विचबोर्ड	N
swollen	सूजाहुआ	Adj
swollen	सूजा हुआ	Adj
swoon	बेहोश हो जाना	V
swoop	झपटना; झपट्टा मारना	V
swoop	झपट्टा	N
swop	के बदले में देना	V
sword	तलवार	N
sword dance	दो तलवारों के बीच नाचना	N
swordfish	तेगा मछली	N
swordplay	पटेबाज़ी; असिक्रीड़ा	N
swordsman	तलवारिया	N
swordsmanship	असिकौशल; पटेबाज़ी	N
swore	?	V
sworn	?	V
sworn	सशपथ	Adj
swot	कठिन परिश्रम करना	V
swot	कठिन परिश्रम	N
sybaritic	विलासी	Adj
sycamore	गूलर	N
sycophant	चापलूस	N
syllable	अक्षर	N
syllabus	पाठ्यक्रम	N
syllogism	न्यायवाक्य	N
syllogistic	न्यायबद्ध	Adj
sylphlike	परी-जैसा; पतला और सुन्दर	Adj
sylvan	वन-संकुल	Adj
symbiosis	सहजीवन	N
symbiotic	सहजीवी	Adj
symbol	निशान; प्रतीक; संकेताक्षर	N
symbolic	प्रतीकात्मक	Adj
symbolically	लाक्षणिक रूप से	Adv
symbolism	प्रतीकवाद	N
symbolist	प्रतीकवादी	N
symbolise	प्रतीक द्वारा प्रस्तुत करना	V
symmetry	प्रतिसाम्य; सन्तुलन	N
symmetrical	सुडौल; सममित	Adj
symmetrically	सन्तुलित रूप से	Adv
sympathetic	सहानुभूतिशील; सहानुभूतिसूचक; कारुणिक	Adj
sympathy	सहानुभूति; मेल	N
sympathize	सहानुभूति रखना; से सहमत होना	V
sympathizer	हमदर्द	N
symphony	स्वरसंगति	N
symphonic	स्वरसंगति का या जैसा	Adj
symposium	विचार गोष्ठी; संगोष्ठी; निबन्ध संग्रह	N
symptom	रोगलक्षण; सूचक	N
symptomatic	रोगसूचक	Adj
synagogue	यहूदी सभाघर या प्रार्थना भवन	N
synapse	अन्तर्ग्रथन	N
sync	समक्रमण	N
synchromesh	वाहन का एक भाग जिससे वाहन निर्विघ्न रूप से चलता है	N
synchronize	समकालिक होना	V
synchronization	समक्रमण	N
synchronous	तुल्यकालिक	Adj
syncopated	?	Adj
syncopation	तालपरिवर्तन	N
syndicalism	श्रमिकसंघवाद	N
syndicalist	श्रमिकसंघवादी	N
syndicate	व्यवसाय संघ; अभिषद	N
syndicate	प्रकाशन हेतु संघ बनाना	V
syndication	संघ द्वारा प्रकाशन	N
syndrome	रोगलक्षण	N
syndrome	परिस्थिति का लक्षण	N
synergy	सहक्रिया	N
synod	धर्मसभा	N
synonym	समानार्थ	N
synonymous	पर्यायवाची	Adj
synopsis	संक्षेप; कथासार	N
synoptic	संक्षिप्त	Adj
syntax	वाक्य रचना	N
syntactic	वाक्यगत	Adj
synthesis	संश्लेषण	N
synthesize	संश्लेषण करना	V
synthesizer	?	N
synthetic	कृत्रिम	N
synthetic	जाली; बनावटी	Adj
syphilis	संक्रमित रोग; गरमी; उपदंश	N
syringe	पिचकारी	N
syringe	पिचकारी से साफ़ करना	V
syrup	चाशनी	N
syrupy	चाशनी जैसा; भावुकतापूर्ण	Adj
system	निकाय; शरीर; वाद; पद्धति	N
systematic	सुव्यवस्थित; क्रमबद्ध; आयोजित	Adj
systematically	जानबूझकर	Adv
systematize	सुव्यवस्थित करना	V
systematization	व्यवस्थापन	N
systemic	दैहिक	Adj
systemically	व्यवस्थितरूपसे	Adv
t	अंग्रेजीवर्णमालाकाएकअक्षर	N
t-shirt	छोटीआस्तीनवालीकमीज	N
tab	टँगनी{धागेपेपरइत्यादिकी}	N
tabasco	मसालेसेबनीचटनी	N
tabby	धारीदारभूरीबिल्ली	N
tabernacle	पूजनेकाछोटाअस्थायीस्थान; प्रकोश	N
table	मेज; सूची; प्रतियोगितामेंखिलाडियोकास्थान; पहाडा	N
table	प्रस्तावितकरना	VT
table-cloth	मेजपोश	N
table manners	भोजनकरतेसमयसामाजिकव्यवहार	N
table-mat	टेबलमैनर्स{मेजपरगरमप्लेटआदिकेनीचेरखनेकीचटाई}	N
table-tennis	पिंगपोंग	N
tableau	झाँकी	N
table d'hote	रेस्तराँमेंनियतमूल्यकासीमितभोजन	N
tablespoon	बडाचम्मच	N
tablet	दवाकीगोली; पट्ट	N
tableware	मेज़परखानेकेबर्तनइत्यादि	N
tabloid	पत्रिका	N
taboo	वर्जितकर्म	N
tabor	तबला	N
tabular	सारणीबद्ध	Adj
tabulate	सारणीबद्धकरना	VT
tabulator	सारणीबनानेवालीमशीन	N
tacit	अनुक्त	Adj
taciturn	अल्पभाषी	Adj
tack	दिशा[ठीकयागलतरास्तेपर]; हवाकीदिशामेंजहाजकीबढत; चिपटीबिरिंजी	N
tack	टाँकना; दिशाबदलना	VT
tackle	हाथमेंलेना; फुटबाललेकरदौडतेहुएखिलाडीकोपकडकररोकलेना	VT
tackle	धरपकड{फुटबालयाहाकीकेखेलमें}; मछलीपकडनेकाउपकरण; भारीवस्तुओकोचढ़ानेउतारनेकायंत्र	N
taco	चिल्ला[मेक्सिकनदेशकेखानेकापदार्थ]	N
tact	चातुर्य	N
tactful	व्यवहार-कुशल	Adj
tactic	युक्ति	N
tactile	स्पर्शयोग्य	Adj
tadpole	मेंढककाबच्चा	N
taffeta	ताफ्ता	N
tag	फीतेकीघुण्डी; उपनाम; आंशिकप्रश्न	N
tag	बाँधना	VT
tag day	झंडादिवस	N
tail	पूँछ; पिछलाहिस्सा	N
tail-end	आखिर	N
tailback	यातायातकीबहुतलम्बीकतार	N
tailgate	बाँधमेंपानीकोनियन्त्रितरखनेवालाफाटक	N
tailor	दर्जी; केअनुकूलबनालेना	N
tailoring	सिलाई	N
tailpiece	पश्च-लेख	N
tailplane	विमानकाअन्त्यभाग	N
tailspin	टेलस्पिन{वायुयानकाचक्राकारगोताजिसमेंपीछेवालाभागआगेवालेभागसेबडावृत्तबनताहै}	N
taint	मैलापन	N
taint	दूषितकरना	VTI
take	लेना; गिरफ्तारकरना; स्वीकारकरलेना; समाहितकरना; लगना	VI
takings	व्यापारमेंलीहुईमुद्रा	N
talcum powder	सुगन्धितपाऊडर	N
tale	कहानी; अफवाह	N
talent	गुण	N
talented	प्रवीण	Adj
talentscout	प्रतिभाशालीव्यक्तियोंकोढ़ूँढनिकालनेवाला	N
talisman	जन्तर	N
talk	बातचीत; गपशप; वाद-विवाद	N
talk	बातचीतकरना; बोलसकना	VT
talkative	बातूनी	Adj
tall	लम्बा	Adj
tallow	चर्बी	N
tallow	चर्बीलगाना	VT
tally	लेखा	N
talmud	सन्तचरित्रकासंग्रह	N
talon	पंजा	N
tamarind	इमली	N
tambourine	डफली	N
tame	पालतू; दब्बू; नीरस	Adj
tame	वशमेंहोना	VI
tame	वशकरना	VT
tamper	हस्तक्षेपकरना	VT
tamper with	मेंहस्तक्षेपकरना	PhrV
tan	भूरारंग{धूपकेकारणत्वचापरआनेवाला}	N
tan	त्वचापरभूरापनआना{धूपकेकारण}	VTI
tandem	साइकिल{दोयादोसेअधिकएककेपीछेएकसीटवपेडलवाली}	N
tandoori	तन्दूरीरोटी	N
tang	तीखास्वाद	N
tangent	स्पर्शरेखा	N
tangerine	सन्तरा	N
tangible	वास्तविक; स्पर्शयोग्य	Adj
tangible	स्पर्शयोग्य	N
tangle	पुंज; उलझन	N
tangle	उलझजाना	VI
tangle	उलझाना	VT
tango	एकप्रकारकानृत्य{दक्षिणअमरीकाका}	N
tank	हौज; तोपसेसज्जितइस्पातीगाडी	N
tankard	बडाप्याला	N
tannery	चमडाबनानेकीजगह	N
tannin	वृक्षकीछालसेप्राप्तक्षार	N
tantalize	तरसाना	VT
tantrum	झल्लाहट	N
tap	नल; टेलिफोनमेंगुप्तसुननेकेलिएउपकरण	N
tap	टोंटीसेतरलपदार्थनिकालना; क्षारनिकालना; निकालना	VI
tap	निकालना	VT
tap	खटखटाना	V
tap-dance	टैपडांस{पैरोंसेतालडालनेकाएकप्रकारकानृत्य}	N
tape	फीता; दौडसमाप्तिकाफीता	N
tape	फीतेसेबाँधना; अभिलेखनकरना	V
tape deck	टेपरिकॉर्डर{आवाजरेकार्डकरनेकीमशीन}	N
tape-measure	मापपट्टी	N
tape-recorder	टेपरेकॉर्डर	N
taper	पतलीमोमबत्ती	N
taper	तंगहोना	VI
tapestry	टेपेस्ट्री{कपड़ाजिसमेचित्रबनेहो}	N
tapioca	कसावा	N
tapir	सूअरजैसाजानवर{उष्णकटिबन्धीअमरीकामेंपायाजानेवाला}	N
tar	राल	N
tar	राललगा	VT
tarantula	बडीमकडी	N
tardy	मन्द	Adj
target	निशाना; लक्ष्य	N
tariff	शुल्क-सूची	N
tarmac	तारकोलीरोडी	N
tarnish	धब्बा	N
tarnish	मलिनहोना	VI
tarnish	कलंकितकर	VT
tarot	भविष्यबतानेवालाकार्ड	N
tarpaulin	तिरपाल	N
tarragon	टेरागान{एकप्रकारकीसुगन्धितझाडी}	N
tarry	ठहरना	VI
tart	खट्टा	Adj
tart	टार्ट{फलकाबनाहुआछोटापतलाकेक}	N
tartan	ऊनीचारखानेदारकपड़ा	N
tartar	दाँतकामैल; क्रोधीव्यक्ति	N
task	काम	N
task	नियतकामनियुक्तकरना	VT
taskforce	कृत्यकबल	N
taskmaster	सख्तकामलेनेवाला	N
tassel	लटकन	N
taste	स्वाद; रुचि; अनुभव	N
taste	स्वादले	VTI
tasteful	स्वादपूर्ण; रुचिपूर्ण	Adj
tasteless	बेस्वाद	Adj
taster	स्वादक	N
tasty	स्वादिष्ट	Adj
tatter	चिथड़ा	N
tattered	फटा-पुराना	Adj
tattle	गपशप	VI
tattoo	गोदना	N
tattoo	त्वचापरगोदना	VTI
taunt	निन्दा	N
taunt	निन्दाकरना	VT
taurus	वृष	N
taut	कसकरतनाहुआ; सख्त	Adj
tavern	सराय	N
tawdry	भड़कीला	Adj
tawny	पीलेरंगका	Adj
tax	कर	N
tax	करलगाना	VT
taxing	भारडालना	Adj
tax-payer	करदेनेवाला	N
taxable	करयोग्य	Adj
taxation	करलगाना	N
taxi	टैक्सी	N
taxi	हवाईजहाज़कोज़मीनपरचलाना	VTI
taxidermy	चर्मप्रसाधन	N
taxman	करलेनेवाला	N
taxonomy	वर्गीकरण	N
taxpayer	कर-दाता	N
tea	चाय; हल्कानाश्तासहित	N
tea bag	चायकेबहुतछोटेकागजकाथैला	N
tea party	चायपार्टी	N
tea cake	चायकेसाथखायेजानेवालीछोटीकेक	N
teach	सिखाना; शिक्षादेना	VT
teacher	शिक्षक	N
teaching	शिक्षण	N
teak	सागौन	N
teal	चैती	N
team	टीम; दल	N
team spirit	दलभावना	N
teamster	जोडीहाँकनेवाला	N
tear	अश्रु	N
tear	फाड़ना	VT
tearful	अश्रुपूर्ण	Adj
tear-gas	अश्रु गैस	N
tearoom	चायकाहोटल	N
tease	सतानेवालामनुष्य	N
tease	छेडना	VT
teasel	विलायतीगोखरू	N
teaset	टीसैट	N
teaspoon	छोटाचम्मच	N
teatime	चायपीनेकासमय	N
technical	तकनीकी; पारिभाषिक; कानूनी	Adj
technicality	प्राविधिकता	N
technician	प्रविधिज्ञ	N
technics	कलाविषयकासिद्धांत	N
technique	तकनीक	N
technology	प्रौद्योगिकी	N
technological	तकनीकीसम्बन्धी	Adj
technologist	शिल्पविज्ञानी	N
technocrat	विज्ञानविशेषज्ञ	N
tedious	थकाऊ	Adj
tedium	अरुचि	N
tee	टी{गोल्फखेलमेंपहलीमारकास्थान}	N
teem	भराहोना	VTI
teem	जोरसेबरसना	V
teens	किशोरावस्था	N
teeter	आगापीछाकरना	VTI
teethe	दाँतनिकलना	V
teetotaler	मद्यत्यागी	N
teflon	कडाहीआदि{जिसमेंपकवानतलीसेनचिपके}	N
telecommunications	दूरसंचार	N
telegram	तारकासमाचार	N
telegraph	तारयंत्र	N
telegraph	तारसेसमाचारभेज	VT
telepathy	दूरसंवेदन	N
telephone	टेलीफ़ोन	N
telephone	टेलीफोनकर	VT
telephone directory	टेलीफोनपुस्तिका{जिसमेंफोननम्बरछपेहो}	N
telephone exchange	दूरभाषसंचारकेन्द्र	N
telephone tapping	टेलीफोनमेंगुप्तसाधनजोडकरदूसरोंकीबातसुनना	N
telephoto lens	टेलीफोटोलेन्स; दूरचित्रकलेन्स	N
teleprinter	तारलेखी	N
teleprompter	टेलीप्राम्पटर{वक्ताद्वारादूरदर्शनमेंप्रयोगकरनेकायन्त्र}	N
telescope	दूरबीन	N
telescopic	दूरबीनी	Adj
teletext	टेलीटक्स्ट{एकप्रकारकीविद्युतसंचारप्रणाली}	N
telethon	दूरदर्शनपरदानहेतुधनसंग्रहकरनेकालम्बाकार्यक्रम	N
television	दूरदर्शन	N
telex	टेलीप्रिंटरद्वारासंदेश	N
tell	बताना; सूचितकरना; दिखनेलगना	VTI
teller	बैंकमेंरुपयालेनेयादेनेवाला	N
telling	प्रभावपूर्ण	Adj
telltale	चुगलखोर	N
telltale	साफदिखाईदेनेवाले	Adj
temper	मनोदशा	N
temper	धातुकोबार-बारगरमऔरठंडाकरकेकडालचीलाबनाना; कमकरना	VT
temperament	स्वभाव	N
temperamental	खासस्वभाववाला	Adj
temperance	संयम	N
temperate	समशीतोष्ण; आत्मसंयमी	Adj
temperature	तापमान	N
tempest	आँधी	N
tempestuous	तूफानी	Adj
template	साँचा	N
temple	मंदिर; कनपटी	N
temporal	लौकिक; कालिक	Adj
temporarily	थोड़ेदिन	Adv
temporariness	अस्थायित्व	N
temporary	अल्पकालिक	Adj
temporize	निर्णयकरनेमेंदेरकरना	V
tempt	लुभाना	VT
temptation	प्रलोभन	N
tempting	प्रलोभक	Adj
ten	दस	N/Det
tenable	तर्कसंगत	Adj
tenacious	दृढ	Adj
tenancy	किरायेदारी	N
tenant	किरायेदार	N
tenant	किरायेपरहोना	VT
tench	एकप्रकारकीयूरोपीयमछली	N
tend	देखभालकरना	V
tend	प्रवृत्तहोना	VTI
tendency	प्रवृति	N
tendentious	पक्षपाती	Adj
tender	निवेदन; ईंधनगाडी	N
tender	निवेदनकरना	VT
tenderly	प्रेमसे	Adv
tenderness	कोमलता	N
tender-hearted	मृदुहृदयवाला	Adj
tendon	नस	N
tendril	बेल	N
tenement	गृह	N
tenet	सिद्धान्त	N
tenfold	दसगुना	Adj
tennis	टेनिस[एकप्रकारकाखेल].	N
tenor	गति; उच्चस्वर	N
tenpin	एकतरहकागेंदफेंकनेकाखेल	N
tense	कसाहुआ; तनावपूर्ण	Adj
tense	{क्रियाका}काल	N
tension	तनाव; दबाव; विद्युत्शक्ति	N
tent	तम्बू	N
tent	डेरालगा	VTI
tentative	आजमाइशी.	Adj
tenth	दसवाँ	Adj
tenuous	पतला	Adj
tenure	पदावधि	N
teepee	शंकुआकारतम्बू{अमरीकीआदिवासियोंद्वाराप्रयुक्त}	N
tequila	मेक्सिकोमेंबनीएकरप्रकारकीतेजशराब	N
tepid	गुनगुना	Adj
term	अवधि; पद[गणितमें]; निश्चितकाल	N
term	कहलाना	V
terminal	अन्त्यरोगी	Adj
terminal	आखिरीस्थान; विद्युतचक्रकाअन्तिमसिरा	N
terminate	समाप्तकरना	VTI
termination	समापन	N
terminator	समापक	N
terminology	शब्दावली	N
terminus	अन्तिमस्टेशन	N
termite	दीमक	N
tern	कुररी	N
terrace	छत	N
terracota	पक्कीमिट्टी	N
terra firma	स्थल	N
terrain	भूभाग	N
terrapin	छोटाकछुआ	N
terrestrial	पार्थिव	Adj
terrible	भयानक	Adj
terribly	भयानकतासे	Adv
terrier	एकछोटाशिकारीकुत्ता	N
terrific	भयउत्पादक	Adj
terrify	डराना; डरना	VT
terrefied	डराहुआ	Adj
territorial	देशीय	Adj
territory	क्षेत्र	N
terror	आतंक; भय	N
terrorise	आतंकितकरना	VT
terrorism	आतंकवाद	N
terrorist	त्रासद्वाराशासनकरनेवाला	N
terse	रूखा	Adj
tertiary	तीसरीश्रेणीका	Adj
terylene	एक‘विशेषप्रकारकाकृत्रिमसूत	N
test	परीक्षा	N
test	जाँचकरना	VT
test case	एकआदर्शमुकदमा	N
test pilot	वायुयान को चलाकरपरीक्षाकरनेवालाचालक	N
test tube	परखनली	N
test tube baby	वीर्यसेचन सेपैदाहुआबच्चा	N
testament	विधान	N
tester	परीक्षक	N
testicle	अंड; अंडकोष	N
testify	साक्षीहो	VTI
testimony	प्रमाण	N
testimonial	प्रमाण-पत्र	N
testy	चिड़चिड़ा	Adj
tetanus	धनुस्तम्भ	N
tetchy	चिडचिडा	Adj
tete-a-tete	एकान्तिकभेंट	N
tether	रस्सी	N
tether	पगहासेबाँध	VT
teutonic	जर्मन	Adj
text	पाठ; विषयवाक्य	N
textbook	पाठ्यपुस्तक	N
textual	मूलपाठ-विषयक	Adj
textile	कपडा	N
textural	बुनावटी	Adj
texture	बुनावट	N
textured	बुनावटका	Adj
than	से	Conj
than	से[तुलनामें]	Prep
thank	धन्यवाददेना	VT
thankful	कृतज्ञ	Adj
thankless	कृतघ्न	Adj
thanksgiving	धन्यवाददेना	N
that	वह[निर्धारकअर्थमें].	Det
that	वह	Adj
that	कि	Conj
that	वह	Pron
that	जो; जिसे	Rel Pron
thatch	छप्पर	N
thatch	छप्परडालना	VT
thaw	गलन	N
thaw	गलना; ढीलापडना[व्यवहार]	VTI
the	वह	Det
the	सर्वोत्तम	Adj
theatre	रंगशाला	N
theatrical	नाटकीय	Adj
theatre-goer	नाटकगृहमेंजानेवालाव्यक्ति	N
theatrically	नाट्यरूपसे	Adv
thee	तुमको	Pron
theft	चोरी	N
their	उनकायाइनका	Det
theism	आस्तिकवाद	N
them	उन्हेंउनको	Pron
thematic	विषयक	Adj
theme	विषय	N
theme song	विषयधुन	N
themselves	स्वयं	Refl Pron
then	तब; तत्पश्चात	Adv
thence	वहाँसे	Adv
thenceforward	उससमयसे	Adv
theodolite	खडेवपडेकोणोंकेनापनेकायन्त्र	N
theocracy	धर्मतन्त्र	N
theologian	ब्रह्मज्ञानी	N
theological	आध्यात्मविद्यासम्बन्धी	Adj
theological seminar	ब्रह्मवैज्ञानिक संगोष्ठी	N
theology	ब्रह्मविद्या	N
theorem	प्रमेय	N
theoretical	सैद्धान्तिक; मीमांसात्मक	Adj
theoretically	सिद्धान्तरूपसे	Adv
theory	सिद्धांत	N
theoretician	सिद्धान्तवादी	N
theosophy	ब्रह्मविद्या	N
therapeutic	चिकित्सासम्बन्धी	Adj
therapeutics	चिकित्साविज्ञान	N
therapy	रोगोपचार	N
there	वहाँपर; वह{क्रियाशब्दोंकेसाथबलदेनेकेलिए}	Adv
there	लो-देखो{प्रोत्साहन; परेशानकरना}	Interj
thereabout	[उसके]आसपास	Adv
thereafter	उसकेबाद	Adv
thereby	उससे	Adv
therefore	अत:	Adv
therein	उसमे	Adv
thereof	इसका; उसका	Adv
thereupon	उसकेतत्कालबाद	Adv
therm	उष्णताकामाप	N
thermal	गर्मीसम्बन्धी	Adj
thermodynamics	ऊष्मा-गतिकी	N
thermometer	थर्मामीटर{शीतोष्णमापकयंत्र}	N
thermostat	तापकोस्थाईरखनेकीप्रणाली	N
thesaurus	शब्दकोश	N
these	ये	Pron
thesis	शोध-प्रबन्ध	N
thespian	अभिनेता	N
they	वे	Pron
thick	मोटा; घना; गाढा	Adj
thick	लगातार	Adv
thick	मध्यमें	N
thicken	गाढ़ाहोना	VI
thicken	गाढ़ाकरना	VT
thickness	मोटाई	N
thick-skinned	चिकनाघड़ा{जिसपरआलोचनाभर्त्सनाकाकोईअसरनहो}	Adj
thick-headed	मूर्ख	Adj
thicket	झाडी	N
thickset	गठीला	Adj
thief	चोर	N
thieve	चुराना[अनौपचारिक]	VI
thieve	चुराना	VT
thigh	जाँघ	N
thimble	अंगुशताना	N
thin	पतला; दुबलापतला; क्षीण; विरल; कम	Adj
thin	पतलाहोना	VI
thin	पतलायाकमकरना	VT
thine	तेरा	Pron
thing	वस्तु; कार्य; सामान; घटना	N
think	सोच; कल्पनाकरना; मननकरना	VTI
thinkable	विचारणीय	Adj
thinker	चिन्तक	N
thinking	विचारकरनेकीक्रिया	N
third	तीसरा	Adj
third-class	बुरा{तीसरेदर्जेका}	Adj
the third degree	सूचनाप्राप्तकरनेहेतुपुलिससेदीजानेवाली.	N
third party	तीसरापक्ष	N
third party insurance	तीसरेपक्षकीक्षतिपूर्तिकाबीमा	N
third person	अन्यपुरुष[व्याकरणकेअनुसार]	N
third-rate	घटिया	Adj
the third world	विकासशीलदेश	N
thirst	प्यास; अभिलाषा	N
thirst	तृषितहोना	VI
thirsty	प्यासा	Adj
thirteenth	तेरहवाँ	Adj
thirtieth	तीसवाँ	Adj
thirtieth	तीसवाँ	N
this	यह	Pron
thistle	काँटेदारपौधा	N
thistledown	रोम	N
thong	चमड़ेकीपट्टी	N
thorax	वक्ष	N
thorn	काँटा	N
thorny	काँटेदार; असहमत	Adj
thorough	पूरा; अतिसावधान	Adj
thoroughly	पूर्णत:	Adv
thoroughness	पूर्णता	N
thoroughbred	कुलीन.	Adj
thoroughfare	आमरास्ता	N
thorp	गाँव	N
those	वे	Pron
thou	तू	Pron
though	यद्यपि	Conj
though	यद्यपि	Adv
thought	विचार; मत	N
thoughtful	विचारशील; विचारपूर्ण	Adj
thoughtless	लापरवाह	Adj
thought-provoking	परविचारकरनेकाविषय	Adj
thousand	हजार	Det
thrash	पीट; [अनौपचारिक]पराजितकरना	VT
thrash	संगीतकेसाथपार्टी	N
thrashing	पिटाई	N
thread	डोरा; धारी; धारा; चूल	N
thread	पिरोना	VT
threadbare	फटीचर; फटा-पुराना	Adj
threat	धमकी; आशंका; खतरा	N
threaten	धमकाना; चेताना	VT
three	तीन	N/Det
three-decker	तीनसतहोंवाली	N
three-dimensional	तीनआयामी	Adj
threefold	तिगुना	Adj
threshold	देहलीज; प्रारम्भ; सीमा	N
thrice	तीनबार	Adv
thrift	कमख़र्ची	N
thrifty	कमखर्च	Adj
thrill	रोमांच	N
thrill	रोमांचितकरना	VTI
thrilling	रोमांचकारी	Adj
thrive	समृद्धहोना	VI
throat	कण्ठ	N
throated	कण्ठवाला	Adj
throaty	भारी	Adj
throb	धड़कन	N
throb	धड़कना	VI
throes	अत्यन्तपीड़ायाकष्ट	N
throne	राजसिंहासन	N
throng	भीड़.	N
throng	भीड़करना	VTI
throttle	नलीवाल्व	N
throttle	गलाघोंटना	VT
throttledown	बन्दकरना	V
through	मेंसे; सेतक; केद्वारा; शुरुसेअन्ततक; केकारण	Prep
through	एकओरसेदूसरीओर; शुरूसेअन्ततक; प्रतिबन्धकोतोडतेहुए; अन्ततक	Adv
throughout	शुरूसेअन्ततक	Adv
throughout	पूरेमें	Prep
throw	फेंकना; पास	N
throw	फेंक; नीचेगिरादेना; मेंहोना; दिखाना	VT
thrust	बल	N
thrust	ठेलना	VT
thud	धमाका	N
thud	धमाकाकरना	VI
thug	ठग	N
thumb	अंगूठा	N
thumb	अंगूठालगाकरपलटना{गन्दाकरना}	VTI
thumb a lift	अँगूठेसे इशाराकरना	IDM
thump	धमाका.; मुक्का.	N
thump	ठोकना.; थपथपाना; धड़कना	VTI
thunder	गड़गड़ाहट{बिजलीकी}	N
thunder	गरजना; गड़गड़ाहटकरना	VT
thunderbolt	वज्रपातज	N
thunderstorm	तूफान	N
thus	इसप्रकार; इसलिये; इस सीमा तक	Adv
thwart	रोकना	VT
thy	तेरा; तेरी	Det
thyme	एकप्रकारकासुगन्धयुक्तपौधा	N
thyroid	अवटुग्रन्थि	N
tiara	मुकुट	N
tick	घड़ीकीटिकटिक; क्षण; किलनी; खोल	N
tick	घड़ीकेसमानटिकटिककरना	VI
tick	टिककरना[निशानलगाना]	VT
tick over	मुक्तचलना[गियरसे]	PhrV
ticker-tape	तारलेखीकाकागज; खिडकीसेकागजकीपट्टीडालकर विख्यातपुरुषयाउत्सवकास्वागतकरना	N
ticket	टिकट; लेबल	N
ticket	टिकटदे	V
ticking/tick	गिलाफकामोटाकपडा	N
tickle	गुदगुदाना	VI
tickler	जटिलसमस्या	N
ticklish	जिसकोगुदगुदीअधिकलगतीहो; नाजुक	Adj
tidal	ज्वारभाटावाला	Adj
tidbit	छोटामोटासामान	N
tiddly-winks	टिडलीविंक्स{खेलजिसमेंखिलाडीमण्डलककोंउछालकर; बडेमण्डलकको कोनेमेंदबातेहुएप्यालेमेंडालतेहैं}.	N
tide	ज्वारभाटा; प्रवृत्ति	N
tide	पानीचढ़ना	VI
tide over	पारलगाना[आपत्तिआनेपर]	PhrV
tide-mark	चढ़ेपानीद्वाराबनायानिशान	N
tide-table	बाढसूची	N
tideway	बहावकामार्ग	N
tidings	ख़बर	N
tidy	स्वच्छ	Adj
tidy	व्यवस्थितकर	VI
tidy	फुटकरसामान	N
tidy up	ठीकठाककरना	V
tie	टाई; बन्धन; टाई{दोचीज़ोंकेबीचमेंजोड़नेकाहिस्सा}; बन्धनी; प्रतिस्पर्धामेंबराबरी; दोसुरोंकेऊपरखीचींजानेवालीवक्ररेखा; स्लीपर[ लकडीयाअन्यपदार्थसेबनेस्लीपरजिनपररेलकीपटरीकसीजातीहै]	N
tie	बाँधना; सेसम्बद्धहोना	VT
tie	बराबररहना	VI
tie-in	समाप्तकरना	PhrV
tie-beam	धरन	N
tie-breaker	खेलमेंबराबरहोना	N
tie-pin	सजावटीपिन	N
tie-up	गतिरोध; मेल	N
tied-house	शराबघर	Adj
tie and dye	बंधेजकीरँगाई	N
tie dye	बंधेजकीरंगाईकरना	VT
tier	एककेऊपरएक	N
tiff	साधारणझगडा	N
tiff	झगड़ना	VI
tiger	शेर; बाघ	N
tigerish	शेरजैसा	Adj
tigermoth	शेरतितली	N
tight	मज़बूत	Adj
tight	कसाहुआ	N
tight	तंग; दृढ; अतिव्यस्तकार्यक्रम; बराबरकी; अनुपलब्ध	Adj
tighten	कसना	VT
tight-fisted	कंजूस	Adj
tight-lipped	चुप्पा	Adj
tight-rope	खीँचकरबाँधीहुईरस्सीजिसपरनटखेलदिखाताहै	N
tights	शरीरकेनिचलेभागकेलिएतंगकपडे.	N
tilde	स्पेनिशवर्णमालामें'n'अक्षरलगनेवालीमात्रा	N
tile	खपरैल; पटिया	N
tile	खपरैलसेढक	VT
till	गोलक	N
till	खेतजोतना	VT
tillage	जुताई	N
tiller	हत्था	N
tilt	झुकाव	N
tilt	झुकना[झुकाना]	VTI
tilt at	कीओरझुकना	PhrV
tilth	भूमिकीजुताई	N
timber	इमारतीलकडी; कडी	N
timber	लकड़ीलगा	VT
timbered	इमारतीलकडीसेबनाहुआ	Adj
timber-line	पेडकीकतार	N
timbre	बाजेकीआवाज	N
time	समय; वक्त{घड़ीमें}; कुछसमयतक; अवसर; युग; कोईनिश्चितसमय; समयकीगणनाकरनेकीशैली; काल	N
timely	समयपर; यथासमय	Adj
time bomb	निश्चितसमयपरफटनेवालाबम	N
time card	मजदूरीकाहिसाबरखनेकाकार्ड.	N
time-consuming	अधिकसमयलेना	Adj
time-honoured	परम्पराकीमान्यतारखना	Adj
time-keeper	यन्त्रयाव्यक्तिजोसमयकारिकार्डरखताहै	N
time-lag	दोघटनाओंकेबीचकासमय.	N
time-limit	निर्धारितसमय	N
timepiece	घड़ी	N
timescale	घटनाओंसेसम्बन्धितसमय	N
timetable	समयसारणी	N
time-zone	समानसमयक्षेत्र	Adj
timeless	अनन्त	Adj
timely	ठीकसमयपर	Adj
times	गुणा	N
timer	कालमापी	N
timid	डरपोक	Adj
timidity	कायरता	N
timorous	डरपोक	Adj
timpani	वाद्ययंत्र	N
tin	टिन; टीनकीचादरसेबनाकोईबर्तन	N
tin	डिब्बेमेंबन्धकरना	VI
tin-hat	स्टीलटोपी	Adj
tin-opener	टीनकेबन्दडिब्बेखोलनेकाऔजार	N
tin-plate	टीनकीचद्दर	N
tinsmith	टीनकार	N
tin-tack	टिनसेविलेपितछोटाकीलो.	N
tincture	टिंचर{एकदवा}.	N
tinder	चिंगारीसेशीध्रआगपकडनेवाला[सूखा]पदार्थ	N
tinder-box	सोख्तादान{अग्निपैदाकरनेवालेपदार्थकासन्दूक}	N
tine	नोक; खानाखानेकाकाँटा; मृगश्रृँगकाभाग	N
ting	घंटीकीआवाज	N
ting	घंटीबजाना	V
ting-a-ling	झनकार	N
tinge	झलक	N
tinge	रंगदेना	VT
tingle	सनसनाजाना; जलना	VT
tingle	सनसनाहट	N
tinker	ठठेरा	N
tinker	कच्चाकामकरना	VT
tinkle	तेजछोटीआवाजकरना; टेलिफोनवार्ता	N
tinsel	पन्नी	N
tinsel	भड़कीलाबनाना	V
tint	हलकारंग; खिजाब	N
tint	हलकारंगचढ़ा	VT
tiny	बहुतछोटा	Adj
tip	अग्रभाग; सुझाव	N
tip	सिरालगाना; बख्शीशदेना; छूजाना	VT
tipper lorry	उलटाऊगाडी	Adj
tip-up	{सिनेमाघरमे}कुर्सियोंकोऊचाँकरकेलोगोंकोआसानीसेजानेदेना	Adj
tip-off	सावधानकरना	N
tippet	दुपट्टा	N
tipple	शराबीहोना	V
tipster	स्टाकमार्केटआदिकीगुप्तसूचनादेनेवाला	N
tipsy	नशेमें	Adj
tiptoe	पाँवकीअंगुलीकासिरा	N
tiptoe	पाँवकीअंगुलीकेबलचल	VI
tirade	निंदात्मकबातेंयानिंदात्मकप्रबन्ध	N
tire	थकजाना	VTI
tire	ऊबजाना	VT
tired	बुरीतरहथकाहुआ	Adj
tiring	थकाहुआ	Adj
tire-less	आसानीसेनहींथकनेवाला	Adj
tiresome	थकानेवाला; कष्टकरना	Adj
tire/tyre	टायर	N
tissue	ऊतक; महीनकपडा	N
tissue-paper	पतलापारदर्शीकागज	N
tit	अनेकप्रकारकेछोटेछोटेपक्षी	N
titan	शक्तिशाली	N
titanic	बहुतबड़ा	Adj
tithe	दसवाँभाग	N
tithe	दसवाँभागदेना	V
tithe barn	खलिहान	N
titillate	उत्तेजितकरना	V
title	नाम; शीर्षक; उपाधि; मानोपाधि; सिरनामा	N
title	मानोपाधिमिलना	V
titled	अभिजात	Adj
title-deed	अधिकारपत्र	N
title-holder	प्रतियोगितामेंजीतनेवालाखिलाडी	N
title-page	मुख-पृष्ठ	N
title-role	शीर्षककीभूमिका	N
titter	दबीहुईहँसी	V
tittle-tattle	गप-शप	N
tittle-tattle	गपशपकरना	V
titular	उपाधिधारी; नामका	Adj
to	कीओर; तक; को; की; से; केमुकाबलेमें; में; सेमिलाकर; केप्रति	Prep
toad	मेंढक; घृणित[आदमी]	N
toast	टोस्ट{सिकीब्रेड}; टोस्ट{किसीकेस्वास्थ्ययाशुभकामनाओंकेलियेशराबपीनेकीक्रिया}	N
toast	सिकना	VI
toast	भून; सेंक; स्वास्थ्ययाशुभकामनाकेलिएशराबपीना	VT
tobacco	तम्बाकू	N
tod	स्वयं	N
today	आज	Adv
today	आज	N
toe	पाँवकाअंगूठा	N
toe	आदेशकापालनकरना.	VT
toe-hold	पैरकेअँगूठेपरहोना	N
toga	चोगा	N
together	एकसाथ; इकठ्ठा; बराबर	Adv
toggle	खूँटी	N
toil	परिश्रम	N
toil	परिश्रमकर	V
toilet	शौचघर	N
toiletries	प्रसाधनकासामान	N
tiolet-paper	टॉयलैटपेपर	N
token	निशानी; संकेत	N
tolerable	सहनीय; ठीकठाक	Adj
tolerance	सहनशक्ति	N
tolerant	सहनशील	Adj
tolerate	सहना	V
toleration	सहनकरना	N
toll	धीमीगतिसेघण्टाबजाना{विशेषकरमृत्युकीसूचनादेनेकेलिये}	VTI
toll	कर[मार्गकर]; क्षति	N
toll-gate	शुल्कफाटक	N
tomato	टमाटर	N
tomb	कब्र	N
tom-bola	लाटरी	N
tomboy	खिलाड़ीलड़की	N
tombstone	कब्रपरलगायाहुआयादगारीपत्थर	N
tomcat	बिलाव	N
tome	बृहत्ग्रन्थ	N
tomorrow	कल{आनेवाला}	Adv
tomorrow	कल{आनेवाला}	N
tone	तान; स्वर-शैली; आवाज; रंग; स्वास्थ्य; भाव	N
tone	बढाना	VT
tone-deaf	तानबधिर	Adj
tone-down	मन्दहोना	V
tone-in	सेपूरामेलहोना	V
tongs	चिमटा	N
tongue	जीभ; बोली; बहिर्विष्टपट्टी	N
tongue	बोल[व्यंग्यसे]	VT
tongue-lashing	भर्त्सना	V
tongue-tied	संकोच	Adj
tonic	पुष्टिकारक; सुर-विषयक; तानात्मक	Adj
tonic	बलवर्धकऔषधि	N
tonight	आजकीरातको	Adv
tonight	आजकीरात	N
tonnage	जहाजकीसमाई{टनोंमें}; जहाज-महसूल	N
too	ज्यादाही; बहुत; भी	Adv
tool	औज़ार; साधन; कठपुतली{स्वार्थसाधन}	N
toot	भोंपू	N
toot	भोंपूबजाना	VT
tooth	दाँत; दाँते[आरायागियरका]	N
tooth	फँसाना	V
toothache	दाँतकीपीड़ा	N
toothbrush	दाँतसाफकरनेकाब्रुश	N
toothless	दन्तहीन; बिनादाँतके	Adj
toothpick	दन्तखुदनी	N
tooth-some	स्वादिष्ट	Adj
top	सर्वोच्चस्थान; मुख्य	Adj
top	ऊपरीभाग; फलक; लट्टू; खूबचिल्लाकर; कुर्ता; ढक्कन	N
top	ऊपरडालना; शिखरपरपहुँचना; सेबढकररहना; निशानछूटना [गोल्फमें]	VT
top-up	मुँहतकभरना	V
top-class	अत्युत्तम	Adj
top-dressing	बिछायीजानेवालीखाद	N
top-most	सर्वोच्च	Adj
top-secret	परमगुप्त	Adj
topaz	पुखराज	N
topi	हैट{टोपी}	N
topiary	कर्तनकला{झाडोंकोविभन्नआकारोंमेंकाटना}	N
topic	विषय	N
topical	सामयिक; स्थानिक; प्रासंगिक	Adj
topography	किसीस्थानकावर्णन	N
topple	गिरपड़; पदकोखोना	VT
topsoil	ऊपरीमिट्टी	N
topsy-turvy	उलटापुलटा	Adj
torch	टॉर्च; मशाल	N
torch	आगलगाना	VT
torment	पीड़ा; कंटक	N
torment	सताना	V
tornado	घूर्णवायु	N
torpedo	जहाज़तोड़नेकागोला	N
torpid	आलसी	Adj
torpor	अकर्मण्यता	N
torque	सोनेकेतारोंकाबनाहुआएककण्ठा	N
torrent	तेज़धारा	N
torrid	बहुतगरम; भावयुक्त	Adj
torso	धड; धडप्रतिमा	N
tort	हानि	N
tortilla	मकईसेबनीकेक[विशेषरूपसेमेक्सिकोमें]	N
tortoise	कछुआ	N
tortuous	टेढा-मेढा; कपटपूर्ण	Adj
torture	उत्पीडन	N
torture	अतिकष्टदेना	VT
toss	उत्क्षेपण	N
toss	उछालना; करवटेंबदलतेरहना; हिलाना[मिलाना]	VTI
tot	छोटाबच्चा	N
total	सम्पूर्ण	Adj
total	जोड	N
total	जोडनिकालना	V
totality	पूर्णता; कुलजोड	N
totally	पूर्णरूपसे	Adv
totalitarian	सर्वसत्	Adj
totter	लडखड़ाना	VT
touch	स्पर्श; हलकासा; संसर्ग; थोडासा; तरीका; प्रभाव	N
touch	स्पर्शकर; छूना; हलकीक्षतिपहुँचाना; असरकरना	VTI
touched	प्रभावितहोना	Adj
touch at	ठहरना	V
touch down	उतरना	V
touch for	से उधारलेना	V
touch off	दागना	V
touch on	परप्रकाशडालना	V
touch up	ठीककरना	V
touching	करुणात्मक	Adj
touchstone	कसौटी	N
touchy	चिडचिडा; अतिसुकुमार	Adj
tough	कड़ा; मजबूत; उद्दण्ड; कठोर; दु:साध्य	Adj
toughen	कड़ाकर	VT
tour	यात्रा	N
tour	दौराकरना	VI
tourist	पर्यटक	N
tour-de-force	[फ्रेंच]चमत्कार	N
tournament	खेलप्रतियोगिता	N
tour-ni-quet	रक्तबन्ध	N
tousle	अस्तव्यस्तकरदेना	V
tout	दलाल	N
tout	दलालीकर	VI
tow	खिंचाव	N
tow	रस्सीसेखींच	VT
tow-bar	खींचनेकेलिएगाडीकेपीछेलगाहुआदंड	N
toward	समीप; उद्यत; लगे; बनताहुआ	Adv
toward	कीओर; केविषयमें; केलिए; केनिकट	Prep
towel	तौलिया	N
tower	मीनार	N
tower	ऊँचाहोना	V
tower-above	अधिकऊँचाहोना; सेबढकरहोना	V
towering	बड़ाऊँचा	Adj
town	नगर; नगरकेलोग	N
town centre	नगरकामुख्यक्षेत्र	N
town clerk	नगरपालिकाबाबू	N
town council	नगरपालिकासभा	N
town councillor	नगरपाल	N
town crier	ढँढोरिया	N
town hall	नगरभवन	N
townsman	नगरवासी	N
townspeople	नगरवासी	N
town-planning	नगरनियोजन	N
town-ship	नगर-क्षेत्र	N
tox-aemia	विषरक्तता	N
toxic	विषैला	Adj
toxicity	विषाक्तता	N
toxicology	विषविद्या	N
toxin	जीव-विष	N
toy	खिलौना; मनोरंजनकेलिए	N
toy	बनावटीवस्तु[खेलनेमेंप्रयोगहो]	Adj
toy	ऊपरीतौरसेदिलचस्पीलेना; टूँगना	V
trace	निशान; कुछ	N
trace	ढूँढना; जड़ेंखोजनिकालना; किसीमानचित्रआदिकीनकलउतारना	VT
tracer	चमकदारगोली	N
tracing	पारदर्शककागजमेंनकलउतारना	N
tracing-paper	पारदर्शककागज	N
trace	बाँधनेवाला	N
tracery	पथ्थरकीनक्काशी	N
trachea	श्वासनली	N
tracheotomy	श्वासनलीकाऑपरेशन	N
track	लीक; वाहनकेदोपहियोंकेबीचकेअन्दरकाहिस्सा; दौडनेकामार्ग; चक्रपट्टीजिसकेकारणटैंकआदिऊँचीनीचीभूमिपरचलतेहैं; ग्रामोफोनरेकार्डकेभाग	N
track	कापतालगाना; फिल्मखींचतेसमयकैमराकेसाथचलना	VI
tracker	शिकारी	N
tracker dog	शिकारीकीमददकरनेवालाकुत्ता	N
track and field	मार्गयामैदानमेंहोनेवालाखेल-कूद.	N
track events	तेजदौडआदिखेलकूदकीघटनाएँ	Adj
track record	व्यक्तिकीउपलब्धियाँयाअसफलताओंकालेखा-जोखा	Adj
tract	क्षेत्र; शरीरकेअंगोंकीकार्यप्रणाली; धार्मिकयाराजनीतिकमामलेसेसम्बन्धितलघुनिबन्धपुस्तिका	N
tractable	सरल	Adj
tractability	बसमेंआना	N
traction	खींचनेकीक्रिया	N
tractor	ट्रैक्टर	N
tractor trailor	ट्रैक्टरकेपीछेजुड़ावाहन	N
trade	व्यापार	N
trade mark	व्यावसायिक चिह्न	N
trade price	विक्रयमूल्य	N
tradesman	दुकानदार	N
trade union	मजदूरसंघ	N
trade wind	पूर्वीहवा	N
trade	व्यापारकरना; वस्तुविनिमयकरना	V
trade in	नयीखरीदकेमूल्यकेरूपमेंअपनीपुरानीचीजदेना	PhrV
trade on	अनुचितलाभउठाना	PhrV
trader	व्यापारी	N
trading	लेन-देन	N
tradition	परम्परा	N
traditional	चलनकेअनुसार	Adj
traditionalism	परम्परावाद	N
traditionalist	परम्परावादी	N
traditionally	परम्पराकेअनुसार	Adv
trade name	व्यावसायिकनाम	N
traduce	निन्दाकरना	VI
traffic	परिवहन; आदानप्रदान; मालढोनेकाव्यापार; अवैध‘व्यापार	N
trafficker	अनुचितव्यापारकरनेवाला	N
traffic circle	यातायातपरिपथ	N
trafficator	मोटरगाडीकेबाहरलगाहुआदिशासूचक यन्त्र.	N
tragedy	दुःखदघटना; दुःखान्तनाटक	N
tragedian	दु:खान्तनाटककालेखक	N
tragedienne	दु:खान्तनाटककीअभिनेत्री	N
tragic	दु:खद	Adj
tragically	शोकपूर्णतरीकेसे	Adv
tragi-comedy	शोक तथा हास्य पूर्ण नाटक	N
trail	वनयाजंगलमेंपगडंडीरास्ता; चिह्न	N
trail	पीछेपीछेघिसटना; धरतीकेऊपरइधर-उधरफैलना; हारना; थककरचलना	VT
trail away	किसीकीआवाजकाधीरेधीरेकमहोना	PhrV
trail-blazer	मार्गदर्शक	N
trailer	विज्ञापनार्थ आने वाली फिल्मके सूक्षम अंश; अनुयान	N
train	रेलगाडी; कतार; परिकर; सिलसिला; पुछल्ला	N
train-bearer	सेवकजोकिसीकीलम्बीपोशाककापिछलाहिस्साहाथमेंलेकर.	N
trainman	ट्रेन मेंकामकरनेवालाकर्मी	N
train-set	खिलौनेकीट्रेन	N
train	शिक्षादेना; प्रशिक्षितकरना; अभ्यासकरना; से[किसीपर]निशानाबाँधना; अनुवर्धनकरना	VT
trainee	प्रशिक्षार्थी	N
trainer	प्रशिक्षक	N
training	प्रशिक्षण	N
training-college	प्रशिक्षण-महाविद्यालय	N
traipse	घूमनाफिरना	VI
trait	विशेषता	N
traitor	विश्वासघाती	N
trajectory	प्रक्षेप-पथ	N
tram	ट्राम	N
tramlines	ट्रामलाइन्स	N
trammel	बन्धनहोना[लगाना]	VT
trammel	पाबन्दी	N
tramp	धब-धबकरतेहुएचलना; पदयात्राकरना	VT
tramp	आवारागर्द; पदयात्रा; पदचाप	N
tramp steamer	मालजहाज	N
trample	कुचलना; तिरस्कारकरना	VT
trampoline	ट्रैम्पोलीन{सर्कसमेंप्रयोगहोताहै}.	N
tramway	ट्रामजानेकीपटरी	N
trance	भावसमाधि; बेहोशीकीहालत	N
tranche	वित्तकाएकभाग	N
tranquil	प्रशान्त	Adj
tranquility	प्रशान्ति	N
tranquillize	शान्तकरना	VT
tranquilizer	प्रशान्तक	N
trans	केपार	Prep
transact	कारबारकरना	VI
transaction	कार्यसम्पादन; सौदा	N
transatlantic	अटलांटिकपार	Adj
transcend	सेबढकरहोना	V
transcendent	उत्कृष्ट	Adj
transcendental	अनुभवातीत	Adj
transcendentalism	अन्तर्ज्ञानवाद	N
transcendentalist	अन्तर्ज्ञानवादी	N
transcontinental	पारमहाद्वीपी	Adj
transcribe	मुद्रितयालिखितरूपमेंबदलना; प्रतिलिपिकरना; अन्यवाद्यकेलिएतैयारकरना	VI
transcript/transcription	प्रतिलेख; रिकार्डप्रति{US}	N
transducer	विद्युतयंत्र{एकप्रकारकायन्त्रजोवैद्युतधक्काअन्यऊर्जासेउत्पादितकरताहो [दबाव]}.	N
transept	अनुप्रस्थभाग	N
transfer	अन्तरितकरना; स्थानान्तरितकरना; सौंपना; अनुचित्रितकरना	VI
transferable	स्थानान्तरणीय	Adj
transference	स्थानान्तरणता	N
transfer	स्थानान्तरण	N
transfigure	रूपान्तरितकरना	VT
transfiguration	रूपान्तरणता	N
transfix	नुकीलीवस्तुयुक्तहोना; स्तम्भितहोना	VT
transform	बदलदेना	VT
transformation	परिवर्तन	N
transformer	ट्रांसफार्मर{परिणामित्र}	N
transfusion	रक्त-आधान	N
transgenic	पराउत्पत्तिमूलक	Adj
transgress	अतिक्रमणकरना	VT
transient	अनित्य	Adj
transience	अनित्यता	N
transistor	ट्रांसिस्टर	N
transit	पारगमन	N
transit camp	अल्पकालिकआवास[विशेषरूपसेशरणार्थियोंकेलिए]	N
transition	परिवर्तन	N
transitional	परिवर्ती	Adj
transitional relief	परिवर्तीसहायता	N
transitive	सकर्मक	Adj
transitory	अनित्य	Adj
translate	अनुवादकरना	V
translation	अनुवाद; भाषान्तर	N
translator	अनुवादक	N
transliterate	लिप्यन्तरणकरना	VI
transliteration	लिप्यन्तरण	N
translucent	पारभासी	Adj
translucence	पारभासकता	N
transmigration	प्रवास	N
transmission	प्रसारण	N
transmit	प्रसारितकरना; देना	VT
transmitter	प्रेषक; प्रसारी	N
transmute	रूपयास्वरूपबदलदेना	V
transnational	पारदेशी	Adj
transom	सरदल	N
transparent	पारदर्शक; सुस्पष्ट	Adj
transparency	पारदर्शकता; ट्रंसपेरेन्सी{पारदर्शककागज़परतैयारकियेनोट्सजोप्रोजेक्टरकीसहायतासेदिखाएजातेहैं}	N
transpire	पताचलना; घटितहोना	V
transplant	दूसरेस्थानपरलगाना; प्रतिरोपितकरना	VI
transport	परिवहन	N
transport	वहनकरना; सज़ादेना{दूरवर्तीस्थाणमें}	V
transportable	परिवहनीय	Adj
transportation	वहनीयता; देशनिकाला	N
transported	अभिभूतहोना	Adj
transporter	वाहक	N
transpose	स्थानबदलना; दूसरेस्वरमेंसुनाना	V
transubstantiation	तत्वपरिवर्तन	N
transverse	तिरछा	Adj
transvestite	भिन्नलिंगवेशधारणकरनेवाला	N
trap	घात; जाल	N
trap	फँसजाना; जाललगाना	V
trapdoor	छतद्वार	N
trapeze	कलाबाजीकाझूला	N
trapezium	समलम्ब	N
trapezoid	विषमचतुर्भुज	N
trappings	साज-सामान	N
trash	रद्दी; कूडाकरकट	N
trashy	रद्दी	Adj
trauma	मानसिकआघात; चोट	N
traumatic	अभिघातक	Adj
traumatize	आघातपहुँचना	V
travail	पीडा	N
travel	यात्राकरना; चलना[कीओर]	V
travel	यात्रा	N
travel	यात्राका	Adj
travelled	बहुतघूमाहुआ	Adj
traveller	पर्यटक	N
traveller's cheque	ट्रैवलर्सचैक{यात्रियोंकीसुविधाकेलिएबैंकद्वाराजारीकियाहुआचैक}	N
travelling salesman	व्यापारयात्री	N
travelogue	यात्राविवरण	N
travel agent	घूमघूमकरटिकटबेचनेवालाएजेंट	N
traverse	तिरछेचलना	V
traverse	पर्वतपरतिरछेचढना; आडीदीवार	N
travesty	मज़ाक{हास्यास्पदयाघटियाप्रतिरूप}	N
trawl	मछलीपकडनेकामहाजाल	N
trawl-net	मछलीपकडनेकामहाजाल	N
trawler	जालपोत	N
tray	ट्रे	N
treacherous	विश्वासघाती; देखनेमेंसुरक्षितपरखतरनाक	Adj
treachery	कपट	N
treacle	चाशनी	N
tread	परचलना; किसीवस्तुकेऊपरहोकरचलना; रास्ताबनाना	V
tread on	नाराजकरना	V
tread	चलनेकाढंग; सीढीकाऊपरीभाग; टायरकेऊपरका हिस्सा	N
treadle	मशीनकापाया	N
treadmill	नीरसदिनचर्या; पाँव-चक्की	N
treason	देशद्रोह	N
treasonable	देशद्रोहात्मक	Adj
treasure	खजाना; बहुमूल्य	N
treasure	बहुमूल्यसमझना; संजोएरखना	V
treasurer	कोषाध्यक्ष	N
treasure-house	तोशकखाना	N
treasure hunt	खज़ानेकीखोज	N
treasure trove	खजाना{जिसकामालिकपतानहो}; कलाकृतिभण्डार	N
treasury	राजकोष; कोषागार	N
treat	व्यवहारकरना; मानना; विवेचनकरना; चिकित्साकरना; संसाधितकरना; काखर्चकरना	VI
treat	आनन्द; खर्चा	N
treatable	चिकित्साकेयोग्य	Adj
treatise	प्रबन्ध	N
treatment	बर्ताव; उपचार; निरूपण	N
treaty	संधि; समझौता	N
treble	तिगुना	Adj
treble	तिगुनाकरना	V
treble	उच्चध्वनि	N
treble	उच्चस्वरका	Adj
tree	पेड	N
treed	वृक्षोंसेपूरित	Adj
treeless	वृक्षविहीन	Adj
tree house	वृक्षघर	N
tree line	तलजिसकेऊपरपेडनउगताहो{पहाड़ोंइत्यादिपर}	N
treetop	फुनगी	N
trefoil	तिपतिया	N
trek	लम्बीयात्रा{पदयात्रा}	N
trek	लम्बीयात्राकरना{पदयात्रा}	V
trellis	जाफरी	N
tremble	काँपना; थरथराना	VT
tremble	कम्पन	N
trembly	कम्पित	Adj
tremendous	बहुतअच्छा	Adj
tremendously	जबरदस्त	Adv
tremolo	स्वरकम्प	N
tremor	कम्पन; रोमांच	N
tremulous	काँपताहुआ	Adj
trench	खन्दक	N
trench coat	बरसाती	N
trenchant	बलपूर्वक{तर्कइत्यादिके}	Adj
trend	प्रवृत्ति	N
trend-setter	कीओरलेजानेवाला.	N
trepidation	घबराहट	N
trespass	अतिक्रमणकरना	V
trespass against	अपराधकरना	V
trespass	अतिक्रमण	N
trespasser	अतिक्रामक	N
tress	जटा	N
trestle	घोडी	N
tri	त्रि	Adj
triad	त्रय; चीनकेगुप्तसंघटनजोअनुचितकामकरतेंहैं	N
triage	गम्भीररोगियोंको पहलेचिकित्सादेनेकीविधि	N
trial	परीक्षण; योग्यताकीपरीक्षा; पूर्वाभ्यास; बलपरीक्षा	N
trial-run	परीक्षणप्रणाली	N
triangle	त्रिकोण; त्रिकोणवस्तु; वाद्ययन्त्रजिसमेंलोहेकीछडीत्रिकोणरूपकामोडहो; तीनलोगोंकीसहमति	N
triangular	त्रिकोणजैसा; त्रिपक्षीय	Adj
triangulation	त्रिभुजन	N
triathion	खेलप्रतियोगितामेंतीनखेलोंमेंभागलेनेवालाखिलाडी	N
tribal	जनजातीय	Adj
tribalism	जनजातीयसंघठन	N
tribe	जनजाति; समुदाय; [जीवविज्ञानमें]प्राणितथापौधोंकाउपगण	N
tribesman	आदिवासी	N
tribulation	क्लेश	N
tribunal	न्यायाधिकरण	N
tributary	उपनदी	N
tribute	श्रद्धांजलि; शुल्क	N
trick	ट्रिक; दाँव; व्यवहारवैचित्र्य	N
trick	ठगना	VT
trickery	चालबाजी	N
trickster	धोखेबाज	N
tricky	चालाक	Adj
trickle	टपकना; धीरेधीरेजाना	VI
trickle down	?	PhrV
trickle	अल्पमात्रा	N
trickle charger	विद्युतयन्त्रजोबैटरीमेंचार्जकरनेकेप्रयोगमेंआताहै	N
tricksy	अनोखा	Adj
tricolor	तिरंगा	N
tricycle	तिपहियासाइकिल	N
trident	त्रिशूल	N
triennial	त्रैवार्षिक	Adj
trifle	छोटीसीबात; क्षुद्रधनराशि; केकसेबनीएकमिठाई	N
trifle with	खेलना	PhrV
trigger	यन्त्रकोचालूकरनेकापुर्जा; झटप्रतिक्रिया	N
trigger	प्रेरितकरना	VT
trill	कंपितध्वनि	N
trill	कंपितध्वनि	VI
trillion	एककरोडखरब	N
trilogy	रचनात्रय{तीनरचनाएँजोएकदूसरेसेजुड़ीहों}	N
trim	ठीक-ठाक	Adj
trim	सुव्यवस्थित.	N
trim	काटछाँटकरना	VT
trimwith	सेसजाना	V
trimmer	कतरनी	N
trimming	उपकरण	N
trimaran	बेडेजैसीनावजिसमेंतीनसमान्तरपेटेहो	N
trimester	त्रिमास	N
trinity	त्रिदेव	N
trinket	हलकागहना	N
trio	तीनकासमूह	N
trip	उलझकरगिरना; [यन्त्र]खोलना; लडखडाना; फुदकना	VI
trip up	गलतीकरना	PhrV
trip	यात्रा; लडखडाहट; गिरावट	N
tripper	यात्री{छोटीमोटीयात्राएँकरनेवाले}.	N
trip-wire	चेतावनीकेसाधन	N
tripartite	त्रिपक्षीय	Adj
tripe	पशुओंकीआँत{भोजनमेंप्रयोगकरना}; रद्दीचीज	N
triple	तिगुना	Adj
triple	तिगुनाकरना	VT
the triple jump	तीनबारकाकूद	N
triplet	त्रयी; समतुकान्तपदत्रय	N
triplicate	त्रिविध	N
tripod	तिपाई	N
triptych	त्रिफलक	N
trite	पुराना{प्रचलित}	Adj
triumph	विजय	N
triumph	जीतना	VTI
triumphal	विजयसम्बन्धी	Adj
triumphant	विजयोल्लसित	Adj
triumvirate	तीनव्यक्तियोंकाराज	N
trivet	लोहेकीतिपाई	N
trivial	तुच्छ	Adj
triviality	घिसी-पिटीबात	N
trivialize	तुच्छ‘करना	VT
troglodyte	आदिमानव	N
troika	नेताकेरूपमेंकामकरनेवालेतीनजन	N
trojan	ट्रायकेरहनेवाले	N/Adj
trojan horse	{शत्रुओंकोगुप्तरूपसेविनाशकरनेकेलिएप्रयोग कीजानेवालीवस्तुयाव्यक्ति}	N
troll	मछलीफँसाना	VTI
troll	वेताल	N
trolley	ट्राली	N
trolley bus	ट्रालीबस	N
trombone	तुरही	N
troop	दल; फौज	N
troop	दलबाँधकरचलना	V
trooper	सवार	N
trophy	विजयोपहार; विजयस्मारक	N
tropic	उष्णकटिबन्ध	N
tropic	भूमध्यरेखाकेउत्तरयादक्षिणमें23 degrees27'कीदूरीपर स्थितअक्षांशरेखाo.	Adj
tropic of cancer	कर्करेखा	N
tropic of capricorn	मकररेखा	N
tropical	उष्णकटिबन्ध	Adj
trot	दुलकीचलना; छोटेकदमरखकरदौडना	VI
trot out	सूचनायासफाईप्रदर्शितकरना	PhrV
trot	दुलकन	N
trotter	दुलकीचलनेवाला	N
trotskyism	लियोनट्राटस्किकेवहराजनीतिकमतजिसमेंविश्वमें क्रान्ति सेसमाजवादस्थापितहो	N
troubadour	ग्यारहवीं-तेरहवींशताब्दीकेफ्रांसकेभाट	N
trouble	परेशानी; तकलीफ; अशान्ति; बीमारी	N
trouble	परेशानकरना; नम्रतापूर्वकनिवेदनकरना	VT
troublesome	दुःखदायी	Adj
trouble spot	उपद्रवस्थान	N
troublemaker	उपद्रवी	N
troubleshooter	दोषदूरकरनेवाला	N
trough	नाँद; नाली; कमदबावकाक्षेत्र; बहुतकमआर्थिककार्य; गर्त	N
trounce	हरादेना	VT
troupe	दल{तमाशाकरनेवालोंका}	N
trouper	तमाशासमूहकासदस्य	N
trousers	पतलून	N
trouser suit	महिलाओंकेपतलूनसूट	N
trousseau	दुलहनकासाजसामान	N
trout	एकप्रकारकीमछली	N
trowel	पाटा	N
truant	गैरहाजिररहनेवाला	N
truancy	अकारणगैरहाजिररहना	N
truce	थोड़ेदिनकीसन्धि	N
truck	ट्रक	N
truck	सौदागरीकरना	VTI
trucker	ट्रकचलाने‘वाला	N
trucking	ट्रकचलन	N
truculent	लडाका	Adj
truculence	लडाकापन	N
trudge	धीरेचलना	V
trudge	पैरघिस्सूचाल	N
true	सत्य; असली; सही; सच्चा	Adj
true	सत्यतापूर्वक	Adv
true blue	पूरीतरहसच्चा	Adj
truffle	कुकुरमुत्ता{खानेयोग्य}; ट्रफल{चॉकलेटसेबनीमिठाई}	N
trug	टोकरी	N
truism	स्वयंसिद्ध	N
truly	सचमुच	Adv
trump	तुरुप	N
trump	तुरुपचलना	VTI
trump card	सर्वोत्तमसाधन	N
trumpet	तुरही	N
trumpet	तुरहीबजाना; चिंघाड़ना	VT
trumpeter	तुरहीबजानेवाला	N
truncate	सिराकाटकरछोटाकरना	VT
truncheon	छड़ी	N
truncheon	डंडेसेमारना	VT
trundle	लुढकना	VI
trunk	तना; धड़; सन्दूक; सूँड; गाडीकेपीछेसन्दूकआदिरखनेकास्थान	N
trunk call	ट्रंककाल	N
trunk road	प्रमुखरास्ता	N
truss	ढाँचा; हर्नियासेपीडितव्यक्तिकेपहननेकाकमरबन्ध	N
truss	बाँधना	VT
trust	भरोसा; सहारा; ट्रस्ट	N
trusting	विश्वासकरनेवाला	Adj
trust fund	अमानतकेकोष	N
trust territory	संयुक्तराष्ट्रसंघद्वाराशासितक्षेत्र	N
trust	भरोसाकरना; आशाकरना	VTI
trustee	न्यासी	N
trusteeship	न्यासिता	N
trustworthy	विश्वासयोग्य	Adj
trusty	विश्वासी	Adj
trusty	कैदी{जिसकोउसकीईमानदारीकेकारणविषेशाधिकारदियाहो}	N
truth	सच्चाई; वास्तविकता	N
truthful	सच्चाईपूर्ण	Adj
try	कोशिशकरना; परखना; कानूनीजाँचकरना	VTI
try on	पहनकरदेखना	VP
tried	प्रभावी	Adj
trier	उत्कृष्ट[काम]करनेवाला	N
try	प्रयास; [रगबैखेलमें]	N
trying	कष्टकर	Adj
tryst	गुप्तभेंट	N
tsar	रूसकाबादशाह	N
tsarina	रूसकीरानी	N
tsetse	निद्रारोगउत्पन्नकरनेवालीएकप्रकारकीअफ्रीकीमक्खी	N
tub	नांद; स्नान	N
tuba	मन्दस्वरकायन्त्रवाद्य	N
tube	नली	N
tubing	?	N
tubular	नलाकार; शरीरकेखोखलाअवयवजोनलाकारहो	Adj
tuber	कन्द	N
tuberous	गाँठदार	Adj
tuberculosis	क्षयरोग	N
tubercular	क्षयरोगी	Adj
tuck	समेटना; चुनटडालना.; सुरक्षितस्थानपररखना; आरामदेना	V
tuck into	रुचिपूर्वकखाना	VP
tuck	चुनट; मिठाई	N
tuesday	मंगलवार[हफ्तेकातीसरादिन	N
tuft	पंखोंघासबालोंआदिकागुच्छा	N
tuft	गुच्छाबनाना	VT
tufted	गुव्छाबनाहुआ	Adj
tug	झटकेसेखींचना	VTI
tug	झटका	N
tugboat	कर्षनाव	N
tug of war	रस्सा-कशी	N
tuition	शिक्षण	N
tulip	ट्यूलिप[कन्दपुष्प]	N
tulle	रेशमीपतलीजाली	N
tumble	अचानकगिरना; मूल्यगिरना; बारबारलुढकना.	V
tumble down	सर्वनाशहोना	VP
tumble	गिरावट; अस्तव्यस्तकीस्थिति	N
tumble-drier	कपडेसुखानेकायन्त्र	N
tumbler	गिलास; कलाबाजीखानेवाला; तालेकाएकपुर्जा	N
tumbleweed	काँटेदारझाड़ी{पूर्वअमरीकाकेरेगिस्तानमेंउत्पन्नहोनेवालाएकप्रकारकाझाड}	N
tumbril	गाड़ी{अपराधियोंकोफांसीघरलेजानेवाली}	N
tumour	गिल्टी	N
tumult	हंगामा	N
tun	एकबड़ापीपा	N
tun	पीपोंमेंरखना	VT
tuna	एकप्रकारकीसमुद्रीमछली	N
tundra	उत्तरध्रुवीयअनुर्वरप्रदेश	N
tune	धुन	N
tuneful	सुरीला	Adj
tune	सुरमिलाना; केअनुकूलबनालेना; केअनुकूलहोना	V
tune in	लगाना	VP
tuning-fork	स्वरित्र	N
tungsten	भूरेरंगकीअतिउच्चतापपरगलनेवालीवस्तु	N
tunic	कुर्ता; छोटाकोट{सैनिकोंद्वारापहननेवाला}	N
tunnel	सुरंग	N
tunnel	सुरंगखोदना	VT
tunnel vision	आखोंसेसीधानदेखसकनेकीबीमारी	N
turban	पगड़ी	N
turbid	पंकिल	Adj
turbine	पानीयाभापसेचलनेवालायन्त्र	N
turbulent	अशांत; उग्र	Adj
tureen	परात	N
turf	तृशाच्छादितभूमि; घुडदौडकामैदान	N
turf	घासबिछाना	V
turgid	सूजाहुआ	Adj
turkey	पीरू	N
turkish	तुर्की	N
turkish bath	हम्माम	N
turkish delight	एकप्रकारकीचिपचिपीमिठाई	N
turmeric	हल्दी	N
turmoil	कोलाहल	N
turn	घुमाव; मोड; बारी	N
turn	घुमाना	VTI
turn against	कादुश्मनबनना	VP
turn away	अस्वीकारकरना	VP
turnpike	मार्गकेआरपारकाफाटक	N
turnstile	पगडंडीसेनिकलनेकीघूमनेवालीखिड़कीi	N
turpentine	टर्पैन्टाइन{गंधबिरोजा}	N
turret	बुर्ज; कँगूरा	N
turtle	कछुआ	N
tusk	हाथीयासूअरकादाँत	N
tussle	झगड़ा	N
tussock	घासकागुच्छा	N
tutelage	संरक्षण{प्रतिपाल्यता}	N
tutor	शिक्षक	N
tutor	शिक्षादेना	V
tutorial	ट्यूटोरियल	Adj
tutti-frutti	फल-मिश्रितआइसक्रीम	N
tutu	सख्तकपडेसेबनाहुआनर्तकीकाघाघरा	N
tu-whit,tu-whoo	घुघ्घू	N
twaddle	बकवाद	N
twang	झंकार	N
twang	झंकारना	VTI
tweak	चिकोटी	N
tweak	चिकोटीकाटना	V
tweed	एकप्रकारकाऊनीकपड़ा	N
tweet	चिडियाकीचींचींआवाज	N
tweezers	चिमटी	N
twelfth	बारहवाँ	Adj
twelfth	बारहवाँ{अंश}	N
twelve	बारह	Det
twentieth	बीसवाँ	Adj
twentieth	बीसवाँअंश	N
twenty	बीस	Det
twerp	छुटभैया	N
twice	दोबार; दुगुना	Adv
twig	टहनी	N
twig	समझजाना	V
twilight	धुँधलाप्रकाश; आखिरीअवस्था; अज्ञातपरिस्थिति	N
twill	टुइल	N
twin	जुड़वा; जोडा	N
twin	जोडामिलाना	V
twin engined	दोइंजनवाला	Adj
twin-set	जोड-सूट	N
twine	सुतली	N
twine	बटना	V
twinge	दर्द; पश्चाताप	N
twinkle	चमक; झिलमिलाहट	N
twinkle	चमकना; आँखमिचकना	VI
twinkling	पलभरमें	N
twirl	घुमाना; चक्करखाना	VT
twirl	घुमाव; घसीट	N
twist	मुडना; गूथना; विकृतकरना; लिपटना; मिथ्याअर्थदेना	VT
twist	घुमाव	N
twitch	झटका	N
twitch	झटकना	V
twitter	चहचहाहट	N
twitter	चहचहाना	V
two	दो	Det
two-dimensional	लम्बाईचौडाईका	Adj
two-edged	दोनोंओरधारवाला; जिसकासंभवतथाविपरीतार्थहो	Adj
two-faced	झूठा	Adj
twofold	दुगना	Adj
twofold	दोहरा	Adv
twosome	दोसाथी	N
tycoon	शक्तिशालीउद्योगपति	N
type	प्रकार	N
type	टाईपकरना{टंकणकरना}	VT
typist	टाइपकरनेवाला{टंकणकरनेवाला}	N
typecast	टाइपकास्ट{एकअभिनेता[अभिनेत्री]कोउसीभूमिकामेंढालनाजिसमेंजनताउसेदेखतीआईहै}	V
typewriter	टाइपराइटर	N
typhoid	मोतीझरा	Adj
typhoid	मोतीझरा	N
typhoon	प्रचण्डतूफान	N
typical	आदर्शरूप	Adj
typify	काप्रतीकहोना	VT
typography	मुद्रणकला	N
typographical	छापनेका	Adj
tyrannical	अन्यायी	Adj
tyranny	अन्याय	N
tyrant	निरंकुशशासक	N
tyre	टायर	N
tyro	आरंभकरनेवाला	N
ugly	कुरूप	Adj
ulcer	फोड़ा	N
ulcerate	व्रणित	V
ulster	एकलम्बाढीलाचोगा	N
ulterior	बाहरी; गुप्त	Adj
ultimate	आख़िरी	Adj
ultimatum	आख़िरीबातयावाक्य	N
ultimately	अन्तमें	Adv
ultra	अत्यन्त	Adj
umbilical cord	नाभि	N
umbrage	कोप; रोष	N
umbrella	छतरी; छाता; छत्र	N
umpire	निर्णायक; मध्यस्थ	N
umpteen	बहुत-से	Pron.
unabashed	निर्लज्ज; अदम्य	Adj
unabated	ज्योंकात्योंपूरा; बिनाकमीके	Adj
unable	असमर्थ	Adj
unabridged	असंक्षिप्त; पूरा	Adj
unacceptable	अस्वीकार्य; अवांछनीय	Adj
unaccompanied	संगहीन; अकेला	Adj
unaccountable	अनुत्तरदायी	Adj
unaccustomed	अनभ्यस्त	Adj
unacknowledged	अस्वीकृत; अनुत्तरित	Adj
unacquainted	अपरिचित	Adj
unadorned	अनलंकृत	Adj
unadulterated	शुद्ध; अमिश्रित; असली	Adj
unadventurous	अजोखिम-भरा	Adj
unaffected	अप्रभावित; अछूता; अकृत्रिम	Adj
unafraid	निडर	Adj
unaided	बिनासहायताके	Adj
unalloyed	विशुद्ध	Adj
unalterable	अपरिवर्तनीय; अटल	Adj
unambiguous	सुस्पष्ट	Adj
unambitious	महत्तवाकांक्षाहीन	Adj
unanimous	एकमत	Adj
unanimity	एकचित्तता; एकमत्य; मतैक्य	N
unarmed	निःशस्त्र	Adj
unavoidable	जिसेटालानजासके	Adj
unaware	बेख़बर	Adj
unawares	अकस्मात्	Adv
unannounced	अघोषित	Adj
unanswerable	अखंडनीय	Adj
unapproachable	गैरमिलनसार	Adj
unashamed	लज्जाहीन	Adj
unashamedly	निर्लज्जतासे	Adv.
unasked	अनिमंत्रित	Adj
unasked for	बे-माँगा	Adj
unassailable	अनाक्रमणीय	Adj
unassuming	निरहंकारी	Adj
unattached	असम्बद्ध	Adj
unattended	बिनारखवालेअथवाप्रभारीके	Adj
unavailing	निष्फल	Adj
unbalance	असंतुलितकरदेना	V
unbalanced	असंतुलित	Adj
unbar	प्रतिबन्धहटाना	V
unbearable	असह्य	Adj
unbearded	बिनादाढ़ीके	Adj
unbeatable	अविजेय	Adj
unbecoming	अनुपयुक्त	Adj
unbelievable	अविश्वसनीय	Adj
unbend	नरमपडजाना	VI
unbend	आरामदे	VT
unbending	हठी	Adj
unbiased	अपक्षपाती; निष्पक्ष	Adj
unbidden	बिनाबुलाया	Adv.
unborn	अनजन्मा	Adj
unbounded	असीम	Adj
unbowed	अविजित	Adj
unbreakable	नटूटनेवाला	Adj
unbridle	लगामहटा; छोड़दे; स्वतंत्रकर	VT
unbridled	निरंकुश	Adj
unbroken	अनटूटा	Adj
unbuckle	खोलना	V
unburden	भारयाबोझउतारना	V
unbusinesslike	अकार्यकुशल	Adj
unbutton	बटनखोलना	V
uncalled for	अनावश्यक	Adj
uncanny	अलौकिक	Adj
uncared-for	उपेक्षित	Adj
unceasing	लगातार; निरन्तर	Adj
uncensored	अपरीक्षित; अपरिवर्तित	Adj
unceremonious	अनौपचारिक	Adj
uncertain	अनिश्चित	Adj
uncertainty	अनिश्चय	N
unchecked	बेरोक	Adj
uncharted	अमानचित्रित	Adj
unchallengeable	अप्रतिवाद्य	Adj
unchallenged	अप्रतिवादित	Adj
unchangeable	अपरिवर्तनशील	Adj
unchanged	अपरिवर्तित	Adj
unchanging	अपरिवर्तनशील	Adj
uncharacteristic	अविशेषता	Adj
uncharitable	निर्दय; कंजूस	Adj
unchristian	गैर-ईसाई	Adj
uncivil	अशिष्ट	Adj
uncivilized	असभ्य; जंगली	Adj
unclaimed	जिसकाकोईदावेदारनहो	Adj
uncle	चाचा; मामा; फूफा; मौसा	N
unclean	मैला; गंदा; अपावन	Adj
unclear	अस्पष्ट	Adj
uncluttered	अधिकचीजेनहोना	Adj
uncomfortable	बेआराम; असुखद	Adj
uncommon	असामान्य	Adj
uncompromising	नमाननेवाला; हठी	Adj
unconcerned	निशिचन्त	Adj
unconditional	बेशर्त	Adj
unconnected	असंबद्ध	Adj
unconscionable	अत्यन्त; बहुत	Adj
unconscious	बेहोश; अनजान	Adj
unconstitutional	व्यवस्थाविरुद्ध	Adj
uncontrollable	बेरोक	Adj
uncontrolled	अनियंत्रित	Adj
uncontroversial	अविवादास्पद	Adj
unconventional	रूढीमुक्त	Adj
unconvinced	अनिश्चयी	Adj
unconvincing	अप्रत्यायक	Adj
uncooked	पकायानहुआ	Adj
uncool	अशान्त	Adj
uncooperative	असहयोगी	Adj
uncoordinated	असमन्वित	Adj
uncork	कागनिकाल	VT
uncounted	अगणित	Adj
uncountable	असंख्य	Adj
uncouple	अलगकरकेकाटना	VT
uncouth	गँवार	Adj
uncover	पर्दादूरकर; प्रकाशकर	VT
uncritical	अविवेकी	Adj
uncrowded	भराहुआनहोना	Adj
uncrowned	अनभिषिक्त	Adj
unction	तैलमर्दन	N
unctuous	दंभी; चाटुकार	Adj
uncurl	सीधाकरना	VT
uncut	अनकटा	Adj
undamaged	अक्षतिग्रस्त	Adj
undated	अदिनांकित	Adj
undaunted	निडर; अभीत; साहसी	Adj
undecided	अनिर्णीत	Adj
undeclared	अघोषित	Adj
undefeated	अपराजित	Adj
undefended	अरक्षित	Adj
undefined	अपरिभाषित	Adj
undemanding	जिसकीअपेक्षानहो	Adj
undemocratic	अलोकतांत्रिक	Adj
undemonstrative	अप्रदर्शनशील	Adj
undeniable	जिससेइन्कारनहो	Adj
undercurrent	पानीकेधरातलकेनीचेकीधारा; गुप्तप्रभाव	N
underdeveloped	अविकसित	Adj
underachieve	असफलहोना	V
underarm	बाहुकेनीचे	Adj
underarm	अन्डरआर्म{क्रिकेट}	Adv
underbelly	कमज़ोरबिन्दु; समाजकारहस्यमयएवंअपराधशीलस्थल	N
underbid	कमदाममाँगना	VI
underbrush	झाडी	N
undercarriage	(हवाईजहाजका)अवचक्र	N
undercharge	कमदामलेना	VT
underclass	निम्नवर्ग	N
underclothes	अन्दरकेकपडे	N
undercover	गुप्त	Adj
underdog	कमक्षमताकाव्यक्तीयासमूह	N
underdone	अधपका	Adj
underestimate	कमआंकलनकरना	VT
underexpose	कमउद्भासितकरना	VT
underfed	अल्पपोषित	Adj
undergarment	अन्दरकेकपडे	N
undergo	अनुभवकरना	VT
underfoot	नीचे; पाँवतले	Adv
undergraduate	पूर्वस्नातक	N
underground	भूमिकेनीचेका	Adj
underground	गुप्त	Adv
undergrowth	जोकुछपेड़ोंकेनीचेउगे	N
underline	नीचेरेखाखींच; परबलदेना	VT
underling	अधीनस्थकर्मचारी	N
undermanned	कार्यकर्ताओंकीकमी	Adj
undermine	सुरंगखोद; दुर्बलबनादेना	VT
underneath	नीचे; तले	Adv
undernourished	न्यूनपोषित	Adj
underpay	कमवेतनदेना	VT
underpin	नीचेसेसहारादे; टेकलगा	VT
underrate	थोड़ामोललगा; कमआँक	VT
underprivileged	पददलित	Adj
underscore	रेखांकितकरना	VT
undersecretary	अवर-सचिव	N
understand	समझना	VTI
understanding	समझ	N
undertake	[का]उत्तरदायित्वलेना	VTI
undertaker	हाथमेंलेनेवाला; प्रयत्नकरनेवाला	N
undertaking	काम; व्यवसाय	N
undertone	मन्दस्वर; हलकारंग; प्रच्छन्नभावना	N
undertow	अधःप्रवाह	N
undervalue	अवमूल्यनकरना	VTI
underwater	अन्तर्जलीय	Adj
underwear	नीचेपहननेकेकपड़े	N
underweight	कमवज़न	Adj
underworld	अपराधीवर्ग; अधोलोक	N
underwrite	खरीदनेकावादा	V
undeserved	अनर्जित	Adj
undeservedly	अनुचितरूपसे	Adv
undeserving	अयोग्य	Adj
undesirable	अवाँछनीय	Adj
undesirable	आपत्तिजनक	N
undetected	नखोजाहुआ	Adj
undetermined	अनिर्धारित	Adj
undo	खोलडाल; मिटादेना	VT
undoing	उलटपुलट; बरबादी; नाश	N
undone	असंपादित; बिगडाहुआ	Adj
undoubtedly	निस्संदेहरूपसे; बिनाशकवशुबह	Adv
undress	कपड़ेउतारना	VT
undue	अनुचित; अयोग्य	Adj
undulate	लहराताहुआ	Adj
undulate	हिलोर; लहरा	VTI
unduly	अनुचितयाअयोग्यरीतिसे; अत्यन्त	Adv
unearned	परिश्रमसेनकमायाहुआ	Adj
unearth	पतालगाना	VT
unearthly	अलौकिक; असमय	Adj
uneasiness	बेचैनी	N
uneasy	व्याकुल	Adj
uneducated	अशिक्षित	Adj
uneconomic	अलाभकर	Adj
uneconomically	घाटेपरचलना	Adv
unemployed	बेरोज़गार; बेकार; बैठाहुआ; निरुद्यम	Adj
unemployment	बेरोजगारी; बेकारी; अनुद्योग	N
unemotional	अभावात्मक	Adj
unenviable	अवाँछनीय	Adj
unending	असीम	Adj
unequal	असमान	Adj
unequivocal	असंदिग्ध	Adj
unerring	अमोघ	Adj
uneven	असमान	Adj
unexpected	अनपेक्षित	Adj
unexpectedly	अकस्मात	Adv
unfair	अनुचित	Adj
unfaithful	विश्वासघाती	Adj
unfamiliar	अपरिचित	Adj
unfathomable	अथाह; अगाध	Adj
unfavourable	कृपाहीन; अशुभ; प्रतिकूल	Adj
unfinished	अधूरा	Adj
unfit	अयोग्य	Adj
unfit	अयोग्यकर	VT
unflinching	बेहिचक	Adj
unfold	खोलना; प्रकटयाप्रकाशकरना; वर्णनकरना	VT
unfortunate	हतभाग्य	Adj
unfortunate	दुर्भाग्य	N
unfortunately	दुर्भाग्यवश	Adv
unfamiliar	अपरिचित	Adj
unfamiliarity	अपरिचय	N
unfashionable	अप्रचलित	Adj
unfeigned	सच्चा	Adj
unfettered	उन्मुक्त	Adj
unflagging	अथक	Adj
unflaggingly	अथकरूपसे	Adv
unflappable	शान्त	Adj
unflappability	शान्ति	N
unflattering	स्पष्टवादी	Adj
unforeseen	अप्रत्याशित	Adj
unforgettable	अविस्मरणीय	Adj
unforgivable	अक्षम्य	Adj
unforgiving	अक्षमाशील	Adj
unformed	अनगढ़ा	Adj
unfreeze	पिघलाना; नियन्त्रणहटाना	VT
unfounded	निराधार	Adj
unfriendly	अस्नेही	Adj
unfurl	खोलना	VT
unfurnished	असज्जित	Adj
ungainly	भद्दा	Adj
ungainliness	भद्दापन	N
ungodly	नास्तिक; असमय	Adj
ungracious	अभद्र	Adj
ungraciously	अभद्रपूर्ण	Adv
ungrammatical	अव्याकरणिक	Adj
ungrammatically	व्याकरण-विरुद्ध	Adv
ungovernable	अशासनीय	Adj
ungrateful	कृतघ्न	Adj
unhappy	अप्रसन्न	Adj
unhealthy	अस्वस्थ	Adj
unheard	अनसुना	Adj
unheeded	अनदेखा	Adj
unhelpful	असहायक	Adj
unhelpfully	असहायतासे	Adv
unheralded	अघोषितकियाहुआ	Adj
unhesitating	बेधडक	Adj
unhesitatingly	बेधडकतासे	Adv
unhindered	बिनारुकावटके	Adj
unhook	छुडाना	VT
unhoped-for	अप्रत्याशित	Adj
unhurried	आरामसे	Adj
unhurt	अक्षत	Adj
unhygienic	अस्वास्थ्यकर	Adj
unidentifiable	जिसेपहचानानजासके	Adj
unidentified	जिसेपहचानानगयाहो	Adj
unilateral	एकपक्षीय	Adj
unilaterally	एकपक्षीयतासे	Adv
unimaginable	अकल्पनीय	Adj
unimaginative	अकल्पनाशील	Adj
unimpaired	अक्षुण्ण	Adj
unimpeachable	बेदाग़; अनिन्द्य	Adj
unimpeachably	दागरहित	Adv
unimpeded	जिसमेरुकावटनहुआहो	Adj
unimportant	महत्वहीन	Adj
unimpressed	अप्रभावित	Adj
unimpressive	अप्रभावमयी	Adj
uninformative	असूचनाप्रद	Adj
uninformed	अनभिज्ञ	Adj
uninhabited	निर्जन	Adj
uninhibited	बेहिचक	Adj
uninitiated	अदीक्षित	Adj
the uninitiated	जिनमेअदीक्षिताहो	N
uninterrupted	अविच्छिन्न	Adj
uninviting	अप्रीतिकर	Adv
unhinge	पागलयाविक्षिप्तबनादेना	VT
unholy	अपवित्र	Adj
unicameral	एकसभाका	Adj
unicorn	गेंडा; एकसींगकाजानवर	N
unification	एकहोजाना	N
uniform	एकसमान	Adj
uniform	एकरूपकावस्त्र	N
uniformity	एकरूपता	N
uniformly	समरूपसे	Adv
unify	एकरूपबना; जोड़	VT
uninspired	निरुत्साही	Adj
uninterested	सम्बन्धरहित; बेसरोकार; बेगरज	Adj
union	मेल; संयोग	N
unionist	संयोगी	N
unique	अनुपम; अपूर्व	Adj
unison	मेल; एका; एकस्वर	N
unit	इकाई; टुकडी	N
unitarian	एकपरमेश्वरकामाननेवाला	N
unitary	एकसंबंधी	Adj
unite	संयुक्तकरना	VTI
united	संयुक्त; मिलाहुआ; एककियाहुआ; एक	Adj
unity	एकता	N
universal	विश्वसम्बन्धी	Adj
universalist	सर्वहितवादी	N
universality	सर्वव्यापकता	N
universally	सर्वत्र	Adv
universe	सृष्टि; संसार; विश्व; जगत	N
university	विश्वविद्यालय	N
unjust	अनुचित; अधर्मी	Adj
unjustly	अन्यायसे; अधर्मसे	Adv
unjustified	दोषयुक्त	Adj
unjustifiable	अक्षम्य	Adj
unkempt	बिखराहुआ	Adj
unkind	निर्दयी; दुःशील	Adj
unkindly	निर्दयतासे	Adv
unknowingly	अनजानेमे; बिनाजानेबूझे	Adv
unknown	अविदित; अज्ञात	Adj
unlace	फीता खोलना	VT
unladen	भारउताराहुआ	Adj
unlawful	ग़ैरकानूनी	Adj
unlawfully	ग़ैरकानूनीढँगसे	Adv
unleaded	बिनासीसाके	Adj
unlearn	भुलादेना	VT
unleash	प्रवर्तितकरना	VT
unleavened	बेख़मीर	Adj
unless	यदिनहीं; जोनहीं; बिना; जबतकनहीं	Conj
unlicensed	बिनालाइसैन्सके	Adj
unlikely	असम्भव	Adj
unlimited	असीम	Adj
unlined	अस्तरनिकालाहुआ; अरेखांकित	Adj
unlisted	असूचिबद्ध	Adj
unload	बोझउतार; हलकाकर; खाली करना	VT
unlock	तालाखोल	VT
unlooked-for	अप्रत्याशित	Adj
unloose	ढीलाकरना	VT
unlovely	अनाकर्षक	Adj
unlucky	अभागा; दुखी; मंदभाग्य; अशुभ	Adj
unluckily	दुर्भाग्यवश	Adv
unmade	अनिर्मित	Adj
unmanageable	असंचालनीय	Adj
unmanly	पौरूषहीन	Adj
unman	पौरुषहीनकरना; हतोत्साह करना	VT
unmanned	कर्मीदल-रहित	Adj
unmannerly	अशिष्ट	Adj
unmask	भेदखोलना; नक़ाबउतारना; नकाब उतारना	VT
unmatched	अनुपम; अद्वितीय	Adj
unmemorable	अस्मरणीय	Adj
unmentionable	अकथनीय	Adj
unmet	नपायाहुआ	Adj
unmindful	असचेत	Adj
unmissable	नछोडनेयोग्य	Adj
unmistakable	सुस्पष्ट	Adj
unmistakably	सुस्पष्टतासे	Adv
unmitigated	अप्रशमित	Adj
unmolested	अनाक्रान्त	Adj
unnamed	अनाम	Adj
unmoved	अटल; कठोर; निर्दय	Adj
unnatural	अस्वाभाविक; बनावटी	Adj
unnaturally	अस्वाभाविकरुपसे	Adv
unnecessary	अनावश्यक; व्यर्थ	Adj
unnecessarily	बेकार	Adv
unnerve	हतोत्साहकरना	VT
unnerving	हतोत्साहितहुआ	Adj
unnervingly	हतोत्साहसे	Adv
unnoticed	अदृष्ट; बेखबर; अज्ञात; अचानक	Adj
unobtrusive	अदृष्ट; दीन; विनीत	Adj
unoccupied	खाली	Adj
unofficial	अशास्कीय	Adj
unofficially	अनाधिकारिक	Adv
unopposed	निर्विरोध	Adj
unorthodox	अपरम्परागत	Adj
unpack	{गठरी}खोल	VT
unpaid	अवैतनिक	Adj
unpalatable	अस्वादिष्ट; अप्रिय	Adj
unparalleled	अनुपम	Adj
unparliamentary	असंसदीय	Adj
unpatriotic	अ-देशभक्त	Adj
unpick	टाँकेखोलनायाउधेडना	VT
unplaced	अश्रेणिक	Adj
unplayable	नखेलनेलायक	Adj
unpleasant	अप्रिय; नापसन्द; अरूचिकर	Adj
unplug	प्लगनिकालना	VT
unpopular	अलोकप्रिय	Adj
unprecedented	बेमिसाल; अपूर्व; अनोखा	Adj
unpredictable	अननुमेय	Adj
unpremeditated	अविमर्शित	Adj
unprepared	बेतैयार	Adj
unprepossessing	अनाकर्षक	Adj
unpretentious	विनीत	Adj
unprincipled	अनैतिक	Adj
unprintable	अमुद्रणीय	Adj
unproblematic	असमस्यात्मक	Adj
unproductive	अनुत्पादक; निष्फल	Adj
unproductively	निष्फलतासे	Adv
unprofessional	अव्यवसायिक	N
unprofessionally	अव्यवसायिकढँगसे	Adv
unprofitable	लाभहीन; निष्फल; व्यर्थ	Adj
unprofitably	बेफायदासे	Adv
unprompted	बिनाकहे	Adj
unpronounceable	अनुच्चारणीय	Adj
unproven	अपरीक्षित	Adj
unprovoked	अनुत्तेजित; बेछेड़े	Adj
unpublished	अप्रकाशित	Adj
unpunished	अदंडित	Adj
unqualified	अयोग्य; अप्रतिबन्ध	Adj
unquenchable	अशमनीय	Adj
unquestionable	अशंकनीय	Adj
unquestionably	बिनाकोईशंकासे	Adv
unquestioned	असंदिग्ध	Adj
unquestioning	असंदेही	Adj
unquiet	अशांत	Adj
unravel	सुलझाना; उधेड़ना	VT
unread	अपठित	Adj
unreadable	अस्पष्ट	Adj
unreal	अवास्तव	Adj
unreality	अवास्तविकता	N
unrealistic	अवास्तविक	Adj
unreasonable	अविवेकी	Adj
unreasonably	अविवेकतासे	Adv
unreasoning	अविवेचित	Adj
unrelated	असंबद्ध	Adj
unrelenting	निर्दय	Adj
unreliable	अविश्वसनीय; बेईमान	Adj
unreliability	अविश्वसनीयता	N
unrelieved	एकरस; बिनाबदले	Adj
unremarkable	साधारण; सामान्य	Adj
unremarked	अलक्षित	Adj
unremitting	बिनारुकाहुआ	Adj
unrepeatable	अपुनरावृत	Adj
unrepentant	अपश्चात्तापी	Adj
unrepresentative	अप्रतिनिधिक	Adj
unrequited	अपुरस्कृत	Adj
unreserved	अनारक्षित; स्पष्टवादी	Adj
unreservedly	पूर्णरूपसे; स्पष्टतासे	Adv
unresponsive	अप्रतिक्रियाशील	Adj
unrest	अशान्ति; व्यस्तता	N
unrestrained	बाधारहित	Adj
unripe	अपक्व; कच्चा	Adj
unrivalled	अनुपम	Adj
unroll	खुलजाना; एक के बाद एक होना	VT
unruffled	अक्षुब्ध	Adj
unruly	बेलगाम	Adj
unruliness	बेलगामी	N
unsafe	असुरक्षित	Adj
unsaid	अनकहा	Adj
unsaleable	अविक्रेय	Adj
unsalted	बिनानमकके	Adj
unsatisfactory	असन्तोषजनक	Adj
unsaturated	असंतृप्त	Adj
unsavoury	अरूचिकर; अस्वादिष्ट; बदबूदार	Adj
unscathed	सही-सलामत	Adj
unscientific	अवैज्ञानिक	Adj
unscramble	सुलझाना	VT
unscrew	पेचखोलना; खुल जाना	VT
unscripted	अलिखित	Adj
unsay	बातबदल	VT
unscrupulous	अनैतिक	Adj
unscrupulously	अनैतिकतासे	Adv
unscrupulousness	अनैतिकता	N
unseasonable	बेमौसम	N
unseat	कुर्सीयाआसनसेगिरादे	VT
unseemly	अनुचित	Adj
unseen	अदृश्य; अनदेखा	Adj
unselfconscious	असंकोची	Adj
unselfconsciously	बिनासंकोचके	Adv
unselfish	निस्स्वार्थ	Adj
unselfishly	निस्स्वार्थभावसे	Adv
unsentimental	अभावुक	Adj
unsettle	हटा; अस्थिरकर; गड़बड़कर	VT
unsettled	अस्थिर; अनिश्चित	Adj
unshakeable	अविचलनीय	Adj
unshaven	बेहजामत	Adj
unsightly	भद्दा	Adj
unskilled	अशिक्षित; बिनाविशेषकुशलताप्राप्त	Adj
unsociable	ग़ैरमिलनसार	Adj
unsolicited	अप्रार्थित	Adj
unsolved	अनसुलझा	Adj
unsophisticated	निष्कपट	Adj
unsound	कच्चा; अप्रामाणिक	Adj
unsoundness	अप्रामाणिकता	N
unsparing	उदार; कठोर	Adj
unsparingly	उदारतासे	Adv
unspeakable	अकथनीय	Adj
unspeakably	अकथनीयतासे	Adv
unspecified	अनिर्दिष्ट	Adj
unspectacular	साधारण	Adj
unstable	अस्थिर	Adj
unstated	अघोषित	Adj
unsteady	अस्थिर	Adj
unsteadily	अस्थिरतासे	Adv
unsteadiness	अस्थिरता	N
unsteady	अस्थिरकर; चंचलकर	VT
unstinting	प्रचुर	Adj
unstintingly	प्रचुरता	Adv
unstoppable	जिसेरोकानजासके	Adj
unstructured	असंरचित	Adj
unstuck	खुला; निष्फल होना	Adj
unsubstantiated	अप्रामाणित	Adj
unsuccessful	असफल	Adj
unsuccessfully	असफलतासे	Adv
unsuitable	अनुपयुक्त	Adj
unsuitability	अनुपयुक्तता	N
unsuitably	अनुपयुक्ततासे	Adv
unsuited	अनुपयुक्त	Adj
unsullied	बेदाग	Adj
unsung	अकिर्तित	Adj
unsupported	बे-मदद	Adj
unsure	अनिश्चित	Adj
unsurpassed	सेबढ़कर	Adj
unsurprised	अनाश्चर्य	Adj
unsurprising	अनाश्चर्यजनक	Adj
unsurprisingly	अनाश्चर्यतासे	Adv
unsuspected	असंदिग्ध	Adj
unsuspecting	असंदेही	Adj
unsustainable	असंभालाहुआ	Adj
unsweetened	जिसमेमिठासनहो	Adj
unswerving	अविचल	Adj
unsympathetic	बेदर्द	Adj
unsystematic	अव्यवस्थित	Adj
unsystematically	अव्यवस्थिततासे	Adv
untainted	बेदाग	Adj
untalented	बिनाप्रतिभाके	Adj
untamed	जंगली; अनियंत्रित	Adj
untangle	सुलझाना	VT
untapped	अप्रयुक्त	Adj
untenable	अरक्षणीय	Adj
untested	अपरीक्षित	Adj
unthinkable	अचिन्त्य	Adj
unthinking	लापरवाह	Adj
unthinkingly	अनजाने	Adv
untidy	बेतरतीब; मैलाकुचैला; गन्दा	Adj
untidily	बेसिलसिले	Adj
untidiness	अस्तव्यस्तता	N
untie	खोल; उतार	VT
until	तक; जबतक	Conj
until	तक; जबतक	Prep
untimely	असामयिक; कुसमय का	Adj
untiring	अथक	Adj
untitled	अनअभीजात	Adj
unto	तक	Prep
untold	अनकहा; नकहाहुआ	Adj
untouchable	अस्पर्शनीय; अछूत	Adj
untouched	अप्रभावित	Adj
untoward	अप्रिय	Adj
untrained	अप्रशिक्षित	Adj
untrammelled	अबाधित	Adj
untreated	अनुपचारित; असंसाधित	Adj
untried	अपरीक्षित	Adj
untrue	असत्य; बेईमान	Adj
untrustworthy	अविशवसनीय	Adj
untruth	असत्यता	N
untruthful	असत्य	Adj
untruthfully	असत्यतासे	Adv
untutored	अशिक्षित	Adj
untypical	विशिष्ट	Adj
unused	अप्रयुक्त; अनभ्यस्त	Adj
unusual	असामान्य; अनोखा	Adj
unusually	असमान्यतः	Adv
unutterable	अकथ्य	Adj
unutterably	अकथ्यतासे	Adv
unvarnished	बेरोगन; अनलंकृत	Adj
unveil	खुलजा; प्रकाशमेआ	VI
unveil	घूँघटउठा; खोल	VT
unvoiced	मौन	Adj
unwaged	बिनावेतनके	Adj
unwanted	अनावश्यक	Adj
unwarranted	अनुचित	Adj
unwary	असावधान; अचेत; बेखबर	Adj
unwashed	अनधुला	Adj
unwavering	अटल	Adj
unwaveringly	दृढ़तासे	Adv
unwelcome	नापसन्द; अप्रिय; अनिष्ट	Adj
unwelcoming	प्रतिकूल	Adj
unwell	अस्वस्थ	Adj
unwholesome	हानिकर; अनैतिक; दूषित	Adj
unwieldy	स्थूल; भारी	Adj
unwilling	अनिच्छुक	Adj
unwillingness	अनिच्छा	N
unwillingly	अनिच्छासे	Adv
unwind	उधेड़; शांत हो जाना	VT
unwise	अज्ञानी; निर्बोध; मूर्ख	Adj
unwisely	मूर्खतासे	Adv
unwitting	अनजाने; बेखबर; अज्ञान	Adj
unwittingly	अनजानेसे	Adv
unwonted	अरीतिक	Adj
unworkable	असाध्य	Adj
unworldly	असांसारिक	Adj
unworried	चिन्तितनहोना	Adj
unworthy	अयोग्य	Adj
unwrap	खोलना	VT
unwritten	बिनालिखा; अनलिखा; मौखिक	Adj
unyielding	दृढ़	Adj
unzip	खोलना	VT
up	ऊपरकीओर	Adv
up	ऊपर; उच्च; ऊपरवाला	Adj
up	पर; ऊपर	Prep
up	चढ़ाव	N
up	उठाना; चढ़ाना	VT
upbeat	उत्साह	Adj
upbraid	भर्त्सनाकरना	VT
upbringing	पालन-पोषण	N
upcoming	आनेवाला	Adj
update	आधुनिकबनाना	VT
update	अभीतकका	N
upend	उलटाकरना	VT
upfront	ईमानदार; पहले दिया हुआ	Adj
upgrade	उन्नतिकरना	VT
upgrade	चढ़ाई	N
upheaval	कायापलट	N
uphill	कठिन; दुःसाध्य; क्षमसाध्य	Adj
uphill	पहाड़ीपर	Adv
uphold	सम्भल	VT
upholster	गद्दीलगाना	V
upholstery	कमरेकासाज़सामान	N
upkeep	पालनपोषण; रक्षा; रक्षाकासाधनयाव्यय	N
upland	ऊँचीजगहका; ऊँचा	Adj
upland	ऊँचीभूमि	N
uplift	उठान; उत्थान; उन्नति	N
uplift	ऊँचाकर; उठा	VT
upon	केऊपर; ऊँचा; पर; नज़दीक	Prep
upper	ऊपरवाला; उच्चतर	Adj
upper	जूतेआदिकाऊपरकाभाग	N
uppermost	सबसेऊपरवाला; सबसेऊचाँ	Adj
uppermost	सर्वोच्चस्थानयापदइत्यादिमे	Adv
upright	सीधा; खड़ा; धार्मिक; खरा	Adj
uprising	बगावत	N
uproar	कोलाहल; धूमधाम; बखेड़ा	Adj
uproot	जडसेउखाड़डाल; निर्मूल कर	VT
upset	अस्तव्यस्तता; विपर्यय; पलट; घबड़ाहट; परेशानी	N
upshot	परिणाम; अन्त; शेष	N
upside-down	उलटा; अस्तव्यस्त	Adj
upstairs	ऊपरी	Adj
upstairs	ऊपरीमंज़िल	Adv
upstairs	ऊपरकीमंजिल; कोठा	N
upstanding	ईमानदार; तगड़ा	Adj
upstart	कलकानवाब	N
upstate	राज्यकावहभागजोमुख्यशहरसेदूरहो	Adj
upstate	शहरकेदूरकाइलाका	Adv
upstream	उजान	Adv
upstream	धारा-प्रतिकूल	Adj
upsurge	उमड; लहर	N
upswing	उन्नति	N
uptake	उद्ग्रहण	N
uptight	चिन्तित	Adj
up-to-date	अद्यावधिक	Adj
up-to-the-minute	आधुनिकतम	Adj
uptown	रिहाइशी	Adj
uptown	रिहाइशी	Adv
upturn	सुधार	N
upturned	उलटा	Adj
upward	ऊपरका	Adj
upwards of	सेअधिक	Prep
upward mobility	समाजकाऊँचास्तर	N
upwardly mobile	उच्चस्तरीय	Adj
upwind	हवाकेदिशाकीओर	Adv
uranium	यूरेनियम	N
uranius	उरण	N
urban	शहरी; नगरका; नागरिक	Adj
urbanise	नगरीयबनादेना	VT
urbanisation	नगरीकरण	N
urbane	शिष्ट; भला; शीलवान	Adj
urbanely	शिष्टतासे	Adv
urbanity	सौम्यता	N
urchin	छोकरा	N
urdu	^	N
urea	^	N
urethra	मूत्रमार्ग	N
urge	उकसाना	V
urge	अवेग; प्रेरणा	N
urgency	अत्यावश्यकता	Adj
urgent	अत्यावश्यक	Adj
urinal	पेशाबघर	N
urinary	पेशाबसम्बन्धी	Adj
urinate	पेशाबकर	VI
urine	पेशाब	N
urn	एकप्रकारकागोलबर्तन; सुराही; जलपात्र; मृतक की राख रखने का बर्तन	N
us	हमें; हमको	Pron
usage	व्यवहार; बर्ताव; रीति; चलन; चाल	N
use	प्रयोग; भोग; सेवन; आवश्यकता; लाभ; प्रयोजन	N
use	प्रयोगकर	VTI
useful	उपयोगी	Adj
useless	व्यर्थ	Adj
user	प्रयोगकर्त्ता; अधिकारभोग	N
usher	प्रवेशक; भेंटकरानेवाला; उपशिक्षक	N
usher	प्रवेशकराना; भेंटकरा	VT
usual	सामान्य; साधारण; व्यावहारिक; सदाका	Adj
usually	साधारणरीतिसे; सामान्यतः	Adv
usurer	सूदखोर	N
usurp	दबाले; दबाबैठ; अन्यायसेलेले; छीनले	VT
usurpation	अनधिकारग्रहण	N
usury	अत्याधिक ब्याज; कुसीद	N
utensil	बरतन	N
uterine	गर्भाशयसम्बन्धी	Adj
uterus	गर्भाशय	N
utilitarian	उपयोगसंबंधी; स्वार्थी	Adj
utilitarianism	उपयोगितावाद	N
utility	उपयोगिता; चैन; लाभ; उपयोग	N
utilize	लाभउठा; काममेला; प्रयोगमेला	VT
utilization	उपयोग	N
utmost	अधिकतम; परिमाण; पराकाष्ठा	Adj
utmost	अत्यन्त; निपट; परम	N
utopia	आदर्श-राज्य	N
utopian	आदर्श	Adj
utter	पूर्ण	Adj
utter	बोल	VT
utterance	उच्चारण; बातचीत	N
utterly	सम्पूर्णरूपसे	Adv
under	केनीचे; केतले; सेकम; केअधीन	Prep
unlike	सेभिन्न	Adj
uvula	अलिजिह्वा	N
v	'V'आकृति	N
v-sign	विजयचिह्न	N
vacancy	खालीस्थान; विचारशून्यता	N
vacant	खाली; विचारशून्य	Adj
vacant possession	खालीकब्जा{मकानआदिकेसम्बन्धमें}	N
vacate	छोड़ना	VT
vacation	अवकाश	N
vaccinate	टीकालगाना	VT
vaccination	टीका	N
vaccine	टीका	Adj
vacillate	निश्चयनकरपाना	VT
vacillation	निश्चयनकरपानेकीस्थिति	N
vacuity	रिक्तता	N
vacuous	विचारहीन	Adj
vacuum	शून्यस्थान	N
vacuum	निर्वात; खालीपन	V
vacuum cleaner	वैक्यूमक्लीनर	N
vacuum flask	निर्वातबोतल	N
vacuum packed	निर्वातपैक	N
vagabond	आवारा	N
vagary	लहर	N
vagina	योनि	N
vaginal	योनिका	Adj
vagrant	घुमक्कड़	Adj
vagrant	घुमक्कड	N
vague	अस्पष्ट	Adj
vainglorious	शेखीबाज	Adj
valance	पर्दा	N
vain	व्यर्थ	Adj
vainly	व्यर्थमें	Adv
vale	घाटी	N
valediction	विदाई	N
valedictory	आशीर्वादात्मक	Adj
valedictory	प्रस्थानकेसमयकास्वस्तिवाद	N
valency	परमाणुओंकीसंयोजकता	N
valentine card	वैलैंटीनकार्ड{प्रेमनिवेदन14फरवरीकादिन}	N
valet	निजीसेवक	N
valiant	साहसी	Adj
valid	प्रभावशाली; वैध	Adj
validate	प्रामाणिकबनाना	VT
validity	वैधता	N
valley	घाटी	N
valour	वीरता	N
valuable	मूल्यवान	Adj
valuable	कीमतीचीज	N
valuation	मोललगाना	N
value	मूल्य; सिद्धान्तजिनमेंसमाजकीविशेषआस्थाहो; किसीअक्षरद्वाराप्रदर्शितराशिकामूल्य	N
value	मोललगाना; आदरकरना	VT
value added tax	किसीवस्तुकेउत्पादनपरलगाएजानेवालाकर	N
valve	वाल्व{एक‘ओरखुलनेवालावायुगैसद्रवकेसंचारकायंत्र}; हृदयमेंरक्तवाहकवाल्व	N
vampire	राक्षस{एककल्पितभूतजोरातकोमनुष्योकालहूयारूधिरपीलियाकरताहै}	N
vampire bat	खूनपीनेवालीचमगादड	N
van	वैन; युद्धमेंसेनाकीअग्रिमपंक्ति	N
vanadium	?	N
vandal	सत्यानाशी	N
vandalism	ध्वंस	N
vane	वायुकीदिशाबतानेवालायन्त्र; पवनचक्की	N
vanguard	सेनाग्र; आन्दोलनकानेतृत्वकरनेवाला	N
vanilla	वनीला{लतासेनिकालाहुआसुगन्धितमसाला}	N
vanish	लुप्तहोना	V
vanishing point	वहबिन्दुजहाँसमानान्तररेखाएँमिलतीप्रतीतहो	N
vanity	गर्व; असारता	N
vanquish	जीतना	VT
vantage point	?	N
vapid	नीरस	Adj
vapour	वाष्प	N
vaporize	भापबनाना	VT
variable	परिवर्तनशील	Adj
variable	परिवर्तनशीलवस्तु	N
variance	विभेद	N
variant	भिन्नरूप	N
variant	भिन्न	Adj
variation	विविधता; परिवर्तन	N
varicose veins	स्फीत	N
varied	नानारूप	Adj
variegated	रंगबिरंगा; विभिन्नरूपके	Adj
variety	विविधता; अनेकप्रकार; विविधमनोरंजन	N
variety store	विभिन्नचीजोंवालीदुकान	N
various	भिन्न	Adj
variously	भिन्नभिन्नप्रकारसे	Adv
varnish	वार्निश; रोगन	N
varnish	रोगनलगाना	VT
varsity	यूनिवर्सिटी	N
vary	तरहतरहकाहोना	VT
vascular	संवहनी	Adj
vase	फूलदान	N
vasectomy	नसबन्दी	N
vaseline	वैसलिन	N
vassal	जागीरदार	N
vast	विशाल	Adj
vastly	बड़ेरूपसे	Adv
vastness	विस्तार	N
vat	कुण्ड	N
vatican	वैटिकन	N
vault	मेहराबीछत; तहखाना	N
vault	लग्गेकेसहारेकूदना	VTI
vaulted	मेहराबीछतका	Adj
vault	छलाँग	N
vaunt	अधिकप्रशंसित	Adj
vc	कुलपति	Abbr:Vice Chancellor
vcr	वीडियोकेसटरिकार्डर	Abbr:vedio cassette recorder
vd	मैथुनसम्बन्धीरोग	Abbr:veneral disease
vdu	दृष्टिगतप्रदर्शनएकांक	Abbr:visual display unit
veal	बछड़ेकामाँस	N
vector	निश्चितमात्रावालीराशि; वायुमार्ग; रोगवाहक	N
veer	दिशाबदलना	VTI
vegan	शाकाहारी	N
vegetable	शाकसब्ज़ी	N
vegetarian	शाकाहारी	Adj
vegetarian	शाकाहारी	N
vegetarianism	शाकाहारमेंविश्वास	N
vegetation	पौधोंकीवृद्धि	N
vegetate	निष्क्रियजीवनबिताना	V
vehemence	प्रचंडता	N
vehement	प्रबल	Adj
vehicle	सवारी	N
vehicular	सवारीसंबंधी	Adj
veil	घूंघट; पर्दा	N
veil	घूंघटकरना	VT
veiled	छिपाहुआ; घूँघटयुक्त	Adj
vein	शिरा; व्याप्तगुण; मनोदशा	N
veined	नाडीमय	Adj
velar	तलवेकेपिछलेभागसेउच्चारित	Adj
velvet	मखमल	N
venal	रिश्वतसेप्रभावित	Adj
vendetta	पुश्तैनीझगडा	N
vending machine	वैंडिंगमशीन{सिक्काडालनेपरग्राहकोंकोमालबेचदेनेवालीमशीन}	N
vender/vendor	बेचनेवाला; घरयाअन्यसम्पत्तिकेविक्रेता	N
veneer	खराबलकडीकेऊपरअच्छीलकडीकीतह	VT
venerable	पूज्य	Adj
venerate	आदरकरना	VT
veneration	आदर	N
venereal	मैथुनसम्बन्धी	Adj
venereal diseases	रतिरोग	N
venetian blind	झिलमिलीदारचिक	N
vengeance	प्रतिहिंसा	N
vengeful	प्रतिहिंसक	Adj
venison	हिरनकामाँस	N
venom	विष	N
venomous	विषैला	Adj
venomously	विषैलेपनसे	Adv
venous	नसयुक्त	Adj
vent	छिद्र; जन्तुकगुदा; कपडेयाकोटमेंछेद	N
vent	निकालना[उत्तेजकभावोंको]	VT
ventilate	हवाकरना; प्रकाशमेंलाना	VT
ventilation	हवादेना	N
ventilator	झरोखा	N
ventricle	हृदयकेनिचलेभागकाकोष	N
ventriloquist	तरहतरहकीआवाज़ेंनिकालसकनेवाला	N
venture	साहसिककार्य	N
venture	साहसकरना	VTI
venturesome	साहसी	Adj
venue	घटनास्थल	N
venus	रतिदेवी	N
veracity	सच्चाई	N
veranda	बरामदा	N
verb	क्रिया	N
verbal	मौखिक	Adj
verbally	मौखिकरूपमें	Adv
verbal noun	क्रियापद	N
verbalize	क्रियापदबनाना	V
verbatim	शब्दशः	Adv
verbiage	वाग्विस्तार	N
verdant	हराभरा	Adj
verdict	पंचायतकाविचार	N
verdigris	ताम्रकिट्ट	N
verge	किनारा[रोडका]; घासकीपट्टी	N
verge	झुकना	VT
verger	पादरीकेआगेडण्डालेकरजानेवालाव्यक्ति	N
verifiable	प्रमाणयोग्य	Adj
verification	सत्यापन	N
verify	प्रमाणितकरना	VT
verisimilitude	सत्यकाआभास	N
veritable	सत्य	Adj
verity	सत्यता	N
vermicelli	सेवई	N
vermilion	सिंदूरी	Adj
vermilion	सिंदूर	N
vermin	कीड़ेमकोड़े	N
vernacular	देशीभाषाका	Adj
vernacular	देशीभाषा	N
vernal	वसन्तऋतुसम्बन्धी	Adj
verruca	?	N
versatile	परिवर्तनशील	Adj
versatility	अन्यविषयकोविचारनेकीशक्ति	N
verse	कविता	N
versed	निपुण	Adj
version	वृतान्त; आवृत्ति	N
versus	विपरीत	Prep
vertebra	रीड़काजोड़	N
vertex	त्रिभुजकाशीर्ष; शिखर	N
vertical	लम्बरूप	Adj
vertically	लम्बाकारमें	Adv
vertigo	चक्करआनाकीबीमारी{ऊँचाईपर}	N
verve	उत्साह	N
very	बहुत[उत्तमासूचक]; उसी	Adj
very	अत्यंत	Adv
vesicle	छोटाआशय; छाला	N
vespers	गिरजाघरमेंसायंकालकीप्रार्थना	N
vessel	बर्तन	N
vest	अंगरखा	N
vest	अधिकारप्रदानकरना	VTI
vested interest	निहितस्वार्थ	N
vestibule	ड्योढी; प्रकोष्ठ	N
vestige	पदांक	N
vestment	अंगरखा	N
vestry	गिरजाघरमेंपादरियोंकासंलग्नवस्त्रालय	N
vet	पशुचिकित्सक	N
vet	भलीप्रकारजाँचकरना	V
vetch	मटरजातिकापौधा	N
veteran	अनुभवी	N
veterinarian	पशुचिकित्सक	N
veterinary	पशुचिकित्सासंबंधी	Adj
veto	प्रतिनिषेध	N
veto	कानूनकामसूदाअस्वीकृतकरना	VT
vex	गुस्साकरना[होना]; चिन्तितहोना	VT
vexation	क्लेश	N
vexatious	सन्तापदेनेवाला	Adj
vhf	अतिउच्चतीव्रता	Abbr:very high frequency
via	कीराहसे	Prep
viable	करनेयोग्य; जीनेयोग्य	Adj
viaduct	पुल	N
vial	शीशी	N
vibrant	स्पंदित{उत्साहऔरशक्तिसहित}; चमकीलेऔरआकर्षक; गुंजायमान	Adj
vibration	स्पंदन	N
vibraphone	जलतरंगजैसेविद्युतवाद्य	N
vibrate	स्पंदितहोना	V
vibrato	गिटकिरी	N
vicar	विकार{चर्चमेंपुजारी}	N
vicarious	प्रतिनिधिरूप	Adj
vice	व्यसन	N
vice	शिकंजा	N
vice-	उप-	Comb form
viceroy	राजपाल	N
vice versa	उलटे	Adv
vicinity	अड़ोसपड़ोस	N
vicious	दुराचारी; उग्र; कष्टदायक	Adj
vicious circle	दुश्चक्र	N
vicissitude	उतारचढ़ाव	N
victim	शिकार; पीडितव्यक्ति	N
victimize	शिकारबनाना	VT
victimise	शिकारबनाना	VT
victor	विजेता	N
victorious	विजयी	Adj
victory	विजय	N
video	वीडियो{दृश्य}	N
video	वीडियोबनाना	V
video cassette recorder	वी.सी.आर.	N
video game	वीडियोगेम{परिकलनयन्त्रसेखेलनेकाखेल}	N
videotape	वीडियोटेप	N
vie	स्पर्धाकरना	VT
view	दृष्टि; व्यक्तिगतधारणा; दृष्टिकोण	N
view	दृष्टिडालना; देखना; निरीक्षणकरना[घरयाजायदाद	VT
viewdata	?	N
viewpoint	दृश्यजोसुगमतासेदेखाजासके	N
vigil	जागरण	N
vigilance	सावधानी	N
vigilant	सावधान	Adj
vignette	मानपत्रपरकाबेलबूटा	N
vigour	शक्ति; प्रभाव	N
vigorous	जोरदार	Adj
vigorously	उत्साहसे	Adv
vile	घृणित; अधम	Adj
vilify	अपवादकरना	VT
villa	विनोदगृह	N
village	गाँव	N
villager	ग्रामीण	N
villain	खलनायक	N
villainous	उपद्रवी	Adj
vim	शक्ति	N
vindicate	न्यायसिद्धहोना[करना]	VT
vindication	न्यायस्थापना	N
vindictive	बदलालेनेवाला	Adj
vine	द्राक्षा	N
vinegar	सिरका	N
vineyard	अंगूरकाबाग	N
vintage	अंगूरइकठ्ठाकरनेकासमय	N
vintner	अंगूरीशराबबेचनेवाला	N
viola	एकप्रकारकीबड़ीबेल	N
violate	तोड़ना	VT
violation	तोड़ना	N
violence	हिंसा	N
violent	हिंसात्मक	Adj
violet	बैंगनीरंगका	Adj
violet	एकप्रकारकाफूल	N
violin	सारंगी	N
violinist	सारंगीबेलाआदिबजानेवाला	N
viper	साँप	N
virgin	कुँआरी	Adj
virginity	कुँआरापन	N
virile	पुरुषयापुरुषत्वसंबंधी	Adj
virility	पौरूष	N
virtual	लगभग{वास्तवमेंनहीं}	Adj
virtually	लगभग{वास्तवमेंनहीं}	Adv
virtue	नैतिकगुण	N
virtuoso	गुणीकलाकार	N
virtuous	नैतिक	Adj
virulent	विषमय	Adj
virus	छूतकेरोगोंकाविष	N
vis-a-vis	केसंदर्भमें	Prep
visage	मुखछवि	N
viscount	इंग्लैंडमेंएकअमीरकीपदवी	N
visibility	दिखना; दृश्यता	N
visible	दृश्य	Adj
vision	दृष्टि	N
visionary	कल्पित	Adj
visionary	ख़यालीपुलावपकानेवाला	N
visit	मुलाकात	N
visit	देखनेजाना[आना]	VT
visiting-card	परिचयकार्ड	N
visitation	परिदर्शन; भूतकाअप्रत्याशितप्रकटन; दैवदुर्विपाक	N
visitor	भेंटकरनेवाला	N
visor	हेलमेटकाअग्रभाग	N
vista	तरुपंक्तिकादृश्य	N
visual	दृश्य; शैक्षिककार्यमेंसहायकसामग्री	Adj
visualise	कल्पनाकरना	VT
visualisation	मानसिकचित्रण	N
visually	आँखोंसे	Adv
visual display unit	आंकडेप्रदर्शनकीकम्प्यूटरकीस्क्रीन	N
vital	महत्वपूर्ण; जीवंत	Adj
vitally	महत्वपूर्णरूपसे	Adv
the vitals	शरीरकेमुख्यअवयव[ह्रदयऔरमस्तिष्क]	N
vital statistics	स्त्रीकेवक्षस्थल; कमरवकूल्होंकानाप	N
vitality	स्फूर्ति	N
vitamin	विटामिन	N
vitiate	दूषितकरना	VT
viticulture	द्राक्षाकृषि	N
vitreous	काँचमय	Adj
vitrify	काँचबनाना	V
vitriol	अतिकटुभाषणयाआलोचना	N
vitriolic	अतिकटुभाषण	Adj
vituperation	निन्दा	N
vituperative	निन्दात्मक	Adj
vivacious	फुर्तीला	Adj
vivacity	उत्साह	N
viva voce	मौखिकपरीक्षा	N
vivisection	पशुओंकाचीरफाड[अनुसन्धानमें]	N
vixen	लोमडी	N
vivid	चमकीला; प्रबल	Adj
viz	अर्थात्	Abbr:videlicet
vocabulary	शब्दावली	N
vocab	शब्दावली	Abbr:vocabulary
vocal	वाचिक	Adj
vocal	कंठसंगीत	N
vocalist	गायक	N
vocally	मौखिकरूपसे	Adv
vocal cords	वाकतन्तु	N
vocalize	उच्चारणकरना	V
vocalization	उच्चारण	N
vocation	व्यवसाय	N
vocational	व्यावसायिक	Adj
vocative	सम्बोधन	N
vociferate	चिल्लाना	V
vociferous	शोरगुलपूर्ण	Adj
vociferously	शोरसहित	Adv
vodka	रूसीशराब	N
vogue	प्रचलनमेंहोना	N
voice	आवाज; विचार; व्याकरणिकक्रिया[कर्तृवाच्य; कर्मवाच्य; भाववाच्य]	N
voice	विचारव्यक्तकरना	VT
voiced	स्वरवाला; सघोष	Adj
voiceless	अघोष	Adj
voice-box	स्वरयन्त्र	N
voice-over	टेलिविजन या फिल्म में अदृश्य बोलना	N
void	रिक्त	Adj
void	शून्यस्थान	N
void	अवैधानिकघोषितकरना	VI
voile	महीनकपडा	N
vol	पुस्तककाएकखण्ड	Abbr:volume
volatile oils	वाष्पशीलतेल; चंचलपुरुष; अस्थिर	Adj
volatility	बाष्पशीलता	N
vol-au-vent	पेस्ट्री{माँस या मछली से भर कर बनाई हुई}	N
volcanic	ज्वालामुखीय	Adj
volcano	ज्वालामुखीपहाड़	N
vole	मूस	N
volition	इच्छाशक्ति	N
volley	गोलियोंकीबौछार; झडी; उडतीगेंदकीमार	N
volley	टप्पालगानेसेपहलेउडतीगेंदमारना	VT
volley-ball	वालीबाल	N
volt	वोल्ट{विद्युतशक्तिकीइकाई}	N
voltage	विद्युतसंचालनशक्ति	N
volte-face	पक्षपरिवर्तन	N
voluble	वाचाल; धाराप्रवाह	Adj
volume	ग्रन्थ; आयतन; मात्रा; प्रबलता	N
voluminous	विपुल{मात्रामें}	Adj
voluminously	विपुलतासे	Adv
voluntarily	स्वेच्छासे	Adv
volunteer	स्वयंसेवक	N
volunteer	स्वेच्छासेकामकरना	V
voluptuous	विलासमय; विलासी	Adj
vomit	वमन	N
vomit	कैकर	VI
voodoo	तन्त्र-मन्त्र	N
voracious	पेटू	Adj
voracious	अत्युत्सुक	Adj
voraciously	उत्सुकतासे	Adv
voracity	अतृप्तता	N
vortex	जलावर्त	N
votary	धर्मसंघी	N
vote	मत; वोट	N
vote	मतदेना	VTI
voter	मतदेनेवाला	N
voting	मतदान	N
vote of confidence	विश्वासमत	N
vote of thanks	धन्यवादप्रस्ताव	N
votive	मन्नत‘का	Adj
vouch for	गवाहीदेना; विश्वासदिलाना	PhrV
voucher	प्रमाणपत्र; खर्चकापुर्जा	N
vouchsafe	कृपापूर्वकप्रदानकरना	VT
vow	शपथ	N
vow	वादा	VTI
vowel	स्वर	N
voyage	यात्रा{जलयाविमान}	N
voyager	जलयात्री	N
vulcanised	गन्धकी	Adj
vulgar	असंस्कृत; अशिष्ट	Adj
vulgarity	अशिष्टता	N
vulgarly	असभ्यतासे	Adv
vulgarfraction	साधारणभिन्न	N
vulnerable	भेद्य; कमजोर	Adj
vulnerability	दोष-पूर्णता	N
vulphine	लोमडीजैसा	Adj
vulture	चील; लोभी	N
vying	स्पर्धाकरतेहुए	V
wad	गद्दी	N
wad	डाटबनाना	VT
waddle	बतखकीतरहचलना	VT
wade	पैदलपारकरना	VTI
wading bird	छिछलेस्थानकापक्षी	N
waders	जंघातककाजूता	N
wafer	पापड़	N
wafer	टिकियासेबंदकरना	VT
waffle	पतलीमीठीरोटी	N
waffleiron	पतलीरोटीपकानेकेलिएलोहेकाउपकरण	N
waft	झोंका	N
waft	फैलादेना	VT
waft	बहालेजाना	VTI
wag	ठठोलिया	N
wag	हिलना	VTI
wage	मजदूरी	N
wage	किरायाकरना	VT
wager	होड़	N
wager	दाँवलगाना	VT
waggon	चौपहियाछकड़ा	N
waggoner	चौपहियेवालीगाड़ीहाँकनेवाला	N
wagon	चौपहियाछकड़ा	N
wagoner	चौपहियेवालीगाड़ीहाँकनेवाला	N
waif	पड़ीहुईवस्तु	N
waif	परित्यक्तशिशु	N
wail	रोना	N
wail	विलापकरना	VTI
wainscot	तख्तबन्दी	N
waist	कमर	N
waistband	कमरबंद	N
waistline	कमररेखा	N
wait	प्रतीक्षाकरना	VTI
wait	प्रतीक्षा	N
waiter	वेटर	N
waitress	वेटर{स्त्री.}	N
waive	छोड़ना	VTI
waiver	ब्याजदावा	N
wake of	केबाद	N
wake	जगाना	VTI
wale	साँट	N
wale	चिह्नकरना	VT
walk	चाल	N
walk	चलना	V
walker	चलनेवाला	N
walking	चलना	N
wall	दीवार	N
wall	दीवारसेघेरना	VT
walling	दीवार सामग्री	N
wall mounted	दीवारपरआरोपित	Adj
wall-painting	भित्तिचित्र	N
wallaby	छोटाकंगारू	N
wallet	झोला	N
wallop	कोड़ेमारना	VTI
wallow	लोटना	N
wallow	लोटना	VI
wallow	आत्मदया	VI
walnut	अखरोट	N
walrus	दरियाईघोड़ा	N
waltz	एकप्रकारकानाच	N
wan	पीला	Adj
wand	डंडा	N
wander	घूमना	VI
wane	घटाव	N
wane	घटना	VI
want	आवश्यकता	N
want	चाहना	VTI
wanting	अपर्याप्त	Adj
wanting	केसिवा	Prep
wanton	चंचल	Adj
wanton	अनियन्त्रित	Adj
war	युद्ध	N
war-torn	युद्धग्रस्त	Adj
warble	कूजना	VI
warbler	आलापलेनेवाला	N
warble	गाना	VT
ward	निगरानी	Adj
ward	रक्षाकरना	VT
ward	आश्रित	N
warden	संरक्षक	N
wardrobe	वस्त्रागार	N
ware	सौदा	N
warehouse	गोदाम	N
warehouse	गोदाममेंरखना	VT
warily	चौकसीसे	Adv
warlike	जंगी	Adj
warm	गर्म	Adj
warm	गर्मकरना	VTI
warmer	गरमकरने कासाधन	N
warmly	उत्साहसे	Adv
warmth	गर्मी	N
warmonger	युद्धोत्तेजक	N
warn	चेतावनीदेना	VT
warning	चेतावनी	N
warp	ताना	N
warp	मोड़ना	VTI
warrant	अधिकारपत्र	N
warrant	प्रमाणिकठहराना	VT
warranty	अधिकार	N
warren	खरगोशोंयाखरहोंकेपालनेकाबाड़ा	N
warrior	सैनिक	N
warship	जंगीजहाज़	N
wart	मस्सा	N
wary	होशियार	Adj
was	था	V
wash	धोना	N
wash	धोना	VTI
washer	धोनेवाला	N
washing	धुलाई	N
wasp	ततैया	N
wastage	अपव्यय	N
waste	व्यर्थ	Adj
waste	क्षय	N
waste	नष्टकरना	VT
waste_basket	रद्दीकीटोकरी	N
wastebasket	रद्दीटोकरी	N
wasteful	हानिकारक	Adj
watch	रखवाली	N
watch	देखतेरहना	VTI
watch_dog	रखवालीकरनेवालाकुत्ता	N
watch_maker	घड़ीबनानेवाला	N
watch_tower	पहरादेनेकाखम्भा	N
watchful	चौकस	Adj
watchfulness	सावधानी	N
watchmaker	घड़ीबनानेवाला	N
watchman	पहरेवाला	N
watchtower	पहारादेनेकाखम्भा	N
watchword	संकेतशब्द	N
water	पानी	N
water	सींचना; पानीआना	VTI
watercolour	पानीकेरंग	N
waterfall	झरना	N
waterfowl	जलपक्षी	N
watermelon	तरबूज	N
waterproof	जलरोधक	Adj
waterproof	जलरोधककपड़ा	N
watertight	जलरोकनेवाला	Adj
wave	लहर	N
wave	लहराना	VTI
waver	लहराना; डगमगाना	VI
wavy	लहरेमारताहुआ; घुँघराला	Adj
wax	मोम	N
wax	बढ़ना	VI
wax	मोमलगाना	VT
waxy	मोमसा	Adj
way	पथ	N
waylay	घातलगाना	VT
wayward	निरंकुश	Adj
we	हम	Pron
weak	कमज़ोर; निस्तेज; मन्द; नीरस	Adj
weaken	निर्बलकरना	VT
weakly	कमजोरीसे	Adv
weakness	निर्बलता; शौक	N
weal	निशान{कोडेयाडण्डेसेमारेजानेके}	N
wealth	धन; बाहुल्य	N
wealthy	धनवान	Adj
wean	दूधछुड़ाना	VT
weapon	अस्त्र	N
weaponry	हथियारोंकाजखीरा	N
wear	पहनावा; जान; कटफट; घिसावट	N
wear and tear	टूटफूट	N
wear	पहनना; भावहोना; घिसजाना; ज़्यादाचलना	VTI
wear (sth) down	घिसजाना	PhrV
wear (sth) away	घिसजाना	PhrV
wear (sb) down	थक जाना	PhrV
wear (sth) off	धीरेधीरेसमाप्तहोना	PhrV
wear on	धीरेधीरेबीतना	PhrV
wear (sth) out	समाप्तकरना	PhrV
wearable	धारणकरनेयोग्य	Adj
wearer	पहननेवाला	N
weariness	थकावट	N
weary	क्लान्त; उबाऊ	Adj
weary	थकाना	V
wearisome	नीरस	Adj
weasel	नेवला	N
weather	मौसम	N
weather	खुलीहवाकेप्रभावकोझेलना; पारकरना	VTI
weather-beaten	खुलीहवासेप्रभावित	Adj
weather forecast	मौसमकापूर्वानुमान	N
weather station	ऋतुपरीक्षणकेन्द्र	N
weather vane	वातसूचक	N
weathercock	वायुकीदिशाकोबतानेवालायन्त्र	N
weatherman	मौसमपूर्वानुमानकर्ता	N
weatherproof	मौसमकेअसरसेबचेरहनेवाला	N
weave	कपडाबनाना; एकहीकथासूत्रमेंग्रथितकरना; दायेंबायेंचलना	VTI
weaver	जुलाहा	N
web	जाला; पंजेंकीझिल्ली{जलपक्षीवमेंढककी}	N
webbed	जालपाद	Adj
wed	ब्याहकरना	VTI
wedded	गठबन्धित	Adj
wedding	विवाहोत्सव	N
wedding cake	विवाहकाकेक	N
wedding ring	शादीकीअँगूठी	N
wedge	खूँटा	N
wedge	खूँटागाड़ना	VI
wedlock	विवाह	N
wednesday	बुधवार	N
wee	सुबहसेबहुतपूर्व	Adj
weed	घासफूस	N
weed	मोथाहटाना	VT
weedy	अपतृणसेभरा	Adj
weed killer	?	N
week	सप्ताह	N
weekday	रविवारकोछोड़करकोईदिवस	N
weekend	सप्ताहकाअन्तिमदिन	N
weeklong	सप्ताहपर्यन्त	N
weekly	साप्ताहिक	Adj
weekly	प्रतिसप्ताह	Adv
weekly	साप्ताहिकपत्र	N
weep	रोना	VI
weep	रोदन	N
weeping	रोतेहुए	Adj
weevil	घुन	N
weft	तानेकेसाथलगाएधागे	N
weigh	तोलना; वजनहोना; लंगरउठाना	VI
weighing machine	तोलनेकीमशीन	N
weighing scale	तराजू	N
weighbridge	मालसेभरेट्रककोतोलनेकाकाँटा	N
weight	भार	N
weight	भारबढाना	VT
weighty	भारी	Adj
weightlifting	भारउठाना	N
weir	नदीकाबाँध; मछलीपकडनेनदीपरलगायाहुआजाल	N
weird	भयानक; अनूठा	Adj
welcome	अभिनन्दित; स्वतन्र	Adj
welcome	स्वागत	N
welcome	स्वागतकरना; धन्यवादसहितलेना[किसीवस्तुको]	VT
weld	पेड़{जिससेपीलारंगनिकलताहै}	N
weld	जोड़ना	VT
welfare	कल्याण	N
welfare state	कल्याणराज्य	N
well	निरोग; सन्तोषजनक	Adj
well	अरे वाह!	Interj
well	कुँआ	N
well	अच्छीतरह	Adv
well adjusted	समायोजित	Adj
well advised	सुमन्त्रित	Adj
well appointed	सुसज्जित	Adj
well balanced	सन्तुलित	Adj
well behaved	शिष्ट	Adj
well being	तंदुरुस्ती	Adj
well born	कुलीन	Adj
well bred	सुशील	Adj
well built	हृष्ट पुष्ट; मजबूत	Adj
well connected	सुसंगत	Adj
well cut	अच्छाकाटाहुआ	Adj
well defined	सुसंकेत	Adj
well disposed	अनुकूल	Adj
well dressed	सुन्दरवस्त्रधारणकियेहुए	Adj
well earned	सुयोग्य	Adj
well establihed	सुप्रतिष्ठित	Adj
well fed	पौष्टिक	Adj
well groomed	सुसज्जित	Adj
well informed	बहुश्रुत	Adj
well intentioned	नेकनीयत	Adj
well kept	सुव्यवस्थित	Adj
well known	सुपरिचित	Adj
well meant	सुहृद	Adj
well oiled	नशेमें	Adj
well preserved	सुरक्षित	Adj
well read	विद्वान; बहुश्रुत	Adj
well run	कुशलतासेव्यवस्थित	Adj
well spoken	ठीक कहा	Adj
well-timed	समयोचित	Adj
well-to-do	धनी	Adj
well-versed	प्रवीण	Adj
well wisher	शुभचिन्तक	Adj
wellington[boot]	घुटनेतकऊँचाचमडेकाजूता	N
wellnigh	प्राय:	N
welsh	वेल्सका	Adj
welt	गोट	N
welt	गोटलगाना	VI
welsh dresser	एकप्रकारकीअलमारी	N
welter	घालमेल	N
welter	लोटना	VT
were	थे	V
west	पश्चिमकीओर	Adv
west	पश्चिम	N
westerly	पश्चिमी	Adj
western	पश्चिमी	Adj
westward	पश्चिमकीओर	Adj
westward	पश्चिमकीओर	Adv
wet	गीला	Adj
wet	वर्षा; गीलापन; नीरस	N
wet	गीलाकरना	VT
wet suit	तैराकोंकेपहननेकारबडकातंगवस्त्र	N
wetlands	गीलीजमीन	N
whack	जोरकीचोटयामार	N
whack	जोरसेचोटमारना; हिस्सा	VT
whacked	[अनौपचारिक]बुरीतरहथकाहुआ	Adj
whale	व्हेल	N
whaler	जहाजजिसपरसेव्हेलकाशिकारकरतेहैं	N
whalebone	व्हेलकीहड्डी	N
wham	मुक्केकीआवाज	N
wharf	घाट	N
what	क्या	Conj
what	क्या	Pron
whatever	जोकुछभी	Pron
whatsoever	जोकुछ	Pron
wheat	गेहूँ	N
wheedle	किसीकोमनाना	V
wheel	पहिया	N
wheel	पहियोंपरलेजाना	VTI
wheel_chair	पहियेदारकुर्सी	N
wheelbarrow	एकपहियेकीठेलागाड़ी	N
wheelchair	पहियेदारकुर्सी	N
wheeze	जोरजोरसेसाँसलेना	VI
whelk	खाद्यशंखमीन	N
whelp	पिल्ला	N
when	कब	Interro
when	जब; जिससमय	Rel Pron
when	जब	Conj
whence	कहाँसे	Adv
whenever	जबकभी	Adv
where	कहाँ	Interro
where	जिसस्थानपर	Rel Pron
whereabouts	ठिकाना	Adv
whereas	क्योंकि[प्रतिकूलता]	Conj
whereby	जिसकेद्वारा	Adv
wherein	जिसमें	Adv
whereupon	जिसपर	Adv
wherever	जहाँकहीं	Adv
wherewithal	धन	Pron
whet	उत्तेजितकरना	V
whether	कि; चाहें	Conj
whetstone	सिल्ली	N
whey	मट्ठा	N
which	जो	Rel Pron
which	कौनसा	Interro
which	जबकि	Conj
whichever	जोभी	Det/Pron
whiff	हल्कीगन्ध	N
while	उसअवधिमें; जबकि	Conj
while	काल	N
while	आरामसेसमयगुजारना	V
whim	कीतरंग	N
whimper	रूंरूंकरना	VT
whimsy	खिलवाड	N
whimsical	तरंगी	Adj
whine	कर्णभेदीआवाज; चीख	N
whine	कराहना	VT
whip	चाबुक; उपस्थितहोनेकेलिएलिखितआदेश	N
whip	चाबुकमारना; फेंटना; दिशाकीओरचलना; झटकेसेनिकालना	VTI
whipping	कोडोंकीमार	N
whipping boy	दूसरेकेअपराधकादण्डभोगनेवाला	N
whip-round	चन्दाकीअपील	N
whiplash	मेरुदण्डकीचोट{सिरकेझटकालगनेकेकारणलगी}	N
whipper snapper	मामूली{अपनेआपकोबहुतसमझनेवालायुवक}	N
whippet	छरहराकुत्ता	N
whir	शब्दकरतेहुएघूमना	VT
whirl	चक्कर; घटनाओंकाताँता{जल्दीजल्दीहोनेवाली}	N
whirl	चक्करखाना	VTI
whirligig	लट्टू	N
whirlpool	भँवर; तैरनेकास्थान{एकविशेषप्रकारकावविश्रामकरनेकागरमस्थान}	N
whirlwind	चक्रवात	N
whisk	फेंटनी	N
whisk	चुपकेसेहटालेना; फेंटना	VTI
whisker	गलमुच्छा	N
whisky	मदिरा	N
whisper	कानाफूसी	N
whisper	कानाफूसीकरना; पत्तियोंकेटकरानेकीआवाज	VTI
whispering campaign	बुराईकरतेचलेजाना	N
whistle	सीटी	N
whistle	सीटीबजाकरबुलाना	VTI
whistle-stop	छोटास्टेशन	N
whit	कण	N
white	सफेद; श्वेतरंग[कुल]; तीव्रउत्तेजना	Adj
whiten	सफेदकरना	V
whitewash	सफेदी	N
whitewash	सफेदीकरना	VT
whither	कहाँपर	Adv
whitsun	ईस्टरकेपश्चात्आनेवालेसातवेंरविवारसेसम्बन्धित	N
whittle	छीलना	VTI
whiz	सनसनाहट	N
whiz	सनसनाना	VT
whizz-kid	छोटीउम्रमेंकुशलतावयोग्यताप्राप्तव्यक्ति	N
who	कौन	Pron
whoever	जोकोई	Pron
whole	पूरा	Adj
whole	समस्त	N
wholehearted	उदार	Adj
wholesale	थोकबिक्री	N
wholesaler	थोकविक्रेता	N
wholesome	स्वास्थ्यकर	Adj
whom	किसे	Pron
whomsoever	जिसकिसीकोभी	Pron
whoop	चीख	N
whoop	चिल्लाना	VI
whooping cough	कुकुरखाँसी	N
whore	वेश्या	N
whorl	चक्राकारकाएकगोला	N
whose	जिसका	Rel Pron
whose	किसका	Interro
why	क्यों	Interro
wick	दीयेकीबत्ती	N
wicked	दुष्ट	Adj
wicker	खपच्ची	N
wickerwork	सींकोंयाडालीसेबनाहुआ	Adj
wicket	विकेट	N
wicket keeper	विकेटरक्षक	N
wicket gate	उपद्वार	N
wide	चौडा; विस्तृत; वहगेंदजोबल्लेबाजकीपहुँचकेबाहरहो	Adj
widely	पर्याप्तमात्रामें; विशालक्षेत्रमें	Adv
widespread	दूरदूरतकफैलाहुआ	Adj
widow	विधवा	N
widow	विधवाकरना	VT
widower	विधुर	N
width	चौड़ाई	N
wield	फिराना	VT
wife	पत्नी	N
wig	उपकेश	N
wigwam	अमरीकीआदिवासियोंकीझोपडी	N
wild	जंगली	Adj
wild	जंगल	N
wildcat	अचानक{शुरुकीहड़ताल}	Adj
wildness	जंगलीपन	N
wilderness	निर्जनप्रदेश	N
wildfowl	शिकारचिड़िया{कोईभीऐसीचिडियाजिसकाशिकारखेलकेरूपमेंकियाजाता}	N
wile	छलबल	N
wilful	स्वेच्छाचारी	Adj
will	होगा	AuxV
will	आत्मसंयम; अभिप्राय; अभिलाषा; वसीयत	N
will	चाहना	VTI
willing	उद्यत	Adj
willingly	स्वेच्छापूर्वक	Adv
willingness	इच्छानुकूलता	N
willow	बेंतकीतरहपतलीलचकदारडालीवालापेड़	N
wil-o'-the-wisp	हिलतीछाया{प्राकृतिकगैसकेजलनेकेहेतुगीलीजमीनपरदिखाईपडनेवालीअस्थिररोशनी}	N
wilt	मुर्झाना; निस्तेजपडजाना	V
wily	धूर्त	Adj
wimple	ननोंकाशिरोवस्त्र	N
win	जीतना	V
winner	जीतनेवाला	N
wince	दर्दअभिव्यक्तकरना	VT
winch	घिरनी	N
wind	हवा	N
wind	हँफाना	VT
wind	मोड़ना	VTI
windy	हवादार	Adj
winder	घुमानेवाला	N
windfall	हवासेगिरना	N
windlass	सामानउठानेकाउपकरण{रस्सीयाजंजीरसेचीजोंकोउठानेकाउपकरण}	N
windmill	पवनचक्की	N
window	खिड़की	N
windward	वायुकीओरका	Adj
windward	जिसदिशासेवायुचलतीहै	N
window dressing	दुकानकीप्रदर्शनकला	N
window pane	खिडकीकापल्ला	N
window sill	खिडकीकादासा	N
windpipe	श्वासनलिका.	N
windscreen	खिडकीमेलगापर्दा	N
wine	मदिरा; मदिरालय	N
wineglass	मदिरापीनेकागिलास	N
winery	शराबबनानेकास्थान	N
wing	पंख	N
wing	पंखलगाना	VT
winged	पंखोंसहित	Adj
wing commander	वायुसेनाअधिकारी	N
wing- nut	ढिबरी{जिसेअंगूठेसेदबायाजासकताहै}	N
wing span	पंखविस्तार	N
wink	आँखझुकाना	VT
winnow	फटकना	VT
winsome	मोहक	Adj
winter	जाड़ा	N
winter	जाड़ाकाटना	VI
wintry	शीतऋतुका	Adj
wipe	पौंछा	N
wipe	पौंछालगाना	VT
wire	तार	N
wire	तारसेबाँधना	VT
wireless	बिनातारका	N
wireless	बेतारकातारभेजना	VT
wiry	तारजैसा{पतलापरतन्दुरुस्त}	Adj
wisdom	ज्ञान	N
wise	ज्ञानी	Adj
wise	रीति	N
wish	इच्छा; आशीर्वाददेना	N
wish	इच्छाहोना[करना]; शुभकामनाकरना	VTI
wishful	अभिलाषी	Adj
wishy-washy	कमजोर	Adj
wisp	गुच्छा	N
wistful	उदास	Adj
wistfully	उत्कंठासे	Adv
wit	समझ; वाकपटुता	N
witty	हाजिरजवाब	Adj
witch	जादूगरनी	N
witchcraft	जादूगरी	N
witch-doctor	ओझा	N
with	केसाथ; से; केपास; केसाथसाथ; कीदिशामें; कबावजूद	Prep
withdraw	लौटालेना	VTI
withdrawal	वापसी	N
withdrawn	अमिलनसार	Adj
wither	मुर्झाना; क्षीणहोना	VTI
withers	स्कन्धभाग{घोड़ेका}	N
withhold	रोकरखना	VI
within	भीतर	Adv
within	केभीतर; कीसीमाकेअन्दर	Prep
without	बाहर	Adv
without	केबिना	Prep
withstand	सामनाकरना	VTI
witness	गवाही	N
witness	देखना	VTI
witty	परिहासयुक्त	Adj
wive	पत्नीबनाना	VTI
wizard	जादूगर	Adj
woe	शोक	N
woeful	शोकान्वित	Adj
wolf	भेड़िया	N
wolfhound	एकप्रकारकाशिकारीकुत्ता	N
woman	नारी	N
womanhood	स्त्रीस्वभाव	N
womankind	स्त्रीजाति	N
womb	गर्भाशय	N
womenfolk	नारीजाति	N
wonder	अचंभा	N
wonder	आश्चर्यकरना; जाननेकोउत्सुकहोना	VT
wonderful	अद्भुत	Adj
wont	अभ्यस्त	Adj
wont	स्वभाव	N
won't	नहीं करूँगा	Abbr:will not
woo	विवाहहेतुप्रार्थनाकरना.	VT
wood	लकडी	N
wooded	जंगली	Adj
wooden	लकड़ीका	Adj
woodland	वनप्रदेश	N
wood pulp	काठकीलुग्दी	N
wood block	लकडीकाटौल	N
woodcut	ठप्पा	N
woodcutter	लकडहारा	N
woodpecker	कठफोड़वा	N
woodshed	लकडीरखनेकाखुलास्थान	N
woodwind	काष्ठवाद्य	N
woody	जंगलसेभराहुआ	Adj
woodwork	लकडीसेबनीचीजें; काष्ठकर्म	N
woodworm	घुन	N
woof	कुत्तेकीभौंकनेकीआवाज	N
wool	ऊन	N
woollen	ऊनी	N
woolly	ऊनी	Adj
word	शब्द; कथन; वचन	N
word	शब्दोंमेंप्रकटकरना	VT
wording	शब्दोंमेंप्रकटकरना	N
word processor	वर्डप्रौसेसर{कम्प्यूटरपरभाषाकासंचयतथासंगठन}	N
word play	नोंकझोंक	N
work	काम; रचना; कार्य[भौतिक]	N
work	कामकरना	VT
workable	व्यावहारिक	Adj
workaholic	व्यक्तिजिसेसदाकामकरनेकीआदतहो	N
worker	कर्मचारी	N
workbench	कामकरनेकामेज	N
workbook	अभ्यासपुस्तिका	N
workforce	मजदूरसमुदाय{जिनकोकम्पनीमेंकिसीकार्यविशेषहेतुरखाजाताहै}	N
workingclass	मजदूरवर्ग	N
workload	कामकाबोझ	N
workman	श्रमिक	N
workmanship	कारीगरी	N
workmate	काममेंसाथरहनेवाला	N
workout	अभ्यास	N
workplace	कार्यस्थल	N
worksheet	{काम}लिखाहुआकागज	N
workshop	कारखाना{मरम्मतका}	N
workstation	कामकास्थान{विशेषरूपसेकम्प्यूटरसे}	N
worktop	कामकरनेकाफट्टा{रसोईमें}	N
world	विश्व	N
worldly	संसारी	Adj
world-beater	?	N
world-famous	विश्वविख्यात	N
world power	शक्तिशालीदेश	N
world war	विश्वयुद्ध	N
world-weary	विरक्त	Adj
worldwide	विश्वव्यापक	Adj
worldwide	विश्वव्यापी	Adv
worm	कीड़ा	N
worm	कीडेनिकालना	VI
wormy	कीटपूर्ण	Adj
worm-cast	कृमिकंचुक	N
wormeaten	घुना[हुआ]	Adj
wormwood	एकप्रकारकाकडुआपौधा	N
worn	फटाहुआ; थकाहुआ	Adj
worry	चिंता	N
worry	चिंतितहोना; परेशानकरना	VT
worrying	चिन्ताकारक	Adj
worse	औरभीबुरेप्रकारसे	Adv
worse	अधिकखराब	Adj
worse	औरबुरा	N
worship	पूजा	N
worsen	औरबुराहोना	V
worship	सम्मानकरना	VT
worst	सबसेबुरा	N
worst	जीतना	VT
worsted	अतिउत्तमऊनीधागा	N
worth	मूल्य	Adj
worth	मूल्य	N
worthless	मूल्यहीन	Adj
worthwhile	लाभप्रद	Adj
worthy	योग्य	Adj
worthy	माननीयव्यक्ति	N
would	होगा	V
wound	घाव	N
wound	घायलकरना	VT
wounded	घायलहुआ	Adj
wraith	प्रेतात्मा	N
wrangle	लड़ाई	N
wrangle	क्रोधसेझगड़ना	VT
wrap	लपेटना{कागज़आदिसे}	VT
wrapper	लपेटनेकाकागज	N
wrapping	लपेटन	N
wrath	क्रोध	Adj
wreak	बदलालेना	VT
wreath	फूलोंकाहार; छल्ला	N
wreathe	आच्छादित	V
wreck	नष्टहोना{जलपोतवायुयानआदि}.; रोगीव्यक्ति	N
wreck	नाशकरना	VTI
wreckage	नावआदिकाटूटना	N
wren	फुदकी	N
wrench	मरोड़; [भावनाओंको]ठेसपहुँचाना; नटबोल्टकसनेकाउपकरण	N
wrench	खींचलेना	VT
wrest	छीनलेना; मुश्किलसेप्राप्तकरना	VT
wrestle	कुश्ती; कडासंघर्ष	N
wrestle	कुश्तीकरना	VT
wrestler	कुश्तीगीर	N
wrestling	कुश्ती	N
wretch	अभागाव्यक्ति	N
wretched	अतिदुखी; खराब	Adj
wriggle	टेढेमेढेचलना	VTI
wriggle	कुलबुलाना; परिसर्पणगति	N
wring	मरोड़ना	VTI
wringer	निचोडमशीन	N
wringing wet	बहुतगीला	Adj
wrinkle	झुर्री; [अनौपचारिक]लाभदायकसुझाव	N
wrinkle	सिकुडजाना; शिकनपड़ना[डालना]	VT
wrist	कलाई	N
writ	न्यायिकआदेश{न्यायालयद्वाराअधिकारीकोकार्यवाहीकरनेयानकरनेकाआदेश}	N
write	लिखना; रचनाकरना	VT
write off	बट्टेखातेमेंडालना	PhrV
writer	लेखक	N
writer's cramp	माँसपेशियोंकीऐंठन{लगातारलिखनेसे}	N
writhe	कराहना	VT
writing	लेखन	N
wrong	गलत	Adj
wrong	गलतपूर्ण	Adv
wrong	गलती; त्रुटि; अन्याय	N
wrong	अन्यायकरना	VT
wrongdoer	अवैधकामकरनेवाला	N
wrongful	गलत	Adj
wrought	लाना	V
wrought	काबनाहुआ	Adj
wrought iron	पिटवाँलोहा	N
wry	व्यंग्यपूर्णहँसी; विकृत	Adj
xenophobia	विदेशी-द्वेष	N
xenon	एकप्रकारकारसायनिकपदार्थ	N
xerox	प्रतिलिपि	N
xerox	प्रतिलिपि	Adj
xerox	प्रतिलिपिनिकालना	V
xhosa	द.अफ्रीकाकीजनजाति	N
xmas	ईसामसीहकेजन्मदिनकाउत्सव	N
x-ray	एक्स-किरण	N
x-ray	एक्स-किरणसेफोटोनिकालना	V
xylophone	जलतरंगजैसावाद्य	N
yacht	नौका	N
yacht	नौकासैरकरना; उक्तनौकामेंजानायासैरकरना	VI
yachtsman	नाविक	N
yak	सुरागाय; एकजातिकाबैल	N
yahoo	असभ्य आदमी	N
yam	रतालू	N
yammer	विलपना; बडबडाना	VT
yap	भौँकना{छोटे कुत्तोँ का}; बकवास करना	VT
yard	गज़; आँगन; प्राँगण; पाल फैलाने का झँडा	N
yardstick	मानदण्ड; गज	N
yarn	किस्सासुनाना	V
yarn	सूत	N
yarrow	सहस्रपर्णी	N
yashmak	बुर्खा	N
yataghan	खंजर	N
yaw	विचलना	V
yaw	विचलन	N
yawl	छोटीनाव	N
yawn	जँभाईलेना	V
yawn	जँभाई; ऊँघना	N
yankee	अमरीकी{अनौपचारिक}	N
yank	झटककर खींचना	V
yang	ज्ञानी{चीन के दर्शनशास्त्र में}	N
yale	एक विशेष प्रकार का ताला	N
yack	बतियाना	V
ye	तुम{अनौपचारिक}	Pron
yea	हाँ	Adv
year	वर्ष	N
yearling	घोडा	N
yearn	इच्छाकरना	VTI
yearning	चाह	N
yeast	ख़मीर	N
yell	चिल्लाना	VI
yellow	पीलारंग	N
yellow	पीलाकरना	VTI
yellowish	पीलासा	Adj
yellow	मंगोली	N
yellow fever	पीतज्वर{एक प्रकार का बुखार}	N
yellow press	रोमांचकारी समाचारपत्र	N
yellowhammer	पीले रंग की पक्षी	N
yellow card	^	N
yellow line	^	N
yelp	चीख़	N
yelp	चीखना	V
yen	येन{जापान की मुद्रा}	N
yen	ललक	N
yen	ललकना	V
yeoman	भूमिधर; छोटाजमींदार	N
yes	हाँ	N
yes-man	जीहुजूरिया	N
yesterday	कलको	Adv
yesterday	कलकाबीतादिन	N
yesteryear	गतवर्ष	N
yet	अभीतक	Adv
yet	तोभी	Conj
yeti	हिममानव	N
yew	एकप्रकारकासदाहरापेड़	N
yield	उपज	N
yield	अधीनहोना	VI
yield	देना	VT
yielding	नर्म	Adj
yob	असभ्ययुवक	N
yodel	आलापना{स्विज़संगीत}	V
yodel	आलाप	N
yoga	योग	N
yogi	योगविशेषज्ञ	N
yoghurt	दही	N
yoke	जुआ	N
yoke	गुलामी; पराधीनता; दासता	N
yoke	नाथना	VTI
yokel	देहाती; गँवार	N
yolk	अंडेकापीलाभाग	N
yon	वहाँ; उधर	Adv
yon	वहाँका; उधरका	Adj
yonder	परेका	Adj
yonder	परे	Adv
yore	प्राचीनकाल	N
you	आप	Pron
young	कमउम्र; तरुण	Adj
young	बच्चा	N
younger	छोटा	Adj
youngster	लड़का	N
youngish	कमउम्रकासा	Adj
your	आपका	Pron
yours	आपका	Pron
yourself	तुमही	Refl Pron
youth	यौवन	N
youthful	जवान	Adj
yowl	हुआना; चीखना	V
yowl	हुआँ; चीख	N
yuan	चीनकीमुद्रा	N
yule	बड़ेदिनकाउत्सव	N
yummy	स्वादिष्ट{अनौपचारिक}	Adj
zany	सनकी	Adj
zap	बेहोश करना; नष्ट करना; तेज़ी से जाना	V
zeal	जोश	N
zealous	जोशीले	Adj
zealot	कट्टरपंथी	N
zealotry	कट्टरपन	N
zebra	ज़ेब्रा{अफ्रीका का धारीदार घोडा}	N
zebra crossing	ज़ेब्राक्रासिंग{सड़क का वह भाग जो सडक पार करने की सुविधा प्रदान करता है}	N
zeitgeist	युगचेतना	N
zen	जापान का बौद्ध धर्म	N
zenith	शिरोबिन्दु	N
zephyr	मन्द-मन्द पवन	N
zeppelin	बड़ा वायुयान{जर्मनी में बना}	N
zero	शून्य	N
zero	निशाना साधना; ध्यान केन्द्रित करना	V
zero hour	नियत समय{किसी कार्य को शुरू करने का}	N
zest	उत्साह; संतरे या नींबू के छिलके	N
zestful	उत्साहपूर्ण	Adj
zigzag	टेढ़ी-मेढ़ी लकीर; मोड	N
zigzag	टेढ़ा-मेढ़ा	Adj
zigzag	टेढ़ा-मेढ़ा चलना	V
zillion	{अनौपचारिक}असंख्य	N
zinc	जस्ता	N
zing	{अनौपचारिक}तेज़; ऊर्जा	N
zionism	यहूदी आन्दोलन जिसके सफल होने पर इजराइल की स्थापना हुई	N
zionist	यहूदी आन्दोलनकारी	N
zionist	यहूदी आन्दोलनकारी	Adj
zip	ज़िप{पर्स; पतलून आदि बंद करने केलिए जंजीर जैसा उपकरण}; सनसनी आवाज़	N
zip	ज़िप खोलना या बंद करना; बहुत तेज़ी से जाना	V
zip code	पिनकोड{अमरीका में}	N
zither	सितार जैसा वाद्य	N
zodiac	राशि चक्र	N
zombie	नीरस व्यक्ति; जादूचलित शव{कुछ अफ्रीकि धर्मों की प्रथा}	N
zone	क्षेत्र; मण्डल	N
zonal	क्षेत्रीय	Adj
zone	क्षेत्रों में विभाजित करना	V
zonked	बहुत थका हुआ	Adj
zoo	चिडियाघर	N
zoology	जीव-विज्ञान	N
zoologist	जीव-विज्ञानी	N
zoological	जीव-विज्ञान से संबंधित	Adj
zoom	बहुत तेज़ी से जाना	V
zoom	ज़ोर की आवाज़	N
zucchini	पौधे का गूदा जिसे सब्जी की तरह खाया जाता है	N
zulu	दक्षिणी अफ्रीका की जनजाती	N
hello	नमस्ते; हैलो	
hi	नमस्ते	
please	कृपया	
thanks	धन्यवाद	
thank you	धन्यवाद	
excuse me	माफ़ कीजिए	
okay	ठीक है	
see you	फिर मिलेंगे	
how are you	आप कैसे हैं	
good morning	सुप्रभात	
good night	शुभ रात्रि	
are	हैं	
wake up	जागना	
grandmother	दादी; नानी	
grandfather	दादा; नाना	