#NAME?	#NAME?
(1) (Japanese) maple	(1) (জাপানি) ম্যাপেল
(1) aunt; (2) middle-aged lady	(1) খালা; (2) মধ্যবয়সী মহিলা
(1) chapter; section; (2) medal	(1) অধ্যায়; বিভাগ (2) পদক
(1) coincidence; agreement; (2) conformity	(1) কাকতালীয়; চুক্তি (2) সামঞ্জস্য
(1) complete; completion; (2) perfection; accomplishment	(1) সম্পূর্ণ; সমাপ্তি; (2) পরিপূর্ণতা; সিদ্ধি
(1) connection; union; join; link; (2) changing trains	(1) সংযোগ; ইউনিয়ন যোগদান লিঙ্ক (2) ট্রেন পরিবর্তন
(1) dear; beloved; darling; (2) yearned for	(1) প্রিয়; প্রিয়; প্রিয়তম (2) জন্য আকুল
(1) defect; demerit; weak point; (2) disadvantage	(1) ত্রুটি; demerit দুর্বল পয়েন্ট; (2) অসুবিধা
(1) draft (beer); (2) raw; unprocessed	(1) খসড়া (বিয়ার); (2) কাঁচা; প্রক্রিয়াহীন
(1) farm (livestock); (2) pasture land; meadow; grazing land	(1) খামার (পশুসম্পদ); (2) চারণভূমি; তৃণভূমি; চারণভূমি
(1) flower arrangement	(1) ফুলের বিন্যাস
(1) gold; (2) gold general (shogi) (abbr)	(1) স্বর্ণ; (2) সোনার জেনারেল (শোগি) (abbr)
(1) horse; (2) promoted bishop (shogi)	(1) ঘোড়া; (2) পদোন্নতি বিশপ (শোগি)
(1) idea; notion; conception; (2) sense (e.g. of duty)	(1) ধারণা; ধারণা গর্ভধারণ; (2) বোধ (যেমন কর্তব্য)
(1) left and right; (2) influence; control; domination	(1) বাম এবং ডান; (2) প্রভাব; নিয়ন্ত্রণ আধিপত্য
(1) line; procession; (2) matrix (math)	(1) লাইন; মিছিল (2) ম্যাট্রিক্স (গণিত)
(1) mark; (2) symbol; (3) evidence	(1) চিহ্ন; (2) প্রতীক; (3) প্রমাণ
(1) mouse; rat; (2) dark gray; slate color	(1) মাউস; ইঁদুর (2) গাঢ় ধূসর; স্লেট রঙ
(1) on the other hand; (2) meanwhile; (3) only; simple; in turn	(1) অন্যদিকে; (2) এদিকে; (3) শুধুমাত্র; সহজ পালাক্রমে
(1) one day; (2) first of month	(1) একদিন; (2) মাসের প্রথম
(1) one object; one body; (2) what on earth?; really?; (3) generally	(1) একটি বস্তু; একটি শরীর; (2) পৃথিবীতে কি? সত্যিই?; (3) সাধারণত
(1) order; precedence; (2) circumstances; (3) immediate(ly)	(1) আদেশ; অগ্রাধিকার; (2) পরিস্থিতি; (3) অবিলম্বে
(1) organization; (2) structure; construction; (3) tissue; (4) system	(1) সংগঠন; (2) গঠন; নির্মাণ (3) টিস্যু; (4) সিস্টেম
(1) origin; original; (2) former	(1) উৎপত্তি; মূল (2) প্রাক্তন
(1) pine tree; (2) highest (of a three-tier ranking system)	(1) পাইন গাছ; (2) সর্বোচ্চ (একটি তিন-স্তরের র‌্যাঙ্কিং সিস্টেমের)
(1) player (in game); (2) team	(1) খেলোয়াড় (খেলায়); (2) দল
(1) remodeling; (2) modding (comp)	(1) পুনর্নির্মাণ; (2) মোডিং (কম্প)
(1) request; commission; dispatch; (2) dependence; trust	(1) অনুরোধ; কমিশন প্রেরণ (2) নির্ভরতা; বিশ্বাস
(1) seed; (2) material; (3) cause; source	(1) বীজ; (2) উপাদান; (3) কারণ; উৎস
(1) service; duty; (2) Buddhist religious services	(1) সেবা; কর্তব্য (2) বৌদ্ধ ধর্মীয় সেবা
(1) service; duty; business; responsibility; task; (2) Buddhist religious services	(1) সেবা; কর্তব্য ব্যবসা দায়িত্ব কাজ (2) বৌদ্ধ ধর্মীয় সেবা
(1) silver; silver coin; silver paint	(1) রূপা; রৌপ্য মুদ্রা; সিলভার পেইন্ট
(1) string; cord; (2) pimp	(1) স্ট্রিং; কর্ড (2) পিম্প
(1) strong point; merit; (2) advantage	(1) শক্তিশালী বিন্দু; যোগ্যতা (2) সুবিধা
(1) time; hour; (2) occasion; moment	(1) সময়; ঘন্টা (2) উপলক্ষ; মুহূর্ত
(1) to adopt (measure; proposal); (2) to pick (fruit)	(1) গ্রহণ করা (পরিমাপ; প্রস্তাব); (২) বাছাই করা (ফল)
(1) to appear; to attend (2) to exit	(1) উপস্থিত হওয়া; উপস্থিত হওয়া (2) প্রস্থান করা
(1) to appear; to come in sight; to become visible; (2) to express oneself	(1) উপস্থিত হওয়া; to come in sight; দৃশ্যমান হওয়া; (2) নিজেকে প্রকাশ করা
(1) to attach; to join; to add; to append	(1) সংযুক্ত করা; যোগদান করা; যোগ করা; সংযোজন করা
(1) to avoid (physical contact ); (2) to ward off; to avert	(1) এড়াতে (শারীরিক যোগাযোগ); (2) বন্ধ করা; এড়ানো
(1) to be finished; to be ready; by definition; (2) to be very drunk	(1) সমাপ্ত করা; প্রস্তুত হতে; সংজ্ঞা দ্বারা; (২) খুব মাতাল হওয়া
(1) to be fixed; (2) to abide; to stay (in the one place)	(1) স্থির করা; (2) মেনে চলা; থাকতে (এক জায়গায়)
(1) to breathe; (2) to tell (lies); (3) to vomit; to disgorge	(1) শ্বাস নেওয়া; (2) বলা (মিথ্যা); (3) বমি করা; বিচ্ছিন্ন করা
(1) to comprise; to account for; to make up (of); (2) to hold; to occupy	(1) গঠিত; to account for; to make up (of); (2) ধরে রাখা; দখল করা
(1) to cut well; to be sharp; (2) to break (off)	(1) ভাল কাটা; to be sharp; (2) ভাঙ্গা (বন্ধ)
(1) to date (someone) (2) to keep company	(1) তারিখ থেকে (কেউ) (2) সঙ্গে রাখা
(1) to disgrace; to dishonour; (2) to pollute; to contaminate; to soil; to make dirty; to stain	(1) অপমান করা; অসম্মান করা; (2) দূষিত করা; দূষিত করা; মাটিতে; নোংরা করা; দাগ দেওয়া
(1) to draw (water); to dip; to scoop; to pump	(1) আঁকা (জল); ডুব দেওয়া; স্কুপ করা; পাম্প করতে
(1) to drive; to pass through; (2) to evade; to hide; (3) to dive (into or under water); to go undergroun	(1) চালানো; মাধ্যমে পাস করা; (2) এড়ানো; লুকাতে; (3) ডুব দেওয়া (জলের মধ্যে বা নীচে); মাটির নিচে যেতে
(1) to govern; to manage; (2) to subdue	(1) শাসন করা; পরিচালনা করা; (2) বশীভূত করা
(1) to grow; to spring up; (2) to cut (teeth)	(1) হত্তয়া; to spring up; (২) কাটা (দাঁত)
(1) to invite; to ask; (2) to tempt; to lure; to induce	(1) আমন্ত্রণ জানানো; জিজ্ঞাসা করা; (2) প্রলুব্ধ করা; প্রলুব্ধ করা; প্ররোচিত করতে
(1) to open; to become empty; (2) to be less crowded	(1) খুলতে; খালি হওয়া; (২) কম ভিড় হওয়া
(1) to pull; to draw; to stretch; to drag; (2) to pull the ball (baseball)	(1) টানতে; আঁকা; প্রসারিত করা; টেনে আনতে (2) বল টানতে (বেসবল)
(1) to retreat; to recede; to withdraw	(1) পশ্চাদপসরণ; recede; প্রত্যাহার করা
(1) to see off; to farewell; (2) to escort; (3) to let pass	(1) বন্ধ দেখতে; বিদায় করা; (2) পাহারা দিতে; (3) পাস করতে দেওয়া
(1) to serve (food; etc.); (2) to fill up; (3) to prescribe	(1) পরিবেশন করা (খাদ্য; ইত্যাদি); (2) পূরণ করা; (3) বিহিত করা
(1) to serve; to fill a post; to serve under; to work (for)	(1) পরিবেশন করা; একটি পদ পূরণ করতে; অধীনে পরিবেশন করা; কাজ করতে (জন্য)
(1) to thrust; to strike; (2) to poke	(1) খোঁচা দেওয়া; আঘাত করা; (2) খোঁচা দেওয়া
(1) to wave; to shake; to swing; (2) to sprinkle; (3) to cast (actor); to allocate (work)	(1) তরঙ্গ করা; to shake; to swing; (2) ছিটিয়ে দেওয়া; (৩) অভিনয় করা (অভিনেতা); বরাদ্দ করা (কাজ)
(1) token; label; (2) ticket; (3) charm	(1) টোকেন; লেবেল (2) টিকিট; (3) মোহনীয়তা
(1) town; (2) street; road	(1) শহর; (2) রাস্তা; রাস্তা
(1) trace; tracks; mark; sign; (2) remains; ruins; (3) scar	(1) ট্রেস; ট্র্যাক চিহ্ন চিহ্ন (2) অবশেষ; ধ্বংসাবশেষ (3) দাগ
(1) used; second-hand; old	(1) ব্যবহৃত; দ্বিতীয় হাত; পুরাতন
(1) water level; (2) level; standard	(1) জল স্তর; (2) স্তর; মান
(1) weight; (2) heavyweight boxer	(1) ওজন; (2) হেভিওয়েট বক্সার
(1) wholly; entirely; completely; (2) not at all (with neg. verb)	(1) সম্পূর্ণরূপে; সম্পূর্ণরূপে; সম্পূর্ণরূপে; (2) মোটেই না (neg. ক্রিয়া সহ)
(I am) the tallest in the family.	(আমি) পরিবারের সবচেয়ে লম্বা।
(I) drink coffee every morning.	(আমি) প্রতিদিন সকালে কফি পান করুন।
(I) eat at a restaurant.	(আমি) একটি রেস্টুরেন্টে খাও।
(I) eat bread.	(আমি) রুটি খাও।
(I) go to Japan.	(আমি) জাপানে যান।
(I) watch a movie with a friend.	(আমি) বন্ধুর সাথে একটি সিনেমা দেখুন।
(It) is not Mike.	(এটি) মাইক নয়।
(a person) is in ...; stays at ...	(একজন ব্যক্তি) আছে ...; থাকে...
(a) joy; (a) delight; rapture; pleasure; gratification; rejoicing; congratulations; felicitations	(ক) আনন্দ; (ক) আনন্দ; অত্যাচার আনন্দ পরিতৃপ্তি আনন্দিত; অভিনন্দন; অভিনন্দন
(abbr) Friday	(abbr) শুক্রবার
(abbr) Tuesday	(abbr) মঙ্গলবার
(abbr) alarm-clock	(abbr) অ্যালার্ম-ঘড়ি
(at) any time; always; at all times; never (neg); whenever	(এ) যেকোনো সময়; সর্বদা; সব সময়ে; never (neg); যখনই
(ateji) (adv int) (uk) just a minute; a short time; a while; just a little; somewhat; easily; readily; rath	(ateji) (adv int) (uk) মাত্র এক মিনিট; একটি সংক্ষিপ্ত সময়; কিছুক্ষণ সামান্য; কিছুটা সহজে; সহজেই রথ
(ateji) (int) (uk) Congratulations!; an auspicious occasion!	(ateji) (int) (uk) অভিনন্দন!; একটি শুভ উপলক্ষ!
(audio) recording	(অডিও) রেকর্ডিং
(bank) savings	(ব্যাংক) সঞ্চয়
(by) chance; unexpectedly; suddenly	(by) সুযোগ; অপ্রত্যাশিতভাবে; হঠাৎ
(car) wheel	(গাড়ি) চাকা
(col) round trip; coming and going; return ticket	(col) রাউন্ড ট্রিপ; আসা এবং যাওয়া; ফিরতি টিকিট
(col) urine; piss	(কল) প্রস্রাব; প্রস্রাব
(consumer) prices	(ভোক্তা) দাম
(do something) early; fast	(কিছু করা) তাড়াতাড়ি; দ্রুত
(do something) late	(কিছু করতে) দেরী
(do something) oneself	(কিছু করা) নিজেকে
(enrolled) in school	(নথিভুক্ত) স্কুলে
(fine) art; the arts	(সূক্ষ্ম) শিল্প; শিল্পকলা
(flash of) lightning	(ফ্ল্যাশ অফ) বজ্রপাত
(flower) petal	(ফুল) পাপড়ি
(food is) terrible	(খাদ্য হল) ভয়ানক
(foot) race	(পা) জাতি
(giving) birth	জন্ম দেওয়া
(going) side by side; concurrent; abreast; at the same time	(যাচ্ছে) পাশাপাশি; সমবর্তী; abreast; একই সময়ে
(gram) subject	(গ্রাম) বিষয়
(hand) towel	(হাত) তোয়ালে
(hon) aunt	(hon) খালা
(hon) good; OK; all right; fine; very well; will do; may; can	(hon) ভাল; ঠিক আছে; ঠিক আছে; জরিমানা খুব ভাল; করবে; হতে পারে; পারে
(hon) look; inspection; try	(hon) চেহারা; পরিদর্শন; চেষ্টা করুন
(hon) to give; to confer	(hon) to give; প্রদান করা
(hon) to visit; to ask; to inquire	(hon) to visit; জিজ্ঞাসা করা; জিজ্ঞাসা করা
(honorable) father	(সম্মানিত) পিতা
(honorable) mother	(সম্মানিত) মা
(honorable) older brother	(সম্মানিত) বড় ভাই
(honorable) older sister	(সম্মানিত) বড় বোন
(honorable) wife	(সম্মানিত) স্ত্রী
(honorable) your husband	(সম্মানিত) তোমার স্বামী
(hum) (pol) seeing; look at	(হুম) (পল) দেখা; তাকান
(hum) to hear; to be told; to know	(হুম) শুনতে; বলা; জানতে
(hum) to know	(হুম) জানার জন্য
(human) life	(মানব) জীবন
(human) life (i.e. conception to death)	(মানুষ) জীবন (অর্থাৎ মৃত্যু থেকে গর্ভধারণ)
(humble) I; myself	(নম্র) আমি; নিজেকে
(humble) daughter	(নম্র) কন্যা
(humble) older brother	(নম্র) বড় ভাই
(humble) older sister	(নম্র) বড় বোন
(humble) siblings	(নম্র) ভাইবোন
(humble) son	(নম্র) পুত্র
(humble) to be called; to say	(নম্র) to be called; বলতে
(humble) to do	(নম্র) করতে
(humble) to go; to come	(নম্র) to go; আসতে
(humble) to look at	(নম্র) to look at
(humble) to say; to tell	(নম্র) বলা; বলতে
(humble) wife	(নম্র) স্ত্রী
(humble) younger sister	(নম্র) ছোট বোন
(in) charge	(ইন) চার্জ
(in) the evening sun; setting sun	(in) সন্ধ্যার সূর্য; অস্তগামী সূর্য
(informal) You (used by men towards women)	(অনানুষ্ঠানিক) আপনি (নারীদের প্রতি পুরুষদের দ্বারা ব্যবহৃত)
(it's a pity to waste) the effort	(এটি নষ্ট করার জন্য দুঃখজনক) প্রচেষ্টা
(logical) true; regular	(যৌক্তিক) সত্য; নিয়মিত
(male) (vulg) to eat	(male) (vulg) to eat
(measuring) ruler	(পরিমাপ) শাসক
(member of) political party	(সদস্য) রাজনৈতিক দলের
(my) father	(আমার) বাবা
(my) mother	(আমার) মা
(my) older brother	(আমার) বড় ভাই
(my) older sister	(আমার) বড় বোন
(n) (a) joy; (a) delight; rapture; pleasure; gratification; rejoicing; congratulations; felicitations	(n) (ক) আনন্দ; (ক) আনন্দ; অত্যাচার আনন্দ পরিতৃপ্তি আনন্দিত অভিনন্দন; অভিনন্দন
(n) alias; pseudonym; pen name	(n) উপনাম; ছদ্মনাম; কলম নাম
(n) broom	(n) ঝাড়ু
(n) transfer (trains; buses; etc.)	(n) স্থানান্তর (ট্রেন; বাস; ইত্যাদি)
(not so) much; (not) very	(এতটা) বেশি নয়; (না) খুব
(not) always; (not) necessarily; (not) all; (not) entirely	(না) সর্বদা; অগত্যা; (না) সব; (না) সম্পূর্ণরূপে
(not) at all	(না) মোটেও
(not) by any means	(না) কোনো উপায়ে
(not) particularly; nothing	(না) বিশেষভাবে; কিছুই না
(outward) looks; features; face; countenance; expression	(বাহ্যিক) চেহারা; বৈশিষ্ট্য; মুখ; মুখ অভিব্যক্তি
(personal) bankruptcy	(ব্যক্তিগত) দেউলিয়াত্ব
(phrase) sure; no mistaking it; for certain	(শব্দ) নিশ্চিত; কোন ভুল এটা; নিশ্চিতভাবে
(plant) bulb	(উদ্ভিদ) বাল্ব
(please) be sure to	(দয়া করে) নিশ্চিত হন
(please) look; (please) try to do	(দয়া করে) তাকান; (দয়া করে) করার চেষ্টা করুন
(polite) to eat	(শালীন) খাওয়া
(polite) to give	(শালীন) দিতে
(polite) your house	(ভদ্র) তোমার ঘর
(pt:) (n) (uk) tobacco (pt: tabaco); cigarettes	(pt:) (n) (uk) তামাক (pt: tabaco); সিগারেট
(pt:) (n) playing cards (pt: carta)	(pt:) (n) তাস খেলা (pt: কার্টা)
(religious) faith; belief; creed	(ধর্মীয়) বিশ্বাস; বিশ্বাস; ধর্ম
(rice) gruel	(ভাত) গ্রুয়েল
(river) basin	(নদী) অববাহিকা
(school) subject; curriculum; course	(বিদ্যালয়) বিষয়; পাঠ্যক্রম; অবশ্যই
(sl) meals; food	(sl) খাবার; খাদ্য
(sl) to embrace; to hug; to harbour; to entertain	(sl) আলিঙ্গন করা; আলিঙ্গন করা; to harbour; বিনোদন দিতে
(social) group; crowd; throng; mob; multitude	(সামাজিক) গোষ্ঠী; ভিড় ভিড় ভিড় ভিড়
(social) position; status	(সামাজিক) অবস্থান; অবস্থা
(someone honorable) is present/home	(সম্মানিত কেউ) উপস্থিত/বাড়ি
(someone's) daughter (polite)	(কারো) কন্যা (ভদ্র)
(someone) is gone; to disappear	(কেউ) চলে গেছে; অদৃশ্য হতে
(something) begins	(কিছু) শুরু হয়
(something) breaks	(কিছু) বিরতি
(something) closes	(কিছু) বন্ধ হয়
(something) drops	(কিছু) ফোঁটা
(something) ends	(কিছু) শেষ হয়
(something) goes off	(কিছু) বন্ধ হয়ে যায়
(something) opens	(কিছু) খোলে
(something) turns on	(কিছু) চালু হয়
(something/someone) comes back	(কিছু/কেউ) ফিরে আসে
(something/someone) separates; parts from	(কিছু/কেউ) আলাদা করে; থেকে অংশ
(sudden) change; reversal; turn-around; coming from behind (baseball)	(হঠাৎ) পরিবর্তন; বিপরীত; ঘুরে দাঁড়ানো; পিছন থেকে আসছে (বেসবল)
(sudden) evening shower (rain)	(হঠাৎ) সন্ধ্যায় ঝরনা (বৃষ্টি)
(taking) notes; copying	(গ্রহণ) নোট; অনুলিপি করা
(telephone) receiver	(টেলিফোন) রিসিভার
(term) paper	(টার্ম) কাগজ
(the) date	(the) তারিখ
(the) ground	(the) স্থল
(the) market (as a concept)	(the) বাজার (একটি ধারণা হিসাবে)
(the) whole; universal; wholly; general	(the) সমগ্র; সর্বজনীন সম্পূর্ণরূপে; সাধারণ
(tire) goes flat	(টায়ার) সমতল যায়
(train) conductor	(ট্রেন) কন্ডাক্টর
(tree) trunk	(বৃক্ষ) কাণ্ড
(v5r) to behead; to murder	(v5r) শিরশ্ছেদ করা; খুন করতে
(v5r; vi) to take the place of; to relieve; to be substituted for	(v5r; vi) এর স্থান নিতে; উপশম করা; জন্য প্রতিস্থাপিত করা
(v5s) to tear off; to peel off; to rip off	(v5s) ছিঁড়ে ফেলা; to peel off; ছিঁড়ে ফেলা
(v5u) to face; to go towards	(v5u) মুখোমুখি হওয়া; দিকে যেতে
(wasted) effort	(ব্যর্থ) প্রচেষ্টা
(what) on earth	(কি) পৃথিবীতে
(your) backing; assistance	(আপনার) সমর্থন; সাহায্য
(your) busy schedule	(আপনার) ব্যস্ত সময়সূচী
(your/her) husband	(আপনার/তার) স্বামী
(your/his) wife	(আপনার/তার) স্ত্রী
(your/his) wife (polite)	(আপনার/তার) স্ত্রী (ভদ্র)
(your/their) child (polite)	(আপনার/তাদের) সন্তান (ভদ্র)
-floor (counter); stories	- ফ্লোর (কাউন্টার); গল্প
-like; -looking; -looked	- মত; - খুঁজছেন; -দেখল
..., please.	..., অনুগ্রহ করে।
...for example	...উদাহরণস্বরূপ
...th floor	...ম তলা
...year student	...বর্ষের ছাত্র
...years old	... বছর বয়সী
...yen	...ইয়েন
1.  (iron) hammer; 2.  punishment	1. (লোহা) হাতুড়ি; 2. শাস্তি
1.  (uk) between meal snack; afternoon refreshment; afternoon tea; 2.  mid-day snack	1. (ইউকে) খাবারের জলখাবার মধ্যে; বিকেলের রিফ্রেশমেন্ট; বিকেলের চা; 2. মধ্য দিনের জলখাবার
1.  a discount; a prize; 2.  something additional; bonus; an extra; 3.  an exaggeration	1. একটি ছাড়; একটি পুরস্কার; 2. অতিরিক্ত কিছু; বোনাস একটি অতিরিক্ত; 3. একটি অতিরঞ্জন
1.  angle; 2.  bishop (shogi)	1. কোণ; 2. বিশপ (শোগি)
1.  details; whole story; sequence of events; particulars; how it started; how things got this way; 2.  c	1. বিস্তারিত; পুরো গল্প; ঘটনার ক্রম; বিবরণ এটা কিভাবে শুরু হয়েছে; কিভাবে জিনিষ এই ভাবে হয়েছে; 2. গ
1.  one copy  e.g. of a document; 2.  a part; partly; some	1. এক কপি যেমন একটি নথির; 2. একটি অংশ; আংশিকভাবে কিছু
1.  several; various; divergent; conflicting; different; diverse; 2.  trivial	1. বেশ কয়েকটি; বিভিন্ন divergent; বিরোধপূর্ণ ভিন্ন বিভিন্ন 2. তুচ্ছ
1.  strange; quaint; stylish; chic; spicy; queer; witty; tasty; romantic; 2.  2nd in rank; second sign of the	1. অদ্ভুত; বিচিত্র আড়ম্বরপূর্ণ; চটকদার; মশলাদার অদ্ভুত বিদগ্ধ সুস্বাদু রোমান্টিক 2. র্যাঙ্কে 2য়; এর দ্বিতীয় চিহ্ন
1.  to hang (something) on (something); to throw on (clothes); 2.  to hook; to catch; to trap; to ensnar	1. (কিছু) উপর (কিছু) ঝুলানো; to throw on ( কাপড় ); 2. হুক করা; ধরা; ফাঁদে ফেলা; ensnar
10; ten	10; দশ
10th	দশম
10th (of the month)	10 তম (মাসের)
10th day / ten days	দশম দিন / দশ দিন
11th	11 তম
12th	12তম
13th	13তম
14th	14তম
14th of the month	মাসের 14 তারিখ
15th	15 তম
16th	16 তম
17th	17 তম
18th	18 তম
19th	19তম
1st	১ম
1st day of the month	মাসের ১ম দিন
1st of the month	মাসের ১ম
20 years old; 20th year	20 বছর বয়সী; 20 তম বছর
20th	20তম
20th day of the month	মাসের 20 তম দিন
20th of the month	মাসের 20 তারিখ
21st	21 তম
22nd	22 তম
23rd	23তম
24th	24 তম
24th of the month	মাসের 24 তারিখ
25th	25তম
26th	26 তম
27th	27 তম
28th	28 তম
29th	29তম
2nd	২য়
2nd day / two days	২য় দিন/দুই দিন
2nd of the month	মাসের ২য়
3 p.m.	বিকাল ৩টা
30th	30 তম
30th of the month	মাসের 30 তারিখ
31st	31 তম
3rd	৩য়
3rd day / three days	৩য় দিন/তিন দিন
3rd of the month	মাসের ৩য় তারিখ
4th	৪র্থ
4th day / four days	৪র্থ দিন/চার দিন
4th of the month	মাসের 4 তারিখ
5th	৫ম
5th day / five days	৫ম দিন/পাঁচ দিন
5th of the month	মাসের ৫ তারিখ
60th birthday	60তম জন্মদিন
6th	৬ষ্ঠ
6th day / six days	৬ষ্ঠ দিন/ছয় দিন
6th of the month	মাসের ৬ তারিখ
7th	৭ম
7th (of the month)	৭ম (মাসের)
7th day / seven days	৭ম দিন/সাত দিন
8th	8তম
8th day / eight days	অষ্টম দিন / আট দিন
8th of the month	মাসের 8 তারিখ
9 a.m.	সকাল ৯টা
9th	9তম
9th day / nine days	নবম দিন/নয় দিন
9th of the month	মাসের 9 তারিখ
A car is faster than a bicycle.	একটি গাড়ি একটি সাইকেলের চেয়ে দ্রুত।
A car is parked in front of the house.	বাড়ির সামনে একটা গাড়ি দাঁড় করানো আছে।
A cat is bigger than a rabbit.	একটি বিড়াল একটি খরগোশের চেয়ে বড়।
A massage helps my back.	একটি ম্যাসেজ আমার পিছনে সাহায্য করে।
A storm is coming.	একটা ঝড় আসছে।
A train is stopped at the station.	স্টেশনে একটি ট্রেন থামানো হয়।
A.M.	এ.এম.
AIDS	এইডস
AM (also means morning)	AM (এছাড়াও মানে সকাল)
Act (law: the X Act)	আইন (আইন: এক্স অ্যাক্ট)
After I eat, I'll go out.	আমি খাওয়ার পর বাইরে যাবো।
After listening to music, I study.	গান শোনার পর পড়াশোনা করি।
After she had left, I felt sad.	সে চলে যাওয়ার পর আমার মন খারাপ হয়ে গেল।
After the bank, go past the park. The museum is on your right.	ব্যাঙ্কের পরে, পার্কের পাশ দিয়ে যান। জাদুঘরটি আপনার ডানদিকে।
After washing my hands, I ate.	হাত মুখ ধুয়ে খেয়ে নিলাম।
Am I late for the meeting?	আমি কি মিটিং এর জন্য দেরী করেছি?
America	আমেরিকা
American person	আমেরিকান ব্যক্তি
An apple a day keeps the doctor away.	প্রতিদিন একটি আপেল ডাক্তারকে দূরে রাখে।
An apple is good for health.	একটি আপেল স্বাস্থ্যের জন্য ভালো।
Any plans next month?	আগামী মাসে কোন পরিকল্পনা?
Any student can answer this.	যে কোন ছাত্র এর উত্তর দিতে পারবে।
Anyone can learn to cook.	যে কেউ রান্না শিখতে পারে।
Anyone, regardless of gender, can participate.	যে কেউ, লিঙ্গ নির্বিশেষে, অংশগ্রহণ করতে পারেন.
Anything to eat with that?	এর সাথে কিছু খেতে হবে?
Apple	আপেল
April	এপ্রিল
Are they coming today?	তারা কি আজ আসছে?
Are we going to be late?	আমরা কি দেরী করতে যাচ্ছি?
Are we meeting at five?	আমরা কি পাঁচটায় দেখা করছি?
Are we on time?	আমরা কি সময়মত?
Are you a teacher?	আপনি কি একজন শিক্ষক?
Are you checking any bags today?	আপনি কি আজ কোনো ব্যাগ চেক করছেন?
Are you coming with us?	আপনি কি আমাদের সাথে আসছেন?
Are you free tomorrow?	তুমি কি কাল ফ্রি?
Are you from Japan?	আপনি কি জাপান থেকে এসেছেন?
Are you going to come to the meeting?	আপনি কি মিটিং এ আসতে যাচ্ছেন?
Are you going to tell her the truth?	আপনি কি তাকে সত্য বলতে যাচ্ছেন?
Are you okay?	তুমি ঠিক আছো?
Are you ready to go?	আপনি যেতে প্রস্তুত?
Are you ready to order?	আপনি অর্ডার করতে প্রস্তুত?
As for cats, I like them.	বিড়ালদের জন্য, আমি তাদের পছন্দ করি।
As for next week, I will rest.	আগামী সপ্তাহে আমি বিশ্রাম নেব।
As for next year, I will go to Japan.	আগামী বছর আমি জাপানে যাব।
As for today, it's sunny.	আজকের জন্য, এটা রোদ.
As for yesterday, I went shopping.	গতকালের মতো, আমি কেনাকাটা করতে গিয়েছিলাম।
As time passes, I end up forgetting.	সময়ের সাথে সাথে আমি ভুলে যাই।
As your senior, let me say one word.	আপনার সিনিয়র হিসাবে, আমাকে একটি কথা বলতে দিন।
Asian studies	এশিয়ান স্টাডিজ
At 8 PM I will be watching the match.	রাত ৮টায় আমি ম্যাচ দেখব।
At no point did he admit his mistake.	কোনো সময়েই নিজের ভুল স্বীকার করেননি।
August	আগস্ট
Australia	অস্ট্রেলিয়া
Autumn is cool.	শরৎ শীতল।
Ball	বল
Be careful!	সাবধান!
Before he arrived, we had finished eating.	তিনি আসার আগেই আমরা খাওয়া শেষ করে ফেলেছিলাম।
Bon dance (Japanese traditional dance)	বন নাচ (জাপানি ঐতিহ্যবাহী নাচ)
Breakfast is served from 7 to 9 in the first-floor restaurant.	প্রথম তলার রেস্তোরাঁয় সকালের নাস্তা 7 থেকে 9 পর্যন্ত পরিবেশন করা হয়।
Britain	ব্রিটেন
Buddha; merciful person; Buddhist image; the dead	বুদ্ধ; করুণাময় ব্যক্তি; বৌদ্ধ মূর্তি; মৃত
Buddhist karma; actions committed in a former life	বৌদ্ধ কর্মফল; প্রাক্তন জীবনে প্রতিশ্রুতিবদ্ধ কর্ম
Buddhist priest; monk	বৌদ্ধ পুরোহিত; সন্ন্যাসী
Buddhist temple	বৌদ্ধ মন্দির
By 2028 I will have graduated.	2028 সালের মধ্যে আমি স্নাতক হয়ে যাব।
By 2030, I will have graduated.	2030 সালের মধ্যে, আমি স্নাতক হয়ে যাব।
By 9 PM we will have watched the whole series.	রাত 9 টার মধ্যে আমরা পুরো সিরিজটি দেখব।
By card, please.	কার্ড দ্বারা, দয়া করে.
By next month we will have saved enough.	আগামী মাসের মধ্যে আমরা যথেষ্ট সঞ্চয় করব।
By the end of the year, we will have visited five countries.	বছরের শেষ নাগাদ আমরা পাঁচটি দেশ সফর করব।
By the rules it's not allowed, but in practice you can.	নিয়ম অনুসারে এটি অনুমোদিত নয়, তবে অনুশীলনে আপনি এটি করতে পারেন।
By the time I woke up, everyone had left.	আমার ঘুম ভাঙার আগেই সবাই চলে গেছে।
By the time you arrive, we will have eaten.	আপনি আসার সময় আমরা খেয়ে ফেলব।
By then, I will have forgotten his name.	ততক্ষণে আমি তার নাম ভুলে যাব।
By then, he will be driving home.	ততক্ষণে সে গাড়ি চালিয়ে বাড়ি চলে যাবে।
By this time next year, I will have changed my job.	পরের বছর এই সময়ের মধ্যে, আমি আমার চাকরি পরিবর্তন করব।
CD	সিডি
California	ক্যালিফোর্নিয়া
Call an ambulance!	একটি অ্যাম্বুলেন্স কল!
Call me when you're free.	আপনি ফ্রি হলে আমাকে কল করুন.
Call the police!	পুলিশ ডাকো!
Can I ask a favor?	আমি কি একটা উপকার করতে পারি?
Can I borrow some money?	আমি কি কিছু টাকা ধার করতে পারি?
Can I change rooms?	আমি কি রুম পরিবর্তন করতে পারি?
Can I come in?	আমি কি ভিতরে আসতে পারি?
Can I exchange it?	আমি কি এটা বিনিময় করতে পারি?
Can I get a map?	আমি একটি মানচিত্র পেতে পারি?
Can I get a receipt?	আমি কি একটি রসিদ পেতে পারি?
Can I get this to go?	আমি যেতে এটা পেতে পারি?
Can I have some water?	আমি কিছু জল পেতে পারি?
Can I leave my bags here?	আমি কি এখানে আমার ব্যাগ রেখে যেতে পারি?
Can I leave my luggage?	আমি কি আমার লাগেজ ছেড়ে যেতে পারি?
Can I park here?	আমি কি এখানে পার্ক করতে পারি?
Can I pay by card on the bus?	আমি কি বাসে কার্ডের মাধ্যমে অর্থ প্রদান করতে পারি?
Can I pay by card?	আমি কি কার্ডের মাধ্যমে পেমেন্ট করতে পারি?
Can I return it?	আমি কি এটা ফেরত দিতে পারি?
Can I return this?	আমি কি এটা ফেরত দিতে পারি?
Can I take a message?	আমি একটি বার্তা নিতে পারি?
Can I take it to go?	আমি যেতে নিতে নিতে পারি?
Can I take photos here?	আমি কি এখানে ছবি তুলতে পারি?
Can I try this on?	আমি কি এই চেষ্টা করতে পারি?
Can I use a credit card?	আমি কি ক্রেডিট কার্ড ব্যবহার করতে পারি?
Can I use this ticket?	আমি কি এই টিকিট ব্যবহার করতে পারি?
Can I use your phone?	আমি কি আপনার ফোন ব্যবহার করতে পারি?
Can she cook?	সে রান্না করতে পারে?
Can we pay by card?	আমরা কি কার্ডের মাধ্যমে পেমেন্ট করতে পারি?
Can we play here?	আমরা এখানে খেলতে পারি?
Can we see the menu?	আমরা মেনু দেখতে পারি?
Can you call a taxi?	আপনি একটি ট্যাক্সি কল করতে পারেন?
Can you come to my birthday?	তুমি কি আমার জন্মদিনে আসতে পারবে?
Can you come tomorrow?	কাল আসতে পারবে?
Can you eat spicy food?	আপনি মশলাদার খাবার খেতে পারেন?
Can you explain it simply?	আপনি এটা সহজভাবে ব্যাখ্যা করতে পারেন?
Can you fix it, please?	আপনি এটা ঠিক করতে পারেন, দয়া করে?
Can you fix it?	আপনি এটা ঠিক করতে পারেন?
Can you hear that noise?	তুমি কি সেই আওয়াজ শুনতে পাও?
Can you help me with this box?	আপনি কি আমাকে এই বাক্সে সাহায্য করতে পারেন?
Can you help me, please?	আপনি আমাকে সাহায্য করতে পারেন, দয়া করে?
Can you recommend a pharmacy?	আপনি একটি ফার্মেসি সুপারিশ করতে পারেন?
Can you see it?	আপনি এটা দেখতে পারেন?
Can you show me on the map?	আপনি আমাকে মানচিত্রে দেখাতে পারেন?
Can you speak Japanese?	আপনি জাপানি বলতে পারেন?
Can you speak in English?	আপনি ইংরেজিতে কথা বলতে পারেন?
Can you speak more slowly?	আপনি আরো ধীরে ধীরে কথা বলতে পারেন?
Can you swim?	আপনি সাঁতার কাটতে পারেন?
Can you wait a moment?	আপনি একটি মুহূর্ত অপেক্ষা করতে পারেন?
Can you watch my bag?	আপনি আমার ব্যাগ দেখতে পারেন?
Canada	কানাডা
Cat	বিড়াল
Cats like milk.	বিড়াল দুধ পছন্দ করে।
Certainly.	অবশ্যই।
Cheers!	চিয়ার্স!
Cheers! (a toast)	চিয়ার্স! (একটি টোস্ট)
Chicago	শিকাগো
Children's Day	শিশু দিবস
China	চীন
Chinese Character-Japanese (e.g. dictionary)	চীনা অক্ষর-জাপানিজ (যেমন অভিধান)
Chinese character	চীনা চরিত্র
Chinese word; Sino-Japanese word	চীনা শব্দ; চীন-জাপানি শব্দ
Choose any color.	যেকোন রঙ বেছে নিন।
Christian Era; anno domini (A.D.)	খ্রিস্টীয় যুগ; অ্যানো ডোমিনি (এডি)
Christmas	বড়দিন
Coffee and cake, please.	কফি এবং কেক, দয়া করে.
Coffee is grown in Brazil.	ব্রাজিলে কফি জন্মে।
Coffee, please.	কফি, দয়া করে.
Come here, please.	এখানে আসুন, দয়া করে.
Come into the kitchen.	রান্নাঘরে আয়।
Congratulations on graduating!	স্নাতক হওয়ার জন্য অভিনন্দন!
Congratulations on your wedding!	আপনার বিবাহের জন্য অভিনন্দন!
Congratulations!	অভিনন্দন!
Congratulations.	অভিনন্দন।
Constitution Day	সংবিধান দিবস
Could I borrow your pen?	আমি কি আপনার কলম ধার করতে পারি?
Could I change my room?	আমি কি আমার রুম পরিবর্তন করতে পারি?
Could I get a coffee, please?	আমি কি একটি কফি পেতে পারি, দয়া করে?
Could I have a receipt?	আমি কি একটি রসিদ পেতে পারি?
Could we have the bill, please?	আমরা বিল পেতে পারি, দয়া করে?
Could you call a cab for me?	আপনি কি আমার জন্য একটি ক্যাব ডাকতে পারেন?
Could you open the window, please?	আপনি কি জানালা খুলতে পারেন, দয়া করে?
Could you pass the salt?	আপনি লবণ পাস করতে পারেন?
Could you say that again?	আপনি কি আবার বলতে পারেন?
Could you show me the way?	আপনি কি আমাকে পথ দেখাতে পারেন?
Could you speak a little slower?	আপনি কি একটু ধীরে কথা বলতে পারেন?
Could you speak up, please?	আপনি কথা বলতে পারেন, দয়া করে?
Could you wrap it, please?	আপনি এটা মোড়ানো যাবে, দয়া করে?
Could you write it down?	আপনি এটা লিখতে পারে?
Count me in!	আমাকে গণনা করুন!
Cover your mouth when you cough.	কাশির সময় মুখ ঢেকে রাখুন।
Culture Day	সংস্কৃতি দিবস
DVD	ডিভিডি
December	ডিসেম্বর
Dial the emergency number.	জরুরি নম্বর ডায়াল করুন।
Did she finish her work?	সে কি তার কাজ শেষ করেছে?
Did she pass the exam?	সে কি পরীক্ষায় পাস করেছে?
Did they come yesterday?	তারা কি গতকাল এসেছিল?
Did we miss the bus?	আমরা কি বাস মিস করেছি?
Did you call me?	তুমি কি আমাকে ফোন করেছিলে?
Did you enjoy the movie?	আপনি কি সিনেমা উপভোগ করেছেন?
Did you enjoy the trip?	আপনি ট্রিপ উপভোগ করেছেন?
Did you get my message?	তুমি কি আমার বার্তা পেয়েছ?
Did you have a good weekend?	আপনি একটি ভাল সপ্তাহান্ত আছে?
Did you have breakfast?	তুমি কি নাস্তা করেছ?
Did you see that movie?	আপনি কি সেই সিনেমা দেখেছেন?
Diet building	ডায়েট বিল্ডিং
Diet; congress; parliament	আহার; কংগ্রেস; সংসদ
Do they live here?	তারা কি এখানে থাকে?
Do we have class today?	আজ কি আমাদের ক্লাস আছে?
Do we have enough money?	আমাদের কি যথেষ্ট টাকা আছে?
Do we have to sign here?	আমাদের কি এখানে স্বাক্ষর করতে হবে?
Do we need more chairs?	আমাদের কি আরও চেয়ার দরকার?
Do you deliver?	আপনি কি বিলি করবেন?
Do you have a bigger size?	আপনি একটি বড় আকার আছে?
Do you have a city map?	আপনি একটি শহরের মানচিত্র আছে?
Do you have a lighter?	আপনি একটি লাইটার আছে?
Do you have a pen?	তোমার কি কলম আছে?
Do you have a pet?	আপনি একটি পোষা আছে?
Do you have a phone charger?	আপনি একটি ফোন চার্জার আছে?
Do you have any brothers?	তোমার কি কোন ভাই আছে?
Do you have any idea?	আপনি কোন ধারণা আছে?
Do you have any news?	তোমার কোন খবর আছে?
Do you have any opinions regarding this plan?	এই পরিকল্পনা সম্পর্কে আপনার কোন মতামত আছে?
Do you have any pets?	আপনার কোন পোষা প্রাণী আছে?
Do you have any questions?	আপনার কোন প্রশ্ন আছে?
Do you have change for a twenty?	আপনি একটি বিশ জন্য পরিবর্তন আছে?
Do you have change?	আপনার কি পরিবর্তন আছে?
Do you have dessert?	আপনার কি ডেজার্ট আছে?
Do you have money?	আপনার টাকা আছে?
Do you have my size?	আপনি কি আমার আকার আছে?
Do you have this dictionary?	আপনি এই অভিধান আছে?
Do you have time?	তোমার কি সময় আছে?
Do you have to wear a uniform?	আপনি একটি ইউনিফর্ম পরতে হবে?
Do you like playing games?	আপনি গেম খেলতে পছন্দ করেন?
Do you like ramen?	আপনি কি রামেন পছন্দ করেন?
Do you like tea?	আপনি কি চা পছন্দ করেন?
Do you mind waiting a moment?	আপনি কি কিছুক্ষণ অপেক্ষা করতে আপত্তি করেন?
Do you read the newspaper?	আপনি কি খবরের কাগজ পড়েন?
Do you smoke?	আপনি কি ধূমপান করেন?
Do you speak English?	আপনি কি ইংরেজি বলতে পারেন?
Do you take credit cards?	আপনি কি ক্রেডিট কার্ড নেন?
Do you understand English?	আপনি কি ইংরেজি বোঝেন?
Do you want any tea?	আপনি কোন চা চান?
Do you want to go shopping?	আপনি কি কেনাকাটা করতে যেতে চান?
Does anyone speak English here?	কেউ কি এখানে ইংরেজি বলতে পারে?
Does he have my number?	তার কাছে কি আমার নাম্বার আছে?
Does he speak Hindi?	সে কি হিন্দিতে কথা বলে?
Does he work here?	সে কি এখানে কাজ করে?
Does she have a sister?	তার কি বোন আছে?
Does she like pizza?	সে কি পিজ্জা পছন্দ করে?
Does she speak French?	সে কি ফরাসি কথা বলে?
Does the bus go to the station?	বাস কি স্টেশনে যায়?
Does this bus go to Shinjuku?	এই বাস কি Shinjuku যায়?
Does this bus go to downtown?	এই বাস কি ডাউনটাউনে যায়?
Does your father drive?	তোমার বাবা কি গাড়ি চালায়?
Dog	কুকুর
Dogs are cute.	কুকুর সুন্দর.
Don't be late.	দেরি করবেন না।
Don't call at ten — I will be sleeping.	দশটায় ফোন দিও না—আমি ঘুমাবো।
Don't forget to lock the door.	দরজা লক করতে ভুলবেন না.
Don't panic.	আতঙ্কিত হবেন না।
Don't worry about it.	এটা নিয়ে চিন্তা করবেন না।
Don't worry, everything will be fine.	চিন্তা করবেন না, সবকিছু ঠিক হয়ে যাবে।
Drink lots of water and get some rest.	প্রচুর পানি পান করুন এবং বিশ্রাম নিন।
Drink plenty of water.	প্রচুর পানি পান করুন।
East and West; whole country	পূর্ব এবং পশ্চিম; সমগ্র দেশ
Eat healthy food.	স্বাস্থ্যকর খাবার খান।
Egg	ডিম
Emperor of Japan	জাপানের সম্রাট
English	ইংরেজি
English (language)	ইংরেজি (ভাষা)
English class is interesting.	ইংরেজি ক্লাস আকর্ষণীয়।
English conversation	ইংরেজি কথোপকথন
English is easier than Japanese.	ইংরেজি জাপানিদের চেয়ে সহজ।
English is spoken all over the world.	ইংরেজি সারা বিশ্বে বলা হয়।
English language	ইংরেজি ভাষা
English letter (character)	ইংরেজি অক্ষর (অক্ষর)
English-Japanese (e.g. dictionary)	ইংরেজি-জাপানিজ (যেমন অভিধান)
Enjoy your stay!	আপনার থাকার উপভোগ করুন!
Enjoy your visit!	আপনার দর্শন উপভোগ করুন!
Europe and America; the West	ইউরোপ এবং আমেরিকা; পশ্চিম
Even if I am free, I can't just sleep every day.	আমি ফ্রি থাকলেও প্রতিদিন ঘুমাতে পারি না।
Everyone danced a lot.	সবাই খুব নাচলেন।
Everyone must follow the rules.	সবাইকে নিয়ম মেনে চলতে হবে।
Everything is okay now.	এখন সবকিছু ঠিক আছে।
Excuse me for disturbing (interrupting) you	আপনাকে বিরক্ত করার জন্য (বাধা) ক্ষমা করবেন
Excuse me, please help me.	ক্ষমা করবেন, আমাকে সাহায্য করুন.
Excuse me, where is the restroom?	মাফ করবেন, বিশ্রামাগার কোথায়?
Excuse me..; Sorry to interrupt you.	মাফ করবেন..; আপনাকে বাধা দেওয়ার জন্য দুঃখিত।
Excuse me; I'm sorry	মাফ করবেন; আমি দুঃখিত
Excuse me?	মাফ করবেন?
Exercise keeps you fit.	ব্যায়াম আপনাকে ফিট রাখে।
Family comes first.	পরিবার প্রথমে আসে।
February	ফেব্রুয়ারি
Feeling tired, she went to bed early.	ক্লান্ত বোধ করে সে তাড়াতাড়ি বিছানায় গেল।
Fire!	আগুনের !
Fish	মাছ
Five friends came for me.	আমার জন্য পাঁচ বন্ধু এসেছিল।
Follow me!	আমাকে অনুসরণ করুন!
Follow me, it's this way.	আমাকে অনুসরণ করুন, এটা এই ভাবে.
For here or to go?	এখানে বা যাওয়ার জন্য?
For me, family comes first.	আমার জন্য, পরিবার সবার আগে আসে।
Foreign Minister	পররাষ্ট্রমন্ত্রী
Four eggs, please.	চারটি ডিম, প্লিজ।
Four pencils, please.	চার পেন্সিল, দয়া করে.
French fries	ফ্রেঞ্চ ফ্রাই
Friday	শুক্রবার
Friday (short)	শুক্রবার (সংক্ষিপ্ত)
From 9 o'clock.	9 টা থেকে।
From 9 to 5.	9 থেকে 5 পর্যন্ত।
From Monday to Friday.	সোমবার থেকে শুক্রবার পর্যন্ত।
Get out of here!	এখান থেকে যাও!
Get well soon.	তাড়াতাড়ি সুস্থ হয়ে উঠুন।
Glad to help.	সাহায্য করতে পেরে খুশি।
Go (board game of capturing territory)	যান (অঞ্চল দখলের বোর্ড গেম)
Go board	বোর্ডে যান
Go straight ahead.	সোজা এগিয়ে যান।
Goat	ছাগল
God	ঈশ্বর
Golden Week	গোল্ডেন উইক
Good afternoon	শুভ বিকাল
Good evening	শুভ সন্ধ্যা
Good evening!	শুভ সন্ধ্যা!
Good evening! Table for how many?	শুভ সন্ধ্যা! কতজনের জন্য টেবিল?
Good evening! Welcome to the Grand Hotel. Do you have a reservation?	শুভ সন্ধ্যা! গ্র্যান্ড হোটেলে স্বাগতম। আপনি একটি রিজার্ভেশন আছে?
Good evening.	শুভ সন্ধ্যা।
Good morning	শুভ সকাল
Good morning (polite)	শুভ সকাল (ভদ্র)
Good morning!	শুভ সকাল!
Good morning! May I see your passport and boarding pass?	শুভ সকাল! আমি কি আপনার পাসপোর্ট এবং বোর্ডিং পাস দেখতে পারি?
Good morning.	শুভ সকাল।
Good night	শুভ রাত্রি
Good night (polite)	শুভ রাত্রি (ভদ্র)
Good night!	শুভরাত্রি!
Good night.	শুভ রাত্রি।
Goodbye (for a long time)	বিদায় (দীর্ঘ সময়ের জন্য)
Had she known, she would have attended.	তিনি জানলে, তিনি উপস্থিত হতেন.
Had they ever visited this city?	তারা কি কখনও এই শহরে গিয়েছিলেন?
Had you ever been to Japan before?	আপনি কি আগে কখনো জাপানে গিয়েছিলেন?
Had you finished the report?	আপনি রিপোর্ট শেষ করেছেন?
Happy Diwali!	শুভ দীপাবলি!
Happy Eid!	শুভ ঈদ!
Happy New Year!	শুভ নববর্ষ!
Happy New Year.	শুভ নববর্ষ।
Happy birthday!	শুভ জন্মদিন!
Has he paid the bill?	তিনি কি বিল পরিশোধ করেছেন?
Has it been raining here?	এখানে কি বৃষ্টি হয়েছে?
Has she arrived?	সে কি এসেছে?
Hat	টুপি
Have a great flight!	একটি মহান ফ্লাইট আছে!
Have a nice day!	একটি সুন্দর দিন!
Have we met before?	আমরা কি আগে দেখা করেছি?
Have you already done your homework?	আপনি ইতিমধ্যে আপনার বাড়ির কাজ সম্পন্ন করেছেন?
Have you already eaten?	আপনি ইতিমধ্যে খেয়েছেন?
Have you been taking your medicine?	আপনি আপনার ঔষধ গ্রহণ করা হয়েছে?
Have you been waiting long?	আপনি কি দীর্ঘ অপেক্ষা করেছেন?
Have you eaten yet?	আপনি কি এখনো খেয়েছেন?
Have you ever been to Japan?	আপনি কি কখনো জাপানে গেছেন?
Have you ever been to London?	আপনি কি কখনো লন্ডনে গেছেন?
Have you finished work?	আপনি কি কাজ শেষ করেছেন?
Have you seen my glasses?	তুমি কি আমার চশমা দেখেছ?
Have you seen this movie?	আপনি এই সিনেমা দেখেছেন?
Have you taken anything for the fever?	জ্বরের জন্য কিছু নিয়েছেন?
He acts as if he were the king.	সে এমনভাবে কাজ করে যেন সে রাজা।
He agreed to help us.	তিনি আমাদের সাহায্য করতে রাজি হন।
He asked me to help him.	তিনি আমাকে সাহায্য করতে বললেন।
He asked me where I lived.	তিনি আমাকে জিজ্ঞাসা করলেন আমি কোথায় থাকি।
He ate all the food.	সে সব খাবার খেয়েছে।
He avoids eating junk food.	তিনি জাঙ্ক ফুড খাওয়া এড়িয়ে চলেন।
He bought a new phone.	তিনি একটি নতুন ফোন কিনেছেন।
He came down the hill.	সে পাহাড় থেকে নেমে এল।
He came home late.	বাড়ি ফিরতে দেরি করে।
He can run very fast.	সে খুব দ্রুত দৌড়াতে পারে।
He can't come to the party.	তিনি পার্টিতে আসতে পারবেন না।
He can't come today.	সে আজ আসতে পারবে না।
He couldn't answer the question.	সে প্রশ্নের উত্তর দিতে পারেনি।
He didn't call me back.	সে আমাকে ফিরে ডাকেনি।
He didn't come.	সে আসেনি।
He didn't eat any vegetables.	তিনি কোনো সবজি খাননি।
He didn't say anything.	সে কিছু বলল না।
He didn't use to like coffee.	তিনি কফি পছন্দ করতেন না।
He does nothing but play games.	সে গেম খেলা ছাড়া কিছুই করে না।
He doesn't earn much money.	সে বেশি টাকা রোজগার করে না।
He doesn't eat meat.	সে মাংস খায় না।
He doesn't have time.	তার সময় নেই।
He doesn't like coffee.	সে কফি পছন্দ করে না।
He doesn't smoke.	তিনি ধূমপান করেন না।
He drinks coffee in the afternoon.	সে বিকেলে কফি খায়।
He drove along the river.	তিনি নদীর ধারে গাড়ি চালান।
He drove to work this morning.	আজ সকালে তিনি কর্মস্থলে যান।
He eats a lot of rice.	সে অনেক ভাত খায়।
He fell off the bike.	বাইক থেকে পড়ে যান তিনি।
He finished writing the report.	রিপোর্ট লেখা শেষ করলেন।
He forgot to lock the door.	সে দরজা লক করতে ভুলে গেছে।
He had broken his leg before the race.	দৌড়ের আগেই পা ভেঙ্গে গিয়েছিল তার।
He had eaten before I got home.	আমি বাড়ি ফেরার আগেই সে খেয়ে ফেলেছে।
He had lost his wallet before the trip.	সফরের আগেই তার মানিব্যাগ হারিয়ে গেছে।
He had saved enough money for the trip.	তিনি ভ্রমণের জন্য যথেষ্ট অর্থ সঞ্চয় করেছিলেন।
He had to wait an hour.	এক ঘণ্টা অপেক্ষা করতে হয়েছে তাকে।
He has a car.	তার একটা গাড়ি আছে।
He has a fever today.	আজ তার জ্বর।
He has a new job.	তার একটা নতুন কাজ আছে।
He has a red car.	তার একটা লাল গাড়ি আছে।
He has been playing games all day.	সে সারাদিন গেম খেলছে।
He has been saving to buy a car.	তিনি একটি গাড়ি কেনার জন্য সঞ্চয় করেছেন।
He has been working out a lot.	তিনি অনেক পরিশ্রম করেছেন।
He has gone to the market.	সে বাজারে গেছে।
He has learned to drive.	সে গাড়ি চালানো শিখেছে।
He has never tried sushi.	তিনি কখনও সুশি চেষ্টা করেননি।
He has the most courage.	তার সবচেয়ে বেশি সাহস আছে।
He has three children.	তার তিনটি সন্তান রয়েছে।
He has to wear a uniform.	তাকে ইউনিফর্ম পরতে হবে।
He has worked here since March.	মার্চ মাস থেকে তিনি এখানে কাজ করছেন।
He hasn't called me yet.	সে এখনো আমাকে ডাকেনি।
He insisted on paying for dinner.	তিনি রাতের খাবারের জন্য অর্থ প্রদানের জন্য জোর দেন।
He is Indian.	তিনি ভারতীয়।
He is a teacher.	তিনি একজন শিক্ষক।
He is at the station.	সে স্টেশনে আছে।
He is going to study abroad.	সে বিদেশে পড়তে যাচ্ছে।
He is going to work hard this year.	এ বছর কঠোর পরিশ্রম করতে যাচ্ছেন তিনি।
He is more careful than his friend.	সে তার বন্ধুর চেয়ে বেশি যত্নশীল।
He is my best friend.	সে আমার সবচেয়ে ভালো বন্ধু।
He is my brother.	সে আমার ভাই।
He is not studying today.	আজ সে পড়াশুনা করে না।
He is older than me.	সে আমার থেকে বয়সে বড়।
He is sleeping in his room.	সে তার ঘরে ঘুমাচ্ছে।
He is smarter than he looks.	তিনি দেখতে যতটা না স্মার্ট।
He is supposed to come.	তার আসার কথা।
He is talking on the phone.	তিনি ফোনে কথা বলছেন।
He is the most hardworking student.	সে সবচেয়ে পরিশ্রমী ছাত্র।
He is the youngest in the family.	পরিবারের সবার ছোট সে।
He is very tall.	সে অনেক লম্বা।
He is younger than me.	সে আমার থেকে বয়সে ছোট।
He isn't going to help us.	তিনি আমাদের সাহায্য করতে যাচ্ছেন না.
He jumped into the pool.	সে পুকুরে ঝাঁপ দিল।
He kept talking during class.	ক্লাস চলাকালীন তিনি কথা বলতে থাকেন।
He lives near the station.	সে স্টেশনের কাছেই থাকে।
He looks busy.	তাকে ব্যস্ত দেখাচ্ছে।
He may be at home right now.	সে হয়তো এখন বাড়িতেই আছে।
He might be the new manager.	তিনি নতুন ম্যানেজার হতে পারেন।
He might know the answer.	সে হয়তো উত্তরটা জানে।
He might not agree with us.	তিনি আমাদের সাথে একমত নাও হতে পারেন।
He must know about that.	সে সম্পর্কে জানতে হবে।
He never eats breakfast.	সে কখনো সকালের নাস্তা খায় না।
He not only works late every night but also on weekends.	তিনি শুধু প্রতি রাতেই নয়, সাপ্তাহিক ছুটির দিনেও কাজ করেন।
He plays football on Sundays.	তিনি রবিবার ফুটবল খেলেন।
He put the money in his wallet.	টাকাটা মানিব্যাগে রাখলেন।
He ran out of the house.	দৌড়ে ঘর থেকে বেরিয়ে গেল।
He said he had lost his keys.	তিনি বলেন, তিনি তার চাবি হারিয়েছেন।
He said he had never been there.	তিনি বলেন, তিনি সেখানে কখনও ছিলেন না।
He said he was tired.	তিনি বলেন, তিনি ক্লান্ত।
He said he was very busy.	তিনি বলেন, তিনি খুব ব্যস্ত।
He said he would come.	সে আসবে বলেছে।
He said that he would come tomorrow.	সে বলল কাল আসবে।
He should apologize.	তার ক্ষমা চাওয়া উচিত।
He should see a dentist.	তাকে একজন ডেন্টিস্ট দেখাতে হবে।
He should stop smoking.	তার ধূমপান বন্ধ করা উচিত।
He shouldn't drive so fast.	তার এত দ্রুত গাড়ি চালানো উচিত নয়।
He stopped to buy some water.	পানি কিনতে থেমে গেল।
He threw the ball into the basket.	ঝুড়িতে বল ছুড়ে দিলেন।
He told me he would call later.	সে আমাকে বললো পরে ফোন করবে।
He told me the truth.	সে আমাকে সত্য বলেছে।
He told me to wait.	তিনি আমাকে অপেক্ষা করতে বললেন।
He took a taxi to the airport.	ট্যাক্সি নিয়ে এয়ারপোর্টে গেলেন।
He tried to open the window.	সে জানালা খোলার চেষ্টা করল।
He was given a reward.	তাকে পুরস্কার দেওয়া হয়।
He was invited to the party.	তাকে পার্টিতে আমন্ত্রণ জানানো হয়েছিল।
He was not paying attention.	সে পাত্তা দিচ্ছিল না।
He was reading a book.	তিনি একটি বই পড়ছিলেন।
He was running to catch the train.	ট্রেন ধরতে দৌড়াচ্ছিলেন।
He was waiting at the bus stop.	তিনি বাসস্টপে অপেক্ষা করছিলেন।
He went to the market.	সে বাজারে গেল।
He will be here soon.	শীঘ্রই তিনি এখানে আসবেন।
He will be waiting outside.	সে বাইরে অপেক্ষা করবে।
He will be working at that time.	সে সময় তিনি কাজ করবেন।
He will have left by now.	এতক্ষণে সে চলে যাবে।
He will have repaired the car before dinner.	রাতের খাবারের আগে তিনি গাড়িটি মেরামত করবেন।
He won't agree with you.	সে আপনার সাথে একমত হবে না।
He won't be angry with you.	সে তোমার উপর রাগ করবে না।
He won't be joining us for lunch.	তিনি আমাদের সাথে লাঞ্চে যোগ দেবেন না।
He won't have finished his homework yet.	সে এখনও তার বাড়ির কাজ শেষ করেনি।
He works in a bank.	তিনি একটি ব্যাংকে চাকরি করেন।
He works in an office.	তিনি একটি অফিসে কাজ করেন।
He would always tell funny stories.	তিনি সবসময় মজার গল্প বলতেন।
He would often sing in the shower.	তিনি প্রায়ই ঝরনা গান গাইতেন।
He's not available right now.	তিনি এই মুহূর্তে উপলব্ধ নেই.
Hearing that story, I couldn't help laughing.	গল্পটা শুনে আমি না হেসে পারলাম না।
Hello!	নমস্কার!
Hello, how are you?	হ্যালো, কেমন আছেন?
Hello, please take a seat. What seems to be the problem?	হ্যালো, একটি আসন গ্রহণ করুন. সমস্যা কি বলে মনে হচ্ছে?
Hello, this is Alex.	হ্যালো, এই অ্যালেক্স.
Hello.	হ্যালো।
Hello? (used on the phone)	হ্যালো? (ফোনে ব্যবহৃত)
Help!	সাহায্য!
Her name is Priya.	তার নাম প্রিয়া।
Her room is cleaner than mine.	তার রুম আমার চেয়ে পরিষ্কার.
Here is my passport.	এখানে আমার পাসপোর্ট.
Here it is.	এখানে এটা আছে.
Here we are. The airport!	এখানে আমরা। বিমানবন্দরটি !
Here you go. / Go ahead.	এখানে আপনি যান. / এগিয়ে যান।
Here's your boarding pass. Boarding starts at 9:30.	এই হল আপনার বোর্ডিং পাস বোর্ডিং শুরু হয় 9:30 এ।
Here's your cappuccino and muffin. Enjoy!	এই নিন আপনার ক্যাপুচিনো এবং মাফিন। উপভোগ করুন!
Here's your change.	এখানে আপনার পরিবর্তন.
Here's your fried rice. Enjoy!	এই নিন আপনার ফ্রাইড রাইস। উপভোগ করুন!
Hi there!	হাই সেখানে!
Hi there! Can I help you find something?	হাই সেখানে! আমি কি আপনাকে কিছু খুঁজে পেতে সাহায্য করতে পারি?
Hi! What can I get for you today?	হাই! আমি আজ আপনার জন্য কি পেতে পারি?
His car is very fast.	তার গাড়ি খুব দ্রুত।
How about another day?	আরেকটা দিন কেমন হবে?
How about this scarf? It comes in many colors.	এই স্কার্ফ সম্পর্কে কিভাবে? এটা অনেক রং আসে.
How about...?; How is...?	কেমনে...?; কেমন আছে...?
How are you?	কেমন আছেন?
How did you fix it?	আপনি কিভাবে এটা ঠিক করেছেন?
How do you do?	আপনি কিভাবে করবেন?
How do you get to work?	আপনি কিভাবে কাজ পেতে?
How do you go to school?	তুমি কিভাবে স্কুলে যাও?
How do you say it in Japanese?	আপনি জাপানি ভাষায় এটা কিভাবে বলেন?
How far is it from here?	এখান থেকে কত দূরে?
How long does it take?	এটা কতক্ষণ লাগে?
How long have we been waiting?	আমরা কতক্ষণ অপেক্ষা করছিলাম?
How long have you been learning Japanese?	আপনি কতদিন ধরে জাপানি ভাষা শিখছেন?
How many books do you have?	আপনার কত বই আছে?
How many brothers do you have?	তোমার কয় ভাই আছে?
How many children are in the park?	পার্কে কতজন শিশু আছে?
How many cylindrical objects?	নলাকার বস্তু কয়টি?
How many days will you stay?	কত দিন থাকবেন?
How many people are in your family?	আপনার পরিবারে কতজন লোক আছে?
How many people came?	কত লোক এসেছিল?
How many round objects?	গোলাকার বস্তু কয়টি?
How many sheets of paper, please?	কয়টি কাগজ, অনুগ্রহ করে?
How many thin/flat objects?	কয়টি পাতলা/সমতল বস্তু?
How many things?	কত জিনিস?
How much do you spend a month?	আপনি মাসে কত খরচ করেন?
How much does it cost?	এটার দাম কত?
How much does this come to?	এটা কত আসে?
How much for two?	দুজনের জন্য কত?
How much is the fare?	ভাড়া কত?
How much is the salary?	বেতন কত?
How much is this shirt?	এই শার্টের দাম কত?
How much is this?	এটা কত?
How much money do you have?	আপনার কত টাকা আছে?
How much money do you need?	আপনার কত টাকা লাগবে?
How much time do we have?	আমরা কত সময় আছে?
How much water is there?	কত জল আছে?
How much?	কত?
How old are you?	তোমার বয়স কত?
How was Christmas?	বড়দিন কেমন ছিল?
I	আমি
I (ego) (boastful first-person pronoun)	আমি (অহং) (অহংকারী প্রথম-ব্যক্তি সর্বনাম)
I (formal)	আমি (আনুষ্ঠানিক)
I (used by males)	আমি (পুরুষদের দ্বারা ব্যবহৃত)
I (used by men)	আমি (পুরুষদের দ্বারা ব্যবহৃত)
I agree with you.	আমি আপনার সাথে একমত.
I already ate.	আমি আগেই খেয়েছি।
I am Japanese.	আমি জাপানি।
I am Mike.	আমি মাইক
I am Tarou.	আমি তারু।
I am a student.	আমি একজন ছাত্র।
I am a teacher.	আমি একজন শিক্ষক।
I am an engineer.	আমি একজন প্রকৌশলী।
I am at school.	আমি স্কুলে আছি।
I am aware (humble)	আমি সচেতন (নম্র)
I am cooking.	আমি রান্না করছি।
I am dancing.	আমি নাচছি।
I am drinking coffee.	আমি কফি খাচ্ছি।
I am feeling better now.	আমি এখন ভালো বোধ করছি।
I am from India.	আমি ভারত থেকে এসেছি।
I am going to the market now.	আমি এখন বাজারে যাচ্ছি।
I am going to visit my grandparents.	আমি আমার দাদা-দাদির সাথে দেখা করতে যাচ্ছি।
I am going to visit my parents next week.	আমি আগামী সপ্তাহে আমার বাবা-মায়ের সাথে দেখা করতে যাচ্ছি।
I am heading to the airport.	আমি বিমানবন্দরের দিকে যাচ্ছি।
I am hungry.	আমি ক্ষুধার্ত
I am learning English.	আমি ইংরেজি শিখছি।
I am learning to drive.	আমি গাড়ি চালানো শিখছি।
I am married.	আমি বিবাহিত
I am not a teacher.	আমি একজন শিক্ষক নই।
I am not angry with you.	আমি তোমার উপর রাগ করি না।
I am not going to give up.	আমি হাল ছেড়ে দিতে যাচ্ছি না।
I am not listening to you.	আমি তোমার কথা শুনছি না।
I am not sure, ...	আমি নিশ্চিত নই,...
I am reading a book.	আমি একটা বই পড়ছি।
I am running.	আমি দৌড়াচ্ছি।
I am singing.	আমি গান গাইছি।
I am sitting on a chair.	আমি একটা চেয়ারে বসে আছি।
I am sleeping.	আমি ঘুমাচ্ছি।
I am standing.	আমি দাঁড়িয়ে আছি।
I am studying Japanese	আমি জাপানিজ অধ্যয়নরত
I am studying now.	আমি এখন পড়াশোনা করছি।
I am taking a shower now.	আমি এখন গোসল করছি।
I am taller than you.	আমি তোমার চেয়ে লম্বা।
I am thinking.	আমি ভাবছি।
I am thirsty.	আমি তৃষ্ণার্ত।
I am tired after work.	আমি কাজ শেষে ক্লান্ত।
I am tired today.	আমি আজ ক্লান্ত।
I am very happy today.	আজ আমি খুব খুশি।
I am waiting for a friend.	আমি একজন বন্ধুর জন্য অপেক্ষা করছি।
I am walking.	আমি হাঁটছি।
I am watching TV.	আমি টিভি দেখছি।
I am working right now.	আমি এখন কাজ করছি।
I am working.	আমি কাজ করছি।
I am...	আমি...
I arrived at the airport.	এয়ারপোর্টে পৌঁছে গেলাম।
I ask questions in class.	ক্লাসে প্রশ্ন করি।
I ask the teacher.	আমি শিক্ষককে জিজ্ঞাসা করি।
I ate breakfast.	আমি নাস্তা খেয়ে নিলাম।
I ate one apple.	আমি একটা আপেল খেয়েছি।
I ate ramen with a friend.	আমি এক বন্ধুর সাথে রমেন খেয়েছি।
I ate some rice for lunch.	দুপুরের খাবারে কিছু ভাত খেলাম।
I ate too much.	আমি খুব বেশি খেয়েছি।
I ate with my family.	পরিবারের সাথে খেয়েছি।
I ate with my senior.	আমি আমার সিনিয়রের সাথে খেয়েছি।
I beg your pardon; excuse me	আমি তোমার কাছে ক্ষমা প্রার্থনা করছি; মাফ করবেন
I borrow this book.	আমি এই বই ধার.
I bought a bag.	আমি একটা ব্যাগ কিনলাম।
I bought a book and a pen.	একটা বই আর একটা কলম কিনলাম।
I bought a flight ticket to London.	লন্ডনের ফ্লাইটের টিকিট কিনলাম।
I bought it at the convenience store.	আমি এটি সুবিধার দোকান থেকে কিনেছি।
I bought new shoes and clothes.	আমি নতুন জুতা এবং জামাকাপড় কিনলাম।
I bought one book.	একটা বই কিনলাম।
I bought one fish.	একটা মাছ কিনলাম।
I bought two apples.	আমি দুটি আপেল কিনলাম।
I bought two bicycles.	দুটো সাইকেল কিনলাম।
I bought two pairs of socks.	দুই জোড়া মোজা কিনলাম।
I brought a lunch box.	একটা লাঞ্চ বক্স নিয়ে এলাম।
I buy bread.	আমি রুটি কিনি।
I buy food and drinks.	আমি খাবার এবং পানীয় কিনি।
I buy shoes at a shoe shop.	আমি জুতার দোকানে জুতা কিনি।
I buy stamps at the post office.	আমি পোস্ট অফিসে স্ট্যাম্প কিনতে.
I call my friend.	আমি আমার বন্ধুকে ডাকি।
I call my parents every week.	আমি প্রতি সপ্তাহে আমার বাবা-মাকে ফোন করি।
I call my parents.	আমি আমার বাবা-মাকে ডাকি।
I called my friend.	আমি আমার বন্ধুকে ডাকলাম।
I came from India.	আমি ভারত থেকে এসেছি।
I can contact you anytime.	আমি যে কোন সময় আপনার সাথে যোগাযোগ করতে পারি।
I can cook.	আমি রান্না করতে পারি।
I can drink alcohol.	আমি মদ পান করতে পারি।
I can drink the water.	আমি পানি পান করতে পারি।
I can drive.	আমি চালাতে পারি।
I can eat sushi.	আমি সুশি খেতে পারি।
I can eat vegetables.	আমি সবজি খেতে পারি।
I can go to Japan.	আমি জাপান যেতে পারি।
I can hear a voice.	আমি একটি ভয়েস শুনতে পাচ্ছি.
I can play soccer.	আমি ফুটবল খেলতে পারি।
I can play tennis.	আমি টেনিস খেলতে পারি।
I can play the guitar.	আমি গিটার বাজাতে পারি।
I can play the piano.	আমি পিয়ানো বাজাতে পারি।
I can read English.	আমি ইংরেজি পড়তে পারি।
I can read kanji.	আমি কাঞ্জি পড়তে পারি।
I can ride a bicycle.	আমি সাইকেল চালাতে পারি।
I can sing Japanese songs.	আমি জাপানি গান গাইতে পারি।
I can speak Japanese	আমি জাপানি বলতে পারি
I can speak Japanese.	আমি জাপানি বলতে পারি।
I can speak a little.	আমি একটু কথা বলতে পারি।
I can speak three languages.	আমি তিনটি ভাষায় কথা বলতে পারি।
I can speak 「language」.	আমি "ভাষা" বলতে পারি।
I can swim very well.	আমি খুব ভালো সাঁতার কাটতে পারি।
I can use this computer.	আমি এই কম্পিউটার ব্যবহার করতে পারেন.
I can use this dictionary.	আমি এই অভিধান ব্যবহার করতে পারেন.
I can write kana.	আমি কানা লিখতে পারি।
I can't afford to buy a car.	আমার গাড়ি কেনার সামর্থ্য নেই।
I can't eat very spicy food.	আমি খুব মশলাদার খাবার খেতে পারি না।
I can't find my friend.	আমি আমার বন্ধু খুঁজে পাচ্ছি না.
I can't find my keys.	আমি আমার চাবি খুঁজে পাচ্ছি না.
I can't hear you well.	আমি তোমাকে ভালো করে শুনতে পাচ্ছি না।
I can't hear you.	আমি তোমাকে শুনতে পাচ্ছি না
I can't speak English.	আমি ইংরেজি বলতে পারি না।
I can't speak Japanese well yet.	আমি এখনো ভালো জাপানি বলতে পারি না।
I carry a bag.	আমি একটি ব্যাগ বহন করি।
I caught a cold.	আমার ঠান্ডা লেগেছে।
I changed my job last year.	আমি গত বছর আমার চাকরি পরিবর্তন করেছি।
I choose shoes and a hat.	আমি জুতা এবং একটি টুপি চয়ন.
I clean my room.	আমি আমার রুম পরিষ্কার করি।
I clean the desk and the chair.	আমি ডেস্ক এবং চেয়ার পরিষ্কার করি।
I clean the house on Sundays.	আমি রবিবার ঘর পরিষ্কার করি।
I close the door.	আমি দরজা বন্ধ.
I come back home at six.	ছয়টায় বাসায় ফিরে আসি।
I commute by train every day.	আমি প্রতিদিন ট্রেনে যাতায়াত করি।
I completely agree.	আমি সম্পূর্ণ একমত।
I cook dinner for my family.	আমি আমার পরিবারের জন্য রাতের খাবার রান্না করি।
I cook dinner.	আমি রাতের খাবার রান্না করি।
I cook rice. (make a meal)	আমি ভাত রান্না করি। (খাবার তৈরি করুন)
I cook with my friend.	আমি আমার বন্ধুর সাথে রান্না করি।
I could help you with that.	আমি যে আপনাকে সাহায্য করতে পারে.
I could run fast in my youth.	যৌবনে দ্রুত দৌড়াতে পারতাম।
I could swim when I was five.	আমার বয়স যখন পাঁচ বছর তখন আমি সাঁতার কাটতে পারতাম।
I couldn't sleep last night.	কাল রাতে ঘুমাতে পারিনি।
I couldn't sleep much.	বেশি ঘুমাতে পারিনি।
I cut bread with a knife.	আমি ছুরি দিয়ে রুটি কাটলাম।
I cut my hair.	আমি আমার চুল কাটা.
I cut paper with scissors.	আমি কাঁচি দিয়ে কাগজ কাটলাম।
I did my homework last night.	আমি গতকাল রাতে আমার বাড়ির কাজ করেছি।
I didn't do my homework.	আমি আমার বাড়ির কাজ করিনি।
I didn't go shopping yesterday.	আমি গতকাল শপিং করতে যাইনি।
I didn't see him.	আমি তাকে দেখিনি।
I didn't sleep well.	আমার ভালো ঘুম হয়নি।
I didn't understand.	আমি বুঝতে পারিনি।
I disagree completely.	আমি সম্পূর্ণ একমত নই।
I dislike it	আমি এটা অপছন্দ
I dislike it.	আমি এটা অপছন্দ.
I do laundry twice a week.	আমি সপ্তাহে দুবার লন্ড্রি করি।
I do my homework.	আমি আমার বাড়ির কাজ করি।
I do not know	আমি জানি না
I do research at university.	আমি বিশ্ববিদ্যালয়ে গবেষণা করি।
I do the laundry.	আমি লন্ড্রি করি।
I don't care.	আমি পাত্তা দিই না।
I don't drink alcohol.	আমি মদ খাই না।
I don't drink coffee.	আমি কফি পান করি না।
I don't eat meat.	আমি মাংস খাই না।
I don't eat much meat.	আমি বেশি মাংস খাই না।
I don't eat sushi.	আমি সুশি খাই না
I don't exercise every day.	আমি প্রতিদিন ব্যায়াম করি না।
I don't have a phone.	আমার কাছে ফোন নেই।
I don't have any money.	আমার কাছে কোন টাকা নেই।
I don't have enough money.	আমার কাছে পর্যাপ্ত টাকা নেই।
I don't have many questions.	আমার অনেক প্রশ্ন নেই।
I don't have much experience.	আমার তেমন অভিজ্ঞতা নেই।
I don't have much time.	আমার হাতে বেশি সময় নেই।
I don't have time today.	আমার আজ সময় নেই।
I don't have time.	আমার সময় নেই।
I don't have to work tomorrow.	আমার আগামীকাল কাজ করতে হবে না।
I don't intend to study.	আমি পড়াশোনা করতে চাই না।
I don't know (humble)	আমি জানি না (নম্র)
I don't know yet.	আমি এখনও জানি না.
I don't know.	আমি জানি না
I don't like cats.	আমি বিড়াল পছন্দ করি না।
I don't like cold weather.	আমি ঠান্ডা আবহাওয়া পছন্দ করি না।
I don't like green tea.	আমি গ্রিন টি পছন্দ করি না।
I don't like that idea.	আমি যে ধারণা পছন্দ করি না.
I don't open the window.	আমি জানালা খুলি না।
I don't pick up unknown numbers.	আমি অপরিচিত নম্বর তুলছি না।
I don't smoke.	আমি ধূমপান করি না
I don't think it's good.	আমি এটা ভাল মনে করি না.
I don't think so.	আমার মনে হয় না।
I don't understand	আমি বুঝতে পারছি না
I don't understand at all	আমি কিছুতেই বুঝতে পারছি না
I don't understand the meaning of this.	আমি এর মানে বুঝতে পারছি না।
I don't understand this lesson.	আমি এই পাঠ বুঝতে পারছি না.
I don't understand this.	আমি এটা বুঝতে পারছি না.
I don't understand well.	আমি ভালো বুঝি না।
I don't understand, please say it again.	আমি বুঝতে পারছি না, দয়া করে আবার বলুন।
I don't understand.	আমি বুঝতে পারছি না।
I don't want any soup.	আমি কোন স্যুপ চাই না.
I don't want any trouble.	আমি কোন ঝামেলা চাই না।
I don't want cola.	আমি কোলা চাই না।
I don't watch TV.	আমি টিভি দেখি না।
I don't work today.	আমি আজ কাজ করি না।
I drank coffee at a cafe.	আমি একটি ক্যাফে এ কফি পান.
I drank too much coffee.	আমি খুব বেশি কফি পান করেছি।
I drank too much.	আমি খুব বেশি পান করেছি।
I drank water and rested.	পানি খেয়ে বিশ্রাম নিলাম।
I draw a picture.	আমি ছবি আঁকি।
I drew one picture.	একটা ছবি আঁকলাম।
I drink coffee during break.	আমি বিরতির সময় কফি পান করি।
I drink coffee in the morning.	আমি সকালে কফি পান করি।
I drink coffee.	আমি কফি পান করি।
I drink tea at a cafe.	আমি একটি ক্যাফেতে চা পান করি।
I drink tea in the morning.	সকালে চা খাই।
I eat a lot of vegetables.	আমি অনেক সবজি খাই।
I eat a meal and watch TV.	আমি খাবার খেয়ে টিভি দেখছি।
I eat at a restaurant.	আমি একটা রেস্টুরেন্টে খাই।
I eat bread and drink coffee.	আমি রুটি খাই এবং কফি খাই।
I eat bread and eggs in the morning.	আমি সকালে রুটি এবং ডিম খাই।
I eat breakfast and go to school.	আমি সকালের নাস্তা খেয়ে স্কুলে যাই।
I eat breakfast at 8.	আমি সকালের নাস্তা 8টায় খাই।
I eat sukiyaki.	আমি সুকিয়াকি খাই।
I eat sushi.	আমি সুশি খাই।
I eat with my family.	পরিবারের সাথে খাই।
I eat yam and rice.	আমি ভাত খাই।
I ended up forgetting my keys.	আমি আমার চাবি ভুলে শেষ পর্যন্ত.
I enjoy listening to music.	আমি গান শুনতে উপভোগ করি।
I enjoy reading at night.	আমি রাতে পড়তে উপভোগ করি।
I enjoy reading books.	আমি বই পড়তে উপভোগ করি।
I entered an empty room.	একটা খালি ঘরে ঢুকলাম।
I exercise at home.	আমি বাসায় ব্যায়াম করি।
I exercise every day.	আমি প্রতিদিন ব্যায়াম করি।
I feel calm now.	আমি এখন শান্ত বোধ করছি।
I feel confident.	আমি আত্মবিশ্বাসী বোধ করি।
I feel embarrassed.	আমি বিব্রত বোধ করছি।
I feel good.	আমার ভালো লাগছে।
I feel grateful.	আমি কৃতজ্ঞ বোধ করি।
I feel heartbroken.	আমার মন খারাপ লাগছে।
I feel honored / sorry	আমি সম্মানিত/দুঃখিত বোধ করি
I feel much better now.	আমি এখন অনেক ভালো অনুভব করছি।
I feel relieved now.	আমি এখন স্বস্তি বোধ করছি।
I feel relieved.	আমি স্বস্তি বোধ করি।
I feel sad.	আমার মন খারাপ।
I feel sick.	আমি অসুস্থ বোধ করছি.
I feel very sick.	আমি খুব অসুস্থ বোধ করছি.
I finished my homework.	আমি আমার বাড়ির কাজ শেষ.
I finished work and went home.	কাজ শেষ করে বাসায় চলে গেলাম।
I forgot my charger.	আমি আমার চার্জার ভুলে গেছি।
I forgot my keys at home.	আমি বাড়িতে আমার চাবি ভুলে গেছি.
I forgot my notebook.	আমি আমার নোটবুক ভুলে গেছি।
I forgot my wallet.	আমি আমার মানিব্যাগ ভুলে গেছি.
I found a coin on the street.	রাস্তায় একটা কয়েন পেলাম।
I gave a presentation today.	আজ একটা প্রেজেন্টেশন দিলাম।
I gave a presentation.	একটা প্রেজেন্টেশন দিলাম।
I get up at 6 in the morning.	সকাল ৬টায় উঠি।
I get up at 8 o'clock.	আমি 8 টায় উঠি।
I give a present to my daughter.	আমি আমার মেয়েকে উপহার দিই।
I go back home.	আমি বাড়ি ফিরে যাই।
I go by bicycle.	আমি সাইকেলে যাই।
I go by bus.	আমি বাসে যাই।
I go by plane flying in the sky.	আমি আকাশে উড়ন্ত বিমানে যাই।
I go down.	আমি নিচে যাই।
I go out tomorrow morning.	আমি কাল সকালে বের হবো।
I go out.	আমি বাইরে যাই।
I go that way.	আমি সেই পথে যাই।
I go to Japan in March.	আমি মার্চ মাসে জাপান যাব।
I go to Kyoto tomorrow.	আমি আগামীকাল কিয়োটো যাব।
I go to Tokyo.	আমি টোকিও যাই।
I go to bed around eleven.	আমি এগারোটার দিকে ঘুমাতে যাই।
I go to my friend's house to play.	আমি আমার বন্ধুর বাড়িতে খেলতে যাই।
I go to school by bicycle.	আমি সাইকেলে করে স্কুলে যাই।
I go to school late.	আমি দেরী করে স্কুলে যাই।
I go to school.	আমি স্কুলে যাই।
I go to sleep around 11.	আমি 11টার দিকে ঘুমাতে যাই।
I go to the gym three times a week.	আমি সপ্তাহে তিনবার জিমে যাই।
I go to the library to borrow a book.	আমি একটি বই ধার করতে লাইব্রেরিতে যাই।
I go to the mountains.	আমি পাহাড়ে যাই।
I go to the park on Sunday.	আমি রবিবার পার্কে যাই।
I go to the sea.	আমি সমুদ্রে যাই।
I go to the station.	আমি স্টেশনে যাই।
I go to the supermarket every day.	আমি প্রতিদিন সুপার মার্কেটে যাই।
I go to town to shop.	আমি শপিং করতে শহরে যাই।
I go to work at the company.	আমি কোম্পানিতে কাজ করতে যাই।
I go to work by bus.	আমি বাসে কাজে যাই।
I go to work by train.	আমি ট্রেনে কাজে যাই।
I go to work.	আমি কাজে যাই।
I go up.	আমি উপরে যাই।
I got a salary raise.	আমি বেতন বৃদ্ধি পেয়েছি।
I got an email.	আমি একটি ইমেল পেয়েছি.
I got hurt.	আমি আঘাত পেয়েছিলাম।
I got injured.	আমি আহত হয়েছি।
I got married last year.	গত বছর বিয়ে করেছি।
I got on the wrong bus.	ভুল বাসে উঠেছি।
I got rained on (lit. was rained on by rain).	I got rained on (lit. was rained on by rain).
I got separated from my child.	আমি আমার সন্তানের থেকে আলাদা হয়ে গেলাম।
I got the teacher to lend me a book.	আমি শিক্ষককে একটি বই ধার দিয়েছিলাম।
I got wet in the rain.	বৃষ্টিতে ভিজে গেছি।
I graduated last year.	আমি গত বছর স্নাতক.
I graduated.	আমি স্নাতক.
I had finished my homework when she came.	সে যখন এসেছিল তখন আমি আমার বাড়ির কাজ শেষ করেছিলাম।
I had my hair cut yesterday.	আমি গতকাল আমার চুল কাটা ছিল.
I had never felt so happy.	এত খুশি আমি কখনো অনুভব করিনি।
I had never seen the ocean before that day.	সেদিনের আগে আমি কখনো সমুদ্র দেখিনি।
I had seen that place in a dream.	সেই জায়গাটা আমি স্বপ্নে দেখেছিলাম।
I had two slices of cake.	আমার কাছে দুই টুকরো কেক ছিল।
I hadn't realized how late it was.	কত দেরি হয়ে গেছে বুঝতে পারিনি।
I have a bag and a backpack.	আমার একটি ব্যাগ এবং একটি ব্যাকপ্যাক আছে।
I have a boyfriend.	আমার একজন বয়ফ্রেন্ড আছে।
I have a car.	আমার একটা গাড়ি আছে।
I have a cat.	আমার একটা বিড়াল আছে।
I have a dog named Max.	ম্যাক্স নামে আমার একটি কুকুর আছে।
I have a dog.	আমার একটা কুকুর আছে।
I have a dream, I want to become a doctor.	আমার স্বপ্ন আছে, আমি ডাক্তার হতে চাই।
I have a fever.	আমার জ্বর আছে।
I have a girlfriend.	আমার এক বান্ধবী আছে।
I have a headache.	আমার মাথা ব্যথা আছে।
I have a lot of homework.	আমার অনেক হোমওয়ার্ক আছে।
I have a meeting at ten.	দশটায় আমার মিটিং আছে।
I have a meeting.	আমার একটা মিটিং আছে।
I have a question.	আমার একটা প্রশ্ন আছে।
I have a reservation.	আমি একটি রিজার্ভেশন আছে.
I have a savings account.	আমার একটি সেভিংস অ্যাকাউন্ট আছে।
I have a toothache.	আমার দাঁতে ব্যথা আছে।
I have a younger sister.	আমার একটা ছোট বোন আছে।
I have an idea.	আমার একটা ধারণা আছে।
I have an older brother.	আমার এক বড় ভাই আছে।
I have been feeling tired all week.	আমি সারা সপ্তাহ ক্লান্ত বোধ করছি।
I have been practicing the piano every day.	আমি প্রতিদিন পিয়ানো অনুশীলন করেছি।
I have been reading this novel for weeks.	আমি কয়েক সপ্তাহ ধরে এই উপন্যাসটি পড়ছি।
I have been studying English since 2021.	আমি 2021 সাল থেকে ইংরেজি অধ্যয়ন করছি।
I have been thinking about your offer.	আমি আপনার প্রস্তাব সম্পর্কে চিন্তা করা হয়েছে.
I have been to Japan.	আমি জাপানে গিয়েছি।
I have been very busy lately.	ইদানিং খুব ব্যস্ত ছিলাম।
I have been waiting for an hour.	আমি এক ঘন্টা ধরে অপেক্ষা করছি।
I have been working here for five years.	আমি এখানে পাঁচ বছর ধরে কাজ করছি।
I have bread and coffee for breakfast.	আমি নাস্তার জন্য রুটি এবং কফি আছে.
I have bread and milk for breakfast.	আমি নাস্তার জন্য রুটি এবং দুধ আছে.
I have breakfast at eight.	আমি সকাল আটটায় নাস্তা করি।
I have eaten sushi before.	আমি আগে সুশি খেয়েছি।
I have just finished my work.	আমি সবেমাত্র আমার কাজ শেষ করেছি।
I have lived here for ten years.	আমি দশ বছর ধরে এখানে বসবাস করছি।
I have lived here since 2019.	আমি 2019 সাল থেকে এখানে বসবাস করছি।
I have lost my keys.	আমি আমার চাবি হারিয়েছি.
I have lunch at my desk.	আমি আমার ডেস্কে লাঞ্চ করেছি।
I have many friends.	আমার অনেক বন্ধু আছে।
I have never seen it.	আমি এটা কখনো দেখিনি।
I have never seen such a beautiful sunset.	এত সুন্দর সূর্যাস্ত দেখিনি।
I have no money.	আমার কাছে টাকা নেই।
I have no time	আমার সময় নেই
I have no time.	আমার সময় নেই।
I have received / understood	আমি পেয়েছি/বুঝতে পেরেছি
I have seen this movie before.	এই মুভিটা আগেও দেখেছি।
I have some friends in Tokyo.	টোকিওতে আমার কিছু বন্ধু আছে।
I have some money.	আমার কিছু টাকা আছে।
I have time.	আমার সময় আছে।
I have to finish this today.	আমাকে আজই শেষ করতে হবে।
I have to get up early.	আমাকে তাড়াতাড়ি উঠতে হবে।
I have to study for the exam.	আমাকে পরীক্ষার জন্য পড়াশোনা করতে হবে।
I have two brothers.	আমার দুই ভাই আছে।
I have two children.	আমার দুই সন্তান আছে।
I have visited Japan twice.	আমি দুইবার জাপান সফর করেছি।
I haven't been sleeping well lately.	ইদানীং আমার ভালো ঘুম হচ্ছে না।
I haven't eaten today.	আমি আজকে খাইনি।
I haven't eaten yet.	আমি এখনো খাইনি।
I haven't seen him since last year.	গত বছর থেকে তাকে দেখিনি।
I head toward the station.	আমি স্টেশনের দিকে এগিয়ে যাই।
I heard good news.	ভালো খবর শুনলাম।
I hope to see you soon.	আমি শীঘ্রই আপনি দেখতে আশা করি.
I humbly receive (said before eating)	আমি বিনীতভাবে গ্রহণ করি (খাওয়ার আগে বলেছিলাম)
I intend to go to Japan next week.	আমি আগামী সপ্তাহে জাপানে যেতে চাই।
I invited (them) to a meal.	আমি (তাদের) খাবারের আমন্ত্রণ জানিয়েছিলাম।
I just ate.	আমি শুধু খেয়েছি।
I keep sneezing.	আমি হাঁচি দিতে থাকি।
I know	আমি জানি
I know his name.	আমি তার নাম জানি।
I know the answer.	আমি উত্তর জানি.
I leave home at 8.	আমি ৮টায় বাসা থেকে বের হই।
I leave home at eight.	আটটায় বাসা থেকে বের হই।
I left a message.	আমি একটা বার্তা রেখে গেলাম।
I like Japan.	আমি জাপান পছন্দ করি।
I like cats.	আমি বিড়াল পছন্দ করি।
I like flowers and music.	আমি ফুল এবং গান পছন্দ করি।
I like it	আমি এটা পছন্দ
I like manga.	আমি মাঙ্গা পছন্দ করি।
I like playing with rabbits.	আমি খরগোশের সাথে খেলতে পছন্দ করি।
I like sushi more than yakiniku.	আমি ইয়াকিনিকুর চেয়ে সুশি বেশি পছন্দ করি।
I like sushi, but it's expensive.	আমি সুশি পছন্দ করি, কিন্তু এটি ব্যয়বহুল।
I like sushi.	আমি সুশি পছন্দ করি
I like swimming in the sea.	আমি সমুদ্রে সাঁতার কাটতে পছন্দ করি।
I like the morning walk.	আমি সকালের হাঁটা পছন্দ করি।
I like walking more than shopping.	আমি কেনাকাটার চেয়ে হাঁটতে বেশি পছন্দ করি।
I listen to English podcasts.	আমি ইংরেজি পডকাস্ট শুনি।
I listen to Japanese CDs.	আমি জাপানি সিডি শুনি।
I listen to music.	আমি গান শুনি।
I live in Delhi.	আমি দিল্লিতে থাকি।
I live in Kyoto.	আমি কিয়োটোতে থাকি।
I live in Mumbai.	আমি মুম্বাইতে থাকি।
I live in Tokyo.	আমি টোকিওতে থাকি।
I live near the city center.	আমি শহরের কেন্দ্রের কাছাকাছি থাকি।
I live together with my brother.	আমি আমার ভাইয়ের সাথে একসাথে থাকি।
I look forward to meeting you.	আমি আপনার সাথে দেখা করার জন্য উন্মুখ.
I look forward to the weekend.	আমি সপ্তাহান্তের জন্য উন্মুখ.
I look it up in the dictionary.	আমি এটি অভিধানে তাকাই.
I look like my father.	আমি দেখতে আমার বাবার মতো।
I lost my passport.	আমি আমার পাসপোর্ট হারিয়েছি।
I lost my ticket.	আমি আমার টিকিট হারিয়েছি।
I lost my wallet.	আমি আমার মানিব্যাগ হারিয়ে.
I love ice cream.	আমি আইসক্রিম ভালোবাসি.
I love it	আমি এটা ভালোবাসি
I love it.	আমি এটা ভালোবাসি.
I love learning new things.	আমি নতুন জিনিস শিখতে ভালোবাসি।
I love mornings.	আমি সকাল ভালোবাসি।
I love my family very much.	আমি আমার পরিবারকে খুব ভালোবাসি।
I love rainy days.	আমি বৃষ্টির দিন পছন্দ করি।
I love sushi.	আমি সুশি ভালোবাসি
I love tea, and so does she.	আমি চা পছন্দ করি, এবং সেও চায়।
I love the food my mother makes.	আমি আমার মায়ের তৈরি খাবার পছন্দ করি।
I love this restaurant.	আমি এই রেস্টুরেন্ট ভালোবাসি.
I love this song.	আমি এই গান ভালোবাসি.
I made Japanese food.	আমি জাপানি খাবার তৈরি করেছি।
I made a friend at work.	আমি কর্মক্ষেত্রে বন্ধু তৈরি করেছি।
I made a friend.	আমি একটি বন্ধু তৈরি.
I made a mistake (oops).	আমি ভুল করেছি (ওহো)
I made a mistake.	আমি ভুল করেছি।
I made it.	আমি এটা তৈরি করেছি।
I make a point of going to bed at 10 p.m.	আমি রাত 10 টায় ঘুমাতে যাওয়ার একটি পয়েন্ট করি।
I make coffee with milk.	আমি দুধ দিয়ে কফি বানাই।
I make it a rule to study Japanese every day.	আমি প্রতিদিন জাপানিজ অধ্যয়ন করার নিয়ম করি।
I married him.	আমি তাকে বিয়ে করেছি।
I may be a little late to the party.	পার্টিতে আমার একটু দেরি হতে পারে।
I may have left my wallet at home.	আমি হয়তো আমার মানিব্যাগ বাড়িতে রেখে এসেছি।
I meet a work friend.	আমি একজন কাজের বন্ধুর সাথে দেখা করি।
I met a friend at the station.	স্টেশনে আমার এক বন্ধুর সাথে দেখা হয়েছিল।
I met a man at the party.	আমি পার্টিতে একজন ব্যক্তির সাথে দেখা করেছি।
I met the boss.	বসের সাথে দেখা করলাম।
I might be late for the meeting.	আমি মিটিং এর জন্য দেরী হতে পারে.
I might visit my grandmother this weekend.	আমি এই সপ্তাহান্তে আমার দাদির সাথে দেখা করতে পারি।
I miss my family.	আমি আমার পরিবারকে মিস করছি।
I missed your call.	আমি আপনার কল মিস.
I move forward.	আমি এগিয়ে যাই।
I moved into a new apartment.	আমি একটি নতুন অ্যাপার্টমেন্টে চলে এসেছি।
I must finish this today.	আমাকে আজই শেষ করতে হবে।
I must remember this.	আমি এটা মনে রাখতে হবে.
I need a doctor.	আমার একজন ডাক্তার দরকার।
I need a pair of socks.	আমার একজোড়া মোজা দরকার।
I need an umbrella.	আমার একটা ছাতা দরকার।
I need medicine.	আমার ওষুধ লাগবে।
I need some help.	আমার কিছু সাহায্য দরকার।
I need to charge my phone.	আমার ফোন চার্জ করতে হবে।
I need to check my luggage.	আমার লাগেজ চেক করতে হবে।
I need to exchange money.	আমি টাকা বিনিময় প্রয়োজন.
I need to finish this report.	আমি এই রিপোর্ট শেষ করতে হবে.
I need to see a doctor.	আমার ডাক্তার দেখাতে হবে।
I need your help.	আমি তোমার সাহায্য চাই.
I open the window.	আমি জানালা খুলি।
I opened a bank account.	আমি একটা ব্যাঙ্ক অ্যাকাউন্ট খুলেছি।
I passed the exam!	পরীক্ষায় পাশ করলাম!
I pay money.	আমি টাকা দিই।
I pay with my card.	আমি আমার কার্ড দিয়ে পেমেন্ট করি।
I plan to sleep early today.	আজ তাড়াতাড়ি ঘুমানোর পরিকল্পনা করছি।
I play ball with the children.	আমি বাচ্চাদের সাথে বল খেলি।
I play in the park.	আমি পার্কে খেলি।
I play tennis.	আমি টেনিস খেলি।
I play with a friend.	আমি এক বন্ধুর সাথে খেলি।
I play with friends during lunch break.	দুপুরের খাবারের বিরতিতে বন্ধুদের সাথে খেলি।
I play with friends.	বন্ধুদের সাথে খেলি।
I play with the cat.	আমি বিড়ালের সাথে খেলি।
I played with a friend.	এক বন্ধুর সাথে খেলতাম।
I practice kanji.	আমি কাঞ্জি অনুশীলন করি।
I practice writing every day.	আমি প্রতিদিন লেখার অভ্যাস করি।
I prefer walking.	আমি হাঁটা পছন্দ করি।
I promise I will be careful.	আমি কথা দিচ্ছি আমি সাবধানে থাকব।
I push the bicycle.	আমি সাইকেল ঠেলে দিলাম।
I put the book in my bag.	বইটা ব্যাগে রাখলাম।
I quit my job.	আমি আমার চাকরি ছেড়ে দিয়েছি।
I read a book and write a report.	আমি একটি বই পড়ি এবং একটি প্রতিবেদন লিখি।
I read a book.	আমি একটি বই পড়ি।
I read a chapter every night.	আমি প্রতি রাতে একটি অধ্যায় পড়ি।
I read before sleeping.	ঘুমানোর আগে পড়ি।
I read that book last year.	আমি গত বছর বইটি পড়েছিলাম।
I read the newspaper every day.	প্রতিদিন পত্রিকা পড়ি।
I read this book.	আমি এই বই পড়ি.
I really like it.	আমি সত্যিই এটা পছন্দ.
I relax in the living room.	আমি বসার ঘরে আরাম করি।
I relax on the sofa.	আমি সোফায় আরাম করি।
I rest slowly at home.	আস্তে আস্তে বাসায় বিশ্রাম নিচ্ছি।
I return at 6.	আমি ৬টায় ফিরছি।
I return to my country.	আমি আমার দেশে ফিরে আসি।
I return to my family.	আমি আমার পরিবারের কাছে ফিরে যাই।
I ride my bike to the park.	আমি আমার সাইকেল নিয়ে পার্কে যাই।
I ride the bus and go to work.	আমি বাসে চড়ে কাজে যাই।
I ride the bus.	আমি বাসে চড়লাম।
I said I was going home.	আমি বললাম বাসায় যাচ্ছি।
I said I would help her.	আমি বললাম আমি তাকে সাহায্য করব.
I said goodbye to my friend.	আমি আমার বন্ধুকে বিদায় জানালাম।
I sang karaoke.	আমি কারাওকে গেয়েছি।
I saw her at the station.	আমি তাকে স্টেশনে দেখেছি।
I see / indeed	আমি দেখতে / সত্যিই
I see / is that so?	আমি দেখছি/ তাই নাকি?
I see two dogs.	আমি দুটি কুকুর দেখছি।
I see. (casual)	আমি দেখছি। (নৈমিত্তিক)
I set a goal to learn ten words a day.	আমি প্রতিদিন দশটি শব্দ শেখার লক্ষ্য নির্ধারণ করি।
I set my alarm for six.	আমি ছয় জন্য আমার অ্যালার্ম সেট.
I set the alarm.	আমি অ্যালার্ম সেট করলাম।
I shop at the supermarket.	আমি সুপার মার্কেটে কেনাকাটা করি।
I shop for groceries on Saturday.	আমি শনিবার মুদির জন্য কেনাকাটা.
I should call my mother.	আমার মাকে ডাকতে হবে।
I should go to bed early.	আমার তাড়াতাড়ি ঘুমাতে যাওয়া উচিত।
I sleep at 11.	আমি 11 এ ঘুমাই।
I sleep at 8 every day.	আমি প্রতিদিন 8 টায় ঘুমাই।
I slept last night.	কাল রাতে ঘুমিয়েছিলাম।
I slept well last night.	কাল রাতে ভালো ঘুমিয়েছি।
I speak in Japanese.	আমি জাপানি ভাষায় কথা বলি।
I spend weekends with family.	আমি সপ্তাহান্তে পরিবারের সাথে কাটাই।
I spent a lot this month.	আমি এই মাসে অনেক কাটিয়েছি।
I spent too much today.	আজ খুব বেশি খরচ করলাম।
I stay at a hotel.	একটা হোটেলে থাকি।
I stayed up late.	আমি দেরি করে জেগে রইলাম।
I studied Japanese.	আমি জাপানিজ অধ্যয়ন করেছি।
I study Japanese (ongoing).	আমি জাপানি (চলমান) অধ্যয়ন করি।
I study Japanese every day.	আমি প্রতিদিন জাপানি অধ্যয়ন করি।
I study Japanese.	আমি জাপানিজ পড়াশুনা করি।
I study at the library.	আমি লাইব্রেরিতে পড়ি।
I study on Monday.	আমি সোমবার পড়াশুনা করি।
I study while listening to music.	আমি গান শোনার সাথে সাথে পড়াশোনা করি।
I suggest that he be given another chance.	আমি তাকে আরেকটি সুযোগ দেওয়ার পরামর্শ দিই।
I swam in the pool.	আমি পুলে সাঁতার কাটলাম।
I swim in the sea.	আমি সাগরে সাঁতার কাটছি।
I take a hot bath at night.	আমি রাতে গরম গোসল করি।
I take a photo.	আমি একটা ছবি তুলি।
I take a shower in the morning.	আমি সকালে গোসল করি।
I take a shower.	আমি গোসল করি।
I take a walk every day.	আমি প্রতিদিন হাঁটাহাঁটি করি।
I take notes in class.	আমি ক্লাসে নোট নিই।
I take notes.	আমি নোট নিই।
I take off my shoes.	আমি জুতা খুলে ফেলি।
I talk with the teacher.	আমি শিক্ষকের সাথে কথা বলি।
I teach Japanese at school.	আমি স্কুলে জাপানি শেখাই।
I tell (them) by phone and email.	আমি (তাদের) ফোন এবং ইমেলের মাধ্যমে বলি।
I think it will rain tomorrow.	আমার মনে হয় কাল বৃষ্টি হবে।
I think it will rain tonight.	আমার মনে হয় আজ রাতে বৃষ্টি হবে।
I think it's a good idea.	আমি মনে করি এটি একটি ভাল ধারণা।
I think it's difficult.	আমি মনে করি এটা কঠিন.
I think it's good.	আমি মনে করি এটা ভাল.
I think she will agree.	আমি মনে করি সে রাজি হবে।
I think you should take the job.	আমি মনে করি আপনি কাজ গ্রহণ করা উচিত.
I told her the good news.	আমি তাকে সুসংবাদটি বললাম।
I told him I didn't know.	আমি তাকে বললাম আমি জানি না।
I told them I would be late.	আমি তাদের বললাম আমার দেরি হবে।
I took a day off because I was sick.	আমি অসুস্থ ছিলাম বলে একদিন ছুটি নিয়েছিলাম।
I took a photo.	আমি একটা ছবি তুলেছিলাম।
I took five photos.	পাঁচটা ছবি তুলেছি।
I travel to Japan.	আমি জাপান ভ্রমণ করি।
I trust my best friend.	আমি আমার সেরা বন্ধুকে বিশ্বাস করি।
I try to exercise every day now.	আমি এখন প্রতিদিন ব্যায়াম করার চেষ্টা করি।
I turn right.	আমি ডানে ঘুরলাম।
I understand	বুঝলাম
I understand Japanese.	আমি জাপানি বুঝি।
I understand a little Japanese.	আমি একটু জাপানি বুঝি।
I use a payment app.	আমি একটি পেমেন্ট অ্যাপ ব্যবহার করি।
I used to play cricket every weekend.	আমি প্রতি সপ্তাহান্তে ক্রিকেট খেলতাম।
I usually have an early lunch.	আমি সাধারণত তাড়াতাড়ি লাঞ্চ করি।
I usually ride a bike.	আমি সাধারণত বাইক চালাই।
I usually work from nine to six.	আমি সাধারণত নয় থেকে ছয় পর্যন্ত কাজ করি।
I visit my family on holidays.	আমি ছুটির দিনে আমার পরিবার পরিদর্শন করি।
I wait by the sea.	আমি সমুদ্রের ধারে অপেক্ষা করছি।
I wait for a friend at the station.	আমি স্টেশনে এক বন্ধুর জন্য অপেক্ষা করছি।
I wait for a friend.	আমি একজন বন্ধুর জন্য অপেক্ষা করছি।
I waited an hour.	আমি এক ঘন্টা অপেক্ষা করলাম।
I wake up at 10 o'clock.	আমি 10 টায় ঘুম থেকে উঠি।
I wake up at 6 o'clock.	আমি 6 টায় ঘুম থেকে উঠি।
I wake up at 7 in the morning.	সকাল ৭টায় ঘুম থেকে উঠি।
I wake up at 7 o'clock.	আমি 7 টায় ঘুম থেকে উঠি।
I wake up at seven every day.	আমি প্রতিদিন সাতটায় ঘুম থেকে উঠি।
I wake up at six every day.	আমি প্রতিদিন ছয়টায় ঘুম থেকে উঠি।
I wake up early in the morning.	আমি খুব ভোরে ঘুম থেকে উঠি।
I wake up early.	আমি তাড়াতাড়ি ঘুম থেকে উঠি।
I walk every day for health.	আমি স্বাস্থ্যের জন্য প্রতিদিন হাঁটছি।
I walk every day.	আমি প্রতিদিন হাঁটছি।
I walk with my dog.	আমি আমার কুকুরের সাথে হাঁটছি।
I want a bicycle.	আমার একটা সাইকেল চাই।
I want a new car.	আমি একটি নতুন গাড়ী চাই.
I want money.	আমি টাকা চাই.
I want one car.	আমার একটা গাড়ি চাই।
I want to become a Japanese teacher.	আমি একজন জাপানি শিক্ষক হতে চাই।
I want to become a teacher.	আমি একজন শিক্ষক হতে চাই।
I want to buy a new car.	আমি একটি নতুন গাড়ী কিনতে চাই.
I want to buy souvenirs.	আমি স্যুভেনির কিনতে চাই।
I want to climb a mountain.	আমি পাহাড়ে উঠতে চাই।
I want to draw a picture.	আমি একটি ছবি আঁকতে চাই।
I want to drink coffee.	আমি কফি পান করতে চাই.
I want to drink water.	আমি পানি পান করতে চাই।
I want to eat Japanese food.	আমি জাপানি খাবার খেতে চাই।
I want to eat at this restaurant.	আমি এই রেস্টুরেন্টে খেতে চাই।
I want to eat gyoza.	আমি জিওজা খেতে চাই।
I want to eat sushi.	আমি সুশি খেতে চাই
I want to eat together with everyone.	সবার সাথে একসাথে খেতে চাই।
I want to give a present.	আমি একটি উপহার দিতে চাই.
I want to go to Japan.	আমি জাপান যেতে চাই।
I want to learn Japanese.	আমি জাপানি ভাষা শিখতে চাই।
I want to learn cooking.	আমি রান্না শিখতে চাই।
I want to listen to music.	আমি গান শুনতে চাই.
I want to meet my friend.	আমি আমার বন্ধুর সাথে দেখা করতে চাই।
I want to quit my job.	আমি আমার চাকরি ছেড়ে দিতে চাই।
I want to read this book.	আমি এই বই পড়তে চাই.
I want to rest tomorrow.	আমি আগামীকাল বিশ্রাম করতে চাই.
I want to return to my hometown.	আমি আমার শহরে ফিরতে চাই।
I want to sleep early.	আমি তাড়াতাড়ি ঘুমাতে চাই।
I want to study Japanese.	আমি জাপানিজ পড়তে চাই।
I want to study abroad.	আমি বিদেশে পড়াশোনা করতে চাই।
I want to study more.	আমি আরো পড়াশুনা করতে চাই.
I want to swim in the sea.	আমি সাগরে সাঁতার কাটতে চাই।
I want to travel to a beautiful place.	আমি একটি সুন্দর জায়গায় ভ্রমণ করতে চাই।
I want to watch a movie.	আমি একটি সিনেমা দেখতে চাই.
I want to withdraw cash.	আমি নগদ তুলতে চাই।
I want water.	আমি জল চাই.
I want ~	আমি চাই ~
I was at home yesterday.	আমি গতকাল বাড়িতে ছিলাম.
I was born in July.	আমার জন্ম জুলাই মাসে।
I was driving to work.	আমি কাজের জন্য গাড়ি চালাচ্ছিলাম।
I was late for the train.	আমি ট্রেনের জন্য দেরি করেছিলাম।
I was late for work.	আমি কাজের জন্য দেরি করেছিলাম।
I was late this morning.	আমি আজ সকালে দেরী ছিল.
I was praised by my grandmother when I was a child.	আমি যখন ছোট ছিলাম তখন আমার দাদীর প্রশংসা ছিল।
I was sleeping when you called.	তুমি ডাকলে আমি ঘুমাচ্ছিলাম।
I was so busy this week.	আমি এই সপ্তাহে তাই ব্যস্ত ছিল.
I was taking a shower when the power went out.	আমি গোসল করছিলাম যখন বিদ্যুৎ চলে গেল।
I was thinking about you.	তোমার কথা ভাবছিলাম।
I was tired yesterday.	আমি গতকাল ক্লান্ত ছিলাম.
I was watching TV at nine.	আমি নয়টায় টিভি দেখছিলাম।
I wash my hands.	আমি আমার হাত ধোয়া.
I wasn't listening carefully.	আমি মনোযোগ দিয়ে শুনছিলাম না।
I watch TV at home.	বাসায় টিভি দেখি।
I watch TV every night.	আমি প্রতি রাতে টিভি দেখি।
I watch TV.	আমি টিভি দেখি।
I watch a movie.	আমি একটা মুভি দেখি।
I watched TV yesterday.	আমি গতকাল টিভি দেখেছি।
I watched a movie last night.	কাল রাতে একটা মুভি দেখলাম।
I watched a movie with them.	আমি তাদের সাথে একটি সিনেমা দেখেছি।
I watched a movie yesterday.	আমি গতকাল একটি সিনেমা দেখেছি।
I water the plants every morning.	আমি প্রতিদিন সকালে গাছে জল দিই।
I wear a coat.	আমি একটি কোট পরেন.
I wear a suit to work.	আমি কাজ করার জন্য একটি স্যুট পরি।
I wear formal clothes at work.	আমি কর্মক্ষেত্রে আনুষ্ঠানিক পোশাক পরি।
I went shopping last week.	আমি গত সপ্তাহে কেনাকাটা করতে গিয়েছিলাম।
I went shopping with my mother.	মায়ের সাথে কেনাকাটা করতে গেলাম।
I went to Delhi last month.	গত মাসে দিল্লি গিয়েছিলাম।
I went to Tokyo last week.	আমি গত সপ্তাহে টোকিও গিয়েছিলাম।
I went to the hospital.	হাসপাতালে গেলাম।
I went to the market.	বাজারে গেলাম।
I went to the mountain alone.	একা একা পাহাড়ে গেলাম।
I will be reading a book on the plane.	আমি প্লেনে একটা বই পড়ব।
I will be sleeping when you arrive.	তুমি এলে আমি ঘুমাবো।
I will be waiting for you at the station.	আমি স্টেশনে তোমার জন্য অপেক্ষা করব।
I will call you on Friday.	আমি শুক্রবার আপনাকে কল করব।
I will call you tomorrow.	আমি তোমাকে কাল কল করব।
I will climb it tomorrow. (formal)	আমি আগামীকাল এটি আরোহণ করব. (আনুষ্ঠানিক)
I will do my best	আমি আমার সর্বোচ্চ চেষ্টা করব
I will go tomorrow.	আমি কাল যাব।
I will have answered all the emails by noon.	আমি দুপুরের মধ্যে সমস্ত ইমেলের উত্তর দেব।
I will have finished the project by Friday.	আমি শুক্রবারের মধ্যে প্রকল্পটি শেষ করব।
I will have read this book by the weekend.	আমি সপ্তাহান্তে এই বই পড়া হবে.
I will have saved enough money by summer.	আমি গ্রীষ্মের মধ্যে যথেষ্ট টাকা সঞ্চয় হবে.
I will study at home tonight.	আজ রাতে বাসায় বসে পড়বো।
I wish I had studied harder.	আমি যদি আরও কঠিন পড়াশোনা করতাম।
I wish I knew the answer.	আমি যদি উত্তর জানতাম.
I wish I were at the beach now.	আমি যদি এখন সৈকতে থাকতাম।
I wish I were good at math.	আমি যদি গণিতে ভাল হতাম।
I wish I were not so tired.	আমি যদি এত ক্লান্ত না হই।
I wish I were taller.	আমি যদি লম্বা হতাম।
I wish I were with my family.	আমি যদি আমার পরিবারের সাথে থাকতাম।
I wish it were summer all year.	আমি যদি সারা বছর গ্রীষ্ম হয়।
I woke up early every morning.	আমি প্রতিদিন ভোরে ঘুম থেকে উঠতাম।
I won't be staying late tonight.	আমি আজ রাতে থাকব না।
I won't be using the car tonight.	আমি আজ রাতে গাড়ি ব্যবহার করব না।
I won't forget your birthday.	আমি তোমার জন্মদিন ভুলব না.
I won't go tomorrow.	আমি কাল যাব না।
I won't have finished by then.	আমি ততক্ষণে শেষ করব না।
I wore new shoes.	আমি নতুন জুতা পরেছিলাম।
I work as an engineer.	আমি ইঞ্জিনিয়ার হিসেবে কাজ করি।
I work at a company.	আমি একটা কোম্পানিতে কাজ করি।
I work at a hospital.	আমি একটি হাসপাতালে কাজ করি।
I work from home on Fridays.	আমি শুক্রবার বাড়ি থেকে কাজ করি।
I work until evening.	সন্ধ্যা পর্যন্ত কাজ করি।
I work with a great team.	আমি একটি দুর্দান্ত দলের সাথে কাজ করি।
I work.	আমি কাজ করি।
I worked as a career counselor.	আমি পেশা পরামর্শদাতা হিসাবে কাজ করেছি।
I worked late last night.	আমি গত রাতে কাজ করেছি।
I worked late yesterday.	আমি গতকাল দেরিতে কাজ করেছি।
I would like a .	আমি একটি চাই.
I would like a cup of coffee.	আমি এক কাপ কফি চাই
I would like to book a room.	আমি একটি রুম বুক করতে চাই
I would like to greet you	আমি আপনাকে শুভেচ্ছা জানাতে চাই
I would like to thank you.	আমি আপনাকে ধন্যবাদ দিতে চাই.
I would love to visit Japan.	আমি জাপানে যেতে চাই।
I would prefer to walk.	আমি হাঁটতে পছন্দ করব।
I would rather stay home.	আমি বরং বাড়িতে থাকতে চাই.
I wouldn't do that if I were you.	তুমি থাকলে আমি এমন করতাম না।
I write a letter.	আমি একটি চিঠি লিখি।
I write a report on the computer.	আমি কম্পিউটারে একটি প্রতিবেদন লিখি।
I write with a pen.	আমি কলম দিয়ে লিখি।
I wrote a letter.	আমি একটা চিঠি লিখেছিলাম।
I wrote a report.	আমি একটি প্রতিবেদন লিখেছিলাম।
I'd like a beer, please.	আমি একটি বিয়ার চাই, দয়া করে
I'd like the pasta, please.	আমি পাস্তা চাই, দয়া করে
I'd like to check in, please.	আমি চেক ইন করতে চাই, দয়া করে.
I'd like to check in.	আমি চেক ইন করতে চাই
I'd love to join you.	আমি আপনার সাথে যোগ দিতে চাই.
I'll be there in an hour.	আমি এক ঘন্টার মধ্যে সেখানে আসব।
I'll be thinking of you.	আমি আপনার চিন্তা করা হবে.
I'll call again later.	আমি পরে আবার কল করব।
I'll call back later.	আমি পরে কল করব।
I'll call back.	আমি কল ব্যাক করব।
I'll call in the evening.	সন্ধ্যায় ফোন করব।
I'll call you back.	আমি তোমাকে কল ব্যাক করব।
I'll call you right back.	আমি এখুনি তোমাকে কল করব।
I'll do a check-up.	আমি একটি চেক আপ করব.
I'll do my best.	আমি আমার সেরাটা করব।
I'll do the same for you.	আমি তোমার জন্য একই কাজ করব.
I'll eat cake.	আমি কেক খাবো।
I'll get off at the next stop.	আমি পরের স্টপে নামব।
I'll give a present.	আমি উপহার দেব।
I'll go by train.	আমি ট্রেনে যাবো।
I'll go to Japan to study Japanese.	আমি জাপানে জাপানি ভাষা শিখতে যাব।
I'll go together with my friend.	আমি আমার বন্ধুর সাথে একসাথে যাব।
I'll have eggs and toast.	আমি ডিম আর টোস্ট খাবো।
I'll have lemonade.	আমি লেমনেড খাব।
I'll have this, please	আমি এটা করব, দয়া করে
I'll help you with your bags.	আমি তোমার ব্যাগ নিয়ে তোমাকে সাহায্য করব।
I'll look it up online.	আমি অনলাইনে দেখব।
I'll make a call.	আমি একটা ফোন করব।
I'll open the present.	আমি বর্তমান খুলব.
I'll open the window for you.	আমি তোমার জন্য জানালা খুলে দেব।
I'll pay for everyone.	আমি প্রত্যেকের জন্য অর্থ প্রদান করব।
I'll pay in cash.	আমি নগদে পরিশোধ করব।
I'll pay you back tomorrow.	আমি তোমাকে আগামীকাল ফেরত দেব।
I'll pick you up at home.	আমি তোমাকে বাসায় তুলে নেব।
I'll prescribe some medicine for you.	আমি আপনার জন্য কিছু ওষুধ লিখে দেব।
I'll see a doctor.	আমি ডাক্তার দেখাবো।
I'll see you at seven.	সাতটায় দেখা হবে।
I'll send a confirmation email.	আমি একটি নিশ্চিতকরণ ইমেল পাঠাব.
I'll send it by LINE.	আমি এটি লাইন দ্বারা পাঠাব.
I'll send you a message.	আমি আপনাকে একটি বার্তা পাঠাব.
I'll send you the details later.	আমি আপনাকে পরে বিস্তারিত পাঠাব.
I'll stay for three days.	তিনদিন থাকব।
I'll take the blue one, please.	আমি নীলটা নেব, প্লিজ।
I'll take this one.	আমি এই এক নেব.
I'll take this.	আমি এটা নেব.
I'll think about it.	আমি এটা নিয়ে ভাবব।
I'll walk to the station.	হেঁটে স্টেশনে যাবো।
I'll watch a movie tomorrow.	আমি আগামীকাল একটি সিনেমা দেখব.
I'll withdraw money at the bank.	আমি ব্যাঙ্কে টাকা তুলে নেব।
I'll work overtime.	আমি ওভারটাইম কাজ করব।
I'll write a letter for my mother.	আমি আমার মায়ের জন্য একটি চিঠি লিখব।
I'm a little nervous.	আমি একটু নার্ভাস।
I'm a little tired today.	আমি আজ একটু ক্লান্ত.
I'm a university student.	আমি একজন বিশ্ববিদ্যালয়ের ছাত্র।
I'm always late.	আমি সবসময় দেরী করি।
I'm angry about it.	আমি এটা নিয়ে ক্ষুব্ধ।
I'm angry.	আমি রেগে আছি।
I'm annoyed.	আমি বিরক্ত।
I'm bleeding.	আমার রক্তপাত হচ্ছে।
I'm bored.	আমি বিরক্ত।
I'm completely lost.	আমি পুরোপুরি হারিয়ে গেছি।
I'm curious about it.	আমি এটা সম্পর্কে আগ্রহী.
I'm doing research related to the environment.	আমি পরিবেশ সম্পর্কিত গবেষণা করছি।
I'm excited about the trip.	আমি ট্রিপ সম্পর্কে উত্তেজিত.
I'm fine	আমি ভালো আছি
I'm fine, thanks.	আমি ভালো আছি, ধন্যবাদ.
I'm fine, thanks. And you?	আমি ভালো আছি, ধন্যবাদ. আর তুমি?
I'm fine.	আমি ভালো আছি।
I'm fine. (No thanks.)	আমি ভালো আছি। (না ধন্যবাদ।)
I'm from India.	আমি ভারত থেকে এসেছি।
I'm frustrated.	আমি হতাশ।
I'm full of energy.	আমি শক্তিতে পূর্ণ।
I'm full.	আমি পূর্ণ।
I'm going shopping today.	আমি আজ কেনাকাটা করতে যাচ্ছি.
I'm going to Kyoto next week.	আমি আগামী সপ্তাহে কিয়োটো যাচ্ছি।
I'm going to bed early tonight.	আমি আজ রাতে তাড়াতাড়ি ঘুমাতে যাচ্ছি.
I'm going to buy a new phone.	আমি একটি নতুন ফোন কিনতে যাচ্ছি.
I'm going to cook dinner tonight.	আমি আজ রাতে ডিনার রান্না করতে যাচ্ছি.
I'm going to learn to swim this summer.	আমি এই গ্রীষ্মে সাঁতার শিখতে যাচ্ছি।
I'm going to start a business.	আমি একটি ব্যবসা শুরু করতে যাচ্ছি.
I'm going to study abroad next year.	আমি পরের বছর বিদেশে পড়তে যাচ্ছি।
I'm going to take a short break.	আমি একটি ছোট বিরতি নিতে যাচ্ছি.
I'm going to the bank.	আমি ব্যাঙ্কে যাচ্ছি।
I'm going to the beach tomorrow.	আমি কাল সৈকতে যাচ্ছি।
I'm going to the hospital.	আমি হাসপাতালে যাচ্ছি.
I'm happy today.	আমি আজ খুশি।
I'm having a party on Saturday.	আমি শনিবার একটি পার্টি করছি.
I'm here.	আমি এখানে
I'm home	আমি বাড়িতে
I'm hungry.	আমি ক্ষুধার্ত.
I'm in a good mood.	আমি ভালো মেজাজে আছি।
I'm in love.	আমি প্রেমে পড়েছি।
I'm interested in learning languages.	আমি ভাষা শিখতে আগ্রহী।
I'm just looking, thanks.	আমি শুধু খুঁজছি, ধন্যবাদ.
I'm learning English.	আমি ইংরেজি শিখছি
I'm learning new skills at work.	আমি কর্মক্ষেত্রে নতুন দক্ষতা শিখছি।
I'm leaving home and coming back	আমি বাড়ি ছেড়ে ফিরে আসছি
I'm leaving in 5 minutes.	আমি ৫ মিনিটের মধ্যে চলে যাচ্ছি।
I'm leaving the office now.	আমি এখন অফিস থেকে চলে যাচ্ছি।
I'm looking for a hotel.	আমি একটি হোটেল খুঁজছি.
I'm looking for something cheap.	আমি সস্তা কিছু খুঁজছি.
I'm lost.	আমি হারিয়ে গেছি।
I'm meeting a friend at 4.	আমি 4 এ একটি বন্ধুর সাথে দেখা করছি.
I'm most grateful / sorry	আমি সবচেয়ে কৃতজ্ঞ / দুঃখিত
I'm not sure about that.	আমি যে সম্পর্কে নিশ্চিত নই.
I'm not sure yet.	আমি এখনো নিশ্চিত নই
I'm not tired today.	আমি আজ ক্লান্ত নই।
I'm off (and will return)	আমি বন্ধ (এবং ফিরে আসব)
I'm off (said when leaving)	আমি বন্ধ (যাওয়ার সময় বলেছিলাম)
I'm off work today.	আমি আজ কাজ বন্ধ.
I'm out of money.	আমার টাকা শেষ।
I'm planning a trip next month.	আমি পরের মাসে একটি ট্রিপ পরিকল্পনা করছি.
I'm proud of you.	আমি তোমাকে নিয়ে গর্বিত
I'm reading an interesting book.	আমি একটি আকর্ষণীয় বই পড়ছি.
I'm really looking forward to it.	আমি সত্যিই এটার জন্য উন্মুখ.
I'm sad.	আমি দুঃখিত
I'm saving for a new phone.	আমি একটি নতুন ফোনের জন্য সঞ্চয় করছি।
I'm saving up my allowance.	আমি আমার ভাতা সঞ্চয় করছি.
I'm scared of spiders.	আমি মাকড়সাকে ​​ভয় পাই।
I'm scared.	আমি ভয় পাচ্ছি।
I'm sleepy, I want to sleep.	আমার ঘুম পাচ্ছে, আমি ঘুমাতে চাই।
I'm sleepy.	আমার ঘুম পাচ্ছে
I'm so happy today.	আমি আজ খুব খুশি.
I'm sorry	আমি দুঃখিত
I'm sorry.	আমি দুঃখিত
I'm sorry. (casual)	আমি দুঃখিত (নৈমিত্তিক)
I'm studying Japanese.	আমি জাপানি ভাষা শিখছি।
I'm studying for the exam.	আমি পরীক্ষার জন্য পড়াশোনা করছি।
I'm thirsty.	আমি তৃষ্ণার্ত.
I'm tired from work.	আমি কাজ করে ক্লান্ত।
I'm tired today.	আমি আজ ক্লান্ত
I'm twenty-five years old.	আমার বয়স পঁচিশ বছর।
I'm very sorry	আমি খুব দুঃখিত
I'm worried about the exam.	আমি পরীক্ষা নিয়ে চিন্তিত।
I'm worried.	আমি চিন্তিত.
I've already finished the book.	আমি ইতিমধ্যে বইটি শেষ করেছি।
I've come to be able to speak Japanese.	আমি জাপানি বলতে সক্ষম হতে এসেছি।
I've decided not to drink alcohol.	আমি অ্যালকোহল পান না করার সিদ্ধান্ত নিয়েছি।
I've just arrived.	আমি এইমাত্র পৌঁছেছি.
I've started eating vegetables.	আমি সবজি খাওয়া শুরু করেছি।
I, me (male or female)	আমি, আমি (পুরুষ বা মহিলা)
I, me (males only)	আমি, আমি (শুধুমাত্র পুরুষ)
ID	আইডি
IT	আইটি
Ice	বরফ
If I felt better, I would come.	ভালো লাগলে আসতাম।
If I find out the address, I'll tell you.	ঠিকানা খুঁজে পেলে জানাব।
If I get hungry, I'll eat bread.	খিদে পেলে রুটি খাব।
If I go to Japan, I will eat sushi.	জাপানে গেলে সুশি খাব।
If I had a car, I would drive to work.	আমার যদি একটি গাড়ি থাকত, আমি গাড়ি চালিয়ে কাজ করতাম।
If I had known, I would have come earlier.	জানলে আগেই আসতাম।
If I had money, I would travel.	আমার কাছে টাকা থাকলে আমি ভ্রমণ করতাম।
If I had more time, I would travel more.	আমার যদি আরও সময় থাকত তবে আমি আরও ভ্রমণ করতাম।
If I had studied medicine, I would be a doctor now.	ডাক্তারি পড়লে এখন ডাক্তার হতাম।
If I had wings, I would fly.	আমার যদি ডানা থাকত তবে আমি উড়ে যেতাম।
If I have money, I'll buy a car.	টাকা থাকলে একটা গাড়ি কিনব।
If I have time, I will visit you.	যদি সময় থাকে, আমি আপনার সাথে দেখা করব।
If I have time, I'll go to see you.	সময় পেলে দেখা করতে যাবো।
If I have time, I'll go to the library.	সময় পেলে লাইব্রেরিতে যাবো।
If I have time, I'll help.	আমার সময় থাকলে আমি সাহায্য করব।
If I knew the answer, I would tell you.	উত্তর জানলে বলতাম।
If I sleep early, I can wake up early.	আমি যদি তাড়াতাড়ি ঘুমাই তবে আমি তাড়াতাড়ি ঘুম থেকে উঠতে পারি।
If I were a bird, I would fly high.	আমি যদি পাখি হতাম, আমি উড়ে যেতাম।
If I were a doctor, I would help people.	আমি যদি একজন ডাক্তার হতাম, আমি মানুষকে সাহায্য করতাম।
If I were a millionaire, I would donate.	আমি যদি কোটিপতি হতাম, আমি দান করতাম।
If I were an artist, I would paint.	আমি শিল্পী হলে ছবি আঁকতাম।
If I were famous, people would know me.	আমি বিখ্যাত হলে মানুষ আমাকে চিনত।
If I were in your shoes, I would quit.	আমি যদি তোমার জুতা থাকতাম, আমি ছেড়ে দিতাম।
If I were rich, I would travel the world.	আমি যদি ধনী হতাম, আমি বিশ্ব ভ্রমণ করতাম।
If I were you, I would accept the offer.	আমি যদি আপনি হতাম, আমি প্রস্তাবটি গ্রহণ করতাম।
If I were you, I would apologize.	আমি যদি তুমি হতাম, আমি ক্ষমা চাইতাম।
If I were you, I would rest.	আমি যদি তুমি হতাম, আমি বিশ্রাম নিতাম।
If I were you, I would see a doctor.	আমি যদি আপনি হতাম, আমি একজন ডাক্তার দেখাতাম।
If I were you, I wouldn't worry.	আমি যদি তুমি হতাম, আমি চিন্তা করতাম না।
If I were younger, I would learn to sing.	ছোট হলে গান শিখতাম।
If I'm busy, I won't go.	আমি ব্যস্ত থাকলে আমি যাব না।
If he practiced, he would play well.	অনুশীলন করলে ভালো খেলতেন।
If he were here, he would help us.	তিনি এখানে থাকলে তিনি আমাদের সাহায্য করতেন।
If he were smarter, he would pass.	সে যদি বুদ্ধিমান হতো তাহলে সে পাস করতো।
If it doesn't rain, the game will go on.	বৃষ্টি না হলে খেলা চলবে।
If it is sunny tomorrow, we will go to the park.	কাল যদি রোদ থাকে, আমরা পার্কে যাব।
If it rains, I will stay at home.	বৃষ্টি হলে বাড়িতেই থাকব।
If it rains, I will stay home.	বৃষ্টি হলে বাড়িতে থাকব।
If it rains, I won't take a walk.	যদি বৃষ্টি হয়, আমি হাঁটব না।
If it rains, I'll stay home.	বৃষ্টি হলে বাড়িতে থাকব।
If it snows, we will make a snowman.	যদি তুষারপাত হয়, আমরা একটি তুষারমানব তৈরি করব।
If it were colder, we would need coats.	যদি এটি ঠান্ডা হয়, তাহলে আমাদের কোট লাগবে।
If it were sunny, we would go out.	রোদ থাকলে আমরা বেরিয়ে পড়তাম।
If it were to rain, the event would be cancelled.	বৃষ্টি হলে অনুষ্ঠান বাতিল হয়ে যেত।
If it's Japanese, I understand a little.	যদি জাপানি হয়, আমি একটু বুঝি।
If it's a holiday, I'll stay home.	ছুটির দিন হলে বাড়িতেই থাকব।
If it's cheap, I'll buy it.	যদি এটা সস্তা হয়, আমি এটা কিনব.
If it's cold, I'll wear a coat.	ঠান্ডা হলে আমি একটা কোট পরব।
If it's expensive, I won't buy it.	যদি এটি ব্যয়বহুল হয়, আমি এটি কিনব না।
If it's hot, I'll turn on the AC.	গরম হলে আমি এসি চালু করে দেব।
If it's sunny tomorrow, I'll go to the park.	কাল যদি রোদ থাকে, আমি পার্কে যাব।
If it's this, it's fine.	যদি এটা হয়, এটা ঠিক আছে.
If it's tomorrow, I can go.	যদি কাল হয়, আমি যেতে পারি।
If it's too much, let's stop.	যদি এটি খুব বেশি হয়, আসুন বন্ধ করি।
If only she were here!	সে যদি এখানে থাকত!
If she calls, tell her I'm busy.	যদি সে কল করে, তাকে বলুন আমি ব্যস্ত।
If she comes, I'll talk to her.	যদি সে আসে, আমি তার সাথে কথা বলব।
If she had time, she would help.	যদি তার সময় থাকে তবে সে সাহায্য করবে।
If she hadn't missed the train, she would be here.	যদি সে ট্রেন মিস না করত, সে এখানেই থাকত।
If she knew, she would help.	যদি সে জানত, সে সাহায্য করবে।
If she were here, she would laugh.	এখানে থাকলে সে হাসত।
If she were the boss, things would change.	তিনি বস হলে সবকিছু বদলে যাবে।
If she won, she would be happy.	জিতলে সে খুশি হবে।
If the price were lower, I would buy it.	দাম কম হলে কিনতাম।
If there were more time, we could rest.	আরও সময় থাকলে আমরা বিশ্রাম নিতে পারতাম।
If they come early, we will start.	যদি তারা তাড়াতাড়ি আসে, আমরা শুরু করব।
If they were here, they would enjoy it.	তারা এখানে থাকলে তারা এটি উপভোগ করবে।
If we leave now, we will catch the train.	এখন চলে গেলে ট্রেন ধরব।
If we miss the train, we will be late.	ট্রেন মিস করলে আমাদের দেরি হবে।
If we were rich, we would buy a house.	ধনী হলে বাড়ি কিনতাম।
If we won the lottery, we would buy a house.	লটারি জিতলে আমরা একটা বাড়ি কিনতাম।
If we work together, we can finish.	একসঙ্গে কাজ করলে শেষ করতে পারব।
If you are hungry, have some bread.	ক্ষুধার্ত হলে কিছু রুটি খান।
If you ask me, we should wait.	আপনি যদি আমাকে জিজ্ঞাসা করেন, আমাদের অপেক্ষা করা উচিত।
If you don't hurry, you will miss the bus.	আপনি যদি তাড়াহুড়া না করেন তবে আপনি বাসটি মিস করবেন।
If you don't sleep, you will be tired.	ঘুম না হলে ক্লান্ত হয়ে পড়বে।
If you don't understand, please ask.	যদি আপনি বুঝতে না পারেন, অনুগ্রহ করে জিজ্ঞাসা করুন.
If you eat too much, you will feel sick.	বেশি খেলে অসুস্থ বোধ করবেন।
If you freeze water, it becomes ice.	পানি জমে গেলে বরফে পরিণত হয়।
If you heat water, it boils.	পানি গরম করলে ফুটে ওঠে।
If you hurry, you'll make it.	আপনি যদি তাড়াহুড়ো করেন তবে আপনি এটি তৈরি করবেন।
If you look, you'll understand.	দেখলেই বুঝতে পারবেন।
If you mix red and white, you get pink.	আপনি যদি লাল এবং সাদা মিশ্রিত করেন তবে আপনি গোলাপী পাবেন।
If you press the button, the door opens.	বোতাম টিপলে দরজা খুলে যায়।
If you press this button, the machine stops.	আপনি এই বোতাম টিপুন, মেশিন স্টপ.
If you study hard, you will pass.	কষ্ট করে লেখাপড়া করলে পাশ করবে।
If you study, you'll get good at it.	আপনি যদি পড়াশোনা করেন তবে আপনি এতে ভাল পাবেন।
If you study, you'll understand.	পড়ালেখা করলেই বুঝতে পারবেন।
If you touch fire, you get burned.	আগুন স্পর্শ করলে পুড়ে যাবে।
If you were me, what would you say?	তুমি যদি আমি হতাম, কি বলতে?
If you were near me, I'd be happy.	তুমি আমার কাছাকাছি থাকলে আমি খুশি হতাম।
In light of recent events, the meeting was postponed.	সাম্প্রতিক ঘটনার আলোকে বৈঠকটি স্থগিত করা হয়।
In my opinion, it's too expensive.	আমার মতে, এটি খুব ব্যয়বহুল।
In terms of cost, this is the better option.	খরচের পরিপ্রেক্ষিতে, এটি আরও ভাল বিকল্প।
In terms of expenses, transport costs are high.	খরচের দিক থেকে পরিবহন খরচ বেশি।
In the morning when the sun rises, it's cold.	সকালে যখন সূর্য ওঠে, তখন ঠান্ডা।
Independence Day	স্বাধীনতা দিবস
Indian food is spicy.	ভারতীয় খাবার মশলাদার।
Is card okay?	কার্ড ঠিক আছে?
Is he your father?	সে কি তোমার বাবা?
Is it already over?	এটা ইতিমধ্যে শেষ?
Is it far from here?	এটা কি এখান থেকে অনেক দূরে?
Is it far to the beach?	এটা কি সৈকত থেকে দূরে?
Is it free?	এটা বিনামূল্যে?
Is it okay if I don't come tomorrow?	আমি কাল না এলে কি ঠিক হবে?
Is she a student?	সে কি ছাত্রী?
Is she going to join us?	সে কি আমাদের সাথে যোগ দিতে যাচ্ছে?
Is she watching TV?	সে কি টিভি দেখছে?
Is that person a teacher?	সেই ব্যক্তি কি একজন শিক্ষক?
Is the beach far from here?	সমুদ্র সৈকত এখান থেকে অনেক দূরে?
Is the shrimp fresh?	চিংড়ি কি তাজা?
Is there Wi-Fi?	ওয়াই-ফাই আছে?
Is there a discount?	একটি ডিসকাউন্ট আছে?
Is there a police station nearby?	কাছাকাছি কোন থানা আছে?
Is there a shortcut?	একটি শর্টকাট আছে?
Is there any bread left?	কোন রুটি বাকি আছে?
Is there any sugar?	কোন চিনি আছে?
Is there anything else I can help you with?	আমি আপনাকে সাহায্য করতে পারি অন্য কিছু আছে?
Is there free Wi-Fi?	বিনামূল্যে Wi-Fi আছে?
Is this a book?	এটা কি বই?
Is this dish vegetarian?	এই খাবারটি কি নিরামিষ?
Is this on sale?	এটা কি বিক্রি হচ্ছে?
It can get very cold here in winter.	শীতকালে এখানে খুব ঠান্ডা হতে পারে।
It costs ten dollars.	এর দাম দশ ডলার।
It could be argued that the policy is outdated.	এটা যুক্তি হতে পারে যে নীতিটি পুরানো।
It doesn't matter.	এটা কোন ব্যাপার না.
It feels good.	ভালো লাগছে।
It has a big window.	এটি একটি বড় জানালা আছে.
It has been raining all day.	সারাদিন বৃষ্টি হয়েছে।
It has stopped raining.	বৃষ্টি থেমে গেছে।
It hurts here.	এটা এখানে ব্যাথা.
It is a beautiful day.	এটি একটি সুন্দর দিন.
It is a pretty flower.	এটি একটি সুন্দর ফুল।
It is an interesting book.	এটি একটি আকর্ষণীয় বই.
It is cold outside.	বাইরে ঠান্ডা।
It is conduct unbecoming of a doctor.	এটা একজন ডাক্তারের আচরণ অশোভন।
It is essential that everyone attend.	সকলের উপস্থিতি একান্ত কাম্য।
It is getting dark.	অন্ধকার হয়ে আসছে।
It is not expensive.	এটি ব্যয়বহুল নয়।
It is not money that matters most.	এটা সবচেয়ে গুরুত্বপূর্ণ যে টাকা নয়.
It is raining.	বৃষ্টি হচ্ছে।
It is snowing.	তুষারপাত হচ্ছে।
It is vital that every vote be counted.	প্রতিটি ভোট গণনা করা জরুরী।
It looks like a mild infection.	এটি একটি হালকা সংক্রমণের মত দেখাচ্ছে।
It looks like it might rain.	মনে হচ্ছে বৃষ্টি হতে পারে।
It looks like it's going to rain.	মনে হচ্ছে বৃষ্টি নামবে।
It looks like rain.	মনে হচ্ছে বৃষ্টি।
It matters not just at work but in private life too.	এটা শুধু কর্মক্ষেত্রে নয় ব্যক্তিগত জীবনেও গুরুত্বপূর্ণ।
It may be difficult at first.	এটি প্রথমে কঠিন হতে পারে।
It may take some time.	কিছু সময় লাগতে পারে।
It might rain later.	পরে বৃষ্টি হতে পারে।
It might snow tonight.	আজ রাতে তুষারপাত হতে পারে।
It often rains in October.	অক্টোবরে প্রায়ই বৃষ্টি হয়।
It rained all day.	সারাদিন বৃষ্টি হলো।
It rained yesterday.	গতকাল বৃষ্টি হয়েছে।
It takes thirty minutes.	ত্রিশ মিনিট সময় লাগে।
It was a stressful week.	এটি একটি চাপযুক্ত সপ্তাহ ছিল।
It was a wonderful party.	এটি একটি চমৎকার পার্টি ছিল.
It was boring, so I turned off the TV.	এটা বিরক্তিকর ছিল, তাই আমি টিভি বন্ধ.
It was cold yesterday.	গতকাল ঠান্ডা ছিল।
It was my brother who called yesterday.	গতকাল আমার ভাই ফোন করেছিল।
It was raining all night.	সারারাত বৃষ্টি হচ্ছিল।
It was the best day of my life.	এটা আমার জীবনের শ্রেষ্ঠ দিন ছিল.
It will be 30 degrees today.	আজ তা 30 ডিগ্রি হবে।
It will be a great day.	এটি একটি মহান দিন হবে.
It will probably be sunny tomorrow too.	আগামীকালও সম্ভবত রোদ উঠবে।
It won't take long.	বেশি সময় লাগবে না।
It'd be great if you could speak Japanese.	আপনি জাপানি বলতে পারলে খুব ভালো হবে।
It's 15 minutes before.	এটা 15 মিনিট আগে.
It's 26 degrees.	এটা 26 ডিগ্রি।
It's 300 yen.	এটা 300 ইয়েন।
It's 5 o'clock now.	এখন ৫টা বাজে।
It's 5,000 yen.	এটা 5,000 ইয়েন।
It's 5:30 now.	এখন 5:30 বাজে
It's September 15th.	এটা 15 সেপ্টেম্বর।
It's a bit over my budget.	এটা আমার বাজেটের একটু বেশি।
It's a gift for my friend.	এটা আমার বন্ধুর জন্য একটি উপহার.
It's a gift, please.	এটা একটা উপহার, দয়া করে.
It's a little big.	এটা একটু বড়.
It's a quarter to five.	সাড়ে পাঁচটা বাজে।
It's a surprise party!	এটা একটা সারপ্রাইজ পার্টি!
It's a ten-minute walk.	দশ মিনিটের হাঁটা পথ।
It's about 1,000 yen.	এটি প্রায় 1,000 ইয়েন।
It's about a five-minute walk.	প্রায় পাঁচ মিনিটের হাঁটা পথ।
It's become winter (recently).	শীত হয়ে গেছে (সম্প্রতি)।
It's been a long day.	এটা অনেক দিন হয়েছে.
It's been a long time.	অনেক দিন হয়ে গেল।
It's cloudy.	মেঘলা।
It's cold, isn't it.	ঠান্ডা, তাই না।
It's expensive but beautiful.	এটা ব্যয়বহুল কিন্তু সুন্দর.
It's foggy this morning.	আজ সকালে কুয়াশাচ্ছন্ন।
It's freezing cold.	জমে ঠাণ্ডা।
It's getting cooler.	এটা ঠান্ডা হচ্ছে.
It's getting late.	দেরি হয়ে যাচ্ছে।
It's good for health.	এটা স্বাস্থ্যের জন্য ভালো।
It's half an hour later.	আধঘণ্টা পরের কথা।
It's half past three.	সাড়ে তিনটা বাজে।
It's hot today, isn't it.	আজ খুব গরম, তাই না।
It's nice weather today, isn't it.	আজকে আবহাওয়া চমৎকার, তাই না।
It's okay.; Not to worry.; Everything is under control.	এটা ঠিক আছে.; চিন্তা করবেন না.; সবকিছু নিয়ন্ত্রণে আছে।
It's on me today.	এটা আজ আমার উপর.
It's open until 5 pm today.	আজ বিকেল ৫টা পর্যন্ত খোলা থাকে।
It's out of stock.	এটা স্টক শেষ.
It's raining outside.	বাইরে বৃষ্টি হচ্ছে।
It's raining.	বৃষ্টি হচ্ছে।
It's really hot today.	আজ সত্যিই গরম।
It's snowing.	তুষারপাত হচ্ছে
It's sunny today.	আজ রোদ উঠেছে
It's ten past eight.	আটটা বেজে দশটা।
It's too hard for me, I can't do it.	এটা আমার জন্য খুব কঠিন, আমি এটা করতে পারি না.
It's very hot today.	আজ খুব গরম।
January	জানুয়ারি
Japan	জাপান
Japanese (language)	জাপানি (ভাষা)
Japanese bedding; futon	জাপানি বিছানা; ফুটন
Japanese buckwheat noodle	জাপানি বকউইট নুডল
Japanese cars are famous.	জাপানি গাড়ি বিখ্যাত।
Japanese cedar	জাপানি সিডার
Japanese chess	জাপানি দাবা
Japanese class is fun.	জাপানি ক্লাস মজাদার।
Japanese clothes	জাপানি পোশাক
Japanese food is delicious.	জাপানি খাবার সুস্বাদু।
Japanese hotel	জাপানি হোটেল
Japanese is difficult, but interesting.	জাপানি কঠিন, কিন্তু আকর্ষণীয়।
Japanese is hard to speak but easy to listen to.	জাপানি ভাষায় কথা বলা কঠিন কিন্তু শুনতে সহজ।
Japanese is harder than English.	জাপানি ইংরেজির চেয়ে কঠিন।
Japanese language	জাপানি ভাষা
Japanese person	জাপানি ব্যক্তি
Japanese soup bowl; wooden bowl	জাপানি স্যুপ বাটি; কাঠের বাটি
Japanese straw mat	জাপানি খড় মাদুর
Japanese style door	জাপানি শৈলী দরজা
Japanese teacher	জাপানি শিক্ষক
Japanese-English	জাপানি-ইংরেজি
Juice	রস
July	জুলাই
June	জুন
Just a little.	একটু।
Kabuki; traditional Japanese theatrical art	কাবুকি; ঐতিহ্যবাহী জাপানি নাট্য শিল্প
Keep practicing every day.	প্রতিদিন অনুশীলন করতে থাকুন।
Key	চাবি
Korea	কোরিয়া
Koto (Japanese harp)	কোটো (জাপানি বীণা)
Lantern Festival; Festival of the Dead; tray	লণ্ঠন উৎসব; মৃতদের উত্সব; ট্রে
Las Vegas	লাস ভেগাস
Last Sunday I went to the sea.	গত রবিবার সমুদ্রে গিয়েছিলাম।
Last month was December.	গত মাস ছিল ডিসেম্বর।
Learning a language takes time.	একটি ভাষা শেখার সময় লাগে।
Let me check my schedule.	আমাকে আমার সময়সূচী পরীক্ষা করতে দিন.
Let me know if you need anything.	আপনার কিছু প্রয়োজন হলে আমাকে জানান.
Let me think about it.	আমাকে এটা সম্পর্কে চিন্তা করতে দিন.
Let's all toast!	এর সব টোস্ট করা যাক!
Let's begin.	শুরু করা যাক.
Let's blow out the candles.	আসুন মোমবাতি নিভিয়ে দেই।
Let's clean up tomorrow morning.	কাল সকালে পরিষ্কার করি।
Let's cook.	চল রান্না করি।
Let's dance!	চল নাচ!
Let's dance.	চল নাচ।
Let's discuss this.	এর আলোচনা করা যাক.
Let's do homework together.	আসুন একসাথে হোমওয়ার্ক করি।
Let's do it another day.	আরেকদিন করি।
Let's do something fun.	মজার কিছু করি।
Let's eat together.	চল একসাথে খাই।
Let's eat! (before a meal)	চল খাই! (খাওয়ার আগে)
Let's finish.	শেষ করা যাক।
Let's go by bus.	চল বাসে যাই।
Let's go by taxi.	চলো ট্যাক্সি করে যাই।
Let's go by train.	চল ট্রেনে যাই।
Let's go eat lunch.	চল দুপুরের খাবার খেতে যাই।
Let's go home together.	চল একসাথে বাসায় যাই।
Let's go on a nice day.	একটি সুন্দর দিন যেতে দিন.
Let's go out for dinner.	চল ডিনারের জন্য বাইরে যাই।
Let's go shopping.	চলো কেনাকাটা করি।
Let's go to a new restaurant.	চল নতুন রেস্টুরেন্টে যাই।
Let's go.	চল যাই।
Let's grab coffee sometime.	চলো কফি খাই।
Let's have breakfast together.	চল একসাথে নাস্তা করি।
Let's have coffee.	চলো কফি খাই।
Let's make a toast!	এর একটি টোস্ট করা যাক!
Let's meet again soon.	শীঘ্রই আবার দেখা করা যাক.
Let's meet again tomorrow.	কাল আবার দেখা হবে।
Let's meet at 3 pm.	দেখা যাক বিকাল ৩টায়।
Let's meet at the station.	স্টেশনে দেখা করি।
Let's meet in front of the station.	স্টেশনের সামনে দেখা করি।
Let's order a pizza.	আসুন পিজ্জা অর্ডার করি।
Let's play tennis.	আসুন টেনিস খেলি।
Let's play.	চলো খেলি।
Let's rest.	চল বিশ্রাম করি।
Let's schedule a call.	এর একটি কল শিডিউল করা যাক.
Let's sing a song.	আসুন একটি গান গাই।
Let's stay home because of the rain.	বৃষ্টির কারণে ঘরেই থাকি।
Let's stop here for today.	আজকের জন্য এখানে থামা যাক.
Let's study Japanese.	আসুন জাপানি অধ্যয়ন করি।
Let's study together.	আসুন একসাথে পড়াশুনা করি।
Let's take a coffee break.	কফি ব্রেক নেওয়া যাক।
Let's take a group photo.	আসুন একটি গ্রুপ ছবি তুলি।
Let's take a walk.	চল একটু হাঁটাহাঁটি করি।
Let's talk on video tomorrow.	আগামীকাল ভিডিওতে কথা বলা যাক।
Let's talk tomorrow.	কাল কথা বলি।
Let's talk while walking.	হাঁটার সময় কথা বলি।
Let's text instead.	এর পরিবর্তে টেক্সট করা যাক.
Let's visit the museum.	জাদুঘর পরিদর্শন করা যাক.
Let's wait here.	এখানে অপেক্ষা করা যাক.
Let's watch a movie.	চলুন একটা মুভি দেখি।
Lion	সিংহ
Look at the clouds! It's going to rain.	মেঘের দিকে তাকাও! বৃষ্টি হচ্ছে।
Look at those clouds — it is going to rain.	ঐ মেঘের দিকে তাকাও—বৃষ্টি হচ্ছে।
Look! It is raining outside.	দেখো! বাইরে বৃষ্টি হচ্ছে।
Los Angeles	লস এঞ্জেলেস
Many people work at the factory.	কারখানায় অনেকেই কাজ করেন।
March	মার্চ
Mars (planet)	মঙ্গল (গ্রহ)
May	মে
May I ask a question?	আমি একটি প্রশ্ন জিজ্ঞাসা করতে পারি?
May I ask how you'll be paying?	আমি কি জিজ্ঞাসা করতে পারি আপনি কীভাবে অর্থ প্রদান করবেন?
May I ask your phone number?	আমি কি আপনার ফোন নম্বর জিজ্ঞাসা করতে পারি?
May I come in?	আমি কি ভিতরে আসতে পারি?
May I have a receipt?	আমি কি একটি রসিদ পেতে পারি?
May I have a room key?	আমি কি রুমের চাবি পেতে পারি?
May I speak to Maria?	আমি কি মারিয়ার সাথে কথা বলতে পারি?
May I take a photo here?	আমি কি এখানে একটি ছবি তুলতে পারি?
May I take a photo?	আমি কি ছবি তুলতে পারি?
May I take photos here?	আমি কি এখানে ছবি তুলতে পারি?
May I use your phone?	আমি কি আপনার ফোন ব্যবহার করতে পারি?
May all your wishes come true.	আপনার সব ইচ্ছা পূরণ হোক.
Merry Christmas!	শুভ বড়দিন!
Middle Ages; mediaeval times	মধ্যযুগ; মধ্যযুগীয় সময়
Milk	দুধ
Mine is red.	খনি লাল।
Miss	মিস
Monday	সোমবার
Monday (short)	সোমবার (সংক্ষিপ্ত)
Money doesn't grow on trees.	টাকা গাছে জন্মায় না।
Mount Everest is the highest mountain.	মাউন্ট এভারেস্ট সর্বোচ্চ পর্বত।
Mr	মি
Mr. Tanaka came.	তানাকা সাহেব এলেন।
Mr. Tanaka is a teacher.	মিঃ তানাকা একজন শিক্ষক।
Mr./Ms....	জনাব/সুশ্রী...
Mrs	মিসেস
Mt. Fuji is the highest mountain in Japan.	মাউন্ট ফুজি জাপানের সর্বোচ্চ পর্বত।
Much as I admire him, I disagree with this decision.	আমি তাকে যতটা প্রশংসা করি, আমি এই সিদ্ধান্তের সাথে একমত নই।
Municipal Hospital	পৌর হাসপাতাল
My English is getting better.	আমার ইংরেজি ভালো হচ্ছে।
My battery is dying.	আমার ব্যাটারি মারা যাচ্ছে.
My battery is low.	আমার ব্যাটারি কম।
My birthday is on 5 May.	আমার জন্মদিন ৫ মে।
My brother is taller than me.	আমার ভাই আমার থেকে লম্বা।
My brother studies abroad.	আমার ভাই বিদেশে পড়াশোনা করে।
My car was stolen last night.	গতকাল রাতে আমার গাড়ি চুরি হয়েছে।
My cat sleeps all day.	আমার বিড়াল সারাদিন ঘুমায়।
My class ends at three.	আমার ক্লাস তিনটায় শেষ হয়।
My commute takes an hour.	আমার যাতায়াত এক ঘন্টা লাগে.
My company is in Tokyo.	আমার কোম্পানি টোকিওতে।
My cousin lives abroad.	আমার চাচাতো ভাই বিদেশে থাকে।
My father is a doctor.	আমার বাবা একজন ডাক্তার।
My father is not tall.	আমার বাবা লম্বা না।
My father works at a university.	আমার বাবা একটি বিশ্ববিদ্যালয়ে চাকরি করেন।
My father works in a hospital.	আমার বাবা একটা হাসপাতালে চাকরি করেন।
My father works.	আমার বাবা চাকরি করেন।
My father's car is red.	আমার বাবার গাড়ি লাল।
My favorite is ramen.	আমার প্রিয় রামেন।
My friend brought a cake (came with it).	আমার বন্ধু একটি কেক নিয়ে এসেছিল (এটি নিয়ে এসেছিল)।
My friend lives in India.	আমার বন্ধু ভারতে থাকে।
My friend made me a cake.	আমার বন্ধু আমাকে কেক বানিয়েছে।
My grades improved a lot.	আমার গ্রেড অনেক উন্নত.
My grades improved.	আমার গ্রেড উন্নত.
My grandfather cooks dinner.	আমার দাদা রাতের খাবার রান্না করেন।
My grandfather is eighty.	আমার দাদার বয়স আশি।
My grandmother is wise.	আমার দাদী জ্ঞানী।
My grandmother tells great stories.	আমার দাদি দারুণ গল্প বলেন।
My house is bigger than yours.	আমার বাড়ি তোমার থেকে বড়।
My house is here.	আমার বাড়ি এখানে।
My mother is a teacher.	আমার মা একজন শিক্ষক।
My mother is good at cooking.	আমার মা রান্নায় ভালো।
My mother is kind.	আমার মা দয়ালু।
My mother is well.	আমার মা ভালো আছেন।
My name is Alex.	আমার নাম অ্যালেক্স।
My older sister lives in India.	আমার বড় বোন ভারতে থাকে।
My phone broke.	আমার ফোন ভেঙ্গে গেল।
My phone is in my pocket.	আমার ফোন আমার পকেটে আছে।
My phone is on silent.	আমার ফোন সাইলেন্ট আছে।
My phone was stolen.	আমার ফোন চুরি হয়ে গেছে।
My salary increased.	আমার বেতন বেড়েছে।
My schedule is busy this week.	আমার সময়সূচী এই সপ্তাহে ব্যস্ত.
My sister and I grow flowers.	আমি এবং আমার বোন ফুল চাষ করি।
My sister has two children.	আমার বোনের দুটি সন্তান রয়েছে।
My sister made a cake and brought it.	আমার বোন কেক বানিয়ে এনেছে।
My stomach hurts.	আমার পেট ব্যাথা করছে।
My temperature is normal.	আমার তাপমাত্রা স্বাভাবিক।
My throat hurts.	আমার গলা ব্যাথা করছে।
My wallet was found on the street.	রাস্তায় আমার মানিব্যাগ পাওয়া গেছে.
National Diet; parliament; congress	জাতীয় খাদ্য; সংসদ কংগ্রেস
Never have I seen such a beautiful sunset.	এত সুন্দর সূর্যাস্ত আমি কখনো দেখিনি।
New Year's	নববর্ষের
New Year's Day	নববর্ষের দিন
Next month is busy.	পরের মাস ব্যস্ততা।
Nice to meet you	আপনার সাথে দেখা করে ভালো লাগলো
Nice to meet you (please treat me well).	আপনার সাথে দেখা করে ভাল লাগল (দয়া করে আমার সাথে ভাল আচরণ করুন)।
Nice to meet you too.	আপনার সাথে দেখা করেও ভালো লাগলো।
Nice to meet you.	আপনার সাথে দেখা করে ভালো লাগলো।
No Smoking!	নো স্মোকিং!
No ice, please.	বরফ নেই, দয়া করে।
No sooner had I left than it started raining.	আমি যেতে না যেতেই বৃষ্টি শুরু হয়ে গেল।
No, I don't have it.	না, আমার কাছে নেই।
No, not yet.	না, এখনো না।
No, she doesn't.	না, সে করে না।
No; Not at all	না; মোটেই না
North Pole	উত্তর মেরু
Nose	নাক
Not only did she win, but she also set a record.	শুধু জয়ই নয়, রেকর্ডও গড়েছেন তিনি।
Not until later did he understand the problem.	পরে সমস্যাটা বুঝতে পারেননি।
Notwithstanding the risks, they proceeded.	ঝুঁকি সত্ত্বেও, তারা এগিয়ে গেল।
November	নভেম্বর
OK	ঠিক আছে
October	অক্টোবর
Of course.	অবশ্যই।
Oh!	ওহ!
On the way back, I go to the supermarket.	ফেরার পথে সুপার মার্কেটে যাই।
On the whole, the advantages outweigh the drawbacks.	সামগ্রিকভাবে, সুবিধাগুলি ত্রুটিগুলিকে ছাড়িয়ে যায়।
On weekends I do things like shopping and watching movies.	সাপ্তাহিক ছুটির দিনে আমি কেনাকাটা এবং সিনেমা দেখার মতো জিনিসগুলি করি।
Once he starts talking, he never stops.	একবার কথা বলা শুরু করলে আর থামে না।
One bottle of beer, please.	এক বোতল বিয়ার, দয়া করে.
One glass of water, please.	এক গ্লাস জল, দয়া করে.
One more bowl of rice, please.	আর এক বাটি ভাত, প্লিজ।
One more time, please.	আরেকবার, প্লিজ।
One pair of shoes, please.	এক জোড়া জুতা, অনুগ্রহ করে।
One piece of cake, please.	এক টুকরো কেক, দয়া করে।
One slice of bread, please.	এক টুকরো রুটি, অনুগ্রহ করে।
One ticket to the airport, please.	বিমানবন্দরের একটি টিকেট, দয়া করে.
One, two, three…	এক, দুই, তিন…
Only now that things have reached this point did he realize.	এখন যে জিনিসগুলি এই পর্যায়ে পৌঁছেছে তা তিনি বুঝতে পেরেছিলেন।
Orange	কমলা
Orient	প্রাচ্য
Our office is in the city center.	আমাদের অফিস সিটি সেন্টারে।
Our teacher is very kind.	আমাদের শিক্ষক খুব দয়ালু।
Our understanding of the brain has grown.	আমাদের মস্তিষ্কের বোধগম্যতা বেড়েছে।
Outside is cold.	বাইরে ঠান্ডা।
P.M.	P.M.
PIN number	পিন নম্বর
PM (also means afternoon)	PM (ও মানে বিকেল)
Passengers must fasten their belts.	যাত্রীদের তাদের বেল্ট বেঁধে রাখতে হবে।
Pen	কলম
Please be on time.	অনুগ্রহ করে সময়মত উপস্থিত হন।
Please bring an umbrella.	দয়া করে একটা ছাতা নিয়ে আসুন।
Please call a taxi to the airport.	বিমানবন্দরে একটি ট্যাক্সি কল করুন.
Please call an ambulance.	একটি অ্যাম্বুলেন্স কল করুন.
Please call me.	আমাকে কল করুন.
Please call someone.	দয়া করে কাউকে কল করুন।
Please call the police.	দয়া করে পুলিশকে কল করুন।
Please carry this.	এটা বহন করুন.
Please close the door.	দরজা বন্ধ করুন.
Please come again.	দয়া করে আবার আসুন।
Please come back soon.	দয়া করে তাড়াতাড়ি ফিরে আসুন।
Please come here.	দয়া করে এখানে আসুন।
Please come this way.	দয়া করে এই দিকে আসুন।
Please come tomorrow.	দয়া করে আগামীকাল আসুন।
Please cut this paper.	দয়া করে এই কাগজটি কাটুন।
Please don't break it.	এটা ভেঙ্গে না দয়া করে.
Please don't come late.	দয়া করে দেরি করবেন না।
Please don't enter this room.	দয়া করে এই ঘরে প্রবেশ করবেন না।
Please don't forget.	দয়া করে ভুলবেন না.
Please don't smoke here.	দয়া করে এখানে ধূমপান করবেন না।
Please don't smoke.	দয়া করে ধূমপান করবেন না।
Please don't talk here.	দয়া করে এখানে কথা বলবেন না।
Please don't talk while eating.	খাওয়ার সময় কথা বলবেন না প্লিজ।
Please don't worry.	দয়া করে চিন্তা করবেন না।
Please drink lots of water.	অনুগ্রহ করে প্রচুর পানি পান করুন।
Please drive slowly.	দয়া করে ধীরে চালান।
Please email me the file.	আমাকে ফাইল ইমেল করুন.
Please explain it again.	এটা আবার ব্যাখ্যা করুন.
Please fasten your seatbelt.	অনুগ্রহ করে আপনার সিটবেল্ট বেঁধে নিন।
Please fill it with gas.	দয়া করে এটি গ্যাস দিয়ে পূরণ করুন।
Please fill out this form.	এই ফর্মটি পূরণ করুন.
Please get off here.	দয়া করে এখান থেকে নামুন।
Please give me a coffee.	দয়া করে আমাকে একটা কফি দিন।
Please give me coffee.	দয়া করে আমাকে কফি দিন।
Please give me some water.	দয়া করে আমাকে একটু জল দিন।
Please give me the menu.	আমাকে মেনু দিন.
Please give me this book.	দয়া করে আমাকে এই বইটি দিন।
Please give me three pens.	দয়া করে আমাকে তিনটি কলম দিন।
Please give me two apples.	আমাকে দুটি আপেল দিন।
Please give me water.	দয়া করে আমাকে জল দিন।
Please give me...	দয়া করে আমাকে দিন...
Please give my best regards (to ...)	অনুগ্রহ করে আমার শুভেচ্ছা জানান (...)
Please go buy some milk.	দয়া করে একটু দুধ কিনতে যান।
Please go straight.	দয়া করে সোজা যান।
Please go that way.	অনুগ্রহ করে ঐ দিকে যান।
Please help me!	আমাকে সাহায্য করুন!
Please help me.	আমাকে সাহায্য করুন.
Please hold on a moment.	একটি মুহূর্ত অপেক্ষা করুন.
Please leave home and come back	দয়া করে বাড়ি ছেড়ে ফিরে আসুন
Please look at this photo.	এই ফটো তাকান দয়া করে.
Please look at this.	এই দেখুন.
Please open the door.	দয়া করে দরজা খুলুন।
Please open the window.	জানালা খুলুন.
Please read this book.	অনুগ্রহ করে এই বইটি পড়ুন।
Please rest today.	আজ বিশ্রাম করুন.
Please say it again.	দয়া করে আবার বলুন।
Please say it once more.	দয়া করে আরেকবার বলুন।
Please send an email.	একটি ইমেল পাঠান.
Please send the photo.	ছবি পাঠান দয়া করে.
Please show me the menu.	দয়া করে আমাকে মেনু দেখান।
Please sing a song.	দয়া করে একটা গান গাও।
Please sit here.	এখানে বসুন.
Please sit on this chair.	দয়া করে এই চেয়ারে বসুন।
Please sleep early.	প্লিজ তাড়াতাড়ি ঘুমাও।
Please speak in a loud voice.	দয়া করে উচ্চস্বরে কথা বলুন।
Please speak slowly.	দয়া করে আস্তে বলুন।
Please speak with feeling.	অনুগ্রহ করে কথা বলুন।
Please step back.	অনুগ্রহ করে পিছিয়ে যান।
Please stop making noise.	আওয়াজ করা বন্ধ করুন.
Please take a photo.	একটি ছবি তুলুন.
Please take me to the hospital.	দয়া করে আমাকে হাসপাতালে নিয়ে যান।
Please take me to this address.	দয়া করে আমাকে এই ঠিকানায় নিয়ে যান।
Please take out the trash.	দয়া করে আবর্জনা বের করুন।
Please take that photo.	দয়া করে সেই ছবি তুলুন।
Please take this medicine.	দয়া করে এই ওষুধটি খান।
Please teach me.	আমাকে শেখান.
Please tell me the phone number.	আমাকে ফোন নম্বর বলুন.
Please tell me your phone number.	আমাকে আপনার ফোন নম্বর বলুন.
Please turn down the music.	সঙ্গীত বন্ধ করুন.
Please turn left.	দয়া করে বাম দিকে ঘুরুন।
Please turn off your phone.	আপনার ফোন বন্ধ করুন.
Please turn right.	দয়া করে ডান দিকে ঘুরুন।
Please turn up the volume.	ভলিউম চালু করুন.
Please wait a moment.	অনুগ্রহ করে কিছুক্ষণ অপেক্ষা করুন।
Please wait for the bus.	বাসের জন্য অপেক্ষা করুন.
Please wait here.	এখানে অপেক্ষা করুন.
Please wake up early tomorrow.	দয়া করে কাল তাড়াতাড়ি ঘুম থেকে উঠুন।
Please wear a jacket.	দয়া করে একটা জ্যাকেট পরুন।
Please write here.	এখানে লিখুন.
Please write it down.	দয়া করে লিখে রাখুন।
Please write your name.	আপনার নাম লিখুন.
Prices are rising.	দাম বাড়ছে।
Prime Minister	প্রধানমন্ত্রী
Queen	রানী
Rabbit	খরগোশ
Ramen, please.	রমেন, প্লিজ।
Rarely does he eat out.	কদাচিৎ সে বাইরে খায়।
Reading helps me improve.	পড়া আমাকে উন্নতি করতে সাহায্য করে।
Really?	সত্যিই?
Relationships need care.	সম্পর্কের যত্ন প্রয়োজন।
Rice is eaten in many countries.	অনেক দেশে ভাত খাওয়া হয়।
Right or left, which one?	ডান বা বাম, কোনটি?
Room key, please.	রুমের চাবি, দয়া করে।
Rules are made to be broken.	নিয়ম ভাঙার জন্য তৈরি হয়।
Run!	দৌড়!
Sadly, I couldn't go to the party.	দুঃখের বিষয়, আমি পার্টিতে যেতে পারিনি।
Saturday	শনিবার
Saturday (short)	শনিবার (সংক্ষিপ্ত)
School was closed.	স্কুল বন্ধ ছিল।
See you later!	পরে দেখা হবে!
See you next week!	পরের সপ্তাহে দেখা হবে!
See you next week.	আগামী সপ্তাহে দেখা হবে।
See you tomorrow!	আগামীকাল দেখা হবে!
See you tomorrow.	আগামীকাল দেখা হবে।
See you. (lit., I'm leaving ahead of you.)	দেখা হবে। (লিট।, আমি আপনার সামনে চলে যাচ্ছি।)
Seldom do we see such dedication.	এমন নিবেদন আমরা খুব কমই দেখি।
September	সেপ্টেম্বর
Shall I carry your bag?	আমি কি আপনার ব্যাগ বহন করব?
Shall I help you?	আমি কি আপনাকে সাহায্য করব?
Shall I help?	আমি কি সাহায্য করব?
Shall I make tea?	চা বানাবো?
Shall I open the door?	আমি কি দরজা খুলব?
Shall I open the window?	আমি কি জানালা খুলব?
Shall we eat together?	একসাথে খাবো?
Shall we go watch a movie?	আমরা কি সিনেমা দেখতে যাব?
She always smiles at me.	সে সবসময় আমার দিকে হাসে।
She asked if I wanted coffee.	তিনি জিজ্ঞাসা করলেন আমি কফি চাই কিনা।
She asked if I was okay.	আমি ঠিক আছে কিনা সে জিজ্ঞাসা.
She ate an apple.	সে একটি আপেল খেয়েছে।
She ate an orange.	সে একটি কমলা খেয়েছে।
She bought a dress.	সে একটি পোশাক কিনেছে।
She bought a new phone.	সে একটি নতুন ফোন কিনেছে।
She bought some flowers.	সে কিছু ফুল কিনেছে।
She can play the piano.	সে পিয়ানো বাজাতে পারে।
She can speak French; he can too.	তিনি ফরাসি বলতে পারেন; সেও পারে।
She can speak three languages.	তিনি তিনটি ভাষায় কথা বলতে পারেন।
She climbed up the stairs.	সে সিঁড়ি বেয়ে উপরে উঠল।
She couldn't come to class yesterday.	সে গতকাল ক্লাসে আসতে পারেনি।
She decided to study abroad.	তিনি বিদেশে পড়াশোনা করার সিদ্ধান্ত নেন।
She didn't watch TV.	সে টিভি দেখেনি।
She doesn't drink much coffee.	সে বেশি কফি খায় না।
She doesn't eat fish.	সে মাছ খায় না।
She doesn't have any time.	তার কোন সময় নেই।
She doesn't like loud music.	সে উচ্চস্বরে গান পছন্দ করে না।
She doesn't work on Fridays.	সে শুক্রবারে কাজ করে না।
She fell under the table.	সে টেবিলের নিচে পড়ে গেল।
She finished cooking dinner.	সে রাতের খাবার রান্না শেষ করেছে।
She goes to bed at night.	সে রাতে বিছানায় যায়।
She had already left when I called.	আমি ডাকলে সে আগেই চলে গিয়েছিল।
She had cooked dinner by the time we got home.	আমরা বাড়িতে পৌঁছানোর সময় সে রাতের খাবার রান্না করেছিল।
She had forgotten my name.	সে আমার নাম ভুলে গিয়েছিল।
She had studied hard before the exam.	পরীক্ষার আগে সে কঠোর পড়াশোনা করেছিল।
She had to take a taxi.	তাকে ট্যাক্সি নিতে হয়েছিল।
She has a dog and a cat.	তার একটি কুকুর এবং একটি বিড়াল আছে।
She has a good job.	তার একটা ভালো কাজ আছে।
She has a lot of clothes.	তার অনেক কাপড় আছে।
She has already left.	সে ইতিমধ্যে চলে গেছে।
She has become a great singer.	সে একজন বড় গায়িকা হয়ে উঠেছে।
She has been cooking since morning.	সে সকাল থেকে রান্না করছে।
She has been crying.	সে কাঁদছে।
She has been learning to cook.	সে রান্না শিখেছে।
She has been looking for a new job.	তিনি একটি নতুন কাজ খুঁজছেন হয়েছে.
She has been sick since Monday.	সোমবার থেকে তিনি অসুস্থ।
She has finished her homework.	সে তার বাড়ির কাজ শেষ করেছে।
She has long hair.	তার লম্বা চুল আছে।
She has many friends.	তার অনেক বন্ধু আছে।
She has some money.	তার কিছু টাকা আছে।
She has three boxes.	তার তিনটি বাক্স আছে।
She has three children.	তার তিনটি সন্তান রয়েছে।
She has to cook dinner.	তাকে রাতের খাবার রান্না করতে হবে।
She has to wake up early.	তাকে তাড়াতাড়ি ঘুম থেকে উঠতে হবে।
She has to work on Saturday.	তাকে শনিবার কাজ করতে হবে।
She has worked here since 2019.	তিনি 2019 সাল থেকে এখানে কাজ করছেন।
She has written three books.	তিনি তিনটি বই লিখেছেন।
She hates waking up early.	সে তাড়াতাড়ি ঘুম থেকে উঠতে অপছন্দ করে।
She is a doctor.	তিনি একজন ডাক্তার।
She is an engineer.	সে একজন প্রকৌশলী।
She is capable of solving complex problems.	তিনি জটিল সমস্যা সমাধান করতে সক্ষম।
She is cooking dinner.	সে রাতের খাবার রান্না করছে।
She is going to become a doctor.	সে ডাক্তার হতে চলেছে।
She is going to buy a new phone.	তিনি একটি নতুন ফোন কিনতে যাচ্ছে.
She is going to call you tonight.	সে আজ রাতে তোমাকে কল করতে যাচ্ছে।
She is good at cooking.	সে রান্নায় ভালো।
She is having her house painted.	তিনি তার ঘর রং করাচ্ছেন.
She is my mother.	তিনি আমার মা.
She is my younger sister.	সে আমার ছোট বোন।
She is not at home.	তিনি বাড়িতে নেই.
She is standing at the door.	সে দরজায় দাঁড়িয়ে আছে।
She is the best student.	সে সেরা ছাত্রী।
She is the most beautiful.	সে সবচেয়ে সুন্দরী।
She is the most talented student.	সে সবচেয়ে মেধাবী ছাত্রী।
She is the tallest in her class.	সে তার ক্লাসে সবচেয়ে লম্বা।
She is wearing a red dress.	তার পরনে লাল জামা।
She is writing a letter.	তিনি একটি চিঠি লিখছেন.
She lives in Mumbai.	তিনি মুম্বাইতে থাকেন।
She lives in Tokyo.	তিনি টোকিওতে থাকেন।
She looked as if she were about to burst into tears.	তাকে দেখে মনে হচ্ছিল সে কান্নায় ফেটে পড়বে।
She looks like her mother.	সে দেখতে তার মায়ের মতো।
She made a delicious cake.	তিনি একটি সুস্বাদু কেক তৈরি করেছেন।
She made some cookies.	সে কিছু কুকি তৈরি করেছে।
She may call you later.	সে আপনাকে পরে কল করতে পারে।
She may come to the party.	তিনি পার্টিতে আসতে পারেন।
She may not come today.	সে আজ নাও আসতে পারে।
She might be sleeping now.	সে হয়তো এখন ঘুমাচ্ছে।
She might not be feeling well.	সে হয়তো ভালো বোধ করছে না।
She moved to a new city.	সে একটি নতুন শহরে চলে গেছে।
She must see a doctor.	তাকে ডাক্তার দেখাতে হবে।
She needs to rest.	তার বিশ্রাম দরকার।
She plays the piano.	সে পিয়ানো বাজায়।
She promised to call me.	সে আমাকে ফোন করার প্রতিশ্রুতি দিয়েছে।
She pushed the box across the floor.	তিনি মেঝে জুড়ে বক্স ধাক্কা.
She ran across the street.	সে দৌড়ে রাস্তা পার হল।
She realized she had forgotten her keys.	সে বুঝতে পারল সে তার চাবি ভুলে গেছে।
She remembered to bring the tickets.	টিকিট নিয়ে আসার কথা মনে পড়ল।
She runs faster than me.	সে আমার চেয়ে দ্রুত দৌড়ায়।
She said it was raining outside.	সে বলল বাইরে বৃষ্টি হচ্ছে।
She said she could swim.	সে বলল সে সাঁতার কাটতে পারে।
She said she had finished the work.	তিনি বলেন, তিনি কাজ শেষ করেছেন।
She said she was learning English.	সে বলল সে ইংরেজি শিখছে।
She said she would call me.	সে আমাকে ফোন করবে বলেছে।
She said that she was tired.	তিনি বলেন যে তিনি ক্লান্ত ছিল.
She said the food was delicious.	তিনি বলেন, খাবারটি সুস্বাদু।
She sat in front of the TV.	সে টিভির সামনে বসল।
She should bring an umbrella.	তার একটা ছাতা আনতে হবে।
She should eat healthier food.	তার স্বাস্থ্যকর খাবার খাওয়া উচিত।
She should study harder.	তার আরও কঠিন পড়া উচিত।
She sings more beautifully than him.	তিনি তার চেয়েও সুন্দর গান করেন।
She spent a lot of money.	সে অনেক টাকা খরচ করেছে।
She stepped out of the car.	সে গাড়ি থেকে বেরিয়ে গেল।
She studied for two hours.	তিনি দুই ঘন্টা পড়াশোনা করেছেন।
She suggested going to the park.	সে পার্কে যাওয়ার পরামর্শ দিল।
She teaches at a school.	সে একটি স্কুলে পড়ায়।
She told me not to worry.	সে আমাকে বলল চিন্তা করতে হবে না।
She told me she would call.	সে আমাকে বললো সে কল করবে।
She told me that she loved me.	সে আমাকে বলেছিল যে সে আমাকে ভালবাসে।
She used to live in Mumbai.	তিনি মুম্বাইতে থাকতেন।
She walked into the room.	সে রুমে চলে গেল।
She was born in June.	তিনি জুন মাসে জন্মগ্রহণ করেন।
She was born on a Sunday.	তিনি একটি রবিবার জন্মগ্রহণ করেন.
She was cooking when I arrived.	আমি আসার সময় সে রান্না করছিল।
She was cooking while he was working.	তিনি যখন কাজ করছিলেন তখন তিনি রান্না করছিলেন।
She was singing in the shower.	সে ঝরনার মধ্যে গান গাইছিল।
She was wearing a blue dress.	তার পরনে ছিল নীল জামা।
She wasn't at the meeting.	তিনি মিটিং এ ছিল না.
She will be cooking dinner at six.	সে ছয়টায় রাতের খাবার রান্না করবে।
She will be happy if we visit her.	আমরা তার সাথে দেখা করলে সে খুশি হবে।
She will be teaching at that school next year.	আগামী বছর সে ওই স্কুলে শিক্ষকতা করবে।
She will have cooked dinner by seven.	সে সাতটার মধ্যে রাতের খাবার রান্না করবে।
She will have finished her degree by then.	ততক্ষণে সে তার ডিগ্রি শেষ করবে।
She will have learned enough by the exam.	পরীক্ষায় সে যথেষ্ট শিখেছে।
She will love this gift.	তিনি এই উপহার পছন্দ করবে.
She will pass the exam.	সে পরীক্ষায় পাশ করবে।
She works in a hospital.	সে একটি হাসপাতালে কাজ করে।
She would have passed if she had studied.	পড়ালেখা করলে সে পাশ করত।
She would like to join us.	তিনি আমাদের সাথে যোগ দিতে চান.
She would never lie to me.	সে কখনই আমার সাথে মিথ্যা বলবে না।
She wrote a long email.	তিনি একটি দীর্ঘ ইমেল লিখেছেন.
Shinkansen;	শিনকানসেন;
Shinto shrine	শিন্টো মাজার
Shitamachi; lower parts of town	শীতমাছি; শহরের নিম্ন অংশ
Should I wear a jacket?	আমার কি জ্যাকেট পরতে হবে?
Should we call him now?	আমরা কি এখন তাকে ডাকবো?
Sign here, please.	এখানে সাইন ইন করুন.
Since I returned it yesterday, it should be at the library.	যেহেতু আমি গতকাল এটি ফিরিয়ে দিয়েছি, এটি লাইব্রেরিতে থাকা উচিত।
Sincerely yours	আন্তরিকভাবে আপনার
Sit down.	বসুন।
Sleep is important for health.	ঘুম স্বাস্থ্যের জন্য গুরুত্বপূর্ণ।
Some support the reform; others oppose it.	কেউ কেউ সংস্কার সমর্থন করেন; অন্যরা এর বিরোধিতা করে।
Some water, please.	কিছু জল, দয়া করে.
Someone is hurt.	কেউ আহত হয়।
Soon you will be speaking English fluently.	শীঘ্রই আপনি সাবলীলভাবে ইংরেজি বলতে পারবেন।
Sorry, I didn't catch that.	দুঃখিত, আমি বুঝতে পারিনি
Sorry, I'm busy then.	দুঃখিত, আমি তখন ব্যস্ত।
Sorry, I'm busy.	দুঃখিত, আমি ব্যস্ত.
South America	দক্ষিণ আমেরিকা
Speaking. Who's calling?	কথা বলছি। কে ডাকছে?
Sports Day	ক্রীড়া দিবস
Spring is beautiful.	বসন্ত সুন্দর।
St. Valentine's Day	সেন্ট ভ্যালেন্টাইন্স ডে
Stairs, please (to the stairs).	সিঁড়ি, দয়া করে (সিঁড়িতে)
Starting with this film, we'll release international works one after another.	এই ছবিটি দিয়ে শুরু করে, আমরা একের পর এক আন্তর্জাতিক কাজ প্রকাশ করব।
Students must do their homework.	শিক্ষার্থীদের অবশ্যই তাদের হোমওয়ার্ক করতে হবে।
Students should do their homework.	শিক্ষার্থীদের তাদের হোমওয়ার্ক করা উচিত।
Such was her success that she retired early.	তার এমন সাফল্য ছিল যে তিনি তাড়াতাড়ি অবসর নিয়েছিলেন।
Summer is hotter than winter.	গ্রীষ্ম শীতের চেয়ে গরম।
Summer is my favorite season.	গ্রীষ্ম আমার প্রিয় ঋতু.
Sun	সূর্য
Sunday	রবিবার
Sunday (short)	রবিবার (সংক্ষিপ্ত)
Sunday lunch is a family tradition.	রবিবার দুপুরের খাবার একটি পারিবারিক ঐতিহ্য।
Suppose you were the president, what would you do?	ধরুন আপনি রাষ্ট্রপতি হলে কি করতেন?
Surprisingly, he was actually Japanese.	আশ্চর্যজনকভাবে, তিনি আসলে জাপানি ছিলেন।
Sushi is Japanese food.	সুশি জাপানি খাবার।
Sweden	সুইডেন
T-shirt	টি-শার্ট
TV	টিভি
Take an umbrella with you.	আপনার সাথে একটি ছাতা নিন।
Take any seat you like.	আপনার পছন্দ মতো আসন নিন।
Take care of yourself	নিজের যত্ন নিন
Take care of yourself.	নিজের যত্ন নিন।
Take care!	যত্ন নিন!
Take this medicine twice a day.	এই ওষুধটি দিনে দুবার খান।
Takeshi's book	তাকেশির বই
Tea time is my favorite.	চায়ের সময় আমার প্রিয়।
Ten envelopes, please.	দশটা খাম, দয়া করে।
Thank God you're safe.	ঈশ্বরকে ধন্যবাদ আপনি নিরাপদে আছেন।
Thank you	ধন্যবাদ
Thank you (in advance)	আপনাকে ধন্যবাদ (আগে)
Thank you (polite)	ধন্যবাদ (ভদ্র)
Thank you for helping me.	আমাকে সাহায্য করার জন্য আপনাকে ধন্যবাদ.
Thank you for the gift.	উপহারের জন্য আপনাকে ধন্যবাদ.
Thank you for the meal.	খাবারের জন্য ধন্যবাদ।
Thank you for the ride.	যাত্রার জন্য আপনাকে ধন্যবাদ.
Thank you very much for your....	আপনার জন্য আপনাকে অনেক ধন্যবাদ....
Thank you very much.	আপনাকে অনেক ধন্যবাদ.
Thank you very much. (past tense)	আপনাকে অনেক ধন্যবাদ. (অতীত কাল)
Thank you.	ধন্যবাদ
Thanks for the meal (after eating)	খাবারের জন্য ধন্যবাদ (খাওয়ার পরে)
Thanks for the meal (after eating) (polite)	খাবারের জন্য ধন্যবাদ (খাওয়ার পর) (ভদ্র)
Thanks for the meal (before eating)	খাবারের জন্য ধন্যবাদ (খাওয়ার আগে)
Thanks for the meal.	খাবারের জন্য ধন্যবাদ।
Thanks for your help today.	আজ আপনার সাহায্যের জন্য ধন্যবাদ.
Thanks for your help.	আপনার সাহায্যের জন্য ধন্যবাদ.
Thanks to god; thanks to you	ঈশ্বরকে ধন্যবাদ; আপনাকে ধন্যবাদ
That (over there) is a phone.	ওটা (ওখানে) একটা ফোন।
That book is red.	সেই বই লাল।
That book was not expensive.	বইটি দামি ছিল না।
That cake looks delicious.	সেই কেক দেখতে সুস্বাদু।
That helped a lot.	যে অনেক সাহায্য করেছে.
That is a book.	ওটা একটা বই।
That is my friend's bag.	ওটা আমার বন্ধুর ব্যাগ।
That is your bag.	ওটা তোমার ব্যাগ।
That person is French.	ওই ব্যক্তি ফরাসি।
That person is not Indian.	ওই ব্যক্তি ভারতীয় নয়।
That restaurant is delicious.	সেই রেস্টুরেন্টটি সুস্বাদু।
That someone like a teacher would make a kanji mistake…	যে একজন শিক্ষকের মতো কেউ কাঞ্জি ভুল করবে...
That sounds fun!	যে মজা শোনাচ্ছে!
That sounds good.	যে ভাল শোনাচ্ছে.
That sounds great!	যে মহান শোনাচ্ছে!
That surprised me!	যে আমাকে অবাক করেছে!
That teacher is not only good at teaching but also kind.	সেই শিক্ষক শুধু পড়াতে ভালোই নয়, সদয়ও।
That test was difficult.	সেই পরীক্ষা কঠিন ছিল।
That was fun!	যে মজা ছিল!
That was fun.	যে মজা ছিল.
That was the worst meal I've had.	এটাই ছিল আমার সবচেয়ে খারাপ খাবার।
That would be fine.; That wouldn't be necessary.	এটা ঠিক হবে.; যে প্রয়োজন হবে না.
That would be wonderful.	যে বিস্ময়কর হবে.
That'll be 12 dollars. Cash or card?	সেটা হবে 12 ডলার। নগদ নাকি কার্ড?
That'll be 5000 yen per night. How many nights?	এটি প্রতি রাতে 5000 ইয়েন হবে। কত রাত?
That's 15 dollars, please. Cash or card?	এটা 15 ডলার, দয়া করে. নগদ নাকি কার্ড?
That's 25 dollars.	এটি 25 ডলার।
That's 8 dollars, whenever you're ready.	এটি 8 ডলার, যখনই আপনি প্রস্তুত হন।
That's a good deal.	এটি একটি ভাল চুক্তি.
That's cheap.	যে সস্তা.
That's expensive.	যে ব্যয়বহুল.
That's great news!	এটা দারুণ খবর!
That's nice, isn't it.	এটা চমৎকার, তাই না.
That's really funny!	এটা সত্যিই মজার!
That's right.	এটা ঠিক।
That's right.; Let me see.	এটা ঠিক.; আমাকে দেখতে দাও.
That's too bad.	এটা খুব খারাপ.
That's too expensive.	এটা খুব ব্যয়বহুল.
That's very kind of you.	যে আপনি খুব দয়ালু.
The Nile is the longest river.	নীল নদ দীর্ঘতম নদী।
The ambulance is coming.	অ্যাম্বুলেন্স আসছে।
The assignment is due next week.	অ্যাসাইনমেন্টটি আগামী সপ্তাহে শেষ হওয়ার কথা।
The baby is crying.	বাচ্চাটা কাঁদছে।
The baby sleeps at night.	বাচ্চা রাতে ঘুমায়।
The ball is under the chair.	বলটা চেয়ারের নিচে।
The ball rolled under the sofa.	বলটা সোফার নিচে গড়িয়ে গেল।
The balloons are beautiful.	বেলুনগুলো সুন্দর।
The bank closes at 5.	ব্যাংক বন্ধ হয় ৫টায়।
The bank is between the shop and the cafe.	ব্যাঙ্কটি দোকান এবং ক্যাফের মাঝখানে।
The bank is next to the station.	স্টেশনের পাশেই ব্যাঙ্ক।
The bill, please.	বিল, দয়া করে.
The bird flew over the house.	পাখি উড়ে গেল বাড়ির ওপরে।
The birds are above the trees.	পাখিরা গাছের উপরে।
The book is on the table.	বইটা টেবিলের ওপর পড়ে আছে।
The book was written in 1950.	বইটি 1950 সালে লেখা হয়েছিল।
The books written in the 19th century are rare.	19 শতকে লেখা বই বিরল।
The box is behind the door.	বাক্সটি দরজার পিছনে।
The bridge damaged in the storm has been repaired.	ঝড়ে ক্ষতিগ্রস্ত সেতু মেরামত করা হয়েছে।
The bridge was damaged by the flood.	বন্যায় সেতুটি ক্ষতিগ্রস্ত হয়েছে।
The bus goes through the city center.	বাসটি শহরের কেন্দ্রস্থল দিয়ে যায়।
The bus is coming.	বাস আসছে।
The bus is late again.	বাস আবার দেরি করে।
The bus was late again.	বাস আবার দেরি করে।
The cake was made by my sister.	কেকটা আমার বোন বানিয়েছে।
The cat is on the sofa.	বিড়াল সোফায়।
The cat is under the bed.	বিড়াল খাটের নিচে।
The cat is under the table.	বিড়ালটা টেবিলের নিচে।
The cat jumped onto the table.	বিড়াল টেবিলের উপর ঝাঁপিয়ে পড়ল।
The children are doing homework.	বাচ্চারা বাড়ির কাজ করছে।
The children are in the garden.	বাচ্চারা বাগানে আছে।
The children are playing in the park.	শিশুরা পার্কে খেলছে।
The children were laughing loudly.	শিশুরা উচ্চস্বরে হাসছিল।
The city is noisier than the village.	গ্রামের চেয়ে শহরের কোলাহল বেশি।
The city of Tokyo is big.	টোকিও শহরটি বড়।
The class starts on Monday.	সোমবার থেকে ক্লাস শুরু হয়।
The coffee machine is broken.	কফি মেশিন নষ্ট।
The committee recommends that the policy be revised.	কমিটি নীতিমালা সংশোধনের সুপারিশ করে।
The cup is near the window.	কাপটা জানালার কাছে।
The deadline is Friday.	শেষ তারিখ শুক্রবার।
The deadline is next Monday.	সময়সীমা আগামী সোমবার।
The decorations are pretty.	সাজসজ্জা সুন্দর।
The discovery of penicillin transformed medicine.	পেনিসিলিন রূপান্তরিত ওষুধ আবিষ্কার।
The doctor checked me.	ডাক্তার আমাকে চেক করলেন।
The doctor recommended that she rest.	ডাক্তার তাকে বিশ্রামের পরামর্শ দিয়েছেন।
The dog has four legs.	কুকুরটির চারটি পা রয়েছে।
The dog is black.	কুকুরটি কালো।
The dog is in the garden.	কুকুরটা বাগানে আছে।
The dog jumped over the fence.	কুকুরটি বেড়ার উপর দিয়ে ঝাঁপিয়ে পড়ল।
The dog was barking all night.	সারারাত কুকুর ঘেউ ঘেউ করছিল।
The fare rises according to distance.	দূরত্ব অনুযায়ী ভাড়া বাড়ে।
The fireworks were amazing.	আতশবাজি আশ্চর্যজনক ছিল.
The first plan failed and the second succeeded.	প্রথম পরিকল্পনা ব্যর্থ হয় এবং দ্বিতীয়টি সফল হয়।
The floor was mopped by the cleaner.	ক্লিনার দ্বারা মেঝে মুছে ফেলা হয়েছে.
The flower bloomed.	ফুল ফুটল।
The flowers bloom in spring.	বসন্তে ফুল ফোটে।
The food at this place is great.	এই জায়গার খাবার দারুণ।
The food is cooked by my mother.	খাবার আমার মা রান্না করেন।
The food is delicious.	খাবারটি সুস্বাদু।
The guests had arrived before midnight.	মধ্যরাতের আগেই অতিথিরা এসেছিলেন।
The house was cleaned yesterday.	গতকাল ঘর পরিষ্কার করা হয়েছে।
The implementation of the plan was delayed.	পরিকল্পনা বাস্তবায়নে বিলম্ব হয়।
The key was found.	চাবি পাওয়া গেল।
The keys are in my bag.	চাবি আমার ব্যাগে আছে।
The keys are on the table.	চাবিগুলো টেবিলে।
The kids have been playing outside all day.	বাচ্চারা সারাদিন বাইরে খেলছে।
The lamp is on the desk.	ল্যাম্পটা ডেস্কে আছে।
The laundry basket is full.	লন্ড্রি ঝুড়ি ভর্তি.
The letter was written by her.	চিঠিটা তার লেখা।
The letters are delivered every morning.	চিঠিগুলো প্রতিদিন সকালে পৌঁছে দেওয়া হয়।
The light doesn't work.	আলো কাজ করে না।
The light is on.	আলো জ্বলছে।
The light isn't working.	আলো কাজ করছে না।
The line is busy.	লাইন ব্যস্ত।
The local food is amazing.	স্থানীয় খাবার আশ্চর্যজনক।
The man sitting there is my uncle.	সেখানে বসে থাকা লোকটি আমার মামা।
The man was very kind.	লোকটি খুব দয়ালু ছিল।
The man who lives next door is a doctor.	পাশের বাড়ির লোকটা ডাক্তার।
The manager is out today.	ম্যানেজার আজ বাইরে।
The medicine isn't working.	ওষুধ কাজ করছে না।
The meeting is at 3 pm.	বৈঠকটি বিকেল ৩টায়।
The meeting is at noon.	মিটিং হয় দুপুরে।
The meeting is next week.	আগামী সপ্তাহে বৈঠক।
The meeting might be postponed.	বৈঠক পিছিয়ে যেতে পারে।
The meeting will be held on Monday.	সোমবার এ বৈঠক অনুষ্ঠিত হবে।
The meeting will start at nine.	সভা শুরু হবে নয়টায়।
The message was sent at noon.	দুপুরে মেসেজ পাঠানো হয়।
The moon is beautiful.	চাঁদ সুন্দর।
The morning is the best time.	সকাল হল সেরা সময়।
The movie had started when we entered.	আমরা ঢুকতেই সিনেমা শুরু হয়ে গেছে।
The museum is that big white building with the red sign.	জাদুঘর হল লাল সাইন সহ সেই বড় সাদা দালান।
The museum? Sure, just go straight and turn left at the bank.	জাদুঘর? অবশ্যই, সোজা যান এবং ব্যাঙ্কে বাম দিকে ঘুরুন।
The new one is better.	নতুনটি আরও ভাল।
The news was reported on TV.	টিভিতে খবরটি প্রকাশিত হয়েছে।
The painting was sold for a million.	পেইন্টিংটি এক মিলিয়নে বিক্রি হয়েছিল।
The party is at eight tonight.	পার্টি আজ রাত আটটায়।
The party is on New Year's Eve.	পার্টি হল নববর্ষের আগের দিন।
The party room is decorated.	পার্টি রুম সাজানো হয়েছে।
The party starts at seven.	পার্টি শুরু হয় সাতটায়।
The party was fun.	পার্টি মজা ছিল.
The payment failed.	পেমেন্ট ব্যর্থ হয়েছে.
The phone is ringing.	ফোন বাজছে।
The phone was expensive.	ফোনটা দামি ছিল।
The picture is above the sofa.	ছবিটি সোফার উপরে।
The plan is to leave at nine.	প্ল্যান হল রওনা হবে নয়টায়।
The plan might change if it rains.	বৃষ্টি হলে পরিকল্পনা বদলে যেতে পারে।
The plane flew across the ocean.	উড়োজাহাজটি সাগর পার হয়ে গেল।
The portions are huge.	অংশগুলি বিশাল।
The price has gone up.	দাম বেড়েছে।
The price tag is missing.	মূল্য ট্যাগ অনুপস্থিত.
The problem was solved.	সমস্যার সমাধান হয়ে গেল।
The project will be finished soon.	শিগগিরই প্রকল্পের কাজ শেষ হবে।
The red one or the white one — which do you like?	লাল না সাদা—কোনটা তোমার পছন্দ?
The reforms were effective, albeit controversial.	সংস্কারগুলো বিতর্কিত হলেও কার্যকর ছিল।
The rent is high.	ভাড়া বেশি।
The report must be finished today.	প্রতিবেদনটি আজই শেষ করতে হবে।
The restaurant is on the corner.	রেস্তোরাঁটি কোণে।
The restroom is over there.	বিশ্রামাগার ওখানে।
The results tend to support the hypothesis.	ফলাফল অনুমান সমর্থন করে।
The river flows into the sea.	নদী সাগরে মিশেছে।
The river flows through the city.	শহরের পাশ দিয়ে বয়ে গেছে নদী।
The road is closed.	রাস্তা বন্ধ।
The road might be closed.	রাস্তা বন্ধ হয়ে যেতে পারে।
The room is clean.	ঘরটা পরিষ্কার।
The room is very clean.	ঘরটা খুব পরিষ্কার।
The room was filled with smoke.	ঘরটা ধোঁয়ায় ভরে গেল।
The rules should be changed.	নিয়ম বদলাতে হবে।
The sales went up this month.	এ মাসে বিক্রি বেড়েছে।
The school is near the station.	স্কুলটা স্টেশনের কাছেই।
The school is next to the park.	পার্কের পাশেই স্কুল।
The school starts at nine.	স্কুল শুরু হয় নয়টায়।
The school teacher came.	স্কুলের শিক্ষক এলেন।
The shoes are in the cupboard.	জুতা আলমারিতে আছে।
The shop had closed by the time we got there.	আমরা যখন সেখানে পৌঁছলাম তখন দোকানটি বন্ধ হয়ে গেছে।
The shop opens at nine.	দোকান খোলে নয়টায়।
The shop staff were kind.	দোকানের কর্মচারীরা সদয় ছিলেন।
The show was watched by millions.	শোটি লক্ষাধিক মানুষ দেখেছেন।
The signal is bad here.	এখানে সংকেত খারাপ।
The signal is bad.	সংকেত খারাপ।
The sky is blue.	আকাশ নীল।
The sky is clear.	আকাশ পরিষ্কার।
The soup is too hot.	স্যুপ খুব গরম।
The store closes at 9.	দোকান ৯টায় বন্ধ হয়।
The store opens at 10.	দোকান 10 এ খোলে।
The store opens at nine.	দোকান খোলে নয়টায়।
The students that passed will celebrate.	উত্তীর্ণ শিক্ষার্থীরা উদযাপন করবে।
The subway is convenient.	পাতাল রেল সুবিধাজনক।
The subway is faster.	পাতাল রেল দ্রুততর।
The sun is bright today.	সূর্য আজ উজ্জ্বল।
The sun is hot.	সূর্য গরম।
The sun is shining.	সূর্য জ্বলছে।
The sun rises in the east.	সূর্য পূর্ব দিকে উদিত হয়।
The sun was shining brightly.	সূর্য উজ্জ্বলভাবে জ্বলছিল।
The supermarket is on this street.	সুপার মার্কেট এই রাস্তায়।
The teacher is kind.	শিক্ষক দয়ালু।
The teacher wasn't here today.	শিক্ষক আজ এখানে ছিলেন না।
The teacher will be checking our homework.	শিক্ষক আমাদের হোমওয়ার্ক পরীক্ষা করা হবে.
The teacher writes and the student reads.	শিক্ষক লেখেন আর ছাত্র পড়েন।
The team is going to win tonight.	আজ রাতেই জিততে যাচ্ছে দলটি।
The test is tomorrow.	পরীক্ষা আগামীকাল।
The tickets were sold out.	টিকিট বিক্রি হয়ে গেছে।
The toilet is over there.	টয়লেট ওখানে।
The total is fifty dollars.	মোট পঞ্চাশ ডলার।
The town is very quiet.	শহরটা খুব শান্ত।
The traffic is a bit heavy today.	আজ যানজট একটু বেশি।
The train goes through the tunnel.	ট্রেন টানেল দিয়ে যায়।
The train had left before we arrived.	আমরা পৌঁছানোর আগেই ট্রেন চলে গেছে।
The train has left.	ট্রেন চলে গেছে।
The train is delayed.	ট্রেন দেরি করছে।
The train is faster than the bus.	বাসের চেয়ে ট্রেনের গতি বেশি।
The train leaves at 7:30.	ট্রেন ছাড়ে সাড়ে সাতটায়।
The train leaves at noon.	ট্রেন ছাড়ে দুপুরে।
The train will have left by then.	ততক্ষণে ট্রেন চলে যাবে।
The view is amazing.	দৃশ্যটি আশ্চর্যজনক।
The view is wonderful.	দৃশ্যটি চমৎকার।
The water is cold.	পানি ঠান্ডা।
The weather is changing.	আবহাওয়া বদলে যাচ্ছে।
The weather is nice today.	আবহাওয়া আজ সুন্দর।
The wedding is in December.	বিয়ে ডিসেম্বরে।
The wind is strong.	বাতাস প্রবল।
The window is open.	জানালা খোলা।
The window was broken by a ball.	একটি বলে জানালা ভেঙে যায়।
The window was broken.	জানালা ভাঙা ছিল।
The winter mountain is very beautiful.	শীতের পাহাড় খুব সুন্দর।
There are a bird and a cat.	একটি পাখি এবং একটি বিড়াল আছে।
There are a lot of cars on the road.	রাস্তায় প্রচুর গাড়ি।
There are children in the park.	পার্কে বাচ্চারা আছে।
There are five books on the table.	টেবিলে পাঁচটি বই।
There are four children.	চার সন্তান আছে।
There are four of us.	আমরা চারজন আছি।
There are four.	চারজন আছে।
There are many shops in this street.	এই রাস্তায় অনেক দোকান আছে।
There are some apples on the table.	টেবিলে কিছু আপেল আছে।
There are three cats.	তিনটি বিড়াল আছে।
There are two chairs.	দুটি চেয়ার আছে।
There are two dogs.	দুটি কুকুর আছে।
There are two windows in the room.	ঘরে দুটি জানালা আছে।
There aren't any eggs in the fridge.	ফ্রিজে কোন ডিম নেই।
There aren't many chairs.	অনেক চেয়ার নেই।
There is a book here.	এখানে একটি বই আছে.
There is a book in the bag.	ব্যাগে একটা বই আছে।
There is a book in the library.	লাইব্রেরিতে একটা বই আছে।
There is a book on the desk.	ডেস্কে একটা বই আছে।
There is a cat under the desk.	ডেস্কের নিচে একটা বিড়াল আছে।
There is a cat.	একটা বিড়াল আছে।
There is a hotel near the station.	স্টেশনের কাছে একটা হোটেল আছে।
There is a meeting at 2.	২টায় মিটিং আছে।
There is a meeting at the office.	অফিসে মিটিং আছে।
There is a mirror on the wall.	দেয়ালে একটা আয়না আছে।
There is a park across the road.	রাস্তা জুড়ে একটা পার্ক আছে।
There is a park near my house.	আমার বাসার কাছে একটা পার্ক আছে।
There is a pen.	কলম আছে।
There is one table.	একটা টেবিল আছে।
There is some milk in the fridge.	ফ্রিজে কিছু দুধ আছে।
There is training regardless of experience.	অভিজ্ঞতা নির্বিশেষে প্রশিক্ষণ আছে.
There isn't any milk left.	দুধ আর অবশিষ্ট নেই।
There isn't much milk.	বেশি দুধ নেই।
There isn't much sugar left.	বেশি চিনি বাকি নেই।
There's a fire!	আগুন লেগেছে!
There's a package at the door.	দরজায় একটা প্যাকেজ আছে।
There's a park near my house.	আমার বাড়ির কাছে একটা পার্ক আছে।
There's a party this weekend.	এই সপ্তাহান্তে একটি পার্টি আছে.
There's a rainbow!	একটি রংধনু আছে!
There's a rainbow.	একটি রংধনু আছে.
There's a traffic jam.	ট্রাফিক জ্যাম আছে।
There's lightning.	বজ্রপাত আছে।
There's lots of food.	অনেক খাবার আছে।
There's no signal here.	এখানে কোন সংকেত নেই.
There's no toilet paper.	টয়লেট পেপার নেই।
There's some juice in the fridge.	ফ্রিজে কিছু জুস আছে।
These are my books.	এগুলো আমার বই।
These shoes are black.	এই জুতা কালো।
These shoes are hard to put on.	এই জুতা পরা কঠিন।
These shoes are small.	এই জুতাগুলো ছোট।
They are at the bus stop.	তারা বাস স্টপে আছে।
They are coming to the party.	তারা দলে আসছেন।
They are from India.	তারা ভারতের।
They are getting married.	তাদের বিয়ে হচ্ছে।
They are going to build a new school.	তারা একটি নতুন স্কুল তৈরি করতে যাচ্ছে।
They are going to get married.	তারা বিয়ে করতে যাচ্ছে।
They are going to move to Delhi.	তারা দিল্লিতে চলে যাচ্ছেন।
They are my colleagues.	তারা আমার সহকর্মী।
They are not going to stay here.	তারা এখানে থাকবে না।
They are not here yet.	তারা এখনও এখানে নেই.
They are not sleeping.	তাদের ঘুম আসছে না।
They are playing in the garden.	তারা বাগানে খেলছে।
They are playing in the park.	তারা পার্কে খেলছে।
They are very smart.	তারা খুব স্মার্ট।
They arrived at eight.	আটটার দিকে ওরা পৌঁছল।
They arrived in the morning.	সকালে তারা এসে পৌঁছেছে।
They asked if I could help.	আমি সাহায্য করতে পারে কিনা তারা জিজ্ঞাসা.
They asked where the station was.	তারা জিজ্ঞাসা করল স্টেশন কোথায়।
They broke up last year.	গত বছর তাদের ব্রেক আপ হয়।
They can speak both languages.	তারা উভয় ভাষায় কথা বলতে পারে।
They can't afford that house.	তারা সেই বাড়ি বহন করতে পারে না।
They didn't know the way.	তারা পথ জানত না।
They don't have a car.	তাদের গাড়ি নেই।
They don't understand the question.	তারা প্রশ্ন বুঝতে পারে না।
They had already gone home.	তারা আগেই বাড়ি চলে গিয়েছিল।
They had finished before we arrived.	আমরা পৌঁছানোর আগেই তারা শেষ হয়ে গিয়েছিল।
They had never tried Indian food.	তারা কখনও ভারতীয় খাবার চেষ্টা করেনি।
They have a lovely garden.	তাদের একটি সুন্দর বাগান আছে।
They have a new baby.	তাদের একটি নতুন বাচ্চা হয়েছে।
They have been building the house for months.	তারা কয়েক মাস ধরে বাড়ি তৈরি করছে।
They have been practicing all afternoon.	তারা সারা বিকাল অনুশীলন করেছে।
They have bought a new house.	তারা নতুন বাড়ি কিনেছে।
They have finished their homework.	তারা তাদের বাড়ির কাজ শেষ করেছে।
They have to clean their room.	তাদের ঘর পরিষ্কার করতে হবে।
They have two dogs.	তাদের দুটি কুকুর আছে।
They haven't arrived yet.	তারা এখনো আসেনি।
They haven't been answering my calls.	তারা আমার কলের উত্তর দেয়নি।
They haven't eaten yet.	তারা এখনো খায়নি।
They left early, and we did too.	তারা তাড়াতাড়ি চলে গেছে, এবং আমরাও করেছি।
They may not have received the message.	তারা হয়তো বার্তা পায়নি।
They might arrive early.	তারা হয়তো তাড়াতাড়ি পৌঁছাবে।
They might be at the airport now.	তারা এখন বিমানবন্দরে থাকতে পারে।
They moved here in 2020.	তারা 2020 সালে এখানে চলে এসেছে।
They must be careful.	তাদের সতর্ক হতে হবে।
They plan to travel next month.	তারা আগামী মাসে ভ্রমণের পরিকল্পনা করেছে।
They played football all day.	তারা সারাদিন ফুটবল খেলেছে।
They said the train was late.	ওরা বলল ট্রেন দেরি হয়ে গেছে।
They said they had seen the movie.	তারা বলেছে তারা সিনেমাটি দেখেছে।
They said they were happy.	তারা খুশি বলে জানান।
They said they would help.	তারা সাহায্য করবে বলেছে।
They should arrive on time.	তাদের সময়মতো পৌঁছানো উচিত।
They should see that movie.	তাদের সেই সিনেমাটি দেখা উচিত।
They shouldn't be late.	তাদের দেরি করা উচিত নয়।
They started to rain.	তারা বৃষ্টি শুরু করে।
They study every night.	তারা প্রতি রাতে পড়াশোনা করে।
They swam across the river.	তারা সাঁতরে নদী পার হয়।
They told us to wait outside.	তারা আমাদের বাইরে অপেক্ষা করতে বলেছে।
They visit us on holidays.	ছুটির দিনে তারা আমাদের সাথে দেখা করে।
They walked through the park.	তারা পার্কের মধ্যে দিয়ে হেঁটে গেল।
They walked toward the beach.	ওরা সৈকতের দিকে হাঁটা দিল।
They were arguing about money.	টাকা নিয়ে তাদের মধ্যে কথা কাটাকাটি হয়।
They were playing outside.	তারা বাইরে খেলছিল।
They were very happy.	তারা খুব খুশি ছিল।
They were watching TV at 9 p.m.	রাত ৯টায় তারা টিভি দেখছিল।
They weren't paying attention.	তারা পাত্তা দিচ্ছিল না।
They will arrive at seven.	তারা সাতটায় পৌঁছাবে।
They will be arriving at noon.	দুপুর নাগাদ তারা পৌঁছে যাবে।
They will be having a meeting at that time.	এ সময় তারা বৈঠক করবেন।
They will be staying for a week.	তারা এক সপ্তাহ থাকবেন।
They will have built the bridge by 2029.	2029 সালের মধ্যে তারা সেতুটি তৈরি করবে।
They will have moved to their new house by then.	ততক্ষণে তারা তাদের নতুন বাড়িতে চলে যাবে।
They won't be taking the train.	তারা ট্রেনে উঠবে না।
They won't believe you.	তারা আপনাকে বিশ্বাস করবে না।
They won't have arrived by midnight.	মধ্যরাতের মধ্যে তারা আসবে না।
They would help if they could.	তারা পারলে সাহায্য করবে।
This appears to be a significant factor.	এটি একটি উল্লেখযোগ্য ফ্যাক্টর বলে মনে হচ্ছে।
This apple is sweeter than that one.	এই আপেলটি তার চেয়ে মিষ্টি।
This area is beautiful.	এই এলাকা সুন্দর।
This bag is heavier than that one.	এই ব্যাগটি তার চেয়ে ভারী।
This bag is mine.	এই ব্যাগ আমার.
This book is easy to read.	এই বই পড়া সহজ.
This book is interesting.	এই বই আকর্ষণীয়.
This book is more interesting than that one.	এই বইটি তার চেয়ে বেশি আকর্ষণীয়।
This book is new.	এই বইটি নতুন।
This book is read by many people.	এই বইটি অনেক মানুষ পড়ে।
This bridge was built in 1990.	এই সেতুটি 1990 সালে নির্মিত হয়েছিল।
This building was designed by a famous architect.	এই বিল্ডিংটি একজন বিখ্যাত স্থপতি দ্বারা ডিজাইন করা হয়েছিল।
This cake looks delicious.	এই কেক দেখতে সুস্বাদু।
This car is new.	এই গাড়িটি নতুন।
This coffee is hotter than that one.	এই কফি তার চেয়ে বেশি গরম।
This color suits you.	এই রঙ আপনার জন্য উপযুক্ত।
This dictionary is expensive.	এই অভিধানটি ব্যয়বহুল।
This gift is for you.	এই উপহার আপনার জন্য.
This hotel is the most famous.	এই হোটেলটি সবচেয়ে বিখ্যাত।
This is a beautiful town.	এটি একটি সুন্দর শহর।
This is a book.	এটি একটি বই।
This is a photo from two years ago.	এটা দুই বছর আগের ছবি।
This is an easy question.	এটি একটি সহজ প্রশ্ন.
This is delicious!	এই সুস্বাদু!
This is expensive.	এটি ব্যয়বহুল।
This is more expensive than that.	এটি তার চেয়ে বেশি ব্যয়বহুল।
This is my book.	এটা আমার বই.
This is my house.	এটা আমার বাড়ি।
This is my pen.	এই আমার কলম.
This is my phone.	এটা আমার ফোন.
This is not a pencil.	এটি একটি পেন্সিল নয়।
This is not mine.	এটা আমার না.
This is not yours.	এটা তোমার নয়।
This is the best day of my life.	এটি আমার জীবনের সেরা দিন।
This is the biggest city in India.	এটি ভারতের সবচেয়ে বড় শহর।
This is the book which I told you about.	এটি সেই বই যা আমি আপনাকে বলেছিলাম।
This is the cheapest.	এটি সবচেয়ে সস্তা।
This is the easiest question.	এটি সবচেয়ে সহজ প্রশ্ন।
This is the hardest in class.	এটি ক্লাসে সবচেয়ে কঠিন।
This is the most beautiful place I know.	আমার পরিচিত সবচেয়ে সুন্দর জায়গা এটি।
This is the most expensive hotel.	এটি সবচেয়ে ব্যয়বহুল হোটেল।
This is the wrong stop.	এই ভুল স্টপ.
This movie is better than that one.	এই মুভিটা তার থেকে ভালো।
This one I like best.	এই এক আমি সবচেয়ে পছন্দ.
This one is good.	এই এক ভাল.
This phone is more expensive.	এই ফোনের দাম বেশি।
This place is not quiet.	এই জায়গাটি শান্ত নয়।
This place is quiet.	এই জায়গাটা নিরিবিলি।
This problem can be solved easily.	এই সমস্যা সহজেই সমাধান করা যেতে পারে।
This restaurant's food is delicious.	এই রেস্টুরেন্টের খাবার সুস্বাদু।
This room is not quiet.	এই রুম শান্ত না.
This room is smaller than the kitchen.	এই ঘরটি রান্নাঘরের চেয়ে ছোট।
This room is wide and bright.	এই ঘরটি প্রশস্ত এবং উজ্জ্বল।
This room's window is big.	এই ঘরের জানালা বড়।
This shop is cheaper than that one.	এই দোকানের চেয়ে সস্তা।
This shop is famous.	এই দোকানটি বিখ্যাত।
This shop is popular not only with Japanese but also foreigners.	এই দোকানটি শুধু জাপানিদের কাছেই নয়, বিদেশীদের কাছেও জনপ্রিয়।
This shop's ramen is delicious.	এই দোকানের রামেন সুস্বাদু।
This song is sung by many people.	এই গানটি অনেকেই গেয়েছেন।
This time next week, I will be flying to London.	এই সময় পরের সপ্তাহে, আমি লন্ডনে উড়ে যাব।
This time tomorrow I will be flying to Tokyo.	এই সময় আগামীকাল আমি টোকিও উড়ে যাবো.
This town is big.	এই শহর বড়।
This train goes to Osaka.	এই ট্রেনটি ওসাকা যায়।
This trip was wonderful.	এই ভ্রমণ বিস্ময়কর ছিল.
This word is used every day.	এই শব্দটি প্রতিদিন ব্যবহৃত হয়।
Those are his shoes.	ওগুলো তার জুতা।
Three apples, please.	তিনটি আপেল, দয়া করে.
Three birds are flying.	তিনটে পাখি উড়ছে।
Three sheets of paper, please.	কাগজের তিনটি শীট, দয়া করে.
Thunder is scary.	বজ্র ভীতিকর।
Thursday	বৃহস্পতিবার
Thursday (short)	বৃহস্পতিবার (সংক্ষিপ্ত)
Time flies fast.	সময় দ্রুত উড়ে যায়।
To Tokyo Station, please.	টোকিও স্টেশনে, অনুগ্রহ করে।
To begin with, the economic benefits are clear.	শুরুতে, অর্থনৈতিক সুবিধা স্পষ্ট।
To illustrate, consider the case of rural education.	উদাহরণের জন্য, গ্রামীণ শিক্ষার বিষয়টি বিবেচনা করুন।
To my delight, I got the job.	আমার আনন্দ, আমি কাজ পেয়েছিলাম.
Today is Monday.	আজ সোমবার।
Today is busier than yesterday.	গতকালের চেয়ে আজ ব্যস্ত।
Today is colder than yesterday.	গতকালের চেয়ে আজ শীত বেশি।
Today is hotter than yesterday.	গতকালের চেয়ে আজ গরম।
Today is rainy.	আজ বর্ষাকাল।
Today is the hottest day of the year.	আজ বছরের উষ্ণতম দিন।
Today sure is hot.	আজ নিশ্চয়ই গরম।
Today's weather is nice, isn't it?	আজকের আবহাওয়াটা চমৎকার, তাই না?
Today's weather is nice.	আজকের আবহাওয়া চমৎকার।
Tokyo is bigger than Kyoto.	টোকিও কিয়োটো থেকে বড়।
Tomorrow is Wednesday.	আগামীকাল বুধবার।
Tomorrow is a holiday.	আগামীকাল ছুটির দিন।
Tomorrow is not a holiday.	আগামীকাল ছুটি নয়।
Tonight is cold.	আজ রাতে ঠান্ডা।
Too many people were there.	সেখানে অনেক লোক ছিল।
Too much sugar is bad.	অত্যধিক চিনি খারাপ।
Traveling in Japan is fun.	জাপানে ভ্রমণ মজাদার।
Traveling opens your mind.	ভ্রমণ আপনার মন খুলে দেয়।
Tree	গাছ
Tuesday	মঙ্গলবার
Tuesday (short)	মঙ্গলবার (সংক্ষিপ্ত)
Turn left at the corner.	কোণে বাম দিকে ঘুরুন।
Turn right at the traffic light.	ট্রাফিক লাইটে ডান দিকে ঘুরুন।
Two bowls of rice, please.	দুই বাটি ভাত, প্লিজ।
Two copies of this textbook, please.	এই পাঠ্যপুস্তকের দুটি কপি, অনুগ্রহ করে।
Two pens, please.	দুটি কলম, দয়া করে.
Two people came.	দুজন লোক এলো।
U.S.A.	ইউ.এস.এ.
Umbrella	ছাতা
Under no circumstances should you open this door.	কোন অবস্থাতেই এই দরজা খুলবেন না।
Until what date is your work?	আপনার কাজ কত তারিখ পর্যন্ত?
Violin	বেহালা
Visitors must show their ID.	দর্শকদের অবশ্যই তাদের পরিচয়পত্র দেখাতে হবে।
Wait a moment, please.	একটি মুহূর্ত অপেক্ষা করুন, দয়া করে.
Walking home, I saw a rainbow.	বাড়িতে হাঁটতে হাঁটতে একটা রংধনু দেখতে পেলাম।
Was she crying?	সে কি কাঁদছিল?
Wash your hands often.	প্রায়ই আপনার হাত ধোয়া.
Water	জল
Water boils at 100 degrees.	পানি 100 ডিগ্রিতে ফুটে।
Water, please.	অনুগ্রহ করে জল দিন৷
We are eating lunch now.	আমরা এখন দুপুরের খাবার খাচ্ছি।
We are flying to Delhi tomorrow.	আমরা আগামীকাল দিল্লি যাচ্ছি।
We are from the same city.	আমরা একই শহরের।
We are going to travel to Japan.	আমরা জাপান ভ্রমণ করতে যাচ্ছি।
We are going to watch a movie later.	আমরা পরে একটি সিনেমা দেখতে যাচ্ছি.
We are good friends.	আমরা ভালো বন্ধু।
We are happy.	আমরা খুশি।
We are not going out tonight.	আমরা আজ রাতে বাইরে যাচ্ছি না।
We are not late.	আমরা আর দেরি করিনি।
We are staying at a hotel.	আমরা একটি হোটেলে অবস্থান করছি।
We are very close.	আমরা খুব কাছাকাছি.
We aren't going to sell the house.	আমরা বাড়ি বিক্রি করতে যাচ্ছি না।
We can decide later.	আমরা পরে সিদ্ধান্ত নিতে পারি।
We can meet tomorrow.	আমরা আগামীকাল দেখা করতে পারি।
We can't go out tonight.	আজ রাতে আমরা বাইরে যেতে পারব না।
We celebrate birthdays together.	আমরা একসাথে জন্মদিন উদযাপন করি।
We celebrate the new year.	আমরা নতুন বছর উদযাপন করি।
We celebrated the success.	আমরা সাফল্য উদযাপন করেছি।
We climbed to the top of the mountain.	আমরা পাহাড়ের চূড়ায় উঠলাম।
We considered moving to another city.	আমরা অন্য শহরে চলে যাওয়ার কথা ভেবেছিলাম।
We decided to stay home.	আমরা বাড়িতে থাকার সিদ্ধান্ত নিয়েছি।
We didn't find the place.	আমরা জায়গা খুঁজে পাইনি.
We didn't go to the party.	আমরা পার্টিতে যাইনি।
We didn't have to wait long.	আমাদের বেশিক্ষণ অপেক্ষা করতে হয়নি।
We don't have any questions.	আমাদের কোন প্রশ্ন নেই।
We don't have sugar.	আমাদের চিনি নেই।
We don't watch TV much.	আমরা খুব একটা টিভি দেখি না।
We drove to the airport.	আমরা এয়ারপোর্টে চলে গেলাম।
We eat dinner at eight.	আমরা রাতের খাবার আটটায় খাই।
We eat lunch at noon.	আমরা দুপুরের খাবার খাই।
We go on holiday in August.	আমরা আগস্টে ছুটিতে যাই।
We go shopping on Saturday.	আমরা শনিবার শপিং করতে যাই।
We go to the beach in summer.	আমরা গ্রীষ্মে সৈকতে যাই।
We got disconnected.	আমরা সংযোগ বিচ্ছিন্ন পেয়েছিলাম.
We had a great time.	আমরা একটি মহান সময় ছিল.
We had a lot of fun.	আমরা অনেক মজা করেছি।
We had a party with family.	আমরা পরিবারের সঙ্গে একটি পার্টি ছিল.
We had booked the tickets online.	আমরা অনলাইনে টিকিট বুক করেছি।
We had heard about that restaurant before.	আমরা এই রেস্টুরেন্ট সম্পর্কে আগে শুনেছি.
We had met each other before.	এর আগে আমরা একে অপরের সাথে দেখা করেছি।
We hadn't planned to stay so long.	আমরা এতদিন থাকার পরিকল্পনা করিনি।
We have a big house.	আমাদের একটা বড় বাড়ি আছে।
We have a meeting today.	আমরা আজ একটি মিটিং আছে.
We have a new client today.	আমরা আজ একটি নতুন ক্লায়েন্ট আছে.
We have been friends since childhood.	ছোটবেলা থেকেই আমরা বন্ধু।
We have been living here for ten years.	আমরা দশ বছর ধরে এখানে বসবাস করছি।
We have been planning this party for a month.	আমরা এক মাস ধরে এই পার্টির পরিকল্পনা করছি।
We have been saving money for a trip.	আমরা একটি ভ্রমণের জন্য টাকা সঞ্চয় করা হয়েছে.
We have eaten at that restaurant many times.	আমরা সেই রেস্টুরেন্টে অনেকবার খেয়েছি।
We have known each other for years.	আমরা একে অপরকে বছরের পর বছর ধরে চিনি।
We have known each other since childhood.	ছোটবেলা থেকেই আমরা একে অপরকে চিনি।
We have lived here since 2019.	আমরা 2019 সাল থেকে এখানে বসবাস করছি।
We have lunch together.	আমরা একসাথে লাঞ্চ করি।
We have many things to do.	আমাদের অনেক কিছু করার আছে।
We have no time to lose.	আমাদের হারানোর সময় নেই।
We have only five minutes.	আমাদের হাতে মাত্র পাঁচ মিনিট।
We have some good news.	আমরা কিছু ভাল খবর আছে.
We have to pay the bill.	বিল দিতে হবে।
We haven't decided yet.	আমরা এখনও সিদ্ধান্ত নেই.
We haven't seen him for ages.	আমরা তাকে যুগ যুগ ধরে দেখিনি।
We live in a small town.	আমরা একটি ছোট শহরে বাস.
We live together.	আমরা একসাথে থাকি।
We may have to cancel the trip.	আমাদের ট্রিপ বাতিল করতে হতে পারে।
We may not have enough time.	আমাদের হয়তো পর্যাপ্ত সময় নেই।
We meet on Friday.	আমরা শুক্রবার দেখা করি।
We meet tomorrow afternoon.	কাল বিকেলে দেখা হবে।
We met at the cafe.	আমরা ক্যাফেতে দেখা করেছি।
We might go out for dinner.	আমরা ডিনারের জন্য বাইরে যেতে পারি।
We must leave now.	আমাদের এখনই চলে যেতে হবে।
We must respect our parents.	আমাদের বাবা-মাকে সম্মান করতে হবে।
We need a lot of water.	আমাদের প্রচুর পানি দরকার।
We need some milk.	আমাদের কিছু দুধ দরকার।
We need to get the car repaired.	আমাদের গাড়িটি মেরামত করা দরকার।
We played football yesterday.	আমরা গতকাল ফুটবল খেলেছি।
We played music all night.	আমরা সারারাত গান বাজলাম।
We ran to the bus stop.	আমরা দৌড়ে বাস স্টপে গেলাম।
We really enjoyed it.	আমরা সত্যিই এটা উপভোগ করেছি.
We saw a great movie.	আমরা একটি দুর্দান্ত সিনেমা দেখেছি।
We saw an elephant at the zoo.	আমরা চিড়িয়াখানায় একটি হাতি দেখেছি।
We saw many birds.	আমরা অনেক পাখি দেখেছি।
We saw some birds in the sky.	আমরা আকাশে কিছু পাখি দেখলাম।
We should be kind to animals.	পশুদের প্রতি আমাদের সদয় হওয়া উচিত।
We should leave early.	আমাদের তাড়াতাড়ি চলে যাওয়া উচিত।
We should save money.	আমাদের অর্থ সঞ্চয় করা উচিত।
We shouldn't talk in the library.	আমাদের লাইব্রেরিতে কথা বলা উচিত নয়।
We shouldn't waste food.	আমাদের খাবার নষ্ট করা উচিত নয়।
We split the bill.	আমরা বিল ভাগ করেছি।
We spoke to the manager.	আমরা ম্যানেজারের সাথে কথা বলেছি।
We stayed there for a week.	আমরা সেখানে এক সপ্তাহ ছিলাম।
We talk about everything.	আমরা সবকিছু নিয়ে কথা বলি।
We took a family photo.	আমরা একটি পারিবারিক ছবি তুললাম।
We took lots of photos.	আমরা প্রচুর ছবি তুলেছি।
We took photos together.	আমরা একসাথে ছবি তুললাম।
We use online meetings.	আমরা অনলাইন মিটিং ব্যবহার করি।
We visited our grandparents.	আমরা আমাদের দাদা-দাদির সাথে দেখা করেছি।
We waited for an hour.	আমরা এক ঘণ্টা অপেক্ষা করলাম।
We walked along the beach.	আমরা সৈকত ধরে হাঁটলাম।
We want to see the museum.	আমরা জাদুঘর দেখতে চাই।
We watch TV after dinner.	রাতের খাবারের পর আমরা টিভি দেখি।
We watch TV in the evening.	আমরা সন্ধ্যায় টিভি দেখি।
We went to the station.	আমরা স্টেশনে গেলাম।
We were having dinner together.	আমরা একসাথে ডিনার করছিলাম।
We were walking in the park.	আমরা পার্কে হাঁটছিলাম।
We were watching the match together.	আমরা একসঙ্গে ম্যাচ দেখছিলাম।
We weren't expecting you.	আমরা আপনাকে আশা করছিলাম না.
We will be celebrating her birthday next month.	আমরা আগামী মাসে তার জন্মদিন উদযাপন করব।
We will be driving through the night.	আমরা সারারাত ড্রাইভিং করব।
We will be staying at a hotel in Goa.	আমরা গোয়ার একটি হোটেলে থাকব।
We will have lived here for ten years by 2030.	2030 সালের মধ্যে আমরা এখানে দশ বছর বসবাস করব।
We will have tested the machine before using it.	আমরা এটি ব্যবহার করার আগে মেশিনটি পরীক্ষা করব।
We will meet again soon.	আমরা শীঘ্রই আবার দেখা হবে.
We won't be needing this anymore.	আমরা আর এই প্রয়োজন হবে না.
We won't give up.	আমরা হাল ছাড়ব না।
We won't have spent all our money.	আমরা আমাদের সব টাকা খরচ হবে না.
We would have dinner at seven.	আমরা সাতটায় ডিনার করব।
We would visit them every summer.	আমরা প্রতি গ্রীষ্মে তাদের সাথে দেখা করতাম।
We wouldn't have been late if we had left on time.	সময়মতো রওনা দিলে দেরি হতো না।
We'll have dinner at eight.	আমরা আটটায় ডিনার করব।
We'll see what happens.	আমরা দেখব কি হয়.
We'll welcome the new year.	আমরা নতুন বছরকে স্বাগত জানাব।
We're almost there.	আমরা প্রায় চলে এসেছি।
We're going to have a party on Saturday.	আমরা শনিবার একটি পার্টি করতে যাচ্ছি.
We're ready to order.	আমরা অর্ডার করতে প্রস্তুত।
Wear a warm coat.	একটি উষ্ণ কোট পরুন।
Wednesday	বুধবার
Wednesday (short)	বুধবার (সংক্ষিপ্ত)
Welcome (to our store)	স্বাগতম (আমাদের দোকানে)
Welcome home	বাড়িতে স্বাগতম
Welcome home (polite)	বাড়িতে স্বাগতম (ভদ্র)
Welcome.	স্বাগতম।
Were I you, I would accept the offer.	আমি আপনি হলে, আমি প্রস্তাব গ্রহণ করবে.
Were you sleeping?	তুমি কি ঘুমাচ্ছিলে?
What I really need is more time.	আমি সত্যিই আরো সময় প্রয়োজন কি.
What are you doing now?	আপনি এখন কি করছেন?
What are you doing?	আপনি কি করছেন?
What are you going to do tonight?	আপনি আজ রাতে কি করতে যাচ্ছেন?
What are your plans for the weekend?	সপ্তাহান্তে আপনার পরিকল্পনা কি?
What are your working hours?	আপনার কাজের সময় কি?
What color do you like?	আপনি কি রঙ পছন্দ করেন?
What color is your car?	আপনার গাড়ির রং কি?
What country's person is (he)? (Where is he from?)	কোন দেশের ব্যক্তি (তিনি)? (সে কোথা থেকে এসেছে?)
What day is it today?	আজ কি দিন?
What day is today?	আজ কোন দিন?
What day of the week is it today?	আজ সপ্তাহের কোন দিন?
What did you do last weekend?	আপনি গত সপ্তাহান্তে কি করেছেন?
What did you do on the weekend?	আপনি সপ্তাহান্তে কি করেছেন?
What did you eat?	কি খেয়েছেন?
What do you do for work?	আপনি কাজের জন্য কি করেন?
What do you eat?	আপনি কি খাবেন?
What do you like?	আপনি কি পছন্দ করেন?
What do you recommend for dessert?	আপনি ডেজার্ট জন্য কি সুপারিশ?
What do you think?	আপনি কি মনে করেন?
What do you want for breakfast?	আপনি প্রাতঃরাশের জন্য কি চান?
What do you want to eat?	আপনি কি খেতে চান?
What do you want?	আপনি কি চান?
What does she do?	সে কি করে?
What is that?	এটা কি?
What is this?	এটা কি?
What is today's date?	আজকের তারিখ কি?
What is your favorite dream?	আপনার প্রিয় স্বপ্ন কি?
What is your favorite food?	আপনার প্রিয় খাবার কি?
What is your hobby in Japan?	জাপানে আপনার শখ কি?
What is your name?	তোমার নাম কি?
What kind of music do you like?	আপনি কি ধরনের সঙ্গীত পছন্দ করেন?
What languages can you speak?	আপনি কোন ভাষায় কথা বলতে পারেন?
What month is it now?	এখন কোন মাস?
What shall we do?	আমরা কি করব?
What should I do?	আমি কি করব?
What should I/we do?	আমার/আমাদের কি করা উচিত?
What should we do now?	আমাদের এখন কি করা উচিত?
What sport do you like?	আপনি কোন খেলাধুলা পছন্দ করেন?
What time do you sleep every day?	আপনি প্রতিদিন কোন সময় ঘুমান?
What time do you usually wake up?	আপনি সাধারণত কখন ঘুম থেকে উঠবেন?
What time does school start?	স্কুল কখন শুরু হয়?
What time does the bank open?	ব্যাংক কখন খোলে?
What time is boarding?	বোর্ডিং কি সময়?
What time is check-out?	চেক-আউট কি সময়?
What time is checkout?	চেকআউট কি সময়?
What time is it now?	এখন কয়টা বাজে?
What time is it?	কয়টা বাজে?
What time is the next train?	পরের ট্রেন কয়টায়?
What time shall we meet?	আমরা কখন দেখা করব?
What time should we meet?	আমরা কি সময় দেখা উচিত?
What was he doing there?	তিনি সেখানে কি করছিলেন?
What were you doing at midnight?	মাঝরাতে কি করছিলে?
What would you like to drink?	আপনি কি পান করতে চান?
What would you like?	আপনি কি চান?
What year is it now?	এখন কত সাল?
What's the forecast?	পূর্বাভাস কি?
What's the price?	দাম কত?
What's today's temperature?	আজকের তাপমাত্রা কত?
What's your address?	তোমার ঠিকানা কি?
What's your favorite thing?	আপনার প্রিয় জিনিস কি?
What's your name?	তোমার নাম কি?
What's your number?	আপনার নাম্বার কি?
When I arrive at work, I'll call.	আমি কর্মস্থলে পৌঁছলে ফোন করব।
When I arrived, the train had already left.	আমি যখন পৌঁছলাম, ট্রেন আগেই চলে গেছে।
When I buy new shoes, I'll wear them.	আমি যখন নতুন জুতা কিনব, আমি সেগুলি পরব।
When I was a student, I lived in Japan.	আমি যখন ছাত্র ছিলাম, তখন জাপানে থাকতাম।
When I was young, I would play outside.	যখন ছোট ছিলাম তখন বাইরে খেলতাম।
When are you free?	আপনি কখন ফ্রি?
When are you going to leave?	আপনি কখন চলে যাচ্ছেন?
When did he leave?	তিনি কখন চলে গেলেন?
When did the show start?	কখন শো শুরু হয়েছিল?
When did you arrive?	আপনি কখন পৌঁছেছেন?
When does the train leave?	ট্রেন কখন ছাড়বে?
When is the meeting?	মিটিং কবে?
When is the next train?	পরবর্তী ট্রেনটি কখন আসবে?
When is your birthday?	তোমার জন্মদিন কবে?
When it rains, I open an umbrella.	বৃষ্টি হলেই ছাতা খুলি।
When spring comes, it gets warm.	বসন্ত এলেই গরম হয়ে যায়।
Where are the fitting rooms?	ফিটিং রুম কোথায়?
Where are you from?	আপনি কোথা থেকে এসেছেন?
Where are you going?	কোথায় যাচ্ছেন?
Where are you originally from?	আপনি মূলত কোথা থেকে এসেছেন?
Where can I buy tickets?	আমি কোথায় টিকিট কিনতে পারি?
Where can I find an ATM?	আমি একটি এটিএম কোথায় পেতে পারি?
Where can I park?	আমি কোথায় পার্ক করতে পারি?
Where did he go?	সে কোথায় গেল?
Where did you go?	কোথায় গেলেন?
Where do I buy a ticket?	আমি কোথায় টিকিট কিনব?
Where do you live now?	আপনি এখন কোথায় থাকেন?
Where do you live?	আপনি কোথায় থাকেন?
Where do you work?	আপনি কোথায় কাজ করেন?
Where is a safe place?	নিরাপদ জায়গা কোথায়?
Where is it?	এটা কোথায়?
Where is she going to live?	কোথায় সে বাস করতে যাচ্ছে?
Where is the ATM?	এটিএম কোথায়?
Where is the bank?	ব্যাংক কোথায়?
Where is the bus stop?	বাস স্টপ কোথায়?
Where is the cashier?	ক্যাশিয়ার কোথায়?
Where is the department store?	ডিপার্টমেন্টাল স্টোর কোথায়?
Where is the fire station?	ফায়ার স্টেশন কোথায়?
Where is the hospital?	হাসপাতাল কোথায়?
Where is the nearest mall?	নিকটতম মল কোথায়?
Where is the pharmacy?	ফার্মেসি কোথায়?
Where is the restroom?	বিশ্রাম কক্ষটি কোথায়?
Where is the station?	স্টেশন কোথায়?
Where is the train station?	ট্রেন স্টেশন কোথায়?
Where is this place?	এই জায়গাটা কোথায়?
Where should I put this?	আমি এটা কোথায় রাখা উচিত?
Where to, sir?	কোথায় যাবেন স্যার?
Where's a good place to eat?	খাওয়ার ভালো জায়গা কোথায়?
Where's the nearest bank?	নিকটতম ব্যাংক কোথায়?
Where's the nearest station?	নিকটতম স্টেশন কোথায়?
Which color would you like?	আপনি কোন রঙ পছন্দ করবেন?
Which do you like, weekends or weekdays?	আপনি কোনটি পছন্দ করেন, সাপ্তাহিক ছুটির দিন নাকি সপ্তাহান্তে?
Which is better?	কোনটা ভালো?
Which one do you like (of two)?	আপনি কোনটি পছন্দ করেন (দুইটির মধ্যে)?
Which one do you like best?	আপনি কোনটি সবচেয়ে ভালো লাগে?
Which one is the cheapest?	কোনটি সবচেয়ে সস্তা?
Which one is your book?	আপনার বই কোনটি?
Which one is yours?	কোনটা তোমার?
Which two do you compare?	আপনি কোন দুটি তুলনা?
While I was cooking, he was watching TV.	আমি যখন রান্না করছিলাম, তিনি টিভি দেখছিলেন।
White Day	সাদা দিবস
Who called you?	তোমাকে কে ডেকেছে?
Who came?	কে এল?
Who did you talk with?	আপনি কার সাথে কথা বলেছেন?
Who is responsible for this decision?	এই সিদ্ধান্তের জন্য দায়ী কে?
Who is she?	সে কে?
Who is the tallest in the class?	ক্লাসে সবচেয়ে লম্বা কে?
Who is your teacher?	আপনার শিক্ষক কে?
Who made this cake?	কে বানিয়েছে এই কেক?
Who will you travel with?	আপনি কার সাথে ভ্রমণ করবেন?
Whose bag is that?	ওটা কার ব্যাগ?
Whose bicycle is this?	এটা কার সাইকেল?
Why are you crying?	তুমি কাঁদছ কেন?
Why are you sad?	মন খারাপ কেন?
Why did you leave early?	তাড়াতাড়ি চলে গেলে কেন?
Why do you study English?	কেন আপনি ইংরেজি পড়া?
Why don't you try again?	কেন আপনি আবার চেষ্টা করবেন না?
Why is the sky blue?	আকাশ নীল কেন?
Why?; What for?	কেন?; কিসের জন্য?
Will she be flying tomorrow?	সে কি আগামীকাল উড়বে?
Will she come with us?	সে কি আমাদের সাথে আসবে?
Will the store have closed by then?	তখন কি দোকান বন্ধ হয়ে যাবে?
Will they accept the offer?	তারা কি প্রস্তাব গ্রহণ করবে?
Will they have finished the construction?	তারা কি নির্মাণ কাজ শেষ করবে?
Will we be seeing you this weekend?	আমরা এই সপ্তাহান্তে দেখা হবে?
Will we have arrived before sunset?	আমরা কি সূর্যাস্তের আগেই পৌঁছে গেছি?
Will we have enough time?	আমাদের কি যথেষ্ট সময় থাকবে?
Will you be coming to the office tomorrow?	তুমি কি কাল অফিসে আসবে?
Will you be using this laptop?	আপনি কি এই ল্যাপটপ ব্যবহার করবেন?
Will you come to the party?	পার্টিতে আসবেন?
Will you have completed the report by Monday?	আপনি কি সোমবারের মধ্যে রিপোর্ট শেষ করবেন?
Will you have decided by tomorrow?	আপনি কি আগামীকাল সিদ্ধান্ত নেবেন?
Will you help me with this?	আপনি কি আমাকে এই বিষয়ে সাহায্য করবেন?
Winter days are short.	শীতের দিন ছোট।
Winter is the coldest season.	শীতকাল সবচেয়ে ঠান্ডা ঋতু।
With regard to your query, please see the attached file.	আপনার প্রশ্নের বিষয়ে, অনুগ্রহ করে সংযুক্ত ফাইলটি দেখুন।
Without a dictionary, I don't understand.	অভিধান ছাড়া আমি বুঝতে পারি না।
Won't you eat with me?	আমার সাথে খাবে না?
Work is tough.	কাজ কঠিন।
Would it be okay if I left early?	আমি তাড়াতাড়ি চলে গেলে কি ঠিক হবে?
Would you be free tomorrow?	তুমি কি আগামীকাল মুক্ত হবে?
Would you help me with this?	আপনি কি আমাকে এই বিষয়ে সাহায্য করবেন?
Would you like anything else?	আপনি অন্য কিছু চান?
Would you like anything to drink?	আপনি কিছু পান করতে চান?
Would you like it hot or iced?	আপনি এটা গরম বা বরফ পছন্দ করবেন?
Would you like it wrapped as a gift?	আপনি এটি একটি উপহার হিসাবে মোড়ানো চান?
Would you like me to help?	আপনি কি আমাকে সাহায্য করতে চান?
Would you like some coffee?	আপনি কিছু কফি চান?
Would you like some tea?	আপনি কিছু চা চান?
Would you like to dance?	আপনি নাচ করতে চান?
Would you like to watch a movie?	আপনি একটি সিনেমা দেখতে চান?
Would you mind closing the door?	তুমি কি দরজা বন্ধ করতে আপত্তি করবে?
Would you open the window, please?	আপনি কি জানালা খুলবেন, দয়া করে?
Would you recommend this hotel?	আপনি কি এই হোটেলের সুপারিশ করবেন?
Written in 1900, the book is still popular.	1900 সালে লেখা, বইটি এখনও জনপ্রিয়।
Xylophone	জাইলোফোন
Yellow	হলুদ
Yes, I can come tomorrow.	হ্যাঁ, আমি আগামীকাল আসতে পারি।
Yes, I can swim.	হ্যাঁ, আমি সাঁতার কাটতে পারি।
Yes, I do like it.	হ্যাঁ, আমি এটা পছন্দ করি.
Yes, I understand.	হ্যাঁ, আমি বুঝতে পেরেছি।
Yesterday I stayed up late.	গতকাল আমি দেরি করে জেগেছিলাম।
Yesterday was Sunday.	গতকাল রবিবার ছিল।
Yesterday was very busy.	গতকাল খুব ব্যস্ত ছিল।
You are going to love this place.	আপনি এই জায়গা পছন্দ করতে যাচ্ছেন.
You are my best friend.	তুমি আমার সবচেয়ে ভালো বন্ধু।
You are not wrong.	আপনি ভুল না.
You are right.	আপনি ঠিক বলেছেন।
You are so kind to me.	তুমি আমার প্রতি অনেক দয়ালু।
You are the one I want. (You're good.)	তুমিই সেই আমি চাই। (তুমি ভালো আছো।)
You are working very hard.	আপনি খুব পরিশ্রম করছেন।
You came very early.	তুমি খুব তাড়াতাড়ি এসেছ।
You can apply regardless of age.	আপনি বয়স নির্বিশেষে আবেদন করতে পারেন.
You can call me any time.	আপনি যে কোনো সময় আমাকে কল করতে পারেন.
You can pick up the medicine at the pharmacy next door.	আপনি পাশের ফার্মেসিতে ওষুধটি নিতে পারেন।
You can sit here.	এখানে বসতে পারেন।
You can't smoke in here.	আপনি এখানে ধূমপান করতে পারবেন না।
You don't have to bring anything.	তোমাকে কিছু আনতে হবে না।
You don't have to come if you're busy.	ব্যস্ত থাকলে আসতে হবে না।
You don't have to go to work today.	তোমাকে আজ কাজে যেতে হবে না।
You don't have to practice every day.	আপনাকে প্রতিদিন অনুশীলন করতে হবে না।
You don't know the answer.	আপনি উত্তর জানেন না.
You had told me not to worry.	তুমি আমাকে চিন্তা করতে বলেছিলে।
You have a nice smile.	আপনি একটি সুন্দর হাসি আছে.
You have been talking for two hours!	আপনি দুই ঘন্টা ধরে কথা বলছেন!
You have done a great job.	আপনি একটি মহান কাজ করেছেন.
You have grown so much.	তুমি অনেক বড় হয়ে গেছো।
You have my apologies.	আপনি আমার ক্ষমাপ্রার্থী আছে.
You have my keys.	তোমার কাছে আমার চাবি আছে।
You may be right.	আপনি সঠিক হতে পারে.
You may borrow my book.	আপনি আমার বই ধার করতে পারেন.
You might want to try this restaurant.	আপনি এই রেস্টুরেন্ট চেষ্টা করতে চাইতে পারেন.
You must be here at nine.	আপনি অবশ্যই নয়টায় এখানে থাকবেন।
You must be quiet in the library.	লাইব্রেরিতে চুপচাপ থাকতে হবে।
You must be tired after working so hard. (ritualistic expression)	এত পরিশ্রম করার পর আপনি নিশ্চয়ই ক্লান্ত। (আচারিক অভিব্যক্তি)
You must not look during the exam.	পরীক্ষার সময় অবশ্যই তাকাবেন না।
You must not smoke here.	আপনি এখানে ধূমপান করা উচিত নয়.
You must not tell anyone.	কাউকে বলতে হবে না।
You must wear a helmet.	আপনাকে অবশ্যই হেলমেট পরতে হবে।
You must wear a seatbelt.	আপনাকে অবশ্যই সিটবেল্ট পরতে হবে।
You mustn't be late.	আপনার দেরি করা উচিত নয়।
You need to rest.	আপনাকে বিশ্রাম নিতে হবে।
You play the guitar?	তুমি গিটার বাজাও?
You should apologize to her.	তোমার তার কাছে ক্ষমা চাওয়া উচিত।
You should check the weather.	আপনার আবহাওয়া পরীক্ষা করা উচিত।
You should drink more water.	আপনার আরও জল পান করা উচিত।
You should rest.	আপনার বিশ্রাম করা উচিত।
You should try the local food.	আপনি স্থানীয় খাবার চেষ্টা করা উচিত.
You should wear a helmet.	আপনার হেলমেট পরা উচিত।
You shouldn't worry so much.	আপনার এত চিন্তা করা উচিত নয়।
You speak English very well.	আপনি খুব ভালো ইংরেজি বলতে পারেন।
You were talking too fast.	আপনি খুব দ্রুত কথা বলছিলেন।
You will be feeling better soon.	আপনি শীঘ্রই ভাল বোধ করা হবে.
You will enjoy this book.	আপনি এই বইটি উপভোগ করবেন।
You will succeed if you try.	চেষ্টা করলে সফল হবেন।
You're welcome.	আপনাকে স্বাগতম।
Your answer is more accurate than mine.	আপনার উত্তর আমার চেয়ে আরো সঠিক.
Your bag is 2 kilos overweight.	আপনার ব্যাগের ওজন 2 কিলো বেশি।
Your keys are on the counter.	আপনার চাবি কাউন্টারে আছে.
Zebra	জেব্রা
[counter for bound volumes]	[বাউন্ড ভলিউমের জন্য কাউন্টার]
[counter for equipment]	[সরঞ্জামের জন্য কাউন্টার]
[counter for flat objects]	[সমতল বস্তুর জন্য কাউন্টার]
[counter for long objects]	[দীর্ঘ বস্তুর জন্য কাউন্টার]
[counter for smaller animals]	[ছোট প্রাণীদের জন্য কাউন্টার]
[generic counter for smaller items]	[ছোট আইটেমের জন্য জেনেরিক কাউন্টার]
a	ক
a bit slower, please	একটু ধীর, দয়া করে
a bowl; a pot	একটি বাটি; একটি পাত্র
a burner; origin of a fire	একটি বার্নার; আগুনের উৎপত্তি
a certain...; some...	একটি নির্দিষ্ট...; কিছু...
a change	একটি পরিবর্তন
a cold	একটি ঠান্ডা
a cold (illness)	একটি ঠান্ডা (অসুখ)
a corner	একটি কোণ
a cup / one glass	একটি কাপ / এক গ্লাস
a dance	একটি নাচ
a double-edged sword	একটি দ্বি-ধারী তলোয়ার
a draw (in competition); tie game	একটি ড্র (প্রতিযোগিতায়); টাই খেলা
a drink	একটি পানীয়
a drink, drinks	একটি পানীয়, পানীয়
a few	কিছু
a few seconds	কয়েক সেকেন্ড
a glance; a look; a glimpse	এক নজর একটি চেহারা একটি আভাস
a habit (often a bad habit); peculiarity	একটি অভ্যাস (প্রায়শই একটি খারাপ অভ্যাস); অদ্ভুততা
a house; a home; a family; a household	একটি ঘর; একটি বাড়ি; একটি পরিবার; একটি পরিবার
a joint; joining point	একটি যৌথ; যোগদান বিন্দু
a kind; a sort	a kind; একটি সাজানোর
a line; earnestly; blindly; straightforwardly	একটি লাইন; আন্তরিকভাবে অন্ধভাবে সোজাসুজি
a little	একটু
a little more	একটু বেশি
a little while ago	একটু আগে
a little; a few	একটু কিছু
a little; small quantity	একটু ছোট পরিমাণ
a little; somewhat; somehow	একটু কিছুটা কোনোভাবে
a lot	অনেক
a means; e.g. of living	একটি উপায়; যেমন বসবাসের
a moment	একটি মুহূর্ত
a moment; an instant	একটি মুহূর্ত; একটি তাত্ক্ষণিক
a moot point	একটি মূল বিন্দু
a part	একটি অংশ
a patient	একজন রোগী
a region; a zone; the whole place	একটি অঞ্চল; একটি অঞ্চল; পুরো জায়গা
a rest	একটি বিশ্রাম
a series; a chain; a ream (of paper)	একটি সিরিজ; একটি চেইন; একটি রেম (কাগজের)
a sigh	একটি দীর্ঘশ্বাস
a snack	একটি জলখাবার
a soliloquy; a monologue; speaking to oneself	একটি স্বগতোক্তি; একটি মনোলোগ; নিজের সাথে কথা বলা
a space	একটি স্থান
a species; a kind; a variety	একটি প্রজাতি; a kind; একটি বৈচিত্র্য
a vase	একটি দানি
a.m. / morning	a.m. / সকাল
abacus	অ্যাবাকাস
abandon	পরিত্যাগ করা
abatement	হ্রাস
abdomen; belly; stomach	পেট; পেট; পেট
ability	ক্ষমতা
ability; efficiency	ক্ষমতা দক্ষতা
ability; faculty	ক্ষমতা অনুষদ
able	সক্ষম
able; capable; efficient; skill	সক্ষম সক্ষম দক্ষ দক্ষতা
abolish	বাতিল করা
abolition	বিলুপ্তি
abortion	গর্ভপাত
about	সম্পর্কে
about (approximate measurement)	সম্পর্কে (আনুমানিক পরিমাপ)
about / roughly	প্রায় / মোটামুটি
about how much	কত সম্পর্কে
about this much	এই সম্পর্কে অনেক
about; roughly; as a rule; approximately	সম্পর্কে মোটামুটি একটি নিয়ম হিসাবে; প্রায়
above	উপরে
abroad	বিদেশে
abruptly; suddenly; unexpectedly; all at once	আকস্মিকভাবে; হঠাৎ অপ্রত্যাশিতভাবে; একযোগে সব
absence	অনুপস্থিতি
absence without notice	নোটিশ ছাড়া অনুপস্থিতি
absence; non-attendance	অনুপস্থিতি; অনুপস্থিতি
absence; not at home	অনুপস্থিতি; বাড়িতে না
absent	অনুপস্থিত
absentmindedly	অনুপস্থিতভাবে
absolute	পরম
absolute; unconditional; absoluteness	পরম শর্তহীন; পরমতা
absolutely	একেবারে
absorb	শোষণ করা
absorption; suction; attraction	শোষণ; স্তন্যপান; আকর্ষণ
abstain from voting; renunciation of a right	ভোট দেওয়া থেকে বিরত থাকা; একটি অধিকার ত্যাগ
abstract	বিমূর্ত
absurd	অযৌক্তিক
abundance	প্রাচুর্য
abundance; wealth; plenty; bounty	প্রাচুর্য সম্পদ; প্রচুর অনুগ্রহ
abundant; wealthy; plentiful; rich	প্রচুর ধনী plentiful; ধনী
abuse	অপব্যবহার
abuse; insult; slander; evil speaking	অপব্যবহার অপমান অপবাদ খারাপ কথা বলা
academic	একাডেমিক
academic background	একাডেমিক পটভূমি
academy	একাডেমি
accelerate	ত্বরান্বিত করা
acceleration	ত্বরণ
accent	উচ্চারণ
accept	গ্রহণ
acceptable	গ্রহণযোগ্য
acceptance	গ্রহণ
access	অ্যাক্সেস
accessible	অ্যাক্সেসযোগ্য
accident	দুর্ঘটনা
accidentally	ঘটনাক্রমে
accommodate	মিটমাট করা
accommodation	বাসস্থান
accompany	সঙ্গে
accomplish	সম্পন্ন করা
accomplishment	সিদ্ধি
accordance	অনুযায়ী
according to	অনুযায়ী
according to ...	অনুযায়ী...
accordingly	সেই অনুযায়ী
account	অ্যাকাউন্ট
account for	জন্য অ্যাকাউন্ট
account; finance; accountant	হিসাব অর্থ হিসাবরক্ষক
accountability	জবাবদিহিতা
accountable	দায়বদ্ধ
accountant	হিসাবরক্ষক
accounting	অ্যাকাউন্টিং
accumulate	জমা করা
accumulation	সঞ্চয়
accuracy	নির্ভুলতা
accurate	সঠিক
accurate; punctuality; exactness; authenticity; veracity	সঠিক সময়ানুবর্তিতা; নির্ভুলতা সত্যতা; সত্যতা
accurately	সঠিকভাবে
accusation	অভিযোগ
accuse	অভিযুক্ত করা
accused	অভিযুক্ত
achieve	অর্জন
achievement	অর্জন
achievement; performance; results; work; contribution	অর্জন; কর্মক্ষমতা; ফলাফল কাজ অবদান
achievements; actual results	অর্জন; প্রকৃত ফলাফল
achievements; merit; meritorious service; meritorious deed	অর্জন; যোগ্যতা মেধাবী সেবা; মেধাবী কাজ
acid	অ্যাসিড
acidity	অম্লতা
acknowledge	স্বীকার
acquaintance	পরিচিতি
acquire	অর্জন
acquisition	অধিগ্রহণ
acquisition; possession	অধিগ্রহণ; দখল
acre	একর
across	জুড়ে
act	কাজ
acting; performance	অভিনয় কর্মক্ষমতা
action	কর্ম
action; activity	কর্ম কার্যকলাপ
action; conduct; behaviour; mobilization	কর্ম আচরণ আচরণ সংহতকরণ
action; movements; motions; bearing; behaviour; manners	কর্ম আন্দোলন গতি bearing; আচরণ শিষ্টাচার
activate	সক্রিয় করা
activation	সক্রিয়করণ
active	সক্রিয়
activist	কর্মী
activity	কার্যকলাপ
actor	অভিনেতা
actor; actress	অভিনেতা অভিনেত্রী
actor; actress; player; performer	অভিনেতা অভিনেত্রী; খেলোয়াড় অভিনয়কারী
actress	অভিনেত্রী
actual	প্রকৃত
actual place; local	প্রকৃত স্থান; স্থানীয়
actual spot; scene; scene of the crime	প্রকৃত স্থান; দৃশ্য; অপরাধের দৃশ্য
actually	আসলে
actually; really	আসলে; সত্যিই
acute	তীব্র
ad	বিজ্ঞাপন
adapt	মানিয়ে নেওয়া
adaptation	অভিযোজন
adapting to circumstances	পরিস্থিতির সাথে খাপ খাইয়ে নেওয়া
add	যোগ করুন
addiction	আসক্তি
addition	সংযোজন
addition and subtraction; allowance for	যোগ এবং বিয়োগ; জন্য ভাতা
addition; supplement; appendix	সংযোজন সম্পূরক; পরিশিষ্ট
additional	অতিরিক্ত
additionally	উপরন্তু
address	ঠিকানা
address; direction	ঠিকানা দিক
addressed to	সম্বোধন করা হয়েছে
adequate	পর্যাপ্ত
adequately	পর্যাপ্তভাবে
adhere	মেনে চলা
adjacent	সংলগ্ন
adjectival noun; quasi-adjective	বিশেষণ বিশেষ্য; quasi-adjective
adjudicate	বিচার করা
adjust	সামঞ্জস্য করা
adjustment	সমন্বয়
adjustment; completion; consolidation	সমন্বয়; সমাপ্তি; একত্রীকরণ
administer	পরিচালনা
administration	প্রশাসন
administrative	প্রশাসনিক
administrator	প্রশাসক
admiration; Well done!	প্রশংসা; ভাল হয়েছে!
admire	প্রশংসা করা
admission	ভর্তি
admission-paid; toll	admission-paid; টোল
admit	স্বীকার করা
admittedly	স্বীকার করে
adolescent	কিশোর
adopt	গ্রহণ
adoption	দত্তক
adroit	নিপুণ
adult	প্রাপ্তবয়স্ক
advance	অগ্রিম
advance; drive; progress	অগ্রিম ড্রাইভ অগ্রগতি
advanced	উন্নত
advanced level; high grade; senior	উন্নত স্তর; উচ্চ গ্রেড; সিনিয়র
advantage	সুবিধা
advantageous; better; profitable; lucrative	সুবিধাজনক ভালো লাভজনক লাভজনক
advantages and disadvantages; interest	সুবিধা এবং অসুবিধা; সুদ
adventure	অ্যাডভেঞ্চার
adverb	ক্রিয়াবিশেষণ
adverse	প্রতিকূল
advertise	বিজ্ঞাপন
advertisement	বিজ্ঞাপন
advertising	বিজ্ঞাপন
advice	উপদেশ
advice; counsel; remonstrance; recommendation	উপদেশ পরামর্শ remonstrance সুপারিশ
advise	পরামর্শ
advocate	উকিল
aerial; overhead; fiction; fanciful	বায়বীয়; মাথার উপরে কল্পকাহিনী কল্পনাপ্রসূত
aeroplane	বিমান
aesthetic	নান্দনিক
affair	ব্যাপার
affect	প্রভাবিত
affectation; conceit; snobbery	অনুভূতি দম্ভ স্নোবরি
affection	স্নেহ
affiliation	অধিভুক্তি
affirmation; confirmation	নিশ্চিতকরণ নিশ্চিতকরণ
afford	সামর্থ্য
affordable	সাশ্রয়ী
afraid	ভীত
after	পরে
after (an event)	পরে (একটি ঘটনা)
after a long time	অনেকদিন পর
after all	সব পরে
after all; eventually	সব পরে; অবশেষে
after that	তার পরে
after this; from now on; hereafter; thereafter	এর পরে; এখন থেকে অতঃপর; তারপর
aftermath	পরবর্তী
afternoon	বিকেল
afterwards	পরে
afterwards; since then; in the future	পরে তারপর থেকে; ভবিষ্যতে
again	আবার
again and again; repeatedly	আবার এবং আবার বারবার
again; and	আবার; এবং
again; once more; a second time	আবার; আরো একবার; দ্বিতীয়বার
against	বিরুদ্ধে
age	বয়স
age; era; period; date	বয়স; যুগ সময়কাল; তারিখ
age; years	বয়স; বছর
aged	বৃদ্ধ
agency	সংস্থা
agenda	এজেন্ডা
agent	এজেন্ট
aggression	আগ্রাসন
aggressive	আক্রমণাত্মক
ago	আগে
ago; since; before; previous	আগে যেহেতু; আগে পূর্ববর্তী
agree	একমত
agreement	চুক্তি
agreement; rules; code	চুক্তি নিয়ম কোড
agricultural	কৃষি
agricultural chemicals	কৃষি রাসায়নিক
agricultural community; farm village; rural	কৃষি সম্প্রদায়; খামার গ্রাম; গ্রামীণ
agricultural produce	কৃষি পণ্য
agriculture	কৃষি
ah	আহ
ahead	এগিয়ে
aid	সাহায্য
aid / assistance	সাহায্য/সহায়তা
aid; assistance; help; reinforcement	সাহায্য সাহায্য; সাহায্য শক্তিবৃদ্ধি
aide	সহায়
aim	লক্ষ্য
air	বায়ু
air conditioner	এয়ার কন্ডিশনার
air conditioning	এয়ার কন্ডিশনার
air; atmosphere	বায়ু বায়ুমণ্ডল
aircraft	বিমান
airline	এয়ারলাইন
airplane	বিমান
airport	বিমানবন্দর
alarm	এলার্ম
alarm clock	এলার্ম ঘড়ি
albeit	যদিও
album	অ্যালবাম
alcohol	অ্যালকোহল
alcohol / sake	অ্যালকোহল / খাতির
alcohol; rice wine	অ্যালকোহল; চাল ওয়াইন
alcohol; sake	অ্যালকোহল; খাতির
alcoholic	মদ্যপ
alcove	alcove
alert	সতর্ক
alien	এলিয়েন
alighting; getting off	অবতরণ বন্ধ পাওয়া
align	সারিবদ্ধ
alignment	প্রান্তিককরণ
alike	একইভাবে
alive	জীবিত
all	সব
all (of the people) together	সব (মানুষের) একসাথে
all at once	একযোগে সব
all day long	সারাদিন
all members (unanimity); all hands; the whole crew	সকল সদস্য (একমত); সব হাত; পুরো ক্রু
all night; all night vigil; sleepless night	সারা রাত; সারা রাত জাগরণ; ঘুমহীন রাত
all of you (respect)	আপনারা সবাই (সম্মান)
all over; given in; given up hope; bring to knees	সব শেষ দেওয়া আশা ছেড়ে দেওয়া; হাঁটুতে আনুন
all present; all concerned; all of us	সমস্ত উপস্থিত; সমস্ত সংশ্লিষ্ট; আমরা সবাই
all right	ঠিক আছে
all together; batch; one lump; one bundle; summing up	সব একসাথে; ব্যাচ; এক পিণ্ড; এক বান্ডিল; সারসংক্ষেপ
all; entirely; completely; without exception	সব সম্পূর্ণরূপে; সম্পূর্ণরূপে; ব্যতিক্রম ছাড়া
all; everyone; everybody	সব সবাই সবাই
all; everything; without exception; the whole; entirely; absolutely	সব সবকিছু; ব্যতিক্রম ছাড়া; সমগ্র; সম্পূর্ণরূপে; একেবারে
all; the whole; entirely; in general; wholly	সব সমগ্র; সম্পূর্ণরূপে; সাধারণভাবে; সম্পূর্ণরূপে
all; whole; entire; complete; overall; pan	সব সমগ্র সমগ্র; সম্পূর্ণ সামগ্রিক; প্যান
allegation	অভিযোগ
allege	অভিযোগ
allegedly	অভিযোগ
alliance	জোট
allocate	বরাদ্দ
allocation	বরাদ্দ
allotment; assignment; allocation; quota; rationing	বরাদ্দ নিয়োগ বরাদ্দ কোটা; রেশনিং
allow	অনুমতি
allowance	ভাতা
allowance; grant; supply	ভাতা অনুদান সরবরাহ
allude	ইঙ্গিত করা
ally	মিত্র
almost	প্রায়
almost / hardly	প্রায় / কঠিনভাবে
alone	একা
alone; unmarried	একা অবিবাহিত
along	বরাবর
along railway line	রেল লাইন বরাবর
along the lines of	এর লাইন বরাবর
along with	বরাবর
alongside	পাশাপাশি
already	ইতিমধ্যে
already; too late	ইতিমধ্যে; খুব দেরী
also	এছাড়াও
alter	পরিবর্তন
alternating current; intercourse; (cultural) exchange; intermingling	বিকল্প বর্তমান; সহবাস (সাংস্কৃতিক) বিনিময়; মিশ্রিত
alternation; change; relief; relay; shift	পরিবর্তন পরিবর্তন ত্রাণ রিলে; স্থানান্তর
alternative	বিকল্প
alternatively	বিকল্পভাবে
although	যদিও
altitude; height; advanced	উচ্চতা উচ্চতা; উন্নত
altogether	সব মিলিয়ে
aluminium	অ্যালুমিনিয়াম
always	সবসময়
always hitting the mark	সর্বদা চিহ্ন আঘাত
always; constantly	সর্বদা; ক্রমাগত
always; usually; every time; never (with neg. verb)	সর্বদা; সাধারণত প্রতিবার কখনই (neg. ক্রিয়া সহ)
amalgamate	মিলন
amateur	অপেশাদার
amateur; novice	অপেশাদার নবীন
amazed	বিস্মিত
amazing	আশ্চর্যজনক
amazing / great	আশ্চর্যজনক / মহান
ambassador	রাষ্ট্রদূত
ambiguous	অস্পষ্ট
ambition	উচ্চাকাঙ্ক্ষা
ambitious	উচ্চাভিলাষী
ambulance	অ্যাম্বুলেন্স
amend	সংশোধন
amendment	সংশোধন
amendment; correction; revision; modification	সংশোধন সংশোধন পুনর্বিবেচনা; পরিবর্তন
amid	মধ্যে
among	মধ্যে
among them	তাদের মধ্যে
amount	পরিমাণ
amount of money	টাকার পরিমাণ
amount sold; proceeds	বিক্রির পরিমাণ; এগিয়ে যায়
amount; quantity	পরিমাণ পরিমাণ
amusement park	বিনোদন পার্ক
amusing	মজাদার
an address; a residence	একটি ঠিকানা; একটি বাসস্থান
an encounter	একটি এনকাউন্টার
an end; a stop; punctuation	একটি শেষ একটি স্টপ; বিরাম চিহ্ন
an individual	একজন ব্যক্তি
an interest	একটি আগ্রহ
analogy	সাদৃশ্য
analyse	বিশ্লেষণ
analysis	বিশ্লেষণ
analysis; disassembly	বিশ্লেষণ disassembly
analyst	বিশ্লেষক
analyze	বিশ্লেষণ
ancestor	পূর্বপুরুষ
anchor	নোঙ্গর
ancient	প্রাচীন
ancient times	প্রাচীন কাল
and	এবং
and (formal)	এবং (আনুষ্ঠানিক)
and (very formal)	এবং (খুব আনুষ্ঠানিক)
and Company; Messrs.	এবং কোম্পানি; মেসার্স
and by extension	এবং এক্সটেনশন দ্বারা
and so	এবং তাই
and so on; and so forth; comment	এবং তাই; এবং তাই ঘোষণা; মন্তব্য
and then	এবং তারপর
and; as well as	এবং; সেইসাথে
angel	দেবদূত
anger	রাগ
angle	কোণ
angrily	রাগান্বিতভাবে
angry	রাগান্বিত
animal	পশু
animal noise. to chirp; roar or croak etc.	পশুর শব্দ। কিচিরমিচির করা; গর্জন বা ক্রাক ইত্যাদি
animation	অ্যানিমেশন
anime	anime
ankle	গোড়ালি
anniversary	বার্ষিকী
annotation; explanatory note	টীকা; ব্যাখ্যামূলক নোট
announce	ঘোষণা
announcement	ঘোষণা
announcement / presentation	ঘোষণা / উপস্থাপনা
announcement; publication	ঘোষণা প্রকাশনা
annoy	বিরক্ত করা
annoyed	বিরক্ত
annoying	বিরক্তিকর
annual	বার্ষিক
annually	বার্ষিক
anonymous	বেনামী
another	অন্য
another person; unrelated person; outsider; stranger	অন্য ব্যক্তি; সম্পর্কহীন ব্যক্তি; বহিরাগত অপরিচিত
another place; somewhere else; strange parts	অন্য জায়গা; অন্য কোথাও; অদ্ভুত অংশ
another time; again; over again; anew; formally	অন্য সময়; আবার; আবার নতুন করে আনুষ্ঠানিকভাবে
answer	উত্তর
answer; solution	উত্তর সমাধান
answering machine	উত্তর মেশিন
ant	পিপীলিকা
anthropology	নৃতত্ত্ব
anticipate	অনুমান করা
antiquity; ancient times	প্রাচীনতা; প্রাচীন কাল
anxiety	উদ্বেগ
anxiety; uneasiness; insecurity; suspense	উদ্বেগ অস্বস্তি; নিরাপত্তাহীনতা; সাসপেন্স
anxious	উদ্বিগ্ন
any	যেকোনো
any more	আর কোনো
any unclear points	কোন অস্পষ্ট পয়েন্ট
any; anything; whatever	যেকোনো; কিছু যাই হোক
anybody	যে কেউ
anyhow; anyway	যাই হোক; যাইহোক
anyone	যে কেউ
anything	কিছু
anything of; not one bit	কোন কিছু এক বিট না
anyway	যাইহোক
anyway / in any case	যাই হোক/যেকোন ক্ষেত্রে
anywhere	যে কোন জায়গায়
apart	আলাদা
apartment	অ্যাপার্টমেন্ট
apologize	ক্ষমাপ্রার্থী
apology	ক্ষমা
apology; excuse	ক্ষমা প্রার্থনা অজুহাত
app	অ্যাপ
apparatus	যন্ত্রপাতি
apparent	স্পষ্ট
apparently	দৃশ্যত
appeal	আপিল
appealing	আবেদনময়
appear	প্রদর্শিত
appearance	চেহারা
appearance (e.g. article in paper)	উপস্থিতি (যেমন কাগজে নিবন্ধ)
appearance; exterior; facade	চেহারা বহিরাগত; সম্মুখভাগ
appetite	ক্ষুধা
appetite (for food)	ক্ষুধা (খাবার জন্য)
applaud	করতালি
apple	আপেল
applicable	প্রযোজ্য
applicant	আবেদনকারী
application	আবেদন
application (of rule)	প্রয়োগ (বিধির)
application form	আবেদনপত্র
application; put to practical use	আবেদন ব্যবহারিক কাজে লাগান
application; request; petition	আবেদন অনুরোধ আবেদন
apply	আবেদন
applying	আবেদন
appoint	নিয়োগ
appointed day; very day	নির্ধারিত দিন; খুব দিন
appointment	অ্যাপয়েন্টমেন্ট
appreciate	প্রশংসা
appreciation	প্রশংসা
approach	পন্থা
appropriate	উপযুক্ত
appropriately	যথাযথভাবে
approval	অনুমোদন
approval; adoption (e.g. motion; bill); passage	অনুমোদন গ্রহণ (যেমন গতি; বিল); উত্তরণ
approval; agreement; support; favour	অনুমোদন চুক্তি সমর্থন অনুগ্রহ
approve	অনুমোদন
approximately	প্রায়
approximately; about; some	প্রায় সম্পর্কে কিছু
apron	এপ্রোন
aquarium	অ্যাকোয়ারিয়াম
arable land	আবাদি জমি
arbitrary	স্বেচ্ছাচারী
arcade	তোরণ
architect	স্থপতি
architectural	স্থাপত্য
architecture	স্থাপত্য
archive	সংরক্ষণাগার
arduous	কঠিন
are you okay?	তুমি ঠিক আছো?
area	এলাকা
area; locality; district; region; the coast	এলাকা এলাকা জেলা; অঞ্চল; উপকূল
area; region	এলাকা অঞ্চল
area; zone	এলাকা অঞ্চল
arena	আখড়া
arguably	তর্কযোগ্যভাবে
argue	তর্ক করা
argument	যুক্তি
argument; discussion; dispute	যুক্তি আলোচনা বিবাদ
arise	উঠা
arithmetic	পাটিগণিত
arm	বাহু
armaments; military preparations	অস্ত্র সামরিক প্রস্তুতি
armed	সশস্ত্র
arms	অস্ত্র
army	সেনাবাহিনী
army; force; troops	সেনাবাহিনী; বল সৈন্য
army; troops	সেনাবাহিনী; সৈন্য
aroma	সুবাস
aroma; fragrance; scent; smell	সুবাস সুগন্ধি ঘ্রাণ গন্ধ
around	চারপাশে
around (a time)	চারপাশে (একটি সময়)
around that time	সেই সময়ের কাছাকাছি
around; throughout; front and back; before and behind; before and after	চারপাশে সর্বত্র সামনে এবং পিছনে; আগে এবং পিছনে; আগে এবং পরে
arrange	ব্যবস্থা করা
arrangement	ব্যবস্থা
arrangement; pact; agreement	বিন্যাস চুক্তি চুক্তি
array	অ্যারে
arrest	গ্রেফতার
arrest; apprehension; capture	গ্রেফতার আশংকা ক্যাপচার
arrival	আগমন
arrival in Japan; coming to Japan; visit to Japan	জাপানে আগমন; জাপানে আসছে; জাপান সফর
arrive	পৌঁছা
arrow	তীর
art	শিল্প
art gallery	আর্ট গ্যালারি
art museum	শিল্প যাদুঘর
art; technique	শিল্প কৌশল
art; technology; skill	শিল্প প্রযুক্তি; দক্ষতা
article	নিবন্ধ
article counter	নিবন্ধ কাউন্টার
article; news story; report; account	নিবন্ধ; খবর গল্প; রিপোর্ট অ্যাকাউন্ট
articulate	স্পষ্ট করা
artificial	কৃত্রিম
artificial; manmade; human work; human skill; artificiality	কৃত্রিম মনুষ্যসৃষ্ট; মানুষের কাজ; মানুষের দক্ষতা; কৃত্রিমতা
artist	শিল্পী
artistic	শৈল্পিক
artistry; good taste; elegance; grace	শৈল্পিকতা ভাল স্বাদ; কমনীয়তা অনুগ্রহ
arts and crafts	শিল্প ও কারুশিল্প
arts and sciences; liberal arts	কলা এবং বিজ্ঞান; উদার শিল্প
artwork	শিল্পকর্ম
as	হিসাবে
as I thought	আমি যেমন ভেবেছিলাম
as a matter of fact, ...	প্রকৃতপক্ষে,...
as a matter of fact; by the way	বস্তুত; উপায় দ্বারা
as a result	ফলস্বরূপ
as expected	প্রত্যাশিত হিসাবে
as much as possible	যতটা সম্ভব
as was expected; really	যেমনটি প্রত্যাশিত ছিল; সত্যিই
as ~ goes on	~ চলতে থাকে
ascertain	নিশ্চিত করা
ash	ছাই
ashamed	লজ্জিত
ashtray	অ্যাশট্রে
aside	একপাশে
ask	জিজ্ঞাসা
asleep	ঘুমন্ত
aspect	দৃষ্টিভঙ্গি
aspect; state; appearance	দৃষ্টিভঙ্গি রাষ্ট্র চেহারা
aspiration	আকাঙ্খা
aspire	উচ্চাকাঙ্ক্ষা
assassination	হত্যা
assault	আক্রমণ
assemble	জড়ো করা
assembly	সমাবেশ
assembly hall or meeting place	সমাবেশ হল বা সভা স্থান
assert	জোর করা
assertion	দাবী
assess	মূল্যায়ন
assessment	মূল্যায়ন
asset	সম্পদ
assign	বরাদ্দ করা
assignment	নিয়োগ
assist	সাহায্য
assistance	সাহায্য
assistance; aid; support	সাহায্য; সাহায্য সমর্থন
assistant	সহকারী
assistant professor	সহকারী অধ্যাপক
associate	সহযোগী
associated	যুক্ত
association	সমিতি
association (of ideas); suggestion	association (of ideas); পরামর্শ
association; socializing; fellowship	সংঘ সামাজিকীকরণ; ফেলোশিপ
association; society; organization	সংঘ সমাজ সংগঠন
association; union	সংঘ ইউনিয়ন
assume	অনুমান
assumption	অনুমান
assumption; supposition; hypothesis	অনুমান; অনুমান; অনুমান
assurance	নিশ্চয়তা
assure	নিশ্চিত করা
astonishing	আশ্চর্যজনক
astronaut	মহাকাশচারী
astute	চতুর
asylum	আশ্রয়
at	এ
at a stroke; with a single swoop	একটি স্ট্রোক এ; একটি একক ঝাঁকুনি দিয়ে
at about	প্রায়
at any rate; anyhow; anyway; in any case	যেকোনো হারে; যাই হোক; যাই হোক; যে কোন ক্ষেত্রে
at any time; soon	যেকোনো সময়ে; শীঘ্রই
at ease; comfortable	আরামে আরামদায়ক
at least	অন্তত
at most	সর্বাধিক
at night; nighttime	রাতে; রাতের বেলা
at once; immediately; directly; in person	একবারে; অবিলম্বে; সরাসরি ব্যক্তিগতভাবে
at once; immediately; without delay; promptly	একবারে; অবিলম্বে; বিলম্ব ছাড়া; অবিলম্বে
at present; now	বর্তমানে; এখন
at that time; in those days	সেই সময়ে; সেই দিনগুলিতে
at the expense of	এর ব্যয়ে
at the most; at best; to the utmost; as much (far) as possible	সর্বাধিক; at best to the utmost; যতটা সম্ভব (দূর)
at the very least	খুব অন্তত
at; in; on	এ মধ্যে অন
athlete	ক্রীড়াবিদ
atmosphere	বায়ুমণ্ডল
atmosphere (e.g. musical); mood; ambience	বায়ুমণ্ডল (যেমন বাদ্যযন্ত্র); মেজাজ পরিবেশ
atmospheric current	বায়ুমণ্ডলীয় স্রোত
atmospheric pressure	বায়ুমণ্ডলীয় চাপ
atom	পরমাণু
atomic bomb	পারমাণবিক বোমা
atrocity	নৃশংসতা
attach	সংযুক্ত করা
attached / annexed	সংযুক্ত / সংযুক্ত
attached; belonging; affiliated	সংযুক্ত; belonging; অধিভুক্ত
attachment	সংযুক্তি
attack	আক্রমণ
attack; strike; offensive; criticism; censure	আক্রমণ ধর্মঘট আক্রমণাত্মক সমালোচনা নিন্দা
attain	অর্জন
attainment	অর্জন
attempt	প্রচেষ্টা
attend	অংশগ্রহণ
attendance	উপস্থিতি
attendance; presence	উপস্থিতি উপস্থিতি
attendant; companion	পরিচারক সহচর
attention	মনোযোগ
attention / caution	মনোযোগ / সতর্কতা
attitude	মনোভাব
attitude; manner	মনোভাব পদ্ধতি
attitude; posture	মনোভাব ভঙ্গি
attorney	অ্যাটর্নি
attract	আকর্ষণ
attraction	আকর্ষণ
attractive	আকর্ষণীয়
attribute	বৈশিষ্ট্য
attribution	বৈশিষ্ট্য
auction	নিলাম
audience	দর্শক
audience; spectator(s)	দর্শক; দর্শক
audio	অডিও
audit	নিরীক্ষা
auditorium	অডিটোরিয়াম
aunt	খালা
aunt; middle-aged woman	খালা; মধ্যবয়সী মহিলা
auspicious	শুভ
austere	কঠোর
austere; majestic; dignified; stately; awful; impressive	কঠোর রাজকীয়; dignified; রাষ্ট্রীয়ভাবে ভয়ঙ্কর চিত্তাকর্ষক
authentic	খাঁটি
authentication	প্রমাণীকরণ
authenticity	সত্যতা
author	লেখক
author; authoress	লেখক লেখক
author; writer	লেখক লেখক
author; writer; novelist; artist	লেখক লেখক; উপন্যাসিক; শিল্পী
authority	কর্তৃত্ব
authority; power; influence	কর্তৃত্ব ক্ষমতা প্রভাব
authority; the right (to do something)	কর্তৃত্ব অধিকার (কিছু করার)
authorize	অনুমোদন
auto	স্বয়ংক্রিয়
automatic	স্বয়ংক্রিয়
automatic; self-motion	স্বয়ংক্রিয়; স্ব-গতি
automatically	স্বয়ংক্রিয়ভাবে
automobile	অটোমোবাইল
autonomy	স্বায়ত্তশাসন
autumn	শরৎ
autumn / fall	শরৎ/পতন
availability	প্রাপ্যতা
available	উপলব্ধ
avarice; covetousness; greed	লোভ লোভ লোভ
average	গড়
aviation	বিমান চলাচল
aviation; flying	বিমান চালনা উড়ন্ত
avoid	এড়ানো
await	অপেক্ষা করা
award	পুরস্কার
aware	সচেতন
awareness	সচেতনতা
away	দূরে
awful	ভয়ঙ্কর
awful; dreadful; terrible; very	ভয়ঙ্কর ভয়ঙ্কর; ভয়ানক খুব
awkward	বিশ্রী
baby	শিশু
bachelorhood; single; unmarried; celibate	ব্যাচেলরহুড; একক অবিবাহিত; ব্রহ্মচারী
back	ফিরে
back (body)	পিছনে (শরীর)
back / behind	পিছনে / পিছনে
back / inner part	পিছনে / ভিতরের অংশ
back of the body	শরীরের পিছনে
back to the wall	দেয়ালে ফিরে
back up	ব্যাক আপ
backdoor; rear entrance	পিছনের দরজা পিছনের প্রবেশদ্বার
backdrop	পটভূমি
background	পটভূমি
backing	সমর্থন
backpack	ব্যাকপ্যাক
backup	ব্যাকআপ
backwards	পিছনে
bacteria	ব্যাকটেরিয়া
bad	খারাপ
bad fellow; rascal; ruffian; scoundrel	খারাপ বন্ধু; বদমাশ রফিয়ান বখাটে
bad harvest; poor crop	খারাপ ফসল; দরিদ্র ফসল
bad-tasting	খারাপ স্বাদ
badge	ব্যাজ
badly	খারাপভাবে
bag	ব্যাগ
bag / sack	ব্যাগ/বস্তা
bag; sack	ব্যাগ; বস্তা
baggage	লাগেজ
bail	জামিন
bake	বেক
baker	বেকার
bakery	বেকারি
balance	ভারসাম্য
balance sheet; settlement of accounts	ব্যালেন্স শীট; হিসাব নিষ্পত্তি
balanced	সুষম
balcony	ব্যালকনি
ball	বল
ball; sphere; coin	বল গোলক মুদ্রা
ballet	ব্যালে
balloon	বেলুন
ballot	ব্যালট
bamboo; middle (of a three-tier ranking system)	বাঁশ মাঝামাঝি (একটি তিন-স্তরের র‌্যাঙ্কিং সিস্টেমের)
ban	নিষেধাজ্ঞা
banana	কলা
band	ব্যান্ড
band (e.g. conduction; valence)	ব্যান্ড (যেমন সঞ্চালন; ভ্যালেন্স)
bandage; dressing	ব্যান্ডেজ; ড্রেসিং
bank	ব্যাংক
bank; coast; shore	ব্যাংক উপকূল তীরে
bankruptcy	দেউলিয়াত্ব
banner	ব্যানার
bar	বার
bar; bar-room	বার বার-রুম
barbecue	বারবিকিউ
barber	নাপিত
barber's	নাপিত
bare	খালি
barely	সবে
bargain	দর কষাকষি
barrel	পিপা
barrier	বাধা
bartender	বারটেন্ডার
base	ভিত্তি
baseball	বেসবল
baseball player	বেসবল খেলোয়াড়
based	ভিত্তিক
based on	উপর ভিত্তি করে
basement	বেসমেন্ট
basement; underground	বেসমেন্ট ভূগর্ভস্থ
basic	মৌলিক
basically	মূলত
basin (e.g. between mountains)	অববাহিকা (যেমন পাহাড়ের মধ্যে)
basis	ভিত্তি
basis of argument	যুক্তির ভিত্তি
basket	ঝুড়ি
basket; cage	ঝুড়ি খাঁচা
basketball	বাস্কেটবল
bass	খাদ
bat	ব্যাট
bath	স্নান
bath / bathtub	স্নান / বাথটাব
bathrobe; informal summer kimono; yukata	বাথরোব; অনানুষ্ঠানিক গ্রীষ্ম কিমোনো; ইউকাটা
bathroom	বাথরুম
battery	ব্যাটারি
battle	যুদ্ধ
battle; fight; struggle; conflict	যুদ্ধ যুদ্ধ সংগ্রাম সংঘর্ষ
battlefield	যুদ্ধক্ষেত্র
bay	উপসাগর
bay; gulf; inlet	উপসাগর উপসাগর খাঁড়ি
be	হতে
be afraid; dread; dismay; terror	ভয় পাওয়া ভয় হতাশা সন্ত্রাস
be finished; ready; made for; cut out	শেষ করা; প্রস্তুত জন্য তৈরি; কাটা
be found; aim; estimate; guess; approx	পাওয়া লক্ষ্য অনুমান অনুমান করা প্রায়
be lost; peace; hide; mistake; beautiful; in turn	হারিয়ে যাওয়া; শান্তি লুকান ভুল সুন্দর পালাক্রমে
be on good/close terms; to get along well	ভালো/ঘনিষ্ঠ শর্তে থাকা; ভালোভাবে চলতে
be surprised; be amazed; be frightened; astonishment	বিস্মিত হওয়া; বিস্মিত হওয়া; ভীত হওয়া; বিস্ময়
beach	সৈকত
beam	মরীচি
beam; light ray	মরীচি হালকা রশ্মি
bean	শিম
bean paste	শিম পেস্ট
beans; peas	মটরশুটি; মটর
bear	ভালুক
beard	দাড়ি
beast	জন্তু
beat	বীট
beauties of nature	প্রকৃতির সৌন্দর্য
beautiful	সুন্দর
beautiful / pretty	সুন্দর/সুন্দর
beautiful passage of literature	সাহিত্যের সুন্দর অনুচ্ছেদ
beautiful person (woman)	সুন্দর ব্যক্তি (নারী)
beautiful; clean	সুন্দর পরিষ্কার
beauty	সৌন্দর্য
beauty of figure or form	ফিগার বা ফর্মের সৌন্দর্য
beauty parlor	বিউটি পার্লার
because	কারণ
because (formal)	কারণ (আনুষ্ঠানিক)
because ...	কারণ...
become	হয়ে
becoming a member; joining; entry; admission; subscription; affiliation; adherence; signing	সদস্য হচ্ছেন; যোগদান; প্রবেশ ভর্তি সাবস্ক্রিপশন অধিভুক্তি; আনুগত্য স্বাক্ষর
bed	বিছানা
bed; couch	বিছানা; পালঙ্ক
bedroom	শয়নকক্ষ
bedtime	শয়নকাল
bee	মৌমাছি
beef	গরুর মাংস
beef bowl	গরুর মাংসের বাটি
beer	বিয়ার
before	আগে
before / ahead	আগে/আগে
before / previously	আগে/পূর্বে
before long	অনেক আগে
before long; even now	অনেক আগে; এমনকি এখন
before one knows; unnoticed; unawares	কেউ জানার আগে; অলক্ষিত; অজান্তে
before...	আগে...
before; ahead; previously	আগে এগিয়ে পূর্বে
before; this side; we; you	আগে এই দিকে; আমরা; আপনি
beg	ভিক্ষা করা
begin	শুরু
beginning	শুরু
beginning of the month	মাসের শুরুতে
beginning; first	শুরু প্রথম
behalf	পক্ষ থেকে
behave	আচরণ
behavior	আচরণ
behaviour	আচরণ
behind	পিছনে
beige	বেইজ
being	হচ্ছে
being at the office	অফিসে থাকা
being deeply moved; excitement; impression; deep emotion	গভীরভাবে সরানো হচ্ছে; উত্তেজনা ছাপ; গভীর আবেগ
being on duty	ডিউটিতে থাকা
being skilled in; nicely; properly	দক্ষ হওয়া; সুন্দরভাবে সঠিকভাবে
belief	বিশ্বাস
believe	বিশ্বাস
bell	ঘণ্টা
bell; chime	ঘণ্টা ঝনঝন শব্দ
belong	অন্তর্গত
beloved	প্রিয়
below	নীচে
belt	বেল্ট
bench	বেঞ্চ
benchmark	বেঞ্চমার্ক
bend	বাঁক
bending; indentation; refraction	নমন ইন্ডেন্টেশন প্রতিসরণ
beneath	নিচে
beneficial	উপকারী
beneficiary	সুবিধাভোগী
benefit	সুবিধা
bent	বাঁকানো
beside	পাশে
beside; side; width	পাশে পার্শ্ব প্রস্থ
besides	ছাড়াও
besides; in addition; the rest	ছাড়াও উপরন্তু; বাকি
best	সেরা
best friend	সেরা বন্ধু
best regards	শুভেচ্ছা
best; first; number one	সেরা প্রথম এক নম্বর
bet	বাজি
betray	বিশ্বাসঘাতকতা
better	ভাল
betterment; improvement	উন্নতি; উন্নতি
between	মধ্যে
beyond	অতিক্রম
bias	পক্ষপাত
biased	পক্ষপাতদুষ্ট
bicycle	সাইকেল
bid	বিড
big	বড়
big sis (affectionate)	বড় বোন (স্নেহপূর্ণ)
big; large; great	বড় বড় মহান
bike	বাইক
bill	বিল
bill / check	বিল / চেক
billion	বিলিয়ন
bin	বিন
bind	আবদ্ধ
biodiversity	জীববৈচিত্র্য
biography	জীবনী
biography; life story	জীবনী; জীবনের গল্প
biological	জৈবিক
biology	জীববিজ্ঞান
bird	পাখি
birth	জন্ম
birth date	জন্ম তারিখ
birth-place; home town	জন্মস্থান; হোম টাউন
birth; birth-place	জন্ম; জন্মস্থান
birthday	জন্মদিন
birthplace	জন্মস্থান
biscuit	বিস্কুট
bishop	বিশপ
bit	বিট
bite	কামড়
bitter	তিক্ত
bizarre	উদ্ভট
black	কালো
black tea	কালো চা
blackboard	ব্ল্যাকবোর্ড
blade	ফলক
blame	দোষ
blank	ফাঁকা
blank; cavity; hollow; empty (space)	ফাঁকা গহ্বর; ফাঁপা খালি (স্থান)
blanket	কম্বল
blast	বিস্ফোরণ
bleed	রক্তপাত
blend	মিশ্রিত
bless	আশীর্বাদ
blessing	আশীর্বাদ
blind	অন্ধ
blizzard	তুষারঝড়
block	ব্লক
blog	ব্লগ
blonde	স্বর্ণকেশী
blood	রক্ত
blood pressure	রক্তচাপ
blood transfusion	রক্ত সঞ্চালন
blood vessel	রক্তনালী
blouse	ব্লাউজ
blow	ঘা
blue	নীল
board	বোর্ড
board; plank	বোর্ড; তক্তা
boast	অহংকার
boat	নৌকা
body	শরীর
body weight	শরীরের ওজন
body; main part; oneself; sword	শরীর প্রধান অংশ; oneself তলোয়ার
boil	ফোঁড়া
bold	সাহসী
bomb	বোমা
bombing	বোমা হামলা
bond	বন্ধন
bone	হাড়
bone fracture	হাড় ভাঙা
bonus	বোনাস
book	বই
book of tickets	টিকিটের বই
book; publication	বই প্রকাশনা
booking	বুকিং
books	বই
bookshelf	বইয়ের তাক
bookshelves	বইয়ের তাক
bookshop	বইয়ের দোকান
bookstore	বইয়ের দোকান
boom	বুম
boost	বৃদ্ধি
boot	বুট
boots	বুট
border	সীমান্ত
border; boundary; mental state	সীমান্ত সীমানা মানসিক অবস্থা
bored	বিরক্ত
boring	বিরক্তিকর
born	জন্ম
borrow	ধার করা
borrowing	ধার
boss	বস
boss / superior	বস/উচ্চতর
both	উভয়
both parents	বাবা-মা উভয়ই
both sides	উভয় পক্ষ
both; neither (neg); all; and; as well as; including; with; together with; plural ending	উভয় neither (neg); সব এবং; পাশাপাশি; সহ; সঙ্গে একসাথে; বহুবচন সমাপ্তি
bother	বিরক্ত করা
bother to do; tiresome	বিরক্ত করা; ক্লান্তিকর
bottle	বোতল
bottling; bottled	বোতলজাত বোতলজাত
bottom	নীচে
bottom; sole	নীচে একমাত্র
bounce	বাউন্স
bound	আবদ্ধ
bound for	জন্য আবদ্ধ
boundary	সীমানা
bow	নম
bow (and arrow)	ধনুক (এবং তীর)
bowl	বাটি
bowl; vessel; container	বাটি জাহাজ ধারক
box	বাক্স
box lunch	বক্স লাঞ্চ
boxed lunch	বক্সড লাঞ্চ
boy	ছেলে
boyfriend	প্রেমিক
boys; juveniles	ছেলেরা কিশোর
brain	মস্তিষ্ক
branch	শাখা
branch office	শাখা অফিস
branch store (office)	শাখা দোকান (অফিস)
branch; twig	শাখা ডালপালা
brand	ব্র্যান্ড
brand new	একদম নতুন
brave	সাহসী
brave; valiant; gallant; courageous	সাহসী সাহসী সাহসী সাহসী
breach	লঙ্ঘন
bread	রুটি
break	বিরতি
break down	ভেঙ্গে ফেলা
break-down; failure; accident; out of order	break-down ব্যর্থতা দুর্ঘটনা আদেশের বাইরে
breakdown	ভাঙ্গন
breakfast	প্রাতঃরাশ
breakfast (formal)	প্রাতঃরাশ (আনুষ্ঠানিক)
breaking news	ব্রেকিং নিউজ
breakthrough	যুগান্তকারী
breakup; dissolution	বিচ্ছেদ দ্রবীভূতকরণ
breast	স্তন
breast; chest	স্তন বুক
breath	শ্বাস
breath; respiration	শ্বাস; শ্বসন
breath; tone	শ্বাস; স্বর
breathe	শ্বাস ফেলা
breathing	শ্বাস
breed	বংশবৃদ্ধি
breeding; growth	প্রজনন বৃদ্ধি
brevity; conciseness; simplicity	সংক্ষিপ্ততা সংক্ষিপ্ততা; সরলতা
brick	ইট
bride	নববধূ
bride; daughter-in-law	নববধূ পুত্রবধূ
bridge	সেতু
bridge building; mediation	সেতু ভবন; মধ্যস্থতা
brief	সংক্ষিপ্ত
briefly	সংক্ষেপে
bright	উজ্জ্বল
bright red	উজ্জ্বল লাল
bright; smart; clever	উজ্জ্বল স্মার্ট চতুর
brightness; cheerfulness; melodious	উজ্জ্বলতা; প্রফুল্লতা; সুরেলা
brilliance; polish; lustre; glossy finish (of photographs)	তেজ; পোলিশ দীপ্তি চকচকে ফিনিস (ছবির)
brilliant	উজ্জ্বল
brilliant; magnificent; spectacular	উজ্জ্বল magnificent; দর্শনীয়
bring	আনা
bring about	সম্পর্কে আনা
bring up	আপ আনা
bringing; taking; carrying	আনা; গ্রহণ; বহন
broad	বিস্তৃত
broadband	ব্রডব্যান্ড
broadcast	সম্প্রচার
broadcast program	সম্প্রচার প্রোগ্রাম
broadcast; broadcasting	সম্প্রচার সম্প্রচার
broadcaster	সম্প্রচারক
broadly	ব্যাপকভাবে
broken	ভাঙ্গা
brother	ভাই
brothers and sisters	ভাই ও বোনেরা
brown	বাদামী
browser	ব্রাউজার
brush	ব্রাশ
brutal	নৃশংস
bubble	বুদবুদ
bubble; foam; froth; head on beer	বুদবুদ ফেনা; ফেনা বিয়ার উপর মাথা
buck	বক
buddy	বন্ধু
budget	বাজেট
buffalo	মহিষ
buffer	বাফার
bug	বাগ
build	নির্মাণ
builder	নির্মাতা
building	ভবন
bulk	বাল্ক
bullet	বুলেট
bullet train	বুলেট ট্রেন
bullet train (very high speed); shinkansen	বুলেট ট্রেন (খুব উচ্চ গতি); শিনকানসেন
bullet; shot; shell	বুলেট শট; শেল
bunch	গুচ্ছ
bundle; package; parcel; bale	বান্ডিল প্যাকেজ; পার্সেল বেল
burden	বোঝা
bureaucracy	আমলাতন্ত্র
bureaucrat; bureaucracy	আমলা আমলাতন্ত্র
burgular	চুরি
burial	সমাধি
burn	পোড়া
burn; scald	পোড়া চুলকানি
burning low; waning; declining	কম জ্বলন্ত; ক্ষয়প্রাপ্ত হ্রাস
burst	ফেটে যাওয়া
bury	কবর দেওয়া
bus	বাস
bus or tram stop	বাস বা ট্রাম স্টপ
bus stop	বাস স্টপ
bush	গুল্ম
business	ব্যবসা
business card	ব্যবসা কার্ড
business conditions	ব্যবসার অবস্থা
business duties	ব্যবসায়িক দায়িত্ব
business meeting; conference	ব্যবসা মিটিং; সম্মেলন
business meeting; previous arrangement; appointment	ব্যবসা মিটিং; পূর্ববর্তী ব্যবস্থা; অ্যাপয়েন্টমেন্ট
business suit	ব্যবসা স্যুট
business to take care of	ব্যবসা যত্ন নিতে
business trip	ব্যবসায়িক ভ্রমণ
business; affairs; duties; work	ব্যবসা বিষয় কর্তব্য কাজ
business; office work	ব্যবসা অফিসের কাজ
business; trade; management	ব্যবসা ব্যবসা ব্যবস্থাপনা
businessman	ব্যবসায়ী
businessperson	ব্যবসায়ী
bustling; busy	ব্যস্ততা ব্যস্ত
busy	ব্যস্ত
busy (people/days)	ব্যস্ত (মানুষ/দিন)
busy; hurried; confused; flurried	ব্যস্ত তাড়াতাড়ি বিভ্রান্ত; উত্তেজিত
busy; irritated	ব্যস্ত বিরক্ত
but	কিন্তু
but; however; provided that	কিন্তু; যাইহোক; যে প্রদান
butcher shop	কসাই দোকান
butter	মাখন
butterfly	প্রজাপতি
buttocks; bottom	নিতম্ব; নীচে
button	বোতাম
buy	কিনতে
by	দ্বারা
by (time/date)	দ্বারা (সময়/তারিখ)
by all means	সব উপায়ে
by all means; everything	সব উপায়ে; সবকিছু
by contrast	বিপরীতে
by force	জোর করে
by itself; automatically; naturally	নিজে থেকে; স্বয়ংক্রিয়ভাবে; স্বাভাবিকভাবে
by oneself; personally	নিজের দ্বারা; ব্যক্তিগতভাবে
by some chance; by some possibility; if by any chance; 10E4:1 odds	কিছু সুযোগ দ্বারা; কিছু সম্ভাবনা দ্বারা; যদি কোন সুযোগ দ্বারা; 10E4:1 মতভেদ
by the end of today	আজকের শেষে
by the same token	একই টোকেন দ্বারা
by the way	উপায় দ্বারা
by the window	জানালার পাশে
bye	বিদায়
cabbage	বাঁধাকপি
cabin	কেবিন
cabinet	ক্যাবিনেট
cabinet minister	ক্যাবিনেট মন্ত্রী
cable	তারের
cafe	ক্যাফে
cafeteria / dining hall	ক্যাফেটেরিয়া / ডাইনিং হল
cafeteria; dining commons	ক্যাফেটেরিয়া; ডাইনিং কমন্স
café	ক্যাফে
cake	কেক
cake shop	কেকের দোকান
calamity; misfortune	বিপর্যয় দুর্ভাগ্য
calculate	গণনা করা
calculation	গণনা
calculation; counting; consideration	গণনা গণনা বিবেচনা
calculation; reckoning	গণনা হিসাব
calendar	ক্যালেন্ডার
call	কল
call off	কল বন্ধ
call; visit	কল পরিদর্শন
calligraphy	ক্যালিগ্রাফি
calling on someone who is ill; enquiry	অসুস্থ কাউকে ডাকা; তদন্ত
calm	শান্ত
calm; composure; coolness; serenity	শান্ত সংযম; শীতলতা নির্মলতা
calm; gentle; quiet	শান্ত মৃদু শান্ত
calorie	ক্যালোরি
camcorder	ক্যামকর্ডার
camel	উট
camera	ক্যামেরা
camp	শিবির
campaign	প্রচারণা
camping	ক্যাম্পিং
campus	ক্যাম্পাস
can	পারে
can; tin	পারে টিন
canal	খাল
canal; waterway	খাল জলপথ
cancel	বাতিল
cancellation	বাতিলকরণ
cancellation; rescinding; release; calling off	বাতিলকরণ rescinding; মুক্তি কলিং বন্ধ
cancer	ক্যান্সার
candidacy	প্রার্থীতা
candidate	প্রার্থী
candle	মোমবাতি
candy	মিছরি
cannot	পারে না
cannot sleep	ঘুমাতে পারে না
canteen; flask; water bottle	ক্যান্টিন ফ্লাস্ক জলের বোতল
canvas	ক্যানভাস
cap	টুপি
capability	ক্ষমতা
capable	সক্ষম
capacity	ক্ষমতা
capacity; volume	ক্ষমতা আয়তন
cape (on coast)	কেপ (উপকূলে)
capital	মূলধন
capital city	রাজধানী শহর
capitalism	পুঁজিবাদ
capitalist	পুঁজিবাদী
captain	অধিনায়ক
capture	ক্যাপচার
car	গাড়ী
car; vehicle	গাড়ী যানবাহন
carbon	কার্বন
card	কার্ড
care	যত্ন
care / looking after	যত্ন / দেখাশোনা
care-taking; caretaker; house-watching	যত্ন নেওয়া; তত্ত্বাবধায়ক; ঘর দেখা
care; precaution; guarding; caution	যত্ন সতর্কতা; পাহারা দেওয়া সতর্কতা
career	কর্মজীবন
carefree	চিন্তামুক্ত
carefree; optimistic; careless; reckless; heedless	যত্নহীন আশাবাদী যত্নহীন বেপরোয়া; উদাসীন
careful	সতর্ক
carefully	সাবধানে
careless	অসাবধান
carelessly	অসতর্কভাবে
cargo	পণ্যসম্ভার
cargo; freight	পণ্যসম্ভার মালবাহী
carpenter	ছুতার
carpet	কার্পেট
carriage	গাড়ি
carrot	গাজর
carry	বহন
carry on	চালিয়ে যান
carry out	চালান
carrying something	কিছু বহন করা
cartoon	কার্টুন
carve	খোদাই করা
carving; engraving; sculpture	খোদাই করা; খোদাই করা; ভাস্কর্য
case	মামলা
cash	নগদ
cash register	নগদ রেজিস্টার
cash; ready money; mercenary; self-interested	নগদ প্রস্তুত টাকা; ভাড়াটে স্ব-আগ্রহী
casino	ক্যাসিনো
cassette player with a radio	একটি রেডিও সহ ক্যাসেট প্লেয়ার
cast	ঢালাই
castle	দুর্গ
casual	নৈমিত্তিক
casual; unconcerned	নৈমিত্তিক উদ্বিগ্ন
casually; unexpectedly; accidentally; by chance	আকস্মিকভাবে অপ্রত্যাশিতভাবে; দুর্ঘটনাক্রমে; সুযোগ দ্বারা
casualty	হতাহত
cat	বিড়াল
catalogue	ক্যাটালগ
catalyze	অনুঘটক
catch	ধরা
catch up	ধরা
category	বিভাগ
cater	পূরণ করা
cattle	গবাদি পশু
cattle; cow	গবাদি পশু গরু
cause	কারণ
cause / factor	কারণ / ফ্যাক্টর
cause; reason; fault	কারণ কারণ দোষ
cause; source	কারণ উৎস
caution	সতর্কতা
cautious	সতর্ক
cave	গুহা
cavity; tooth decay; decayed tooth; caries	গহ্বর; দাঁতের ক্ষয়; ক্ষয়প্রাপ্ত দাঁত; ক্যারিস
cease	বন্ধ
ceiling	সিলিং
celebrate	উদযাপন
celebration	উদযাপন
celebration; festival	উদযাপন উৎসব
celebrity	সেলিব্রিটি
cell	কোষ
cemetery	কবরস্থান
census; family register	আদমশুমারি পারিবারিক নিবন্ধন
cent	শতক
center	কেন্দ্র
center; core; heart; pivot; emphasis; balance	কেন্দ্র কোর; হৃদয়; পিভট; জোর ভারসাম্য
central	কেন্দ্রীয়
centre	কেন্দ্র
centre; central; center; middle	কেন্দ্র কেন্দ্রীয়; কেন্দ্র মধ্যম
century	শতাব্দী
century; era	শতাব্দী; যুগ
ceremony	অনুষ্ঠান
ceremony; rite; ritual; service	অনুষ্ঠান আচার আচার সেবা
certain	নিশ্চিত
certainly	অবশ্যই
certainly (I understand)	অবশ্যই (আমি বুঝি)
certainly / indeed	অবশ্যই / প্রকৃতপক্ষে
certainly / understood	অবশ্যই / বোঝা যায়
certainly!	অবশ্যই!
certainly; necessarily	অবশ্যই অগত্যা
certainly; without fail	অবশ্যই ব্যর্থ ছাড়া
certainty	নিশ্চিততা
certainty; reliability; soundness	নিশ্চিততা নির্ভরযোগ্যতা সুস্থতা
certificate	সার্টিফিকেট
certification	সার্টিফিকেশন
chain	চেইন
chain of islands	দ্বীপের চেইন
chair	চেয়ার
chairman	চেয়ারম্যান
chairmanship	সভাপতিত্ব
challenge	চ্যালেঞ্জ
challenging	চ্যালেঞ্জিং
chamber	চেম্বার
champion	চ্যাম্পিয়ন
championship	চ্যাম্পিয়নশিপ
chance	সুযোগ
chance; fate; destiny; relation; bonds; connection; karma	সুযোগ ভাগ্য নিয়তি; সম্পর্ক বন্ড সংযোগ; কর্মফল
change	পরিবর্তন
change (money)	পরিবর্তন (টাকা)
change of address	ঠিকানা পরিবর্তন
change; modification; alteration	পরিবর্তন পরিবর্তন পরিবর্তন
change; money exchange	পরিবর্তন অর্থ বিনিময়
changing clothes; change of clothes	কাপড় পরিবর্তন; পোশাক পরিবর্তন
channel	চ্যানেল
chaos	বিশৃঙ্খলা
chapter	অধ্যায়
character	চরিত্র
character; personality	চরিত্র ব্যক্তিত্ব
character; personality; person; man; personage; talented man	চরিত্র ব্যক্তিত্ব; ব্যক্তি মানুষ personage প্রতিভাবান মানুষ
character; qualities; genius	চরিত্র গুণাবলী; প্রতিভা
character; traits; ethos	চরিত্র বৈশিষ্ট্য নীতি
characteristic	বৈশিষ্ট্য
characteristic; feature	চরিত্রগত বৈশিষ্ট্য
characteristic; tradition; peculiar; inherent; eigen-	চরিত্রগত ঐতিহ্য; অদ্ভুত; অন্তর্নিহিত; আইগেন-
characterize	বৈশিষ্ট্য
charge	চার্জ
charity	দাতব্য
charm	কবজ
charm; fascination; glamour	আকর্ষণ মুগ্ধতা গ্ল্যামার
charming	কমনীয়
charming; fascinating; voluptuous	কমনীয় আকর্ষণীয়; স্বেচ্ছাচারী
chart	চার্ট
chart; diagram; graph	চার্ট; চিত্র; গ্রাফ
charter	সনদ
chase	তাড়া
chat	চ্যাট
chat; talk	চ্যাট কথা
chattering; talk; idle talk; chat; chitchat; gossip; chatty; talkative; chatterbox; blabbermouth	বকবক করা কথা অলস কথাবার্তা; চ্যাট চিটচ্যাট; গসিপ চটি কথাবার্তা চ্যাটারবক্স; ব্লেবারমাউথ
cheap	সস্তা
cheap, inexpensive	সস্তা, সস্তা
cheap-looking; tawdry; insignificant	সস্তা চেহারা; tawdry; তুচ্ছ
cheat	প্রতারণা
check	চেক
check-up	চেক আপ
checkout / register	চেকআউট/রেজিস্টার
cheek	গাল
cheek (of face)	গাল (মুখের)
cheer	উল্লাস
cheer; shout of joy	উল্লাস আনন্দের চিৎকার
cheerful	প্রফুল্ল
cheerful; buoyant; lighthearted	প্রফুল্ল; উচ্ছ্বাস হালকা মনে
cheers!	চিয়ার্স!
cheese	পনির
cheeseburger	চিজবার্গার
chef	শেফ
chemical	রাসায়নিক
chemical combination	রাসায়নিক সংমিশ্রণ
chemical element	রাসায়নিক উপাদান
chemistry	রসায়ন
cherry blossom pink	চেরি ব্লসম গোলাপী
cherry blossom; cherry tree	চেরি ফুল; চেরি গাছ
cherry-blossom viewing	চেরি-ব্লসম দেখা
chest	বুক
chest of drawers	ড্রয়ারের বুক
chicken	মুরগি
chicken (meat)	মুরগি (মাংস)
chicken meat	মুরগির মাংস
chief	প্রধান
chief; main; principal; major	প্রধান প্রধান প্রধান প্রধান
chiefly	প্রধানত
child	শিশু
childcare; nursing; upbringing	শিশু যত্ন; নার্সিং লালনপালন
childhood	শৈশব
children	শিশুদের
children's room	বাচ্চাদের ঘর
children; juvenile	শিশু; কিশোর
chimney	চিমনি
chin	চিবুক
chip	চিপ
chocolate	চকোলেট
choice	পছন্দ
choir	গায়কদল
choose	চয়ন করুন
chop	কাটা
chopsticks	চপস্টিকস
chronic	দীর্ঘস্থায়ী
chunk	খণ্ড
church	গির্জা
cigarette	সিগারেট
cinema	সিনেমা
circle	বৃত্ত
circle; full (month); perfection; purity; suffix for ship names	বৃত্ত full (মাস); পরিপূর্ণতা বিশুদ্ধতা জাহাজের নামের জন্য প্রত্যয়
circle; money	বৃত্ত টাকা
circuit	সার্কিট
circuit (electric)	সার্কিট (বৈদ্যুতিক)
circulate	প্রচার করা
circulation	প্রচলন
circulation; rotation; cycle	প্রচলন; ঘূর্ণন; চক্র
circumference	পরিধি
circumference; outskirts; environs; (computer) peripheral	পরিধি; উপকণ্ঠ পরিবেশ; (কম্পিউটার) পেরিফেরাল
circumference; surroundings; circulation	পরিধি; পারিপার্শ্বিক প্রচলন
circumspect	সতর্ক
circumstance	পরিস্থিতি
circumstances	পরিস্থিতি
circumstances; consideration; conditions; situation; reasons	পরিস্থিতি বিবেচনা; শর্ত; পরিস্থিতি কারণ
circumstances; convenience	পরিস্থিতি সুবিধা
circumvent	ফাঁকি দেওয়া
cite	উদ্ধৃত করা
citizen	নাগরিক
citizens; inhabitants; residents; population	নাগরিক; বাসিন্দাদের; বাসিন্দা; জনসংখ্যা
citizenship	নাগরিকত্ব
city	শহর
city / town	শহর/শহর
civic	নাগরিক
civil	নাগরিক
civilian	বেসামরিক
civility; courtesy; compliments; sociability; graces	সভ্যতা সৌজন্য প্রশংসা; সামাজিকতা অনুগ্রহ
civilization	সভ্যতা
civilization; culture	সভ্যতা সংস্কৃতি
claim	দাবি
claim; demand; application; request	দাবি চাহিদা আবেদন অনুরোধ
claim; request; insistence; assertion	দাবি অনুরোধ জিদ; দাবী
clapping hands; applause	হাততালি; করতালি
clarify	স্পষ্ট করা
clarity	স্বচ্ছতা
clash	সংঘর্ষ
class	ক্লাস
class / lesson	ক্লাস/পাঠ
class; grade; rank; school class; grade	ক্লাস; গ্রেড পদমর্যাদা; স্কুল ক্লাস; গ্রেড
class; group; team; set	ক্লাস; দল দল সেট
class; level; stratum; hierarchy	ক্লাস; স্তর স্তর অনুক্রম
class; rank; grade	ক্লাস; পদমর্যাদা; গ্রেড
classic	ক্লাসিক
classical	শাস্ত্রীয়
classification	শ্রেণীবিভাগ
classify	শ্রেণীবদ্ধ করা
classmate	সহপাঠী
classroom	শ্রেণীকক্ষ
clause	ধারা
clean	পরিষ্কার
clean / pretty	পরিষ্কার / সুন্দর
clean copy	পরিষ্কার কপি
cleaning	পরিষ্কার করা
cleaning; sweeping	পরিষ্কার করা ঝাড়ু দেওয়া
clear	পরিষ্কার
clear up; clarify; define	পরিষ্কার করা স্পষ্ট করা সংজ্ঞায়িত করা
clear weather	পরিষ্কার আবহাওয়া
clear; pure; noble	পরিষ্কার বিশুদ্ধ noble
clearly	স্পষ্টভাবে
clerk	কেরানি
clever	চতুর
clever; adept; good; expectations; as one would expect	চতুর পারদর্শী ভাল প্রত্যাশা যেমন একজন আশা করবে
clever; shrewd; bright; sharp; wise; intelligent	চতুর বুদ্ধিমান; উজ্জ্বল তীক্ষ্ণ জ্ঞানী বুদ্ধিমান
click	ক্লিক
client	ক্লায়েন্ট
cliff	ক্লিফ
climate	জলবায়ু
climate change	জলবায়ু পরিবর্তন
climb	আরোহণ
cling	আঁকড়ে থাকা
clinic	ক্লিনিক
clinical	ক্লিনিক্যাল
clip	ক্লিপ
clock	ঘড়ি
close	বন্ধ
close friend; buddy	ঘনিষ্ঠ বন্ধু; বন্ধু
close; near	বন্ধ কাছাকাছি
closed	বন্ধ
closed (e.g. store); business suspended; shutdown; holiday	বন্ধ (যেমন দোকান); ব্যবসা স্থগিত; বন্ধ ছুটির দিন
closely	ঘনিষ্ঠভাবে
closet	পায়খানা
closing up; fastening the doors	বন্ধ করা; দরজা বন্ধ করা
closing; cut-off; end; deadline; Closed; No Entrance	বন্ধ কাটা বন্ধ শেষ সময়সীমা বন্ধ; নো এন্ট্রান্স
closure	বন্ধ
cloth	কাপড়
cloth; piece; cut; chop	কাপড়; টুকরা; কাটা কাটা
clothes	জামাকাপড়
clothes; clothing; garments	কাপড়; পোশাক; পোশাক
clothing	পোশাক
clothing (respect)	পোশাক (সম্মান)
clothing, clothes	পোশাক, জামাকাপড়
clothing; costume; outfit; garment; dress	পোশাক; পরিচ্ছদ; সাজসরঞ্জাম পোশাক; পোষাক
cloud	মেঘ
cloudiness; cloudy weather; shadow	মেঘলা মেঘলা আবহাওয়া; ছায়া
cloudy	মেঘলা
cloudy weather	মেঘলা আবহাওয়া
club	ক্লাব
club activity	ক্লাব কার্যকলাপ
club; student society	ক্লাব ছাত্র সমাজ
clue	সূত্র
clumsy; poor at...	আনাড়ি দরিদ্র এ...
cluster	ক্লাস্টার
co-operation; conciliation; harmony; firm (market) tone	সহযোগিতা; সমঝোতা; সম্প্রীতি দৃঢ় (বাজার) স্বর
coach	কোচ
coal	কয়লা
coal mine; coal pit	কয়লা খনি; কয়লা পিট
coalition	জোট
coarse; rough	মোটা; রুক্ষ
coast	উপকূল
coast / beach	উপকূল/সৈকত
coast; shore	উপকূল তীরে
coastal	উপকূলীয়
coat	কোট
cocktail	ককটেল
code	কোড
coeducation	সহশিক্ষা
coercion	জবরদস্তি
coexistence	সহাবস্থান
coffee	কফি
coffee lounge	কফি লাউঞ্জ
cogent	cogent
cognitive	জ্ঞানীয়
coherence	সমন্বয়
coherent	সুসঙ্গত
coin	মুদ্রা
coincide	মিলিত
coincidence	কাকতালীয়
cola	কোলা
cold	ঠান্ডা
cold (illness)	ঠান্ডা (অসুখ)
cold (thing/people)	ঠান্ডা (জিনিস/মানুষ)
cold (to touch)	ঠান্ডা (ছোঁয়া)
cold (weather)	ঠান্ডা (আবহাওয়া)
cold (weather-not used for objects)	ঠান্ডা (আবহাওয়া-বস্তুর জন্য ব্যবহার করা হয় না)
cold drinking water	ঠান্ডা পানীয় জল
cold to the touch	স্পর্শে ঠান্ডা
cold wind	ঠান্ডা বাতাস
cold; frost; chill	ঠান্ডা তুষারপাত ঠান্ডা
collaborate	সহযোগিতা
collaboration	সহযোগিতা
collapse	পতন
colleague	সহকর্মী
collect	সংগ্রহ করা
collecting	সংগ্রহ
collection	সংগ্রহ
collection; recovery	সংগ্রহ; পুনরুদ্ধার
collective	সমষ্টিগত
collector	সংগ্রাহক
college	কলেজ
college student	কলেজ ছাত্র
college; university	কলেজ; বিশ্ববিদ্যালয়
collision	সংঘর্ষ
collision; conflict	সংঘর্ষ; সংঘর্ষ
colonial	ঔপনিবেশিক
colony	উপনিবেশ
color	রঙ
colorful	রঙিন
colors; paints	রং রং
colour	রঙ
coloured	রঙিন
colourful	রঙিন
column	কলাম
column of text (e.g. as in a newspaper)	পাঠ্যের কলাম (যেমন একটি সংবাদপত্রের মতো)
column; beam; digit	কলাম; মরীচি অঙ্ক
columnist	কলামিস্ট
comb	চিরুনি
combat	যুদ্ধ
combination	সংমিশ্রণ
combination; incorporation; union; amalgamation	সংমিশ্রণ; incorporation; ইউনিয়ন একত্রিতকরণ
combination; union	সংমিশ্রণ; ইউনিয়ন
combine	একত্রিত করা
come	আসা
come across	জুড়ে আসা
come in	ভিতরে আসা
come up with	সঙ্গে আসা
comedy	কমেডি
comedy; funny show	কমেডি মজার শো
comfort	আরাম
comfort; ease	আরাম আরাম
comfortable	আরামদায়ক
comic	কমিক
comic book	কমিক বই
coming from	থেকে আসছে
coming into existence; arrangements; establishment; completion	অস্তিত্বে আসা; ব্যবস্থা প্রতিষ্ঠা সমাপ্তি
coming to the office	অফিসে আসছে
command	আদেশ
command; decree; life; destiny	আদেশ ডিক্রি জীবন নিয়তি
commander	কমান্ডার
commemoration; memory	স্মৃতিচারণ; স্মৃতি
commence	আরম্ভ
comment	মন্তব্য
commentary	ভাষ্য
commentator	ভাষ্যকার
commerce	বাণিজ্য
commerce; trade; business	বাণিজ্য ব্যবসা ব্যবসা
commercial	বাণিজ্যিক
commission	কমিশন
commissioner	কমিশনার
commit	কমিট
commitment	অঙ্গীকার
committee	কমিটি
committee member	কমিটির সদস্য
commodity	পণ্য
commodity; article of commerce; goods; stock; merchandise	পণ্য বাণিজ্য নিবন্ধ; পণ্য; স্টক পণ্যদ্রব্য
commodity; foodstuff	পণ্য খাদ্যদ্রব্য
common	সাধারণ
common sense	সাধারণ জ্ঞান
common; commonplace; ordinary; mediocre	সাধারণ সাধারণ সাধারণ মধ্যম
common; customary	সাধারণ প্রথাগত
commonly	সাধারণত
commonness; community	সাধারণতা সম্প্রদায়
communicate	যোগাযোগ
communication	যোগাযোগ
communism	সাম্যবাদ
communist	কমিউনিস্ট
community	সম্প্রদায়
commuter pass; season ticket	কমিউটার পাস; সিজন টিকেট
commuting to school	স্কুলে যাতায়াত
commuting to work	কাজে যাতায়াত
companion	সহচর
companion / peer	সহচর / সহকর্মী
companion; company	সহচর কোম্পানি
companion; partner; company	সহচর অংশীদার কোম্পানি
company	কোম্পানি
company employee	কোম্পানির কর্মচারী
company president	কোম্পানির সভাপতি
company; fellow; colleague; associate	কোম্পানি সহকর্মী সহকর্মী সহযোগী
company; friendship; association; society; acquaintance	কোম্পানি বন্ধুত্ব সংঘ সমাজ পরিচিতি
comparable	তুলনীয়
comparative	তুলনামূলক
comparatively	তুলনামূলকভাবে
comparatively; relatively	তুলনামূলকভাবে; তুলনামূলকভাবে
compare	তুলনা
compared with ...	সাথে তুলনা করে...
comparison	তুলনা
compassion	সহানুভূতি
compel	বাধ্য করা
compelling	বাধ্যতামূলক
compensate	ক্ষতিপূরণ
compensation	ক্ষতিপূরণ
compete	প্রতিযোগিতা
competence	যোগ্যতা
competent	দক্ষ
competition	প্রতিযোগিতা
competitive	প্রতিযোগিতামূলক
competitor	প্রতিযোগী
compile	কম্পাইল
complain	অভিযোগ
complaint	অভিযোগ
complaint; discontent; dissatisfaction	অভিযোগ অসন্তুষ্টি অসন্তোষ
complaint; troubles; objection	অভিযোগ কষ্ট আপত্তি
complement	পরিপূরক
complete	সম্পূর্ণ
complete change; about-face	সম্পূর্ণ পরিবর্তন; প্রায় মুখ
complete works	সম্পূর্ণ কাজ
completely	সম্পূর্ণরূপে
completely alike	সম্পূর্ণ একই রকম
completely in the dark	সম্পূর্ণ অন্ধকারে
completely; perfectly; just as if	সম্পূর্ণরূপে; পুরোপুরি; ঠিক যেন
completion	সমাপ্তি
completion / end	সমাপ্তি/শেষ
completion; conclusion	সমাপ্তি; উপসংহার
complex	জটিল
complexion	বর্ণ
complexity	জটিলতা
complexity; complication	জটিলতা; জটিলতা
compliance	সম্মতি
complicated	জটিল
complication	জটিলতা
comply	মেনে চলা
component	উপাদান
compose	রচনা
composer	সুরকার
composition	রচনা
composition / structure	রচনা / গঠন
composition; setting (of music)	রচনা; সেটিং (সঙ্গীতের)
composition; writing	রচনা; লেখা
compound	যৌগ
comprehensive	ব্যাপক
compression; condensation; pressure	কম্প্রেশন ঘনীভবন; চাপ
comprise	গঠিত
compromise	আপস
compulsory	বাধ্যতামূলক
compute	গণনা
computer	কম্পিউটার
conceal	গোপন করা
concede	স্বীকার করা
conceive	গর্ভধারণ করা
concentrate	মনোনিবেশ
concentration	একাগ্রতা
concentration; brightness	একাগ্রতা উজ্জ্বলতা
concentration; focusing the mind	একাগ্রতা মনকে ফোকাস করা
concept	ধারণা
conception	গর্ভধারণ
conception / plan	ধারণা / পরিকল্পনা
concern	উদ্বেগ
concern; interest	উদ্বেগ সুদ
concerned	উদ্বিগ্ন
concerning	সম্পর্কিত
concert	কনসার্ট
concession	ছাড়
conclude	উপসংহার
conclusion	উপসংহার
conclusion; decision	উপসংহার; সিদ্ধান্ত
concrete	কংক্রিট
concrete; tangible; material	কংক্রিট; বাস্তব; উপাদান
condemn	নিন্দা
condiment; seasoning	মশলা সিজনিং
condition	অবস্থা
condition / terms	শর্ত / শর্তাবলী
condition; health	অবস্থা স্বাস্থ্য
condition; situation; circumstances; state	অবস্থা পরিস্থিতি পরিস্থিতি রাষ্ট্র
condition; situation; prospects	অবস্থা পরিস্থিতি সম্ভাবনা
condition; state; business (condition)	অবস্থা রাষ্ট্র ব্যবসা (শর্ত)
conditions; terms	শর্ত; শর্তাবলী
conduct	আচার
confer	প্রদান
conference	সম্মেলন
conference; consultation; discussion; negotiation	সম্মেলন; পরামর্শ আলোচনা আলোচনা
confess	স্বীকার
confession	স্বীকারোক্তি
confidence	আত্মবিশ্বাস
confidence; dependence; credit; faith	আত্মবিশ্বাস; নির্ভরতা ক্রেডিট বিশ্বাস
confident	আত্মবিশ্বাসী
configuration	কনফিগারেশন
confine	আবদ্ধ করা
confirm	নিশ্চিত করুন
confirmation	নিশ্চিতকরণ
conflagration; fire	জ্বালাপোড়া আগুন
conflate	সংঘটিত
conflict	সংঘর্ষ
confluence; union; linking up; merge	সঙ্গম ইউনিয়ন লিঙ্ক আপ; একত্রিত করা
confront	মুখোমুখি
confrontation	দ্বন্দ্ব
confrontation; opposition; antagonism	সংঘর্ষ; বিরোধিতা শত্রুতা
confuse	বিভ্রান্ত করা
confused	বিভ্রান্ত
confusing	বিভ্রান্তিকর
confusion	বিভ্রান্তি
confusion; congestion	বিভ্রান্তি যানজট
congestion (e.g. traffic); delay; stagnation	যানজট (যেমন ট্রাফিক); বিলম্ব স্থবিরতা
congratulate	অভিনন্দন
congratulation	অভিনন্দন
congratulations	অভিনন্দন
congregation	ধর্মসভা
congressional	কংগ্রেসনাল
conjecture	অনুমান
conjugation; practical use	conjugation; ব্যবহারিক ব্যবহার
connect	সংযোগ
connected	সংযুক্ত
connection	সংযোগ
connection; link; relationship	সংযোগ; লিঙ্ক সম্পর্ক
connection; relation	সংযোগ; সম্পর্ক
conquer	জয়
conscience	বিবেক
conscious	সচেতন
consciousness	চেতনা
consciousness; senses	চেতনা; ইন্দ্রিয়
consecutive	ক্রমাগত
consensus	ঐক্যমত
consent	সম্মতি
consent; acceptance; assent; admitting	সম্মতি গ্রহণ সম্মতি স্বীকার
consent; assent; understanding	সম্মতি সম্মতি বোঝা
consequence	পরিণতি
consequently	ফলস্বরূপ
conservation	সংরক্ষণ
conservative	রক্ষণশীল
conserve	সংরক্ষণ করা
consider	বিবেচনা
considerable	যথেষ্ট
considerable; great; important; significant; a big deal	যথেষ্ট মহান গুরুত্বপূর্ণ উল্লেখযোগ্য একটি বড় চুক্তি
considerably	যথেষ্ট
considerably; fairly; quite	যথেষ্ট পরিমাণে; মোটামুটি বেশ
considerably; greatly; a lot	যথেষ্ট পরিমাণে; ব্যাপকভাবে অনেক
consideration	বিবেচনা
consideration / study	বিবেচনা/অধ্যয়ন
consideration; examination; investigation; study; scrutiny	বিবেচনা; পরীক্ষা তদন্ত অধ্যয়ন যাচাই
consideration; taking into account	বিবেচনা; একাউন্টে গ্রহণ
consign (goods (for sale) to a firm); entrust (person with something); commit	consign (পণ্য (বিক্রয়ের জন্য) একটি ফার্মে); entrust (কিছু সহ ব্যক্তি); কমিট
consist	গঠিত
consistency	ধারাবাহিকতা
consistent	সামঞ্জস্যপূর্ণ
consistently	ধারাবাহিকভাবে
consolidate	একত্রিত করা
conspiracy	ষড়যন্ত্র
constant	ধ্রুবক
constantly	ক্রমাগত
constituency	নির্বাচনী এলাকা
constitute	গঠন
constitution	সংবিধান
constitutional	সাংবিধানিক
constraint	বাধা
construct	নির্মাণ
construction	নির্মাণ
construction work	নির্মাণ কাজ
construction; architecture	নির্মাণ স্থাপত্য
construction; establishment	নির্মাণ প্রতিষ্ঠা
construe	ব্যাখ্যা করা
consul	কনসাল
consult	পরামর্শ
consultant	পরামর্শদাতা
consultation	পরামর্শ
consultation; discussion	পরামর্শ আলোচনা
consume	গ্রাস করা
consumer	ভোক্তা
consumption	খরচ
consumption; expenditure	খরচ ব্যয়
contact	যোগাযোগ
contact lenses	কন্টাক্ট লেন্স
contagion	সংক্রামক
contain	ধারণ
container	ধারক
container; case; receptacle	ধারক; মামলা আধার
container; vessel	ধারক; জাহাজ
contemplate	চিন্তা করা
contemplation	মনন
contemporary	সমসাময়িক
contempt	অবজ্ঞা
contend	তর্ক করা
contender	প্রতিযোগী
content	বিষয়বস্তু
contention	বিবাদ
contentious	বিতর্কিত
contents; interior; substance; filling; (sword) blade	বিষয়বস্তু; অভ্যন্তর পদার্থ ভরাট (তলোয়ার) ফলক
contest	প্রতিযোগিতা
context	প্রসঙ্গ
continent	মহাদেশ
continually	ক্রমাগত
continuation	ধারাবাহিকতা
continue	চালিয়ে যান
continuous	একটানা
continuously; from beginning to end	একটানা; শুরু থেকে শেষ পর্যন্ত
contract	চুক্তি
contract document	চুক্তির নথি
contract; compact; agreement	চুক্তি কমপ্যাক্ট চুক্তি
contractor	ঠিকাদার
contradict	বিরোধিতা
contradiction	দ্বন্দ্ব
contradiction; inconsistency	দ্বন্দ্ব; অসঙ্গতি
contrary	বিপরীত
contrary to	বিপরীত
contrast	বিপরীত
contrast; antithesis; comparison	বৈপরীত্য বিরোধীতা তুলনা
contribute	অবদান
contribution	অবদান
contribution; donation	অবদান দান
contribution; service	অবদান সেবা
contribution; services	অবদান সেবা
contributor	অবদানকারী
control	নিয়ন্ত্রণ
control / management	নিয়ন্ত্রণ / ব্যবস্থাপনা
control; management (e.g. of a business)	নিয়ন্ত্রণ ব্যবস্থাপনা (যেমন একটি ব্যবসা)
controversial	বিতর্কিত
controversy	বিতর্ক
controversy; dispute	বিতর্ক বিবাদ
convenience	সুবিধা
convenience store	সুবিধার দোকান
convenient	সুবিধাজনক
convention	সম্মেলন
convention; tournament; mass meeting; rally	সম্মেলন; টুর্নামেন্ট; গণসভা; সমাবেশ
conventional	প্রচলিত
convergence	অভিন্নতা
conversation	কথোপকথন
conversation; conference; discussion; interview	কথোপকথন; সম্মেলন; আলোচনা সাক্ষাৎকার
conversely	বিপরীতভাবে
conversion	রূপান্তর
conversion; change; exchange	রূপান্তর; পরিবর্তন বিনিময়
convert	রূপান্তর
convey	বোঝানো
convict	দোষী
conviction	প্রত্যয়
conviction; confidence	প্রত্যয় আত্মবিশ্বাস
convince	বোঝানো
convinced	বিশ্বাসী
convincing	বিশ্বাসী
cook	রান্না
cooked rice; meal	রান্না করা ভাত; খাবার
cooker	কুকার
cookie	কুকি
cooking	রান্না
cooking; culinary arts	রান্না করা রন্ধনশিল্প
cool	শীতল
cool (weather)	শীতল (আবহাওয়া)
coolness; calmness; composure; unconcern	শীতলতা শান্ততা সংযম; উদ্বিগ্ন
cooperate	সহযোগিতা
cooperation	সহযোগিতা
cooperation; association; collaboration; joint	সহযোগিতা সংঘ সহযোগিতা; যৌথ
cooperation; collaboration	সহযোগিতা সহযোগিতা
cooperative	সমবায়
coordinate	সমন্বয়
coordination	সমন্বয়
coordinator	সমন্বয়কারী
cop	পুলিশ
cope	মোকাবেলা
copper	তামা
copy	অনুলিপি
copy; duplicate	অনুলিপি; সদৃশ
copyright	কপিরাইট
core	মূল
core; heart	কোর; হৃদয়
core; heart; wick; marrow	কোর; হৃদয়; wick; মজ্জা
corner	কোণ
corner; nook	কোণ nook
corporate	কর্পোরেট
corporation	কর্পোরেশন
corpse	মৃতদেহ
correct	সঠিক
correction	সংশোধন
correctly	সঠিকভাবে
correlate	পারস্পরিক সম্পর্ক
correlation	পারস্পরিক সম্পর্ক
correspond	অনুরূপ
correspondence	চিঠিপত্র
correspondence; communication; news; signal	চিঠিপত্র যোগাযোগ খবর; সংকেত
correspondent	সংবাদদাতা
corresponding	অনুরূপ
corresponding; answering to; coming under	অনুরূপ; উত্তর দেওয়া অধীনে আসছে
corridor	করিডোর
corroborate	সমর্থন করা
corroboration	অনুমোদন
corrupt	দুর্নীতিগ্রস্ত
corruption	দুর্নীতি
cost	খরচ
cost of fuel and light	জ্বালানী এবং আলোর খরচ
cost; expense	খরচ খরচ
costly	ব্যয়বহুল
costume	পরিচ্ছদ
cottage	কুটির
cotton	তুলা
cotton; padding	তুলা; প্যাডিং
cough	কাশি
could	পারে
could you please?	আপনি কি দয়া করে?
council	পরিষদ
councillor	কাউন্সিলর
counselling	কাউন্সেলিং
counsellor	পরামর্শদাতা
count	গণনা
counter	পাল্টা
counter for birds; counter for rabbits	পাখিদের জন্য কাউন্টার; খরগোশ জন্য কাউন্টার
counter for chapters (of a book)	অধ্যায়ের জন্য কাউন্টার (একটি বইয়ের)
counter for houses	বাড়ির জন্য কাউন্টার
counter for occurrences	ঘটনার জন্য পাল্টা
counter-plan; counter-measure	পাল্টা পরিকল্পনা; পাল্টা পরিমাপ
counterpart	প্রতিপক্ষ
countless	অগণিত
countless number; infinite number	অগণিত সংখ্যা; অসীম সংখ্যা
country	দেশ
country-wide; nation-wide; whole country; national	দেশব্যাপী; দেশব্যাপী; সমগ্র দেশ; জাতীয়
country; district	দেশ জেলা
country; place of origin	দেশ উৎপত্তি স্থান
countryside	গ্রামাঞ্চল
county	কাউন্টি
coup	অভ্যুত্থান
couple	দম্পতি
coupon	কুপন
courage	সাহস
courage; bravery; valour; nerve; boldness	সাহস সাহসিকতা বীরত্ব স্নায়ু সাহস
course	অবশ্যই
course; curriculum	কোর্স পাঠ্যক্রম
course; direction; compass bearing	কোর্স নির্দেশ কম্পাস ভারবহন
course; route; channel	কোর্স পথ চ্যানেল
court	আদালত
court lady; lady in waiting	আদালত মহিলা; অপেক্ষায় মহিলা
courtesy	সৌজন্য
cousin	কাজিন
cousin (female)	কাজিন (মহিলা)
cousin (male)	কাজিন (পুরুষ)
cover	আবরণ
cover; lid; cap	আবরণ ঢাকনা; টুপি
coverage	কভারেজ
covered	আচ্ছাদিত
cow	গরু
cowardice; meanness; unfairness	কাপুরুষতা অর্থহীনতা অন্যায়
cowardice; timidity	কাপুরুষতা ভীরুতা
cowardly	কাপুরুষ
coworker; colleague; associate	সহকর্মী সহকর্মী সহযোগী
crab	কাঁকড়া
crack	ফাটল
craft	নৈপুণ্য
cram school	ক্রাম স্কুল
crash	ক্র্যাশ
crawl	ক্রল
crazy	পাগল
cream	ক্রিম
create	তৈরি
creation	সৃষ্টি
creative	সৃজনশীল
creativity	সৃজনশীলতা
creator	সৃষ্টিকর্তা
creature	জীব
credibility	বিশ্বাসযোগ্যতা
credible	বিশ্বাসযোগ্য
credit	ক্রেডিট
credit / claim	ক্রেডিট / দাবি
credit card	ক্রেডিট কার্ড
creep	হামাগুড়ি
crevice; crack; gap; opening	ফাটল; ফাটল; ফাঁক খোলা
crew	ক্রু
crime	অপরাধ
crime; fault; indiscretion	অপরাধ দোষ অবিবেচনা
criminal	অপরাধী
criminal case; (police) detective	ফৌজদারি মামলা; (পুলিশ) গোয়েন্দা
crimson	লাল
crisis	সংকট
criteria	মানদণ্ড
criterion	মানদণ্ড
criterion; aim	মানদণ্ড লক্ষ্য
critic	সমালোচক
critical	সমালোচনামূলক
critically	সমালোচনামূলকভাবে
criticism	সমালোচনা
criticism; critique	সমালোচনা সমালোচনা
criticism; judgement; comment	সমালোচনা রায় মন্তব্য
criticism; review; commentary	সমালোচনা পর্যালোচনা ভাষ্য
criticize	সমালোচনা করা
critique	সমালোচনা
crocodile	কুমির
crop	ফসল
cross	ক্রস
crossing	ক্রসিং
crowd	ভিড়
crowd of people	মানুষের ভিড়
crowded	ভিড়
crown	মুকুট
crown; diadem; first; best	মুকুট; diadem; প্রথম সেরা
crown; diadem; first; best; peerless; cap; naming; designating; initiating on coming of age; top character ra	মুকুট; diadem; প্রথম সেরা পিয়ারলেস টুপি; নামকরণ মনোনীত করা বয়স আসার উপর শুরু করা; শীর্ষ চরিত্র রা
crucial	গুরুত্বপূর্ণ
crude	অশোধিত
crude oil	অপরিশোধিত তেল
crude; rough; plain; humble	অশোধিত; রুক্ষ; সমতল নম্র
cruel	নিষ্ঠুর
cruise	ক্রুজ
crush	চূর্ণ
cry	কান্না
crystal	স্ফটিক
crystal; crystallization	স্ফটিক; স্ফটিককরণ
cucumber	শসা
cue	সংকেত
cuisine	রন্ধনপ্রণালী
culmination	চূড়ান্ত
cult	ধর্ম
cultivate	চাষ করা
cultural	সাংস্কৃতিক
culture	সংস্কৃতি
culture; education; refinement; cultivation	সংস্কৃতি; শিক্ষা পরিমার্জন; চাষ
cup	কাপ
cupboard	আলমারি
cupboard; locker; closet; wardrobe	আলমারি; লকার পায়খানা; পোশাক
cure	নিরাময়
curiosity	কৌতূহল
curious	কৌতূহলী
curly	কোঁকড়া
currency	মুদ্রা
current	বর্তমান
current situation	বর্তমান পরিস্থিতি
currently	বর্তমানে
curriculum	পাঠ্যক্রম
curry	তরকারি
curtain	পর্দা
curtain; bunting; act (in play)	পর্দা; bunting; অভিনয় (নাটকে)
curve	বক্ররেখা
curved	বাঁকা
cushion (Japanese)	কুশন (জাপানি)
custody	হেফাজত
custom	কাস্টম
custom; manners	কাস্টম শিষ্টাচার
custom; precedent; of convention	কাস্টম নজির কনভেনশনের
customary practice; habit; traditional event	প্রথাগত অনুশীলন; অভ্যাস ঐতিহ্যবাহী ঘটনা
customer	গ্রাহক
customer / client	গ্রাহক/ক্লায়েন্ট
customer / guest	গ্রাহক / অতিথি
customs	কাস্টমস
customs house	কাস্টমস হাউস
customs; duty; tariff	কাস্টমস কর্তব্য ট্যারিফ
cut	কাটা
cut down on	কাটা
cute	সুন্দর
cutting	কাটা
cycle	চক্র
cynical	নিষ্ঠুর
cynicism; sarcasm	নিন্দাবাদ কটাক্ষ
dad	বাবা
daily	দৈনিক
daily lesson; daily work; daily routine	দৈনিক পাঠ; দৈনন্দিন কাজ; দৈনন্দিন রুটিন
daily necessities	দৈনন্দিন প্রয়োজনীয় জিনিসপত্র
dairy	দুগ্ধ
dam	বাঁধ
damage	ক্ষতি
damage; injury; loss	ক্ষতি আঘাত ক্ষতি
damaging	ক্ষতিকর
dance	নাচ
dancer	নর্তকী
dancing	নাচ
danger	বিপদ
dangerous	বিপজ্জনক
dangerous; critical; grave	বিপজ্জনক সমালোচনামূলক কবর
dangerous; disturbed; insecure	বিপজ্জনক বিরক্ত; অনিরাপদ
dare	সাহস
dare (to do); challenge (to do)	dare (করতে); চ্যালেঞ্জ (করতে)
dare to	সাহস
dare to / deliberately	dare to / ইচ্ছাকৃতভাবে
dark	অন্ধকার
dark (color)	গাঢ় (রঙ)
dark brown	গাঢ় বাদামী
darkness	অন্ধকার
darkness; the dark; black-marketeering; dark; shady; illegal	অন্ধকার অন্ধকার; কালোবাজারি; অন্ধকার ছায়াময়; অবৈধ
data	তথ্য
data set	ডেটা সেট
database	ডাটাবেস
date	তারিখ
date (of month)	তারিখ (মাসের)
date (romantic, not calendar)	তারিখ (রোমান্টিক, ক্যালেন্ডার নয়)
date and time	তারিখ এবং সময়
date of birth	জন্ম তারিখ
date of implementation	বাস্তবায়নের তারিখ
date; dating	তারিখ ডেটিং
daughter	কন্যা
daughter-in-law	পুত্রবধূ
daughter; young lady; virgin; maiden; little girl	কন্যা যুবতী মহিলা; কুমারী কুমারী ছোট মেয়ে
dawn	ভোর
dawn; daybreak	ভোর; প্রভাত
day	দিন
day / date	দিন / তারিখ
day / sun	দিন / সূর্য
day after tomorrow	পরশু
day before yesterday	গতকালের আগের দিন
day of the week	সপ্তাহের দিন
day off / holiday	ছুটির দিন / ছুটি
day off, break	ছুটির দিন, বিরতি
day trip	দিনের ট্রিপ
day; sun	দিন সূর্য
daydream; fantasy; fancy; vision	দিবাস্বপ্ন; কল্পনা; অভিনব দৃষ্টি
days pass	দিন কেটে যায়
daytime	দিনের বেলা
daytime; broad daylight	দিনের বেলা দিনের আলো
daytime; during the day	দিনের বেলা দিনের বেলা
daze; (in a) trance; ecstasy; delirium; engrossment	স্তব্ধ (ক) ট্রান্স; পরমানন্দ প্রলাপ মগ্নতা
dead	মৃত
deadline	সময়সীমা
deadly	মারাত্মক
deal	চুক্তি
deal with	মোকাবেলা
dealer	ডিলার
dear	প্রিয়
dear; desired; missed	প্রিয়; ইচ্ছাকৃত; মিস
death	মৃত্যু
death; mortality	মৃত্যু মৃত্যুহার
debatable	বিতর্কযোগ্য
debate	বিতর্ক
debris	ধ্বংসাবশেষ
debt	ঋণ
debt; loan; liabilities	ঋণ ঋণ দায়
debut	আত্মপ্রকাশ
decade	দশক
decent	শালীন
decide	সিদ্ধান্ত
decipher	পাঠোদ্ধার
decision	সিদ্ধান্ত
decision of a contest; finals (in sports)	একটি প্রতিযোগিতার সিদ্ধান্ত; ফাইনাল (খেলাধুলায়)
decision-making	সিদ্ধান্ত গ্রহণ
decision; determination	সিদ্ধান্ত সংকল্প
decisive	সিদ্ধান্তমূলক
deck	ডেক
declaration	ঘোষণা
declaration; hearsay	ঘোষণা শ্রবণ
declare	ঘোষণা
decline	হ্রাস
decorate	সাজাইয়া রাখা
decoration	সজ্জা
decrease	হ্রাস
decrease; reduction; decline	হ্রাস হ্রাস; হ্রাস
dedicated	উত্সর্গীকৃত
dedication	উৎসর্গ
deduce	অনুমান করা
deduction	কর্তন
deduction; subtraction; balance; ebb and flow; rise and fall	কর্তন; বিয়োগ ভারসাম্য; ভাটা এবং প্রবাহ; উত্থান এবং পতন
deed	দলিল
deem	মনে করা
deep	গভীর
deep blue; ghastly pale	গভীর নীল; ভয়ঙ্কর ফ্যাকাশে
deep emotion; impression; inspiration	গভীর আবেগ; ছাপ; অনুপ্রেরণা
deep feeling; inexpressible feeling; filled with emotion	গভীর অনুভূতি; অব্যক্ত অনুভূতি; আবেগে ভরা
deep red; flushed (of face)	গভীর লাল; ফ্লাশ (মুখ)
deeply	গভীরভাবে
deeply grateful	গভীরভাবে কৃতজ্ঞ
deer	হরিণ
default	ডিফল্ট
defeat	পরাজয়
defeat; loss; losing (a game)	পরাজয় ক্ষতি হারানো (একটি খেলা)
defect	ত্রুটি
defect; fault; deficiency	ত্রুটি দোষ অভাব
defect; flaw; blemish; weak point	ত্রুটি ত্রুটি দাগ দুর্বল পয়েন্ট
defence	প্রতিরক্ষা
defend	রক্ষা
defendant	আসামী
defender	ডিফেন্ডার
defense; guard; policing; security	প্রতিরক্ষা প্রহরী পুলিশিং নিরাপত্তা
defensive	প্রতিরক্ষামূলক
deficiency	অভাব
deficit	ঘাটতি
define	সংজ্ঞায়িত করা
definite	নির্দিষ্ট
definitely	নিশ্চিতভাবে
definition	সংজ্ঞা
definition (math); decision; settlement	সংজ্ঞা (গণিত); সিদ্ধান্ত নিষ্পত্তি
deflation	মুদ্রাস্ফীতি
deforestation	বন উজাড়
deft	নিপুণ
defy	অস্বীকার করা
degree	ডিগ্রী
degree; amount; grade; standard; of the order of (following a number)	ডিগ্রি পরিমাণ গ্রেড মান এর আদেশের (একটি সংখ্যা অনুসরণ করে)
degree; extent; bounds; limit	ডিগ্রি পরিমাণ সীমানা সীমা
degrees	ডিগ্রী
delay	বিলম্ব
delegate	প্রতিনিধি
delegation	প্রতিনিধি দল
delete	মুছে ফেলুন
deliberate	ইচ্ছাকৃত
deliberately	ইচ্ছাকৃতভাবে
delicate	সূক্ষ্ম
delicate; subtle	সূক্ষ্ম সূক্ষ্ম
delicious	সুস্বাদু
delight	আনন্দ
delighted	আনন্দিত
delineate	বর্ণনা করা
deliver	বিতরণ
delivering; furnishing (with copies)	বিতরণ আসবাবপত্র (কপি সহ)
delivery	বিতরণ
delivery; distribution	বিতরণ বিতরণ
demand	চাহিদা
demand; request	চাহিদা অনুরোধ
democracy	গণতন্ত্র
democratic	গণতান্ত্রিক
demographics	জনসংখ্যা
demon	রাক্ষস
demonstrate	প্রদর্শন
demonstration	প্রদর্শন
denial	অস্বীকার
denial; veto; rejection; refusal	অস্বীকার ভেটো; প্রত্যাখ্যান প্রত্যাখ্যান
denounce	নিন্দা করা
dense	ঘন
density	ঘনত্ব
dentifrice; toothpaste	ডেন্টিফ্রিস; টুথপেস্ট
dentist	দাঁতের ডাক্তার
deny	অস্বীকার
depart	প্রস্থান
department	বিভাগ
department head	বিভাগের প্রধান
department manager	বিভাগ ব্যবস্থাপক
department of a university; undergraduate	একটি বিশ্ববিদ্যালয়ের বিভাগ; স্নাতক
department store	ডিপার্টমেন্ট স্টোর
department; section	বিভাগ বিভাগ
departure	প্রস্থান
departure of a vehicle	একটি যানবাহনের প্রস্থান
depend	নির্ভরশীল
dependence	নির্ভরতা
dependence; dependent; reliance	নির্ভরতা নির্ভরশীল নির্ভরতা
dependent	নির্ভরশীল
depending on	উপর নির্ভর করে
depending on / by	/ দ্বারা নির্ভর করে
depict	চিত্রিত করা
deploy	স্থাপন
deployment	স্থাপনা
depopulation	জনসংখ্যা
deposit	আমানত
deprecate	অবমূল্যায়ন
depressed	বিষণ্ণ
depressing	হতাশাজনক
depression	বিষণ্নতা
deprive	বঞ্চিত করা
depth	গভীরতা
deputy	ডেপুটি
derailment; digression	লাইনচ্যুত ডিগ্রেশন
derive	আহরণ
descend	অবতরণ
descendants; posterity; offspring	বংশধর; posterity; সন্তানসন্ততি
descent	বংশদ্ভুত
describe	বর্ণনা
describing; descriptor	বর্ণনা করা; বর্ণনাকারী
description	বর্ণনা
desert	মরুভূমি
deserve	প্রাপ্য
design	নকশা
designate	মনোনীত
designation; specification; assignment; pointing at	পদবী স্পেসিফিকেশন নিয়োগ নির্দেশ করে
designer	ডিজাইনার
desirable	কাম্য
desire	ইচ্ছা
desire; wish; request	ইচ্ছা ইচ্ছা অনুরোধ
desk	ডেস্ক
desktop	ডেস্কটপ
desperate	মরিয়া
desperately	মরিয়াভাবে
despite	সত্ত্বেও
despotism; autocracy	স্বৈরাচার স্বৈরাচার
dessert	ডেজার্ট
destination	গন্তব্য
destroy	ধ্বংস
destruction	ধ্বংস
destruction; extinction	ধ্বংস বিলুপ্তি
destructive	ধ্বংসাত্মক
detail	বিস্তারিত
detailed	বিস্তারিত
details	বিস্তারিত
detain	আটক
detect	সনাক্ত করা
detection	সনাক্তকরণ
detective	গোয়েন্দা
detention	আটক
detergent; washing material	ডিটারজেন্ট ধোয়ার উপাদান
deteriorate	অবনতি
deterioration; changing for the worse	অবনতি; খারাপের জন্য পরিবর্তন
deterioration; growing worse; aggravation; degeneration; corruption	অবনতি; খারাপ ক্রমবর্ধমান; উত্তেজনা অধঃপতন; দুর্নীতি
determination	সংকল্প
determination; resolution	সংকল্প রেজোলিউশন
determine	নির্ধারণ
determined	নির্ধারিত
determinism	নির্ণয়বাদ
detestable; disagreeable	ঘৃণ্য অসম্মত
detour	চক্কর
detour / long way	চক্কর / দীর্ঘ পথ
detour; roundabout way	চক্কর বৃত্তাকার পথ
devastate	ধ্বংস করা
develop	বিকাশ
develop; expansion (opposite of compression)	বিকাশ সম্প্রসারণ (সংকোচনের বিপরীত)
developing (film)	উন্নয়নশীল (চলচ্চিত্র)
development	উন্নয়ন
development / expansion	উন্নয়ন / সম্প্রসারণ
development; exploitation	উন্নয়ন শোষণ
development; growth	উন্নয়ন বৃদ্ধি
device	ডিভাইস
device / apparatus	ডিভাইস / যন্ত্রপাতি
devil	শয়তান
devil; demon; evil spirit	শয়তান রাক্ষস মন্দ আত্মা
devise	পরিকল্পনা করা
devote	উৎসর্গ করা
diagnose	নির্ণয়
diagnosis	রোগ নির্ণয়
diagram	চিত্র
dialect	উপভাষা
dialogue	সংলাপ
diameter	ব্যাস
diamond	হীরা
diaper; nappy	ডায়াপার; ন্যাপি
diarrhea	ডায়রিয়া
diarrhoea	ডায়রিয়া
diary	ডায়েরি
dictate	আদেশ
dictation	হুকুম
dictator	একনায়ক
dictionary	অভিধান
die	মারা
diet	খাদ্য
differ	পার্থক্য
difference	পার্থক্য
difference; discrepancy	পার্থক্য অসঙ্গতি
difference; discrepancy; variation	পার্থক্য অসঙ্গতি; প্রকরণ
difference; variation	পার্থক্য প্রকরণ
different	ভিন্ন
different opinion; objection	ভিন্ন মতামত; আপত্তি
differentiate	পার্থক্য করা
differently	ভিন্নভাবে
difficult	কঠিন
difficulty	অসুবিধা
difficulty; distress	অসুবিধা কষ্ট
diffidence; restraint; reserve	দ্বিধা সংযম রিজার্ভ
diffusion; spread	ছড়িয়ে পড়া; ছড়িয়ে
dig	খনন
digestion	হজম
digital	ডিজিটাল
dignity	মর্যাদা
dilemma	দ্বিধা
diligent; serious; honest	পরিশ্রমী গুরুতর সৎ
dim; gloomy	আবছা বিষণ্ণ
dimension	মাত্রা
diminish	হ্রাস করা
dining hall	ডাইনিং হল
dining room	ডাইনিং রুম
dining table	ডাইনিং টেবিল
dinner	রাতের খাবার
dinner (formal)	রাতের খাবার (আনুষ্ঠানিক)
dip	ডুব
diploma	ডিপ্লোমা
diplomacy	কূটনীতি
diplomat	কূটনীতিক
diplomatic	কূটনৈতিক
direct	সরাসরি
direct communication	সরাসরি যোগাযোগ
direct current	সরাসরি বর্তমান
direct; immediate; personal; firsthand	সরাসরি অবিলম্বে ব্যক্তিগত সরাসরি
directing arrow	নির্দেশক তীর
direction	দিক
direction; course; way	নির্দেশ কোর্স উপায়
direction; district; field (e.g.; of study)	নির্দেশ জেলা; ক্ষেত্র (যেমন; অধ্যয়নের)
direction; situation; exposure; aspect; suitability	নির্দেশ পরিস্থিতি প্রকাশ; দৃষ্টিভঙ্গি উপযুক্ততা
direction; way; compass point	নির্দেশ পথ কম্পাস পয়েন্ট
directions	দিকনির্দেশ
directly	সরাসরি
director	পরিচালক
director; high executive	পরিচালক; উচ্চ নির্বাহী
directory	ডিরেক্টরি
dirt	ময়লা
dirt; filth	ময়লা ময়লা
dirty	নোংরা
disability	অক্ষমতা
disability / obstacle	অক্ষমতা / বাধা
disabled	অক্ষম
disadvantage	অসুবিধা
disadvantage; handicap; unfavorable; drawback	অসুবিধা; প্রতিবন্ধী; প্রতিকূল; অপূর্ণতা
disagree	অসম্মত
disagreement	মতবিরোধ
disappear	অদৃশ্য
disappoint	হতাশ
disappointed	হতাশ
disappointed love; broken heart; unrequited love; be lovelorn	হতাশ প্রেম; ভাঙ্গা হৃদয়; অনুপযুক্ত ভালবাসা; প্রেমিক হতে
disappointing	হতাশাজনক
disappointment	হতাশা
disappointment; despair	হতাশা; হতাশা
disaster	দুর্যোগ
disaster prevention	দুর্যোগ প্রতিরোধ
disastrous	বিপর্যয়কর
disc	ডিস্ক
discard	বাতিল
discerning	বিচক্ষণ
discharge	স্রাব
discipline	শৃঙ্খলা
disclose	প্রকাশ করা
disclosure	প্রকাশ
disco	ডিস্কো
discomfort; disability; inconvenience; destitution	অস্বস্তি অক্ষমতা অসুবিধা; নিঃস্বতা
discount	ডিসকাউন্ট
discount coupon	ডিসকাউন্ট কুপন
discount; reduction; rebate	ছাড় হ্রাস; রিবেট
discount; reduction; rebate; tenths discounted	ছাড় হ্রাস; রিবেট দশমাংশ ছাড়
discourage	নিরুৎসাহিত করা
discourse	বক্তৃতা
discover	আবিষ্কার
discovery	আবিষ্কার
discovery; detection; finding	আবিষ্কার সনাক্তকরণ খোঁজা
discrepancy	অসঙ্গতি
discretion	বিচক্ষণতা
discretion; prudence	বিচক্ষণতা বিচক্ষণতা
discrimination	বৈষম্য
discrimination; distinction; differentiation	বৈষম্য পার্থক্য পার্থক্য
discuss	আলোচনা
discussion	আলোচনা
discussion; conference	আলোচনা সম্মেলন
disease	রোগ
disgusted with; to dislike	disgusted with; অপছন্দ করা
dish	থালা
dishonest	অসৎ
disinfection; sterilization	জীবাণুমুক্তকরণ; জীবাণুমুক্তকরণ
disk	ডিস্ক
dislike	অপছন্দ
dislike, hate	অপছন্দ, ঘৃণা
dismiss	বরখাস্ত করা
dismissal	বরখাস্ত
disorder	ব্যাধি
disorder; chaos; confusion; mayhem	ব্যাধি; বিশৃঙ্খলা বিভ্রান্তি মারপিট
disparage	অপমান
displace	স্থানচ্যুত
display	প্রদর্শন
disposal	নিষ্পত্তি
dispose	নিষ্পত্তি
disposition	স্বভাব
disposition; nature	স্বভাব প্রকৃতি
disposition; spirit; willpower; obstinacy; backbone; appetite	স্বভাব আত্মা ইচ্ছাশক্তি দৃঢ়তা মেরুদণ্ড; ক্ষুধা
dispute	বিবাদ
disregard; ignore	উপেক্ষা উপেক্ষা
disrupt	ব্যাহত করা
disruption	ব্যাঘাত
dissatisfaction; displeasure; discontent; complaints; unhappiness	অসন্তোষ বিরক্তি অসন্তুষ্টি অভিযোগ; অসুখ
dissection; autopsy	বিচ্ছেদ ময়নাতদন্ত
disseminate	প্রচার করা
dissolve	দ্রবীভূত করা
distance	দূরত্ব
distance; range	দূরত্ব; পরিসীমা
distant	দূরবর্তী
distinct	স্বতন্ত্র
distinction	পার্থক্য
distinction by sex; sex; gender	লিঙ্গ দ্বারা পার্থক্য; যৌনতা লিঙ্গ
distinction; differentiation; classification	পার্থক্য পার্থক্য শ্রেণীবিভাগ
distinctive	স্বতন্ত্র
distinguish	পার্থক্য করা
distort	বিকৃত করা
distract	বিভ্রান্ত
distress	কষ্ট
distribute	বিতরণ
distribution	বিতরণ
district	জেলা
district; section; sector	জেলা; বিভাগ সেক্টর
disturb	বিরক্ত করা
disturbing	বিরক্তিকর
dive	ডুব
divergence	বিচ্যুতি
diverse	বিভিন্ন
diversity	বৈচিত্র্য
divert	ডাইভার্ট
divide	ভাগ করা
divide; cut; halve; separate; split; rip; break; crack; smash; dilute	ভাগ করা কাটা অর্ধেক পৃথক বিভক্ত করা; ছিঁড়ে ফেলা বিরতি ফাটল; চূর্ণ পাতলা করা
dividing; part	বিভাজন অংশ
divine	ঐশ্বরিক
division	বিভাগ
division (math)	বিভাগ (গণিত)
division into equal parts	সমান অংশে বিভক্ত
division; section; classification	বিভাগ বিভাগ শ্রেণীবিভাগ
division; section; compartment; boundary; area; block	বিভাগ বিভাগ বগি; সীমানা এলাকা ব্লক
divorce	বিবাহবিচ্ছেদ
divorced	তালাকপ্রাপ্ত
do	করতে
do you need it?	তোমার কি এটা দরকার?
do you speak English?	তুমি কি ইংরেজিতে কথা বল?
do your best	আপনার যথাসাধ্য চেষ্টা করুন
doctor	ডাক্তার
doctor; physician	ডাক্তার চিকিত্সক
doctorate; PhD	ডক্টরেট পিএইচডি
doctrine	মতবাদ
doctrine; rule; principle	মতবাদ নিয়ম নীতি
document	নথি
documentary	তথ্যচিত্র
documentation	ডকুমেন্টেশন
documents	নথিপত্র
documents; official papers	নথিপত্র; সরকারী কাগজপত্র
doesn't taste good	ভালো স্বাদ নেই
dog	কুকুর
dogma	মতবাদ
doing (with resolve); carrying out (i.e. a plan)	doing (সংকল্প সহ); পরিচালনা করা (অর্থাৎ একটি পরিকল্পনা)
doll; figure	পুতুল চিত্র
dollar	ডলার
dollars	ডলার
dolphin	ডলফিন
domain	ডোমেইন
domestic	গার্হস্থ্য
domestic (in-country)	দেশীয় (দেশে)
domestic animals; livestock; cattle	গৃহপালিত প্রাণী; পশুসম্পদ; গবাদি পশু
dominance	আধিপত্য
dominant	প্রভাবশালী
dominate	আধিপত্য
don't look well	ভালো করে দেখতে না
donate	দান
donation	দান
donation; presentation	দান উপস্থাপনা
donor	দাতা
door	দরজা
dormitory	ছাত্রাবাস
dose	ডোজ
dot	বিন্দু
double	দ্বিগুণ
doubt	সন্দেহ
doubt; misgivings; distrust; suspicion	সন্দেহ ভুল ধারণা অবিশ্বাস সন্দেহ
down	নিচে
down / below	নিচে/নীচে
down-train (going away from Tokyo)	ডাউন-ট্রেন (টোকিও থেকে দূরে যাচ্ছে)
download	ডাউনলোড
downpour	বর্ষণ
downstairs	নিচে
downtown	শহরের কেন্দ্রস্থল
downward; descent; fall; drop; subsidence	নিম্নগামী; বংশদ্ভুত পতন ড্রপ অবনমন
downwards	নিচের দিকে
dozen	ডজন
dozing; nodding off	dozing; nodding বন্ধ
draft	খসড়া
drag	টানুন
drain	ড্রেন
drainage; sewage; ditch; gutter; sewerage	নিষ্কাশন; পয়ঃনিষ্কাশন; খাদ নর্দমা; নর্দমা
drama	নাটক
drama; play	নাটক খেলা
dramatic	নাটকীয়
dramatically	নাটকীয়ভাবে
dramatization (e.g. film)	নাটকীয়তা (যেমন চলচ্চিত্র)
draw	আঁকা
drawer; drawing out	ড্রয়ার অঙ্কন আউট
drawing	অঙ্কন
dream	স্বপ্ন
dress	পোষাক
dressed	পরিহিত
dresser / chest	ড্রেসার / বুক
dried washing (clothes)	শুকনো ধোয়া (কাপড়)
drift	প্রবাহ
drink	পান
drink!(said repeatedly as a party cheer)	পান! (একটি পার্টির উল্লাস হিসাবে বারবার বলা)
drive	ড্রাইভ
driver	ড্রাইভার
driving	ড্রাইভিং
drop	ড্রপ
drop of water	জলের ফোঁটা
drought	খরা
drown	ডুব
drug	ড্রাগ
drum	ড্রাম
drum; tambourine	ড্রাম খঞ্জনী
drums	ড্রাম
drunk	মাতাল
drunkard	মাতাল
dry	শুকনো
dry cell; battery	শুকনো কোষ; ব্যাটারি
dry; arid; insipid; dehydrated	শুকনো; শুষ্ক নির্বোধ; ডিহাইড্রেটেড
dual	দ্বৈত
dual income	দ্বৈত আয়
dub	ডাব
duck	হাঁস
due	বকেয়া
due form; official; formality	কারণে ফর্ম; অফিসিয়াল আনুষ্ঠানিকতা
due to	কারণে
dull	নিস্তেজ
dull (e.g. a knife); thickheaded; slow (opposite of fast); stupid	নিস্তেজ (যেমন একটি ছুরি); মোটা মাথা slow (দ্রুত এর বিপরীত); বোকা
dumb	বোবা
dump	ডাম্প
duo	যুগল
duration	সময়কাল
during	সময়
during / between	সময়/মাঝখানে
dust	ধুলো
dust; dirt	ধুলো ময়লা
duty	কর্তব্য
duty / obligation	কর্তব্য / বাধ্যবাধকতা
duty / service	কর্তব্য / সেবা
duty; business	কর্তব্য ব্যবসা
duty; obligation; responsibility	কর্তব্য বাধ্যবাধকতা দায়িত্ব
duty; responsibility	কর্তব্য দায়িত্ব
duty; sense of duty; honor; decency; courtesy; debt of gratitude; social obligation	কর্তব্য দায়িত্ববোধ; সম্মান শালীনতা সৌজন্য কৃতজ্ঞতার ঋণ; সামাজিক বাধ্যবাধকতা
dwelling; house; residence; address	বাসস্থান ঘর বাসস্থান ঠিকানা
dynamic	গতিশীল
e-mail	ই-মেইল
each	প্রতিটি
each time; common service-sector greeting	প্রতিটি সময়; সাধারণ সেবা-খাতের শুভেচ্ছা
each; every; either; respectively; severally	প্রতিটি প্রতিটি হয়; যথাক্রমে; বিভিন্নভাবে
each; individual	প্রতিটি স্বতন্ত্র
eager	আগ্রহী
eagle	ঈগল
ear	কান
early	তাড়াতাড়ি
early in the morning	খুব ভোরে
earn	উপার্জন
earnestly	আন্তরিকভাবে
earnestly; immediately; exactly	আন্তরিকভাবে অবিলম্বে; ঠিক
earnings	উপার্জন
earrings	কানের দুল
earth	পৃথিবী
earth-shattering; staggering; to a very great extent	পৃথিবী-বিধ্বংসী; স্তম্ভিত; একটি খুব বড় পরিমাণে
earth; soil	পৃথিবী মাটি
earthenware; crockery; china	মাটির পাত্র ক্রোকারিজ; চীন
earthquake	ভূমিকম্প
ease	আরাম
easily	সহজে
east	পূর্ব
eastern	পূর্ব
eastern half of Japan; including Tokyo	জাপানের পূর্ব অর্ধেক; টোকিও সহ
easy	সহজ
easy (problem); kind (person)	easy (সমস্যা); দয়ালু (ব্যক্তি)
easy / comfortable	সহজ / আরামদায়ক
easy / kind	সহজ / ধরনের
easy / simple	সহজ/সরল
easy to understand	বুঝতে সহজ
easy-going	সহজ-সরল
easy; comfortable	সহজ আরামদায়ক
easy; simple	সহজ সহজ
easy; simple; plain	সহজ সহজ সমতল
eat	খাওয়া
eaves	eaves
echo	প্রতিধ্বনি
echo; sound; reverberation; noise	প্রতিধ্বনি শব্দ reverberation; গোলমাল
eco-friendly	পরিবেশ বান্ধব
ecological	পরিবেশগত
economic	অর্থনৈতিক
economics	অর্থনীতি
economising; saving	অর্থনৈতিক সংরক্ষণ
economist	অর্থনীতিবিদ
economy	অর্থনীতি
edamame	edamame
edge	প্রান্ত
edit	সম্পাদনা
editing; compilation; editorial (e.g. committee)	সম্পাদনা সংকলন; সম্পাদকীয় (যেমন কমিটি)
edition	সংস্করণ
editor	সম্পাদক
editorial	সম্পাদকীয়
editorial; leading article	সম্পাদকীয় নেতৃস্থানীয় নিবন্ধ
educate	শিক্ষিত
educated	শিক্ষিত
education	শিক্ষা
educational	শিক্ষামূলক
educator	শিক্ষাবিদ
effect	প্রভাব
effect; effectiveness; efficacy; result	প্রভাব কার্যকারিতা কার্যকারিতা ফলাফল
effect; efficacy; validity; potency	প্রভাব কার্যকারিতা বৈধতা ক্ষমতা
effect; virtue; efficacy; impression	প্রভাব গুণ কার্যকারিতা ছাপ
effective	কার্যকর
effectively	কার্যকরভাবে
effectiveness	কার্যকারিতা
efficiency	দক্ষতা
efficient	দক্ষ
efficiently	দক্ষতার সাথে
effort	প্রচেষ্টা
egg	ডিম
ego	অহংকার
eight	আট
eight (counter)	আট (কাউন্টার)
eight (things)	আট (জিনিস)
eight days	আট দিন
eight days; eighth day of the month	আট দিন; মাসের অষ্টম দিন
eight hundred	আটশত
eight minutes	আট মিনিট
eight o'clock	আটটা বাজে
eighteen	আঠার
eighth	অষ্টম
eighty	আশি
either	হয়
elaborate	বিস্তারিত
elbow	কনুই
elderly	বয়স্ক
elderly person	বয়স্ক ব্যক্তি
eldest daughter	বড় মেয়ে
eldest son	বড় ছেলে
elect	নির্বাচিত
election	নির্বাচন
electoral	নির্বাচনী
electric	বৈদ্যুতিক
electric current	বৈদ্যুতিক প্রবাহ
electric fan	বৈদ্যুতিক পাখা
electric light	বৈদ্যুতিক আলো
electric power	বৈদ্যুতিক শক্তি
electric train	বৈদ্যুতিক ট্রেন
electrical	বৈদ্যুতিক
electrical resistance; resistance; opposition	বৈদ্যুতিক প্রতিরোধের; প্রতিরোধ বিরোধী
electricity	বিদ্যুৎ
electricity / light	বিদ্যুৎ / আলো
electricity; electric light	বিদ্যুৎ; বৈদ্যুতিক আলো
electro-magnetic wave	ইলেক্ট্রো-চৌম্বকীয় তরঙ্গ
electron	ইলেকট্রন
electronic	ইলেকট্রনিক
electronics	ইলেকট্রনিক্স
elegant	মার্জিত
element	উপাদান
elementary	প্রাথমিক
elementary level	প্রাথমিক স্তর
elementary school	প্রাথমিক বিদ্যালয়
elementary school student	প্রাথমিক বিদ্যালয়ের ছাত্র
elephant	হাতি
elevate	উন্নত করা
elevation; rise; improvement; advancement; progress	উচ্চতা উঠা উন্নতি অগ্রগতি অগ্রগতি
elevator	লিফট
eleven	এগারো
eleven o'clock	এগারোটা বাজে
eligible	যোগ্য
eliminate	নির্মূল
elimination; cancellation; deletion; erasure	নির্মূল বাতিলকরণ মুছে ফেলা; মুছে ফেলা
elite	অভিজাত
ellipse	উপবৃত্ত
eloquent	বাগ্মী
else	অন্য
elsewhere	অন্যত্র
elucidate	ব্যাখ্যা করা
email	ইমেইল
embarassing; to feel embarassed	বিব্রতকর; বিব্রত বোধ করতে
embark	আরোহণ
embarrassed	বিব্রত
embarrassed / shy	বিব্রত / লজ্জা
embarrassing	বিব্রতকর
embarrassment	বিব্রত
embassy	দূতাবাস
embed	এম্বেড
embodiment; materialization	প্রতিমূর্তি; বস্তুকরণ
embody	মূর্ত করা
embrace	আলিঙ্গন
emerald green	পান্না সবুজ
emerge	আবির্ভূত
emergence	উত্থান
emergency	জরুরী
emergency; extraordinary; unusual	জরুরি অবস্থা অসাধারণ অস্বাভাবিক
emigration; immigration; emigrant; immigrant	দেশত্যাগ অভিবাসন অভিবাসী অভিবাসী
emission	নির্গমন
emotion	আবেগ
emotion(s); feeling(s); sentiment	আবেগ(গুলি); অনুভূতি(গুলি); অনুভূতি
emotional	আবেগপূর্ণ
emotionally	আবেগগতভাবে
emphasis	জোর
emphasis; stress; stressed point	জোর চাপ জোর বিন্দু
emphasize	জোর দেওয়া
empire	সাম্রাজ্য
empirical	অভিজ্ঞতামূলক
employ	নিয়োগ
employee	কর্মচারী
employer	নিয়োগকর্তা
employment	কর্মসংস্থান
employment (long term); hire	কর্মসংস্থান (দীর্ঘমেয়াদী); ভাড়া
empower	ক্ষমতায়ন
empty	খালি
empty / hollow	খালি/ফাঁপা
empty; vacant; hollow	খালি খালি ফাঁপা
enable	সক্ষম
enact	আইন করা
encapsulate	encapsulate
encompass	বেষ্টন করা
encounter	সম্মুখীন
encourage	উত্সাহিত করা
encouragement	উত্সাহ
encouraging	উত্সাহজনক
end	শেষ
end (e.g. of street)	শেষ (যেমন রাস্তার)
end (e.g. of street); edge; tip; margin; point	শেষ (যেমন রাস্তার); প্রান্ত টিপ মার্জিন বিন্দু
end of term	মেয়াদ শেষ
end of the month	মাসের শেষ
end of this week	এই সপ্তাহের শেষ
end; close; termination	শেষ বন্ধ সমাপ্তি
endeavour	প্রচেষ্টা
ending	শেষ
ending; conclusion; union	শেষ উপসংহার; ইউনিয়ন
endless	অন্তহীন
endorse	অনুমোদন
endorsement	অনুমোদন
endurance	সহনশীলতা
endure	সহ্য করা
enemy	শত্রু
enemy; rival	শত্রু প্রতিদ্বন্দ্বী
energetic / well	energetic/ well
energy	শক্তি
energy; liveliness	শক্তি সজীবতা
enforce	প্রয়োগ করা
enforcement	প্রয়োগ
enforcement; enact; put into practice; carry out; operation	প্রয়োগ আইন করা অনুশীলন করা; বহন করা অপারেশন
engage	জড়িত
engaged	নিযুক্ত
engagement	ব্যস্ততা
engagement; betrothal	ব্যস্ততা পরকীয়া
engaging	আকর্ষক
engine	ইঞ্জিন
engineer	প্রকৌশলী
engineer; technician	প্রকৌশলী প্রযুক্তিবিদ
engineering	প্রকৌশল
enhance	উন্নত করা
enjoy	উপভোগ
enjoyable	উপভোগ্য
enlargement	বৃদ্ধি
enormous	বিশাল
enormous; vast	বিশাল বিশাল
enough	যথেষ্ট
enquire	জিজ্ঞাসা
enquiry	তদন্ত
enquiry; ENQ	তদন্ত ENQ
enquiry; expression of sympathy; expression of concern	তদন্ত সহানুভূতি প্রকাশ; উদ্বেগের প্রকাশ
enrich	সমৃদ্ধ করা
enrichment	সমৃদ্ধকরণ
enrol	নথিভুক্ত করা
ensue	ফলপ্রসূ
ensure	নিশ্চিত করা
enter	প্রবেশ করা
enterprise	এন্টারপ্রাইজ
enterprise; undertaking	এন্টারপ্রাইজ; উদ্যোগ
entertain	বিনোদন
entertaining	বিনোদনমূলক
entertainment	বিনোদন
enthusiasm	উদ্দীপনা
enthusiast	উত্সাহী
enthusiastic	উত্সাহী
entire	সম্পূর্ণ
entirely	সম্পূর্ণরূপে
entitle	এনটাইটেল
entity	সত্তা
entrance	প্রবেশদ্বার
entrance / entryway	প্রবেশ পথ / প্রবেশ পথ
entrance exam	প্রবেশিকা পরীক্ষা
entrance; admission; entering	প্রবেশদ্বার ভর্তি প্রবেশ
entrepreneur	উদ্যোক্তা
entry	প্রবেশ
entry (on stage)	প্রবেশ (মঞ্চে)
entry hall	প্রবেশ হল
entry to a company	একটি কোম্পানিতে প্রবেশ
entry to school or university; matriculation	স্কুল বা বিশ্ববিদ্যালয়ে প্রবেশ; ম্যাট্রিকুলেশন
entry; filling in of forms	প্রবেশ ফরম পূরণ
enumerate	গণনা করা
envelope	খাম
envious	ঈর্ষান্বিত
envious; enviable	envious; enviable
environment	পরিবেশ
environment; circumstance	পরিবেশ পরিস্থিতি
environment; circumstances	পরিবেশ পরিস্থিতি
environmental	পরিবেশগত
epidemic	মহামারী
episode	পর্ব
epistemology	জ্ঞানতত্ত্ব
epoch-making	epoch-making
equal	সমান
equality	সমতা
equality (a); impartiality; evenness	সমতা (ক); নিরপেক্ষতা সমতা
equally	সমানভাবে
equation	সমীকরণ
equation; formula; ceremony	সমীকরণ সূত্র অনুষ্ঠান
equator	বিষুবরেখা
equilibrium; balance	ভারসাম্য; ভারসাম্য
equilibrium; balance; average; mean	ভারসাম্য; ভারসাম্য; গড়; মানে
equip	সজ্জিত করা
equipment	সরঞ্জাম
equipment; device; facilities; installation	সরঞ্জাম; ডিভাইস সুবিধা; ইনস্টলেশন
equipment; installation; apparatus	সরঞ্জাম; ইনস্টলেশন যন্ত্রপাতি
equivalent	সমতুল্য
era	যুগ
era / period	যুগ/কাল
eraser	ইরেজার
erect	খাড়া
errand	কাজ
error	ত্রুটি
error; blunder; accident	ত্রুটি ভুল দুর্ঘটনা
erupt	বিস্ফোরিত
eruption	বিস্ফোরণ
escalate	বাড়ানো
escape	পলায়ন
eschew	পরিত্যাগ করা
especially	বিশেষ করে
essay	প্রবন্ধ
essay; composition	প্রবন্ধ রচনা
essays; miscellaneous writings	প্রবন্ধ বিবিধ লেখা
essence	সারাংশ
essential	অপরিহার্য
essential; fundamental; crucial; vital; main	অপরিহার্য মৌলিক; গুরুত্বপূর্ণ vital প্রধান
essentially	মূলত
essentially; naturally; by nature	মূলত; স্বাভাবিকভাবে; প্রকৃতির দ্বারা
establish	প্রতিষ্ঠা
established price	প্রতিষ্ঠিত মূল্য
establishment	প্রতিষ্ঠা
estate	এস্টেট
estimate	অনুমান
estimate; budget	অনুমান বাজেট
estimation; quotation	অনুমান উদ্ধৃতি
et cetera; etc.; and the like	ইত্যাদি; ইত্যাদি; এবং মত
eternal	চিরন্তন
eternity; perpetuity; immortality	অনন্তকাল চিরস্থায়ীতা অমরত্ব
eternity; perpetuity; immortality; permanence	অনন্তকাল চিরস্থায়ীতা অমরত্ব; স্থায়ীত্ব
ethic	নীতি
ethical	নৈতিক
ethics	নীতিশাস্ত্র
ethnic	জাতিগত
ethnic group	জাতিগোষ্ঠী
euro	ইউরো
evacuate	খালি করা
evacuation	উচ্ছেদ
evaluate	মূল্যায়ন
evaluation	মূল্যায়ন
evaporation; unexplained disappearance	বাষ্পীভবন; ব্যাখ্যাতীত অন্তর্ধান
even	এমনকি
even number	জোড় সংখ্যা
even number; couple; man and wife; friend	জোড় সংখ্যা; দম্পতি পুরুষ এবং স্ত্রী; বন্ধু
even so	এমনকি তাই
evening	সন্ধ্যা
evening / night	সন্ধ্যা/রাত্রি
evening meal	সন্ধ্যার খাবার
evening paper	সন্ধ্যার কাগজ
evening; night	সন্ধ্যা; রাত
evenness; uniformity; monotony; equality	সমানতা অভিন্নতা; একঘেয়েমি সমতা
event	ঘটনা
event; affair; incident	ঘটনা ঘটনা ঘটনা
event; festivities; function	ঘটনা উত্সব; ফাংশন
event; function	ঘটনা ফাংশন
eventually	অবশেষে
eventually / sooner or later	অবশেষে / তাড়াতাড়ি বা পরে
eventually; sooner or later; of the previously mentioned	অবশেষে; তাড়াতাড়ি বা পরে; পূর্বে উল্লিখিত
ever	কখনও
every	প্রতিটি
every day	প্রতিদিন
every day; daily; day after day	প্রতিদিন দৈনিক দিনের পর দিন
every kind; all sorts	সব ধরনের সব ধরণের
every month	প্রতি মাসে
every month; common	প্রতি মাসে; সাধারণ
every morning	প্রতিদিন সকালে
every night	প্রতি রাতে
every other week	প্রতি অন্য সপ্তাহে
every place; various places	প্রতিটি স্থান; বিভিন্ন জায়গায়
every week	প্রতি সপ্তাহে
every year	প্রতি বছর
everybody	সবাই
everyday	প্রতিদিন
everyone	সবাই
everything	সবকিছু
everywhere	সর্বত্র
evidence	প্রমাণ
evidence-based	প্রমাণ ভিত্তিক
evident	স্পষ্ট
evidently	স্পষ্টতই
evil	মন্দ
evil; wickedness	খারাপ দুষ্টতা
evoke	উদ্দীপনা
evolution	বিবর্তন
evolutionary	বিবর্তনীয়
evolve	বিবর্তিত
ex-	প্রাক্তন-
exacerbate	বৃদ্ধি করা
exact	সঠিক
exactly	ঠিক
exactly / neatly	ঠিক / সুন্দরভাবে
exaggerate	অতিরঞ্জিত করা
exaggeration	অতিরঞ্জন
exam	পরীক্ষা
examination	পরীক্ষা
examination of tickets	টিকিট পরীক্ষা
examination paper; examination script	পরীক্ষার কাগজ; পরীক্ষার স্ক্রিপ্ট
examine	পরীক্ষা
example	উদাহরণ
example; even if; if; though; although	উদাহরণ এমনকি যদি; যদি; যদিও; যদিও
example; illustration	উদাহরণ দৃষ্টান্ত
example; precedent; the usual; the said; the above-mentioned; (man) in question	উদাহরণ নজির স্বাভাবিক; বলেছেন; উপরের উল্লেখিত; (মানুষ) প্রশ্নে
example; specimen	উদাহরণ নমুনা
exceed	অতিক্রম
exceedingly; extremely	exceedingly; অত্যন্ত
excellence	শ্রেষ্ঠত্ব
excellent	চমৎকার
except	ছাড়া
exception	ব্যতিক্রম
exceptional	ব্যতিক্রমী
excess	অতিরিক্ত
excess; being more than	অতিরিক্ত থেকে বেশি হচ্ছে
excess; over-	অতিরিক্ত বেশি-
excess; superabundance	অতিরিক্ত অতিপ্রাচুর্য
excessive	অত্যধিক
exchange	বিনিময়
exchange; interchange; reciprocity	বিনিময় বিনিময় পারস্পরিকতা
excited	উত্তেজিত
excitement	উত্তেজনা
excitement; stimulation; agitation; arousal	উত্তেজনা উদ্দীপনা আন্দোলন উত্তেজনা
exciting	উত্তেজনাপূর্ণ
exclude	বাদ
exclusion	বর্জন
exclusive	একচেটিয়া
exclusively	একচেটিয়াভাবে
excuse	অজুহাত
excuse me	মাফ করবেন
excuse me (leaving)	মাফ করবেন (যাওয়া)
excuse me / sorry	মাফ করবেন/দুঃখিত
excuse me for going first	আগে যাওয়ার জন্য আমাকে মাফ করবেন
excuse me for leaving first	আগে চলে যাওয়ার জন্য আমাকে মাফ করবেন
excuse; explanation	অজুহাত ব্যাখ্যা
execute	চালান
execution	মৃত্যুদন্ড
executive	নির্বাহী
exemplify	উদাহরণ দেওয়া
exercise	ব্যায়াম
exert	প্রয়োগ
exhaustion; consumption	ক্লান্তি খরচ
exhibit	প্রদর্শন
exhibition	প্রদর্শনী
exhibition; demonstration; utilization; display	প্রদর্শনী প্রদর্শন ব্যবহার প্রদর্শন
exile	নির্বাসিত
exist	বিদ্যমান
existence	অস্তিত্ব
existence; being	অস্তিত্ব হচ্ছে
existence; being; survival	অস্তিত্ব হচ্ছে বেঁচে থাকা
existential	অস্তিত্বগত
exit	প্রস্থান
exit and entrance	প্রস্থান এবং প্রবেশদ্বার
exotic	বহিরাগত
expand	প্রসারিত
expansion	সম্প্রসারণ
expansion; extension; enlargement; escape (ESC)	সম্প্রসারণ; এক্সটেনশন বৃদ্ধি; পালানো (ESC)
expect	আশা করা
expectation	প্রত্যাশা
expectation / hope	প্রত্যাশা / আশা
expectation; anticipation; hope	প্রত্যাশা প্রত্যাশা; আশা
expectation; assume will happen; forecast	প্রত্যাশা অনুমান ঘটবে; পূর্বাভাস
expected	প্রত্যাশিত
expedite	দ্রুত করা
expedition	অভিযান
expenditure	ব্যয়
expenditure; expenses	ব্যয় খরচ
expense	খরচ
expenses; cost; outlay	খরচ খরচ ব্যয়
expensive	ব্যয়বহুল
expensive / high	ব্যয়বহুল / উচ্চ
expensive / tall	ব্যয়বহুল / লম্বা
experience	অভিজ্ঞতা
experienced	অভিজ্ঞ
experiment	পরীক্ষা
experimental	পরীক্ষামূলক
expert	বিশেষজ্ঞ
expert; professional; geisha; prostitute	বিশেষজ্ঞ পেশাদার গেইশা; বেশ্যা
expertise	দক্ষতা
expire	মেয়াদ শেষ
explain	ব্যাখ্যা
explanation	ব্যাখ্যা
explanation; commentary	ব্যাখ্যা ভাষ্য
explanation; interpretation	ব্যাখ্যা ব্যাখ্যা
explicit	স্পষ্ট
explicitly	স্পষ্টভাবে
explode	বিস্ফোরণ
exploit	শোষণ
exploitation	শোষণ
exploration	অন্বেষণ
explore	অন্বেষণ
explosion	বিস্ফোরণ
explosion; detonation; eruption	বিস্ফোরণ বিস্ফোরণ বিস্ফোরণ
explosive	বিস্ফোরক
export	রপ্তানি
expose	প্রকাশ করা
exposure	এক্সপোজার
exposure to the sun; sunny place	সূর্যের সংস্পর্শে আসা; রৌদ্রোজ্জ্বল জায়গা
express	প্রকাশ
express; special delivery	প্রকাশ করা বিশেষ ডেলিভারি
expression	অভিব্যক্তি
expression (music); conceptualization	expression (সঙ্গীত); ধারণা
expression of gratitude	কৃতজ্ঞতা প্রকাশ
expression; presentation; representation (math)	অভিব্যক্তি উপস্থাপনা; প্রতিনিধিত্ব (গণিত)
extend	প্রসারিত
extension	এক্সটেনশন
extension; elongation; prolongation; lengthening	এক্সটেনশন প্রসারণ প্রলম্বন; লম্বা করা
extensive	ব্যাপক
extensive; spacious	ব্যাপক প্রশস্ত
extensively	ব্যাপকভাবে
extent	পরিমাণ
extent; scope; sphere; range	পরিমাণ সুযোগ গোলক পরিসীমা
external	বহিরাগত
extra	অতিরিক্ত
extra; excess; surplus	অতিরিক্ত অতিরিক্ত উদ্বৃত্ত
extract	নির্যাস
extracurricular	পাঠ্যক্রম বহির্ভূত
extraordinary	অসাধারণ
extrapolate	এক্সট্রাপোলেট
extreme	চরম
extreme; excessive; terrible	চরম অতিরিক্ত ভয়ানক
extreme; extremity	চরম চরম
extremely	অত্যন্ত
extremist	চরমপন্থী
eye	চোখ
eyeball	চোখের গোলা
eyebrow	ভ্রু
eyelash	চোখের দোররা
fabric	ফ্যাব্রিক
fabulous	কল্পিত
face	মুখ
face; mug; surface; facial features; mask; face guard; side or facet; corner; page	মুখ; মগ পৃষ্ঠ মুখের বৈশিষ্ট্য; মুখোশ ফেস গার্ড; পার্শ্ব বা দিক; কোণ পৃষ্ঠা
face; official stance; public position or attitude (as opposed to private thoughts)	মুখ; সরকারী অবস্থান; পাবলিক অবস্থান বা মনোভাব (ব্যক্তিগত চিন্তার বিপরীতে)
facial expression	মুখের অভিব্যক্তি
facilitate	সহজতর করা
facility	সুবিধা
facing; opposite; across the street; other side	সম্মুখীন; বিপরীত; রাস্তা জুড়ে; অন্য দিকে
fact	সত্য
fact; truth; reality	ঘটনা সত্য বাস্তবতা
faction	উপদল
factor	ফ্যাক্টর
factory	কারখানা
factory worker	কারখানার কর্মী
factory; plant; mill; workshop	কারখানা; উদ্ভিদ কল কর্মশালা
faculty	অনুষদ
fade	বিবর্ণ
fail	ব্যর্থ
failed	ব্যর্থ
failure	ব্যর্থতা
failure of electricity	বিদ্যুতের ব্যর্থতা
failure; dropping out of a class	ব্যর্থতা ক্লাস থেকে ড্রপ আউট
failure; mistake	ব্যর্থতা ভুল
fair	ন্যায্য
fairly	মোটামুটি
fairness	ন্যায়পরায়ণতা
fairness; impartial; justice	ন্যায়পরায়ণতা পক্ষপাতহীন ন্যায়বিচার
fairy tale	রূপকথা
faith	বিশ্বাস
fake	জাল
fall	পতন
fall seven times, get up eight	সাতবার পড়ুন, আটবার উঠুন
fall; decline; lowering; deterioration	পতন হ্রাস কমানো অবনতি
false	মিথ্যা
fame	খ্যাতি
fame; reputation; popularity; arrant	খ্যাতি খ্যাতি জনপ্রিয়তা; সাজানো
familiar	পরিচিত
family	পরিবার
family name; lineage; birth	পরিবারের নাম; বংশ জন্ম
famine	দুর্ভিক্ষ
famous	বিখ্যাত
famous place	বিখ্যাত জায়গা
famous product; special product; speciality	বিখ্যাত পণ্য; বিশেষ পণ্য; বিশেষত্ব
fan	পাখা
fancy	অভিনব
fantastic	চমত্কার
fantastically original	চমত্কারভাবে মূল
fantasy	ফ্যান্টাসি
far	দূরে
far (away)	দূরে (দূরে)
far away	অনেক দূরে
far from it	এটা থেকে অনেক দূরে
fare	ভাড়া
farewell; send-off	বিদায়; বিদায়
farm	খামার
farmer	কৃষক
farmer; farm family	কৃষক খামার পরিবার
farmers; peasants	কৃষক; কৃষক
farming	কৃষি
fascinating	চটুল
fashion	ফ্যাশন
fashionable	ফ্যাশনেবল
fashionable; fad; in vogue; prevailing	ফ্যাশনেবল fad প্রচলিত; প্রচলিত
fast	দ্রুত
fast-talking	দ্রুত কথা বলা
fasten	বেঁধে রাখা
fastidious	বিশ্বাসী
fat	চর্বি
fat; tallow; lard	চর্বি tallow; লার্ড
fatal	মারাত্মক
fate	ভাগ্য
father	পিতা
father and mother; parents	পিতা এবং মাতা; পিতামাতা
fathom	ধারণা
faucet; tap	কল টোকা
fault	দোষ
fault; error; indiscretion	দোষ ত্রুটি অবিবেচনা
faults; defect; weakness	দোষ ত্রুটি দুর্বলতা
favour	অনুগ্রহ
favour; obligation; debt of gratitude	অনুগ্রহ; বাধ্যবাধকতা কৃতজ্ঞতার ঋণ
favourable	অনুকূল
favourable; doing well; O.K.; all right	অনুকূল; ভাল করছেন; ঠিক আছে; ঠিক আছে
favourable; promising; satisfactory; in good shape	অনুকূল; প্রতিশ্রুতিশীল সন্তোষজনক ভাল আকারে
favourite	প্রিয়
fear	ভয়
fear; horror	ভয় ভয়াবহ
feasibility	সম্ভাব্যতা
feasible	সম্ভবপর
feast	ভোজ
feast; treating (someone)	feast; চিকিৎসা করা (কেউ)
feat	কৃতিত্ব
feather	পালক
feature	বৈশিষ্ট্য
feature; characteristic	বৈশিষ্ট্য; বৈশিষ্ট্য
federal	ফেডারেল
fee	ফি
fee; charge; fare	ফি চার্জ ভাড়া
feed	খাওয়ানো
feed; bait	খাওয়ানো টোপ
feedback	প্রতিক্রিয়া
feeding	খাওয়ানো
feel	অনুভব
feel better	ভাল বোধ
feeling	অনুভূতি
feeling awkward; being ashamed	বিশ্রী অনুভূতি; লজ্জিত হচ্ছে
feeling; mood	অনুভূতি মেজাজ
feeling; sense; impression	অনুভূতি অনুভূতি ছাপ
feelings (actual; true)	অনুভূতি (প্রকৃত; সত্য)
fellow	সহকর্মী
female	মহিলা
female / woman	মহিলা/নারী
female nurse	মহিলা নার্স
feminist	নারীবাদী
fence	বেড়া
festival	উৎসব
festival; feast	উৎসব ভোজ
fever	জ্বর
few	কিছু
few / little	অল্প / সামান্য
fibre	ফাইবার
fiction	কল্পকাহিনী
field	ক্ষেত্র
field / meadow	মাঠ / তৃণভূমি
field; plain; prairie; tundra; moor; wilderness	ক্ষেত্র; সমতল প্রাইরি; টুন্ড্রা; মোর মরুভূমি
field; sphere; realm; division; branch	ক্ষেত্র; গোলক রাজত্ব বিভাগ শাখা
fierce	উগ্র
fifteen	পনের
fifth	পঞ্চম
fifty	পঞ্চাশ
fight	যুদ্ধ
fighting	যুদ্ধ
figure	চিত্র
figure (e.g. Fig 1); drawing; picture; illustration	চিত্র (যেমন চিত্র 1); অঙ্কন ছবি; দৃষ্টান্ত
figure out	বের করা
figure; shape; appearance	চিত্র; আকৃতি; চেহারা
file	ফাইল
file; portfolio	ফাইল পোর্টফোলিও
filial piety	filial pity
fill	পূরণ
fill in	পূরণ করুন
film	চলচ্চিত্র
film director	চলচ্চিত্র পরিচালক
film-maker	চলচ্চিত্র নির্মাতা
filter	ফিল্টার
filthy; unfair	নোংরা অন্যায়
final	চূড়ান্ত
final examination	চূড়ান্ত পরীক্ষা
finally	অবশেষে
finally / at last	অবশেষে/শেষে
finally / in the end	অবশেষে/শেষে
finally; at last	অবশেষে; শেষ পর্যন্ত
finance	অর্থ
finance; economy	অর্থ অর্থনীতি
financial	আর্থিক
find	খুঁজুন
finding	খোঁজা
finding a job	একটি চাকরি খোঁজা
finding employment	কর্মসংস্থান খোঁজা
finding employment; inauguration	কর্মসংস্থান খোঁজা; উদ্বোধন
fine	জরিমানা
finger	আঙুল
finger ring	আঙুলের আংটি
fingernail or toenail; claw; talon; hoof	নখ বা পায়ের নখ; নখর ট্যালন; খুর
finish	শেষ
fire	আগুন
fire (disaster)	আগুন (দুর্যোগ)
fire / blaze	আগুন / জ্বলন্ত
fire engine	ফায়ার ইঞ্জিন
fire fighting; fire department	আগুন যুদ্ধ; ফায়ার ডিপার্টমেন্ট
fire station	ফায়ার স্টেশন
firearm	আগ্নেয়াস্ত্র
firefighter	অগ্নিনির্বাপক
firework	আতশবাজি
fireworks	আতশবাজি
firing; shooting; discharge; catapult	ফায়ারিং শুটিং; স্রাব; ক্যাটাপল্ট
firm	দৃঢ়
firm; strong	দৃঢ়; শক্তিশালী
firm; vigorous; unbending; unyielding; strong; stubborn	দৃঢ়; জোরালো; unbending; unyielding; শক্তিশালী একগুঁয়ে
firmly	দৃঢ়ভাবে
firmly / intensely	দৃঢ়ভাবে / তীব্রভাবে
firmly; tightly; reliable; level-headed; steady	দৃঢ়ভাবে; শক্তভাবে নির্ভরযোগ্য লেভেল হেডেড; স্থির
first	প্রথম
first (of all); to start with; about; almost; hardly (with neg. verb)	প্রথম (সকল); সঙ্গে শুরু করা; সম্পর্কে প্রায়; কঠিনভাবে (neg. ক্রিয়া সহ)
first 10 days of month	মাসের প্রথম 10 দিন
first 10 days of the month	মাসের প্রথম 10 দিন
first class; top grade; foremost; top-notch	প্রথম শ্রেণী; শীর্ষ গ্রেড; সর্বাগ্রে শীর্ষস্থানীয়
first of all	সবার আগে
first year (of a specific reign)	প্রথম বছর (একটি নির্দিষ্ট রাজত্বের)
firstly	প্রথমত
fish	মাছ
fish shop	মাছের দোকান
fisherman	জেলে
fishing	মাছ ধরা
fishing (industry)	মাছ ধরা (শিল্প)
fishing boat	মাছ ধরার নৌকা
fishing village	মাছ ধরার গ্রাম
fit	ফিট
fitness	ফিটনেস
five	পাঁচ
five (counter)	পাঁচ (কাউন্টার)
five (things)	পাঁচটি (জিনিস)
five days	পাঁচ দিন
five days; fifth day	পাঁচ দিন; পঞ্চম দিন
five hundred	পাঁচশত
five minutes	পাঁচ মিনিট
five o'clock	পাঁচটা বাজে
five people	পাঁচ জন
fix	ঠিক করা
fixation	স্থিরকরণ
fixed	স্থির
fixed date; settlement date	নির্দিষ্ট তারিখ; নিষ্পত্তির তারিখ
fixed number of regular personnel; capacity (of boat; etc.)	নিয়মিত কর্মীদের নির্দিষ্ট সংখ্যা; ক্ষমতা (নৌকা; ইত্যাদি)
fixed term	নির্দিষ্ট মেয়াদ
fixed; settled; definite	স্থির নিষ্পত্তি নির্দিষ্ট
fixed; settled; definite; uniform; regularized; defined; standardized; certain; prescribed	স্থির নিষ্পত্তি নির্দিষ্ট ইউনিফর্ম নিয়মিত; সংজ্ঞায়িত; প্রমিত; নির্দিষ্ট নির্ধারিত
fixture	ফিক্সচার
flag	পতাকা
flame	শিখা
flash	ফ্ল্যাশ
flat	সমতল
flatness; level; smooth; calm; plain	সমতলতা স্তর মসৃণ শান্ত সমতল
flattery; compliment	চাটুকার প্রশংসা
flavour	স্বাদ
flaw	ত্রুটি
flawed	ত্রুটিপূর্ণ
flawless	ত্রুটিহীন
flawless / artless	ত্রুটিহীন / শিল্পহীন
flee	পলায়ন
fleet	নৌবহর
fleeting; transient; short-lived; momentary; vain; fickle; miserable; empty; ephemeral	ক্ষণস্থায়ী ক্ষণস্থায়ী স্বল্পস্থায়ী; ক্ষণস্থায়ী বৃথা চঞ্চল দুঃখজনক খালি ক্ষণস্থায়ী
flesh	মাংস
flexibility	নমনীয়তা
flexible	নমনীয়
flight	ফ্লাইট
flight attendant	ফ্লাইট পরিচারক
float	ভাসা
flood	বন্যা
floor	মেঝে
flour	ময়দা
flour; meal; powder	ময়দা; খাবার পাউডার
flourish	উন্নতি লাভ
flow	প্রবাহ
flower	ফুল
flower bed	ফুলের বিছানা
flower shop	ফুলের দোকান
flowers	ফুল
flu	ফ্লু
fluctuate	ওঠানামা করা
fluent	সাবলীল
fluid	তরল
fluorescent lamp; person who is slow to react	ফ্লুরোসেন্ট বাতি; যে ব্যক্তি প্রতিক্রিয়া করতে ধীর
flute; pipe	বাঁশি পাইপ
fly	মাছি
flying	উড়ন্ত
focus	ফোকাস
focus; point	ফোকাস বিন্দু
fog	কুয়াশা
fog; mist	কুয়াশা কুয়াশা
foggy	কুয়াশাচ্ছন্ন
fold	ভাঁজ
folding	ভাঁজ
folding fan	ভাঁজ পাখা
folk	লোক
folk song; popular song	লোক গান; জনপ্রিয় গান
follow	অনুসরণ
follow up	অনুসরণ করা
following	অনুসরণ
fond	অনুরাগী
fond of; to like	অনুরাগী; পছন্দ করতে
font of purifying water placed at entrance of shrine	মাজারের প্রবেশদ্বারে রাখা বিশুদ্ধ জলের হরফ
food	খাদ্য
food; foodstuff	খাদ্য খাদ্যদ্রব্য
fool	বোকা
fool; idiot; trivial matter; folly	বোকা idiot; তুচ্ছ বিষয়; মূর্খতা
foolish; stupid	বোকা বোকা
foot	পা
foot / leg	পা / পা
foot; leg	পা; পা
footage	ফুটেজ
football	ফুটবল
footpath; walkway; sidewalk	ফুটপাথ; চলার পথ ফুটপাথ
footprints	পায়ের ছাপ
for	জন্য
for (10 days); next (year)	for (10 দিন); পরের (বছর)
for a long time; all the time	একটি দীর্ঘ সময়ের জন্য; সব সময়
for example	উদাহরণস্বরূপ
for instance	উদাহরণস্বরূপ
for now	আপাতত
for some reason	কিছু কারণে
for some time	কিছু সময়ের জন্য
for that reason	যে কারণে
for the first time	প্রথমবার
for the present; once; in outline	বর্তমানের জন্য; একবার রূপরেখায়
for the time being	আপাতত
for two to three days	দুই থেকে তিন দিনের জন্য
for ~; oriented towards ~	জন্য ~; ~ অভিমুখী
forbearance; tolerance; generosity	সহনশীলতা সহনশীলতা উদারতা
forbid	নিষেধ
force	বল
force; vigor; energy; spirit	বল প্রাণশক্তি শক্তি আত্মা
forcing; enforcement	জোর করে প্রয়োগ
forecast	পূর্বাভাস
forecast; prediction	পূর্বাভাস ভবিষ্যদ্বাণী
forehead	কপাল
forehead; brow	কপাল কপাল
foreign	বিদেশী
foreign country	বিদেশী দেশ
foreign exchange	বৈদেশিক মুদ্রা
foreign language	বিদেশী ভাষা
foreign; abroad; overseas	বিদেশী বিদেশে; বিদেশী
foreigner	বিদেশী
forest	বন
forest; woods	বন; কাঠ
forever	চিরকাল
forever; for good; eternally; as long as one likes; indefinitely	চিরকাল; ভালোর জন্য অনন্তকাল যতক্ষণ কেউ পছন্দ করে; অনির্দিষ্টকালের জন্য
forge	জাল
forgery; falsification; fabrication; counterfeiting	জালিয়াতি; মিথ্যাচার fabrication; জাল
forget	ভুলে যাও
forgive	ক্ষমা
fork	কাঁটা
form	ফর্ম
form; formality; format; math expression	ফর্ম আনুষ্ঠানিকতা বিন্যাস; গণিত অভিব্যক্তি
form; shape; figure	ফর্ম আকৃতি; চিত্র
formal	আনুষ্ঠানিক
formal marriage interview	আনুষ্ঠানিক বিবাহ সাক্ষাৎকার
format	বিন্যাস
formation	গঠন
former	সাবেক
formerly	পূর্বে
formula	সূত্র
formula; formality; official	সূত্র আনুষ্ঠানিকতা অফিসিয়াল
formulate	প্রণয়ন
forte; merit	forte; যোগ্যতা
forth	সামনে
forthcoming	আসন্ন
fortunate	ভাগ্যবান
fortunately	ভাগ্যক্রমে
fortune	ভাগ্য
fortune; luck	ভাগ্য ভাগ্য
forty	চল্লিশ
forum	ফোরাম
forward	এগিয়ে
forwarding	ফরওয়ার্ডিং
fossil	জীবাশ্ম
fossil; petrifaction; fossilization	জীবাশ্ম petrifaction; জীবাশ্ম
foster	লালনপালন
found	পাওয়া গেছে
foundation	ভিত্তি
foundation; basis	ভিত্তি; ভিত্তি
foundation; basis; standard	ভিত্তি; ভিত্তি; মান
founder	প্রতিষ্ঠাতা
fountain pen	ফাউন্টেন কলম
four	চার
four (counter)	চার (কাউন্টার)
four (things)	চারটি (জিনিস)
four corners; crossroads	চার কোণ; চৌরাস্তা
four days	চার দিন
four days; fouth day of the month	চার দিন; মাসের চতুর্থ দিন
four hundred	চারশত
four minutes	চার মিনিট
four o'clock	চারটা বাজে
four people	চার জন
four seasons	চারটি ঋতু
fourteen	চৌদ্দ
fourth	চতুর্থ
fourth sign of Chinese zodiac (The Hare  5am-7am  east  February)	চীনা রাশিচক্রের চতুর্থ রাশি (দ্য হেয়ার সকাল 5টা-7টা পূর্ব ফেব্রুয়ারি)
fox	শিয়াল
fraction	ভগ্নাংশ
fraction (in math)	ভগ্নাংশ (গণিতে)
fraction (part of); decimal	ভগ্নাংশ (অংশ); দশমিক
fragile	ভঙ্গুর
fragment	খণ্ড
fragment; splinter; broken piece	খণ্ড স্প্লিন্টার ভাঙা টুকরা
frame	ফ্রেম
frame; draw up; make; producing	ফ্রেম; আঁকা তৈরি করা উৎপাদন
framework	কাঠামো
franchise	ভোটাধিকার
frankly	স্পষ্টভাবে
frankness; candour; openheartedness	অকপটতা অকপট খোলা হৃদয়
fraud	জালিয়াতি
fraud / wrongdoing	জালিয়াতি/অন্যায় করা
free	বিনামূল্যে
free (not busy)	বিনামূল্যে (ব্যস্ত নয়)
free (time) / idle	বিনামূল্যে (সময়) / নিষ্ক্রিয়
free of charge	বিনামূল্যে
free of charge; mere; sole; only; usual; common	বিনামূল্যে; নিছক; একমাত্র শুধুমাত্র; স্বাভাবিক সাধারণ
free time	বিনামূল্যে সময়
free time; leisure; leave; spare time; farewell	বিনামূল্যে সময়; অবসর ছেড়ে অতিরিক্ত সময়; বিদায়
free will	স্বাধীন ইচ্ছা
free; no charge	বিনামূল্যে কোন চার্জ নেই
freedom	স্বাধীনতা
freely	অবাধে
freeze	জমা
freezing	জমে যাওয়া
freezing; cold storage; refrigeration	জমে যাওয়া; কোল্ড স্টোরেজ; হিমায়ন
freight rates; shipping expenses; fare	মালবাহী হার; শিপিং খরচ; ভাড়া
frequency	ফ্রিকোয়েন্সি
frequent	ঘন ঘন
frequently	ঘন ঘন
fresh	তাজা
fresh water	তাজা জল
friction; rubbing; rubdown; chafe	ঘর্ষণ ঘষা rubdown; ছ্যাফ
fridge	ফ্রিজ
friend	বন্ধু
friend; acquaintance	বন্ধু পরিচিতি
friend; ally; supporter	বন্ধু মিত্র সমর্থক
friend; companion; pal	বন্ধু সহচর বন্ধু
friendly	বন্ধুত্বপূর্ণ
friendship	বন্ধুত্ব
friendship; fellowship	বন্ধুত্ব ফেলোশিপ
frighten	ভয় দেখান
frightened	ভীত
frightening	ভীতিকর
frigid zone	হিমশীতল অঞ্চল
frog	ব্যাঙ
from	থেকে
from ... onward	থেকে... সামনে
from now / from now on	এখন থেকে / এখন থেকে
from now on; hereafter	এখন থেকে অতঃপর
from where	কোথা থেকে
front	সামনে
front / before	সামনে / আগে
front cover; binding	সম্মুখ আবরণ; বাঁধাই
frost	হিম
frozen	হিমায়িত
fruit	ফল
fruit (of a plant)	ফল (একটি গাছের)
fruit; nut; berry.	ফল বাদাম বেরি
fruit; nut; seed; content; good result	ফল বাদাম বীজ বিষয়বস্তু; ভাল ফলাফল
frustrated	হতাশ
frustrating	হতাশাজনক
frustration	হতাশা
fry	ভাজা
fuel	জ্বালানী
fulfil	পূরণ
full	পূর্ণ
full house; no vacancy; sold out	সম্পূর্ণ ঘর; কোন খালি জায়গা নেই; বিক্রি
full name; identity	পুরো নাম; পরিচয়
full-time	পুরো সময়
fully	সম্পূর্ণরূপে
fun	মজা
function	ফাংশন
function; faculty	ফাংশন অনুষদ
functional	কার্যকরী
fund	তহবিল
fund; foundation	তহবিল ভিত্তি
fundamental	মৌলিক
fundamentally	মৌলিকভাবে
funding	তহবিল
fundraising	তহবিল সংগ্রহ
funds; capital	তহবিল; মূলধন
funeral	অন্ত্যেষ্টিক্রিয়া
funny	মজার
funny; humorous; comical; laughable; ridiculous; joking	মজার হাস্যকর হাস্যকর হাস্যকর হাস্যকর; কৌতুক
fur	পশম
fur; skin; pelt	পশম চামড়া পেল্ট
furious	ক্ষিপ্ত
furniture	আসবাবপত্র
further	আরও
furthermore	অধিকন্তু
furthermore; again; after all; more and more; moreover	উপরন্তু; আবার; সব পরে; আরো এবং আরো অধিকন্তু
futility; uselessness	অসারতা অকেজোতা
futon	ফুটন
future	ভবিষ্যৎ
future (life; tense)	ভবিষ্যৎ (জীবন; কাল)
future; prospects	ভবিষ্যৎ সম্ভাবনা
futures; credit (buying); stretching; total	ফিউচার credit ( কেনা ); প্রসারিত; মোট
gain	লাভ
gallery	গ্যালারি
gallon	গ্যালন
gambling	জুয়া
game	খেলা
game; match; contest	খেলা; ম্যাচ প্রতিযোগিতা
game; spoils; trophy	খেলা; লুণ্ঠন ট্রফি
gaming	গেমিং
gang	দল
gap	ফাঁক
garage	গ্যারেজ
garage; car shed	গ্যারেজ; গাড়ির চালা
garbage	আবর্জনা
garden	বাগান
garden (esp. man-made)	বাগান (বিশেষ করে মনুষ্যসৃষ্ট)
garden / yard	বাগান / উঠোন
garden shrubs; trees; potted plant	বাগান shrubs; গাছ; পাত্রযুক্ত উদ্ভিদ
gargle; rinse mouth	গার্গল মুখ ধুয়ে ফেলুন
garlic	রসুন
garments	পোশাক
gas	গ্যাস
gasoline	পেট্রল
gate	গেট
gather	জড়ো করা
gathering	সমাবেশ
gathering; assembly; meeting; set (math)	সমাবেশ সমাবেশ মিটিং সেট (গণিত)
gathering; meeting; assembly; collection	সমাবেশ মিটিং সমাবেশ সংগ্রহ
gay	সমকামী
gay; showy; brilliant; gorgeous; florid	সমকামী প্রদর্শনী উজ্জ্বল চমত্কার; ফ্লোরিড
gaze	দৃষ্টি
gear	গিয়ার
gear; cog-wheel	গিয়ার কগ-চাকা
gem; jewel	মণি রত্ন
gender	লিঙ্গ
gene	জিন
general	সাধারণ
general idea; concept; notion	সাধারণ ধারণা; ধারণা; ধারণা
general statement; outline	সাধারণ বিবৃতি; রূপরেখা
general; liberal; universal; ordinary; average	সাধারণ উদার সর্বজনীন সাধারণ গড়
generally	সাধারণত
generate	উৎপন্ন
generation	প্রজন্ম
generation (e.g. power)	প্রজন্ম (যেমন শক্তি)
generic	সাধারণ
generous	উদার
genetic	জেনেটিক
genetics	জেনেটিক্স
genius	প্রতিভা
genocide	গণহত্যা
genre	ধারা
gentle	মৃদু
gentle / calm	মৃদু / শান্ত
gentle; mild; moderate	মৃদু হালকা; মধ্যপন্থী
gentleman	ভদ্রলোক
genuine	প্রকৃত
genuine article	প্রকৃত নিবন্ধ
genuinely	সত্যিকার অর্থে
geography	ভূগোল
geological features	ভূতাত্ত্বিক বৈশিষ্ট্য
gesture	অঙ্গভঙ্গি
get	পেতে
get along	সঙ্গে পেতে
get along with	সঙ্গে পেতে
get dressed	পোশাক পরা
get over	উপর পেতে
get up	উঠ
geta (Japanese footwear); wooden clogs	geta (জাপানি পাদুকা); কাঠের খড়ম
getting closer; drawing nearer; approaching	নিকটবর্তী হওয়া; কাছাকাছি আঁকা; সমীপবর্তী
getting nervous; irritation	নার্ভাস হওয়া; জ্বালা
getting ready	প্রস্তুত হচ্ছে
ghost	ভূত
giant	দৈত্য
gift	উপহার
gift / present	উপহার / উপহার
gig	গিগ
giraffe	জিরাফ
girl	মেয়ে
girlfriend	বান্ধবী
girlfriend / she	গার্লফ্রেন্ড/সে
gist; essentials; summary; fundamentals	সারাংশ অপরিহার্য সারাংশ মৌলিক
gist; main point	সারাংশ প্রধান পয়েন্ট
give	দিতে
give in	দেওয়া
give up	ছেড়ে দেওয়া
glad	আনন্দিত
glance	এক নজর
glass	গ্লাস
glass / cup	গ্লাস/কাপ
glasses	চশমা
glimpse	আভাস
global	বিশ্বব্যাপী
globalization	বিশ্বায়ন
globe	গ্লোব
globe; sphere; ball	গ্লোব গোলক বল
gloom; melancholy	gloom বিষাদ
gloomy	বিষণ্ণ
gloomy / depressed	gloomy / depressed
glorious	মহিমান্বিত
glory	মহিমা
gloss; glaze	গ্লস; গ্লেজ
glove	দস্তানা
gloves	গ্লাভস
go	যাও
go ahead / here you are	এগিয়ে যান / আপনি এখানে
go by the way; via	পথ দিয়ে যাও মাধ্যমে
go through	মাধ্যমে যান
go to bed	বিছানায় যান
go-; honourable	যান-; সম্মানজনক
goal	লক্ষ্য
goat	ছাগল
goblin; ghost; apparition; bugbear	গবলিন ভূত প্রকাশ; বাগবিয়ার
god	ঈশ্বর
going	যাচ্ছে
going off duty	ডিউটি ছেড়ে যাচ্ছে
going on to university	বিশ্ববিদ্যালয়ে যাচ্ছে
going to work; at work	কাজ করতে যাচ্ছি; কর্মক্ষেত্রে
gold	সোনা
golden	সোনালী
goldfish	গোল্ডফিশ
golf	গলফ
good	ভাল
good afternoon	শুভ বিকাল
good child	ভাল শিশু
good evening	শুভ সন্ধ্যা
good luck	সৌভাগ্য
good luck; fortune	সৌভাগ্য; ভাগ্য
good morning	শুভ সকাল
good night	শুভ রাত্রি
good weather	ভাল আবহাওয়া
good will; favor; courtesy	ভালো ইচ্ছা; অনুগ্রহ সৌজন্য
good work (to a colleague)	ভাল কাজ (একজন সহকর্মীর কাছে)
good work / thanks for your effort	ভাল কাজ / আপনার প্রচেষ্টার জন্য ধন্যবাদ
good-for-nothing; stupid; trivial; worthless	good-for-nothing; বোকা তুচ্ছ; মূল্যহীন
good; goodness; right; virtue	ভাল goodness; অধিকার পুণ্য
goodbye	বিদায়
goodness	ধার্মিকতা
goods	পণ্য
goods / merchandise	পণ্য / পণ্যদ্রব্য
goose	হংস
gorgeous	চমত্কার
govern	শাসন করা
governance	শাসন
government	সরকার
government business; public use; public expense	সরকারী ব্যবসা; সর্বজনীন ব্যবহার; পাবলিক খরচ
government office; authorities	সরকারি অফিস; কর্তৃপক্ষ
government office; public office	সরকারি অফিস; পাবলিক অফিস
government official	সরকারী কর্মকর্তা
government worker	সরকারী কর্মী
government; administration	সরকার প্রশাসন
governor	গভর্নর
gown	গাউন
grab	দখল
grace	অনুগ্রহ
grace; favor; blessing; benefit	অনুগ্রহ; অনুগ্রহ আশীর্বাদ সুবিধা
gradation; grade; stage	গ্রেডেশন গ্রেড মঞ্চ
grade	গ্রেড
grade (on a test, etc.)	গ্রেড (একটি পরীক্ষায়, ইত্যাদি)
grade in school	স্কুলে গ্রেড
grade school student	গ্রেড স্কুল ছাত্র
grade; rank; about	গ্রেড পদমর্যাদা; সম্পর্কে
grades	গ্রেড
gradual	ধীরে ধীরে
gradually	ধীরে ধীরে
gradually / soon	ধীরে ধীরে/শীঘ্রই
gradually; finally; hardly	ধীরে ধীরে অবশেষে; খুব কমই
graduate	স্নাতক
graduate from; come from	থেকে স্নাতক; থেকে আসা
graduate school	স্নাতক স্কুল
graduate student	স্নাতক ছাত্র
graduation	স্নাতক
graduation ceremony	স্নাতক অনুষ্ঠান
grain	শস্য
grain; cereal; corn	শস্য খাদ্যশস্য; ভুট্টা
grammar	ব্যাকরণ
grand	গ্র্যান্ড
grandchild	নাতি
granddaughter	নাতনী
grandfather	দাদা
grandfather (my own)	দাদা (আমার নিজের)
grandfather; male senior citizen	দাদা; পুরুষ সিনিয়র সিটিজেন
grandfather; male senior-citizen	দাদা; পুরুষ প্রবীণ নাগরিক
grandfather; old man	দাদা; বৃদ্ধ
grandmother	দাদী
grandmother (my own)	দাদী (আমার নিজের)
grandmother; female senior-citizen	ঠাকুরমা মহিলা সিনিয়র সিটিজেন
grandmother; old woman	ঠাকুরমা বুড়ি
grandparent	দাদা-দাদি
grandparents	দাদা-দাদি
grandson	নাতি
grant	অনুদান
grape	আঙ্গুর
grapes	আঙ্গুর
graphic	গ্রাফিক
graphics	গ্রাফিক্স
grasp	উপলব্ধি
grasp / understanding	উপলব্ধি / বোঝা
grass	ঘাস
grateful	কৃতজ্ঞ
grateful; thankful; welcome; appreciated; evoking gratitude	কৃতজ্ঞ; ধন্যবাদ স্বাগত প্রশংসা করা; কৃতজ্ঞতা জাগানো
grave	কবর
grave; tomb	কবর সমাধি
gravity	মাধ্যাকর্ষণ
gray	ধূসর
gray (loanword)	ধূসর (ঋণ শব্দ)
great	মহান
great effort; exertion; endeavour; effort	মহান প্রচেষ্টা; পরিশ্রম প্রচেষ্টা; প্রচেষ্টা
great number of people	বিপুল সংখ্যক মানুষ
great war; great battle	মহান যুদ্ধ; মহান যুদ্ধ
great-looking	দুর্দান্ত চেহারা
great; celebrated; eminent; terrible; awful; famous; remarkable; excellent	মহান পালিত বিশিষ্ট ভয়ানক ভয়ঙ্কর বিখ্যাত; উল্লেখযোগ্য; চমৎকার
great; grand	মহান গ্র্যান্ড
greater; more; further; still more	বৃহত্তর আরো আরও এখনও আরো
greatly	ব্যাপকভাবে
greatness	মহানতা
green	সবুজ
green tea	সবুজ চা
greengrocer	greengrocer
greenhouse	গ্রীনহাউস
greet	অভিবাদন
greeting	অভিবাদন
greeting; salutation	শুভেচ্ছা অভিবাদন
grey	ধূসর
grey; gray; ashen	ধূসর; ধূসর; ছাই
grid	গ্রিড
grief	দুঃখ
grin	হাসি
grind	পিষে ফেলা
grip	গ্রিপ
groceries	মুদিখানা
grocery	মুদিখানা
groin; crotch; thigh	কুঁচকি crotch; উরু
gross	স্থূল
ground	স্থল
groundwork; foundation; inclination; aptitude; elementary knowledge of; grounding in; prearrangement; spade	ভিত্তি কাজ ভিত্তি; ঝোঁক যোগ্যতা প্রাথমিক জ্ঞান; গ্রাউন্ডিং ইন; prearrangement; কোদাল
group	দল
group (math)	গ্রুপ (গণিত)
group; crowd; flock; herd	দল ভিড় flock পশুপাল
group; mass	দল ভর
grow	হত্তয়া
growth	বৃদ্ধি
growth / development	বৃদ্ধি/উন্নয়ন
growth; grow to adulthood	বৃদ্ধি প্রাপ্তবয়স্ক হওয়া
growth; increment	বৃদ্ধি বৃদ্ধি
guarantee	গ্যারান্টি
guarantee; ensure; maintain; insure; secure	গ্যারান্টি নিশ্চিত করা বজায় রাখা বীমা করা নিরাপদ
guarantee; security; assurance; pledge; warranty	গ্যারান্টি নিরাপত্তা; নিশ্চয়তা অঙ্গীকার ওয়ারেন্টি
guard	পাহারা
guard; convoy; escort	প্রহরী কাফেলা এসকর্ট
guerrilla	গেরিলা
guess	অনুমান
guest	অতিথি
guest seating	অতিথি বসার জায়গা
guest; customer	অতিথি; গ্রাহক
guest; visitor; client; customer	অতিথি; ভিজিটর ক্লায়েন্ট; গ্রাহক
guidance	নির্দেশিকা
guide	গাইড
guideline	নির্দেশিকা
guilt	অপরাধবোধ
guilty	দোষী
guitar	গিটার
gun	বন্দুক
gut	অন্ত্র
guy	লোক
gym	জিম
gymnasium	ব্যায়ামাগার
gymnastics; physical exercises; calisthenics	জিমন্যাস্টিকস; শারীরিক ব্যায়াম; ক্যালিসথেনিক্স
habit	অভ্যাস
habitat	বাসস্থান
haiku poetry	হাইকু কবিতা
hail	শিলাবৃষ্টি
hair	চুল
hair (head)	চুল (মাথা)
hair or fur	চুল বা পশম
hair salon	চুলের সেলুন
hairdresser	হেয়ারড্রেসার
half	অর্ধেক
half a year	অর্ধেক বছর
half an hour	আধা ঘন্টা
half minute	আধা মিনিট
half past	অর্ধেক
half past (:30)	দেড়টা (:30)
halfway	অর্ধেক পথ
hall	হল
hallway	হলওয়ে
halt	থামা
hamburger	হ্যামবার্গার
hand	হাত
hand in	হাত
handbag	হ্যান্ডব্যাগ
handbreadth; bundle	handbreadth; বান্ডিল
handful	মুষ্টিমেয়
handle	হ্যান্ডেল
handle; grip	হাতল গ্রিপ
handling	হ্যান্ডলিং
handmade / DIY	হস্তনির্মিত / DIY
handshake	হ্যান্ডশেক
handsome	সুদর্শন
handstand; headstand	হ্যান্ডস্ট্যান্ড হেডস্ট্যান্ড
handy	সহজ
hang	স্তব্ধ
hangover	হ্যাংওভার
happen	ঘটবে
happily	সুখে
happiness	সুখ
happiness; blessedness	সুখ; আশীর্বাদ
happiness; good fortune; luck; blessing	সুখ; সৌভাগ্য; ভাগ্য আশীর্বাদ
happy	খুশি
happy (lasting happiness)	সুখী (স্থায়ী সুখ)
happy / glad	খুশি / খুশি
happy New Year	শুভ নববর্ষ
happy birthday	শুভ জন্মদিন
happy; glad; pleasant	খুশি; আনন্দিত আনন্দদায়ক
harassment	হয়রানি
harbour	বন্দর
hard	কঠিন
hard (esp. wood); steadfast; honorable; stuffy writing	শক্ত (বিশেষ করে কাঠ); অবিচল সম্মানজনক ঠাসা লেখা
hard / painful (emotional)	কঠিন / বেদনাদায়ক (আবেগজনক)
hardly	খুব কমই
hardware	হার্ডওয়্যার
hardworking	পরিশ্রমী
harm	ক্ষতি
harmful	ক্ষতিকর
harmony	সম্প্রীতি
harmony; smoothness	সম্প্রীতি মসৃণতা
harsh	কঠোর
harvest	ফসল
harvest; crop; ingathering	ফসল ফসল; একত্রিত করা
hat	টুপি
hat; cap	টুপি; টুপি
hate	ঘৃণা
hateful; abominable; poor-looking	বিদ্বেষপূর্ণ জঘন্য দরিদ্র চেহারা
hateful; abominable; poor-looking; detestable	বিদ্বেষপূর্ণ জঘন্য দরিদ্র চেহারা; ঘৃণ্য
hatred	ঘৃণা
haunt	আড্ডা
have	আছে
have a good day	আপনার দিন ভালো কাটুক
have a nice day	একটি সুন্দর দিন
have a safe trip (reply)	একটি নিরাপদ ভ্রমণ করুন (উত্তর)
have to	আছে
having some knowledge of; happening to know	কিছু জ্ঞান থাকা; জানতে হচ্ছে
hazard	বিপদ
he	তিনি
he; boyfriend	তিনি; প্রেমিক
head	মাথা
head of a section	একটি বিভাগের প্রধান
head; brains; intellect	মাথা মস্তিষ্ক; বুদ্ধি
head; lead; vanguard; first	মাথা নেতৃত্ব অগ্রগামী; প্রথম
headache	মাথাব্যথা
heading; caption; subtitle; index	শিরোনাম; ক্যাপশন; সাবটাইটেল সূচক
headline	শিরোনাম
headmaster	প্রধান শিক্ষক
headquarters	সদর দপ্তর
heal	আরোগ্য
health	স্বাস্থ্য
health insurance card	স্বাস্থ্য বীমা কার্ড
health preservation; hygiene; sanitation	স্বাস্থ্য সংরক্ষণ; স্বাস্থ্যবিধি স্যানিটেশন
health; hygiene; sanitation; medical	স্বাস্থ্য স্বাস্থ্যবিধি স্যানিটেশন চিকিৎসা
health; sound; wholesome	স্বাস্থ্য শব্দ স্বাস্থ্যকর
health; soundness; wholesome	স্বাস্থ্য সুস্থতা; স্বাস্থ্যকর
health; vitality	স্বাস্থ্য জীবনীশক্তি
healthcare	স্বাস্থ্যসেবা
healthy	সুস্থ
healthy / energetic	সুস্থ/শক্তিশালী
healthy; energetic	সুস্থ অনলস
hear	শুনতে
hearing	শুনানি
heart	হৃদয়
heart (of city)	হৃদয় (শহরের)
heart / mind	হৃদয় / মন
heat	তাপ
heater	হিটার
heating	গরম করা
heaven	স্বর্গ
heaven; emperor	স্বর্গ; সম্রাট
heavily	ভারীভাবে
heavy	ভারী
heavy; massive; serious	ভারী বিশাল গুরুতর
heavy; serious (illness)	ভারী গুরুতর (অসুখ)
hedge	হেজ
heel	গোড়ালি
heels	হিল
hegemony	আধিপত্য
height	উচ্চতা
height (of body); stature	height (শরীরের); উচ্চতা
height above sea level	সমুদ্রপৃষ্ঠ থেকে উচ্চতা
height; stature	উচ্চতা; উচ্চতা
heighten	উচ্চতা
helicopter	হেলিকপ্টার
hell	জাহান্নাম
hello	হ্যালো
hello (on the phone)	হ্যালো (ফোনে)
helmet	শিরস্ত্রাণ
help	সাহায্য
help!	সাহায্য!
help; aid; relief	সাহায্য সাহায্য ত্রাণ
help; helper; assistant	সাহায্য সাহায্যকারী সহকারী
helper; helpmeet; assistant; tutor	সাহায্যকারী helpmeet; সহকারী শিক্ষক
helpful	সহায়ক
helping; serving	সাহায্য করা পরিবেশন করা
helpless; pity; sorrow; grief	অসহায় pity দুঃখ দুঃখ
hen	মুরগি
hence	তাই
hence; for that reason	অতএব; যে কারণে
her	তার
her, she, girlfriend	তার, সে, বান্ধবী
herb	ঔষধি
herculean strength; mountain carrier-guide	হারকিউলিন শক্তি; পর্বত বাহক-গাইড
here	এখানে
here and there; little by little	এখানে এবং সেখানে; একটু একটু করে
here and there; some parts (of something)	এখানে এবং সেখানে; কিছু অংশ (কিছুর)
here, this place	এখানে, এই জায়গা
heritage	ঐতিহ্য
hero	নায়ক
hero; great man	নায়ক মহান মানুষ
hers	তার
herself	নিজেকে
hesitance; diffidence; feeling constraint; fear of troubling someone; having scruples about doing someth	দ্বিধা দ্বিধা সীমাবদ্ধতা অনুভব করা; কাউকে কষ্ট দেওয়ার ভয়; কিছু করার ব্যাপারে সন্দেহ থাকা
hesitate	দ্বিধা
hey	হে
hi	হাই
hiccough; hiccup	হিক্কা; হেঁচকি
hidden	লুকানো
hide	লুকান
hierarchy	অনুক্রম
high	উচ্চ
high and low; up and down; unloading and loading; praising and blaming	উচ্চ এবং নিম্ন; আপ এবং ডাউন; আনলোড এবং লোডিং; প্রশংসা এবং দোষারোপ করা
high class; high grade	উচ্চ শ্রেণী; উচ্চ গ্রেড
high heels	উচ্চ হিল
high price	উচ্চ মূল্য
high school	উচ্চ বিদ্যালয়
high school student	উচ্চ বিদ্যালয়ের ছাত্র
high speed; high gear	উচ্চ গতি; উচ্চ গিয়ার
high-profile	উচ্চ-প্রোফাইল
high-rise building	উঁচু ভবন
highest; supreme; the most	সর্বোচ্চ সর্বোচ্চ সবচেয়ে
highlight	হাইলাইট
highly	অত্যন্ত
highway	হাইওয়ে
hiking	হাইকিং
hilarious	হাস্যকর
hill	পাহাড়
hill; height; knoll; rising ground	পাহাড় উচ্চতা; নল; ক্রমবর্ধমান মাটি
him	তাকে
him, he, boyfriend	তাকে, সে, বয়ফ্রেন্ড
himself	নিজেকে
hindrance; impediment	বাধা প্রতিবন্ধকতা
hindrance; intrusion	বাধা অনুপ্রবেশ
hint	ইঙ্গিত
hint; suggestion	ইঙ্গিত পরামর্শ
hip	নিতম্ব
hippopotamus	জলহস্তী
hiragana; 47 syllables; the cursive syllabary	হিরাগানা; 47 সিলেবল; অভিশাপ পাঠ্যক্রম
hire	ভাড়া
hiring / adoption	নিয়োগ/দত্তক নেওয়া
his	তার
historian	ইতিহাসবিদ
historic	ঐতিহাসিক
historic ruins (remains  relics)	ঐতিহাসিক ধ্বংসাবশেষ (অবশেষ অবশেষ)
historical	ঐতিহাসিক
history	ইতিহাস
hit	আঘাত
hobby	শখ
hobby; pastime	শখ বিনোদন
hockey	হকি
hold	রাখা
hold on	ধরে রাখুন
holding a meeting; open an exhibition	একটি সভা অনুষ্ঠিত; একটি প্রদর্শনী খুলুন
hole	গর্ত
holiday	ছুটির দিন
holiday / day off	ছুটির দিন / ছুটি
holiday / leave	ছুটি / ছুটি
holiday house; villa	ছুটির ঘর; ভিলা
holiday; absence; rest; Good night	ছুটির দিন অনুপস্থিতি; বিশ্রাম শুভ রাত্রি
holiday; day off; absence	ছুটির দিন ছুটির দিন; অনুপস্থিতি
holiday; day off; furlough	ছুটির দিন ছুটির দিন; ফার্লো
hollow	ফাঁপা
holy	পবিত্র
home	বাড়ি
home / my house	বাড়ি/আমার বাড়ি
home town; birthplace; old village; historic village	হোম টাউন; জন্মস্থান; পুরানো গ্রাম; ঐতিহাসিক গ্রাম
home; house	বাড়ি ঘর
home; house; my place	বাড়ি ঘর আমার জায়গা
homeland	স্বদেশ
homeless	গৃহহীন
homesickness	হোমসিকনেস
homestay; living with a local family	হোমস্টে স্থানীয় পরিবারের সাথে বসবাস
hometown / from	হোমটাউন / থেকে
homework	বাড়ির কাজ
honest	সৎ
honesty	সততা
honesty; integrity; frankness	সততা অখণ্ডতা অকপটতা
honey bee	মধু মৌমাছি
honeymoon	মধুচন্দ্রিমা
honorific language	সম্মানজনক ভাষা
honorific; term of respect	সম্মানজনক সম্মানের মেয়াদ
honour	সম্মান
honourable	সম্মানজনক
hoodie	হুডি
hook	হুক
hope	আশা
hope / wish	আশা/ইচ্ছা
hope; prospects; expectation	আশা সম্ভাবনা প্রত্যাশা
hope; wish; aspiration	আশা ইচ্ছা আকাঙ্খা
hopeful	আশাবাদী
hopefully	আশা করি
horizon	দিগন্ত
horn	শিং
horrible	ভয়ঙ্কর
horror	ভয়াবহ
horse	ঘোড়া
horse racing	ঘোড়া দৌড়
horticulture; gardening	উদ্যানপালন; বাগান করা
hospital	হাসপাতাল
hospitality	আতিথেয়তা
hospitalization	হাসপাতালে ভর্তি
host	হোস্ট
host family	হোস্ট পরিবার
hostage	জিম্মি
hostel; dormitory	ছাত্রাবাস ছাত্রাবাস
hostile	প্রতিকূল
hostility	শত্রুতা
hot	গরম
hot (objects)	গরম (বস্তু)
hot (weather)	গরম (আবহাওয়া)
hot and spicy; salty	গরম এবং মশলাদার; লবণাক্ত
hot spring	গরম বসন্ত
hot to the touch	স্পর্শে গরম
hot water	গরম জল
hotel	হোটেল
hotel staff	হোটেল কর্মীরা
hour	ঘন্টা
house	ঘর
house / home	বাড়ি/বাড়ি
house for rent	ভাড়ার জন্য বাড়ি
house number; address	বাড়ির নম্বর; ঠিকানা
house-cloth; dust cloth	ঘরের কাপড়; ধুলো কাপড়
house; building	ঘর ভবন
house; hall; building; hotel; inn; guesthouse	ঘর হল ভবন হোটেল সরাইখানা; গেস্টহাউস
house; home; husband	ঘর বাড়ি স্বামী
household	পরিবারের
household / family	পরিবার/পরিবার
household economy; family finances	পরিবারের অর্থনীতি; পারিবারিক আর্থিক
household matters	পারিবারিক বিষয়
housewife	গৃহিণী
housewife; mistress	গৃহিণী উপপত্নী
housework	বাড়ির কাজ
housework; domestic chores	বাড়ির কাজ ঘরোয়া কাজ
housing	হাউজিং
how	কিভাবে
how (by what means)	কিভাবে (কি অর্থে)
how (polite)	কিভাবে (ভদ্র)
how are you	আপনি কেমন আছেন
how are you?	তুমি কেমন আছো
how far	কতদূর
how many	কতগুলি
how many (books)	কয়টি (বই)
how many (flat things)	কত (সমতল জিনিস)
how many / how old	কতজন/কত বয়স
how many people	কত মানুষ
how many times	কতবার
how many?; how old?	কয়টি?; বয়স কত?
how much	কত
how much (money)	কত (টাকা)
how much / how long	কত / কতক্ষণ
how much is this?	এটা কত?
how much; how long	কতটা; কতক্ষণ
how much?; how many?	কত?; কতজন?
how old	বয়স কত
how old are you?	তোমার বয়স কত?
how's it going?	এটা কেমন চলছে?
how...!; what...!	কিভাবে...!; কি...!
how; by what means	কিভাবে; কি মাধ্যমে
however	যাইহোক
huge	বিশাল
huge; bulky; enormous; extensive; swelling; expansion	বিশাল ভারী বিশাল ব্যাপক ফোলা; সম্প্রসারণ
huge; gigantic; enormous	বিশাল gigantic; বিশাল
human	মানব
human being; man; person	মানুষ; মানুষ ব্যক্তি
human resources	মানব সম্পদ
human rights	মানবাধিকার
humanitarian	মানবিক
humanity	মানবতা
humble	নম্র
humble; humility; modesty	humble; নম্রতা বিনয়
humid	আর্দ্র
humid; sultry	আর্দ্র; গন্ধযুক্ত
humidity	আর্দ্রতা
humorous	হাস্যকর
humour	হাস্যরস
humour; temper; mood	হাস্যরস মেজাজ মেজাজ
hundred	শত
hundred million	শত মিলিয়ন
hunger	ক্ষুধা
hungry	ক্ষুধার্ত
hunt	শিকার
hunting	শিকার
hurrah; cheers	হুররাহ; চিয়ার্স
hurricane	হারিকেন
hurry	তাড়াতাড়ি
hurt	আঘাত
hurt; painful	আঘাত করা বেদনাদায়ক
husband	স্বামী
husband (someone's)	স্বামী (কারো)
hut; cabin; shed; (animal) pen	কুঁড়েঘর; কেবিন চালা (প্রাণী) কলম
hydrogen	হাইড্রোজেন
hypothesis	অনুমান
hypothesize	অনুমান করা
ice	বরফ
ice cream	আইসক্রিম
ice; hail	বরফ শিলাবৃষ্টি
icon	আইকন
idea	ধারণা
ideal	আদর্শ
identical	অভিন্ন
identical; equal to; same (kind); like	অভিন্ন সমান; same ( ধরনের ); পছন্দ
identification	সনাক্তকরণ
identify	সনাক্ত করা
identity	পরিচয়
identity; sameness; similarity	পরিচয় একইতা মিল
ideological	আদর্শগত
ideology	মতাদর্শ
idiom; idiomatic phrase; kanji compound	idiom; idiomatic বাক্যাংশ; কাঞ্জি যৌগ
idiot	বোকা
idle complaint; grumble	নিষ্ক্রিয় অভিযোগ; বকবক করা
if	যদি
if I had to choose	যদি আমাকে নির্বাচন করতে হয়
if at all possible	যদি সম্ভব হয়
if it is okay (polite)	যদি এটা ঠিক হয় (ভদ্র)
if possible	সম্ভব হলে
if that is the case, ...	যদি তাই হয়,...
if you like	আপনি যদি চান
ignorance	অজ্ঞতা
ignore	উপেক্ষা
ill	অসুস্থ
illegal	অবৈধ
illness	অসুস্থতা
illness; sickness	অসুস্থতা অসুস্থতা
illusion	বিভ্রম
illustrate	ব্যাখ্যা করা
illustration	দৃষ্টান্ত
image	ইমেজ
imagery	চিত্রকল্প
imaginary	কাল্পনিক
imagination	কল্পনা
imagination; guess	কল্পনা; অনুমান
imagine	কল্পনা করা
imitation; counterfeit; forgery; sham	অনুকরণ; নকল জালিয়াতি; শাম
immature	অপরিপক্ক
immediate	অবিলম্বে
immediately	অবিলম্বে
immediately following	অবিলম্বে অনুসরণ
immediately; readily; directly	অবিলম্বে; সহজেই সরাসরি
immense	বিশাল
immigrant	অভিবাসী
immigration	অভিবাসন
imminent	আসন্ন
immune	ইমিউন
immunity	অনাক্রম্যতা
impact	প্রভাব
impatient	অধৈর্য
impeccable	অনবদ্য
impertinent; saucy; cheeky; conceit; audacious; brazen	নির্বোধ; মসৃণ cheeky; দম্ভ সাহসী নির্লজ্জ
implement	বাস্তবায়ন
implementation	বাস্তবায়ন
implementation; materialization; realization	বাস্তবায়ন; বস্তুগতীকরণ; উপলব্ধি
implicate	জড়িত করা
implication	নিহিত
implicit	অন্তর্নিহিত
implicitly	অন্তর্নিহিতভাবে
imply	বোঝানো
import	আমদানি
importance	গুরুত্ব
importance; stress; serious consideration	গুরুত্ব চাপ গুরুতর বিবেচনা
important	গুরুত্বপূর্ণ
important point; lay stress on; colon; emphasis	গুরুত্বপূর্ণ পয়েন্ট; উপর চাপ রাখা; কোলন; জোর
important; momentous; essential; principal; major	গুরুত্বপূর্ণ গুরুত্বপূর্ণ অপরিহার্য প্রধান প্রধান
important; valuable; serious matter	গুরুত্বপূর্ণ মূল্যবান গুরুতর বিষয়
importation; import; introduction	আমদানি; আমদানি ভূমিকা
imported goods; foreign money	আমদানিকৃত পণ্য; বিদেশী অর্থ
imported; outpatient clinic	আমদানি করা; বহিরাগত রোগী ক্লিনিক
impose	আরোপ করা
impossible	অসম্ভব
impress	প্রভাবিত
impressed	প্রভাবিত
impression	ছাপ
impression / thoughts	ছাপ / চিন্তা
impressions; thoughts	ছাপ; চিন্তা
impressive	চিত্তাকর্ষক
imprison	জেল
imprisonment	কারাবাস
improve	উন্নতি
improvement	উন্নতি
improvement; advance; progress	উন্নতি অগ্রিম অগ্রগতি
improvement; reform	উন্নতি সংস্কার
impudent; shameless; brazen	নির্বোধ নির্লজ্জ নির্লজ্জ
impulsive	আবেগপ্রবণ
in	মধ্যে
in a flood / all at once	বন্যায় / সব একবারে
in a leisurely way	একটি অবসর উপায়ে
in a word; after all; the point is ..; in short ..	এক কথায়; সব পরে; বিন্দু হল ..; সংক্ষেপে ..
in accordance with ~; following ~; ~ Street; ~ Avenue	~ অনুযায়ী; নিম্নলিখিত ~; ~ রাস্তা; ~ অ্যাভিনিউ
in addition	উপরন্তু
in addition; furthermore	উপরন্তু; অধিকন্তু
in advance	আগাম
in and out; coming and going; free association; income and expenditure; debits and credit	ভিতরে এবং বাইরে; আসা এবং যাওয়া; অবাধ মেলামেশা; আয় এবং ব্যয়; ডেবিট এবং ক্রেডিট
in charge	দায়িত্বে
in class; during the class	ক্লাসে; ক্লাস চলাকালীন
in comparison	তুলনায়
in conclusion	উপসংহারে
in contrast	বিপরীতে
in essence	সারমর্মে
in exchange	বিনিময়ে
in fact; originally	আসলে মূলত
in front of the station	স্টেশনের সামনে
in good health; well	ভাল স্বাস্থ্যের মধ্যে; ভাল
in its entirety; whole; wholly	সম্পূর্ণরূপে; সমগ্র সম্পূর্ণরূপে
in light of	আলোকে
in nine cases out of ten	দশটির মধ্যে নয়টি ক্ষেত্রে
in no time	কোন সময়ে
in one word	এক কথায়
in order to	যাতে
in order; in turn	in order; পালাক্রমে
in other words	অন্য কথায়
in place of	এর জায়গায়
in response to	এর প্রতিক্রিয়ায়
in short	সংক্ষেপে
in short; in brief; in other words; that is to say; in the long run; after all; blockade; stuffing; ultimate	সংক্ষেপে; সংক্ষেপে; অন্য কথায়; যে বলতে হয়; দীর্ঘমেয়াদে; সব পরে; অবরোধ স্টাফিং চূড়ান্ত
in spite of	সত্ত্বেও
in spite of; nevertheless	সত্ত্বেও; তবুও
in succession; one by one	ধারাবাহিকভাবে; এক এক করে
in the first place	প্রথম স্থানে
in the long run	দীর্ঘমেয়াদে
in the middle of	এর মাঝখানে
in the middle; half-way	মাঝখানে; অর্ধেক পথ
in the second place	দ্বিতীয় স্থানে
in the street	রাস্তায়
in this way	এই ভাবে
in turn	পালাক্রমে
inability	অক্ষমতা
inaccessible place; sharp eyes	দুর্গম স্থান; তীক্ষ্ণ চোখ
inadequate	অপর্যাপ্ত
inappropriate	অনুপযুক্ত
inauguration; assumption of office	উদ্বোধন; অফিসের অনুমান
incentive	প্রণোদনা
inch	ইঞ্চি
incidence	ঘটনা
incident	ঘটনা
incident / case	ঘটনা / মামলা
incident; affair; happening; event	ঘটনা ঘটনা ঘটছে; ঘটনা
inclination; slant; slope; bevel; list; dip	ঝোঁক তির্যক ঢাল বেভেল তালিকা ডুব
inclined	ঝোঁক
include	অন্তর্ভুক্ত
included	অন্তর্ভুক্ত
including	সহ
inclusion	অন্তর্ভুক্তি
income	আয়
income; receipts; revenue	আয় রসিদ; রাজস্ব
inconsistent	অসামঞ্জস্যপূর্ণ
inconsistent orders	অসামঞ্জস্যপূর্ণ আদেশ
incontrovertible	অবিসংবাদিত
inconvenience	অসুবিধা
inconvenient	অসুবিধাজনক
inconvenient; to have a scheduling conflict	অসুবিধাজনক; একটি সময়সূচী দ্বন্দ্ব আছে
incorporate	অন্তর্ভুক্ত করা
incorrect	ভুল
increase	বৃদ্ধি
increase and decrease; fluctuation	বৃদ্ধি এবং হ্রাস; ওঠানামা
increase; addition	বৃদ্ধি সংযোজন
increased production	বর্ধিত উত্পাদন
increasingly	ক্রমবর্ধমান
increasingly; more and more	ক্রমশ আরো এবং আরো
incredible	অবিশ্বাস্য
incredibly	অবিশ্বাস্যভাবে
incur	বহন করা
indeed	প্রকৃতপক্ষে
indeed; truly; surely	প্রকৃতপক্ষে; সত্যই অবশ্যই
independence	স্বাধীনতা
independence (e.g. Ind. Day); self-support	স্বাধীনতা (যেমন ভারত দিবস); স্ব-সমর্থন
independent	স্বাধীন
index	সূচক
index finger	তর্জনী
index; indices	সূচক সূচক
indicate	নির্দেশ করে
indication	ইঙ্গিত
indication; market trend; worry	ইঙ্গিত বাজার প্রবণতা; চিন্তা
indicator	সূচক
indictment	অভিযোগ
indigenous	আদিবাসী
indigo	নীল
indirect	পরোক্ষ
indirection; indirectness	নির্দেশ পরোক্ষতা
individual	স্বতন্ত্র
individual; each	স্বতন্ত্র; প্রতিটি
individual; one by one	স্বতন্ত্র; এক এক করে
individual; private person; personal; private	স্বতন্ত্র; ব্যক্তিগত ব্যক্তি; ব্যক্তিগত ব্যক্তিগত
individual; separate	স্বতন্ত্র; পৃথক
individuality; personality; idiosyncrasy	ব্যক্তিত্ব; ব্যক্তিত্ব; ইডিওসিঙ্ক্রাসি
indomitable spirit	অদম্য আত্মা
indoor	ইনডোর
indoors	বাড়ির ভিতরে
induce	প্ররোচিত করা
indulge	প্রবৃত্তি
industrial	শিল্প
industrial arts	শিল্প কলা
industrial enterprise	শিল্প উদ্যোগ
industry	শিল্প
industry; diligence	শিল্প অধ্যবসায়
inequality	অসমতা
inevitable	অনিবার্য
inevitable death; desperation; frantic; inevitable result	অনিবার্য মৃত্যু; হতাশা পাগল অনিবার্য ফলাফল
inevitably	অনিবার্যভাবে
inexcusable	অমার্জনীয়
inexpensive; cheap (thing)	সস্তা; সস্তা (জিনিস)
infamous	কুখ্যাত
infancy; childish; infantile	শৈশব শিশুসুলভ শিশু
infant	শিশু
infant; baby; child	শিশু; শিশু; শিশু
infect	সংক্রমিত
infection	সংক্রমণ
infection; contagion	সংক্রমণ; সংক্রামক
infer	অনুমান
inference	অনুমান
inferior article	নিকৃষ্ট নিবন্ধ
infinite	অসীম
inflation	মুদ্রাস্ফীতি
inflict	আঘাত করা
influence	প্রভাব
influence; effect	প্রভাব প্রভাব
influential	প্রভাবশালী
info	তথ্য
inform	জানানো
informal	অনানুষ্ঠানিক
information	তথ্য
information source	তথ্য উৎস
information; (military) intelligence	তথ্য (সামরিক) বুদ্ধিমত্তা
information; guidance; leading	তথ্য নির্দেশনা নেতৃস্থানীয়
infrastructure	অবকাঠামো
ingenious; skillful; clever; deft	বুদ্ধিমান; দক্ষ; চতুর নিপুণ
ingredient	উপাদান
ingredient; component; composition	উপাদান; উপাদান; রচনা
ingredients; material	উপাদান; উপাদান
inhabitant	বাসিন্দা
inherent	সহজাত
inherit	উত্তরাধিকারী
inhibit	বাধা
initial	প্রাথমিক
initially	প্রাথমিকভাবে
initiate	শুরু করা
initiative	উদ্যোগ
inject	ইনজেকশন
injection	ইনজেকশন
injure	আঘাত করা
injured	আহত
injury	আঘাত
injury (to animate object); hurt	আঘাত (বস্তু অ্যানিমেট করতে); আঘাত
injury; harm; danger	আঘাত ক্ষতি বিপদ
injury; harm; evil influence; damage	আঘাত ক্ষতি মন্দ প্রভাব; ক্ষতি
injustice	অবিচার
injustice; unfairness	অবিচার; অন্যায়
ink	কালি
inmate	বন্দী
inn	সরাইখানা
inn; lodging	সরাইখানা; বাসস্থান
inner	ভিতরের
innocent	নির্দোষ
innovation	উদ্ভাবন
innovative	উদ্ভাবনী
input	ইনপুট
inquiry	তদন্ত
insect	পোকা
insert	সন্নিবেশ
insertion	সন্নিবেশ
inside	ভিতরে
inside the house	বাড়ির ভিতরে
inside; middle; among	ভিতরে মধ্যম মধ্যে
insider	অভ্যন্তরীণ
insight	অন্তর্দৃষ্টি
insignificant; boring; trifling	তুচ্ছ; বিরক্তিকর; trifling
insist	জোর করা
inspect	পরিদর্শন
inspection	পরিদর্শন
inspection (e.g. customs; factory); examination	পরিদর্শন (যেমন শুল্ক; কারখানা); পরীক্ষা
inspection; reading	পরিদর্শন; পড়া
inspection; study by observation; field trip	পরিদর্শন; পর্যবেক্ষণ দ্বারা অধ্যয়ন; ক্ষেত্র ভ্রমণ
inspector	পরিদর্শক
inspiration	অনুপ্রেরণা
inspire	অনুপ্রাণিত করা
install	ইনস্টল
installation	ইনস্টলেশন
instance	উদাহরণ
instance; example; case	উদাহরণ উদাহরণ মামলা
instant	তাত্ক্ষণিক
instant; time; moment	তাৎক্ষণিক; সময় মুহূর্ত
instantly	সঙ্গে সঙ্গে
instead	পরিবর্তে
instead of	পরিবর্তে
instinct	সহজাত প্রবৃত্তি
institute	ইনস্টিটিউট
institution	প্রতিষ্ঠান
institutional	প্রাতিষ্ঠানিক
instruct	নির্দেশ
instruction	নির্দেশ
instructor	প্রশিক্ষক
instrument	যন্ত্র
instrumental	যন্ত্রসংক্রান্ত
insufficiency; shortage; deficiency; lack; dearth	অপর্যাপ্ততা; অভাব অভাব অভাব অভাব
insufficient	অপর্যাপ্ত
insult	অপমান
insurance	বীমা
intact	অক্ষত
intake	গ্রহণ
intangible	অধরা
integer	পূর্ণসংখ্যা
integral	অবিচ্ছেদ্য
integrate	একীভূত করা
integrated	সমন্বিত
integration	ইন্টিগ্রেশন
integrity	সততা
intellectual	বুদ্ধিজীবী
intelligence	বুদ্ধিমত্তা
intelligence; brains	বুদ্ধিমত্তা মস্তিষ্ক
intelligent	বুদ্ধিমান
intend	উদ্দেশ্য
intended	উদ্দেশ্য
intense	তীব্র
intensification	তীব্রতা
intensify	তীব্র করা
intensity	তীব্রতা
intensive	নিবিড়
intent	অভিপ্রায়
intention	উদ্দেশ্য
intention; aim; design	উদ্দেশ্য; লক্ষ্য নকশা
intention; idea; inclination	উদ্দেশ্য; ধারণা প্রবণতা
intention; purpose	উদ্দেশ্য; উদ্দেশ্য
interact	যোগাযোগ
interaction	মিথস্ক্রিয়া
interactive	ইন্টারেক্টিভ
interest	সুদ
interest rate	সুদের হার
interested	আগ্রহী
interesting	আকর্ষণীয়
interesting / fun	আকর্ষণীয়/মজা
interesting / funny	আকর্ষণীয় / মজার
interface	ইন্টারফেস
interfere	হস্তক্ষেপ
interference	হস্তক্ষেপ
interference; intervention	হস্তক্ষেপ হস্তক্ষেপ
interim	অন্তর্বর্তী
interior	অভ্যন্তর
interior; inner part	অভ্যন্তর ভিতরের অংশ
intermediate	মধ্যবর্তী
internal	অভ্যন্তরীণ
international	আন্তর্জাতিক
international call	আন্তর্জাতিক কল
international relations	আন্তর্জাতিক সম্পর্ক
international student	আন্তর্জাতিক ছাত্র
internet	ইন্টারনেট
internist clinic; internal medicine	ইন্টারনিস্ট ক্লিনিক; অভ্যন্তরীণ ঔষধ
interpret	ব্যাখ্যা
interpretation	ব্যাখ্যা
interrupt	বাধা
intersection	ছেদ
interval	ব্যবধান
intervene	হস্তক্ষেপ
intervention	হস্তক্ষেপ
interview	সাক্ষাৎকার
interview; audience	সাক্ষাৎকার; দর্শক
intimate	অন্তরঙ্গ
intimate friend; bosom buddy; chum	অন্তরঙ্গ বন্ধু; bosom buddy; চুম
intimate; close (e.g. friend)	অন্তরঙ্গ বন্ধ (যেমন বন্ধু)
into	মধ্যে
intolerable; unbearable; unendurable	অসহনীয় অসহ্য অসহ্য
intricacy	জটিলতা
intricate	জটিল
intriguing	কৌতূহলী
intro; outline; general remarks	ভূমিকা রূপরেখা সাধারণ মন্তব্য
introduce	পরিচয় করিয়ে দেওয়া
introduction	ভূমিকা
intuition	অন্তর্দৃষ্টি
invade	আক্রমণ করা
invalid	অবৈধ
invasion	আক্রমণ
invent	উদ্ভাবন
invention	উদ্ভাবন
inversion; upside down	বিপরীত উল্টো
invest	বিনিয়োগ
investigate	তদন্ত
investigation	তদন্ত
investigation / survey	তদন্ত/জরিপ
investigation; examination; inquiry; survey	তদন্ত পরীক্ষা তদন্ত জরিপ
investigator	তদন্তকারী
investment	বিনিয়োগ
investor	বিনিয়োগকারী
invisible	অদৃশ্য
invitation	আমন্ত্রণ
invitation; solicitation; canvassing; inducement; persuasion; encouragement	আমন্ত্রণ অনুনয় ক্যানভাসিং প্ররোচিত করা; প্ররোচনা উত্সাহ
invite	আমন্ত্রণ
invoke	আহ্বান
involve	জড়িত
involved	জড়িত
involvement	জড়িত
iron	লোহা
iron pot; kettle	লোহার পাত্র; কেটলি
ironic	বিদ্রূপাত্মক
ironically	বিদ্রূপাত্মকভাবে
irony	বিদ্রুপ
irrefutable	অকাট্য
irregularity; unsteadiness; disorderly	অনিয়ম অস্থিরতা; উচ্ছৃঙ্খল
irrelevant	অপ্রাসঙ্গিক
is it okay?	এটা কি ঠিক আছে?
island	দ্বীপ
isolate	বিচ্ছিন্ন করা
isolated	বিচ্ছিন্ন
isolation	বিচ্ছিন্নতা
isolation; helplessness	বিচ্ছিন্নতা অসহায়ত্ব
isolation; loneliness; solitude	বিচ্ছিন্নতা একাকীত্ব নির্জনতা
issue	সমস্যা
issue (publications)	সমস্যা (প্রকাশনা)
it has been a long time	এটি একটি দীর্ঘ সময় হয়েছে
it is about time to ...	এটা প্রায় সময় ...
it rains	বৃষ্টি হয়
it's okay / I'm fine	এটা ঠিক আছে/আমি ভালো আছি
item	আইটেম
item / matter	আইটেম / বিষয়
itemized form; itemization	আইটেমাইজড ফর্ম; আইটেমাইজেশন
itinerary; route	ভ্রমণসূচী; রুট
its	এর
itself	নিজেই
jacket	জ্যাকেট
jail	জেল
jailer; old man; rank; company officer	জেলর; বুড়ো মানুষ; পদমর্যাদা; কোম্পানির কর্মকর্তা
jam	জ্যাম
jazz	জ্যাজ
jealous	ঈর্ষান্বিত
jeans	জিন্স
jest; joke	ঠাট্টা কৌতুক
jet	জেট
jet aeroplane	জেট বিমান
jewellery	গহনা
job	চাকরি
job / work	চাকরি/কাজ
job change	চাকরি পরিবর্তন
job hunting	কাজ খোঁজা
job; work; occupation	চাকরি কাজ পেশা
jogging	জগিং
join	যোগদান
joint	যৌথ
joke	কৌতুক
joke; pun; witticism	কৌতুক শ্লেষ বুদ্ধিবৃত্তি
journal	জার্নাল
journalism	সাংবাদিকতা
journalist	সাংবাদিক
journey	যাত্রা
joy	আনন্দ
joys and sorrows	সুখ এবং দুঃখ
judge	বিচারক
judge; judiciary	বিচারক বিচার বিভাগ
judgement	রায়
judgement; decision	রায় সিদ্ধান্ত
judgement; penalty; punishment	রায় শাস্তি শাস্তি
judgment	রায়
judicial	বিচারিক
judiciary	বিচার বিভাগ
judo	জুডো
juice	রস
juice; sap; soup; broth	রস রস স্যুপ; ঝোল
jump	লাফ
junction	জংশন
junior	জুনিয়র
junior (at work or school)	জুনিয়র (কাজে বা স্কুলে)
junior (at work)	জুনিয়র (কাজে)
junior high school student	জুনিয়র হাই স্কুলের ছাত্র
junior high school; middle school	জুনিয়র হাই স্কুল; মাধ্যমিক বিদ্যালয়
junior members of a group	একটি গ্রুপের জুনিয়র সদস্য
jurisdiction	এখতিয়ার
jury	জুরি
just	শুধু
just (now; at the moment; etc.)	শুধু (এখন; এই মুহূর্তে; ইত্যাদি)
just a minute; small quantity	মাত্র এক মিনিট; ছোট পরিমাণ
just before	ঠিক আগে
just like / not at all	ঠিক মত/ মোটেও না
just now	এইমাত্র
just; right; exactly	শুধু অধিকার ঠিক
justice	ন্যায়বিচার
justice; fairness; impartiality	ন্যায়বিচার ন্যায়পরায়ণতা নিরপেক্ষতা
justification	ন্যায্যতা
justify	ন্যায্যতা
juxtapose	সংযোজন
kana orthography; syllabary spelling	কানা অর্থোগ্রাফি; পাঠ্যক্রমের বানান
kangaroo	ক্যাঙ্গারু
kanji; Chinese character	কাঞ্জি; চীনা চরিত্র
karaoke	কারাওকে
karate	কারাতে
katakana	কাতাকানা
keen	প্রখর
keep	রাখা
keep up with	সঙ্গে রাখা
kettle	কেটলি
key	চাবি
key / lock	চাবি / তালা
keyboard	কীবোর্ড
kick	লাথি
kid	বাচ্চা
kidnap	অপহরণ
kidney	কিডনি
kids	বাচ্চাদের
kill	হত্যা
killing	হত্যা
killing time	সময় হত্যা
killing two birds with one stone	এক ঢিলে দুই পাখি মারা
kilometre	কিলোমিটার
kimono	কিমোনো
kimono; Japanese traditional dress	কিমোনো; জাপানি ঐতিহ্যবাহী পোশাক
kind	ধরনের
kind / gentle	সদয় / ভদ্র
kind; deep; thick	ধরনের গভীর পুরু
kindergarten	কিন্ডারগার্টেন
kindness	দয়া
king	রাজা
king (shogi)	রাজা (শোগি)
king; ruler; sovereign; monarch	রাজা শাসক সার্বভৌম রাজা
kingdom	রাজ্য
kiss	চুম্বন
kit	কিট
kitchen	রান্নাঘর
kitchen knife; carving knife	রান্নাঘরের ছুরি; খোদাই ছুরি
knee	হাঁটু
knee; lap	হাঁটু; কোল
knife	ছুরি
knitting wool	বুনন উল
knitting; web	বুনন; ওয়েব
knock	নক
know	জানি
knowing very well; detailed; full; accurate	খুব ভালো করে জানা; বিস্তারিত পূর্ণ; সঠিক
knowing; acquaintance	জানা; পরিচিতি
knowledge	জ্ঞান
knowledge; information	জ্ঞান; তথ্য
lab	ল্যাব
label	লেবেল
labor costs	শ্রম খরচ
labor; exertion; diligent service	শ্রম পরিশ্রম পরিশ্রমী সেবা
laboratory	পরীক্ষাগার
labour	শ্রম
labourer; worker	শ্রমিক কর্মী
lack	অভাব
lad	ছেলে
ladder	মই
ladder; stairs	মই সিঁড়ি
lady	ভদ্রমহিলা
lake	হ্রদ
lamp	বাতি
lamp oil; kerosene	বাতির তেল; কেরোসিন
lamplight; light (in general); brightness	বাতির আলো; হালকা (সাধারণভাবে); উজ্জ্বলতা
land	জমি
landing	অবতরণ
landlord	জমিদার
landmark	ল্যান্ডমার্ক
landscape	ল্যান্ডস্কেপ
landslide	ভূমিধস
lane	গলি
language	ভাষা
language lab	ভাষা ল্যাব
language study	ভাষা অধ্যয়ন
language; word	ভাষা শব্দ
lap	কোল
laptop	ল্যাপটপ
large	বড়
large tree	বড় গাছ
large-scale	বড় মাপের
largely	ব্যাপকভাবে
laser	লেজার
last	শেষ
last (year); yesterday	গত (বছর); গতকাল
last month	গত মাসে
last night	গত রাতে
last train	শেষ ট্রেন
last week	গত সপ্তাহে
last year	গত বছর
last; end	শেষ শেষ
last; final; closing	শেষ চূড়ান্ত বন্ধ
lastly	অবশেষে
late	দেরী
late at night	গভীর রাতে
late; slow	দেরী ধীর
lately	ইদানীং
lately; recently; nowadays	সম্প্রতি; সম্প্রতি; আজকাল
lateness; late coming	বিলম্ব দেরী আসছে
later	পরে
later on	পরে
latest	সর্বশেষ
latest; nowadays	সর্বশেষ আজকাল
latitude (nav.)	অক্ষাংশ (Nav.)
latter	পরের
laugh	হাসি
laugh; laughter; smile	হাসি হাসি হাসি
laughter	হাসি
launch	লঞ্চ
laundry	লন্ড্রি
lava	লাভা
law	আইন
law / principle	আইন/নীতি
law; rule	আইন নিয়ম
lawn	লন
lawsuit	মামলা
lawyer	আইনজীবী
lay	রাখা
layer	স্তর
layout	বিন্যাস
lazy	অলস
lazy person	অলস ব্যক্তি
lead	নেতৃত্ব
lead (the metal)	সীসা (ধাতু)
leader	নেতা
leadership	নেতৃত্ব
leadership; guidance; coaching	নেতৃত্ব নির্দেশনা কোচিং
leading	নেতৃস্থানীয়
leading part; leading actor (actress)	অগ্রণী অংশ; প্রধান অভিনেতা (অভিনেত্রী)
leaf	পাতা
leaflet	লিফলেট
league	লীগ
leak	ফুটো
lean	চর্বিহীন
lean; incline	চর্বিহীন ঝোঁক
leap	লাফ
learn	শিখতে
learning	শেখার
learning from the past	অতীত থেকে শিক্ষা
learning; scholarship; erudition; knowledge	শিখন বৃত্তি; পাণ্ডিত্য জ্ঞান
least	অন্তত
least; lowest; worst	অন্তত; সর্বনিম্ন সবচেয়ে খারাপ
leather	চামড়া
leave	ছেড়ে
leave request form	অনুরোধ ফর্ম ছেড়ে
leaving hospital	হাসপাতাল ছেড়ে
leaving the office	অফিস ছেড়ে
lecture	বক্তৃতা
lecture cancelled	বক্তৃতা বাতিল
lecture; address	বক্তৃতা ঠিকানা
lecturer	প্রভাষক
left	বাম
left hand side	বাম দিকে
left side	বাম দিকে
leg	পা
leg / foot	লেগ / পা
leg; foot	পা পা
legacy	উত্তরাধিকার
legal	আইনি
legend	কিংবদন্তি
legendary	কিংবদন্তি
legislation	আইন
legislative	আইনী
legislative bill	আইন প্রণয়ন বিল
legislature	আইনসভা
legitimate	বৈধ
legitimize	বৈধ করা
leisure	অবসর
lemon	লেবু
lemon yellow	লেবু হলুদ
lend	ধার দেওয়া
lending; loaning	ঋণ ঋণ
length	দৈর্ঘ্য
length; height	দৈর্ঘ্য; উচ্চতা
length; long and short; +-	দৈর্ঘ্য; দীর্ঘ এবং সংক্ষিপ্ত; +-
lengthy	দীর্ঘ
lenient	নম্র
lens	লেন্স
lesbian	সমকামী
less	কম
less than	কম
less than; insufficient	এর চেয়ে কম অপর্যাপ্ত
lesser	কম
lesson	পাঠ
lesson; class work	পাঠ ক্লাস কাজ
lesson; precept; moral instruction	পাঠ আজ্ঞা নৈতিক নির্দেশনা
let	যাক
let's eat	খাওয়া যাক
let's eat (before a meal)	চলো খাই (খাওয়ার আগে)
lethal	প্রাণঘাতী
letter	চিঠি
letter (of alphabet); character	অক্ষর (বর্ণমালার); চরিত্র
letter of recommendation	সুপারিশের চিঠি
letter to the editor; letter from a reader; contribution	সম্পাদকের কাছে চিঠি; পাঠকের কাছ থেকে চিঠি; অবদান
letter; character	চিঠি চরিত্র
lettuce	লেটুস
level	স্তর
level of humidity	আর্দ্রতার মাত্রা
level off	বন্ধ স্তর
liability	দায়
liable	দায়ী
liaise	যোগাযোগ
liar	মিথ্যাবাদী
liar (sometimes said with not much seriousness); fibber	মিথ্যাবাদী (কখনও কখনও খুব বেশি গুরুত্ব সহকারে বলা হয় না); ফাইবার
liberal	উদার
liberation	মুক্তি
liberty	স্বাধীনতা
library	লাইব্রেরি
licence	লাইসেন্স
license	লাইসেন্স
license; permit; licence; certificate	লাইসেন্স; অনুমতি লাইসেন্স সার্টিফিকেট
lie	মিথ্যা
lie; falsehood; incorrect fact; inappropriate	মিথ্যা মিথ্যা ভুল সত্য; অনুপযুক্ত
life	জীবন
life (one's life)	জীবন (একজনের জীবন)
life span	জীবনকাল
life; existence	জীবন অস্তিত্ব
life; living	জীবন জীবিত
lifelong	আজীবন
lifestyle	জীবনধারা
lifetime	জীবনকাল
lift	উত্তোলন
light	আলো
light (color)	হালকা (রঙ)
light (weight)	হালকা (ওজন)
light / electricity	আলো / বিদ্যুৎ
light blue	হালকা নীল
light bulb	আলো বাল্ব
lighthouse	বাতিঘর
lighting	আলো
lightning	বজ্রপাত
like	পছন্দ
likeable	পছন্দযোগ্য
likelihood	সম্ভাবনা
likely	সম্ভবত
likes and dislikes	পছন্দ এবং অপছন্দ
likes and dislikes; taste	পছন্দ এবং অপছন্দ; স্বাদ
likewise	একইভাবে
likewise, the pleasure is mine	একইভাবে, আনন্দ আমার
liking; taste; choice	ভালো লাগা স্বাদ পছন্দ
limb	অঙ্গ
limit	সীমা
limit; bound	সীমা আবদ্ধ
limit; bounds	সীমা সীমানা
limit; localize	সীমা স্থানীয়করণ
limit; restriction	সীমা সীমাবদ্ধতা
limitation	সীমাবদ্ধতা
limited	সীমিত
limited express train (faster than an express train)	সীমিত এক্সপ্রেস ট্রেন (একটি এক্সপ্রেস ট্রেনের চেয়ে দ্রুত)
limits; boundary; domain; zone; sphere; territory	সীমা সীমানা ডোমেইন; অঞ্চল; গোলক অঞ্চল
line	লাইন
line / queue	লাইন / সারি
line-up	লাইন আপ
line; track; roadbed	লাইন ট্র্যাক রাস্তার বিছানা
linear	রৈখিক
linger	দীর্ঘস্থায়ী
link	লিঙ্ক
lion	সিংহ
lip	ঠোঁট
lips	ঠোঁট
lipstick	লিপস্টিক
liquid	তরল
liquid; fluid	তরল তরল
list	তালিকা
listen	শুনুন
listener	শ্রোতা
listing	তালিকা
literacy	সাক্ষরতা
literally	আক্ষরিক অর্থে
literary	সাহিত্যিক
literary style	সাহিত্য শৈলী
literature	সাহিত্য
literature; art and literature; belles-lettres	সাহিত্য; শিল্প এবং সাহিত্য; belles- letters
literature; books (reference)	সাহিত্য; বই (রেফারেন্স)
litre	লিটার
litter	আবর্জনা
little	সামান্য
little finger	ছোট আঙুল
live	বাস
lively	প্রাণবন্ত
lively / busy	প্রাণবন্ত / ব্যস্ত
liver	যকৃত
living	জীবিত
living alone	একা বসবাস
living room	বসার ঘর
living room (western style)	বসার ঘর (পশ্চিমা শৈলী)
living thing	জীবন্ত জিনিস
living thing; animal	জীবন্ত জিনিস পশু
living; livelihood; subsistence; circumstances	জীবিত জীবিকা; জীবিকা; পরিস্থিতি
load	লোড
load; baggage; cargo	লোড লাগেজ পণ্যসম্ভার
loan	ঋণ
loan; lending	ঋণ ঋণ
lobby	লবি
local	স্থানীয়
locate	সনাক্ত করা
located	অবস্থিত
location	অবস্থান
lock	তালা
locomotive; engine	লোকোমোটিভ ইঞ্জিন
lodging	বাসস্থান
log	লগ
logic	যুক্তি
logical	যৌক্তিক
logo	লোগো
lonely	একাকী
long	দীর্ঘ
long time no see	অনেক দিন দেখি না
long time period	দীর্ঘ সময়কাল
long way; distant place	দীর্ঘ পথ দূরবর্তী স্থান
long-standing	দীর্ঘস্থায়ী
long-term	দীর্ঘমেয়াদী
long-time	দীর্ঘ সময়
long; lengthy	দীর্ঘ দীর্ঘ
long; long-continued; old (story)	দীর্ঘ long-continued; পুরানো (গল্প)
longitude	দ্রাঘিমাংশ
look	তাকান
look (or turn) the other way	অন্য দিকে তাকান (বা ঘুরিয়ে দিন)
look after	দেখাশোনা
look forward to	উন্মুখ
look into	মধ্যে তাকান
look; appearance; spectacle	চেহারা চেহারা চশমা
looking after a house during one's absence	একজনের অনুপস্থিতিতে একটি বাড়ির দেখাশোনা করা
looking after; help; aid; assistance	দেখাশোনা; সাহায্য সাহায্য সাহায্য
looking forward to	উন্মুখ
loom	তাঁত
loop	লুপ
loose	আলগা
loose; lenient; slow	loose; lenient; ধীর
lord	প্রভু
lorry	লরি
lose	হারান
loss	ক্ষতি
loss and gain; advantage and disadvantage	ক্ষতি এবং লাভ; সুবিধা এবং অসুবিধা
loss; disadvantage	ক্ষতি অসুবিধা
lost	হারিয়ে
lost (stray) child	হারিয়ে যাওয়া (বিপথগামী) শিশু
lost article	হারিয়ে যাওয়া নিবন্ধ
lost property	হারানো সম্পত্তি
lot	অনেক
lottery	লটারি
loud	জোরে
loudly	জোরে
love	প্রেম
love; affection	ভালবাসা স্নেহ
love; tender passion	ভালবাসা কোমল আবেগ
lovely	সুন্দর
lovely; sweet	সুন্দর মিষ্টি
lover; sweetheart	প্রেমিক প্রিয়তমা
low	কম
low rank; subordinate; lower order (e.g. byte)	নিম্ন পদমর্যাদা; অধীনস্থ নিম্ন ক্রম (যেমন বাইট)
lower	নিম্ন
lower official	নিম্ন কর্মকর্তা
loyal	অনুগত
loyalty	আনুগত্য
loyalty points	আনুগত্য পয়েন্ট
lucid	স্পষ্ট
luck	ভাগ্য
lucky	ভাগ্যবান
luggage	লাগেজ
luke warm	উষ্ণ লুক
lumber; timber	কাঠ কাঠ
lumber; timber; wood	কাঠ কাঠ; কাঠ
lump; mass; clod; cluster	পিণ্ড ভর; জমাট ক্লাস্টার
lunch	দুপুরের খাবার
lunch box / bento	লাঞ্চ বক্স / বেন্টো
lunch break	লাঞ্চ বিরতি
lunch; midday meal	দুপুরের খাবার দুপুরের খাবার
lunch; noon	দুপুরের খাবার দুপুর
lung	ফুসফুস
lungs	ফুসফুস
luxury	বিলাসিতা
luxury; extravagance	বিলাসিতা বাড়াবাড়ি
luxury; pomp; delicate; slender; gorgeous	বিলাসিতা আড়ম্বর সূক্ষ্ম সরু চমত্কার
lyric	লিরিক
machine	মেশিন
machine; mechanism	মেশিন প্রক্রিয়া
machinery	যন্ত্রপাতি
mad	পাগল
madam	ম্যাডাম
magazine	পত্রিকা
magic	জাদু
magical	জাদুকর
magistrate	ম্যাজিস্ট্রেট
magnet	চুম্বক
magnetic	চৌম্বক
magnification; enlargement	বিবর্ধন; বৃদ্ধি
magnificent	মহৎ
magnitude	মাত্রা
maid	দাসী
mail	মেইল
mail; postal service	মেইল ডাক পরিষেবা
mailing	মেইলিং
main	প্রধান
main gate; main entrance	প্রধান ফটক; প্রধান প্রবেশদ্বার
main line; trunk line	প্রধান লাইন; ট্রাঙ্ক লাইন
main street	প্রধান রাস্তা
mainland	মূল ভূখণ্ড
mainly	প্রধানত
mainly; primarily	প্রধানত প্রাথমিকভাবে
mainstream	মূলধারা
maintain	বজায় রাখা
maintenance	রক্ষণাবেক্ষণ
maintenance; preservation	রক্ষণাবেক্ষণ; সংরক্ষণ
major	প্রধান
major subject; special study	প্রধান বিষয়; বিশেষ অধ্যয়ন
majority	সংখ্যাগরিষ্ঠ
majority; mostly; generally	সংখ্যাগরিষ্ঠতা বেশিরভাগ সাধারণত
make	করা
make up	আপ করা
make-up	মেক আপ
make-up (cosmetic)	মেক আপ (প্রসাধনী)
making	তৈরী
making use of; application; investment; practical use	ব্যবহার করা; আবেদন বিনিয়োগ ব্যবহারিক ব্যবহার
male	পুরুষ
male / man	পুরুষ/পুরুষ
malicious; ill-tempered; unkind	দূষিত; ill-tempered; নির্দয়
mall	মল
man	মানুষ
man and wife; married couple	পুরুষ এবং স্ত্রী; বিবাহিত দম্পতি
man-made; synthetic; artificial	মানুষের তৈরি; সিন্থেটিক; কৃত্রিম
manage	পরিচালনা
management	ব্যবস্থাপনা
management; (executive) staff; leaders	ব্যবস্থাপনা (নির্বাহী) কর্মী; নেতাদের
management; administration	ব্যবস্থাপনা প্রশাসন
management; administration; operation	ব্যবস্থাপনা প্রশাসন অপারেশন
manager	ম্যানেজার
mandarin	ম্যান্ডারিন
mandarin orange	ম্যান্ডারিন কমলা
mandate	আদেশ
mandatory	বাধ্যতামূলক
manga / comics	মাঙ্গা / কমিক্স
mango	আম
manifest	প্রকাশ
manifestation	প্রকাশ
manipulate	ম্যানিপুলেট
manipulation	ম্যানিপুলেশন
mankind; humanity	মানবজাতি; মানবতা
manner	পদ্ধতি
manners	শিষ্টাচার
manners; courtesy; etiquette	শিষ্টাচার সৌজন্য শিষ্টাচার
manners; etiquette; propriety	শিষ্টাচার শিষ্টাচার প্রাপ্যতা
mansion	প্রাসাদ
manual labor; toil; work	কায়িক শ্রম; পরিশ্রম কাজ
manufacture	উত্পাদন
manufacture; production	উত্পাদন উত্পাদন
manufactured goods; finished goods	উৎপাদিত পণ্য; সমাপ্ত পণ্য
manufacturing	উত্পাদন
manufacturing; processing; treatment	উত্পাদন; প্রক্রিয়াকরণ চিকিত্সা
manuscript	পাণ্ডুলিপি
manuscript; copy	পাণ্ডুলিপি; অনুলিপি
many	অনেক
many / a lot	অনেক / অনেক
many times	অনেক বার
many; a lot	অনেকগুলি অনেক
many; numerous	অনেকগুলি অসংখ্য
map	মানচিত্র
marathon	ম্যারাথন
margin	মার্জিন
marginal	প্রান্তিক
marine	সামুদ্রিক
marine products; fisheries	সামুদ্রিক পণ্য; মৎস্য
maritime; marine transportation	সামুদ্রিক; সামুদ্রিক পরিবহন
mark	চিহ্ন
mark; objective; target	চিহ্ন উদ্দেশ্য লক্ষ্য
mark; sign; landmark	চিহ্ন চিহ্ন ল্যান্ডমার্ক
marker	চিহ্নিতকারী
market	বাজার
marketing	মার্কেটিং
marketplace	বাজার
marking; grading; looking over	চিহ্নিতকরণ; গ্রেডিং; তাকিয়ে আছে
marks; points; score; runs	চিহ্ন পয়েন্ট; স্কোর; রান
marriage	বিবাহ
marriage proposal; engagement	বিয়ের প্রস্তাব; ব্যস্ততা
marriage registration	বিবাহ নিবন্ধন
marriage; married	বিবাহ বিবাহিত
married	বিবাহিত
married couple; husband and wife	বিবাহিত দম্পতি; স্বামী এবং স্ত্রী
marry	বিয়ে
martial	মার্শাল
mask	মুখোশ
mass	ভর
massacre	গণহত্যা
massive	বিশাল
master	মাস্টার
master; expert	মাস্টার বিশেষজ্ঞ
masterpiece	মাস্টারপিস
masterpiece; best work; boner; blunder	মাস্টারপিস; সেরা কাজ; boner ভুল
match	ম্যাচ
match; game	ম্যাচ খেলা
matching	ম্যাচিং
mate	সঙ্গী
material	উপাদান
material; substance	উপাদান পদার্থ
materials / documents	উপকরণ / নথি
materials; data	উপকরণ; তথ্য
mathematical	গাণিতিক
mathematics	গণিত
mathematics; arithmetic	গণিত পাটিগণিত
maths	গণিত
matter	ব্যাপার
matter of taste	স্বাদের ব্যাপার
mature	পরিপক্ক
maximize	সর্বোচ্চ করা
maximum	সর্বোচ্চ
may I take a photo?	আমি কি ছবি তুলতে পারি?
may; might; perhaps; may be; possibly	হতে পারে; পারে সম্ভবত হতে পারে; সম্ভবত
maybe	হয়তো
maybe / perhaps	হয়তো / সম্ভবত
mayor	মেয়র
me	আমি
meal	খাবার
mean	মানে
mean-spirited	অর্থ-উৎসাহী
meaning	অর্থ
meaning; reason	অর্থ কারণ
meaning; reason; circumstances; can be deduced; situation	অর্থ কারণ পরিস্থিতি অনুমান করা যেতে পারে; পরিস্থিতি
meaning; significance	অর্থ তাৎপর্য
meaningful	অর্থপূর্ণ
means	মানে
means; way; measure	মানে পথ পরিমাপ
meantime	ইতিমধ্যে
meanwhile	এদিকে
measure	পরিমাপ
measure / step	পরিমাপ / পদক্ষেপ
measure / treatment	পরিমাপ / চিকিত্সা
measurement	পরিমাপ
measurement; size; dimension	পরিমাপ আকার; মাত্রা
measurement; surveying	পরিমাপ জরিপ
meat	মাংস
mechanic	মেকানিক
mechanical	যান্ত্রিক
mechanism	প্রক্রিয়া
mechanism / organization	প্রক্রিয়া / সংগঠন
mechanism; organization	প্রক্রিয়া; সংগঠন
medal	পদক
media	মিডিয়া
medical	চিকিৎসা
medical care	চিকিৎসা সেবা
medical care; medical treatment	চিকিৎসা সেবা; চিকিৎসা চিকিৎসা
medical doctor	চিকিৎসা ডাক্তার
medical examination	মেডিকেল পরীক্ষা
medical science	চিকিৎসা বিজ্ঞান
medical test	মেডিকেল পরীক্ষা
medication	ঔষধ
medicine	ঔষধ
medicine(s); chemical(s)	ঔষধ(গুলি); রাসায়নিক(গুলি)
medieval	মধ্যযুগীয়
meditation	ধ্যান
medium	মাঝারি
meet	দেখা
meeting	মিটিং
meeting hall; assembly hall	মিটিং হল; সমাবেশ হল
meeting room	মিটিং রুম
meeting up (with someone)	দেখা করা (কারো সাথে)
meeting; assembly	মিটিং সমাবেশ
meeting; assembly; party; association; club	মিটিং সমাবেশ দল সংঘ ক্লাব
meeting; person sent to pick up an arrival	মিটিং একটি আগমন নিতে পাঠানো ব্যক্তি
meeting; reception	মিটিং অভ্যর্থনা
meeting; rendezvous; encounter	মিটিং মিলনস্থল; সম্মুখীন
melody	সুর
melon	তরমুজ
melt	গলে
member	সদস্য
member of the Diet; congress or parliament	খাদ্যের সদস্য; কংগ্রেস বা সংসদ
member; the membership	সদস্য সদস্যপদ
membership	সদস্যপদ
memo	মেমো
memoir	স্মৃতিকথা
memorable	স্মরণীয়
memorial	স্মারক
memories; recollections; reminiscence	স্মৃতি; recollections; স্মৃতিচারণ
memorization; learning by heart	মুখস্থ; হৃদয় দিয়ে শেখা
memorize	মুখস্থ করা
memory	স্মৃতি
memory; recollection; remembrance	স্মৃতি; স্মরণ; স্মরণ
memory; sense; experience	স্মৃতি; অনুভূতি অভিজ্ঞতা
mental	মানসিক
mental arithmetic	মানসিক পাটিগণিত
mentality	মানসিকতা
mention	উল্লেখ
mention; entry	উল্লেখ প্রবেশ
mentor	পরামর্শদাতা
menu	মেনু
menu; program; schedule	মেনু; প্রোগ্রাম; সময়সূচী
merchant	বণিক
mercy	করুণা
mere	নিছক
mere; simple; sheer	নিছক; সহজ নিছক
merely	নিছক
merge	একত্রিত করা
merger	একত্রীকরণ
merit	যোগ্যতা
merit; efficiency; arms; force	যোগ্যতা দক্ষতা অস্ত্র বল
merry Christmas	শুভ বড়দিন
mess	মেস
message	বার্তা
messy; disorganized	অগোছালো অসংগঠিত
metal	ধাতু
metaphor	রূপক
meter; gauge	মিটার; গেজ
method	পদ্ধতি
method; manner; way; means; technique	পদ্ধতি পদ্ধতি পথ মানে কৌশল
methodology	পদ্ধতি
meticulous	সূক্ষ্ম
meticulous preparation	সূক্ষ্ম প্রস্তুতি
metre	মিটার
metro	মেট্রো
metropolitan	মহানগর
microscope	মাইক্রোস্কোপ
microwave	মাইক্রোওয়েভ
midday meal	দুপুরের খাবার
middle	মধ্যম
middle finger	মধ্যমা আঙুল
middle of the night	মধ্যরাত
middle school; junior high school	মাধ্যমিক বিদ্যালয়; জুনিয়র হাই স্কুল
middle-aged	মধ্যবয়সী
middle-aged gentleman; uncle	মধ্যবয়সী ভদ্রলোক; চাচা
middle; half; semi; halfway; partly	মধ্যম অর্ধেক; আধা অর্ধেক পথ আংশিকভাবে
middle; midway; interim	মধ্যম মাঝপথে অন্তর্বর্তী
midnight	মধ্যরাত
midnight; dead of night	মধ্যরাত; রাতে মৃত
midst	মাঝখানে
might	পারে
might as well	পাশাপাশি হতে পারে
migration	মাইগ্রেশন
migration; immigration	মাইগ্রেশন অভিবাসন
mild	হালকা
mile	মাইল
milestone	মাইলফলক
militant	জঙ্গি
military	সামরিক
military affairs	সামরিক বিষয়
military or naval uniform	সামরিক বা নৌ ইউনিফর্ম
militia	মিলিশিয়া
milk	দুধ
mill	কল
million	মিলিয়ন
mimicry; imitation; behavior; pretense	অনুকরণ; অনুকরণ; আচরণ ভান
mind	মন
mind and body	মন এবং শরীর
mind; soul; heart; spirit; intention	মন; আত্মা হৃদয়; আত্মা উদ্দেশ্য
mine	আমার
miner	খনি
mineral	খনিজ
minimal	সর্বনিম্ন
minimize	ছোট করা
minimum	সর্বনিম্ন
mining	খনির
minister	মন্ত্রী
ministry	মন্ত্রণালয়
minor	নাবালক
minority	সংখ্যালঘু
minute	মিনিট
minutes	মিনিট
miracle	অলৌকিক
mirror	আয়না
miserable	দুঃখজনক
misery	দুর্দশা
misleading	বিভ্রান্তিকর
miso soup	miso স্যুপ
miss	মিস
missile	মিসাইল
missing	অনুপস্থিত
mission	মিশন
mission; simple task; doing	মিশন সহজ কাজ; করছেন
mistake	ভুল
misunderstanding	ভুল বোঝাবুঝি
misunderstanding; wrong guess	ভুল বোঝাবুঝি ভুল অনুমান
mitigate	প্রশমিত করা
mittens	mittens
mix	মিশ্রণ
mixed	মিশ্রিত
mixing; mixture	মিশ্রণ; মিশ্রণ
mixture	মিশ্রণ
moat	পরিখা
moat; canal	পরিখা খাল
mob	ভিড়
mobile	মোবাইল
mobile phone	মোবাইল ফোন
mobility	গতিশীলতা
mobilize	সচল করা
mode	মোড
model	মডেল
model; standard; pattern; norm; criterion; example	মডেল; মান প্যাটার্ন; আদর্শ মানদণ্ড উদাহরণ
moderate	মধ্যপন্থী
moderate; handy	মধ্যপন্থী; সহজ
moderate; right; random; not thorough; vague; irresponsible; halfhearted	মধ্যপন্থী; অধিকার এলোমেলো পুঙ্খানুপুঙ্খ নয়; অস্পষ্ট দায়িত্বহীন অর্ধহৃদয়
modern	আধুনিক
modern era	আধুনিক যুগ
modest	বিনয়ী
modesty; humility	বিনয় নম্রতা
modification	পরিবর্তন
modify	সংশোধন করা
moisture	আর্দ্রতা
moisture; humidity; dampness	আর্দ্রতা আর্দ্রতা; স্যাঁতসেঁতে
mold; model; style; shape; data-type	ছাঁচ মডেল; শৈলী; আকৃতি; ডেটা-টাইপ
molecule	অণু
moment	মুহূর্ত
moment; second; instant	মুহূর্ত দ্বিতীয় তাত্ক্ষণিক
moment; time	মুহূর্ত সময়
momentum	গতিবেগ
monetary circulation; credit situation	আর্থিক প্রচলন; ক্রেডিট পরিস্থিতি
money	টাকা
money collection	অর্থ সংগ্রহ
money order; exchange	মানি অর্ডার; বিনিময়
money; cash	টাকা নগদ
money; currency; coinage	টাকা মুদ্রা মুদ্রা
monitor	মনিটর
monk	সন্ন্যাসী
monkey	বানর
monopoly	একচেটিয়া
monster	দানব
month	মাস
month (last third of)	মাস (শেষ তৃতীয়)
month after next	পরের মাস
month before last	গত মাস আগে
monthly	মাসিক
monthly installment	মাসিক কিস্তি
monthly salary	মাসিক বেতন
monthly tuition fee	মাসিক টিউশন ফি
months and years	মাস এবং বছর
monument	স্মৃতিস্তম্ভ
mood	মেজাজ
mood / feeling	মেজাজ / অনুভূতি
moon	চাঁদ
moon; month	চাঁদ মাস
moral	নৈতিক
morality	নৈতিকতা
morals	নৈতিকতা
more	আরো
more or less; somewhat; a little; some	কম বা বেশি; কিছুটা একটু কিছু
more than; this is all	এর চেয়ে বেশি এই সব
moreover	অধিকন্তু
moreover, ...	তাছাড়া,...
morning	সকাল
mortgage	বন্ধক
mosque	মসজিদ
mosquito	মশা
most	সর্বাধিক
most part; greater part; majority	অধিকাংশ অংশ; বৃহত্তর অংশ; সংখ্যাগরিষ্ঠ
most; best	সর্বাধিক সেরা
most; extremely	সর্বাধিক অত্যন্ত
mostly	বেশিরভাগ
mother	মা
motion	গতি
motion; exercise	গতি ব্যায়াম
motivate	অনুপ্রাণিত করা
motivation	প্রেরণা
motive	উদ্দেশ্য
motor	মোটর
motorbike	মোটরবাইক
motorcycle	মোটরসাইকেল
motorist	মোটরচালক
mount	মাউন্ট
mountain	পর্বত
mountain climbing	পর্বত আরোহণ
mountain forest; mountains and forest	পাহাড়ী বন; পাহাড় এবং বন
mountain-climbing	পর্বত আরোহণ
mouse	মাউস
moustache	গোঁফ
moustache; beard; whiskers	গোঁফ দাড়ি কাঁটা
mouth	মুখ
mouth; opening	মুখ খোলা
move	সরানো
movement	আন্দোলন
movie	চলচ্চিত্র
movie theater	সিনেমা থিয়েটার
moving	চলন্ত
moving (dwelling etc.); changing residence	চলন্ত (বাসস্থান ইত্যাদি); বাসস্থান পরিবর্তন
moving house	চলন্ত বাড়ি
moving; transfer; demise	চলন্ত স্থানান্তর মৃত্যু
mr./ms./mrs./miss	Mr./ms./mrs./miss
much	অনেক
much more; still more; all the more	আরো অনেক কিছু এখনও আরো; সব আরো
much obliged (old-fashioned)	অনেক বাধ্য (পুরাতন)
much obliged / I'm sorry	অনেক বাধ্য / আমি দুঃখিত
much the same	অনেকটা একই
mud	কাদা
muffler / scarf	মাফলার/স্কার্ফ
multi-unit apartments	বহু-ইউনিট অ্যাপার্টমেন্ট
multi-use; combined use; combination; serving two purposes	বহু-ব্যবহার; সম্মিলিত ব্যবহার; সংমিশ্রণ; দুটি উদ্দেশ্য পরিবেশন করা
multiple	একাধিক
multiplication	গুণ
multiply	গুণ
multistory apartment; condominium	বহুতল অ্যাপার্টমেন্ট; কনডমিনিয়াম
mum	মা
municipal	পৌরসভা
murder	হত্যা
muscle	পেশী
muscle; sinew	পেশী sinew
muscle; string; line	পেশী স্ট্রিং লাইন
museum	যাদুঘর
music	সঙ্গীত
music performance	সঙ্গীত কর্মক্ষমতা
musical	বাদ্যযন্ত্র
musical instrument	বাদ্যযন্ত্র
musical performance	সঙ্গীত কর্মক্ষমতা
musician	সঙ্গীতজ্ঞ
must	আবশ্যক
mutual	পারস্পরিক
mutual; reciprocal	পারস্পরিক পারস্পরিক
mutual; reciprocal; alternate	পারস্পরিক পারস্পরিক বিকল্প
mutual; reciprocal; each other	পারস্পরিক পারস্পরিক একে অপরকে
my	আমার
my father	আমার বাবা
my heart aches	আমার হৃদয় ব্যাথা
my mother	আমার মা
my name is …	আমার নাম…
my older brother	আমার বড় ভাই
my older sister	আমার বড় বোন
myself	নিজেকে
mysterious	রহস্যময়
mystery	রহস্য
mystery; curiosity	রহস্য কৌতূহল
myth	পুরাণ
myth; legend	পুরাণ কিংবদন্তি
nail	পেরেক
naked	নগ্ন
naked; nude	নগ্ন; নগ্ন
name	নাম
name; reputation	নাম খ্যাতি
namely	যথা
namely / that is	যথা/ যে
nap (at home); siesta	nap (বাড়িতে); siesta
narrative	আখ্যান
narrow	সংকীর্ণ
narrow / small	সংকীর্ণ/ছোট
narrow; not spacious	সংকীর্ণ; প্রশস্ত না
narrow; tight; stiff; rigid; uneasy; formal; constrained	সংকীর্ণ; আঁটসাঁট কড়া অনমনীয়; অস্বস্তি আনুষ্ঠানিক সীমাবদ্ধ
nasty	কদর্য
nation	জাতি
national	জাতীয়
national holiday	জাতীয় ছুটির দিন
national holiday; festival day	জাতীয় ছুটির দিন; উৎসবের দিন
national language	জাতীয় ভাষা
national or state border	জাতীয় বা রাষ্ট্রীয় সীমানা
national; people; citizen	জাতীয় মানুষ নাগরিক
nationality	জাতীয়তা
nationwide	দেশব্যাপী
native	স্থানীয়
native Japanese reading of a Chinese character	একটি চীনা চরিত্রের নেটিভ জাপানি পড়া
natural	প্রাকৃতিক
natural science	প্রাকৃতিক বিজ্ঞান
naturally	স্বাভাবিকভাবে
nature	প্রকৃতি
nature; property; disposition	প্রকৃতি সম্পত্তি; স্বভাব
nature; spontaneity	প্রকৃতি স্বতঃস্ফূর্ততা
nature; spontaneous	প্রকৃতি স্বতঃস্ফূর্ত
nausea; sickness in the stomach	বমি বমি ভাব পেটে অসুস্থতা
naval	নৌ
navigation	নেভিগেশন
navy blue	নেভি ব্লু
navy blue; deep blue	নেভি ব্লু; গভীর নীল
near	কাছাকাছি
near / beside	কাছাকাছি / পাশে
near future	নিকট ভবিষ্যতে
nearby	কাছাকাছি
nearly	প্রায়
nearness; before long	কাছাকাছি অনেক আগে
nearsightedness; shortsightedness; myopia	নিকটদৃষ্টি; অদূরদর্শিতা; মায়োপিয়া
neat	ঝরঝরে
necessarily	অগত্যা
necessary	প্রয়োজনীয়
necessities of life (food; clothing; etc.)	জীবনের প্রয়োজনীয় জিনিস (খাদ্য; পোশাক; ইত্যাদি)
necessities; necessary article; requisite; essential	প্রয়োজনীয়তা প্রয়োজনীয় নিবন্ধ; প্রয়োজনীয়; অপরিহার্য
necessity	প্রয়োজনীয়তা
neck	ঘাড়
neck; collar; lapel; neckband	ঘাড় কলার; ল্যাপেল নেকব্যান্ড
necklace	নেকলেস
necktie	নেকটি
need	প্রয়োজন
needle	সুই
needle; hand (e.g. clock)	সুই হাত (যেমন ঘড়ি)
negation; denial; repudiation	অস্বীকার অস্বীকার প্রত্যাখ্যান
negative	নেতিবাচক
neglect	অবহেলা
neglecting to stay in contact	যোগাযোগে থাকতে অবহেলা
negligence; unpreparedness	অবহেলা অপ্রস্তুততা
negligible	নগণ্য
negotiate	আলোচনা
negotiation	আলোচনা
negotiations; discussions; connection	আলোচনা; আলোচনা; সংযোগ
neighbor	প্রতিবেশী
neighborhood	পাড়া
neighbour	প্রতিবেশী
neighbourhood	পাড়া
neighbourhood; vicinity; environs	প্রতিবেশী কাছাকাছি পরিবেশ
neighbouring	প্রতিবেশী
neither	না
nephew	ভাতিজা
nerve	স্নায়ু
nerve; sensitivity	স্নায়ু সংবেদনশীলতা
nervous	নার্ভাস
nest	নীড়
nest; rookery; breeding place; beehive; cobweb	নীড় রুকরি প্রজনন স্থান; মৌচাক জাল
net	নেট
net (weight)	নেট (ওজন)
network	নেটওয়ার্ক
neuter gender; neutral (chem.); indifference; sterility	নিরপেক্ষ লিঙ্গ; neutral (chem.); উদাসীনতা বন্ধ্যাত্ব
neutral	নিরপেক্ষ
neutrality	নিরপেক্ষতা
never	কখনই
never (with negative)	কখনই (নেতিবাচক সঙ্গে)
nevertheless	তবুও
new	নতুন
new moon; crescent moon	নতুন চাঁদ; অর্ধচন্দ্র
new; fresh; novel	নতুন তাজা উপন্যাস
newly	নতুনভাবে
news	খবর
news coverage	সংবাদ কভারেজ
news gathering	সংবাদ সংগ্রহ
news; tidings; information; correspondence; letter	খবর; খবর তথ্য চিঠিপত্র চিঠি
newsletter	নিউজলেটার
newspaper	সংবাদপত্র
newspaper company	সংবাদপত্র কোম্পানি
next	পরবর্তী
next door / next to	পাশের দরজা / পাশে
next door to	পাশের দরজা
next month	পরের মাসে
next semester	পরের সেমিস্টার
next to	পাশে
next week	পরের সপ্তাহে
next year	পরের বছর
nice	চমৎকার
nice to meet you	আপনার সাথে দেখা করে ভাল লাগল
nice to meet you (formal)	আপনার সাথে দেখা করে ভাল লাগল (আনুষ্ঠানিক)
nice to meet you / please take care	আপনার সাথে দেখা হয়ে ভাল লাগল / দয়া করে যত্ন নিন
nice, good	সুন্দর, ভাল
nice; likeable; desirable	চমৎকার; পছন্দযোগ্য কাম্য
niche	কুলুঙ্গি
niece	ভাতিজি
night	রাত
night town	রাতের শহর
nightmare	দুঃস্বপ্ন
nine	নয়টি
nine (counter)	নয়টি (কাউন্টার)
nine (things)	নয়টি (জিনিস)
nine days	নয় দিন
nine days; ninth day	নয় দিন; নবম দিন
nine hundred	নয় শত
nine minutes	নয় মিনিট
nine o'clock	নয়টা বাজে
nineteen	উনিশ
ninety	নব্বই
ninth	নবম
no	না
no good	ভাল না
no matter what	যাই হোক না কেন
no one	কেউ না
no problem	কোন সমস্যা নেই
no thank you / that's fine	না আপনাকে ধন্যবাদ / এটা ঠিক আছে
no; the noes	না; noes
noble	noble
noble; aristocrat	noble অভিজাত
nobody	কেউ
nod	নড
noise	গোলমাল
noise (jarring; grating)	আওয়াজ (ঝাঁকুনি; ঝাঁঝরি)
noisy	কোলাহলপূর্ণ
noisy; annoying	noisy; বিরক্তিকর
noisy; boisterous	noisy; boisterous
noisy; loud; fussy	noisy; জোরে উচ্ছৃঙ্খল
noisy; strict; fussy	noisy; কঠোর উচ্ছৃঙ্খল
nominate	মনোনীত
nomination	মনোনয়ন
nominee	মনোনীত
non-fiction	নন-ফিকশন
non-profit	অলাভজনক
none	কোনটি
nonetheless	তবুও
nonsense	আজেবাজে কথা
noon	দুপুর
noon / afternoon	দুপুর/বিকাল
noon / daytime	দুপুর / দিনের সময়
noon break	দুপুর বিরতি
noon; daytime	দুপুর দিনের বেলা
noon; mid-day	দুপুর মধ্য দিন
nor	বা
norm	আদর্শ
normal	স্বাভাবিক
normally	স্বাভাবিকভাবে
north	উত্তর
northern	উত্তর
nose	নাক
nostalgia; homesickness	নস্টালজিয়া হোমসিকনেস
not	না
not at all	মোটেও না
not at all (with negative)	মোটেই না (নেতিবাচক সঙ্গে)
not busy; to have a lot of free time	ব্যস্ত না; অনেক বিনামূল্যে সময় আছে
not entirely (with negative)	সম্পূর্ণরূপে নয় (নেতিবাচক সঙ্গে)
not in the least	অন্তত না
not just ~ but	শুধু নয় ~ কিন্তু
not limited to	সীমাবদ্ধ নয়
not much	বেশী না
not much (with negative)	বেশি না (নেতিবাচক সঙ্গে)
not only	না শুধুমাত্র
not only...but also; in addition to; consequently	শুধু নয়... ছাড়াও; ফলস্বরূপ
not that much	এতটা না
not very (used as adverb); not much	not very (ক্রিয়াবিশেষণ হিসাবে ব্যবহৃত); বেশী না
not writing or contacting for a while	কিছুক্ষণের জন্য লিখছেন না বা যোগাযোগ করছেন না
notable	উল্লেখযোগ্য
notably	উল্লেখযোগ্যভাবে
note	নোট
notebook	নোটবুক
nothing	কিছুই না
nothing (with neg. verb); quite; not a bit	nothing (neg. verb সহ); বেশ; একটু না
nothing particular	বিশেষ কিছু না
nothing; naught; nil; zero	কিছুই না naught; শূন্য; শূন্য
notice	নোটিশ
notice; attention; observation	নোটিশ মনোযোগ পর্যবেক্ষণ
notice; bulletin	নোটিশ বুলেটিন
notice; notification	নোটিশ বিজ্ঞপ্তি
noticeably	লক্ষণীয়ভাবে
notify	অবহিত করা
notion	ধারণা
notorious	কুখ্যাত
notwithstanding	তা সত্ত্বেও
noun	বিশেষ্য
nourishment; nutrient	পুষ্টি; পুষ্টি
novel	উপন্যাস
novelist	ঔপন্যাসিক
now	এখন
now then / well	এখন তারপর/ভাল
now; next time	এখন; পরের বার
now; this time; lately	এখন; এই সময়; ইদানীং
nowadays	আজকাল
nowadays; modern times; present-day	আজকাল আধুনিক সময়; বর্তমান দিন
nowhere	কোথাও না
nuance	nuance
nuanced	সংক্ষিপ্ত
nuclear	পারমাণবিক
nucleus; kernel	নিউক্লিয়াস; কার্নেল
number	সংখ্যা
number (serial)	সংখ্যা (ক্রমিক)
number / count	সংখ্যা/গণনা
number / digit	সংখ্যা / সংখ্যা
number of people	মানুষের সংখ্যা
number of times; frequency	বার সংখ্যা; ফ্রিকোয়েন্সি
number three	তিন নম্বর
number; figure	সংখ্যা চিত্র
numeral; figure	সংখ্যা চিত্র
numerous	অসংখ্য
nurse	নার্স
nursery	নার্সারি
nursing	নার্সিং
nursing (a patient)	নার্সিং (একজন রোগী)
nursing; (army) nurse	নার্সিং (সেনা) নার্স
nursing; looking after	নার্সিং দেখাশোনা
nut	বাদাম
nutrition	পুষ্টি
nutrition; nourishment	পুষ্টি; পুষ্টি
nuts	বাদাম
nuts!; enthusiasm; zeal; mania	বাদাম!; উত্সাহ উদ্যম ম্যানিয়া
o'clock	বাজে
o'clock / hour	o'clock / ঘন্টা
obedient; meek; docile; unaffected	বাধ্য নম্র বিনয়ী অপ্রভাবিত
obesity	স্থূলতা
obey	আনুগত্য করা
object	বস্তু
objection	আপত্তি
objection; dissent; protest	আপত্তি ভিন্নমত প্রতিবাদ
objective	উদ্দেশ্য
objective; plan; policy	উদ্দেশ্য পরিকল্পনা নীতি
obligation	বাধ্যবাধকতা
obligation; coercion; compulsion; enforcement	বাধ্যবাধকতা জবরদস্তি বাধ্যতা প্রয়োগ
oblige	বাধ্য
obliqueness	obliqueness
obscure	অস্পষ্ট
observance	পালন
observation	পর্যবেক্ষণ
observation; guarding; inspection; surveillance	পর্যবেক্ষণ পাহারা দেওয়া পরিদর্শন; নজরদারি
observation; survey	পর্যবেক্ষণ জরিপ
observe	পর্যবেক্ষণ
observer	পর্যবেক্ষক
obsess	আবেশ
obsession	আবেশ
obstacle	বাধা
obstacle; impediment (fault); damage	বাধা impediment ( দোষ ); ক্ষতি
obtain	প্রাপ্ত
obvious	স্পষ্ট
obvious; evident; clear	স্পষ্ট স্পষ্ট পরিষ্কার
obviously	স্পষ্টতই
occasion	উপলক্ষ
occasional	মাঝে মাঝে
occasionally	মাঝে মাঝে
occasionally; frequently	মাঝে মাঝে; ঘন ঘন
occasionally; once in a while	মাঝে মাঝে; কিছুক্ষণের মধ্যে একবার
occupation	পেশা
occupation; business	পেশা; ব্যবসা
occupy	দখল করা
occur	ঘটবে
occurrence	ঘটনা
ocean	মহাসাগর
ocean current	সমুদ্র স্রোত
octopus	অক্টোপাস
odd	অদ্ভুত
odd number	বিজোড় সংখ্যা
odds	মতভেদ
odious; hateful	অশ্লীল ঘৃণ্য
odour; scent; smell; stench	গন্ধ ঘ্রাণ গন্ধ দুর্গন্ধ
of	এর
of all things	সব কিছুর
of course	অবশ্যই
of course; certainly; naturally	অবশ্যই; অবশ্যই স্বাভাবিকভাবে
off	বন্ধ
offence	অপরাধ
offend	অপমান
offender	অপরাধী
offender; criminal	অপরাধী অপরাধী
offensive	আক্রমণাত্মক
offer	অফার
offer; present; submit; serve (a meal); supply	প্রস্তাব বর্তমান জমা দেওয়া পরিবেশন (একটি খাবার); সরবরাহ
offering	প্রস্তাব
offering prizes; winning; reward	পুরস্কার প্রদান; বিজয়ী পুরস্কার
office	অফিস
office (loanword)	অফিস (ঋণ শব্দ)
office boy (girl); page; waiter	অফিস ছেলে (মেয়ে); পাতা; ওয়েটার
office worker	অফিস কর্মী
officer	অফিসার
official	অফিসিয়াল
official announcement; proclamation	আনুষ্ঠানিক ঘোষণা; ঘোষণা
official business; public business	অফিসিয়াল ব্যবসা; পাবলিক ব্যবসা
official recognition; authorization; licence; accreditation	সরকারী স্বীকৃতি; অনুমোদন; লাইসেন্স স্বীকৃতি
official tour; business trip	সরকারী সফর; ব্যবসায়িক ভ্রমণ
official; duty; person in charge	অফিসিয়াল কর্তব্য দায়িত্বে থাকা ব্যক্তি
official; public; formal; open; governmental	অফিসিয়াল সর্বজনীন আনুষ্ঠানিক খোলা সরকারী
offline	অফলাইন
offspring	সন্তানসন্ততি
often	প্রায়ই
often; much	প্রায়ই অনেক
ogre; demon; it (i.e.; in a game of tag)	রাক্ষস রাক্ষস এটা (যেমন; ট্যাগের খেলায়)
oh	ওহ
oil	তেল
oil; petroleum; kerosene	তেল পেট্রোলিয়াম; কেরোসিন
okay	ঠিক আছে
okay / fine	ঠিক আছে / জরিমানা
okay; so-so	ঠিক আছে; so-so
okonomiyaki	okonomiyaki
old	পুরাতন
old (not used for people)	পুরানো (মানুষের জন্য ব্যবহার করা হয় না)
old (thing - not used for people)	পুরানো (জিনিস - মানুষের জন্য ব্যবহার করা হয় না)
old (things)	পুরানো (জিনিস)
old age; old person; the old; the aged	বৃদ্ধ বয়স; বৃদ্ধ ব্যক্তি; পুরাতন; বয়স্ক
old book; classics; classic	পুরানো বই; ক্লাসিক; ক্লাসিক
old days; past	পুরানো দিন; অতীত
old friend; old friendship	পুরানো বন্ধু; পুরানো বন্ধুত্ব
old people; the aged	বৃদ্ধ মানুষ; বৃদ্ধ
old-fashioned	সেকেলে
olden days; former	পুরানো দিন; সাবেক
older brother	বড় ভাই
older brother (my own)	বড় ভাই (আমার নিজের)
older sister	বড় বোন
older sister (my own)	বড় বোন (আমার নিজের)
omission; abbreviation; abridgment	বাদ দেওয়া সংক্ষেপণ; সংক্ষিপ্তকরণ
on	অন
on and after; hereafter; thereafter	উপর এবং পরে; অতঃপর; তারপর
on balance	ভারসাম্যের উপর
on foot	পায়ে
on the contrary	বিপরীতে
on the contrary; rather; all the more; instead	বিপরীতে; বরং আরো সব; পরিবর্তে
on the occasion of; circumstances	উপলক্ষ্যে; পরিস্থিতি
on the one hand	একদিকে
on the other hand	অন্য দিকে
on the verge of	প্রান্তে
on the way	পথে
on time	সময়মত
on top of	উপরে
once	একবার
once / temporarily	একবার / সাময়িকভাবে
once in a thousand years	হাজার বছরে একবার
once-in-a-lifetime meeting	জীবনে একবার মিটিং
once; for a moment; one morning; temporarily	একবার একটি মুহূর্তের জন্য; এক সকালে; সাময়িকভাবে
once; some time ago	একবার কিছু সময় আগে
once; tentatively; in outline; for the time being	একবার অস্থায়ীভাবে; রূপরেখায়; আপাতত
one	এক
one (book)	একটি (বই)
one (counter)	এক (কাউন্টার)
one (flat object)	এক (সমতল বস্তু)
one (long object)	এক (দীর্ঘ বস্তু)
one (machine / vehicle)	একটি (মেশিন / যান)
one (small animal)	একটি (ছোট প্রাণী)
one (small item)	একটি (ছোট আইটেম)
one (thing)	এক (জিনিস)
one by one; each; one at a time	এক এক করে; প্রতিটি এক সময়ে এক
one by one; separately	এক এক করে; আলাদাভাবে
one day	একদিন
one defeat	একটি পরাজয়
one hour	এক ঘন্টা
one hundred million	একশ মিলিয়ন
one mind; wholeheartedness; the whole heart	এক মন; আন্তরিকতা; পুরো হৃদয়
one minute	এক মিনিট
one month	এক মাস
one more time, please	আরও একবার, অনুগ্রহ করে
one o'clock	এক বাজে
one person	এক ব্যক্তি
one side; one phase; front page; the other hand; the whole surface	এক পাশ; এক পর্যায়; প্রথম পাতা; অন্য হাত; পুরো পৃষ্ঠ
one-way (trip)	একমুখী (ভ্রমণ)
oneself	নিজেকে
ongoing	চলমান
onion	পেঁয়াজ
online	অনলাইন
only	শুধুমাত্র
only / a little	শুধুমাত্র / সামান্য
only child	একমাত্র সন্তান
only; merely; a little; small quantity	শুধুমাত্র; নিছক; একটু ছোট পরিমাণ
only; sole; unique	শুধুমাত্র; একমাত্র অনন্য
onto	উপর
opaque	অস্বচ্ছ
open	খোলা
open (e.g. secret); public; official	খোলা (যেমন গোপন); সর্বজনীন অফিসিয়াল
open field; empty lot; plain	খোলা মাঠ; খালি লট; সমতল
open sea	খোলা সমুদ্র
open; throw open; liberalization	খোলা খোলা নিক্ষেপ; উদারীকরণ
opening	খোলা
opening of a meeting	একটি সভার উদ্বোধন
opening; open	খোলা খোলা
openly	প্রকাশ্যে
opera	অপেরা
operate	কাজ
operation	অপারেশন
operation / surgery	অপারেশন / সার্জারি
operation; management; processing	অপারেশন ব্যবস্থাপনা প্রক্রিয়াকরণ
operation; motion; driving	অপারেশন গতি ড্রাইভিং
operational	কর্মক্ষম
operator	অপারেটর
ophthalmology	চক্ষুবিদ্যা
opinion	মতামত
opinion; point of view	মতামত দৃষ্টিকোণ
opponent	প্রতিপক্ষ
opportunity	সুযোগ
opportunity; chance	সুযোগ সুযোগ
oppose	বিরোধিতা
opposed	বিরোধী
opposite	বিপরীত
opposition	বিরোধী
opposition; resistance	বিরোধিতা প্রতিরোধ
opt	অপট
optical	অপটিক্যাল
optimism	আশাবাদ
optimistic	আশাবাদী
optimize	অপ্টিমাইজ
option	বিকল্প
opulent	ঐশ্বর্যপূর্ণ
or	বা
or / alternatively	অথবা / বিকল্পভাবে
or; otherwise	বা; অন্যথায়
or; possibly	বা; সম্ভবত
oral	মৌখিক
orange	কমলা
orange (color)	কমলা (রঙ)
orbit; railroad track	কক্ষপথ রেলপথ ট্র্যাক
orchestra	অর্কেস্ট্রা
order	আদেশ
order (noun)	আদেশ (বিশেষ্য)
order / command	আদেশ / আদেশ
order / sequence	আদেশ / ক্রম
order / turn	আদেশ / পালা
order; command; decree; directive; (software) instruction	আদেশ আদেশ ডিক্রি নির্দেশ (সফ্টওয়্যার) নির্দেশ
order; request	আদেশ অনুরোধ
order; rules; law	আদেশ নিয়ম আইন
order; sequence; procedure	আদেশ ক্রম; পদ্ধতি
order; system; structure; set-up; organization	আদেশ সিস্টেম; গঠন সেট আপ; সংগঠন
order; turn	আদেশ পালা
ordinary	সাধারণ
ordinary; regular; everyday; usual	সাধারণ নিয়মিত প্রতিদিন স্বাভাবিক
ordinary; usual; in general; briefly	সাধারণ স্বাভাবিক সাধারণভাবে; সংক্ষেপে
organ	অঙ্গ
organ (of body); instrument	অঙ্গ (দেহের); যন্ত্র
organ; mechanism; facility; engine	অঙ্গ প্রক্রিয়া; সুবিধা; ইঞ্জিন
organic	জৈব
organism	জীব
organization	সংগঠন
organization; association	সংগঠন সমিতি
organization; composition	সংগঠন রচনা
organizational	সাংগঠনিক
organize	সংগঠিত করা
organized	সংগঠিত
organizer	সংগঠক
orientation	অভিযোজন
origin	মূল
origin (coordinates); starting point	origin (স্থানাঙ্ক); শুরু বিন্দু
origin; beginning	মূল শুরু
origin; beginning; rise	মূল শুরু উঠা
origin; primeval	মূল আদিম
original	মূল
original (text)	মূল (পাঠ্য)
original document	মূল নথি
original form; base form	মূল ফর্ম; ভিত্তি ফর্ম
original work	মূল কাজ
original; primitive; primary; fundamental; raw	মূল আদিম; প্রাথমিক মৌলিক; কাঁচা
originally	মূলত
originally; by nature; from the start	মূলত; প্রকৃতি দ্বারা; শুরু থেকে
originally; primarily; essentially; logically; naturally	মূলত; প্রাথমিকভাবে মূলত; যৌক্তিকভাবে; স্বাভাবিকভাবে
originate	উৎপত্তি
orphan	অনাথ
other	অন্যান্য
other (esp. places and things)	অন্যান্য (বিশেষ করে স্থান এবং জিনিস)
other place; the rest	অন্য জায়গা; বাকি
otherwise	অন্যথায়
ought	উচিত
our	আমাদের
our person in charge	আমাদের দায়িত্বে থাকা ব্যক্তি
ours	আমাদের
ourselves	নিজেদেরকে
out	আউট
out of the blue	নীলের বাইরে
outbreak	প্রাদুর্ভাব
outcome	ফলাফল
outdoor	বহিরঙ্গন
outdoors	বাইরে
outer	বাইরের
outfit	সাজসরঞ্জাম
outgoing	বহির্গামী
outing	আউটিং
outing; going out	আউটিং বাইরে যাচ্ছে
outlet	আউটলেট
outline	রূপরেখা
outline; summary; gist; in brief	রূপরেখা সারাংশ সারাংশ সংক্ষেপে
outlook	দৃষ্টিভঙ্গি
outnumber	সংখ্যা বেশি
output	আউটপুট
outrage	আক্রোশ
outside	বাইরে
outside the area	এলাকার বাইরে
outsider	বহিরাগত
outskirts	উপকণ্ঠ
outstanding	অসামান্য
outward appearance	বাহ্যিক চেহারা
oven	চুলা
over	ওভার
over there	সেখানে
over there, that place over there	ওখানে, ওই জায়গা ওখানে
overall	সামগ্রিক
overall victory; championship	সামগ্রিক বিজয়; চ্যাম্পিয়নশিপ
overbearing; coercive; pushy; forcible; high-handed	overbearing; জবরদস্তিমূলক; চাপা জোরপূর্বক উচ্চ-হাত
overcome	পরাস্ত
overlook	উপেক্ষা করা
overly	অতিমাত্রায়
overnight	রাতারাতি
overseas	বিদেশী
overseas / abroad	বিদেশে/বিদেশে
overseas student	বিদেশী ছাত্র
oversee	তদারকি
overtime work	ওভারটাইম কাজ
overturn	উল্টানো
overwhelm	অভিভূত
overwhelming	অপ্রতিরোধ্য
overwork; strain	অতিরিক্ত কাজ স্ট্রেন
owe	ঋণী
owl	পেঁচা
own	নিজস্ব
owner	মালিক
ownership	মালিকানা
oxygen	অক্সিজেন
p.m. / afternoon	বিকাল / বিকেল
pace	গতি
pack	প্যাক
package	প্যাকেজ
packed tightly	শক্তভাবে প্যাক করা
packet	প্যাকেট
packing (in cans); canning; canned goods; tin can	প্যাকিং (ক্যানে); ক্যানিং টিনজাত পণ্য; টিনের ক্যান
packing; baling; crating	প্যাকিং বেলিং crating
packing; wrapping	প্যাকিং মোড়ানো
pad	প্যাড
paddy field; farm	ধানক্ষেত; খামার
page	পৃষ্ঠা
pain	ব্যথা
pain; ache; sore; grief; distress	ব্যথা ব্যথা কালশিটে দুঃখ কষ্ট
pain; agony	ব্যথা যন্ত্রণা
pain; trouble	ব্যথা কষ্ট
painful	বেদনাদায়ক
painful / hard	বেদনাদায়ক / কঠিন
painful / hurts	বেদনাদায়ক / ব্যাথা
painful; difficult	বেদনাদায়ক কঠিন
painful; heart-breaking	বেদনাদায়ক হৃদয় বিদারক
paint	পেইন্ট
painter	চিত্রকর
painter; artist	চিত্রকর শিল্পী
painting	পেইন্টিং
painting; picture; drawing	পেইন্টিং ছবি; অঙ্কন
pair	জোড়া
pair; couple; set	জোড়া দম্পতি সেট
pajamas	পায়জামা
palace	প্রাসাদ
pale	ফ্যাকাশে
pale; pallid	ফ্যাকাশে নিস্তেজ
palm	পাম
pan	প্যান
panda	পান্ডা
pandemic	অতিমারী
panel	প্যানেল
panic	আতঙ্ক
pants	প্যান্ট
paper	কাগজ
paper money; notes; bills	কাগজের টাকা; নোট; বিল
paper sliding door	কাগজের স্লাইডিং দরজা
parade	কুচকাওয়াজ
paradigm	দৃষ্টান্ত
paradise	স্বর্গ
paradox	প্যারাডক্স
paragraph	অনুচ্ছেদ
parallel	সমান্তরাল
parameter	প্যারামিটার
paramount	সর্বোপরি
parcel; package	পার্সেল প্যাকেজ
pardon; forgiveness; forbearance	ক্ষমা ক্ষমা সহনশীলতা
parent	অভিভাবক
parental	পিতামাতার
parenthesis; brackets	বন্ধনী; বন্ধনী
parents	পিতামাতা
parish	প্যারিশ
park	পার্ক
parking	পার্কিং
parking (e.g. car)	পার্কিং (যেমন গাড়ি)
parking lot	পার্কিং লট
parliament	সংসদ
parliamentary	সংসদীয়
parlor; guest room	পার্লার গেস্ট রুম
part	অংশ
part of word written in kana	কানায় লেখা শব্দের অংশ
part-time	খণ্ডকালীন
part-time job	খণ্ডকালীন চাকরি
part; assigning (allotment of) parts; role; duties	অংশ বরাদ্দ (বরাদ্দ) অংশ; ভূমিকা কর্তব্য
partial	আংশিক
partially	আংশিকভাবে
participant	অংশগ্রহণকারী
participate	অংশগ্রহণ
participation	অংশগ্রহণ
participation; taking part in; participating in; being concerned in	অংশগ্রহণ parting in; অংশগ্রহণ করা; উদ্বিগ্ন হচ্ছে
particular	বিশেষ
particular case	বিশেষ ক্ষেত্রে
particularly	বিশেষ করে
particularly; especially	বিশেষভাবে বিশেষ করে
parting	বিচ্ছেদ
parting; separation; farewell	বিচ্ছেদ বিচ্ছেদ বিদায়
partly	আংশিকভাবে
partner	অংশীদার
partnership	অংশীদারিত্ব
parts; accessories	অংশ আনুষাঙ্গিক
party	পার্টি
party (political)	দল (রাজনৈতিক)
party of ... people	জনগণের দল
party; banquet	দল ভোজ
pass	পাস
passable	পাসযোগ্য
passage	উত্তরণ
passage through; passing	passage through; পাসিং
passage; expiration; progress	উত্তরণ মেয়াদ শেষ অগ্রগতি
passage; passing	উত্তরণ পাসিং
passage; pathway	উত্তরণ পথ
passage; place; point; part	উত্তরণ স্থান পয়েন্ট অংশ
passbook	পাসবুক
passenger	যাত্রী
passing	পাসিং
passion	আবেগ
passionate	অনুরাগী
passive	নিষ্ক্রিয়
passport	পাসপোর্ট
password	পাসওয়ার্ড
past	অতীত
past (the hour)	অতীত (ঘন্টা)
past events; bygones	অতীত ঘটনা; অতিবাহিত
past; after	অতীত পরে
pasta	পাস্তা
paste; starch	পেস্ট স্টার্চ
pastor	যাজক
pastry	প্যাস্ট্রি
patch	প্যাচ
patent	পেটেন্ট
path	পথ
pathway	পথ
patience	ধৈর্য
patience / perseverance	ধৈর্য / অধ্যবসায়
patience; endurance; perseverance	ধৈর্য সহনশীলতা অধ্যবসায়
patient	রোগী
patrol	টহল
patron	পৃষ্ঠপোষক
pattern	প্যাটার্ন
pattern; figure; design	প্যাটার্ন; চিত্র; নকশা
paulownia tree	paulownia গাছ
pause	বিরতি
pay	বেতন
payment	পেমেন্ট
payment / checkout	অর্থপ্রদান / চেকআউট
payment; allowance	অর্থ প্রদান ভাতা
peace	শান্তি
peace; harmony	শান্তি সম্প্রীতি
peaceful	শান্তিপূর্ণ
peach	পীচ
peach pink	পীচ গোলাপী
peak	শিখর
peasant	কৃষক
peculiar	অদ্ভুত
peculiarity; uniqueness; characteristic	অদ্ভুততা; স্বতন্ত্রতা; বৈশিষ্ট্য
pedestrian traffic	পথচারী ট্রাফিক
peer	সহকর্মী
pen	কলম
penalty	শাস্তি
penalty; sentence; punishment	শাস্তি বাক্য শাস্তি
pencil	পেন্সিল
penetration; invasion; raid; aggression; trespass	অনুপ্রবেশ আক্রমণ অভিযান আগ্রাসন অনুপ্রবেশ
penguin	পেঙ্গুইন
peninsula	উপদ্বীপ
penmanship	penmanship
penny	পেনি
pension	পেনশন
people	মানুষ
pepper	মরিচ
per	প্রতি
per cent	শতাংশ
perceive	উপলব্ধি করা
percentage	শতাংশ
perception	উপলব্ধি
perception; intuition; the sixth sense	উপলব্ধি অন্তর্দৃষ্টি; ষষ্ঠ ইন্দ্রিয়
perfect	নিখুঁত
perfect score	নিখুঁত স্কোর
perfection; completeness	পরিপূর্ণতা সম্পূর্ণতা
perfection; completeness; flawless	পরিপূর্ণতা সম্পূর্ণতা ত্রুটিহীন
perfection; harmony; peace; smoothness; completeness; satisfaction; integrity	পরিপূর্ণতা সম্প্রীতি শান্তি মসৃণতা; সম্পূর্ণতা সন্তুষ্টি সততা
perfectly	পুরোপুরি
perform	সঞ্চালন
performance	কর্মক্ষমতা
perfume	সুগন্ধি
perhaps	সম্ভবত
perhaps; probably	সম্ভবত সম্ভবত
period	সময়কাল
period / duration	সময়কাল / সময়কাল
period; term	সময়কাল; মেয়াদ
period; time	সময়কাল; সময়
permanent	স্থায়ী
permanently	স্থায়ীভাবে
permission	অনুমতি
permission; approval	অনুমতি অনুমোদন
permission; pardon	অনুমতি ক্ষমা
permit	অনুমতি
perpetuate	স্থায়ী করা
persist	অবিরত
persistent	ক্রমাগত
person	ব্যক্তি
person; way of doing	ব্যক্তি করার উপায়
personal	ব্যক্তিগত
personal computer	ব্যক্তিগত কম্পিউটার
personal expenses; pocket money; spending money; incidental expenses; allowance	ব্যক্তিগত খরচ; পকেট মানি; অর্থ ব্যয়; আনুষঙ্গিক খরচ; ভাতা
personal history; career	ব্যক্তিগত ইতিহাস; কর্মজীবন
personality	ব্যক্তিত্ব
personally	ব্যক্তিগতভাবে
personnel	কর্মীদের
persons; this and that; here and there; everywhere	ব্যক্তি এই এবং যে; এখানে এবং সেখানে; সর্বত্র
perspective	দৃষ্টিকোণ
perspective; unobstructed view; outlook; forecast; prospect; insight	দৃষ্টিকোণ বাধাহীন দৃশ্য; দৃষ্টিভঙ্গি পূর্বাভাস সম্ভাবনা অন্তর্দৃষ্টি
persuade	রাজি করা
persuasive	প্ররোচিত
pertinent; appropriate; adequate; relevance	প্রাসঙ্গিক উপযুক্ত পর্যাপ্ত প্রাসঙ্গিকতা
pervasive	ব্যাপক
pessimistic	হতাশাবাদী
pet	পোষা প্রাণী
petition	আবেদন
petrol	পেট্রল
pharmacy	ফার্মেসি
pharmacy; drugstore	ফার্মেসী; ওষুধের দোকান
phase	পর্যায়
phenomenon	ঘটনা
philosopher	দার্শনিক
philosophical	দার্শনিক
philosophy	দর্শন
phone	ফোন
phone extension; indoor wiring; inner line	ফোন এক্সটেনশন; অন্দর তারের; ভিতরের লাইন
phone number	ফোন নম্বর
photo	ফটো
photograph	ফটোগ্রাফ
photographer	ফটোগ্রাফার
photographing	ছবি তোলা
photography	ফটোগ্রাফি
phrase	বাক্যাংশ
phrase; complaint	বাক্যাংশ; অভিযোগ
physical	শারীরিক
physical education	শারীরিক শিক্ষা
physical education; gymnastics; athletics	শারীরিক শিক্ষা; জিমন্যাস্টিকস; অ্যাথলেটিক্স
physician	চিকিত্সক
physics	পদার্থবিদ্যা
piano	পিয়ানো
pick	বাছাই
pickpocket	পকেট
picture	ছবি
picture / painting	ছবি/পেইন্টিং
picture book	ছবির বই
picture; photograph	ছবি; ফটোগ্রাফ
piece	টুকরা
pig	শূকর
pile	গাদা
pill	বড়ি
pillow	বালিশ
pillow; bolster	বালিশ; জোরদার
pilot	পাইলট
pin	পিন
pineapple	আনারস
pink	গোলাপী
pioneer	অগ্রগামী
pipe	পাইপ
pipe; tube	পাইপ; নল
pipeline	পাইপলাইন
pirate	জলদস্যু
pit	গর্ত
pitch	পিচ
pitch black	পিচ কালো
pitiful; a pity	pitiful; একটি দুঃখ
pity	দুঃখ
pivotal	pivotal
pizza	পিজা
place	স্থান
place / spot	স্থান / স্থান
place name	জায়গার নাম
place of origin; habitat	উৎপত্তি স্থান; বাসস্থান
place of work	কাজের জায়গা
place where things are sold	জায়গা যেখানে জিনিস বিক্রি হয়
place; field (physics)	স্থান ক্ষেত্র (পদার্থবিদ্যা)
place; situation; position; location	স্থান পরিস্থিতি অবস্থান অবস্থান
placement	বসানো
plain	সমতল
plain; open field	সমতল খোলা মাঠ
plain; simple	সমতল সহজ
plain; unfigured	সমতল unfigured
plaintiff	বাদী
plan	পরিকল্পনা
plan / project	পরিকল্পনা / প্রকল্প
plan; design	পরিকল্পনা নকশা
plan; project; schedule; scheme; program	পরিকল্পনা প্রকল্প; সময়সূচী; স্কিম প্রোগ্রাম
plan; suffix meaning draft	পরিকল্পনা প্রত্যয় অর্থ খসড়া
plane	সমতল
plane ticket	প্লেনের টিকিট
planet	গ্রহ
planning	পরিকল্পনা
planning; project	পরিকল্পনা প্রকল্প
plant	উদ্ভিদ
plant; vegetation	উদ্ভিদ গাছপালা
plastic	প্লাস্টিক
plate	প্লেট
plate; dish	প্লেট থালা
plateau	মালভূমি
platform	প্ল্যাটফর্ম
platform / boarding area	প্ল্যাটফর্ম / বোর্ডিং এলাকা
platform / stop	প্লাটফর্ম/স্টপ
plausible	বিশ্বাসযোগ্য
play	খেলা
play (theatrical)	খেলা (নাট্য)
play; drama	খেলা নাটক
playback	প্লেব্যাক
player	খেলোয়াড়
plaza	প্লাজা
plea	আবেদন
plead	আবেদন
pleasant	আনন্দদায়ক
pleasant; agreeable	আনন্দদায়ক সম্মত
pleasant; agreeable; comfortable	আনন্দদায়ক সম্মত আরামদায়ক
pleasant; happy	আনন্দদায়ক খুশি
please	দয়া করে
please (go ahead)	দয়া করে (এগিয়ে যান)
please come (respect request)	অনুগ্রহ করে আসুন (সম্মানের অনুরোধ)
please command (humble)	অনুগ্রহ করে আদেশ করুন (নম্র)
please confirm	নিশ্চিত করুন
please consider	বিবেচনা করুন
please find enclosed	অনুগ্রহ করে আবদ্ধ খুঁজুন
please forgive / allow	ক্ষমা করুন / অনুমতি দিন
please give it a read	এটি একটি পড়া দিতে দয়া করে
please let me know (humble)	দয়া করে আমাকে জানান (নম্র)
please look (respect request)	অনুগ্রহ করে দেখুন (সম্মানের অনুরোধ)
please review (respect)	অনুগ্রহ করে পর্যালোচনা করুন (সম্মান)
please speak slowly	দয়া করে ধীরে কথা বলুন
please tell me	আমাকে বলুন
please treat me well	দয়া করে আমার সাথে ভালো ব্যবহার করুন
please wait a moment	একটি মুহূর্ত অপেক্ষা করুন
please write it	এটা লিখুন
please; kindly; by all means	অনুগ্রহ করে দয়ালু সব উপায়ে
pleased	খুশি
pleased to meet you	আপনার সাথে দেখা করে খুশি
pleasure	আনন্দ
pleasure; amusement	আনন্দ বিনোদন
pledge	অঙ্গীকার
plenty	প্রচুর
plot	চক্রান্ত
plot of land; lot; soil	জমির প্লট; অনেক মাটি
plug	প্লাগ
plum; plum-tree; lowest (of a three-tier ranking system)	বরই বরই গাছ; সর্বনিম্ন (একটি তিন-স্তরের র‌্যাঙ্কিং সিস্টেমের)
plummet	plummet
plunge	নিমজ্জন
plural; multiple	বহুবচন; একাধিক
plus	প্লাস
pocket	পকেট
poem	কবিতা
poem; verse of poetry	কবিতা কবিতার ছন্দ
poet	কবি
poetry	কবিতা
point	বিন্দু
point of view	দৃষ্টিকোণ
point out	নির্দেশ করা
point; dot	পয়েন্ট বিন্দু
point; gist; essentials; outline	পয়েন্ট সারাংশ অপরিহার্য রূপরেখা
pointed	নির্দেশিত
pointed end; tip; fine point	নির্দেশিত প্রান্ত; টিপ সূক্ষ্ম বিন্দু
pointed; sharp	নির্দেশিত; তীক্ষ্ণ
poison	বিষ
poison; toxicant	বিষ বিষাক্ত
poisonous	বিষাক্ত
pole	মেরু
pole; rod; stick	খুঁটি রড লাঠি
police	পুলিশ
police box	পুলিশ বক্স
police inspector	পুলিশ পরিদর্শক
police officer	পুলিশ অফিসার
police station	থানা
police; police station	পুলিশ থানা
police; policeman	পুলিশ পুলিশ
policeman	পুলিশ
policeman (friendly term)	পুলিশ (বন্ধুত্বপূর্ণ শব্দ)
policy	নীতি
polite	ভদ্র
polite / careful	ভদ্র/সতর্ক
political	রাজনৈতিক
politician	রাজনীতিবিদ
politics	রাজনীতি
politics; government	রাজনীতি সরকার
poll	পোল
pollen	পরাগ
pollution	দূষণ
pollution; contamination	দূষণ দূষণ
pomp; splendor; gaudiness	আড়ম্বর splendor; সাহসীতা
pond	পুকুর
pool	পুল
poor	দরিদ্র
poor (at); weak (in); dislike (of)	poor (at); weak (in); অপছন্দ (এর)
poor; needy	দরিদ্র অভাবী
poor; pitiable; pathetic	দরিদ্র করুণ করুণ
pop	পপ
popcorn	পপকর্ন
popular	জনপ্রিয়
popular use; circulation	জনপ্রিয় ব্যবহার; প্রচলন
popularity	জনপ্রিয়তা
popularity; favorable reputation	জনপ্রিয়তা; অনুকূল খ্যাতি
popularity; prosperous	জনপ্রিয়তা; সমৃদ্ধ
population	জনসংখ্যা
porcelain bowl; bowl of rice with food on top	চীনামাটির বাসন বাটি; উপরে খাবার সহ বাটি ভাত
pork	শুয়োরের মাংস
pork cutlet	শুয়োরের মাংস কাটলেট
port	বন্দর
port / harbor	বন্দর/বন্দর
portfolio	পোর্টফোলিও
portion	অংশ
portion; section; part	অংশ বিভাগ অংশ
portrait	প্রতিকৃতি
portray	চিত্রিত করা
pose	ভঙ্গি
position	অবস্থান
positive	ইতিবাচক
positive; active; proactive	ইতিবাচক; সক্রিয়; সক্রিয়
positive; affirmation	ইতিবাচক; নিশ্চিতকরণ
possess	অধিকারী
possession	দখল
possibility	সম্ভাবনা
possible	সম্ভব
possible; practicable; feasible	সম্ভব ব্যবহারযোগ্য সম্ভবপর
possibly	সম্ভবত
post	পোস্ট
post office	পোস্ট অফিস
post-war	যুদ্ধ পরবর্তী
postage stamp	ডাকটিকিট
postage; carriage	ডাক গাড়ি
postal stamps	পোস্টাল স্ট্যাম্প
postcard	পোস্টকার্ড
poster	পোস্টার
postpone	স্থগিত করা
postponement	স্থগিত
postponement; adjournment	স্থগিত করা; স্থগিত
postulate	অনুমান করা
postulation	পোস্টুলেশন
pot	পাত্র
potato	আলু
potential	সম্ভাব্য
potentially	সম্ভাব্য
pound	পাউন্ড
pour	ঢালা
poverty	দারিদ্র্য
powder	পাউডার
power	ক্ষমতা
power / effort	শক্তি / প্রচেষ্টা
power / strength	শক্তি/শক্তি
power; authority; influence	ক্ষমতা কর্তৃত্ব প্রভাব
power; authority; jurisdiction	ক্ষমতা কর্তৃত্ব এখতিয়ার
power; might; authority; influence	ক্ষমতা পারে কর্তৃত্ব প্রভাব
powerful	শক্তিশালী
practical	ব্যবহারিক
practical use; utility	ব্যবহারিক ব্যবহার; উপযোগিতা
practical; actual condition; status quo	ব্যবহারিক প্রকৃত অবস্থা; স্থিতাবস্থা
practice	অনুশীলন
practice; exercises; manoeuvers	অনুশীলন ব্যায়াম; কৌশল
practice; experience	অনুশীলন অভিজ্ঞতা
practice; performance; execution (e.g. program); realization	অনুশীলন কর্মক্ষমতা; নির্বাহ (যেমন প্রোগ্রাম); উপলব্ধি
practice; training	অনুশীলন প্রশিক্ষণ
practice; training; study	অনুশীলন প্রশিক্ষণ; অধ্যয়ন
practise	অনুশীলন
practitioner	অনুশীলনকারী
pragmatic	বাস্তববাদী
praise	প্রশংসা
pray	প্রার্থনা
prayer	প্রার্থনা
prayer; supplication	প্রার্থনা; মিনতি
preach	প্রচার
precede	পূর্বে
precedent	নজির
precious	মূল্যবান
precious; valuable	মূল্যবান মূল্যবান
precious; valuable; priceless; noble; exalted; sacred	মূল্যবান মূল্যবান মূল্যহীন noble exalted; পবিত্র
precipitate	বর্ষণ
precise	সুনির্দিষ্ট
precise; accurate	সুনির্দিষ্ট; সঠিক
precisely	অবিকল
precision	নির্ভুলতা
preclude	বর্জন করা
predator	শিকারী
predecessor	পূর্বসূরী
predicate	predicate
predict	ভবিষ্যদ্বাণী
predictable	অনুমানযোগ্য
prediction	ভবিষ্যদ্বাণী
prediction; estimation	ভবিষ্যদ্বাণী অনুমান
predominant	প্রধান
predominantly	প্রধানত
prefectural governor	প্রিফেকচারাল গভর্নর
prefectural office	প্রিফেকচারাল অফিস
prefecture	প্রিফেকচার
prefer	পছন্দ
preference	পছন্দ
pregnancy	গর্ভাবস্থা
pregnant	গর্ভবতী
prejudice	কুসংস্কার
preliminary	প্রাথমিক
preliminary investigation; preparation	প্রাথমিক তদন্ত; প্রস্তুতি
premier	প্রিমিয়ার
premise	ভিত্তি
premium	প্রিমিয়াম
preparation	প্রস্তুতি
preparation (for class)	প্রস্তুতি (ক্লাসের জন্য)
preparation for a lesson	একটি পাঠের জন্য প্রস্তুতি
preparation of lessons	পাঠের প্রস্তুতি
preparation; arrangements; provision; reserve	প্রস্তুতি; ব্যবস্থা বিধান রিজার্ভ
preparation; preliminaries; reserve; spare	প্রস্তুতি; প্রাথমিক রিজার্ভ অতিরিক্ত
prepare	প্রস্তুত করা
prepared	প্রস্তুত
prescribe	বিহিত
prescription	প্রেসক্রিপশন
presence	উপস্থিতি
presence; dignity	উপস্থিতি; মর্যাদা
present	বর্তমান
present condition; existing state; status quo	বর্তমান অবস্থা; বিদ্যমান রাষ্ট্র; স্থিতাবস্থা
present day	বর্তমান দিন
present, gift	উপহার, উপহার
present; current; in operation	বর্তমান বর্তমান অপারেশনে
present; souvenir	বর্তমান স্যুভেনির
present; up to now; nowadays; modern times; current	বর্তমান এখন পর্যন্ত; আজকাল আধুনিক সময়; বর্তমান
presentation	উপস্থাপনা
presentation; submission; filing	উপস্থাপনা; জমা ফাইলিং
presenting to the public	জনসাধারণের কাছে উপস্থাপন করা
presently	বর্তমানে
preservation	সংরক্ষণ
preservation / save	সংরক্ষণ / সংরক্ষণ
preservation; conservation; storage; maintenance	সংরক্ষণ সংরক্ষণ স্টোরেজ; রক্ষণাবেক্ষণ
preserve	সংরক্ষণ করা
preside	সভাপতিত্ব
presidency	প্রেসিডেন্সি
president	রাষ্ট্রপতি
president of a company	একটি কোম্পানির প্রেসিডেন্ট
president; chief executive	রাষ্ট্রপতি; প্রধান নির্বাহী
presidential	রাষ্ট্রপতির
press	প্রেস
pressure	চাপ
pressure; coercion; oppression	চাপ জবরদস্তি নিপীড়ন
prestigious	মর্যাদাপূর্ণ
presumably	সম্ভবত
presume	অনুমান
presumption; assumption; estimation	অনুমান; অনুমান; অনুমান
pretend	ভান
pretty	সুন্দর
pretty; clean; nice; tidy; beautiful; fair	সুন্দর পরিষ্কার চমৎকার; পরিপাটি; সুন্দর ন্যায্য
pretty; cute; lovely; charming; dear; darling; pet	সুন্দর সুন্দর সুন্দর কমনীয় প্রিয়; প্রিয়তম পোষা প্রাণী
prevail	প্রবল
prevalence	ব্যাপকতা
prevent	প্রতিরোধ
prevention	প্রতিরোধ
prevention of crime	অপরাধ প্রতিরোধ
prevention; check	প্রতিরোধ চেক
prevention; precaution; protection against	প্রতিরোধ সতর্কতা; বিরুদ্ধে সুরক্ষা
previous	পূর্ববর্তী
previously	পূর্বে
prey	শিকার
price	মূল্য
price; cost	মূল্য খরচ
price; payment; cost; charge	মূল্য অর্থ প্রদান খরচ চার্জ
price; value; cost	মূল্য মান খরচ
prices	দাম
prices of commodities; prices (in general)	পণ্যের দাম; দাম (সাধারণভাবে)
pride	গর্ব
pride; boast	গর্ব অহংকার
pride; triumph; prosperity	গর্ব বিজয় সমৃদ্ধি
priest	পুরোহিত
primarily	প্রাথমিকভাবে
primary	প্রাথমিক
prime	প্রধান
prince	রাজপুত্র
princess	রাজকুমারী
principal	প্রধান
principle	নীতি
principle; general rule	নীতি; সাধারণ নিয়ম
principle; theory; fundamental truth	নীতি; তত্ত্ব মৌলিক সত্য
print	মুদ্রণ
printer	প্রিন্টার
printing	মুদ্রণ
printing type	মুদ্রণের ধরন
prior	পূর্বে
prioritize	অগ্রাধিকার দেওয়া
priority	অগ্রাধিকার
prison	কারাগার
prisoner	বন্দী
privacy	গোপনীয়তা
private	ব্যক্তিগত
private (establishment)	ব্যক্তিগত (প্রতিষ্ঠা)
private railway	ব্যক্তিগত রেলপথ
private; civilian; civil; popular; folk; unofficial	ব্যক্তিগত বেসামরিক নাগরিক জনপ্রিয়; লোক; অনানুষ্ঠানিক
privatization	বেসরকারীকরণ
privilege	বিশেষাধিকার
prize	পুরস্কার
prize; award	পুরস্কার; পুরস্কার
prize; monetary award	পুরস্কার; আর্থিক পুরস্কার
prize; trophy	পুরস্কার; ট্রফি
proactive	সক্রিয়
probability	সম্ভাবনা
probable	সম্ভাব্য
probably	সম্ভবত
probably; maybe	সম্ভবত; হয়তো
probe	তদন্ত
problem	সমস্যা
problem / question	সমস্যা/প্রশ্ন
problematic	সমস্যাযুক্ত
procedure	পদ্ধতি
procedure; (legal) process; formalities	পদ্ধতি (আইনি) প্রক্রিয়া; আনুষ্ঠানিকতা
proceed	এগিয়ে যান
proceeding	চলমান
proceeding to the capital (Tokyo)	রাজধানীতে (টোকিও) অগ্রসর হচ্ছে
proceeds	এগিয়ে যায়
process	প্রক্রিয়া
process / steps	প্রক্রিয়া / পদক্ষেপ
processing	প্রক্রিয়াকরণ
processing / handling	প্রক্রিয়াকরণ/হ্যান্ডলিং
processing; dealing with; treatment; disposition; disposal	প্রক্রিয়াকরণ সঙ্গে লেনদেন; চিকিত্সা; স্বভাব নিষ্পত্তি
processor	প্রসেসর
proclaim	ঘোষণা
produce	উত্পাদন
produce (e.g. agricultural); crops	উত্পাদন (যেমন কৃষি); ফসল
producer	প্রযোজক
producing area	উৎপাদন এলাকা
product	পণ্য
production	উত্পাদন
production (e.g. play); direction	উত্পাদন (যেমন খেলা); দিক
production cut	উৎপাদন কাটা
production; literary creation; work	উত্পাদন; সাহিত্য সৃষ্টি; কাজ
production; manufacture	উত্পাদন; উত্পাদন
productive	উত্পাদনশীল
productivity	উত্পাদনশীলতা
profession	পেশা
professional	পেশাদার
professor	অধ্যাপক
profile	প্রোফাইল
profit	লাভ
profit margin	লাভ মার্জিন
profitable	লাভজনক
profits; gains; (political; economic) interest	লাভ লাভ; (রাজনৈতিক; অর্থনৈতিক) স্বার্থ
profound	গভীর
program	প্রোগ্রাম
program / show	প্রোগ্রাম / শো
programme	প্রোগ্রাম
programmer	প্রোগ্রামার
programming	প্রোগ্রামিং
progress	অগ্রগতি
progress / course	অগ্রগতি / কোর্স
progress; development	অগ্রগতি উন্নয়ন
progressive	প্রগতিশীল
prohibit	নিষেধ
prohibition	নিষেধাজ্ঞা
prohibition; ban	নিষেধাজ্ঞা নিষেধাজ্ঞা
project	প্রকল্প
projection	অভিক্ষেপ
prolific	ফলপ্রসূ
prominent	বিশিষ্ট
promise	প্রতিশ্রুতি
promise / appointment	প্রতিশ্রুতি / নিয়োগ
promise; appointment	প্রতিশ্রুতি অ্যাপয়েন্টমেন্ট
promising	প্রতিশ্রুতিশীল
promote	প্রচার
promotion	প্রচার
promotion / drive	প্রচার / ড্রাইভ
prompt	প্রম্পট
pronoun	সর্বনাম
pronounce	উচ্চারণ
pronounced	উচ্চারিত
pronunciation	উচ্চারণ
pronunciation key	উচ্চারণ কী
proof	প্রমাণ
proof / certification	প্রমাণ / সার্টিফিকেশন
proof; verification	প্রমাণ যাচাইকরণ
propaganda	প্রচার
propaganda; publicity	প্রচার প্রচার
propensity	প্রবণতা
proper	যথাযথ
properly	সঠিকভাবে
property	সম্পত্তি
property; fortune; assets	সম্পত্তি; ভাগ্য সম্পদ
proportion	অনুপাত
proposal	প্রস্তাব
proposal; proposition; suggestion	প্রস্তাব প্রস্তাব পরামর্শ
propose	প্রস্তাব
proposition	প্রস্তাব
prosecute	বিচার করা
prosecution	প্রসিকিউশন
prosecutor	প্রসিকিউটর
prospect	সম্ভাবনা
prospective	সম্ভাব্য
prosperity	সমৃদ্ধি
prosperous conditions; healthy economy	সমৃদ্ধ অবস্থা; সুস্থ অর্থনীতি
protect	রক্ষা
protection	সুরক্ষা
protective	প্রতিরক্ষামূলক
protein	প্রোটিন
protest	প্রতিবাদ
protester	প্রতিবাদী
protocol	প্রোটোকল
proud	গর্বিত
prove	প্রমাণ
proverb; maxim	প্রবাদ সর্বোচ্চ
provide	প্রদান
provided that	যে প্রদান
province	প্রদেশ
provincial	প্রাদেশিক
provision	বিধান
provisions; rations	বিধান; রেশন
provoke	উত্তেজিত করা
psychiatric	মানসিক রোগ
psychological	মনস্তাত্ত্বিক
psychologist	মনোবিজ্ঞানী
psychology	মনোবিজ্ঞান
pub	পাব
public	পাবলিক
public (institution)	পাবলিক (প্রতিষ্ঠান)
public appeal; public contribution	জনসাধারণের আবেদন; জনসাধারণের অবদান
public corporation	পাবলিক কর্পোরেশন
public entertainment; accomplishments; attainments	জনসাধারণের বিনোদন; অর্জন; অর্জন
public nuisance; pollution	জনসাধারণের উপদ্রব; দূষণ
public performance	পাবলিক কর্মক্ষমতা
public prosecutor	পাবলিক প্রসিকিউটর
public release	পাবলিক রিলিজ
public; community; public service; society; communal	সর্বজনীন সম্প্রদায়; পাবলিক সার্ভিস; সমাজ সাম্প্রদায়িক
publication	প্রকাশনা
publication; issue	প্রকাশনা সমস্যা
publicity	প্রচার
publish	প্রকাশ
publishing	প্রকাশনা
puckery juice	পোকার রস
puffy; a breath; a pause; an effort	ফোলা; একটি শ্বাস; একটি বিরতি; একটি প্রচেষ্টা
pull	টান
pulse	নাড়ি
pump	পাম্প
pumpkin	কুমড়া
punch	ঘুষি
punctuation marks	বিরাম চিহ্ন
punish	শাস্তি
punishment	শাস্তি
punk	পঙ্ক
pupil	ছাত্র
pupil (of eye)	পুতুল (চোখের)
purchase	ক্রয়
pure	বিশুদ্ধ
pure heart; naivete; self-sacrificing devotion	বিশুদ্ধ হৃদয়; naivete; আত্মত্যাগী ভক্তি
pure white	বিশুদ্ধ সাদা
pure; true; genuine; unmixed	বিশুদ্ধ সত্য প্রকৃত মিশ্রিত
purely	বিশুদ্ধভাবে
purple	বেগুনি
purple colour; violet	বেগুনি রঙ; ভায়োলেট
purpose	উদ্দেশ্য
purpose; goal; aim; objective; intention	উদ্দেশ্য লক্ষ্য; লক্ষ্য উদ্দেশ্য উদ্দেশ্য
pursue	অনুসরণ করা
pursuit	সাধনা
push	ধাক্কা
put	রাখা
put off	বন্ধ করা
put up with	সঙ্গে রাখা
putting off; postponing	puting off; স্থগিত করা
putting the cart before the horse	ঘোড়ার আগে গাড়ি রাখা
puzzle	ধাঁধা
qualification	যোগ্যতা
qualified	যোগ্য
qualify	যোগ্যতা
qualitative difference; disparity	গুণগত পার্থক্য; অসমতা
quality	গুণমান
quality; nature (of person)	গুণমান; প্রকৃতি (ব্যক্তির)
quantify	পরিমাপ করা
quantity	পরিমাণ
quantity; amount; volume; portion (of food)	পরিমাণ পরিমাণ আয়তন; অংশ (খাবার)
quarrel; (drunken) brawl; failure	ঝগড়া (মাতাল) ঝগড়া; ব্যর্থতা
quarter	চতুর্থাংশ
quarterly (e.g. magazine)	ত্রৈমাসিক (যেমন ম্যাগাজিন)
queen	রানী
query	প্রশ্ন
quest	অনুসন্ধান
question	প্রশ্ন
question; problem; doubt; guess	প্রশ্ন সমস্যা সন্দেহ অনুমান
question; query	প্রশ্ন প্রশ্ন
questionnaire	প্রশ্নাবলী
questions and answers; dialogue	প্রশ্ন এবং উত্তর; সংলাপ
queue	সারি
queue; line; row	সারি; লাইন সারি
quick	দ্রুত
quickly	দ্রুত
quiet	শান্ত
quiet; calm; leisurely	শান্ত শান্ত অবসরে
quietly	শান্তভাবে
quit	প্রস্থান
quite	বেশ
quite right; plausible; natural; but then; although	একেবারে সঠিক; বিশ্বাসযোগ্য প্রাকৃতিক কিন্তু তারপর; যদিও
quite; entirely; completely; at all; as if; as though; so to speak	বেশ; সম্পূর্ণরূপে; সম্পূর্ণরূপে; মোটেও; যেন; যেন; তাই কথা বলতে
quite; very	বেশ; খুব
quota	কোটা
quotation	উদ্ধৃতি
quotation; citation	উদ্ধৃতি; উদ্ধৃতি
quote	উদ্ধৃতি
rabbit	খরগোশ
rabbit; hare; cony	খরগোশ খরগোশ cony
race	জাতি
race (of people)	জাতি (মানুষের)
racial	জাতিগত
racing	দৌড়
racism	বর্ণবাদ
racist	বর্ণবাদী
radar	রাডার
radiation	বিকিরণ
radical	মৌলবাদী
radical (of a kanji character)	মৌলবাদী (কাঞ্জি চরিত্রের)
radio	রেডিও
radio wave	রেডিও তরঙ্গ
radius	ব্যাসার্ধ
rage	রাগ
raid	অভিযান
rail	রেল
railroad	রেলপথ
railway	রেলপথ
railway bridge; iron bridge	রেল সেতু; লোহার সেতু
railway crossing; level crossing; starting line; scratch; crossover	রেল ক্রসিং; লেভেল ক্রসিং; প্রারম্ভিক লাইন; আঁচড় ক্রসওভার
rain	বৃষ্টি
rain gear	বৃষ্টি গিয়ার
rainbow	রংধনু
rainbow-colored	রংধনু রঙের
raincoat	রেইনকোট
rainy	বৃষ্টি
rainy season	বর্ষাকাল
rainy season; rain during the rainy season	বর্ষাকাল; বর্ষাকালে বৃষ্টি
rainy weather	বৃষ্টির আবহাওয়া
raise	বাড়াতে
rally	সমাবেশ
ramen	রামেন
random	এলোমেলো
range	পরিসীমা
rank	পদমর্যাদা
ranking	র‍্যাঙ্কিং
rape	ধর্ষণ
rapid	দ্রুত
rapid (e.g. progress)	দ্রুত (যেমন অগ্রগতি)
rapidly	দ্রুত
rare	বিরল
rare; seldom	বিরল কদাচিৎ
rarely	খুব কমই
rarely (with neg. verb); seldom	rarely (neg. verb সহ); কদাচিৎ
rarely (with negative)	খুব কমই (নেতিবাচক সঙ্গে)
rash; thoughtless; careless; hasty	ফুসকুড়ি চিন্তাহীন; যত্নহীন তাড়াতাড়ি
rat	ইঁদুর
rate	হার
rate; ratio; percentage	হার অনুপাত শতাংশ
rate; ratio; proportion; percentage	হার অনুপাত অনুপাত শতাংশ
rather	বরং
rather (might as well)	বরং (এছাড়াও হতে পারে)
rather / instead	rather / পরিবর্তে
rather; better; instead	বরং ভালো পরিবর্তে
rating	রেটিং
ratio	অনুপাত
rational	যুক্তিবাদী
rationale	যুক্তি
raw	কাঁচা
raw food	কাঁচা খাদ্য
raw materials	কাঁচামাল
ray	রশ্মি
razor	রেজার
reach	নাগাল
react	প্রতিক্রিয়া
reaction	প্রতিক্রিয়া
read	পড়া
reader	পাঠক
readily	সহজে
reading	পড়া
ready	প্রস্তুত
real	বাস্তব
real thing; original	বাস্তব জিনিস; মূল
realistic	বাস্তবসম্মত
reality	বাস্তবতা
realization	উপলব্ধি
realize	উপলব্ধি করা
really	সত্যিই
really (questioning)	সত্যিই (প্রশ্ন করে)
really (very polite)	সত্যিই (খুব ভদ্র)
really dislike, really hate	সত্যিই অপছন্দ, সত্যিই ঘৃণা
really like, like a lot	সত্যিই ভালো লাগে, অনেক ভালো লাগে
really; truly; entirely; completely	সত্যিই; সত্যই সম্পূর্ণরূপে; সম্পূর্ণরূপে
really?	সত্যিই?
realm	রাজত্ব
rear	পিছনে
rearing; training; nurture; cultivation; promotion	পালন প্রশিক্ষণ; লালনপালন চাষ প্রচার
reason	কারণ
reasonable	যুক্তিসঙ্গত
reasonably	যুক্তিসঙ্গতভাবে
reasoning	যুক্তি
reassure	আশ্বস্ত করা
reassuring; emboldened	আশ্বাস প্রদান সাহসী
rebel	বিদ্রোহী
rebellion	বিদ্রোহ
rebuild	পুনর্নির্মাণ
recall	প্রত্যাহার
receipt	রসিদ
receipt; voucher	প্রাপ্তি ভাউচার
receive	গ্রহণ
receiver	রিসিভার
receiving; dealing with	গ্রহণ সঙ্গে আচরণ
recent	সাম্প্রতিক
recently	সম্প্রতি
recently / lately	সম্প্রতি / সম্প্রতি
reception	অভ্যর্থনা
reception / receiving	অভ্যর্থনা / গ্রহণ
reception desk	অভ্যর্থনা ডেস্ক
reception; acceptance; enjoyment; being given	অভ্যর্থনা; গ্রহণ উপভোগ দেওয়া হচ্ছে
receptionist	অভ্যর্থনাকারী
recession	মন্দা
recipe	রেসিপি
recipient	প্রাপক
reckon	গণনা
reclamation (of wasteland); cultivation; pioneer	reclamation (of wasteland); চাষ অগ্রগামী
recognition	স্বীকৃতি
recognition; acknowledgement; approval; consent; agreement	স্বীকৃতি; স্বীকৃতি; অনুমোদন সম্মতি চুক্তি
recognize	চিনতে
recommend	সুপারিশ
recommendation	সুপারিশ
recommendation; advice; encouragement	সুপারিশ উপদেশ উত্সাহ
reconciliation; make peace with	পুনর্মিলন; সঙ্গে শান্তি স্থাপন
reconstruction	পুনর্গঠন
record	রেকর্ড
record; minutes; document	রেকর্ড; মিনিট নথি
recording	রেকর্ডিং
recount	পুনঃগণনা
recover	পুনরুদ্ধার
recovery	পুনরুদ্ধার
recovery (from illness); improvement; rehabilitation; restoration	পুনরুদ্ধার (অসুখ থেকে); উন্নতি পুনর্বাসন; পুনরুদ্ধার
recruit	নিয়োগ
recruiting; taking applications	নিয়োগ; আবেদন গ্রহণ
recruitment	নিয়োগ
rectangle; oblong	আয়তক্ষেত্র; আয়তাকার
recycle	পুনর্ব্যবহার
red	লাল
reduce	হ্রাস করা
reduction	হ্রাস
reduction; curtailment	হ্রাস; কাটছাঁট
redundant	অপ্রয়োজনীয়
reed; bulrush	খাগড়া বুলাশ
refer	উল্লেখ করুন
referee	রেফারি
refereeing; trial; judgement; umpire; referee	রেফারিং বিচার রায় আম্পায়ার রেফারি
reference	রেফারেন্স
reference; consultation	রেফারেন্স পরামর্শ
referendum	গণভোট
refill / second helping	রিফিল/সেকেন্ড হেল্পিং
reflect	প্রতিফলিত
reflection	প্রতিফলন
reflection; image	প্রতিফলন; ইমেজ
reflection; influence	প্রতিফলন; প্রভাব
reflection; reconsideration; introspection; meditation; contemplation	প্রতিফলন; পুনর্বিবেচনা; আত্মদর্শন ধ্যান মনন
reform	সংস্কার
reform; innovation	সংস্কার উদ্ভাবন
reform; reformation; innovation	সংস্কার সংস্কার উদ্ভাবন
refreshing	রিফ্রেশিং
refrigerator	রেফ্রিজারেটর
refuge	আশ্রয়
refugee	উদ্বাস্তু
refusal	প্রত্যাখ্যান
refusal; rejection	অস্বীকার; প্রত্যাখ্যান
refuse	প্রত্যাখ্যান
refute	খণ্ডন
regain	পুনরুদ্ধার
regard	সম্মান
regardless	নির্বিশেষে
regardless of	নির্বিশেষে
regime	শাসন
region	অঞ্চল
regional	আঞ্চলিক
register	নিবন্ধন
registration	নিবন্ধন
registration card	রেজিস্ট্রেশন কার্ড
regret	অনুশোচনা
regret; repentance	অনুশোচনা অনুতাপ
regrettable; disappointing; precious	দুঃখজনক হতাশাজনক; মূল্যবান
regrettable; mortifying; vexing	দুঃখজনক মর্মান্তিক বিরক্তিকর
regular	নিয়মিত
regular holiday	নিয়মিত ছুটি
regularly	নিয়মিত
regulate	নিয়ন্ত্রণ
regulation	প্রবিধান
regulation / rule	regulation / নিয়ম
regulation; adjustment; control	নিয়ন্ত্রণ সমন্বয়; নিয়ন্ত্রণ
regulation; adjustment; tuning	নিয়ন্ত্রণ সমন্বয়; টিউনিং
regulation; provisions	নিয়ন্ত্রণ বিধান
regulations	প্রবিধান
regulator	নিয়ন্ত্রক
regulatory	নিয়ন্ত্রক
rehabilitation	পুনর্বাসন
reign	রাজত্ব
reinforce	শক্তিশালী করা
reissue	পুনরায় প্রকাশ করা
reiterate	পুনরাবৃত্তি
reject	প্রত্যাখ্যান
rejection	প্রত্যাখ্যান
relate	সম্পর্কিত
related	সম্পর্কিত
relation	সম্পর্ক
relation(ship)	সম্পর্ক (জাহাজ)
relation; connection; relevance	সম্পর্ক সংযোগ; প্রাসঙ্গিকতা
relation; kin	সম্পর্ক আত্মীয়
relation; relationship	সম্পর্ক সম্পর্ক
relationship	সম্পর্ক
relative	আপেক্ষিক
relatively	তুলনামূলকভাবে
relatively; comparitively	তুলনামূলকভাবে তুলনামূলকভাবে
relatives	আত্মীয়
relax	শিথিল করা
relaxed	শিথিল
relaxing	শিথিল
release	মুক্তি
release; liberation; emancipation	মুক্তি মুক্তি মুক্তি
relevance	প্রাসঙ্গিকতা
relevant	প্রাসঙ্গিক
reliability	নির্ভরযোগ্যতা
reliable	নির্ভরযোগ্য
reliable; trustworthy; hopeful; promising	নির্ভরযোগ্য বিশ্বাসযোগ্য; আশাবাদী প্রতিশ্রুতিশীল
reliance; trust; confidence	নির্ভরতা বিশ্বাস আত্মবিশ্বাস
relief	ত্রাণ
relief / peace of mind	স্বস্তি / মনের শান্তি
relief; aid; rescue	ত্রাণ সাহায্য উদ্ধার
relief; aid; rescue; salvation; help	ত্রাণ সাহায্য উদ্ধার পরিত্রাণ সাহায্য
relief; mitigation	ত্রাণ প্রশমন
relief; rescue; reinforcement	ত্রাণ উদ্ধার শক্তিবৃদ্ধি
relieve	উপশম
relieved	উপশম
religion	ধর্ম
religious	ধর্মীয়
reluctant	অনিচ্ছুক
rely	নির্ভর করা
remain	থাকা
remainder	অবশিষ্ট
remains	অবশেষ
remark	মন্তব্য
remarkable	উল্লেখযোগ্য
remarkably	উল্লেখযোগ্যভাবে
remedy	প্রতিকার
remember	মনে রাখবেন
remind	মনে করিয়ে দেওয়া
reminder	অনুস্মারক
remnant; residue; remaining; left-over	অবশিষ্টাংশ অবশিষ্টাংশ অবশিষ্ট বাকি-ওভার
remote	দূরবর্তী
removal	অপসারণ
removal; migration; movement	অপসারণ মাইগ্রেশন আন্দোলন
remove	অপসারণ
render	রেন্ডার
renew	পুনর্নবীকরণ
renewable	নবায়নযোগ্য
renowned	বিখ্যাত
rent	ভাড়া
rental	ভাড়া
repair	মেরামত
repair; improvement	মেরামত উন্নতি
repair; mending	মেরামত মেরামত
repairing; mending	মেরামত মেরামত
repairs; maintenance	মেরামত; রক্ষণাবেক্ষণ
repeat	পুনরাবৃত্তি
repeated	পুনরাবৃত্তি
repeatedly	বারবার
repeatedly; sincerely; earnestly	বারবার; আন্তরিকভাবে আন্তরিকভাবে
replace	প্রতিস্থাপন
replacement	প্রতিস্থাপন
reply	উত্তর
reply; answer	উত্তর উত্তর
report	রিপোর্ট
report; information	রিপোর্ট তথ্য
reportedly	কথিত
reporter	রিপোর্টার
reporting	রিপোর্টিং
represent	প্রতিনিধিত্ব
representation	প্রতিনিধিত্ব
representation; agency; proxy; deputy; agent	প্রতিনিধিত্ব; সংস্থা প্রক্সি উপ এজেন্ট
representative	প্রতিনিধি
representative; representation; delegation; type; example; model	প্রতিনিধি; প্রতিনিধিত্ব; প্রতিনিধি দল প্রকার উদাহরণ মডেল
reproduce	পুনরুত্পাদন
reproduction	প্রজনন
republic	প্রজাতন্ত্র
republicanism; cooperation	প্রজাতন্ত্র; সহযোগিতা
reputation	খ্যাতি
request	অনুরোধ
request; demand; claim; urge (action); press for	অনুরোধ চাহিদা দাবি urge ( কর্ম ); জন্য চাপুন
request; demand; requisition	অনুরোধ চাহিদা অনুরোধ
require	প্রয়োজন
requirement	প্রয়োজন
rescue	উদ্ধার
research	গবেষণা
researcher	গবেষক
resemble	অনুরূপ
resentment	বিরক্তি
reservation	সংরক্ষণ
reserve	রিজার্ভ
reserve / spare	রিজার্ভ / অতিরিক্ত
reside	বসবাস
residence	বাসস্থান
resident	বাসিন্দা
resident; housing	বাসিন্দা হাউজিং
residential	আবাসিক
residue	অবশিষ্টাংশ
resign	পদত্যাগ
resignation	পদত্যাগ
resilient	স্থিতিস্থাপক
resist	প্রতিরোধ
resistance	প্রতিরোধ
resolution	রেজোলিউশন
resolution; decision; vote	রেজোলিউশন; সিদ্ধান্ত ভোট
resolution; reduction; return to origins	রেজোলিউশন; হ্রাস; মূলে ফিরে যান
resolution; resignation; readiness; preparedness	রেজোলিউশন; পদত্যাগ প্রস্তুতি প্রস্তুতি
resolution; vote; decision	রেজোলিউশন; ভোট সিদ্ধান্ত
resolve	সমাধান
resonance; sympathy	অনুরণন; সহানুভূতি
resort	অবলম্বন
resource	সম্পদ
resourceful	সম্পদশালী
resources	সম্পদ
respect	সম্মান
respect; esteem; regard	শ্রদ্ধা সম্মান সম্মান
respect; esteem; reverence; honour	শ্রদ্ধা সম্মান শ্রদ্ধা সম্মান
respect; honour	শ্রদ্ধা সম্মান
respective	নিজ নিজ
respectively	যথাক্রমে
respond	প্রতিক্রিয়া
response	প্রতিক্রিয়া
response / reaction	প্রতিক্রিয়া/প্রতিক্রিয়া
responsibility	দায়িত্ব
responsible	দায়ী
rest	বিশ্রাম
rest; break; recess; intermission	বিশ্রাম বিরতি অবকাশ বিরতি
rest; break; recreation	বিশ্রাম বিরতি বিনোদন
rest; holiday	বিশ্রাম ছুটির দিন
rest; relief; relaxation	বিশ্রাম ত্রাণ শিথিলকরণ
restaurant	রেস্টুরেন্ট
restoration	পুনরুদ্ধার
restore	পুনরুদ্ধার
restraint	সংযম
restrict	সীমাবদ্ধ
restriction	সীমাবদ্ধতা
restriction; restraint; limitation	নিষেধাজ্ঞা সংযম সীমাবদ্ধতা
restroom	বিশ্রামাগার
restroom / toilet	বিশ্রামাগার / টয়লেট
restroom; lavatory; hand-washing	বিশ্রামাগার; শৌচাগার হাত ধোয়া
result	ফলাফল
result; consequence	ফলাফল পরিণতি
results; record	ফলাফল রেকর্ড
resume	পুনরায় শুরু
resume / CV	জীবনবৃত্তান্ত / সিভি
resumption	পুনরায় শুরু
retail	খুচরা
retain	ধরে রাখা
retainer; retinue; servant	ধারক; অব্যাহতি চাকর
retire	অবসর
retired	অবসরপ্রাপ্ত
retirement	অবসর
retirement / resignation	অবসর / পদত্যাগ
retirement; retired person	অবসর; অবসরপ্রাপ্ত ব্যক্তি
retreat	পশ্চাদপসরণ
retreat; backspace (BS)	পশ্চাদপসরণ ব্যাকস্পেস (বিএস)
retrieve	পুনরুদ্ধার
return	ফিরে
return (as a token of gratitude)	প্রত্যাবর্তন (কৃতজ্ঞতার চিহ্ন হিসাবে)
return; welcome	প্রত্যাবর্তন স্বাগত
returning home	বাড়িতে ফিরে
returning to Tokyo	টোকিওতে ফিরছি
reveal	প্রকাশ করা
revelation	উদ্ঘাটন
revenge	প্রতিশোধ
revenue	রাজস্ব
reverse	বিপরীত
reverse side	বিপরীত দিকে
reverse; inversion; upside down	বিপরীত; বিপরীত উল্টো
reverse; opposite	বিপরীত; বিপরীত
review	পর্যালোচনা
review (after class)	পর্যালোচনা (ক্লাসের পরে)
review / screening	পর্যালোচনা / স্ক্রীনিং
review of lessons	পাঠ পর্যালোচনা
revise	সংশোধন করা
revision	পুনর্বিবেচনা
revision; amendment; alteration	পুনর্বিবেচনা; সংশোধন পরিবর্তন
revival	পুনরুজ্জীবন
revive	পুনরুজ্জীবিত করা
revolution	বিপ্লব
revolutionary	বিপ্লবী
reward	পুরস্কার
rhetoric	অলঙ্কারশাস্ত্র
rhino	গন্ডার
rhyme	ছড়া
rhythm	তাল
rhythmical (e.g. melody); casual (e.g. dress); light; nimble	ছন্দময় (যেমন সুর); নৈমিত্তিক (যেমন পোশাক); আলো চতুর
rice	চাল
rice / a meal	ভাত / একটি খাবার
rice / meal	ভাত/খাবার
rice ball	ভাতের বল
rice bowl	চালের বাটি
rice bowl; tea cup; teacup	চালের বাটি; চায়ের কাপ; চা কাপ
rice field	ধান ক্ষেত
rice planting	ধান রোপণ
rice-plant	ধান গাছ
rice; meal	চাল খাবার
rich	ধনী
rich family; distinguished family	ধনী পরিবার; বিশিষ্ট পরিবার
rich man	ধনী মানুষ
rich person	ধনী ব্যক্তি
rid	পরিত্রাণ
riddle; puzzle; enigma	ধাঁধা ধাঁধা রহস্য
ride	অশ্বারোহণ
ridge; (mountain) pass; difficult part	রিজ; (পর্বত) পাস; কঠিন অংশ
ridiculous	হাস্যকর
rifle	রাইফেল
right	অধিকার
right angle	সমকোণ
right away	এখুনি
right side	ডান দিকে
right; privilege	অধিকার বিশেষাধিকার
rights	অধিকার
rigorous	কঠোর
ring	রিং
ring finger	অনামিকা আঙুল
ring; hoop; circle	রিং হুপ; বৃত্ত
riot	দাঙ্গা
rip	ছিঁড়ে ফেলা
rise	উঠা
rise / increase	বৃদ্ধি / বৃদ্ধি
rising; getting out of bed	উঠছে; বিছানা থেকে উঠা
risk	ঝুঁকি
risk; venture; adventure	ঝুঁকি উদ্যোগ অ্যাডভেঞ্চার
risky	ঝুঁকিপূর্ণ
ritual	আচার
rival	প্রতিদ্বন্দ্বী
river	নদী
river; stream	নদী প্রবাহ
rivers	নদী
road	রাস্তা
road / street	রাস্তা / রাস্তা
road / way	রাস্তা/পথ
road; highway	রাস্তা হাইওয়ে
roadside tree; row of trees	রাস্তার পাশের গাছ; গাছের সারি
rob	ডাকাতি
robbery	ডাকাতি
robbery; burglary	ডাকাতি; চুরি
robot	রোবট
robust	শক্তিশালী
rock	শিলা
rock-scissors-paper game	শিলা-কাঁচি-কাগজের খেলা
rock; crag	শিলা ক্র্যাগ
rocket	রকেট
rod	রড
rod; pole (e.g. for drying laundry)	রড খুঁটি (যেমন লন্ড্রি শুকানোর জন্য)
role	ভূমিকা
roll	রোল
romance	রোম্যান্স
romanization; Roman letters	রোমানাইজেশন; রোমান অক্ষর
romantic	রোমান্টিক
roof	ছাদ
roof tile	ছাদের টালি
rooftop	ছাদ
room	রুম
room to let	রুম দিতে
room; time to spare; emptiness	রুম অতিরিক্ত সময়; শূন্যতা
roommate	রুমমেট
rooster	মোরগ
root	মূল
rope	দড়ি
rope; hemp	দড়ি শণ
rose	গোলাপ
rotate	ঘোরানো
rotation	ঘূর্ণন
rotation (duty)	ঘূর্ণন (শুল্ক)
rotation; revolution; turning	ঘূর্ণন; বিপ্লব; বাঁক
rough	রুক্ষ
rough copy; draft	রুক্ষ অনুলিপি; খসড়া
rough; rude; wild	রুক্ষ; অসভ্য বন্য
roughly	মোটামুটি
round	বৃত্তাকার
round; circular	বৃত্তাকার বৃত্তাকার
round; circular; spherical	বৃত্তাকার বৃত্তাকার গোলাকার
rounding up (fractions)	রাউন্ডিং আপ (ভগ্নাংশ)
route	রুট
routine	রুটিন
row	সারি
row of houses	ঘরের সারি
royal	রাজকীয়
rub	ঘষা
rubber	রাবার
rubbish	আবর্জনা
rude	অসভ্য
rude; violent; rough; lawless; unreasonable; reckless	অসভ্য হিংস্র রুক্ষ; আইনহীন অযৌক্তিক; বেপরোয়া
rug	পাটি
rugby	রাগবি
ruin	ধ্বংস
rule	নিয়ম
rule (loanword)	নিয়ম (ঋণ শব্দ)
rule / regulation	নিয়ম/নিয়ম
rule; control; direction	নিয়ম নিয়ন্ত্রণ দিক
ruler	শাসক
ruler; measure	শাসক পরিমাপ
ruler; monarch	শাসক রাজা
ruler; sovereign	শাসক সার্বভৌম
ruling	শাসন
rumour	গুজব
rumour; report; gossip; common talk	গুজব রিপোর্ট গসিপ সাধারণ কথা
run	চালানো
run out of	রান আউট
runner	রানার
running	চলমান
running about in confusion	বিভ্রান্তির মধ্যে দৌড়াচ্ছে
running away from home; leaving home	বাড়ি থেকে পালিয়ে যাওয়া; বাড়ি ছেড়ে
running fast; double time	দ্রুত চলমান; দ্বিগুণ সময়
runny nose	সর্দি নাক
rural	গ্রামীণ
rush	তাড়াহুড়ো
rust (colour)	মরিচা (রং)
sack	বস্তা
sacred	পবিত্র
sacrifice	বলিদান
sad	দুঃখজনক
sadly	দুঃখজনকভাবে
safe	নিরাপদ
safe; vault; treasury; provider of funds	নিরাপদ খিলান কোষাগার তহবিল প্রদানকারী
safety	নিরাপত্তা
safety; peace; quietness	নিরাপত্তা শান্তি নিস্তব্ধতা
sagacious	বিচক্ষণ
sail	পাল
sailing	পালতোলা
sailor	নাবিক
saint	সাধু
sake	খাতির
sake / rice wine	sake / চালের মদ
sake; alcohol	খাতির অ্যালকোহল
salad	সালাদ
salary	বেতন
salary; wages	বেতন; মজুরি
salaryman; company employee	বেতনভোগী কোম্পানির কর্মচারী
sale	বিক্রয়
sale; selling; marketing	বিক্রয় বিক্রয় মার্কেটিং
sales	বিক্রয়
sales (selling)	বিক্রয় (বিক্রয়)
sales / business	বিক্রয় / ব্যবসা
salesman	বিক্রয়কর্মী
salient	উল্লেখযোগ্য
salt	লবণ
salty	লবণাক্ত
salty (taste)	নোনতা (স্বাদ)
same	একই
sample	নমুনা
sanction	অনুমোদন
sand	বালি
sandals	স্যান্ডেল
sandbank	বালির তীর
sandwich	স্যান্ডউইচ
sandwich (short version)	স্যান্ডউইচ (সংক্ষিপ্ত সংস্করণ)
sashimi	সাশিমি
satellite	উপগ্রহ
satisfaction	সন্তুষ্টি
satisfied	সন্তুষ্ট
satisfy	সন্তুষ্ট করা
sauce	সস
saucepan; pot	সসপ্যান; পাত্র
save	সংরক্ষণ
saving	সংরক্ষণ
savings	সঞ্চয়
saw	দেখেছি
say	বল
scale	স্কেল
scale; scope; plan; structure	স্কেল সুযোগ পরিকল্পনা গঠন
scales; weighing machine	দাঁড়িপাল্লা ওজন যন্ত্র
scan	স্ক্যান
scandal	কলঙ্ক
scarce	দুষ্প্রাপ্য
scarcely	খুব কমই
scare	ভয় দেখানো
scared	ভীত
scarf	স্কার্ফ
scary	ভীতিকর
scattered	বিক্ষিপ্ত
scattering; a scatter; dispersion	ছড়িয়ে পড়া a scatter; বিচ্ছুরণ
scattering; diffusion	ছড়িয়ে পড়া বিস্তার
scenario	দৃশ্যকল্প
scene	দৃশ্য
scene; landscape	দৃশ্য; ল্যান্ডস্কেপ
scene; setting (e.g. of novel)	দৃশ্য; সেটিং (যেমন উপন্যাস)
scene; spectacle	দৃশ্য; চশমা
scene; view; prospect; outlook	দৃশ্য; দর্শন সম্ভাবনা দৃষ্টিভঙ্গি
scenery	দৃশ্যাবলী
sceptical	সন্দেহপ্রবণ
schedule	সময়সূচী
schedule (time table)	সময়সূচী (সময় সারণী)
schedule / timetable	সময়সূচী / সময়সূচী
scheme	স্কিম
scholar	পণ্ডিত
scholarship	বৃত্তি
scholarship; knowledge; literary ability	বৃত্তি; জ্ঞান; সাহিত্যিক ক্ষমতা
scholarship; study; learning	বৃত্তি; অধ্যয়ন শেখার
school	স্কুল
school building	স্কুল ভবন
school lunch; providing a meal	স্কুল দুপুরের খাবার; একটি খাবার প্রদান
science	বিজ্ঞান
science; learning; scholarship	বিজ্ঞান শিখন বৃত্তি
scientific	বৈজ্ঞানিক
scientific society; academic meeting	বৈজ্ঞানিক সমাজ; একাডেমিক মিটিং
scientist	বিজ্ঞানী
scope	সুযোগ
score	স্কোর
score (music)	স্কোর (সঙ্গীত)
scorn; disdain	তিরস্কার অবজ্ঞা
scratch	আঁচড়
scream	চিৎকার
screen	পর্দা
screening	স্ক্রীনিং
screw	স্ক্রু
screwdriver	স্ক্রু ড্রাইভার
script	স্ক্রিপ্ট
scrupulous	বিবেক
scrutinize	যাচাই করা
scrutinizing	যাচাই করা
scrutiny	যাচাই
sculpture	ভাস্কর্য
sea	সমুদ্র
sea / ocean	সমুদ্র / মহাসাগর
sea bathing; seawater bath	সমুদ্র স্নান; সমুদ্রের জল স্নান
sea route	সমুদ্র পথ
seal	সীল
seal (used for signature)	সীলমোহর (স্বাক্ষরের জন্য ব্যবহৃত)
seal; stamp; mark; print	সীলমোহর স্ট্যাম্প চিহ্ন মুদ্রণ
search	অনুসন্ধান
season	ঋতু
season; weather; cheerfulness	ঋতু; আবহাওয়া প্রফুল্লতা
seasoning; flavoring	সিজনিং স্বাদযুক্ত
seat	আসন
seat; bench	আসন বেঞ্চ
second	দ্বিতীয়
second (60th min)	দ্বিতীয় (৬০তম মিনিট)
second helping; another cup	দ্বিতীয় সাহায্য; আরেকটি কাপ
second third of a month	এক মাসের দ্বিতীয় তৃতীয়াংশ
secondary	মাধ্যমিক
secondly	দ্বিতীয়ত
secondly / next	দ্বিতীয়ত/পরবর্তী
secret	গোপন
secret intention; motive	গোপন অভিপ্রায়; উদ্দেশ্য
secret; secrecy	গোপন গোপনীয়তা
secretary	সচিব
section	বিভাগ
section (of track  etc)	বিভাগ (ট্র্যাক ইত্যাদি)
section chief	বিভাগের প্রধান
section manager	বিভাগ ব্যবস্থাপক
sector	সেক্টর
secular	ধর্মনিরপেক্ষ
secure	নিরাপদ
securities	সিকিউরিটিজ
security	নিরাপত্তা
see	দেখুন
see ya	দেখা
see you (casual)	দেখা হবে (নৈমিত্তিক)
see you again	আবার দেখা হবে
see you later	পরে দেখা হবে
see you tomorrow	আগামীকাল দেখা হবে
seed	বীজ
seeing one off; farewell; escort	একটি বন্ধ দেখা; বিদায়; এসকর্ট
seek	চাওয়া
seeker	সন্ধানকারী
seem	মনে হয়
seemingly	আপাতদৃষ্টিতে
segment	সেগমেন্ট
seize	জব্দ করা
seldom	কদাচিৎ
select	নির্বাচন করুন
selection	নির্বাচন
selection; choice	নির্বাচন; পছন্দ
selective	নির্বাচনী
self	স্ব
self-declaration	স্ব-ঘোষণা
self-defense	আত্মরক্ষা
self-government	স্ব-সরকার
self-government; autonomy	স্ব-সরকার; স্বায়ত্তশাসন
self-introduction	আত্মপরিচয়
self-study	স্ব-অধ্যয়ন
selfish	স্বার্থপর
selfishness; egoism; wilfulness; disobedience; whim	স্বার্থপরতা অহংবোধ ইচ্ছাশক্তি; অবাধ্যতা হুম
sell	বিক্রি
seminar	সেমিনার
senator	সিনেটর
send	পাঠান
senior	সিনিয়র
senior (at work)	সিনিয়র (কাজে)
senior members of a group	একটি গ্রুপের সিনিয়র সদস্যরা
sensation	সংবেদন
sense	অনুভূতি
sense of touch; feeling; sensation	স্পর্শ অনুভূতি; অনুভূতি সংবেদন
sense; sensation	অনুভূতি সংবেদন
sensible	বুদ্ধিমান
sensitive	সংবেদনশীল
sensitivity	সংবেদনশীলতা
sensitivity; severity (quake)	সংবেদনশীলতা; তীব্রতা (ভূমিকম্প)
sentence	বাক্য
sentence / text	বাক্য/পাঠ্য
sentence in English	ইংরেজিতে বাক্য
sentence; text	বাক্য পাঠ্য
sentiment	অনুভূতি
separate	পৃথক
separately; individually	আলাদাভাবে; স্বতন্ত্রভাবে
separation	বিচ্ছেদ
sequel; continuation	সিক্যুয়েল; ধারাবাহিকতা
sequence	ক্রম
serial	সিরিয়াল
serial; consecutive; continuity; continuing	সিরিয়াল ধারাবাহিক; ধারাবাহিকতা; অব্যাহত
series	সিরিজ
serious	গুরুতর
serious / diligent	গুরুতর / পরিশ্রমী
serious / grave	গুরুতর / কবর
serious; important; grave; weighty	গুরুতর গুরুত্বপূর্ণ কবর ওজনদার
serious; sober; diligent	গুরুতর sober পরিশ্রমী
seriously	গুরুত্ব সহকারে
seriously ill; serious condition; critical state	গুরুতর অসুস্থ; গুরুতর অবস্থা; সমালোচনামূলক অবস্থা
seriousness; earnestness	গুরুত্ব আন্তরিকতা
servant	চাকর
serve	পরিবেশন করা
server	সার্ভার
service	সেবা
service; duty; work	সেবা কর্তব্য কাজ
session	অধিবেশন
set	সেট
set up	সেট আপ
set-up	সেট আপ
setting	সেটিং
settle	নিষ্পত্তি
settlement	নিষ্পত্তি
settlement; conclusion; regulation; rule	নিষ্পত্তি উপসংহার; নিয়ন্ত্রণ নিয়ম
settlement; solution; resolution	নিষ্পত্তি সমাধান; রেজোলিউশন
settler	বসতি স্থাপনকারী
seven	সাত
seven (counter)	সাত (কাউন্টার)
seven (things)	সাত (জিনিস)
seven days	সাত দিন
seven days; the seventh day	সাত দিন; সপ্তম দিন
seven hundred	সাতশত
seven minutes	সাত মিনিট
seven o'clock	সাতটা বাজে
seventeen	সতের
seventh	সপ্তম
seventy	সত্তর
several	বেশ কিছু
severe	গুরুতর
severely	গুরুতরভাবে
sewing	সেলাই
sex	যৌনতা
sex; gender	যৌনতা লিঙ্গ
sexual	যৌন
sexual offender; lascivious man	যৌন অপরাধী; লম্পট মানুষ
sexuality	যৌনতা
sexy	সেক্সি
shabby; seedy	জঞ্জাল; বীজ
shade	ছায়া
shade; shadow; other side	ছায়া ছায়া অন্য দিকে
shadow	ছায়া
shake	ঝাঁকান
shall	হবে
shallow	অগভীর
shallow; superficial	অগভীর; superficial
shame	লজ্জা
shame; very kind of you; sorry to trouble	লজ্জা আপনি খুব দয়ালু; কষ্টের জন্য দুঃখিত
shameful; indecent	লজ্জাজনক অশালীন
shampoo	শ্যাম্পু
shape	আকৃতি
shape; form; posture; suitability	আকৃতি; ফর্ম ভঙ্গি; উপযুক্ততা
shaped	আকৃতির
share	ভাগ
share; stock; stump (of tree)	ভাগ স্টক খোঁপা (গাছের)
shareholder	শেয়ারহোল্ডার
sharing with; participate in	সঙ্গে ভাগ করা; অংশগ্রহণ
shark	হাঙ্গর
sharp	তীক্ষ্ণ
sharply	তীক্ষ্ণভাবে
shatter	ছিন্নভিন্ন
she	সে
she; girlfriend	সে; বান্ধবী
shed	চালা
sheep	ভেড়া
sheer	নিছক
sheet	শীট
shelf	তাক
shell	শেল
shell; husk; hull; chaff	শেল ভুসি; হুল; তুষ
shell; shellfish	শেল শেলফিশ
shelter	আশ্রয়
shelves	তাক
shift	স্থানান্তর
shine	চকমক
shiny	চকচকে
ship	জাহাজ
ship / boat	জাহাজ/নৌকা
ship; boat	জাহাজ নৌকা
ship; boat; watercraft; shipping; vessel; steamship	জাহাজ নৌকা জলযান; শিপিং জাহাজ স্টিমশিপ
shipbuilding	জাহাজ নির্মাণ
shipping	শিপিং
shipping; marine transportation	শিপিং সামুদ্রিক পরিবহন
shirt	শার্ট
shock	শক
shocked	হতবাক
shocking	জঘন্য
shoe	জুতা
shoe store	জুতার দোকান
shoes	জুতা
shoot	অঙ্কুর
shooting	শুটিং
shop	দোকান
shop / store	দোকান / দোকান
shop assistant	দোকান সহকারী
shop clerk	দোকান কেরানি
shop staff / waiter	দোকানের কর্মচারী / ওয়েটার
shop which handles Western-style apparel and accessories	দোকান যা পশ্চিমা ধাঁচের পোশাক এবং আনুষাঙ্গিক পরিচালনা করে
shop; business firm	দোকান ব্যবসা প্রতিষ্ঠান
shop; stand	দোকান দাঁড়ানো
shop; store	দোকান দোকান
shopkeeper	দোকানদার
shopping	কেনাকাটা
shopping basket	কেনাকাটার ঝুড়ি
shopping street	কেনাকাটা রাস্তা
shore	তীরে
short	সংক্ষিপ্ত
short (e.g. story; film)	সংক্ষিপ্ত (যেমন গল্প; চলচ্চিত্র)
short (length)	ছোট (দৈর্ঘ্য)
short (stature)	সংক্ষিপ্ত (বড়)
short term	স্বল্পমেয়াদী
short-term	স্বল্পমেয়াদী
short; low	সংক্ষিপ্ত; কম
shortage	অভাব
shortly	শীঘ্রই
shorts	শর্টস
shortsightedness	অদূরদর্শিতা
shot	গুলি
should	উচিত
shoulder	কাঁধ
shout	চিৎকার
shout; scream; outcry	চিৎকার চিৎকার চিৎকার
show	প্রদর্শন
show up	দেখান
show; exhibition	প্রদর্শন প্রদর্শনী
shower	ঝরনা
showy; loud; gay; flashy; gaudy	প্রদর্শনী জোরে সমকামী চটকদার; কৌতুকপূর্ণ
shrimp	চিংড়ি
shrine	মন্দির
shrink	সঙ্কুচিত
shrug	ঝাঁকান
shut	বন্ধ
shuttlecock	শাটলকক
shy	লাজুক
shy person	লাজুক ব্যক্তি
sibling	ভাইবোন
siblings	ভাইবোন
siblings / brothers	ভাইবোন/ভাই
sick	অসুস্থ
side	পক্ষ
side / beside	পাশে / পাশে
side dish; accompaniment for rice dishes	সাইড ডিশ; ভাতের খাবারের জন্য অনুষঙ্গী
side line; second business	সাইড লাইন; দ্বিতীয় ব্যবসা
side; edge; third person	পার্শ্ব প্রান্ত তৃতীয় ব্যক্তি
sigh	দীর্ঘশ্বাস
sight	দৃষ্টি
sightseeing	দর্শনীয় স্থান
sign	চিহ্ন
sign of life	জীবনের চিহ্ন
sign; mark	চিহ্ন চিহ্ন
sign; mark; symbol	চিহ্ন চিহ্ন প্রতীক
sign; signal	চিহ্ন সংকেত
sign; signboard; doorplate; poster	চিহ্ন সাইনবোর্ড; দরজার প্লেট; পোস্টার
signal	সংকেত
signature	স্বাক্ষর
signature; register	স্বাক্ষর নিবন্ধন
significance	তাৎপর্য
significant	উল্লেখযোগ্য
significantly	উল্লেখযোগ্যভাবে
silence	নীরবতা
silent	নীরব
silk	রেশম
silly	নির্বোধ
silver	রূপা
similar	অনুরূপ
similarity	মিল
similarly	একইভাবে
simple	সহজ
simplicity	সরলতা
simplicity; easiness; quasi-	সরলতা সহজতা আধা-
simplicity; plain	সরলতা সমতল
simply	সহজভাবে
simply; merely; only; solely	সহজভাবে; নিছক; শুধুমাত্র; এককভাবে
simulate	অনুকরণ
simulation	সিমুলেশন
simultaneous(ly); concurrent; same time; synchronous	একযোগে (ly); সমবর্তী; একই সময়; সিঙ্ক্রোনাস
simultaneous; all at once	একযোগে; একযোগে সব
simultaneously	একই সাথে
sin	পাপ
sin / crime	পাপ/অপরাধ
since	থেকে
since; henceforth	যেহেতু; এখন থেকে
sincere	আন্তরিক
sing	গান
singer	গায়ক
singing	গান
single	একক
single word	একক শব্দ
singular (number)	একবচন (সংখ্যা)
sink	ডুব
sir	স্যার
sister	বোন
sisters	বোন
sit	বসা
sit down	বসুন
site	সাইট
site; point on a map	সাইট একটি মানচিত্রে বিন্দু
situated	অবস্থিত
situation	পরিস্থিতি
situation; present state of affairs	পরিস্থিতি বর্তমান অবস্থা
six	ছয়
six (counter)	ছয় (কাউন্টার)
six (things)	ছয় (জিনিস)
six (used in legal documents)	ছয় (আইনি নথিতে ব্যবহৃত)
six days	ছয় দিন
six days; sixth day of the month	ছয় দিন; মাসের ষষ্ঠ দিন
six hundred	ছয়শত
six minutes	ছয় মিনিট
six o'clock	ছয়টা বাজে
sixteen	ষোল
sixth	ষষ্ঠ
sixty	ষাট
size	আকার
skepticism	সংশয়বাদ
sketch	স্কেচ
sketching; drawing from nature	স্কেচিং; প্রকৃতি থেকে আঁকা
ski	স্কি
skiing	স্কিইং
skill	দক্ষতা
skill; cleverness	দক্ষতা চতুরতা
skilled	দক্ষ
skilled at	এ দক্ষ
skillful	দক্ষ
skillful; good at...	দক্ষ; ভালো...
skillful; handy	দক্ষ; সহজ
skin	চামড়া
skin color	ত্বকের রঙ
skin; hide; leather; fur; pelt; bark; shell	চামড়া লুকান চামড়া; পশম পেল্ট ছাল শেল
skip	এড়িয়ে যান
skirt	স্কার্ট
skull	মাথার খুলি
sky	আকাশ
sky blue	আকাশ নীল
sky; air	আকাশ বায়ু
slam	স্লাম
slap	চড়
slash	স্ল্যাশ
slave	দাস
slavery	দাসত্ব
sleep	ঘুম
sleep-wear; nightclothes; pyjamas; nightgown; nightdress	sleep-wear; রাতের পোশাক; পায়জামা; নাইটগাউন; নাইটড্রেস
sleeping in late	দেরিতে ঘুমানো
sleepy	ঘুমন্ত
sleeve	হাতা
sleight of hand; conjuring trick; magic; juggling	sleight of hand; জাদুকর কৌশল; জাদু জাগলিং
slice	টুকরা
sliced raw fish	কাটা কাঁচা মাছ
slide	স্লাইড
sliding screen	স্লাইডিং পর্দা
sliding storm door	স্লাইডিং ঝড় দরজা
slight	সামান্য
slightly	সামান্য
slip	স্লিপ
slogan	স্লোগান
slope	ঢাল
slope; hill	ঢাল পাহাড়
slot	স্লট
slow	ধীর
slow / late	ধীর / দেরী
slow; late	ধীরে দেরী
slowly	ধীরে ধীরে
slowly / leisurely	ধীরে ধীরে / অবসরে
slowly; leisurely; unhurriedly	ধীরে ধীরে অবসরে তাড়াহুড়ো করে
slowly; little by little; gradually; steadily; quietly	ধীরে ধীরে একটু একটু করে; ধীরে ধীরে স্থিরভাবে শান্তভাবে
sly; cunning	চালাক ধূর্ত
small	ছোট
small bird	ছোট পাখি
small; fine	ছোট জরিমানা
smart	স্মার্ট
smartly dressed; someone smartly dressed; fashion-conscious	smartly dressed; কেউ স্মার্টলি পোশাক পরা; ফ্যাশন-সচেতন
smartphone	স্মার্টফোন
smash	চূর্ণ
smell	গন্ধ
smile	হাসি
smiling face	হাসিমুখ
smoke	ধোঁয়া
smoke; fumes	ধোঁয়া ধোঁয়া
smoking	ধূমপান
smoky	ধোঁয়াটে
smoky; feeling awkward	ধোঁয়াটে; বিশ্রী বোধ
smooth	মসৃণ
smoothly / quietly	মসৃণভাবে / শান্তভাবে
smoothness; glassiness	মসৃণতা; চশমা
snack	জলখাবার
snack; sweets	জলখাবার মিষ্টি
snake	সাপ
snap	স্ন্যাপ
sneakers	sneakers
snow	তুষার
snow storm	তুষার ঝড়
snowy	তুষারময়
so	তাই
so / at that point	তাই/সেই সময়ে
so / therefore	তাই/অতএব
so to speak	তাই কথা বলতে
so-called	তথাকথিত
so-so	so-so
so; therefore	তাই; তাই
soak	ভিজিয়ে রাখা
soaked; dripping wet	ভিজিয়ে রাখা ফোঁটা ফোঁটা ভেজা
soap	সাবান
soar	উড্ডয়ন
soba (buckwheat noodles)	সোবা (বাকউইট নুডলস)
soba noodles	সোবা নুডলস
soccer	ফুটবল
social	সামাজিক
social issue	সামাজিক সমস্যা
social media	সামাজিক মিডিয়া
social position; social status	সামাজিক অবস্থান; সামাজিক অবস্থা
social science	সামাজিক বিজ্ঞান
social sciences; humanities	সামাজিক বিজ্ঞান; মানবিক
socialist	সমাজতান্ত্রিক
society	সমাজ
society; public	সমাজ পাবলিক
society; the world; the times	সমাজ বিশ্ব বার
sock	মোজা
socks	মোজা
sofa	সোফা
soft	নরম
soft; tender; limp	নরম টেন্ডার limp
software	সফ্টওয়্যার
soil	মাটি
soil / dirt	মাটি/ময়লা
soil / earth	মাটি / মাটি
solar	সৌর
sold-out	বিক্রি করা
soldier	সৈনিক
soldier; sailor	সৈনিক নাবিক
sole	একমাত্র
solely	এককভাবে
solicitor	আইনজীবী
solid	কঠিন
solid (body)	কঠিন (শরীর)
solid; firm; stout; burly; strong; sturdy	কঠিন দৃঢ়; stout burly; শক্তিশালী বলিষ্ঠ
solid; hard (esp. metal; stone); unpolished writing	কঠিন কঠিন (বিশেষত ধাতু; পাথর); অপরিশোধিত লেখা
solidarity	সংহতি
solo	একক
solution	সমাধান
solve	সমাধান
some	কিছু
some time ago	কিছু সময় আগে
somebody	কেউ
someday	কোনো দিন
somehow	কোনোভাবে
somehow or other; for some reason or another	কোনোভাবে বা অন্য কোনো না কোনো কারণে
somehow; anyhow; one way or another	কোনোভাবে যাই হোক; এক উপায় বা অন্য
someone	কেউ
someone; somebody	কেউ; কেউ
something	কিছু
sometime	কিছু সময়
sometime; someday; one day; some time or other; the other day; in due course; in time	কিছু সময় কোনো দিন একদিন কিছু সময় বা অন্য অন্য দিন; যথাসময়ে; সময়ের মধ্যে
sometimes	কখনও কখনও
somewhat	কিছুটা
somewhere	কোথাও
somewhere; anywhere; in some respects	কোথাও কোথাও কিছু বিষয়ে
son	পুত্র
son (of others)	ছেলে (অন্যের)
son-in-law	জামাই
song	গান
song; ballad	গান গীতিনাট্য
soon	শীঘ্রই
soon; before long; in a short time	শীঘ্রই অনেক আগে; অল্প সময়ের মধ্যে
sophisticated	অত্যাধুনিক
sore throat	গলা ব্যথা
sorry	দুঃখিত
sorry for intruding	অনুপ্রবেশের জন্য দুঃখিত
sorry for the inconvenience	অসুবিধার জন্য দুঃখিত
sorry for the trouble	কষ্টের জন্য দুঃখিত
sorry for the wait	অপেক্ষার জন্য দুঃখিত
sort	সাজান
sorting; arrangement; adjustment; regulation	বাছাই; বিন্যাস সমন্বয়; প্রবিধান
soul	আত্মা
sound	শব্দ
sound; note	শব্দ নোট
sounds	শব্দ
soup	স্যুপ
sour	টক
source	উৎস
source; origin	উৎস মূল
south	দক্ষিণ
south and north	দক্ষিণ এবং উত্তর
south pole; Antarctic	দক্ষিণ মেরু; অ্যান্টার্কটিক
southern	দক্ষিণ
souvenir	স্যুভেনির
sovereignty	সার্বভৌমত্ব
sowing and reaping	বপন এবং কাটা
soy sauce	সয়া সস
spa; hot spring	স্পা; গরম বসন্ত
spa; hot spring; onsen	স্পা; গরম বসন্ত; অনসেন
space	স্থান
space alien	মহাকাশ এলিয়েন
space; interval; SPC	স্থান বিরতি এসপিসি
space; room; time; pause	স্থান রুম সময় বিরতি
spacious; wide	প্রশস্ত; প্রশস্ত
spaghetti	স্প্যাগেটি
spam	স্প্যাম
span	স্প্যান
spare	অতিরিক্ত
spark	স্পার্ক
sparrow	চড়ুই
speak	কথা বলা
speaker	স্পিকার
special	বিশেষ
special sale	বিশেষ বিক্রয়
special; unique	বিশেষ অনন্য
specialist	বিশেষজ্ঞ
specialize	বিশেষজ্ঞ
specialized	বিশেষায়িত
specially / on purpose	বিশেষভাবে/উদ্দেশ্যে
specialty / major	বিশেষত্ব / প্রধান
species	প্রজাতি
specific	নির্দিষ্ট
specific; special; particular	নির্দিষ্ট বিশেষ বিশেষ
specifically	বিশেষভাবে
specification	স্পেসিফিকেশন
specify	নির্দিষ্ট করুন
specimen	নমুনা
spectacle	চশমা
spectacles; glasses	চশমা; চশমা
spectacular	দর্শনীয়
spectator	দর্শক
spectators; onlookers; members of the audience	দর্শক; দর্শক; দর্শকদের সদস্যরা
spectrum	বর্ণালী
speculate	অনুমান করা
speculation	জল্পনা
speech	বক্তৃতা
speech; address	বক্তৃতা; ঠিকানা
speech; expression; wording	বক্তৃতা; অভিব্যক্তি শব্দ
speed	গতি
speed (per hour)	গতি (প্রতি ঘন্টা)
speed; velocity; rate	গতি বেগ; হার
speedy; express	দ্রুত প্রকাশ
spell	বানান
spelling	বানান
spend	ব্যয়
spending	খরচ
sphere	গোলক
sphere; circle; range	গোলক বৃত্ত পরিসীমা
spice	মশলা
spicy	মশলাদার
spicy / hot	মশলাদার / গরম
spider	মাকড়সা
spike	স্পাইক
spill	ছড়ানো
spin	স্পিন
spine	মেরুদণ্ড
spirit	আত্মা
spirit; character; trait; temperament; disposition	আত্মা চরিত্র বৈশিষ্ট্য স্বভাব স্বভাব
spirit; mood	আত্মা মেজাজ
spiritual	আধ্যাত্মিক
spite	সত্ত্বেও
splendid; enough	splendid; যথেষ্ট
splendid; fine; handsome; elegant; imposing; prominent; legal; legitimate	splendid; জরিমানা সুদর্শন মার্জিত; আরোপিত; বিশিষ্ট আইনি বৈধ
splendid; magnificent; beautiful; admirable	splendid; magnificent; সুন্দর প্রশংসনীয়
split	বিভক্ত
spoil	লুণ্ঠন
spoken	কথ্য
spokesman	মুখপাত্র
spokesperson	মুখপাত্র
spokeswoman	মুখপাত্র
sponsor	পৃষ্ঠপোষক
sponsorship	স্পনসরশিপ
spoon	চামচ
sport	খেলাধুলা
sporting	খেলাধুলা
sports	খেলাধুলা
spot	স্পট
spotlight	স্পটলাইট
spouse	পত্নী
spread	ছড়িয়ে
spring	বসন্ত
spring; fountain	বসন্ত; ঝর্ণা
sprout	অঙ্কুর
spy	গুপ্তচর
squad	দল
square	বর্গক্ষেত্র
squeeze	চাপা
squid	স্কুইড
squirrel	কাঠবিড়ালি
stab	ছুরিকাঘাত
stability	স্থিতিশীলতা
stability; equilibrium	স্থিতিশীলতা; ভারসাম্য
stabilize	স্থিতিশীল করা
stable	স্থিতিশীল
stadium	স্টেডিয়াম
staff	কর্মী
stage	মঞ্চ
stage (theatre)	মঞ্চ (থিয়েটার)
stair	সিঁড়ি
stairs	সিঁড়ি
stake	বাজি
stalk	ডালপালা
stall	স্টল
stamp	স্ট্যাম্প
stamp; seal	স্ট্যাম্প সীল
stance	অবস্থান
stand	দাঁড়ানো
stand; rack; table; support	দাঁড়ানো আলনা; টেবিল সমর্থন
standard	মান
standard / criterion	মান / মানদণ্ড
standard; basis; criteria; norm	মান ভিত্তি; মানদণ্ড আদর্শ
standard; level	মান স্তর
standard; norm	মান আদর্শ
standing	দাঁড়ানো
standpoint	দৃষ্টিকোণ
standpoint; position; situation	দৃষ্টিকোণ অবস্থান পরিস্থিতি
star	তারকা
star (in the sky)	তারা (আকাশে)
stare	তাকান
stark	কঠোর
starry sky	তারাময় আকাশ
start	শুরু
start; commencement; beginning	শুরু সূচনা; শুরু
starting point	শুরু বিন্দু
starting with	দিয়ে শুরু
starve	ক্ষুধার্ত
state	রাষ্ট্র
state of affairs; situation; circumstances	অবস্থার অবস্থা; পরিস্থিতি পরিস্থিতি
state; country; nation	রাষ্ট্র দেশ জাতি
statement	বিবৃতি
statement / expression	বিবৃতি / অভিব্যক্তি
station	স্টেশন
station attendant	স্টেশন পরিচারক
station staff	স্টেশন কর্মীরা
stationery	স্টেশনারি
statistic	পরিসংখ্যান
statistical	পরিসংখ্যানগত
statistics	পরিসংখ্যান
statue	মূর্তি
status	অবস্থা
status; character; case	অবস্থা চরিত্র মামলা
statute	আইন
stay	থাকা
stay; sojourn	থাকা অবস্থান
steadily	অবিচলিতভাবে
steady	স্থির
steal	চুরি
steam	বাষ্প
steam train	বাষ্প ট্রেন
steam; vapour	বাষ্প বাষ্প
steamship	স্টিমশিপ
steel	ইস্পাত
steep	খাড়া
steer	বাহা
stem	স্টেম
step	পদক্ষেপ
step; stair; flight of steps; grade; rank; level	পদক্ষেপ সিঁড়ি পদক্ষেপের ফ্লাইট; গ্রেড পদমর্যাদা; স্তর
stereotype	স্টেরিওটাইপ
stick	লাঠি
sticky	আঠালো
sticky rice cake	স্টিকি রাইস কেক
stiff	কড়া
still	এখনও
still (not yet)	এখনও (এখনও নয়)
still more; still less (with neg. verb); to say nothing of; not to mention	এখনও আরো; still less (neg. verb সহ); to say nothing of; উল্লেখ না
still; as yet	এখনও; এখনও পর্যন্ত
stimulate	উদ্দীপিত করা
stimulus	উদ্দীপনা
stimulus; impetus; incentive	উদ্দীপক; অনুপ্রেরণা প্রণোদনা
stingy; cheap	কৃপণ সস্তা
stipulate	শর্ত করা
stir	নাড়া
stock	স্টক
stock (company)	স্টক (কোম্পানি)
stock / inventory	স্টক / ইনভেন্টরি
stock / shares	স্টক / শেয়ার
stock-farming	স্টক-ফার্মিং
stomach	পেট
stomach (organ)	পেট (অঙ্গ)
stomach / belly	পেট/পেট
stomachache	পেট ব্যাথা
stone	পাথর
stone / rock	পাথর / শিলা
stop	থামা
stopper; cork; stopcock	স্টপার কর্ক স্টপকক
stopping (e.g. train)	থামানো (যেমন ট্রেন)
storage	স্টোরেজ
storage room	স্টোরেজ রুম
storage; preservation	স্টোরেজ; সংরক্ষণ
store	দোকান
store; shop	দোকান দোকান
storehouse; warehouse; godown	ভাণ্ডার; গুদাম গোডাউন
storm	ঝড়
storm / gale	ঝড়/ঝড়
storm; tempest	ঝড় ঝড়
story	গল্প
stove	চুলা
straight	সোজা
straight (ahead); direct; upright	সোজা (সামনে); সরাসরি সোজা
straight ahead	সোজা সামনে
straight line	সরলরেখা
straightforward	সোজা
strain	স্ট্রেন
strand	স্ট্র্যান্ড
strange	অদ্ভুত
strange; funny; amusing; ridiculous	অদ্ভুত মজার মজাদার হাস্যকর
strange; queer; curious	অদ্ভুত অদ্ভুত কৌতূহলী
strange; unusual	অদ্ভুত অস্বাভাবিক
strangeness; abnormality; disorder	অদ্ভুততা অস্বাভাবিকতা; ব্যাধি
stranger	অপরিচিত
strategic	কৌশলগত
strategize	কৌশল করা
strategy	কৌশল
strawberries	স্ট্রবেরি
strawberry	স্ট্রবেরি
stream	প্রবাহ
stream; current	প্রবাহ বর্তমান
streamline	স্ট্রিমলাইন
street	রাস্তা
street / avenue	রাস্তা / রাস্তা
street corner	রাস্তার কোণে
street stall	রাস্তার স্টল
strength	শক্তি
strength; power	শক্তি ক্ষমতা
strengthen	শক্তিশালী করা
strengthen; intensify; reinforce; solidify	শক্তিশালী করা তীব্র করা শক্তিশালী করা দৃঢ় করা
stress	চাপ
stress; pressure	চাপ চাপ
stressed	জোর
stretch	প্রসারিত
strict	কঠোর
strict; close	কঠোর বন্ধ
strict; rigour; severe; firm	কঠোর কঠোরতা; গুরুতর দৃঢ়
strictly	কঠোরভাবে
strike	ধর্মঘট
striking	স্ট্রাইকিং
string	স্ট্রিং
stringent	কঠোর
strip	ফালা
stripe	ডোরাকাটা
strive	প্রচেষ্টা
stroke	স্ট্রোক
strong	শক্তিশালী
strong feelings; deep emotion	শক্তিশালী অনুভূতি; গভীর আবেগ
strong-willed	দৃঢ় ইচ্ছা
strong; durable	শক্তিশালী টেকসই
strong; intense; severe	শক্তিশালী তীব্র গুরুতর
strongly	দৃঢ়ভাবে
structural	কাঠামোগত
structure	গঠন
structure; construction	গঠন নির্মাণ
struggle	সংগ্রাম
stubborn	একগুঁয়ে
stubborn; firm (not viscous or easily moved)	একগুঁয়ে দৃঢ় (সান্দ্র বা সহজে সরানো নয়)
stubbornness; obstinacy	জেদ; দৃঢ়তা
student	ছাত্র
student (college)	ছাত্র (কলেজ)
student (pupil)	ছাত্র (শিক্ষার্থী)
student (school)	ছাত্র (স্কুল)
studio	স্টুডিও
study	অধ্যয়ন
study room; laboratory	অধ্যয়ন কক্ষ; পরীক্ষাগার
study subject; course of study	অধ্যয়নের বিষয়; অধ্যয়নের কোর্স
study; diligence; discount; reduction	অধ্যয়ন অধ্যবসায় ছাড় হ্রাস
study; learning	অধ্যয়ন শেখার
studying abroad	বিদেশে অধ্যয়নরত
stuff	জিনিসপত্র
stuffed animal (e.g., teddy bear)	স্টাফড প্রাণী (যেমন, টেডি বিয়ার)
stumble	হোঁচট খাওয়া
stun	স্তব্ধ
stunning	অত্যাশ্চর্য
stupid	বোকা
style	শৈলী
subject	বিষয়
subject; contents; matter; substance; detail; import	বিষয় বিষয়বস্তু; ব্যাপার পদার্থ বিস্তারিত আমদানি
subject; curriculum	বিষয় পাঠ্যক্রম
subject; theme; task	বিষয় থিম টাস্ক
subjective	বিষয়গত
subjugation; conquest	অধীনতা বিজয়
submission	জমা
submit	জমা
suborder; subfamily	suborder; উপপরিবার
subordinate	অধীনস্থ
subscriber	গ্রাহক
subscription	সদস্যতা
subscription; application	সাবস্ক্রিপশন আবেদন
subsequent	পরবর্তী
subsequently	পরবর্তীকালে
subsidy	ভর্তুকি
substance	পদার্থ
substantial	যথেষ্ট
substantially	উল্লেখযোগ্যভাবে
substantiate	প্রমাণ করা
substitute	বিকল্প
substitute; alternate	বিকল্প বিকল্প
substitution	প্রতিস্থাপন
subtle	সূক্ষ্ম
subtract; give a demerit	বিয়োগ একটি ত্রুটি দিন
subtraction	বিয়োগ
suburb	উপশহর
suburban	শহরতলির
suburbs	শহরতলির
suburbs; outskirts	শহরতলির উপকণ্ঠ
subway	পাতাল রেল
subway / metro	পাতাল রেল / মেট্রো
succeed	সফল
success	সাফল্য
success; hit	সাফল্য আঘাত
success; passing (e.g. exam); eligibility	সাফল্য পাস করা (যেমন পরীক্ষা); যোগ্যতা
successful	সফল
successfully	সফলভাবে
succession	উত্তরাধিকার
succession; inheritance	উত্তরাধিকার; উত্তরাধিকার
successive	ক্রমাগত
successively; one after another	ধারাবাহিকভাবে; একের পর এক
successor	উত্তরসূরি
such	যেমন
such ...; that kind of ...	যেমন...; যে ধরনের...
such and such; What?	যেমন এবং যেমন; কি?
suck	চুষা
sudden	হঠাৎ
sudden increase	আকস্মিক বৃদ্ধি
sudden; abrupt; unexpected; improvised; offhand	হঠাৎ আকস্মিক; অপ্রত্যাশিত; improvised; অফহ্যান্ড
sudden; precipitous; radical	হঠাৎ precipitous; মৌলবাদী
suddenly	হঠাৎ
suddenly (occur to)	হঠাৎ (এতে ঘটে)
sue	মামলা
suffer	ভোগা
suffering	কষ্ট
sufficient	যথেষ্ট
sufficiently	যথেষ্ট
sugar	চিনি
suggest	পরামর্শ
suggestion	পরামর্শ
suicide	আত্মহত্যা
suit	স্যুট
suitability	উপযুক্ততা
suitable	উপযুক্ত
suitable; fair; tolerable; proper	উপযুক্ত ন্যায্য সহনীয় যথাযথ
suitcase	স্যুটকেস
suite	স্যুট
sum	যোগফল
sum total; total amount	মোট যোগফল; মোট পরিমাণ
summarize	সংক্ষিপ্ত করা
summary	সারাংশ
summer	গ্রীষ্ম
summer holiday	গ্রীষ্মের ছুটি
summit	সামিট
sumo grand champion	সুমো গ্র্যান্ড চ্যাম্পিয়ন
sumo wrestling	সুমো কুস্তি
sun	সূর্য
sun; solar	সূর্য; সৌর
sun; sunshine; day	সূর্য; রোদ দিন
sunlight	সূর্যালোক
sunlight; rays of the sun	সূর্যালোক; সূর্যের রশ্মি
sunny	রোদ
sunny then rain	রোদ তারপর বৃষ্টি
sunny weather	রৌদ্রোজ্জ্বল আবহাওয়া
sunrise	সূর্যোদয়
sunset	সূর্যাস্ত
sunshine	রোদ
super	সুপার
superb	চমত্কার
superfluous	অতিরিক্ত
superior	উচ্চতর
superior(s); senior	উচ্চতর(গুলি); সিনিয়র
superiority; excellence	শ্রেষ্ঠত্ব; শ্রেষ্ঠত্ব
superiority; first class; very good	শ্রেষ্ঠত্ব; প্রথম শ্রেণী; খুব ভাল
supermarket	সুপারমার্কেট
superstition	কুসংস্কার
supervise	তদারকি
supervision	তত্ত্বাবধান
supervision; control; superintendence	তত্ত্বাবধান নিয়ন্ত্রণ সুপারিনটেনডেন্স
supervisor	সুপারভাইজার
supplement	সম্পূরক
supplier	সরবরাহকারী
supply	সরবরাহ
supply; provision	সরবরাহ বিধান
support	সমর্থন
supporter	সমর্থক
supportive	সহায়ক
suppose	ধরুন
supposedly	অনুমিতভাবে
supposition	অনুমান
suppress	দমন
supreme	সর্বোচ্চ
sure	নিশ্চিত
sure enough; as usual	যথেষ্ট নিশ্চিত; যথারীতি
surely	অবশ্যই
surely not	নিশ্চয় না
surface	পৃষ্ঠ
surface mail (ship)	পৃষ্ঠ মেইল (জাহাজ)
surface; outside; face; appearance	পৃষ্ঠ বাইরে মুখ; চেহারা
surfing	সার্ফিং
surge	ঢেউ
surgeon	সার্জন
surgery	অস্ত্রোপচার
surgical	অস্ত্রোপচার
surgical department	অস্ত্রোপচার বিভাগ
surgical operation	অস্ত্রোপচার অপারেশন
surmise	অনুমান
surname; family name	উপাধি; পরিবারের নাম
surplus	উদ্বৃত্ত
surplus; composure; margin; room; time; allowance; scope; rope	উদ্বৃত্ত সংযম; মার্জিন রুম সময় ভাতা সুযোগ দড়ি
surprise	আশ্চর্য
surprise; astonishment; wonder	আশ্চর্য বিস্ময় আশ্চর্য
surprised	বিস্মিত
surprising	আশ্চর্যজনক
surprisingly	আশ্চর্যজনকভাবে
surrender	আত্মসমর্পণ
surround	ঘিরে
surrounded by enemies	শত্রুদের দ্বারা বেষ্টিত
surrounding	পার্শ্ববর্তী
surroundings	পারিপার্শ্বিক
surroundings / area	পারিপার্শ্বিক / এলাকা
surroundings; circumference; environs	পারিপার্শ্বিক পরিধি; পরিবেশ
surveillance	নজরদারি
survey	জরিপ
survival	বেঁচে থাকা
survival of the fittest	যোগ্যতমের বেঁচে থাকা
survive	বেঁচে থাকা
survivor	বেঁচে থাকা
sushi	সুশি
suspect	সন্দেহ
suspend	স্থগিত করা
suspension	সাসপেনশন
suspension; interruption; stoppage; ban	সাসপেনশন বাধা থামানো নিষেধাজ্ঞা
suspension; interruption; stoppage; tie-up; cessation	সাসপেনশন বাধা থামানো টাই আপ; সমাপ্তি
suspension; stoppage; discontinuance; interruption	সাসপেনশন থামানো discontinuance; বাধা
suspicion	সন্দেহ
suspicious	সন্দেহজনক
suspicious; dubious; doubtful	সন্দেহজনক; সন্দেহজনক; সন্দেহজনক
sustain	বজায় রাখা
sustainability	স্থায়িত্ব
sustainable	টেকসই
swallow	গিলে ফেলা
swear	শপথ
sweat shirt	ঘাম শার্ট
sweat; perspiration	ঘাম ঘাম
sweater	সোয়েটার
sweep	ঝাড়ু দেওয়া
sweeping all at once	একযোগে সব ঝাড়ু
sweet	মিষ্টি
sweet flavour; mildness; flattery; stupidity	মিষ্টি স্বাদ; মৃদুতা চাটুকার মূর্খতা
sweets / snack	মিষ্টি / জলখাবার
sweets; candy	মিষ্টি; মিছরি
swim	সাঁতার কাটা
swimming	সাঁতার
swimming pool	সুইমিং পুল
swimsuit	সাঁতারের পোষাক
swing	দোল
swinging between joy and worry	আনন্দ এবং উদ্বেগের মধ্যে দোলনা
swirl	ঘূর্ণি
switch	সুইচ
switching over to	উপর সুইচিং
sword	তলোয়ার
sword; saber; knife; engraving tool	তলোয়ার saber ছুরি; খোদাই টুল
symbol	প্রতীক
symbol; code	প্রতীক; কোড
symbolic	প্রতীকী
sympathetic	সহানুভূতিশীল
sympathy	সহানুভূতি
sympathy; response	সহানুভূতি প্রতিক্রিয়া
symptom	উপসর্গ
symptoms; condition	উপসর্গ অবস্থা
syndrome	সিন্ড্রোম
synthesis	সংশ্লেষণ
synthesize	সংশ্লেষিত করা
synthetic fibres	সিন্থেটিক ফাইবার
system	সিস্টেম
system / framework	সিস্টেম / ফ্রেমওয়ার্ক
system; family line; geological formation	সিস্টেম; পারিবারিক লাইন; ভূতাত্ত্বিক গঠন
system; institution; organization	সিস্টেম; প্রতিষ্ঠান সংগঠন
system; lineage; group	সিস্টেম; বংশ দল
system; organization	সিস্টেম; সংগঠন
systematic	পদ্ধতিগত
t-shirt	টি-শার্ট
tabi; Japanese socks (with split toe)	tabi; জাপানি মোজা (বিভক্ত পায়ের আঙ্গুল সহ)
table	টেবিল
table (e.g. Tab 1); chart; list	টেবিল (যেমন ট্যাব 1); চার্ট; তালিকা
table of contents	বিষয়বস্তুর সারণী
table salt	টেবিল লবণ
table with heater; (orig) charcoal brazier in a floor well	হিটার সহ টেবিল; (orig) একটি মেঝে কূপ মধ্যে কাঠকয়লা brazier
tablet	ট্যাবলেট
tableware	থালাবাসন
taboo; forbidden thing	নিষিদ্ধ নিষিদ্ধ জিনিস
tackle	মোকাবেলা
tactic	কৌশল
tactical	কৌশলগত
tag	ট্যাগ
tail	লেজ
take	নিতে
take after	পরে নিতে
take care	যত্ন নিন
take care (said to leaver)	যত্ন নিন (ত্যাগীকে বললেন)
take care (said to someone sick)	যত্ন নিন (অসুস্থ কাউকে বললেন)
take care (to a sick person)	যত্ন নিন (অসুস্থ ব্যক্তির)
take off	বন্ধ করা
taking a train; entraining	একটি ট্রেন নেওয়া; entraining
taking an examination	একটি পরীক্ষা নিচ্ছে
takoyaki	takoyaki
tale	গল্প
tale; story; legend	গল্প গল্প কিংবদন্তি
talent	প্রতিভা
talent; ability	প্রতিভা ক্ষমতা
talented	প্রতিভাবান
talk	কথা
talk / story	কথা/গল্প
talk; story	কথা গল্প
tall	লম্বা
tall; expensive	লম্বা ব্যয়বহুল
tangible	বাস্তব
tank	ট্যাঙ্ক
tap	টোকা
tape	টেপ
target	লক্ষ্য
target; object (of worship; study; etc); subject (of taxation; etc)	লক্ষ্য বস্তু (পূজা; অধ্যয়ন; ইত্যাদি); বিষয় (কর আরোপ; ইত্যাদি)
tariff	ট্যারিফ
task	টাস্ক
task / work	কাজ / কাজ
taste	স্বাদ
tastes bad	খারাপ স্বাদ
tastes good, delicious	স্বাদ ভাল, সুস্বাদু
tatami room	তাতামি ঘর
tax	ট্যাক্স
tax exemption; duty exemption	কর অব্যাহতি; শুল্ক অব্যাহতি
tax; duty	ট্যাক্স কর্তব্য
taxation	ট্যাক্সেশন
taxi	ট্যাক্সি
taxpayer	করদাতা
tea	চা
tea (black tea)	চা (কালো চা)
tea drinking; tea house	চা পান করা; চা ঘর
teach	শেখান
teacher	শিক্ষক
teacher (classroom)	শিক্ষক (শ্রেণীকক্ষ)
teacher (profession)	শিক্ষক (পেশা)
teacher; Professor ...	শিক্ষক অধ্যাপক...
teacher; doctor	শিক্ষক ডাক্তার
teaching	শিক্ষাদান
teaching certificate; the teaching profession	শিক্ষার শংসাপত্র; শিক্ষকতা পেশা
teaching materials	শিক্ষার উপকরণ
teaching staff	শিক্ষকতা কর্মীরা
teaching; instruction; professor	শিক্ষাদান নির্দেশ অধ্যাপক
teachings; precept; lesson; doctrine	শিক্ষা আজ্ঞা পাঠ মতবাদ
teacup	চা কাপ
team	দল
tear	টিয়ার
tease; prank; trick; practical joke; mischief	উত্যক্ত করা কৌতুক কৌশল ব্যবহারিক কৌতুক; দুষ্টুমি
technical	প্রযুক্তিগত
technical skill; ability; capacity	প্রযুক্তিগত দক্ষতা; ক্ষমতা ক্ষমতা
technique	কৌশল
technological	প্রযুক্তিগত
technology	প্রযুক্তি
tedium; boredom	ক্লান্তিকর; একঘেয়েমি
teenage	কিশোর
teenager	কিশোর
teens	কিশোর
teeth brushing	দাঁত ব্রাশ করা
telegram	টেলিগ্রাম
telepathy / mutual understanding	টেলিপ্যাথি / পারস্পরিক বোঝাপড়া
telephone	টেলিফোন
telephone pole; telegraph pole; lightpole	টেলিফোন খুঁটি; টেলিগ্রাফ মেরু; আলোর খুঁটি
telescope	টেলিস্কোপ
television	টেলিভিশন
television or radio program	টেলিভিশন বা রেডিও প্রোগ্রাম
tell	বল
temperate zone	নাতিশীতোষ্ণ অঞ্চল
temperature	তাপমাত্রা
temperature (air)	তাপমাত্রা (বাতাস)
temperature (body)	তাপমাত্রা (শরীর)
temperature (weather)	তাপমাত্রা (আবহাওয়া)
temple	মন্দির
temple (Buddhist)	মন্দির (বৌদ্ধ)
temporarily	সাময়িকভাবে
temporary	অস্থায়ী
temporary absence from school; suspension	স্কুল থেকে অস্থায়ী অনুপস্থিতি; সাসপেনশন
temporary; special; extraordinary	অস্থায়ী বিশেষ অসাধারণ
tempt	প্রলোভন
tempura	টেম্পুরা
ten	দশ
ten (counter)	দশ (কাউন্টার)
ten (things)	দশ (জিনিস)
ten days	দশ দিন
ten days; the tenth day	দশ দিন; দশম দিন
ten minutes	দশ মিনিট
ten o'clock	দশটা বাজে
ten thousand	দশ হাজার
tenant	ভাড়াটে
tend	ঝোঁক
tendency	প্রবণতা
tendency; trend; inclination	প্রবণতা প্রবণতা প্রবণতা
tender	টেন্ডার
tennis	টেনিস
tension	উত্তেজনা
tension; mental strain; nervousness	উত্তেজনা মানসিক চাপ; নার্ভাসনেস
tent	তাঁবু
tentative; provisional	অস্থায়ী অস্থায়ী
tenth	দশম
tenuous	ক্ষীণ
tenure	মেয়াদ
term	মেয়াদ
term (school)	শব্দ (বিদ্যালয়)
term; period	মেয়াদ; সময়কাল
term; terminology	মেয়াদ; পরিভাষা
terminal	টার্মিনাল
terminate	শেষ করা
terminus; last stop (e.g train)	টার্মিনাস শেষ স্টপ (যেমন ট্রেন)
terms	শর্তাবলী
terrain	ভূখণ্ড
terrible	ভয়ানক
terrible; dreadful	ভয়ানক ভয়ঙ্কর
terribly	ভয়ঙ্করভাবে
terrific	ভয়ঙ্কর
terrify	আতঙ্কিত
territory	অঞ্চল
terror	সন্ত্রাস
terrorism	সন্ত্রাসবাদ
terrorist	সন্ত্রাসী
test	পরীক্ষা
test / exam	পরীক্ষা/পরীক্ষা
testify	সাক্ষ্য দেওয়া
testimony	সাক্ষ্য
testing	পরীক্ষা
testing; scrutiny; careful investigation	পরীক্ষা যাচাই বাছাই সতর্ক তদন্ত
text	পাঠ্য
text / writing	পাঠ্য / লেখা
text book	পাঠ্য বই
textbook	পাঠ্যপুস্তক
texture	গঠন
than	চেয়ে
thank	ধন্যবাদ
thank you	ধন্যবাদ
thank you for the meal	খাবারের জন্য আপনাকে ধন্যবাদ
thank you very much	আপনাকে অনেক ধন্যবাদ
thankfully	ধন্যবাদ
thanks	ধন্যবাদ
thanks (casual)	ধন্যবাদ (নৈমিত্তিক)
thanks / hi (casual)	ধন্যবাদ / হাই (নৈমিত্তিক)
thanks for the meal	খাবারের জন্য ধন্যবাদ
thanks to ...	ধন্যবাদ...
thanks to you / I'm fine (reply)	আপনাকে ধন্যবাদ / আমি ভালো আছি (উত্তর)
thanks; gratitude	ধন্যবাদ কৃতজ্ঞতা
that	যে
that ...	যে...
that ... (over there)	যে... (সেখানে)
that is correct (very polite)	এটা সঠিক (খুব ভদ্র)
that one	যে এক
that one (over there)	সেই এক (সেখানে)
that one over there	যে সেখানে এক
that one; Italy	যে এক; ইতালি
that over there	যে সেখানে
that very day	সেদিনই
that way / you	যে ভাবে / আপনি
that's enough	এটা যথেষ্ট
that's fine / no thanks	এটা ঠিক/না ধন্যবাদ
that's good / a relief	এটা ভাল / একটি স্বস্তি
the	দ
the Earth	পৃথিবী
the Japanese syllabary	জাপানি পাঠ্যক্রম
the aged; old person	বৃদ্ধ; বৃদ্ধ ব্যক্তি
the beginning	শুরু
the bill, please	বিল, দয়া করে
the body	শরীর
the crux of the matter	বিষয়টির মূল বিষয়
the day after tomorrow	পরশু
the day before yesterday	গতকালের আগের দিন
the deceased; old friend	মৃত ব্যক্তি; পুরানো বন্ধু
the earth	পৃথিবী
the earth / land	পৃথিবী/ভূমি
the end	শেষ
the end of; powder	the end of; পাউডার
the end; the extremity; the limit(s); the result	শেষ; the extremity; সীমা(গুলি); ফলাফল
the foot; the bottom; the base (of a mountain)	পা; নীচে; ভিত্তি (পাহাড়ের)
the former	সাবেক
the front	সামনে
the front; honesty	সামনে; সততা
the future; previous	ভবিষ্যত; পূর্ববর্তী
the head; the foremost; beginning	মাথা; অগ্রগণ্য; শুরু
the late (deceased)	প্রয়াত (মৃত)
the latter	পরেরটি
the lowest; the worst	সর্বনিম্ন; সবচেয়ে খারাপ
the manufacturing industry	উত্পাদন শিল্প
the month after next	পরের মাস
the nearest	নিকটতম
the number of flat things	সমতল জিনিস সংখ্যা
the opposite sex	বিপরীত লিঙ্গ
the other day	অন্য দিন
the other day; a few days ago	অন্য দিন; কয়েকদিন আগে
the other day; lately; recently	অন্য দিন; সম্প্রতি; সম্প্রতি
the other side	অন্য দিকে
the outside; external	বাইরে; বহিরাগত
the past; bygone days; the previous	অতীত; বিগত দিনগুলি; আগের
the person himself	ব্যক্তি নিজেই
the public	জনসাধারণ
the rain stops	বৃষ্টি থামে
the reason is	কারণ হল
the rest	বাকি
the same rank; equality; apposition	একই পদমর্যাদা; সমতা নিয়োগ
the sky is clear	আকাশ পরিষ্কার
the text; original	পাঠ্য; মূল
the week after next	পরের সপ্তাহে
the whole body; full-length (portrait)	পুরো শরীর; পূর্ণ-দৈর্ঘ্য (প্রতিকৃতি)
the world	বিশ্ব
the year after next	পরের বছর
the year before last	গত বছর আগে
theatre	থিয়েটার
theatre; playhouse	থিয়েটার খেলাঘর
theatrical	নাট্য
theft	চুরি
theft; robbery	চুরি ডাকাতি
their	তাদের
theirs	তাদের
them	তাদের
theme	থিম
themselves	নিজেদের
then	তারপর
then...; if that is the case,...	তারপর...; যদি তাই হয়,...
theology	ধর্মতত্ত্ব
theoretical	তাত্ত্বিক
theory	তত্ত্ব
therapist	থেরাপিস্ট
therapy	থেরাপি
there	সেখানে
there are many...	অনেক আছে...
there is ...	আছে...
there, that place	সেখানে, সেই জায়গা
thereafter	তারপর
thereby	এর দ্বারা
therefore	তাই
therefore; consequently; accordingly; because of	অতএব; ফলস্বরূপ; সেই অনুযায়ী; কারণ
thereupon	তারপর
these days	এই দিন
thesis	থিসিস
thesis; essay; treatise; paper	থিসিস; প্রবন্ধ গ্রন্থ কাগজ
they	তারা
they (usually male)	তারা (সাধারণত পুরুষ)
thick	পুরু
thick (as of color; liquid); dense; strong	পুরু (রঙ হিসাবে; তরল); ঘন শক্তিশালী
thief	চোর
thin	পাতলা
thin; weak	পাতলা দুর্বল
thing	জিনিস
thing (concrete object)	জিনিস (কংক্রিট বস্তু)
thing; article; goods; dignity; article (goods); counter for meal courses	জিনিস নিবন্ধ; পণ্য; মর্যাদা নিবন্ধ (মাল); খাবার কোর্সের জন্য কাউন্টার
thing; matter; fact; circumstances	জিনিস ব্যাপার ঘটনা পরিস্থিতি
things to do	করার জিনিস
things; everything	জিনিসপত্র সবকিছু
things; matters	জিনিসপত্র বিষয়
think	মনে
thinking	চিন্তা
thinking; thought; ideas; intention	চিন্তা চিন্তা ধারণা; উদ্দেশ্য
third	তৃতীয়
thirdly	তৃতীয়ত
thirsty	তৃষ্ণার্ত
thirteen	তেরো
thirty	ত্রিশ
thirty minutes	ত্রিশ মিনিট
this	এই
this ...	এই...
this evening	আজ সন্ধ্যায়
this month	এই মাসে
this morning	আজ সকালে
this one	এই এক
this person (polite)	এই ব্যক্তি (ভদ্র)
this semester	এই সেমিস্টার
this way (polite)	এইভাবে (ভদ্র)
this way / this person	এই ভাবে / এই ব্যক্তি
this week	এই সপ্তাহে
this year	এই বছর
thorough	পুঙ্খানুপুঙ্খ
thoroughly	পুঙ্খানুপুঙ্খভাবে
thoroughness	পুঙ্খানুপুঙ্খতা
thoroughness; completeness	পুঙ্খানুপুঙ্খতা সম্পূর্ণতা
though	যদিও
thought	চিন্তা
thought / idea	চিন্তা/ধারণা
thought-provoking	চিন্তা-উদ্দীপক
thought; idea	চিন্তা ধারণা
thoughtful	চিন্তাশীল
thousand	হাজার
thread	থ্রেড
threat	হুমকি
threat; menace; coercion; terrorism	হুমকি হুমকি; জবরদস্তি সন্ত্রাসবাদ
threaten	হুমকি
three	তিন
three (counter)	তিন (কাউন্টার)
three (long objects)	তিনটি (দীর্ঘ বস্তু)
three (small animals)	তিনটি (ছোট প্রাণী)
three (things)	তিনটি (জিনিস)
three days	তিন দিন
three days; third day of the month	তিন দিন; মাসের তৃতীয় দিন
three hundred	তিনশ
three minutes	তিন মিনিট
three o'clock	তিনটা বাজে
three people	তিন জন
threshold	প্রান্তিক
thrift; economy; frugality	সার্থকতা অর্থনীতি; মিতব্যয়িতা
thrilled	রোমাঞ্চিত
thrive	উন্নতি লাভ
throat	গলা
through	মাধ্যমে
throughout	সর্বত্র
throw	নিক্ষেপ
thumb	থাম্ব
thunder	বজ্র
thunder / lightning	বজ্র/বাজ
thus	এইভাবে
ticket	টিকিট
ticket office	টিকিট অফিস
ticket window	টিকিট জানালা
ticket; coupon; bond; certificate	টিকিট কুপন; বন্ধন সার্টিফিকেট
tickets	টিকিট
tide	জোয়ার
tidy	পরিপাটি
tie	টাই
tiger	বাঘ
tight	টাইট
tighten	শক্ত করা
till	পর্যন্ত
timber	কাঠ
time	সময়
time / moment	সময়/মুহূর্ত
time / occasion	সময়/উপলক্ষ
time card	টাইম কার্ড
time of...; when...	সময়...; যখন...
time; about; toward; approximately (time)	সময় সম্পর্কে দিকে প্রায় (সময়)
time; labour	সময় শ্রম
time; season; period	সময় ঋতু; সময়কাল
time; years; days	সময় বছর দিন
timely	সময়মত
timetable; schedule	সময়সূচী; সময়সূচী
timid	ভীরু
timing	সময়
tin	টিন
tiny	ক্ষুদ্র
tip	টিপ
tire	টায়ার
tired	ক্লান্ত
tiredness; fatigue	ক্লান্তি; ক্লান্তি
tissue	টিস্যু
tissue paper; toilet paper	টিস্যু পেপার; টয়লেট পেপার
title	শিরোনাম
title; subject; theme; topic	শিরোনাম; বিষয় থিম বিষয়
to	থেকে
to (a place); as far as (a place); till (a time)	to (a place); as far as (a place); পর্যন্ত (একটি সময়)
to (happen to) see; to notice; to catch sight of	to (হতে) দেখতে; লক্ষ্য করা; দৃষ্টিশক্তি ধরার জন্য
to abate; to decrease; to diminish; to shorten	কম করা; হ্রাস করা; হ্রাস করা; ছোট করতে
to abbreviate	সংক্ষেপে
to abide (by the rules); to obey; to follow; to accompany	to abide (নিয়ম দ্বারা); আনুগত্য করা; অনুসরণ করা; সঙ্গ দিতে
to accept (respect)	গ্রহণ করা (সম্মান)
to accomplish	সম্পন্ন করা
to accomplish; to do	to accomplish; করতে
to accomplish; to fulfill; to carry out; to achieve	to accomplish; পূরণ করা; বহন করা; অর্জন করতে
to accost a person; to talk (to someone)	একজন ব্যক্তিকে অভিযুক্ত করা; কথা বলতে (কারো সাথে)
to accustom	অভ্যস্ত করা
to acknowledge	স্বীকার করতে
to act spoiled	নষ্ট করা
to act violently; to rage; to struggle; to be riotous	হিংস্রভাবে কাজ করা; রাগ করা; সংগ্রাম করতে; দাঙ্গা করা
to add a number	একটি সংখ্যা যোগ করতে
to address	সম্বোধন করতে
to adhere to; to keep close to	to adhere to; কাছে রাখতে
to admire / yearn for	প্রশংসিত / আকাঙ্ক্ষা করা
to adopt	গ্রহণ করা
to advance; to promote; to hasten	অগ্রসর হওয়া; প্রচার করা; তাড়াতাড়ি করা
to agree	একমত হতে
to aim at	লক্ষ্য করা
to aim at; to have an eye on	লক্ষ্য করা; একটি চোখ আছে
to aim for	লক্ষ্য করার জন্য
to air; to dry; to desiccate; to drain (off); to drink up	বাতাস করা; শুকানো; নিষ্কাশন করা; to drain (বন্ধ); পান করতে
to amass; to accumulate	সংগ্রহ করা; জমা করা
to amuse oneself; to make merry	to amuse oneself; আনন্দ করতে
to answer	উত্তর দিতে
to answer (respect)	উত্তর দিতে (সম্মান)
to answer; to respond; to meet; to satisfy; to accept	উত্তর দিতে প্রতিক্রিয়া জানাতে দেখা করা; সন্তুষ্ট করা; গ্রহণ করতে
to apologize	ক্ষমা চাওয়ার জন্য
to apologize (humble)	ক্ষমা চাওয়া (নম্র)
to appear (in print); to be recorded	to appear (মুদ্রণে); রেকর্ড করা
to appear in disguise; to take the form of; to change for the worse	ছদ্মবেশে উপস্থিত হওয়া; to take the form of; খারাপের জন্য পরিবর্তন করতে
to appear; to come in sight; to become visible; to come out; to embody; to materialize; to express oneself	প্রদর্শিত; to come in sight; দৃশ্যমান হওয়া; to come out; to embody; বাস্তবায়িত করা; নিজেকে প্রকাশ করতে
to appear; to leave	প্রদর্শিত; ছেড়ে যেতে
to append; to sum up; to add (up)	যোগ করা; to sum up; যোগ করা (আপ)
to apply	আবেদন করতে
to apply for; to make an application	আবেদন করার জন্য; একটি আবেদন করতে
to approach; to draw near	কাছে যেতে কাছে টানতে
to approach; to get near; to get acquainted with; to get closer	কাছে যেতে কাছে পেতে সাথে পরিচিত হওয়া; কাছাকাছি পেতে
to argue; to discuss; to debate	তর্ক করা; আলোচনা করা; বিতর্ক করতে
to arise; to ascend; to go up	to arise; to ascend; উপরে যেতে
to arrange (flowers)	সাজানো (ফুল)
to arrive	পৌঁছাতে
to arrive at	পৌঁছাতে
to ascend; to go up; to climb	to ascend; to go up; আরোহণ
to ascertain	নিশ্চিত করতে
to ask	জিজ্ঞাসা করতে
to ask (a favor)	জিজ্ঞাসা করা (একটি অনুগ্রহ)
to ask (respect)	জিজ্ঞাসা করা (সম্মান)
to ask after (health); to visit	to ask after (স্বাস্থ্য); পরিদর্শন করতে
to ask for directions	দিকনির্দেশ জিজ্ঞাসা করতে
to ask/visit (humble)	জিজ্ঞাসা করতে/দেখা করতে (নম্র)
to ask; to request	জিজ্ঞাসা করা; অনুরোধ করতে
to assemble; to set up; to construct	to assemble; সেট আপ করা; নির্মাণ
to assist	সাহায্য করতে
to associate with; to keep company with; to get on with	to associate with; সঙ্গে কোম্পানি রাখা; সঙ্গে পেতে
to attach	সংযুক্ত করতে
to attach; to join; to add; to append	সংযুক্ত করা; যোগদান করা; যোগ করা; সংযোজন করা
to attack; to assault	আক্রমণ করা; আক্রমণ করতে
to attack; to avenge	আক্রমণ করা; প্রতিশোধ নিতে
to attack; to defeat; to destroy	আক্রমণ করা; পরাজিত করা; ধ্বংস করতে
to attain enlightenment; to perceive; to understand; to discern	to attain enlightenment; উপলব্ধি করা; বুঝতে বুঝতে
to attempt; to test	চেষ্টা করা; পরীক্ষা করতে
to attend	অংশগ্রহণ করতে
to attend (respect)	উপস্থিত হওয়া (সম্মান)
to avert (one's eyes)	এড়ানো (কাউয়ের চোখ)
to awaken	জাগ্রত করা
to bake	বেক করা
to bake; to grill	বেক করা; গ্রিল করতে
to balance; to be in harmony; to suit	ভারসাম্য করা; সুরেলা হওয়া; উপযুক্ত
to bargain	দর কষাকষি করা
to bark; to bay; to howl; to bellow; to roar; to cry	to bark; উপসাগর করা; চিৎকার করা; to bellow; গর্জন করা; কাঁদতে
to bathe; to bask in the sun; to shower	গোসল করা; রোদে বাস্ক করা; গোসল করা
to be	হতে
to be (animate); to be; to exist	to be ( অ্যানিমেট ); হতে অস্তিত্ব
to be (polite)	হতে (ভদ্র)
to be (polite); to exist	to be ( ভদ্র ); অস্তিত্ব
to be / go / come (respect)	হতে/যাও/আসা (সম্মান)
to be absent (from...); to rest	অনুপস্থিত থাকা (থেকে...); বিশ্রাম
to be amazed	বিস্মিত হতে
to be angry	রাগান্বিত হতে
to be anxious; to ponder	উদ্বিগ্ন হতে; চিন্তা করা
to be arrested; to be caught	গ্রেফতার করা; ধরা
to be asked (humble)	জিজ্ঞাসা করা (নম্র)
to be attached	সংযুক্ত করা
to be audible	শ্রবণযোগ্য হতে
to be audible / can hear	to be audible/ শুনতে পারা
to be aware / know well	to be aware / well know
to be bewildered	বিভ্রান্ত হতে
to be bitter	তিক্ত হতে
to be blessed with; to be rich in	to be blessed with; ধনী হতে
to be blocked; to be packed	ব্লক করা; প্যাক করা
to be blocked; to choke; to be obstructed	ব্লক করা; শ্বাসরোধ করা; বাধা দেওয়া
to be born	to be born
to be broken	ভাঙ্গা
to be burdened with; to carry on back or shoulder	to be burned with; পিছনে বা কাঁধে বহন করা
to be called (humble)	বলা হবে (নম্র)
to be careful; to pay attention; to take care	সাবধান হওয়া; মনোযোগ দিতে; যত্ন নিতে
to be caught in; to be stuck in; to be cheated	to be caught in; to be stuck in; প্রতারণা করা
to be caught; to be arrested	ধরা; গ্রেফতার করা
to be cautious/careful	সতর্ক/সতর্ক হতে
to be closed	বন্ধ করা
to be collected; to be settled; to be in order	সংগ্রহ করা; নিষ্পত্তি করা; অর্ডার করা
to be conceited	to be conceited
to be connected or related; to join together	to be connected or related; একসাথে যোগ দিতে
to be conspicuous; to stand out	to be conspicuous; দাঁড়ানো
to be continued	অব্যাহত রাখা
to be conveyed	to be conveyed
to be crowded	ভিড় করা
to be cured; to heal	to be cured; নিরাময় করতে
to be decided	সিদ্ধান্ত নেওয়া
to be decided; to be settled; to look good in (clothes)	সিদ্ধান্ত নেওয়া; নিষ্পত্তি করা; (পোশাক) সুন্দর দেখতে
to be delighted	আনন্দিত হতে
to be dented; to be indented; to yield to; to give; to sink; to collapse; to cave in; to be snubbed	to be dented; ইন্ডেন্ট করা; to ield to; to give; to sink; ধসে পড়া; to cave in; snubbed করা
to be different; wrong	ভিন্ন হওয়া; ভুল
to be disappointed	হতাশ হতে
to be disconnected; to get out of place; to be off; to be out (e.g. of gear)	সংযোগ বিচ্ছিন্ন করা; জায়গা থেকে বেরিয়ে যেতে; বন্ধ করা; বাইরে থাকা (যেমন গিয়ার)
to be discovered	আবিষ্কার করা
to be distant	দূরবর্তী হতে
to be drowned; to indulge in	to be drowned; indulge in
to be effective	কার্যকর হতে
to be enough	যথেষ্ট হতে
to be enthusiastic about	সম্পর্কে উত্সাহী হতে
to be entrusted (humble)	অর্পণ করা (নম্র)
to be familiar; to discover; to detect	to be familiar; আবিষ্কার করা; সনাক্ত করতে
to be filled with awe; to feel small; to be amazed; to be surprised; to be disconcerted; to be sorry; to b	to be filled with awe; ছোট মনে করা; বিস্মিত হওয়া; বিস্মিত হওয়া; বিরক্ত করা; দুঃখিত হওয়া; থেকে খ
to be finished	শেষ করা
to be fit for; to be equal to; to function properly	to be fit for; সমান হতে; সঠিকভাবে কাজ করতে
to be fixed; to be repaired	to be fixed; মেরামত করা
to be found; to be discovered	খুঁজে পাওয়া আবিষ্কার করা
to be fragrant; to smell; to stink	সুগন্ধি হতে; গন্ধ পাওয়া; দুর্গন্ধ করা
to be frightened	ভয় পাওয়া
to be frustrated	হতাশ হতে
to be full; to rise (tide); to mature; to expire	পূর্ণ হওয়া; to rise ( জোয়ার ); to mature; মেয়াদ শেষ হতে
to be furnished with	সঙ্গে সজ্জিত করা
to be grounded on; to be based on; to be due to; to originate from	to be grounded on; উপর ভিত্তি করে করা; কারণে হতে; থেকে উদ্ভূত
to be handed down; to be introduced; to be transmitted	to be handed down; পরিচয় করিয়ে দেওয়া; প্রেরণ করা
to be heard	শুনতে হবে
to be helpful	সহায়ক হতে
to be hit; to be successful; to be equivalent to	আঘাত করা; সফল হওয়া; সমতুল্য হতে
to be hungry	ক্ষুধার্ত হতে
to be idle; to neglect	নিষ্ক্রিয় হওয়া; অবহেলা করা
to be impatient	অধৈর্য হতে
to be in disorder; to lie scattered around	ব্যাধিতে থাকা; চারপাশে ছড়িয়ে থাকা
to be in high spirits; to be full of vigor	উচ্চ আত্মার মধ্যে হতে; প্রাণশক্তি পূর্ণ হতে
to be in sight	দৃষ্টিতে হতে
to be in someone's care	কারো যত্নে থাকতে
to be in time for	সময় থাকতে
to be in trouble	কষ্ট পেতে
to be indignant	রাগান্বিত হতে
to be informed; to have thorough knowledge	জানানো; পুঙ্খানুপুঙ্খ জ্ঞান আছে
to be interested (in ...)	আগ্রহী হতে (...)
to be interested in	আগ্রহী হতে
to be irritated	বিরক্ত করা
to be jealous	হিংসা করা
to be lacking	অভাব
to be late	দেরী হতে
to be late (for ...)	দেরী হতে (এর জন্য...)
to be late (for an appointment)	দেরী হতে (একটি অ্যাপয়েন্টমেন্টের জন্য)
to be lost; to disappear	হারিয়ে যাওয়া; অদৃশ্য হতে
to be mixed; to be blended with	মিশ্রিত করা; সঙ্গে মিশ্রিত করা
to be mixed; to be blended with; to associate with	মিশ্রিত করা; to be blended with; সঙ্গে যুক্ত করা
to be mixed; to be blended with; to associate with; to mingle with; to join	মিশ্রিত করা; to be blended with; to associate with; সঙ্গে মিশে যাওয়া; যোগ দিতে
to be moved/touched (by ...)	সরানো/স্পর্শ করা (দ্বারা...)
to be nervous	নার্ভাস হতে
to be on / attached	to be on/সংযুক্ত
to be on the heavy side	ভারী দিকে হতে
to be on the same page	একই পৃষ্ঠায় থাকতে
to be on thin ice	পাতলা বরফের উপর হতে
to be one-sided; to incline; to be partial	একতরফা হওয়া; to incline; আংশিক হতে
to be over the moon	চাঁদের উপরে হতে
to be overturned; to be upset; to topple over; to be reversed	to be overturned; মন খারাপ করা; to tople over; বিপরীত করা
to be particular about	সম্পর্কে বিশেষ হতে
to be photographed; to be projected	ছবি তোলা; অভিক্ষিপ্ত করা
to be piled up; lie on top of one another; overlap each other	to be piled up; একে অপরের উপরে শুয়ে থাকা; একে অপরকে ওভারল্যাপ করুন
to be pleased (respect)	খুশি হওয়া (সম্মান)
to be pleased with; to suit	খুশি হতে; উপযুক্ত
to be plugged up; to be shut up	প্লাগ আপ করা; বন্ধ করা
to be popular	জনপ্রিয় হতে
to be popular (in terms of romantic interest)	জনপ্রিয় হতে (রোমান্টিক আগ্রহের পরিপ্রেক্ষিতে)
to be prepared; to be in order; to be put in order; to be arranged	প্রস্তুত করা; to be in order; to be put in order; ব্যবস্থা করা
to be profitable	লাভজনক হতে
to be profitable; to yield a profit	লাভজনক হতে; লাভ করতে
to be prolonged	দীর্ঘায়িত করা
to be prolonged; to drag on	দীর্ঘায়িত করা; টেনে আনতে
to be proud; to swagger	to be proud; swagger
to be reflected; to harmonize with; to come out (photo)	প্রতিফলিত হওয়া; সঙ্গে সুরেলা করা; বেরিয়ে আসতে (ছবি)
to be renewed	নবায়ন করা
to be reserved; to be restrained	সংরক্ষিত করা; সংযত করা
to be resurrected; to be revived; to be resuscitated; to be rehabilitated	পুনরুত্থিত হওয়া; পুনরুজ্জীবিত করা; পুনরুজ্জীবিত করা; পুনর্বাসন করা
to be sad; to mourn for; to regret	দুঃখিত হওয়া; শোক করা; অনুশোচনা করা
to be saved; to be helped	সংরক্ষণ করা; সাহায্য করা
to be saved; to be rescued; to survive; to be helpful	সংরক্ষণ করা; উদ্ধার করা; বেঁচে থাকা; সহায়ক হতে
to be separated from; to leave; to go away; to be a long way off	থেকে পৃথক করা; ছেড়ে যেতে to go away; একটি দীর্ঘ পথ দূরে হতে
to be shut out	বন্ধ করা
to be silent	নীরব হতে
to be similar	অনুরূপ হতে
to be smashed; to go bankrupt	to be smashed; দেউলিয়া হতে
to be sold	বিক্রি করা
to be sold out	বিক্রি করা
to be sufficient; to be enough	যথেষ্ট হতে যথেষ্ট হতে
to be sunny	রৌদ্রোজ্জ্বল হতে
to be surprised	বিস্মিত হতে
to be taken care of (humble)	যত্ন নেওয়া (নম্র)
to be taught	শেখানো
to be thin	পাতলা হতে
to be thirsty	তৃষ্ণার্ত হতে
to be tidied	পরিপাটি করা
to be tied together; to be connected to; to be related to	to be tid together; to be connect to; সম্পর্কিত হতে
to be tolerant/patient	সহনশীল/ধৈর্যশীল হতে
to be under impression that; to be convinced that	ছাপ রাখা যে; নিশ্চিত হতে যে
to be under the weather	আবহাওয়ার অধীনে থাকতে
to be understood	বুঝতে হবে
to be very likeable	খুব ভালো লাগার জন্য
to be visible	দৃশ্যমান হতে
to be wavy; to be curled	to be wavy; কুঁচকানো
to be wet; to become wet; to be damp	to be wet; ভিজে যাওয়া; স্যাঁতসেঁতে হতে
to be worried	উদ্বিগ্ন হতে
to be worried; to be troubled	উদ্বিগ্ন হওয়া; বিরক্ত করা
to be(come) transparent	স্বচ্ছ হতে (আসুন)
to be; to have	হতে আছে
to be; to have (used for people and animals)	হতে আছে (মানুষ এবং প্রাণীদের জন্য ব্যবহৃত)
to bear fruit	ফল বহন করা
to bear fruit; to ripen	ফল বহন করা; পাকা
to bear; to stand; to endure; to put up with; to support; to withstand; to resist; to brave; to be fit for; t	সহ্য করা; দাঁড়ানো; সহ্য করা; to put up with; সমর্থন করা; সহ্য করা; প্রতিরোধ করা; সাহসী হওয়া; to be fit for; t
to beat	মারতে
to become	পরিণত হতে
to become attached	সংযুক্ত হতে
to become cloudy; to become dim	মেঘলা হওয়া; আবছা হয়ে যেতে
to become complete; to be equal; to be all present; to gather	সম্পূর্ণ হওয়া; সমান হওয়া; to be all present; সংগ্রহ করা
to become confused (disconcerted  disorganized)	বিভ্রান্ত হওয়া (অশান্ত বিশৃঙ্খল)
to become cool; to wear off; to abate; to subside	to become cool; to wear off; কম করা; কমতে
to become dirty	নোংরা হতে
to become domesticated; to become tame	গৃহপালিত হওয়া; to become tame
to become emotionally attached	আবেগগতভাবে সংযুক্ত হতে
to become fat	মোটা হতে
to become frightened; to have a nightmare	to become frightened; একটি দুঃস্বপ্ন আছে
to become hungry	ক্ষুধার্ত হয়ে উঠতে
to become late	দেরী হতে
to become loose; to slacken	to become loose; শিথিল করা
to become lost; to lose one's way	হারিয়ে যাওয়া; পথ হারানো
to become muddy; to get impure	to become muddy; অপবিত্র পেতে
to become sunny	রৌদ্রোজ্জ্বল হতে
to become thin	পাতলা হতে
to become thirsty	তৃষ্ণার্ত হয়ে যাওয়া
to become used to seeing; to be familiar with	দেখতে অভ্যস্ত হওয়া; সঙ্গে পরিচিত হতে
to begin	শুরু করতে
to begin with	শুরু করতে
to begin with; first of all	সঙ্গে শুরু করা; সবার আগে
to behave like a spoiled child; to fawn on	একটি নষ্ট শিশুর মত আচরণ করা; ভোজন করা
to behave; to conduct oneself; to entertain (vt)	আচরণ করা; নিজেকে আচরণ করা; বিনোদন (vt)
to believe; to believe in; to place trust in	বিশ্বাস করা; বিশ্বাস করা; বিশ্বাস স্থাপন করতে
to believe; to place trust in	বিশ্বাস করা; বিশ্বাস স্থাপন করতে
to belong to; to come under; to be affiliated with; to be subject to	to belong to; অধীনে আসা; to be affiliated with; বিষয় হতে
to bend	to bend
to bend; to crook; to lean	to bend; to crook; ঝুঁকে পড়া
to betray; to turn traitor to; to double-cross	বিশ্বাসঘাতকতা করা; বিশ্বাসঘাতককে পরিণত করা; ডবল-ক্রস করতে
to bite off; to gnaw through	to bite off; মাধ্যমে কুঁচন
to bite the bullet	বুলেট কামড়াতে
to bite; to chew	কামড় দেওয়া; চিবানো
to bless; to show mercy to	আশীর্বাদ করা; করুণা দেখানোর জন্য
to bloom	পুষ্প
to blow	ঘা
to boast of; to be proud of	to boast of; গর্বিত হতে
to boil	ফুটানো
to boil water	জল ফুটানো
to boil; to cook	to boil; রান্না করতে
to boil; to cook; to be cooked	to boil; রান্না করা; রান্না করা
to boil; to grow hot; to get excited	to boil; গরম হত্তয়া; উত্তেজিত হতে
to boil; to grow hot; to get excited; to gush forth	to boil; গরম হত্তয়া; উত্তেজিত হতে; to gush forth
to boil; to heat	to boil; গরম করতে
to borrow	ধার করা
to borrow (humble)	ধার করা (নম্র)
to branch off; to diverge from; to fork; to split; to dispense; to scatter; to divide into	শাখা বন্ধ করা; to diverge from; কাঁটাচামচ; বিভক্ত করা; বিতরণ করা; বিক্ষিপ্ত করা; ভাগ করা
to break	ভাঙ্গা
to break (something)	ভাঙ্গা (কিছু)
to break / divide	ভাঙা/ভাগ করা
to break down	ভেঙে ফেলা
to break or be folded	ভাঙ্গা বা ভাঁজ করা
to break or to fold	ভাঙ্গা বা ভাঁজ করা
to break the ice	বরফ ভাঙতে
to break up; to separate	টু ব্রেক আপ; আলাদা করতে
to break-down	টু ব্রেক-ডাউন
to break; to be broken	ভাঙ্গা; ভাঙ্গা
to break; to smash	ভাঙ্গা; টুকরো টুকরো করা
to bring (a person)	আনতে (একজন ব্যক্তি)
to bring (a thing)	আনতে (একটি জিনিস)
to bring near; to put close; to let come near; to associate with	কাছে আনা; বন্ধ করা; কাছে আসতে দেওয়া; সঙ্গে যুক্ত করা
to broadcast	সম্প্রচার করতে
to broaden; to propagate	প্রসারিত করা; প্রচার করতে
to brush (teeth); to polish	to brush (দাঁত); পোলিশ করতে
to brush gently; to stroke	আলতো করে ব্রাশ করা; স্ট্রোক করতে
to brush teeth	দাঁত ব্রাশ করতে
to brush teeth; to polish	দাঁত ব্রাশ করতে; পোলিশ করতে
to build	নির্মাণ করা
to bully	ধমক দিতে
to burn	জ্বালানো
to burn the midnight oil	মধ্যরাতের তেল পোড়াতে
to burn; to be burned	জ্বালানো; পুড়িয়ে ফেলা
to burn; to be roasted	জ্বালানো; রোস্ট করা
to burn; to kindle; to build a fire	জ্বালানো; জ্বালানো; আগুন তৈরি করতে
to burn; to scorch; to singe; to char	জ্বালানো; ঝলসে যাওয়া; গান গাওয়া; চর
to bury; to fill up; to fill (a seat; a vacant position)	দাফন করা; পূরণ করা; পূরণ করা (একটি আসন; একটি খালি পদ)
to buy	কিনতে
to buy insurance	বীমা কিনতে
to call	কল করতে
to call (one's name); to invite	to call (একজনের নাম); আমন্ত্রণ জানাতে
to call (respect)	ডাকতে (সম্মান)
to call out to; to accost; to address (crowd); to appeal	to call out to; accost; to address ( ভিড় ); আপিল করতে
to call out; to invite	কল করা; আমন্ত্রণ জানাতে
to calm down	শান্ত হতে
to calm down; to settle down	শান্ত করা; বসতি স্থাপন করা
to cancel	বাতিল করতে
to care for / be kind to	যত্ন করা / দয়া করা
to carry	বহন করা
to carry from one place to another; transport	এক স্থান থেকে অন্য স্থানে বহন করা; পরিবহন
to carry off; to run away with; to kidnap; to abduct	বহন করা; সঙ্গে পালিয়ে যাওয়া; অপহরণ করা; অপহরণ করতে
to carry on (e.g. in ceremony); to run a business	to carry on (যেমন অনুষ্ঠানে); একটি ব্যবসা চালানোর জন্য
to carry through; to achieve; to complete	মাধ্যমে বহন করা; অর্জন করা; সম্পূর্ণ করতে
to carry; to hold	বহন করা; রাখা
to carve; to engrave; to sculpture; to chisel	খোদাই করা; খোদাই করা; ভাস্কর্য করা; ছেনি করা
to catch a cold	ঠান্ডা ধরা
to catch fire; (electricity) comes on	আগুন ধরা; (বিদ্যুৎ) আসে
to cause	ঘটাতে
to cause; to arise; to be generated	কারণ to arise; উৎপন্ন করা
to cease; to abolish; to resign; to give up	বন্ধ করা; বাতিল করা; পদত্যাগ করা; ছেড়ে দিতে
to challenge; to call somebody to halt	চ্যালেঞ্জ করা; কাউকে থামাতে ডাকতে
to change	পরিবর্তন করতে
to change between buses or trains	বাস বা ট্রেনের মধ্যে পরিবর্তন করতে
to change clothes	কাপড় পরিবর্তন করতে
to change into; to convert into; to transform; to be reduced; to influence; to improve (someone)	to change into; to convert into; রূপান্তর করা; হ্রাস করা; প্রভাবিত করা; উন্নতি করতে (কেউ)
to change; to alter; to reform; to revise	পরিবর্তন করা; পরিবর্তন করা; সংস্কার করা; সংশোধন করতে
to change; to be of use; to reach to	পরিবর্তন করা; to be of use; পৌঁছাতে
to chase or run after someone; to run down; to pursue	to chase or run after someone; to run down; অনুসরণ করা
to chase; to run after	তাড়া করা; পিছনে চালানো
to cherish	লালন করা
to cherish / adore	to cherish/adore
to chew; to bite (at); to gnaw; to nibble; to munch; to crunch; to have a smattering of	চিবানো; to bite (at); কুটকুট করা; নিবল করা; to munch; টুকরো টুকরো করা; to have a smattering of
to choose	নির্বাচন করতে
to choose; to select	চয়ন করতে; নির্বাচন করতে
to clean	পরিষ্কার করতে
to clean; to sweep	পরিষ্কার করা; ঝাড়ু দেওয়া
to clear (e.g. weather); to become transparent	পরিষ্কার করা (যেমন আবহাওয়া); স্বচ্ছ হতে
to clear up (weather)	পরিষ্কার করা (আবহাওয়া)
to climb	আরোহণ
to close	বন্ধ করতে
to close (e.g. book; eyes); to shut	বন্ধ করা (যেমন বই; চোখ); বন্ধ করতে
to close (intr., closes)	বন্ধ করা (ইন্টার, বন্ধ)
to close (something)	বন্ধ করা (কিছু)
to close (tr.)	বন্ধ করা (tr.)
to close something	কিছু বন্ধ করতে
to close the door	দরজা বন্ধ করতে
to close; to be closed	বন্ধ করা; বন্ধ করা
to collapse	ধসে পড়া
to collapse; to crumble	ধসে পড়া; টুকরো টুকরো করা
to collect	সংগ্রহ করতে
to collect something	কিছু সংগ্রহ করতে
to collect; to gather; to add; to put aside	সংগ্রহ করা; to gather; যোগ করা; একপাশে রাখা
to collect; to gather; to save	সংগ্রহ করা; to gather; সংরক্ষণ করতে
to comb one's hair	চুল আঁচড়ানো
to combine; to join; to tie on; to attach with a knot	একত্রিত করা; যোগদান করা; to tie on; একটি গিঁট সঙ্গে সংযুক্ত করা
to come	আসতে
to come (respect)	আসা (সম্মান)
to come from	থেকে আসা
to come in contact with; to connect; to attend; to receive	সঙ্গে যোগাযোগ করা; সংযোগ করা; উপস্থিত হওয়া; গ্রহণ করতে
to come into existence; to be made	অস্তিত্বে আসা; তৈরি করা
to come off; to be taken off; to be removed	to come off; to be take off; অপসারণ করা
to come out; to fall out; to be omitted	to come out; to fall out; বাদ দেওয়া
to come to a halt	থামতে আসা
to come to pick up (someone)	নিতে আসা (কেউ)
to come true (wish)	সত্য হওয়া (ইচ্ছা)
to come untied; to come apart	to come untied; আলাদা হতে
to come; to arrive	to come; পৌঁছাতে
to comfort	সান্ত্বনা
to comfort; to console	সান্ত্বনা দিতে; সান্ত্বনা দিতে
to command; to appoint	আদেশ করা; নিয়োগ করতে
to commute	যাতায়াত করতে
to compare	তুলনা করতে
to compare; to liken; to speak figuratively; to illustrate; to use a simile	তুলনা করা; তুলনা করা; রূপকভাবে কথা বলা; চিত্রিত করা; একটি উপমা ব্যবহার করতে
to compensate for	ক্ষতিপূরণ দিতে
to complain	অভিযোগ করতে
to concern oneself in; to have to do with; to affect; to influence; to stick to (opinions)	to concern oneself in; to have to do with; প্রভাবিত করা; প্রভাবিত করা; লেগে থাকা (মতামত)
to concern; to be related	চিন্তা করা; সম্পর্কিত হতে
to condemn; to blame; to criticize	নিন্দা করা; দোষ দেওয়া; সমালোচনা করতে
to congeal; to freeze	to congeal; হিমায়িত করা
to congratulate; to celebrate	অভিনন্দন জানানো; উদযাপন করতে
to connect	সংযোগ করতে
to consent	সম্মতি দিতে
to consider	বিবেচনা করা
to consult	পরামর্শ করতে
to consult (humble)	পরামর্শ করা (নম্র)
to contact	যোগাযোগ করতে
to contact (humble)	যোগাযোগ করতে (নম্র)
to contact (respect)	যোগাযোগ করা (সম্মান)
to continue	চালিয়ে যেতে
to convey (message)	জানাতে (বার্তা)
to convey / tell	to convey/ tell
to cook	রান্না করতে
to cool oneself; to cool off; to enjoy evening cool	নিজেকে ঠান্ডা করা; ঠান্ডা করা; সন্ধ্যার শীতল উপভোগ করতে
to cool; to dampen; to let cool	ঠান্ডা করা; ভিজা করা; ঠান্ডা করা
to cool; to refrigerate	ঠান্ডা করা; ফ্রিজে রাখা
to copy / photograph	কপি/ছবি তোলা
to copy or photograph	কপি বা ছবি তোলার জন্য
to correct; to fix	সংশোধন করা; ঠিক করতে
to cost an arm and a leg	একটি হাত এবং একটি পা খরচ করতে
to cough	কাশি
to count	গণনা করা
to cover (with something)	আবৃত করা (কিছু দিয়ে)
to cover; to hide; to conceal; to wrap; to disguise	আবরণ করা; লুকাতে; গোপন করা; মোড়ানো; ছদ্মবেশ
to creep; to crawl	হামাগুড়ি দেওয়া; হামাগুড়ি দিতে
to cross	অতিক্রম করতে
to cross (e.g. arms); to traverse	অতিক্রম করা (যেমন অস্ত্র); অতিক্রম করা
to cross; to intersect; to associate with; to mingle with; to interest; to join	অতিক্রম করা; ছেদ করা; to associate with; সঙ্গে মিশে যাওয়া; আগ্রহের জন্য; যোগ দিতে
to cross; to pass; to tide over	অতিক্রম করা; পাস করা; to tide over
to cry	কাঁদতে
to cure; to heal; to fix; to correct; to repair	প্রতিকার করা; সুস্থ করা; ঠিক করা; সংশোধন করা; মেরামত করতে
to curse; to feel bitter	অভিশাপ দেওয়া; তিক্ত অনুভব করা
to cut	কাটা
to cut (hair); to mow (grass); to harvest	to cut ( চুল ); to mow ( ঘাস ); ফসল কাটা
to cut classes	ক্লাস কাটতে
to cut down little by little; to take a percentage	একটু একটু করে ছোট করা; শতাংশ নিতে
to cut in; to thrust oneself into; to wedge oneself in; to muscle in on; to interrupt; to disturb	to cut in; to thrust oneself into; to wedge oneself in; উপর পেশী করা; বাধা দেওয়া; বিরক্ত করতে
to dance	নাচতে
to dawn; to become daylight	to dawn; দিনের আলো হয়ে
to deceive	প্রতারণা করা
to deceive; to falsify; to misrepresent	প্রতারণা করা; মিথ্যা প্রমাণ করা; ভুলভাবে উপস্থাপন করা
to decide	সিদ্ধান্ত নিতে
to decide (respect)	সিদ্ধান্ত নেওয়া (সম্মান)
to decide on (an item)	সিদ্ধান্ত নিতে (একটি আইটেম)
to decorate	সাজাইয়া রাখা
to decrease (in size or number); to diminish; to abate	হ্রাস করা (আকার বা সংখ্যায়); হ্রাস করা; হ্রাস করা
to deepen; to heighten; to intensify	গভীর করা; to heighten; তীব্র করা
to defend (against); to protect; to prevent	to defend (বিরুদ্ধে); রক্ষা করা; প্রতিরোধ করতে
to defy	অস্বীকার করা
to deify; to enshrine	দেবতা করা; enshrine
to deliver (humble)	বিতরণ করা (নম্র)
to deliver (respect)	প্রদান করা (সম্মান)
to denote; to show; to point out; to indicate	বোঝানো; দেখানো নির্দেশ করা; নির্দেশ করতে
to deny; to negate; to contradict	অস্বীকার করা; negate; বিরোধিতা করা
to depart	প্রস্থান
to depart (on a plane; train; etc.)	প্রস্থান করা (একটি প্লেনে; ট্রেন; ইত্যাদি)
to depart; to set out; to start; to be going out	প্রস্থান করা; to set out; শুরু করতে বাইরে যাচ্ছে
to deposit; to pay in	জমা করা; টাকা দিতে
to deprecate oneself and praise the listener	নিজেকে অবজ্ঞা করা এবং শ্রোতার প্রশংসা করা
to desire; to wish for; to see; to command (a view of)	ইচ্ছা করা; ইচ্ছা করা; দেখতে আদেশ করা (একটি দৃশ্য)
to desire; to wish; to request	ইচ্ছা করা; ইচ্ছা করা; অনুরোধ করতে
to destroy; to pull down; to make change (money)	ধ্বংস করা; to pull down; পরিবর্তন করা (টাকা)
to detain; to check; to restrain	আটক করা; পরীক্ষা করা; সংযত করা
to die	মরতে
to differ	ভিন্ন হতে
to differ; to vary; to disagree	ভিন্ন হওয়া; পরিবর্তিত হওয়া; অসম্মতি
to dig	খনন করা
to dig; to excavate	খনন করা; খনন করা
to dilute; to water down	পাতলা করা; জল নিচে
to dip in; to soak	to dip in; soak
to dirty	নোংরা করতে
to disappear	অদৃশ্য হতে
to disappear; to get lost	অদৃশ্য হওয়া; হারিয়ে যেতে
to discover	আবিষ্কার করতে
to discuss	আলোচনা করতে
to discuss; to talk together	আলোচনা করা; একসাথে কথা বলতে
to disgrace; to dishonour	to disgrace; অসম্মান করা
to dispute; to argue; to be at variance; to compete	বিতর্ক করা; তর্ক করা; ভিন্নতা থাকা; প্রতিযোগিতা করতে
to dissolve (paint)	দ্রবীভূত করা (রাঙানো)
to distribute; to deliver	বিতরণ করা; বিতরণ করতে
to disturb; to prevent	বিরক্ত করা; প্রতিরোধ করতে
to divide; to cut; to break; to halve	ভাগ করা; কাটা; ভাঙ্গা; অর্ধেক করা
to divide; to separate	ভাগ করা; আলাদা করতে
to do	করতে
to do (humble)	করতে (নম্র)
to do (respect)	করতে (সম্মান)
to do laundry	লন্ড্রি করতে
to do one's best	একজনের সেরাটা করতে
to do one's best; to try hard	to do one's best; কঠিন চেষ্টা
to do physical exercises	শারীরিক ব্যায়াম করতে
to do the laundry	লন্ড্রি করতে
to do; to have sexual intercourse; to kill; to give (to inferiors  animals  etc.); to dispatch (a letter	করতে; যৌন মিলন করা; হত্যা করা; to give ( to be inferior animals etc.); প্রেরণ (একটি চিঠি
to do; to perform	করতে; সঞ্চালন
to dote on	ডট অন
to doubt; to distrust; to be suspicious of; to suspect	সন্দেহ করা; অবিশ্বাস করা; to be suspicious of; সন্দেহ করা
to drain; to float; to shed (blood; tears); to cruise (e.g. taxi)	নিষ্কাশন করা; ভাসানো; to shed ( রক্ত ; অশ্রু ); ক্রুজ করতে (যেমন ট্যাক্সি)
to draw	আঁকা
to draw back; to sink; to cave in	to draw back; to sink; গুহা মধ্যে
to draw near; to press	to draw near; চাপতে
to draw the line	লাইন আঁকা
to draw; to paint	আঁকা; আঁকা
to draw; to paint; to sketch; to depict; to describe	আঁকা; আঁকা; স্কেচ করা; চিত্রিত করা; বর্ণনা করতে
to drink	পান করতে
to drink (respect)	পান করা (সম্মান)
to drink coffee	কফি পান করতে
to drive	চালাতে
to drop	ড্রপ
to drop (something)	ফেলে দেওয়া (কিছু)
to dry	শুকাতে
to dry (clothes; etc.); to desiccate	to dry (কাপড়; ইত্যাদি); শুষ্ক করা
to each their own	প্রতিটি তাদের নিজস্ব
to earn / profit	উপার্জন/লাভ করা
to earn income; to labor	আয় উপার্জন করতে; শ্রম করতে
to eat	খাওয়া
to eat/drink (respect)	খাওয়া/পান (সম্মান)
to employ; to hire	নিয়োগ করা; ভাড়া করা
to encourage	উত্সাহিত করতে
to end	শেষ করতে
to end; to be finished; to be exhausted; to die; to perish	শেষ করা; শেষ করা; to be exhausted; to die; ধ্বংস করা
to enjoy	উপভোগ করতে
to enjoy oneself	নিজেকে উপভোগ করতে
to enter	প্রবেশ করতে
to enter school or university	স্কুল বা বিশ্ববিদ্যালয়ে প্রবেশ করতে
to enter; to contain	প্রবেশ করা ধারণ করা
to entrust to another; to leave to	to entrust to another; ছেড়ে যেতে
to envy	হিংসা করা
to erase; to turn off power	মুছে ফেলা; পাওয়ার বন্ধ করতে
to erect; to be erected; to be built	খাড়া করা; to be ected; নির্মাণ করা
to escape	পালাতে
to examine (medical)	পরীক্ষা করা (চিকিৎসা)
to exceed	অতিক্রম করতে
to exceed; to cross over; to cross	অতিক্রম করা; অতিক্রম করা; অতিক্রম করতে
to exchange	বিনিময় করতে
to exchange (messages); to dodge; to parry; to avoid; to turn aside	বিনিময় করা (বার্তা); ফাঁকি দেওয়া; প্যারি করা; এড়ানো; to turn aside
to exchange glances; to postpone; to suspend operations; to refrain from performing an action	দৃষ্টি বিনিময় করতে; স্থগিত করা; অপারেশন স্থগিত করা; একটি কর্ম সঞ্চালন থেকে বিরত থাকা
to exchange; to interchange; to substitute; to replace	বিনিময় করা; বিনিময় করা; প্রতিস্থাপন; প্রতিস্থাপন করতে
to exercise	ব্যায়াম করতে
to exert; to cause; to exercise	to exert; কারণ ব্যায়াম করতে
to expand; to swell (out); to get big; to become inflated	প্রসারিত করা; to swell ( আউট ); বড় পাওয়া; স্ফীত হয়ে
to experience	অভিজ্ঞতা করতে
to explain	ব্যাখ্যা করতে
to explain (humble)	ব্যাখ্যা করা (নম্র)
to explain (respect)	ব্যাখ্যা করা (সম্মান)
to export	রপ্তানি করতে
to express thanks (humble)	ধন্যবাদ জানাতে (নম্র)
to express; to show; to reveal	প্রকাশ করা; দেখানো প্রকাশ করতে
to extend over or into; to straddle	to extend over or into; straddle
to extract; to omit; to surpass; to draw out; to unplug	নিষ্কাশন করা; বাদ দেওয়া; অতিক্রম করা; আঁকা আউট; আনপ্লাগ করতে
to face	মুখোমুখি
to face; to confront; to oppose	মুখোমুখি হওয়া; মুখোমুখি হওয়া; বিরোধিতা করতে
to fail; to be unsuccessful	ব্যর্থ হওয়া; ব্যর্থ হতে
to fall	পড়া
to fall (rain / snow)	পড়া (বৃষ্টি/তুষার)
to fall behind; to be inferior to	পিছনে পড়া; থেকে নিকৃষ্ট হতে
to fall down	নিচে পড়া
to fall down; to fall over	নিচে পড়া; উপর পড়া
to fall or drop	পড়ে যাওয়া বা পড়ে যাওয়া
to fall; e.g. rain or snow	পড়া; যেমন বৃষ্টি বা তুষার
to fall; to scatter (e.g. blossoms)	পড়া; বিক্ষিপ্ত করা (যেমন ফুল)
to fan; to flap	পাখা করা; ফ্ল্যাপ করা
to fasten; to turn off; to detain	বেঁধে রাখা; বন্ধ করা; আটক করা
to fear; to be afraid of	ভয় করা; ভয় পেতে
to fear; to have misgivings; to be doubtful; to mistrust	ভয় করা; to have misgivings; সন্দেহ করা; অবিশ্বাস করা
to feed (animals)	খাওয়ানো (প্রাণী)
to feel relieved	স্বস্তি বোধ করতে
to feel sick	অসুস্থ বোধ করতে
to feel; to sense	অনুভব করা; অনুভূতি
to feel; to sense; to experience	অনুভব করা; to sense; অভিজ্ঞতা করতে
to fight; to battle; to combat	লড়াই করা; যুদ্ধ করতে; যুদ্ধ করতে
to find	খুঁজে পেতে
to finish	শেষ করতে
to fish	মাছ
to fit; to suit	ফিট করা; উপযুক্ত
to fix / repair	ঠিক করা / মেরামত করা
to fix; to repair	ঠিক করা; মেরামত করতে
to flee	পালিয়ে যেতে
to float	ভাসতে
to float; to become merry; to become loose	ভাসানো; আনন্দিত হওয়া; শিথিল হতে
to float; to express; to look (sad; glad)	ভাসানো; প্রকাশ করা; দেখতে (দুঃখী; আনন্দিত)
to float; to rise to surface; to come to mind	ভাসানো; পৃষ্ঠে উঠতে; মনে আসা
to flood; to overflow; to brim over	বন্যা করা; উপচে পড়া; কানায় কানায়
to flourish; to thrive; to be popular; to come into fashion	to flourish; উন্নতি লাভ করা; জনপ্রিয় হতে; ফ্যাশনে আসা
to flow	প্রবাহিত হতে
to flutter with excitement	উত্তেজনার সাথে ফ্লাটার
to fly	উড়তে
to fly in the sky	আকাশে উড়তে
to fly; to hop	to fly; hop
to fold	ভাঁজ
to fold (clothes)	ভাঁজ করা (জামাকাপড়)
to fold / snap	to fold/snap
to forbid; to suppress	নিষেধ করা; দমন করতে
to force	জোর করা
to force; to compel; to coerce	জোর করা; বাধ্য করা; জোর করা
to forecast; to predict	পূর্বাভাস দিতে; ভবিষ্যদ্বাণী করা
to forget	ভুলে যেতে
to forget; to leave behind	ভুলে যাওয়া; পিছনে ছেড়ে যেতে
to forgive / permit	ক্ষমা করা / অনুমতি দেওয়া
to freeze; to be chilled; to be frozen	জমাট বাঁধা; to be chilled; হিমায়িত করা
to freeze; to be frozen over; to congeal	জমাট বাঁধা; to be frozen over; জমাট বাঁধা
to freeze; to congeal	জমাট বাঁধা; জমাট বাঁধা
to furnish; to provide for; to equip; to install	সজ্জিত করা; জন্য প্রদান করা; সজ্জিত করা; ইনস্টল করতে
to gain weight	ওজন বাড়াতে
to gather	সংগ্রহ করা
to get (from somebody)	পেতে (কারো কাছ থেকে)
to get a divorce	বিবাহবিচ্ছেদ পেতে
to get a full-time job (at...)	একটি পূর্ণকালীন চাকরি পেতে (এ...)
to get angry	রাগ করতে
to get angry; to be angry	রাগ করা; রাগান্বিত হতে
to get aquainted with	সাথে পরিচিত হতে
to get between; to be caught in	মধ্যে পেতে; to be catch in
to get bored	বিরক্ত পেতে
to get crowded	ভিড় পেতে
to get dark; to come to an end	অন্ধকার করা; শেষ পর্যন্ত আসা
to get depressed	বিষণ্নতা পেতে
to get dirty	নোংরা পেতে
to get dirty; to become dirty	to get dirty; নোংরা হতে
to get down; to descend	to get down; নিচে নামা
to get drunk; to become intoxicated	to get drunk; নেশাগ্রস্ত হতে
to get dry	শুকনো পেতে
to get late; to advance; to wear on	দেরী করা; অগ্রসর হওয়া; পরতে
to get lost	হারিয়ে যেতে
to get married	বিয়ে করতে
to get nervous	নার্ভাস পেতে
to get off	বন্ধ পেতে
to get off; to descend	to get off; নিচে নামা
to get on; to ride	to get on; অশ্বারোহণ
to get strong; to gain strength	to get strong; শক্তি অর্জন করতে
to get tired	ক্লান্ত পেতে
to get tired of; to lose interest in; to have enough	to get tired of; আগ্রহ হারিয়ে ফেলা; যথেষ্ট আছে
to get to know	জানতে
to get torn; to wear out	ছিঁড়ে ফেলা; পরিধান আউট
to get up	উঠতে
to get used to...	অভ্যস্ত হতে...
to get wet	ভিজে যেতে
to get; to earn; to gain; to have (bear; beget) a child	পেতে; উপার্জন করা; লাভ করা; to have ( bear; beget) a child
to get; to gain; to win	পেতে; লাভ করা; জয় করতে
to give	দিতে
to give (humble)	দিতে (নম্র)
to give (me)	দিতে (আমাকে)
to give (to me, respect)	দিতে (আমাকে, সম্মান)
to give (to others)	দিতে (অন্যদের)
to give (to pets, plants, younger siblings, etc.)	দিতে (পোষা প্রাণী, গাছপালা, ছোট ভাইবোন, ইত্যাদি)
to give a discount	একটি ছাড় দিতে
to give birth	জন্ম দিতে
to give into custody; to entrust; to deposit	হেফাজতে দেওয়া; to entrust; জমা করতে
to give shelter to; to lodge	to give shelter to; লজ
to give up	ছেড়ে দিতে
to give up; to abandon	to give up; পরিত্যাগ করা
to give; to let one have; to do for one; to be given	to give; to let one have; একজনের জন্য করা; দেওয়া
to give; to present; to award	to give; উপস্থাপন করা; পুরস্কার দিতে
to glare at; to scowl at; to keep an eye on	to glare at; to scowl at; নজর রাখতে
to go	যেতে
to go (humble)	যেতে (নম্র)
to go across	জুড়ে যেতে
to go against; to oppose; to disobey; to defy	বিরুদ্ধে যেতে বিরোধিতা করা; অবাধ্য হওয়া; অস্বীকার করা
to go around	কাছাকাছি যেতে
to go back	ফিরে যেতে
to go back; to go upstream; to make retroactive	ফিরে যেতে; উজানে যেতে পূর্ববর্তী করতে
to go back; to return	ফিরে যেতে; ফিরে আসতে
to go far off	অনেক দূরে যেতে
to go forward	এগিয়ে যেতে
to go mad; to get out of order	পাগল হওয়া; আদেশের বাইরে পেতে
to go on a diet	একটি ডায়েটে যেতে
to go out	বাইরে যেতে
to go out (fire)	বাইরে যেতে (আগুন)
to go out / disappear	to go out / অদৃশ্য হওয়া
to go out to meet	দেখা করতে বাইরে যেতে
to go over (e.g. with audience)	উপর যেতে (যেমন দর্শকদের সাথে)
to go shopping	কেনাকাটা করতে যেতে
to go through	মাধ্যমে যেতে
to go to bed; to sleep	বিছানায় যেতে; ঘুমাতে
to go to pick up (someone)	নিতে যেতে (কেউ)
to go to school	স্কুলে যেতে
to go to work	কাজে যেতে
to go/come (humble)	যেতে/আসা (নম্র)
to go/come/be (respect)	যাওয়া/আসা/হওয়া (সম্মান)
to grab	দখল করা
to graduate (from ...)	স্নাতক (থেকে...)
to grant (request  wish)	মঞ্জুর করা (অনুরোধ ইচ্ছা)
to grasp; to seize; to mould sushi	to gras; দখল করা; সুশি ছাঁচে
to grill / bake	to grill/bake
to grip	আঁকড়ে ধরতে
to grow accustomed to	অভ্যস্ত হত্তয়া
to grow cold	ঠান্ডা বৃদ্ধি
to grow hazy; to be misty	অস্পষ্ট হত্তয়া; কুয়াশাচ্ছন্ন হতে
to grow thick; to luxuriate; to be luxurious	মোটা বৃদ্ধি করা; বিলাসিতা করা; বিলাসবহুল হতে
to guide	গাইড করতে
to guide (humble)	গাইড করতে (নম্র)
to guide (respect)	নির্দেশ দেওয়া (সম্মান)
to gulp down; to swallow deeply; to understand; to take in; to catch on to; to learn; to digest	to gulp down; গভীরভাবে গিলে ফেলা; বুঝতে to take in; to catch on to; শিখতে হজম করতে
to hand over	হস্তান্তর করা
to hand over (humble)	হস্তান্তর করা (নম্র)
to handle; to deal with; to treat	হ্যান্ডেল করা; সঙ্গে মোকাবিলা করা; চিকিৎসা করা
to hang	স্তব্ধ করা
to hang down; to abate; to retire; to fall; to step back	নিচে ঝুলানো; কম করা; অবসর গ্রহণ; পড়া; ফিরে যেতে
to hang laundry	লন্ড্রি ঝুলানো
to hang something	কিছু ঝুলানো
to hang up	স্তব্ধ করা
to hang; to lower; to move back	টু hang; কম করা; ফিরে যেতে
to hang; to suspend; to dangle; to swing	টু hang; স্থগিত করা; ঝুলানো; দোল খাওয়া
to happen to pass by	পাস করা
to harden; to freeze; to fortify	শক্ত করা; জমাট বাঁধা; শক্তিশালী করা
to harden; to solidify; to become firm; to become certain	শক্ত করা; শক্ত করা; দৃঢ় হওয়া; নিশ্চিত হতে
to harvest; to take in; to adopt	ফসল কাটা; to take in; গ্রহণ করা
to hate	ঘৃণা করতে
to hate; to detest	ঘৃণা করা; ঘৃণা করতে
to hate; to dislike	ঘৃণা করা; অপছন্দ করা
to hate; to dislike; to loathe	ঘৃণা করা; অপছন্দ করা; ঘৃণা করা
to have a change of heart	হৃদয় পরিবর্তন করা
to have a fever	একটি জ্বর আছে
to have a fight; to quarrel	to have a fight; ঝগড়া করা
to have a meal	একটি খাবার আছে
to have a stomachache	একটি পেট ব্যাথা আছে
to have a talk	একটি কথা বলতে
to have difficulty	অসুবিধা আছে
to have experience (respect)	অভিজ্ঞতা আছে (সম্মান)
to have someone look (humble)	কাউকে দেখতে (নম্র)
to have someone review (humble)	কারো পর্যালোচনা করা (নম্র)
to have someone use (humble)	কাউকে ব্যবহার করা (নম্র)
to have someone wait (humble)	কাউকে অপেক্ষা করা (নম্র)
to have you handle it (humble)	আপনি এটি পরিচালনা করতে (নম্র)
to hear/receive (humble)	শুনতে/গ্রহণ করা (নম্র)
to hear; to listen to; to ask	শুনতে to listen to; জিজ্ঞাসা করতে
to heat	গরম করতে
to help	সাহায্য করতে
to help; to rescue	সাহায্য করতে; উদ্ধার করতে
to help; to save; to rescue	সাহায্য করতে; সংরক্ষণ করা; উদ্ধার করতে
to hide; to be hidden; to conceal oneself; to disappear	লুকাতে; লুকানো; নিজেকে গোপন করা; অদৃশ্য হতে
to hide; to conceal	লুকাতে; গোপন করতে
to hit	আঘাত করা
to hit / tap	to hit/tap
to hit the nail on the head	মাথায় পেরেক মারতে
to hit; to apply a patch	আঘাত করা; একটি প্যাচ প্রয়োগ করতে
to hit; to strike	আঘাত করা; ধর্মঘট
to hold	রাখা
to hold (position); to serve; to be unable	to hold (অবস্থান); পরিবেশন করা; অক্ষম হতে
to hold / carry	ধরে রাখা/ বহন করা
to hold / have (respect)	রাখা/হওয়া (সম্মান)
to hold back for the time being; to refrain from	সময়ের জন্য আটকে রাখা; থেকে বিরত থাকা
to hold in the mouth; to bear in mind	মুখের মধ্যে রাখা; মনে রাখা
to hold or carry under or in the arms	ধরা বা বহন অধীনে বা অস্ত্র
to hospitalise	হাসপাতালে ভর্তি করা
to hum something; to sing to oneself	কিছু গুঞ্জন করা; নিজের কাছে গান গাওয়া
to humbly visit; to humbly ask	নম্রভাবে পরিদর্শন করা; বিনীতভাবে জিজ্ঞাসা করতে
to hurry	তাড়াতাড়ি করতে
to hurry; to urge on	তাড়াতাড়ি করা; তাগিদ দিতে
to imitate; to follow; to emulate	অনুকরণ করা; অনুসরণ করা; অনুকরণ করতে
to import	আমদানি করতে
to incline toward; to slant; to lurch	to incline toward; তির্যক; lurch
to incline toward; to slant; to lurch; to heel over; to be disposed to; to trend toward; to be prone to; to	to incline toward; তির্যক; to lurch; to heel over; নিষ্পত্তি করা; দিকে প্রবণতা; to be prone to; থেকে
to incline; to list; to bend; to lean; to tip; to tilt; to slant; to concentrate on; to ruin (a country); to	to incline; তালিকা করা; to bend; to lean; to tip; কাত করা; তির্যক; মনোনিবেশ করা; to ruin (একটি দেশ); থেকে
to include; to instruct; to make one understand	অন্তর্ভুক্ত করা; নির্দেশ দেওয়া; একজনকে বোঝাতে
to increase	বৃদ্ধি করতে
to increase; to add to; to augment	বৃদ্ধি করা; to add to; বৃদ্ধি করতে
to increase; to grow	বৃদ্ধি করা; হত্তয়া
to increase; to multiply	বৃদ্ধি করা; গুণ করা
to injure; to damage; to harm; to kill; to hinder	আঘাত করা; ক্ষতি করা; ক্ষতি করা; হত্যা করা; বাধা দিতে
to insert; to put in; to graft; to wear in belt	সন্নিবেশ করা; to put in; কলম করা; বেল্ট পরতে
to insult; to make a fool of ...	অপমান করা; বোকা বানানোর জন্য...
to interpose; to hold between; to insert	interpose; মধ্যে রাখা; সন্নিবেশ
to introduce	পরিচয় করিয়ে দিতে
to introduce (humble)	পরিচয় করিয়ে দেওয়া (নম্র)
to introduce (respect)	পরিচয় করিয়ে দেওয়া (সম্মান)
to investigate	তদন্ত করতে
to invite	আমন্ত্রণ জানাতে
to invite someone (to an event/a place)	কাউকে আমন্ত্রণ জানাতে (একটি অনুষ্ঠানে/একটি জায়গায়)
to iron (clothes)	ইস্ত্রি করা (কাপড়)
to join in; to accede to; to increase; to gain in (influence)	যোগদান করা; accede to; বৃদ্ধি করা; লাভ করা (প্রভাব)
to join together; to be opposite; to face; to unite	একসাথে যোগ দিতে; বিপরীত হতে; মুখোমুখি হওয়া; ঐক্যবদ্ধ করা
to judge	বিচার করতে
to jump	লাফ দিতে
to jump in; to leap in; to plunge into; to dive	to jump in; to leap in; নিমজ্জিত করা; ডুব দিতে
to jump out; to rush out; to fly out	to jump out; to rush out; উড়ে যেতে
to jump; to fly; to leap	লাফানো; to fly; লাফানো
to jump; to leap	লাফানো; লাফানো
to keep (someone) waiting	রাখা (কাউকে) অপেক্ষা করা
to keep / hold (humble)	রাখা / ধরে রাখা (নম্র)
to keep a promise	একটি প্রতিশ্রুতি রাখা
to keep an eye on	নজর রাখতে
to keep in custody; to receive on deposit; to take charge of	হেফাজতে রাখা; আমানত গ্রহণ; দায়িত্ব নিতে
to keep; to raise; to feed	রাখা to raise; খাওয়ানো
to kick	লাথি
to kill	হত্যা করতে
to knit	বোনা
to know	জানতে
to know (deeply humble)	জানতে (গভীর বিনীত)
to know (respect)	জানতে (সম্মান)
to know/think (humble)	জানতে/চিন্তা করা (নম্র)
to lack; to break; to crack; to chip	অভাব; ভাঙ্গা; ক্র্যাক করা; চিপ করতে
to lament	বিলাপ করা
to laugh	হাসতে
to laugh; to smile	হাসতে হাসতে হাসতে
to lead	নেতৃত্ব দেওয়া
to lead a life	একটি জীবন পরিচালনা করতে
to lean against; to recline on; to lean on; to rely on	to lean against; to recline on; to lean on; উপর নির্ভর করা
to learn	শিখতে
to learn (from someone)	শিখতে (কারো কাছ থেকে)
to leave (behind; over); to bequeath; to save; to reserve	to leave ( পিছনে ; ওভার ); উইল করা; সংরক্ষণ করা; রিজার্ভ করা
to leave (someone/something) alone; to neglect	(কেউ/কিছু) একা ছেড়ে যাওয়া; অবহেলা করা
to leave / exit	ছেড়ে যাওয়া/প্রস্থান করা
to leave / go out	ছেড়ে যাওয়া / বাইরে যাওয়া
to leave hospital	হাসপাতাল ছেড়ে যেতে
to leave; to get free; to cut oneself off	ছেড়ে যেতে বিনামূল্যে পেতে; নিজেকে কেটে ফেলা
to leave; to go away	ছেড়ে যেতে দূরে যেতে
to lend	ধার দিতে
to lend; to rent	ধার দেওয়া; ভাড়া দিতে
to lengthen; to stretch; to reach out; to grow (beard)	লম্বা করা; প্রসারিত করা; পৌঁছানো গজানো (দাড়ি)
to let go	ছেড়ে দিতে
to let loose; to set free; to let escape	to let loose; to set free; পালাতে দেওয়া
to let pass; to overlook; to continue	to let pass; উপেক্ষা করা; চালিয়ে যেতে
to let the cat out of the bag	বিড়ালকে ব্যাগ থেকে বের করে দিতে
to lift up	উপরে তুলতে
to lift; to fry	উত্তোলন করা; ভাজা
to like; to prefer	পছন্দ করা; পছন্দ করতে
to line up	লাইন আপ করতে
to line up; to set up	লাইন আপ করা; সেট আপ করতে
to line up; to stand in a line	লাইন আপ করা; লাইনে দাঁড়াতে
to listen	শুনতে
to listen (to music)	শুনতে (সঙ্গীত)
to listen / hear	শুনতে/শুনতে
to listen to music	গান শুনতে
to listen/ask (respect)	শুনতে/জিজ্ঞাসা করা (সম্মান)
to listen; to hear	শুনতে শুনতে
to live	বাঁচতে
to live (reside)	বসবাস (বাস)
to live in	বাস করতে
to live; to be	বেঁচে থাকা; হতে
to live; to get along	বেঁচে থাকা; সঙ্গে পেতে
to lock	লক করা
to lodge at	lodge at
to long for / adore	to long for / adore
to long for; to yearn after; to admire	to long for; to yearn after; প্রশংসা করা
to look ...(facial expression)	দেখতে...(মুখের ভাব)
to look / see	দেখতে/দেখতে
to look after	দেখাশোনা করতে
to look again; to get a better opinion of	আবার দেখতে; একটি ভাল মতামত পেতে
to look at (humble)	দেখতে (নম্র)
to look back; to turn around; to review	ফিরে তাকাতে; to turn around; পর্যালোচনা করতে
to look for	সন্ধান করতে
to look for (respect)	সন্ধান করা (সম্মান)
to look good (on somebody)	ভাল দেখতে (কারো উপর)
to look into (a matter)	দেখার জন্য (একটি বিষয়)
to look into (humble)	দেখতে (নম্র)
to look out over; to survey (scene); to take an extensive view of	to look out over; to survey (দৃশ্য); একটি বিস্তৃত ভিউ নিতে
to look up (to); to respect; to depend on; to ask for; to seek; to revere; to drink; to take	to look up (to); সম্মান করা; নির্ভর করা; জিজ্ঞাসা করা; সন্ধান করা; to revere; পান করা; নিতে
to loosen; to slow down	আলগা করা; ধীর করা
to lose	হারাতে
to lose (a match)	হারতে (একটি ম্যাচ)
to lose someone; wife; child; etc	কাউকে হারাতে; স্ত্রী; শিশু ইত্যাদি
to lose something	কিছু হারাতে
to lose weight	ওজন কমাতে
to lose; to part with	হারানো; সঙ্গে অংশ নিতে
to love	ভালবাসা
to love; to be affectionate	প্রেম করা; স্নেহপূর্ণ হতে
to lower / hang	to low / hang
to lower; to let go down	কম করা; নিচে যেতে দেওয়া
to make	করতে
to make a mistake	ভুল করতে
to make a mistake; to be incorrect; to be mistaken	ভুল করা; ভুল হওয়া; ভুল করা
to make a phone call	একটি ফোন কল করতে
to make a photocopy	একটি ফটোকপি করতে
to make a plan	একটি পরিকল্পনা করতে
to make clean	পরিষ্কার করতে
to make dirty	নোংরা করতে
to make it in time	সময়মতো করতে
to make noise; to be excited	to make noise; উত্তেজিত হতে
to make progress	অগ্রগতি করতে
to make round; to round off; to roll up; to curl up; to seduce; to cajole; to explain away	বৃত্তাকার করা; to round off; to roll up; কুঁচকানো; to seduce; cajole; দূরে ব্যাখ্যা করতে
to make tea, coffee, etc.	চা, কফি ইত্যাদি তৈরি করতে
to make; to create	to make; তৈরি করতে
to match	মেলাতে
to measure; to weigh; to survey	পরিমাপ করা; ওজন করা; জরিপ করতে
to meet	দেখা করতে
to meet (humble)	দেখা করা (নম্র)
to meet (respect)	দেখা করা (সম্মান)
to meet by chance; to come across; to happen to encounter	সুযোগ দ্বারা দেখা; to come cross; সম্মুখীন হতে ঘটতে
to meet; to encounter (undesirable nuance)	দেখা করা; সম্মুখীন হওয়া (অনাকাঙ্ক্ষিত উপদ্রব)
to meet; to greet	দেখা করা; শুভেচ্ছা জানাতে
to meet; to see (a person)	দেখা করা; দেখতে (একজন ব্যক্তি)
to melt into	গলতে
to melt; to dissolve	গলে যাওয়া; দ্রবীভূত করা
to melt; to thaw; to fuse; to dissolve	গলে যাওয়া; গলানো; ফিউজ করা; দ্রবীভূত করা
to memorize	মুখস্থ করতে
to mimic; to imitate	অনুকরণ করা; অনুকরণ করা
to mince; to carve; to engrave	কিমা করা; খোদাই করা; খোদাই করা
to mind; to care about; to be concerned about	মনে; যত্ন করা; সম্পর্কে উদ্বিগ্ন হতে
to miss (a train, bus, etc.)	মিস করা (একটি ট্রেন, বাস, ইত্যাদি)
to miss; to overlook; to leave at large	মিস করা; উপেক্ষা করা; বড় এ ছেড়ে যেতে
to mix; to converse with; to cross (swords)	মিশ্রিত করা; সঙ্গে কথোপকথন; অতিক্রম করা (তলোয়ার)
to mix; to stir	মিশ্রিত করা; আলোড়ন
to mourn	শোক করা
to move	সরানো
to move (something)	সরানো (কিছু)
to move (to another place to live)	সরে যেতে (বাস করার জন্য অন্য জায়গায়)
to move house	ঘর সরাতে
to move house or transfer	বাড়ি সরানো বা স্থানান্তর করা
to move; to shift	সরানো; স্থানান্তর করা
to need	প্রয়োজন
to neglect; to be off guard; to be feeling better	অবহেলা করা; to be off guard; ভালো অনুভব করতে
to note; to write down	নোট করা; লিখতে
to notice	লক্ষ্য করা
to notice; to recognize; to become aware of	লক্ষ্য করা; চিনতে; সম্পর্কে সচেতন হতে
to notify	অবহিত করতে
to obey	আনুগত্য করা
to obligate	বাধ্য করা
to obtain; to reap; to pay; to supply; to accept	পেতে; ফসল কাটা; অর্থ প্রদান করা; সরবরাহ করা; গ্রহণ করতে
to occur; to happen	ঘটতে; ঘটতে
to omit; to eliminate; to curtail; to economize	বাদ দেওয়া; নিষ্কাশন করা; ছোট করা; অর্থনৈতিক করা
to open	খুলতে
to open (become open)	খোলা (খোলা হওয়া)
to open (intr., opens)	খুলতে (intr., opens)
to open (something)	খুলতে (কিছু)
to open (tr.)	খুলতে (tr.)
to open an event	একটি ইভেন্ট খোলার জন্য
to open the window	জানালা খুলতে
to open; to become empty	খোলা খালি হতে
to open; to become open	খোলা খোলা হয়ে উঠতে
to oppose; to object to	বিরোধিতা করা; আপত্তি করতে
to order	অর্ডার করতে
to order; to command; to appoint	আদেশ করা; আদেশ করা; নিয়োগ করতে
to overlook; to command a view of; to look down on something	উপেক্ষা করা; আদেশ একটি দৃশ্যের; কিছুর দিকে তাকাতে
to overlook; to fail to notice	উপেক্ষা করা; লক্ষ্য করতে ব্যর্থ
to oversleep	অতিরিক্ত ঘুমাতে
to overtake; to catch up (with)	ওভারটেক করা; ধরা (সহ)
to own (a pet)	মালিক হওয়া (একটি পোষা প্রাণী)
to pack; to shorten; to work out (details)	প্যাক করা; ছোট করা; কাজ করা (বিস্তারিত)
to paint / apply	আঁকা/প্রয়োগ করা
to paint; to plaster	আঁকা; প্লাস্টার করতে
to pamper; to spoil	pamper করা; লুণ্ঠন করা
to panic	আতঙ্কিত হতে
to parch; to fry	পার্চ করা; ভাজা
to part; divide; separate	অংশ করা; ভাগ করা পৃথক
to participate (respect)	অংশগ্রহণ করা (সম্মান)
to participate; to take part	অংশগ্রহণ করা; অংশ নিতে
to pass (e.g. car); to outdistance; to outstrip	to pass (যেমন গাড়ি); to outdistance; ছাড়িয়ে যেতে
to pass by one another; to disagree; to miss each other	একে অপরের দ্বারা পাস করা; অসম্মতি; একে অপরকে মিস করতে
to pass; to elapse; to experience	পাস করা; অতিবাহিত হওয়া; অভিজ্ঞতা করতে
to pass; to lapse	পাস করা; শেষ করা
to pass; to pass through	পাস করা; মাধ্যমে পাস
to pass; to spend; to go through; to tide over	পাস করা; ব্যয় করা; to go through; to tide over
to paste	পেস্ট করতে
to paste / stick	to paste/stick
to pay	দিতে
to peel	খোসা ছাড়ানো
to peel; to skin; to pare; to hull	to peel; ত্বকে; pare; হুল
to peep in; to look in; to peek in; to stick out	to peep in; to look in; to peek in; আউট লেগে থাকা
to perform (a play); to play (a part); to act (a part); to commit (a blunder)	to perform (একটি নাটক); to play (একটি অংশ); to act (একটি অংশ); করা (একটি ভুল)
to perform; to play	সম্পাদন করা; খেলতে
to permit; to allow; to approve	অনুমতি দেওয়া; অনুমতি দেওয়া; অনুমোদন করতে
to pick up (something)	তুলতে (কিছু)
to pick up; to gather	to pick up; সংগ্রহ করা
to pierce; to stab; to prick; to thrust	বিদ্ধ করা; ছুরিকাঘাত করা; to prick; খোঁচা দেওয়া
to pile up	গাদা করা
to pile up; to put something on another; to heap up; to add; to repeat	to pile up; অন্যের উপর কিছু রাখা; to heap up; যোগ করা; পুনরাবৃত্তি করতে
to pile up; to stack	to pile up; স্ট্যাক করতে
to place an order	একটি অর্ডার স্থাপন করতে
to place on (something); to take on board; to give a ride	to place on (কিছু); to take on board; একটি রাইড দিতে
to plan	পরিকল্পনা করতে
to plant	উদ্ভিদ
to plant; to grow	উদ্ভিদ করা; হত্তয়া
to play	খেলতে
to play (a string instrument or piano)	বাজাতে (একটি স্ট্রিং বাদ্যযন্ত্র বা পিয়ানো)
to play (an instrument)	বাজাতে (একটি যন্ত্র)
to play an instrument with strings; including piano	স্ট্রিং দিয়ে একটি যন্ত্র বাজাতে; পিয়ানো সহ
to play devil's advocate	শয়তানের উকিল খেলতে
to play sports	খেলাধুলা করতে
to play; to make a visit	খেলতে একটি দর্শন করতে
to play; to spend time pleasantly	খেলতে আনন্দে সময় কাটাতে
to pledge; to promise; to swear	অঙ্গীকার করা; প্রতিশ্রুতি দেওয়া; শপথ করা
to plunge into; to go into deeply	নিমজ্জিত করা; গভীরভাবে যেতে
to point; to put up umbrella; to play	নির্দেশ করা; ছাতা রাখা; খেলতে
to polish / brush	পোলিশ/ব্রাশ করতে
to polish each other	একে অপরকে পালিশ করতে
to post	পোস্ট করতে
to pour (drink); to serve (drinks)	to pour (পান); পরিবেশন করা (পানীয়)
to pour (into); to irrigate; to pay; to fill; to feed (e.g. a fire)	to pour (into); সেচ দেওয়া; অর্থ প্রদান করা; পূরণ করা; খাওয়ানো (যেমন আগুন)
to practice	অনুশীলন করতে
to praise	প্রশংসা করতে
to praise; to admire; to speak well	প্রশংসা করা; প্রশংসা করা; ভাল কথা বলতে
to praise; to say nice things	প্রশংসা করা; সুন্দর জিনিস বলতে
to pray	প্রার্থনা করতে
to pray for help	সাহায্যের জন্য প্রার্থনা করতে
to prepare	প্রস্তুত করতে
to prepare (humble)	প্রস্তুত করা (নম্র)
to present (humble)	উপস্থাপন করা (নম্র)
to press; to push	চাপ দেওয়া; ধাক্কা দিতে
to press; to wring; to squeeze	চাপ দেওয়া; wring; চেপে ধরা
to print	মুদ্রণ করতে
to produce	উত্পাদন করতে
to produce; to yield; to result from; to arise; to be generated	উত্পাদন করা; to ield; থেকে ফলাফল; to arise; উৎপন্ন করা
to prohibit	নিষিদ্ধ করতে
to project; to reflect; to cast (shadow)	প্রকল্প করা; প্রতিফলিত করা; নিক্ষেপ করা (ছায়া)
to propose marriage	বিয়ের প্রস্তাব দিতে
to prosper; to flourish	to prosper; উন্নতি লাভ করা
to protect	রক্ষা করতে
to protect; to obey; to guard; to abide (by the rules)	রক্ষা করা; আনুগত্য করা; পাহারা দেওয়া; মেনে চলা (নিয়ম দ্বারা)
to publish; to print; to carry (an article); to put up; to hang out; to hoist; to fly (a sail); to float (a	প্রকাশ করা; মুদ্রণ করা; to বহন (একটি নিবন্ধ); to put up; হ্যাং আউট করা; to hoist; to fly ( a sail ); ভাসতে (a
to pull	টানতে
to pull down; to lower; to reduce; to withdraw	to pull down; কম করা; হ্রাস করা; প্রত্যাহার করা
to pull out; to take out; to draw out; to withdraw	to pull out; to take out; আঁকা আউট; প্রত্যাহার করা
to pull someone's leg	কারো পা টানতে
to punch	ঘুষি
to punctuate; to cut off; to mark off; to stop; to put an end to	বিরাম চিহ্ন দেওয়া; কেটে ফেলা; চিহ্নিত করা; থামাতে; শেষ করা
to punish; to penalize	শাস্তি দেওয়া; শাস্তি দিতে
to push	ধাক্কা দিতে
to push aside; to advance on	to push aside; অগ্রসর হতে
to push into; to crowd into	to push into; ভিড় করতে
to push; to stamp something	to push; কিছু স্ট্যাম্প করতে
to put	করা
to put (something) in	to put (something) in
to put / place	to put/place
to put down	নিচে রাখা
to put in	করা
to put in order; to collect; to bring to a conclusion	to put in order; সংগ্রহ করা; একটি উপসংহারে আনা
to put in order; to dispose of; to solve	to put in order; নিষ্পত্তি করা; সমাধান করতে
to put it briefly	সংক্ষেপে এটা করা
to put makeup on	মেকআপ লাগাতে
to put on	লাগাতে
to put on (a hat)	পরানো (একটি টুপি)
to put on (clothes above your waist)	পরতে (আপনার কোমরের উপরে কাপড়)
to put on (items below your waist)	লাগাতে (আপনার কোমরের নিচের জিনিস)
to put on clothes	কাপড় পরতে
to put on from the shoulders down	কাঁধ থেকে নিচে রাখা
to put on glasses	চশমা লাগাতে
to put out	আউট করা
to put things in order; to arrange; to make uniform; to get something ready	জিনিসপত্র অর্ডার করা; ব্যবস্থা করা; ইউনিফর্ম করা; কিছু প্রস্তুত পেতে
to put together	একসাথে করা
to put; to lay; to place	to put; to lay; স্থাপন করা
to quieten down; to calm down; to subside	শান্ত করা; শান্ত করা; কমতে
to quit	প্রস্থান করতে
to quit a job	চাকরি ছেড়ে দিতে
to raise	বাড়াতে
to raise (a child)	বড় করা (একটি শিশু)
to raise (child); to be brought up; to grow (up)	to raise (শিশু); to be bring up; বড় হওয়া (বড়)
to raise / bring up	to raise/up up
to raise; to bring up	to raise; আপ আনা
to raise; to cause; to wake someone	to raise; কারণ কাউকে জাগানোর জন্য
to raise; to fly	to raise; উড়তে
to raise; to lift up; to flatter	to raise; to lift; তোষামোদ করা
to raise; to lift; to boost	to raise; উত্তোলন করা; বাড়াতে
to rank next to; to come after	র‍্যাঙ্কের পাশে; পরে আসতে
to reach	পৌঁছাতে
to reach; to come up to; to amount to; to befall; to happen to; to extend; to match; to equal	পৌঁছাতে to come up to; পরিমাণে to befall; to happen to; প্রসারিত করা; ম্যাচ করা; সমান করতে
to reach; to get to	পৌঁছাতে পেতে
to react to; to be influenced by; to go overboard for	to react to; দ্বারা প্রভাবিত করা; জন্য ওভারবোর্ড যেতে
to read	পড়তে
to read (respect)	পড়তে (সম্মান)
to read books	বই পড়তে
to read the newspaper	খবরের কাগজ পড়তে
to rear; to bring up	পিছনে; আপ আনা
to rebel	বিদ্রোহ করা
to rebuke; to scold; to tell off	ধমক দেওয়া; তিরস্কার করা; বন্ধ করা
to receive	গ্রহণ করতে
to receive (an order)	গ্রহণ করা (একটি আদেশ)
to receive (humble)	গ্রহণ করা (নম্র)
to receive/eat (humble)	গ্রহণ/খাওয়া (নম্র)
to receive; to get; to accept; to take	গ্রহণ করা; পেতে; গ্রহণ করা; নিতে
to receive; to grant	গ্রহণ করা; মঞ্জুর করা
to receive; to take food or drink (hum)	গ্রহণ করা; খাবার বা পানীয় গ্রহণ করা (হুম)
to recognize; to appreciate; to approve; to admit; to notice	চিনতে; প্রশংসা করা; অনুমোদন করা; স্বীকার করা; লক্ষ্য করা
to recommend; to advise; to encourage; to offer (wine)	সুপারিশ করা; পরামর্শ দেওয়া; উত্সাহিত করা; অফার করা (মদ)
to refuse	প্রত্যাখ্যান করা
to refuse; to decline; to dismiss	অস্বীকার করা; অস্বীকার করা; খারিজ করতে
to regret	অনুশোচনা করা
to rejoice	আনন্দ করা
to relax	শিথিল করতে
to rely on; to have recourse to; to depend on	উপর নির্ভর করা; to have recourse to; নির্ভর করতে
to remain	থাকা
to remain; to be left over; to be in excess; to be too many	থাকা; to be left over; to be in excess; অনেক বেশি হতে
to remember	মনে রাখা
to remove; to exclude; to except	অপসারণ করা; বাদ দেওয়া; ছাড়া
to remove; to take away; to dislodge; to put something out of the way	অপসারণ করা; to take away; স্থানচ্যুত করা; পথের বাইরে কিছু করা
to remove; to transfer; to infect	অপসারণ করা; স্থানান্তর করা; সংক্রমিত করতে
to rendezvous; to meet at a prearranged place and time	মিলনস্থল; একটি পূর্বপরিকল্পিত স্থানে এবং সময়ে দেখা করতে
to repair	মেরামত করতে
to repay; to pay back	শোধ করা; ফেরত দিতে
to repeat	পুনরাবৃত্তি করতে
to repeat; to do something over again	পুনরাবৃত্তি করা; আবার কিছু করতে
to repeat; to send back; to bring back	পুনরাবৃত্তি করা; ফেরত পাঠাতে ফিরিয়ে আনতে
to replace	প্রতিস্থাপন করতে
to report	রিপোর্ট করতে
to report (humble)	রিপোর্ট করা (নম্র)
to report (respect)	রিপোর্ট করা (সম্মান)
to request (humble)	অনুরোধ করা (নম্র)
to rescue	উদ্ধার করতে
to rescue from; to help out of	থেকে উদ্ধার করা; সাহায্য করার জন্য
to resent	বিরক্ত করা
to reserve	রিজার্ভ করা
to reside (respect)	বসবাস (সম্মান)
to resound	ধ্বনিত করা
to respond; to satisfy; to accept; to comply with; to apply for	প্রতিক্রিয়া জানাতে সন্তুষ্ট করা; গ্রহণ করা; মেনে চলা; আবেদন করতে
to rest	বিশ্রাম
to rest (respect)	বিশ্রাম (সম্মান)
to rest / take a day off	বিশ্রাম নিতে/একদিন ছুটি নিতে
to rest / take off	বিশ্রাম নেওয়া / টেক অফ করা
to rest; to suspend; to give relief	বিশ্রাম করা; স্থগিত করা; ত্রাণ দিতে
to restore; to put back; to return	পুনরুদ্ধার করা; to put back; ফিরে আসতে
to restrict; to limit; to confine	সীমাবদ্ধ করা; সীমাবদ্ধ করা; আবদ্ধ করা
to retire	অবসর নিতে
to return	ফিরে আসতে
to return (merchandise)	ফিরে আসা (পণ্য)
to return (respect)	ফিরে আসা (সম্মান)
to return (things)	ফিরে আসা (জিনিস)
to return home	বাড়িতে ফিরে যেতে
to return something	কিছু ফেরত দিতে
to return; to come back	ফিরে আসা; ফিরে আসতে
to ride	অশ্বারোহণ
to ride; to board	to ride; বোর্ডে
to ring; to sound; to chime; to beat; to snort (nose)	to ring; শব্দ করা; ঝনঝন করা; to beat; নাক ডাকা (নাক)
to rise	উঠতে
to roll	রোল
to roll up	রোল আপ করতে
to roll; to tumble	রোল করা; টুম্বল
to rot	পচা
to rot; to go bad	to rot; খারাপ যেতে
to rub; to chafe; to file; to frost (glass); to strike (match)	ঘষা to chafe; ফাইল করা; to frost (গ্লাস); আঘাত করা (মেলে)
to rub; to crumple (up); to wrinkle	ঘষা টুকরো টুকরো করা (উপর); বলি
to run	চালানো
to run (race  esp. horse); to gallop; to canter	to run ( রেস বিশেষ. ঘোড়া ); গলপ ক্যান্টার করতে
to run a bath	একটি স্নান চালানোর জন্য
to run along; to follow	সঙ্গে চালানো; অনুসরণ করতে
to run into; to collide with	to run into; সঙ্গে সংঘর্ষ
to run somebody over (with vehicle); to knock someone down	to run somebody over (বাহন দিয়ে); কাউকে নিচে নামাতে
to run to; to lead to; to communicate; to understand	to run to; নেতৃত্ব দেওয়া; যোগাযোগ করা; বুঝতে
to rust; to become rusty	মরিচা ধরা; মরিচা হয়ে যাওয়া
to save money	টাকা বাঁচাতে
to say	বলতে
to say (humble)	বলতে (নম্র)
to say (respect)	বলতে (সম্মান)
to say; to speak; to tell; to talk	বলা; কথা বলা জানাতে কথা বলতে
to scatter around; to leave untidy	to scatter around; অপরিচ্ছন্ন রেখে যেতে
to scatter; to disperse; to distribute	বিক্ষিপ্ত করা; to disperse; বিতরণ করতে
to scatter; to sprinkle; to sow	বিক্ষিপ্ত করা; ছিটানো; বপন করা
to scold	তিরস্কার করা
to scoop; to ladle out	স্কুপ করা; আউট করা
to scratch	স্ক্র্যাচ
to scratch; to perspire	স্ক্র্যাচ করা; ঘাম
to search for	অনুসন্ধান করতে
to search; to look for; to sound out	সন্ধান করা; সন্ধান করা; শব্দ করা
to search; to seek; to look for	সন্ধান করা; সন্ধান করা; সন্ধান করতে
to seduce; to drag along; to pull; to prolong; to support	to seduce; বরাবর টেনে আনা; টান দীর্ঘায়িত করা; সমর্থন করতে
to see (respect)	দেখতে (সম্মান)
to see / watch	দেখতে/দেখতে
to see eye to eye	চোখে দেখা
to see; to look at; to watch	দেখতে to look at; দেখার জন্য
to see; to watch	দেখতে দেখার জন্য
to seek / buy (respect)	খুঁজতে / কিনতে (সম্মান)
to seek; to request; to demand; to want; to wish for; to search for; to pursue (pleasure); to hunt (a job)	সন্ধান করা; অনুরোধ করা; দাবি করা; to want; ইচ্ছা করা; সন্ধান করা; to pursue ( আনন্দ ); শিকার করা (একটি কাজ)
to seize	দখল করা
to seize; to catch; to grasp	দখল করা; ধরা; উপলব্ধি করা
to seize; to grasp; to capture; to arrest	দখল করা; to gras; ক্যাপচার করা; গ্রেফতার করতে
to sell	বিক্রি করতে
to sell wholesale; grated (vegetables)	পাইকারি বিক্রি করতে; গ্রেট করা (সবজি)
to send	পাঠাতে
to send an email	একটি ইমেইল পাঠাতে
to send back	ফেরত পাঠাতে
to send word; to send a message	শব্দ পাঠাতে; একটি বার্তা পাঠাতে
to send; to forward	পাঠাতে ফরওয়ার্ড করতে
to send; to give to; to award to; to confer on	পাঠাতে to give to; পুরস্কার দেওয়া; প্রদান করতে
to separate	আলাদা করতে
to separate; to set free	পৃথক করা; মুক্ত করতে
to serve sake	জন্য পরিবেশন করা
to settle in (place); to take (seat; position); to study (under teacher)	to settle in (স্থান); to take ( আসন ; অবস্থান ); অধ্যয়ন করা (শিক্ষকের অধীনে)
to sew	সেলাই করা
to shake; to sway	to shake; দোলনা
to sharpen; to grind; to scour; to hone; to polish; to wash (rice)	ধারালো করা; to grind; ঘামাচি করা; hone; পোলিশ করতে; ধোয়া (ভাত)
to shave	শেভ করতে
to shave one's beard	একজনের দাড়ি কামানো
to shine	উজ্জ্বল করতে
to shine on; to illuminate	to shine on; আলোকিত করতে
to shine; to glitter	উজ্জ্বল করা; চকচক করা
to shine; to glitter; to sparkle	উজ্জ্বল করা; চকচক করা; চকচক করা
to shine; to look attractive; to look pretty	উজ্জ্বল করা; আকর্ষণীয় দেখতে; সুন্দর দেখতে
to shine; to strike	উজ্জ্বল করা; ধর্মঘট
to shiver; to shake; to quake	কাঁপুনি; to shake; কম্পন
to shorten; to reduce; to boil down; to shrink	ছোট করা; হ্রাস করা; to boil down; সঙ্কুচিত করা
to shoulder; to carry on shoulder	কাঁধে; কাঁধে বহন করা
to shout; to cry	চিৎকার করা; কাঁদতে
to show	দেখানোর জন্য
to show (humble)	দেখানো (নম্র)
to show (someone) around	আশেপাশে (কাউকে) দেখানোর জন্য
to show off; to flaunt	প্রদর্শন করা; flaunt
to show respect; to honour	সম্মান দেখানো; সম্মান করা
to show; to indicate; to display	দেখানো নির্দেশ করা; প্রদর্শন করতে
to shrink	সঙ্কুচিত করা
to shrink; to be contracted	সঙ্কুচিত করা; চুক্তিবদ্ধ হতে
to shut up	চুপ করা
to simmer	সিদ্ধ করা
to sing	গান গাওয়া
to sink	ডুবতে
to sink; to feel depressed	to sink; হতাশা অনুভব করতে
to sit	বসতে
to sit (down)	বসতে (নিচে)
to sit (respect)	বসতে (সম্মান)
to sit down	বসতে
to sit on the fence	বেড়ার উপর বসতে
to skip over; to omit	to skip over; বাদ দিতে
to slander	অপবাদ দেওয়া
to sleep	ঘুমাতে
to sleep; to go to sleep	ঘুমাতে; ঘুমাতে যেতে
to slide	স্লাইড করা
to slide; to slip	স্লাইড করা; স্লিপ করা
to smash; to waste	টুকরো টুকরো করা; নষ্ট করা
to smile	হাসতে
to smoke	ধূমপান করা
to smoke (e.g. fire)	ধূমপান করা (যেমন আগুন)
to smoke; to suck	ধূমপান করা; চুষতে
to snatch away	ছিনিয়ে নেওয়া
to sneer at; to ridicule	to sneer at; উপহাস করা
to sniff; to smell	sniff; গন্ধ
to soak; to pickle	to soak; আচার
to sound	শব্দ করতে
to sow (seeds)	বপন করা (বীজ)
to speak	কথা বলতে
to speak (respect)	কথা বলা (সম্মান)
to speak; to talk	কথা বলা কথা বলতে
to spend (time) (respect)	ব্যয় করা (সময়) (সম্মান)
to spend time	সময় কাটাতে
to spill the beans	মটরশুটি ছড়িয়ে দিতে
to spread (out); to extend; to stretch; to reach to; to get around	to spread (আউট); প্রসারিত করা; প্রসারিত করা; পৌঁছাতে কাছাকাছি পেতে
to spread / unfold	ছড়িয়ে / প্রকাশ করা
to spread out; to lay out	ছড়িয়ে পড়া; আউট করা
to spread; to be propagated	ছড়িয়ে পড়া; প্রচার করা
to spread; to extend; to expand; to enlarge	ছড়িয়ে পড়া; প্রসারিত করা; প্রসারিত করা; বড় করা
to stand	দাঁড়ানো
to stand something up	কিছু দাঁড়ানো
to stand up	দাঁড়ানো
to stare (at ...)	তাকানো (এ...)
to start talking; to speak; to tell; to propose; to suggest; to break the ice	কথা শুরু করা; কথা বলা জানাতে প্রস্তাব করা; পরামর্শ দেওয়া; বরফ ভাঙতে
to start to rain	বৃষ্টি শুরু করতে
to starve	ক্ষুধার্ত
to state; to express; to mention	রাষ্ট্র করা; প্রকাশ করা; উল্লেখ করা
to stay (at a hotel, etc.)	থাকতে (হোটেলে, ইত্যাদি)
to stay (overnight)	থাকতে (রাতারাতি)
to stay overnight	রাতারাতি থাকার জন্য
to stay up all night	সারা রাত জেগে থাকতে
to steal	চুরি করতে
to steal; to rob	চুরি করা; ডাকাতি করা
to steam; to poultice; to be sultry	বাষ্প করা; to poultice; sultry হতে
to step on	ধাপে ধাপে
to stick	লেগে থাকা
to stick; to be stuck	to stick; আটকে থাকা
to stick; to paste	to stick; পেস্ট করতে
to sting; to bite (bug); to stab	দংশন করা; to bite ( বাগ ); ছুরিকাঘাত করা
to stir-fry	ভাজা
to stop	থামাতে
to stop (something)	থামাতে (কিছু)
to stop by	দ্বারা থামাতে
to stop something	কিছু বন্ধ করতে
to stop up; to close up; to block (up)	to stop up; বন্ধ করা; ব্লক করা (আপ)
to stop; to halt; to stand still	থামাতে; থামানো; স্থির থাকা
to stop; to restrain; to seize; to repress; to suppress; to press down	থামাতে; to restrain; দখল করা; দমন করা; দমন করা; নিচে চাপতে
to store; to lay in stock	সংরক্ষণ করা; স্টক রাখা
to straddle	straddle
to stray (turn) from subject; to get lost; to go astray	to stray (বাঁক) বিষয় থেকে; হারিয়ে যাওয়া; বিপথে যেতে
to stream; to flow; to run (ink); to be washed away	প্রবাহিত করা; প্রবাহিত হওয়া; to run (কালি); ধুয়ে ফেলা
to strengthen; to emphasize	শক্তিশালী করা; জোর দেওয়া
to stretch	প্রসারিত করা
to stretch out hands; to raise an umbrella	হাত প্রসারিত করা; একটি ছাতা বাড়াতে
to stretch; to extend; to make progress; to grow (beard; body height)	প্রসারিত করা; প্রসারিত করা; উন্নতি করতে; বৃদ্ধি (দাড়ি; শরীরের উচ্চতা)
to strike; to clap; to dust; to beat	আঘাত করা; হাততালি দেওয়া; to dust; মারতে
to strike; to hit	আঘাত করা; আঘাত করা
to strike; to hit; to punch	আঘাত করা; আঘাত করা; ঘুষি
to strive	চেষ্টা করা
to stroke	স্ট্রোক করতে
to stroll	পায়চারি করতে
to study	অধ্যয়ন করতে
to study (in depth); to learn; to take lessons in	to study ( গভীরভাবে ); শিখতে পাঠ নিতে
to study abroad	বিদেশে পড়াশোনা করতে
to submit	জমা দিতে
to succeed	সফল হতে
to sue (a person); to resort to; to appeal to	to sue (একজন ব্যক্তি); to resort to; আপিল করতে
to suffer	কষ্ট পেতে
to suffer from	থেকে ভোগা
to suffer; to groan; to be worried	কষ্ট করা; হাহাকার করা; উদ্বিগ্ন হতে
to suit; to match; to become; to be like	to suit; ম্যাচ করা; পরিণত হওয়া; মত হতে
to sulk	sulk
to sulk / be dejected	to sulk/ dejected
to sum up	যোগফল
to summon; to call (e.g. phone)	to summon; কল করতে (যেমন ফোন)
to support	সমর্থন করতে
to surpass; to outstrip; to excel	অতিক্রম করা; ছাড়িয়ে যাওয়া; এক্সেল করতে
to surprise; to frighten; to create a stir	অবাক করা; ভয় দেখানো; একটি আলোড়ন তৈরি করতে
to surround; to encircle	to surround; ঘেরা
to swarm; to gather	to swarm; সংগ্রহ করা
to swear / vow	to wear/vow
to swear; to vow; to take an oath; to pledge	শপথ করা; মানত করা; একটি শপথ নেওয়া; অঙ্গীকার করা
to sweep; to brush; to gather up	ঝাড়ু দেওয়া; ব্রাশ করা; সংগ্রহ করতে
to swell; to expand; to inflate; to bulge	ফুলে যাওয়া; প্রসারিত করা; স্ফীত করা; ফুলে যাওয়া
to swim	সাঁতার কাটা
to sympathize	সহানুভূতি দেখানো
to take	নিতে
to take (a class); to get (a grade)	to take (একটি ক্লাস); পেতে (একটি গ্রেড)
to take (amount of time / money)	নিতে (সময়/টাকার পরিমাণ)
to take (an emotion) in	to take (একটি আবেগ) in
to take (an examination, interview, etc.)	নিতে (একটি পরীক্ষা, সাক্ষাৎকার, ইত্যাদি)
to take (be in) charge of	দায়িত্ব নেওয়া (হতে)
to take (e.g. time; money; etc); to hang	to take (যেমন সময়; টাকা; ইত্যাদি); স্তব্ধ করা
to take (pictures)	তোলা (ছবি)
to take (someone) to (a place)	(কাউকে) (একটি জায়গায়) নিয়ে যাওয়া
to take (something)	নিতে (কিছু)
to take (something) out; to hand in (something)	to take (something) out; হস্তান্তর করা (কিছু)
to take a bath	গোসল করতে
to take a lesson or test	একটি পাঠ বা পরীক্ষা নিতে
to take a nap	একটি ঘুম নিতে
to take a photo or record a film	একটি ছবি তুলতে বা একটি ফিল্ম রেকর্ড করতে
to take a shower	গোসল করতে
to take a walk	হাঁটার জন্য
to take care of (humble)	যত্ন নেওয়া (নম্র)
to take care of ...	যত্ন নিতে...
to take charge of; to take over; to retire to a private place	দায়িত্ব নেওয়া; to take over; একটি ব্যক্তিগত জায়গায় অবসর নিতে
to take down	নিচে নিতে
to take down; to launch; to drop	to take down; চালু করা; ড্রপ
to take it for granted	মঞ্জুর জন্য এটা নিতে
to take medicine	ওষুধ খেতে
to take off (clothes)	খুলে ফেলা (জামাকাপড়)
to take off clothes	কাপড় খুলতে
to take out	বের করতে
to take out the trash	আবর্জনা বের করতে
to take out; to produce; to pick out	to take out; উত্পাদন করা; বাছাই করা
to take over	দখল করা
to take photos	ছবি তুলতে
to take seriously	গুরুত্ব সহকারে নিতে
to take something	কিছু নিতে
to take up; to pick up; to disqualify; to confiscate; to deprive	to take up; to pick up; অযোগ্য ঘোষণা করা; বাজেয়াপ্ত করা; বঞ্চিত করা
to take; to catch (fish); to capture	to take; to catch ( মাছ ); ক্যাপচার করতে
to talk behind someone's back	কারো পিছনে কথা বলা
to talk; to tell; to recite	কথা বলা জানাতে আবৃত্তি করা
to taper to a point; to become sharp; to be sour; to look displeased	to taper to a point; to become sharp; to be sour; অসন্তুষ্ট দেখতে
to taste; to savor; to relish	স্বাদ নিতে; স্বাদ নিতে; স্বাদ নিতে
to teach	শেখাতে
to teach; to instruct	শেখানো; নির্দেশ দিতে
to teach; to tell	শেখানো; বলতে
to tear	ছিঁড়ে ফেলা
to tear; to split	বিছিন্ন করা; বিভক্ত করা
to tear; to violate; to defeat; to smash; to destroy	বিছিন্ন করা; লঙ্ঘন করা; পরাজিত করা; টুকরো টুকরো করা; ধ্বংস করতে
to tease; to coax; to solicit; to demand	জ্বালাতন করা; শান্ত করা; অনুরোধ করা; দাবি করতে
to tease; to torment; to persecute; to chastise	জ্বালাতন করা; যন্ত্রণা দেওয়া; অত্যাচার করা; শাস্তি দিতে
to tell a lie	মিথ্যা বলতে
to tell the truth	সত্য বলতে
to tell; to indicate	জানাতে নির্দেশ করতে
to tell; to tell on (someone); to order	জানাতে to tell on (কেউ); অর্ডার করতে
to the best of my knowledge	আমার জানামতে
to the end; to the last; stubbornly	শেষ পর্যন্ত; শেষ পর্যন্ত; একগুঁয়ে
to think	চিন্তা করতে
to think (about); to consider	to think ( সম্পর্কে ); বিবেচনা করা
to think (respect)	চিন্তা করা (সম্মান)
to think of; to hit upon	চিন্তা করা; আঘাত করা
to think; to feel	চিন্তা করা; অনুভব করতে
to threaten; to coerce	হুমকি দেওয়া; জোর করা
to threaten; to menace	হুমকি দেওয়া; হুমকির জন্য
to throw away	দূরে নিক্ষেপ
to throw down; to beat; to bring down; to blow down	নিচে ফেলা; to beat; নিচে আনা; নিচে উড়িয়ে দেওয়া
to throw or cast away	ফেলে দেওয়া বা ফেলে দেওয়া
to tidy up	পরিপাটি করা
to tie	টাই
to tie / bind	to tie / bind
to tie; to bind	to tie; আবদ্ধ করা
to tie; to bind; to link	to tie; আবদ্ধ করা; লিঙ্ক করতে
to tie; to fasten; to connect; to transfer (phone call)	to tie; বেঁধে রাখা; সংযোগ করা; স্থানান্তর করতে (ফোন কল)
to till; to plow; to cultivate	পর্যন্ত পর্যন্ত; লাঙ্গল চাষ করা
to torment; to harass; to inflict pain	যন্ত্রণা দেওয়া; হয়রানি করা; ব্যথা দিতে
to touch	স্পর্শ করতে
to touch; to be touched; to touch on a subject; to feel; to violate (law; copyright; etc.); to perceive; t	স্পর্শ করা; to be touched; একটি বিষয় স্পর্শ করা; অনুভব করা; to violate (আইন; কপিরাইট; ইত্যাদি); উপলব্ধি করা; t
to transfer	স্থানান্তর করতে
to translate	অনুবাদ করতে
to transport	পরিবহন করতে
to treat (someone) / to be proud	(কাউকে) আচরণ করা / গর্ব করা
to treat (someone) to a meal	(কাউকে) খাবারের সাথে আচরণ করা
to treat coldly	ঠান্ডাভাবে চিকিত্সা করা
to treat kindly	সদয় আচরণ করা
to treat/invite (someone) to a meal	(কাউকে) খাবারে আমন্ত্রণ জানাতে
to trouble you to come	তোমাকে আসতে কষ্ট দিতে
to try out	চেষ্টা করার জন্য
to turn	ঘুরতে
to turn (a switch) on or off; to twist; to puzzle over	to turn (a switch) on or off; টুইস্ট; ধাঁধা ওভার
to turn (right/left)	ঘুরতে (ডান/বামে)
to turn / rotate	to turn/rotate
to turn a blind eye	চোখ বন্ধ করতে
to turn away; to avert	to turn away; এড়ানো
to turn back	ফিরে যেতে
to turn down (somebody); to reject; to jilt	to turn down (কেউ); প্রত্যাখ্যান করা; ঝিলিক দেওয়া
to turn inside out; to turn (something) over	to turn into within out; to turn (something) over
to turn off	বন্ধ করতে
to turn off / erase	বন্ধ/মুছে ফেলা
to turn off the light	আলো বন্ধ করতে
to turn off; to erase	বন্ধ করা; মুছে ফেলা
to turn on	চালু করতে
to turn on / attach	to turn on/ attach
to turn on the light	আলো চালু করতে
to turn on; to switch on; to light up	চালু করা; সুইচ অন করা; আলো করতে
to turn over; to assign; to hand over	to turn over; বরাদ্দ করা; হস্তান্তর করা
to turn over; to overturn; to knock over; to upset; to turn inside out	to turn over; to overturn; to knock over; মন খারাপ করা; ভিতরে ঘুরতে
to turn towards; to point	দিকে ঘুরতে; নির্দেশ করা
to turn; to bend	to turn; to bend
to turn; to revolve	to turn; ঘোরানো
to twist	টুইস্ট
to understand	বুঝতে
to undertake (humble)	গ্রহণ করা (নম্র)
to undertake; to take up; to take over	to undertake; to take up; দখল করা
to undertake; to take up; to take over; to be responsible for; to guarantee; to contract (disease)	to undertake; to take up; to take over; জন্য দায়ী করা; গ্যারান্টি দেওয়া; সংকোচন করা (রোগ)
to unfasten	বন্ধ করা
to unfasten; to remove	বন্ধ করা; অপসারণ করতে
to untie	খোলা
to unwind	শান্ত করা
to use	ব্যবহার করতে
to use; to make use of	ব্যবহার করতে ব্যবহার করতে
to view; to gaze at	দেখতে তাকানো
to visit	পরিদর্শন করতে
to visit (respect)	পরিদর্শন করা (সম্মান)
to wait	অপেক্ষা করতে
to wait (respect)	অপেক্ষা করা (সম্মান)
to wake	জাগ্রত করা
to wake (someone) up	to wake (কেউ) আপ
to wake up	ঘুম থেকে উঠতে
to wake up / get up	ঘুম থেকে উঠা/ উঠা
to wake; to wake up	জাগানো; ঘুম থেকে উঠতে
to walk	হাঁটা
to walk (respect)	হাঁটা (সম্মান)
to walk/drive (someone)	হাঁটা/চালনা (কেউ)
to want	চাই
to want (adj.)	চাই (add.)
to warm up; to get warm	গরম করা; গরম পেতে
to warm; to heat	উষ্ণ করা; গরম করতে
to warp; to be warped; to curve	to warp; to be warped; বক্ররেখা
to wash	ধোয়া
to wash one's face	মুখ ধোয়া
to watch TV	টিভি দেখতে
to watch a movie	একটি সিনেমা দেখতে
to watch out; to give warning	to watch out; সতর্কতা দিতে
to water (plants)	জলে (উদ্ভিদ)
to wear	পরতে
to wear (respect)	পরতে (সম্মান)
to wear (shoes / pants)	পরতে (জুতা/প্যান্ট)
to wear small items (necktie, watch, etc.)	ছোট আইটেম পরতে (নেকটাই, ঘড়ি, ইত্যাদি)
to wear; to put on (lower body)	পরিধান করা; লাগাতে (নিম্ন শরীরের)
to weep	কাঁদতে
to wet; to soak; to dip	ভিজা; to soak; ডুব দিতে
to whisper; to murmur	ফিসফিস করা; গুঞ্জন করা
to wilt; to fade	wilt; বিবর্ণ করা
to win	জয় করতে
to win a championship	একটি চ্যাম্পিয়নশিপ জিততে
to win a lottery	একটি লটারি জিততে
to wind; to coil; to roll	to wind; কুণ্ডলী করা; রোল
to wipe	মুছা
to wipe; to dry	মুছা শুকাতে
to withdraw	প্রত্যাহার করা
to withdraw (money)	তোলা (টাকা)
to withdraw; to leave; to pull out; to retire	প্রত্যাহার করা; ছেড়ে যেতে to pull out; অবসর নিতে
to wither; to die (plant); to be blasted (plant)	শুকিয়ে যাওয়া; to die ( উদ্ভিদ ); বিস্ফোরিত করা (উদ্ভিদ)
to wither; to fade (away); to shrivel; to wilt	শুকিয়ে যাওয়া; to fade ( দূরে ); টুকরো টুকরো করা; wilt
to work	কাজ করতে
to work (for a company)	কাজ করতে (একটি কোম্পানির জন্য)
to work for	কাজ করার জন্য
to work for (a company)	(একটি কোম্পানি) জন্য কাজ করতে
to work for someone	কারো জন্য কাজ করতে
to worry	চিন্তা করা
to worship; to beg; to make a supplication	উপাসনা করা; ভিক্ষা করা; একটি প্রার্থনা করতে
to wrap	মোড়ানো
to wrap; to cover	মোড়ানো; আবরণ
to write	লিখতে
to write (respect)	লিখতে (সম্মান)
to write; to publish	লিখতে; প্রকাশ করতে
toast (drink)	টোস্ট (পানীয়)
tobacco	তামাক
today	আজ
today; this day	আজ; এই দিন
toe	পায়ের আঙ্গুল
together	একসাথে
together with (a person)	একসাথে (একজন ব্যক্তি)
toilet	টয়লেট
toilet; lavatory; rest room; latrine; comfort station	টয়লেট শৌচাগার বিশ্রাম কক্ষ; ল্যাট্রিন আরাম স্টেশন
toilet; restroom; lavatory; bathroom (US)	টয়লেট বিশ্রামাগার; শৌচাগার বাথরুম (মার্কিন)
tolerance	সহনশীলতা
tolerate	সহ্য করা
toll	টোল
tomato	টমেটো
tomorrow	আগামীকাল
ton	টন
tone	স্বর
tone color; tone quality; timbre; synthesizer patch	টোন রঙ; স্বর গুণমান; timbre; সিন্থেসাইজার প্যাচ
tongue	জিহ্বা
tonight	আজ রাতে
tonne	টন
too	খুব
too much; unnecessary; abundance; surplus; excess; superfluity	খুব বেশি অপ্রয়োজনীয়; প্রাচুর্য উদ্বৃত্ত অতিরিক্ত অতিমাত্রায়
tool	টুল
tool; means	টুল মানে
tooth	দাঁত
tooth / teeth	দাঁত / দাঁত
toothache	দাঁত ব্যথা
toothbrush	টুথব্রাশ
top	শীর্ষ
top; summit	শীর্ষ সামিট
top; summit; peak	শীর্ষ সামিট শিখর
topic	বিষয়
topic of discussion; agenda	আলোচনার বিষয়; এজেন্ডা
topic; subject	বিষয়; বিষয়
torture	নির্যাতন
toss	টস
total	মোট
total darkness; shortsightedness; pitch dark	সম্পূর্ণ অন্ধকার; অদূরদর্শিতা; পিচ অন্ধকার
totally	সম্পূর্ণরূপে
totally absorbed	সম্পূর্ণরূপে শোষিত
touch	স্পর্শ
tough	কঠিন
tough (situation)	কঠিন (পরিস্থিতি)
tour	সফর
tourism	পর্যটন
tourist	পর্যটক
tourist spot	পর্যটন স্পট
tournament	টুর্নামেন্ট
toward / against	দিকে / বিরুদ্ধে
towards	দিকে
towel	তোয়ালে
tower	টাওয়ার
tower; pagoda	টাওয়ার; প্যাগোডা
town	শহর
town; city	শহর শহর
town; city; municipal; urban	শহর শহর পৌরসভা শহুরে
toxic	বিষাক্ত
toy	খেলনা
trace	ট্রেস
track	ট্র্যাক
trade	বাণিজ্য
trade in; part exchange	ব্যবসা অংশ বিনিময়
trade; business; commerce; transaction; occupation	ব্যবসা ব্যবসা বাণিজ্য লেনদেন পেশা
trade; buying and selling	ব্যবসা ক্রয় এবং বিক্রয়
trade; commerce	ব্যবসা বাণিজ্য
trademark	ট্রেডমার্ক
trader; merchant	ব্যবসায়ী বণিক
trader; shopkeeper; merchant	ব্যবসায়ী দোকানদার বণিক
trading	ট্রেডিং
trading company; firm	ট্রেডিং কোম্পানি; দৃঢ়
tradition	ঐতিহ্য
tradition; convention	ঐতিহ্য; সম্মেলন
traditional	ঐতিহ্যগত
traditional inn	ঐতিহ্যবাহী সরাইখানা
traffic	ট্রাফিক
traffic jam	ট্রাফিক জ্যাম
traffic light	ট্রাফিক লাইট
traffic lights; signal; semaphore	ট্রাফিক লাইট; সংকেত সেমাফোর
traffic; transportation	ট্রাফিক পরিবহন
tragedy	ট্রাজেডি
tragic	দুঃখজনক
trail	পথ
trailer	ট্রেলার
train	ট্রেন
train (ordinary)	ট্রেন (সাধারণ)
train station	ট্রেন স্টেশন
trainer	প্রশিক্ষক
training	প্রশিক্ষণ
training wear	প্রশিক্ষণ পরিধান
training; instruction	প্রশিক্ষণ; নির্দেশ
trait	বৈশিষ্ট্য
transaction	লেনদেন
transcend	অতিক্রম করা
transcript	প্রতিলিপি
transfer	স্থানান্তর
transfer (train)	স্থানান্তর (ট্রেন)
transform	রূপান্তর
transformation	রূপান্তর
transit	ট্রানজিট
transition	স্থানান্তর
translate	অনুবাদ
translation	অনুবাদ
transmission	সংক্রমণ
transmit	প্রেরণ
transparency	স্বচ্ছতা
transparency; cleanness	স্বচ্ছতা পরিচ্ছন্নতা
transparent	স্বচ্ছ
transport	পরিবহন
transport; carriage	পরিবহন গাড়ি
transport; transportation	পরিবহন পরিবহন
transportation	পরিবহন
transportation facilities	পরিবহন সুবিধা
trap	ফাঁদ
trash	আবর্জনা
trash; rubbish	আবর্জনা আবর্জনা
trauma	ট্রমা
travel	ভ্রমণ
travel / trip	ভ্রমণ/ভ্রমণ
travel agency	ভ্রমণ সংস্থা
travel; trip; journey	ভ্রমণ ট্রিপ যাত্রা
traveler	ভ্রমণকারী
traveller	ভ্রমণকারী
treasure	ধন
treat	চিকিত্সা
treatment	চিকিত্সা
treatment; service	চিকিত্সা; সেবা
treaty	চুক্তি
tree	গাছ
tree; wood	গাছ কাঠ
tremendous	অসাধারণ
trend	প্রবণতা
trial	বিচার
trial / court	বিচার/আদালত
trial; judgement	বিচার রায়
trial; test	বিচার পরীক্ষা
triangle; triangular	ত্রিভুজ ত্রিভুজাকার
tribal	উপজাতীয়
tribe	উপজাতি
tribunal	ট্রাইব্যুনাল
tribute	শ্রদ্ধাঞ্জলি
trick	কৌশল
trigger	ট্রিগার
triggered by	দ্বারা প্ররোচিত
trillion	ট্রিলিয়ন
trio	ত্রয়ী
trip	ট্রিপ
trip / travel	ভ্রমণ / ভ্রমণ
trip to a foreign country	একটি বিদেশী দেশে ভ্রমণ
trip; hike; picnic	ট্রিপ হাইক পিকনিক
triumph	বিজয়
trolley	ট্রলি
troop	সৈন্যদল
trophy	ট্রফি
tropical	গ্রীষ্মমন্ডলীয়
tropics	গ্রীষ্মমন্ডলীয়
trouble	কষ্ট
trouble; bother; annoyance	কষ্ট বিরক্ত করা বিরক্তি
trouble; burden; care; bother	কষ্ট বোঝা; যত্ন বিরক্ত করা
trouble; difficulty; care; attention	কষ্ট অসুবিধা যত্ন মনোযোগ
troubled	অস্থির
troubles; hardships	কষ্ট কষ্ট
troupe; theatrical company	দল নাট্য কোম্পানি
trousers	ট্রাউজার্স
truce; armistice	যুদ্ধবিরতি যুদ্ধবিগ্রহ
truck	ট্রাক
true	সত্য
true adjective	সত্য বিশেষণ
truly	সত্যিই
truly / really	সত্যি/সত্যিই
truly / sincerely	সত্যি / আন্তরিকভাবে
trust	বিশ্বাস
trustee	বিশ্বস্ত
truth	সত্য
truth; reality	সত্য বাস্তবতা
try	চেষ্টা করুন
try on	চেষ্টা করুন
trying on clothes	জামাকাপড় চেষ্টা
tsunami	সুনামি
tube	নল
tuberculosis; tubercule	যক্ষ্মা; যক্ষ্মা
tuition	শিক্ষাদান
tumbler; glass	tumbler; গ্লাস
tuna	টুনা
tune	সুর
tune; piece of music	সুর সঙ্গীতের টুকরা
tune; tone; key	সুর স্বর চাবি
tune; tone; knot; knob; point	সুর স্বর গিঁট; গাঁট; বিন্দু
tunnel	টানেল
turkey	টার্কি
turn	পালা
turn (in line); order of things	turn (লাইনে); জিনিসের ক্রম
turn down	নামিয়ে দিন
turn up	উঠা
turning a deaf ear	একটি বধির কান বাঁক
turning defeat into victory	পরাজয়কে জয়ে পরিণত করা
turnout	ভোটদান
turnover	টার্নওভার
turquoise	ফিরোজা
turtle	কচ্ছপ
tutor	শিক্ষক
twelve	বারো
twelve o'clock	বারোটা বাজে
twenty	বিশ
twenty days; twentieth	বিশ দিন; বিংশতম
twenty-five	পঁচিশ
twenty-one	একুশ
twice	দুইবার
twin	যমজ
twins; a twin	যমজ; একটি যমজ
twist	মোচড়
two	দুই
two (books)	দুটি (বই)
two (counter)	দুই (কাউন্টার)
two (flat objects)	দুটি (সমতল বস্তু)
two (long objects)	দুটি (দীর্ঘ বস্তু)
two (machines / vehicles)	দুটি (মেশিন / যানবাহন)
two (small animals)	দুটি (ছোট প্রাণী)
two (small items)	দুটি (ছোট আইটেম)
two (things)	দুই (জিনিস)
two days	দুই দিন
two days before yesterday	গতকাল দুই দিন আগে
two days; second day of the month	দুই দিন; মাসের দ্বিতীয় দিন
two gains in one move	এক চালে দুটি লাভ
two hundred	দুই শত
two minutes	দুই মিনিট
two o'clock	দুইটা বাজে
two people	দুই জন
two storied	দোতলা
type	টাইপ
type; pattern; archetypal	প্রকার প্যাটার্ন; প্রত্নতাত্ত্বিক
typhoon	টাইফুন
typical	সাধারণ
typically	সাধারণত
tyre	টায়ার
ubiquitous	সর্বব্যাপী
udon noodles	udon নুডলস
ugly	কুৎসিত
uh-huh; yes	উহ-হুহ; হ্যাঁ
uh-uh; no	আহ-উহ; না
ultimate	চূড়ান্ত
ultimate; final; eventual	চূড়ান্ত চূড়ান্ত ঘটনাচক্র
ultimately	শেষ পর্যন্ত
um...	উম...
umbrella	ছাতা
un; non; negative prefix	un; অ; নেতিবাচক উপসর্গ
unable	অক্ষম
unacceptable	অগ্রহণযোগ্য
unanimous	সর্বসম্মত
unavoidably	অনিবার্যভাবে
uncertainty	অনিশ্চয়তা
uncle	চাচা
uncle; middle-aged man	চাচা; মধ্যবয়সী মানুষ
unclean; dirty; filthy; impure	অপরিষ্কার নোংরা নোংরা অপবিত্র
uncleanness; impurity; disgrace	অপরিচ্ছন্নতা অপবিত্রতা অসম্মান
uncomfortable	অস্বস্তিকর
unconditionally; as a rule	শর্তহীনভাবে; একটি নিয়ম হিসাবে
unconscious	অচেতন
uncooked rice	রান্না না করা চাল
undeniably	অনস্বীকার্যভাবে
under	অধীন
under; below; beneath	অধীনে নিচে নিচে
undergo	সহ্য করা
undergraduate	স্নাতক
underground	ভূগর্ভস্থ
underground train	ভূগর্ভস্থ ট্রেন
underground water	ভূগর্ভস্থ জল
underline; underscore	আন্ডারলাইন আন্ডারস্কোর
underlying	অন্তর্নিহিত
undermine	অবমূল্যায়ন
underscore	আন্ডারস্কোর
understand	বুঝতে
understanding	বোঝা
understanding; comprehension	বোঝা অনুধাবন
understood	বোঝা যায়
understood (humble)	বোঝা (নম্র)
undertake	গ্রহণ করা
underwear	অন্তর্বাস
undoubtedly	নিঃসন্দেহে
undulation	অস্থিরতা
unemployed	বেকার
unemployment	বেকারত্ব
unequivocal	দ্ব্যর্থহীন
unevenness; roughness; ruggedness	অসমতা রুক্ষতা রুক্ষতা
unexpected	অপ্রত্যাশিত
unexpected; casual	অপ্রত্যাশিত; নৈমিত্তিক
unexpected; surprising	অপ্রত্যাশিত; আশ্চর্যজনক
unexpectedly	অপ্রত্যাশিতভাবে
unexpectedly (appear)	অপ্রত্যাশিতভাবে (আবির্ভূত)
unfair	অন্যায়
unfamiliar; never before met	অপরিচিত; আগে কখনো দেখা হয়নি
unfold	প্রকাশ করা
unfortunate	দুর্ভাগ্যজনক
unfortunately	দুর্ভাগ্যবশত
unhappiness; sorrow; misfortune; disaster; accident; death	অসুখ; দুঃখ দুর্ভাগ্য দুর্যোগ দুর্ঘটনা মৃত্যু
unhappy	অসুখী
uniform	ইউনিফর্ম
uniformity; evenness; similarity; equality; impartiality	অভিন্নতা; সমানতা মিল সমতা নিরপেক্ষতা
unify	একীভূত করা
unintentional; spontaneous	অনিচ্ছাকৃত; স্বতঃস্ফূর্ত
union	ইউনিয়ন
union; alliance	ইউনিয়ন জোট
union; unity	ইউনিয়ন ঐক্য
unique	অনন্য
unit	ইউনিট
unit; denomination; credit (in school)	ইউনিট মূল্যবোধ ক্রেডিট (স্কুলে)
unite	একত্রিত
united	ঐক্যবদ্ধ
unity	ঐক্য
unity; consolidation; uniformity	ঐক্য একত্রীকরণ; অভিন্নতা
universal	সর্বজনীন
universe	মহাবিশ্ব
universe; cosmos; space	মহাবিশ্ব কসমস; স্থান
university	বিশ্ববিদ্যালয়
university graduate	বিশ্ববিদ্যালয়ের স্নাতক
university student	বিশ্ববিদ্যালয়ের ছাত্র
unknown	অজানা
unless	যদি না
unlike	অপছন্দ
unlikely	অসম্ভাব্য
unlucky day	দুর্ভাগ্যজনক দিন
unlucky; misfortune; bad luck; fate	দুর্ভাগ্য দুর্ভাগ্য খারাপ ভাগ্য; ভাগ্য
unnecessary	অপ্রয়োজনীয়
unpleasant	অপ্রীতিকর
unprecedented	অভূতপূর্ব
unravel	উন্মোচন
unscrupulous	নীতিহীন
unsightly; ugly	কুৎসিত; কুৎসিত
unskilled at	অদক্ষ
unskillful	অদক্ষ
unsuitable	অনুপযুক্ত
until	পর্যন্ত
unusual	অস্বাভাবিক
unveil	উন্মোচন
unwillingly; grudgingly; shaking head in refusal (to children)	অনিচ্ছায়; grudgingly; প্রত্যাখ্যানে মাথা নাড়ানো (শিশুদের কাছে)
up	আপ
up / above	উপরে / উপরে
up-train (going to Tokyo); ascent	আপ-ট্রেন (টোকিও যাচ্ছে); আরোহণ
upcoming	আসন্ন
update	আপডেট
upgrade	আপগ্রেড
uphold	বজায় রাখা
upload	আপলোড
upon	উপর
upper	উপরের
upper; outer; surface	উপরের বাইরের পৃষ্ঠ
uproar; disturbance	হৈচৈ ঝামেলা
upset	মন খারাপ
upstairs	উপরে
upwards	উপরের দিকে
urban	শহুরে
urge	তাগিদ
urgent	জরুরী
urgent; pressing	জরুরী টিপে
urgent; pressing; emergency	জরুরী pressing; জরুরী
urgent; steep	জরুরী খাড়া
us	আমাদের
usage	ব্যবহার
use	ব্যবহার
use; application; employment; utilization	ব্যবহার আবেদন কর্মসংস্থান ব্যবহার
use; service; role; position	ব্যবহার সেবা ভূমিকা অবস্থান
use; usefulness	ব্যবহার উপযোগিতা
used	ব্যবহৃত
used to	অভ্যস্ত
useful	দরকারী
useful; convenient	দরকারী সুবিধাজনক
useless	অকেজো
useless; no good; hopeless	অকেজো ভালো নেই; আশাহীন
user	ব্যবহারকারী
usual	স্বাভাবিক
usual (historical) custom	স্বাভাবিক (ঐতিহাসিক) রীতি
usually	সাধারণত
usually; generally	সাধারণত সাধারণত
usually; habitually; ordinarily; always	সাধারণত অভ্যাসগতভাবে; সাধারণভাবে সবসময়
usually; or a train that stops at every station	সাধারণত অথবা একটি ট্রেন যা প্রতিটি স্টেশনে থামে
utensil	পাত্র
utility	উপযোগিতা
utilization	ব্যবহার
utilize	ব্যবহার করা
utterly	সম্পূর্ণরূপে
vacancy; room for rent or lease	শূন্যপদ ভাড়া বা ইজারা জন্য রুম
vacant; futile; vain; void; empty; ineffective; lifeless	খালি নিরর্থক বৃথা void খালি অকার্যকর; প্রাণহীন
vacation	ছুটি
vacation / leave	ছুটি / ছুটি
vaccine	টিকা
vacuum	ভ্যাকুয়াম
vacuum cleaner	ভ্যাকুয়াম ক্লিনার
vacuum; hollow; empty	ভ্যাকুয়াম ফাঁপা খালি
vague	অস্পষ্ট
vain	বৃথা
valid	বৈধ
valid; proper; right; appropriate	বৈধ যথাযথ অধিকার উপযুক্ত
validate	যাচাই করা
validity	বৈধতা
validity; availability; effectiveness	বৈধতা প্রাপ্যতা কার্যকারিতা
valley	উপত্যকা
valuable	মূল্যবান
valuation; estimation; assessment; evaluation	মূল্যায়ন অনুমান মূল্যায়ন; মূল্যায়ন
value	মান
value; price; cost	মান মূল্য খরচ
value; worth; merit	মান মূল্য যোগ্যতা
van	ভ্যান
vanish	অদৃশ্য
vapour; gas	বাষ্প গ্যাস
variable	পরিবর্তনশীল
variation	প্রকরণ
varied	বৈচিত্র্যময়
varied; various	বিভিন্ন বিভিন্ন
variety	বৈচিত্র্য
variety; kind; type	বৈচিত্র্য; ধরনের টাইপ
various	বিভিন্ন
various; different kinds of	বিভিন্ন বিভিন্ন ধরনের
vary	পরিবর্তিত
vast	বিশাল
vegetable	সবজি
vegetable garden	সবজি বাগান
vegetable shop	সবজির দোকান
vegetables	সবজি
vehicle	যানবাহন
vein	শিরা
ventilation	বায়ুচলাচল
venture	উদ্যোগ
venue	স্থান
veranda / balcony	বারান্দা/বারান্দা
veranda; porch; balcony; open corridor	বারান্দা; বারান্দা ব্যালকনি; খোলা করিডোর
verb	ক্রিয়া
verb suffix to indicate reckless abandon to the activity	বেপরোয়া কার্যকলাপ পরিত্যাগ নির্দেশ করতে ক্রিয়া প্রত্যয়
verbal	মৌখিক
verbal statement	মৌখিক বিবৃতি
verdict	রায়
verdict / judgment	রায় / রায়
verification	যাচাইকরণ
verify	যাচাই
verse	শ্লোক
version	সংস্করণ
versus	বনাম
vertical	উল্লম্ব
vertical; perpendicular	উল্লম্ব; লম্ব
very	খুব
very fond of; to love	খুব পছন্দের; ভালবাসা
very much; exaggerated; very fine	খুব বেশি; অতিরঞ্জিত; খুব সূক্ষ্ম
very soon; in a few moments/days	খুব তাড়াতাড়ি; কয়েক মুহূর্ত/দিনে
very young; childish	খুব তরুণ; শিশুসুলভ
very; much; greatly	খুব অনেক ব্যাপকভাবে
vessel	জাহাজ
veteran	অভিজ্ঞ
via	মাধ্যমে
viable	কার্যকর
vibrant	প্রাণবন্ত
vice	ভাইস
vicinity; nearby	কাছাকাছি কাছাকাছি
vicious	দুষ্ট
victim	শিকার
victory	বিজয়
victory or defeat; issue (of battle)	জয় বা পরাজয়; সমস্যা (যুদ্ধের)
victory or defeat; match; contest; game; bout	জয় বা পরাজয়; ম্যাচ প্রতিযোগিতা খেলা; লড়াই
video	ভিডিও
video / footage	ভিডিও / ফুটেজ
video game	ভিডিও গেম
video tape; VCR	ভিডিও টেপ; ভিসিআর
view	দেখুন
view / opinion	দৃষ্টিভঙ্গি / মতামত
viewer	দর্শক
viewing	দেখা
viewpoint	দৃষ্টিভঙ্গি
vigor; active	প্রাণশক্তি সক্রিয়
vigorous; healthy; sound	জোরালো; সুস্থ শব্দ
vilify	অপমান করা
villa; vacation home	ভিলা; ছুটির বাড়িতে
village	গ্রাম
villager	গ্রামবাসী
vindicate	প্রমাণ করা
vinegar	ভিনেগার
violate	লঙ্ঘন
violation	লঙ্ঘন
violation (of law); transgression; infringement; breach	violation (of law); সীমালঙ্ঘন লঙ্ঘন; লঙ্ঘন
violence	সহিংসতা
violent	হিংস্র
violent; vehement; intense	হিংস্র তীব্র তীব্র
violet	ভায়োলেট
violin	বেহালা
virtual	ভার্চুয়াল
virtue	পুণ্য
virus	ভাইরাস
visa	ভিসা
visible	দৃশ্যমান
vision	দৃষ্টি
visit	পরিদর্শন
visitor	দর্শনার্থী
visual	চাক্ষুষ
vital	গুরুত্বপূর্ণ
vitality; energy	জীবনীশক্তি শক্তি
vitamin	ভিটামিন
vividly; lively	vividly; প্রাণবন্ত
vocabulary; glossary	শব্দভান্ডার; শব্দকোষ
vocal	ভোকাল
voice	ভয়েস
volcanic eruption	আগ্নেয়গিরির অগ্ন্যুৎপাত
volcano	আগ্নেয়গিরি
volleyball	ভলিবল
volume	আয়তন
voluntary	স্বেচ্ছায়
volunteer	স্বেচ্ছাসেবক
vote	ভোট
voting	ভোট
voting; poll	ভোট পোল
vow	ব্রত
vulgarity; meanness; indecency; coarseness	অশ্লীলতা; অর্থহীনতা অশালীনতা রুক্ষতা
vulnerability	দুর্বলতা
vulnerable	দুর্বল
wage	মজুরি
waist	কোমর
waist / lower back	কোমর / পিঠের নিচের অংশ
wait	অপেক্ষা করুন
waiter	ওয়েটার
waiting impatiently	অধৈর্যভাবে অপেক্ষা করছি
waiting room	ওয়েটিং রুম
waiting time	অপেক্ষার সময়
waitress	পরিচারিকা
wake	জেগে ওঠা
wake up	জেগে ওঠা
wake-up time	জেগে ওঠার সময়
walk	হাঁটা
walk / stroll	হাঁটা / হাঁটা
walk; stroll	হাঁটা হাঁটা
walking around at night; night train; night travel	রাতে ঘুরে বেড়ানো; রাতের ট্রেন; রাতের ভ্রমণ
wall	প্রাচীর
wall; fence	প্রাচীর; বেড়া
wallet	মানিব্যাগ
wander	বিচরণ
want	চাই
want; shortage; famine	চাই অভাব দুর্ভিক্ষ
war	যুদ্ধ
war; battle; campaign; fight	যুদ্ধ যুদ্ধ প্রচারণা যুদ্ধ
ward	ওয়ার্ড
ward; district; section	ওয়ার্ড জেলা; বিভাগ
wardrobe	পোশাক
warehouse	গুদাম
warfare	যুদ্ধ
warm	উষ্ণ
warm, luke warm	উষ্ণ, লুক উষ্ণ
warm; mild	উষ্ণ; হালকা
warming	উষ্ণায়ন
warmth	উষ্ণতা
warn	সতর্ক করা
warning	সতর্কতা
warning; admonition; vigilance	সতর্কতা উপদেশ সতর্কতা
warning; advice	সতর্কতা উপদেশ
warrant	পরোয়ানা
warrior	যোদ্ধা
warrior; samurai	যোদ্ধা সামুরাই
warship; battleship	যুদ্ধজাহাজ যুদ্ধজাহাজ
wash	ধোয়া
washbasin	ধোয়ার বাসন
washing	ধোয়া
washing machine	ওয়াশিং মেশিন
washroom	ওয়াশরুম
washroom / restroom	শৌচাগার / বিশ্রামাগার
waste	বর্জ্য
waste (money)	অপচয় (টাকা)
waste; scrap	অপচয় স্ক্র্যাপ
wastepaper	বর্জ্য কাগজ
watch	ঘড়ি
watch out	সাবধান
watch; clock	ঘড়ি ঘড়ি
water	জল
water (polite)	জল (ভদ্র)
water boils	জল ফুটে
water fountain	জলের ফোয়ারা
water level; horizon	জল স্তর; দিগন্ত
water outage	জল বিভ্রাট
water source	জলের উৎস
water supply	জল সরবরাহ
water vapour; steam	জলীয় বাষ্প; বাষ্প
water well	ভাল জল
waterfall	জলপ্রপাত
watermelon	তরমুজ
wave	তরঙ্গ
way	উপায়
way of swimming	সাঁতারের উপায়
way; manner; kind	পথ পদ্ধতি ধরনের
way; means	পথ মানে
way; road; directions	পথ রাস্তা দিকনির্দেশ
we	আমরা
weak	দুর্বল
weak point; weakness	দুর্বল পয়েন্ট; দুর্বলতা
weaken	দুর্বল করা
weakness	দুর্বলতা
wealth	সম্পদ
wealthy	ধনী
weapon	অস্ত্র
weapon; arms; ordinance	অস্ত্র অস্ত্র অধ্যাদেশ
wear	পরিধান
wear / clothing	পরিধান / পোশাক
weather	আবহাওয়া
weather forecast	আবহাওয়ার পূর্বাভাস
weather; climate	আবহাওয়া জলবায়ু
weave	বুনা
web	ওয়েব
website	ওয়েবসাইট
wedding	বিবাহ
weed	আগাছা
week	সপ্তাহ
week (period)	সপ্তাহ (সময়কাল)
week after next	পরের সপ্তাহ পর
week; weekly	সপ্তাহ সাপ্তাহিক
weekday	সপ্তাহের দিন
weekday; ordinary days	সপ্তাহের দিন সাধারণ দিন
weekend	সপ্তাহান্তে
weekly	সাপ্তাহিক
weigh	ওজন
weight	ওজন
weird	অদ্ভুত
welcome	স্বাগত
welcome (in a shop)	স্বাগতম (একটি দোকানে)
welcome / come in	স্বাগতম / ভিতরে আসুন
welcome home	বাড়িতে স্বাগতম
welcome; reception	স্বাগত অভ্যর্থনা
welfare	কল্যাণ
well	ভাল
well then...	আচ্ছা তাহলে...
well-being	মঙ্গল
well...; let me see...	ভাল...; আমাকে দেখতে দাও...
well; properly; suitably; best regards; please remember me	ভাল সঠিকভাবে উপযুক্তভাবে; শুভেচ্ছা আমাকে মনে রাখবেন
wellness	সুস্থতা
west	পশ্চিম
western	পশ্চিমী
western countries	পশ্চিমা দেশগুলো
western-style clothes	পশ্চিমা ধাঁচের পোশাক
wet	ভিজা
wet towel	ভেজা তোয়ালে
whale	তিমি
what	কি
what color?	কি রং?
what date	কি তারিখ
what day	কি দিন
what day of the month?	মাসের কোন দিন?
what day of the week?	সপ্তাহের কোন দিন?
what do you recommend?	আপনি কি প্রস্তাব করছেন?
what is this?	এটা কি?
what kind of	কি ধরনের
what kind of...	কি ধরনের...
what language?	কোন ভাষা?
what minute?; how many minutes?	কত মিনিট?; কত মিনিট?
what month	কি মাস
what month?	কোন মাস?
what nationality?	কোন জাতীয়তা?
what number	কি সংখ্যা
what number?	কোন সংখ্যা?
what time	কি সময়
what time is it now	এখন কটা বাজে
what time?	কোন সময়?
what year?	কোন বছর?
what's up?	কি হচ্ছে?
what; how; whatever	কি কিভাবে; যাই হোক
what? / which? / what kind of?	কি? / কোনটি? / কি ধরনের?
whatever	যাই হোক
whatsoever	যাই হোক
wheat	গম
wheel	চাকা
when	যখন
when...; at the time of...	যখন...; এর সময়ে...
when; how soon	কখন; কত তাড়াতাড়ি
when?	কখন?
whenever	যখনই
where	যেখানে
where (polite)	যেখানে (ভদ্র)
where are you from?	আপনি কোথা থেকে এসেছেন?
where is the restroom?	বিশ্রাম কক্ষটি কোথায়?
where; what place	যেখানে; কি জায়গা
where; which; who; anyway; anyhow; at any rate	যেখানে; যা; WHO; যাই হোক; যাই হোক; যেকোনো হারে
where? / what place?	কোথায়? / কোন জায়গা?
whereas	যেখানে
whereby	যার দ্বারা
wherever	যেখানেই
whether	কিনা
which	যা
which (emphatic)	যা (জোরপূর্ণ)
which (of these)	কোনটি (এর মধ্যে)
which (of two)	কোনটি (দুজনের)
which ...	যা...
which one	কোনটি
which one (casual)	কোনটি (নৈমিত্তিক)
which one (three of more)	কোনটি (আরো তিনটি)
which one (two items)	কোনটি (দুটি আইটেম)
which; what	যা; কি
which; who	যা; যারা
while	যখন
while talking; the line is busy	কথা বলার সময়; লাইন ব্যস্ত
while...	যখন...
whilst	যখন
whim; caprice; whimsy; fickle; moody; uneven temper	whim caprice; whimsy চঞ্চল মেজাজ অসম মেজাজ
whip	চাবুক
whisper	ফিসফিস
white	সাদা
white or grey hair; trendy hair bleaching	সাদা বা ধূসর চুল; ট্রেন্ডি চুল ব্লিচিং
who	যারা
who (polite)	কে (ভদ্র)
who?	কে?
whoever	যে কেউ
whole	সম্পূর্ণ
whole life; a lifetime; all through life	সমগ্র জীবন; একটি জীবনকাল; সারা জীবনের মাধ্যমে
whole year; always; everyday	সারা বছর; সর্বদা; প্রতিদিন
whole; entirety; whatever (is the matter)	সমগ্র সম্পূর্ণতা যাই হোক (ব্যাপার)
wholly	সম্পূর্ণরূপে
whom	কাকে
whose	যার
why	কেন
why (casual)	কেন (নৈমিত্তিক)
why / how come	কেন / কিভাবে আসে
why; how	কেন; কিভাবে
wide	প্রশস্ত
wide / spacious	প্রশস্ত / প্রশস্ত
widely	ব্যাপকভাবে
widen	প্রশস্ত করা
widespread	ব্যাপক
widow	বিধবা
width	প্রস্থ
width; breadth	প্রস্থ; প্রস্থ
wife	স্ত্রী
wife (someone's)	স্ত্রী (কারো)
wife; Mrs; madam	স্ত্রী; মিসেস; ম্যাডাম
wild	বন্য
wildlife	বন্যপ্রাণী
will	হবে
will / determination	ইচ্ছা/সংকল্প
will; desire; ambition	ইচ্ছা; ইচ্ছা উচ্চাকাঙ্ক্ষা
will; volition	ইচ্ছা; ইচ্ছা
willing	ইচ্ছুক
willingness	ইচ্ছা
win	জয়
win; victory	জয় বিজয়
wind	বাতাস
wind up	বাতাস করা
window	জানালা
windy	বাতাস
wine	ওয়াইন
wing	উইং
wings	উইংস
winner	বিজয়ী
winter	শীতকাল
winter scarf	শীতকালীন স্কার্ফ
wipe	মুছা
wire	তার
wireless	বেতার
wisdom	বুদ্ধি
wisdom; intelligence; prudence	বুদ্ধি বুদ্ধিমত্তা বিচক্ষণতা
wisdom; wit; sagacity; sense; intelligence; advice	বুদ্ধি বুদ্ধি sagacity; অনুভূতি বুদ্ধিমত্তা উপদেশ
wise	জ্ঞানী
wise; clever; smart	জ্ঞানী চতুর স্মার্ট
wish	ইচ্ছা
wish; desire; (a) hope	ইচ্ছা ইচ্ছা (ক) আশা
wit	বুদ্ধি
with	সঙ্গে
with (feeling)	সঙ্গে (অনুভূতি)
with a pinch of salt	এক চিমটি লবণ দিয়ে
with the exception of	বাদ দিয়ে
with trouble; at great pains; long-awaited	কষ্ট সহ; প্রচণ্ড ব্যথায়; দীর্ঘ প্রতীক্ষিত
with utmost effort	সর্বোচ্চ প্রচেষ্টার সাথে
with; by; by means of; because; in view of	সঙ্গে দ্বারা; এর মাধ্যমে; কারণ; বিবেচনায়
withdraw	প্রত্যাহার
withdrawal	প্রত্যাহার
within	ভিতরে
without	ছাড়া
without permission	অনুমতি ছাড়া
witness	সাক্ষী
wolf	নেকড়ে
woman	মহিলা
woman; female	মহিলা; মহিলা
woman; girl	মহিলা; মেয়ে
wonder	আশ্চর্য
wonder; miracle	আশ্চর্য অলৌকিক
wonderful	বিস্ময়কর
wonderful; gorgeous; splendor; pomp; extravagance	বিস্ময়কর চমত্কার; splendor; আড়ম্বর বাড়াবাড়ি
wonderful; splendid; magnificent	বিস্ময়কর splendid; মহৎ
wood	কাঠ
wooden	কাঠের
woods	কাঠ
woods; forester	woods; বনপাল
wool	পশম
word	শব্দ
word / language	শব্দ / ভাষা
word root; word derivation; etymology	শব্দমূল; শব্দের উৎপত্তি; ব্যুৎপত্তি
word; language	শব্দ ভাষা
word; vocabulary	শব্দ শব্দভান্ডার
word; vocabulary; (usually) single-character word	শব্দ শব্দভান্ডার; (সাধারণত) একক-অক্ষর শব্দ
words; phrases	শব্দ বাক্যাংশ
work	কাজ
work (film; book)	কাজ (চলচ্চিত্র; বই)
work / duty	কাজ / কর্তব্য
work / job	কাজ / চাকরি
work out	কাজ করা
work; construction; handicraft; maneuvering	কাজ নির্মাণ হস্তশিল্প maneuvering
work; labor	কাজ শ্রম
work; operation; manufacturing; fatigue duty	কাজ অপারেশন উত্পাদন; ক্লান্তি দায়িত্ব
work; opus; performance; production	কাজ রচনা কর্মক্ষমতা; উত্পাদন
worker	কর্মী
worker; mechanic; artisan; craftsman	কর্মী মেকানিক কারিগর কারিগর
workforce	কর্মশক্তি
working	কাজ
working together; (husband and wife) earning a living together	একসাথে কাজ করা; (স্বামী এবং স্ত্রী) একসাথে জীবিকা উপার্জন করা
workload	কাজের চাপ
workout	ওয়ার্কআউট
workplace	কর্মক্ষেত্র
workshop	কর্মশালা
world	বিশ্ব
world; society	বিশ্ব সমাজ
worldwide	বিশ্বব্যাপী
worm	কৃমি
worried	উদ্বিগ্ন
worried about	নিয়ে চিন্তিত
worry	চিন্তা
worry; concern; anxiety; care	চিন্তা উদ্বেগ উদ্বেগ যত্ন
worse	খারাপ
worship	উপাসনা
worship; shrine visit	উপাসনা মাজার পরিদর্শন
worst	সবচেয়ে খারাপ
worth	মূল্য
worthwhile	সার্থক
worthy	যোগ্য
would	হবে
wound	ক্ষত
wound; injury; hurt; cut	ক্ষত; আঘাত আঘাত করা কাটা
wow	বাহ
wrap	মোড়ানো
wrapping cloth; cloth wrapper	কাপড় মোড়ানো; কাপড়ের মোড়ক
wrist	কব্জি
write	লিখুন
writer	লেখক
writer; author	লেখক; লেখক
writing	লেখা
writing brush	লেখার বুরুশ
writing down; putting on record; recording; making a note of; registration (of mail)	লেখা রেকর্ড করা; রেকর্ডিং; একটি নোট করা; নিবন্ধন (মেইলের)
writing paper; stationery	লেখার কাগজ; স্টেশনারি
written	লিখিত
written application or petition	লিখিত আবেদন বা পিটিশন
wrong	ভুল
wrong; bad; improper; unjustifiable; inadvisable	ভুল খারাপ অনুপযুক্ত unjustifiable; অবাঞ্ছিত
yakuza; gangster	ইয়াকুজা; গুন্ডা
yard	গজ
yeah	হ্যাঁ
year	বছর
year (period)	বছর (সময়কাল)
year after next	পরের বছর
year before last	গত বছর আগে
year end; sunset; nightfall; end	বছরের শেষ; সূর্যাস্ত; রাত শেষ
year in school; grade in school	স্কুলে বছর; স্কুলে গ্রেড
year; fiscal year; school year; term	বছর; অর্থবছর; স্কুল বছর; মেয়াদ
yell	চিৎকার
yellow	হলুদ
yellowish green	হলুদ সবুজ
yen	ইয়েন
yes	হ্যাঁ
yes or no; existence; flag indicator (comp); presence or absence marker	হ্যাঁ বা না; অস্তিত্ব পতাকা নির্দেশক (কম্প); উপস্থিতি বা অনুপস্থিতি চিহ্নিতকারী
yes, that's right	হ্যাঁ, এটা ঠিক
yesterday	গতকাল
yet	এখনো
yet; and	এখনো; এবং
yet; still; more; besides	এখনো; এখনও; আরো ছাড়াও
yield	ফলন
yoga	যোগব্যায়াম
yogurt	দই
you	আপনি
you're welcome	আপনাকে স্বাগতম
you; lady	তুমি; ভদ্রমহিলা
young	তরুণ
young lady	যুবতী
younger brother	ছোট ভাই
younger sister	ছোট বোন
youngest child	সবচেয়ে ছোট শিশু
youngster	যুবক
your	আপনার
your attendance	আপনার উপস্থিতি
your attendance (respect)	আপনার উপস্থিতি (সম্মান)
your attention (to a speech)	আপনার মনোযোগ (একটি বক্তৃতায়)
your correction / point	আপনার সংশোধন / পয়েন্ট
your family (respect)	আপনার পরিবার (সম্মান)
your kind consideration	আপনার সদয় বিবেচনা
your order	আপনার আদেশ
your order?	আপনার আদেশ?
your pardon; declining (something); dismissal; permission	তোমার ক্ষমা; declining (কিছু); বরখাস্ত অনুমতি
your patronage	আপনার পৃষ্ঠপোষকতা
your request	আপনার অনুরোধ
your use (respect)	আপনার ব্যবহার (সম্মান)
your visit to the store	দোকানে আপনার পরিদর্শন
yours	তোমার
yourself	নিজেকে
youth	যুবক
youth; young man	যুবক যুবক
youth; young person	যুবক যুবক
youthful; young	যুবক তরুণ
ys	ys
zeal; enthusiasm	উদ্যম উদ্দীপনা
zebra	জেব্রা
zero	শূন্য
zero; no marks	শূন্য কোন চিহ্ন নেই
zipper	জিপার
zone	অঞ্চল
zoo	চিড়িয়াখানা
zoori (Japanese footwear); sandals	zoori (জাপানি পাদুকা); স্যান্ডেল
~ City	~ শহর
~ Prefecture	~ প্রিফেকচার
~ State	~ রাজ্য
~ language	~ ভাষা
~ nationality	~ জাতীয়তা
~street; ~quarters	~রাস্তা; ~ কোয়ার্টার
ｐink	কালি
A blueberry muffin, please.	একটি ব্লুবেরি মাফিন, দয়া করে.
A cappuccino, please.	একটি ক্যাপুচিনো, দয়া করে.
A dessert menu, please.	অনুগ্রহ করে, একটি ডেজার্ট মেনু দিন৷
A lemonade, please.	একটি লেবুপানি, দয়া করে.
About 10 minutes. You have plenty of time.	প্রায় 10 মিনিট। আপনার হাতে প্রচুর সময় আছে।
About 30 minutes with this traffic.	এই ট্রাফিকের সাথে প্রায় 30 মিনিট।
About five minutes from here.	এখান থেকে প্রায় পাঁচ মিনিট।
Actually, what about this mug?	আসলে, এই মগ সম্পর্কে কি?
Adults are 8 dollars, students get a discount.	প্রাপ্তবয়স্কদের জন্য 8 ডলার, ছাত্ররা একটি ছাড় পান।
Alright. The counter is over there.	ঠিক আছে। কাউন্টার ওখানে।
An iced latte, please.	একটা আইসড ল্যাটে, প্লিজ।
Anything else with that?	এর সাথে অন্য কিছু?
Anytime! Enjoy the museum.	যে কোন সময়! যাদুঘর উপভোগ করুন।
Are there any side effects?	কোন পার্শ্ব প্রতিক্রিয়া আছে?
Can I move some things to my carry-on?	আমি কি আমার ক্যারি-অনে কিছু জিনিস সরাতে পারি?
Can you call a taxi for me in the morning?	আপনি কি সকালে আমার জন্য একটি ট্যাক্সি ডাকতে পারেন?
Card, please.	কার্ড, দয়া করে.
Cash, please.	নগদ, দয়া করে.
Cash.	নগদ।
Certainly. Here's your key. Room 301, third floor.	অবশ্যই। এখানে আপনার চাবি আছে. রুম 301, তৃতীয় তলা।
Certainly. The machine is right here.	অবশ্যই। মেশিন ঠিক এখানে আছে.
Checkout is at 10 am. You can leave your bags at the desk.	চেকআউট 10 am এ. আপনি ডেস্কে আপনার ব্যাগ রেখে যেতে পারেন।
Coming right up! Would you like anything to eat?	ঠিক উপরে আসছে! আপনি কিছু খেতে চান?
Could I get some chili flakes?	আমি কি কিছু চিলি ফ্লেক্স পেতে পারি?
Could I get some extra napkins?	আমি কি কিছু অতিরিক্ত ন্যাপকিন পেতে পারি?
Could I go by bus instead?	আমি কি পরিবর্তে বাসে যেতে পারি?
Done! Here's your receipt and your gift.	সম্পন্ন ! এখানে আপনার রসিদ এবং আপনার উপহার.
Exactly. You can't miss it — it's a big white building.	হুবহু। আপনি এটি মিস করতে পারবেন না - এটি একটি বড় সাদা বিল্ডিং।
For here, please.	এখানে জন্য, দয়া করে.
Gate 12, to your left after security.	গেট 12, নিরাপত্তার পরে আপনার বাম দিকে।
Get well soon!	শীঘ্রই সুস্থ হয়ে উঠুন!
Go straight down this road. At the bank, turn left.	সোজা এই রাস্তায় চলে যান। ব্যাঙ্কে, বাম দিকে ঘুরুন।
Good to hear. There was an accident on the highway.	শুনে ভালো লাগলো। হাইওয়েতে দুর্ঘটনা ঘটে।
Good. Has it helped at all?	ভাল. এটা কি সব সাহায্য করেছে?
Goodbye!	বিদায়!
Got it. It's not far.	বুঝেছি। এটা বেশি দূরে নয়।
Got it. Turn left at the bank and keep walking.	বুঝেছি। ব্যাঙ্কে বাম দিকে ঘুরুন এবং হাঁটতে থাকুন।
Great choice! Anything to drink?	মহান পছন্দ! পান করার কিছু আছে?
Great choice! Would you like it wrapped?	মহান পছন্দ! আপনি এটা মোড়ানো চান?
Great! For here or to go?	দারুণ! এখানে বা যাওয়ার জন্য?
Great, thanks for your help!	মহান, আপনার সাহায্যের জন্য ধন্যবাদ!
Here you are. That's 12 dollars.	এখানে আপনি. যে 12 ডলার.
Here you are. The cheesecake is our specialty.	এখানে আপনি. চিজকেক আমাদের বিশেষত্ব।
Here you go.	এখানে আপনি যান.
Here you go. Thanks!	এখানে আপনি যান. ধন্যবাদ!
Here's your change. Thanks for coming!	এখানে আপনার পরিবর্তন. আসার জন্য ধন্যবাদ!
Hot, please.	গরম, দয়া করে.
How long does the bus take?	বাস কতক্ষণ লাগে?
How long is the walk to the gate?	গেট পর্যন্ত হাঁটা কতক্ষণ?
How long will it take to get there?	সেখানে যেতে কতক্ষণ লাগবে?
How many times a day should I take it?	আমি দিনে কতবার এটি গ্রহণ করব?
How much is the excess fee?	বাড়তি ফি কত?
How much is this one?	এই এক কত?
I have a headache and a fever.	আমার মাথা ব্যথা এবং জ্বর আছে।
I lost my boarding pass.	আমি আমার বোর্ডিং পাস হারিয়েছি।
I see. How long have you felt this way?	আমি দেখছি। কতদিন আপনি এই ভাবে অনুভব করেছেন?
I think I see it. Thank you!	আমি মনে করি আমি এটা দেখতে. ধন্যবাদ!
I will. Goodbye!	আমি করব। বিদায়!
I will. Thank you!	আমি করব। ধন্যবাদ!
I'll carry it on board.	আমি বোর্ডে এটি বহন করব।
I'll have the fried rice, please.	আমি ফ্রাইড রাইস খাব, প্লিজ।
I'll prescribe some medicine. Take it after meals.	আমি কিছু ওষুধ লিখে দেব। খাওয়ার পরে নিন।
I'll take the side streets. It should be quicker.	আমি পাশের রাস্তায় নেব। এটা দ্রুত হতে হবে.
I'm looking for a gift for my sister.	আমি আমার বোনের জন্য একটি উপহার খুঁজছি.
Iced, please.	বরফ, দয়া করে.
If you need anything, call the front desk.	আপনার কিছু প্রয়োজন হলে, সামনের ডেস্কে কল করুন।
Is breakfast included in the price?	প্রাতঃরাশ কি দামের মধ্যে অন্তর্ভুক্ত?
Is everything okay? Need anything else?	সব ঠিক আছে তো? আর কিছু লাগবে?
Is it serious?	এটা কি গুরুতর?
Is there Wi-Fi in the room?	ঘরে কি Wi-Fi আছে?
Is there a faster way?	একটি দ্রুত উপায় আছে?
It smells delicious. Thank you!	এটা সুস্বাদু গন্ধ. ধন্যবাদ!
It's 20 dollars per kilo.	এটা প্রতি কিলো 20 ডলার।
Just browsing, thanks.	শুধু ব্রাউজিং, ধন্যবাদ.
Just one night.	মাত্র এক রাত।
Just one, please.	শুধু একটি, দয়া করে.
Just the bill, please.	শুধু বিল, দয়া করে.
Just water, please.	শুধু জল, দয়া করে.
Keep the change.	পরিবর্তন রাখুন।
Let me check... Yes, here it is. Two nights.	আমাকে চেক করতে দাও... হ্যাঁ, এখানেই। দুই রাত।
Let me see... Yes, we have a single room available.	আমাকে দেখতে দাও... হ্যাঁ, আমাদের একটা সিঙ্গেল রুম আছে।
Let me take a look. Open wide.	আমাকে একটু দেখে নেওয়া যাক. প্রশস্ত খোলা.
My throat hurts when I swallow.	আমি গিলে ফেললে আমার গলা ব্যাথা করে।
No problem. For here or to go?	কোন সমস্যা নেই। এখানে বা যাওয়ার জন্য?
No thanks, just the drink.	না ধন্যবাদ, শুধু পানীয়.
No thanks, that's all.	না ধন্যবাদ, এই সব.
No worries, I can reprint it for you.	কোন চিন্তা নেই, আমি আপনার জন্য এটি পুনরায় মুদ্রণ করতে পারেন.
No, I'm afraid not. Do you have any rooms?	না, আমি ভয় পাচ্ছি না। তোমার কি কোন ঘর আছে?
No, about ten minutes on foot.	না, প্রায় দশ মিনিট পায়ে হেঁটে।
No, nothing yet.	না, এখনো কিছুই না।
Nothing to worry about. Rest and fluids will help.	চিন্তার কিছু নেই। বিশ্রাম এবং তরল সাহায্য করবে।
Of course, here you go.	অবশ্যই, এখানে আপনি যান.
Of course, right away.	অবশ্যই, এখুনি।
Of course, take your time.	অবশ্যই, আপনার সময় নিন.
Of course. Here's your key. Room 301, third floor.	অবশ্যই। এখানে আপনার চাবি আছে. রুম 301, তৃতীয় তলা।
Of course. I'll wrap it up for you. Anything else?	অবশ্যই। আমি তোমার জন্য এটা গুটিয়ে নেব. অন্য কিছু?
Of course. Just ask at the front desk.	অবশ্যই। শুধু সামনের ডেস্কে জিজ্ঞাসা করুন।
Okay, let's check your temperature first.	ঠিক আছে, প্রথমে আপনার তাপমাত্রা পরীক্ষা করা যাক।
Our fried rice is very popular, and so is the noodles.	আমাদের ভাজা ভাত খুব জনপ্রিয়, এবং তাই নুডুলস.
Perfect. Here's your change.	পারফেক্ট। এখানে আপনার পরিবর্তন.
Perfect. The terminal is right here.	পারফেক্ট। টার্মিনালটা এখানেই।
Right this way. Here's the menu.	ঠিক এই ভাবে। এখানে মেনু আছে.
Right this way. I'll bring the menus.	ঠিক এই ভাবে। আমি মেনু নিয়ে আসব।
See you next time!	পরের বার দেখা হবে!
See you next week for a check-up.	পরের সপ্তাহে দেখা হবে চেক-আপের জন্য।
Should I stay home from work?	আমার কি কাজ থেকে বাড়িতে থাকা উচিত?
Sorry, could you say that again?	দুঃখিত, আপনি এটা আবার বলতে পারেন?
Sounds good. I'll see you then.	ভালো লাগছে। তারপর দেখা হবে।
Still or sparkling?	এখনও বা ঝিলিমিলি?
Sure, bus 21 stops right outside the museum.	অবশ্যই, বাস 21 যাদুঘরের ঠিক বাইরে থামবে।
Sure, it'll be ready in a minute.	অবশ্যই, এটা এক মিনিটের মধ্যে তৈরি হয়ে যাবে।
Sure, just put it on the scale.	অবশ্যই, এটি স্কেলে রাখুন।
Sure, no problem.	অবশ্যই, কোন সমস্যা নেই।
Sure. I'll bring that right away.	নিশ্চিত। আমি এখুনি নিয়ে আসব।
Sure. That'll take about 30 minutes.	নিশ্চিত। এতে প্রায় ৩০ মিনিট সময় লাগবে।
Take a seat and I'll bring it over.	বসুন এবং আমি এটা নিয়ে আসব।
Take care. Come back if it doesn't improve.	যত্ন নিন। উন্নতি না হলে ফিরে আসুন।
Take your time! Let me know if you need help.	আপনার সময় নিন! আপনার সাহায্যের প্রয়োজন হলে আমাকে জানান।
Thank you very much!	আপনাকে অনেক ধন্যবাদ!
Thank you very much! Have a safe flight!	আপনাকে অনেক ধন্যবাদ! একটি নিরাপদ ফ্লাইট আছে!
Thank you! Have a wonderful day!	ধন্যবাদ! একটি চমৎকার দিন আছে!
Thank you! It looks great.	ধন্যবাদ! এটা দারুন দেখায়.
Thank you, doctor.	আপনাকে ধন্যবাদ, ডাক্তার.
Thank you. Your gate is 12.	ধন্যবাদ আপনার গেট 12.
Thanks so much!	অনেক ধন্যবাদ!
Thanks, I will!	ধন্যবাদ, আমি করব!
Thanks, see you next time!	ধন্যবাদ, পরের বার দেখা হবে!
Thanks. Have a great trip!	ধন্যবাদ একটি মহান ট্রিপ আছে!
Thanks. Is this your first time in the city?	ধন্যবাদ এই শহরে আপনার প্রথমবার?
That'll be 25 dollars.	সেটা হবে 25 ডলার।
That's 8 dollars. It's a nice gift too.	যে 8 ডলার. এটাও একটা সুন্দর উপহার।
That's fine, I'm not in a hurry.	ঠিক আছে, আমি তাড়াহুড়ো করছি না।
That's fine. It's under the size limit.	ঠিক আছে। এটা আকার সীমা অধীনে.
That's fine. Payment is due at checkout.	ঠিক আছে। অর্থপ্রদান চেকআউট এ বকেয়া.
The airport, please.	বিমানবন্দর, দয়া করে.
The blue one, please.	নীল, দয়া করে.
These scarves are lovely and very popular.	এই স্কার্ফ সুন্দর এবং খুব জনপ্রিয়।
This hotel, please.	এই হোটেল, দয়া করে.
This one is 15 dollars.	এই এক 15 ডলার.
Three times a day, after meals.	দিনে তিনবার, খাবার পরে।
To go, please.	যেতে, দয়া করে.
Two nights, please.	দুই রাত, দয়া করে.
Two, please.	দুই, দয়া করে.
We have blue, red, and green.	আমরা নীল, লাল, এবং সবুজ আছে.
What colors are available?	কি রং পাওয়া যায়?
What do you recommend?	আপনি কি প্রস্তাব করছেন?
What's the entrance fee?	প্রবেশমূল্য কত?
Which gate do I need?	আমি কোন গেট প্রয়োজন?
Will I need antibiotics?	আমার কি অ্যান্টিবায়োটিক লাগবে?
Yes, I took some medicine this morning.	হ্যাঁ, আমি আজ সকালে কিছু ওষুধ খেয়েছি।
Yes, it's complimentary for all guests.	হ্যাঁ, এটি সমস্ত অতিথিদের জন্য প্রশংসাসূচক।
Yes, it's free. The password is on your key card.	হ্যাঁ, এটা বিনামূল্যে. পাসওয়ার্ডটি আপনার কী কার্ডে রয়েছে।
Yes, please.	হ্যাঁ, দয়া করে।
Yes, take a day or two to rest.	হ্যাঁ, এক বা দুই দিন বিশ্রাম নিন।
Yes, the machine is right here.	হ্যাঁ, মেশিন ঠিক এখানে আছে.
Yes, the terminal is right here.	হ্যাঁ, টার্মিনালটা এখানেই।
Yes, this one bag, please.	হ্যাঁ, এই একটি ব্যাগ, দয়া করে.
Yes, under the name Smith.	হ্যাঁ, স্মিথ নামে।
You might feel a little sleepy. That's normal.	আপনি হয়তো একটু ঘুম পাচ্ছে। এটাই স্বাভাবিক।
You're very welcome.	আপনি খুব স্বাগত জানাই.
You're welcome! Let me know if you need anything.	আপনাকে স্বাগতম! আপনার কিছু প্রয়োজন হলে আমাকে জানান.
You're welcome. Have a great night.	আপনাকে স্বাগতম। একটি মহান রাত আছে.
You're welcome. Have a nice day!	আপনাকে স্বাগতম। একটি সুন্দর দিন!
You're welcome. Safe travels!	আপনাকে স্বাগতম। নিরাপদ ভ্রমণ!
