#NAME?	#NAME?
(1) (Japanese) maple	(1) (ಜಪಾನೀಸ್) ಮೇಪಲ್
(1) aunt; (2) middle-aged lady	(1) ಚಿಕ್ಕಮ್ಮ; (2) ಮಧ್ಯವಯಸ್ಕ ಮಹಿಳೆ
(1) chapter; section; (2) medal	(1) ಅಧ್ಯಾಯ; ವಿಭಾಗ; (2) ಪದಕ
(1) coincidence; agreement; (2) conformity	(1) ಕಾಕತಾಳೀಯ; ಒಪ್ಪಂದ; (2) ಅನುಸರಣೆ
(1) complete; completion; (2) perfection; accomplishment	(1) ಸಂಪೂರ್ಣ; ಪೂರ್ಣಗೊಳಿಸುವಿಕೆ; (2) ಪರಿಪೂರ್ಣತೆ; ಸಾಧನೆ
(1) connection; union; join; link; (2) changing trains	(1) ಸಂಪರ್ಕ; ಒಕ್ಕೂಟ; ಸೇರು; ಲಿಂಕ್; (2) ರೈಲುಗಳನ್ನು ಬದಲಾಯಿಸುವುದು
(1) dear; beloved; darling; (2) yearned for	(1) ಪ್ರಿಯ; ಪ್ರೀತಿಯ; ಪ್ರಿಯತಮೆ; (2) ಹಂಬಲಿಸಿದೆ
(1) defect; demerit; weak point; (2) disadvantage	(1) ದೋಷ; ನ್ಯೂನತೆ; ದುರ್ಬಲ ಬಿಂದು; (2) ಅನನುಕೂಲತೆ
(1) draft (beer); (2) raw; unprocessed	(1) ಡ್ರಾಫ್ಟ್ (ಬಿಯರ್); (2) ಕಚ್ಚಾ; ಸಂಸ್ಕರಿಸದ
(1) farm (livestock); (2) pasture land; meadow; grazing land	(1) ಫಾರ್ಮ್ (ಜಾನುವಾರು); (2) ಹುಲ್ಲುಗಾವಲು ಭೂಮಿ; ಹುಲ್ಲುಗಾವಲು; ಹುಲ್ಲುಗಾವಲು ಭೂಮಿ
(1) flower arrangement	(1) ಹೂವಿನ ಜೋಡಣೆ
(1) gold; (2) gold general (shogi) (abbr)	(1) ಚಿನ್ನ; (2) ಚಿನ್ನದ ಸಾಮಾನ್ಯ (ಶೋಗಿ) (abbr)
(1) horse; (2) promoted bishop (shogi)	(1) ಕುದುರೆ; (2) ಬಡ್ತಿ ಪಡೆದ ಬಿಷಪ್ (ಶೋಗಿ)
(1) idea; notion; conception; (2) sense (e.g. of duty)	(1) ಕಲ್ಪನೆ; ಕಲ್ಪನೆ; ಪರಿಕಲ್ಪನೆ; (2) ಅರ್ಥ (ಉದಾ. ಕರ್ತವ್ಯ)
(1) left and right; (2) influence; control; domination	(1) ಎಡ ಮತ್ತು ಬಲ; (2) ಪ್ರಭಾವ; ನಿಯಂತ್ರಣ; ಪ್ರಾಬಲ್ಯ
(1) line; procession; (2) matrix (math)	(1) ಸಾಲು; ಮೆರವಣಿಗೆ; (2) ಮ್ಯಾಟ್ರಿಕ್ಸ್ (ಗಣಿತ)
(1) mark; (2) symbol; (3) evidence	(1) ಗುರುತು; (2) ಚಿಹ್ನೆ; (3) ಸಾಕ್ಷಿ
(1) mouse; rat; (2) dark gray; slate color	(1) ಮೌಸ್; ಇಲಿ; (2) ಗಾಢ ಬೂದು; ಸ್ಲೇಟ್ ಬಣ್ಣ
(1) on the other hand; (2) meanwhile; (3) only; simple; in turn	(1) ಮತ್ತೊಂದೆಡೆ; (2) ಅಷ್ಟರಲ್ಲಿ; (3) ಮಾತ್ರ; ಸರಳ; ಪ್ರತಿಯಾಗಿ
(1) one day; (2) first of month	(1) ಒಂದು ದಿನ; (2) ತಿಂಗಳ ಮೊದಲ
(1) one object; one body; (2) what on earth?; really?; (3) generally	(1) ಒಂದು ವಸ್ತು; ಒಂದು ದೇಹ; (2) ಭೂಮಿಯ ಮೇಲೆ ಏನು?; ನಿಜವಾಗಿಯೂ?; (3) ಸಾಮಾನ್ಯವಾಗಿ
(1) order; precedence; (2) circumstances; (3) immediate(ly)	(1) ಆದೇಶ; ಆದ್ಯತೆ; (2) ಸಂದರ್ಭಗಳು; (3) ತಕ್ಷಣ (ಲಿ)
(1) organization; (2) structure; construction; (3) tissue; (4) system	(1) ಸಂಸ್ಥೆ; (2) ರಚನೆ; ನಿರ್ಮಾಣ; (3) ಅಂಗಾಂಶ; (4) ವ್ಯವಸ್ಥೆ
(1) origin; original; (2) former	(1) ಮೂಲ; ಮೂಲ; (2) ಮಾಜಿ
(1) pine tree; (2) highest (of a three-tier ranking system)	(1) ಪೈನ್ ಮರ; (2) ಅತ್ಯಧಿಕ (ಮೂರು ಹಂತದ ಶ್ರೇಯಾಂಕ ವ್ಯವಸ್ಥೆ)
(1) player (in game); (2) team	(1) ಆಟಗಾರ (ಆಟದಲ್ಲಿ); (2) ತಂಡ
(1) remodeling; (2) modding (comp)	(1) ಮರುರೂಪಿಸುವಿಕೆ; (2) ಮಾಡ್ಡಿಂಗ್ (comp)
(1) request; commission; dispatch; (2) dependence; trust	(1) ವಿನಂತಿ; ಆಯೋಗ; ರವಾನೆ; (2) ಅವಲಂಬನೆ; ನಂಬಿಕೆ
(1) seed; (2) material; (3) cause; source	(1) ಬೀಜ; (2) ವಸ್ತು; (3) ಕಾರಣ; ಮೂಲ
(1) service; duty; (2) Buddhist religious services	(1) ಸೇವೆ; ಕರ್ತವ್ಯ; (2) ಬೌದ್ಧ ಧಾರ್ಮಿಕ ಸೇವೆಗಳು
(1) service; duty; business; responsibility; task; (2) Buddhist religious services	(1) ಸೇವೆ; ಕರ್ತವ್ಯ; ವ್ಯಾಪಾರ; ಜವಾಬ್ದಾರಿ; ಕಾರ್ಯ; (2) ಬೌದ್ಧ ಧಾರ್ಮಿಕ ಸೇವೆಗಳು
(1) silver; silver coin; silver paint	(1) ಬೆಳ್ಳಿ; ಬೆಳ್ಳಿ ನಾಣ್ಯ; ಬೆಳ್ಳಿ ಬಣ್ಣ
(1) string; cord; (2) pimp	(1) ಸ್ಟ್ರಿಂಗ್; ಬಳ್ಳಿಯ; (2) ಪಿಂಪ್
(1) strong point; merit; (2) advantage	(1) ಬಲವಾದ ಬಿಂದು; ಅರ್ಹತೆ; (2) ಅನುಕೂಲ
(1) time; hour; (2) occasion; moment	(1) ಸಮಯ; ಗಂಟೆ; (2) ಸಂದರ್ಭ; ಕ್ಷಣ
(1) to adopt (measure; proposal); (2) to pick (fruit)	(1) ಅಳವಡಿಸಿಕೊಳ್ಳಲು (ಅಳತೆ; ಪ್ರಸ್ತಾವನೆ); (2) ಆರಿಸಲು (ಹಣ್ಣು)
(1) to appear; to attend (2) to exit	(1) ಕಾಣಿಸಿಕೊಳ್ಳಲು; ಹಾಜರಾಗಲು (2) ನಿರ್ಗಮಿಸಲು
(1) to appear; to come in sight; to become visible; (2) to express oneself	(1) ಕಾಣಿಸಿಕೊಳ್ಳಲು; ದೃಷ್ಟಿಯಲ್ಲಿ ಬರಲು; ಗೋಚರವಾಗಲು; (2) ತನ್ನನ್ನು ತಾನು ವ್ಯಕ್ತಪಡಿಸಲು
(1) to attach; to join; to add; to append	(1) ಲಗತ್ತಿಸಲು; ಸೇರಲು; ಸೇರಿಸಲು; ಸೇರಿಸಲು
(1) to avoid (physical contact ); (2) to ward off; to avert	(1) ತಪ್ಪಿಸಲು (ದೈಹಿಕ ಸಂಪರ್ಕ); (2) ದೂರವಿಡಲು; ತಪ್ಪಿಸಲು
(1) to be finished; to be ready; by definition; (2) to be very drunk	(1) ಮುಗಿಸಲು; ಸಿದ್ಧವಾಗಿರಲು; ವ್ಯಾಖ್ಯಾನದಿಂದ; (2) ತುಂಬಾ ಕುಡಿದಿರುವುದು
(1) to be fixed; (2) to abide; to stay (in the one place)	(1) ಸರಿಪಡಿಸಲಾಗುವುದು; (2) ಪಾಲಿಸಲು; ಉಳಿಯಲು (ಒಂದೇ ಸ್ಥಳದಲ್ಲಿ)
(1) to breathe; (2) to tell (lies); (3) to vomit; to disgorge	(1) ಉಸಿರಾಡಲು; (2) ಹೇಳಲು (ಸುಳ್ಳು); (3) ವಾಂತಿ ಮಾಡಲು; ವಿಸರ್ಜಿಸಲು
(1) to comprise; to account for; to make up (of); (2) to hold; to occupy	(1) ಒಳಗೊಂಡಿರುವುದು; ಖಾತೆಗೆ; ರೂಪಿಸಲು (ನ); (2) ಹಿಡಿದಿಡಲು; ಆಕ್ರಮಿಸಲು
(1) to cut well; to be sharp; (2) to break (off)	(1) ಚೆನ್ನಾಗಿ ಕತ್ತರಿಸಲು; ತೀಕ್ಷ್ಣವಾಗಿರಲು; (2) ಮುರಿಯಲು (ಆಫ್)
(1) to date (someone) (2) to keep company	(1) ಇಲ್ಲಿಯವರೆಗೆ (ಯಾರಾದರೂ) (2) ಕಂಪನಿಯನ್ನು ಇರಿಸಿಕೊಳ್ಳಲು
(1) to disgrace; to dishonour; (2) to pollute; to contaminate; to soil; to make dirty; to stain	(1) ಅವಮಾನಕ್ಕೆ; ಅವಮಾನ ಮಾಡಲು; (2) ಮಾಲಿನ್ಯಕ್ಕೆ; ಕಲುಷಿತಗೊಳಿಸಲು; ಮಣ್ಣಿಗೆ; ಕೊಳಕು ಮಾಡಲು; ಕಲೆ ಹಾಕಲು
(1) to draw (water); to dip; to scoop; to pump	(1) ಸೆಳೆಯಲು (ನೀರು); ಅದ್ದಲು; ಸ್ಕೂಪ್ ಮಾಡಲು; ಪಂಪ್ ಮಾಡಲು
(1) to drive; to pass through; (2) to evade; to hide; (3) to dive (into or under water); to go undergroun	(1) ಓಡಿಸಲು; ಹಾದುಹೋಗಲು; (2) ತಪ್ಪಿಸಿಕೊಳ್ಳಲು; ಮರೆಮಾಡಲು; (3) ಧುಮುಕುವುದು (ನೀರಿನೊಳಗೆ ಅಥವಾ ಅಡಿಯಲ್ಲಿ); ಭೂಗತ ಹೋಗಲು
(1) to govern; to manage; (2) to subdue	(1) ಆಡಳಿತಕ್ಕೆ; ನಿರ್ವಹಿಸಲು; (2) ನಿಗ್ರಹಿಸಲು
(1) to grow; to spring up; (2) to cut (teeth)	(1) ಬೆಳೆಯಲು; ಸ್ಪ್ರಿಂಗ್ ಅಪ್; (2) ಕತ್ತರಿಸಲು (ಹಲ್ಲು)
(1) to invite; to ask; (2) to tempt; to lure; to induce	(1) ಆಹ್ವಾನಿಸಲು; ಕೇಳಲು; (2) ಪ್ರಲೋಭನೆಗೆ; ಆಮಿಷಕ್ಕೆ; ಪ್ರಚೋದಿಸಲು
(1) to open; to become empty; (2) to be less crowded	(1) ತೆರೆಯಲು; ಖಾಲಿಯಾಗಲು; (2) ಕಡಿಮೆ ಜನಸಂದಣಿ ಇರುವುದು
(1) to pull; to draw; to stretch; to drag; (2) to pull the ball (baseball)	(1) ಎಳೆಯಲು; ಸೆಳೆಯಲು; ಹಿಗ್ಗಿಸಲು; ಎಳೆಯಲು; (2) ಚೆಂಡನ್ನು ಎಳೆಯಲು (ಬೇಸ್‌ಬಾಲ್)
(1) to retreat; to recede; to withdraw	(1) ಹಿಮ್ಮೆಟ್ಟಲು; ಹಿಮ್ಮೆಟ್ಟಿಸಲು; ಹಿಂತೆಗೆದುಕೊಳ್ಳಲು
(1) to see off; to farewell; (2) to escort; (3) to let pass	(1) ಆಫ್ ನೋಡಲು; ವಿದಾಯಕ್ಕೆ; (2) ಬೆಂಗಾವಲು; (3) ಪಾಸ್ ಮಾಡಲು
(1) to serve (food; etc.); (2) to fill up; (3) to prescribe	(1) ಬಡಿಸಲು (ಆಹಾರ; ಇತ್ಯಾದಿ); (2) ತುಂಬಲು; (3) ಸೂಚಿಸಲು
(1) to serve; to fill a post; to serve under; to work (for)	(1) ಸೇವೆ ಮಾಡಲು; ಒಂದು ಹುದ್ದೆಯನ್ನು ತುಂಬಲು; ಅಡಿಯಲ್ಲಿ ಸೇವೆ ಮಾಡಲು; ಕೆಲಸ ಮಾಡಲು (ಇದಕ್ಕಾಗಿ)
(1) to thrust; to strike; (2) to poke	(1) ತಳ್ಳಲು; ಹೊಡೆಯಲು; (2) ಇರಿಯಲು
(1) to wave; to shake; to swing; (2) to sprinkle; (3) to cast (actor); to allocate (work)	(1) ಅಲೆಯಲು; ಅಲುಗಾಡಿಸಲು; ಸ್ವಿಂಗ್ ಮಾಡಲು; (2) ಚಿಮುಕಿಸಲು; (3) ಬಿತ್ತರಿಸಲು (ನಟ); ನಿಯೋಜಿಸಲು (ಕೆಲಸ)
(1) token; label; (2) ticket; (3) charm	(1) ಟೋಕನ್; ಲೇಬಲ್; (2) ಟಿಕೆಟ್; (3) ಮೋಡಿ
(1) town; (2) street; road	(1) ಪಟ್ಟಣ; (2) ಬೀದಿ; ರಸ್ತೆ
(1) trace; tracks; mark; sign; (2) remains; ruins; (3) scar	(1) ಜಾಡು; ಹಾಡುಗಳು; ಗುರುತು; ಚಿಹ್ನೆ; (2) ಉಳಿದಿದೆ; ಅವಶೇಷಗಳು; (3) ಗಾಯದ ಗುರುತು
(1) used; second-hand; old	(1) ಬಳಸಲಾಗುತ್ತದೆ; ಸೆಕೆಂಡ್ ಹ್ಯಾಂಡ್; ಹಳೆಯದು
(1) water level; (2) level; standard	(1) ನೀರಿನ ಮಟ್ಟ; (2) ಮಟ್ಟ; ಪ್ರಮಾಣಿತ
(1) weight; (2) heavyweight boxer	(1) ತೂಕ; (2) ಹೆವಿವೇಯ್ಟ್ ಬಾಕ್ಸರ್
(1) wholly; entirely; completely; (2) not at all (with neg. verb)	(1) ಸಂಪೂರ್ಣವಾಗಿ; ಸಂಪೂರ್ಣವಾಗಿ; ಸಂಪೂರ್ಣವಾಗಿ; (2) ಇಲ್ಲ (ನೆಗ್. ಕ್ರಿಯಾಪದದೊಂದಿಗೆ)
(I am) the tallest in the family.	(ನಾನು) ಕುಟುಂಬದಲ್ಲಿ ಅತಿ ಎತ್ತರದವನು.
(I) drink coffee every morning.	(ನಾನು) ಪ್ರತಿದಿನ ಬೆಳಿಗ್ಗೆ ಕಾಫಿ ಕುಡಿಯುತ್ತೇನೆ.
(I) eat at a restaurant.	(ನಾನು) ರೆಸ್ಟೋರೆಂಟ್‌ನಲ್ಲಿ ತಿನ್ನಿರಿ.
(I) eat bread.	(ನಾನು) ಬ್ರೆಡ್ ತಿನ್ನಿರಿ.
(I) go to Japan.	(I) ಜಪಾನ್‌ಗೆ ಹೋಗು.
(I) watch a movie with a friend.	(ನಾನು) ಸ್ನೇಹಿತನೊಂದಿಗೆ ಚಲನಚಿತ್ರವನ್ನು ವೀಕ್ಷಿಸಿ.
(It) is not Mike.	(ಇದು) ಮೈಕ್ ಅಲ್ಲ.
(a person) is in ...; stays at ...	(ಒಬ್ಬ ವ್ಯಕ್ತಿ) ರಲ್ಲಿ ...; ಇರುತ್ತದೆ ...
(a) joy; (a) delight; rapture; pleasure; gratification; rejoicing; congratulations; felicitations	(ಎ) ಸಂತೋಷ; (ಎ) ಆನಂದ; ರ್ಯಾಪ್ಚರ್; ಆನಂದ; ತೃಪ್ತಿ; ಸಂತೋಷಪಡುವುದು; ಅಭಿನಂದನೆಗಳು; ಅಭಿನಂದನೆಗಳು
(abbr) Friday	(abbr) ಶುಕ್ರವಾರ
(abbr) Tuesday	(abbr) ಮಂಗಳವಾರ
(abbr) alarm-clock	(abbr) ಅಲಾರಾಂ ಗಡಿಯಾರ
(at) any time; always; at all times; never (neg); whenever	(at) ಯಾವುದೇ ಸಮಯದಲ್ಲಿ; ಯಾವಾಗಲೂ; ಎಲ್ಲಾ ಸಮಯದಲ್ಲೂ; ಎಂದಿಗೂ (ನೆಗ್); ಯಾವಾಗಲಾದರೂ
(ateji) (adv int) (uk) just a minute; a short time; a while; just a little; somewhat; easily; readily; rath	(ateji) (adv int) (uk) ಕೇವಲ ಒಂದು ನಿಮಿಷ; ಸ್ವಲ್ಪ ಸಮಯ; ಸ್ವಲ್ಪ ಸಮಯ; ಕೇವಲ ಸ್ವಲ್ಪ; ಸ್ವಲ್ಪಮಟ್ಟಿಗೆ; ಸುಲಭವಾಗಿ; ಸುಲಭವಾಗಿ; ರಥ
(ateji) (int) (uk) Congratulations!; an auspicious occasion!	(ateji) (int) (uk) ಅಭಿನಂದನೆಗಳು!; ಒಂದು ಶುಭ ಸಂದರ್ಭ!
(audio) recording	(ಆಡಿಯೋ) ರೆಕಾರ್ಡಿಂಗ್
(bank) savings	(ಬ್ಯಾಂಕ್) ಉಳಿತಾಯ
(by) chance; unexpectedly; suddenly	(ಮೂಲಕ) ಅವಕಾಶ; ಅನಿರೀಕ್ಷಿತವಾಗಿ; ಇದ್ದಕ್ಕಿದ್ದಂತೆ
(car) wheel	(ಕಾರು) ಚಕ್ರ
(col) round trip; coming and going; return ticket	(col) ರೌಂಡ್ ಟ್ರಿಪ್; ಬರುವುದು ಮತ್ತು ಹೋಗುವುದು; ರಿಟರ್ನ್ ಟಿಕೆಟ್
(col) urine; piss	(ಕೋಲ್) ಮೂತ್ರ; ಪಿಸ್
(consumer) prices	(ಗ್ರಾಹಕ) ಬೆಲೆಗಳು
(do something) early; fast	(ಏನಾದರೂ ಮಾಡಿ) ಬೇಗ; ವೇಗವಾಗಿ
(do something) late	(ಏನಾದರೂ ಮಾಡಿ) ತಡವಾಗಿ
(do something) oneself	(ಏನಾದರೂ ಮಾಡಿ) ಸ್ವತಃ
(enrolled) in school	(ದಾಖಲಾತಿ) ಶಾಲೆಯಲ್ಲಿ
(fine) art; the arts	(ಉತ್ತಮ) ಕಲೆ; ಕಲೆಗಳು
(flash of) lightning	(ಮಿಂಚು) ಮಿಂಚು
(flower) petal	(ಹೂವು) ದಳ
(food is) terrible	(ಆಹಾರ) ಭಯಾನಕ
(foot) race	(ಕಾಲು) ಓಟ
(giving) birth	(ಕೊಡುವ) ಜನ್ಮ
(going) side by side; concurrent; abreast; at the same time	(ಹೋಗುವ) ಪಕ್ಕದಲ್ಲಿ; ಏಕಕಾಲೀನ; ಪಕ್ಕದಲ್ಲಿ; ಅದೇ ಸಮಯದಲ್ಲಿ
(gram) subject	(ಗ್ರಾಂ) ವಿಷಯ
(hand) towel	(ಕೈ) ಟವೆಲ್
(hon) aunt	(ಗೌರವ) ಚಿಕ್ಕಮ್ಮ
(hon) good; OK; all right; fine; very well; will do; may; can	(ಗೌರವ) ಒಳ್ಳೆಯದು; ಸರಿ; ಸರಿ; ದಂಡ; ಚೆನ್ನಾಗಿದೆ; ಮಾಡುತ್ತೇನೆ; ಮೇ; ಮಾಡಬಹುದು
(hon) look; inspection; try	(ಹಾನ್) ನೋಡಿ; ತಪಾಸಣೆ; ಪ್ರಯತ್ನಿಸಿ
(hon) to give; to confer	(ಗೌರವ) ನೀಡಲು; ನೀಡಲು
(hon) to visit; to ask; to inquire	(ಗೌರವ) ಭೇಟಿ ಮಾಡಲು; ಕೇಳಲು; ವಿಚಾರಿಸಲು
(honorable) father	(ಗೌರವಾನ್ವಿತ) ತಂದೆ
(honorable) mother	(ಗೌರವಾನ್ವಿತ) ತಾಯಿ
(honorable) older brother	(ಗೌರವಾನ್ವಿತ) ಅಣ್ಣ
(honorable) older sister	(ಗೌರವಾನ್ವಿತ) ಅಕ್ಕ
(honorable) wife	(ಗೌರವಾನ್ವಿತ) ಪತ್ನಿ
(honorable) your husband	(ಗೌರವಾನ್ವಿತ) ನಿಮ್ಮ ಪತಿ
(hum) (pol) seeing; look at	(ಹಮ್) (ಪೋಲ್) ನೋಡುವುದು; ನೋಡು
(hum) to hear; to be told; to know	(ಹಮ್) ಕೇಳಲು; ಹೇಳಬೇಕು; ತಿಳಿಯಲು
(hum) to know	(ಹಮ್) ತಿಳಿಯಲು
(human) life	(ಮಾನವ) ಜೀವನ
(human) life (i.e. conception to death)	(ಮಾನವ) ಜೀವನ (ಅಂದರೆ ಮರಣಕ್ಕೆ ಪರಿಕಲ್ಪನೆ)
(humble) I; myself	(ವಿನಮ್ರ) ನಾನು; ನಾನೇ
(humble) daughter	(ವಿನಮ್ರ) ಮಗಳು
(humble) older brother	(ವಿನಮ್ರ) ಅಣ್ಣ
(humble) older sister	(ವಿನಮ್ರ) ಅಕ್ಕ
(humble) siblings	(ವಿನಮ್ರ) ಒಡಹುಟ್ಟಿದವರು
(humble) son	(ವಿನಮ್ರ) ಮಗ
(humble) to be called; to say	(ವಿನಮ್ರ) ಎಂದು ಕರೆಯಬೇಕು; ಹೇಳಲು
(humble) to do	(ವಿನಮ್ರ) ಮಾಡಲು
(humble) to go; to come	(ವಿನಮ್ರ) ಹೋಗಲು; ಬರಲು
(humble) to look at	(ವಿನಮ್ರ) ನೋಡಲು
(humble) to say; to tell	(ವಿನಮ್ರ) ಹೇಳಲು; ಹೇಳಲು
(humble) wife	(ವಿನಮ್ರ) ಹೆಂಡತಿ
(humble) younger sister	(ವಿನಮ್ರ) ತಂಗಿ
(in) charge	(ಇನ್) ಚಾರ್ಜ್
(in) the evening sun; setting sun	(ಇನ್) ಸಂಜೆ ಸೂರ್ಯ; ಸೂರ್ಯಾಸ್ತಮಾನ
(informal) You (used by men towards women)	(ಅನೌಪಚಾರಿಕ) ನೀವು (ಪುರುಷರು ಮಹಿಳೆಯರ ಕಡೆಗೆ ಬಳಸುತ್ತಾರೆ)
(it's a pity to waste) the effort	(ಇದು ವ್ಯರ್ಥ ಮಾಡುವುದು ಕರುಣೆಯಾಗಿದೆ) ಪ್ರಯತ್ನ
(logical) true; regular	(ತಾರ್ಕಿಕ) ನಿಜ; ನಿಯಮಿತ
(male) (vulg) to eat	(ಪುರುಷ) (vulg) ತಿನ್ನಲು
(measuring) ruler	(ಅಳತೆ) ಆಡಳಿತಗಾರ
(member of) political party	(ಸದಸ್ಯರು) ರಾಜಕೀಯ ಪಕ್ಷ
(my) father	(ನನ್ನ) ತಂದೆ
(my) mother	(ನನ್ನ) ತಾಯಿ
(my) older brother	(ನನ್ನ) ಅಣ್ಣ
(my) older sister	(ನನ್ನ) ಅಕ್ಕ
(n) (a) joy; (a) delight; rapture; pleasure; gratification; rejoicing; congratulations; felicitations	(ಎನ್) (ಎ) ಸಂತೋಷ; (ಎ) ಆನಂದ; ರ್ಯಾಪ್ಚರ್; ಆನಂದ; ತೃಪ್ತಿ; ಸಂತೋಷಪಡುವುದು; ಅಭಿನಂದನೆಗಳು; ಅಭಿನಂದನೆಗಳು
(n) alias; pseudonym; pen name	(ಎನ್) ಅಲಿಯಾಸ್; ಗುಪ್ತನಾಮ; ಪೆನ್ ಹೆಸರು
(n) broom	(ಎನ್) ಪೊರಕೆ
(n) transfer (trains; buses; etc.)	(ಎನ್) ವರ್ಗಾವಣೆ (ರೈಲುಗಳು; ಬಸ್ಸುಗಳು; ಇತ್ಯಾದಿ)
(not so) much; (not) very	(ಅಷ್ಟು ಅಲ್ಲ) ಹೆಚ್ಚು; (ಅಲ್ಲ) ತುಂಬಾ
(not) always; (not) necessarily; (not) all; (not) entirely	(ಅಲ್ಲ) ಯಾವಾಗಲೂ; (ಅಲ್ಲ) ಅಗತ್ಯವಾಗಿ; (ಅಲ್ಲ) ಎಲ್ಲಾ; (ಅಲ್ಲ) ಸಂಪೂರ್ಣವಾಗಿ
(not) at all	(ಅಲ್ಲ) ಎಲ್ಲಾ
(not) by any means	(ಅಲ್ಲ) ಯಾವುದೇ ವಿಧಾನದಿಂದ
(not) particularly; nothing	(ಅಲ್ಲ) ನಿರ್ದಿಷ್ಟವಾಗಿ; ಏನೂ ಇಲ್ಲ
(outward) looks; features; face; countenance; expression	(ಬಾಹ್ಯ) ನೋಟ; ವೈಶಿಷ್ಟ್ಯಗಳು; ಮುಖ; ಮುಖಭಾವ; ಅಭಿವ್ಯಕ್ತಿ
(personal) bankruptcy	(ವೈಯಕ್ತಿಕ) ದಿವಾಳಿತನ
(phrase) sure; no mistaking it; for certain	(ಪದಗುಚ್ಛ) ಖಚಿತ; ತಪ್ಪಾಗುವುದಿಲ್ಲ; ಖಚಿತವಾಗಿ
(plant) bulb	(ಸಸ್ಯ) ಬಲ್ಬ್
(please) be sure to	(ದಯವಿಟ್ಟು) ಖಚಿತವಾಗಿರಿ
(please) look; (please) try to do	(ದಯವಿಟ್ಟು) ನೋಡಿ; (ದಯವಿಟ್ಟು) ಮಾಡಲು ಪ್ರಯತ್ನಿಸಿ
(polite) to eat	(ಶಿಷ್ಟ) ತಿನ್ನಲು
(polite) to give	(ಸಭ್ಯ) ನೀಡಲು
(polite) your house	(ಶಿಷ್ಟ) ನಿಮ್ಮ ಮನೆ
(pt:) (n) (uk) tobacco (pt: tabaco); cigarettes	(pt:) (n) (uk) ತಂಬಾಕು (pt: tabaco); ಸಿಗರೇಟುಗಳು
(pt:) (n) playing cards (pt: carta)	(pt:) (n) ಇಸ್ಪೀಟೆಲೆಗಳು (pt: ಕಾರ್ಟಾ)
(religious) faith; belief; creed	(ಧಾರ್ಮಿಕ) ನಂಬಿಕೆ; ನಂಬಿಕೆ; ನಂಬಿಕೆ
(rice) gruel	(ಅಕ್ಕಿ) ಗಂಜಿ
(river) basin	(ನದಿ) ಜಲಾನಯನ ಪ್ರದೇಶ
(school) subject; curriculum; course	(ಶಾಲೆ) ವಿಷಯ; ಪಠ್ಯಕ್ರಮ; ಕೋರ್ಸ್
(sl) meals; food	(sl) ಊಟ; ಆಹಾರ
(sl) to embrace; to hug; to harbour; to entertain	(sl) ಅಪ್ಪಿಕೊಳ್ಳುವುದು; ತಬ್ಬಿಕೊಳ್ಳಲು; ಬಂದರು; ಮನರಂಜನೆಗಾಗಿ
(social) group; crowd; throng; mob; multitude	(ಸಾಮಾಜಿಕ) ಗುಂಪು; ಗುಂಪು; ಜನಸಂದಣಿ; ಜನಸಮೂಹ; ಬಹುಸಂಖ್ಯೆ
(social) position; status	(ಸಾಮಾಜಿಕ) ಸ್ಥಾನ; ಸ್ಥಿತಿ
(someone honorable) is present/home	(ಯಾರಾದರೂ ಗೌರವಾನ್ವಿತ) ಪ್ರಸ್ತುತ/ಮನೆಯಲ್ಲಿದ್ದಾರೆ
(someone's) daughter (polite)	(ಯಾರೊಬ್ಬರ) ಮಗಳು (ಸಭ್ಯ)
(someone) is gone; to disappear	(ಯಾರೋ) ಹೋಗಿದ್ದಾರೆ; ಕಣ್ಮರೆಯಾಗಲು
(something) begins	(ಏನಾದರೂ) ಪ್ರಾರಂಭವಾಗುತ್ತದೆ
(something) breaks	(ಏನೋ) ಒಡೆಯುತ್ತದೆ
(something) closes	(ಏನಾದರೂ) ಮುಚ್ಚುತ್ತದೆ
(something) drops	(ಏನೋ) ಹನಿಗಳು
(something) ends	(ಏನೋ) ಕೊನೆಗೊಳ್ಳುತ್ತದೆ
(something) goes off	(ಏನೋ) ಆಫ್ ಆಗುತ್ತದೆ
(something) opens	(ಏನಾದರೂ) ತೆರೆಯುತ್ತದೆ
(something) turns on	(ಏನಾದರೂ) ಆನ್ ಆಗುತ್ತದೆ
(something/someone) comes back	(ಏನಾದರೂ / ಯಾರಾದರೂ) ಹಿಂತಿರುಗುತ್ತಾರೆ
(something/someone) separates; parts from	(ಏನೋ/ಯಾರೋ) ಪ್ರತ್ಯೇಕಿಸುತ್ತದೆ; ಭಾಗಗಳಿಂದ
(sudden) change; reversal; turn-around; coming from behind (baseball)	(ಹಠಾತ್) ಬದಲಾವಣೆ; ಹಿಮ್ಮುಖ; ತಿರುಗಿ-ತಿರುಗಿ; ಹಿಂದಿನಿಂದ ಬರುತ್ತಿದೆ (ಬೇಸ್‌ಬಾಲ್)
(sudden) evening shower (rain)	(ಹಠಾತ್) ಸಂಜೆ ಶವರ್ (ಮಳೆ)
(taking) notes; copying	(ತೆಗೆದುಕೊಳ್ಳುವುದು) ಟಿಪ್ಪಣಿಗಳು; ನಕಲು ಮಾಡುವುದು
(telephone) receiver	(ದೂರವಾಣಿ) ರಿಸೀವರ್
(term) paper	(ಅವಧಿ) ಕಾಗದ
(the) date	(ದಿ) ದಿನಾಂಕ
(the) ground	(ದಿ) ನೆಲ
(the) market (as a concept)	ಮಾರುಕಟ್ಟೆ (ಒಂದು ಪರಿಕಲ್ಪನೆಯಾಗಿ)
(the) whole; universal; wholly; general	(ದಿ) ಸಂಪೂರ್ಣ; ಸಾರ್ವತ್ರಿಕ; ಸಂಪೂರ್ಣವಾಗಿ; ಸಾಮಾನ್ಯ
(tire) goes flat	(ಟೈರ್) ಸಮತಟ್ಟಾಗುತ್ತದೆ
(train) conductor	(ರೈಲು) ಕಂಡಕ್ಟರ್
(tree) trunk	(ಮರ) ಕಾಂಡ
(v5r) to behead; to murder	(v5r) ಶಿರಚ್ಛೇದಕ್ಕೆ; ಕೊಲೆ ಮಾಡಲು
(v5r; vi) to take the place of; to relieve; to be substituted for	(v5r; vi) ಸ್ಥಾನವನ್ನು ಪಡೆದುಕೊಳ್ಳಲು; ನಿವಾರಿಸಲು; ಬದಲಿಗೆ ಮಾಡಬೇಕು
(v5s) to tear off; to peel off; to rip off	(v5s) ಹರಿದು ಹಾಕಲು; ಸಿಪ್ಪೆ ತೆಗೆಯಲು; ಕಿತ್ತುಹಾಕಲು
(v5u) to face; to go towards	(v5u) ಎದುರಿಸಲು; ಕಡೆಗೆ ಹೋಗಲು
(wasted) effort	(ವ್ಯರ್ಥ) ಪ್ರಯತ್ನ
(what) on earth	(ಏನು) ಭೂಮಿಯ ಮೇಲೆ
(your) backing; assistance	(ನಿಮ್ಮ) ಬೆಂಬಲ; ನೆರವು
(your) busy schedule	(ನಿಮ್ಮ) ಬಿಡುವಿಲ್ಲದ ವೇಳಾಪಟ್ಟಿ
(your/her) husband	(ನಿಮ್ಮ/ಅವಳ) ಪತಿ
(your/his) wife	(ನಿಮ್ಮ/ಅವನ) ಪತ್ನಿ
(your/his) wife (polite)	(ನಿಮ್ಮ/ಅವನ) ಪತ್ನಿ (ಸಭ್ಯ)
(your/their) child (polite)	(ನಿಮ್ಮ/ಅವರ) ಮಗು (ಸಭ್ಯ)
-floor (counter); stories	-ನೆಲ (ಕೌಂಟರ್); ಕಥೆಗಳು
-like; -looking; -looked	- ಹಾಗೆ; - ನೋಡುತ್ತಿರುವುದು; - ನೋಡಿದೆ
..., please.	..., ದಯವಿಟ್ಟು.
...for example	...ಉದಾಹರಣೆಗೆ
...th floor	...ನೇ ಮಹಡಿ
...year student	... ವರ್ಷದ ವಿದ್ಯಾರ್ಥಿ
...years old	... ವರ್ಷಗಳಷ್ಟು ಹಳೆಯದು
...yen	...ಯೆನ್
1.  (iron) hammer; 2.  punishment	1. (ಕಬ್ಬಿಣ) ಸುತ್ತಿಗೆ; 2. ಶಿಕ್ಷೆ
1.  (uk) between meal snack; afternoon refreshment; afternoon tea; 2.  mid-day snack	1. (ಯುಕೆ) ಊಟ ತಿಂಡಿ ನಡುವೆ; ಮಧ್ಯಾಹ್ನದ ಉಪಹಾರ; ಮಧ್ಯಾಹ್ನ ಚಹಾ; 2. ಮಧ್ಯಾಹ್ನದ ಲಘು
1.  a discount; a prize; 2.  something additional; bonus; an extra; 3.  an exaggeration	1. ರಿಯಾಯಿತಿ; ಒಂದು ಬಹುಮಾನ; 2. ಹೆಚ್ಚುವರಿ ಏನಾದರೂ; ಬೋನಸ್; ಒಂದು ಹೆಚ್ಚುವರಿ; 3. ಒಂದು ಉತ್ಪ್ರೇಕ್ಷೆ
1.  angle; 2.  bishop (shogi)	1. ಕೋನ; 2. ಬಿಷಪ್ (ಶೋಗಿ)
1.  details; whole story; sequence of events; particulars; how it started; how things got this way; 2.  c	1. ವಿವರಗಳು; ಸಂಪೂರ್ಣ ಕಥೆ; ಘಟನೆಗಳ ಅನುಕ್ರಮ; ವಿವರಗಳು; ಅದು ಹೇಗೆ ಪ್ರಾರಂಭವಾಯಿತು; ವಿಷಯಗಳು ಈ ರೀತಿಯಲ್ಲಿ ಹೇಗೆ ಬಂದವು; 2. ಸಿ
1.  one copy  e.g. of a document; 2.  a part; partly; some	1. ಒಂದು ಪ್ರತಿ ಉದಾ. ಒಂದು ದಾಖಲೆಯ; 2. ಒಂದು ಭಾಗ; ಭಾಗಶಃ; ಕೆಲವು
1.  several; various; divergent; conflicting; different; diverse; 2.  trivial	1. ಹಲವಾರು; ವಿವಿಧ; ಭಿನ್ನವಾದ; ಸಂಘರ್ಷದ; ವಿಭಿನ್ನ; ವೈವಿಧ್ಯಮಯ; 2. ಕ್ಷುಲ್ಲಕ
1.  strange; quaint; stylish; chic; spicy; queer; witty; tasty; romantic; 2.  2nd in rank; second sign of the	1. ವಿಚಿತ್ರ; ವಿಚಿತ್ರವಾದ; ಸೊಗಸಾದ; ಚಿಕ್; ಮಸಾಲೆಯುಕ್ತ; ವಿಲಕ್ಷಣ; ಹಾಸ್ಯದ; ಟೇಸ್ಟಿ; ಪ್ರಣಯ; 2. ಶ್ರೇಣಿಯಲ್ಲಿ 2ನೇ; ಎರಡನೇ ಚಿಹ್ನೆ
1.  to hang (something) on (something); to throw on (clothes); 2.  to hook; to catch; to trap; to ensnar	1. (ಏನಾದರೂ) ಮೇಲೆ ಸ್ಥಗಿತಗೊಳ್ಳಲು; (ಬಟ್ಟೆ) ಮೇಲೆ ಎಸೆಯಲು; 2. ಹುಕ್ ಮಾಡಲು; ಹಿಡಿಯಲು; ಬಲೆಗೆ ಬೀಳಿಸಲು; ensnar ಗೆ
10; ten	10; ಹತ್ತು
10th	10 ನೇ
10th (of the month)	10 ನೇ (ತಿಂಗಳ)
10th day / ten days	10 ನೇ ದಿನ / ಹತ್ತು ದಿನಗಳು
11th	11 ನೇ
12th	12 ನೇ
13th	13 ನೇ
14th	14 ನೇ
14th of the month	ತಿಂಗಳ 14 ನೇ
15th	15 ನೇ
16th	16 ನೇ
17th	17 ನೇ
18th	18 ನೇ
19th	19 ನೇ
1st	1 ನೇ
1st day of the month	ತಿಂಗಳ 1 ನೇ ದಿನ
1st of the month	ತಿಂಗಳ 1 ನೇ
20 years old; 20th year	20 ವರ್ಷ ವಯಸ್ಸು; 20 ನೇ ವರ್ಷ
20th	20 ನೇ
20th day of the month	ತಿಂಗಳ 20 ನೇ ದಿನ
20th of the month	ತಿಂಗಳ 20 ನೇ
21st	21 ನೇ
22nd	22 ನೇ
23rd	23 ನೇ
24th	24 ನೇ
24th of the month	ತಿಂಗಳ 24 ನೇ
25th	25 ನೇ
26th	26 ನೇ
27th	27 ನೇ
28th	28 ನೇ
29th	29 ನೇ
2nd	2 ನೇ
2nd day / two days	2 ನೇ ದಿನ / ಎರಡು ದಿನಗಳು
2nd of the month	ತಿಂಗಳ 2 ನೇ
3 p.m.	ಮಧ್ಯಾಹ್ನ 3 ಗಂಟೆ
30th	30 ನೇ
30th of the month	ತಿಂಗಳ 30 ನೇ
31st	31 ನೇ
3rd	3 ನೇ
3rd day / three days	3 ನೇ ದಿನ / ಮೂರು ದಿನಗಳು
3rd of the month	ತಿಂಗಳ 3 ನೇ
4th	4 ನೇ
4th day / four days	4 ನೇ ದಿನ / ನಾಲ್ಕು ದಿನಗಳು
4th of the month	ತಿಂಗಳ 4 ನೇ
5th	5 ನೇ
5th day / five days	5 ನೇ ದಿನ / ಐದು ದಿನಗಳು
5th of the month	ತಿಂಗಳ 5 ನೇ
60th birthday	60 ನೇ ಹುಟ್ಟುಹಬ್ಬ
6th	6 ನೇ
6th day / six days	6 ನೇ ದಿನ / ಆರು ದಿನಗಳು
6th of the month	ತಿಂಗಳ 6 ನೇ
7th	7 ನೇ
7th (of the month)	7ನೇ (ತಿಂಗಳ)
7th day / seven days	7 ನೇ ದಿನ / ಏಳು ದಿನಗಳು
8th	8 ನೇ
8th day / eight days	8 ನೇ ದಿನ / ಎಂಟು ದಿನಗಳು
8th of the month	ತಿಂಗಳ 8 ನೇ
9 a.m.	ಬೆಳಗ್ಗೆ 9
9th	9 ನೇ
9th day / nine days	9 ನೇ ದಿನ / ಒಂಬತ್ತು ದಿನಗಳು
9th of the month	ತಿಂಗಳ 9 ನೇ
A car is faster than a bicycle.	ಬೈಸಿಕಲ್‌ಗಿಂತ ಕಾರು ವೇಗವಾಗಿರುತ್ತದೆ.
A car is parked in front of the house.	ಮನೆ ಮುಂದೆ ಕಾರು ನಿಂತಿದೆ.
A cat is bigger than a rabbit.	ಬೆಕ್ಕು ಮೊಲಕ್ಕಿಂತ ದೊಡ್ಡದು.
A massage helps my back.	ಮಸಾಜ್ ನನ್ನ ಬೆನ್ನಿಗೆ ಸಹಾಯ ಮಾಡುತ್ತದೆ.
A storm is coming.	ಚಂಡಮಾರುತ ಬರುತ್ತಿದೆ.
A train is stopped at the station.	ನಿಲ್ದಾಣದಲ್ಲಿ ರೈಲು ನಿಲ್ಲಿಸಲಾಗಿದೆ.
A.M.	ಎ.ಎಂ.
AIDS	ಏಡ್ಸ್
AM (also means morning)	AM (ಬೆಳಿಗ್ಗೆ ಎಂದರ್ಥ)
Act (law: the X Act)	ಕಾಯಿದೆ (ಕಾನೂನು: X ಕಾಯಿದೆ)
After I eat, I'll go out.	ನಾನು ತಿಂದ ನಂತರ, ನಾನು ಹೊರಗೆ ಹೋಗುತ್ತೇನೆ.
After listening to music, I study.	ಸಂಗೀತವನ್ನು ಕೇಳಿದ ನಂತರ, ನಾನು ಅಧ್ಯಯನ ಮಾಡುತ್ತೇನೆ.
After she had left, I felt sad.	ಅವಳು ಹೋದ ನಂತರ ನನಗೆ ದುಃಖವಾಯಿತು.
After the bank, go past the park. The museum is on your right.	ಬ್ಯಾಂಕ್ ನಂತರ, ಉದ್ಯಾನವನದ ಹಿಂದೆ ಹೋಗಿ. ಮ್ಯೂಸಿಯಂ ನಿಮ್ಮ ಬಲಭಾಗದಲ್ಲಿದೆ.
After washing my hands, I ate.	ಕೈತೊಳೆದು ತಿಂದೆ.
Am I late for the meeting?	ನಾನು ಸಭೆಗೆ ತಡವಾಗಿದ್ದೇನೆಯೇ?
America	ಅಮೇರಿಕಾ
American person	ಅಮೇರಿಕನ್ ವ್ಯಕ್ತಿ
An apple a day keeps the doctor away.	ದಿನಕ್ಕೆ ಒಂದು ಸೇಬು ವೈದ್ಯರನ್ನು ದೂರವಿಡುತ್ತದೆ.
An apple is good for health.	ಸೇಬು ಆರೋಗ್ಯಕ್ಕೆ ಒಳ್ಳೆಯದು.
Any plans next month?	ಮುಂದಿನ ತಿಂಗಳು ಯಾವುದೇ ಯೋಜನೆಗಳಿವೆಯೇ?
Any student can answer this.	ಯಾವುದೇ ವಿದ್ಯಾರ್ಥಿ ಇದಕ್ಕೆ ಉತ್ತರಿಸಬಹುದು.
Anyone can learn to cook.	ಯಾರಾದರೂ ಅಡುಗೆ ಕಲಿಯಬಹುದು.
Anyone, regardless of gender, can participate.	ಲಿಂಗವನ್ನು ಲೆಕ್ಕಿಸದೆ ಯಾರು ಬೇಕಾದರೂ ಭಾಗವಹಿಸಬಹುದು.
Anything to eat with that?	ಅದರೊಂದಿಗೆ ತಿನ್ನಲು ಏನಾದರೂ?
Apple	ಆಪಲ್
April	ಏಪ್ರಿಲ್
Are they coming today?	ಅವರು ಇಂದು ಬರುತ್ತಿದ್ದಾರೆಯೇ?
Are we going to be late?	ನಾವು ತಡವಾಗಿ ಹೋಗುತ್ತೇವೆಯೇ?
Are we meeting at five?	ನಾವು ಐದು ಗಂಟೆಗೆ ಭೇಟಿಯಾಗುತ್ತೇವೆಯೇ?
Are we on time?	ನಾವು ಸಮಯಕ್ಕೆ ಸರಿಯಾಗಿರುತ್ತೇವೆಯೇ?
Are you a teacher?	ನೀವು ಶಿಕ್ಷಕರೇ?
Are you checking any bags today?	ನೀವು ಇಂದು ಯಾವುದೇ ಬ್ಯಾಗ್‌ಗಳನ್ನು ಪರಿಶೀಲಿಸುತ್ತಿದ್ದೀರಾ?
Are you coming with us?	ನೀವು ನಮ್ಮೊಂದಿಗೆ ಬರುತ್ತೀರಾ?
Are you free tomorrow?	ನಾಳೆ ನೀನು ಬಿಡುವೆಯಾ?
Are you from Japan?	ನೀವು ಜಪಾನ್‌ನವರೇ?
Are you going to come to the meeting?	ನೀವು ಸಭೆಗೆ ಬರುತ್ತೀರಾ?
Are you going to tell her the truth?	ನೀವು ಅವಳಿಗೆ ಸತ್ಯವನ್ನು ಹೇಳಲು ಹೋಗುತ್ತೀರಾ?
Are you okay?	ನೀನು ಚೆನ್ನಾಗಿದ್ದೀಯಾ?
Are you ready to go?	ನೀವು ಹೋಗಲು ಸಿದ್ಧರಿದ್ದೀರಾ?
Are you ready to order?	ನೀವು ಆರ್ಡರ್ ಮಾಡಲು ಸಿದ್ಧರಿದ್ದೀರಾ?
As for cats, I like them.	ಬೆಕ್ಕುಗಳಿಗೆ ಸಂಬಂಧಿಸಿದಂತೆ, ನಾನು ಅವುಗಳನ್ನು ಇಷ್ಟಪಡುತ್ತೇನೆ.
As for next week, I will rest.	ಮುಂದಿನ ವಾರದಲ್ಲಿ, ನಾನು ವಿಶ್ರಾಂತಿ ಪಡೆಯುತ್ತೇನೆ.
As for next year, I will go to Japan.	ಮುಂದಿನ ವರ್ಷ, ನಾನು ಜಪಾನ್‌ಗೆ ಹೋಗುತ್ತೇನೆ.
As for today, it's sunny.	ಇವತ್ತಿನ ಮಟ್ಟಿಗೆ ಬಿಸಿಲು.
As for yesterday, I went shopping.	ನಿನ್ನೆ, ನಾನು ಶಾಪಿಂಗ್ ಹೋಗಿದ್ದೆ.
As time passes, I end up forgetting.	ಸಮಯ ಕಳೆದಂತೆ, ನಾನು ಮರೆತುಬಿಡುತ್ತೇನೆ.
As your senior, let me say one word.	ನಿಮ್ಮ ಹಿರಿಯರಾದ ನಾನು ಒಂದು ಮಾತು ಹೇಳುತ್ತೇನೆ.
Asian studies	ಏಷ್ಯನ್ ಅಧ್ಯಯನಗಳು
At 8 PM I will be watching the match.	ರಾತ್ರಿ 8 ಗಂಟೆಗೆ ನಾನು ಪಂದ್ಯವನ್ನು ವೀಕ್ಷಿಸುತ್ತೇನೆ.
At no point did he admit his mistake.	ಯಾವ ಹಂತದಲ್ಲಿಯೂ ತನ್ನ ತಪ್ಪನ್ನು ಒಪ್ಪಿಕೊಳ್ಳಲಿಲ್ಲ.
August	ಆಗಸ್ಟ್
Australia	ಆಸ್ಟ್ರೇಲಿಯಾ
Autumn is cool.	ಶರತ್ಕಾಲವು ತಂಪಾಗಿರುತ್ತದೆ.
Ball	ಚೆಂಡು
Be careful!	ಜಾಗರೂಕರಾಗಿರಿ!
Before he arrived, we had finished eating.	ಅವನು ಬರುವ ಮೊದಲೇ ನಾವು ತಿಂದು ಮುಗಿಸಿದ್ದೆವು.
Bon dance (Japanese traditional dance)	ಬಾನ್ ನೃತ್ಯ (ಜಪಾನೀಸ್ ಸಾಂಪ್ರದಾಯಿಕ ನೃತ್ಯ)
Breakfast is served from 7 to 9 in the first-floor restaurant.	ಮೊದಲ ಮಹಡಿಯ ರೆಸ್ಟೋರೆಂಟ್‌ನಲ್ಲಿ 7 ರಿಂದ 9 ರವರೆಗೆ ಬೆಳಗಿನ ಉಪಾಹಾರವನ್ನು ನೀಡಲಾಗುತ್ತದೆ.
Britain	ಬ್ರಿಟನ್
Buddha; merciful person; Buddhist image; the dead	ಬುದ್ಧ; ಕರುಣಾಮಯಿ ವ್ಯಕ್ತಿ; ಬೌದ್ಧ ಚಿತ್ರ; ಸತ್ತವರು
Buddhist karma; actions committed in a former life	ಬೌದ್ಧ ಕರ್ಮ; ಹಿಂದಿನ ಜೀವನದಲ್ಲಿ ಮಾಡಿದ ಕ್ರಮಗಳು
Buddhist priest; monk	ಬೌದ್ಧ ಪಾದ್ರಿ; ಸನ್ಯಾಸಿ
Buddhist temple	ಬೌದ್ಧ ದೇವಾಲಯ
By 2028 I will have graduated.	2028 ರ ಹೊತ್ತಿಗೆ ನಾನು ಪದವಿ ಪಡೆಯುತ್ತೇನೆ.
By 2030, I will have graduated.	2030 ರ ಹೊತ್ತಿಗೆ, ನಾನು ಪದವಿಯನ್ನು ಪೂರ್ಣಗೊಳಿಸುತ್ತೇನೆ.
By 9 PM we will have watched the whole series.	ರಾತ್ರಿ 9 ಗಂಟೆಗೆ ನಾವು ಸಂಪೂರ್ಣ ಸರಣಿಯನ್ನು ವೀಕ್ಷಿಸುತ್ತೇವೆ.
By card, please.	ಕಾರ್ಡ್ ಮೂಲಕ, ದಯವಿಟ್ಟು.
By next month we will have saved enough.	ಮುಂದಿನ ತಿಂಗಳ ಹೊತ್ತಿಗೆ ನಾವು ಸಾಕಷ್ಟು ಉಳಿತಾಯ ಮಾಡುತ್ತೇವೆ.
By the end of the year, we will have visited five countries.	ವರ್ಷದ ಅಂತ್ಯದ ವೇಳೆಗೆ, ನಾವು ಐದು ದೇಶಗಳಿಗೆ ಭೇಟಿ ನೀಡುತ್ತೇವೆ.
By the rules it's not allowed, but in practice you can.	ನಿಯಮಗಳ ಪ್ರಕಾರ ಇದನ್ನು ಅನುಮತಿಸಲಾಗುವುದಿಲ್ಲ, ಆದರೆ ಪ್ರಾಯೋಗಿಕವಾಗಿ ನೀವು ಮಾಡಬಹುದು.
By the time I woke up, everyone had left.	ನಾನು ಏಳುವ ಹೊತ್ತಿಗೆ ಎಲ್ಲರೂ ಹೊರಟು ಹೋಗಿದ್ದರು.
By the time you arrive, we will have eaten.	ನೀನು ಬರುವಷ್ಟರಲ್ಲಿ ನಾವು ಊಟ ಮಾಡಿರುತ್ತೇವೆ.
By then, I will have forgotten his name.	ಅಷ್ಟೊತ್ತಿಗಾಗಲೇ ನನಗೆ ಅವನ ಹೆಸರೇ ಮರೆತು ಹೋಗಿರುತ್ತದೆ.
By then, he will be driving home.	ಅಷ್ಟೊತ್ತಿಗಾಗಲೇ ಆತ ಮನೆಗೆ ಕಾರಿನಲ್ಲಿ ಹೋಗುತ್ತಾನೆ.
By this time next year, I will have changed my job.	ಮುಂದಿನ ವರ್ಷ ಈ ಹೊತ್ತಿಗೆ, ನಾನು ನನ್ನ ಕೆಲಸವನ್ನು ಬದಲಾಯಿಸುತ್ತೇನೆ.
CD	ಸಿಡಿ
California	ಕ್ಯಾಲಿಫೋರ್ನಿಯಾ
Call an ambulance!	ಆಂಬ್ಯುಲೆನ್ಸ್‌ಗೆ ಕರೆ ಮಾಡಿ!
Call me when you're free.	ನೀವು ಬಿಡುವಿರುವಾಗ ನನಗೆ ಕರೆ ಮಾಡಿ.
Call the police!	ಪೊಲೀಸರಿಗೆ ಕರೆ ಮಾಡಿ!
Can I ask a favor?	ನಾನು ಪರವಾಗಿ ಕೇಳಬಹುದೇ?
Can I borrow some money?	ನಾನು ಸ್ವಲ್ಪ ಹಣವನ್ನು ಎರವಲು ಪಡೆಯಬಹುದೇ?
Can I change rooms?	ನಾನು ಕೊಠಡಿಗಳನ್ನು ಬದಲಾಯಿಸಬಹುದೇ?
Can I come in?	ನಾನು ಒಳಗೆ ಬರಬಹುದೇ?
Can I exchange it?	ನಾನು ಅದನ್ನು ವಿನಿಮಯ ಮಾಡಿಕೊಳ್ಳಬಹುದೇ?
Can I get a map?	ನಾನು ನಕ್ಷೆಯನ್ನು ಪಡೆಯಬಹುದೇ?
Can I get a receipt?	ನಾನು ರಸೀದಿಯನ್ನು ಪಡೆಯಬಹುದೇ?
Can I get this to go?	ನಾನು ಇದನ್ನು ಹೋಗಬಹುದೇ?
Can I have some water?	ನಾನು ಸ್ವಲ್ಪ ನೀರು ಕೊಡಬಹುದೇ?
Can I leave my bags here?	ನಾನು ನನ್ನ ಚೀಲಗಳನ್ನು ಇಲ್ಲಿ ಬಿಡಬಹುದೇ?
Can I leave my luggage?	ನಾನು ನನ್ನ ಸಾಮಾನುಗಳನ್ನು ಬಿಡಬಹುದೇ?
Can I park here?	ನಾನು ಇಲ್ಲಿ ಪಾರ್ಕ್ ಮಾಡಬಹುದೇ?
Can I pay by card on the bus?	ನಾನು ಬಸ್‌ನಲ್ಲಿ ಕಾರ್ಡ್ ಮೂಲಕ ಪಾವತಿಸಬಹುದೇ?
Can I pay by card?	ನಾನು ಕಾರ್ಡ್ ಮೂಲಕ ಪಾವತಿಸಬಹುದೇ?
Can I return it?	ನಾನು ಅದನ್ನು ಹಿಂತಿರುಗಿಸಬಹುದೇ?
Can I return this?	ನಾನು ಇದನ್ನು ಹಿಂತಿರುಗಿಸಬಹುದೇ?
Can I take a message?	ನಾನು ಸಂದೇಶವನ್ನು ತೆಗೆದುಕೊಳ್ಳಬಹುದೇ?
Can I take it to go?	ನಾನು ಅದನ್ನು ಹೋಗಲು ತೆಗೆದುಕೊಳ್ಳಬಹುದೇ?
Can I take photos here?	ನಾನು ಇಲ್ಲಿ ಫೋಟೋಗಳನ್ನು ತೆಗೆಯಬಹುದೇ?
Can I try this on?	ನಾನು ಇದನ್ನು ಪ್ರಯತ್ನಿಸಬಹುದೇ?
Can I use a credit card?	ನಾನು ಕ್ರೆಡಿಟ್ ಕಾರ್ಡ್ ಬಳಸಬಹುದೇ?
Can I use this ticket?	ನಾನು ಈ ಟಿಕೆಟ್ ಅನ್ನು ಬಳಸಬಹುದೇ?
Can I use your phone?	ನಾನು ನಿಮ್ಮ ಫೋನ್ ಬಳಸಬಹುದೇ?
Can she cook?	ಅವಳು ಅಡುಗೆ ಮಾಡಬಹುದೇ?
Can we pay by card?	ನಾವು ಕಾರ್ಡ್ ಮೂಲಕ ಪಾವತಿಸಬಹುದೇ?
Can we play here?	ನಾವು ಇಲ್ಲಿ ಆಡಬಹುದೇ?
Can we see the menu?	ನಾವು ಮೆನುವನ್ನು ನೋಡಬಹುದೇ?
Can you call a taxi?	ನೀವು ಟ್ಯಾಕ್ಸಿಗೆ ಕರೆ ಮಾಡಬಹುದೇ?
Can you come to my birthday?	ನೀವು ನನ್ನ ಹುಟ್ಟುಹಬ್ಬಕ್ಕೆ ಬರಬಹುದೇ?
Can you come tomorrow?	ನೀವು ನಾಳೆ ಬರಬಹುದೇ?
Can you eat spicy food?	ನೀವು ಮಸಾಲೆಯುಕ್ತ ಆಹಾರವನ್ನು ತಿನ್ನಬಹುದೇ?
Can you explain it simply?	ನೀವು ಅದನ್ನು ಸರಳವಾಗಿ ವಿವರಿಸಬಹುದೇ?
Can you fix it, please?	ದಯವಿಟ್ಟು ಅದನ್ನು ಸರಿಪಡಿಸಬಹುದೇ?
Can you fix it?	ನೀವು ಅದನ್ನು ಸರಿಪಡಿಸಬಹುದೇ?
Can you hear that noise?	ಆ ಸದ್ದು ನಿಮಗೆ ಕೇಳಿಸುತ್ತಿದೆಯೇ?
Can you help me with this box?	ಈ ಪೆಟ್ಟಿಗೆಯೊಂದಿಗೆ ನೀವು ನನಗೆ ಸಹಾಯ ಮಾಡಬಹುದೇ?
Can you help me, please?	ದಯವಿಟ್ಟು ನನಗೆ ಸಹಾಯ ಮಾಡಬಹುದೇ?
Can you recommend a pharmacy?	ನೀವು ಔಷಧಾಲಯವನ್ನು ಶಿಫಾರಸು ಮಾಡಬಹುದೇ?
Can you see it?	ನೀವು ಅದನ್ನು ನೋಡಬಹುದೇ?
Can you show me on the map?	ನೀವು ನನಗೆ ನಕ್ಷೆಯಲ್ಲಿ ತೋರಿಸಬಹುದೇ?
Can you speak Japanese?	ನೀವು ಜಪಾನೀಸ್ ಮಾತನಾಡಬಹುದೇ?
Can you speak in English?	ನೀವು ಇಂಗ್ಲಿಷ್‌ನಲ್ಲಿ ಮಾತನಾಡಬಹುದೇ?
Can you speak more slowly?	ನೀವು ಹೆಚ್ಚು ನಿಧಾನವಾಗಿ ಮಾತನಾಡಬಹುದೇ?
Can you swim?	ನೀವು ಈಜಬಹುದೇ?
Can you wait a moment?	ನೀವು ಒಂದು ಕ್ಷಣ ಕಾಯಬಹುದೇ?
Can you watch my bag?	ನೀವು ನನ್ನ ಚೀಲವನ್ನು ನೋಡಬಹುದೇ?
Canada	ಕೆನಡಾ
Cat	ಬೆಕ್ಕು
Cats like milk.	ಬೆಕ್ಕುಗಳು ಹಾಲನ್ನು ಇಷ್ಟಪಡುತ್ತವೆ.
Certainly.	ಖಂಡಿತವಾಗಿಯೂ.
Cheers!	ಚೀರ್ಸ್!
Cheers! (a toast)	ಚೀರ್ಸ್! (ಒಂದು ಟೋಸ್ಟ್)
Chicago	ಚಿಕಾಗೋ
Children's Day	ಮಕ್ಕಳ ದಿನಾಚರಣೆ
China	ಚೀನಾ
Chinese Character-Japanese (e.g. dictionary)	ಚೈನೀಸ್ ಅಕ್ಷರ-ಜಪಾನೀಸ್ (ಉದಾ. ನಿಘಂಟು)
Chinese character	ಚೈನೀಸ್ ಅಕ್ಷರ
Chinese word; Sino-Japanese word	ಚೈನೀಸ್ ಪದ; ಸಿನೋ-ಜಪಾನೀಸ್ ಪದ
Choose any color.	ಯಾವುದೇ ಬಣ್ಣವನ್ನು ಆರಿಸಿ.
Christian Era; anno domini (A.D.)	ಕ್ರಿಶ್ಚಿಯನ್ ಯುಗ; ಅನ್ನೊ ಡೊಮಿನಿ (ಎ.ಡಿ.)
Christmas	ಕ್ರಿಸ್ಮಸ್
Coffee and cake, please.	ಕಾಫಿ ಮತ್ತು ಕೇಕ್, ದಯವಿಟ್ಟು.
Coffee is grown in Brazil.	ಕಾಫಿಯನ್ನು ಬ್ರೆಜಿಲ್‌ನಲ್ಲಿ ಬೆಳೆಯಲಾಗುತ್ತದೆ.
Coffee, please.	ಕಾಫಿ, ದಯವಿಟ್ಟು.
Come here, please.	ದಯವಿಟ್ಟು ಇಲ್ಲಿಗೆ ಬನ್ನಿ.
Come into the kitchen.	ಅಡುಗೆ ಮನೆಗೆ ಬಾ.
Congratulations on graduating!	ಪದವಿ ಪಡೆದಿದ್ದಕ್ಕಾಗಿ ಅಭಿನಂದನೆಗಳು!
Congratulations on your wedding!	ನಿಮ್ಮ ಮದುವೆಗೆ ಅಭಿನಂದನೆಗಳು!
Congratulations!	ಅಭಿನಂದನೆಗಳು!
Congratulations.	ಅಭಿನಂದನೆಗಳು.
Constitution Day	ಸಂವಿಧಾನ ದಿನ
Could I borrow your pen?	ನಾನು ನಿಮ್ಮ ಪೆನ್ನು ಎರವಲು ಪಡೆಯಬಹುದೇ?
Could I change my room?	ನಾನು ನನ್ನ ಕೋಣೆಯನ್ನು ಬದಲಾಯಿಸಬಹುದೇ?
Could I get a coffee, please?	ದಯವಿಟ್ಟು ನಾನು ಕಾಫಿಯನ್ನು ಪಡೆಯಬಹುದೇ?
Could I have a receipt?	ನಾನು ರಸೀದಿಯನ್ನು ಹೊಂದಬಹುದೇ?
Could we have the bill, please?	ದಯವಿಟ್ಟು ನಾವು ಬಿಲ್ ಅನ್ನು ಹೊಂದಬಹುದೇ?
Could you call a cab for me?	ನೀವು ನನಗಾಗಿ ಕ್ಯಾಬ್ ಅನ್ನು ಕರೆಯಬಹುದೇ?
Could you open the window, please?	ದಯವಿಟ್ಟು ನೀವು ವಿಂಡೋವನ್ನು ತೆರೆಯಬಹುದೇ?
Could you pass the salt?	ನೀವು ಉಪ್ಪನ್ನು ರವಾನಿಸಬಹುದೇ?
Could you say that again?	ನೀವು ಅದನ್ನು ಮತ್ತೆ ಹೇಳಬಹುದೇ?
Could you show me the way?	ನೀವು ನನಗೆ ದಾರಿ ತೋರಿಸಬಹುದೇ?
Could you speak a little slower?	ನೀವು ಸ್ವಲ್ಪ ನಿಧಾನವಾಗಿ ಮಾತನಾಡಬಹುದೇ?
Could you speak up, please?	ದಯವಿಟ್ಟು ನೀವು ಮಾತನಾಡಬಹುದೇ?
Could you wrap it, please?	ದಯವಿಟ್ಟು ಅದನ್ನು ಕಟ್ಟಬಹುದೇ?
Could you write it down?	ನೀವು ಅದನ್ನು ಬರೆಯಬಹುದೇ?
Count me in!	ನನ್ನನ್ನು ಎಣಿಸಿ!
Cover your mouth when you cough.	ನೀವು ಕೆಮ್ಮುವಾಗ ನಿಮ್ಮ ಬಾಯಿಯನ್ನು ಮುಚ್ಚಿಕೊಳ್ಳಿ.
Culture Day	ಸಂಸ್ಕೃತಿ ದಿನ
DVD	ಡಿವಿಡಿ
December	ಡಿಸೆಂಬರ್
Dial the emergency number.	ತುರ್ತು ಸಂಖ್ಯೆಯನ್ನು ಡಯಲ್ ಮಾಡಿ.
Did she finish her work?	ಅವಳು ತನ್ನ ಕೆಲಸವನ್ನು ಮುಗಿಸಿದಳು?
Did she pass the exam?	ಅವಳು ಪರೀಕ್ಷೆಯಲ್ಲಿ ತೇರ್ಗಡೆಯಾದಳೇ?
Did they come yesterday?	ಅವರು ನಿನ್ನೆ ಬಂದಿದ್ದಾರಾ?
Did we miss the bus?	ನಾವು ಬಸ್ ಅನ್ನು ಕಳೆದುಕೊಂಡಿದ್ದೇವೆಯೇ?
Did you call me?	ನೀವು ನನ್ನನ್ನು ಕರೆದಿದ್ದೀರಾ?
Did you enjoy the movie?	ನೀವು ಚಲನಚಿತ್ರವನ್ನು ಆನಂದಿಸಿದ್ದೀರಾ?
Did you enjoy the trip?	ನೀವು ಪ್ರವಾಸವನ್ನು ಆನಂದಿಸಿದ್ದೀರಾ?
Did you get my message?	ನೀವು ನನ್ನ ಸಂದೇಶವನ್ನು ಸ್ವೀಕರಿಸಿದ್ದೀರಾ?
Did you have a good weekend?	ನೀವು ಉತ್ತಮ ವಾರಾಂತ್ಯವನ್ನು ಹೊಂದಿದ್ದೀರಾ?
Did you have breakfast?	ನೀವು ಉಪಹಾರ ಸೇವಿಸಿದ್ದೀರಾ?
Did you see that movie?	ನೀವು ಆ ಚಲನಚಿತ್ರವನ್ನು ನೋಡಿದ್ದೀರಾ?
Diet building	ಡಯಟ್ ಕಟ್ಟಡ
Diet; congress; parliament	ಆಹಾರ ಪದ್ಧತಿ; ಕಾಂಗ್ರೆಸ್; ಸಂಸತ್ತು
Do they live here?	ಅವರು ಇಲ್ಲಿ ವಾಸಿಸುತ್ತಾರೆಯೇ?
Do we have class today?	ಇಂದು ನಮಗೆ ತರಗತಿ ಇದೆಯೇ?
Do we have enough money?	ನಮ್ಮ ಬಳಿ ಸಾಕಷ್ಟು ಹಣವಿದೆಯೇ?
Do we have to sign here?	ನಾವು ಇಲ್ಲಿ ಸಹಿ ಮಾಡಬೇಕೇ?
Do we need more chairs?	ನಮಗೆ ಹೆಚ್ಚಿನ ಕುರ್ಚಿಗಳು ಬೇಕೇ?
Do you deliver?	ನೀವು ತಲುಪಿಸುತ್ತೀರಾ?
Do you have a bigger size?	ನೀವು ದೊಡ್ಡ ಗಾತ್ರವನ್ನು ಹೊಂದಿದ್ದೀರಾ?
Do you have a city map?	ನೀವು ನಗರದ ನಕ್ಷೆಯನ್ನು ಹೊಂದಿದ್ದೀರಾ?
Do you have a lighter?	ನಿಮ್ಮ ಬಳಿ ಲೈಟರ್ ಇದೆಯೇ?
Do you have a pen?	ನಿಮ್ಮ ಬಳಿ ಪೆನ್ ಇದೆಯೇ?
Do you have a pet?	ನೀವು ಸಾಕುಪ್ರಾಣಿ ಹೊಂದಿದ್ದೀರಾ?
Do you have a phone charger?	ನಿಮ್ಮ ಬಳಿ ಫೋನ್ ಚಾರ್ಜರ್ ಇದೆಯೇ?
Do you have any brothers?	ನಿಮಗೆ ಯಾರಾದರೂ ಸಹೋದರರು ಇದ್ದಾರೆಯೇ?
Do you have any idea?	ನಿಮಗೆ ಏನಾದರೂ ಉಪಾಯವಿದೆಯೇ?
Do you have any news?	ನಿಮ್ಮ ಬಳಿ ಏನಾದರೂ ಸುದ್ದಿ ಇದೆಯೇ?
Do you have any opinions regarding this plan?	ಈ ಯೋಜನೆಗೆ ಸಂಬಂಧಿಸಿದಂತೆ ನೀವು ಯಾವುದೇ ಅಭಿಪ್ರಾಯಗಳನ್ನು ಹೊಂದಿದ್ದೀರಾ?
Do you have any pets?	ನೀವು ಯಾವುದೇ ಸಾಕುಪ್ರಾಣಿಗಳನ್ನು ಹೊಂದಿದ್ದೀರಾ?
Do you have any questions?	ನೀವು ಯಾವುದೇ ಪ್ರಶ್ನೆಗಳನ್ನು ಹೊಂದಿದ್ದೀರಾ?
Do you have change for a twenty?	ನೀವು ಇಪ್ಪತ್ತು ಬದಲಾವಣೆ ಹೊಂದಿದ್ದೀರಾ?
Do you have change?	ನೀವು ಬದಲಾವಣೆ ಹೊಂದಿದ್ದೀರಾ?
Do you have dessert?	ನೀವು ಸಿಹಿತಿಂಡಿ ಹೊಂದಿದ್ದೀರಾ?
Do you have money?	ನಿಮ್ಮ ಬಳಿ ಹಣವಿದೆಯೇ?
Do you have my size?	ನೀವು ನನ್ನ ಗಾತ್ರವನ್ನು ಹೊಂದಿದ್ದೀರಾ?
Do you have this dictionary?	ನಿಮ್ಮ ಬಳಿ ಈ ನಿಘಂಟು ಇದೆಯೇ?
Do you have time?	ನಿಮಗೆ ಸಮಯವಿದೆಯೇ?
Do you have to wear a uniform?	ನೀವು ಸಮವಸ್ತ್ರವನ್ನು ಧರಿಸಬೇಕೇ?
Do you like playing games?	ನೀವು ಆಟಗಳನ್ನು ಆಡಲು ಇಷ್ಟಪಡುತ್ತೀರಾ?
Do you like ramen?	ನೀವು ರಾಮೆನ್ ಅನ್ನು ಇಷ್ಟಪಡುತ್ತೀರಾ?
Do you like tea?	ನೀವು ಚಹಾವನ್ನು ಇಷ್ಟಪಡುತ್ತೀರಾ?
Do you mind waiting a moment?	ಒಂದು ಕ್ಷಣ ಕಾಯುವ ಮನಸ್ಸಿದೆಯೇ?
Do you read the newspaper?	ನೀವು ಪತ್ರಿಕೆ ಓದುತ್ತೀರಾ?
Do you smoke?	ನೀವು ಧೂಮಪಾನ ಮಾಡುತ್ತೀರಾ?
Do you speak English?	ನೀವು ಇಂಗ್ಲಿಷ್ ಮಾತನಾಡುತ್ತೀರಾ?
Do you take credit cards?	ನೀವು ಕ್ರೆಡಿಟ್ ಕಾರ್ಡ್‌ಗಳನ್ನು ತೆಗೆದುಕೊಳ್ಳುತ್ತೀರಾ?
Do you understand English?	ನಿಮಗೆ ಇಂಗ್ಲಿಷ್ ಅರ್ಥವಾಗಿದೆಯೇ?
Do you want any tea?	ನಿಮಗೆ ಚಹಾ ಬೇಕೇ?
Do you want to go shopping?	ನೀವು ಶಾಪಿಂಗ್ ಮಾಡಲು ಬಯಸುವಿರಾ?
Does anyone speak English here?	ಇಲ್ಲಿ ಯಾರಾದರೂ ಇಂಗ್ಲಿಷ್ ಮಾತನಾಡುತ್ತಾರೆಯೇ?
Does he have my number?	ಅವನ ಬಳಿ ನನ್ನ ನಂಬರ್ ಇದೆಯೇ?
Does he speak Hindi?	ಅವರು ಹಿಂದಿ ಮಾತನಾಡುತ್ತಾರೆಯೇ?
Does he work here?	ಅವನು ಇಲ್ಲಿ ಕೆಲಸ ಮಾಡುತ್ತಾನೆಯೇ?
Does she have a sister?	ಆಕೆಗೆ ಸಹೋದರಿ ಇದ್ದಾರಾ?
Does she like pizza?	ಅವಳು ಪಿಜ್ಜಾವನ್ನು ಇಷ್ಟಪಡುತ್ತಾಳೆಯೇ?
Does she speak French?	ಅವಳು ಫ್ರೆಂಚ್ ಮಾತನಾಡುತ್ತಾಳೆಯೇ?
Does the bus go to the station?	ಬಸ್ ನಿಲ್ದಾಣಕ್ಕೆ ಹೋಗುತ್ತದೆಯೇ?
Does this bus go to Shinjuku?	ಈ ಬಸ್ ಶಿಂಜುಕುಗೆ ಹೋಗುತ್ತದೆಯೇ?
Does this bus go to downtown?	ಈ ಬಸ್ ಪೇಟೆಗೆ ಹೋಗುವುದೇ?
Does your father drive?	ನಿಮ್ಮ ತಂದೆ ಚಾಲನೆ ಮಾಡುತ್ತಾರೆಯೇ?
Dog	ನಾಯಿ
Dogs are cute.	ನಾಯಿಗಳು ಮುದ್ದಾಗಿವೆ.
Don't be late.	ತಡಮಾಡಬೇಡ.
Don't call at ten — I will be sleeping.	ಹತ್ತು ಗಂಟೆಗೆ ಕರೆ ಮಾಡಬೇಡಿ - ನಾನು ಮಲಗುತ್ತೇನೆ.
Don't forget to lock the door.	ಬಾಗಿಲನ್ನು ಲಾಕ್ ಮಾಡಲು ಮರೆಯಬೇಡಿ.
Don't panic.	ಭೀತಿಗೊಳಗಾಗಬೇಡಿ.
Don't worry about it.	ಅದರ ಬಗ್ಗೆ ಚಿಂತಿಸಬೇಡಿ.
Don't worry, everything will be fine.	ಚಿಂತಿಸಬೇಡಿ, ಎಲ್ಲವೂ ಚೆನ್ನಾಗಿರುತ್ತದೆ.
Drink lots of water and get some rest.	ಸಾಕಷ್ಟು ನೀರು ಕುಡಿಯಿರಿ ಮತ್ತು ಸ್ವಲ್ಪ ವಿಶ್ರಾಂತಿ ಪಡೆಯಿರಿ.
Drink plenty of water.	ಸಾಕಷ್ಟು ನೀರು ಕುಡಿಯಿರಿ.
East and West; whole country	ಪೂರ್ವ ಮತ್ತು ಪಶ್ಚಿಮ; ಇಡೀ ದೇಶ
Eat healthy food.	ಆರೋಗ್ಯಕರ ಆಹಾರವನ್ನು ಸೇವಿಸಿ.
Egg	ಮೊಟ್ಟೆ
Emperor of Japan	ಜಪಾನ್ ಚಕ್ರವರ್ತಿ
English	ಇಂಗ್ಲೀಷ್
English (language)	ಇಂಗ್ಲಿಷ್ (ಭಾಷೆ)
English class is interesting.	ಇಂಗ್ಲಿಷ್ ತರಗತಿಯು ಆಸಕ್ತಿದಾಯಕವಾಗಿದೆ.
English conversation	ಇಂಗ್ಲಿಷ್ ಸಂಭಾಷಣೆ
English is easier than Japanese.	ಜಪಾನಿಗಿಂತ ಇಂಗ್ಲಿಷ್ ಸುಲಭ.
English is spoken all over the world.	ಪ್ರಪಂಚದಾದ್ಯಂತ ಇಂಗ್ಲಿಷ್ ಮಾತನಾಡುತ್ತಾರೆ.
English language	ಇಂಗ್ಲೀಷ್ ಭಾಷೆ
English letter (character)	ಇಂಗ್ಲಿಷ್ ಅಕ್ಷರ (ಅಕ್ಷರ)
English-Japanese (e.g. dictionary)	ಇಂಗ್ಲೀಷ್-ಜಪಾನೀಸ್ (ಉದಾ. ನಿಘಂಟು)
Enjoy your stay!	ನಿಮ್ಮ ವಾಸ್ತವ್ಯವನ್ನು ಆನಂದಿಸಿ!
Enjoy your visit!	ನಿಮ್ಮ ಭೇಟಿಯನ್ನು ಆನಂದಿಸಿ!
Europe and America; the West	ಯುರೋಪ್ ಮತ್ತು ಅಮೇರಿಕಾ; ಪಶ್ಚಿಮ
Even if I am free, I can't just sleep every day.	ನಾನು ಬಿಡುವಿದ್ದರೂ, ನಾನು ಪ್ರತಿದಿನ ಮಲಗಲು ಸಾಧ್ಯವಿಲ್ಲ.
Everyone danced a lot.	ಎಲ್ಲರೂ ತುಂಬಾ ನೃತ್ಯ ಮಾಡಿದರು.
Everyone must follow the rules.	ಪ್ರತಿಯೊಬ್ಬರೂ ನಿಯಮಗಳನ್ನು ಪಾಲಿಸಬೇಕು.
Everything is okay now.	ಈಗ ಎಲ್ಲವೂ ಸರಿಯಾಗಿದೆ.
Excuse me for disturbing (interrupting) you	ನಿಮಗೆ ತೊಂದರೆ (ಅಡಚಣೆ) ಮಾಡಿದ್ದಕ್ಕಾಗಿ ನನ್ನನ್ನು ಕ್ಷಮಿಸಿ
Excuse me, please help me.	ಕ್ಷಮಿಸಿ, ದಯವಿಟ್ಟು ನನಗೆ ಸಹಾಯ ಮಾಡಿ.
Excuse me, where is the restroom?	ಕ್ಷಮಿಸಿ, ರೆಸ್ಟ್ ರೂಂ ಎಲ್ಲಿದೆ?
Excuse me..; Sorry to interrupt you.	ಕ್ಷಮಿಸಿ..; ನಿಮ್ಮನ್ನು ಅಡ್ಡಿಪಡಿಸಲು ಕ್ಷಮಿಸಿ.
Excuse me; I'm sorry	ನನ್ನನ್ನು ಕ್ಷಮಿಸಿ; ಕ್ಷಮಿಸಿ
Excuse me?	ನನ್ನನ್ನು ಕ್ಷಮಿಸಿ?
Exercise keeps you fit.	ವ್ಯಾಯಾಮವು ನಿಮ್ಮನ್ನು ಫಿಟ್ ಆಗಿರಿಸುತ್ತದೆ.
Family comes first.	ಕುಟುಂಬವು ಮೊದಲು ಬರುತ್ತದೆ.
February	ಫೆಬ್ರವರಿ
Feeling tired, she went to bed early.	ದಣಿದ ಭಾವನೆ, ಅವಳು ಬೇಗ ಮಲಗಲು ಹೋದಳು.
Fire!	ಬೆಂಕಿ!
Fish	ಮೀನು
Five friends came for me.	ಐವರು ಗೆಳೆಯರು ನನಗಾಗಿ ಬಂದರು.
Follow me!	ನನ್ನನ್ನು ಅನುಸರಿಸಿ!
Follow me, it's this way.	ನನ್ನನ್ನು ಅನುಸರಿಸಿ, ಇದು ಈ ರೀತಿಯಾಗಿದೆ.
For here or to go?	ಇಲ್ಲಿಗೆ ಅಥವಾ ಹೋಗಲು?
For me, family comes first.	ನನಗೆ, ಕುಟುಂಬವು ಮೊದಲು ಬರುತ್ತದೆ.
Foreign Minister	ವಿದೇಶಾಂಗ ಸಚಿವ
Four eggs, please.	ದಯವಿಟ್ಟು ನಾಲ್ಕು ಮೊಟ್ಟೆಗಳು.
Four pencils, please.	ದಯವಿಟ್ಟು ನಾಲ್ಕು ಪೆನ್ಸಿಲ್‌ಗಳು.
French fries	ಫ್ರೆಂಚ್ ಫ್ರೈಸ್
Friday	ಶುಕ್ರವಾರ
Friday (short)	ಶುಕ್ರವಾರ (ಸಣ್ಣ)
From 9 o'clock.	9 ಗಂಟೆಯಿಂದ.
From 9 to 5.	9 ರಿಂದ 5 ರವರೆಗೆ.
From Monday to Friday.	ಸೋಮವಾರದಿಂದ ಶುಕ್ರವಾರದವರೆಗೆ.
Get out of here!	ಇಲ್ಲಿಂದ ಹೊರಡು!
Get well soon.	ಬೇಗ ಗುಣವಾಗಲಿ.
Glad to help.	ಸಹಾಯ ಮಾಡಲು ಸಂತೋಷವಾಗಿದೆ.
Go (board game of capturing territory)	ಗೋ (ಪ್ರದೇಶವನ್ನು ವಶಪಡಿಸಿಕೊಳ್ಳುವ ಬೋರ್ಡ್ ಆಟ)
Go board	ಬೋರ್ಡ್ ಹೋಗಿ
Go straight ahead.	ನೇರವಾಗಿ ಮುಂದೆ ಹೋಗು.
Goat	ಮೇಕೆ
God	ದೇವರು
Golden Week	ಸುವರ್ಣ ವಾರ
Good afternoon	ಶುಭ ಮಧ್ಯಾಹ್ನ
Good evening	ಶುಭ ಸಂಜೆ
Good evening!	ಶುಭ ಸಂಜೆ!
Good evening! Table for how many?	ಶುಭ ಸಂಜೆ! ಎಷ್ಟು ಜನರಿಗೆ ಟೇಬಲ್?
Good evening! Welcome to the Grand Hotel. Do you have a reservation?	ಶುಭ ಸಂಜೆ! ಗ್ರ್ಯಾಂಡ್ ಹೋಟೆಲ್‌ಗೆ ಸುಸ್ವಾಗತ. ನೀವು ಮೀಸಲಾತಿ ಹೊಂದಿದ್ದೀರಾ?
Good evening.	ಶುಭ ಸಂಜೆ.
Good morning	ಶುಭೋದಯ
Good morning (polite)	ಶುಭೋದಯ (ಸಭ್ಯ)
Good morning!	ಶುಭೋದಯ!
Good morning! May I see your passport and boarding pass?	ಶುಭೋದಯ! ನಾನು ನಿಮ್ಮ ಪಾಸ್‌ಪೋರ್ಟ್ ಮತ್ತು ಬೋರ್ಡಿಂಗ್ ಪಾಸ್ ನೋಡಬಹುದೇ?
Good morning.	ಶುಭೋದಯ.
Good night	ಶುಭ ರಾತ್ರಿ
Good night (polite)	ಶುಭ ರಾತ್ರಿ (ಸಭ್ಯ)
Good night!	ಶುಭ ರಾತ್ರಿ!
Good night.	ಶುಭ ರಾತ್ರಿ.
Goodbye (for a long time)	ವಿದಾಯ (ದೀರ್ಘಕಾಲ)
Had she known, she would have attended.	ಗೊತ್ತಿದ್ದರೆ ಹಾಜರಾಗುತ್ತಿದ್ದಳು.
Had they ever visited this city?	ಅವರು ಎಂದಾದರೂ ಈ ನಗರಕ್ಕೆ ಭೇಟಿ ನೀಡಿದ್ದೀರಾ?
Had you ever been to Japan before?	ನೀವು ಎಂದಾದರೂ ಜಪಾನ್‌ಗೆ ಹೋಗಿದ್ದೀರಾ?
Had you finished the report?	ನೀವು ವರದಿಯನ್ನು ಮುಗಿಸಿದ್ದೀರಾ?
Happy Diwali!	ದೀಪಾವಳಿಯ ಶುಭಾಶಯಗಳು!
Happy Eid!	ಈದ್ ಶುಭಾಶಯಗಳು!
Happy New Year!	ಹೊಸ ವರ್ಷದ ಶುಭಾಶಯಗಳು!
Happy New Year.	ಹೊಸ ವರ್ಷದ ಶುಭಾಶಯಗಳು.
Happy birthday!	ಜನ್ಮದಿನದ ಶುಭಾಶಯಗಳು!
Has he paid the bill?	ಅವನು ಬಿಲ್ ಪಾವತಿಸಿದ್ದಾನೆಯೇ?
Has it been raining here?	ಇಲ್ಲಿ ಮಳೆ ಬಂದಿದೆಯೇ?
Has she arrived?	ಅವಳು ಬಂದಳೇ?
Hat	ಟೋಪಿ
Have a great flight!	ಉತ್ತಮ ಹಾರಾಟವನ್ನು ಹೊಂದಿರಿ!
Have a nice day!	ಒಳ್ಳೆಯ ದಿನ!
Have we met before?	ನಾವು ಮೊದಲು ಭೇಟಿಯಾಗಿದ್ದೇವೆಯೇ?
Have you already done your homework?	ನೀವು ಈಗಾಗಲೇ ನಿಮ್ಮ ಮನೆಕೆಲಸವನ್ನು ಮಾಡಿದ್ದೀರಾ?
Have you already eaten?	ನೀವು ಈಗಾಗಲೇ ತಿಂದಿದ್ದೀರಾ?
Have you been taking your medicine?	ನೀವು ನಿಮ್ಮ ಔಷಧಿಯನ್ನು ತೆಗೆದುಕೊಳ್ಳುತ್ತಿದ್ದೀರಾ?
Have you been waiting long?	ನೀವು ದೀರ್ಘಕಾಲ ಕಾಯುತ್ತಿದ್ದೀರಾ?
Have you eaten yet?	ನೀವು ಇನ್ನೂ ತಿಂದಿದ್ದೀರಾ?
Have you ever been to Japan?	ನೀವು ಎಂದಾದರೂ ಜಪಾನ್‌ಗೆ ಹೋಗಿದ್ದೀರಾ?
Have you ever been to London?	ನೀವು ಎಂದಾದರೂ ಲಂಡನ್‌ಗೆ ಹೋಗಿದ್ದೀರಾ?
Have you finished work?	ನೀವು ಕೆಲಸ ಮುಗಿಸಿದ್ದೀರಾ?
Have you seen my glasses?	ನೀವು ನನ್ನ ಕನ್ನಡಕವನ್ನು ನೋಡಿದ್ದೀರಾ?
Have you seen this movie?	ನೀವು ಈ ಚಲನಚಿತ್ರವನ್ನು ನೋಡಿದ್ದೀರಾ?
Have you taken anything for the fever?	ಜ್ವರಕ್ಕೆ ಏನಾದರೂ ತೆಗೆದುಕೊಂಡಿದ್ದೀರಾ?
He acts as if he were the king.	ಅವನು ರಾಜನಂತೆ ವರ್ತಿಸುತ್ತಾನೆ.
He agreed to help us.	ಅವರು ನಮಗೆ ಸಹಾಯ ಮಾಡಲು ಒಪ್ಪಿಕೊಂಡರು.
He asked me to help him.	ಅವರು ನನಗೆ ಸಹಾಯ ಮಾಡಲು ಕೇಳಿದರು.
He asked me where I lived.	ನಾನು ಎಲ್ಲಿ ವಾಸಿಸುತ್ತಿದ್ದೇನೆ ಎಂದು ಅವರು ನನ್ನನ್ನು ಕೇಳಿದರು.
He ate all the food.	ಅವನು ಎಲ್ಲಾ ಆಹಾರವನ್ನು ಸೇವಿಸಿದನು.
He avoids eating junk food.	ಅವರು ಜಂಕ್ ಫುಡ್ ತಿನ್ನುವುದನ್ನು ತಪ್ಪಿಸುತ್ತಾರೆ.
He bought a new phone.	ಅವರು ಹೊಸ ಫೋನ್ ಖರೀದಿಸಿದರು.
He came down the hill.	ಅವನು ಬೆಟ್ಟದ ಕೆಳಗೆ ಬಂದನು.
He came home late.	ಅವನು ತಡವಾಗಿ ಮನೆಗೆ ಬಂದನು.
He can run very fast.	ಅವನು ತುಂಬಾ ವೇಗವಾಗಿ ಓಡಬಲ್ಲನು.
He can't come to the party.	ಅವರು ಪಕ್ಷಕ್ಕೆ ಬರುವಂತಿಲ್ಲ.
He can't come today.	ಅವನು ಇಂದು ಬರಲು ಸಾಧ್ಯವಿಲ್ಲ.
He couldn't answer the question.	ಎಂಬ ಪ್ರಶ್ನೆಗೆ ಉತ್ತರಿಸಲು ಅವನಿಗೆ ಸಾಧ್ಯವಾಗಲಿಲ್ಲ.
He didn't call me back.	ಅವನು ನನಗೆ ಮತ್ತೆ ಕರೆ ಮಾಡಲಿಲ್ಲ.
He didn't come.	ಅವನು ಬರಲಿಲ್ಲ.
He didn't eat any vegetables.	ಅವನು ಯಾವುದೇ ತರಕಾರಿಗಳನ್ನು ತಿನ್ನಲಿಲ್ಲ.
He didn't say anything.	ಅವನು ಏನನ್ನೂ ಹೇಳಲಿಲ್ಲ.
He didn't use to like coffee.	ಅವನು ಕಾಫಿಯನ್ನು ಇಷ್ಟಪಡುತ್ತಿರಲಿಲ್ಲ.
He does nothing but play games.	ಅವನು ಆಟವಾಡುವುದನ್ನು ಬಿಟ್ಟು ಬೇರೇನೂ ಮಾಡುವುದಿಲ್ಲ.
He doesn't earn much money.	ಅವನು ಹೆಚ್ಚು ಹಣವನ್ನು ಗಳಿಸುವುದಿಲ್ಲ.
He doesn't eat meat.	ಅವನು ಮಾಂಸ ತಿನ್ನುವುದಿಲ್ಲ.
He doesn't have time.	ಅವನಿಗೆ ಸಮಯವಿಲ್ಲ.
He doesn't like coffee.	ಅವನಿಗೆ ಕಾಫಿ ಇಷ್ಟವಿಲ್ಲ.
He doesn't smoke.	ಅವನು ಧೂಮಪಾನ ಮಾಡುವುದಿಲ್ಲ.
He drinks coffee in the afternoon.	ಅವನು ಮಧ್ಯಾಹ್ನ ಕಾಫಿ ಕುಡಿಯುತ್ತಾನೆ.
He drove along the river.	ಅವರು ನದಿಯ ಉದ್ದಕ್ಕೂ ಓಡಿಸಿದರು.
He drove to work this morning.	ಇಂದು ಬೆಳಗ್ಗೆ ಕೆಲಸಕ್ಕೆ ತೆರಳಿದ್ದರು.
He eats a lot of rice.	ಅವನು ಬಹಳಷ್ಟು ಅನ್ನವನ್ನು ತಿನ್ನುತ್ತಾನೆ.
He fell off the bike.	ಆತ ಬೈಕ್‌ನಿಂದ ಬಿದ್ದಿದ್ದಾನೆ.
He finished writing the report.	ಅವರು ವರದಿ ಬರೆದು ಮುಗಿಸಿದರು.
He forgot to lock the door.	ಅವನು ಬಾಗಿಲು ಹಾಕಲು ಮರೆತನು.
He had broken his leg before the race.	ಓಟಕ್ಕೂ ಮುನ್ನ ಕಾಲು ಮುರಿದಿತ್ತು.
He had eaten before I got home.	ನಾನು ಮನೆಗೆ ಬರುವ ಮೊದಲೇ ಅವನು ಊಟ ಮಾಡಿದ್ದ.
He had lost his wallet before the trip.	ಪ್ರವಾಸಕ್ಕೆ ಮುನ್ನ ಅವರು ತಮ್ಮ ವಾಲೆಟ್ ಕಳೆದುಕೊಂಡಿದ್ದರು.
He had saved enough money for the trip.	ಪ್ರವಾಸಕ್ಕೆ ಬೇಕಾದಷ್ಟು ಹಣ ಉಳಿಸಿದ್ದರು.
He had to wait an hour.	ಅವರು ಒಂದು ಗಂಟೆ ಕಾಯಬೇಕಾಯಿತು.
He has a car.	ಅವರ ಬಳಿ ಕಾರು ಇದೆ.
He has a fever today.	ಅವನಿಗೆ ಇಂದು ಜ್ವರ ಬಂದಿದೆ.
He has a new job.	ಅವನಿಗೆ ಹೊಸ ಕೆಲಸವಿದೆ.
He has a red car.	ಅವನ ಬಳಿ ಕೆಂಪು ಕಾರು ಇದೆ.
He has been playing games all day.	ಅವನು ದಿನವಿಡೀ ಆಟಗಳನ್ನು ಆಡುತ್ತಿದ್ದಾನೆ.
He has been saving to buy a car.	ಅವರು ಕಾರು ಖರೀದಿಸಲು ಉಳಿತಾಯ ಮಾಡಿದ್ದಾರೆ.
He has been working out a lot.	ಅವರು ಸಾಕಷ್ಟು ಕೆಲಸ ಮಾಡಿದ್ದಾರೆ.
He has gone to the market.	ಅವನು ಮಾರುಕಟ್ಟೆಗೆ ಹೋಗಿದ್ದಾನೆ.
He has learned to drive.	ಅವನು ಡ್ರೈವಿಂಗ್ ಕಲಿತಿದ್ದಾನೆ.
He has never tried sushi.	ಅವರು ಸುಶಿಯನ್ನು ಎಂದಿಗೂ ಪ್ರಯತ್ನಿಸಲಿಲ್ಲ.
He has the most courage.	ಅವನಿಗೆ ಅತ್ಯಂತ ಧೈರ್ಯವಿದೆ.
He has three children.	ಅವರಿಗೆ ಮೂವರು ಮಕ್ಕಳಿದ್ದಾರೆ.
He has to wear a uniform.	ಅವನು ಸಮವಸ್ತ್ರವನ್ನು ಧರಿಸಬೇಕು.
He has worked here since March.	ಅವರು ಮಾರ್ಚ್‌ನಿಂದ ಇಲ್ಲಿ ಕೆಲಸ ಮಾಡುತ್ತಿದ್ದಾರೆ.
He hasn't called me yet.	ಅವನು ಇನ್ನೂ ನನಗೆ ಕರೆ ಮಾಡಿಲ್ಲ.
He insisted on paying for dinner.	ಊಟಕ್ಕೆ ಹಣ ನೀಡುವಂತೆ ಒತ್ತಾಯಿಸಿದರು.
He is Indian.	ಆತ ಭಾರತೀಯ.
He is a teacher.	ಅವರೊಬ್ಬ ಶಿಕ್ಷಕ.
He is at the station.	ಅವನು ನಿಲ್ದಾಣದಲ್ಲಿದ್ದಾನೆ.
He is going to study abroad.	ವಿದೇಶದಲ್ಲಿ ಓದಲು ಹೊರಟಿದ್ದಾರೆ.
He is going to work hard this year.	ಅವರು ಈ ವರ್ಷ ಕಷ್ಟಪಟ್ಟು ಕೆಲಸ ಮಾಡಲಿದ್ದಾರೆ.
He is more careful than his friend.	ಅವನು ತನ್ನ ಸ್ನೇಹಿತನಿಗಿಂತ ಹೆಚ್ಚು ಜಾಗರೂಕನಾಗಿರುತ್ತಾನೆ.
He is my best friend.	ಅವನು ನನ್ನ ಆತ್ಮೀಯ ಗೆಳೆಯ.
He is my brother.	ಅವನು ನನ್ನ ಸಹೋದರ.
He is not studying today.	ಅವನು ಇಂದು ಓದುತ್ತಿಲ್ಲ.
He is older than me.	ಅವನು ನನಗಿಂತ ದೊಡ್ಡವನು.
He is sleeping in his room.	ಅವನು ತನ್ನ ಕೋಣೆಯಲ್ಲಿ ಮಲಗಿದ್ದಾನೆ.
He is smarter than he looks.	ಅವನು ನೋಡುವುದಕ್ಕಿಂತ ಬುದ್ಧಿವಂತ.
He is supposed to come.	ಅವನು ಬರಬೇಕು.
He is talking on the phone.	ಅವನು ಫೋನ್‌ನಲ್ಲಿ ಮಾತನಾಡುತ್ತಿದ್ದಾನೆ.
He is the most hardworking student.	ಅವರು ಅತ್ಯಂತ ಶ್ರಮಶೀಲ ವಿದ್ಯಾರ್ಥಿ.
He is the youngest in the family.	ಅವರು ಕುಟುಂಬದಲ್ಲಿ ಕಿರಿಯರು.
He is very tall.	ಅವನು ತುಂಬಾ ಎತ್ತರ.
He is younger than me.	ಅವನು ನನಗಿಂತ ಚಿಕ್ಕವನು.
He isn't going to help us.	ಅವನು ನಮಗೆ ಸಹಾಯ ಮಾಡಲು ಹೋಗುವುದಿಲ್ಲ.
He jumped into the pool.	ಅವನು ಕೊಳಕ್ಕೆ ಹಾರಿದನು.
He kept talking during class.	ಅವರು ತರಗತಿಯಲ್ಲಿ ಮಾತನಾಡುತ್ತಲೇ ಇದ್ದರು.
He lives near the station.	ಅವರು ನಿಲ್ದಾಣದ ಬಳಿ ವಾಸಿಸುತ್ತಿದ್ದಾರೆ.
He looks busy.	ಅವನು ಕಾರ್ಯನಿರತನಾಗಿ ಕಾಣುತ್ತಾನೆ.
He may be at home right now.	ಅವನು ಈಗ ಮನೆಯಲ್ಲಿಯೇ ಇರಬಹುದು.
He might be the new manager.	ಅವರು ಹೊಸ ಮ್ಯಾನೇಜರ್ ಆಗಿರಬಹುದು.
He might know the answer.	ಅವನಿಗೆ ಉತ್ತರ ಗೊತ್ತಿರಬಹುದು.
He might not agree with us.	ಅವನು ನಮ್ಮೊಂದಿಗೆ ಒಪ್ಪದಿರಬಹುದು.
He must know about that.	ಅವನು ಅದರ ಬಗ್ಗೆ ತಿಳಿದಿರಬೇಕು.
He never eats breakfast.	ಅವನು ಎಂದಿಗೂ ಉಪಾಹಾರ ಸೇವಿಸುವುದಿಲ್ಲ.
He not only works late every night but also on weekends.	ಅವರು ಪ್ರತಿ ರಾತ್ರಿ ತಡವಾಗಿ ಮಾತ್ರವಲ್ಲದೆ ವಾರಾಂತ್ಯದಲ್ಲಿಯೂ ಕೆಲಸ ಮಾಡುತ್ತಾರೆ.
He plays football on Sundays.	ಅವರು ಭಾನುವಾರದಂದು ಫುಟ್ಬಾಲ್ ಆಡುತ್ತಾರೆ.
He put the money in his wallet.	ಅವನು ಹಣವನ್ನು ತನ್ನ ಕೈಚೀಲದಲ್ಲಿ ಹಾಕಿದನು.
He ran out of the house.	ಅವನು ಮನೆಯಿಂದ ಓಡಿಹೋದನು.
He said he had lost his keys.	ಅವರು ತಮ್ಮ ಕೀಲಿಗಳನ್ನು ಕಳೆದುಕೊಂಡಿದ್ದಾರೆ ಎಂದು ಹೇಳಿದರು.
He said he had never been there.	ಅವರು ಎಂದಿಗೂ ಅಲ್ಲಿಗೆ ಹೋಗಿಲ್ಲ ಎಂದು ಹೇಳಿದರು.
He said he was tired.	ಅವರು ದಣಿದಿದ್ದಾರೆ ಎಂದು ಹೇಳಿದರು.
He said he was very busy.	ಅವರು ತುಂಬಾ ಕಾರ್ಯನಿರತರಾಗಿದ್ದಾರೆ ಎಂದು ಹೇಳಿದರು.
He said he would come.	ಬರುವುದಾಗಿ ಹೇಳಿದರು.
He said that he would come tomorrow.	ನಾಳೆ ಬರುವುದಾಗಿ ಹೇಳಿದರು.
He should apologize.	ಅವರು ಕ್ಷಮೆ ಕೇಳಬೇಕು.
He should see a dentist.	ಅವನು ದಂತವೈದ್ಯರನ್ನು ನೋಡಬೇಕು.
He should stop smoking.	ಅವನು ಧೂಮಪಾನವನ್ನು ನಿಲ್ಲಿಸಬೇಕು.
He shouldn't drive so fast.	ಅವನು ಅಷ್ಟು ವೇಗವಾಗಿ ಓಡಿಸಬಾರದು.
He stopped to buy some water.	ಅವನು ಸ್ವಲ್ಪ ನೀರು ಖರೀದಿಸಲು ನಿಲ್ಲಿಸಿದನು.
He threw the ball into the basket.	ಅವರು ಚೆಂಡನ್ನು ಬುಟ್ಟಿಗೆ ಎಸೆದರು.
He told me he would call later.	ನಂತರ ಕರೆ ಮಾಡುವುದಾಗಿ ಹೇಳಿದ್ದರು.
He told me the truth.	ಅವನು ನನಗೆ ಸತ್ಯವನ್ನು ಹೇಳಿದನು.
He told me to wait.	ಅವರು ನನಗೆ ಕಾಯಲು ಹೇಳಿದರು.
He took a taxi to the airport.	ಅವರು ವಿಮಾನ ನಿಲ್ದಾಣಕ್ಕೆ ಟ್ಯಾಕ್ಸಿ ತೆಗೆದುಕೊಂಡರು.
He tried to open the window.	ಅವನು ಕಿಟಕಿ ತೆರೆಯಲು ಪ್ರಯತ್ನಿಸಿದನು.
He was given a reward.	ಅವರಿಗೆ ಬಹುಮಾನ ನೀಡಲಾಯಿತು.
He was invited to the party.	ಅವರನ್ನು ಪಕ್ಷಕ್ಕೆ ಆಹ್ವಾನಿಸಲಾಯಿತು.
He was not paying attention.	ಅವನು ಗಮನ ಹರಿಸುತ್ತಿರಲಿಲ್ಲ.
He was reading a book.	ಅವರು ಪುಸ್ತಕ ಓದುತ್ತಿದ್ದರು.
He was running to catch the train.	ಅವನು ರೈಲು ಹಿಡಿಯಲು ಓಡುತ್ತಿದ್ದ.
He was waiting at the bus stop.	ಅವನು ಬಸ್ ನಿಲ್ದಾಣದಲ್ಲಿ ಕಾಯುತ್ತಿದ್ದನು.
He went to the market.	ಅವನು ಮಾರುಕಟ್ಟೆಗೆ ಹೋದನು.
He will be here soon.	ಅವರು ಶೀಘ್ರದಲ್ಲೇ ಇಲ್ಲಿಗೆ ಬರುತ್ತಾರೆ.
He will be waiting outside.	ಅವನು ಹೊರಗೆ ಕಾಯುತ್ತಿರುತ್ತಾನೆ.
He will be working at that time.	ಆ ಸಮಯದಲ್ಲಿ ಅವನು ಕೆಲಸ ಮಾಡುತ್ತಾನೆ.
He will have left by now.	ಅವನು ಇಷ್ಟೊತ್ತಿಗೆ ಹೊರಟು ಹೋಗುತ್ತಾನೆ.
He will have repaired the car before dinner.	ಊಟಕ್ಕೂ ಮುನ್ನ ಕಾರನ್ನು ರಿಪೇರಿ ಮಾಡಿಸುತ್ತಾನೆ.
He won't agree with you.	ಅವನು ನಿನ್ನನ್ನು ಒಪ್ಪುವುದಿಲ್ಲ.
He won't be angry with you.	ಅವನು ನಿನ್ನ ಮೇಲೆ ಕೋಪಗೊಳ್ಳುವುದಿಲ್ಲ.
He won't be joining us for lunch.	ಅವನು ಊಟಕ್ಕೆ ನಮ್ಮೊಂದಿಗೆ ಸೇರುವುದಿಲ್ಲ.
He won't have finished his homework yet.	ಅವನು ಇನ್ನೂ ತನ್ನ ಮನೆಕೆಲಸವನ್ನು ಮುಗಿಸಿಲ್ಲ.
He works in a bank.	ಅವನು ಬ್ಯಾಂಕಿನಲ್ಲಿ ಕೆಲಸ ಮಾಡುತ್ತಾನೆ.
He works in an office.	ಅವರು ಕಚೇರಿಯಲ್ಲಿ ಕೆಲಸ ಮಾಡುತ್ತಾರೆ.
He would always tell funny stories.	ಅವರು ಯಾವಾಗಲೂ ತಮಾಷೆಯ ಕಥೆಗಳನ್ನು ಹೇಳುತ್ತಿದ್ದರು.
He would often sing in the shower.	ಅವರು ಆಗಾಗ್ಗೆ ಸ್ನಾನದಲ್ಲಿ ಹಾಡುತ್ತಿದ್ದರು.
He's not available right now.	ಅವರು ಇದೀಗ ಲಭ್ಯವಿಲ್ಲ.
Hearing that story, I couldn't help laughing.	ಆ ಕಥೆ ಕೇಳಿ ನನಗೆ ನಗು ತಡೆಯಲಾಗಲಿಲ್ಲ.
Hello!	ನಮಸ್ಕಾರ!
Hello, how are you?	ಹಲೋ, ಹೇಗಿದ್ದೀಯಾ?
Hello, please take a seat. What seems to be the problem?	ಹಲೋ, ದಯವಿಟ್ಟು ಕುಳಿತುಕೊಳ್ಳಿ. ಏನು ಸಮಸ್ಯೆ ಎಂದು ತೋರುತ್ತದೆ?
Hello, this is Alex.	ಹಲೋ, ಇದು ಅಲೆಕ್ಸ್.
Hello.	ನಮಸ್ಕಾರ.
Hello? (used on the phone)	ಹಲೋ? (ಫೋನ್‌ನಲ್ಲಿ ಬಳಸಲಾಗಿದೆ)
Help!	ಸಹಾಯ!
Her name is Priya.	ಅವಳ ಹೆಸರು ಪ್ರಿಯಾ.
Her room is cleaner than mine.	ಅವಳ ಕೋಣೆ ನನಗಿಂತ ಸ್ವಚ್ಛವಾಗಿದೆ.
Here is my passport.	ನನ್ನ ಪಾಸ್‌ಪೋರ್ಟ್ ಇಲ್ಲಿದೆ.
Here it is.	ಇದು ಇಲ್ಲಿದೆ.
Here we are. The airport!	ಇಲ್ಲಿ ನಾವು ಇದ್ದೇವೆ. ವಿಮಾನ ನಿಲ್ದಾಣ!
Here you go. / Go ahead.	ಇಲ್ಲಿ ನೀವು ಹೋಗಿ. / ಮುಂದೆ ಹೋಗು.
Here's your boarding pass. Boarding starts at 9:30.	ನಿಮ್ಮ ಬೋರ್ಡಿಂಗ್ ಪಾಸ್ ಇಲ್ಲಿದೆ. ಬೋರ್ಡಿಂಗ್ 9:30 ಕ್ಕೆ ಪ್ರಾರಂಭವಾಗುತ್ತದೆ.
Here's your cappuccino and muffin. Enjoy!	ನಿಮ್ಮ ಕ್ಯಾಪುಸಿನೊ ಮತ್ತು ಮಫಿನ್ ಇಲ್ಲಿದೆ. ಆನಂದಿಸಿ!
Here's your change.	ನಿಮ್ಮ ಬದಲಾವಣೆ ಇಲ್ಲಿದೆ.
Here's your fried rice. Enjoy!	ನಿಮ್ಮ ಫ್ರೈಡ್ ರೈಸ್ ಇಲ್ಲಿದೆ. ಆನಂದಿಸಿ!
Hi there!	ನಮಸ್ಕಾರ!
Hi there! Can I help you find something?	ನಮಸ್ಕಾರ! ಏನನ್ನಾದರೂ ಹುಡುಕಲು ನಾನು ನಿಮಗೆ ಸಹಾಯ ಮಾಡಬಹುದೇ?
Hi! What can I get for you today?	ನಮಸ್ತೆ! ಇಂದು ನಾನು ನಿಮಗಾಗಿ ಏನು ಪಡೆಯಬಹುದು?
His car is very fast.	ಅವರ ಕಾರು ತುಂಬಾ ವೇಗವಾಗಿದೆ.
How about another day?	ಇನ್ನೊಂದು ದಿನ ಹೇಗೆ?
How about this scarf? It comes in many colors.	ಈ ಸ್ಕಾರ್ಫ್ ಬಗ್ಗೆ ಹೇಗೆ? ಇದು ಹಲವು ಬಣ್ಣಗಳಲ್ಲಿ ಬರುತ್ತದೆ.
How about...?; How is...?	ಹೇಗೆ...?; ಹೇಗಿದೆ...?
How are you?	ಹೇಗಿದ್ದೀಯಾ?
How did you fix it?	ನೀವು ಅದನ್ನು ಹೇಗೆ ಸರಿಪಡಿಸಿದ್ದೀರಿ?
How do you do?	ನೀವು ಹೇಗೆ ಮಾಡುತ್ತೀರಿ?
How do you get to work?	ನೀವು ಹೇಗೆ ಕೆಲಸಕ್ಕೆ ಹೋಗುತ್ತೀರಿ?
How do you go to school?	ನೀವು ಶಾಲೆಗೆ ಹೇಗೆ ಹೋಗುತ್ತೀರಿ?
How do you say it in Japanese?	ನೀವು ಅದನ್ನು ಜಪಾನೀಸ್ ಭಾಷೆಯಲ್ಲಿ ಹೇಗೆ ಹೇಳುತ್ತೀರಿ?
How far is it from here?	ಇಲ್ಲಿಂದ ಎಷ್ಟು ದೂರವಿದೆ?
How long does it take?	ಎಷ್ಟು ಸಮಯ ತೆಗೆದುಕೊಳ್ಳುತ್ತದೆ?
How long have we been waiting?	ನಾವು ಎಷ್ಟು ದಿನ ಕಾಯುತ್ತಿದ್ದೇವೆ?
How long have you been learning Japanese?	ನೀವು ಎಷ್ಟು ಸಮಯದಿಂದ ಜಪಾನೀಸ್ ಕಲಿಯುತ್ತಿದ್ದೀರಿ?
How many books do you have?	ನಿಮ್ಮ ಬಳಿ ಎಷ್ಟು ಪುಸ್ತಕಗಳಿವೆ?
How many brothers do you have?	ನಿಮಗೆ ಎಷ್ಟು ಸಹೋದರರು ಇದ್ದಾರೆ?
How many children are in the park?	ಉದ್ಯಾನದಲ್ಲಿ ಎಷ್ಟು ಮಕ್ಕಳಿದ್ದಾರೆ?
How many cylindrical objects?	ಎಷ್ಟು ಸಿಲಿಂಡರಾಕಾರದ ವಸ್ತುಗಳು?
How many days will you stay?	ನೀವು ಎಷ್ಟು ದಿನ ಇರುತ್ತೀರಿ?
How many people are in your family?	ನಿಮ್ಮ ಕುಟುಂಬದಲ್ಲಿ ಎಷ್ಟು ಜನರಿದ್ದಾರೆ?
How many people came?	ಎಷ್ಟು ಜನ ಬಂದರು?
How many round objects?	ಎಷ್ಟು ಸುತ್ತಿನ ವಸ್ತುಗಳು?
How many sheets of paper, please?	ದಯವಿಟ್ಟು ಎಷ್ಟು ಕಾಗದದ ಹಾಳೆಗಳು?
How many thin/flat objects?	ಎಷ್ಟು ತೆಳುವಾದ / ಚಪ್ಪಟೆ ವಸ್ತುಗಳು?
How many things?	ಎಷ್ಟು ವಿಷಯಗಳು?
How much do you spend a month?	ನೀವು ತಿಂಗಳಿಗೆ ಎಷ್ಟು ಖರ್ಚು ಮಾಡುತ್ತೀರಿ?
How much does it cost?	ಇದರ ಬೆಲೆ ಎಷ್ಟು?
How much does this come to?	ಇದು ಎಷ್ಟು ಬರುತ್ತದೆ?
How much for two?	ಇಬ್ಬರಿಗೆ ಎಷ್ಟು?
How much is the fare?	ಪ್ರಯಾಣ ದರ ಎಷ್ಟು?
How much is the salary?	ಸಂಬಳ ಎಷ್ಟು?
How much is this shirt?	ಈ ಅಂಗಿ ಎಷ್ಟು?
How much is this?	ಇದು ಎಷ್ಟು?
How much money do you have?	ನಿಮ್ಮ ಬಳಿ ಎಷ್ಟು ಹಣವಿದೆ?
How much money do you need?	ನಿಮಗೆ ಎಷ್ಟು ಹಣ ಬೇಕು?
How much time do we have?	ನಮಗೆ ಎಷ್ಟು ಸಮಯವಿದೆ?
How much water is there?	ಎಷ್ಟು ನೀರು ಇದೆ?
How much?	ಎಷ್ಟು?
How old are you?	ನಿಮ್ಮ ವಯಸ್ಸು ಎಷ್ಟು?
How was Christmas?	ಕ್ರಿಸ್ಮಸ್ ಹೇಗಿತ್ತು?
I	I
I (ego) (boastful first-person pronoun)	ನಾನು (ಅಹಂ) (ಹೆಮ್ಮೆಯ ಮೊದಲ ವ್ಯಕ್ತಿ ಸರ್ವನಾಮ)
I (formal)	ನಾನು (ಔಪಚಾರಿಕ)
I (used by males)	ನಾನು (ಪುರುಷರು ಬಳಸುತ್ತಾರೆ)
I (used by men)	ನಾನು (ಪುರುಷರು ಬಳಸುತ್ತಾರೆ)
I agree with you.	ನಾನು ನಿಮ್ಮೊಂದಿಗೆ ಒಪ್ಪುತ್ತೇನೆ.
I already ate.	ನಾನು ಆಗಲೇ ತಿಂದಿದ್ದೆ.
I am Japanese.	ನಾನು ಜಪಾನೀಸ್.
I am Mike.	ನಾನು ಮೈಕ್.
I am Tarou.	ನಾನು ತಾರೂ.
I am a student.	ನಾನೊಬ್ಬ ವಿದ್ಯಾರ್ಥಿ.
I am a teacher.	ನಾನೊಬ್ಬ ಶಿಕ್ಷಕ.
I am an engineer.	ನಾನೊಬ್ಬ ಇಂಜಿನಿಯರ್.
I am at school.	ನಾನು ಶಾಲೆಯಲ್ಲಿದ್ದೇನೆ.
I am aware (humble)	ನನಗೆ ಅರಿವಿದೆ (ವಿನಮ್ರ)
I am cooking.	ನಾನು ಅಡುಗೆ ಮಾಡುತ್ತಿದ್ದೇನೆ.
I am dancing.	ನಾನು ನೃತ್ಯ ಮಾಡುತ್ತಿದ್ದೇನೆ.
I am drinking coffee.	ನಾನು ಕಾಫಿ ಕುಡಿಯುತ್ತಿದ್ದೇನೆ.
I am feeling better now.	ನಾನು ಈಗ ಉತ್ತಮ ಭಾವನೆ ಹೊಂದಿದ್ದೇನೆ.
I am from India.	ನಾನು ಭಾರತದವನು.
I am going to the market now.	ನಾನು ಈಗ ಮಾರುಕಟ್ಟೆಗೆ ಹೋಗುತ್ತಿದ್ದೇನೆ.
I am going to visit my grandparents.	ನಾನು ನನ್ನ ಅಜ್ಜಿಯರನ್ನು ಭೇಟಿ ಮಾಡಲು ಹೋಗುತ್ತಿದ್ದೇನೆ.
I am going to visit my parents next week.	ನಾನು ಮುಂದಿನ ವಾರ ನನ್ನ ಹೆತ್ತವರನ್ನು ಭೇಟಿ ಮಾಡಲಿದ್ದೇನೆ.
I am heading to the airport.	ನಾನು ವಿಮಾನ ನಿಲ್ದಾಣಕ್ಕೆ ಹೋಗುತ್ತಿದ್ದೇನೆ.
I am hungry.	ನನಗೆ ಹಸಿವಾಗಿದೆ.
I am learning English.	ನಾನು ಇಂಗ್ಲಿಷ್ ಕಲಿಯುತ್ತಿದ್ದೇನೆ.
I am learning to drive.	ನಾನು ಡ್ರೈವಿಂಗ್ ಕಲಿಯುತ್ತಿದ್ದೇನೆ.
I am married.	ನಾನು ಮದುವೆಯಾಗಿದ್ದೇನೆ.
I am not a teacher.	ನಾನು ಶಿಕ್ಷಕನಲ್ಲ.
I am not angry with you.	ನಿನ್ನ ಮೇಲೆ ನನಗೆ ಕೋಪವಿಲ್ಲ.
I am not going to give up.	ನಾನು ಬಿಟ್ಟುಕೊಡಲು ಹೋಗುವುದಿಲ್ಲ.
I am not listening to you.	ನಾನು ನಿನ್ನ ಮಾತು ಕೇಳುತ್ತಿಲ್ಲ.
I am not sure, ...	ನನಗೆ ಖಚಿತವಿಲ್ಲ,...
I am reading a book.	ನಾನು ಪುಸ್ತಕ ಓದುತ್ತಿದ್ದೇನೆ.
I am running.	ನಾನು ಓಡುತ್ತಿದ್ದೇನೆ.
I am singing.	ನಾನು ಹಾಡುತ್ತಿದ್ದೇನೆ.
I am sitting on a chair.	ನಾನು ಕುರ್ಚಿಯ ಮೇಲೆ ಕುಳಿತಿದ್ದೇನೆ.
I am sleeping.	ನಾನು ಮಲಗುತ್ತಿದ್ದೇನೆ.
I am standing.	ನಾನು ನಿಂತಿದ್ದೇನೆ.
I am studying Japanese	ನಾನು ಜಪಾನೀಸ್ ಕಲಿಯುತ್ತಿದ್ದೇನೆ
I am studying now.	ನಾನೀಗ ಓದುತ್ತಿದ್ದೇನೆ.
I am taking a shower now.	ನಾನು ಈಗ ಸ್ನಾನ ಮಾಡುತ್ತಿದ್ದೇನೆ.
I am taller than you.	ನಾನು ನಿನಗಿಂತ ಎತ್ತರವಾಗಿದ್ದೇನೆ.
I am thinking.	ನಾನು ಯೋಚಿಸುತ್ತಿದ್ದೇನೆ.
I am thirsty.	ನನಗೆ ಬಾಯಾರಿಕೆಯಾಗಿದೆ.
I am tired after work.	ನಾನು ಕೆಲಸದ ನಂತರ ದಣಿದಿದ್ದೇನೆ.
I am tired today.	ನಾನು ಇಂದು ದಣಿದಿದ್ದೇನೆ.
I am very happy today.	ನಾನು ಇಂದು ತುಂಬಾ ಸಂತೋಷವಾಗಿದ್ದೇನೆ.
I am waiting for a friend.	ನಾನು ಸ್ನೇಹಿತನಿಗಾಗಿ ಕಾಯುತ್ತಿದ್ದೇನೆ.
I am walking.	ನಾನು ನಡೆಯುತ್ತಿದ್ದೇನೆ.
I am watching TV.	ನಾನು ಟಿವಿ ನೋಡುತ್ತಿದ್ದೇನೆ.
I am working right now.	ನಾನು ಇದೀಗ ಕೆಲಸ ಮಾಡುತ್ತಿದ್ದೇನೆ.
I am working.	ನಾನು ಕೆಲಸ ಮಾಡುತ್ತಿದ್ದೇನೆ.
I am...	ನಾನು...
I arrived at the airport.	ನಾನು ವಿಮಾನ ನಿಲ್ದಾಣಕ್ಕೆ ಬಂದೆ.
I ask questions in class.	ನಾನು ತರಗತಿಯಲ್ಲಿ ಪ್ರಶ್ನೆಗಳನ್ನು ಕೇಳುತ್ತೇನೆ.
I ask the teacher.	ನಾನು ಶಿಕ್ಷಕರನ್ನು ಕೇಳುತ್ತೇನೆ.
I ate breakfast.	ನಾನು ತಿಂಡಿ ತಿಂದೆ.
I ate one apple.	ನಾನು ಒಂದು ಸೇಬು ತಿಂದೆ.
I ate ramen with a friend.	ನಾನು ಸ್ನೇಹಿತನೊಂದಿಗೆ ರಾಮನ್ ತಿಂದೆ.
I ate some rice for lunch.	ಊಟಕ್ಕೆ ಸ್ವಲ್ಪ ಅನ್ನ ತಿಂದೆ.
I ate too much.	ನಾನು ತುಂಬಾ ತಿಂದೆ.
I ate with my family.	ನಾನು ನನ್ನ ಕುಟುಂಬದೊಂದಿಗೆ ಊಟ ಮಾಡಿದೆ.
I ate with my senior.	ನನ್ನ ಸೀನಿಯರ್ ಜೊತೆ ಊಟ ಮಾಡಿದೆ.
I beg your pardon; excuse me	ನಾನು ನಿನ್ನನ್ನು ಕ್ಷಮಿಸುತ್ತೇನೆ; ನನ್ನನ್ನು ಕ್ಷಮಿಸಿ
I borrow this book.	ನಾನು ಈ ಪುಸ್ತಕವನ್ನು ಎರವಲು ಪಡೆದಿದ್ದೇನೆ.
I bought a bag.	ನಾನು ಒಂದು ಚೀಲವನ್ನು ಖರೀದಿಸಿದೆ.
I bought a book and a pen.	ನಾನು ಪುಸ್ತಕ ಮತ್ತು ಪೆನ್ನು ಖರೀದಿಸಿದೆ.
I bought a flight ticket to London.	ನಾನು ಲಂಡನ್‌ಗೆ ವಿಮಾನ ಟಿಕೆಟ್ ಖರೀದಿಸಿದೆ.
I bought it at the convenience store.	ನಾನು ಅದನ್ನು ಅನುಕೂಲಕರ ಅಂಗಡಿಯಲ್ಲಿ ಖರೀದಿಸಿದೆ.
I bought new shoes and clothes.	ನಾನು ಹೊಸ ಬೂಟುಗಳು ಮತ್ತು ಬಟ್ಟೆಗಳನ್ನು ಖರೀದಿಸಿದೆ.
I bought one book.	ನಾನು ಒಂದು ಪುಸ್ತಕವನ್ನು ಖರೀದಿಸಿದೆ.
I bought one fish.	ನಾನು ಒಂದು ಮೀನು ಖರೀದಿಸಿದೆ.
I bought two apples.	ನಾನು ಎರಡು ಸೇಬುಗಳನ್ನು ಖರೀದಿಸಿದೆ.
I bought two bicycles.	ನಾನು ಎರಡು ಸೈಕಲ್ ಖರೀದಿಸಿದೆ.
I bought two pairs of socks.	ನಾನು ಎರಡು ಜೋಡಿ ಸಾಕ್ಸ್ ಖರೀದಿಸಿದೆ.
I brought a lunch box.	ನಾನು ಲಂಚ್ ಬಾಕ್ಸ್ ತಂದಿದ್ದೆ.
I buy bread.	ನಾನು ಬ್ರೆಡ್ ಖರೀದಿಸುತ್ತೇನೆ.
I buy food and drinks.	ನಾನು ಆಹಾರ ಮತ್ತು ಪಾನೀಯಗಳನ್ನು ಖರೀದಿಸುತ್ತೇನೆ.
I buy shoes at a shoe shop.	ನಾನು ಶೂ ಅಂಗಡಿಯಲ್ಲಿ ಬೂಟುಗಳನ್ನು ಖರೀದಿಸುತ್ತೇನೆ.
I buy stamps at the post office.	ನಾನು ಅಂಚೆ ಕಚೇರಿಯಲ್ಲಿ ಅಂಚೆಚೀಟಿಗಳನ್ನು ಖರೀದಿಸುತ್ತೇನೆ.
I call my friend.	ನಾನು ನನ್ನ ಸ್ನೇಹಿತನನ್ನು ಕರೆಯುತ್ತೇನೆ.
I call my parents every week.	ನಾನು ಪ್ರತಿ ವಾರ ನನ್ನ ಪೋಷಕರಿಗೆ ಕರೆ ಮಾಡುತ್ತೇನೆ.
I call my parents.	ನಾನು ನನ್ನ ಹೆತ್ತವರನ್ನು ಕರೆಯುತ್ತೇನೆ.
I called my friend.	ನಾನು ನನ್ನ ಸ್ನೇಹಿತನಿಗೆ ಕರೆ ಮಾಡಿದೆ.
I came from India.	ನಾನು ಭಾರತದಿಂದ ಬಂದಿದ್ದೇನೆ.
I can contact you anytime.	ನಾನು ಯಾವಾಗ ಬೇಕಾದರೂ ನಿಮ್ಮನ್ನು ಸಂಪರ್ಕಿಸಬಹುದು.
I can cook.	ನಾನು ಅಡುಗೆ ಮಾಡಬಲ್ಲೆ.
I can drink alcohol.	ನಾನು ಆಲ್ಕೋಹಾಲ್ ಕುಡಿಯಬಹುದು.
I can drink the water.	ನಾನು ನೀರನ್ನು ಕುಡಿಯಬಲ್ಲೆ.
I can drive.	ನಾನು ಓಡಿಸಬಲ್ಲೆ.
I can eat sushi.	ನಾನು ಸುಶಿ ತಿನ್ನಬಹುದು.
I can eat vegetables.	ನಾನು ತರಕಾರಿಗಳನ್ನು ತಿನ್ನಬಹುದು.
I can go to Japan.	ನಾನು ಜಪಾನ್‌ಗೆ ಹೋಗಬಹುದು.
I can hear a voice.	ನಾನು ಧ್ವನಿಯನ್ನು ಕೇಳಬಲ್ಲೆ.
I can play soccer.	ನಾನು ಸಾಕರ್ ಆಡಬಲ್ಲೆ.
I can play tennis.	ನಾನು ಟೆನಿಸ್ ಆಡಬಲ್ಲೆ.
I can play the guitar.	ನಾನು ಗಿಟಾರ್ ನುಡಿಸಬಲ್ಲೆ.
I can play the piano.	ನಾನು ಪಿಯಾನೋ ನುಡಿಸಬಲ್ಲೆ.
I can read English.	ನಾನು ಇಂಗ್ಲಿಷ್ ಓದಬಲ್ಲೆ.
I can read kanji.	ನಾನು ಕಂಜಿಯನ್ನು ಓದಬಲ್ಲೆ.
I can ride a bicycle.	ನಾನು ಸೈಕಲ್ ಓಡಿಸಬಲ್ಲೆ.
I can sing Japanese songs.	ನಾನು ಜಪಾನೀಸ್ ಹಾಡುಗಳನ್ನು ಹಾಡಬಲ್ಲೆ.
I can speak Japanese	ನಾನು ಜಪಾನೀಸ್ ಮಾತನಾಡಬಲ್ಲೆ
I can speak Japanese.	ನಾನು ಜಪಾನೀಸ್ ಮಾತನಾಡಬಲ್ಲೆ.
I can speak a little.	ನಾನು ಸ್ವಲ್ಪ ಮಾತನಾಡಬಲ್ಲೆ.
I can speak three languages.	ನಾನು ಮೂರು ಭಾಷೆಗಳನ್ನು ಮಾತನಾಡಬಲ್ಲೆ.
I can speak 「language」.	ನಾನು "ಭಾಷೆ" ಮಾತನಾಡಬಲ್ಲೆ.
I can swim very well.	ನಾನು ಚೆನ್ನಾಗಿ ಈಜಬಲ್ಲೆ.
I can use this computer.	ನಾನು ಈ ಕಂಪ್ಯೂಟರ್ ಅನ್ನು ಬಳಸಬಹುದು.
I can use this dictionary.	ನಾನು ಈ ನಿಘಂಟನ್ನು ಬಳಸಬಹುದು.
I can write kana.	ನಾನು ಕನಾ ಬರೆಯಬಲ್ಲೆ.
I can't afford to buy a car.	ಕಾರು ಖರೀದಿಸಲು ನನ್ನಿಂದ ಸಾಧ್ಯವಿಲ್ಲ.
I can't eat very spicy food.	ನಾನು ತುಂಬಾ ಮಸಾಲೆಯುಕ್ತ ಆಹಾರವನ್ನು ತಿನ್ನಲು ಸಾಧ್ಯವಿಲ್ಲ.
I can't find my friend.	ನನ್ನ ಸ್ನೇಹಿತನನ್ನು ಹುಡುಕಲಾಗಲಿಲ್ಲ.
I can't find my keys.	ನನ್ನ ಕೀಗಳನ್ನು ಹುಡುಕಲಾಗಲಿಲ್ಲ.
I can't hear you well.	ನನಗೆ ನಿನ್ನ ಮಾತು ಚೆನ್ನಾಗಿ ಕೇಳಿಸುತ್ತಿಲ್ಲ.
I can't hear you.	ನಿನ್ನ ಮಾತು ನನಗೆ ಕೇಳಿಸುತ್ತಿಲ್ಲ.
I can't speak English.	ನನಗೆ ಇಂಗ್ಲಿಷ್ ಬರುವುದಿಲ್ಲ.
I can't speak Japanese well yet.	ನನಗೆ ಇನ್ನೂ ಜಪಾನೀಸ್ ಚೆನ್ನಾಗಿ ಮಾತನಾಡಲು ಬರುವುದಿಲ್ಲ.
I carry a bag.	ನಾನು ಚೀಲವನ್ನು ಒಯ್ಯುತ್ತೇನೆ.
I caught a cold.	ನನಗೆ ಶೀತ ಬಂತು.
I changed my job last year.	ಕಳೆದ ವರ್ಷ ನಾನು ನನ್ನ ಕೆಲಸವನ್ನು ಬದಲಾಯಿಸಿದೆ.
I choose shoes and a hat.	ನಾನು ಶೂಗಳು ಮತ್ತು ಟೋಪಿಯನ್ನು ಆರಿಸುತ್ತೇನೆ.
I clean my room.	ನಾನು ನನ್ನ ಕೋಣೆಯನ್ನು ಸ್ವಚ್ಛಗೊಳಿಸುತ್ತೇನೆ.
I clean the desk and the chair.	ನಾನು ಮೇಜಿನ ಮತ್ತು ಕುರ್ಚಿಯನ್ನು ಸ್ವಚ್ಛಗೊಳಿಸುತ್ತೇನೆ.
I clean the house on Sundays.	ನಾನು ಭಾನುವಾರದಂದು ಮನೆಯನ್ನು ಸ್ವಚ್ಛಗೊಳಿಸುತ್ತೇನೆ.
I close the door.	ನಾನು ಬಾಗಿಲು ಮುಚ್ಚುತ್ತೇನೆ.
I come back home at six.	ನಾನು ಆರು ಗಂಟೆಗೆ ಮನೆಗೆ ಹಿಂತಿರುಗುತ್ತೇನೆ.
I commute by train every day.	ನಾನು ಪ್ರತಿದಿನ ರೈಲಿನಲ್ಲಿ ಪ್ರಯಾಣಿಸುತ್ತೇನೆ.
I completely agree.	ನಾನು ಸಂಪೂರ್ಣವಾಗಿ ಒಪ್ಪುತ್ತೇನೆ.
I cook dinner for my family.	ನಾನು ನನ್ನ ಕುಟುಂಬಕ್ಕೆ ಭೋಜನವನ್ನು ಬೇಯಿಸುತ್ತೇನೆ.
I cook dinner.	ನಾನು ಭೋಜನವನ್ನು ಬೇಯಿಸುತ್ತೇನೆ.
I cook rice. (make a meal)	ನಾನು ಅಕ್ಕಿ ಬೇಯಿಸುತ್ತೇನೆ. (ಊಟ ಮಾಡಿ)
I cook with my friend.	ನಾನು ನನ್ನ ಸ್ನೇಹಿತನೊಂದಿಗೆ ಅಡುಗೆ ಮಾಡುತ್ತೇನೆ.
I could help you with that.	ಅದಕ್ಕೆ ನಾನು ನಿಮಗೆ ಸಹಾಯ ಮಾಡಬಲ್ಲೆ.
I could run fast in my youth.	ನನ್ನ ಯೌವನದಲ್ಲಿ ನಾನು ವೇಗವಾಗಿ ಓಡಬಲ್ಲೆ.
I could swim when I was five.	ನಾನು ಐದು ವರ್ಷದವನಾಗಿದ್ದಾಗ ಈಜಬಲ್ಲೆ.
I couldn't sleep last night.	ನಿನ್ನೆ ರಾತ್ರಿ ನನಗೆ ನಿದ್ದೆ ಬರಲಿಲ್ಲ.
I couldn't sleep much.	ನನಗೆ ಹೆಚ್ಚು ನಿದ್ರೆ ಬರಲಿಲ್ಲ.
I cut bread with a knife.	ನಾನು ಚಾಕುವಿನಿಂದ ಬ್ರೆಡ್ ಕತ್ತರಿಸಿದ್ದೇನೆ.
I cut my hair.	ನಾನು ನನ್ನ ಕೂದಲನ್ನು ಕತ್ತರಿಸಿದ್ದೇನೆ.
I cut paper with scissors.	ನಾನು ಕತ್ತರಿಗಳಿಂದ ಕಾಗದವನ್ನು ಕತ್ತರಿಸಿದ್ದೇನೆ.
I did my homework last night.	ನಾನು ನಿನ್ನೆ ರಾತ್ರಿ ನನ್ನ ಮನೆಕೆಲಸ ಮಾಡಿದೆ.
I didn't do my homework.	ನಾನು ನನ್ನ ಮನೆಕೆಲಸವನ್ನು ಮಾಡಲಿಲ್ಲ.
I didn't go shopping yesterday.	ನಾನು ನಿನ್ನೆ ಶಾಪಿಂಗ್‌ಗೆ ಹೋಗಲಿಲ್ಲ.
I didn't see him.	ನಾನು ಅವನನ್ನು ನೋಡಲಿಲ್ಲ.
I didn't sleep well.	ನನಗೆ ಚೆನ್ನಾಗಿ ನಿದ್ದೆ ಬರಲಿಲ್ಲ.
I didn't understand.	ನನಗೆ ಅರ್ಥವಾಗಲಿಲ್ಲ.
I disagree completely.	ನಾನು ಸಂಪೂರ್ಣವಾಗಿ ಒಪ್ಪುವುದಿಲ್ಲ.
I dislike it	ನಾನು ಅದನ್ನು ಇಷ್ಟಪಡುವುದಿಲ್ಲ
I dislike it.	ನಾನು ಅದನ್ನು ಇಷ್ಟಪಡುವುದಿಲ್ಲ.
I do laundry twice a week.	ನಾನು ವಾರಕ್ಕೆ ಎರಡು ಬಾರಿ ಬಟ್ಟೆ ಒಗೆಯುತ್ತೇನೆ.
I do my homework.	ನಾನು ನನ್ನ ಮನೆಕೆಲಸವನ್ನು ಮಾಡುತ್ತೇನೆ.
I do not know	ನನಗೆ ಗೊತ್ತಿಲ್ಲ
I do research at university.	ನಾನು ವಿಶ್ವವಿದ್ಯಾಲಯದಲ್ಲಿ ಸಂಶೋಧನೆ ಮಾಡುತ್ತೇನೆ.
I do the laundry.	ನಾನು ಲಾಂಡ್ರಿ ಮಾಡುತ್ತೇನೆ.
I don't care.	ನಾನು ಪರವಾಗಿಲ್ಲ.
I don't drink alcohol.	ನಾನು ಮದ್ಯ ಸೇವಿಸುವುದಿಲ್ಲ.
I don't drink coffee.	ನಾನು ಕಾಫಿ ಕುಡಿಯುವುದಿಲ್ಲ.
I don't eat meat.	ನಾನು ಮಾಂಸ ತಿನ್ನುವುದಿಲ್ಲ.
I don't eat much meat.	ನಾನು ಹೆಚ್ಚು ಮಾಂಸ ತಿನ್ನುವುದಿಲ್ಲ.
I don't eat sushi.	ನಾನು ಸುಶಿ ತಿನ್ನುವುದಿಲ್ಲ.
I don't exercise every day.	ನಾನು ಪ್ರತಿದಿನ ವ್ಯಾಯಾಮ ಮಾಡುವುದಿಲ್ಲ.
I don't have a phone.	ನನ್ನ ಬಳಿ ಫೋನ್ ಇಲ್ಲ.
I don't have any money.	ನನ್ನ ಬಳಿ ಹಣವಿಲ್ಲ.
I don't have enough money.	ನನ್ನ ಬಳಿ ಸಾಕಷ್ಟು ಹಣವಿಲ್ಲ.
I don't have many questions.	ನನಗೆ ಹೆಚ್ಚಿನ ಪ್ರಶ್ನೆಗಳಿಲ್ಲ.
I don't have much experience.	ನನಗೆ ಹೆಚ್ಚು ಅನುಭವವಿಲ್ಲ.
I don't have much time.	ನನಗೆ ಹೆಚ್ಚು ಸಮಯವಿಲ್ಲ.
I don't have time today.	ಇಂದು ನನಗೆ ಸಮಯವಿಲ್ಲ.
I don't have time.	ನನಗೆ ಸಮಯವಿಲ್ಲ.
I don't have to work tomorrow.	ನಾನು ನಾಳೆ ಕೆಲಸ ಮಾಡಬೇಕಾಗಿಲ್ಲ.
I don't intend to study.	ನನಗೆ ಅಧ್ಯಯನ ಮಾಡುವ ಉದ್ದೇಶವಿಲ್ಲ.
I don't know (humble)	ನನಗೆ ಗೊತ್ತಿಲ್ಲ (ವಿನಮ್ರ)
I don't know yet.	ನನಗೆ ಇನ್ನೂ ಗೊತ್ತಿಲ್ಲ.
I don't know.	ನನಗೆ ಗೊತ್ತಿಲ್ಲ.
I don't like cats.	ನನಗೆ ಬೆಕ್ಕುಗಳು ಇಷ್ಟವಿಲ್ಲ.
I don't like cold weather.	ನನಗೆ ಶೀತ ಹವಾಮಾನ ಇಷ್ಟವಿಲ್ಲ.
I don't like green tea.	ನನಗೆ ಗ್ರೀನ್ ಟೀ ಇಷ್ಟವಿಲ್ಲ.
I don't like that idea.	ನನಗೆ ಆ ಐಡಿಯಾ ಇಷ್ಟವಿಲ್ಲ.
I don't open the window.	ನಾನು ಕಿಟಕಿಯನ್ನು ತೆರೆಯುವುದಿಲ್ಲ.
I don't pick up unknown numbers.	ನಾನು ಅಪರಿಚಿತ ಸಂಖ್ಯೆಗಳನ್ನು ತೆಗೆದುಕೊಳ್ಳುವುದಿಲ್ಲ.
I don't smoke.	ನಾನು ಧೂಮಪಾನ ಮಾಡುವುದಿಲ್ಲ.
I don't think it's good.	ಇದು ಒಳ್ಳೆಯದು ಎಂದು ನಾನು ಭಾವಿಸುವುದಿಲ್ಲ.
I don't think so.	ನಾನು ಹಾಗೆ ಯೋಚಿಸುವುದಿಲ್ಲ.
I don't understand	ನನಗೆ ಅರ್ಥವಾಗುತ್ತಿಲ್ಲ
I don't understand at all	ನನಗೇನೂ ಅರ್ಥವಾಗುತ್ತಿಲ್ಲ
I don't understand the meaning of this.	ಇದರ ಅರ್ಥ ನನಗೆ ಅರ್ಥವಾಗುತ್ತಿಲ್ಲ.
I don't understand this lesson.	ನನಗೆ ಈ ಪಾಠ ಅರ್ಥವಾಗುತ್ತಿಲ್ಲ.
I don't understand this.	ನನಗೆ ಇದು ಅರ್ಥವಾಗುತ್ತಿಲ್ಲ.
I don't understand well.	ನನಗೆ ಚೆನ್ನಾಗಿ ಅರ್ಥವಾಗುತ್ತಿಲ್ಲ.
I don't understand, please say it again.	ನನಗೆ ಅರ್ಥವಾಗುತ್ತಿಲ್ಲ, ದಯವಿಟ್ಟು ಮತ್ತೊಮ್ಮೆ ಹೇಳಿ.
I don't understand.	ನನಗೆ ಅರ್ಥವಾಗುತ್ತಿಲ್ಲ.
I don't want any soup.	ನನಗೆ ಯಾವುದೇ ಸೂಪ್ ಬೇಡ.
I don't want any trouble.	ನನಗೆ ಯಾವುದೇ ತೊಂದರೆ ಬೇಡ.
I don't want cola.	ನನಗೆ ಕೋಲಾ ಬೇಡ.
I don't watch TV.	ನಾನು ಟಿವಿ ನೋಡುವುದಿಲ್ಲ.
I don't work today.	ನಾನು ಇಂದು ಕೆಲಸ ಮಾಡುವುದಿಲ್ಲ.
I drank coffee at a cafe.	ನಾನು ಕೆಫೆಯಲ್ಲಿ ಕಾಫಿ ಕುಡಿದೆ.
I drank too much coffee.	ನಾನು ತುಂಬಾ ಕಾಫಿ ಕುಡಿದೆ.
I drank too much.	ನಾನು ತುಂಬಾ ಕುಡಿದೆ.
I drank water and rested.	ನೀರು ಕುಡಿದು ವಿಶ್ರಾಂತಿ ಪಡೆದೆ.
I draw a picture.	ನಾನು ಚಿತ್ರ ಬಿಡುತ್ತೇನೆ.
I drew one picture.	ನಾನು ಒಂದು ಚಿತ್ರ ಬಿಡಿಸಿದೆ.
I drink coffee during break.	ವಿರಾಮದ ಸಮಯದಲ್ಲಿ ನಾನು ಕಾಫಿ ಕುಡಿಯುತ್ತೇನೆ.
I drink coffee in the morning.	ನಾನು ಬೆಳಿಗ್ಗೆ ಕಾಫಿ ಕುಡಿಯುತ್ತೇನೆ.
I drink coffee.	ನಾನು ಕಾಫಿ ಕುಡಿಯುತ್ತೇನೆ.
I drink tea at a cafe.	ನಾನು ಕೆಫೆಯಲ್ಲಿ ಚಹಾ ಕುಡಿಯುತ್ತೇನೆ.
I drink tea in the morning.	ನಾನು ಬೆಳಿಗ್ಗೆ ಚಹಾ ಕುಡಿಯುತ್ತೇನೆ.
I eat a lot of vegetables.	ನಾನು ಬಹಳಷ್ಟು ತರಕಾರಿಗಳನ್ನು ತಿನ್ನುತ್ತೇನೆ.
I eat a meal and watch TV.	ಊಟ ತಿಂದು ಟಿವಿ ನೋಡುತ್ತೇನೆ.
I eat at a restaurant.	ನಾನು ರೆಸ್ಟೋರೆಂಟ್‌ನಲ್ಲಿ ತಿನ್ನುತ್ತೇನೆ.
I eat bread and drink coffee.	ನಾನು ಬ್ರೆಡ್ ತಿನ್ನುತ್ತೇನೆ ಮತ್ತು ಕಾಫಿ ಕುಡಿಯುತ್ತೇನೆ.
I eat bread and eggs in the morning.	ನಾನು ಬೆಳಿಗ್ಗೆ ಬ್ರೆಡ್ ಮತ್ತು ಮೊಟ್ಟೆಗಳನ್ನು ತಿನ್ನುತ್ತೇನೆ.
I eat breakfast and go to school.	ತಿಂಡಿ ತಿಂದು ಶಾಲೆಗೆ ಹೋಗುತ್ತೇನೆ.
I eat breakfast at 8.	ನಾನು 8 ಗಂಟೆಗೆ ತಿಂಡಿ ತಿನ್ನುತ್ತೇನೆ.
I eat sukiyaki.	ನಾನು ಸುಕಿಯಾಕಿ ತಿನ್ನುತ್ತೇನೆ.
I eat sushi.	ನಾನು ಸುಶಿ ತಿನ್ನುತ್ತೇನೆ.
I eat with my family.	ನಾನು ನನ್ನ ಕುಟುಂಬದೊಂದಿಗೆ ತಿನ್ನುತ್ತೇನೆ.
I eat yam and rice.	ನಾನು ಅನ್ನ ಮತ್ತು ಅನ್ನವನ್ನು ತಿನ್ನುತ್ತೇನೆ.
I ended up forgetting my keys.	ನಾನು ನನ್ನ ಕೀಲಿಗಳನ್ನು ಮರೆತುಬಿಟ್ಟೆ.
I enjoy listening to music.	ನಾನು ಸಂಗೀತವನ್ನು ಕೇಳುವುದನ್ನು ಆನಂದಿಸುತ್ತೇನೆ.
I enjoy reading at night.	ನಾನು ರಾತ್ರಿಯಲ್ಲಿ ಓದುವುದನ್ನು ಆನಂದಿಸುತ್ತೇನೆ.
I enjoy reading books.	ನಾನು ಪುಸ್ತಕಗಳನ್ನು ಓದುವುದನ್ನು ಆನಂದಿಸುತ್ತೇನೆ.
I entered an empty room.	ನಾನು ಖಾಲಿ ಕೋಣೆಗೆ ಪ್ರವೇಶಿಸಿದೆ.
I exercise at home.	ನಾನು ಮನೆಯಲ್ಲಿ ವ್ಯಾಯಾಮ ಮಾಡುತ್ತೇನೆ.
I exercise every day.	ನಾನು ಪ್ರತಿದಿನ ವ್ಯಾಯಾಮ ಮಾಡುತ್ತೇನೆ.
I feel calm now.	ನಾನು ಈಗ ಶಾಂತವಾಗಿದ್ದೇನೆ.
I feel confident.	ನನಗೆ ಆತ್ಮವಿಶ್ವಾಸವಿದೆ.
I feel embarrassed.	ನನಗೆ ಮುಜುಗರವಾಗುತ್ತಿದೆ.
I feel good.	ನನಗೆ ಒಳ್ಳೆಯದೆನಿಸುತ್ತಿದೆ.
I feel grateful.	ನಾನು ಕೃತಜ್ಞನಾಗಿದ್ದೇನೆ.
I feel heartbroken.	ನನಗೆ ಎದೆಗುಂದಿದೆ.
I feel honored / sorry	ನನಗೆ ಗೌರವ / ವಿಷಾದವಿದೆ
I feel much better now.	ನಾನು ಈಗ ಹೆಚ್ಚು ಉತ್ತಮವಾಗಿದೆ.
I feel relieved now.	ನನಗೀಗ ಸಮಾಧಾನ ಅನಿಸುತ್ತಿದೆ.
I feel relieved.	ನನಗೆ ಸಮಾಧಾನ ಅನಿಸುತ್ತಿದೆ.
I feel sad.	ನನಗೆ ದುಃಖವಾಗುತ್ತಿದೆ.
I feel sick.	ನನಗೆ ಅನಾರೋಗ್ಯ ಅನಿಸುತ್ತಿದೆ.
I feel very sick.	ನನಗೆ ತುಂಬಾ ಅನಾರೋಗ್ಯ ಅನಿಸುತ್ತಿದೆ.
I finished my homework.	ನಾನು ನನ್ನ ಮನೆಕೆಲಸವನ್ನು ಮುಗಿಸಿದೆ.
I finished work and went home.	ನಾನು ಕೆಲಸ ಮುಗಿಸಿ ಮನೆಗೆ ಹೋದೆ.
I forgot my charger.	ನಾನು ನನ್ನ ಚಾರ್ಜರ್ ಅನ್ನು ಮರೆತಿದ್ದೇನೆ.
I forgot my keys at home.	ನಾನು ಮನೆಯಲ್ಲಿ ನನ್ನ ಕೀಗಳನ್ನು ಮರೆತಿದ್ದೇನೆ.
I forgot my notebook.	ನಾನು ನನ್ನ ನೋಟ್ಬುಕ್ ಅನ್ನು ಮರೆತಿದ್ದೇನೆ.
I forgot my wallet.	ನಾನು ನನ್ನ ಕೈಚೀಲವನ್ನು ಮರೆತಿದ್ದೇನೆ.
I found a coin on the street.	ನಾನು ಬೀದಿಯಲ್ಲಿ ನಾಣ್ಯವನ್ನು ಕಂಡುಕೊಂಡೆ.
I gave a presentation today.	ನಾನು ಇಂದು ಪ್ರಸ್ತುತಿಯನ್ನು ನೀಡಿದ್ದೇನೆ.
I gave a presentation.	ನಾನು ಪ್ರಸ್ತುತಿಯನ್ನು ನೀಡಿದ್ದೇನೆ.
I get up at 6 in the morning.	ನಾನು ಬೆಳಿಗ್ಗೆ 6 ಗಂಟೆಗೆ ಏಳುತ್ತೇನೆ.
I get up at 8 o'clock.	ನಾನು 8 ಗಂಟೆಗೆ ಎದ್ದೇಳುತ್ತೇನೆ.
I give a present to my daughter.	ನಾನು ನನ್ನ ಮಗಳಿಗೆ ಉಡುಗೊರೆಯನ್ನು ನೀಡುತ್ತೇನೆ.
I go back home.	ನಾನು ಮನೆಗೆ ಹಿಂತಿರುಗುತ್ತೇನೆ.
I go by bicycle.	ನಾನು ಸೈಕಲ್‌ನಲ್ಲಿ ಹೋಗುತ್ತೇನೆ.
I go by bus.	ನಾನು ಬಸ್ಸಿನಲ್ಲಿ ಹೋಗುತ್ತೇನೆ.
I go by plane flying in the sky.	ನಾನು ಆಕಾಶದಲ್ಲಿ ಹಾರುವ ವಿಮಾನದಲ್ಲಿ ಹೋಗುತ್ತೇನೆ.
I go down.	ನಾನು ಕೆಳಗೆ ಹೋಗುತ್ತೇನೆ.
I go out tomorrow morning.	ನಾನು ನಾಳೆ ಬೆಳಿಗ್ಗೆ ಹೊರಡುತ್ತೇನೆ.
I go out.	ನಾನು ಹೊರಗೆ ಹೋಗುತ್ತೇನೆ.
I go that way.	ನಾನು ಆ ದಾರಿಯಲ್ಲಿ ಹೋಗುತ್ತೇನೆ.
I go to Japan in March.	ನಾನು ಮಾರ್ಚ್‌ನಲ್ಲಿ ಜಪಾನ್‌ಗೆ ಹೋಗುತ್ತೇನೆ.
I go to Kyoto tomorrow.	ನಾನು ನಾಳೆ ಕ್ಯೋಟೋಗೆ ಹೋಗುತ್ತೇನೆ.
I go to Tokyo.	ನಾನು ಟೋಕಿಯೋಗೆ ಹೋಗುತ್ತೇನೆ.
I go to bed around eleven.	ನಾನು ಸುಮಾರು ಹನ್ನೊಂದು ಗಂಟೆಗೆ ಮಲಗುತ್ತೇನೆ.
I go to my friend's house to play.	ನಾನು ನನ್ನ ಸ್ನೇಹಿತನ ಮನೆಗೆ ಆಟವಾಡಲು ಹೋಗುತ್ತೇನೆ.
I go to school by bicycle.	ನಾನು ಶಾಲೆಗೆ ಸೈಕಲ್‌ನಲ್ಲಿ ಹೋಗುತ್ತೇನೆ.
I go to school late.	ನಾನು ಶಾಲೆಗೆ ತಡವಾಗಿ ಹೋಗುತ್ತೇನೆ.
I go to school.	ನಾನು ಶಾಲೆಗೆ ಹೋಗುತ್ತೇನೆ.
I go to sleep around 11.	ನಾನು ಸುಮಾರು 11 ಗಂಟೆಗೆ ಮಲಗುತ್ತೇನೆ.
I go to the gym three times a week.	ನಾನು ವಾರಕ್ಕೆ ಮೂರು ಬಾರಿ ಜಿಮ್‌ಗೆ ಹೋಗುತ್ತೇನೆ.
I go to the library to borrow a book.	ನಾನು ಪುಸ್ತಕವನ್ನು ಎರವಲು ಪಡೆಯಲು ಲೈಬ್ರರಿಗೆ ಹೋಗುತ್ತೇನೆ.
I go to the mountains.	ನಾನು ಪರ್ವತಗಳಿಗೆ ಹೋಗುತ್ತೇನೆ.
I go to the park on Sunday.	ನಾನು ಭಾನುವಾರ ಉದ್ಯಾನವನಕ್ಕೆ ಹೋಗುತ್ತೇನೆ.
I go to the sea.	ನಾನು ಸಮುದ್ರಕ್ಕೆ ಹೋಗುತ್ತೇನೆ.
I go to the station.	ನಾನು ನಿಲ್ದಾಣಕ್ಕೆ ಹೋಗುತ್ತೇನೆ.
I go to the supermarket every day.	ನಾನು ಪ್ರತಿದಿನ ಸೂಪರ್ಮಾರ್ಕೆಟ್ಗೆ ಹೋಗುತ್ತೇನೆ.
I go to town to shop.	ನಾನು ಶಾಪಿಂಗ್ ಮಾಡಲು ಪಟ್ಟಣಕ್ಕೆ ಹೋಗುತ್ತೇನೆ.
I go to work at the company.	ನಾನು ಕಂಪನಿಗೆ ಕೆಲಸಕ್ಕೆ ಹೋಗುತ್ತೇನೆ.
I go to work by bus.	ನಾನು ಬಸ್ಸಿನಲ್ಲಿ ಕೆಲಸಕ್ಕೆ ಹೋಗುತ್ತೇನೆ.
I go to work by train.	ನಾನು ರೈಲಿನಲ್ಲಿ ಕೆಲಸಕ್ಕೆ ಹೋಗುತ್ತೇನೆ.
I go to work.	ನಾನು ಕೆಲಸಕ್ಕೆ ಹೋಗುತ್ತೇನೆ.
I go up.	ನಾನು ಮೇಲಕ್ಕೆ ಹೋಗುತ್ತೇನೆ.
I got a salary raise.	ನನಗೆ ಸಂಬಳ ಏರಿಕೆಯಾಗಿದೆ.
I got an email.	ನನಗೆ ಇಮೇಲ್ ಬಂದಿದೆ.
I got hurt.	ನನಗೆ ಗಾಯವಾಯಿತು.
I got injured.	ನನಗೆ ಗಾಯವಾಯಿತು.
I got married last year.	ಕಳೆದ ವರ್ಷ ನನಗೆ ಮದುವೆಯಾಯಿತು.
I got on the wrong bus.	ನಾನು ತಪ್ಪು ಬಸ್ ಹತ್ತಿದೆ.
I got rained on (lit. was rained on by rain).	I got rained on (ಮಳೆಯಿಂದ ಮಳೆಯಾಯಿತು).
I got separated from my child.	ನಾನು ನನ್ನ ಮಗುವಿನಿಂದ ಬೇರ್ಪಟ್ಟೆ.
I got the teacher to lend me a book.	ನನಗೆ ಪುಸ್ತಕವನ್ನು ಕೊಡಲು ನಾನು ಶಿಕ್ಷಕರನ್ನು ಪಡೆದುಕೊಂಡೆ.
I got wet in the rain.	ನಾನು ಮಳೆಯಲ್ಲಿ ಒದ್ದೆಯಾದೆ.
I graduated last year.	ನಾನು ಕಳೆದ ವರ್ಷ ಪದವಿ ಪಡೆದಿದ್ದೇನೆ.
I graduated.	ನಾನು ಪದವಿ ಪಡೆದೆ.
I had finished my homework when she came.	ಅವಳು ಬಂದಾಗ ನಾನು ನನ್ನ ಮನೆಕೆಲಸವನ್ನು ಮುಗಿಸಿದ್ದೆ.
I had my hair cut yesterday.	ನಾನು ನಿನ್ನೆ ನನ್ನ ಕೂದಲನ್ನು ಕತ್ತರಿಸಿದ್ದೇನೆ.
I had never felt so happy.	ನಾನು ಯಾವತ್ತೂ ಇಷ್ಟು ಸಂತೋಷವನ್ನು ಅನುಭವಿಸಿರಲಿಲ್ಲ.
I had never seen the ocean before that day.	ಆ ದಿನ ಮೊದಲು ನಾನು ಸಾಗರವನ್ನು ನೋಡಿರಲಿಲ್ಲ.
I had seen that place in a dream.	ನಾನು ಆ ಸ್ಥಳವನ್ನು ಕನಸಿನಲ್ಲಿ ನೋಡಿದ್ದೆ.
I had two slices of cake.	ನನ್ನ ಬಳಿ ಎರಡು ಕೇಕ್ ಸ್ಲೈಸ್ ಇತ್ತು.
I hadn't realized how late it was.	ಎಷ್ಟು ತಡವಾಯಿತು ಎಂದು ನನಗೆ ತಿಳಿದಿರಲಿಲ್ಲ.
I have a bag and a backpack.	ನನ್ನ ಬಳಿ ಬ್ಯಾಗ್ ಮತ್ತು ಬೆನ್ನುಹೊರೆ ಇದೆ.
I have a boyfriend.	ನನಗೆ ಒಬ್ಬ ಗೆಳೆಯನಿದ್ದಾನೆ.
I have a car.	ನನ್ನ ಬಳಿ ಕಾರು ಇದೆ.
I have a cat.	ನನ್ನ ಬಳಿ ಬೆಕ್ಕು ಇದೆ.
I have a dog named Max.	ನನ್ನ ಬಳಿ ಮ್ಯಾಕ್ಸ್ ಎಂಬ ನಾಯಿ ಇದೆ.
I have a dog.	ನನ್ನ ಬಳಿ ನಾಯಿ ಇದೆ.
I have a dream, I want to become a doctor.	ನನಗೆ ಕನಸು ಇದೆ, ನಾನು ವೈದ್ಯನಾಗಬೇಕು.
I have a fever.	ನನಗೆ ಜ್ವರ ಬಂದಿದೆ.
I have a girlfriend.	ನನಗೆ ಒಬ್ಬ ಗೆಳತಿ ಇದ್ದಾಳೆ.
I have a headache.	ನನಗೆ ತಲೆನೋವು ಇದೆ.
I have a lot of homework.	ನನಗೆ ಬಹಳಷ್ಟು ಮನೆಕೆಲಸವಿದೆ.
I have a meeting at ten.	ನನಗೆ ಹತ್ತಕ್ಕೆ ಮೀಟಿಂಗ್ ಇದೆ.
I have a meeting.	ನನಗೆ ಮೀಟಿಂಗ್ ಇದೆ.
I have a question.	ನನಗೆ ಒಂದು ಪ್ರಶ್ನೆ ಇದೆ.
I have a reservation.	ನನಗೆ ಮೀಸಲಾತಿ ಇದೆ.
I have a savings account.	ನನ್ನ ಬಳಿ ಉಳಿತಾಯ ಖಾತೆ ಇದೆ.
I have a toothache.	ನನಗೆ ಹಲ್ಲುನೋವು ಇದೆ.
I have a younger sister.	ನನಗೆ ಒಬ್ಬ ತಂಗಿ ಇದ್ದಾಳೆ.
I have an idea.	ನನಗೊಂದು ಉಪಾಯವಿದೆ.
I have an older brother.	ನನಗೆ ಒಬ್ಬ ಅಣ್ಣ ಇದ್ದಾನೆ.
I have been feeling tired all week.	ನಾನು ವಾರವಿಡೀ ದಣಿದಿದ್ದೇನೆ.
I have been practicing the piano every day.	ನಾನು ಪ್ರತಿದಿನ ಪಿಯಾನೋವನ್ನು ಅಭ್ಯಾಸ ಮಾಡುತ್ತಿದ್ದೇನೆ.
I have been reading this novel for weeks.	ನಾನು ಈ ಕಾದಂಬರಿಯನ್ನು ವಾರಗಳಿಂದ ಓದುತ್ತಿದ್ದೇನೆ.
I have been studying English since 2021.	ನಾನು 2021 ರಿಂದ ಇಂಗ್ಲಿಷ್ ಕಲಿಯುತ್ತಿದ್ದೇನೆ.
I have been thinking about your offer.	ನಾನು ನಿಮ್ಮ ಪ್ರಸ್ತಾಪದ ಬಗ್ಗೆ ಯೋಚಿಸುತ್ತಿದ್ದೇನೆ.
I have been to Japan.	ನಾನು ಜಪಾನ್‌ಗೆ ಹೋಗಿದ್ದೇನೆ.
I have been very busy lately.	ನಾನು ಇತ್ತೀಚೆಗೆ ತುಂಬಾ ಕಾರ್ಯನಿರತನಾಗಿದ್ದೆ.
I have been waiting for an hour.	ನಾನು ಒಂದು ಗಂಟೆಯಿಂದ ಕಾಯುತ್ತಿದ್ದೇನೆ.
I have been working here for five years.	ಐದು ವರ್ಷಗಳಿಂದ ಇಲ್ಲಿ ಕೆಲಸ ಮಾಡುತ್ತಿದ್ದೇನೆ.
I have bread and coffee for breakfast.	ನಾನು ಉಪಾಹಾರಕ್ಕಾಗಿ ಬ್ರೆಡ್ ಮತ್ತು ಕಾಫಿಯನ್ನು ಹೊಂದಿದ್ದೇನೆ.
I have bread and milk for breakfast.	ಉಪಾಹಾರಕ್ಕಾಗಿ ನನ್ನ ಬಳಿ ಬ್ರೆಡ್ ಮತ್ತು ಹಾಲು ಇದೆ.
I have breakfast at eight.	ನಾನು ಎಂಟು ಗಂಟೆಗೆ ಉಪಹಾರವನ್ನು ಹೊಂದಿದ್ದೇನೆ.
I have eaten sushi before.	ನಾನು ಮೊದಲು ಸುಶಿ ತಿಂದಿದ್ದೇನೆ.
I have just finished my work.	ಈಗಷ್ಟೇ ನನ್ನ ಕೆಲಸ ಮುಗಿಸಿದ್ದೇನೆ.
I have lived here for ten years.	ನಾನು ಹತ್ತು ವರ್ಷಗಳಿಂದ ಇಲ್ಲಿ ವಾಸಿಸುತ್ತಿದ್ದೇನೆ.
I have lived here since 2019.	ನಾನು 2019 ರಿಂದ ಇಲ್ಲಿ ವಾಸಿಸುತ್ತಿದ್ದೇನೆ.
I have lost my keys.	ನಾನು ನನ್ನ ಕೀಲಿಗಳನ್ನು ಕಳೆದುಕೊಂಡಿದ್ದೇನೆ.
I have lunch at my desk.	ನನ್ನ ಮೇಜಿನ ಬಳಿ ನಾನು ಊಟ ಮಾಡುತ್ತೇನೆ.
I have many friends.	ನನಗೆ ಅನೇಕ ಸ್ನೇಹಿತರಿದ್ದಾರೆ.
I have never seen it.	ನಾನು ಅದನ್ನು ನೋಡಿಲ್ಲ.
I have never seen such a beautiful sunset.	ಅಂತಹ ಸುಂದರವಾದ ಸೂರ್ಯಾಸ್ತವನ್ನು ನಾನು ನೋಡಿಲ್ಲ.
I have no money.	ನನ್ನ ಬಳಿ ಹಣವಿಲ್ಲ.
I have no time	ನನಗೆ ಸಮಯವಿಲ್ಲ
I have no time.	ನನಗೆ ಸಮಯವಿಲ್ಲ.
I have received / understood	ನಾನು ಸ್ವೀಕರಿಸಿದ್ದೇನೆ / ಅರ್ಥಮಾಡಿಕೊಂಡಿದ್ದೇನೆ
I have seen this movie before.	ನಾನು ಈ ಸಿನಿಮಾವನ್ನು ಈ ಹಿಂದೆ ನೋಡಿದ್ದೆ.
I have some friends in Tokyo.	ಟೋಕಿಯೋದಲ್ಲಿ ನನಗೆ ಕೆಲವು ಸ್ನೇಹಿತರಿದ್ದಾರೆ.
I have some money.	ನನ್ನ ಬಳಿ ಸ್ವಲ್ಪ ಹಣವಿದೆ.
I have time.	ನನಗೆ ಸಮಯವಿದೆ.
I have to finish this today.	ನಾನು ಇದನ್ನು ಇಂದೇ ಮುಗಿಸಬೇಕು.
I have to get up early.	ನಾನು ಬೇಗ ಏಳಬೇಕು.
I have to study for the exam.	ಪರೀಕ್ಷೆಗೆ ಓದಬೇಕು.
I have two brothers.	ನನಗೆ ಇಬ್ಬರು ಸಹೋದರರಿದ್ದಾರೆ.
I have two children.	ನನಗೆ ಇಬ್ಬರು ಮಕ್ಕಳಿದ್ದಾರೆ.
I have visited Japan twice.	ನಾನು ಎರಡು ಬಾರಿ ಜಪಾನ್‌ಗೆ ಭೇಟಿ ನೀಡಿದ್ದೇನೆ.
I haven't been sleeping well lately.	ನಾನು ಇತ್ತೀಚೆಗೆ ಸರಿಯಾಗಿ ನಿದ್ದೆ ಮಾಡುತ್ತಿಲ್ಲ.
I haven't eaten today.	ನಾನು ಇವತ್ತು ಊಟ ಮಾಡಿಲ್ಲ.
I haven't eaten yet.	ನಾನು ಇನ್ನೂ ತಿಂದಿಲ್ಲ.
I haven't seen him since last year.	ಕಳೆದ ವರ್ಷದಿಂದ ನಾನು ಅವನನ್ನು ನೋಡಿಲ್ಲ.
I head toward the station.	ನಾನು ನಿಲ್ದಾಣದ ಕಡೆಗೆ ಹೋಗುತ್ತೇನೆ.
I heard good news.	ಒಳ್ಳೆಯ ಸುದ್ದಿ ಕೇಳಿದ್ದೇನೆ.
I hope to see you soon.	ಶೀಘ್ರದಲ್ಲೇ ನಿಮ್ಮನ್ನು ನೋಡಲು ನಾನು ಭಾವಿಸುತ್ತೇನೆ.
I humbly receive (said before eating)	ನಾನು ನಮ್ರತೆಯಿಂದ ಸ್ವೀಕರಿಸುತ್ತೇನೆ (ತಿನ್ನುವ ಮೊದಲು ಹೇಳಿದರು)
I intend to go to Japan next week.	ಮುಂದಿನ ವಾರ ಜಪಾನ್‌ಗೆ ಹೋಗುವ ಉದ್ದೇಶವಿದೆ.
I invited (them) to a meal.	ನಾನು (ಅವರನ್ನು) ಊಟಕ್ಕೆ ಆಹ್ವಾನಿಸಿದೆ.
I just ate.	ನಾನು ಈಗಷ್ಟೇ ತಿಂದೆ.
I keep sneezing.	ನಾನು ಸೀನುತ್ತಲೇ ಇರುತ್ತೇನೆ.
I know	ನನಗೆ ಗೊತ್ತು
I know his name.	ಅವರ ಹೆಸರು ನನಗೆ ಗೊತ್ತು.
I know the answer.	ಉತ್ತರ ನನಗೆ ಗೊತ್ತು.
I leave home at 8.	ನಾನು 8 ಗಂಟೆಗೆ ಮನೆಯಿಂದ ಹೊರಡುತ್ತೇನೆ.
I leave home at eight.	ನಾನು ಎಂಟು ಗಂಟೆಗೆ ಮನೆಯಿಂದ ಹೊರಡುತ್ತೇನೆ.
I left a message.	ನಾನು ಸಂದೇಶವನ್ನು ಬಿಟ್ಟೆ.
I like Japan.	ನನಗೆ ಜಪಾನ್ ಇಷ್ಟ.
I like cats.	ನನಗೆ ಬೆಕ್ಕುಗಳು ಇಷ್ಟ.
I like flowers and music.	ನಾನು ಹೂವುಗಳು ಮತ್ತು ಸಂಗೀತವನ್ನು ಇಷ್ಟಪಡುತ್ತೇನೆ.
I like it	ನಾನು ಅದನ್ನು ಇಷ್ಟಪಡುತ್ತೇನೆ
I like manga.	ನನಗೆ ಮಂಗಾ ಇಷ್ಟ.
I like playing with rabbits.	ನಾನು ಮೊಲಗಳೊಂದಿಗೆ ಆಟವಾಡಲು ಇಷ್ಟಪಡುತ್ತೇನೆ.
I like sushi more than yakiniku.	ನಾನು ಯಾಕಿನಿಕುಗಿಂತ ಸುಶಿಯನ್ನು ಹೆಚ್ಚು ಇಷ್ಟಪಡುತ್ತೇನೆ.
I like sushi, but it's expensive.	ನಾನು ಸುಶಿ ಇಷ್ಟಪಡುತ್ತೇನೆ, ಆದರೆ ಇದು ದುಬಾರಿಯಾಗಿದೆ.
I like sushi.	ನನಗೆ ಸುಶಿ ಇಷ್ಟ.
I like swimming in the sea.	ನನಗೆ ಸಮುದ್ರದಲ್ಲಿ ಈಜುವುದು ಇಷ್ಟ.
I like the morning walk.	ನಾನು ಬೆಳಗಿನ ನಡಿಗೆಯನ್ನು ಇಷ್ಟಪಡುತ್ತೇನೆ.
I like walking more than shopping.	ನಾನು ಶಾಪಿಂಗ್ ಮಾಡುವುದಕ್ಕಿಂತ ನಡೆಯಲು ಇಷ್ಟಪಡುತ್ತೇನೆ.
I listen to English podcasts.	ನಾನು ಇಂಗ್ಲಿಷ್ ಪಾಡ್‌ಕಾಸ್ಟ್‌ಗಳನ್ನು ಕೇಳುತ್ತೇನೆ.
I listen to Japanese CDs.	ನಾನು ಜಪಾನೀಸ್ ಸಿಡಿಗಳನ್ನು ಕೇಳುತ್ತೇನೆ.
I listen to music.	ನಾನು ಸಂಗೀತವನ್ನು ಕೇಳುತ್ತೇನೆ.
I live in Delhi.	ನಾನು ದೆಹಲಿಯಲ್ಲಿ ವಾಸಿಸುತ್ತಿದ್ದೇನೆ.
I live in Kyoto.	ನಾನು ಕ್ಯೋಟೋದಲ್ಲಿ ವಾಸಿಸುತ್ತಿದ್ದೇನೆ.
I live in Mumbai.	ನಾನು ಮುಂಬೈನಲ್ಲಿ ವಾಸಿಸುತ್ತಿದ್ದೇನೆ.
I live in Tokyo.	ನಾನು ಟೋಕಿಯೋದಲ್ಲಿ ವಾಸಿಸುತ್ತಿದ್ದೇನೆ.
I live near the city center.	ನಾನು ನಗರ ಕೇಂದ್ರದ ಬಳಿ ವಾಸಿಸುತ್ತಿದ್ದೇನೆ.
I live together with my brother.	ನಾನು ನನ್ನ ಸಹೋದರನೊಂದಿಗೆ ಒಟ್ಟಿಗೆ ವಾಸಿಸುತ್ತಿದ್ದೇನೆ.
I look forward to meeting you.	ನಾನು ನಿಮ್ಮನ್ನು ಭೇಟಿಯಾಗಲು ಎದುರು ನೋಡುತ್ತಿದ್ದೇನೆ.
I look forward to the weekend.	ನಾನು ವಾರಾಂತ್ಯಕ್ಕಾಗಿ ಎದುರು ನೋಡುತ್ತಿದ್ದೇನೆ.
I look it up in the dictionary.	ನಾನು ನಿಘಂಟಿನಲ್ಲಿ ಹುಡುಕುತ್ತೇನೆ.
I look like my father.	ನಾನು ನನ್ನ ತಂದೆಯಂತೆ ಕಾಣುತ್ತೇನೆ.
I lost my passport.	ನಾನು ನನ್ನ ಪಾಸ್‌ಪೋರ್ಟ್ ಕಳೆದುಕೊಂಡೆ.
I lost my ticket.	ನಾನು ನನ್ನ ಟಿಕೆಟ್ ಕಳೆದುಕೊಂಡೆ.
I lost my wallet.	ನಾನು ನನ್ನ ಕೈಚೀಲವನ್ನು ಕಳೆದುಕೊಂಡೆ.
I love ice cream.	ನಾನು ಐಸ್ ಕ್ರೀಮ್ ಪ್ರೀತಿಸುತ್ತೇನೆ.
I love it	ನಾನು ಅದನ್ನು ಪ್ರೀತಿಸುತ್ತೇನೆ
I love it.	ನಾನು ಅದನ್ನು ಪ್ರೀತಿಸುತ್ತೇನೆ.
I love learning new things.	ನಾನು ಹೊಸ ವಿಷಯಗಳನ್ನು ಕಲಿಯಲು ಇಷ್ಟಪಡುತ್ತೇನೆ.
I love mornings.	ನಾನು ಬೆಳಿಗ್ಗೆ ಪ್ರೀತಿಸುತ್ತೇನೆ.
I love my family very much.	ನಾನು ನನ್ನ ಕುಟುಂಬವನ್ನು ತುಂಬಾ ಪ್ರೀತಿಸುತ್ತೇನೆ.
I love rainy days.	ನಾನು ಮಳೆಯ ದಿನಗಳನ್ನು ಪ್ರೀತಿಸುತ್ತೇನೆ.
I love sushi.	ನಾನು ಸುಶಿಯನ್ನು ಪ್ರೀತಿಸುತ್ತೇನೆ.
I love tea, and so does she.	ನಾನು ಚಹಾವನ್ನು ಪ್ರೀತಿಸುತ್ತೇನೆ, ಮತ್ತು ಅವಳೂ ಸಹ.
I love the food my mother makes.	ನನ್ನ ತಾಯಿ ಮಾಡುವ ಆಹಾರವನ್ನು ನಾನು ಇಷ್ಟಪಡುತ್ತೇನೆ.
I love this restaurant.	ನಾನು ಈ ರೆಸ್ಟೋರೆಂಟ್ ಅನ್ನು ಪ್ರೀತಿಸುತ್ತೇನೆ.
I love this song.	ನಾನು ಈ ಹಾಡನ್ನು ಪ್ರೀತಿಸುತ್ತೇನೆ.
I made Japanese food.	ನಾನು ಜಪಾನೀಸ್ ಆಹಾರವನ್ನು ತಯಾರಿಸಿದೆ.
I made a friend at work.	ನಾನು ಕೆಲಸದಲ್ಲಿ ಸ್ನೇಹಿತನನ್ನು ಮಾಡಿಕೊಂಡೆ.
I made a friend.	ನಾನು ಸ್ನೇಹಿತನನ್ನು ಮಾಡಿಕೊಂಡೆ.
I made a mistake (oops).	ನಾನು ತಪ್ಪು ಮಾಡಿದೆ (ಓಹ್).
I made a mistake.	ನಾನು ತಪ್ಪು ಮಾಡಿದೆ.
I made it.	ನಾನು ಅದನ್ನು ಮಾಡಿದೆ.
I make a point of going to bed at 10 p.m.	ನಾನು 10 ಗಂಟೆಗೆ ಮಲಗಲು ಹೋಗುತ್ತೇನೆ.
I make coffee with milk.	ನಾನು ಹಾಲಿನೊಂದಿಗೆ ಕಾಫಿ ತಯಾರಿಸುತ್ತೇನೆ.
I make it a rule to study Japanese every day.	ನಾನು ಪ್ರತಿದಿನ ಜಪಾನೀಸ್ ಅಧ್ಯಯನ ಮಾಡುವುದನ್ನು ರೂಢಿಸುತ್ತೇನೆ.
I married him.	ನಾನು ಅವನನ್ನು ಮದುವೆಯಾದೆ.
I may be a little late to the party.	ನಾನು ಪಾರ್ಟಿಗೆ ಸ್ವಲ್ಪ ತಡವಾಗಬಹುದು.
I may have left my wallet at home.	ನಾನು ನನ್ನ ಕೈಚೀಲವನ್ನು ಮನೆಯಲ್ಲಿಯೇ ಇಟ್ಟಿರಬಹುದು.
I meet a work friend.	ನಾನು ಕೆಲಸದ ಸ್ನೇಹಿತನನ್ನು ಭೇಟಿಯಾದೆ.
I met a friend at the station.	ನಾನು ನಿಲ್ದಾಣದಲ್ಲಿ ಸ್ನೇಹಿತನನ್ನು ಭೇಟಿಯಾದೆ.
I met a man at the party.	ನಾನು ಪಾರ್ಟಿಯಲ್ಲಿ ಒಬ್ಬ ವ್ಯಕ್ತಿಯನ್ನು ಭೇಟಿಯಾದೆ.
I met the boss.	ನಾನು ಬಾಸ್ ಅನ್ನು ಭೇಟಿಯಾದೆ.
I might be late for the meeting.	ನಾನು ಸಭೆಗೆ ತಡವಾಗಿರಬಹುದು.
I might visit my grandmother this weekend.	ನಾನು ಈ ವಾರಾಂತ್ಯದಲ್ಲಿ ನನ್ನ ಅಜ್ಜಿಯನ್ನು ಭೇಟಿ ಮಾಡಬಹುದು.
I miss my family.	ನಾನು ನನ್ನ ಕುಟುಂಬವನ್ನು ಕಳೆದುಕೊಳ್ಳುತ್ತೇನೆ.
I missed your call.	ನಾನು ನಿಮ್ಮ ಕರೆಯನ್ನು ತಪ್ಪಿಸಿದೆ.
I move forward.	ನಾನು ಮುಂದೆ ಸಾಗುತ್ತೇನೆ.
I moved into a new apartment.	ನಾನು ಹೊಸ ಅಪಾರ್ಟ್ಮೆಂಟ್ಗೆ ಹೋದೆ.
I must finish this today.	ನಾನು ಇದನ್ನು ಇಂದೇ ಮುಗಿಸಬೇಕು.
I must remember this.	ನಾನು ಇದನ್ನು ನೆನಪಿನಲ್ಲಿಟ್ಟುಕೊಳ್ಳಬೇಕು.
I need a doctor.	ನನಗೆ ಡಾಕ್ಟರ್ ಬೇಕು.
I need a pair of socks.	ನನಗೆ ಒಂದು ಜೊತೆ ಸಾಕ್ಸ್ ಬೇಕು.
I need an umbrella.	ನನಗೆ ಕೊಡೆ ಬೇಕು.
I need medicine.	ನನಗೆ ಔಷಧಿ ಬೇಕು.
I need some help.	ನನಗೆ ಸ್ವಲ್ಪ ಸಹಾಯ ಬೇಕು.
I need to charge my phone.	ನಾನು ನನ್ನ ಫೋನ್ ಅನ್ನು ಚಾರ್ಜ್ ಮಾಡಬೇಕಾಗಿದೆ.
I need to check my luggage.	ನಾನು ನನ್ನ ಸಾಮಾನುಗಳನ್ನು ಪರಿಶೀಲಿಸಬೇಕಾಗಿದೆ.
I need to exchange money.	ನಾನು ಹಣವನ್ನು ವಿನಿಮಯ ಮಾಡಿಕೊಳ್ಳಬೇಕಾಗಿದೆ.
I need to finish this report.	ನಾನು ಈ ವರದಿಯನ್ನು ಮುಗಿಸಬೇಕಾಗಿದೆ.
I need to see a doctor.	ನಾನು ವೈದ್ಯರನ್ನು ನೋಡಬೇಕಾಗಿದೆ.
I need your help.	ನನಗೆ ನಿಮ್ಮ ಸಹಾಯ ಬೇಕು.
I open the window.	ನಾನು ಕಿಟಕಿ ತೆರೆಯುತ್ತೇನೆ.
I opened a bank account.	ನಾನು ಬ್ಯಾಂಕ್ ಖಾತೆ ತೆರೆದೆ.
I passed the exam!	ನಾನು ಪರೀಕ್ಷೆಯಲ್ಲಿ ಉತ್ತೀರ್ಣನಾಗಿದ್ದೆ!
I pay money.	ನಾನು ಹಣ ಕೊಡುತ್ತೇನೆ.
I pay with my card.	ನಾನು ನನ್ನ ಕಾರ್ಡ್‌ನೊಂದಿಗೆ ಪಾವತಿಸುತ್ತೇನೆ.
I plan to sleep early today.	ನಾನು ಇಂದು ಬೇಗನೆ ಮಲಗಲು ಯೋಜಿಸುತ್ತೇನೆ.
I play ball with the children.	ನಾನು ಮಕ್ಕಳೊಂದಿಗೆ ಚೆಂಡನ್ನು ಆಡುತ್ತೇನೆ.
I play in the park.	ನಾನು ಉದ್ಯಾನವನದಲ್ಲಿ ಆಡುತ್ತೇನೆ.
I play tennis.	ನಾನು ಟೆನಿಸ್ ಆಡುತ್ತೇನೆ.
I play with a friend.	ನಾನು ಸ್ನೇಹಿತನೊಂದಿಗೆ ಆಡುತ್ತೇನೆ.
I play with friends during lunch break.	ಊಟದ ವಿರಾಮದ ಸಮಯದಲ್ಲಿ ನಾನು ಸ್ನೇಹಿತರೊಂದಿಗೆ ಆಡುತ್ತೇನೆ.
I play with friends.	ನಾನು ಸ್ನೇಹಿತರೊಂದಿಗೆ ಆಡುತ್ತೇನೆ.
I play with the cat.	ನಾನು ಬೆಕ್ಕಿನೊಂದಿಗೆ ಆಡುತ್ತೇನೆ.
I played with a friend.	ನಾನು ಸ್ನೇಹಿತನೊಂದಿಗೆ ಆಡಿದೆ.
I practice kanji.	ನಾನು ಕಾಂಜಿ ಅಭ್ಯಾಸ ಮಾಡುತ್ತೇನೆ.
I practice writing every day.	ನಾನು ಪ್ರತಿದಿನ ಬರೆಯುವುದನ್ನು ಅಭ್ಯಾಸ ಮಾಡುತ್ತೇನೆ.
I prefer walking.	ನಾನು ನಡೆಯಲು ಆದ್ಯತೆ ನೀಡುತ್ತೇನೆ.
I promise I will be careful.	ನಾನು ಜಾಗರೂಕರಾಗಿರುತ್ತೇನೆ ಎಂದು ಭರವಸೆ ನೀಡುತ್ತೇನೆ.
I push the bicycle.	ನಾನು ಸೈಕಲ್ ತುಳಿಯುತ್ತೇನೆ.
I put the book in my bag.	ನಾನು ಪುಸ್ತಕವನ್ನು ನನ್ನ ಚೀಲದಲ್ಲಿ ಹಾಕಿದೆ.
I quit my job.	ನಾನು ನನ್ನ ಕೆಲಸ ಬಿಟ್ಟೆ.
I read a book and write a report.	ನಾನು ಪುಸ್ತಕವನ್ನು ಓದುತ್ತೇನೆ ಮತ್ತು ವರದಿಯನ್ನು ಬರೆಯುತ್ತೇನೆ.
I read a book.	ನಾನು ಪುಸ್ತಕ ಓದಿದೆ.
I read a chapter every night.	ನಾನು ಪ್ರತಿ ರಾತ್ರಿ ಒಂದು ಅಧ್ಯಾಯವನ್ನು ಓದುತ್ತೇನೆ.
I read before sleeping.	ಮಲಗುವ ಮುನ್ನ ಓದುತ್ತಿದ್ದೆ.
I read that book last year.	ಆ ಪುಸ್ತಕವನ್ನು ಕಳೆದ ವರ್ಷ ಓದಿದ್ದೆ.
I read the newspaper every day.	ಪ್ರತಿ ದಿನ ಪತ್ರಿಕೆ ಓದುತ್ತೇನೆ.
I read this book.	ನಾನು ಈ ಪುಸ್ತಕವನ್ನು ಓದಿದೆ.
I really like it.	ನಾನು ಅದನ್ನು ನಿಜವಾಗಿಯೂ ಇಷ್ಟಪಡುತ್ತೇನೆ.
I relax in the living room.	ನಾನು ದೇಶ ಕೋಣೆಯಲ್ಲಿ ವಿಶ್ರಾಂತಿ ಪಡೆಯುತ್ತೇನೆ.
I relax on the sofa.	ನಾನು ಸೋಫಾದಲ್ಲಿ ವಿಶ್ರಾಂತಿ ಪಡೆಯುತ್ತೇನೆ.
I rest slowly at home.	ನಾನು ಮನೆಯಲ್ಲಿ ನಿಧಾನವಾಗಿ ವಿಶ್ರಾಂತಿ ಪಡೆಯುತ್ತೇನೆ.
I return at 6.	ನಾನು 6 ಗಂಟೆಗೆ ಹಿಂತಿರುಗುತ್ತೇನೆ.
I return to my country.	ನಾನು ನನ್ನ ದೇಶಕ್ಕೆ ಹಿಂತಿರುಗುತ್ತೇನೆ.
I return to my family.	ನಾನು ನನ್ನ ಕುಟುಂಬಕ್ಕೆ ಹಿಂತಿರುಗುತ್ತೇನೆ.
I ride my bike to the park.	ನಾನು ಉದ್ಯಾನವನಕ್ಕೆ ನನ್ನ ಬೈಕು ಸವಾರಿ ಮಾಡುತ್ತೇನೆ.
I ride the bus and go to work.	ನಾನು ಬಸ್ ಹತ್ತಿ ಕೆಲಸಕ್ಕೆ ಹೋಗುತ್ತೇನೆ.
I ride the bus.	ನಾನು ಬಸ್ ಓಡಿಸುತ್ತೇನೆ.
I said I was going home.	ನಾನು ಮನೆಗೆ ಹೋಗುತ್ತಿದ್ದೇನೆ ಎಂದು ಹೇಳಿದೆ.
I said I would help her.	ನಾನು ಅವಳಿಗೆ ಸಹಾಯ ಮಾಡುತ್ತೇನೆ ಎಂದು ಹೇಳಿದೆ.
I said goodbye to my friend.	ನಾನು ನನ್ನ ಸ್ನೇಹಿತನಿಗೆ ವಿದಾಯ ಹೇಳಿದೆ.
I sang karaoke.	ನಾನು ಕ್ಯಾರಿಯೋಕೆ ಹಾಡಿದೆ.
I saw her at the station.	ನಾನು ಅವಳನ್ನು ನಿಲ್ದಾಣದಲ್ಲಿ ನೋಡಿದೆ.
I see / indeed	ನಾನು ನೋಡುತ್ತೇನೆ / ನಿಜವಾಗಿಯೂ
I see / is that so?	ನಾನು ನೋಡುತ್ತೇನೆ / ಅದು ಹಾಗೆ?
I see two dogs.	ನಾನು ಎರಡು ನಾಯಿಗಳನ್ನು ನೋಡುತ್ತೇನೆ.
I see. (casual)	ನಾನು ನೋಡುತ್ತೇನೆ. (ಸಾಂದರ್ಭಿಕ)
I set a goal to learn ten words a day.	ನಾನು ದಿನಕ್ಕೆ ಹತ್ತು ಪದಗಳನ್ನು ಕಲಿಯುವ ಗುರಿಯನ್ನು ಹೊಂದಿದ್ದೇನೆ.
I set my alarm for six.	ನಾನು ನನ್ನ ಅಲಾರಾಂ ಅನ್ನು ಆರಕ್ಕೆ ಹೊಂದಿಸಿದೆ.
I set the alarm.	ನಾನು ಅಲಾರಾಂ ಸೆಟ್ ಮಾಡಿದೆ.
I shop at the supermarket.	ನಾನು ಸೂಪರ್ಮಾರ್ಕೆಟ್ನಲ್ಲಿ ಶಾಪಿಂಗ್ ಮಾಡುತ್ತೇನೆ.
I shop for groceries on Saturday.	ನಾನು ಶನಿವಾರ ದಿನಸಿಗಾಗಿ ಶಾಪಿಂಗ್ ಮಾಡುತ್ತೇನೆ.
I should call my mother.	ನಾನು ನನ್ನ ತಾಯಿಯನ್ನು ಕರೆಯಬೇಕು.
I should go to bed early.	ನಾನು ಬೇಗ ಮಲಗಬೇಕು.
I sleep at 11.	ನಾನು 11 ಗಂಟೆಗೆ ಮಲಗುತ್ತೇನೆ.
I sleep at 8 every day.	ನಾನು ಪ್ರತಿದಿನ 8 ಗಂಟೆಗೆ ಮಲಗುತ್ತೇನೆ.
I slept last night.	ನಾನು ನಿನ್ನೆ ರಾತ್ರಿ ಮಲಗಿದ್ದೆ.
I slept well last night.	ನಿನ್ನೆ ರಾತ್ರಿ ನಾನು ಚೆನ್ನಾಗಿ ಮಲಗಿದ್ದೆ.
I speak in Japanese.	ನಾನು ಜಪಾನೀಸ್ ಭಾಷೆಯಲ್ಲಿ ಮಾತನಾಡುತ್ತೇನೆ.
I spend weekends with family.	ನಾನು ವಾರಾಂತ್ಯವನ್ನು ಕುಟುಂಬದೊಂದಿಗೆ ಕಳೆಯುತ್ತೇನೆ.
I spent a lot this month.	ನಾನು ಈ ತಿಂಗಳು ಸಾಕಷ್ಟು ಖರ್ಚು ಮಾಡಿದೆ.
I spent too much today.	ನಾನು ಇಂದು ತುಂಬಾ ಖರ್ಚು ಮಾಡಿದೆ.
I stay at a hotel.	ನಾನು ಹೋಟೆಲ್‌ನಲ್ಲಿ ಇರುತ್ತೇನೆ.
I stayed up late.	ನಾನು ತಡವಾಗಿ ಎದ್ದಿದ್ದೆ.
I studied Japanese.	ನಾನು ಜಪಾನೀಸ್ ಅಧ್ಯಯನ ಮಾಡಿದೆ.
I study Japanese (ongoing).	ನಾನು ಜಪಾನೀಸ್ (ನಡೆಯುತ್ತಿದೆ) ಅಧ್ಯಯನ ಮಾಡುತ್ತೇನೆ.
I study Japanese every day.	ನಾನು ಪ್ರತಿದಿನ ಜಪಾನೀಸ್ ಕಲಿಯುತ್ತೇನೆ.
I study Japanese.	ನಾನು ಜಪಾನೀಸ್ ಕಲಿಯುತ್ತೇನೆ.
I study at the library.	ನಾನು ಗ್ರಂಥಾಲಯದಲ್ಲಿ ಓದುತ್ತೇನೆ.
I study on Monday.	ನಾನು ಸೋಮವಾರ ಅಧ್ಯಯನ ಮಾಡುತ್ತೇನೆ.
I study while listening to music.	ಸಂಗೀತ ಕೇಳುತ್ತಾ ಓದುತ್ತೇನೆ.
I suggest that he be given another chance.	ಅವರಿಗೆ ಇನ್ನೊಂದು ಅವಕಾಶ ನೀಡುವಂತೆ ಸೂಚಿಸುತ್ತೇನೆ.
I swam in the pool.	ನಾನು ಕೊಳದಲ್ಲಿ ಈಜುತ್ತಿದ್ದೆ.
I swim in the sea.	ನಾನು ಸಮುದ್ರದಲ್ಲಿ ಈಜುತ್ತೇನೆ.
I take a hot bath at night.	ನಾನು ರಾತ್ರಿಯಲ್ಲಿ ಬಿಸಿ ಸ್ನಾನ ಮಾಡುತ್ತೇನೆ.
I take a photo.	ನಾನು ಫೋಟೋ ತೆಗೆಯುತ್ತೇನೆ.
I take a shower in the morning.	ನಾನು ಬೆಳಿಗ್ಗೆ ಸ್ನಾನ ಮಾಡುತ್ತೇನೆ.
I take a shower.	ನಾನು ಸ್ನಾನ ಮಾಡುತ್ತೇನೆ.
I take a walk every day.	ನಾನು ಪ್ರತಿದಿನ ವಾಕ್ ಮಾಡುತ್ತೇನೆ.
I take notes in class.	ನಾನು ತರಗತಿಯಲ್ಲಿ ಟಿಪ್ಪಣಿಗಳನ್ನು ತೆಗೆದುಕೊಳ್ಳುತ್ತೇನೆ.
I take notes.	ನಾನು ಟಿಪ್ಪಣಿಗಳನ್ನು ತೆಗೆದುಕೊಳ್ಳುತ್ತೇನೆ.
I take off my shoes.	ನಾನು ನನ್ನ ಬೂಟುಗಳನ್ನು ತೆಗೆಯುತ್ತೇನೆ.
I talk with the teacher.	ನಾನು ಶಿಕ್ಷಕರೊಂದಿಗೆ ಮಾತನಾಡುತ್ತೇನೆ.
I teach Japanese at school.	ನಾನು ಶಾಲೆಯಲ್ಲಿ ಜಪಾನೀಸ್ ಕಲಿಸುತ್ತೇನೆ.
I tell (them) by phone and email.	ನಾನು ಫೋನ್ ಮತ್ತು ಇಮೇಲ್ ಮೂಲಕ (ಅವರಿಗೆ) ಹೇಳುತ್ತೇನೆ.
I think it will rain tomorrow.	ನಾಳೆ ಮಳೆ ಬರುತ್ತದೆ ಎಂದು ನಾನು ಭಾವಿಸುತ್ತೇನೆ.
I think it will rain tonight.	ಇಂದು ರಾತ್ರಿ ಮಳೆಯಾಗುತ್ತದೆ ಎಂದು ನಾನು ಭಾವಿಸುತ್ತೇನೆ.
I think it's a good idea.	ಇದು ಒಳ್ಳೆಯದು ಎಂದು ನಾನು ಭಾವಿಸುತ್ತೇನೆ.
I think it's difficult.	ಇದು ಕಷ್ಟ ಎಂದು ನಾನು ಭಾವಿಸುತ್ತೇನೆ.
I think it's good.	ಇದು ಒಳ್ಳೆಯದು ಎಂದು ನಾನು ಭಾವಿಸುತ್ತೇನೆ.
I think she will agree.	ಅವಳು ಒಪ್ಪುತ್ತಾಳೆ ಎಂದು ನಾನು ಭಾವಿಸುತ್ತೇನೆ.
I think you should take the job.	ನೀವು ಕೆಲಸವನ್ನು ತೆಗೆದುಕೊಳ್ಳಬೇಕು ಎಂದು ನಾನು ಭಾವಿಸುತ್ತೇನೆ.
I told her the good news.	ನಾನು ಅವಳಿಗೆ ಒಳ್ಳೆಯ ಸುದ್ದಿ ಹೇಳಿದೆ.
I told him I didn't know.	ನನಗೆ ಗೊತ್ತಿಲ್ಲ ಎಂದು ಹೇಳಿದೆ.
I told them I would be late.	ನಾನು ತಡವಾಗಿ ಬರುತ್ತೇನೆ ಎಂದು ನಾನು ಅವರಿಗೆ ಹೇಳಿದೆ.
I took a day off because I was sick.	ನಾನು ಅನಾರೋಗ್ಯದ ಕಾರಣ ನಾನು ಒಂದು ದಿನ ರಜೆ ತೆಗೆದುಕೊಂಡೆ.
I took a photo.	ನಾನು ಫೋಟೋ ತೆಗೆದುಕೊಂಡೆ.
I took five photos.	ನಾನು ಐದು ಫೋಟೋಗಳನ್ನು ತೆಗೆದುಕೊಂಡೆ.
I travel to Japan.	ನಾನು ಜಪಾನ್‌ಗೆ ಪ್ರಯಾಣಿಸುತ್ತೇನೆ.
I trust my best friend.	ನಾನು ನನ್ನ ಉತ್ತಮ ಸ್ನೇಹಿತನನ್ನು ನಂಬುತ್ತೇನೆ.
I try to exercise every day now.	ನಾನು ಈಗ ಪ್ರತಿದಿನ ವ್ಯಾಯಾಮ ಮಾಡಲು ಪ್ರಯತ್ನಿಸುತ್ತೇನೆ.
I turn right.	ನಾನು ಬಲಕ್ಕೆ ತಿರುಗುತ್ತೇನೆ.
I understand	ನಾನು ಅರ್ಥಮಾಡಿಕೊಂಡಿದ್ದೇನೆ
I understand Japanese.	ನನಗೆ ಜಪಾನೀಸ್ ಅರ್ಥವಾಗುತ್ತದೆ.
I understand a little Japanese.	ನನಗೆ ಸ್ವಲ್ಪ ಜಪಾನೀಸ್ ಅರ್ಥವಾಗಿದೆ.
I use a payment app.	ನಾನು ಪಾವತಿ ಅಪ್ಲಿಕೇಶನ್ ಅನ್ನು ಬಳಸುತ್ತೇನೆ.
I used to play cricket every weekend.	ಪ್ರತಿ ವಾರಾಂತ್ಯದಲ್ಲಿ ಕ್ರಿಕೆಟ್ ಆಡುತ್ತಿದ್ದೆ.
I usually have an early lunch.	ನಾನು ಸಾಮಾನ್ಯವಾಗಿ ಬೇಗ ಊಟ ಮಾಡುತ್ತೇನೆ.
I usually ride a bike.	ನಾನು ಸಾಮಾನ್ಯವಾಗಿ ಬೈಕ್ ಓಡಿಸುತ್ತೇನೆ.
I usually work from nine to six.	ನಾನು ಸಾಮಾನ್ಯವಾಗಿ ಒಂಬತ್ತರಿಂದ ಆರರವರೆಗೆ ಕೆಲಸ ಮಾಡುತ್ತೇನೆ.
I visit my family on holidays.	ನಾನು ರಜಾದಿನಗಳಲ್ಲಿ ನನ್ನ ಕುಟುಂಬವನ್ನು ಭೇಟಿ ಮಾಡುತ್ತೇನೆ.
I wait by the sea.	ನಾನು ಸಮುದ್ರದ ಬಳಿ ಕಾಯುತ್ತೇನೆ.
I wait for a friend at the station.	ನಾನು ನಿಲ್ದಾಣದಲ್ಲಿ ಸ್ನೇಹಿತನಿಗಾಗಿ ಕಾಯುತ್ತಿದ್ದೇನೆ.
I wait for a friend.	ನಾನು ಸ್ನೇಹಿತನಿಗಾಗಿ ಕಾಯುತ್ತಿದ್ದೇನೆ.
I waited an hour.	ನಾನು ಒಂದು ಗಂಟೆ ಕಾಯುತ್ತಿದ್ದೆ.
I wake up at 10 o'clock.	ನಾನು 10 ಗಂಟೆಗೆ ಎಚ್ಚರಗೊಳ್ಳುತ್ತೇನೆ.
I wake up at 6 o'clock.	ನಾನು 6 ಗಂಟೆಗೆ ಏಳುತ್ತೇನೆ.
I wake up at 7 in the morning.	ನಾನು ಬೆಳಿಗ್ಗೆ 7 ಗಂಟೆಗೆ ಏಳುತ್ತೇನೆ.
I wake up at 7 o'clock.	ನಾನು ಏಳು ಗಂಟೆಗೆ ಏಳುತ್ತೇನೆ.
I wake up at seven every day.	ನಾನು ಪ್ರತಿದಿನ ಏಳು ಗಂಟೆಗೆ ಏಳುತ್ತೇನೆ.
I wake up at six every day.	ನಾನು ಪ್ರತಿದಿನ ಆರು ಗಂಟೆಗೆ ಏಳುತ್ತೇನೆ.
I wake up early in the morning.	ನಾನು ಬೆಳಗ್ಗೆ ಬೇಗ ಏಳುತ್ತೇನೆ.
I wake up early.	ನಾನು ಬೇಗ ಏಳುತ್ತೇನೆ.
I walk every day for health.	ನಾನು ಆರೋಗ್ಯಕ್ಕಾಗಿ ಪ್ರತಿದಿನ ನಡೆಯುತ್ತೇನೆ.
I walk every day.	ನಾನು ಪ್ರತಿದಿನ ನಡೆಯುತ್ತೇನೆ.
I walk with my dog.	ನಾನು ನನ್ನ ನಾಯಿಯೊಂದಿಗೆ ನಡೆಯುತ್ತೇನೆ.
I want a bicycle.	ನನಗೆ ಸೈಕಲ್ ಬೇಕು.
I want a new car.	ನನಗೆ ಹೊಸ ಕಾರು ಬೇಕು.
I want money.	ನನಗೆ ಹಣ ಬೇಕು.
I want one car.	ನನಗೆ ಒಂದು ಕಾರು ಬೇಕು.
I want to become a Japanese teacher.	ನಾನು ಜಪಾನೀ ಶಿಕ್ಷಕನಾಗಲು ಬಯಸುತ್ತೇನೆ.
I want to become a teacher.	ನಾನು ಶಿಕ್ಷಕನಾಗಲು ಬಯಸುತ್ತೇನೆ.
I want to buy a new car.	ನಾನು ಹೊಸ ಕಾರು ಖರೀದಿಸಲು ಬಯಸುತ್ತೇನೆ.
I want to buy souvenirs.	ನಾನು ಸ್ಮಾರಕಗಳನ್ನು ಖರೀದಿಸಲು ಬಯಸುತ್ತೇನೆ.
I want to climb a mountain.	ನಾನು ಪರ್ವತವನ್ನು ಏರಲು ಬಯಸುತ್ತೇನೆ.
I want to draw a picture.	ನಾನು ಚಿತ್ರ ಬಿಡಿಸಲು ಬಯಸುತ್ತೇನೆ.
I want to drink coffee.	ನಾನು ಕಾಫಿ ಕುಡಿಯಲು ಬಯಸುತ್ತೇನೆ.
I want to drink water.	ನಾನು ನೀರು ಕುಡಿಯಲು ಬಯಸುತ್ತೇನೆ.
I want to eat Japanese food.	ನಾನು ಜಪಾನೀಸ್ ಆಹಾರವನ್ನು ತಿನ್ನಲು ಬಯಸುತ್ತೇನೆ.
I want to eat at this restaurant.	ನಾನು ಈ ರೆಸ್ಟೋರೆಂಟ್‌ನಲ್ಲಿ ತಿನ್ನಲು ಬಯಸುತ್ತೇನೆ.
I want to eat gyoza.	ನಾನು ಗ್ಯೋಜಾ ತಿನ್ನಲು ಬಯಸುತ್ತೇನೆ.
I want to eat sushi.	ನಾನು ಸುಶಿ ತಿನ್ನಲು ಬಯಸುತ್ತೇನೆ.
I want to eat together with everyone.	ನಾನು ಎಲ್ಲರೊಂದಿಗೆ ಒಟ್ಟಿಗೆ ತಿನ್ನಲು ಬಯಸುತ್ತೇನೆ.
I want to give a present.	ನಾನು ಉಡುಗೊರೆಯನ್ನು ನೀಡಲು ಬಯಸುತ್ತೇನೆ.
I want to go to Japan.	ನಾನು ಜಪಾನ್‌ಗೆ ಹೋಗಲು ಬಯಸುತ್ತೇನೆ.
I want to learn Japanese.	ನಾನು ಜಪಾನೀಸ್ ಕಲಿಯಲು ಬಯಸುತ್ತೇನೆ.
I want to learn cooking.	ನಾನು ಅಡುಗೆ ಕಲಿಯಲು ಬಯಸುತ್ತೇನೆ.
I want to listen to music.	ನಾನು ಸಂಗೀತವನ್ನು ಕೇಳಲು ಬಯಸುತ್ತೇನೆ.
I want to meet my friend.	ನಾನು ನನ್ನ ಸ್ನೇಹಿತನನ್ನು ಭೇಟಿಯಾಗಲು ಬಯಸುತ್ತೇನೆ.
I want to quit my job.	ನಾನು ನನ್ನ ಕೆಲಸವನ್ನು ಬಿಡಲು ಬಯಸುತ್ತೇನೆ.
I want to read this book.	ನಾನು ಈ ಪುಸ್ತಕವನ್ನು ಓದಲು ಬಯಸುತ್ತೇನೆ.
I want to rest tomorrow.	ನಾನು ನಾಳೆ ವಿಶ್ರಾಂತಿ ಪಡೆಯಲು ಬಯಸುತ್ತೇನೆ.
I want to return to my hometown.	ನಾನು ನನ್ನ ಹುಟ್ಟೂರಿಗೆ ಮರಳಲು ಬಯಸುತ್ತೇನೆ.
I want to sleep early.	ನಾನು ಬೇಗನೆ ಮಲಗಲು ಬಯಸುತ್ತೇನೆ.
I want to study Japanese.	ನಾನು ಜಪಾನೀಸ್ ಕಲಿಯಲು ಬಯಸುತ್ತೇನೆ.
I want to study abroad.	ನಾನು ವಿದೇಶದಲ್ಲಿ ಅಧ್ಯಯನ ಮಾಡಲು ಬಯಸುತ್ತೇನೆ.
I want to study more.	ನಾನು ಹೆಚ್ಚು ಅಧ್ಯಯನ ಮಾಡಲು ಬಯಸುತ್ತೇನೆ.
I want to swim in the sea.	ನಾನು ಸಮುದ್ರದಲ್ಲಿ ಈಜಲು ಬಯಸುತ್ತೇನೆ.
I want to travel to a beautiful place.	ನಾನು ಸುಂದರವಾದ ಸ್ಥಳಕ್ಕೆ ಪ್ರಯಾಣಿಸಲು ಬಯಸುತ್ತೇನೆ.
I want to watch a movie.	ನಾನು ಚಲನಚಿತ್ರವನ್ನು ವೀಕ್ಷಿಸಲು ಬಯಸುತ್ತೇನೆ.
I want to withdraw cash.	ನಾನು ಹಣವನ್ನು ಹಿಂಪಡೆಯಲು ಬಯಸುತ್ತೇನೆ.
I want water.	ನನಗೆ ನೀರು ಬೇಕು.
I want ~	ನನಗೆ ಬೇಕು ~
I was at home yesterday.	ನಾನು ನಿನ್ನೆ ಮನೆಯಲ್ಲಿದ್ದೆ.
I was born in July.	ನಾನು ಜುಲೈನಲ್ಲಿ ಜನಿಸಿದೆ.
I was driving to work.	ನಾನು ಕೆಲಸಕ್ಕೆ ಚಾಲನೆ ಮಾಡುತ್ತಿದ್ದೆ.
I was late for the train.	ನಾನು ರೈಲಿಗೆ ತಡವಾಗಿ ಬಂದೆ.
I was late for work.	ನಾನು ಕೆಲಸಕ್ಕೆ ತಡವಾಗಿ ಬಂದೆ.
I was late this morning.	ನಾನು ಇಂದು ಬೆಳಿಗ್ಗೆ ತಡವಾಗಿ ಬಂದೆ.
I was praised by my grandmother when I was a child.	ನಾನು ಚಿಕ್ಕವನಿದ್ದಾಗ ಅಜ್ಜಿಯ ಹೊಗಳಿಕೆಗೆ ಪಾತ್ರನಾಗಿದ್ದೆ.
I was sleeping when you called.	ನೀನು ಕರೆದಾಗ ನಾನು ಮಲಗಿದ್ದೆ.
I was so busy this week.	ಈ ವಾರ ನಾನು ತುಂಬಾ ಬ್ಯುಸಿಯಾಗಿದ್ದೆ.
I was taking a shower when the power went out.	ನಾನು ಸ್ನಾನ ಮಾಡುತ್ತಿದ್ದೆ, ವಿದ್ಯುತ್ ಕೈಕೊಟ್ಟಿತು.
I was thinking about you.	ನಾನು ನಿನ್ನ ಬಗ್ಗೆ ಯೋಚಿಸುತ್ತಿದ್ದೆ.
I was tired yesterday.	ನಾನು ನಿನ್ನೆ ದಣಿದಿದ್ದೆ.
I was watching TV at nine.	ಒಂಬತ್ತು ಗಂಟೆಗೆ ಟಿವಿ ನೋಡುತ್ತಿದ್ದೆ.
I wash my hands.	ನಾನು ಕೈ ತೊಳೆಯುತ್ತೇನೆ.
I wasn't listening carefully.	ನಾನು ಎಚ್ಚರಿಕೆಯಿಂದ ಕೇಳುತ್ತಿರಲಿಲ್ಲ.
I watch TV at home.	ನಾನು ಮನೆಯಲ್ಲಿ ಟಿವಿ ನೋಡುತ್ತೇನೆ.
I watch TV every night.	ನಾನು ಪ್ರತಿ ರಾತ್ರಿ ಟಿವಿ ನೋಡುತ್ತೇನೆ.
I watch TV.	ನಾನು ಟಿವಿ ನೋಡುತ್ತೇನೆ.
I watch a movie.	ನಾನು ಚಲನಚಿತ್ರವನ್ನು ನೋಡುತ್ತೇನೆ.
I watched TV yesterday.	ನಾನು ನಿನ್ನೆ ಟಿವಿ ನೋಡಿದೆ.
I watched a movie last night.	ನಾನು ನಿನ್ನೆ ರಾತ್ರಿ ಚಲನಚಿತ್ರವನ್ನು ನೋಡಿದೆ.
I watched a movie with them.	ಅವರ ಜೊತೆ ಸಿನಿಮಾ ನೋಡಿದೆ.
I watched a movie yesterday.	ನಾನು ನಿನ್ನೆ ಚಲನಚಿತ್ರವನ್ನು ನೋಡಿದೆ.
I water the plants every morning.	ನಾನು ಪ್ರತಿದಿನ ಬೆಳಿಗ್ಗೆ ಗಿಡಗಳಿಗೆ ನೀರು ಹಾಕುತ್ತೇನೆ.
I wear a coat.	ನಾನು ಕೋಟ್ ಧರಿಸುತ್ತೇನೆ.
I wear a suit to work.	ನಾನು ಕೆಲಸ ಮಾಡಲು ಸೂಟ್ ಧರಿಸುತ್ತೇನೆ.
I wear formal clothes at work.	ನಾನು ಕೆಲಸದಲ್ಲಿ ಫಾರ್ಮಲ್ ಬಟ್ಟೆಗಳನ್ನು ಧರಿಸುತ್ತೇನೆ.
I went shopping last week.	ನಾನು ಕಳೆದ ವಾರ ಶಾಪಿಂಗ್ ಹೋಗಿದ್ದೆ.
I went shopping with my mother.	ನಾನು ನನ್ನ ತಾಯಿಯೊಂದಿಗೆ ಶಾಪಿಂಗ್‌ಗೆ ಹೋಗಿದ್ದೆ.
I went to Delhi last month.	ಕಳೆದ ತಿಂಗಳು ದೆಹಲಿಗೆ ಹೋಗಿದ್ದೆ.
I went to Tokyo last week.	ನಾನು ಕಳೆದ ವಾರ ಟೋಕಿಯೋಗೆ ಹೋಗಿದ್ದೆ.
I went to the hospital.	ನಾನು ಆಸ್ಪತ್ರೆಗೆ ಹೋದೆ.
I went to the market.	ನಾನು ಮಾರುಕಟ್ಟೆಗೆ ಹೋದೆ.
I went to the mountain alone.	ನಾನು ಒಬ್ಬನೇ ಪರ್ವತಕ್ಕೆ ಹೋದೆ.
I will be reading a book on the plane.	ನಾನು ವಿಮಾನದಲ್ಲಿ ಪುಸ್ತಕವನ್ನು ಓದುತ್ತೇನೆ.
I will be sleeping when you arrive.	ನೀವು ಬಂದಾಗ ನಾನು ಮಲಗುತ್ತೇನೆ.
I will be waiting for you at the station.	ನಾನು ನಿಲ್ದಾಣದಲ್ಲಿ ನಿನಗಾಗಿ ಕಾಯುತ್ತಿರುತ್ತೇನೆ.
I will call you on Friday.	ನಾನು ಶುಕ್ರವಾರ ನಿಮಗೆ ಕರೆ ಮಾಡುತ್ತೇನೆ.
I will call you tomorrow.	ನಾನು ನಾಳೆ ನಿಮಗೆ ಕರೆ ಮಾಡುತ್ತೇನೆ.
I will climb it tomorrow. (formal)	ನಾಳೆ ಹತ್ತುತ್ತೇನೆ. (ಔಪಚಾರಿಕ)
I will do my best	ನನ್ನ ಕೈಲಾದಷ್ಟು ಮಾಡುತ್ತೇನೆ
I will go tomorrow.	ನಾನು ನಾಳೆ ಹೋಗುತ್ತೇನೆ.
I will have answered all the emails by noon.	ನಾನು ಮಧ್ಯಾಹ್ನದ ಹೊತ್ತಿಗೆ ಎಲ್ಲಾ ಇಮೇಲ್‌ಗಳಿಗೆ ಉತ್ತರಿಸುತ್ತೇನೆ.
I will have finished the project by Friday.	ನಾನು ಶುಕ್ರವಾರದೊಳಗೆ ಯೋಜನೆಯನ್ನು ಪೂರ್ಣಗೊಳಿಸುತ್ತೇನೆ.
I will have read this book by the weekend.	ನಾನು ವಾರಾಂತ್ಯದಲ್ಲಿ ಈ ಪುಸ್ತಕವನ್ನು ಓದುತ್ತೇನೆ.
I will have saved enough money by summer.	ಬೇಸಿಗೆಯ ಹೊತ್ತಿಗೆ ನಾನು ಸಾಕಷ್ಟು ಹಣವನ್ನು ಉಳಿಸುತ್ತೇನೆ.
I will study at home tonight.	ನಾನು ಇಂದು ರಾತ್ರಿ ಮನೆಯಲ್ಲಿ ಓದುತ್ತೇನೆ.
I wish I had studied harder.	ನಾನು ಕಷ್ಟಪಟ್ಟು ಓದಿದ್ದೇನೆ ಎಂದು ನಾನು ಬಯಸುತ್ತೇನೆ.
I wish I knew the answer.	ನಾನು ಉತ್ತರವನ್ನು ತಿಳಿದಿದ್ದೇನೆ ಎಂದು ನಾನು ಬಯಸುತ್ತೇನೆ.
I wish I were at the beach now.	ನಾನು ಈಗ ಬೀಚ್‌ನಲ್ಲಿದ್ದೇನೆ ಎಂದು ನಾನು ಬಯಸುತ್ತೇನೆ.
I wish I were good at math.	ನಾನು ಗಣಿತದಲ್ಲಿ ಉತ್ತಮವಾಗಿದ್ದೇನೆ ಎಂದು ನಾನು ಬಯಸುತ್ತೇನೆ.
I wish I were not so tired.	ನಾನು ತುಂಬಾ ದಣಿದಿಲ್ಲ ಎಂದು ನಾನು ಬಯಸುತ್ತೇನೆ.
I wish I were taller.	ನಾನು ಎತ್ತರವಾಗಿದ್ದೇನೆ ಎಂದು ನಾನು ಬಯಸುತ್ತೇನೆ.
I wish I were with my family.	ನಾನು ನನ್ನ ಕುಟುಂಬದೊಂದಿಗೆ ಇರಬೇಕೆಂದು ನಾನು ಬಯಸುತ್ತೇನೆ.
I wish it were summer all year.	ವರ್ಷಪೂರ್ತಿ ಬೇಸಿಗೆ ಇರಬೇಕೆಂದು ನಾನು ಬಯಸುತ್ತೇನೆ.
I woke up early every morning.	ನಾನು ಪ್ರತಿದಿನ ಬೆಳಿಗ್ಗೆ ಬೇಗನೆ ಎಚ್ಚರಗೊಳ್ಳುತ್ತೇನೆ.
I won't be staying late tonight.	ನಾನು ಇಂದು ರಾತ್ರಿ ತಡವಾಗಿ ಉಳಿಯುವುದಿಲ್ಲ.
I won't be using the car tonight.	ನಾನು ಇಂದು ರಾತ್ರಿ ಕಾರನ್ನು ಬಳಸುವುದಿಲ್ಲ.
I won't forget your birthday.	ನಿಮ್ಮ ಜನ್ಮದಿನವನ್ನು ನಾನು ಮರೆಯುವುದಿಲ್ಲ.
I won't go tomorrow.	ನಾನು ನಾಳೆ ಹೋಗುವುದಿಲ್ಲ.
I won't have finished by then.	ನಾನು ಅಷ್ಟು ಹೊತ್ತಿಗೆ ಮುಗಿಸುವುದಿಲ್ಲ.
I wore new shoes.	ನಾನು ಹೊಸ ಬೂಟುಗಳನ್ನು ಧರಿಸಿದ್ದೆ.
I work as an engineer.	ನಾನು ಎಂಜಿನಿಯರ್ ಆಗಿ ಕೆಲಸ ಮಾಡುತ್ತೇನೆ.
I work at a company.	ನಾನು ಕಂಪನಿಯೊಂದರಲ್ಲಿ ಕೆಲಸ ಮಾಡುತ್ತೇನೆ.
I work at a hospital.	ನಾನು ಆಸ್ಪತ್ರೆಯಲ್ಲಿ ಕೆಲಸ ಮಾಡುತ್ತೇನೆ.
I work from home on Fridays.	ನಾನು ಶುಕ್ರವಾರದಂದು ಮನೆಯಿಂದಲೇ ಕೆಲಸ ಮಾಡುತ್ತೇನೆ.
I work until evening.	ನಾನು ಸಂಜೆಯವರೆಗೆ ಕೆಲಸ ಮಾಡುತ್ತೇನೆ.
I work with a great team.	ನಾನು ಉತ್ತಮ ತಂಡದೊಂದಿಗೆ ಕೆಲಸ ಮಾಡುತ್ತೇನೆ.
I work.	ನಾನು ಕೆಲಸ ಮಾಡುತ್ತೇನೆ.
I worked as a career counselor.	ನಾನು ವೃತ್ತಿ ಸಲಹೆಗಾರನಾಗಿ ಕೆಲಸ ಮಾಡಿದ್ದೇನೆ.
I worked late last night.	ನಾನು ನಿನ್ನೆ ತಡರಾತ್ರಿ ಕೆಲಸ ಮಾಡಿದೆ.
I worked late yesterday.	ನಾನು ನಿನ್ನೆ ತಡವಾಗಿ ಕೆಲಸ ಮಾಡಿದೆ.
I would like a .	ನಾನು ಒಂದು .
I would like a cup of coffee.	ನನಗೆ ಒಂದು ಕಪ್ ಕಾಫಿ ಬೇಕು.
I would like to book a room.	ನಾನು ಕೊಠಡಿಯನ್ನು ಕಾಯ್ದಿರಿಸಲು ಬಯಸುತ್ತೇನೆ.
I would like to greet you	ನಾನು ನಿಮ್ಮನ್ನು ಅಭಿನಂದಿಸಲು ಬಯಸುತ್ತೇನೆ
I would like to thank you.	ನಾನು ನಿಮಗೆ ಧನ್ಯವಾದ ಹೇಳಲು ಬಯಸುತ್ತೇನೆ.
I would love to visit Japan.	ನಾನು ಜಪಾನ್‌ಗೆ ಭೇಟಿ ನೀಡಲು ಇಷ್ಟಪಡುತ್ತೇನೆ.
I would prefer to walk.	ನಾನು ನಡೆಯಲು ಆದ್ಯತೆ ನೀಡುತ್ತೇನೆ.
I would rather stay home.	ನಾನು ಮನೆಯಲ್ಲಿಯೇ ಇರುತ್ತೇನೆ.
I wouldn't do that if I were you.	ನಾನಾಗಿದ್ದರೆ ಹಾಗೆ ಮಾಡುತ್ತಿರಲಿಲ್ಲ.
I write a letter.	ನಾನು ಪತ್ರ ಬರೆಯುತ್ತೇನೆ.
I write a report on the computer.	ನಾನು ಕಂಪ್ಯೂಟರ್ನಲ್ಲಿ ವರದಿಯನ್ನು ಬರೆಯುತ್ತೇನೆ.
I write with a pen.	ನಾನು ಪೆನ್ನಿನಿಂದ ಬರೆಯುತ್ತೇನೆ.
I wrote a letter.	ನಾನು ಪತ್ರ ಬರೆದೆ.
I wrote a report.	ನಾನು ವರದಿ ಬರೆದೆ.
I'd like a beer, please.	ದಯವಿಟ್ಟು ನನಗೆ ಬಿಯರ್ ಬೇಕು.
I'd like the pasta, please.	ನನಗೆ ಪಾಸ್ಟಾ ಬೇಕು, ದಯವಿಟ್ಟು.
I'd like to check in, please.	ನಾನು ಚೆಕ್ ಇನ್ ಮಾಡಲು ಬಯಸುತ್ತೇನೆ, ದಯವಿಟ್ಟು.
I'd like to check in.	ನಾನು ಚೆಕ್ ಇನ್ ಮಾಡಲು ಬಯಸುತ್ತೇನೆ.
I'd love to join you.	ನಾನು ನಿಮ್ಮೊಂದಿಗೆ ಸೇರಲು ಇಷ್ಟಪಡುತ್ತೇನೆ.
I'll be there in an hour.	ನಾನು ಒಂದು ಗಂಟೆಯಲ್ಲಿ ಅಲ್ಲಿಗೆ ಬರುತ್ತೇನೆ.
I'll be thinking of you.	ನಾನು ನಿನ್ನ ಬಗ್ಗೆ ಯೋಚಿಸುತ್ತಿರುತ್ತೇನೆ.
I'll call again later.	ನಾನು ನಂತರ ಮತ್ತೆ ಕರೆ ಮಾಡುತ್ತೇನೆ.
I'll call back later.	ನಾನು ನಂತರ ಮತ್ತೆ ಕರೆ ಮಾಡುತ್ತೇನೆ.
I'll call back.	ನಾನು ಮತ್ತೆ ಕರೆ ಮಾಡುತ್ತೇನೆ.
I'll call in the evening.	ನಾನು ಸಂಜೆ ಕರೆ ಮಾಡುತ್ತೇನೆ.
I'll call you back.	ನಾನು ನಿಮಗೆ ಮರಳಿ ಕರೆ ಮಾಡುತ್ತೇನೆ.
I'll call you right back.	ನಾನು ನಿಮಗೆ ಮತ್ತೆ ಕರೆ ಮಾಡುತ್ತೇನೆ.
I'll do a check-up.	ನಾನು ತಪಾಸಣೆ ಮಾಡುತ್ತೇನೆ.
I'll do my best.	ನಾನು ನನ್ನ ಕೈಲಾದಷ್ಟು ಮಾಡುತ್ತೇನೆ.
I'll do the same for you.	ನಾನು ನಿನಗೂ ಹಾಗೆಯೇ ಮಾಡುತ್ತೇನೆ.
I'll eat cake.	ನಾನು ಕೇಕ್ ತಿನ್ನುತ್ತೇನೆ.
I'll get off at the next stop.	ನಾನು ಮುಂದಿನ ನಿಲ್ದಾಣದಲ್ಲಿ ಇಳಿಯುತ್ತೇನೆ.
I'll give a present.	ನಾನು ಉಡುಗೊರೆಯನ್ನು ನೀಡುತ್ತೇನೆ.
I'll go by train.	ನಾನು ರೈಲಿನಲ್ಲಿ ಹೋಗುತ್ತೇನೆ.
I'll go to Japan to study Japanese.	ನಾನು ಜಪಾನೀಸ್ ಕಲಿಯಲು ಜಪಾನ್‌ಗೆ ಹೋಗುತ್ತೇನೆ.
I'll go together with my friend.	ನಾನು ನನ್ನ ಸ್ನೇಹಿತನೊಂದಿಗೆ ಒಟ್ಟಿಗೆ ಹೋಗುತ್ತೇನೆ.
I'll have eggs and toast.	ನಾನು ಮೊಟ್ಟೆ ಮತ್ತು ಟೋಸ್ಟ್ ತಿನ್ನುತ್ತೇನೆ.
I'll have lemonade.	ನಾನು ನಿಂಬೆ ಪಾನಕವನ್ನು ಸೇವಿಸುತ್ತೇನೆ.
I'll have this, please	ನಾನು ಇದನ್ನು ಹೊಂದುತ್ತೇನೆ, ದಯವಿಟ್ಟು
I'll help you with your bags.	ನಿಮ್ಮ ಚೀಲಗಳೊಂದಿಗೆ ನಾನು ನಿಮಗೆ ಸಹಾಯ ಮಾಡುತ್ತೇನೆ.
I'll look it up online.	ನಾನು ಅದನ್ನು ಆನ್‌ಲೈನ್‌ನಲ್ಲಿ ಹುಡುಕುತ್ತೇನೆ.
I'll make a call.	ನಾನು ಕರೆ ಮಾಡುತ್ತೇನೆ.
I'll open the present.	ನಾನು ಪ್ರಸ್ತುತವನ್ನು ತೆರೆಯುತ್ತೇನೆ.
I'll open the window for you.	ನಾನು ನಿಮಗಾಗಿ ಕಿಟಕಿಯನ್ನು ತೆರೆಯುತ್ತೇನೆ.
I'll pay for everyone.	ನಾನು ಎಲ್ಲರಿಗೂ ಪಾವತಿಸುತ್ತೇನೆ.
I'll pay in cash.	ನಾನು ನಗದು ರೂಪದಲ್ಲಿ ಪಾವತಿಸುತ್ತೇನೆ.
I'll pay you back tomorrow.	ನಾನು ನಾಳೆ ನಿಮಗೆ ಮರುಪಾವತಿ ಮಾಡುತ್ತೇನೆ.
I'll pick you up at home.	ನಾನು ನಿನ್ನನ್ನು ಮನೆಗೆ ಕರೆದುಕೊಂಡು ಹೋಗುತ್ತೇನೆ.
I'll prescribe some medicine for you.	ನಾನು ನಿಮಗೆ ಕೆಲವು ಔಷಧಿಯನ್ನು ಬರೆಯುತ್ತೇನೆ.
I'll see a doctor.	ನಾನು ವೈದ್ಯರನ್ನು ನೋಡುತ್ತೇನೆ.
I'll see you at seven.	ನಾನು ನಿಮ್ಮನ್ನು ಏಳು ಗಂಟೆಗೆ ನೋಡುತ್ತೇನೆ.
I'll send a confirmation email.	ನಾನು ದೃಢೀಕರಣ ಇಮೇಲ್ ಕಳುಹಿಸುತ್ತೇನೆ.
I'll send it by LINE.	ನಾನು ಅದನ್ನು LINE ಮೂಲಕ ಕಳುಹಿಸುತ್ತೇನೆ.
I'll send you a message.	ನಾನು ನಿಮಗೆ ಸಂದೇಶವನ್ನು ಕಳುಹಿಸುತ್ತೇನೆ.
I'll send you the details later.	ನಾನು ನಿಮಗೆ ವಿವರಗಳನ್ನು ನಂತರ ಕಳುಹಿಸುತ್ತೇನೆ.
I'll stay for three days.	ನಾನು ಮೂರು ದಿನ ಇರುತ್ತೇನೆ.
I'll take the blue one, please.	ನಾನು ನೀಲಿ ಬಣ್ಣವನ್ನು ತೆಗೆದುಕೊಳ್ಳುತ್ತೇನೆ, ದಯವಿಟ್ಟು.
I'll take this one.	ನಾನು ಇದನ್ನು ತೆಗೆದುಕೊಳ್ಳುತ್ತೇನೆ.
I'll take this.	ನಾನು ಇದನ್ನು ತೆಗೆದುಕೊಳ್ಳುತ್ತೇನೆ.
I'll think about it.	ನಾನು ಅದರ ಬಗ್ಗೆ ಯೋಚಿಸುತ್ತೇನೆ.
I'll walk to the station.	ನಾನು ನಿಲ್ದಾಣಕ್ಕೆ ನಡೆಯುತ್ತೇನೆ.
I'll watch a movie tomorrow.	ನಾಳೆ ಸಿನಿಮಾ ನೋಡುತ್ತೇನೆ.
I'll withdraw money at the bank.	ನಾನು ಬ್ಯಾಂಕ್‌ನಲ್ಲಿ ಹಣವನ್ನು ಹಿಂಪಡೆಯುತ್ತೇನೆ.
I'll work overtime.	ನಾನು ಅಧಿಕಾವಧಿ ಕೆಲಸ ಮಾಡುತ್ತೇನೆ.
I'll write a letter for my mother.	ನಾನು ನನ್ನ ತಾಯಿಗೆ ಪತ್ರ ಬರೆಯುತ್ತೇನೆ.
I'm a little nervous.	ನಾನು ಸ್ವಲ್ಪ ನರ್ವಸ್ ಆಗಿದ್ದೇನೆ.
I'm a little tired today.	ಇವತ್ತು ಸ್ವಲ್ಪ ಸುಸ್ತಾಗಿದ್ದೇನೆ.
I'm a university student.	ನಾನು ವಿಶ್ವವಿದ್ಯಾಲಯದ ವಿದ್ಯಾರ್ಥಿ.
I'm always late.	ನಾನು ಯಾವಾಗಲೂ ತಡವಾಗಿರುತ್ತೇನೆ.
I'm angry about it.	ನಾನು ಅದರ ಬಗ್ಗೆ ಕೋಪಗೊಂಡಿದ್ದೇನೆ.
I'm angry.	ನಾನು ಕೋಪಗೊಂಡಿದ್ದೇನೆ.
I'm annoyed.	ನಾನು ಸಿಟ್ಟಾಗಿದ್ದೇನೆ.
I'm bleeding.	ನನಗೆ ರಕ್ತಸ್ರಾವವಾಗುತ್ತಿದೆ.
I'm bored.	ನನಗೆ ಬೇಸರವಾಗಿದೆ.
I'm completely lost.	ನಾನು ಸಂಪೂರ್ಣವಾಗಿ ಸೋತಿದ್ದೇನೆ.
I'm curious about it.	ನನಗೆ ಅದರ ಬಗ್ಗೆ ಕುತೂಹಲವಿದೆ.
I'm doing research related to the environment.	ನಾನು ಪರಿಸರಕ್ಕೆ ಸಂಬಂಧಿಸಿದ ಸಂಶೋಧನೆ ಮಾಡುತ್ತಿದ್ದೇನೆ.
I'm excited about the trip.	ನಾನು ಪ್ರವಾಸದ ಬಗ್ಗೆ ಉತ್ಸುಕನಾಗಿದ್ದೇನೆ.
I'm fine	ನಾನು ಚೆನ್ನಾಗಿದ್ದೇನೆ
I'm fine, thanks.	ನಾನು ಚೆನ್ನಾಗಿದ್ದೇನೆ, ಧನ್ಯವಾದಗಳು.
I'm fine, thanks. And you?	ನಾನು ಚೆನ್ನಾಗಿದ್ದೇನೆ, ಧನ್ಯವಾದಗಳು. ಮತ್ತು ನೀವು?
I'm fine.	ನಾನು ಚೆನ್ನಾಗಿದ್ದೇನೆ.
I'm fine. (No thanks.)	ನಾನು ಚೆನ್ನಾಗಿದ್ದೇನೆ. (ಇಲ್ಲ ಧನ್ಯವಾದಗಳು.)
I'm from India.	ನಾನು ಭಾರತದವನು.
I'm frustrated.	ನಾನು ನಿರಾಶೆಗೊಂಡಿದ್ದೇನೆ.
I'm full of energy.	ನಾನು ಶಕ್ತಿಯಿಂದ ತುಂಬಿದ್ದೇನೆ.
I'm full.	ನಾನು ತುಂಬಿದ್ದೇನೆ.
I'm going shopping today.	ನಾನು ಇಂದು ಶಾಪಿಂಗ್‌ಗೆ ಹೋಗುತ್ತಿದ್ದೇನೆ.
I'm going to Kyoto next week.	ನಾನು ಮುಂದಿನ ವಾರ ಕ್ಯೋಟೋಗೆ ಹೋಗುತ್ತಿದ್ದೇನೆ.
I'm going to bed early tonight.	ನಾನು ಇಂದು ರಾತ್ರಿ ಬೇಗ ಮಲಗುತ್ತೇನೆ.
I'm going to buy a new phone.	ನಾನು ಹೊಸ ಫೋನ್ ಖರೀದಿಸಲಿದ್ದೇನೆ.
I'm going to cook dinner tonight.	ನಾನು ಇಂದು ರಾತ್ರಿ ಊಟವನ್ನು ಬೇಯಿಸಲು ಹೋಗುತ್ತೇನೆ.
I'm going to learn to swim this summer.	ನಾನು ಈ ಬೇಸಿಗೆಯಲ್ಲಿ ಈಜು ಕಲಿಯಲಿದ್ದೇನೆ.
I'm going to start a business.	ನಾನು ವ್ಯಾಪಾರವನ್ನು ಪ್ರಾರಂಭಿಸಲಿದ್ದೇನೆ.
I'm going to study abroad next year.	ನಾನು ಮುಂದಿನ ವರ್ಷ ವಿದೇಶದಲ್ಲಿ ಅಧ್ಯಯನ ಮಾಡಲಿದ್ದೇನೆ.
I'm going to take a short break.	ನಾನು ಸ್ವಲ್ಪ ವಿರಾಮ ತೆಗೆದುಕೊಳ್ಳಲಿದ್ದೇನೆ.
I'm going to the bank.	ನಾನು ಬ್ಯಾಂಕಿಗೆ ಹೋಗುತ್ತಿದ್ದೇನೆ.
I'm going to the beach tomorrow.	ನಾನು ನಾಳೆ ಬೀಚ್‌ಗೆ ಹೋಗುತ್ತೇನೆ.
I'm going to the hospital.	ನಾನು ಆಸ್ಪತ್ರೆಗೆ ಹೋಗುತ್ತಿದ್ದೇನೆ.
I'm happy today.	ನಾನು ಇಂದು ಸಂತೋಷವಾಗಿದ್ದೇನೆ.
I'm having a party on Saturday.	ನಾನು ಶನಿವಾರ ಪಾರ್ಟಿ ಮಾಡುತ್ತಿದ್ದೇನೆ.
I'm here.	ನಾನು ಇಲ್ಲಿದ್ದೇನೆ.
I'm home	ನಾನು ಮನೆಯಲ್ಲಿದ್ದೇನೆ
I'm hungry.	ನನಗೆ ಹಸಿವಾಗಿದೆ.
I'm in a good mood.	ನಾನು ಒಳ್ಳೆಯ ಮನಸ್ಥಿತಿಯಲ್ಲಿದ್ದೇನೆ.
I'm in love.	ನಾನು ಪ್ರೀತಿಸುತ್ತಿದ್ದೇನೆ.
I'm interested in learning languages.	ನಾನು ಭಾಷೆಗಳನ್ನು ಕಲಿಯಲು ಆಸಕ್ತಿ ಹೊಂದಿದ್ದೇನೆ.
I'm just looking, thanks.	ನಾನು ನೋಡುತ್ತಿದ್ದೇನೆ, ಧನ್ಯವಾದಗಳು.
I'm learning English.	ನಾನು ಇಂಗ್ಲಿಷ್ ಕಲಿಯುತ್ತಿದ್ದೇನೆ.
I'm learning new skills at work.	ನಾನು ಕೆಲಸದಲ್ಲಿ ಹೊಸ ಕೌಶಲ್ಯಗಳನ್ನು ಕಲಿಯುತ್ತಿದ್ದೇನೆ.
I'm leaving home and coming back	ನಾನು ಮನೆ ಬಿಟ್ಟು ಹಿಂತಿರುಗುತ್ತಿದ್ದೇನೆ
I'm leaving in 5 minutes.	ನಾನು 5 ನಿಮಿಷಗಳಲ್ಲಿ ಹೊರಡುತ್ತೇನೆ.
I'm leaving the office now.	ನಾನೀಗ ಆಫೀಸಿನಿಂದ ಹೊರಡುತ್ತಿದ್ದೇನೆ.
I'm looking for a hotel.	ನಾನು ಹೋಟೆಲ್ ಹುಡುಕುತ್ತಿದ್ದೇನೆ.
I'm looking for something cheap.	ನಾನು ಅಗ್ಗದ ಏನನ್ನಾದರೂ ಹುಡುಕುತ್ತಿದ್ದೇನೆ.
I'm lost.	ನಾನು ಕಳೆದುಹೋಗಿದ್ದೇನೆ.
I'm meeting a friend at 4.	ನಾನು 4 ಗಂಟೆಗೆ ಸ್ನೇಹಿತನನ್ನು ಭೇಟಿಯಾಗುತ್ತಿದ್ದೇನೆ.
I'm most grateful / sorry	ನಾನು ಅತ್ಯಂತ ಕೃತಜ್ಞನಾಗಿದ್ದೇನೆ / ಕ್ಷಮಿಸಿ
I'm not sure about that.	ಅದರ ಬಗ್ಗೆ ನನಗೆ ಖಚಿತವಿಲ್ಲ.
I'm not sure yet.	ನನಗೆ ಇನ್ನೂ ಖಚಿತವಿಲ್ಲ.
I'm not tired today.	ನಾನು ಇಂದು ದಣಿದಿಲ್ಲ.
I'm off (and will return)	ನಾನು ಹೊರಗಿದ್ದೇನೆ (ಮತ್ತು ಹಿಂತಿರುಗುತ್ತೇನೆ)
I'm off (said when leaving)	ನಾನು ಆಫ್ ಆಗಿದ್ದೇನೆ (ಹೊರಡುವಾಗ ಹೇಳಿದರು)
I'm off work today.	ನಾನು ಇಂದು ಕೆಲಸದಿಂದ ಹೊರಗಿದ್ದೇನೆ.
I'm out of money.	ನನ್ನ ಬಳಿ ಹಣವಿಲ್ಲ.
I'm planning a trip next month.	ನಾನು ಮುಂದಿನ ತಿಂಗಳು ಪ್ರವಾಸವನ್ನು ಯೋಜಿಸುತ್ತಿದ್ದೇನೆ.
I'm proud of you.	ನಾನು ನಿಮ್ಮ ಬಗ್ಗೆ ಹೆಮ್ಮೆಪಡುತ್ತೇನೆ.
I'm reading an interesting book.	ನಾನು ಆಸಕ್ತಿದಾಯಕ ಪುಸ್ತಕವನ್ನು ಓದುತ್ತಿದ್ದೇನೆ.
I'm really looking forward to it.	ನಾನು ಅದನ್ನು ನಿಜವಾಗಿಯೂ ಎದುರು ನೋಡುತ್ತಿದ್ದೇನೆ.
I'm sad.	ನಾನು ದುಃಖಿತನಾಗಿದ್ದೇನೆ.
I'm saving for a new phone.	ನಾನು ಹೊಸ ಫೋನ್‌ಗಾಗಿ ಉಳಿಸುತ್ತಿದ್ದೇನೆ.
I'm saving up my allowance.	ನಾನು ನನ್ನ ಭತ್ಯೆಯನ್ನು ಉಳಿಸುತ್ತಿದ್ದೇನೆ.
I'm scared of spiders.	ನಾನು ಜೇಡಗಳಿಗೆ ಹೆದರುತ್ತೇನೆ.
I'm scared.	ನನಗೆ ಭಯವಾಗುತ್ತಿದೆ.
I'm sleepy, I want to sleep.	ನಾನು ನಿದ್ರಿಸುತ್ತಿದ್ದೇನೆ, ನಾನು ಮಲಗಲು ಬಯಸುತ್ತೇನೆ.
I'm sleepy.	ನನಗೆ ನಿದ್ದೆ ಬರುತ್ತಿದೆ.
I'm so happy today.	ನಾನು ಇಂದು ತುಂಬಾ ಸಂತೋಷವಾಗಿದ್ದೇನೆ.
I'm sorry	ಕ್ಷಮಿಸಿ
I'm sorry.	ಕ್ಷಮಿಸಿ.
I'm sorry. (casual)	ಕ್ಷಮಿಸಿ. (ಸಾಂದರ್ಭಿಕ)
I'm studying Japanese.	ನಾನು ಜಪಾನೀಸ್ ಕಲಿಯುತ್ತಿದ್ದೇನೆ.
I'm studying for the exam.	ನಾನು ಪರೀಕ್ಷೆಗೆ ಓದುತ್ತಿದ್ದೇನೆ.
I'm thirsty.	ನನಗೆ ಬಾಯಾರಿಕೆಯಾಗಿದೆ.
I'm tired from work.	ನಾನು ಕೆಲಸದಿಂದ ಸುಸ್ತಾಗಿದ್ದೇನೆ.
I'm tired today.	ನಾನು ಇಂದು ದಣಿದಿದ್ದೇನೆ.
I'm twenty-five years old.	ನನಗೆ ಇಪ್ಪತ್ತೈದು ವರ್ಷ.
I'm very sorry	ನನ್ನನ್ನು ಕ್ಷಮಿಸಿ
I'm worried about the exam.	ನಾನು ಪರೀಕ್ಷೆಯ ಬಗ್ಗೆ ಚಿಂತಿತನಾಗಿದ್ದೇನೆ.
I'm worried.	ನಾನು ಚಿಂತಿತನಾಗಿದ್ದೇನೆ.
I've already finished the book.	ನಾನು ಈಗಾಗಲೇ ಪುಸ್ತಕವನ್ನು ಮುಗಿಸಿದ್ದೇನೆ.
I've come to be able to speak Japanese.	ನಾನು ಜಪಾನೀಸ್ ಮಾತನಾಡಲು ಬಂದಿದ್ದೇನೆ.
I've decided not to drink alcohol.	ನಾನು ಮದ್ಯಪಾನ ಮಾಡಬಾರದು ಎಂದು ನಿರ್ಧರಿಸಿದೆ.
I've just arrived.	ನಾನು ಈಗಷ್ಟೇ ಬಂದಿದ್ದೇನೆ.
I've started eating vegetables.	ನಾನು ತರಕಾರಿಗಳನ್ನು ತಿನ್ನಲು ಪ್ರಾರಂಭಿಸಿದೆ.
I, me (male or female)	ನಾನು, ನಾನು (ಗಂಡು ಅಥವಾ ಹೆಣ್ಣು)
I, me (males only)	ನಾನು, ನಾನು (ಪುರುಷರಿಗೆ ಮಾತ್ರ)
ID	ID
IT	ಐಟಿ
Ice	ಐಸ್
If I felt better, I would come.	ನನಗೆ ಒಳ್ಳೆಯದಾಗಿದ್ದರೆ, ನಾನು ಬರುತ್ತೇನೆ.
If I find out the address, I'll tell you.	ನಾನು ವಿಳಾಸವನ್ನು ಕಂಡುಕೊಂಡರೆ, ನಾನು ನಿಮಗೆ ಹೇಳುತ್ತೇನೆ.
If I get hungry, I'll eat bread.	ನನಗೆ ಹಸಿವಾದರೆ, ನಾನು ಬ್ರೆಡ್ ತಿನ್ನುತ್ತೇನೆ.
If I go to Japan, I will eat sushi.	ನಾನು ಜಪಾನ್‌ಗೆ ಹೋದರೆ, ನಾನು ಸುಶಿ ತಿನ್ನುತ್ತೇನೆ.
If I had a car, I would drive to work.	ನನ್ನ ಬಳಿ ಕಾರು ಇದ್ದರೆ, ನಾನು ಕೆಲಸಕ್ಕೆ ಹೋಗುತ್ತಿದ್ದೆ.
If I had known, I would have come earlier.	ಗೊತ್ತಿದ್ದರೆ ಮೊದಲೇ ಬರುತ್ತಿದ್ದೆ.
If I had money, I would travel.	ನನ್ನ ಬಳಿ ಹಣವಿದ್ದರೆ ನಾನು ಪ್ರಯಾಣಿಸುತ್ತಿದ್ದೆ.
If I had more time, I would travel more.	ನನಗೆ ಹೆಚ್ಚು ಸಮಯವಿದ್ದರೆ, ನಾನು ಹೆಚ್ಚು ಪ್ರಯಾಣಿಸುತ್ತಿದ್ದೆ.
If I had studied medicine, I would be a doctor now.	ನಾನು ಮೆಡಿಸಿನ್ ಓದಿದ್ದರೆ ಈಗ ಡಾಕ್ಟರ್ ಆಗುತ್ತಿದ್ದೆ.
If I had wings, I would fly.	ನನಗೆ ರೆಕ್ಕೆಗಳಿದ್ದರೆ, ನಾನು ಹಾರುತ್ತಿದ್ದೆ.
If I have money, I'll buy a car.	ನನ್ನ ಬಳಿ ಹಣವಿದ್ದರೆ ಕಾರು ಖರೀದಿಸುತ್ತೇನೆ.
If I have time, I will visit you.	ನನಗೆ ಸಮಯವಿದ್ದರೆ, ನಾನು ನಿಮ್ಮನ್ನು ಭೇಟಿ ಮಾಡುತ್ತೇನೆ.
If I have time, I'll go to see you.	ನನಗೆ ಸಮಯವಿದ್ದರೆ, ನಾನು ನಿಮ್ಮನ್ನು ನೋಡಲು ಹೋಗುತ್ತೇನೆ.
If I have time, I'll go to the library.	ನನಗೆ ಸಮಯವಿದ್ದರೆ, ನಾನು ಲೈಬ್ರರಿಗೆ ಹೋಗುತ್ತೇನೆ.
If I have time, I'll help.	ನನಗೆ ಸಮಯವಿದ್ದರೆ, ನಾನು ಸಹಾಯ ಮಾಡುತ್ತೇನೆ.
If I knew the answer, I would tell you.	ನನಗೆ ಉತ್ತರ ತಿಳಿದಿದ್ದರೆ, ನಾನು ನಿಮಗೆ ಹೇಳುತ್ತೇನೆ.
If I sleep early, I can wake up early.	ಬೇಗ ಮಲಗಿದರೆ ಬೇಗ ಏಳಬಹುದು.
If I were a bird, I would fly high.	ನಾನು ಹಕ್ಕಿಯಾಗಿದ್ದರೆ ಎತ್ತರಕ್ಕೆ ಹಾರುತ್ತಿದ್ದೆ.
If I were a doctor, I would help people.	ನಾನು ವೈದ್ಯನಾಗಿದ್ದರೆ, ನಾನು ಜನರಿಗೆ ಸಹಾಯ ಮಾಡುತ್ತಿದ್ದೆ.
If I were a millionaire, I would donate.	ನಾನು ಮಿಲಿಯನೇರ್ ಆಗಿದ್ದರೆ, ನಾನು ದಾನ ಮಾಡುತ್ತಿದ್ದೆ.
If I were an artist, I would paint.	ನಾನು ಕಲಾವಿದನಾಗಿದ್ದರೆ, ನಾನು ಚಿತ್ರಿಸುತ್ತೇನೆ.
If I were famous, people would know me.	ನಾನು ಪ್ರಸಿದ್ಧನಾಗಿದ್ದರೆ, ಜನರು ನನ್ನನ್ನು ತಿಳಿದುಕೊಳ್ಳುತ್ತಿದ್ದರು.
If I were in your shoes, I would quit.	ನಾನು ನಿಮ್ಮ ಪಾದರಕ್ಷೆಯಲ್ಲಿದ್ದರೆ, ನಾನು ತ್ಯಜಿಸುತ್ತೇನೆ.
If I were rich, I would travel the world.	ನಾನು ಶ್ರೀಮಂತನಾಗಿದ್ದರೆ, ನಾನು ಜಗತ್ತನ್ನು ಸುತ್ತುತ್ತಿದ್ದೆ.
If I were you, I would accept the offer.	ನಾನು ನೀವಾಗಿದ್ದರೆ, ನಾನು ಪ್ರಸ್ತಾಪವನ್ನು ಸ್ವೀಕರಿಸುತ್ತೇನೆ.
If I were you, I would apologize.	ನಾನು ನೀವಾಗಿದ್ದರೆ, ನಾನು ಕ್ಷಮೆಯಾಚಿಸುತ್ತೇನೆ.
If I were you, I would rest.	ನಾನು ನೀವಾಗಿದ್ದರೆ, ನಾನು ವಿಶ್ರಾಂತಿ ಪಡೆಯುತ್ತೇನೆ.
If I were you, I would see a doctor.	ನಾನು ನೀನಾಗಿದ್ದರೆ, ನಾನು ವೈದ್ಯರನ್ನು ನೋಡುತ್ತೇನೆ.
If I were you, I wouldn't worry.	ನಾನು ನೀನಾಗಿದ್ದರೆ, ನಾನು ಚಿಂತಿಸುವುದಿಲ್ಲ.
If I were younger, I would learn to sing.	ನಾನು ಚಿಕ್ಕವನಾಗಿದ್ದರೆ, ನಾನು ಹಾಡಲು ಕಲಿಯುತ್ತೇನೆ.
If I'm busy, I won't go.	ನಾನು ಬ್ಯುಸಿಯಾಗಿದ್ದರೆ, ನಾನು ಹೋಗುವುದಿಲ್ಲ.
If he practiced, he would play well.	ಅಭ್ಯಾಸ ಮಾಡಿದರೆ ಚೆನ್ನಾಗಿ ಆಡುತ್ತಿದ್ದರು.
If he were here, he would help us.	ಅವನು ಇಲ್ಲಿದ್ದರೆ, ಅವನು ನಮಗೆ ಸಹಾಯ ಮಾಡುತ್ತಾನೆ.
If he were smarter, he would pass.	ಅವನು ಬುದ್ಧಿವಂತನಾಗಿದ್ದರೆ, ಅವನು ತೇರ್ಗಡೆಯಾಗುತ್ತಾನೆ.
If it doesn't rain, the game will go on.	ಮಳೆ ಬರದಿದ್ದರೆ ಆಟ ಮುಂದುವರಿಯುತ್ತದೆ.
If it is sunny tomorrow, we will go to the park.	ನಾಳೆ ಬಿಸಿಲು ಇದ್ದರೆ ನಾವು ಉದ್ಯಾನವನಕ್ಕೆ ಹೋಗುತ್ತೇವೆ.
If it rains, I will stay at home.	ಮಳೆ ಬಂದರೆ ಮನೆಯಲ್ಲೇ ಇರುತ್ತೇನೆ.
If it rains, I will stay home.	ಮಳೆ ಬಂದರೆ ಮನೆಯಲ್ಲೇ ಇರುತ್ತೇನೆ.
If it rains, I won't take a walk.	ಮಳೆ ಬಂದರೆ ನಾನು ನಡೆಯುವುದಿಲ್ಲ.
If it rains, I'll stay home.	ಮಳೆ ಬಂದರೆ ಮನೆಯಲ್ಲೇ ಇರುತ್ತೇನೆ.
If it snows, we will make a snowman.	ಹಿಮಪಾತವಾದರೆ, ನಾವು ಹಿಮಮಾನವನನ್ನು ಮಾಡುತ್ತೇವೆ.
If it were colder, we would need coats.	ಅದು ತಂಪಾಗಿದ್ದರೆ, ನಮಗೆ ಕೋಟುಗಳು ಬೇಕಾಗುತ್ತವೆ.
If it were sunny, we would go out.	ಬಿಸಿಲಿದ್ದರೆ ಹೊರಗೆ ಹೋಗುತ್ತಿದ್ದೆವು.
If it were to rain, the event would be cancelled.	ಮಳೆ ಬಂದರೆ ಕಾರ್ಯಕ್ರಮ ರದ್ದಾಗುತ್ತಿತ್ತು.
If it's Japanese, I understand a little.	ಇದು ಜಪಾನೀಸ್ ಆಗಿದ್ದರೆ, ನನಗೆ ಸ್ವಲ್ಪ ಅರ್ಥವಾಗುತ್ತದೆ.
If it's a holiday, I'll stay home.	ರಜೆಯಾದರೆ ಮನೆಯಲ್ಲೇ ಇರುತ್ತೇನೆ.
If it's cheap, I'll buy it.	ಅದು ಅಗ್ಗವಾಗಿದ್ದರೆ, ನಾನು ಅದನ್ನು ಖರೀದಿಸುತ್ತೇನೆ.
If it's cold, I'll wear a coat.	ಚಳಿ ಇದ್ದರೆ ಕೋಟು ಹಾಕಿಕೊಳ್ಳುತ್ತೇನೆ.
If it's expensive, I won't buy it.	ಅದು ದುಬಾರಿಯಾಗಿದ್ದರೆ, ನಾನು ಅದನ್ನು ಖರೀದಿಸುವುದಿಲ್ಲ.
If it's hot, I'll turn on the AC.	ಬಿಸಿಯಾಗಿದ್ದರೆ ಎಸಿ ಆನ್ ಮಾಡುತ್ತೇನೆ.
If it's sunny tomorrow, I'll go to the park.	ನಾಳೆ ಬಿಸಿಲು ಇದ್ದರೆ ನಾನು ಉದ್ಯಾನವನಕ್ಕೆ ಹೋಗುತ್ತೇನೆ.
If it's this, it's fine.	ಇದು ಹೀಗಿದ್ದರೆ, ಅದು ಒಳ್ಳೆಯದು.
If it's tomorrow, I can go.	ನಾಳೆಯಾದರೆ ನಾನು ಹೋಗಬಹುದು.
If it's too much, let's stop.	ಜಾಸ್ತಿಯಾದರೆ ನಿಲ್ಲಿಸೋಣ.
If only she were here!	ಅವಳು ಇಲ್ಲಿದ್ದರೆ ಮಾತ್ರ!
If she calls, tell her I'm busy.	ಅವಳು ಫೋನ್ ಮಾಡಿದರೆ, ನಾನು ಬ್ಯುಸಿಯಾಗಿದ್ದೇನೆ ಎಂದು ಹೇಳಿ.
If she comes, I'll talk to her.	ಅವಳು ಬಂದರೆ, ನಾನು ಅವಳೊಂದಿಗೆ ಮಾತನಾಡುತ್ತೇನೆ.
If she had time, she would help.	ಆಕೆಗೆ ಸಮಯವಿದ್ದರೆ, ಅವಳು ಸಹಾಯ ಮಾಡುತ್ತಿದ್ದಳು.
If she hadn't missed the train, she would be here.	ಅವಳು ರೈಲು ತಪ್ಪಿಸದಿದ್ದರೆ, ಅವಳು ಇಲ್ಲಿಯೇ ಇರುತ್ತಿದ್ದಳು.
If she knew, she would help.	ಅವಳು ತಿಳಿದಿದ್ದರೆ, ಅವಳು ಸಹಾಯ ಮಾಡುತ್ತಾಳೆ.
If she were here, she would laugh.	ಇಲ್ಲಿದ್ದರೆ ನಗುತ್ತಿದ್ದಳು.
If she were the boss, things would change.	ಅವಳು ಬಾಸ್ ಆಗಿದ್ದರೆ, ಪರಿಸ್ಥಿತಿ ಬದಲಾಗುತ್ತಿತ್ತು.
If she won, she would be happy.	ಅವಳು ಗೆದ್ದರೆ, ಅವಳು ಸಂತೋಷವಾಗಿರುತ್ತಾಳೆ.
If the price were lower, I would buy it.	ಬೆಲೆ ಕಡಿಮೆಯಿದ್ದರೆ, ನಾನು ಅದನ್ನು ಖರೀದಿಸುತ್ತೇನೆ.
If there were more time, we could rest.	ಹೆಚ್ಚು ಸಮಯ ಇದ್ದರೆ, ನಾವು ವಿಶ್ರಾಂತಿ ಪಡೆಯಬಹುದು.
If they come early, we will start.	ಅವರು ಬೇಗನೆ ಬಂದರೆ, ನಾವು ಪ್ರಾರಂಭಿಸುತ್ತೇವೆ.
If they were here, they would enjoy it.	ಅವರು ಇಲ್ಲಿದ್ದರೆ, ಅವರು ಅದನ್ನು ಆನಂದಿಸುತ್ತಾರೆ.
If we leave now, we will catch the train.	ಈಗ ಹೊರಟರೆ ರೈಲು ಹಿಡಿಯುತ್ತೇವೆ.
If we miss the train, we will be late.	ರೈಲು ತಪ್ಪಿದರೆ ತಡವಾಗುತ್ತದೆ.
If we were rich, we would buy a house.	ನಾವು ಶ್ರೀಮಂತರಾಗಿದ್ದರೆ, ನಾವು ಮನೆ ಖರೀದಿಸುತ್ತೇವೆ.
If we won the lottery, we would buy a house.	ನಾವು ಲಾಟರಿ ಗೆದ್ದರೆ, ನಾವು ಮನೆ ಖರೀದಿಸುತ್ತೇವೆ.
If we work together, we can finish.	ನಾವು ಒಟ್ಟಾಗಿ ಕೆಲಸ ಮಾಡಿದರೆ, ನಾವು ಮುಗಿಸಬಹುದು.
If you are hungry, have some bread.	ನಿಮಗೆ ಹಸಿವಾಗಿದ್ದರೆ ಸ್ವಲ್ಪ ಬ್ರೆಡ್ ತೆಗೆದುಕೊಳ್ಳಿ.
If you ask me, we should wait.	ಅಂತ ಕೇಳಿದರೆ ಕಾಯಬೇಕು.
If you don't hurry, you will miss the bus.	ಅವಸರ ಮಾಡದಿದ್ದರೆ ಬಸ್ಸು ತಪ್ಪಿಹೋಗುತ್ತದೆ.
If you don't sleep, you will be tired.	ನಿದ್ದೆ ಮಾಡದಿದ್ದರೆ ಸುಸ್ತು.
If you don't understand, please ask.	ನಿಮಗೆ ಅರ್ಥವಾಗದಿದ್ದರೆ, ದಯವಿಟ್ಟು ಕೇಳಿ.
If you eat too much, you will feel sick.	ಅತಿಯಾಗಿ ತಿಂದರೆ ಹೊಟ್ಟೆನೋವು ಕಾಡುತ್ತದೆ.
If you freeze water, it becomes ice.	ನೀರನ್ನು ಫ್ರೀಜ್ ಮಾಡಿದರೆ ಅದು ಮಂಜುಗಡ್ಡೆಯಾಗುತ್ತದೆ.
If you heat water, it boils.	ನೀವು ನೀರನ್ನು ಬಿಸಿ ಮಾಡಿದರೆ, ಅದು ಕುದಿಯುತ್ತದೆ.
If you hurry, you'll make it.	ನೀವು ಆತುರಪಟ್ಟರೆ, ನೀವು ಅದನ್ನು ಸಾಧಿಸುವಿರಿ.
If you look, you'll understand.	ನೋಡಿದರೆ ನಿಮಗೇ ಅರ್ಥವಾಗುತ್ತದೆ.
If you mix red and white, you get pink.	ನೀವು ಕೆಂಪು ಮತ್ತು ಬಿಳಿ ಮಿಶ್ರಣ ಮಾಡಿದರೆ, ನೀವು ಗುಲಾಬಿ ಬಣ್ಣವನ್ನು ಪಡೆಯುತ್ತೀರಿ.
If you press the button, the door opens.	ನೀವು ಗುಂಡಿಯನ್ನು ಒತ್ತಿದರೆ, ಬಾಗಿಲು ತೆರೆಯುತ್ತದೆ.
If you press this button, the machine stops.	ನೀವು ಈ ಗುಂಡಿಯನ್ನು ಒತ್ತಿದರೆ, ಯಂತ್ರವು ನಿಲ್ಲುತ್ತದೆ.
If you study hard, you will pass.	ಕಷ್ಟಪಟ್ಟು ಓದಿದರೆ ಉತ್ತೀರ್ಣರಾಗುತ್ತೀರಿ.
If you study, you'll get good at it.	ನೀವು ಅಧ್ಯಯನ ಮಾಡಿದರೆ, ನೀವು ಅದರಲ್ಲಿ ಉತ್ತಮರಾಗುತ್ತೀರಿ.
If you study, you'll understand.	ನೀವು ಅಧ್ಯಯನ ಮಾಡಿದರೆ, ನಿಮಗೆ ಅರ್ಥವಾಗುತ್ತದೆ.
If you touch fire, you get burned.	ನೀವು ಬೆಂಕಿಯನ್ನು ಮುಟ್ಟಿದರೆ, ನೀವು ಸುಟ್ಟುಹೋಗುತ್ತೀರಿ.
If you were me, what would you say?	ನೀನು ನಾನಾಗಿದ್ದರೆ ಏನು ಹೇಳುತ್ತೀಯ?
If you were near me, I'd be happy.	ನೀನು ನನ್ನ ಹತ್ತಿರ ಇದ್ದಿದ್ದರೆ ನನಗೆ ಸಂತೋಷವಾಗುತ್ತಿತ್ತು.
In light of recent events, the meeting was postponed.	ಇತ್ತೀಚಿನ ವಿದ್ಯಮಾನಗಳ ಹಿನ್ನೆಲೆಯಲ್ಲಿ ಸಭೆಯನ್ನು ಮುಂದೂಡಲಾಗಿದೆ.
In my opinion, it's too expensive.	ನನ್ನ ಅಭಿಪ್ರಾಯದಲ್ಲಿ, ಇದು ತುಂಬಾ ದುಬಾರಿಯಾಗಿದೆ.
In terms of cost, this is the better option.	ವೆಚ್ಚದಲ್ಲಿ, ಇದು ಉತ್ತಮ ಆಯ್ಕೆಯಾಗಿದೆ.
In terms of expenses, transport costs are high.	ವೆಚ್ಚಗಳ ವಿಷಯದಲ್ಲಿ, ಸಾರಿಗೆ ವೆಚ್ಚಗಳು ಹೆಚ್ಚು.
In the morning when the sun rises, it's cold.	ಮುಂಜಾನೆ ಸೂರ್ಯ ಉದಯಿಸಿದಾಗ ಚಳಿ.
Independence Day	ಸ್ವಾತಂತ್ರ್ಯ ದಿನಾಚರಣೆ
Indian food is spicy.	ಭಾರತೀಯ ಆಹಾರವು ಮಸಾಲೆಯುಕ್ತವಾಗಿದೆ.
Is card okay?	ಕಾರ್ಡ್ ಸರಿಯೇ?
Is he your father?	ಅವರು ನಿಮ್ಮ ತಂದೆಯೇ?
Is it already over?	ಇದು ಈಗಾಗಲೇ ಮುಗಿದಿದೆಯೇ?
Is it far from here?	ಇದು ಇಲ್ಲಿಂದ ದೂರವಿದೆಯೇ?
Is it far to the beach?	ಇದು ಕಡಲತೀರಕ್ಕೆ ದೂರವಿದೆಯೇ?
Is it free?	ಇದು ಉಚಿತವೇ?
Is it okay if I don't come tomorrow?	ನಾನು ನಾಳೆ ಬರದಿದ್ದರೆ ಪರವಾಗಿಲ್ಲವೇ?
Is she a student?	ಅವಳು ವಿದ್ಯಾರ್ಥಿನಿಯೇ?
Is she going to join us?	ಅವಳು ನಮ್ಮೊಂದಿಗೆ ಸೇರಲಿದ್ದಾಳೆ?
Is she watching TV?	ಅವಳು ಟಿವಿ ನೋಡುತ್ತಿದ್ದಾಳಾ?
Is that person a teacher?	ಆ ವ್ಯಕ್ತಿ ಶಿಕ್ಷಕರೇ?
Is the beach far from here?	ಕಡಲತೀರವು ಇಲ್ಲಿಂದ ದೂರವಿದೆಯೇ?
Is the shrimp fresh?	ಸೀಗಡಿ ತಾಜಾವಾಗಿದೆಯೇ?
Is there Wi-Fi?	Wi-Fi ಇದೆಯೇ?
Is there a discount?	ರಿಯಾಯಿತಿ ಇದೆಯೇ?
Is there a police station nearby?	ಹತ್ತಿರದಲ್ಲಿ ಪೊಲೀಸ್ ಠಾಣೆ ಇದೆಯೇ?
Is there a shortcut?	ಶಾರ್ಟ್‌ಕಟ್ ಇದೆಯೇ?
Is there any bread left?	ಯಾವುದೇ ಬ್ರೆಡ್ ಉಳಿದಿದೆಯೇ?
Is there any sugar?	ಸಕ್ಕರೆ ಇದೆಯೇ?
Is there anything else I can help you with?	ನಾನು ನಿಮಗೆ ಸಹಾಯ ಮಾಡಲು ಬೇರೆ ಏನಾದರೂ ಇದೆಯೇ?
Is there free Wi-Fi?	ಉಚಿತ ವೈ-ಫೈ ಇದೆಯೇ?
Is this a book?	ಇದು ಪುಸ್ತಕವೇ?
Is this dish vegetarian?	ಈ ಖಾದ್ಯ ಸಸ್ಯಾಹಾರಿಯೇ?
Is this on sale?	ಇದು ಮಾರಾಟದಲ್ಲಿದೆಯೇ?
It can get very cold here in winter.	ಚಳಿಗಾಲದಲ್ಲಿ ಇಲ್ಲಿ ತುಂಬಾ ಚಳಿ ಇರುತ್ತದೆ.
It costs ten dollars.	ಇದು ಹತ್ತು ಡಾಲರ್ ವೆಚ್ಚವಾಗುತ್ತದೆ.
It could be argued that the policy is outdated.	ನೀತಿಯು ಹಳೆಯದಾಗಿದೆ ಎಂದು ವಾದಿಸಬಹುದು.
It doesn't matter.	ಪರವಾಗಿಲ್ಲ.
It feels good.	ಚೆನ್ನಾಗಿದೆ ಅನ್ನಿಸುತ್ತದೆ.
It has a big window.	ಇದು ದೊಡ್ಡ ಕಿಟಕಿಯನ್ನು ಹೊಂದಿದೆ.
It has been raining all day.	ದಿನವಿಡೀ ಮಳೆ ಸುರಿಯುತ್ತಿದೆ.
It has stopped raining.	ಮಳೆ ನಿಂತಿದೆ.
It hurts here.	ಇಲ್ಲಿ ನೋವಾಗುತ್ತದೆ.
It is a beautiful day.	ಅದೊಂದು ಸುಂದರ ದಿನ.
It is a pretty flower.	ಇದು ಸುಂದರವಾದ ಹೂವು.
It is an interesting book.	ಇದು ಆಸಕ್ತಿದಾಯಕ ಪುಸ್ತಕವಾಗಿದೆ.
It is cold outside.	ಹೊರಗೆ ಚಳಿ.
It is conduct unbecoming of a doctor.	ಇದು ವೈದ್ಯರಿಗೆ ಯೋಗ್ಯವಲ್ಲದ ನಡವಳಿಕೆ.
It is essential that everyone attend.	ಎಲ್ಲರೂ ಹಾಜರಾಗುವುದು ಅತ್ಯಗತ್ಯ.
It is getting dark.	ಕತ್ತಲಾಗುತ್ತಿದೆ.
It is not expensive.	ಇದು ದುಬಾರಿ ಅಲ್ಲ.
It is not money that matters most.	ಹೆಚ್ಚು ಮುಖ್ಯವಾದುದು ಹಣವಲ್ಲ.
It is raining.	ಮಳೆಯಾಗುತ್ತಿದೆ.
It is snowing.	ಹಿಮ ಬೀಳುತ್ತಿದೆ.
It is vital that every vote be counted.	ಪ್ರತಿ ಮತವನ್ನು ಎಣಿಕೆ ಮಾಡುವುದು ಅತ್ಯಗತ್ಯ.
It looks like a mild infection.	ಇದು ಸೌಮ್ಯವಾದ ಸೋಂಕಿನಂತೆ ಕಾಣುತ್ತದೆ.
It looks like it might rain.	ಮಳೆ ಬೀಳಬಹುದು ಎಂದು ತೋರುತ್ತಿದೆ.
It looks like it's going to rain.	ಮಳೆ ಬರುವ ಹಾಗೆ ಕಾಣುತ್ತಿದೆ.
It looks like rain.	ಮಳೆಯಂತೆ ಕಾಣುತ್ತದೆ.
It matters not just at work but in private life too.	ಇದು ಕೆಲಸದಲ್ಲಿ ಮಾತ್ರವಲ್ಲ, ವೈಯಕ್ತಿಕ ಜೀವನದಲ್ಲಿಯೂ ಸಹ ಮುಖ್ಯವಾಗಿದೆ.
It may be difficult at first.	ಮೊದಲಿಗೆ ಕಷ್ಟವಾಗಬಹುದು.
It may take some time.	ಇದು ಸ್ವಲ್ಪ ಸಮಯ ತೆಗೆದುಕೊಳ್ಳಬಹುದು.
It might rain later.	ನಂತರ ಮಳೆ ಬೀಳಬಹುದು.
It might snow tonight.	ಇಂದು ರಾತ್ರಿ ಹಿಮ ಬೀಳಬಹುದು.
It often rains in October.	ಅಕ್ಟೋಬರ್‌ನಲ್ಲಿ ಆಗಾಗ್ಗೆ ಮಳೆಯಾಗುತ್ತದೆ.
It rained all day.	ದಿನವಿಡೀ ಮಳೆ ಸುರಿಯಿತು.
It rained yesterday.	ನಿನ್ನೆ ಮಳೆ ಸುರಿದಿದೆ.
It takes thirty minutes.	ಇದು ಮೂವತ್ತು ನಿಮಿಷಗಳನ್ನು ತೆಗೆದುಕೊಳ್ಳುತ್ತದೆ.
It was a stressful week.	ಇದು ಒತ್ತಡದ ವಾರವಾಗಿತ್ತು.
It was a wonderful party.	ಅದೊಂದು ಅದ್ಭುತ ಪಾರ್ಟಿ.
It was boring, so I turned off the TV.	ಬೇಸರವಾಗಿತ್ತು, ಹಾಗಾಗಿ ಟಿವಿ ಆಫ್ ಮಾಡಿದೆ.
It was cold yesterday.	ನಿನ್ನೆ ಚಳಿ ಇತ್ತು.
It was my brother who called yesterday.	ನಿನ್ನೆ ಫೋನ್ ಮಾಡಿದ್ದು ನನ್ನ ಅಣ್ಣ.
It was raining all night.	ರಾತ್ರಿಯಿಡೀ ಮಳೆ ಸುರಿಯುತ್ತಿತ್ತು.
It was the best day of my life.	ಇದು ನನ್ನ ಜೀವನದ ಅತ್ಯುತ್ತಮ ದಿನವಾಗಿತ್ತು.
It will be 30 degrees today.	ಇಂದು 30 ಡಿಗ್ರಿ ಇರುತ್ತದೆ.
It will be a great day.	ಇದು ಉತ್ತಮ ದಿನವಾಗಿರುತ್ತದೆ.
It will probably be sunny tomorrow too.	ಬಹುಶಃ ನಾಳೆಯೂ ಬಿಸಿಲು ಇರುತ್ತದೆ.
It won't take long.	ಇದು ಹೆಚ್ಚು ಸಮಯ ತೆಗೆದುಕೊಳ್ಳುವುದಿಲ್ಲ.
It'd be great if you could speak Japanese.	ನೀವು ಜಪಾನೀಸ್ ಮಾತನಾಡಲು ಸಾಧ್ಯವಾದರೆ ಅದು ಉತ್ತಮವಾಗಿರುತ್ತದೆ.
It's 15 minutes before.	ಇದು 15 ನಿಮಿಷಗಳ ಮೊದಲು.
It's 26 degrees.	ಇದು 26 ಡಿಗ್ರಿ.
It's 300 yen.	ಇದು 300 ಯೆನ್.
It's 5 o'clock now.	ಈಗ 5 ಗಂಟೆಯಾಗಿದೆ.
It's 5,000 yen.	ಇದು 5,000 ಯೆನ್ ಆಗಿದೆ.
It's 5:30 now.	ಈಗ 5:30 ಆಗಿದೆ.
It's September 15th.	ಅದು ಸೆಪ್ಟೆಂಬರ್ 15.
It's a bit over my budget.	ಇದು ನನ್ನ ಬಜೆಟ್‌ಗಿಂತ ಸ್ವಲ್ಪ ಹೆಚ್ಚಾಗಿದೆ.
It's a gift for my friend.	ಇದು ನನ್ನ ಸ್ನೇಹಿತನಿಗೆ ಉಡುಗೊರೆ.
It's a gift, please.	ಇದು ಉಡುಗೊರೆಯಾಗಿದೆ, ದಯವಿಟ್ಟು.
It's a little big.	ಇದು ಸ್ವಲ್ಪ ದೊಡ್ಡದು.
It's a quarter to five.	ಐದಕ್ಕೆ ಕಾಲು.
It's a surprise party!	ಅದೊಂದು ಅಚ್ಚರಿಯ ಪಾರ್ಟಿ!
It's a ten-minute walk.	ಅದು ಹತ್ತು ನಿಮಿಷದ ನಡಿಗೆ.
It's about 1,000 yen.	ಇದು ಸುಮಾರು 1,000 ಯೆನ್ ಆಗಿದೆ.
It's about a five-minute walk.	ಇದು ಸುಮಾರು ಐದು ನಿಮಿಷಗಳ ನಡಿಗೆ.
It's become winter (recently).	ಇದು ಚಳಿಗಾಲವಾಗಿದೆ (ಇತ್ತೀಚೆಗೆ).
It's been a long day.	ಬಹಳ ದಿನವಾಯಿತು.
It's been a long time.	ಬಹಳ ದಿನವಾಗಿದೆ.
It's cloudy.	ಮೋಡ ಕವಿದಿದೆ.
It's cold, isn't it.	ಇದು ಚಳಿ, ಅಲ್ಲವೇ.
It's expensive but beautiful.	ಇದು ದುಬಾರಿ ಆದರೆ ಸುಂದರವಾಗಿರುತ್ತದೆ.
It's foggy this morning.	ಇಂದು ಬೆಳಗ್ಗೆ ಮಂಜು ಕವಿದಿದೆ.
It's freezing cold.	ಕೊರೆಯುವ ಚಳಿ.
It's getting cooler.	ತಣ್ಣಗಾಗುತ್ತಿದೆ.
It's getting late.	ತಡವಾಗುತ್ತಿದೆ.
It's good for health.	ಇದು ಆರೋಗ್ಯಕ್ಕೆ ಒಳ್ಳೆಯದು.
It's half an hour later.	ಇದು ಅರ್ಧ ಗಂಟೆಯ ನಂತರ.
It's half past three.	ಮೂರೂವರೆ.
It's hot today, isn't it.	ಇವತ್ತು ಬಿಸಿಲಾಗಿರುತ್ತದೆ ಅಲ್ಲವೇ.
It's nice weather today, isn't it.	ಇಂದು ಉತ್ತಮ ಹವಾಮಾನವಿದೆ, ಅಲ್ಲವೇ.
It's okay.; Not to worry.; Everything is under control.	ಪರವಾಗಿಲ್ಲ.; ಚಿಂತಿಸಬೇಡ.; ಎಲ್ಲವೂ ನಿಯಂತ್ರಣದಲ್ಲಿದೆ.
It's on me today.	ಅದು ಇಂದು ನನ್ನ ಮೇಲಿದೆ.
It's open until 5 pm today.	ಇದು ಇಂದು ಸಂಜೆ 5 ಗಂಟೆಯವರೆಗೆ ತೆರೆದಿರುತ್ತದೆ.
It's out of stock.	ಸ್ಟಾಕ್ ಮುಗಿದಿದೆ.
It's raining outside.	ಹೊರಗೆ ಮಳೆ ಬರುತ್ತಿದೆ.
It's raining.	ಮಳೆ ಬರುತ್ತಿದೆ.
It's really hot today.	ಇಂದು ನಿಜವಾಗಿಯೂ ಬಿಸಿಯಾಗಿರುತ್ತದೆ.
It's snowing.	ಹಿಮ ಬೀಳುತ್ತಿದೆ.
It's sunny today.	ಇಂದು ಬಿಸಿಲು.
It's ten past eight.	ಎಂಟು ಗಂಟೆ ಹತ್ತು.
It's too hard for me, I can't do it.	ಇದು ನನಗೆ ತುಂಬಾ ಕಷ್ಟ, ನಾನು ಅದನ್ನು ಮಾಡಲು ಸಾಧ್ಯವಿಲ್ಲ.
It's very hot today.	ಇಂದು ತುಂಬಾ ಬಿಸಿಯಾಗಿರುತ್ತದೆ.
January	ಜನವರಿ
Japan	ಜಪಾನ್
Japanese (language)	ಜಪಾನೀಸ್ (ಭಾಷೆ)
Japanese bedding; futon	ಜಪಾನೀಸ್ ಹಾಸಿಗೆ; ಫ್ಯೂಟಾನ್
Japanese buckwheat noodle	ಜಪಾನೀಸ್ ಬಕ್ವೀಟ್ ನೂಡಲ್
Japanese cars are famous.	ಜಪಾನಿನ ಕಾರುಗಳು ಪ್ರಸಿದ್ಧವಾಗಿವೆ.
Japanese cedar	ಜಪಾನೀಸ್ ಸೀಡರ್
Japanese chess	ಜಪಾನೀಸ್ ಚೆಸ್
Japanese class is fun.	ಜಪಾನೀಸ್ ತರಗತಿಯು ವಿನೋದಮಯವಾಗಿದೆ.
Japanese clothes	ಜಪಾನೀಸ್ ಬಟ್ಟೆಗಳು
Japanese food is delicious.	ಜಪಾನೀಸ್ ಆಹಾರವು ರುಚಿಕರವಾಗಿದೆ.
Japanese hotel	ಜಪಾನೀಸ್ ಹೋಟೆಲ್
Japanese is difficult, but interesting.	ಜಪಾನೀಸ್ ಕಷ್ಟ, ಆದರೆ ಆಸಕ್ತಿದಾಯಕವಾಗಿದೆ.
Japanese is hard to speak but easy to listen to.	ಜಪಾನೀಸ್ ಮಾತನಾಡಲು ಕಷ್ಟ ಆದರೆ ಕೇಳಲು ಸುಲಭ.
Japanese is harder than English.	ಜಪಾನೀಸ್ ಇಂಗ್ಲಿಷ್ಗಿಂತ ಕಠಿಣವಾಗಿದೆ.
Japanese language	ಜಪಾನೀಸ್ ಭಾಷೆ
Japanese person	ಜಪಾನೀಸ್ ವ್ಯಕ್ತಿ
Japanese soup bowl; wooden bowl	ಜಪಾನೀಸ್ ಸೂಪ್ ಬೌಲ್; ಮರದ ಬೌಲ್
Japanese straw mat	ಜಪಾನಿನ ಒಣಹುಲ್ಲಿನ ಚಾಪೆ
Japanese style door	ಜಪಾನೀಸ್ ಶೈಲಿಯ ಬಾಗಿಲು
Japanese teacher	ಜಪಾನೀ ಶಿಕ್ಷಕ
Japanese-English	ಜಪಾನೀಸ್-ಇಂಗ್ಲಿಷ್
Juice	ಜ್ಯೂಸ್
July	ಜುಲೈ
June	ಜೂನ್
Just a little.	ಸ್ವಲ್ಪ ಮಾತ್ರ.
Kabuki; traditional Japanese theatrical art	ಕಬುಕಿ; ಸಾಂಪ್ರದಾಯಿಕ ಜಪಾನೀಸ್ ನಾಟಕ ಕಲೆ
Keep practicing every day.	ಪ್ರತಿದಿನ ಅಭ್ಯಾಸ ಮಾಡುತ್ತಿರಿ.
Key	ಕೀ
Korea	ಕೊರಿಯಾ
Koto (Japanese harp)	ಕೊಟೊ (ಜಪಾನೀಸ್ ಹಾರ್ಪ್)
Lantern Festival; Festival of the Dead; tray	ಲ್ಯಾಂಟರ್ನ್ ಉತ್ಸವ; ಸತ್ತವರ ಹಬ್ಬ; ತಟ್ಟೆ
Las Vegas	ಲಾಸ್ ವೇಗಾಸ್
Last Sunday I went to the sea.	ಕಳೆದ ಭಾನುವಾರ ನಾನು ಸಮುದ್ರಕ್ಕೆ ಹೋಗಿದ್ದೆ.
Last month was December.	ಕಳೆದ ತಿಂಗಳು ಡಿಸೆಂಬರ್ ಆಗಿತ್ತು.
Learning a language takes time.	ಒಂದು ಭಾಷೆಯನ್ನು ಕಲಿಯಲು ಸಮಯ ತೆಗೆದುಕೊಳ್ಳುತ್ತದೆ.
Let me check my schedule.	ನನ್ನ ವೇಳಾಪಟ್ಟಿಯನ್ನು ಪರಿಶೀಲಿಸೋಣ.
Let me know if you need anything.	ನಿಮಗೆ ಏನಾದರೂ ಅಗತ್ಯವಿದ್ದರೆ ನನಗೆ ತಿಳಿಸಿ.
Let me think about it.	ನಾನು ಅದರ ಬಗ್ಗೆ ಯೋಚಿಸೋಣ.
Let's all toast!	ಎಲ್ಲರೂ ಟೋಸ್ಟ್ ಮಾಡೋಣ!
Let's begin.	ಆರಂಭಿಸೋಣ.
Let's blow out the candles.	ಮೇಣದಬತ್ತಿಗಳನ್ನು ಸ್ಫೋಟಿಸೋಣ.
Let's clean up tomorrow morning.	ನಾಳೆ ಬೆಳಿಗ್ಗೆ ಕ್ಲೀನ್ ಮಾಡೋಣ.
Let's cook.	ಅಡುಗೆ ಮಾಡೋಣ.
Let's dance!	ನೃತ್ಯ ಮಾಡೋಣ!
Let's dance.	ನೃತ್ಯ ಮಾಡೋಣ.
Let's discuss this.	ಇದನ್ನು ಚರ್ಚಿಸೋಣ.
Let's do homework together.	ಒಟ್ಟಿಗೆ ಮನೆಕೆಲಸ ಮಾಡೋಣ.
Let's do it another day.	ಇನ್ನೊಂದು ದಿನ ಮಾಡೋಣ.
Let's do something fun.	ಏನಾದರೂ ಮೋಜು ಮಾಡೋಣ.
Let's eat together.	ಒಟ್ಟಿಗೆ ಊಟ ಮಾಡೋಣ.
Let's eat! (before a meal)	ನಾವು ತಿನ್ನೋಣ! (ಊಟದ ಮೊದಲು)
Let's finish.	ಮುಗಿಸೋಣ.
Let's go by bus.	ಬಸ್ಸಿನಲ್ಲಿ ಹೋಗೋಣ.
Let's go by taxi.	ಟ್ಯಾಕ್ಸಿಯಲ್ಲಿ ಹೋಗೋಣ.
Let's go by train.	ರೈಲಿನಲ್ಲಿ ಹೋಗೋಣ.
Let's go eat lunch.	ಊಟಕ್ಕೆ ಹೋಗೋಣ.
Let's go home together.	ಒಟ್ಟಿಗೆ ಮನೆಗೆ ಹೋಗೋಣ.
Let's go on a nice day.	ಒಳ್ಳೆಯ ದಿನದಲ್ಲಿ ಹೋಗೋಣ.
Let's go out for dinner.	ಊಟಕ್ಕೆ ಹೋಗೋಣ.
Let's go shopping.	ಶಾಪಿಂಗ್ ಹೋಗೋಣ.
Let's go to a new restaurant.	ಹೊಸ ರೆಸ್ಟೋರೆಂಟ್‌ಗೆ ಹೋಗೋಣ.
Let's go.	ಹೋಗೋಣ.
Let's grab coffee sometime.	ಒಮ್ಮೆ ಕಾಫಿ ಕುಡಿಯೋಣ.
Let's have breakfast together.	ಒಟ್ಟಿಗೆ ಉಪಹಾರ ಮಾಡೋಣ.
Let's have coffee.	ಕಾಫಿ ಕುಡಿಯೋಣ.
Let's make a toast!	ಟೋಸ್ಟ್ ಮಾಡೋಣ!
Let's meet again soon.	ಶೀಘ್ರದಲ್ಲೇ ಮತ್ತೆ ಭೇಟಿಯಾಗೋಣ.
Let's meet again tomorrow.	ನಾಳೆ ಮತ್ತೆ ಭೇಟಿಯಾಗೋಣ.
Let's meet at 3 pm.	ಮಧ್ಯಾಹ್ನ 3 ಗಂಟೆಗೆ ಭೇಟಿಯಾಗೋಣ.
Let's meet at the station.	ನಿಲ್ದಾಣದಲ್ಲಿ ಭೇಟಿಯಾಗೋಣ.
Let's meet in front of the station.	ನಿಲ್ದಾಣದ ಮುಂದೆ ಭೇಟಿಯಾಗೋಣ.
Let's order a pizza.	ಪಿಜ್ಜಾವನ್ನು ಆರ್ಡರ್ ಮಾಡೋಣ.
Let's play tennis.	ಟೆನಿಸ್ ಆಡೋಣ.
Let's play.	ಆಡೋಣ.
Let's rest.	ವಿಶ್ರಾಂತಿ ಪಡೆಯೋಣ.
Let's schedule a call.	ಕರೆಯನ್ನು ನಿಗದಿಪಡಿಸೋಣ.
Let's sing a song.	ಒಂದು ಹಾಡನ್ನು ಹಾಡೋಣ.
Let's stay home because of the rain.	ಮಳೆಯಿಂದಾಗಿ ಮನೆಯಲ್ಲೇ ಇರೋಣ.
Let's stop here for today.	ಇವತ್ತಿಗೆ ಇಲ್ಲಿಗೆ ನಿಲ್ಲಿಸೋಣ.
Let's study Japanese.	ಜಪಾನೀಸ್ ಅಧ್ಯಯನ ಮಾಡೋಣ.
Let's study together.	ಒಟ್ಟಿಗೆ ಅಧ್ಯಯನ ಮಾಡೋಣ.
Let's take a coffee break.	ಕಾಫಿ ಬ್ರೇಕ್ ತೆಗೆದುಕೊಳ್ಳೋಣ.
Let's take a group photo.	ಗ್ರೂಪ್ ಫೋಟೋ ತೆಗೆಯೋಣ.
Let's take a walk.	ನಡೆಯೋಣ.
Let's talk on video tomorrow.	ನಾಳೆ ವಿಡಿಯೋದಲ್ಲಿ ಮಾತನಾಡೋಣ.
Let's talk tomorrow.	ನಾಳೆ ಮಾತಾಡೋಣ.
Let's talk while walking.	ನಡೆಯುವಾಗ ಮಾತನಾಡೋಣ.
Let's text instead.	ಬದಲಿಗೆ ಪಠ್ಯ ಬರೆಯೋಣ.
Let's visit the museum.	ಮ್ಯೂಸಿಯಂಗೆ ಭೇಟಿ ನೀಡೋಣ.
Let's wait here.	ಇಲ್ಲಿ ಕಾಯೋಣ.
Let's watch a movie.	ಸಿನಿಮಾ ನೋಡೋಣ.
Lion	ಸಿಂಹ
Look at the clouds! It's going to rain.	ಮೋಡಗಳನ್ನು ನೋಡಿ! ಮಳೆ ಬರಲಿದೆ.
Look at those clouds — it is going to rain.	ಆ ಮೋಡಗಳನ್ನು ನೋಡಿ - ಮಳೆ ಬೀಳಲಿದೆ.
Look! It is raining outside.	ನೋಡು! ಹೊರಗೆ ಮಳೆ ಬರುತ್ತಿದೆ.
Los Angeles	ಲಾಸ್ ಏಂಜಲೀಸ್
Many people work at the factory.	ಅನೇಕ ಜನರು ಕಾರ್ಖಾನೆಯಲ್ಲಿ ಕೆಲಸ ಮಾಡುತ್ತಾರೆ.
March	ಮಾರ್ಚ್
Mars (planet)	ಮಂಗಳ (ಗ್ರಹ)
May	ಮೇ
May I ask a question?	ನಾನು ಪ್ರಶ್ನೆ ಕೇಳಬಹುದೇ?
May I ask how you'll be paying?	ನೀವು ಹೇಗೆ ಪಾವತಿಸುತ್ತೀರಿ ಎಂದು ನಾನು ಕೇಳಬಹುದೇ?
May I ask your phone number?	ನಾನು ನಿಮ್ಮ ಫೋನ್ ಸಂಖ್ಯೆಯನ್ನು ಕೇಳಬಹುದೇ?
May I come in?	ನಾನು ಒಳಗೆ ಬರಬಹುದೇ?
May I have a receipt?	ನಾನು ರಸೀದಿಯನ್ನು ಹೊಂದಬಹುದೇ?
May I have a room key?	ನಾನು ಕೋಣೆಯ ಕೀಲಿಯನ್ನು ಹೊಂದಬಹುದೇ?
May I speak to Maria?	ನಾನು ಮಾರಿಯಾ ಜೊತೆ ಮಾತನಾಡಬಹುದೇ?
May I take a photo here?	ನಾನು ಇಲ್ಲಿ ಫೋಟೋ ತೆಗೆಯಬಹುದೇ?
May I take a photo?	ನಾನು ಫೋಟೋ ತೆಗೆಯಬಹುದೇ?
May I take photos here?	ನಾನು ಇಲ್ಲಿ ಫೋಟೋಗಳನ್ನು ತೆಗೆಯಬಹುದೇ?
May I use your phone?	ನಾನು ನಿಮ್ಮ ಫೋನ್ ಬಳಸಬಹುದೇ?
May all your wishes come true.	ನಿಮ್ಮ ಎಲ್ಲಾ ಆಸೆಗಳು ಈಡೇರಲಿ.
Merry Christmas!	ಮೆರ್ರಿ ಕ್ರಿಸ್ಮಸ್!
Middle Ages; mediaeval times	ಮಧ್ಯಯುಗ; ಮಧ್ಯಕಾಲೀನ ಸಮಯ
Milk	ಹಾಲು
Mine is red.	ನನ್ನದು ಕೆಂಪು.
Miss	ಸುಂದರಿ
Monday	ಸೋಮವಾರ
Monday (short)	ಸೋಮವಾರ (ಸಣ್ಣ)
Money doesn't grow on trees.	ಮರಗಳಲ್ಲಿ ಹಣ ಬೆಳೆಯುವುದಿಲ್ಲ.
Mount Everest is the highest mountain.	ಮೌಂಟ್ ಎವರೆಸ್ಟ್ ಅತ್ಯಂತ ಎತ್ತರದ ಪರ್ವತವಾಗಿದೆ.
Mr	ಶ್ರೀ
Mr. Tanaka came.	ಶ್ರೀ ತನಕ ಬಂದರು.
Mr. Tanaka is a teacher.	ಶ್ರೀ ತನಕಾ ಶಿಕ್ಷಕರು.
Mr./Ms....	ಶ್ರೀ/ಶ್ರೀಮತಿ....
Mrs	ಶ್ರೀಮತಿ
Mt. Fuji is the highest mountain in Japan.	ಮೌಂಟ್ ಫ್ಯೂಜಿ ಜಪಾನ್‌ನ ಅತಿ ಎತ್ತರದ ಪರ್ವತವಾಗಿದೆ.
Much as I admire him, I disagree with this decision.	ನಾನು ಅವನನ್ನು ಮೆಚ್ಚುತ್ತೇನೆ, ನಾನು ಈ ನಿರ್ಧಾರವನ್ನು ಒಪ್ಪುವುದಿಲ್ಲ.
Municipal Hospital	ಮುನ್ಸಿಪಲ್ ಆಸ್ಪತ್ರೆ
My English is getting better.	ನನ್ನ ಇಂಗ್ಲಿಷ್ ಉತ್ತಮವಾಗುತ್ತಿದೆ.
My battery is dying.	ನನ್ನ ಬ್ಯಾಟರಿ ಸಾಯುತ್ತಿದೆ.
My battery is low.	ನನ್ನ ಬ್ಯಾಟರಿ ಕಡಿಮೆಯಾಗಿದೆ.
My birthday is on 5 May.	ಮೇ 5 ರಂದು ನನ್ನ ಜನ್ಮದಿನ.
My brother is taller than me.	ನನ್ನ ಅಣ್ಣ ನನಗಿಂತ ಎತ್ತರ.
My brother studies abroad.	ನನ್ನ ಸಹೋದರ ವಿದೇಶದಲ್ಲಿ ಓದುತ್ತಿದ್ದಾನೆ.
My car was stolen last night.	ನಿನ್ನೆ ರಾತ್ರಿ ನನ್ನ ಕಾರು ಕಳ್ಳತನವಾಗಿದೆ.
My cat sleeps all day.	ನನ್ನ ಬೆಕ್ಕು ಇಡೀ ದಿನ ಮಲಗುತ್ತದೆ.
My class ends at three.	ನನ್ನ ತರಗತಿ ಮೂರಕ್ಕೆ ಮುಗಿಯುತ್ತದೆ.
My commute takes an hour.	ನನ್ನ ಪ್ರಯಾಣವು ಒಂದು ಗಂಟೆ ತೆಗೆದುಕೊಳ್ಳುತ್ತದೆ.
My company is in Tokyo.	ನನ್ನ ಕಂಪನಿ ಟೋಕಿಯೋದಲ್ಲಿದೆ.
My cousin lives abroad.	ನನ್ನ ಸೋದರಸಂಬಂಧಿ ವಿದೇಶದಲ್ಲಿ ವಾಸಿಸುತ್ತಿದ್ದಾರೆ.
My father is a doctor.	ನನ್ನ ತಂದೆ ವೈದ್ಯರು.
My father is not tall.	ನನ್ನ ತಂದೆ ಎತ್ತರವಿಲ್ಲ.
My father works at a university.	ನನ್ನ ತಂದೆ ವಿಶ್ವವಿದ್ಯಾಲಯದಲ್ಲಿ ಕೆಲಸ ಮಾಡುತ್ತಾರೆ.
My father works in a hospital.	ನನ್ನ ತಂದೆ ಆಸ್ಪತ್ರೆಯಲ್ಲಿ ಕೆಲಸ ಮಾಡುತ್ತಾರೆ.
My father works.	ನನ್ನ ತಂದೆ ಕೆಲಸ ಮಾಡುತ್ತಾರೆ.
My father's car is red.	ನನ್ನ ತಂದೆಯ ಕಾರು ಕೆಂಪು.
My favorite is ramen.	ನನ್ನ ನೆಚ್ಚಿನ ರಾಮೆನ್.
My friend brought a cake (came with it).	ನನ್ನ ಸ್ನೇಹಿತ ಕೇಕ್ ತಂದರು (ಅದರೊಂದಿಗೆ ಬಂದರು).
My friend lives in India.	ನನ್ನ ಸ್ನೇಹಿತ ಭಾರತದಲ್ಲಿ ವಾಸಿಸುತ್ತಾನೆ.
My friend made me a cake.	ನನ್ನ ಸ್ನೇಹಿತ ನನಗೆ ಕೇಕ್ ಮಾಡಿದನು.
My grades improved a lot.	ನನ್ನ ಅಂಕಗಳು ಬಹಳಷ್ಟು ಸುಧಾರಿಸಿದೆ.
My grades improved.	ನನ್ನ ಅಂಕಗಳು ಸುಧಾರಿಸಿದವು.
My grandfather cooks dinner.	ನನ್ನ ಅಜ್ಜ ಭೋಜನವನ್ನು ಬೇಯಿಸುತ್ತಾರೆ.
My grandfather is eighty.	ನನ್ನ ಅಜ್ಜನಿಗೆ ಎಂಬತ್ತು.
My grandmother is wise.	ನನ್ನ ಅಜ್ಜಿ ಬುದ್ಧಿವಂತ.
My grandmother tells great stories.	ನನ್ನ ಅಜ್ಜಿ ಅದ್ಭುತ ಕಥೆಗಳನ್ನು ಹೇಳುತ್ತಾಳೆ.
My house is bigger than yours.	ನನ್ನ ಮನೆ ನಿನಗಿಂತ ದೊಡ್ಡದು.
My house is here.	ನನ್ನ ಮನೆ ಇಲ್ಲೇ ಇದೆ.
My mother is a teacher.	ನನ್ನ ತಾಯಿ ಶಿಕ್ಷಕಿ.
My mother is good at cooking.	ನನ್ನ ತಾಯಿ ಅಡುಗೆ ಮಾಡುವುದರಲ್ಲಿ ನಿಪುಣರು.
My mother is kind.	ನನ್ನ ತಾಯಿ ಕರುಣಾಮಯಿ.
My mother is well.	ನನ್ನ ತಾಯಿ ಚೆನ್ನಾಗಿದ್ದಾರೆ.
My name is Alex.	ನನ್ನ ಹೆಸರು ಅಲೆಕ್ಸ್.
My older sister lives in India.	ನನ್ನ ಅಕ್ಕ ಭಾರತದಲ್ಲಿ ವಾಸಿಸುತ್ತಾಳೆ.
My phone broke.	ನನ್ನ ಫೋನ್ ಒಡೆದಿದೆ.
My phone is in my pocket.	ನನ್ನ ಫೋನ್ ನನ್ನ ಜೇಬಿನಲ್ಲಿದೆ.
My phone is on silent.	ನನ್ನ ಫೋನ್ ಮೌನವಾಗಿದೆ.
My phone was stolen.	ನನ್ನ ಫೋನ್ ಕದ್ದಿದೆ.
My salary increased.	ನನ್ನ ಸಂಬಳ ಹೆಚ್ಚಾಯಿತು.
My schedule is busy this week.	ಈ ವಾರ ನನ್ನ ವೇಳಾಪಟ್ಟಿ ಕಾರ್ಯನಿರತವಾಗಿದೆ.
My sister and I grow flowers.	ನನ್ನ ತಂಗಿ ಮತ್ತು ನಾನು ಹೂವುಗಳನ್ನು ಬೆಳೆಯುತ್ತೇವೆ.
My sister has two children.	ನನ್ನ ತಂಗಿಗೆ ಇಬ್ಬರು ಮಕ್ಕಳಿದ್ದಾರೆ.
My sister made a cake and brought it.	ನನ್ನ ತಂಗಿ ಕೇಕ್ ಮಾಡಿ ತಂದಳು.
My stomach hurts.	ನನ್ನ ಹೊಟ್ಟೆ ನೋವುಂಟುಮಾಡುತ್ತದೆ.
My temperature is normal.	ನನ್ನ ತಾಪಮಾನ ಸಾಮಾನ್ಯವಾಗಿದೆ.
My throat hurts.	ನನ್ನ ಗಂಟಲು ನೋವುಂಟುಮಾಡುತ್ತದೆ.
My wallet was found on the street.	ನನ್ನ ಕೈಚೀಲ ಬೀದಿಯಲ್ಲಿ ಕಂಡುಬಂದಿದೆ.
National Diet; parliament; congress	ರಾಷ್ಟ್ರೀಯ ಆಹಾರ ಪದ್ಧತಿ; ಸಂಸತ್ತು; ಕಾಂಗ್ರೆಸ್
Never have I seen such a beautiful sunset.	ಅಂತಹ ಸುಂದರವಾದ ಸೂರ್ಯಾಸ್ತವನ್ನು ನಾನು ನೋಡಿಲ್ಲ.
New Year's	ಹೊಸ ವರ್ಷದ
New Year's Day	ಹೊಸ ವರ್ಷದ ದಿನ
Next month is busy.	ಮುಂದಿನ ತಿಂಗಳು ಕಾರ್ಯನಿರತವಾಗಿದೆ.
Nice to meet you	ನಿಮ್ಮನ್ನು ಭೇಟಿಯಾಗಲು ಸಂತೋಷವಾಗಿದೆ
Nice to meet you (please treat me well).	ನಿಮ್ಮನ್ನು ಭೇಟಿಯಾಗಲು ಸಂತೋಷವಾಗಿದೆ (ದಯವಿಟ್ಟು ನನ್ನನ್ನು ಚೆನ್ನಾಗಿ ನೋಡಿಕೊಳ್ಳಿ).
Nice to meet you too.	ನಿಮ್ಮನ್ನೂ ಭೇಟಿಯಾಗಲು ಸಂತೋಷವಾಗಿದೆ.
Nice to meet you.	ನಿಮ್ಮನ್ನು ಭೇಟಿಯಾಗಲು ಸಂತೋಷವಾಗಿದೆ.
No Smoking!	ಧೂಮಪಾನ ಇಲ್ಲ!
No ice, please.	ಐಸ್ ಇಲ್ಲ, ದಯವಿಟ್ಟು.
No sooner had I left than it started raining.	ನಾನು ಹೋದ ಕೂಡಲೇ ಮಳೆ ಶುರುವಾಯಿತು.
No, I don't have it.	ಇಲ್ಲ, ನನ್ನ ಬಳಿ ಇಲ್ಲ.
No, not yet.	ಇಲ್ಲ, ಇನ್ನೂ ಇಲ್ಲ.
No, she doesn't.	ಇಲ್ಲ, ಅವಳು ಮಾಡುವುದಿಲ್ಲ.
No; Not at all	ಇಲ್ಲ; ಇಲ್ಲವೇ ಇಲ್ಲ
North Pole	ಉತ್ತರ ಧ್ರುವ
Nose	ಮೂಗು
Not only did she win, but she also set a record.	ಗೆದ್ದಿದ್ದಷ್ಟೇ ಅಲ್ಲ ದಾಖಲೆಯನ್ನೂ ನಿರ್ಮಿಸಿದ್ದಾಳೆ.
Not until later did he understand the problem.	ನಂತರದವರೆಗೂ ಅವನಿಗೆ ಸಮಸ್ಯೆ ಅರ್ಥವಾಗಲಿಲ್ಲ.
Notwithstanding the risks, they proceeded.	ಅಪಾಯಗಳ ಹೊರತಾಗಿಯೂ, ಅವರು ಮುಂದುವರೆದರು.
November	ನವೆಂಬರ್
OK	ಸರಿ
October	ಅಕ್ಟೋಬರ್
Of course.	ಸಹಜವಾಗಿ.
Oh!	ಓಹ್!
On the way back, I go to the supermarket.	ಹಿಂತಿರುಗುವಾಗ, ನಾನು ಸೂಪರ್ಮಾರ್ಕೆಟ್ಗೆ ಹೋಗುತ್ತೇನೆ.
On the whole, the advantages outweigh the drawbacks.	ಒಟ್ಟಾರೆಯಾಗಿ, ಅನುಕೂಲಗಳು ನ್ಯೂನತೆಗಳನ್ನು ಮೀರಿಸುತ್ತದೆ.
On weekends I do things like shopping and watching movies.	ವಾರಾಂತ್ಯದಲ್ಲಿ ನಾನು ಶಾಪಿಂಗ್ ಮತ್ತು ಚಲನಚಿತ್ರಗಳನ್ನು ನೋಡುವಂತಹ ಕೆಲಸಗಳನ್ನು ಮಾಡುತ್ತೇನೆ.
Once he starts talking, he never stops.	ಅವನು ಒಮ್ಮೆ ಮಾತನಾಡಲು ಪ್ರಾರಂಭಿಸಿದರೆ, ಅವನು ಎಂದಿಗೂ ನಿಲ್ಲುವುದಿಲ್ಲ.
One bottle of beer, please.	ದಯವಿಟ್ಟು ಒಂದು ಬಾಟಲ್ ಬಿಯರ್.
One glass of water, please.	ದಯವಿಟ್ಟು ಒಂದು ಲೋಟ ನೀರು.
One more bowl of rice, please.	ದಯವಿಟ್ಟು ಇನ್ನೂ ಒಂದು ಬಟ್ಟಲು ಅನ್ನ.
One more time, please.	ಮತ್ತೊಮ್ಮೆ, ದಯವಿಟ್ಟು.
One pair of shoes, please.	ದಯವಿಟ್ಟು ಒಂದು ಜೋಡಿ ಶೂಗಳು.
One piece of cake, please.	ಒಂದು ತುಂಡು ಕೇಕ್, ದಯವಿಟ್ಟು.
One slice of bread, please.	ಒಂದು ಸ್ಲೈಸ್ ಬ್ರೆಡ್, ದಯವಿಟ್ಟು.
One ticket to the airport, please.	ದಯವಿಟ್ಟು ವಿಮಾನ ನಿಲ್ದಾಣಕ್ಕೆ ಒಂದು ಟಿಕೆಟ್.
One, two, three…	ಒಂದು, ಎರಡು, ಮೂರು…
Only now that things have reached this point did he realize.	ಈಗ ವಿಷಯಗಳು ಈ ಹಂತಕ್ಕೆ ತಲುಪಿವೆ ಎಂದು ಅವರು ಅರಿತುಕೊಂಡರು.
Orange	ಕಿತ್ತಳೆ
Orient	ಓರಿಯಂಟ್
Our office is in the city center.	ನಮ್ಮ ಕಚೇರಿ ನಗರ ಕೇಂದ್ರದಲ್ಲಿದೆ.
Our teacher is very kind.	ನಮ್ಮ ಗುರುಗಳು ತುಂಬಾ ಒಳ್ಳೆಯವರು.
Our understanding of the brain has grown.	ಮೆದುಳಿನ ಬಗ್ಗೆ ನಮ್ಮ ತಿಳುವಳಿಕೆ ಬೆಳೆದಿದೆ.
Outside is cold.	ಹೊರಗೆ ಚಳಿ.
P.M.	ಪಿ.ಎಂ.
PIN number	ಪಿನ್ ಸಂಖ್ಯೆ
PM (also means afternoon)	PM (ಮಧ್ಯಾಹ್ನ ಎಂದರ್ಥ)
Passengers must fasten their belts.	ಪ್ರಯಾಣಿಕರು ತಮ್ಮ ಬೆಲ್ಟ್‌ಗಳನ್ನು ಕಟ್ಟಿಕೊಳ್ಳಬೇಕು.
Pen	ಪೆನ್
Please be on time.	ದಯವಿಟ್ಟು ಸಮಯಕ್ಕೆ ಸರಿಯಾಗಿರಿ.
Please bring an umbrella.	ದಯವಿಟ್ಟು ಕೊಡೆ ತನ್ನಿ.
Please call a taxi to the airport.	ದಯವಿಟ್ಟು ವಿಮಾನ ನಿಲ್ದಾಣಕ್ಕೆ ಟ್ಯಾಕ್ಸಿಗೆ ಕರೆ ಮಾಡಿ.
Please call an ambulance.	ದಯವಿಟ್ಟು ಆಂಬ್ಯುಲೆನ್ಸ್‌ಗೆ ಕರೆ ಮಾಡಿ.
Please call me.	ದಯವಿಟ್ಟು ನನಗೆ ಕರೆ ಮಾಡಿ.
Please call someone.	ದಯವಿಟ್ಟು ಯಾರಿಗಾದರೂ ಕರೆ ಮಾಡಿ.
Please call the police.	ದಯವಿಟ್ಟು ಪೊಲೀಸರಿಗೆ ಕರೆ ಮಾಡಿ.
Please carry this.	ದಯವಿಟ್ಟು ಇದನ್ನು ಒಯ್ಯಿರಿ.
Please close the door.	ದಯವಿಟ್ಟು ಬಾಗಿಲು ಮುಚ್ಚಿ.
Please come again.	ದಯವಿಟ್ಟು ಮತ್ತೊಮ್ಮೆ ಬನ್ನಿ.
Please come back soon.	ದಯವಿಟ್ಟು ಬೇಗ ಹಿಂತಿರುಗಿ.
Please come here.	ದಯವಿಟ್ಟು ಇಲ್ಲಿಗೆ ಬನ್ನಿ.
Please come this way.	ದಯವಿಟ್ಟು ಈ ಕಡೆ ಬನ್ನಿ.
Please come tomorrow.	ದಯವಿಟ್ಟು ನಾಳೆ ಬನ್ನಿ.
Please cut this paper.	ದಯವಿಟ್ಟು ಈ ಕಾಗದವನ್ನು ಕತ್ತರಿಸಿ.
Please don't break it.	ದಯವಿಟ್ಟು ಅದನ್ನು ಮುರಿಯಬೇಡಿ.
Please don't come late.	ದಯವಿಟ್ಟು ತಡವಾಗಿ ಬರಬೇಡಿ.
Please don't enter this room.	ದಯವಿಟ್ಟು ಈ ಕೊಠಡಿಯನ್ನು ಪ್ರವೇಶಿಸಬೇಡಿ.
Please don't forget.	ದಯವಿಟ್ಟು ಮರೆಯಬೇಡಿ.
Please don't smoke here.	ದಯವಿಟ್ಟು ಇಲ್ಲಿ ಧೂಮಪಾನ ಮಾಡಬೇಡಿ.
Please don't smoke.	ದಯವಿಟ್ಟು ಧೂಮಪಾನ ಮಾಡಬೇಡಿ.
Please don't talk here.	ದಯವಿಟ್ಟು ಇಲ್ಲಿ ಮಾತನಾಡಬೇಡಿ.
Please don't talk while eating.	ದಯವಿಟ್ಟು ಊಟ ಮಾಡುವಾಗ ಮಾತನಾಡಬೇಡಿ.
Please don't worry.	ದಯವಿಟ್ಟು ಚಿಂತಿಸಬೇಡಿ.
Please drink lots of water.	ದಯವಿಟ್ಟು ಸಾಕಷ್ಟು ನೀರು ಕುಡಿಯಿರಿ.
Please drive slowly.	ದಯವಿಟ್ಟು ನಿಧಾನವಾಗಿ ಚಾಲನೆ ಮಾಡಿ.
Please email me the file.	ದಯವಿಟ್ಟು ಫೈಲ್ ಅನ್ನು ನನಗೆ ಇಮೇಲ್ ಮಾಡಿ.
Please explain it again.	ದಯವಿಟ್ಟು ಅದನ್ನು ಮತ್ತೊಮ್ಮೆ ವಿವರಿಸಿ.
Please fasten your seatbelt.	ದಯವಿಟ್ಟು ನಿಮ್ಮ ಸೀಟ್‌ಬೆಲ್ಟ್ ಅನ್ನು ಕಟ್ಟಿಕೊಳ್ಳಿ.
Please fill it with gas.	ದಯವಿಟ್ಟು ಅದನ್ನು ಅನಿಲದಿಂದ ತುಂಬಿಸಿ.
Please fill out this form.	ದಯವಿಟ್ಟು ಈ ಫಾರ್ಮ್ ಅನ್ನು ಭರ್ತಿ ಮಾಡಿ.
Please get off here.	ದಯವಿಟ್ಟು ಇಲ್ಲಿಂದ ಇಳಿಯಿರಿ.
Please give me a coffee.	ದಯವಿಟ್ಟು ನನಗೆ ಕಾಫಿ ಕೊಡಿ.
Please give me coffee.	ದಯವಿಟ್ಟು ನನಗೆ ಕಾಫಿ ಕೊಡಿ.
Please give me some water.	ದಯವಿಟ್ಟು ನನಗೆ ಸ್ವಲ್ಪ ನೀರು ಕೊಡಿ.
Please give me the menu.	ದಯವಿಟ್ಟು ನನಗೆ ಮೆನು ನೀಡಿ.
Please give me this book.	ದಯವಿಟ್ಟು ಈ ಪುಸ್ತಕವನ್ನು ನನಗೆ ಕೊಡು.
Please give me three pens.	ದಯವಿಟ್ಟು ನನಗೆ ಮೂರು ಪೆನ್ನುಗಳನ್ನು ಕೊಡಿ.
Please give me two apples.	ದಯವಿಟ್ಟು ನನಗೆ ಎರಡು ಸೇಬುಗಳನ್ನು ನೀಡಿ.
Please give me water.	ದಯವಿಟ್ಟು ನನಗೆ ನೀರು ಕೊಡಿ.
Please give me...	ದಯವಿಟ್ಟು ನನಗೆ ಕೊಡು...
Please give my best regards (to ...)	ದಯವಿಟ್ಟು ನನ್ನ ಶುಭಾಶಯಗಳನ್ನು ನೀಡಿ (ಗೆ...)
Please go buy some milk.	ದಯವಿಟ್ಟು ಸ್ವಲ್ಪ ಹಾಲು ಖರೀದಿಸಿ.
Please go straight.	ದಯವಿಟ್ಟು ನೇರವಾಗಿ ಹೋಗಿ.
Please go that way.	ದಯವಿಟ್ಟು ಆ ಕಡೆ ಹೋಗು.
Please help me!	ದಯವಿಟ್ಟು ನನಗೆ ಸಹಾಯ ಮಾಡಿ!
Please help me.	ದಯವಿಟ್ಟು ನನಗೆ ಸಹಾಯ ಮಾಡಿ.
Please hold on a moment.	ದಯವಿಟ್ಟು ಸ್ವಲ್ಪ ಕಾಯಿರಿ.
Please leave home and come back	ದಯವಿಟ್ಟು ಮನೆ ಬಿಟ್ಟು ಹಿಂತಿರುಗಿ
Please look at this photo.	ದಯವಿಟ್ಟು ಈ ಫೋಟೋವನ್ನು ನೋಡಿ.
Please look at this.	ದಯವಿಟ್ಟು ಇದನ್ನು ನೋಡಿ.
Please open the door.	ದಯವಿಟ್ಟು ಬಾಗಿಲು ತೆರೆಯಿರಿ.
Please open the window.	ದಯವಿಟ್ಟು ವಿಂಡೋವನ್ನು ತೆರೆಯಿರಿ.
Please read this book.	ದಯವಿಟ್ಟು ಈ ಪುಸ್ತಕವನ್ನು ಓದಿ.
Please rest today.	ದಯವಿಟ್ಟು ಇಂದು ವಿಶ್ರಾಂತಿ ಪಡೆಯಿರಿ.
Please say it again.	ದಯವಿಟ್ಟು ಮತ್ತೊಮ್ಮೆ ಹೇಳಿ.
Please say it once more.	ದಯವಿಟ್ಟು ಇನ್ನೊಮ್ಮೆ ಹೇಳಿ.
Please send an email.	ದಯವಿಟ್ಟು ಇಮೇಲ್ ಕಳುಹಿಸಿ.
Please send the photo.	ದಯವಿಟ್ಟು ಫೋಟೋ ಕಳುಹಿಸಿ.
Please show me the menu.	ದಯವಿಟ್ಟು ನನಗೆ ಮೆನು ತೋರಿಸಿ.
Please sing a song.	ದಯವಿಟ್ಟು ಒಂದು ಹಾಡು ಹಾಡಿ.
Please sit here.	ದಯವಿಟ್ಟು ಇಲ್ಲಿ ಕುಳಿತುಕೊಳ್ಳಿ.
Please sit on this chair.	ದಯವಿಟ್ಟು ಈ ಕುರ್ಚಿಯ ಮೇಲೆ ಕುಳಿತುಕೊಳ್ಳಿ.
Please sleep early.	ದಯವಿಟ್ಟು ಬೇಗ ಮಲಗು.
Please speak in a loud voice.	ದಯವಿಟ್ಟು ದೊಡ್ಡ ಧ್ವನಿಯಲ್ಲಿ ಮಾತನಾಡಿ.
Please speak slowly.	ದಯವಿಟ್ಟು ನಿಧಾನವಾಗಿ ಮಾತನಾಡಿ.
Please speak with feeling.	ದಯವಿಟ್ಟು ಭಾವನೆಯಿಂದ ಮಾತನಾಡಿ.
Please step back.	ದಯವಿಟ್ಟು ಹಿಂದೆ ಸರಿಯಿರಿ.
Please stop making noise.	ದಯವಿಟ್ಟು ಶಬ್ದ ಮಾಡುವುದನ್ನು ನಿಲ್ಲಿಸಿ.
Please take a photo.	ದಯವಿಟ್ಟು ಫೋಟೋ ತೆಗೆಯಿರಿ.
Please take me to the hospital.	ದಯವಿಟ್ಟು ನನ್ನನ್ನು ಆಸ್ಪತ್ರೆಗೆ ಕರೆದುಕೊಂಡು ಹೋಗು.
Please take me to this address.	ದಯವಿಟ್ಟು ನನ್ನನ್ನು ಈ ವಿಳಾಸಕ್ಕೆ ಕರೆದುಕೊಂಡು ಹೋಗು.
Please take out the trash.	ದಯವಿಟ್ಟು ಕಸವನ್ನು ಹೊರತೆಗೆಯಿರಿ.
Please take that photo.	ದಯವಿಟ್ಟು ಆ ಫೋಟೋ ತೆಗೆಯಿರಿ.
Please take this medicine.	ದಯವಿಟ್ಟು ಈ ಔಷಧಿಯನ್ನು ತೆಗೆದುಕೊಳ್ಳಿ.
Please teach me.	ದಯವಿಟ್ಟು ನನಗೆ ಕಲಿಸಿ.
Please tell me the phone number.	ದಯವಿಟ್ಟು ನನಗೆ ಫೋನ್ ಸಂಖ್ಯೆಯನ್ನು ತಿಳಿಸಿ.
Please tell me your phone number.	ದಯವಿಟ್ಟು ನಿಮ್ಮ ಫೋನ್ ಸಂಖ್ಯೆಯನ್ನು ನನಗೆ ತಿಳಿಸಿ.
Please turn down the music.	ದಯವಿಟ್ಟು ಸಂಗೀತವನ್ನು ತಿರಸ್ಕರಿಸಿ.
Please turn left.	ದಯವಿಟ್ಟು ಎಡಕ್ಕೆ ತಿರುಗಿ.
Please turn off your phone.	ದಯವಿಟ್ಟು ನಿಮ್ಮ ಫೋನ್ ಅನ್ನು ಆಫ್ ಮಾಡಿ.
Please turn right.	ದಯವಿಟ್ಟು ಬಲಕ್ಕೆ ತಿರುಗಿ.
Please turn up the volume.	ದಯವಿಟ್ಟು ವಾಲ್ಯೂಮ್ ಅನ್ನು ಹೆಚ್ಚಿಸಿ.
Please wait a moment.	ದಯವಿಟ್ಟು ಸ್ವಲ್ಪ ನಿರೀಕ್ಷಿಸಿ.
Please wait for the bus.	ದಯವಿಟ್ಟು ಬಸ್ಸಿಗಾಗಿ ಕಾಯಿರಿ.
Please wait here.	ದಯವಿಟ್ಟು ಇಲ್ಲಿ ನಿರೀಕ್ಷಿಸಿ.
Please wake up early tomorrow.	ದಯವಿಟ್ಟು ನಾಳೆ ಬೇಗ ಎದ್ದೇಳಿ.
Please wear a jacket.	ದಯವಿಟ್ಟು ಜಾಕೆಟ್ ಧರಿಸಿ.
Please write here.	ದಯವಿಟ್ಟು ಇಲ್ಲಿ ಬರೆಯಿರಿ.
Please write it down.	ದಯವಿಟ್ಟು ಅದನ್ನು ಬರೆಯಿರಿ.
Please write your name.	ದಯವಿಟ್ಟು ನಿಮ್ಮ ಹೆಸರನ್ನು ಬರೆಯಿರಿ.
Prices are rising.	ಬೆಲೆಗಳು ಏರುತ್ತಿವೆ.
Prime Minister	ಪ್ರಧಾನ ಮಂತ್ರಿ
Queen	ರಾಣಿ
Rabbit	ಮೊಲ
Ramen, please.	ರಾಮನ್, ದಯವಿಟ್ಟು.
Rarely does he eat out.	ವಿರಳವಾಗಿ ಅವನು ಹೊರಗೆ ತಿನ್ನುತ್ತಾನೆ.
Reading helps me improve.	ಓದುವಿಕೆ ನನಗೆ ಸುಧಾರಿಸಲು ಸಹಾಯ ಮಾಡುತ್ತದೆ.
Really?	ನಿಜವಾಗಿಯೂ?
Relationships need care.	ಸಂಬಂಧಗಳಿಗೆ ಕಾಳಜಿ ಬೇಕು.
Rice is eaten in many countries.	ಅನೇಕ ದೇಶಗಳಲ್ಲಿ ಅಕ್ಕಿಯನ್ನು ತಿನ್ನಲಾಗುತ್ತದೆ.
Right or left, which one?	ಬಲ ಅಥವಾ ಎಡ, ಯಾವುದು?
Room key, please.	ರೂಮ್ ಕೀ, ದಯವಿಟ್ಟು.
Rules are made to be broken.	ನಿಯಮಗಳನ್ನು ಮುರಿಯಲು ಮಾಡಲಾಗಿದೆ.
Run!	ಓಡಿ!
Sadly, I couldn't go to the party.	ದುಃಖಕರವೆಂದರೆ ನಾನು ಪಾರ್ಟಿಗೆ ಹೋಗಲು ಸಾಧ್ಯವಾಗಲಿಲ್ಲ.
Saturday	ಶನಿವಾರ
Saturday (short)	ಶನಿವಾರ (ಸಣ್ಣ)
School was closed.	ಶಾಲೆ ಮುಚ್ಚಲಾಗಿತ್ತು.
See you later!	ನಂತರ ನೋಡೋಣ!
See you next week!	ಮುಂದಿನ ವಾರ ನೋಡೋಣ!
See you next week.	ಮುಂದಿನ ವಾರ ನೋಡೋಣ.
See you tomorrow!	ನಾಳೆ ನೋಡೋಣ!
See you tomorrow.	ನಾಳೆ ನೋಡೋಣ.
See you. (lit., I'm leaving ahead of you.)	ನಿಮ್ಮನ್ನು ನೋಡಿ. (ಲಿಟ್., ನಾನು ನಿಮ್ಮ ಮುಂದೆ ಹೊರಡುತ್ತಿದ್ದೇನೆ.)
Seldom do we see such dedication.	ಅಂತಹ ಸಮರ್ಪಣೆಯನ್ನು ನಾವು ವಿರಳವಾಗಿ ನೋಡುತ್ತೇವೆ.
September	ಸೆಪ್ಟೆಂಬರ್
Shall I carry your bag?	ನಾನು ನಿಮ್ಮ ಚೀಲವನ್ನು ಒಯ್ಯಬೇಕೇ?
Shall I help you?	ನಾನು ನಿಮಗೆ ಸಹಾಯ ಮಾಡಲೇ?
Shall I help?	ನಾನು ಸಹಾಯ ಮಾಡಲೇ?
Shall I make tea?	ನಾನು ಚಹಾ ಮಾಡಲೇ?
Shall I open the door?	ನಾನು ಬಾಗಿಲು ತೆರೆಯಬೇಕೇ?
Shall I open the window?	ನಾನು ಕಿಟಕಿಯನ್ನು ತೆರೆಯಬೇಕೇ?
Shall we eat together?	ಒಟ್ಟಿಗೆ ಊಟ ಮಾಡೋಣವೇ?
Shall we go watch a movie?	ನಾವು ಸಿನಿಮಾ ನೋಡಲು ಹೋಗೋಣವೇ?
She always smiles at me.	ಅವಳು ಯಾವಾಗಲೂ ನನ್ನನ್ನು ನೋಡಿ ನಗುತ್ತಾಳೆ.
She asked if I wanted coffee.	ನನಗೆ ಕಾಫಿ ಬೇಕೇ ಎಂದು ಕೇಳಿದಳು.
She asked if I was okay.	ನಾನು ಸರಿಯೇ ಎಂದು ಕೇಳಿದಳು.
She ate an apple.	ಅವಳು ಸೇಬು ತಿಂದಳು.
She ate an orange.	ಅವಳು ಕಿತ್ತಳೆ ತಿಂದಳು.
She bought a dress.	ಅವಳು ಉಡುಪನ್ನು ಖರೀದಿಸಿದಳು.
She bought a new phone.	ಅವಳು ಹೊಸ ಫೋನ್ ಖರೀದಿಸಿದಳು.
She bought some flowers.	ಅವಳು ಕೆಲವು ಹೂವುಗಳನ್ನು ಖರೀದಿಸಿದಳು.
She can play the piano.	ಅವಳು ಪಿಯಾನೋ ನುಡಿಸಬಲ್ಲಳು.
She can speak French; he can too.	ಅವಳು ಫ್ರೆಂಚ್ ಮಾತನಾಡಬಲ್ಲಳು; ಅವನೂ ಮಾಡಬಹುದು.
She can speak three languages.	ಅವಳು ಮೂರು ಭಾಷೆಗಳನ್ನು ಮಾತನಾಡಬಲ್ಲಳು.
She climbed up the stairs.	ಅವಳು ಮೆಟ್ಟಿಲುಗಳನ್ನು ಹತ್ತಿದಳು.
She couldn't come to class yesterday.	ಅವಳು ನಿನ್ನೆ ತರಗತಿಗೆ ಬರಲಾಗಲಿಲ್ಲ.
She decided to study abroad.	ಅವಳು ವಿದೇಶದಲ್ಲಿ ಅಧ್ಯಯನ ಮಾಡಲು ನಿರ್ಧರಿಸಿದಳು.
She didn't watch TV.	ಅವಳು ಟಿವಿ ನೋಡಲಿಲ್ಲ.
She doesn't drink much coffee.	ಅವಳು ಹೆಚ್ಚು ಕಾಫಿ ಕುಡಿಯುವುದಿಲ್ಲ.
She doesn't eat fish.	ಅವಳು ಮೀನು ತಿನ್ನುವುದಿಲ್ಲ.
She doesn't have any time.	ಅವಳಿಗೆ ಸಮಯವಿಲ್ಲ.
She doesn't like loud music.	ಅವಳು ಜೋರಾಗಿ ಸಂಗೀತವನ್ನು ಇಷ್ಟಪಡುವುದಿಲ್ಲ.
She doesn't work on Fridays.	ಅವಳು ಶುಕ್ರವಾರ ಕೆಲಸ ಮಾಡುವುದಿಲ್ಲ.
She fell under the table.	ಅವಳು ಮೇಜಿನ ಕೆಳಗೆ ಬಿದ್ದಳು.
She finished cooking dinner.	ಅವಳು ರಾತ್ರಿಯ ಅಡುಗೆ ಮುಗಿಸಿದಳು.
She goes to bed at night.	ರಾತ್ರಿ ಮಲಗಲು ಹೋಗುತ್ತಾಳೆ.
She had already left when I called.	ನಾನು ಕರೆದಾಗ ಅವಳು ಆಗಲೇ ಹೊರಟು ಹೋಗಿದ್ದಳು.
She had cooked dinner by the time we got home.	ನಾವು ಮನೆಗೆ ಬರುವಷ್ಟರಲ್ಲಿ ಅವಳು ಊಟವನ್ನು ತಯಾರಿಸಿದ್ದಳು.
She had forgotten my name.	ಅವಳು ನನ್ನ ಹೆಸರನ್ನು ಮರೆತಿದ್ದಳು.
She had studied hard before the exam.	ಪರೀಕ್ಷೆಗೂ ಮುನ್ನ ಕಷ್ಟಪಟ್ಟು ಓದಿದ್ದಳು.
She had to take a taxi.	ಅವಳು ಟ್ಯಾಕ್ಸಿ ತೆಗೆದುಕೊಳ್ಳಬೇಕಾಗಿತ್ತು.
She has a dog and a cat.	ಆಕೆಗೆ ನಾಯಿ ಮತ್ತು ಬೆಕ್ಕು ಇದೆ.
She has a good job.	ಆಕೆಗೆ ಒಳ್ಳೆಯ ಕೆಲಸವಿದೆ.
She has a lot of clothes.	ಅವಳ ಬಳಿ ಸಾಕಷ್ಟು ಬಟ್ಟೆಗಳಿವೆ.
She has already left.	ಅವಳು ಆಗಲೇ ಹೊರಟು ಹೋಗಿದ್ದಾಳೆ.
She has become a great singer.	ಅವಳು ದೊಡ್ಡ ಗಾಯಕಿಯಾಗಿದ್ದಾಳೆ.
She has been cooking since morning.	ಬೆಳಗ್ಗಿನಿಂದಲೇ ಅಡುಗೆ ಮಾಡುತ್ತಿದ್ದಳು.
She has been crying.	ಅವಳು ಅಳುತ್ತಲೇ ಬಂದಿದ್ದಾಳೆ.
She has been learning to cook.	ಅಡುಗೆ ಕಲಿಯುತ್ತಿದ್ದಾಳೆ.
She has been looking for a new job.	ಅವಳು ಹೊಸ ಉದ್ಯೋಗವನ್ನು ಹುಡುಕುತ್ತಿದ್ದಾಳೆ.
She has been sick since Monday.	ಸೋಮವಾರದಿಂದ ಆಕೆ ಅನಾರೋಗ್ಯದಿಂದ ಬಳಲುತ್ತಿದ್ದಳು.
She has finished her homework.	ಅವಳು ತನ್ನ ಮನೆಕೆಲಸವನ್ನು ಮುಗಿಸಿದ್ದಾಳೆ.
She has long hair.	ಅವಳಿಗೆ ಉದ್ದನೆಯ ಕೂದಲು ಇದೆ.
She has many friends.	ಆಕೆಗೆ ಅನೇಕ ಸ್ನೇಹಿತರಿದ್ದಾರೆ.
She has some money.	ಅವಳ ಬಳಿ ಸ್ವಲ್ಪ ಹಣವಿದೆ.
She has three boxes.	ಅವಳ ಬಳಿ ಮೂರು ಪೆಟ್ಟಿಗೆಗಳಿವೆ.
She has three children.	ಆಕೆಗೆ ಮೂವರು ಮಕ್ಕಳಿದ್ದಾರೆ.
She has to cook dinner.	ಅವಳು ಭೋಜನವನ್ನು ಬೇಯಿಸಬೇಕು.
She has to wake up early.	ಅವಳು ಬೇಗ ಏಳಬೇಕು.
She has to work on Saturday.	ಅವಳು ಶನಿವಾರ ಕೆಲಸ ಮಾಡಬೇಕು.
She has worked here since 2019.	ಅವರು 2019 ರಿಂದ ಇಲ್ಲಿ ಕೆಲಸ ಮಾಡುತ್ತಿದ್ದಾರೆ.
She has written three books.	ಅವಳು ಮೂರು ಪುಸ್ತಕಗಳನ್ನು ಬರೆದಿದ್ದಾಳೆ.
She hates waking up early.	ಅವಳು ಬೇಗನೆ ಏಳುವುದನ್ನು ದ್ವೇಷಿಸುತ್ತಾಳೆ.
She is a doctor.	ಅವಳು ವೈದ್ಯೆ.
She is an engineer.	ಅವಳು ಇಂಜಿನಿಯರ್.
She is capable of solving complex problems.	ಅವಳು ಸಂಕೀರ್ಣ ಸಮಸ್ಯೆಗಳನ್ನು ಪರಿಹರಿಸಲು ಸಮರ್ಥಳು.
She is cooking dinner.	ಅವಳು ಭೋಜನವನ್ನು ಅಡುಗೆ ಮಾಡುತ್ತಿದ್ದಾಳೆ.
She is going to become a doctor.	ಅವಳು ವೈದ್ಯೆಯಾಗಲಿದ್ದಾಳೆ.
She is going to buy a new phone.	ಅವಳು ಹೊಸ ಫೋನ್ ಖರೀದಿಸಲಿದ್ದಾಳೆ.
She is going to call you tonight.	ಅವಳು ಇಂದು ರಾತ್ರಿ ನಿಮಗೆ ಕರೆ ಮಾಡಲಿದ್ದಾಳೆ.
She is good at cooking.	ಅವಳು ಅಡುಗೆ ಮಾಡುವುದರಲ್ಲಿ ನಿಪುಣಳು.
She is having her house painted.	ಅವಳು ತನ್ನ ಮನೆಗೆ ಬಣ್ಣ ಬಳಿಯುತ್ತಿದ್ದಾಳೆ.
She is my mother.	ಅವಳು ನನ್ನ ತಾಯಿ.
She is my younger sister.	ಅವಳು ನನ್ನ ತಂಗಿ.
She is not at home.	ಅವಳು ಮನೆಯಲ್ಲಿಲ್ಲ.
She is standing at the door.	ಅವಳು ಬಾಗಿಲಲ್ಲಿ ನಿಂತಿದ್ದಾಳೆ.
She is the best student.	ಅವಳು ಅತ್ಯುತ್ತಮ ವಿದ್ಯಾರ್ಥಿನಿ.
She is the most beautiful.	ಅವಳು ಅತ್ಯಂತ ಸುಂದರಿ.
She is the most talented student.	ಅವಳು ಅತ್ಯಂತ ಪ್ರತಿಭಾವಂತ ವಿದ್ಯಾರ್ಥಿನಿ.
She is the tallest in her class.	ಅವಳು ತನ್ನ ತರಗತಿಯಲ್ಲಿ ಅತ್ಯಂತ ಎತ್ತರದವಳು.
She is wearing a red dress.	ಅವಳು ಕೆಂಪು ಬಟ್ಟೆಯನ್ನು ಧರಿಸಿದ್ದಾಳೆ.
She is writing a letter.	ಅವಳು ಪತ್ರ ಬರೆಯುತ್ತಿದ್ದಾಳೆ.
She lives in Mumbai.	ಅವಳು ಮುಂಬೈನಲ್ಲಿ ವಾಸಿಸುತ್ತಾಳೆ.
She lives in Tokyo.	ಅವಳು ಟೋಕಿಯೊದಲ್ಲಿ ವಾಸಿಸುತ್ತಾಳೆ.
She looked as if she were about to burst into tears.	ಅವಳು ಅಳಲು ತೋಡಿಕೊಳ್ಳುವವಳಂತೆ ಕಾಣುತ್ತಿದ್ದಳು.
She looks like her mother.	ಅವಳು ತನ್ನ ತಾಯಿಯಂತೆ ಕಾಣುತ್ತಾಳೆ.
She made a delicious cake.	ಅವಳು ರುಚಿಕರವಾದ ಕೇಕ್ ಮಾಡಿದಳು.
She made some cookies.	ಅವಳು ಕೆಲವು ಕುಕೀಗಳನ್ನು ಮಾಡಿದಳು.
She may call you later.	ಅವಳು ನಿಮಗೆ ನಂತರ ಕರೆ ಮಾಡಬಹುದು.
She may come to the party.	ಅವಳು ಪಾರ್ಟಿಗೆ ಬರಬಹುದು.
She may not come today.	ಅವಳು ಇಂದು ಬರದೇ ಇರಬಹುದು.
She might be sleeping now.	ಅವಳು ಈಗ ಮಲಗಿರಬಹುದು.
She might not be feeling well.	ಅವಳಿಗೆ ಚೆನ್ನಾಗಿಲ್ಲದಿರಬಹುದು.
She moved to a new city.	ಅವಳು ಹೊಸ ನಗರಕ್ಕೆ ತೆರಳಿದಳು.
She must see a doctor.	ಅವಳು ವೈದ್ಯರನ್ನು ನೋಡಬೇಕು.
She needs to rest.	ಅವಳು ವಿಶ್ರಾಂತಿ ಪಡೆಯಬೇಕು.
She plays the piano.	ಅವಳು ಪಿಯಾನೋ ನುಡಿಸುತ್ತಾಳೆ.
She promised to call me.	ಅವಳು ನನಗೆ ಕರೆ ಮಾಡುವುದಾಗಿ ಭರವಸೆ ನೀಡಿದಳು.
She pushed the box across the floor.	ಅವಳು ಪೆಟ್ಟಿಗೆಯನ್ನು ನೆಲದ ಮೇಲೆ ತಳ್ಳಿದಳು.
She ran across the street.	ಅವಳು ಬೀದಿಯಲ್ಲಿ ಓಡಿದಳು.
She realized she had forgotten her keys.	ಅವಳು ತನ್ನ ಕೀಲಿಗಳನ್ನು ಮರೆತಿದ್ದಾಳೆಂದು ಅವಳು ಅರಿತುಕೊಂಡಳು.
She remembered to bring the tickets.	ಅವಳು ಟಿಕೆಟ್ ತರಲು ನೆನಪಿಸಿಕೊಂಡಳು.
She runs faster than me.	ಅವಳು ನನಗಿಂತ ವೇಗವಾಗಿ ಓಡುತ್ತಾಳೆ.
She said it was raining outside.	ಹೊರಗೆ ಮಳೆ ಬರುತ್ತಿದೆ ಎಂದಳು.
She said she could swim.	ಅವಳು ಈಜಬಹುದು ಎಂದು ಹೇಳಿದಳು.
She said she had finished the work.	ಕೆಲಸ ಮುಗಿಸಿದೆ ಎಂದಳು.
She said she was learning English.	ಅವಳು ಇಂಗ್ಲಿಷ್ ಕಲಿಯುತ್ತಿರುವುದಾಗಿ ಹೇಳಿದಳು.
She said she would call me.	ಅವಳು ನನಗೆ ಕರೆ ಮಾಡುವುದಾಗಿ ಹೇಳಿದಳು.
She said that she was tired.	ಸುಸ್ತಾಗಿದೆ ಎಂದಳು.
She said the food was delicious.	ಊಟ ರುಚಿಕರವಾಗಿದೆ ಎಂದಳು.
She sat in front of the TV.	ಟಿವಿ ಮುಂದೆ ಕುಳಿತಳು.
She should bring an umbrella.	ಅವಳು ಕೊಡೆ ತರಬೇಕು.
She should eat healthier food.	ಅವಳು ಆರೋಗ್ಯಕರ ಆಹಾರವನ್ನು ಸೇವಿಸಬೇಕು.
She should study harder.	ಅವಳು ಕಷ್ಟಪಟ್ಟು ಓದಬೇಕು.
She sings more beautifully than him.	ಅವನಿಗಿಂತ ಸುಂದರವಾಗಿ ಹಾಡುತ್ತಾಳೆ.
She spent a lot of money.	ಅವಳು ಸಾಕಷ್ಟು ಹಣವನ್ನು ಖರ್ಚು ಮಾಡಿದಳು.
She stepped out of the car.	ಅವಳು ಕಾರಿನಿಂದ ಇಳಿದಳು.
She studied for two hours.	ಅವಳು ಎರಡು ಗಂಟೆಗಳ ಕಾಲ ಅಧ್ಯಯನ ಮಾಡಿದಳು.
She suggested going to the park.	ಅವಳು ಉದ್ಯಾನವನಕ್ಕೆ ಹೋಗಲು ಸೂಚಿಸಿದಳು.
She teaches at a school.	ಅವಳು ಶಾಲೆಯಲ್ಲಿ ಕಲಿಸುತ್ತಾಳೆ.
She told me not to worry.	ಚಿಂತಿಸಬೇಡ ಎಂದಳು.
She told me she would call.	ಅವಳು ಕರೆ ಮಾಡುವುದಾಗಿ ಹೇಳಿದಳು.
She told me that she loved me.	ಅವಳು ನನ್ನನ್ನು ಪ್ರೀತಿಸುತ್ತಿದ್ದಳು ಎಂದು ಹೇಳಿದಳು.
She used to live in Mumbai.	ಅವಳು ಮುಂಬೈನಲ್ಲಿ ವಾಸಿಸುತ್ತಿದ್ದಳು.
She walked into the room.	ಕೋಣೆಗೆ ನಡೆದಳು.
She was born in June.	ಅವಳು ಜೂನ್ ನಲ್ಲಿ ಜನಿಸಿದಳು.
She was born on a Sunday.	ಅವಳು ಭಾನುವಾರದಂದು ಜನಿಸಿದಳು.
She was cooking when I arrived.	ನಾನು ಬಂದಾಗ ಅವಳು ಅಡುಗೆ ಮಾಡುತ್ತಿದ್ದಳು.
She was cooking while he was working.	ಅವನು ಕೆಲಸ ಮಾಡುವಾಗ ಅವಳು ಅಡುಗೆ ಮಾಡುತ್ತಿದ್ದಳು.
She was singing in the shower.	ಶವರ್ ನಲ್ಲಿ ಹಾಡುತ್ತಿದ್ದಳು.
She was wearing a blue dress.	ನೀಲಿ ಬಣ್ಣದ ಉಡುಪನ್ನು ಧರಿಸಿದ್ದಳು.
She wasn't at the meeting.	ಅವಳು ಸಭೆಯಲ್ಲಿ ಇರಲಿಲ್ಲ.
She will be cooking dinner at six.	ಅವಳು ಆರು ಗಂಟೆಗೆ ಭೋಜನವನ್ನು ಬೇಯಿಸುತ್ತಾಳೆ.
She will be happy if we visit her.	ನಾವು ಅವಳನ್ನು ಭೇಟಿ ಮಾಡಿದರೆ ಅವಳು ಸಂತೋಷವಾಗಿರುತ್ತಾಳೆ.
She will be teaching at that school next year.	ಮುಂದಿನ ವರ್ಷ ಆ ಶಾಲೆಯಲ್ಲಿ ಪಾಠ ಮಾಡುತ್ತಾಳೆ.
She will have cooked dinner by seven.	ಅವಳು ಏಳು ಗಂಟೆಗೆ ಊಟವನ್ನು ಬೇಯಿಸುತ್ತಾಳೆ.
She will have finished her degree by then.	ಅಷ್ಟೊತ್ತಿಗಾಗಲೇ ಡಿಗ್ರಿ ಮುಗಿಸಿರುತ್ತಾಳೆ.
She will have learned enough by the exam.	ಪರೀಕ್ಷೆಯಲ್ಲಿ ಅವಳು ಸಾಕಷ್ಟು ಕಲಿತಿದ್ದಾಳೆ.
She will love this gift.	ಅವಳು ಈ ಉಡುಗೊರೆಯನ್ನು ಪ್ರೀತಿಸುತ್ತಾಳೆ.
She will pass the exam.	ಪರೀಕ್ಷೆಯಲ್ಲಿ ತೇರ್ಗಡೆಯಾಗುತ್ತಾಳೆ.
She works in a hospital.	ಅವಳು ಆಸ್ಪತ್ರೆಯಲ್ಲಿ ಕೆಲಸ ಮಾಡುತ್ತಾಳೆ.
She would have passed if she had studied.	ಓದಿದ್ದರೆ ಪಾಸಾಗುತ್ತಿದ್ದಳು.
She would like to join us.	ಅವಳು ನಮ್ಮೊಂದಿಗೆ ಸೇರಲು ಬಯಸುತ್ತಾಳೆ.
She would never lie to me.	ಅವಳು ನನಗೆ ಎಂದಿಗೂ ಸುಳ್ಳು ಹೇಳುವುದಿಲ್ಲ.
She wrote a long email.	ಅವಳು ದೀರ್ಘವಾದ ಇಮೇಲ್ ಬರೆದಳು.
Shinkansen;	ಶಿಂಕನ್ಸೆನ್;
Shinto shrine	ಶಿಂಟೋ ದೇವಾಲಯ
Shitamachi; lower parts of town	ಶಿತಾಮಾಚಿ; ಪಟ್ಟಣದ ಕೆಳಗಿನ ಭಾಗಗಳು
Should I wear a jacket?	ನಾನು ಜಾಕೆಟ್ ಧರಿಸಬೇಕೇ?
Should we call him now?	ನಾವು ಈಗ ಅವನನ್ನು ಕರೆಯಬೇಕೇ?
Sign here, please.	ದಯವಿಟ್ಟು ಇಲ್ಲಿ ಸಹಿ ಮಾಡಿ.
Since I returned it yesterday, it should be at the library.	ನಾನು ಅದನ್ನು ನಿನ್ನೆ ಹಿಂತಿರುಗಿಸಿದ್ದರಿಂದ, ಅದು ಲೈಬ್ರರಿಯಲ್ಲಿರಬೇಕು.
Sincerely yours	ಪ್ರಾಮಾಣಿಕವಾಗಿ ನಿಮ್ಮದು
Sit down.	ಕುಳಿತುಕೊಳ್ಳಿ.
Sleep is important for health.	ಆರೋಗ್ಯಕ್ಕೆ ನಿದ್ದೆ ಮುಖ್ಯ.
Some support the reform; others oppose it.	ಕೆಲವರು ಸುಧಾರಣೆಯನ್ನು ಬೆಂಬಲಿಸುತ್ತಾರೆ; ಇತರರು ಅದನ್ನು ವಿರೋಧಿಸುತ್ತಾರೆ.
Some water, please.	ಸ್ವಲ್ಪ ನೀರು, ದಯವಿಟ್ಟು.
Someone is hurt.	ಯಾರೋ ಗಾಯಗೊಂಡಿದ್ದಾರೆ.
Soon you will be speaking English fluently.	ಶೀಘ್ರದಲ್ಲೇ ನೀವು ಇಂಗ್ಲಿಷ್ ಅನ್ನು ನಿರರ್ಗಳವಾಗಿ ಮಾತನಾಡುತ್ತೀರಿ.
Sorry, I didn't catch that.	ಕ್ಷಮಿಸಿ, ನನಗೆ ಅದು ಅರ್ಥವಾಗಲಿಲ್ಲ.
Sorry, I'm busy then.	ಕ್ಷಮಿಸಿ, ನಾನು ಕಾರ್ಯನಿರತನಾಗಿದ್ದೇನೆ.
Sorry, I'm busy.	ಕ್ಷಮಿಸಿ, ನಾನು ಕಾರ್ಯನಿರತನಾಗಿದ್ದೇನೆ.
South America	ದಕ್ಷಿಣ ಅಮೇರಿಕಾ
Speaking. Who's calling?	ಮಾತನಾಡುತ್ತಾ. ಯಾರು ಕರೆ ಮಾಡುತ್ತಿದ್ದಾರೆ?
Sports Day	ಕ್ರೀಡಾ ದಿನ
Spring is beautiful.	ವಸಂತವು ಸುಂದರವಾಗಿರುತ್ತದೆ.
St. Valentine's Day	ಸೇಂಟ್ ವ್ಯಾಲೆಂಟೈನ್ಸ್ ಡೇ
Stairs, please (to the stairs).	ಮೆಟ್ಟಿಲುಗಳು, ದಯವಿಟ್ಟು (ಮೆಟ್ಟಿಲುಗಳಿಗೆ).
Starting with this film, we'll release international works one after another.	ಈ ಚಿತ್ರದಿಂದ ಪ್ರಾರಂಭಿಸಿ, ನಾವು ಒಂದರ ನಂತರ ಒಂದರಂತೆ ಅಂತರರಾಷ್ಟ್ರೀಯ ಕೃತಿಗಳನ್ನು ಬಿಡುಗಡೆ ಮಾಡುತ್ತೇವೆ.
Students must do their homework.	ವಿದ್ಯಾರ್ಥಿಗಳು ತಮ್ಮ ಮನೆಕೆಲಸವನ್ನು ಮಾಡಬೇಕು.
Students should do their homework.	ವಿದ್ಯಾರ್ಥಿಗಳು ತಮ್ಮ ಮನೆಕೆಲಸವನ್ನು ಮಾಡಬೇಕು.
Such was her success that she retired early.	ಆಕೆಯ ಯಶಸ್ಸಿನೆಂದರೆ ಅವಳು ಬೇಗನೆ ನಿವೃತ್ತಳಾದಳು.
Summer is hotter than winter.	ಚಳಿಗಾಲಕ್ಕಿಂತ ಬೇಸಿಗೆ ಬಿಸಿಯಾಗಿರುತ್ತದೆ.
Summer is my favorite season.	ಬೇಸಿಗೆ ನನ್ನ ನೆಚ್ಚಿನ ಸೀಸನ್.
Sun	ಸೂರ್ಯ
Sunday	ಭಾನುವಾರ
Sunday (short)	ಭಾನುವಾರ (ಸಣ್ಣ)
Sunday lunch is a family tradition.	ಭಾನುವಾರದ ಊಟವು ಕುಟುಂಬದ ಸಂಪ್ರದಾಯವಾಗಿದೆ.
Suppose you were the president, what would you do?	ನೀವು ಅಧ್ಯಕ್ಷರಾಗಿದ್ದರೆ, ನೀವು ಏನು ಮಾಡುತ್ತೀರಿ?
Surprisingly, he was actually Japanese.	ಆಶ್ಚರ್ಯಕರವಾಗಿ, ಅವರು ವಾಸ್ತವವಾಗಿ ಜಪಾನೀಸ್ ಆಗಿದ್ದರು.
Sushi is Japanese food.	ಸುಶಿ ಜಪಾನೀಸ್ ಆಹಾರವಾಗಿದೆ.
Sweden	ಸ್ವೀಡನ್
T-shirt	ಟಿ ಶರ್ಟ್
TV	ಟಿ.ವಿ
Take an umbrella with you.	ನಿಮ್ಮೊಂದಿಗೆ ಛತ್ರಿ ತೆಗೆದುಕೊಳ್ಳಿ.
Take any seat you like.	ನೀವು ಇಷ್ಟಪಡುವ ಯಾವುದೇ ಆಸನವನ್ನು ತೆಗೆದುಕೊಳ್ಳಿ.
Take care of yourself	ನಿಮ್ಮನ್ನು ನೋಡಿಕೊಳ್ಳಿ
Take care of yourself.	ನಿಮ್ಮನ್ನು ನೋಡಿಕೊಳ್ಳಿ.
Take care!	ಕಾಳಜಿ ವಹಿಸಿ!
Take this medicine twice a day.	ಈ ಔಷಧಿಯನ್ನು ದಿನಕ್ಕೆ ಎರಡು ಬಾರಿ ತೆಗೆದುಕೊಳ್ಳಿ.
Takeshi's book	ತಕೇಶಿ ಅವರ ಪುಸ್ತಕ
Tea time is my favorite.	ಚಹಾ ಸಮಯ ನನ್ನ ನೆಚ್ಚಿನದು.
Ten envelopes, please.	ದಯವಿಟ್ಟು ಹತ್ತು ಲಕೋಟೆಗಳು.
Thank God you're safe.	ನೀವು ಸುರಕ್ಷಿತವಾಗಿರಲು ದೇವರಿಗೆ ಧನ್ಯವಾದಗಳು.
Thank you	ಧನ್ಯವಾದಗಳು
Thank you (in advance)	ಧನ್ಯವಾದಗಳು (ಮುಂಚಿತವಾಗಿ)
Thank you (polite)	ಧನ್ಯವಾದಗಳು (ಸಭ್ಯ)
Thank you for helping me.	ನನಗೆ ಸಹಾಯ ಮಾಡಿದ್ದಕ್ಕಾಗಿ ಧನ್ಯವಾದಗಳು.
Thank you for the gift.	ಉಡುಗೊರೆಗಾಗಿ ಧನ್ಯವಾದಗಳು.
Thank you for the meal.	ಊಟಕ್ಕೆ ಧನ್ಯವಾದಗಳು.
Thank you for the ride.	ಸವಾರಿಗಾಗಿ ಧನ್ಯವಾದಗಳು.
Thank you very much for your....	ತುಂಬಾ ಧನ್ಯವಾದಗಳು ನಿಮ್ಮ....
Thank you very much.	ತುಂಬಾ ಧನ್ಯವಾದಗಳು.
Thank you very much. (past tense)	ತುಂಬಾ ಧನ್ಯವಾದಗಳು. (ಭೂತಕಾಲ)
Thank you.	ಧನ್ಯವಾದಗಳು.
Thanks for the meal (after eating)	ಊಟಕ್ಕೆ ಧನ್ಯವಾದಗಳು (ತಿಂದ ನಂತರ)
Thanks for the meal (after eating) (polite)	ಊಟಕ್ಕೆ ಧನ್ಯವಾದಗಳು (ತಿಂದ ನಂತರ) (ಸಭ್ಯ)
Thanks for the meal (before eating)	ಊಟಕ್ಕೆ ಧನ್ಯವಾದಗಳು (ತಿನ್ನುವ ಮೊದಲು)
Thanks for the meal.	ಊಟಕ್ಕೆ ಧನ್ಯವಾದಗಳು.
Thanks for your help today.	ಇಂದು ನಿಮ್ಮ ಸಹಾಯಕ್ಕಾಗಿ ಧನ್ಯವಾದಗಳು.
Thanks for your help.	ನಿಮ್ಮ ಸಹಾಯಕ್ಕಾಗಿ ಧನ್ಯವಾದಗಳು.
Thanks to god; thanks to you	ದೇವರಿಗೆ ಧನ್ಯವಾದಗಳು; ನಿಮಗೆ ಧನ್ಯವಾದಗಳು
That (over there) is a phone.	ಅದು (ಅಲ್ಲಿ) ಫೋನ್ ಆಗಿದೆ.
That book is red.	ಆ ಪುಸ್ತಕ ಕೆಂಪು.
That book was not expensive.	ಆ ಪುಸ್ತಕ ದುಬಾರಿಯಾಗಿರಲಿಲ್ಲ.
That cake looks delicious.	ಆ ಕೇಕ್ ರುಚಿಕರವಾಗಿ ಕಾಣುತ್ತದೆ.
That helped a lot.	ಅದು ತುಂಬಾ ಸಹಾಯ ಮಾಡಿದೆ.
That is a book.	ಅದೊಂದು ಪುಸ್ತಕ.
That is my friend's bag.	ಅದು ನನ್ನ ಗೆಳೆಯನ ಚೀಲ.
That is your bag.	ಅದು ನಿಮ್ಮ ಚೀಲ.
That person is French.	ಆ ವ್ಯಕ್ತಿ ಫ್ರೆಂಚ್.
That person is not Indian.	ಆ ವ್ಯಕ್ತಿ ಭಾರತೀಯನಲ್ಲ.
That restaurant is delicious.	ಆ ರೆಸ್ಟೋರೆಂಟ್ ರುಚಿಕರವಾಗಿದೆ.
That someone like a teacher would make a kanji mistake…	ಶಿಕ್ಷಕರಂತಹವರು ಕಂಜಿ ತಪ್ಪು ಮಾಡುತ್ತಾರೆ ಎಂದು...
That sounds fun!	ಅದು ಮೋಜಿನ ಧ್ವನಿ!
That sounds good.	ಅದು ಚೆನ್ನಾಗಿದೆ.
That sounds great!	ಅದು ಉತ್ತಮವಾಗಿದೆ!
That surprised me!	ಅದು ನನಗೆ ಆಶ್ಚರ್ಯವಾಯಿತು!
That teacher is not only good at teaching but also kind.	ಆ ಶಿಕ್ಷಕಿ ಬೋಧನೆಯಲ್ಲಿ ಮಾತ್ರವಲ್ಲ ಕರುಣಾಮಯಿಯೂ ಹೌದು.
That test was difficult.	ಆ ಪರೀಕ್ಷೆ ಕಷ್ಟಕರವಾಗಿತ್ತು.
That was fun!	ಅದು ಖುಷಿಯಾಗಿತ್ತು!
That was fun.	ಅದು ಮಜವಾಗಿತ್ತು.
That was the worst meal I've had.	ಅದು ನಾನು ಸೇವಿಸಿದ ಕೆಟ್ಟ ಊಟವಾಗಿತ್ತು.
That would be fine.; That wouldn't be necessary.	ಅದು ಚೆನ್ನಾಗಿರುತ್ತದೆ.; ಅದು ಅಗತ್ಯವಿರುವುದಿಲ್ಲ.
That would be wonderful.	ಅದು ಅದ್ಭುತವಾಗಿರುತ್ತದೆ.
That'll be 12 dollars. Cash or card?	ಅದು 12 ಡಾಲರ್ ಆಗಿರುತ್ತದೆ. ನಗದು ಅಥವಾ ಕಾರ್ಡ್?
That'll be 5000 yen per night. How many nights?	ಅದು ಪ್ರತಿ ರಾತ್ರಿ 5000 ಯೆನ್ ಆಗಿರುತ್ತದೆ. ಎಷ್ಟು ರಾತ್ರಿಗಳು?
That's 15 dollars, please. Cash or card?	ಅದು 15 ಡಾಲರ್, ದಯವಿಟ್ಟು. ನಗದು ಅಥವಾ ಕಾರ್ಡ್?
That's 25 dollars.	ಅದು 25 ಡಾಲರ್.
That's 8 dollars, whenever you're ready.	ನೀವು ಸಿದ್ಧರಾಗಿರುವಾಗ ಅದು 8 ಡಾಲರ್‌ಗಳು.
That's a good deal.	ಅದು ಒಳ್ಳೆಯ ವ್ಯವಹಾರ.
That's cheap.	ಅದು ಅಗ್ಗವಾಗಿದೆ.
That's expensive.	ಅದು ದುಬಾರಿ.
That's great news!	ಅದೊಂದು ದೊಡ್ಡ ಸುದ್ದಿ!
That's nice, isn't it.	ಅದು ಚೆನ್ನಾಗಿದೆ, ಅಲ್ಲವೇ.
That's really funny!	ಅದು ನಿಜವಾಗಿಯೂ ತಮಾಷೆಯಾಗಿದೆ!
That's right.	ಅದು ಸರಿ.
That's right.; Let me see.	ಅದು ಸರಿ.; ನಾನು ನೋಡೋಣ.
That's too bad.	ಅದು ತುಂಬಾ ಕೆಟ್ಟದು.
That's too expensive.	ಅದು ತುಂಬಾ ದುಬಾರಿ.
That's very kind of you.	ಅದು ನೀವು ತುಂಬಾ ಕರುಣಾಮಯಿ.
The Nile is the longest river.	ನೈಲ್ ಅತಿ ಉದ್ದದ ನದಿ.
The ambulance is coming.	ಆಂಬ್ಯುಲೆನ್ಸ್ ಬರುತ್ತಿದೆ.
The assignment is due next week.	ಮುಂದಿನ ವಾರ ನಿಯೋಜನೆ ಬರಲಿದೆ.
The baby is crying.	ಮಗು ಅಳುತ್ತಿದೆ.
The baby sleeps at night.	ಮಗು ರಾತ್ರಿಯಲ್ಲಿ ನಿದ್ರಿಸುತ್ತದೆ.
The ball is under the chair.	ಚೆಂಡು ಕುರ್ಚಿಯ ಕೆಳಗೆ ಇದೆ.
The ball rolled under the sofa.	ಚೆಂಡು ಸೋಫಾದ ಕೆಳಗೆ ಉರುಳಿತು.
The balloons are beautiful.	ಆಕಾಶಬುಟ್ಟಿಗಳು ಸುಂದರವಾಗಿವೆ.
The bank closes at 5.	5ಕ್ಕೆ ಬ್ಯಾಂಕ್ ಮುಚ್ಚುತ್ತದೆ.
The bank is between the shop and the cafe.	ಅಂಗಡಿ ಮತ್ತು ಕೆಫೆ ನಡುವೆ ಬ್ಯಾಂಕ್ ಇದೆ.
The bank is next to the station.	ಬ್ಯಾಂಕ್ ನಿಲ್ದಾಣದ ಪಕ್ಕದಲ್ಲಿದೆ.
The bill, please.	ಬಿಲ್, ದಯವಿಟ್ಟು.
The bird flew over the house.	ಹಕ್ಕಿ ಮನೆಯ ಮೇಲೆ ಹಾರಿತು.
The birds are above the trees.	ಪಕ್ಷಿಗಳು ಮರಗಳ ಮೇಲಿವೆ.
The book is on the table.	ಪುಸ್ತಕ ಮೇಜಿನ ಮೇಲಿದೆ.
The book was written in 1950.	ಪುಸ್ತಕವನ್ನು 1950 ರಲ್ಲಿ ಬರೆಯಲಾಗಿದೆ.
The books written in the 19th century are rare.	19ನೇ ಶತಮಾನದಲ್ಲಿ ಬರೆದ ಪುಸ್ತಕಗಳು ಅಪರೂಪ.
The box is behind the door.	ಪೆಟ್ಟಿಗೆಯು ಬಾಗಿಲಿನ ಹಿಂದೆ ಇದೆ.
The bridge damaged in the storm has been repaired.	ಚಂಡಮಾರುತದಿಂದ ಹಾನಿಗೊಳಗಾದ ಸೇತುವೆಯನ್ನು ದುರಸ್ತಿ ಮಾಡಲಾಗಿದೆ.
The bridge was damaged by the flood.	ಪ್ರವಾಹದಿಂದ ಸೇತುವೆ ಹಾಳಾಗಿದೆ.
The bus goes through the city center.	ಬಸ್ ನಗರ ಕೇಂದ್ರದ ಮೂಲಕ ಹೋಗುತ್ತದೆ.
The bus is coming.	ಬಸ್ಸು ಬರುತ್ತಿದೆ.
The bus is late again.	ಬಸ್ಸು ಮತ್ತೆ ತಡವಾಯಿತು.
The bus was late again.	ಬಸ್ಸು ಮತ್ತೆ ತಡವಾಯಿತು.
The cake was made by my sister.	ಕೇಕ್ ಅನ್ನು ನನ್ನ ಸಹೋದರಿ ಮಾಡಿದ್ದಾಳೆ.
The cat is on the sofa.	ಬೆಕ್ಕು ಸೋಫಾದಲ್ಲಿದೆ.
The cat is under the bed.	ಬೆಕ್ಕು ಹಾಸಿಗೆಯ ಕೆಳಗೆ ಇದೆ.
The cat is under the table.	ಬೆಕ್ಕು ಮೇಜಿನ ಕೆಳಗೆ ಇದೆ.
The cat jumped onto the table.	ಬೆಕ್ಕು ಮೇಜಿನ ಮೇಲೆ ಹಾರಿತು.
The children are doing homework.	ಮಕ್ಕಳು ಮನೆಕೆಲಸ ಮಾಡುತ್ತಿದ್ದಾರೆ.
The children are in the garden.	ಮಕ್ಕಳು ತೋಟದಲ್ಲಿದ್ದಾರೆ.
The children are playing in the park.	ಪಾರ್ಕ್‌ನಲ್ಲಿ ಮಕ್ಕಳು ಆಟವಾಡುತ್ತಿದ್ದಾರೆ.
The children were laughing loudly.	ಮಕ್ಕಳು ಜೋರಾಗಿ ನಗುತ್ತಿದ್ದರು.
The city is noisier than the village.	ನಗರವು ಹಳ್ಳಿಗಿಂತ ಗದ್ದಲವಾಗಿದೆ.
The city of Tokyo is big.	ಟೋಕಿಯೋ ನಗರವು ದೊಡ್ಡದಾಗಿದೆ.
The class starts on Monday.	ಸೋಮವಾರದಿಂದ ತರಗತಿ ಪ್ರಾರಂಭವಾಗುತ್ತದೆ.
The coffee machine is broken.	ಕಾಫಿ ಯಂತ್ರ ಕೆಟ್ಟು ಹೋಗಿದೆ.
The committee recommends that the policy be revised.	ನೀತಿಯನ್ನು ಪರಿಷ್ಕರಿಸಬೇಕು ಎಂದು ಸಮಿತಿ ಶಿಫಾರಸು ಮಾಡಿದೆ.
The cup is near the window.	ಕಪ್ ಕಿಟಕಿಯ ಬಳಿ ಇದೆ.
The deadline is Friday.	ಗಡುವು ಶುಕ್ರವಾರ.
The deadline is next Monday.	ಮುಂದಿನ ಸೋಮವಾರ ಗಡುವು.
The decorations are pretty.	ಅಲಂಕಾರಗಳು ಸುಂದರವಾಗಿವೆ.
The discovery of penicillin transformed medicine.	ಪೆನ್ಸಿಲಿನ್‌ನ ಆವಿಷ್ಕಾರವು ಔಷಧವನ್ನು ಪರಿವರ್ತಿಸಿತು.
The doctor checked me.	ವೈದ್ಯರು ನನ್ನನ್ನು ಪರೀಕ್ಷಿಸಿದರು.
The doctor recommended that she rest.	ವೈದ್ಯರು ಆಕೆಗೆ ವಿಶ್ರಾಂತಿ ನೀಡುವಂತೆ ಸೂಚಿಸಿದ್ದಾರೆ.
The dog has four legs.	ನಾಯಿಗೆ ನಾಲ್ಕು ಕಾಲುಗಳಿವೆ.
The dog is black.	ನಾಯಿ ಕಪ್ಪು.
The dog is in the garden.	ನಾಯಿ ತೋಟದಲ್ಲಿದೆ.
The dog jumped over the fence.	ನಾಯಿ ಬೇಲಿ ಮೇಲೆ ಹಾರಿತು.
The dog was barking all night.	ರಾತ್ರಿಯಿಡೀ ನಾಯಿ ಬೊಗಳುತ್ತಿತ್ತು.
The fare rises according to distance.	ದೂರಕ್ಕೆ ಅನುಗುಣವಾಗಿ ದರ ಏರುತ್ತದೆ.
The fireworks were amazing.	ಪಟಾಕಿಗಳು ಅದ್ಭುತವಾಗಿದ್ದವು.
The first plan failed and the second succeeded.	ಮೊದಲ ಯೋಜನೆ ವಿಫಲವಾಯಿತು ಮತ್ತು ಎರಡನೆಯದು ಯಶಸ್ವಿಯಾಯಿತು.
The floor was mopped by the cleaner.	ಕ್ಲೀನರ್‌ನಿಂದ ನೆಲವನ್ನು ಒರೆಸಲಾಯಿತು.
The flower bloomed.	ಹೂವು ಅರಳಿತು.
The flowers bloom in spring.	ವಸಂತಕಾಲದಲ್ಲಿ ಹೂವುಗಳು ಅರಳುತ್ತವೆ.
The food at this place is great.	ಈ ಸ್ಥಳದಲ್ಲಿ ಆಹಾರವು ಅದ್ಭುತವಾಗಿದೆ.
The food is cooked by my mother.	ನನ್ನ ತಾಯಿ ಅಡುಗೆ ಮಾಡುತ್ತಾರೆ.
The food is delicious.	ಆಹಾರ ರುಚಿಕರವಾಗಿದೆ.
The guests had arrived before midnight.	ಅತಿಥಿಗಳು ಮಧ್ಯರಾತ್ರಿಯ ಮೊದಲು ಬಂದರು.
The house was cleaned yesterday.	ನಿನ್ನೆ ಮನೆಯನ್ನು ಸ್ವಚ್ಛಗೊಳಿಸಲಾಗಿದೆ.
The implementation of the plan was delayed.	ಯೋಜನೆ ಅನುಷ್ಠಾನ ವಿಳಂಬವಾಯಿತು.
The key was found.	ಕೀ ಸಿಕ್ಕಿತು.
The keys are in my bag.	ಕೀಲಿಗಳು ನನ್ನ ಚೀಲದಲ್ಲಿವೆ.
The keys are on the table.	ಕೀಲಿಗಳು ಮೇಜಿನ ಮೇಲಿವೆ.
The kids have been playing outside all day.	ಮಕ್ಕಳು ದಿನವಿಡೀ ಹೊರಗೆ ಆಟವಾಡುತ್ತಿದ್ದರು.
The lamp is on the desk.	ದೀಪವು ಮೇಜಿನ ಮೇಲಿರುತ್ತದೆ.
The laundry basket is full.	ಲಾಂಡ್ರಿ ಬುಟ್ಟಿ ತುಂಬಿದೆ.
The letter was written by her.	ಪತ್ರ ಬರೆದದ್ದು ಅವಳೇ.
The letters are delivered every morning.	ಪತ್ರಗಳನ್ನು ಪ್ರತಿದಿನ ಬೆಳಿಗ್ಗೆ ತಲುಪಿಸಲಾಗುತ್ತದೆ.
The light doesn't work.	ಬೆಳಕು ಕೆಲಸ ಮಾಡುವುದಿಲ್ಲ.
The light is on.	ಲೈಟ್ ಆನ್ ಆಗಿದೆ.
The light isn't working.	ಬೆಳಕು ಕೆಲಸ ಮಾಡುತ್ತಿಲ್ಲ.
The line is busy.	ಸಾಲು ಕಾರ್ಯನಿರತವಾಗಿದೆ.
The local food is amazing.	ಸ್ಥಳೀಯ ಆಹಾರ ಅದ್ಭುತವಾಗಿದೆ.
The man sitting there is my uncle.	ಅಲ್ಲಿ ಕುಳಿತಿರುವ ವ್ಯಕ್ತಿ ನನ್ನ ಚಿಕ್ಕಪ್ಪ.
The man was very kind.	ಮನುಷ್ಯನು ತುಂಬಾ ಕರುಣಾಮಯಿಯಾಗಿದ್ದನು.
The man who lives next door is a doctor.	ಪಕ್ಕದ ಮನೆಯವರು ವೈದ್ಯ.
The manager is out today.	ಮ್ಯಾನೇಜರ್ ಇಂದು ಹೊರಗಿದ್ದಾರೆ.
The medicine isn't working.	ಔಷಧಿ ಕೆಲಸ ಮಾಡುತ್ತಿಲ್ಲ.
The meeting is at 3 pm.	ಸಭೆ ಮಧ್ಯಾಹ್ನ 3 ಗಂಟೆಗೆ.
The meeting is at noon.	ಸಭೆಯು ಮಧ್ಯಾಹ್ನ.
The meeting is next week.	ಸಭೆ ಮುಂದಿನ ವಾರ.
The meeting might be postponed.	ಸಭೆಯನ್ನು ಮುಂದೂಡಬಹುದು.
The meeting will be held on Monday.	ಸೋಮವಾರ ಸಭೆ ನಡೆಯಲಿದೆ.
The meeting will start at nine.	ಒಂಬತ್ತಕ್ಕೆ ಸಭೆ ಆರಂಭವಾಗಲಿದೆ.
The message was sent at noon.	ಮಧ್ಯಾಹ್ನ ಸಂದೇಶ ಕಳುಹಿಸಲಾಗಿದೆ.
The moon is beautiful.	ಚಂದ್ರ ಸುಂದರ.
The morning is the best time.	ಬೆಳಿಗ್ಗೆ ಅತ್ಯುತ್ತಮ ಸಮಯ.
The movie had started when we entered.	ನಾವು ಪ್ರವೇಶಿಸಿದಾಗ ಸಿನಿಮಾ ಶುರುವಾಗಿತ್ತು.
The museum is that big white building with the red sign.	ವಸ್ತುಸಂಗ್ರಹಾಲಯವು ಕೆಂಪು ಚಿಹ್ನೆಯೊಂದಿಗೆ ದೊಡ್ಡ ಬಿಳಿ ಕಟ್ಟಡವಾಗಿದೆ.
The museum? Sure, just go straight and turn left at the bank.	ಮ್ಯೂಸಿಯಂ? ಖಂಡಿತ, ನೇರವಾಗಿ ಹೋಗಿ ಬ್ಯಾಂಕಿನಲ್ಲಿ ಎಡಕ್ಕೆ ತಿರುಗಿ.
The new one is better.	ಹೊಸದು ಉತ್ತಮವಾಗಿದೆ.
The news was reported on TV.	ಈ ಸುದ್ದಿ ಟಿವಿಯಲ್ಲಿ ವರದಿಯಾಗಿದೆ.
The painting was sold for a million.	ಚಿತ್ರಕಲೆ ಒಂದು ಮಿಲಿಯನ್‌ಗೆ ಮಾರಾಟವಾಯಿತು.
The party is at eight tonight.	ಪಾರ್ಟಿ ಇಂದು ರಾತ್ರಿ ಎಂಟು ಗಂಟೆಗೆ.
The party is on New Year's Eve.	ಹೊಸ ವರ್ಷದ ಮುನ್ನಾದಿನದಂದು ಪಾರ್ಟಿ ಇದೆ.
The party room is decorated.	ಪಕ್ಷದ ಕೋಣೆಯನ್ನು ಅಲಂಕರಿಸಲಾಗಿದೆ.
The party starts at seven.	ಪಾರ್ಟಿ ಏಳಕ್ಕೆ ಪ್ರಾರಂಭವಾಗುತ್ತದೆ.
The party was fun.	ಪಾರ್ಟಿ ಮಜವಾಗಿತ್ತು.
The payment failed.	ಪಾವತಿ ವಿಫಲವಾಗಿದೆ.
The phone is ringing.	ಫೋನ್ ರಿಂಗ್ ಆಗುತ್ತಿದೆ.
The phone was expensive.	ಫೋನ್ ದುಬಾರಿಯಾಗಿತ್ತು.
The picture is above the sofa.	ಚಿತ್ರವು ಸೋಫಾದ ಮೇಲಿದೆ.
The plan is to leave at nine.	ಒಂಬತ್ತಕ್ಕೆ ಹೊರಡುವ ಯೋಜನೆ.
The plan might change if it rains.	ಮಳೆ ಬಂದರೆ ಯೋಜನೆ ಬದಲಾಗಬಹುದು.
The plane flew across the ocean.	ವಿಮಾನವು ಸಾಗರದಾದ್ಯಂತ ಹಾರಿತು.
The portions are huge.	ಭಾಗಗಳು ದೊಡ್ಡದಾಗಿದೆ.
The price has gone up.	ಬೆಲೆ ಏರಿಕೆಯಾಗಿದೆ.
The price tag is missing.	ಬೆಲೆ ಟ್ಯಾಗ್ ಕಾಣೆಯಾಗಿದೆ.
The problem was solved.	ಸಮಸ್ಯೆ ಪರಿಹಾರವಾಯಿತು.
The project will be finished soon.	ಶೀಘ್ರದಲ್ಲೇ ಯೋಜನೆ ಪೂರ್ಣಗೊಳ್ಳಲಿದೆ.
The red one or the white one — which do you like?	ಕೆಂಪು ಅಥವಾ ಬಿಳಿ - ನೀವು ಯಾವುದನ್ನು ಇಷ್ಟಪಡುತ್ತೀರಿ?
The reforms were effective, albeit controversial.	ಸುಧಾರಣೆಗಳು ವಿವಾದಾತ್ಮಕವಾಗಿದ್ದರೂ ಪರಿಣಾಮಕಾರಿಯಾಗಿವೆ.
The rent is high.	ಬಾಡಿಗೆ ಹೆಚ್ಚು.
The report must be finished today.	ಇಂದೇ ವರದಿ ಮುಗಿಯಬೇಕು.
The restaurant is on the corner.	ರೆಸ್ಟೋರೆಂಟ್ ಮೂಲೆಯಲ್ಲಿದೆ.
The restroom is over there.	ಅಲ್ಲಿಯೇ ರೆಸ್ಟ್ ರೂಂ.
The results tend to support the hypothesis.	ಫಲಿತಾಂಶಗಳು ಊಹೆಯನ್ನು ಬೆಂಬಲಿಸುತ್ತವೆ.
The river flows into the sea.	ನದಿಯು ಸಮುದ್ರಕ್ಕೆ ಹರಿಯುತ್ತದೆ.
The river flows through the city.	ನದಿಯು ನಗರದ ಮೂಲಕ ಹರಿಯುತ್ತದೆ.
The road is closed.	ರಸ್ತೆ ಬಂದ್ ಆಗಿದೆ.
The road might be closed.	ರಸ್ತೆ ಮುಚ್ಚಿರಬಹುದು.
The room is clean.	ಕೊಠಡಿ ಸ್ವಚ್ಛವಾಗಿದೆ.
The room is very clean.	ಕೋಣೆ ತುಂಬಾ ಸ್ವಚ್ಛವಾಗಿದೆ.
The room was filled with smoke.	ಕೊಠಡಿ ಹೊಗೆಯಿಂದ ತುಂಬಿತ್ತು.
The rules should be changed.	ನಿಯಮಗಳನ್ನು ಬದಲಾಯಿಸಬೇಕು.
The sales went up this month.	ಈ ತಿಂಗಳು ಮಾರಾಟ ಹೆಚ್ಚಾಗಿದೆ.
The school is near the station.	ಶಾಲೆಯು ನಿಲ್ದಾಣದ ಸಮೀಪದಲ್ಲಿದೆ.
The school is next to the park.	ಶಾಲೆಯು ಉದ್ಯಾನವನದ ಪಕ್ಕದಲ್ಲಿದೆ.
The school starts at nine.	ಶಾಲೆ ಒಂಬತ್ತಕ್ಕೆ ಪ್ರಾರಂಭವಾಗುತ್ತದೆ.
The school teacher came.	ಶಾಲೆಯ ಶಿಕ್ಷಕರು ಬಂದರು.
The shoes are in the cupboard.	ಬೂಟುಗಳು ಕಪಾಟಿನಲ್ಲಿವೆ.
The shop had closed by the time we got there.	ಅಲ್ಲಿಗೆ ಹೋಗುವಷ್ಟರಲ್ಲಿ ಅಂಗಡಿ ಮುಚ್ಚಿತ್ತು.
The shop opens at nine.	ಒಂಬತ್ತು ಗಂಟೆಗೆ ಅಂಗಡಿ ತೆರೆಯುತ್ತದೆ.
The shop staff were kind.	ಅಂಗಡಿ ಸಿಬ್ಬಂದಿ ದಯಾಪರರಾಗಿದ್ದರು.
The show was watched by millions.	ಕಾರ್ಯಕ್ರಮವನ್ನು ಲಕ್ಷಾಂತರ ಮಂದಿ ವೀಕ್ಷಿಸಿದ್ದಾರೆ.
The signal is bad here.	ಇಲ್ಲಿ ಸಿಗ್ನಲ್ ಕೆಟ್ಟಿದೆ.
The signal is bad.	ಸಿಗ್ನಲ್ ಕೆಟ್ಟದಾಗಿದೆ.
The sky is blue.	ಆಕಾಶ ನೀಲಿ.
The sky is clear.	ಆಕಾಶ ಶುಭ್ರವಾಗಿದೆ.
The soup is too hot.	ಸೂಪ್ ತುಂಬಾ ಬಿಸಿಯಾಗಿರುತ್ತದೆ.
The store closes at 9.	9ಕ್ಕೆ ಅಂಗಡಿ ಮುಚ್ಚುತ್ತದೆ.
The store opens at 10.	10 ಗಂಟೆಗೆ ಅಂಗಡಿ ತೆರೆಯುತ್ತದೆ.
The store opens at nine.	ಒಂಬತ್ತು ಗಂಟೆಗೆ ಅಂಗಡಿ ತೆರೆಯುತ್ತದೆ.
The students that passed will celebrate.	ಉತ್ತೀರ್ಣರಾದ ವಿದ್ಯಾರ್ಥಿಗಳು ಸಂಭ್ರಮಿಸುತ್ತಾರೆ.
The subway is convenient.	ಸುರಂಗಮಾರ್ಗ ಅನುಕೂಲಕರವಾಗಿದೆ.
The subway is faster.	ಸುರಂಗಮಾರ್ಗ ವೇಗವಾಗಿದೆ.
The sun is bright today.	ಇಂದು ಸೂರ್ಯ ಪ್ರಖರವಾಗಿದೆ.
The sun is hot.	ಸೂರ್ಯನು ಬಿಸಿಯಾಗಿದ್ದಾನೆ.
The sun is shining.	ಸೂರ್ಯ ಬೆಳಗುತ್ತಿದ್ದಾನೆ.
The sun rises in the east.	ಸೂರ್ಯ ಪೂರ್ವದಲ್ಲಿ ಉದಯಿಸುತ್ತಾನೆ.
The sun was shining brightly.	ಸೂರ್ಯನು ಪ್ರಖರವಾಗಿ ಬೆಳಗುತ್ತಿದ್ದನು.
The supermarket is on this street.	ಈ ಬೀದಿಯಲ್ಲಿ ಸೂಪರ್ ಮಾರ್ಕೆಟ್ ಇದೆ.
The teacher is kind.	ಶಿಕ್ಷಕ ಕರುಣಾಮಯಿ.
The teacher wasn't here today.	ಇವತ್ತು ಟೀಚರ್ ಇರಲಿಲ್ಲ.
The teacher will be checking our homework.	ಶಿಕ್ಷಕರು ನಮ್ಮ ಮನೆಕೆಲಸವನ್ನು ಪರಿಶೀಲಿಸುತ್ತಾರೆ.
The teacher writes and the student reads.	ಶಿಕ್ಷಕ ಬರೆಯುತ್ತಾನೆ ಮತ್ತು ವಿದ್ಯಾರ್ಥಿ ಓದುತ್ತಾನೆ.
The team is going to win tonight.	ಇಂದು ರಾತ್ರಿ ತಂಡ ಗೆಲ್ಲಲಿದೆ.
The test is tomorrow.	ನಾಳೆ ಪರೀಕ್ಷೆ.
The tickets were sold out.	ಟಿಕೆಟ್‌ಗಳು ಮಾರಾಟವಾದವು.
The toilet is over there.	ಶೌಚಾಲಯ ಅಲ್ಲೇ ಇದೆ.
The total is fifty dollars.	ಒಟ್ಟು ಐವತ್ತು ಡಾಲರ್.
The town is very quiet.	ಊರು ತುಂಬಾ ಶಾಂತವಾಗಿದೆ.
The traffic is a bit heavy today.	ಇಂದು ವಾಹನ ದಟ್ಟಣೆ ಸ್ವಲ್ಪ ಜಾಸ್ತಿಯಾಗಿದೆ.
The train goes through the tunnel.	ರೈಲು ಸುರಂಗದ ಮೂಲಕ ಹೋಗುತ್ತದೆ.
The train had left before we arrived.	ನಾವು ಬರುವ ಮೊದಲೇ ರೈಲು ಹೊರಟಿತ್ತು.
The train has left.	ರೈಲು ಹೊರಟಿದೆ.
The train is delayed.	ರೈಲು ತಡವಾಗಿದೆ.
The train is faster than the bus.	ರೈಲು ಬಸ್ಸಿಗಿಂತ ವೇಗವಾಗಿರುತ್ತದೆ.
The train leaves at 7:30.	ರೈಲು 7:30 ಕ್ಕೆ ಹೊರಡುತ್ತದೆ.
The train leaves at noon.	ರೈಲು ಮಧ್ಯಾಹ್ನ ಹೊರಡುತ್ತದೆ.
The train will have left by then.	ಅಷ್ಟರೊಳಗೆ ರೈಲು ಹೊರಟಿರುತ್ತದೆ.
The view is amazing.	ನೋಟ ಅದ್ಭುತವಾಗಿದೆ.
The view is wonderful.	ನೋಟ ಅದ್ಭುತವಾಗಿದೆ.
The water is cold.	ನೀರು ತಂಪಾಗಿದೆ.
The weather is changing.	ಹವಾಮಾನ ಬದಲಾಗುತ್ತಿದೆ.
The weather is nice today.	ಇಂದು ಹವಾಮಾನ ಚೆನ್ನಾಗಿದೆ.
The wedding is in December.	ಡಿಸೆಂಬರ್‌ನಲ್ಲಿ ಮದುವೆ.
The wind is strong.	ಗಾಳಿ ಜೋರಾಗಿದೆ.
The window is open.	ಕಿಟಕಿ ತೆರೆದಿದೆ.
The window was broken by a ball.	ಚೆಂಡಿನಿಂದ ಕಿಟಕಿ ಒಡೆದಿತ್ತು.
The window was broken.	ಕಿಟಕಿ ಒಡೆದಿತ್ತು.
The winter mountain is very beautiful.	ಚಳಿಗಾಲದ ಪರ್ವತವು ತುಂಬಾ ಸುಂದರವಾಗಿರುತ್ತದೆ.
There are a bird and a cat.	ಒಂದು ಪಕ್ಷಿ ಮತ್ತು ಬೆಕ್ಕು ಇವೆ.
There are a lot of cars on the road.	ರಸ್ತೆಯಲ್ಲಿ ಸಾಕಷ್ಟು ಕಾರುಗಳಿವೆ.
There are children in the park.	ಉದ್ಯಾನದಲ್ಲಿ ಮಕ್ಕಳಿದ್ದಾರೆ.
There are five books on the table.	ಮೇಜಿನ ಮೇಲೆ ಐದು ಪುಸ್ತಕಗಳಿವೆ.
There are four children.	ನಾಲ್ಕು ಮಕ್ಕಳಿದ್ದಾರೆ.
There are four of us.	ನಾವು ನಾಲ್ವರು ಇದ್ದೇವೆ.
There are four.	ನಾಲ್ಕು ಇವೆ.
There are many shops in this street.	ಈ ರಸ್ತೆಯಲ್ಲಿ ಸಾಕಷ್ಟು ಅಂಗಡಿಗಳಿವೆ.
There are some apples on the table.	ಮೇಜಿನ ಮೇಲೆ ಕೆಲವು ಸೇಬುಗಳಿವೆ.
There are three cats.	ಮೂರು ಬೆಕ್ಕುಗಳಿವೆ.
There are two chairs.	ಎರಡು ಕುರ್ಚಿಗಳಿವೆ.
There are two dogs.	ಎರಡು ನಾಯಿಗಳಿವೆ.
There are two windows in the room.	ಕೋಣೆಯಲ್ಲಿ ಎರಡು ಕಿಟಕಿಗಳಿವೆ.
There aren't any eggs in the fridge.	ಫ್ರಿಜ್‌ನಲ್ಲಿ ಯಾವುದೇ ಮೊಟ್ಟೆಗಳಿಲ್ಲ.
There aren't many chairs.	ಹೆಚ್ಚು ಕುರ್ಚಿಗಳಿಲ್ಲ.
There is a book here.	ಇಲ್ಲೊಂದು ಪುಸ್ತಕವಿದೆ.
There is a book in the bag.	ಚೀಲದಲ್ಲಿ ಪುಸ್ತಕವಿದೆ.
There is a book in the library.	ಗ್ರಂಥಾಲಯದಲ್ಲಿ ಪುಸ್ತಕವಿದೆ.
There is a book on the desk.	ಮೇಜಿನ ಮೇಲೆ ಪುಸ್ತಕವಿದೆ.
There is a cat under the desk.	ಮೇಜಿನ ಕೆಳಗೆ ಬೆಕ್ಕು ಇದೆ.
There is a cat.	ಬೆಕ್ಕು ಇದೆ.
There is a hotel near the station.	ನಿಲ್ದಾಣದ ಬಳಿ ಹೋಟೆಲ್ ಇದೆ.
There is a meeting at 2.	2ಕ್ಕೆ ಸಭೆ ಇದೆ.
There is a meeting at the office.	ಆಫೀಸಿನಲ್ಲಿ ಮೀಟಿಂಗ್ ಇದೆ.
There is a mirror on the wall.	ಗೋಡೆಯ ಮೇಲೆ ಕನ್ನಡಿ ಇದೆ.
There is a park across the road.	ರಸ್ತೆಗೆ ಅಡ್ಡಲಾಗಿ ಉದ್ಯಾನವನವಿದೆ.
There is a park near my house.	ನನ್ನ ಮನೆಯ ಹತ್ತಿರ ಒಂದು ಉದ್ಯಾನವನವಿದೆ.
There is a pen.	ಪೆನ್ ಇದೆ.
There is one table.	ಒಂದು ಟೇಬಲ್ ಇದೆ.
There is some milk in the fridge.	ಫ್ರಿಡ್ಜ್‌ನಲ್ಲಿ ಸ್ವಲ್ಪ ಹಾಲು ಇದೆ.
There is training regardless of experience.	ಅನುಭವವನ್ನು ಲೆಕ್ಕಿಸದೆ ತರಬೇತಿ ಇದೆ.
There isn't any milk left.	ಹಾಲು ಉಳಿದಿಲ್ಲ.
There isn't much milk.	ಹೆಚ್ಚು ಹಾಲು ಇಲ್ಲ.
There isn't much sugar left.	ಹೆಚ್ಚು ಸಕ್ಕರೆ ಉಳಿದಿಲ್ಲ.
There's a fire!	ಬೆಂಕಿ ಇದೆ!
There's a package at the door.	ಬಾಗಿಲಲ್ಲಿ ಒಂದು ಪ್ಯಾಕೇಜ್ ಇದೆ.
There's a park near my house.	ನನ್ನ ಮನೆಯ ಹತ್ತಿರ ಒಂದು ಉದ್ಯಾನವನವಿದೆ.
There's a party this weekend.	ಈ ವಾರಾಂತ್ಯದಲ್ಲಿ ಪಾರ್ಟಿ ಇದೆ.
There's a rainbow!	ಕಾಮನಬಿಲ್ಲು ಇದೆ!
There's a rainbow.	ಕಾಮನಬಿಲ್ಲು ಇದೆ.
There's a traffic jam.	ಟ್ರಾಫಿಕ್ ಜಾಮ್ ಆಗಿದೆ.
There's lightning.	ಮಿಂಚು ಇದೆ.
There's lots of food.	ಸಾಕಷ್ಟು ಆಹಾರವಿದೆ.
There's no signal here.	ಇಲ್ಲಿ ಸಿಗ್ನಲ್ ಇಲ್ಲ.
There's no toilet paper.	ಟಾಯ್ಲೆಟ್ ಪೇಪರ್ ಇಲ್ಲ.
There's some juice in the fridge.	ಫ್ರಿಡ್ಜ್‌ನಲ್ಲಿ ಸ್ವಲ್ಪ ರಸವಿದೆ.
These are my books.	ಇವು ನನ್ನ ಪುಸ್ತಕಗಳು.
These shoes are black.	ಈ ಬೂಟುಗಳು ಕಪ್ಪು.
These shoes are hard to put on.	ಈ ಬೂಟುಗಳನ್ನು ಹಾಕಲು ಕಷ್ಟ.
These shoes are small.	ಈ ಬೂಟುಗಳು ಚಿಕ್ಕದಾಗಿದೆ.
They are at the bus stop.	ಅವರು ಬಸ್ ನಿಲ್ದಾಣದಲ್ಲಿದ್ದಾರೆ.
They are coming to the party.	ಅವರು ಪಕ್ಷಕ್ಕೆ ಬರುತ್ತಿದ್ದಾರೆ.
They are from India.	ಅವರು ಭಾರತದಿಂದ ಬಂದವರು.
They are getting married.	ಅವರು ಮದುವೆಯಾಗುತ್ತಿದ್ದಾರೆ.
They are going to build a new school.	ಹೊಸ ಶಾಲೆ ಕಟ್ಟಲು ಹೊರಟಿದ್ದಾರೆ.
They are going to get married.	ಅವರು ಮದುವೆಯಾಗಲಿದ್ದಾರೆ.
They are going to move to Delhi.	ಅವರು ದೆಹಲಿಗೆ ತೆರಳಲಿದ್ದಾರೆ.
They are my colleagues.	ಅವರು ನನ್ನ ಸಹೋದ್ಯೋಗಿಗಳು.
They are not going to stay here.	ಅವರು ಇಲ್ಲಿ ಉಳಿಯಲು ಹೋಗುವುದಿಲ್ಲ.
They are not here yet.	ಅವರು ಇನ್ನೂ ಇಲ್ಲಿಲ್ಲ.
They are not sleeping.	ಅವರು ನಿದ್ದೆ ಮಾಡುತ್ತಿಲ್ಲ.
They are playing in the garden.	ಅವರು ತೋಟದಲ್ಲಿ ಆಡುತ್ತಿದ್ದಾರೆ.
They are playing in the park.	ಅವರು ಉದ್ಯಾನದಲ್ಲಿ ಆಡುತ್ತಿದ್ದಾರೆ.
They are very smart.	ಅವರು ಬಹಳ ಬುದ್ಧಿವಂತರು.
They arrived at eight.	ಅವರು ಎಂಟು ಗಂಟೆಗೆ ಬಂದರು.
They arrived in the morning.	ಅವರು ಬೆಳಿಗ್ಗೆ ಬಂದರು.
They asked if I could help.	ನಾನು ಸಹಾಯ ಮಾಡಬಹುದೇ ಎಂದು ಅವರು ಕೇಳಿದರು.
They asked where the station was.	ನಿಲ್ದಾಣ ಎಲ್ಲಿದೆ ಎಂದು ಕೇಳಿದರು.
They broke up last year.	ಕಳೆದ ವರ್ಷ ಅವರು ಬೇರ್ಪಟ್ಟರು.
They can speak both languages.	ಅವರು ಎರಡೂ ಭಾಷೆಗಳನ್ನು ಮಾತನಾಡಬಲ್ಲರು.
They can't afford that house.	ಅವರು ಆ ಮನೆಯನ್ನು ಭರಿಸಲು ಸಾಧ್ಯವಿಲ್ಲ.
They didn't know the way.	ಅವರಿಗೆ ದಾರಿ ಗೊತ್ತಿರಲಿಲ್ಲ.
They don't have a car.	ಅವರ ಬಳಿ ಕಾರು ಇಲ್ಲ.
They don't understand the question.	ಅವರಿಗೆ ಪ್ರಶ್ನೆ ಅರ್ಥವಾಗುತ್ತಿಲ್ಲ.
They had already gone home.	ಅವರು ಆಗಲೇ ಮನೆಗೆ ಹೋಗಿದ್ದರು.
They had finished before we arrived.	ನಾವು ಬರುವ ಮೊದಲೇ ಅವರು ಮುಗಿಸಿದ್ದರು.
They had never tried Indian food.	ಅವರು ಎಂದಿಗೂ ಭಾರತೀಯ ಆಹಾರವನ್ನು ಪ್ರಯತ್ನಿಸಲಿಲ್ಲ.
They have a lovely garden.	ಅವರು ಸುಂದರವಾದ ಉದ್ಯಾನವನ್ನು ಹೊಂದಿದ್ದಾರೆ.
They have a new baby.	ಅವರಿಗೆ ಹೊಸ ಮಗುವಿದೆ.
They have been building the house for months.	ಮನೆ ಕಟ್ಟಿಕೊಂಡು ತಿಂಗಳುಗಳೇ ಕಳೆದಿವೆ.
They have been practicing all afternoon.	ಅವರು ಮಧ್ಯಾಹ್ನದವರೆಗೆ ಅಭ್ಯಾಸ ಮಾಡಿದರು.
They have bought a new house.	ಅವರು ಹೊಸ ಮನೆ ಖರೀದಿಸಿದ್ದಾರೆ.
They have finished their homework.	ಅವರು ತಮ್ಮ ಮನೆಕೆಲಸವನ್ನು ಮುಗಿಸಿದ್ದಾರೆ.
They have to clean their room.	ಅವರು ತಮ್ಮ ಕೋಣೆಯನ್ನು ಸ್ವಚ್ಛಗೊಳಿಸಬೇಕು.
They have two dogs.	ಅವರಿಗೆ ಎರಡು ನಾಯಿಗಳಿವೆ.
They haven't arrived yet.	ಅವರು ಇನ್ನೂ ಬಂದಿಲ್ಲ.
They haven't been answering my calls.	ಅವರು ನನ್ನ ಕರೆಗಳಿಗೆ ಉತ್ತರಿಸುತ್ತಿಲ್ಲ.
They haven't eaten yet.	ಅವರು ಇನ್ನೂ ತಿಂದಿಲ್ಲ.
They left early, and we did too.	ಅವರು ಬೇಗನೆ ಹೊರಟುಹೋದರು, ಮತ್ತು ನಾವು ಕೂಡ ಹೋದೆವು.
They may not have received the message.	ಅವರು ಸಂದೇಶವನ್ನು ಸ್ವೀಕರಿಸದಿರಬಹುದು.
They might arrive early.	ಅವರು ಬೇಗ ಬರಬಹುದು.
They might be at the airport now.	ಅವರು ಈಗ ವಿಮಾನ ನಿಲ್ದಾಣದಲ್ಲಿರಬಹುದು.
They moved here in 2020.	ಅವರು 2020 ರಲ್ಲಿ ಇಲ್ಲಿಗೆ ತೆರಳಿದರು.
They must be careful.	ಅವರು ಜಾಗರೂಕರಾಗಿರಬೇಕು.
They plan to travel next month.	ಅವರು ಮುಂದಿನ ತಿಂಗಳು ಪ್ರಯಾಣಿಸಲು ಯೋಜಿಸಿದ್ದಾರೆ.
They played football all day.	ಅವರು ಇಡೀ ದಿನ ಫುಟ್ಬಾಲ್ ಆಡುತ್ತಿದ್ದರು.
They said the train was late.	ರೈಲು ತಡವಾಗಿದೆ ಎಂದು ಹೇಳಿದರು.
They said they had seen the movie.	ಸಿನಿಮಾ ನೋಡಿದ್ದೇವೆ ಎಂದರು.
They said they were happy.	ಅವರು ಸಂತೋಷವಾಗಿದ್ದಾರೆ ಎಂದು ಹೇಳಿದರು.
They said they would help.	ಸಹಾಯ ಮಾಡುವುದಾಗಿ ಹೇಳಿದರು.
They should arrive on time.	ಅವರು ಸಮಯಕ್ಕೆ ಸರಿಯಾಗಿ ಬರಬೇಕು.
They should see that movie.	ಅವರು ಆ ಸಿನಿಮಾ ನೋಡಲೇಬೇಕು.
They shouldn't be late.	ಅವರು ತಡ ಮಾಡಬಾರದು.
They started to rain.	ಅವರು ಮಳೆಯನ್ನು ಪ್ರಾರಂಭಿಸಿದರು.
They study every night.	ಅವರು ಪ್ರತಿ ರಾತ್ರಿ ಅಧ್ಯಯನ ಮಾಡುತ್ತಾರೆ.
They swam across the river.	ಅವರು ನದಿಯನ್ನು ದಾಟಿದರು.
They told us to wait outside.	ಅವರು ನಮಗೆ ಹೊರಗೆ ಕಾಯಲು ಹೇಳಿದರು.
They visit us on holidays.	ಅವರು ರಜಾದಿನಗಳಲ್ಲಿ ನಮ್ಮನ್ನು ಭೇಟಿ ಮಾಡುತ್ತಾರೆ.
They walked through the park.	ಅವರು ಉದ್ಯಾನವನದ ಮೂಲಕ ನಡೆದರು.
They walked toward the beach.	ಅವರು ಕಡಲತೀರದ ಕಡೆಗೆ ನಡೆದರು.
They were arguing about money.	ಹಣದ ವಿಚಾರದಲ್ಲಿ ಜಗಳವಾಡುತ್ತಿದ್ದರು.
They were playing outside.	ಅವರು ಹೊರಗೆ ಆಟವಾಡುತ್ತಿದ್ದರು.
They were very happy.	ಅವರು ತುಂಬಾ ಸಂತೋಷಪಟ್ಟರು.
They were watching TV at 9 p.m.	ರಾತ್ರಿ 9 ಗಂಟೆಗೆ ಟಿವಿ ನೋಡುತ್ತಿದ್ದರು.
They weren't paying attention.	ಅವರು ಗಮನ ಹರಿಸಲಿಲ್ಲ.
They will arrive at seven.	ಅವರು ಏಳು ಗಂಟೆಗೆ ಬರುತ್ತಾರೆ.
They will be arriving at noon.	ಅವರು ಮಧ್ಯಾಹ್ನ ಬರುತ್ತಾರೆ.
They will be having a meeting at that time.	ಆ ಸಮಯದಲ್ಲಿ ಅವರು ಸಭೆ ನಡೆಸುತ್ತಾರೆ.
They will be staying for a week.	ಅವರು ಒಂದು ವಾರ ಉಳಿಯಲಿದ್ದಾರೆ.
They will have built the bridge by 2029.	ಅವರು 2029 ರ ವೇಳೆಗೆ ಸೇತುವೆಯನ್ನು ನಿರ್ಮಿಸುತ್ತಾರೆ.
They will have moved to their new house by then.	ಅಷ್ಟರೊಳಗೆ ಅವರು ತಮ್ಮ ಹೊಸ ಮನೆಗೆ ತೆರಳಿರುತ್ತಾರೆ.
They won't be taking the train.	ಅವರು ರೈಲಿನಲ್ಲಿ ಹೋಗುವುದಿಲ್ಲ.
They won't believe you.	ಅವರು ನಿನ್ನನ್ನು ನಂಬುವುದಿಲ್ಲ.
They won't have arrived by midnight.	ಅವರು ಮಧ್ಯರಾತ್ರಿಯವರೆಗೆ ಬಂದಿಲ್ಲ.
They would help if they could.	ಅವರು ಸಾಧ್ಯವಾದರೆ ಸಹಾಯ ಮಾಡುತ್ತಾರೆ.
This appears to be a significant factor.	ಇದು ಗಮನಾರ್ಹ ಅಂಶವಾಗಿ ಕಂಡುಬರುತ್ತದೆ.
This apple is sweeter than that one.	ಈ ಸೇಬು ಅದಕ್ಕಿಂತ ಸಿಹಿಯಾಗಿರುತ್ತದೆ.
This area is beautiful.	ಈ ಪ್ರದೇಶವು ಸುಂದರವಾಗಿದೆ.
This bag is heavier than that one.	ಈ ಚೀಲ ಅದಕ್ಕಿಂತ ಭಾರವಾಗಿರುತ್ತದೆ.
This bag is mine.	ಈ ಚೀಲ ನನ್ನದು.
This book is easy to read.	ಈ ಪುಸ್ತಕ ಓದಲು ಸುಲಭ.
This book is interesting.	ಈ ಪುಸ್ತಕ ಆಸಕ್ತಿದಾಯಕವಾಗಿದೆ.
This book is more interesting than that one.	ಈ ಪುಸ್ತಕವು ಅದಕ್ಕಿಂತ ಹೆಚ್ಚು ಆಸಕ್ತಿದಾಯಕವಾಗಿದೆ.
This book is new.	ಈ ಪುಸ್ತಕ ಹೊಸದು.
This book is read by many people.	ಈ ಪುಸ್ತಕವನ್ನು ಅನೇಕ ಜನರು ಓದುತ್ತಾರೆ.
This bridge was built in 1990.	ಈ ಸೇತುವೆಯನ್ನು 1990 ರಲ್ಲಿ ನಿರ್ಮಿಸಲಾಯಿತು.
This building was designed by a famous architect.	ಈ ಕಟ್ಟಡವನ್ನು ಪ್ರಸಿದ್ಧ ವಾಸ್ತುಶಿಲ್ಪಿ ವಿನ್ಯಾಸಗೊಳಿಸಿದ್ದಾರೆ.
This cake looks delicious.	ಈ ಕೇಕ್ ರುಚಿಕರವಾಗಿ ಕಾಣುತ್ತದೆ.
This car is new.	ಈ ಕಾರು ಹೊಸದು.
This coffee is hotter than that one.	ಈ ಕಾಫಿ ಅದಕ್ಕಿಂತ ಬಿಸಿಯಾಗಿರುತ್ತದೆ.
This color suits you.	ಈ ಬಣ್ಣವು ನಿಮಗೆ ಸರಿಹೊಂದುತ್ತದೆ.
This dictionary is expensive.	ಈ ನಿಘಂಟು ದುಬಾರಿಯಾಗಿದೆ.
This gift is for you.	ಈ ಉಡುಗೊರೆ ನಿಮಗಾಗಿ.
This hotel is the most famous.	ಈ ಹೋಟೆಲ್ ಅತ್ಯಂತ ಪ್ರಸಿದ್ಧವಾಗಿದೆ.
This is a beautiful town.	ಇದೊಂದು ಸುಂದರ ಪಟ್ಟಣ.
This is a book.	ಇದೊಂದು ಪುಸ್ತಕ.
This is a photo from two years ago.	ಇದು ಎರಡು ವರ್ಷಗಳ ಹಿಂದಿನ ಫೋಟೋ.
This is an easy question.	ಇದು ಸುಲಭವಾದ ಪ್ರಶ್ನೆ.
This is delicious!	ಇದು ರುಚಿಕರವಾಗಿದೆ!
This is expensive.	ಇದು ದುಬಾರಿಯಾಗಿದೆ.
This is more expensive than that.	ಇದು ಅದಕ್ಕಿಂತ ಹೆಚ್ಚು ದುಬಾರಿಯಾಗಿದೆ.
This is my book.	ಇದು ನನ್ನ ಪುಸ್ತಕ.
This is my house.	ಇದು ನನ್ನ ಮನೆ.
This is my pen.	ಇದು ನನ್ನ ಪೆನ್.
This is my phone.	ಇದು ನನ್ನ ಫೋನ್.
This is not a pencil.	ಇದು ಪೆನ್ಸಿಲ್ ಅಲ್ಲ.
This is not mine.	ಇದು ನನ್ನದಲ್ಲ.
This is not yours.	ಇದು ನಿಮ್ಮದಲ್ಲ.
This is the best day of my life.	ಇದು ನನ್ನ ಜೀವನದ ಅತ್ಯುತ್ತಮ ದಿನ.
This is the biggest city in India.	ಇದು ಭಾರತದ ಅತಿ ದೊಡ್ಡ ನಗರ.
This is the book which I told you about.	ಇದು ನಾನು ನಿಮಗೆ ಹೇಳಿದ ಪುಸ್ತಕ.
This is the cheapest.	ಇದು ಅತ್ಯಂತ ಅಗ್ಗವಾಗಿದೆ.
This is the easiest question.	ಇದು ಅತ್ಯಂತ ಸುಲಭವಾದ ಪ್ರಶ್ನೆ.
This is the hardest in class.	ಇದು ತರಗತಿಯಲ್ಲಿ ಅತ್ಯಂತ ಕಷ್ಟಕರವಾಗಿದೆ.
This is the most beautiful place I know.	ಇದು ನನಗೆ ತಿಳಿದಿರುವ ಅತ್ಯಂತ ಸುಂದರವಾದ ಸ್ಥಳವಾಗಿದೆ.
This is the most expensive hotel.	ಇದು ಅತ್ಯಂತ ದುಬಾರಿ ಹೋಟೆಲ್ ಆಗಿದೆ.
This is the wrong stop.	ಇದು ತಪ್ಪು ನಿಲುಗಡೆಯಾಗಿದೆ.
This movie is better than that one.	ಅದಕ್ಕಿಂತ ಈ ಸಿನಿಮಾ ಚೆನ್ನಾಗಿದೆ.
This one I like best.	ಇದು ನನಗೆ ಅತ್ಯಂತ ಇಷ್ಟವಾದದ್ದು.
This one is good.	ಇದು ಒಳ್ಳೆಯದು.
This phone is more expensive.	ಈ ಫೋನ್ ಹೆಚ್ಚು ದುಬಾರಿಯಾಗಿದೆ.
This place is not quiet.	ಈ ಸ್ಥಳವು ಶಾಂತವಾಗಿಲ್ಲ.
This place is quiet.	ಈ ಸ್ಥಳವು ಶಾಂತವಾಗಿದೆ.
This problem can be solved easily.	ಈ ಸಮಸ್ಯೆಯನ್ನು ಸುಲಭವಾಗಿ ಪರಿಹರಿಸಬಹುದು.
This restaurant's food is delicious.	ಈ ರೆಸ್ಟೋರೆಂಟ್‌ನ ಆಹಾರ ರುಚಿಕರವಾಗಿದೆ.
This room is not quiet.	ಈ ಕೋಣೆ ಶಾಂತವಾಗಿಲ್ಲ.
This room is smaller than the kitchen.	ಈ ಕೋಣೆ ಅಡುಗೆಮನೆಗಿಂತ ಚಿಕ್ಕದಾಗಿದೆ.
This room is wide and bright.	ಈ ಕೊಠಡಿ ವಿಶಾಲ ಮತ್ತು ಪ್ರಕಾಶಮಾನವಾಗಿದೆ.
This room's window is big.	ಈ ಕೋಣೆಯ ಕಿಟಕಿ ದೊಡ್ಡದಾಗಿದೆ.
This shop is cheaper than that one.	ಈ ಅಂಗಡಿಯು ಅದಕ್ಕಿಂತ ಅಗ್ಗವಾಗಿದೆ.
This shop is famous.	ಈ ಅಂಗಡಿ ಪ್ರಸಿದ್ಧವಾಗಿದೆ.
This shop is popular not only with Japanese but also foreigners.	ಈ ಅಂಗಡಿಯು ಜಪಾನಿಯರಲ್ಲಿ ಮಾತ್ರವಲ್ಲದೆ ವಿದೇಶಿಯರಲ್ಲಿಯೂ ಜನಪ್ರಿಯವಾಗಿದೆ.
This shop's ramen is delicious.	ಈ ಅಂಗಡಿಯ ರಾಮೆನ್ ರುಚಿಕರವಾಗಿದೆ.
This song is sung by many people.	ಈ ಹಾಡನ್ನು ಅನೇಕ ಜನರು ಹಾಡಿದ್ದಾರೆ.
This time next week, I will be flying to London.	ಈ ಬಾರಿ ಮುಂದಿನ ವಾರ, ನಾನು ಲಂಡನ್‌ಗೆ ಹಾರಲಿದ್ದೇನೆ.
This time tomorrow I will be flying to Tokyo.	ಈ ಸಮಯದಲ್ಲಿ ನಾಳೆ ನಾನು ಟೋಕಿಯೋಗೆ ಹಾರಲಿದ್ದೇನೆ.
This town is big.	ಈ ಊರು ದೊಡ್ಡದು.
This train goes to Osaka.	ಈ ರೈಲು ಒಸಾಕಾಗೆ ಹೋಗುತ್ತದೆ.
This trip was wonderful.	ಈ ಪ್ರವಾಸ ಅದ್ಭುತವಾಗಿತ್ತು.
This word is used every day.	ಈ ಪದವನ್ನು ಪ್ರತಿದಿನ ಬಳಸಲಾಗುತ್ತದೆ.
Those are his shoes.	ಅದು ಅವನ ಪಾದರಕ್ಷೆಗಳು.
Three apples, please.	ದಯವಿಟ್ಟು ಮೂರು ಸೇಬುಗಳು.
Three birds are flying.	ಮೂರು ಹಕ್ಕಿಗಳು ಹಾರುತ್ತಿವೆ.
Three sheets of paper, please.	ದಯವಿಟ್ಟು ಮೂರು ಕಾಗದದ ಹಾಳೆಗಳು.
Thunder is scary.	ಗುಡುಗು ಭಯಾನಕವಾಗಿದೆ.
Thursday	ಗುರುವಾರ
Thursday (short)	ಗುರುವಾರ (ಸಣ್ಣ)
Time flies fast.	ಸಮಯ ವೇಗವಾಗಿ ಹಾರುತ್ತದೆ.
To Tokyo Station, please.	ಟೋಕಿಯೋ ನಿಲ್ದಾಣಕ್ಕೆ, ದಯವಿಟ್ಟು.
To begin with, the economic benefits are clear.	ಮೊದಲಿಗೆ, ಆರ್ಥಿಕ ಪ್ರಯೋಜನಗಳು ಸ್ಪಷ್ಟವಾಗಿವೆ.
To illustrate, consider the case of rural education.	ವಿವರಿಸಲು, ಗ್ರಾಮೀಣ ಶಿಕ್ಷಣದ ಪ್ರಕರಣವನ್ನು ಪರಿಗಣಿಸಿ.
To my delight, I got the job.	ನನ್ನ ಸಂತೋಷಕ್ಕೆ, ನನಗೆ ಕೆಲಸ ಸಿಕ್ಕಿತು.
Today is Monday.	ಇಂದು ಸೋಮವಾರ.
Today is busier than yesterday.	ಇಂದು ನಿನ್ನೆಗಿಂತ ಹೆಚ್ಚು ಕಾರ್ಯನಿರತವಾಗಿದೆ.
Today is colder than yesterday.	ಇಂದು ನಿನ್ನೆಗಿಂತ ತಂಪಾಗಿದೆ.
Today is hotter than yesterday.	ಇಂದು ನಿನ್ನೆಗಿಂತ ಬಿಸಿಯಾಗಿರುತ್ತದೆ.
Today is rainy.	ಇಂದು ಮಳೆಯಾಗಿದೆ.
Today is the hottest day of the year.	ಇಂದು ವರ್ಷದ ಅತ್ಯಂತ ಬಿಸಿಯಾದ ದಿನ.
Today sure is hot.	ಇಂದು ಖಂಡಿತವಾಗಿಯೂ ಬಿಸಿಯಾಗಿರುತ್ತದೆ.
Today's weather is nice, isn't it?	ಇಂದಿನ ಹವಾಮಾನವು ಉತ್ತಮವಾಗಿದೆ, ಅಲ್ಲವೇ?
Today's weather is nice.	ಇಂದಿನ ಹವಾಮಾನ ಉತ್ತಮವಾಗಿದೆ.
Tokyo is bigger than Kyoto.	ಕ್ಯೋಟೋಗಿಂತ ಟೋಕಿಯೋ ದೊಡ್ಡದಾಗಿದೆ.
Tomorrow is Wednesday.	ನಾಳೆ ಬುಧವಾರ.
Tomorrow is a holiday.	ನಾಳೆ ರಜೆ.
Tomorrow is not a holiday.	ನಾಳೆ ರಜೆಯಲ್ಲ.
Tonight is cold.	ಇಂದು ರಾತ್ರಿ ತಂಪಾಗಿದೆ.
Too many people were there.	ತುಂಬಾ ಜನ ಅಲ್ಲಿದ್ದರು.
Too much sugar is bad.	ಹೆಚ್ಚು ಸಕ್ಕರೆ ಕೆಟ್ಟದು.
Traveling in Japan is fun.	ಜಪಾನ್‌ನಲ್ಲಿ ಪ್ರಯಾಣ ಮಾಡುವುದು ವಿನೋದಮಯವಾಗಿದೆ.
Traveling opens your mind.	ಪ್ರಯಾಣವು ನಿಮ್ಮ ಮನಸ್ಸನ್ನು ತೆರೆಯುತ್ತದೆ.
Tree	ಮರ
Tuesday	ಮಂಗಳವಾರ
Tuesday (short)	ಮಂಗಳವಾರ (ಸಣ್ಣ)
Turn left at the corner.	ಮೂಲೆಯಲ್ಲಿ ಎಡಕ್ಕೆ ತಿರುಗಿ.
Turn right at the traffic light.	ಟ್ರಾಫಿಕ್ ಲೈಟ್‌ನಲ್ಲಿ ಬಲಕ್ಕೆ ತಿರುಗಿ.
Two bowls of rice, please.	ದಯವಿಟ್ಟು ಎರಡು ಬಟ್ಟಲು ಅಕ್ಕಿ.
Two copies of this textbook, please.	ದಯವಿಟ್ಟು ಈ ಪಠ್ಯಪುಸ್ತಕದ ಎರಡು ಪ್ರತಿಗಳು.
Two pens, please.	ದಯವಿಟ್ಟು ಎರಡು ಪೆನ್ನುಗಳು.
Two people came.	ಇಬ್ಬರು ಬಂದರು.
U.S.A.	ಯು.ಎಸ್.ಎ.
Umbrella	ಛತ್ರಿ
Under no circumstances should you open this door.	ಯಾವುದೇ ಸಂದರ್ಭದಲ್ಲಿ ನೀವು ಈ ಬಾಗಿಲು ತೆರೆಯಬಾರದು.
Until what date is your work?	ನಿಮ್ಮ ಕೆಲಸ ಯಾವ ದಿನಾಂಕದವರೆಗೆ?
Violin	ಪಿಟೀಲು
Visitors must show their ID.	ಸಂದರ್ಶಕರು ತಮ್ಮ ಐಡಿ ತೋರಿಸಬೇಕು.
Wait a moment, please.	ಸ್ವಲ್ಪ ನಿರೀಕ್ಷಿಸಿ, ದಯವಿಟ್ಟು.
Walking home, I saw a rainbow.	ಮನೆಗೆ ವಾಕಿಂಗ್, ನಾನು ಕಾಮನಬಿಲ್ಲು ಕಂಡಿತು.
Was she crying?	ಅವಳು ಅಳುತ್ತಿದ್ದಳೇ?
Wash your hands often.	ನಿಮ್ಮ ಕೈಗಳನ್ನು ಆಗಾಗ್ಗೆ ತೊಳೆಯಿರಿ.
Water	ನೀರು
Water boils at 100 degrees.	ನೀರು 100 ಡಿಗ್ರಿಯಲ್ಲಿ ಕುದಿಯುತ್ತದೆ.
Water, please.	ದಯವಿಟ್ಟು ನೀರು ಕೊಡಿ.
We are eating lunch now.	ನಾವೀಗ ಊಟ ಮಾಡುತ್ತಿದ್ದೇವೆ.
We are flying to Delhi tomorrow.	ನಾವು ನಾಳೆ ದೆಹಲಿಗೆ ಹಾರುತ್ತಿದ್ದೇವೆ.
We are from the same city.	ನಾವು ಒಂದೇ ಊರಿನವರು.
We are going to travel to Japan.	ನಾವು ಜಪಾನ್‌ಗೆ ಪ್ರಯಾಣಿಸಲಿದ್ದೇವೆ.
We are going to watch a movie later.	ನಾವು ನಂತರ ಚಲನಚಿತ್ರವನ್ನು ನೋಡಲಿದ್ದೇವೆ.
We are good friends.	ನಾವು ಒಳ್ಳೆಯ ಸ್ನೇಹಿತರು.
We are happy.	ನಾವು ಸಂತೋಷವಾಗಿದ್ದೇವೆ.
We are not going out tonight.	ನಾವು ಇಂದು ರಾತ್ರಿ ಹೊರಗೆ ಹೋಗುವುದಿಲ್ಲ.
We are not late.	ನಾವು ತಡವಾಗಿಲ್ಲ.
We are staying at a hotel.	ನಾವು ಹೋಟೆಲ್‌ನಲ್ಲಿ ತಂಗಿದ್ದೇವೆ.
We are very close.	ನಾವು ತುಂಬಾ ಹತ್ತಿರವಾಗಿದ್ದೇವೆ.
We aren't going to sell the house.	ನಾವು ಮನೆ ಮಾರಲು ಹೋಗುವುದಿಲ್ಲ.
We can decide later.	ನಾವು ನಂತರ ನಿರ್ಧರಿಸಬಹುದು.
We can meet tomorrow.	ನಾವು ನಾಳೆ ಭೇಟಿಯಾಗಬಹುದು.
We can't go out tonight.	ನಾವು ಇಂದು ರಾತ್ರಿ ಹೊರಗೆ ಹೋಗಲು ಸಾಧ್ಯವಿಲ್ಲ.
We celebrate birthdays together.	ನಾವು ಒಟ್ಟಿಗೆ ಹುಟ್ಟುಹಬ್ಬವನ್ನು ಆಚರಿಸುತ್ತೇವೆ.
We celebrate the new year.	ನಾವು ಹೊಸ ವರ್ಷವನ್ನು ಆಚರಿಸುತ್ತೇವೆ.
We celebrated the success.	ನಾವು ಯಶಸ್ಸನ್ನು ಆಚರಿಸಿದ್ದೇವೆ.
We climbed to the top of the mountain.	ನಾವು ಪರ್ವತದ ತುದಿಗೆ ಏರಿದೆವು.
We considered moving to another city.	ನಾವು ಬೇರೆ ನಗರಕ್ಕೆ ಹೋಗಲು ಯೋಚಿಸಿದ್ದೇವೆ.
We decided to stay home.	ನಾವು ಮನೆಯಲ್ಲೇ ಇರಲು ನಿರ್ಧರಿಸಿದೆವು.
We didn't find the place.	ನಮಗೆ ಸ್ಥಳ ಸಿಗಲಿಲ್ಲ.
We didn't go to the party.	ನಾವು ಪಾರ್ಟಿಗೆ ಹೋಗಿಲ್ಲ.
We didn't have to wait long.	ನಾವು ಹೆಚ್ಚು ಸಮಯ ಕಾಯಬೇಕಾಗಿಲ್ಲ.
We don't have any questions.	ನಮಗೆ ಯಾವುದೇ ಪ್ರಶ್ನೆಗಳಿಲ್ಲ.
We don't have sugar.	ನಮ್ಮಲ್ಲಿ ಸಕ್ಕರೆ ಇಲ್ಲ.
We don't watch TV much.	ನಾವು ಹೆಚ್ಚು ಟಿವಿ ನೋಡುವುದಿಲ್ಲ.
We drove to the airport.	ನಾವು ವಿಮಾನ ನಿಲ್ದಾಣಕ್ಕೆ ಓಡಿದೆವು.
We eat dinner at eight.	ನಾವು ಎಂಟು ಗಂಟೆಗೆ ಊಟ ಮಾಡುತ್ತೇವೆ.
We eat lunch at noon.	ನಾವು ಮಧ್ಯಾಹ್ನದ ಊಟವನ್ನು ತಿನ್ನುತ್ತೇವೆ.
We go on holiday in August.	ನಾವು ಆಗಸ್ಟ್ನಲ್ಲಿ ರಜೆಗೆ ಹೋಗುತ್ತೇವೆ.
We go shopping on Saturday.	ನಾವು ಶನಿವಾರ ಶಾಪಿಂಗ್ ಹೋಗುತ್ತೇವೆ.
We go to the beach in summer.	ನಾವು ಬೇಸಿಗೆಯಲ್ಲಿ ಬೀಚ್‌ಗೆ ಹೋಗುತ್ತೇವೆ.
We got disconnected.	ನಾವು ಸಂಪರ್ಕ ಕಡಿತಗೊಳಿಸಿದ್ದೇವೆ.
We had a great time.	ನಾವು ಉತ್ತಮ ಸಮಯವನ್ನು ಹೊಂದಿದ್ದೇವೆ.
We had a lot of fun.	ನಾವು ತುಂಬಾ ಮೋಜು ಮಾಡಿದೆವು.
We had a party with family.	ನಾವು ಕುಟುಂಬದೊಂದಿಗೆ ಪಾರ್ಟಿ ಮಾಡಿದೆವು.
We had booked the tickets online.	ನಾವು ಆನ್‌ಲೈನ್‌ನಲ್ಲಿ ಟಿಕೆಟ್‌ಗಳನ್ನು ಬುಕ್ ಮಾಡಿದ್ದೇವೆ.
We had heard about that restaurant before.	ಆ ರೆಸ್ಟೋರೆಂಟ್ ಬಗ್ಗೆ ನಾವು ಮೊದಲೇ ಕೇಳಿದ್ದೆವು.
We had met each other before.	ನಾವು ಮೊದಲು ಪರಸ್ಪರ ಭೇಟಿಯಾಗಿದ್ದೆವು.
We hadn't planned to stay so long.	ನಾವು ಇಷ್ಟು ದಿನ ಇರಲು ಯೋಜಿಸಿರಲಿಲ್ಲ.
We have a big house.	ನಮ್ಮದು ದೊಡ್ಡ ಮನೆ.
We have a meeting today.	ಇಂದು ನಮ್ಮ ಸಭೆ ಇದೆ.
We have a new client today.	ನಾವು ಇಂದು ಹೊಸ ಕ್ಲೈಂಟ್ ಅನ್ನು ಹೊಂದಿದ್ದೇವೆ.
We have been friends since childhood.	ನಾವು ಬಾಲ್ಯದಿಂದಲೂ ಸ್ನೇಹಿತರಾಗಿದ್ದೇವೆ.
We have been living here for ten years.	ನಾವು ಹತ್ತು ವರ್ಷಗಳಿಂದ ಇಲ್ಲಿ ವಾಸಿಸುತ್ತಿದ್ದೇವೆ.
We have been planning this party for a month.	ನಾವು ಒಂದು ತಿಂಗಳಿನಿಂದ ಈ ಪಾರ್ಟಿಯನ್ನು ಯೋಜಿಸುತ್ತಿದ್ದೇವೆ.
We have been saving money for a trip.	ನಾವು ಪ್ರವಾಸಕ್ಕಾಗಿ ಹಣವನ್ನು ಉಳಿಸುತ್ತಿದ್ದೇವೆ.
We have eaten at that restaurant many times.	ಆ ರೆಸ್ಟಾರೆಂಟ್‌ನಲ್ಲಿ ನಾವು ಅನೇಕ ಬಾರಿ ಊಟ ಮಾಡಿದ್ದೇವೆ.
We have known each other for years.	ನಾವು ವರ್ಷಗಳಿಂದ ಒಬ್ಬರಿಗೊಬ್ಬರು ತಿಳಿದಿದ್ದೇವೆ.
We have known each other since childhood.	ನಾವು ಬಾಲ್ಯದಿಂದಲೂ ಒಬ್ಬರಿಗೊಬ್ಬರು ತಿಳಿದಿದ್ದೇವೆ.
We have lived here since 2019.	ನಾವು 2019 ರಿಂದ ಇಲ್ಲಿ ವಾಸಿಸುತ್ತಿದ್ದೇವೆ.
We have lunch together.	ನಾವು ಒಟ್ಟಿಗೆ ಊಟ ಮಾಡುತ್ತೇವೆ.
We have many things to do.	ನಾವು ಮಾಡಲು ಅನೇಕ ಕೆಲಸಗಳಿವೆ.
We have no time to lose.	ನಮಗೆ ಕಳೆದುಕೊಳ್ಳಲು ಸಮಯವಿಲ್ಲ.
We have only five minutes.	ನಮಗೆ ಕೇವಲ ಐದು ನಿಮಿಷಗಳಿವೆ.
We have some good news.	ನಮಗೆ ಕೆಲವು ಒಳ್ಳೆಯ ಸುದ್ದಿಗಳಿವೆ.
We have to pay the bill.	ನಾವು ಬಿಲ್ ಪಾವತಿಸಬೇಕು.
We haven't decided yet.	ನಾವು ಇನ್ನೂ ನಿರ್ಧರಿಸಿಲ್ಲ.
We haven't seen him for ages.	ನಾವು ಅವನನ್ನು ಬಹಳ ವರ್ಷಗಳಿಂದ ನೋಡಿಲ್ಲ.
We live in a small town.	ನಾವು ಒಂದು ಸಣ್ಣ ಪಟ್ಟಣದಲ್ಲಿ ವಾಸಿಸುತ್ತಿದ್ದೇವೆ.
We live together.	ನಾವು ಒಟ್ಟಿಗೆ ವಾಸಿಸುತ್ತೇವೆ.
We may have to cancel the trip.	ನಾವು ಪ್ರವಾಸವನ್ನು ರದ್ದುಗೊಳಿಸಬೇಕಾಗಬಹುದು.
We may not have enough time.	ನಮಗೆ ಸಾಕಷ್ಟು ಸಮಯ ಇಲ್ಲದಿರಬಹುದು.
We meet on Friday.	ನಾವು ಶುಕ್ರವಾರ ಭೇಟಿಯಾಗುತ್ತೇವೆ.
We meet tomorrow afternoon.	ನಾವು ನಾಳೆ ಮಧ್ಯಾಹ್ನ ಭೇಟಿಯಾಗುತ್ತೇವೆ.
We met at the cafe.	ನಾವು ಕೆಫೆಯಲ್ಲಿ ಭೇಟಿಯಾದೆವು.
We might go out for dinner.	ನಾವು ಊಟಕ್ಕೆ ಹೋಗಬಹುದು.
We must leave now.	ನಾವೀಗ ಹೊರಡಬೇಕು.
We must respect our parents.	ನಾವು ನಮ್ಮ ಹೆತ್ತವರನ್ನು ಗೌರವಿಸಬೇಕು.
We need a lot of water.	ನಮಗೆ ಸಾಕಷ್ಟು ನೀರು ಬೇಕು.
We need some milk.	ನಮಗೆ ಸ್ವಲ್ಪ ಹಾಲು ಬೇಕು.
We need to get the car repaired.	ನಾವು ಕಾರನ್ನು ರಿಪೇರಿ ಮಾಡಬೇಕಾಗಿದೆ.
We played football yesterday.	ನಾವು ನಿನ್ನೆ ಫುಟ್ಬಾಲ್ ಆಡಿದ್ದೇವೆ.
We played music all night.	ರಾತ್ರಿಯಿಡೀ ಸಂಗೀತ ನುಡಿಸಿದೆವು.
We ran to the bus stop.	ಬಸ್ ನಿಲ್ದಾಣಕ್ಕೆ ಓಡಿದೆವು.
We really enjoyed it.	ನಾವು ಅದನ್ನು ನಿಜವಾಗಿಯೂ ಆನಂದಿಸಿದ್ದೇವೆ.
We saw a great movie.	ನಾವು ಒಂದು ಉತ್ತಮ ಚಲನಚಿತ್ರವನ್ನು ನೋಡಿದ್ದೇವೆ.
We saw an elephant at the zoo.	ಮೃಗಾಲಯದಲ್ಲಿ ನಾವು ಆನೆಯನ್ನು ನೋಡಿದ್ದೇವೆ.
We saw many birds.	ನಾವು ಅನೇಕ ಪಕ್ಷಿಗಳನ್ನು ನೋಡಿದ್ದೇವೆ.
We saw some birds in the sky.	ನಾವು ಆಕಾಶದಲ್ಲಿ ಕೆಲವು ಪಕ್ಷಿಗಳನ್ನು ನೋಡಿದ್ದೇವೆ.
We should be kind to animals.	ನಾವು ಪ್ರಾಣಿಗಳಿಗೆ ದಯೆ ತೋರಬೇಕು.
We should leave early.	ನಾವು ಬೇಗ ಹೊರಡಬೇಕು.
We should save money.	ನಾವು ಹಣವನ್ನು ಉಳಿಸಬೇಕು.
We shouldn't talk in the library.	ನಾವು ಲೈಬ್ರರಿಯಲ್ಲಿ ಮಾತನಾಡಬಾರದು.
We shouldn't waste food.	ನಾವು ಆಹಾರವನ್ನು ವ್ಯರ್ಥ ಮಾಡಬಾರದು.
We split the bill.	ನಾವು ಬಿಲ್ ಅನ್ನು ವಿಭಜಿಸಿದ್ದೇವೆ.
We spoke to the manager.	ನಾವು ವ್ಯವಸ್ಥಾಪಕರೊಂದಿಗೆ ಮಾತನಾಡಿದೆವು.
We stayed there for a week.	ಅಲ್ಲಿ ಒಂದು ವಾರ ತಂಗಿದ್ದೆವು.
We talk about everything.	ನಾವು ಎಲ್ಲದರ ಬಗ್ಗೆ ಮಾತನಾಡುತ್ತೇವೆ.
We took a family photo.	ನಾವು ಫ್ಯಾಮಿಲಿ ಫೋಟೋ ತೆಗೆದುಕೊಂಡೆವು.
We took lots of photos.	ನಾವು ಸಾಕಷ್ಟು ಫೋಟೋಗಳನ್ನು ತೆಗೆದುಕೊಂಡೆವು.
We took photos together.	ನಾವು ಒಟ್ಟಿಗೆ ಫೋಟೋಗಳನ್ನು ತೆಗೆದುಕೊಂಡೆವು.
We use online meetings.	ನಾವು ಆನ್‌ಲೈನ್ ಸಭೆಗಳನ್ನು ಬಳಸುತ್ತೇವೆ.
We visited our grandparents.	ನಾವು ನಮ್ಮ ಅಜ್ಜಿಯರನ್ನು ಭೇಟಿ ಮಾಡಿದ್ದೇವೆ.
We waited for an hour.	ನಾವು ಒಂದು ಗಂಟೆ ಕಾಯುತ್ತಿದ್ದೆವು.
We walked along the beach.	ನಾವು ಕಡಲತೀರದ ಉದ್ದಕ್ಕೂ ನಡೆದೆವು.
We want to see the museum.	ನಾವು ವಸ್ತುಸಂಗ್ರಹಾಲಯವನ್ನು ನೋಡಲು ಬಯಸುತ್ತೇವೆ.
We watch TV after dinner.	ಊಟದ ನಂತರ ಟಿವಿ ನೋಡುತ್ತೇವೆ.
We watch TV in the evening.	ನಾವು ಸಂಜೆ ಟಿವಿ ನೋಡುತ್ತೇವೆ.
We went to the station.	ನಾವು ನಿಲ್ದಾಣಕ್ಕೆ ಹೋದೆವು.
We were having dinner together.	ಒಟ್ಟಿಗೆ ಊಟ ಮಾಡುತ್ತಿದ್ದೆವು.
We were walking in the park.	ನಾವು ಉದ್ಯಾನವನದಲ್ಲಿ ನಡೆಯುತ್ತಿದ್ದೆವು.
We were watching the match together.	ಒಟ್ಟಿಗೆ ಮ್ಯಾಚ್ ನೋಡುತ್ತಿದ್ದೆವು.
We weren't expecting you.	ನಾವು ನಿನ್ನನ್ನು ನಿರೀಕ್ಷಿಸಿರಲಿಲ್ಲ.
We will be celebrating her birthday next month.	ಮುಂದಿನ ತಿಂಗಳು ನಾವು ಅವಳ ಹುಟ್ಟುಹಬ್ಬವನ್ನು ಆಚರಿಸುತ್ತೇವೆ.
We will be driving through the night.	ನಾವು ರಾತ್ರಿಯಿಡೀ ಚಾಲನೆ ಮಾಡುತ್ತೇವೆ.
We will be staying at a hotel in Goa.	ನಾವು ಗೋವಾದ ಹೋಟೆಲ್‌ನಲ್ಲಿ ಉಳಿದುಕೊಳ್ಳುತ್ತೇವೆ.
We will have lived here for ten years by 2030.	ನಾವು 2030 ರ ಹೊತ್ತಿಗೆ ಹತ್ತು ವರ್ಷಗಳ ಕಾಲ ಇಲ್ಲಿ ವಾಸಿಸುತ್ತೇವೆ.
We will have tested the machine before using it.	ಯಂತ್ರವನ್ನು ಬಳಸುವ ಮೊದಲು ನಾವು ಅದನ್ನು ಪರೀಕ್ಷಿಸುತ್ತೇವೆ.
We will meet again soon.	ನಾವು ಶೀಘ್ರದಲ್ಲೇ ಮತ್ತೆ ಭೇಟಿಯಾಗುತ್ತೇವೆ.
We won't be needing this anymore.	ನಮಗೆ ಇನ್ನು ಮುಂದೆ ಇದರ ಅಗತ್ಯವಿರುವುದಿಲ್ಲ.
We won't give up.	ನಾವು ಬಿಟ್ಟುಕೊಡುವುದಿಲ್ಲ.
We won't have spent all our money.	ನಾವು ನಮ್ಮ ಎಲ್ಲಾ ಹಣವನ್ನು ಖರ್ಚು ಮಾಡುವುದಿಲ್ಲ.
We would have dinner at seven.	ನಾವು ಏಳು ಗಂಟೆಗೆ ಊಟ ಮಾಡುತ್ತೇವೆ.
We would visit them every summer.	ನಾವು ಪ್ರತಿ ಬೇಸಿಗೆಯಲ್ಲಿ ಅವರನ್ನು ಭೇಟಿ ಮಾಡುತ್ತೇವೆ.
We wouldn't have been late if we had left on time.	ಸಮಯಕ್ಕೆ ಸರಿಯಾಗಿ ಹೊರಟಿದ್ದರೆ ತಡವಾಗುತ್ತಿರಲಿಲ್ಲ.
We'll have dinner at eight.	ನಾವು ಎಂಟು ಗಂಟೆಗೆ ಊಟ ಮಾಡುತ್ತೇವೆ.
We'll see what happens.	ಏನಾಗುತ್ತದೆ ಎಂದು ನಾವು ನೋಡುತ್ತೇವೆ.
We'll welcome the new year.	ನಾವು ಹೊಸ ವರ್ಷವನ್ನು ಸ್ವಾಗತಿಸುತ್ತೇವೆ.
We're almost there.	ನಾವು ಬಹುತೇಕ ಅಲ್ಲಿದ್ದೇವೆ.
We're going to have a party on Saturday.	ನಾವು ಶನಿವಾರ ಪಾರ್ಟಿ ಮಾಡಲಿದ್ದೇವೆ.
We're ready to order.	ನಾವು ಆರ್ಡರ್ ಮಾಡಲು ಸಿದ್ಧರಿದ್ದೇವೆ.
Wear a warm coat.	ಬೆಚ್ಚಗಿನ ಕೋಟ್ ಧರಿಸಿ.
Wednesday	ಬುಧವಾರ
Wednesday (short)	ಬುಧವಾರ (ಸಣ್ಣ)
Welcome (to our store)	ಸ್ವಾಗತ (ನಮ್ಮ ಅಂಗಡಿಗೆ)
Welcome home	ಮನೆಗೆ ಸ್ವಾಗತ
Welcome home (polite)	ಮನೆಗೆ ಸ್ವಾಗತ (ಸಭ್ಯ)
Welcome.	ಸ್ವಾಗತ.
Were I you, I would accept the offer.	ನಾನು ನೀವಾಗಿದ್ದರೆ, ನಾನು ಪ್ರಸ್ತಾಪವನ್ನು ಸ್ವೀಕರಿಸುತ್ತೇನೆ.
Were you sleeping?	ನೀವು ಮಲಗಿದ್ದೀರಾ?
What I really need is more time.	ನನಗೆ ನಿಜವಾಗಿಯೂ ಬೇಕಾಗಿರುವುದು ಹೆಚ್ಚು ಸಮಯ.
What are you doing now?	ನೀವು ಈಗ ಏನು ಮಾಡುತ್ತಿದ್ದೀರಿ?
What are you doing?	ನೀವು ಏನು ಮಾಡುತ್ತಿದ್ದೀರಿ?
What are you going to do tonight?	ನೀವು ಇಂದು ರಾತ್ರಿ ಏನು ಮಾಡಲಿದ್ದೀರಿ?
What are your plans for the weekend?	ವಾರಾಂತ್ಯದಲ್ಲಿ ನಿಮ್ಮ ಯೋಜನೆಗಳೇನು?
What are your working hours?	ನಿಮ್ಮ ಕೆಲಸದ ಸಮಯಗಳು ಯಾವುವು?
What color do you like?	ನೀವು ಯಾವ ಬಣ್ಣವನ್ನು ಇಷ್ಟಪಡುತ್ತೀರಿ?
What color is your car?	ನಿಮ್ಮ ಕಾರು ಯಾವ ಬಣ್ಣವಾಗಿದೆ?
What country's person is (he)? (Where is he from?)	ಯಾವ ದೇಶದ ವ್ಯಕ್ತಿ (ಅವನು)? (ಅವನು ಎಲ್ಲಿಂದ ಬಂದವನು?)
What day is it today?	ಇಂದು ಯಾವ ದಿನ?
What day is today?	ಇಂದು ಯಾವ ದಿನ?
What day of the week is it today?	ಇಂದು ವಾರದ ಯಾವ ದಿನ?
What did you do last weekend?	ಕಳೆದ ವಾರಾಂತ್ಯದಲ್ಲಿ ನೀವು ಏನು ಮಾಡಿದ್ದೀರಿ?
What did you do on the weekend?	ವಾರಾಂತ್ಯದಲ್ಲಿ ನೀವು ಏನು ಮಾಡಿದ್ದೀರಿ?
What did you eat?	ಏನು ತಿಂದೆ?
What do you do for work?	ಕೆಲಸಕ್ಕಾಗಿ ನೀವು ಏನು ಮಾಡುತ್ತೀರಿ?
What do you eat?	ನೀವು ಏನು ತಿನ್ನುತ್ತೀರಿ?
What do you like?	ನೀವು ಏನು ಇಷ್ಟಪಡುತ್ತೀರಿ?
What do you recommend for dessert?	ಸಿಹಿತಿಂಡಿಗಾಗಿ ನೀವು ಏನು ಶಿಫಾರಸು ಮಾಡುತ್ತೀರಿ?
What do you think?	ನೀವು ಏನು ಯೋಚಿಸುತ್ತೀರಿ?
What do you want for breakfast?	ಉಪಹಾರಕ್ಕಾಗಿ ನಿಮಗೆ ಏನು ಬೇಕು?
What do you want to eat?	ನೀವು ಏನು ತಿನ್ನಲು ಬಯಸುತ್ತೀರಿ?
What do you want?	ನಿಮಗೆ ಏನು ಬೇಕು?
What does she do?	ಅವಳು ಏನು ಮಾಡುತ್ತಾಳೆ?
What is that?	ಅದು ಏನು?
What is this?	ಇದು ಏನು?
What is today's date?	ಇಂದಿನ ದಿನಾಂಕ ಯಾವುದು?
What is your favorite dream?	ನಿಮ್ಮ ನೆಚ್ಚಿನ ಕನಸು ಯಾವುದು?
What is your favorite food?	ನಿಮ್ಮ ನೆಚ್ಚಿನ ಆಹಾರ ಯಾವುದು?
What is your hobby in Japan?	ಜಪಾನ್‌ನಲ್ಲಿ ನಿಮ್ಮ ಹವ್ಯಾಸ ಏನು?
What is your name?	ನಿಮ್ಮ ಹೆಸರೇನು?
What kind of music do you like?	ನೀವು ಯಾವ ರೀತಿಯ ಸಂಗೀತವನ್ನು ಇಷ್ಟಪಡುತ್ತೀರಿ?
What languages can you speak?	ನೀವು ಯಾವ ಭಾಷೆಗಳನ್ನು ಮಾತನಾಡಬಹುದು?
What month is it now?	ಈಗ ಯಾವ ತಿಂಗಳು?
What shall we do?	ನಾವೇನು ​​ಮಾಡಬೇಕು?
What should I do?	ನಾನು ಏನು ಮಾಡಬೇಕು?
What should I/we do?	ನಾನು/ನಾವು ಏನು ಮಾಡಬೇಕು?
What should we do now?	ನಾವೀಗ ಏನು ಮಾಡಬೇಕು?
What sport do you like?	ನೀವು ಯಾವ ಕ್ರೀಡೆಯನ್ನು ಇಷ್ಟಪಡುತ್ತೀರಿ?
What time do you sleep every day?	ನೀವು ಪ್ರತಿದಿನ ಎಷ್ಟು ಗಂಟೆಗೆ ಮಲಗುತ್ತೀರಿ?
What time do you usually wake up?	ನೀವು ಸಾಮಾನ್ಯವಾಗಿ ಯಾವ ಸಮಯಕ್ಕೆ ಎಚ್ಚರಗೊಳ್ಳುತ್ತೀರಿ?
What time does school start?	ಶಾಲೆ ಎಷ್ಟು ಗಂಟೆಗೆ ಪ್ರಾರಂಭವಾಗುತ್ತದೆ?
What time does the bank open?	ಬ್ಯಾಂಕ್ ಯಾವ ಸಮಯದಲ್ಲಿ ತೆರೆಯುತ್ತದೆ?
What time is boarding?	ಬೋರ್ಡಿಂಗ್ ಎಷ್ಟು ಸಮಯ?
What time is check-out?	ಚೆಕ್-ಔಟ್ ಎಷ್ಟು ಸಮಯ?
What time is checkout?	ಚೆಕ್ಔಟ್ ಎಷ್ಟು ಸಮಯ?
What time is it now?	ಈಗ ಸಮಯ ಎಷ್ಟು?
What time is it?	ಸಮಯ ಎಷ್ಟು?
What time is the next train?	ಮುಂದಿನ ರೈಲು ಎಷ್ಟು ಗಂಟೆಗೆ?
What time shall we meet?	ನಾವು ಯಾವ ಸಮಯದಲ್ಲಿ ಭೇಟಿಯಾಗೋಣ?
What time should we meet?	ನಾವು ಯಾವ ಸಮಯದಲ್ಲಿ ಭೇಟಿಯಾಗಬೇಕು?
What was he doing there?	ಅವನು ಅಲ್ಲಿ ಏನು ಮಾಡುತ್ತಿದ್ದನು?
What were you doing at midnight?	ನೀವು ಮಧ್ಯರಾತ್ರಿಯಲ್ಲಿ ಏನು ಮಾಡುತ್ತಿದ್ದೀರಿ?
What would you like to drink?	ನೀವು ಏನು ಕುಡಿಯಲು ಬಯಸುತ್ತೀರಿ?
What would you like?	ನೀವು ಏನು ಬಯಸುತ್ತೀರಿ?
What year is it now?	ಈಗ ಯಾವ ವರ್ಷ?
What's the forecast?	ಮುನ್ಸೂಚನೆ ಏನು?
What's the price?	ಬೆಲೆ ಎಷ್ಟು?
What's today's temperature?	ಇಂದಿನ ತಾಪಮಾನ ಎಷ್ಟು?
What's your address?	ನಿಮ್ಮ ವಿಳಾಸವೇನು?
What's your favorite thing?	ನಿಮ್ಮ ನೆಚ್ಚಿನ ವಿಷಯ ಯಾವುದು?
What's your name?	ನಿಮ್ಮ ಹೆಸರೇನು?
What's your number?	ನಿಮ್ಮ ಸಂಖ್ಯೆ ಏನು?
When I arrive at work, I'll call.	ನಾನು ಕೆಲಸಕ್ಕೆ ಬಂದಾಗ, ನಾನು ಕರೆ ಮಾಡುತ್ತೇನೆ.
When I arrived, the train had already left.	ನಾನು ಬಂದಾಗ ರೈಲು ಆಗಲೇ ಹೊರಟಿತ್ತು.
When I buy new shoes, I'll wear them.	ನಾನು ಹೊಸ ಬೂಟುಗಳನ್ನು ಖರೀದಿಸಿದಾಗ, ನಾನು ಅವುಗಳನ್ನು ಧರಿಸುತ್ತೇನೆ.
When I was a student, I lived in Japan.	ನಾನು ವಿದ್ಯಾರ್ಥಿಯಾಗಿದ್ದಾಗ, ನಾನು ಜಪಾನ್‌ನಲ್ಲಿ ವಾಸಿಸುತ್ತಿದ್ದೆ.
When I was young, I would play outside.	ನಾನು ಚಿಕ್ಕವನಿದ್ದಾಗ ಹೊರಗೆ ಆಟವಾಡುತ್ತಿದ್ದೆ.
When are you free?	ನೀವು ಯಾವಾಗ ಮುಕ್ತರಾಗಿದ್ದೀರಿ?
When are you going to leave?	ನೀವು ಯಾವಾಗ ಹೊರಡಲಿದ್ದೀರಿ?
When did he leave?	ಅವನು ಯಾವಾಗ ಹೊರಟನು?
When did the show start?	ಪ್ರದರ್ಶನ ಯಾವಾಗ ಪ್ರಾರಂಭವಾಯಿತು?
When did you arrive?	ನೀನು ಯಾವಾಗ ಬಂದೆ?
When does the train leave?	ರೈಲು ಯಾವಾಗ ಹೊರಡುತ್ತದೆ?
When is the meeting?	ಸಭೆ ಯಾವಾಗ?
When is the next train?	ಮುಂದಿನ ರೈಲು ಯಾವಾಗ?
When is your birthday?	ನಿಮ್ಮ ಜನ್ಮದಿನ ಯಾವಾಗ?
When it rains, I open an umbrella.	ಮಳೆ ಬಂದಾಗ, ನಾನು ಛತ್ರಿ ತೆರೆಯುತ್ತೇನೆ.
When spring comes, it gets warm.	ವಸಂತ ಬಂದಾಗ, ಅದು ಬೆಚ್ಚಗಾಗುತ್ತದೆ.
Where are the fitting rooms?	ಅಳವಡಿಸುವ ಕೊಠಡಿಗಳು ಎಲ್ಲಿವೆ?
Where are you from?	ನೀವು ಎಲ್ಲಿಂದ ಬಂದಿದ್ದೀರಿ?
Where are you going?	ನೀವು ಎಲ್ಲಿಗೆ ಹೋಗುತ್ತಿದ್ದೀರಿ?
Where are you originally from?	ನೀವು ಮೂಲತಃ ಎಲ್ಲಿಂದ ಬಂದವರು?
Where can I buy tickets?	ನಾನು ಟಿಕೆಟ್‌ಗಳನ್ನು ಎಲ್ಲಿ ಖರೀದಿಸಬಹುದು?
Where can I find an ATM?	ನಾನು ATM ಅನ್ನು ಎಲ್ಲಿ ಕಂಡುಹಿಡಿಯಬಹುದು?
Where can I park?	ನಾನು ಎಲ್ಲಿ ನಿಲುಗಡೆ ಮಾಡಬಹುದು?
Where did he go?	ಅವನು ಎಲ್ಲಿಗೆ ಹೋದನು?
Where did you go?	ಎಲ್ಲಿಗೆ ಹೋಗಿದ್ದೆ?
Where do I buy a ticket?	ನಾನು ಟಿಕೆಟ್ ಅನ್ನು ಎಲ್ಲಿ ಖರೀದಿಸಬೇಕು?
Where do you live now?	ನೀವು ಈಗ ಎಲ್ಲಿ ವಾಸಿಸುತ್ತೀರಿ?
Where do you live?	ನೀವು ಎಲ್ಲಿ ವಾಸಿಸುತ್ತೀರಿ?
Where do you work?	ನೀವು ಎಲ್ಲಿ ಕೆಲಸ ಮಾಡುತ್ತೀರಿ?
Where is a safe place?	ಸುರಕ್ಷಿತ ಸ್ಥಳ ಎಲ್ಲಿದೆ?
Where is it?	ಎಲ್ಲಿದೆ?
Where is she going to live?	ಅವಳು ಎಲ್ಲಿ ವಾಸಿಸಲು ಹೋಗುತ್ತಾಳೆ?
Where is the ATM?	ಎಟಿಎಂ ಎಲ್ಲಿದೆ?
Where is the bank?	ಬ್ಯಾಂಕ್ ಎಲ್ಲಿದೆ?
Where is the bus stop?	ಬಸ್ ನಿಲ್ದಾಣ ಎಲ್ಲಿದೆ?
Where is the cashier?	ಕ್ಯಾಷಿಯರ್ ಎಲ್ಲಿದ್ದಾನೆ?
Where is the department store?	ಎಲ್ಲಿದೆ ಡಿಪಾರ್ಟ್ಮೆಂಟ್ ಸ್ಟೋರ್?
Where is the fire station?	ಅಗ್ನಿಶಾಮಕ ಠಾಣೆ ಎಲ್ಲಿದೆ?
Where is the hospital?	ಆಸ್ಪತ್ರೆ ಎಲ್ಲಿದೆ?
Where is the nearest mall?	ಹತ್ತಿರದ ಮಾಲ್ ಎಲ್ಲಿದೆ?
Where is the pharmacy?	ಔಷಧಾಲಯ ಎಲ್ಲಿದೆ?
Where is the restroom?	ರೆಸ್ಟ್‌ರೂಂ ಎಲ್ಲಿದೆ?
Where is the station?	ನಿಲ್ದಾಣ ಎಲ್ಲಿದೆ?
Where is the train station?	ರೈಲು ನಿಲ್ದಾಣ ಎಲ್ಲಿದೆ?
Where is this place?	ಈ ಸ್ಥಳ ಎಲ್ಲಿದೆ?
Where should I put this?	ನಾನು ಇದನ್ನು ಎಲ್ಲಿ ಹಾಕಬೇಕು?
Where to, sir?	ಎಲ್ಲಿಗೆ ಸಾರ್?
Where's a good place to eat?	ತಿನ್ನಲು ಉತ್ತಮ ಸ್ಥಳ ಎಲ್ಲಿದೆ?
Where's the nearest bank?	ಹತ್ತಿರದ ಬ್ಯಾಂಕ್ ಎಲ್ಲಿದೆ?
Where's the nearest station?	ಹತ್ತಿರದ ನಿಲ್ದಾಣ ಎಲ್ಲಿದೆ?
Which color would you like?	ನೀವು ಯಾವ ಬಣ್ಣವನ್ನು ಬಯಸುತ್ತೀರಿ?
Which do you like, weekends or weekdays?	ನೀವು ಯಾವುದನ್ನು ಇಷ್ಟಪಡುತ್ತೀರಿ, ವಾರಾಂತ್ಯಗಳು ಅಥವಾ ವಾರದ ದಿನಗಳು?
Which is better?	ಯಾವುದು ಉತ್ತಮ?
Which one do you like (of two)?	ನೀವು ಯಾವುದನ್ನು ಇಷ್ಟಪಡುತ್ತೀರಿ (ಎರಡರಲ್ಲಿ)?
Which one do you like best?	ನೀವು ಯಾವುದನ್ನು ಹೆಚ್ಚು ಇಷ್ಟಪಡುತ್ತೀರಿ?
Which one is the cheapest?	ಯಾವುದು ಅಗ್ಗವಾಗಿದೆ?
Which one is your book?	ನಿಮ್ಮ ಪುಸ್ತಕ ಯಾವುದು?
Which one is yours?	ನಿಮ್ಮದು ಯಾವುದು?
Which two do you compare?	ನೀವು ಯಾವುದನ್ನು ಹೋಲಿಸುತ್ತೀರಿ?
While I was cooking, he was watching TV.	ನಾನು ಅಡುಗೆ ಮಾಡುವಾಗ ಅವನು ಟಿವಿ ನೋಡುತ್ತಿದ್ದನು.
White Day	ಬಿಳಿ ದಿನ
Who called you?	ನಿಮ್ಮನ್ನು ಯಾರು ಕರೆದರು?
Who came?	ಯಾರು ಬಂದರು?
Who did you talk with?	ನೀವು ಯಾರೊಂದಿಗೆ ಮಾತನಾಡಿದ್ದೀರಿ?
Who is responsible for this decision?	ಈ ನಿರ್ಧಾರಕ್ಕೆ ಯಾರು ಹೊಣೆ?
Who is she?	ಅವಳು ಯಾರು?
Who is the tallest in the class?	ತರಗತಿಯಲ್ಲಿ ಅತಿ ಎತ್ತರದವರು ಯಾರು?
Who is your teacher?	ನಿಮ್ಮ ಗುರು ಯಾರು?
Who made this cake?	ಈ ಕೇಕ್ ಮಾಡಿದ್ದು ಯಾರು?
Who will you travel with?	ನೀವು ಯಾರೊಂದಿಗೆ ಪ್ರಯಾಣಿಸುವಿರಿ?
Whose bag is that?	ಅದು ಯಾರ ಚೀಲ?
Whose bicycle is this?	ಇದು ಯಾರ ಸೈಕಲ್?
Why are you crying?	ಯಾಕೆ ಅಳುತ್ತಿದ್ದೀಯ?
Why are you sad?	ನಿನಗೇಕೆ ದುಃಖ?
Why did you leave early?	ಯಾಕೆ ಬೇಗ ಹೊರಟೆ?
Why do you study English?	ನೀವು ಇಂಗ್ಲಿಷ್ ಅನ್ನು ಏಕೆ ಕಲಿಯುತ್ತೀರಿ?
Why don't you try again?	ನೀವು ಮತ್ತೆ ಏಕೆ ಪ್ರಯತ್ನಿಸಬಾರದು?
Why is the sky blue?	ಆಕಾಶ ನೀಲಿ ಏಕೆ?
Why?; What for?	ಏಕೆ?; ಯಾವುದಕ್ಕಾಗಿ?
Will she be flying tomorrow?	ಅವಳು ನಾಳೆ ಹಾರುವಳೇ?
Will she come with us?	ಅವಳು ನಮ್ಮೊಂದಿಗೆ ಬರುತ್ತಾಳೆಯೇ?
Will the store have closed by then?	ಅಷ್ಟರೊಳಗೆ ಅಂಗಡಿ ಮುಚ್ಚಿದೆಯೇ?
Will they accept the offer?	ಅವರು ಪ್ರಸ್ತಾಪವನ್ನು ಸ್ವೀಕರಿಸುತ್ತಾರೆಯೇ?
Will they have finished the construction?	ಅವರು ನಿರ್ಮಾಣವನ್ನು ಪೂರ್ಣಗೊಳಿಸುತ್ತಾರೆಯೇ?
Will we be seeing you this weekend?	ಈ ವಾರಾಂತ್ಯದಲ್ಲಿ ನಾವು ನಿಮ್ಮನ್ನು ನೋಡುತ್ತೇವೆಯೇ?
Will we have arrived before sunset?	ನಾವು ಸೂರ್ಯಾಸ್ತದ ಮೊದಲು ಬಂದಿದ್ದೇವೆಯೇ?
Will we have enough time?	ನಮಗೆ ಸಾಕಷ್ಟು ಸಮಯವಿದೆಯೇ?
Will you be coming to the office tomorrow?	ನಾಳೆ ಆಫೀಸಿಗೆ ಬರುತ್ತೀಯಾ?
Will you be using this laptop?	ನೀವು ಈ ಲ್ಯಾಪ್‌ಟಾಪ್ ಬಳಸುತ್ತೀರಾ?
Will you come to the party?	ನೀವು ಪಕ್ಷಕ್ಕೆ ಬರುತ್ತೀರಾ?
Will you have completed the report by Monday?	ಸೋಮವಾರದೊಳಗೆ ವರದಿಯನ್ನು ಪೂರ್ಣಗೊಳಿಸುತ್ತೀರಾ?
Will you have decided by tomorrow?	ನಾಳೆಯೊಳಗೆ ನೀವು ನಿರ್ಧರಿಸುತ್ತೀರಾ?
Will you help me with this?	ಇದಕ್ಕೆ ನೀವು ನನಗೆ ಸಹಾಯ ಮಾಡುತ್ತೀರಾ?
Winter days are short.	ಚಳಿಗಾಲದ ದಿನಗಳು ಚಿಕ್ಕದಾಗಿದೆ.
Winter is the coldest season.	ಚಳಿಗಾಲವು ಅತ್ಯಂತ ಶೀತ ಋತುವಾಗಿದೆ.
With regard to your query, please see the attached file.	ನಿಮ್ಮ ಪ್ರಶ್ನೆಗೆ ಸಂಬಂಧಿಸಿದಂತೆ, ದಯವಿಟ್ಟು ಲಗತ್ತಿಸಲಾದ ಫೈಲ್ ಅನ್ನು ನೋಡಿ.
Without a dictionary, I don't understand.	ನಿಘಂಟು ಇಲ್ಲದೆ, ನನಗೆ ಅರ್ಥವಾಗುವುದಿಲ್ಲ.
Won't you eat with me?	ನೀವು ನನ್ನೊಂದಿಗೆ ತಿನ್ನುವುದಿಲ್ಲವೇ?
Work is tough.	ಕೆಲಸ ಕಠಿಣವಾಗಿದೆ.
Would it be okay if I left early?	ನಾನು ಬೇಗ ಹೊರಟರೆ ಸರಿಯೇ?
Would you be free tomorrow?	ನೀವು ನಾಳೆ ಮುಕ್ತರಾಗುತ್ತೀರಾ?
Would you help me with this?	ಇದಕ್ಕೆ ನೀವು ನನಗೆ ಸಹಾಯ ಮಾಡುತ್ತೀರಾ?
Would you like anything else?	ನೀವು ಇನ್ನೇನಾದರೂ ಬಯಸುವಿರಾ?
Would you like anything to drink?	ನೀವು ಏನಾದರೂ ಕುಡಿಯಲು ಬಯಸುವಿರಾ?
Would you like it hot or iced?	ನೀವು ಅದನ್ನು ಬಿಸಿಯಾಗಿ ಅಥವಾ ಐಸ್ ಮಾಡಲು ಬಯಸುವಿರಾ?
Would you like it wrapped as a gift?	ಅದನ್ನು ಉಡುಗೊರೆಯಾಗಿ ಸುತ್ತಿಡಲು ನೀವು ಬಯಸುವಿರಾ?
Would you like me to help?	ನಾನು ಸಹಾಯ ಮಾಡಬೇಕೆಂದು ನೀವು ಬಯಸುವಿರಾ?
Would you like some coffee?	ನಿಮಗೆ ಸ್ವಲ್ಪ ಕಾಫಿ ಬೇಕೇ?
Would you like some tea?	ನಿಮಗೆ ಚಹಾ ಬೇಕೇ?
Would you like to dance?	ನೀವು ನೃತ್ಯ ಮಾಡಲು ಬಯಸುವಿರಾ?
Would you like to watch a movie?	ನೀವು ಚಲನಚಿತ್ರವನ್ನು ವೀಕ್ಷಿಸಲು ಬಯಸುವಿರಾ?
Would you mind closing the door?	ನೀವು ಬಾಗಿಲು ಮುಚ್ಚಲು ಬಯಸುತ್ತೀರಾ?
Would you open the window, please?	ದಯವಿಟ್ಟು ಕಿಟಕಿಯನ್ನು ತೆರೆಯುವಿರಾ?
Would you recommend this hotel?	ನೀವು ಈ ಹೋಟೆಲ್ ಅನ್ನು ಶಿಫಾರಸು ಮಾಡುತ್ತೀರಾ?
Written in 1900, the book is still popular.	1900 ರಲ್ಲಿ ಬರೆದ ಈ ಪುಸ್ತಕ ಇಂದಿಗೂ ಜನಪ್ರಿಯವಾಗಿದೆ.
Xylophone	ಕ್ಸೈಲೋಫೋನ್
Yellow	ಹಳದಿ
Yes, I can come tomorrow.	ಹೌದು, ನಾನು ನಾಳೆ ಬರಬಹುದು.
Yes, I can swim.	ಹೌದು, ನಾನು ಈಜಬಲ್ಲೆ.
Yes, I do like it.	ಹೌದು, ನಾನು ಅದನ್ನು ಇಷ್ಟಪಡುತ್ತೇನೆ.
Yes, I understand.	ಹೌದು, ನನಗೆ ಅರ್ಥವಾಗಿದೆ.
Yesterday I stayed up late.	ನಿನ್ನೆ ನಾನು ತಡವಾಗಿ ಎದ್ದಿದ್ದೆ.
Yesterday was Sunday.	ನಿನ್ನೆ ಭಾನುವಾರ.
Yesterday was very busy.	ನಿನ್ನೆ ತುಂಬಾ ಕಾರ್ಯನಿರತವಾಗಿತ್ತು.
You are going to love this place.	ನೀವು ಈ ಸ್ಥಳವನ್ನು ಪ್ರೀತಿಸಲಿದ್ದೀರಿ.
You are my best friend.	ನೀನು ನನ್ನ ಆತ್ಮೀಯ ಗೆಳೆಯ.
You are not wrong.	ನೀವು ತಪ್ಪಿಲ್ಲ.
You are right.	ನೀವು ಹೇಳಿದ್ದು ಸರಿ.
You are so kind to me.	ನೀವು ನನಗೆ ತುಂಬಾ ಕರುಣಾಮಯಿ.
You are the one I want. (You're good.)	ನೀನು ನನಗೆ ಬೇಕಾದವನು. (ನೀವು ಒಳ್ಳೆಯವರು.)
You are working very hard.	ನೀವು ತುಂಬಾ ಕಷ್ಟಪಟ್ಟು ಕೆಲಸ ಮಾಡುತ್ತಿದ್ದೀರಿ.
You came very early.	ನೀನು ಬಹಳ ಬೇಗ ಬಂದೆ.
You can apply regardless of age.	ನೀವು ವಯಸ್ಸಿನ ಹೊರತಾಗಿಯೂ ಅರ್ಜಿ ಸಲ್ಲಿಸಬಹುದು.
You can call me any time.	ನೀವು ಯಾವಾಗ ಬೇಕಾದರೂ ನನಗೆ ಕರೆ ಮಾಡಬಹುದು.
You can pick up the medicine at the pharmacy next door.	ನೀವು ಪಕ್ಕದ ಔಷಧಾಲಯದಲ್ಲಿ ಔಷಧವನ್ನು ತೆಗೆದುಕೊಳ್ಳಬಹುದು.
You can sit here.	ನೀವು ಇಲ್ಲಿ ಕುಳಿತುಕೊಳ್ಳಬಹುದು.
You can't smoke in here.	ನೀವು ಇಲ್ಲಿ ಧೂಮಪಾನ ಮಾಡಲು ಸಾಧ್ಯವಿಲ್ಲ.
You don't have to bring anything.	ನೀವು ಏನನ್ನೂ ತರಬೇಕಾಗಿಲ್ಲ.
You don't have to come if you're busy.	ಬ್ಯುಸಿಯಾಗಿದ್ದರೆ ಬರಬೇಕಿಲ್ಲ.
You don't have to go to work today.	ನೀವು ಇಂದು ಕೆಲಸಕ್ಕೆ ಹೋಗಬೇಕಾಗಿಲ್ಲ.
You don't have to practice every day.	ನೀವು ಪ್ರತಿದಿನ ಅಭ್ಯಾಸ ಮಾಡಬೇಕಾಗಿಲ್ಲ.
You don't know the answer.	ನಿಮಗೆ ಉತ್ತರ ಗೊತ್ತಿಲ್ಲ.
You had told me not to worry.	ನೀನು ಚಿಂತಿಸಬೇಡ ಅಂತ ಹೇಳಿದ್ದೆ.
You have a nice smile.	ನೀವು ಒಂದು ಸುಂದರ ನಗುವನ್ನು ಹೊಂದಿದ್ದೀರಿ.
You have been talking for two hours!	ನೀವು ಎರಡು ಗಂಟೆಗಳ ಕಾಲ ಮಾತನಾಡುತ್ತಿದ್ದೀರಿ!
You have done a great job.	ನೀವು ದೊಡ್ಡ ಕೆಲಸ ಮಾಡಿದ್ದೀರಿ.
You have grown so much.	ನೀವು ತುಂಬಾ ಬೆಳೆದಿದ್ದೀರಿ.
You have my apologies.	ನಿನಗೆ ನನ್ನ ಕ್ಷಮೆ ಇದೆ.
You have my keys.	ನೀವು ನನ್ನ ಕೀಲಿಗಳನ್ನು ಹೊಂದಿದ್ದೀರಿ.
You may be right.	ನೀವು ಸರಿ ಇರಬಹುದು.
You may borrow my book.	ನೀವು ನನ್ನ ಪುಸ್ತಕವನ್ನು ಎರವಲು ಪಡೆಯಬಹುದು.
You might want to try this restaurant.	ನೀವು ಈ ರೆಸ್ಟೋರೆಂಟ್ ಅನ್ನು ಪ್ರಯತ್ನಿಸಲು ಬಯಸಬಹುದು.
You must be here at nine.	ನೀವು ಒಂಬತ್ತು ಗಂಟೆಗೆ ಇಲ್ಲಿರಬೇಕು.
You must be quiet in the library.	ನೀವು ಗ್ರಂಥಾಲಯದಲ್ಲಿ ಶಾಂತವಾಗಿರಬೇಕು.
You must be tired after working so hard. (ritualistic expression)	ಇಷ್ಟು ಕಷ್ಟಪಟ್ಟು ಸುಸ್ತಾಗಿರಬೇಕು. (ಆಚರಣೆಯ ಅಭಿವ್ಯಕ್ತಿ)
You must not look during the exam.	ಪರೀಕ್ಷೆಯ ಸಮಯದಲ್ಲಿ ನೀವು ನೋಡಬಾರದು.
You must not smoke here.	ನೀವು ಇಲ್ಲಿ ಧೂಮಪಾನ ಮಾಡಬಾರದು.
You must not tell anyone.	ನೀನು ಯಾರಿಗೂ ಹೇಳಬಾರದು.
You must wear a helmet.	ನೀವು ಹೆಲ್ಮೆಟ್ ಧರಿಸಬೇಕು.
You must wear a seatbelt.	ನೀವು ಸೀಟ್ ಬೆಲ್ಟ್ ಧರಿಸಬೇಕು.
You mustn't be late.	ನೀವು ತಡ ಮಾಡಬಾರದು.
You need to rest.	ನೀವು ವಿಶ್ರಾಂತಿ ಪಡೆಯಬೇಕು.
You play the guitar?	ನೀವು ಗಿಟಾರ್ ನುಡಿಸುತ್ತೀರಾ?
You should apologize to her.	ನೀವು ಅವಳ ಕ್ಷಮೆ ಕೇಳಬೇಕು.
You should check the weather.	ನೀವು ಹವಾಮಾನವನ್ನು ಪರಿಶೀಲಿಸಬೇಕು.
You should drink more water.	ನೀವು ಹೆಚ್ಚು ನೀರು ಕುಡಿಯಬೇಕು.
You should rest.	ನೀವು ವಿಶ್ರಾಂತಿ ಪಡೆಯಬೇಕು.
You should try the local food.	ನೀವು ಸ್ಥಳೀಯ ಆಹಾರವನ್ನು ಪ್ರಯತ್ನಿಸಬೇಕು.
You should wear a helmet.	ನೀವು ಹೆಲ್ಮೆಟ್ ಧರಿಸಬೇಕು.
You shouldn't worry so much.	ನೀವು ತುಂಬಾ ಚಿಂತಿಸಬಾರದು.
You speak English very well.	ನೀವು ಇಂಗ್ಲಿಷ್ ಚೆನ್ನಾಗಿ ಮಾತನಾಡುತ್ತೀರಿ.
You were talking too fast.	ನೀವು ತುಂಬಾ ವೇಗವಾಗಿ ಮಾತನಾಡುತ್ತಿದ್ದಿರಿ.
You will be feeling better soon.	ನೀವು ಶೀಘ್ರದಲ್ಲೇ ಉತ್ತಮ ಭಾವನೆ ಹೊಂದುವಿರಿ.
You will enjoy this book.	ನೀವು ಈ ಪುಸ್ತಕವನ್ನು ಆನಂದಿಸುವಿರಿ.
You will succeed if you try.	ನೀವು ಪ್ರಯತ್ನಿಸಿದರೆ ನೀವು ಯಶಸ್ವಿಯಾಗುತ್ತೀರಿ.
You're welcome.	ನಿಮಗೆ ಸ್ವಾಗತ.
Your answer is more accurate than mine.	ನಿಮ್ಮ ಉತ್ತರ ನನ್ನದಕ್ಕಿಂತ ಹೆಚ್ಚು ನಿಖರವಾಗಿದೆ.
Your bag is 2 kilos overweight.	ನಿಮ್ಮ ಬ್ಯಾಗ್ 2 ಕಿಲೋ ಅಧಿಕ ತೂಕ ಹೊಂದಿದೆ.
Your keys are on the counter.	ನಿಮ್ಮ ಕೀಲಿಗಳು ಕೌಂಟರ್‌ನಲ್ಲಿವೆ.
Zebra	ಜೀಬ್ರಾ
[counter for bound volumes]	[ಬೌಂಡ್ ಸಂಪುಟಗಳಿಗೆ ಕೌಂಟರ್]
[counter for equipment]	[ಉಪಕರಣಗಳ ಕೌಂಟರ್]
[counter for flat objects]	[ಚಪ್ಪಟೆ ವಸ್ತುಗಳಿಗೆ ಕೌಂಟರ್]
[counter for long objects]	[ಉದ್ದದ ವಸ್ತುಗಳಿಗೆ ಕೌಂಟರ್]
[counter for smaller animals]	[ಸಣ್ಣ ಪ್ರಾಣಿಗಳಿಗೆ ಕೌಂಟರ್]
[generic counter for smaller items]	[ಸಣ್ಣ ವಸ್ತುಗಳಿಗೆ ಸಾಮಾನ್ಯ ಕೌಂಟರ್]
a	ಎ
a bit slower, please	ಸ್ವಲ್ಪ ನಿಧಾನವಾಗಿ, ದಯವಿಟ್ಟು
a bowl; a pot	ಒಂದು ಬೌಲ್; ಒಂದು ಮಡಕೆ
a burner; origin of a fire	ಒಂದು ಬರ್ನರ್; ಬೆಂಕಿಯ ಮೂಲ
a certain...; some...	ಒಂದು ನಿಶ್ಚಿತ...; ಕೆಲವು...
a change	ಒಂದು ಬದಲಾವಣೆ
a cold	ಒಂದು ಶೀತ
a cold (illness)	ಶೀತ (ಅನಾರೋಗ್ಯ)
a corner	ಒಂದು ಮೂಲೆ
a cup / one glass	ಒಂದು ಕಪ್ / ಒಂದು ಗ್ಲಾಸ್
a dance	ಒಂದು ನೃತ್ಯ
a double-edged sword	ಎರಡು ಅಲಗಿನ ಕತ್ತಿ
a draw (in competition); tie game	ಡ್ರಾ (ಸ್ಪರ್ಧೆಯಲ್ಲಿ); ಟೈ ಆಟ
a drink	ಒಂದು ಪಾನೀಯ
a drink, drinks	ಒಂದು ಪಾನೀಯ, ಪಾನೀಯಗಳು
a few	ಕೆಲವು
a few seconds	ಕೆಲವು ಸೆಕೆಂಡುಗಳು
a glance; a look; a glimpse	ಒಂದು ನೋಟ; ಒಂದು ನೋಟ; ಒಂದು ನೋಟ
a habit (often a bad habit); peculiarity	ಒಂದು ಅಭ್ಯಾಸ (ಸಾಮಾನ್ಯವಾಗಿ ಕೆಟ್ಟ ಅಭ್ಯಾಸ); ವಿಶಿಷ್ಟತೆ
a house; a home; a family; a household	ಒಂದು ಮನೆ; ಒಂದು ಮನೆ; ಒಂದು ಕುಟುಂಬ; ಒಂದು ಮನೆ
a joint; joining point	ಒಂದು ಜಂಟಿ; ಸೇರುವ ಬಿಂದು
a kind; a sort	ಒಂದು ರೀತಿಯ; ಒಂದು ರೀತಿಯ
a line; earnestly; blindly; straightforwardly	ಒಂದು ಸಾಲು; ಶ್ರದ್ಧೆಯಿಂದ; ಕುರುಡಾಗಿ; ನೇರವಾಗಿ
a little	ಸ್ವಲ್ಪ
a little more	ಸ್ವಲ್ಪ ಹೆಚ್ಚು
a little while ago	ಸ್ವಲ್ಪ ಸಮಯದ ಹಿಂದೆ
a little; a few	ಸ್ವಲ್ಪ; ಕೆಲವು
a little; small quantity	ಸ್ವಲ್ಪ; ಸಣ್ಣ ಪ್ರಮಾಣ
a little; somewhat; somehow	ಸ್ವಲ್ಪ; ಸ್ವಲ್ಪಮಟ್ಟಿಗೆ; ಹೇಗೋ
a lot	ಬಹಳಷ್ಟು
a means; e.g. of living	ಒಂದು ಸಾಧನ; ಉದಾ. ವಾಸಿಸುವ
a moment	ಒಂದು ಕ್ಷಣ
a moment; an instant	ಒಂದು ಕ್ಷಣ; ಒಂದು ಕ್ಷಣ
a moot point	ಒಂದು ಪ್ರಮುಖ ಅಂಶ
a part	ಒಂದು ಭಾಗ
a patient	ಒಬ್ಬ ರೋಗಿ
a region; a zone; the whole place	ಒಂದು ಪ್ರದೇಶ; ಒಂದು ವಲಯ; ಇಡೀ ಸ್ಥಳ
a rest	ಒಂದು ವಿಶ್ರಾಂತಿ
a series; a chain; a ream (of paper)	ಒಂದು ಸರಣಿ; ಒಂದು ಸರಪಳಿ; ಒಂದು ರೀಮ್ (ಕಾಗದದ)
a sigh	ಒಂದು ನಿಟ್ಟುಸಿರು
a snack	ಒಂದು ತಿಂಡಿ
a soliloquy; a monologue; speaking to oneself	ಒಂದು ಸ್ವಗತ; ಒಂದು ಸ್ವಗತ; ತನ್ನಷ್ಟಕ್ಕೆ ತಾನೇ ಮಾತನಾಡಿಕೊಳ್ಳುವುದು
a space	ಒಂದು ಜಾಗ
a species; a kind; a variety	ಒಂದು ಜಾತಿ; ಒಂದು ರೀತಿಯ; ಒಂದು ವೈವಿಧ್ಯ
a vase	ಒಂದು ಹೂದಾನಿ
a.m. / morning	a.m. / ಬೆಳಿಗ್ಗೆ
abacus	ಅಬ್ಯಾಕಸ್
abandon	ತ್ಯಜಿಸು
abatement	ತಗ್ಗಿಸುವಿಕೆ
abdomen; belly; stomach	ಹೊಟ್ಟೆ; ಹೊಟ್ಟೆ; ಹೊಟ್ಟೆ
ability	ಸಾಮರ್ಥ್ಯ
ability; efficiency	ಸಾಮರ್ಥ್ಯ; ದಕ್ಷತೆ
ability; faculty	ಸಾಮರ್ಥ್ಯ; ಅಧ್ಯಾಪಕರು
able	ಸಾಧ್ಯವಾಗುತ್ತದೆ
able; capable; efficient; skill	ಸಾಧ್ಯವಾಗುತ್ತದೆ; ಸಮರ್ಥ; ಸಮರ್ಥ; ಕೌಶಲ್ಯ
abolish	ರದ್ದುಪಡಿಸಿ
abolition	ನಿರ್ಮೂಲನೆ
abortion	ಗರ್ಭಪಾತ
about	ಸುಮಾರು
about (approximate measurement)	ಸುಮಾರು (ಅಂದಾಜು ಅಳತೆ)
about / roughly	ಸುಮಾರು / ಸರಿಸುಮಾರು
about how much	ಎಷ್ಟು ಬಗ್ಗೆ
about this much	ಈ ಬಗ್ಗೆ ಹೆಚ್ಚು
about; roughly; as a rule; approximately	ಸುಮಾರು; ಸ್ಥೂಲವಾಗಿ; ನಿಯಮದಂತೆ; ಸರಿಸುಮಾರು
above	ಮೇಲೆ
abroad	ವಿದೇಶದಲ್ಲಿ
abruptly; suddenly; unexpectedly; all at once	ಥಟ್ಟನೆ; ಇದ್ದಕ್ಕಿದ್ದಂತೆ; ಅನಿರೀಕ್ಷಿತವಾಗಿ; ಒಂದೇ ಬಾರಿಗೆ
absence	ಅನುಪಸ್ಥಿತಿ
absence without notice	ಸೂಚನೆ ಇಲ್ಲದೆ ಅನುಪಸ್ಥಿತಿ
absence; non-attendance	ಅನುಪಸ್ಥಿತಿ; ಹಾಜರಾಗದಿರುವುದು
absence; not at home	ಅನುಪಸ್ಥಿತಿ; ಮನೆಯಲ್ಲಿ ಅಲ್ಲ
absent	ಗೈರು
absentmindedly	ವ್ಯತಿರಿಕ್ತವಾಗಿ
absolute	ಸಂಪೂರ್ಣ
absolute; unconditional; absoluteness	ಸಂಪೂರ್ಣ; ಷರತ್ತುರಹಿತ; ಸಂಪೂರ್ಣತೆ
absolutely	ಸಂಪೂರ್ಣವಾಗಿ
absorb	ಹೀರಿಕೊಳ್ಳುತ್ತವೆ
absorption; suction; attraction	ಹೀರಿಕೊಳ್ಳುವಿಕೆ; ಹೀರುವಿಕೆ; ಆಕರ್ಷಣೆ
abstain from voting; renunciation of a right	ಮತದಾನದಿಂದ ದೂರವಿರಿ; ಹಕ್ಕನ್ನು ತ್ಯಜಿಸುವುದು
abstract	ಅಮೂರ್ತ
absurd	ಅಸಂಬದ್ಧ
abundance	ಸಮೃದ್ಧಿ
abundance; wealth; plenty; bounty	ಸಮೃದ್ಧಿ; ಸಂಪತ್ತು; ಸಾಕಷ್ಟು; ವರದಾನ
abundant; wealthy; plentiful; rich	ಹೇರಳವಾಗಿ; ಶ್ರೀಮಂತ; ಹೇರಳವಾಗಿ; ಶ್ರೀಮಂತ
abuse	ನಿಂದನೆ
abuse; insult; slander; evil speaking	ನಿಂದನೆ; ಅವಮಾನ; ನಿಂದೆ; ಕೆಟ್ಟ ಮಾತನಾಡುವ
academic	ಶೈಕ್ಷಣಿಕ
academic background	ಶೈಕ್ಷಣಿಕ ಹಿನ್ನೆಲೆ
academy	ಅಕಾಡೆಮಿ
accelerate	ವೇಗವನ್ನು
acceleration	ವೇಗವರ್ಧನೆ
accent	ಉಚ್ಚಾರಣೆ
accept	ಸ್ವೀಕರಿಸಿ
acceptable	ಸ್ವೀಕಾರಾರ್ಹ
acceptance	ಸ್ವೀಕಾರ
access	ಪ್ರವೇಶ
accessible	ಪ್ರವೇಶಿಸಬಹುದಾಗಿದೆ
accident	ಅಪಘಾತ
accidentally	ಆಕಸ್ಮಿಕವಾಗಿ
accommodate	ಅವಕಾಶ ಕಲ್ಪಿಸಿಕೊಡುತ್ತವೆ
accommodation	ವಸತಿ
accompany	ಜೊತೆಯಲ್ಲಿ
accomplish	ಸಾಧಿಸಲು
accomplishment	ಸಾಧನೆ
accordance	ಅನುಗುಣವಾಗಿ
according to	ಪ್ರಕಾರ
according to ...	ಪ್ರಕಾರ ...
accordingly	ಅದರಂತೆ
account	ಖಾತೆ
account for	ಖಾತೆಗೆ
account; finance; accountant	ಖಾತೆ; ಹಣಕಾಸು; ಲೆಕ್ಕಿಗ
accountability	ಹೊಣೆಗಾರಿಕೆ
accountable	ಜವಾಬ್ದಾರಿಯುತ
accountant	ಲೆಕ್ಕಿಗ
accounting	ಲೆಕ್ಕಪತ್ರ ನಿರ್ವಹಣೆ
accumulate	ಸಂಗ್ರಹಿಸುತ್ತವೆ
accumulation	ಶೇಖರಣೆ
accuracy	ನಿಖರತೆ
accurate	ನಿಖರ
accurate; punctuality; exactness; authenticity; veracity	ನಿಖರವಾದ; ಸಮಯಪಾಲನೆ; ನಿಖರತೆ; ಸತ್ಯಾಸತ್ಯತೆ; ಸತ್ಯಾಸತ್ಯತೆ
accurately	ನಿಖರವಾಗಿ
accusation	ಆರೋಪ
accuse	ಆರೋಪಿಸುತ್ತಾರೆ
accused	ಆರೋಪಿಸಿದ್ದಾರೆ
achieve	ಸಾಧಿಸುತ್ತಾರೆ
achievement	ಸಾಧನೆ
achievement; performance; results; work; contribution	ಸಾಧನೆ; ಕಾರ್ಯಕ್ಷಮತೆ; ಫಲಿತಾಂಶಗಳು; ಕೆಲಸ; ಕೊಡುಗೆ
achievements; actual results	ಸಾಧನೆಗಳು; ನಿಜವಾದ ಫಲಿತಾಂಶಗಳು
achievements; merit; meritorious service; meritorious deed	ಸಾಧನೆಗಳು; ಅರ್ಹತೆ; ಸಾರ್ಥಕ ಸೇವೆ; ಪುಣ್ಯ ಕಾರ್ಯ
acid	ಆಮ್ಲ
acidity	ಆಮ್ಲೀಯತೆ
acknowledge	ಅಂಗೀಕರಿಸು
acquaintance	ಪರಿಚಯ
acquire	ಸ್ವಾಧೀನಪಡಿಸಿಕೊಳ್ಳುತ್ತಾರೆ
acquisition	ಸ್ವಾಧೀನಪಡಿಸಿಕೊಳ್ಳುವಿಕೆ
acquisition; possession	ಸ್ವಾಧೀನಪಡಿಸಿಕೊಳ್ಳುವಿಕೆ; ಸ್ವಾಧೀನ
acre	ಎಕರೆ
across	ಅಡ್ಡಲಾಗಿ
act	ಕಾರ್ಯ
acting; performance	ನಟನೆ; ಪ್ರದರ್ಶನ
action	ಕ್ರಮ
action; activity	ಕ್ರಿಯೆ; ಚಟುವಟಿಕೆ
action; conduct; behaviour; mobilization	ಕ್ರಿಯೆ; ನಡವಳಿಕೆ; ನಡವಳಿಕೆ; ಸಜ್ಜುಗೊಳಿಸುವಿಕೆ
action; movements; motions; bearing; behaviour; manners	ಕ್ರಿಯೆ; ಚಲನೆಗಳು; ಚಲನೆಗಳು; ಬೇರಿಂಗ್; ನಡವಳಿಕೆ; ಶಿಷ್ಟಾಚಾರ
activate	ಸಕ್ರಿಯಗೊಳಿಸಿ
activation	ಸಕ್ರಿಯಗೊಳಿಸುವಿಕೆ
active	ಸಕ್ರಿಯ
activist	ಕಾರ್ಯಕರ್ತ
activity	ಚಟುವಟಿಕೆ
actor	ನಟ
actor; actress	ನಟ; ನಟಿ
actor; actress; player; performer	ನಟ; ನಟಿ; ಆಟಗಾರ; ಪ್ರದರ್ಶಕ
actress	ನಟಿ
actual	ನಿಜವಾದ
actual place; local	ನಿಜವಾದ ಸ್ಥಳ; ಸ್ಥಳೀಯ
actual spot; scene; scene of the crime	ನಿಜವಾದ ಸ್ಥಳ; ದೃಶ್ಯ; ಅಪರಾಧದ ದೃಶ್ಯ
actually	ವಾಸ್ತವವಾಗಿ
actually; really	ವಾಸ್ತವವಾಗಿ; ನಿಜವಾಗಿಯೂ
acute	ತೀವ್ರ
ad	ಜಾಹೀರಾತು
adapt	ಹೊಂದಿಕೊಳ್ಳುತ್ತವೆ
adaptation	ರೂಪಾಂತರ
adapting to circumstances	ಸಂದರ್ಭಗಳಿಗೆ ಹೊಂದಿಕೊಳ್ಳುವುದು
add	ಸೇರಿಸಿ
addiction	ಚಟ
addition	ಜೊತೆಗೆ
addition and subtraction; allowance for	ಸಂಕಲನ ಮತ್ತು ವ್ಯವಕಲನ; ಭತ್ಯೆ
addition; supplement; appendix	ಸೇರ್ಪಡೆ; ಪೂರಕ; ಅನುಬಂಧ
additional	ಹೆಚ್ಚುವರಿ
additionally	ಹೆಚ್ಚುವರಿಯಾಗಿ
address	ವಿಳಾಸ
address; direction	ವಿಳಾಸ; ನಿರ್ದೇಶನ
addressed to	ಗೆ ಉದ್ದೇಶಿಸಲಾಗಿದೆ
adequate	ಸಮರ್ಪಕ
adequately	ಸಮರ್ಪಕವಾಗಿ
adhere	ಅಂಟಿಕೊಳ್ಳುತ್ತವೆ
adjacent	ಪಕ್ಕದ
adjectival noun; quasi-adjective	ವಿಶೇಷಣ ನಾಮಪದ; ಅರೆ-ವಿಶೇಷಣ
adjudicate	ತೀರ್ಪು ನೀಡಿ
adjust	ಸರಿಹೊಂದಿಸಿ
adjustment	ಹೊಂದಾಣಿಕೆ
adjustment; completion; consolidation	ಹೊಂದಾಣಿಕೆ; ಪೂರ್ಣಗೊಳಿಸುವಿಕೆ; ಬಲವರ್ಧನೆ
administer	ಆಡಳಿತ
administration	ಆಡಳಿತ
administrative	ಆಡಳಿತಾತ್ಮಕ
administrator	ನಿರ್ವಾಹಕ
admiration; Well done!	ಅಭಿಮಾನ; ಚೆನ್ನಾಗಿದೆ!
admire	ಅಚ್ಚುಮೆಚ್ಚು
admission	ಪ್ರವೇಶ
admission-paid; toll	ಪ್ರವೇಶ-ಪಾವತಿ; ಸುಂಕ
admit	ಒಪ್ಪಿಕೊಳ್ಳಿ
admittedly	ಒಪ್ಪಿಕೊಂಡಿದ್ದಾರೆ
adolescent	ಹರೆಯದ
adopt	ಅಳವಡಿಸಿಕೊಳ್ಳುತ್ತಾರೆ
adoption	ದತ್ತು
adroit	ಚಾಣಾಕ್ಷ
adult	ವಯಸ್ಕ
advance	ಮುನ್ನಡೆ
advance; drive; progress	ಮುಂಗಡ; ಚಾಲನೆ; ಪ್ರಗತಿ
advanced	ಮುಂದುವರಿದ
advanced level; high grade; senior	ಮುಂದುವರಿದ ಮಟ್ಟ; ಉನ್ನತ ದರ್ಜೆಯ; ಹಿರಿಯ
advantage	ಅನುಕೂಲ
advantageous; better; profitable; lucrative	ಅನುಕೂಲಕರ; ಉತ್ತಮ; ಲಾಭದಾಯಕ; ಲಾಭದಾಯಕ
advantages and disadvantages; interest	ಅನುಕೂಲಗಳು ಮತ್ತು ಅನಾನುಕೂಲಗಳು; ಆಸಕ್ತಿ
adventure	ಸಾಹಸ
adverb	ಕ್ರಿಯಾವಿಶೇಷಣ
adverse	ಪ್ರತಿಕೂಲ
advertise	ಜಾಹೀರಾತು
advertisement	ಜಾಹೀರಾತು
advertising	ಜಾಹೀರಾತು
advice	ಸಲಹೆ
advice; counsel; remonstrance; recommendation	ಸಲಹೆ; ಸಲಹೆಗಾರ; ಮರುಜ್ಞಾಪನ; ಶಿಫಾರಸು
advise	ಸಲಹೆ
advocate	ವಕೀಲ
aerial; overhead; fiction; fanciful	ವೈಮಾನಿಕ; ಓವರ್ಹೆಡ್; ಕಾದಂಬರಿ; ಕಾಲ್ಪನಿಕ
aeroplane	ವಿಮಾನ
aesthetic	ಸೌಂದರ್ಯದ
affair	ಸಂಬಂಧ
affect	ಪರಿಣಾಮ ಬೀರುತ್ತವೆ
affectation; conceit; snobbery	ಬಾಧೆ; ಅಹಂಕಾರ; ಸ್ನೋಬರಿ
affection	ವಾತ್ಸಲ್ಯ
affiliation	ಬಾಂಧವ್ಯ
affirmation; confirmation	ದೃಢೀಕರಣ; ದೃಢೀಕರಣ
afford	ನಿಭಾಯಿಸುತ್ತೇನೆ
affordable	ಕೈಗೆಟುಕುವ
afraid	ಹೆದರುತ್ತಾರೆ
after	ನಂತರ
after (an event)	ನಂತರ (ಒಂದು ಘಟನೆ)
after a long time	ಬಹಳ ಸಮಯದ ನಂತರ
after all	ಎಲ್ಲಾ ನಂತರ
after all; eventually	ಎಲ್ಲಾ ನಂತರ; ಅಂತಿಮವಾಗಿ
after that	ಅದರ ನಂತರ
after this; from now on; hereafter; thereafter	ಇದರ ನಂತರ; ಇನ್ನು ಮುಂದೆ; ಮುಂದೆ; ಅದರ ನಂತರ
aftermath	ನಂತರದ ಪರಿಣಾಮ
afternoon	ಮಧ್ಯಾಹ್ನ
afterwards	ನಂತರ
afterwards; since then; in the future	ನಂತರ; ಅಂದಿನಿಂದ; ಭವಿಷ್ಯದಲ್ಲಿ
again	ಮತ್ತೆ
again and again; repeatedly	ಮತ್ತೆ ಮತ್ತೆ; ಪದೇ ಪದೇ
again; and	ಮತ್ತೆ; ಮತ್ತು
again; once more; a second time	ಮತ್ತೆ; ಮತ್ತೊಮ್ಮೆ; ಎರಡನೇ ಬಾರಿ
against	ವಿರುದ್ಧ
age	ವಯಸ್ಸು
age; era; period; date	ವಯಸ್ಸು; ಯುಗ; ಅವಧಿ; ದಿನಾಂಕ
age; years	ವಯಸ್ಸು; ವರ್ಷಗಳು
aged	ವಯಸ್ಸಾದ
agency	ಸಂಸ್ಥೆ
agenda	ಕಾರ್ಯಸೂಚಿ
agent	ಏಜೆಂಟ್
aggression	ಆಕ್ರಮಣಶೀಲತೆ
aggressive	ಆಕ್ರಮಣಕಾರಿ
ago	ಹಿಂದೆ
ago; since; before; previous	ಹಿಂದೆ; ಅಂದಿನಿಂದ; ಮೊದಲು; ಹಿಂದಿನ
agree	ಒಪ್ಪುತ್ತೇನೆ
agreement	ಒಪ್ಪಂದ
agreement; rules; code	ಒಪ್ಪಂದ; ನಿಯಮಗಳು; ಕೋಡ್
agricultural	ಕೃಷಿ
agricultural chemicals	ಕೃಷಿ ರಾಸಾಯನಿಕಗಳು
agricultural community; farm village; rural	ಕೃಷಿ ಸಮುದಾಯ; ಕೃಷಿ ಗ್ರಾಮ; ಗ್ರಾಮೀಣ
agricultural produce	ಕೃಷಿ ಉತ್ಪನ್ನಗಳು
agriculture	ಕೃಷಿ
ah	ಆಹ್
ahead	ಮುಂದೆ
aid	ನೆರವು
aid / assistance	ನೆರವು / ನೆರವು
aid; assistance; help; reinforcement	ನೆರವು; ನೆರವು; ಸಹಾಯ; ಬಲವರ್ಧನೆ
aide	ಸಹಾಯಕ
aim	ಗುರಿ
air	ಗಾಳಿ
air conditioner	ಏರ್ ಕಂಡಿಷನರ್
air conditioning	ಹವಾನಿಯಂತ್ರಣ
air; atmosphere	ಗಾಳಿ; ವಾತಾವರಣ
aircraft	ವಿಮಾನ
airline	ವಿಮಾನಯಾನ
airplane	ವಿಮಾನ
airport	ವಿಮಾನ ನಿಲ್ದಾಣ
alarm	ಎಚ್ಚರಿಕೆ
alarm clock	ಎಚ್ಚರಿಕೆಯ ಗಡಿಯಾರ
albeit	ಆದರೂ
album	ಆಲ್ಬಮ್
alcohol	ಮದ್ಯ
alcohol / sake	ಮದ್ಯ / ಸಲುವಾಗಿ
alcohol; rice wine	ಮದ್ಯ; ಅಕ್ಕಿ ವೈನ್
alcohol; sake	ಮದ್ಯ; ಸಲುವಾಗಿ
alcoholic	ಆಲ್ಕೊಹಾಲ್ಯುಕ್ತ
alcove	ಅಲ್ಕೋವ್
alert	ಎಚ್ಚರಿಕೆ
alien	ಅನ್ಯಲೋಕದ
alighting; getting off	ಇಳಿಯುವುದು; ಇಳಿಯುತ್ತಿದೆ
align	ಜೋಡಿಸು
alignment	ಜೋಡಣೆ
alike	ಸಮಾನವಾಗಿ
alive	ಜೀವಂತವಾಗಿದೆ
all	ಎಲ್ಲಾ
all (of the people) together	ಎಲ್ಲಾ (ಜನರ) ಒಟ್ಟಿಗೆ
all at once	ಒಂದೇ ಬಾರಿಗೆ
all day long	ಇಡೀ ದಿನ
all members (unanimity); all hands; the whole crew	ಎಲ್ಲಾ ಸದಸ್ಯರು (ಏಕಸಮ್ಮತ); ಎಲ್ಲಾ ಕೈಗಳು; ಇಡೀ ಸಿಬ್ಬಂದಿ
all night; all night vigil; sleepless night	ಎಲ್ಲಾ ರಾತ್ರಿ; ರಾತ್ರಿಯೆಲ್ಲ ಜಾಗರಣೆ; ನಿದ್ದೆಯಿಲ್ಲದ ರಾತ್ರಿ
all of you (respect)	ನೀವೆಲ್ಲರೂ (ಗೌರವ)
all over; given in; given up hope; bring to knees	ಎಲ್ಲಾ ಮೇಲೆ; ನೀಡಲಾಗಿದೆ; ಭರವಸೆ ಬಿಟ್ಟುಕೊಟ್ಟರು; ಮಂಡಿಗೆ ತನ್ನಿ
all present; all concerned; all of us	ಎಲ್ಲಾ ಪ್ರಸ್ತುತ; ಎಲ್ಲಾ ಸಂಬಂಧಪಟ್ಟ; ನಾವೆಲ್ಲರೂ
all right	ಸರಿ
all together; batch; one lump; one bundle; summing up	ಎಲ್ಲಾ ಒಟ್ಟಿಗೆ; ಬ್ಯಾಚ್; ಒಂದು ಉಂಡೆ; ಒಂದು ಬಂಡಲ್; ಸಾರಾಂಶ
all; entirely; completely; without exception	ಎಲ್ಲಾ; ಸಂಪೂರ್ಣವಾಗಿ; ಸಂಪೂರ್ಣವಾಗಿ; ವಿನಾಯಿತಿ ಇಲ್ಲದೆ
all; everyone; everybody	ಎಲ್ಲಾ; ಎಲ್ಲರೂ; ಎಲ್ಲರೂ
all; everything; without exception; the whole; entirely; absolutely	ಎಲ್ಲಾ; ಎಲ್ಲವೂ; ವಿನಾಯಿತಿ ಇಲ್ಲದೆ; ಸಂಪೂರ್ಣ; ಸಂಪೂರ್ಣವಾಗಿ; ಸಂಪೂರ್ಣವಾಗಿ
all; the whole; entirely; in general; wholly	ಎಲ್ಲಾ; ಸಂಪೂರ್ಣ; ಸಂಪೂರ್ಣವಾಗಿ; ಸಾಮಾನ್ಯವಾಗಿ; ಸಂಪೂರ್ಣವಾಗಿ
all; whole; entire; complete; overall; pan	ಎಲ್ಲಾ; ಸಂಪೂರ್ಣ; ಸಂಪೂರ್ಣ; ಸಂಪೂರ್ಣ; ಒಟ್ಟಾರೆ; ಪ್ಯಾನ್
allegation	ಆರೋಪ
allege	ಆರೋಪಿಸುತ್ತಾರೆ
allegedly	ಆರೋಪಿಸಲಾಗಿದೆ
alliance	ಮೈತ್ರಿ
allocate	ನಿಯೋಜಿಸಿ
allocation	ಹಂಚಿಕೆ
allotment; assignment; allocation; quota; rationing	ಹಂಚಿಕೆ; ನಿಯೋಜನೆ; ಹಂಚಿಕೆ; ಕೋಟಾ; ಪಡಿತರ
allow	ಅವಕಾಶ
allowance	ಭತ್ಯೆ
allowance; grant; supply	ಭತ್ಯೆ; ಅನುದಾನ; ಪೂರೈಕೆ
allude	ಸೂಚಿಸು
ally	ಮಿತ್ರ
almost	ಬಹುತೇಕ
almost / hardly	ಬಹುತೇಕ / ಅಷ್ಟೇನೂ
alone	ಒಬ್ಬಂಟಿಯಾಗಿ
alone; unmarried	ಏಕಾಂಗಿಯಾಗಿ; ಅವಿವಾಹಿತ
along	ಜೊತೆಗೆ
along railway line	ರೈಲು ಮಾರ್ಗದ ಉದ್ದಕ್ಕೂ
along the lines of	ರೇಖೆಗಳ ಉದ್ದಕ್ಕೂ
along with	ಜೊತೆಗೆ
alongside	ಜೊತೆಗೆ
already	ಈಗಾಗಲೇ
already; too late	ಈಗಾಗಲೇ; ತುಂಬಾ ತಡವಾಗಿ
also	ಸಹ
alter	ಬದಲಾಯಿಸು
alternating current; intercourse; (cultural) exchange; intermingling	ಪರ್ಯಾಯ ಪ್ರವಾಹ; ಸಂಭೋಗ; (ಸಾಂಸ್ಕೃತಿಕ) ವಿನಿಮಯ; ಬೆರೆಯುವುದು
alternation; change; relief; relay; shift	ಪರ್ಯಾಯ; ಬದಲಾವಣೆ; ಪರಿಹಾರ; ರಿಲೇ; ಶಿಫ್ಟ್
alternative	ಪರ್ಯಾಯ
alternatively	ಪರ್ಯಾಯವಾಗಿ
although	ಆದರೂ
altitude; height; advanced	ಎತ್ತರ; ಎತ್ತರ; ಮುಂದುವರಿದ
altogether	ಒಟ್ಟಾರೆಯಾಗಿ
aluminium	ಅಲ್ಯೂಮಿನಿಯಂ
always	ಯಾವಾಗಲೂ
always hitting the mark	ಯಾವಾಗಲೂ ಗುರುತು ಹೊಡೆಯುವುದು
always; constantly	ಯಾವಾಗಲೂ; ನಿರಂತರವಾಗಿ
always; usually; every time; never (with neg. verb)	ಯಾವಾಗಲೂ; ಸಾಮಾನ್ಯವಾಗಿ; ಪ್ರತಿ ಬಾರಿ; ಎಂದಿಗೂ (neg. ಕ್ರಿಯಾಪದದೊಂದಿಗೆ)
amalgamate	ಸಂಯೋಜಿಸು
amateur	ಹವ್ಯಾಸಿ
amateur; novice	ಹವ್ಯಾಸಿ; ಅನನುಭವಿ
amazed	ಆಶ್ಚರ್ಯಚಕಿತನಾದ
amazing	ಅದ್ಭುತ
amazing / great	ಅದ್ಭುತ / ಅದ್ಭುತ
ambassador	ರಾಯಭಾರಿ
ambiguous	ಅಸ್ಪಷ್ಟ
ambition	ಮಹತ್ವಾಕಾಂಕ್ಷೆ
ambitious	ಮಹತ್ವಾಕಾಂಕ್ಷೆಯ
ambulance	ಆಂಬ್ಯುಲೆನ್ಸ್
amend	ತಿದ್ದುಪಡಿ ಮಾಡಿ
amendment	ತಿದ್ದುಪಡಿ
amendment; correction; revision; modification	ತಿದ್ದುಪಡಿ; ತಿದ್ದುಪಡಿ; ಪರಿಷ್ಕರಣೆ; ಮಾರ್ಪಾಡು
amid	ಮಧ್ಯೆ
among	ನಡುವೆ
among them	ಅವರಲ್ಲಿ
amount	ಮೊತ್ತ
amount of money	ಹಣದ ಮೊತ್ತ
amount sold; proceeds	ಮಾರಾಟವಾದ ಮೊತ್ತ; ಮುಂದುವರೆಯುತ್ತದೆ
amount; quantity	ಮೊತ್ತ; ಪ್ರಮಾಣ
amusement park	ಅಮ್ಯೂಸ್ಮೆಂಟ್ ಪಾರ್ಕ್
amusing	ರಂಜನೀಯ
an address; a residence	ಒಂದು ವಿಳಾಸ; ಒಂದು ನಿವಾಸ
an encounter	ಒಂದು ಎನ್ಕೌಂಟರ್
an end; a stop; punctuation	ಒಂದು ಅಂತ್ಯ; ಒಂದು ನಿಲುಗಡೆ; ವಿರಾಮಚಿಹ್ನೆ
an individual	ಒಬ್ಬ ವ್ಯಕ್ತಿ
an interest	ಒಂದು ಆಸಕ್ತಿ
analogy	ಸಾದೃಶ್ಯ
analyse	ವಿಶ್ಲೇಷಿಸಿ
analysis	ವಿಶ್ಲೇಷಣೆ
analysis; disassembly	ವಿಶ್ಲೇಷಣೆ; ಡಿಸ್ಅಸೆಂಬಲ್
analyst	ವಿಶ್ಲೇಷಕ
analyze	ವಿಶ್ಲೇಷಿಸಿ
ancestor	ಪೂರ್ವಜ
anchor	ಆಧಾರ
ancient	ಪ್ರಾಚೀನ
ancient times	ಪ್ರಾಚೀನ ಕಾಲ
and	ಮತ್ತು
and (formal)	ಮತ್ತು (ಔಪಚಾರಿಕ)
and (very formal)	ಮತ್ತು (ಬಹಳ ಔಪಚಾರಿಕ)
and Company; Messrs.	ಮತ್ತು ಕಂಪನಿ; ಮೆಸರ್ಸ್
and by extension	ಮತ್ತು ವಿಸ್ತರಣೆಯ ಮೂಲಕ
and so	ಮತ್ತು ಹೀಗೆ
and so on; and so forth; comment	ಮತ್ತು ಹೀಗೆ; ಮತ್ತು ಇತ್ಯಾದಿ; ಕಾಮೆಂಟ್
and then	ತದನಂತರ
and; as well as	ಮತ್ತು; ಹಾಗೆಯೇ
angel	ದೇವತೆ
anger	ಕೋಪ
angle	ಕೋನ
angrily	ಕೋಪದಿಂದ
angry	ಕೋಪಗೊಂಡ
animal	ಪ್ರಾಣಿ
animal noise. to chirp; roar or croak etc.	ಪ್ರಾಣಿಗಳ ಶಬ್ದ. ಚಿಲಿಪಿಲಿ ಮಾಡಲು; ಘರ್ಜನೆ ಅಥವಾ ಕೂಗು ಇತ್ಯಾದಿ.
animation	ಅನಿಮೇಷನ್
anime	ಅನಿಮೆ
ankle	ಪಾದದ
anniversary	ವಾರ್ಷಿಕೋತ್ಸವ
annotation; explanatory note	ಟಿಪ್ಪಣಿ; ವಿವರಣಾತ್ಮಕ ಟಿಪ್ಪಣಿ
announce	ಘೋಷಿಸುತ್ತಾರೆ
announcement	ಘೋಷಣೆ
announcement / presentation	ಪ್ರಕಟಣೆ / ಪ್ರಸ್ತುತಿ
announcement; publication	ಘೋಷಣೆ; ಪ್ರಕಟಣೆ
annoy	ಕಿರಿಕಿರಿ
annoyed	ಸಿಟ್ಟಾದ
annoying	ಕಿರಿಕಿರಿ
annual	ವಾರ್ಷಿಕ
annually	ವಾರ್ಷಿಕವಾಗಿ
anonymous	ಅನಾಮಧೇಯ
another	ಇನ್ನೊಂದು
another person; unrelated person; outsider; stranger	ಇನ್ನೊಬ್ಬ ವ್ಯಕ್ತಿ; ಸಂಬಂಧವಿಲ್ಲದ ವ್ಯಕ್ತಿ; ಹೊರಗಿನವನು; ಅಪರಿಚಿತ
another place; somewhere else; strange parts	ಮತ್ತೊಂದು ಸ್ಥಳ; ಬೇರೆಲ್ಲೋ; ವಿಚಿತ್ರ ಭಾಗಗಳು
another time; again; over again; anew; formally	ಇನ್ನೊಂದು ಬಾರಿ; ಮತ್ತೆ; ಮತ್ತೆ; ಹೊಸದಾಗಿ; ಔಪಚಾರಿಕವಾಗಿ
answer	ಉತ್ತರ
answer; solution	ಉತ್ತರ; ಪರಿಹಾರ
answering machine	ಉತ್ತರಿಸುವ ಯಂತ್ರ
ant	ಇರುವೆ
anthropology	ಮಾನವಶಾಸ್ತ್ರ
anticipate	ನಿರೀಕ್ಷಿಸಿ
antiquity; ancient times	ಪ್ರಾಚೀನತೆ; ಪ್ರಾಚೀನ ಕಾಲ
anxiety	ಆತಂಕ
anxiety; uneasiness; insecurity; suspense	ಆತಂಕ; ಅಶಾಂತಿ; ಅಭದ್ರತೆ; ಸಸ್ಪೆನ್ಸ್
anxious	ಆತಂಕದಿಂದ
any	ಯಾವುದೇ
any more	ಯಾವುದೇ ಹೆಚ್ಚು
any unclear points	ಯಾವುದೇ ಅಸ್ಪಷ್ಟ ಅಂಕಗಳು
any; anything; whatever	ಯಾವುದೇ; ಏನು; ಏನೇ ಇರಲಿ
anybody	ಯಾರಾದರೂ
anyhow; anyway	ಹೇಗಾದರೂ; ಹೇಗಾದರೂ
anyone	ಯಾರಾದರೂ
anything	ಏನು
anything of; not one bit	ಯಾವುದಾದರೂ; ಒಂದು ಬಿಟ್ ಅಲ್ಲ
anyway	ಹೇಗಾದರೂ
anyway / in any case	ಹೇಗಾದರೂ / ಯಾವುದೇ ಸಂದರ್ಭದಲ್ಲಿ
anywhere	ಎಲ್ಲಿಯಾದರೂ
apart	ಹೊರತುಪಡಿಸಿ
apartment	ಅಪಾರ್ಟ್ಮೆಂಟ್
apologize	ಕ್ಷಮೆಯಾಚಿಸಿ
apology	ಕ್ಷಮೆಯಾಚನೆ
apology; excuse	ಕ್ಷಮೆಯಾಚನೆ; ಕ್ಷಮಿಸಿ
app	ಅಪ್ಲಿಕೇಶನ್
apparatus	ಉಪಕರಣ
apparent	ಸ್ಪಷ್ಟ
apparently	ಸ್ಪಷ್ಟವಾಗಿ
appeal	ಮನವಿ
appealing	ಮನವಿ
appear	ಕಾಣಿಸಿಕೊಳ್ಳುತ್ತವೆ
appearance	ಕಾಣಿಸಿಕೊಂಡ
appearance (e.g. article in paper)	ಗೋಚರತೆ (ಉದಾ. ಕಾಗದದ ಲೇಖನ)
appearance; exterior; facade	ನೋಟ; ಬಾಹ್ಯ; ಮುಂಭಾಗ
appetite	ಹಸಿವು
appetite (for food)	ಹಸಿವು (ಆಹಾರಕ್ಕಾಗಿ)
applaud	ಚಪ್ಪಾಳೆ ತಟ್ಟುತ್ತಾರೆ
apple	ಸೇಬು
applicable	ಅನ್ವಯಿಸುತ್ತದೆ
applicant	ಅರ್ಜಿದಾರ
application	ಅಪ್ಲಿಕೇಶನ್
application (of rule)	ಅಪ್ಲಿಕೇಶನ್ (ನಿಯಮ)
application form	ಅರ್ಜಿ ನಮೂನೆ
application; put to practical use	ಅಪ್ಲಿಕೇಶನ್; ಪ್ರಾಯೋಗಿಕ ಬಳಕೆಗೆ
application; request; petition	ಅಪ್ಲಿಕೇಶನ್; ವಿನಂತಿ; ಮನವಿ
apply	ಅನ್ವಯಿಸು
applying	ಅರ್ಜಿ ಸಲ್ಲಿಸುತ್ತಿದೆ
appoint	ನೇಮಕ
appointed day; very day	ನಿಗದಿತ ದಿನ; ಬಹಳ ದಿನ
appointment	ನೇಮಕಾತಿ
appreciate	ಪ್ರಶಂಸಿಸುತ್ತೇವೆ
appreciation	ಮೆಚ್ಚುಗೆ
approach	ಅನುಸಂಧಾನ
appropriate	ಸೂಕ್ತ
appropriately	ಸೂಕ್ತವಾಗಿ
approval	ಅನುಮೋದನೆ
approval; adoption (e.g. motion; bill); passage	ಅನುಮೋದನೆ; ದತ್ತು (ಉದಾ. ಚಲನೆ; ಮಸೂದೆ); ಅಂಗೀಕಾರ
approval; agreement; support; favour	ಅನುಮೋದನೆ; ಒಪ್ಪಂದ; ಬೆಂಬಲ; ಪರವಾಗಿ
approve	ಅನುಮೋದಿಸಿ
approximately	ಸರಿಸುಮಾರು
approximately; about; some	ಸರಿಸುಮಾರು; ಸುಮಾರು; ಕೆಲವು
apron	ನೆಲಗಟ್ಟಿನ
aquarium	ಅಕ್ವೇರಿಯಂ
arable land	ಕೃಷಿಯೋಗ್ಯ ಭೂಮಿ
arbitrary	ನಿರಂಕುಶ
arcade	ಆರ್ಕೇಡ್
architect	ವಾಸ್ತುಶಿಲ್ಪಿ
architectural	ವಾಸ್ತುಶಿಲ್ಪೀಯ
architecture	ವಾಸ್ತುಶಿಲ್ಪ
archive	ಆರ್ಕೈವ್
arduous	ಪ್ರಯಾಸಕರ
are you okay?	ನೀನು ಚೆನ್ನಾಗಿದ್ದೀಯಾ?
area	ಪ್ರದೇಶ
area; locality; district; region; the coast	ಪ್ರದೇಶ; ಸ್ಥಳೀಯತೆ; ಜಿಲ್ಲೆ; ಪ್ರದೇಶ; ಕರಾವಳಿ
area; region	ಪ್ರದೇಶ; ಪ್ರದೇಶ
area; zone	ಪ್ರದೇಶ; ವಲಯ
arena	ಅಖಾಡ
arguably	ವಾದಯೋಗ್ಯವಾಗಿ
argue	ವಾದಿಸುತ್ತಾರೆ
argument	ವಾದ
argument; discussion; dispute	ವಾದ; ಚರ್ಚೆ; ವಿವಾದ
arise	ಹುಟ್ಟಿಕೊಳ್ಳುತ್ತವೆ
arithmetic	ಅಂಕಗಣಿತ
arm	ತೋಳು
armaments; military preparations	ಶಸ್ತ್ರಾಸ್ತ್ರಗಳು; ಮಿಲಿಟರಿ ಸಿದ್ಧತೆಗಳು
armed	ಶಸ್ತ್ರಸಜ್ಜಿತ
arms	ತೋಳುಗಳು
army	ಸೈನ್ಯ
army; force; troops	ಸೈನ್ಯ; ಬಲ; ಪಡೆಗಳು
army; troops	ಸೈನ್ಯ; ಪಡೆಗಳು
aroma	ಪರಿಮಳ
aroma; fragrance; scent; smell	ಪರಿಮಳ; ಸುಗಂಧ; ಪರಿಮಳ; ವಾಸನೆ
around	ಸುಮಾರು
around (a time)	ಸುಮಾರು (ಒಂದು ಬಾರಿ)
around that time	ಆ ಸಮಯದಲ್ಲಿ
around; throughout; front and back; before and behind; before and after	ಸುತ್ತಲೂ; ಉದ್ದಕ್ಕೂ; ಮುಂಭಾಗ ಮತ್ತು ಹಿಂದೆ; ಮೊದಲು ಮತ್ತು ಹಿಂದೆ; ಮೊದಲು ಮತ್ತು ನಂತರ
arrange	ವ್ಯವಸ್ಥೆ ಮಾಡಿ
arrangement	ವ್ಯವಸ್ಥೆ
arrangement; pact; agreement	ವ್ಯವಸ್ಥೆ; ಒಪ್ಪಂದ; ಒಪ್ಪಂದ
array	ಶ್ರೇಣಿ
arrest	ಬಂಧನ
arrest; apprehension; capture	ಬಂಧನ; ಆತಂಕ; ಸೆರೆಹಿಡಿಯಿರಿ
arrival	ಆಗಮನ
arrival in Japan; coming to Japan; visit to Japan	ಜಪಾನ್ನಲ್ಲಿ ಆಗಮನ; ಜಪಾನ್ಗೆ ಬರುತ್ತಿದೆ; ಜಪಾನ್ ಭೇಟಿ
arrive	ಆಗಮಿಸುತ್ತಾರೆ
arrow	ಬಾಣ
art	ಕಲೆ
art gallery	ಕಲಾ ಗ್ಯಾಲರಿ
art museum	ಕಲಾ ವಸ್ತುಸಂಗ್ರಹಾಲಯ
art; technique	ಕಲೆ; ತಂತ್ರ
art; technology; skill	ಕಲೆ; ತಂತ್ರಜ್ಞಾನ; ಕೌಶಲ್ಯ
article	ಲೇಖನ
article counter	ಲೇಖನ ಕೌಂಟರ್
article; news story; report; account	ಲೇಖನ; ಸುದ್ದಿ ಕಥೆ; ವರದಿ; ಖಾತೆ
articulate	ಅಭಿವ್ಯಕ್ತಗೊಳಿಸುತ್ತವೆ
artificial	ಕೃತಕ
artificial; manmade; human work; human skill; artificiality	ಕೃತಕ; ಮಾನವ ನಿರ್ಮಿತ; ಮಾನವ ಕೆಲಸ; ಮಾನವ ಕೌಶಲ್ಯ; ಕೃತಕತೆ
artist	ಕಲಾವಿದ
artistic	ಕಲಾತ್ಮಕ
artistry; good taste; elegance; grace	ಕಲಾತ್ಮಕತೆ; ಉತ್ತಮ ರುಚಿ; ಸೊಬಗು; ಅನುಗ್ರಹ
arts and crafts	ಕಲೆ ಮತ್ತು ಕರಕುಶಲ
arts and sciences; liberal arts	ಕಲೆ ಮತ್ತು ವಿಜ್ಞಾನ; ಉದಾರ ಕಲೆಗಳು
artwork	ಕಲಾಕೃತಿ
as	ಎಂದು
as I thought	ನಾನು ಯೋಚಿಸಿದಂತೆ
as a matter of fact, ...	ವಾಸ್ತವವಾಗಿ, ...
as a matter of fact; by the way	ವಾಸ್ತವವಾಗಿ ಒಂದು ವಿಷಯವಾಗಿ; ಮೂಲಕ
as a result	ಪರಿಣಾಮವಾಗಿ
as expected	ನಿರೀಕ್ಷೆಯಂತೆ
as much as possible	ಸಾಧ್ಯವಾದಷ್ಟು
as was expected; really	ನಿರೀಕ್ಷಿಸಿದಂತೆ; ನಿಜವಾಗಿಯೂ
as ~ goes on	~ ಎಂದು ಹೋಗುತ್ತದೆ
ascertain	ಖಚಿತಪಡಿಸಿಕೊಳ್ಳುತ್ತಾರೆ
ash	ಬೂದಿ
ashamed	ನಾಚಿಕೆಯಾಯಿತು
ashtray	ಬೂದಿಪಾತ್ರೆ
aside	ಪಕ್ಕಕ್ಕೆ
ask	ಕೇಳು
asleep	ನಿದ್ರಿಸಿದೆ
aspect	ಅಂಶ
aspect; state; appearance	ಅಂಶ; ರಾಜ್ಯ; ಕಾಣಿಸಿಕೊಂಡ
aspiration	ಆಕಾಂಕ್ಷೆ
aspire	ಹಾರೈಸುತ್ತಾರೆ
assassination	ಹತ್ಯೆ
assault	ಆಕ್ರಮಣ
assemble	ಜೋಡಿಸು
assembly	ಸಭೆ
assembly hall or meeting place	ಅಸೆಂಬ್ಲಿ ಹಾಲ್ ಅಥವಾ ಸಭೆಯ ಸ್ಥಳ
assert	ಪ್ರತಿಪಾದಿಸುತ್ತಾರೆ
assertion	ಪ್ರತಿಪಾದನೆ
assess	ನಿರ್ಣಯಿಸಿ
assessment	ಮೌಲ್ಯಮಾಪನ
asset	ಆಸ್ತಿ
assign	ನಿಯೋಜಿಸಿ
assignment	ನಿಯೋಜನೆ
assist	ಸಹಾಯ
assistance	ನೆರವು
assistance; aid; support	ನೆರವು; ನೆರವು; ಬೆಂಬಲ
assistant	ಸಹಾಯಕ
assistant professor	ಸಹಾಯಕ ಪ್ರಾಧ್ಯಾಪಕ
associate	ಸಹವರ್ತಿ
associated	ಸಂಬಂಧಿಸಿದೆ
association	ಸಂಘ
association (of ideas); suggestion	ಸಂಘ (ಕಲ್ಪನೆಗಳ); ಸಲಹೆ
association; socializing; fellowship	ಸಂಘ; ಸಾಮಾಜೀಕರಿಸುವುದು; ಸಹಭಾಗಿತ್ವ
association; society; organization	ಸಂಘ; ಸಮಾಜ; ಸಂಘಟನೆ
association; union	ಸಂಘ; ಒಕ್ಕೂಟ
assume	ಊಹಿಸಿಕೊಳ್ಳಿ
assumption	ಊಹೆ
assumption; supposition; hypothesis	ಊಹೆ; ಊಹೆ; ಕಲ್ಪನೆ
assurance	ಭರವಸೆ
assure	ಭರವಸೆ
astonishing	ಆಶ್ಚರ್ಯಕರ
astronaut	ಗಗನಯಾತ್ರಿ
astute	ಚಾಣಾಕ್ಷ
asylum	ಆಶ್ರಯ
at	ನಲ್ಲಿ
at a stroke; with a single swoop	ಒಂದು ಸ್ಟ್ರೋಕ್ನಲ್ಲಿ; ಒಂದೇ ಸ್ವೂಪ್ನೊಂದಿಗೆ
at about	ಸುಮಾರು
at any rate; anyhow; anyway; in any case	ಯಾವುದೇ ದರದಲ್ಲಿ; ಹೇಗಾದರೂ; ಹೇಗಾದರೂ; ಯಾವುದೇ ಸಂದರ್ಭದಲ್ಲಿ
at any time; soon	ಯಾವುದೇ ಸಮಯದಲ್ಲಿ; ಶೀಘ್ರದಲ್ಲೇ
at ease; comfortable	ನಿರಾಳವಾಗಿ; ಆರಾಮದಾಯಕ
at least	ಕನಿಷ್ಠ
at most	ಹೆಚ್ಚೆಂದರೆ
at night; nighttime	ರಾತ್ರಿಯಲ್ಲಿ; ರಾತ್ರಿಯ ಸಮಯ
at once; immediately; directly; in person	ಒಮ್ಮೆಲೇ; ತಕ್ಷಣ; ನೇರವಾಗಿ; ವೈಯಕ್ತಿಕವಾಗಿ
at once; immediately; without delay; promptly	ಒಮ್ಮೆಲೇ; ತಕ್ಷಣ; ವಿಳಂಬವಿಲ್ಲದೆ; ಕೂಡಲೇ
at present; now	ಪ್ರಸ್ತುತ; ಈಗ
at that time; in those days	ಆ ಸಮಯದಲ್ಲಿ; ಆ ದಿನಗಳಲ್ಲಿ
at the expense of	ವೆಚ್ಚದಲ್ಲಿ
at the most; at best; to the utmost; as much (far) as possible	ಹೆಚ್ಚೆಂದರೆ; ಅತ್ಯುತ್ತಮವಾಗಿ; ಅತ್ಯಧಿಕವಾಗಿ; ಸಾಧ್ಯವಾದಷ್ಟು (ದೂರದ)
at the very least	ಕನಿಷ್ಠ
at; in; on	ನಲ್ಲಿ; ರಲ್ಲಿ; ಮೇಲೆ
athlete	ಕ್ರೀಡಾಪಟು
atmosphere	ವಾತಾವರಣ
atmosphere (e.g. musical); mood; ambience	ವಾತಾವರಣ (ಉದಾ. ಸಂಗೀತ); ಮನಸ್ಥಿತಿ; ವಾತಾವರಣ
atmospheric current	ವಾತಾವರಣದ ಪ್ರಸ್ತುತ
atmospheric pressure	ವಾತಾವರಣದ ಒತ್ತಡ
atom	ಪರಮಾಣು
atomic bomb	ಪರಮಾಣು ಬಾಂಬ್
atrocity	ದೌರ್ಜನ್ಯ
attach	ಲಗತ್ತಿಸಿ
attached / annexed	ಲಗತ್ತಿಸಲಾಗಿದೆ / ಲಗತ್ತಿಸಲಾಗಿದೆ
attached; belonging; affiliated	ಲಗತ್ತಿಸಲಾಗಿದೆ; ಸೇರಿದ; ಸಂಯೋಜಿತ
attachment	ಬಾಂಧವ್ಯ
attack	ದಾಳಿ
attack; strike; offensive; criticism; censure	ದಾಳಿ; ಮುಷ್ಕರ; ಆಕ್ರಮಣಕಾರಿ; ಟೀಕೆ; ಖಂಡನೆ
attain	ಸಾಧಿಸುತ್ತವೆ
attainment	ಸಾಧನೆ
attempt	ಪ್ರಯತ್ನ
attend	ಹಾಜರಾಗುತ್ತಾರೆ
attendance	ಹಾಜರಾತಿ
attendance; presence	ಹಾಜರಾತಿ; ಉಪಸ್ಥಿತಿ
attendant; companion	ಪರಿಚಾರಕ; ಒಡನಾಡಿ
attention	ಗಮನ
attention / caution	ಗಮನ / ಎಚ್ಚರಿಕೆ
attitude	ವರ್ತನೆ
attitude; manner	ವರ್ತನೆ; ರೀತಿಯಲ್ಲಿ
attitude; posture	ವರ್ತನೆ; ಭಂಗಿ
attorney	ವಕೀಲ
attract	ಆಕರ್ಷಿಸುತ್ತವೆ
attraction	ಆಕರ್ಷಣೆ
attractive	ಆಕರ್ಷಕ
attribute	ಗುಣಲಕ್ಷಣ
attribution	ಗುಣಲಕ್ಷಣ
auction	ಹರಾಜು
audience	ಪ್ರೇಕ್ಷಕರು
audience; spectator(s)	ಪ್ರೇಕ್ಷಕರು; ಪ್ರೇಕ್ಷಕ(ಗಳು)
audio	ಆಡಿಯೋ
audit	ಆಡಿಟ್
auditorium	ಸಭಾಂಗಣ
aunt	ಚಿಕ್ಕಮ್ಮ
aunt; middle-aged woman	ಚಿಕ್ಕಮ್ಮ; ಮಧ್ಯವಯಸ್ಕ ಮಹಿಳೆ
auspicious	ಮಂಗಳಕರ
austere	ಕಠೋರ
austere; majestic; dignified; stately; awful; impressive	ಕಟುವಾದ; ಭವ್ಯವಾದ; ಪ್ರತಿಷ್ಠಿತ; ಭವ್ಯವಾದ; ಭೀಕರವಾದ; ಪ್ರಭಾವಶಾಲಿ
authentic	ಅಧಿಕೃತ
authentication	ದೃಢೀಕರಣ
authenticity	ಸತ್ಯಾಸತ್ಯತೆ
author	ಲೇಖಕ
author; authoress	ಲೇಖಕ; ಲೇಖಕಿ
author; writer	ಲೇಖಕ; ಬರಹಗಾರ
author; writer; novelist; artist	ಲೇಖಕ; ಬರಹಗಾರ; ಕಾದಂಬರಿಕಾರ; ಕಲಾವಿದ
authority	ಅಧಿಕಾರ
authority; power; influence	ಅಧಿಕಾರ; ಶಕ್ತಿ; ಪ್ರಭಾವ
authority; the right (to do something)	ಅಧಿಕಾರ; ಹಕ್ಕು (ಏನನ್ನಾದರೂ ಮಾಡಲು)
authorize	ಅಧಿಕಾರ ನೀಡಿ
auto	ಸ್ವಯಂ
automatic	ಸ್ವಯಂಚಾಲಿತ
automatic; self-motion	ಸ್ವಯಂಚಾಲಿತ; ಸ್ವಯಂ ಚಲನೆ
automatically	ಸ್ವಯಂಚಾಲಿತವಾಗಿ
automobile	ಆಟೋಮೊಬೈಲ್
autonomy	ಸ್ವಾಯತ್ತತೆ
autumn	ಶರತ್ಕಾಲ
autumn / fall	ಶರತ್ಕಾಲ / ಶರತ್ಕಾಲ
availability	ಲಭ್ಯತೆ
available	ಲಭ್ಯವಿದೆ
avarice; covetousness; greed	ದುರಾಸೆ; ದುರಾಸೆ; ದುರಾಸೆ
average	ಸರಾಸರಿ
aviation	ವಾಯುಯಾನ
aviation; flying	ವಾಯುಯಾನ; ಹಾರುವ
avoid	ತಪ್ಪಿಸಿ
await	ನಿರೀಕ್ಷಿಸಿ
award	ಪ್ರಶಸ್ತಿ
aware	ಅರಿತಿದೆ
awareness	ಅರಿವು
away	ದೂರ
awful	ಭೀಕರವಾದ
awful; dreadful; terrible; very	ಭೀಕರವಾದ; ಭಯಾನಕ; ಭಯಾನಕ; ತುಂಬಾ
awkward	ವಿಚಿತ್ರವಾದ
baby	ಮಗು
bachelorhood; single; unmarried; celibate	ಬ್ರಹ್ಮಚಾರಿತ್ವ; ಏಕ; ಅವಿವಾಹಿತ; ಬ್ರಹ್ಮಚಾರಿ
back	ಹಿಂದೆ
back (body)	ಬೆನ್ನು (ದೇಹ)
back / behind	ಹಿಂದೆ / ಹಿಂದೆ
back / inner part	ಹಿಂದೆ / ಒಳ ಭಾಗ
back of the body	ದೇಹದ ಹಿಂಭಾಗ
back to the wall	ಮತ್ತೆ ಗೋಡೆಗೆ
back up	ಬ್ಯಾಕ್ ಅಪ್
backdoor; rear entrance	ಹಿಂಬಾಗಿಲು; ಹಿಂದಿನ ಪ್ರವೇಶದ್ವಾರ
backdrop	ಹಿನ್ನೆಲೆ
background	ಹಿನ್ನೆಲೆ
backing	ಹಿಮ್ಮೇಳ
backpack	ಬೆನ್ನುಹೊರೆಯ
backup	ಬ್ಯಾಕ್ಅಪ್
backwards	ಹಿಂದಕ್ಕೆ
bacteria	ಬ್ಯಾಕ್ಟೀರಿಯಾ
bad	ಕೆಟ್ಟ
bad fellow; rascal; ruffian; scoundrel	ಕೆಟ್ಟ ಸಹೋದ್ಯೋಗಿ; ರಾಸ್ಕಲ್; ರಫಿಯನ್; ಕಿಡಿಗೇಡಿ
bad harvest; poor crop	ಕೆಟ್ಟ ಸುಗ್ಗಿಯ; ಕಳಪೆ ಬೆಳೆ
bad-tasting	ಕೆಟ್ಟ ರುಚಿ
badge	ಬ್ಯಾಡ್ಜ್
badly	ಕೆಟ್ಟದಾಗಿ
bag	ಚೀಲ
bag / sack	ಚೀಲ / ಚೀಲ
bag; sack	ಚೀಲ; ಗೋಣಿಚೀಲ
baggage	ಸಾಮಾನು ಸರಂಜಾಮು
bail	ಜಾಮೀನು
bake	ತಯಾರಿಸಲು
baker	ಬೇಕರ್
bakery	ಬೇಕರಿ
balance	ಸಮತೋಲನ
balance sheet; settlement of accounts	ಆಯವ್ಯಯ ಪಟ್ಟಿ; ಖಾತೆಗಳ ಇತ್ಯರ್ಥ
balanced	ಸಮತೋಲಿತ
balcony	ಬಾಲ್ಕನಿ
ball	ಚೆಂಡು
ball; sphere; coin	ಚೆಂಡು; ಗೋಳ; ನಾಣ್ಯ
ballet	ಬ್ಯಾಲೆ
balloon	ಬಲೂನ್
ballot	ಮತಪತ್ರ
bamboo; middle (of a three-tier ranking system)	ಬಿದಿರು; ಮಧ್ಯಮ (ಮೂರು ಹಂತದ ಶ್ರೇಯಾಂಕ ವ್ಯವಸ್ಥೆಯ)
ban	ನಿಷೇಧ
banana	ಬಾಳೆಹಣ್ಣು
band	ಬ್ಯಾಂಡ್
band (e.g. conduction; valence)	ಬ್ಯಾಂಡ್ (ಉದಾ. ವಹನ; ವೇಲೆನ್ಸ್)
bandage; dressing	ಬ್ಯಾಂಡೇಜ್; ಡ್ರೆಸ್ಸಿಂಗ್
bank	ಬ್ಯಾಂಕ್
bank; coast; shore	ಬ್ಯಾಂಕ್; ಕರಾವಳಿ; ತೀರ
bankruptcy	ದಿವಾಳಿತನ
banner	ಬ್ಯಾನರ್
bar	ಬಾರ್
bar; bar-room	ಬಾರ್; ಬಾರ್-ಕೋಣೆ
barbecue	ಬಾರ್ಬೆಕ್ಯೂ
barber	ಕ್ಷೌರಿಕ
barber's	ಕ್ಷೌರಿಕರು
bare	ಬರಿಯ
barely	ಅಷ್ಟೇನೂ
bargain	ಚೌಕಾಸಿ
barrel	ಬ್ಯಾರೆಲ್
barrier	ತಡೆಗೋಡೆ
bartender	ಬಾರ್ಟೆಂಡರ್
base	ಬೇಸ್
baseball	ಬೇಸ್ಬಾಲ್
baseball player	ಬೇಸ್ ಬಾಲ್ ಆಟಗಾರ
based	ಆಧಾರಿತ
based on	ಆಧರಿಸಿ
basement	ನೆಲಮಾಳಿಗೆ
basement; underground	ನೆಲಮಾಳಿಗೆ; ಭೂಗತ
basic	ಮೂಲಭೂತ
basically	ಮೂಲಭೂತವಾಗಿ
basin (e.g. between mountains)	ಜಲಾನಯನ ಪ್ರದೇಶ (ಉದಾ. ಪರ್ವತಗಳ ನಡುವೆ)
basis	ಆಧಾರದ
basis of argument	ವಾದದ ಆಧಾರ
basket	ಬುಟ್ಟಿ
basket; cage	ಬುಟ್ಟಿ; ಪಂಜರ
basketball	ಬ್ಯಾಸ್ಕೆಟ್ಬಾಲ್
bass	ಬಾಸ್
bat	ಬ್ಯಾಟ್
bath	ಸ್ನಾನ
bath / bathtub	ಸ್ನಾನ / ಸ್ನಾನದ ತೊಟ್ಟಿ
bathrobe; informal summer kimono; yukata	ಬಾತ್ರೋಬ್; ಅನೌಪಚಾರಿಕ ಬೇಸಿಗೆ ನಿಲುವಂಗಿಯನ್ನು; ಯುಕಾಟಾ
bathroom	ಸ್ನಾನಗೃಹ
battery	ಬ್ಯಾಟರಿ
battle	ಯುದ್ಧ
battle; fight; struggle; conflict	ಯುದ್ಧ; ಹೋರಾಟ; ಹೋರಾಟ; ಸಂಘರ್ಷ
battlefield	ಯುದ್ಧಭೂಮಿ
bay	ಕೊಲ್ಲಿ
bay; gulf; inlet	ಕೊಲ್ಲಿ; ಕೊಲ್ಲಿ; ಒಳಹರಿವು
be	ಎಂದು
be afraid; dread; dismay; terror	ಭಯಪಡಿರಿ; ಭಯ; ದಿಗ್ಭ್ರಮೆ; ಭಯೋತ್ಪಾದನೆ
be finished; ready; made for; cut out	ಮುಗಿಯಿತು; ಸಿದ್ಧ; ಇದಕ್ಕಾಗಿ ಮಾಡಲ್ಪಟ್ಟಿದೆ; ಕತ್ತರಿಸಿ
be found; aim; estimate; guess; approx	ಸಿಗಬಹುದು; ಗುರಿ; ಅಂದಾಜು; ಊಹೆ; ಅಂದಾಜು
be lost; peace; hide; mistake; beautiful; in turn	ಕಳೆದುಹೋಗು; ಶಾಂತಿ; ಮರೆಮಾಡು; ತಪ್ಪು; ಸುಂದರ; ಪ್ರತಿಯಾಗಿ
be on good/close terms; to get along well	ಉತ್ತಮ / ನಿಕಟ ನಿಯಮಗಳ ಮೇಲೆ; ಚೆನ್ನಾಗಿ ಜೊತೆಯಾಗಲು
be surprised; be amazed; be frightened; astonishment	ಆಶ್ಚರ್ಯವಾಗುತ್ತದೆ; ಬೆರಗಾಗು; ಭಯಭೀತರಾಗಿರಿ; ಬೆರಗು
beach	ಕಡಲತೀರ
beam	ಕಿರಣ
beam; light ray	ಕಿರಣ; ಬೆಳಕಿನ ಕಿರಣ
bean	ಹುರುಳಿ
bean paste	ಹುರುಳಿ ಪೇಸ್ಟ್
beans; peas	ಬೀನ್ಸ್; ಅವರೆಕಾಳು
bear	ಕರಡಿ
beard	ಗಡ್ಡ
beast	ಮೃಗ
beat	ಸೋಲಿಸಿದರು
beauties of nature	ಪ್ರಕೃತಿಯ ಸುಂದರಿಯರು
beautiful	ಸುಂದರ
beautiful / pretty	ಸುಂದರ / ಸುಂದರ
beautiful passage of literature	ಸಾಹಿತ್ಯದ ಸುಂದರ ಹಾದಿ
beautiful person (woman)	ಸುಂದರ ವ್ಯಕ್ತಿ (ಮಹಿಳೆ)
beautiful; clean	ಸುಂದರ; ಶುದ್ಧ
beauty	ಸೌಂದರ್ಯ
beauty of figure or form	ಆಕೃತಿ ಅಥವಾ ರೂಪದ ಸೌಂದರ್ಯ
beauty parlor	ಬ್ಯೂಟಿ ಪಾರ್ಲರ್
because	ಏಕೆಂದರೆ
because (formal)	ಏಕೆಂದರೆ (ಔಪಚಾರಿಕ)
because ...	ಏಕೆಂದರೆ...
become	ಆಗುತ್ತವೆ
becoming a member; joining; entry; admission; subscription; affiliation; adherence; signing	ಸದಸ್ಯನಾಗುವುದು; ಸೇರುವ; ಪ್ರವೇಶ; ಪ್ರವೇಶ; ಚಂದಾದಾರಿಕೆ; ಬಾಂಧವ್ಯ; ಅನುಸರಣೆ; ಸಹಿ ಮಾಡುವುದು
bed	ಹಾಸಿಗೆ
bed; couch	ಹಾಸಿಗೆ; ಮಂಚ
bedroom	ಮಲಗುವ ಕೋಣೆ
bedtime	ಮಲಗುವ ಸಮಯ
bee	ಜೇನುನೊಣ
beef	ಗೋಮಾಂಸ
beef bowl	ಗೋಮಾಂಸ ಬೌಲ್
beer	ಬಿಯರ್
before	ಮೊದಲು
before / ahead	ಮೊದಲು / ಮುಂದೆ
before / previously	ಮೊದಲು / ಹಿಂದೆ
before long	ಬಹಳ ಹಿಂದೆಯೇ
before long; even now	ಬಹಳ ಮುಂಚೆ; ಈಗಲೂ ಸಹ
before one knows; unnoticed; unawares	ತಿಳಿಯುವ ಮುನ್ನ; ಗಮನಿಸದ; ಅರಿವಿಲ್ಲದೆ
before...	ಮೊದಲು...
before; ahead; previously	ಮೊದಲು; ಮುಂದೆ; ಹಿಂದೆ
before; this side; we; you	ಮೊದಲು; ಈ ಕಡೆ; ನಾವು; ನೀವು
beg	ಬೇಡಿಕೊಳ್ಳುತ್ತಾರೆ
begin	ಆರಂಭಿಸಲು
beginning	ಆರಂಭ
beginning of the month	ತಿಂಗಳ ಆರಂಭದಲ್ಲಿ
beginning; first	ಆರಂಭ; ಮೊದಲು
behalf	ಪರವಾಗಿ
behave	ವರ್ತಿಸುತ್ತಾರೆ
behavior	ನಡವಳಿಕೆ
behaviour	ನಡವಳಿಕೆ
behind	ಹಿಂದೆ
beige	ಬಗೆಯ ಉಣ್ಣೆಬಟ್ಟೆ
being	ಇರುವುದು
being at the office	ಕಛೇರಿಯಲ್ಲಿರುವುದು
being deeply moved; excitement; impression; deep emotion	ಆಳವಾಗಿ ಚಲಿಸಿದ; ಉತ್ಸಾಹ; ಅನಿಸಿಕೆ; ಆಳವಾದ ಭಾವನೆ
being on duty	ಕರ್ತವ್ಯದಲ್ಲಿರುವುದು
being skilled in; nicely; properly	ನುರಿತ; ಚೆನ್ನಾಗಿ; ಸರಿಯಾಗಿ
belief	ನಂಬಿಕೆ
believe	ನಂಬುತ್ತಾರೆ
bell	ಗಂಟೆ
bell; chime	ಗಂಟೆ; ಘಂಟಾನಾದ
belong	ಸೇರಿದೆ
beloved	ಪ್ರೀತಿಯ
below	ಕೆಳಗೆ
belt	ಬೆಲ್ಟ್
bench	ಬೆಂಚ್
benchmark	ಮಾನದಂಡ
bend	ಬಾಗಿ
bending; indentation; refraction	ಬಾಗುವುದು; ಇಂಡೆಂಟೇಶನ್; ವಕ್ರೀಭವನ
beneath	ಕೆಳಗೆ
beneficial	ಪ್ರಯೋಜನಕಾರಿ
beneficiary	ಫಲಾನುಭವಿ
benefit	ಲಾಭ
bent	ಬಾಗಿದ
beside	ಪಕ್ಕದಲ್ಲಿ
beside; side; width	ಪಕ್ಕದಲ್ಲಿ; ಬದಿ; ಅಗಲ
besides	ಜೊತೆಗೆ
besides; in addition; the rest	ಜೊತೆಗೆ; ಜೊತೆಗೆ; ಉಳಿದವು
best	ಅತ್ಯುತ್ತಮ
best friend	ಉತ್ತಮ ಸ್ನೇಹಿತ
best regards	ಶುಭಾಶಯಗಳು
best; first; number one	ಅತ್ಯುತ್ತಮ; ಮೊದಲ; ನಂಬರ್ ಒನ್
bet	ಬಾಜಿ ಕಟ್ಟುತ್ತಾರೆ
betray	ದ್ರೋಹ
better	ಉತ್ತಮ
betterment; improvement	ಸುಧಾರಣೆ; ಸುಧಾರಣೆ
between	ನಡುವೆ
beyond	ಮೀರಿ
bias	ಪಕ್ಷಪಾತ
biased	ಪಕ್ಷಪಾತಿ
bicycle	ಸೈಕಲ್
bid	ಬಿಡ್
big	ದೊಡ್ಡದು
big sis (affectionate)	ದೊಡ್ಡ ಸಹೋದರಿ (ಪ್ರೀತಿಯ)
big; large; great	ದೊಡ್ಡದು; ದೊಡ್ಡದು; ಶ್ರೇಷ್ಠ
bike	ಬೈಕ್
bill	ಬಿಲ್
bill / check	ಬಿಲ್ / ಚೆಕ್
billion	ಶತಕೋಟಿ
bin	ತೊಟ್ಟಿ
bind	ಬಂಧಿಸು
biodiversity	ಜೀವವೈವಿಧ್ಯ
biography	ಜೀವನಚರಿತ್ರೆ
biography; life story	ಜೀವನಚರಿತ್ರೆ; ಜೀವನದ ಕಥೆ
biological	ಜೈವಿಕ
biology	ಜೀವಶಾಸ್ತ್ರ
bird	ಹಕ್ಕಿ
birth	ಜನನ
birth date	ಜನ್ಮ ದಿನಾಂಕ
birth-place; home town	ಜನ್ಮಸ್ಥಳ; ತವರು ಪಟ್ಟಣ
birth; birth-place	ಜನನ; ಜನ್ಮಸ್ಥಳ
birthday	ಹುಟ್ಟುಹಬ್ಬ
birthplace	ಜನ್ಮಸ್ಥಳ
biscuit	ಬಿಸ್ಕತ್ತು
bishop	ಬಿಷಪ್
bit	ಸ್ವಲ್ಪ
bite	ಕಚ್ಚುತ್ತವೆ
bitter	ಕಹಿ
bizarre	ವಿಲಕ್ಷಣ
black	ಕಪ್ಪು
black tea	ಕಪ್ಪು ಚಹಾ
blackboard	ಕಪ್ಪು ಹಲಗೆ
blade	ಬ್ಲೇಡ್
blame	ದೂರುತ್ತಾರೆ
blank	ಖಾಲಿ
blank; cavity; hollow; empty (space)	ಖಾಲಿ; ಕುಳಿ; ಟೊಳ್ಳಾದ; ಖಾಲಿ (ಜಾಗ)
blanket	ಕಂಬಳಿ
blast	ಸ್ಫೋಟ
bleed	ರಕ್ತಸ್ರಾವ
blend	ಮಿಶ್ರಣ
bless	ಅನುಗ್ರಹಿಸಿ
blessing	ಆಶೀರ್ವಾದ
blind	ಕುರುಡ
blizzard	ಹಿಮಪಾತ
block	ಬ್ಲಾಕ್
blog	ಬ್ಲಾಗ್
blonde	ಹೊಂಬಣ್ಣದ
blood	ರಕ್ತ
blood pressure	ರಕ್ತದೊತ್ತಡ
blood transfusion	ರಕ್ತ ವರ್ಗಾವಣೆ
blood vessel	ರಕ್ತನಾಳ
blouse	ಕುಪ್ಪಸ
blow	ಹೊಡೆತ
blue	ನೀಲಿ
board	ಬೋರ್ಡ್
board; plank	ಬೋರ್ಡ್; ಹಲಗೆ
boast	ಹೆಗ್ಗಳಿಕೆ
boat	ದೋಣಿ
body	ದೇಹ
body weight	ದೇಹದ ತೂಕ
body; main part; oneself; sword	ದೇಹ; ಮುಖ್ಯ ಭಾಗ; ಸ್ವತಃ; ಕತ್ತಿ
boil	ಕುದಿಸಿ
bold	ದಪ್ಪ
bomb	ಬಾಂಬ್
bombing	ಬಾಂಬ್ ದಾಳಿ
bond	ಬಂಧ
bone	ಮೂಳೆ
bone fracture	ಮೂಳೆ ಮುರಿತ
bonus	ಬೋನಸ್
book	ಪುಸ್ತಕ
book of tickets	ಟಿಕೆಟ್ ಪುಸ್ತಕ
book; publication	ಪುಸ್ತಕ; ಪ್ರಕಟಣೆ
booking	ಬುಕಿಂಗ್
books	ಪುಸ್ತಕಗಳು
bookshelf	ಪುಸ್ತಕದ ಕಪಾಟು
bookshelves	ಪುಸ್ತಕದ ಕಪಾಟುಗಳು
bookshop	ಪುಸ್ತಕದಂಗಡಿ
bookstore	ಪುಸ್ತಕದಂಗಡಿ
boom	ಉತ್ಕರ್ಷ
boost	ವರ್ಧಕ
boot	ಬೂಟ್
boots	ಬೂಟುಗಳು
border	ಗಡಿ
border; boundary; mental state	ಗಡಿ; ಗಡಿ; ಮಾನಸಿಕ ಸ್ಥಿತಿ
bored	ಬೇಸರವಾಯಿತು
boring	ನೀರಸ
born	ಜನಿಸಿದರು
borrow	ಸಾಲ ಮಾಡಿ
borrowing	ಸಾಲ ಪಡೆಯುತ್ತಿದ್ದಾರೆ
boss	ಬಾಸ್
boss / superior	ಬಾಸ್ / ಉನ್ನತ
both	ಎರಡೂ
both parents	ಇಬ್ಬರೂ ಪೋಷಕರು
both sides	ಎರಡೂ ಕಡೆ
both; neither (neg); all; and; as well as; including; with; together with; plural ending	ಎರಡೂ; ಆಗಲಿ (ನೆಗ್); ಎಲ್ಲಾ; ಮತ್ತು; ಹಾಗೆಯೇ; ಸೇರಿದಂತೆ; ಜೊತೆ; ಜೊತೆಯಲ್ಲಿ; ಬಹುವಚನ ಅಂತ್ಯ
bother	ತೊಂದರೆ ಕೊಡುತ್ತಾರೆ
bother to do; tiresome	ಮಾಡಲು ತೊಂದರೆ; ಆಯಾಸಕರ
bottle	ಬಾಟಲಿ
bottling; bottled	ಬಾಟಲಿಂಗ್; ಬಾಟಲ್
bottom	ಕೆಳಗೆ
bottom; sole	ಕೆಳಗೆ; ಏಕೈಕ
bounce	ಪುಟಿಯುತ್ತದೆ
bound	ಬಂಧಿಸಲಾಗಿದೆ
bound for	ಬದ್ಧವಾಗಿದೆ
boundary	ಗಡಿ
bow	ಬಿಲ್ಲು
bow (and arrow)	ಬಿಲ್ಲು (ಮತ್ತು ಬಾಣ)
bowl	ಬೌಲ್
bowl; vessel; container	ಬೌಲ್; ಪಾತ್ರೆ; ಕಂಟೇನರ್
box	ಬಾಕ್ಸ್
box lunch	ಬಾಕ್ಸ್ ಊಟದ
boxed lunch	ಪೆಟ್ಟಿಗೆಯ ಊಟ
boy	ಹುಡುಗ
boyfriend	ಗೆಳೆಯ
boys; juveniles	ಹುಡುಗರು; ಬಾಲಾಪರಾಧಿಗಳು
brain	ಮೆದುಳು
branch	ಶಾಖೆ
branch office	ಶಾಖಾ ಕಚೇರಿ
branch store (office)	ಶಾಖೆಯ ಅಂಗಡಿ (ಕಚೇರಿ)
branch; twig	ಶಾಖೆ; ರೆಂಬೆ
brand	ಬ್ರ್ಯಾಂಡ್
brand new	ಹೊಚ್ಚ ಹೊಸ
brave	ಕೆಚ್ಚೆದೆಯ
brave; valiant; gallant; courageous	ಕೆಚ್ಚೆದೆಯ; ಧೀರ; ಧೀರ; ಧೈರ್ಯಶಾಲಿ
breach	ಉಲ್ಲಂಘನೆ
bread	ಬ್ರೆಡ್
break	ಬ್ರೇಕ್
break down	ಒಡೆಯುತ್ತವೆ
break-down; failure; accident; out of order	ಒಡೆಯುವಿಕೆ; ವೈಫಲ್ಯ; ಅಪಘಾತ; ಕ್ರಮಬದ್ಧವಾಗಿಲ್ಲ
breakdown	ಸ್ಥಗಿತ
breakfast	ಉಪಹಾರ
breakfast (formal)	ಉಪಹಾರ (ಔಪಚಾರಿಕ)
breaking news	ಬ್ರೇಕಿಂಗ್ ನ್ಯೂಸ್
breakthrough	ಪ್ರಗತಿ
breakup; dissolution	ವಿಘಟನೆ; ವಿಸರ್ಜನೆ
breast	ಎದೆ
breast; chest	ಎದೆ; ಎದೆ
breath	ಉಸಿರು
breath; respiration	ಉಸಿರು; ಉಸಿರಾಟ
breath; tone	ಉಸಿರು; ಸ್ವರ
breathe	ಉಸಿರಾಡು
breathing	ಉಸಿರಾಟ
breed	ತಳಿ
breeding; growth	ಸಂತಾನೋತ್ಪತ್ತಿ; ಬೆಳವಣಿಗೆ
brevity; conciseness; simplicity	ಸಂಕ್ಷಿಪ್ತತೆ; ಸಂಕ್ಷಿಪ್ತತೆ; ಸರಳತೆ
brick	ಇಟ್ಟಿಗೆ
bride	ವಧು
bride; daughter-in-law	ವಧು; ಸೊಸೆ
bridge	ಸೇತುವೆ
bridge building; mediation	ಸೇತುವೆ ಕಟ್ಟಡ; ಮಧ್ಯಸ್ಥಿಕೆ
brief	ಸಂಕ್ಷಿಪ್ತ
briefly	ಸಂಕ್ಷಿಪ್ತವಾಗಿ
bright	ಪ್ರಕಾಶಮಾನವಾದ
bright red	ಪ್ರಕಾಶಮಾನವಾದ ಕೆಂಪು
bright; smart; clever	ಪ್ರಕಾಶಮಾನವಾದ; ಸ್ಮಾರ್ಟ್; ಬುದ್ಧಿವಂತ
brightness; cheerfulness; melodious	ಹೊಳಪು; ಹರ್ಷಚಿತ್ತತೆ; ಮಧುರವಾದ
brilliance; polish; lustre; glossy finish (of photographs)	ತೇಜಸ್ಸು; ಮೆರುಗು; ಹೊಳಪು; ಹೊಳಪು ಮುಕ್ತಾಯ (ಛಾಯಾಚಿತ್ರಗಳ)
brilliant	ಅದ್ಭುತ
brilliant; magnificent; spectacular	ಅದ್ಭುತ; ಭವ್ಯವಾದ; ಅದ್ಭುತವಾದ
bring	ತರುತ್ತಾರೆ
bring about	ತರಲು
bring up	ತರಲು
bringing; taking; carrying	ತರುವುದು; ತೆಗೆದುಕೊಳ್ಳುವುದು; ಸಾಗಿಸುವ
broad	ವಿಶಾಲವಾದ
broadband	ಬ್ರಾಡ್ಬ್ಯಾಂಡ್
broadcast	ಪ್ರಸಾರ
broadcast program	ಪ್ರಸಾರ ಕಾರ್ಯಕ್ರಮ
broadcast; broadcasting	ಪ್ರಸಾರ; ಪ್ರಸಾರ
broadcaster	ಪ್ರಸಾರಕ
broadly	ವಿಶಾಲವಾಗಿ
broken	ಮುರಿದಿದೆ
brother	ಸಹೋದರ
brothers and sisters	ಸಹೋದರರು ಮತ್ತು ಸಹೋದರಿಯರು
brown	ಕಂದು
browser	ಬ್ರೌಸರ್
brush	ಕುಂಚ
brutal	ಕ್ರೂರ
bubble	ಗುಳ್ಳೆ
bubble; foam; froth; head on beer	ಗುಳ್ಳೆ; ಫೋಮ್; ನೊರೆ; ಬಿಯರ್ ಮೇಲೆ ತಲೆ
buck	ಬಕ್
buddy	ಗೆಳೆಯ
budget	ಬಜೆಟ್
buffalo	ಎಮ್ಮೆ
buffer	ಬಫರ್
bug	ದೋಷ
build	ನಿರ್ಮಿಸಲು
builder	ಬಿಲ್ಡರ್
building	ಕಟ್ಟಡ
bulk	ಬೃಹತ್
bullet	ಬುಲೆಟ್
bullet train	ಬುಲೆಟ್ ರೈಲು
bullet train (very high speed); shinkansen	ಬುಲೆಟ್ ರೈಲು (ಅತ್ಯಂತ ಹೆಚ್ಚಿನ ವೇಗ); ಶಿಂಕನ್ಸೆನ್
bullet; shot; shell	ಬುಲೆಟ್; ಹೊಡೆತ; ಶೆಲ್
bunch	ಗೊಂಚಲು
bundle; package; parcel; bale	ಬಂಡಲ್; ಪ್ಯಾಕೇಜ್; ಪಾರ್ಸೆಲ್; ಬೇಲ್
burden	ಹೊರೆ
bureaucracy	ಅಧಿಕಾರಶಾಹಿ
bureaucrat; bureaucracy	ಅಧಿಕಾರಶಾಹಿ; ಅಧಿಕಾರಶಾಹಿ
burgular	ಕಳ್ಳ
burial	ಸಮಾಧಿ
burn	ಸುಟ್ಟು ಹಾಕು
burn; scald	ಸುಟ್ಟು; ಉರಿಸು
burning low; waning; declining	ಕಡಿಮೆ ಬರೆಯುವ; ಕ್ಷೀಣಿಸುತ್ತಿದೆ; ಕ್ಷೀಣಿಸುತ್ತಿದೆ
burst	ಸಿಡಿಯುತ್ತವೆ
bury	ಸಮಾಧಿ ಮಾಡಿ
bus	ಬಸ್
bus or tram stop	ಬಸ್ ಅಥವಾ ಟ್ರಾಮ್ ನಿಲ್ದಾಣ
bus stop	ಬಸ್ ನಿಲ್ದಾಣ
bush	ಪೊದೆ
business	ವ್ಯಾಪಾರ
business card	ವ್ಯಾಪಾರ ಕಾರ್ಡ್
business conditions	ವ್ಯಾಪಾರ ಪರಿಸ್ಥಿತಿಗಳು
business duties	ವ್ಯಾಪಾರ ಕರ್ತವ್ಯಗಳು
business meeting; conference	ವ್ಯಾಪಾರ ಸಭೆ; ಸಮ್ಮೇಳನ
business meeting; previous arrangement; appointment	ವ್ಯಾಪಾರ ಸಭೆ; ಹಿಂದಿನ ವ್ಯವಸ್ಥೆ; ನೇಮಕಾತಿ
business suit	ವ್ಯಾಪಾರ ಸೂಟ್
business to take care of	ಕಾಳಜಿ ವಹಿಸಲು ವ್ಯಾಪಾರ
business trip	ವ್ಯಾಪಾರ ಪ್ರವಾಸ
business; affairs; duties; work	ವ್ಯಾಪಾರ; ವ್ಯವಹಾರಗಳು; ಕರ್ತವ್ಯಗಳು; ಕೆಲಸ
business; office work	ವ್ಯಾಪಾರ; ಕಚೇರಿ ಕೆಲಸ
business; trade; management	ವ್ಯಾಪಾರ; ವ್ಯಾಪಾರ; ನಿರ್ವಹಣೆ
businessman	ಉದ್ಯಮಿ
businessperson	ಉದ್ಯಮಿ
bustling; busy	ಗದ್ದಲ; ಕಾರ್ಯನಿರತ
busy	ಕಾರ್ಯನಿರತ
busy (people/days)	ಕಾರ್ಯನಿರತ (ಜನರು/ದಿನಗಳು)
busy; hurried; confused; flurried	ಕಾರ್ಯನಿರತ; ಅವಸರದಿಂದ; ಗೊಂದಲಮಯ; ಗಲಿಬಿಲಿಗೊಂಡ
busy; irritated	ಕಾರ್ಯನಿರತ; ಸಿಟ್ಟಿಗೆದ್ದ
but	ಆದರೆ
but; however; provided that	ಆದರೆ; ಆದಾಗ್ಯೂ; ಎಂದು ಒದಗಿಸಿದೆ
butcher shop	ಮಾಂಸದ ಅಂಗಡಿ
butter	ಬೆಣ್ಣೆ
butterfly	ಚಿಟ್ಟೆ
buttocks; bottom	ಪೃಷ್ಠದ; ಕೆಳಗೆ
button	ಬಟನ್
buy	ಖರೀದಿಸಿ
by	ಮೂಲಕ
by (time/date)	ಮೂಲಕ (ಸಮಯ/ದಿನಾಂಕ)
by all means	ಎಲ್ಲಾ ವಿಧಾನಗಳಿಂದ
by all means; everything	ಎಲ್ಲಾ ವಿಧಾನಗಳಿಂದ; ಎಲ್ಲವೂ
by contrast	ಇದಕ್ಕೆ ವಿರುದ್ಧವಾಗಿ
by force	ಬಲದಿಂದ
by itself; automatically; naturally	ಸ್ವತಃ; ಸ್ವಯಂಚಾಲಿತವಾಗಿ; ಸ್ವಾಭಾವಿಕವಾಗಿ
by oneself; personally	ಸ್ವತಃ; ವೈಯಕ್ತಿಕವಾಗಿ
by some chance; by some possibility; if by any chance; 10E4:1 odds	ಕೆಲವು ಅವಕಾಶದಿಂದ; ಕೆಲವು ಸಾಧ್ಯತೆಯಿಂದ; ಯಾವುದೇ ಅವಕಾಶದಿಂದ ವೇಳೆ; 10E4:1 ಆಡ್ಸ್
by the end of today	ಇಂದಿನ ಅಂತ್ಯದ ವೇಳೆಗೆ
by the same token	ಅದೇ ಟೋಕನ್ ಮೂಲಕ
by the way	ಮೂಲಕ
by the window	ಕಿಟಕಿಯ ಮೂಲಕ
bye	ವಿದಾಯ
cabbage	ಎಲೆಕೋಸು
cabin	ಕ್ಯಾಬಿನ್
cabinet	ಕ್ಯಾಬಿನೆಟ್
cabinet minister	ಕ್ಯಾಬಿನೆಟ್ ಮಂತ್ರಿ
cable	ಕೇಬಲ್
cafe	ಕೆಫೆ
cafeteria / dining hall	ಕೆಫೆಟೇರಿಯಾ / ಡೈನಿಂಗ್ ಹಾಲ್
cafeteria; dining commons	ಕೆಫೆಟೇರಿಯಾ; ಊಟದ ಕಾಮನ್ಸ್
café	ಕೆಫೆ
cake	ಕೇಕ್
cake shop	ಕೇಕ್ ಅಂಗಡಿ
calamity; misfortune	ವಿಪತ್ತು; ದುರದೃಷ್ಟ
calculate	ಲೆಕ್ಕಾಚಾರ
calculation	ಲೆಕ್ಕಾಚಾರ
calculation; counting; consideration	ಲೆಕ್ಕಾಚಾರ; ಎಣಿಕೆ; ಪರಿಗಣನೆ
calculation; reckoning	ಲೆಕ್ಕಾಚಾರ; ಲೆಕ್ಕಾಚಾರ
calendar	ಕ್ಯಾಲೆಂಡರ್
call	ಕರೆ
call off	ಕರೆ ಮಾಡಿ
call; visit	ಕರೆ; ಭೇಟಿ
calligraphy	ಕ್ಯಾಲಿಗ್ರಫಿ
calling on someone who is ill; enquiry	ಅನಾರೋಗ್ಯದಿಂದ ಬಳಲುತ್ತಿರುವ ಯಾರನ್ನಾದರೂ ಕರೆಯುವುದು; ವಿಚಾರಣೆ
calm	ಶಾಂತ
calm; composure; coolness; serenity	ಶಾಂತ; ಹಿಡಿತ; ತಂಪು; ಪ್ರಶಾಂತತೆ
calm; gentle; quiet	ಶಾಂತ; ಸೌಮ್ಯವಾದ; ಸ್ತಬ್ಧ
calorie	ಕ್ಯಾಲೋರಿ
camcorder	ಕಾಮ್ಕಾರ್ಡರ್
camel	ಒಂಟೆ
camera	ಕ್ಯಾಮೆರಾ
camp	ಶಿಬಿರ
campaign	ಪ್ರಚಾರ
camping	ಕ್ಯಾಂಪಿಂಗ್
campus	ಕ್ಯಾಂಪಸ್
can	ಮಾಡಬಹುದು
can; tin	ಮಾಡಬಹುದು; ತವರ
canal	ಕಾಲುವೆ
canal; waterway	ಕಾಲುವೆ; ಜಲಮಾರ್ಗ
cancel	ರದ್ದುಮಾಡು
cancellation	ರದ್ದತಿ
cancellation; rescinding; release; calling off	ರದ್ದತಿ; ರದ್ದುಗೊಳಿಸುವುದು; ಬಿಡುಗಡೆ; ಕರೆಯುತ್ತಿದೆ
cancer	ಕ್ಯಾನ್ಸರ್
candidacy	ಉಮೇದುವಾರಿಕೆ
candidate	ಅಭ್ಯರ್ಥಿ
candle	ಮೇಣದಬತ್ತಿ
candy	ಕ್ಯಾಂಡಿ
cannot	ಸಾಧ್ಯವಿಲ್ಲ
cannot sleep	ಮಲಗಲು ಸಾಧ್ಯವಿಲ್ಲ
canteen; flask; water bottle	ಕ್ಯಾಂಟೀನ್; ಫ್ಲಾಸ್ಕ್; ನೀರಿನ ಬಾಟಲ್
canvas	ಕ್ಯಾನ್ವಾಸ್
cap	ಕ್ಯಾಪ್
capability	ಸಾಮರ್ಥ್ಯ
capable	ಸಮರ್ಥ
capacity	ಸಾಮರ್ಥ್ಯ
capacity; volume	ಸಾಮರ್ಥ್ಯ; ಪರಿಮಾಣ
cape (on coast)	ಕೇಪ್ (ಕರಾವಳಿಯಲ್ಲಿ)
capital	ಬಂಡವಾಳ
capital city	ರಾಜಧಾನಿ ನಗರ
capitalism	ಬಂಡವಾಳಶಾಹಿ
capitalist	ಬಂಡವಾಳಶಾಹಿ
captain	ನಾಯಕ
capture	ಸೆರೆಹಿಡಿಯಿರಿ
car	ಕಾರು
car; vehicle	ಕಾರು; ವಾಹನ
carbon	ಇಂಗಾಲ
card	ಕಾರ್ಡ್
care	ಕಾಳಜಿ
care / looking after	ಆರೈಕೆ / ನೋಡಿಕೊಳ್ಳುವುದು
care-taking; caretaker; house-watching	ಕಾಳಜಿ ವಹಿಸುವುದು; ಉಸ್ತುವಾರಿ; ಮನೆ-ವೀಕ್ಷಣೆ
care; precaution; guarding; caution	ಆರೈಕೆ; ಮುನ್ನೆಚ್ಚರಿಕೆ; ಕಾವಲು; ಎಚ್ಚರಿಕೆ
career	ವೃತ್ತಿ
carefree	ನಿರಾತಂಕ
carefree; optimistic; careless; reckless; heedless	ನಿರಾತಂಕ; ಆಶಾವಾದಿ; ಅಸಡ್ಡೆ; ಅಜಾಗರೂಕ; ಅಜಾಗರೂಕ
careful	ಎಚ್ಚರಿಕೆಯಿಂದ
carefully	ಎಚ್ಚರಿಕೆಯಿಂದ
careless	ಅಸಡ್ಡೆ
carelessly	ಅಜಾಗರೂಕತೆಯಿಂದ
cargo	ಸರಕು
cargo; freight	ಸರಕು; ಸರಕು ಸಾಗಣೆ
carpenter	ಬಡಗಿ
carpet	ಕಾರ್ಪೆಟ್
carriage	ಗಾಡಿ
carrot	ಕ್ಯಾರೆಟ್
carry	ಒಯ್ಯುತ್ತಾರೆ
carry on	ಮುಂದುವರಿಸಿ
carry out	ಕೈಗೊಳ್ಳುತ್ತವೆ
carrying something	ಏನನ್ನಾದರೂ ಒಯ್ಯುವುದು
cartoon	ಕಾರ್ಟೂನ್
carve	ಕೊರೆಯಿರಿ
carving; engraving; sculpture	ಕೆತ್ತನೆ; ಕೆತ್ತನೆ; ಶಿಲ್ಪಕಲೆ
case	ಪ್ರಕರಣ
cash	ನಗದು
cash register	ನಗದು ರಿಜಿಸ್ಟರ್
cash; ready money; mercenary; self-interested	ನಗದು; ಸಿದ್ಧ ಹಣ; ಕೂಲಿ; ಸ್ವ-ಆಸಕ್ತಿ
casino	ಕ್ಯಾಸಿನೊ
cassette player with a radio	ರೇಡಿಯೊದೊಂದಿಗೆ ಕ್ಯಾಸೆಟ್ ಪ್ಲೇಯರ್
cast	ಎರಕಹೊಯ್ದ
castle	ಕೋಟೆ
casual	ಪ್ರಾಸಂಗಿಕ
casual; unconcerned	ಪ್ರಾಸಂಗಿಕ; ಕಾಳಜಿಯಿಲ್ಲದ
casually; unexpectedly; accidentally; by chance	ಆಕಸ್ಮಿಕವಾಗಿ; ಅನಿರೀಕ್ಷಿತವಾಗಿ; ಆಕಸ್ಮಿಕವಾಗಿ; ಆಕಸ್ಮಿಕವಾಗಿ
casualty	ಅಪಘಾತ
cat	ಬೆಕ್ಕು
catalogue	ಕ್ಯಾಟಲಾಗ್
catalyze	ವೇಗವರ್ಧಕ
catch	ಹಿಡಿಯಿರಿ
catch up	ಹಿಡಿಯಿರಿ
category	ವರ್ಗ
cater	ಪೂರೈಸು
cattle	ಜಾನುವಾರು
cattle; cow	ಜಾನುವಾರು; ಹಸು
cause	ಉಂಟು
cause / factor	ಕಾರಣ / ಅಂಶ
cause; reason; fault	ಕಾರಣ; ಕಾರಣ; ತಪ್ಪು
cause; source	ಕಾರಣ; ಮೂಲ
caution	ಎಚ್ಚರಿಕೆ
cautious	ಎಚ್ಚರಿಕೆಯ
cave	ಗುಹೆ
cavity; tooth decay; decayed tooth; caries	ಕುಳಿ; ಹಲ್ಲಿನ ಕೊಳೆತ; ಕೊಳೆತ ಹಲ್ಲು; ಕ್ಷಯ
cease	ನಿಲ್ಲಿಸು
ceiling	ಸೀಲಿಂಗ್
celebrate	ಆಚರಿಸುತ್ತಾರೆ
celebration	ಆಚರಣೆ
celebration; festival	ಆಚರಣೆ; ಹಬ್ಬ
celebrity	ಪ್ರಸಿದ್ಧ
cell	ಜೀವಕೋಶ
cemetery	ಸ್ಮಶಾನ
census; family register	ಜನಗಣತಿ; ಕುಟುಂಬ ನೋಂದಣಿ
cent	ಶೇ
center	ಕೇಂದ್ರ
center; core; heart; pivot; emphasis; balance	ಕೇಂದ್ರ; ಕೋರ್; ಹೃದಯ; ಪಿವೋಟ್; ಒತ್ತು; ಸಮತೋಲನ
central	ಕೇಂದ್ರ
centre	ಕೇಂದ್ರ
centre; central; center; middle	ಕೇಂದ್ರ; ಕೇಂದ್ರ; ಕೇಂದ್ರ; ಮಧ್ಯಮ
century	ಶತಮಾನ
century; era	ಶತಮಾನ; ಯುಗ
ceremony	ಸಮಾರಂಭ
ceremony; rite; ritual; service	ಸಮಾರಂಭ; ವಿಧಿ; ಆಚರಣೆ; ಸೇವೆ
certain	ನಿಶ್ಚಿತ
certainly	ಖಂಡಿತವಾಗಿಯೂ
certainly (I understand)	ಖಂಡಿತವಾಗಿಯೂ (ನಾನು ಅರ್ಥಮಾಡಿಕೊಂಡಿದ್ದೇನೆ)
certainly / indeed	ಖಂಡಿತವಾಗಿಯೂ / ವಾಸ್ತವವಾಗಿ
certainly / understood	ಖಂಡಿತ / ಅರ್ಥವಾಯಿತು
certainly!	ಖಂಡಿತವಾಗಿಯೂ!
certainly; necessarily	ಖಂಡಿತವಾಗಿಯೂ; ಅಗತ್ಯವಾಗಿ
certainly; without fail	ಖಂಡಿತವಾಗಿಯೂ; ತಪ್ಪದೆ
certainty	ಖಚಿತತೆ
certainty; reliability; soundness	ಖಚಿತತೆ; ವಿಶ್ವಾಸಾರ್ಹತೆ; ಸದೃಢತೆ
certificate	ಪ್ರಮಾಣಪತ್ರ
certification	ಪ್ರಮಾಣೀಕರಣ
chain	ಸರಪಳಿ
chain of islands	ದ್ವೀಪಗಳ ಸರಪಳಿ
chair	ಕುರ್ಚಿ
chairman	ಅಧ್ಯಕ್ಷ
chairmanship	ಅಧ್ಯಕ್ಷತೆ
challenge	ಸವಾಲು
challenging	ಸವಾಲು
chamber	ಚೇಂಬರ್
champion	ಚಾಂಪಿಯನ್
championship	ಚಾಂಪಿಯನ್ಶಿಪ್
chance	ಅವಕಾಶ
chance; fate; destiny; relation; bonds; connection; karma	ಅವಕಾಶ; ವಿಧಿ; ವಿಧಿ; ಸಂಬಂಧ; ಬಂಧಗಳು; ಸಂಪರ್ಕ; ಕರ್ಮ
change	ಬದಲಾವಣೆ
change (money)	ಬದಲಾವಣೆ (ಹಣ)
change of address	ವಿಳಾಸ ಬದಲಾವಣೆ
change; modification; alteration	ಬದಲಾವಣೆ; ಮಾರ್ಪಾಡು; ಬದಲಾವಣೆ
change; money exchange	ಬದಲಾವಣೆ; ಹಣ ವಿನಿಮಯ
changing clothes; change of clothes	ಬಟ್ಟೆ ಬದಲಾಯಿಸುವುದು; ಬಟ್ಟೆ ಬದಲಾವಣೆ
channel	ಚಾನಲ್
chaos	ಅವ್ಯವಸ್ಥೆ
chapter	ಅಧ್ಯಾಯ
character	ಪಾತ್ರ
character; personality	ಪಾತ್ರ; ವ್ಯಕ್ತಿತ್ವ
character; personality; person; man; personage; talented man	ಪಾತ್ರ; ವ್ಯಕ್ತಿತ್ವ; ವ್ಯಕ್ತಿ; ಮನುಷ್ಯ; ವ್ಯಕ್ತಿತ್ವ; ಪ್ರತಿಭಾವಂತ ವ್ಯಕ್ತಿ
character; qualities; genius	ಪಾತ್ರ; ಗುಣಗಳು; ಮೇಧಾವಿ
character; traits; ethos	ಪಾತ್ರ; ಲಕ್ಷಣಗಳು; ನೈತಿಕತೆ
characteristic	ವಿಶಿಷ್ಟ
characteristic; feature	ಲಕ್ಷಣ; ವೈಶಿಷ್ಟ್ಯ
characteristic; tradition; peculiar; inherent; eigen-	ಲಕ್ಷಣ; ಸಂಪ್ರದಾಯ; ವಿಚಿತ್ರವಾದ; ಅಂತರ್ಗತ; ಐಜನ್-
characterize	ಗುಣಲಕ್ಷಣ
charge	ಚಾರ್ಜ್
charity	ದಾನ
charm	ಮೋಡಿ
charm; fascination; glamour	ಮೋಡಿ; ಆಕರ್ಷಣೆ; ಗ್ಲಾಮರ್
charming	ಆಕರ್ಷಕ
charming; fascinating; voluptuous	ಆಕರ್ಷಕ; ಆಕರ್ಷಕ; ಭೋಗಭರಿತ
chart	ಚಾರ್ಟ್
chart; diagram; graph	ಚಾರ್ಟ್; ರೇಖಾಚಿತ್ರ; ಗ್ರಾಫ್
charter	ಸನ್ನದು
chase	ಬೆನ್ನಟ್ಟುತ್ತಾರೆ
chat	ಚಾಟ್
chat; talk	ಚಾಟ್; ಮಾತನಾಡುತ್ತಾರೆ
chattering; talk; idle talk; chat; chitchat; gossip; chatty; talkative; chatterbox; blabbermouth	ವಟಗುಟ್ಟುವಿಕೆ; ಮಾತನಾಡಿ; ನಿಷ್ಫಲ ಮಾತು; ಚಾಟ್; ಚಿಟ್ಚಾಟ್; ಗಾಸಿಪ್; ಚಾಟಿ; ಮಾತನಾಡುವ; ವಟಗುಟ್ಟುವಿಕೆ; ಅಬ್ಬರದ ಬಾಯಿ
cheap	ಅಗ್ಗದ
cheap, inexpensive	ಅಗ್ಗದ, ಅಗ್ಗದ
cheap-looking; tawdry; insignificant	ಅಗ್ಗವಾಗಿ ಕಾಣುವ; ಟೌಡ್ರಿ; ಅತ್ಯಲ್ಪ
cheat	ಮೋಸ
check	ಪರಿಶೀಲಿಸಿ
check-up	ತಪಾಸಣೆ
checkout / register	ಚೆಕ್ಔಟ್ / ನೋಂದಣಿ
cheek	ಕೆನ್ನೆ
cheek (of face)	ಕೆನ್ನೆ (ಮುಖದ)
cheer	ಹುರಿದುಂಬಿಸಿ
cheer; shout of joy	ಹರ್ಷೋದ್ಗಾರ; ಸಂತೋಷದ ಕೂಗು
cheerful	ಹರ್ಷಚಿತ್ತದಿಂದ
cheerful; buoyant; lighthearted	ಹರ್ಷಚಿತ್ತದಿಂದ; ತೇಲುವ; ಲಘು ಹೃದಯದ
cheers!	ಚೀರ್ಸ್!
cheese	ಚೀಸ್
cheeseburger	ಚೀಸ್ ಬರ್ಗರ್
chef	ಬಾಣಸಿಗ
chemical	ರಾಸಾಯನಿಕ
chemical combination	ರಾಸಾಯನಿಕ ಸಂಯೋಜನೆ
chemical element	ರಾಸಾಯನಿಕ ಅಂಶ
chemistry	ರಸಾಯನಶಾಸ್ತ್ರ
cherry blossom pink	ಚೆರ್ರಿ ಹೂವು ಗುಲಾಬಿ
cherry blossom; cherry tree	ಚೆರ್ರಿ ಹೂವು; ಚೆರ್ರಿ ಮರ
cherry-blossom viewing	ಚೆರ್ರಿ ಹೂವು ವೀಕ್ಷಣೆ
chest	ಎದೆ
chest of drawers	ಡ್ರಾಯರ್ಗಳ ಎದೆ
chicken	ಕೋಳಿ
chicken (meat)	ಕೋಳಿ (ಮಾಂಸ)
chicken meat	ಕೋಳಿ ಮಾಂಸ
chief	ಮುಖ್ಯಸ್ಥ
chief; main; principal; major	ಮುಖ್ಯಸ್ಥ; ಮುಖ್ಯ; ಪ್ರಧಾನ; ಪ್ರಮುಖ
chiefly	ಮುಖ್ಯವಾಗಿ
child	ಮಗು
childcare; nursing; upbringing	ಶಿಶುಪಾಲನಾ; ಶುಶ್ರೂಷೆ; ಪಾಲನೆ
childhood	ಬಾಲ್ಯ
children	ಮಕ್ಕಳು
children's room	ಮಕ್ಕಳ ಕೊಠಡಿ
children; juvenile	ಮಕ್ಕಳು; ಬಾಲಾಪರಾಧಿ
chimney	ಚಿಮಣಿ
chin	ಗಲ್ಲದ
chip	ಚಿಪ್
chocolate	ಚಾಕೊಲೇಟ್
choice	ಆಯ್ಕೆ
choir	ಗಾಯಕವೃಂದ
choose	ಆಯ್ಕೆ
chop	ಕೊಚ್ಚು
chopsticks	ಚಾಪ್ಸ್ಟಿಕ್ಗಳು
chronic	ದೀರ್ಘಕಾಲದ
chunk	ತುಂಡು
church	ಚರ್ಚ್
cigarette	ಸಿಗರೇಟು
cinema	ಸಿನಿಮಾ
circle	ವೃತ್ತ
circle; full (month); perfection; purity; suffix for ship names	ವೃತ್ತ; ಪೂರ್ಣ (ತಿಂಗಳು); ಪರಿಪೂರ್ಣತೆ; ಶುದ್ಧತೆ; ಹಡಗಿನ ಹೆಸರುಗಳಿಗೆ ಪ್ರತ್ಯಯ
circle; money	ವೃತ್ತ; ಹಣ
circuit	ಸರ್ಕ್ಯೂಟ್
circuit (electric)	ಸರ್ಕ್ಯೂಟ್ (ವಿದ್ಯುತ್)
circulate	ಪರಿಚಲನೆ ಮಾಡುತ್ತವೆ
circulation	ಪರಿಚಲನೆ
circulation; rotation; cycle	ಪರಿಚಲನೆ; ತಿರುಗುವಿಕೆ; ಸೈಕಲ್
circumference	ಸುತ್ತಳತೆ
circumference; outskirts; environs; (computer) peripheral	ಸುತ್ತಳತೆ; ಹೊರವಲಯಗಳು; ಪರಿಸರ; (ಕಂಪ್ಯೂಟರ್) ಬಾಹ್ಯ
circumference; surroundings; circulation	ಸುತ್ತಳತೆ; ಸುತ್ತಮುತ್ತಲಿನ; ಪರಿಚಲನೆ
circumspect	ಸೂಕ್ಷ್ಮವಾಗಿ
circumstance	ಸನ್ನಿವೇಶ
circumstances	ಸಂದರ್ಭಗಳು
circumstances; consideration; conditions; situation; reasons	ಸಂದರ್ಭಗಳು; ಪರಿಗಣನೆ; ಷರತ್ತುಗಳು; ಪರಿಸ್ಥಿತಿ; ಕಾರಣಗಳು
circumstances; convenience	ಸಂದರ್ಭಗಳು; ಅನುಕೂಲಕ್ಕಾಗಿ
circumvent	ತಪ್ಪಿಸಿಕೊಳ್ಳು
cite	ಉಲ್ಲೇಖಿಸಿ
citizen	ನಾಗರಿಕ
citizens; inhabitants; residents; population	ನಾಗರಿಕರು; ನಿವಾಸಿಗಳು; ನಿವಾಸಿಗಳು; ಜನಸಂಖ್ಯೆ
citizenship	ಪೌರತ್ವ
city	ನಗರ
city / town	ನಗರ / ಪಟ್ಟಣ
civic	ನಾಗರಿಕ
civil	ನಾಗರಿಕ
civilian	ನಾಗರಿಕ
civility; courtesy; compliments; sociability; graces	ನಾಗರಿಕತೆ; ಸೌಜನ್ಯ; ಅಭಿನಂದನೆಗಳು; ಸಾಮಾಜಿಕತೆ; ಅನುಗ್ರಹಗಳು
civilization	ನಾಗರಿಕತೆ
civilization; culture	ನಾಗರಿಕತೆ; ಸಂಸ್ಕೃತಿ
claim	ಹೇಳಿಕೊಳ್ಳುತ್ತಾರೆ
claim; demand; application; request	ಹಕ್ಕು; ಬೇಡಿಕೆ; ಅಪ್ಲಿಕೇಶನ್; ವಿನಂತಿ
claim; request; insistence; assertion	ಹಕ್ಕು; ವಿನಂತಿ; ಒತ್ತಾಯ; ಪ್ರತಿಪಾದನೆ
clapping hands; applause	ಚಪ್ಪಾಳೆ ತಟ್ಟುವುದು; ಚಪ್ಪಾಳೆ
clarify	ಸ್ಪಷ್ಟಪಡಿಸಿ
clarity	ಸ್ಪಷ್ಟತೆ
clash	ಘರ್ಷಣೆ
class	ವರ್ಗ
class / lesson	ತರಗತಿ / ಪಾಠ
class; grade; rank; school class; grade	ವರ್ಗ; ಗ್ರೇಡ್; ಶ್ರೇಣಿ; ಶಾಲಾ ವರ್ಗ; ಗ್ರೇಡ್
class; group; team; set	ವರ್ಗ; ಗುಂಪು; ತಂಡ; ಸೆಟ್
class; level; stratum; hierarchy	ವರ್ಗ; ಮಟ್ಟ; ಸ್ತರ; ಕ್ರಮಾನುಗತ
class; rank; grade	ವರ್ಗ; ಶ್ರೇಣಿ; ಗ್ರೇಡ್
classic	ಶ್ರೇಷ್ಠ
classical	ಶಾಸ್ತ್ರೀಯ
classification	ವರ್ಗೀಕರಣ
classify	ವರ್ಗೀಕರಿಸಿ
classmate	ಸಹಪಾಠಿ
classroom	ತರಗತಿಯ
clause	ಷರತ್ತು
clean	ಶುದ್ಧ
clean / pretty	ಶುದ್ಧ / ಸುಂದರ
clean copy	ಶುದ್ಧ ಪ್ರತಿ
cleaning	ಸ್ವಚ್ಛಗೊಳಿಸುವ
cleaning; sweeping	ಸ್ವಚ್ಛಗೊಳಿಸುವ; ಗುಡಿಸುವುದು
clear	ಸ್ಪಷ್ಟ
clear up; clarify; define	ತೆರವುಗೊಳಿಸಿ; ಸ್ಪಷ್ಟಪಡಿಸು; ವ್ಯಾಖ್ಯಾನಿಸಿ
clear weather	ಸ್ಪಷ್ಟ ಹವಾಮಾನ
clear; pure; noble	ಸ್ಪಷ್ಟ; ಶುದ್ಧ; ಉದಾತ್ತ
clearly	ಸ್ಪಷ್ಟವಾಗಿ
clerk	ಗುಮಾಸ್ತ
clever	ಬುದ್ಧಿವಂತ
clever; adept; good; expectations; as one would expect	ಬುದ್ಧಿವಂತ; ಪ್ರವೀಣ; ಒಳ್ಳೆಯದು; ನಿರೀಕ್ಷೆಗಳು; ಒಬ್ಬರು ನಿರೀಕ್ಷಿಸಿದಂತೆ
clever; shrewd; bright; sharp; wise; intelligent	ಬುದ್ಧಿವಂತ; ಚಾಣಾಕ್ಷ; ಪ್ರಕಾಶಮಾನವಾದ; ತೀಕ್ಷ್ಣವಾದ; ಬುದ್ಧಿವಂತ; ಬುದ್ಧಿವಂತ
click	ಕ್ಲಿಕ್ ಮಾಡಿ
client	ಗ್ರಾಹಕ
cliff	ಬಂಡೆ
climate	ಹವಾಮಾನ
climate change	ಹವಾಮಾನ ಬದಲಾವಣೆ
climb	ಏರಲು
cling	ಅಂಟಿಕೊಳ್ಳುತ್ತವೆ
clinic	ಕ್ಲಿನಿಕ್
clinical	ಕ್ಲಿನಿಕಲ್
clip	ಕ್ಲಿಪ್
clock	ಗಡಿಯಾರ
close	ಮುಚ್ಚಿ
close friend; buddy	ನಿಕಟ ಸ್ನೇಹಿತ; ಗೆಳೆಯ
close; near	ಮುಚ್ಚಿ; ಹತ್ತಿರ
closed	ಮುಚ್ಚಲಾಗಿದೆ
closed (e.g. store); business suspended; shutdown; holiday	ಮುಚ್ಚಲಾಗಿದೆ (ಉದಾಹರಣೆಗೆ ಅಂಗಡಿ); ವ್ಯಾಪಾರ ಸ್ಥಗಿತಗೊಳಿಸಲಾಗಿದೆ; ಸ್ಥಗಿತಗೊಳಿಸುವಿಕೆ; ರಜೆ
closely	ನಿಕಟವಾಗಿ
closet	ಬಚ್ಚಲು
closing up; fastening the doors	ಮುಚ್ಚುವುದು; ಬಾಗಿಲುಗಳನ್ನು ಜೋಡಿಸುವುದು
closing; cut-off; end; deadline; Closed; No Entrance	ಮುಚ್ಚುವುದು; ಕಟ್-ಆಫ್; ಅಂತ್ಯ; ಗಡುವು; ಮುಚ್ಚಲಾಗಿದೆ; ಪ್ರವೇಶವಿಲ್ಲ
closure	ಮುಚ್ಚುವಿಕೆ
cloth	ಬಟ್ಟೆ
cloth; piece; cut; chop	ಬಟ್ಟೆ; ತುಂಡು; ಕತ್ತರಿಸಿ; ಕೊಚ್ಚು
clothes	ಬಟ್ಟೆ
clothes; clothing; garments	ಬಟ್ಟೆ; ಬಟ್ಟೆ; ಉಡುಪುಗಳು
clothing	ಬಟ್ಟೆ
clothing (respect)	ಬಟ್ಟೆ (ಗೌರವ)
clothing, clothes	ಬಟ್ಟೆ, ಬಟ್ಟೆ
clothing; costume; outfit; garment; dress	ಬಟ್ಟೆ; ವೇಷಭೂಷಣ; ಸಜ್ಜು; ಉಡುಪು; ಉಡುಗೆ
cloud	ಮೋಡ
cloudiness; cloudy weather; shadow	ಮೋಡಕವಿದ; ಮೋಡ ಕವಿದ ವಾತಾವರಣ; ನೆರಳು
cloudy	ಮೋಡ ಕವಿದಿದೆ
cloudy weather	ಮೋಡ ಕವಿದ ವಾತಾವರಣ
club	ಕ್ಲಬ್
club activity	ಕ್ಲಬ್ ಚಟುವಟಿಕೆ
club; student society	ಕ್ಲಬ್; ವಿದ್ಯಾರ್ಥಿ ಸಮಾಜ
clue	ಸುಳಿವು
clumsy; poor at...	ಬೃಹದಾಕಾರದ; ಕಳಪೆ...
cluster	ಕ್ಲಸ್ಟರ್
co-operation; conciliation; harmony; firm (market) tone	ಸಹಕಾರ; ಸಂಧಾನ; ಸಾಮರಸ್ಯ; ಸಂಸ್ಥೆಯ (ಮಾರುಕಟ್ಟೆ) ಟೋನ್
coach	ತರಬೇತುದಾರ
coal	ಕಲ್ಲಿದ್ದಲು
coal mine; coal pit	ಕಲ್ಲಿದ್ದಲು ಗಣಿ; ಕಲ್ಲಿದ್ದಲು ಪಿಟ್
coalition	ಸಮ್ಮಿಶ್ರ
coarse; rough	ಒರಟಾದ; ಒರಟು
coast	ಕರಾವಳಿ
coast / beach	ಕರಾವಳಿ / ಬೀಚ್
coast; shore	ಕರಾವಳಿ; ತೀರ
coastal	ಕರಾವಳಿ
coat	ಕೋಟ್
cocktail	ಕಾಕ್ಟೈಲ್
code	ಕೋಡ್
coeducation	ಸಹಶಿಕ್ಷಣ
coercion	ಬಲಾತ್ಕಾರ
coexistence	ಸಹಬಾಳ್ವೆ
coffee	ಕಾಫಿ
coffee lounge	ಕಾಫಿ ಕೋಣೆ
cogent	ಕೋಜೆಂಟ್
cognitive	ಅರಿವಿನ
coherence	ಸುಸಂಬದ್ಧತೆ
coherent	ಸುಸಂಬದ್ಧ
coin	ನಾಣ್ಯ
coincide	ಸೇರಿಕೊಳ್ಳುತ್ತವೆ
coincidence	ಕಾಕತಾಳೀಯ
cola	ಕೋಲಾ
cold	ಶೀತ
cold (illness)	ಶೀತ (ಅನಾರೋಗ್ಯ)
cold (thing/people)	ಶೀತ (ವಸ್ತು/ಜನರು)
cold (to touch)	ಶೀತ (ಸ್ಪರ್ಶಕ್ಕೆ)
cold (weather)	ಶೀತ (ಹವಾಮಾನ)
cold (weather-not used for objects)	ಶೀತ (ಹವಾಮಾನ - ವಸ್ತುಗಳಿಗೆ ಬಳಸಲಾಗುವುದಿಲ್ಲ)
cold drinking water	ತಂಪಾದ ಕುಡಿಯುವ ನೀರು
cold to the touch	ಸ್ಪರ್ಶಕ್ಕೆ ಶೀತ
cold wind	ತಂಪಾದ ಗಾಳಿ
cold; frost; chill	ಶೀತ; ಫ್ರಾಸ್ಟ್; ತಣ್ಣಗೆ
collaborate	ಸಹಕರಿಸಿ
collaboration	ಸಹಯೋಗ
collapse	ಕುಸಿತ
colleague	ಸಹೋದ್ಯೋಗಿ
collect	ಸಂಗ್ರಹಿಸು
collecting	ಸಂಗ್ರಹಿಸುತ್ತಿದೆ
collection	ಸಂಗ್ರಹಣೆ
collection; recovery	ಸಂಗ್ರಹಣೆ; ಚೇತರಿಕೆ
collective	ಸಾಮೂಹಿಕ
collector	ಸಂಗ್ರಾಹಕ
college	ಕಾಲೇಜು
college student	ಕಾಲೇಜು ವಿದ್ಯಾರ್ಥಿ
college; university	ಕಾಲೇಜು; ವಿಶ್ವವಿದ್ಯಾಲಯ
collision	ಘರ್ಷಣೆ
collision; conflict	ಘರ್ಷಣೆ; ಸಂಘರ್ಷ
colonial	ವಸಾಹತುಶಾಹಿ
colony	ವಸಾಹತು
color	ಬಣ್ಣ
colorful	ವರ್ಣರಂಜಿತ
colors; paints	ಬಣ್ಣಗಳು; ಬಣ್ಣಗಳು
colour	ಬಣ್ಣ
coloured	ಬಣ್ಣದ
colourful	ವರ್ಣರಂಜಿತ
column	ಕಾಲಮ್
column of text (e.g. as in a newspaper)	ಪಠ್ಯದ ಕಾಲಮ್ (ಉದಾ. ಪತ್ರಿಕೆಯಲ್ಲಿರುವಂತೆ)
column; beam; digit	ಕಾಲಮ್; ಕಿರಣ; ಅಂಕೆ
columnist	ಅಂಕಣಕಾರ
comb	ಬಾಚಣಿಗೆ
combat	ಯುದ್ಧ
combination	ಸಂಯೋಜನೆ
combination; incorporation; union; amalgamation	ಸಂಯೋಜನೆ; ಸಂಯೋಜನೆ; ಒಕ್ಕೂಟ; ಸಮ್ಮಿಲನ
combination; union	ಸಂಯೋಜನೆ; ಒಕ್ಕೂಟ
combine	ಸಂಯೋಜಿಸಿ
come	ಬನ್ನಿ
come across	ಅಡ್ಡ ಬರುತ್ತವೆ
come in	ಒಳಗೆ ಬನ್ನಿ
come up with	ಜೊತೆ ಬನ್ನಿ
comedy	ಹಾಸ್ಯ
comedy; funny show	ಹಾಸ್ಯ; ತಮಾಷೆಯ ಪ್ರದರ್ಶನ
comfort	ಆರಾಮ
comfort; ease	ಆರಾಮ; ಸುಲಭ
comfortable	ಆರಾಮದಾಯಕ
comic	ಕಾಮಿಕ್
comic book	ಕಾಮಿಕ್ ಪುಸ್ತಕ
coming from	ನಿಂದ ಬರುತ್ತಿದೆ
coming into existence; arrangements; establishment; completion	ಅಸ್ತಿತ್ವಕ್ಕೆ ಬರುವುದು; ವ್ಯವಸ್ಥೆಗಳು; ಸ್ಥಾಪನೆ; ಪೂರ್ಣಗೊಳಿಸುವಿಕೆ
coming to the office	ಕಚೇರಿಗೆ ಬರುತ್ತಿದ್ದಾರೆ
command	ಆಜ್ಞೆ
command; decree; life; destiny	ಆಜ್ಞೆ; ತೀರ್ಪು; ಜೀವನ; ವಿಧಿ
commander	ಕಮಾಂಡರ್
commemoration; memory	ಸ್ಮರಣಾರ್ಥ; ಸ್ಮರಣೆ
commence	ಆರಂಭಿಸಲು
comment	ಕಾಮೆಂಟ್
commentary	ವ್ಯಾಖ್ಯಾನ
commentator	ವ್ಯಾಖ್ಯಾನಕಾರ
commerce	ವಾಣಿಜ್ಯ
commerce; trade; business	ವಾಣಿಜ್ಯ; ವ್ಯಾಪಾರ; ವ್ಯಾಪಾರ
commercial	ವಾಣಿಜ್ಯ
commission	ಆಯೋಗ
commissioner	ಆಯುಕ್ತ
commit	ಒಪ್ಪಿಸುತ್ತೇನೆ
commitment	ಬದ್ಧತೆ
committee	ಸಮಿತಿ
committee member	ಸಮಿತಿಯ ಸದಸ್ಯ
commodity	ಸರಕು
commodity; article of commerce; goods; stock; merchandise	ಸರಕು; ವಾಣಿಜ್ಯ ಲೇಖನ; ಸರಕುಗಳು; ಸ್ಟಾಕ್; ಸರಕು
commodity; foodstuff	ಸರಕು; ಆಹಾರ ಪದಾರ್ಥ
common	ಸಾಮಾನ್ಯ
common sense	ಸಾಮಾನ್ಯ ಜ್ಞಾನ
common; commonplace; ordinary; mediocre	ಸಾಮಾನ್ಯ; ಸಾಮಾನ್ಯ; ಸಾಮಾನ್ಯ; ಸಾಧಾರಣ
common; customary	ಸಾಮಾನ್ಯ; ರೂಢಿಗತ
commonly	ಸಾಮಾನ್ಯವಾಗಿ
commonness; community	ಸಾಮಾನ್ಯತೆ; ಸಮುದಾಯ
communicate	ಸಂವಹನ
communication	ಸಂವಹನ
communism	ಕಮ್ಯುನಿಸಂ
communist	ಕಮ್ಯುನಿಸ್ಟ್
community	ಸಮುದಾಯ
commuter pass; season ticket	ಪ್ರಯಾಣಿಕರ ಪಾಸ್; ಸೀಸನ್ ಟಿಕೆಟ್
commuting to school	ಶಾಲೆಗೆ ಪ್ರಯಾಣ
commuting to work	ಕೆಲಸಕ್ಕೆ ಪ್ರಯಾಣ
companion	ಒಡನಾಡಿ
companion / peer	ಒಡನಾಡಿ / ಪೀರ್
companion; company	ಒಡನಾಡಿ; ಕಂಪನಿ
companion; partner; company	ಒಡನಾಡಿ; ಪಾಲುದಾರ; ಕಂಪನಿ
company	ಕಂಪನಿ
company employee	ಕಂಪನಿ ಉದ್ಯೋಗಿ
company president	ಕಂಪನಿ ಅಧ್ಯಕ್ಷ
company; fellow; colleague; associate	ಕಂಪನಿ; ಸಹವರ್ತಿ; ಸಹೋದ್ಯೋಗಿ; ಸಹವರ್ತಿ
company; friendship; association; society; acquaintance	ಕಂಪನಿ; ಸ್ನೇಹ; ಸಂಘ; ಸಮಾಜ; ಪರಿಚಯ
comparable	ಹೋಲಿಸಬಹುದಾದ
comparative	ತುಲನಾತ್ಮಕ
comparatively	ತುಲನಾತ್ಮಕವಾಗಿ
comparatively; relatively	ತುಲನಾತ್ಮಕವಾಗಿ; ತುಲನಾತ್ಮಕವಾಗಿ
compare	ಹೋಲಿಸಿ
compared with ...	ಹೋಲಿಸಿದರೆ ...
comparison	ಹೋಲಿಕೆ
compassion	ಸಹಾನುಭೂತಿ
compel	ಒತ್ತಾಯ
compelling	ಬಲವಾದ
compensate	ಸರಿದೂಗಿಸು
compensation	ಪರಿಹಾರ
compete	ಸ್ಪರ್ಧಿಸುತ್ತಾರೆ
competence	ಸಾಮರ್ಥ್ಯ
competent	ಸಮರ್ಥ
competition	ಸ್ಪರ್ಧೆ
competitive	ಸ್ಪರ್ಧಾತ್ಮಕ
competitor	ಪ್ರತಿಸ್ಪರ್ಧಿ
compile	ಕಂಪೈಲ್
complain	ದೂರು
complaint	ದೂರು
complaint; discontent; dissatisfaction	ದೂರು; ಅಸಮಾಧಾನ; ಅತೃಪ್ತಿ
complaint; troubles; objection	ದೂರು; ತೊಂದರೆಗಳು; ಆಕ್ಷೇಪಣೆ
complement	ಪೂರಕ
complete	ಸಂಪೂರ್ಣ
complete change; about-face	ಸಂಪೂರ್ಣ ಬದಲಾವಣೆ; ಮುಖದ ಬಗ್ಗೆ
complete works	ಸಂಪೂರ್ಣ ಕೆಲಸಗಳು
completely	ಸಂಪೂರ್ಣವಾಗಿ
completely alike	ಸಂಪೂರ್ಣವಾಗಿ ಸಮಾನವಾಗಿ
completely in the dark	ಸಂಪೂರ್ಣವಾಗಿ ಕತ್ತಲೆಯಲ್ಲಿ
completely; perfectly; just as if	ಸಂಪೂರ್ಣವಾಗಿ; ಪರಿಪೂರ್ಣವಾಗಿ; ಎಂಬಂತೆ
completion	ಪೂರ್ಣಗೊಳಿಸುವಿಕೆ
completion / end	ಪೂರ್ಣಗೊಳಿಸುವಿಕೆ / ಅಂತ್ಯ
completion; conclusion	ಪೂರ್ಣಗೊಳಿಸುವಿಕೆ; ತೀರ್ಮಾನ
complex	ಸಂಕೀರ್ಣ
complexion	ಮೈಬಣ್ಣ
complexity	ಸಂಕೀರ್ಣತೆ
complexity; complication	ಸಂಕೀರ್ಣತೆ; ತೊಡಕು
compliance	ಅನುಸರಣೆ
complicated	ಜಟಿಲವಾಗಿದೆ
complication	ತೊಡಕು
comply	ಅನುಸರಿಸಲು
component	ಘಟಕ
compose	ಸಂಯೋಜನೆ
composer	ಸಂಯೋಜಕ
composition	ಸಂಯೋಜನೆ
composition / structure	ಸಂಯೋಜನೆ / ರಚನೆ
composition; setting (of music)	ಸಂಯೋಜನೆ; ಸೆಟ್ಟಿಂಗ್ (ಸಂಗೀತ)
composition; writing	ಸಂಯೋಜನೆ; ಬರೆಯುತ್ತಿದ್ದೇನೆ
compound	ಸಂಯುಕ್ತ
comprehensive	ಸಮಗ್ರ
compression; condensation; pressure	ಸಂಕೋಚನ; ಘನೀಕರಣ; ಒತ್ತಡ
comprise	ಒಳಗೊಂಡಿರುತ್ತದೆ
compromise	ರಾಜಿ ಮಾಡಿಕೊಳ್ಳಿ
compulsory	ಕಡ್ಡಾಯ
compute	ಲೆಕ್ಕಾಚಾರ
computer	ಕಂಪ್ಯೂಟರ್
conceal	ಮರೆಮಾಚಲು
concede	ಒಪ್ಪಿಕೊಳ್ಳಿ
conceive	ಗರ್ಭಧರಿಸುತ್ತಾರೆ
concentrate	ಏಕಾಗ್ರತೆ
concentration	ಏಕಾಗ್ರತೆ
concentration; brightness	ಏಕಾಗ್ರತೆ; ಹೊಳಪು
concentration; focusing the mind	ಏಕಾಗ್ರತೆ; ಮನಸ್ಸನ್ನು ಕೇಂದ್ರೀಕರಿಸುವುದು
concept	ಪರಿಕಲ್ಪನೆ
conception	ಪರಿಕಲ್ಪನೆ
conception / plan	ಪರಿಕಲ್ಪನೆ / ಯೋಜನೆ
concern	ಕಾಳಜಿ
concern; interest	ಕಾಳಜಿ; ಆಸಕ್ತಿ
concerned	ಕಳವಳ ವ್ಯಕ್ತಪಡಿಸಿದ್ದಾರೆ
concerning	ಸಂಬಂಧಿಸಿದೆ
concert	ಸಂಗೀತ ಕಚೇರಿ
concession	ರಿಯಾಯಿತಿ
conclude	ತೀರ್ಮಾನಿಸುತ್ತಾರೆ
conclusion	ತೀರ್ಮಾನ
conclusion; decision	ತೀರ್ಮಾನ; ನಿರ್ಧಾರ
concrete	ಕಾಂಕ್ರೀಟ್
concrete; tangible; material	ಕಾಂಕ್ರೀಟ್; ಮೂರ್ತವಾದ; ವಸ್ತು
condemn	ಖಂಡಿಸುತ್ತಾರೆ
condiment; seasoning	ವ್ಯಂಜನ; ಮಸಾಲೆ
condition	ಸ್ಥಿತಿ
condition / terms	ಷರತ್ತು / ನಿಯಮಗಳು
condition; health	ಸ್ಥಿತಿ; ಆರೋಗ್ಯ
condition; situation; circumstances; state	ಸ್ಥಿತಿ; ಪರಿಸ್ಥಿತಿ; ಸಂದರ್ಭಗಳು; ರಾಜ್ಯ
condition; situation; prospects	ಸ್ಥಿತಿ; ಪರಿಸ್ಥಿತಿ; ನಿರೀಕ್ಷೆಗಳು
condition; state; business (condition)	ಸ್ಥಿತಿ; ರಾಜ್ಯ; ವ್ಯಾಪಾರ (ಷರತ್ತು)
conditions; terms	ಷರತ್ತುಗಳು; ನಿಯಮಗಳು
conduct	ನಡೆಸುವುದು
confer	ಸಮಾಲೋಚನೆ
conference	ಸಮ್ಮೇಳನ
conference; consultation; discussion; negotiation	ಸಮ್ಮೇಳನ; ಸಮಾಲೋಚನೆ; ಚರ್ಚೆ; ಮಾತುಕತೆ
confess	ಅರಿಕೆ
confession	ತಪ್ಪೊಪ್ಪಿಗೆ
confidence	ಆತ್ಮವಿಶ್ವಾಸ
confidence; dependence; credit; faith	ಆತ್ಮವಿಶ್ವಾಸ; ಅವಲಂಬನೆ; ಸಾಲ; ನಂಬಿಕೆ
confident	ಆತ್ಮವಿಶ್ವಾಸ
configuration	ಸಂರಚನೆ
confine	ಸೀಮಿತಗೊಳಿಸು
confirm	ದೃಢೀಕರಿಸಿ
confirmation	ದೃಢೀಕರಣ
conflagration; fire	ದಹನ; ಬೆಂಕಿ
conflate	ಒಗ್ಗೂಡಿಸು
conflict	ಸಂಘರ್ಷ
confluence; union; linking up; merge	ಸಂಗಮ; ಒಕ್ಕೂಟ; ಲಿಂಕ್ ಅಪ್; ವಿಲೀನಗೊಳಿಸು
confront	ಎದುರಿಸಲು
confrontation	ಮುಖಾಮುಖಿ
confrontation; opposition; antagonism	ಮುಖಾಮುಖಿ; ವಿರೋಧ; ವಿರೋಧಾಭಾಸ
confuse	ಗೊಂದಲ
confused	ಗೊಂದಲದಲ್ಲಿ
confusing	ಗೊಂದಲಮಯ
confusion	ಗೊಂದಲ
confusion; congestion	ಗೊಂದಲ; ದಟ್ಟಣೆ
congestion (e.g. traffic); delay; stagnation	ದಟ್ಟಣೆ (ಉದಾ. ಸಂಚಾರ); ವಿಳಂಬ; ನಿಶ್ಚಲತೆ
congratulate	ಅಭಿನಂದಿಸುತ್ತೇನೆ
congratulation	ಅಭಿನಂದನೆಗಳು
congratulations	ಅಭಿನಂದನೆಗಳು
congregation	ಸಭೆ
congressional	ಕಾಂಗ್ರೆಸ್ಸಿನ
conjecture	ಊಹೆ
conjugation; practical use	ಸಂಯೋಗ; ಪ್ರಾಯೋಗಿಕ ಬಳಕೆ
connect	ಸಂಪರ್ಕ
connected	ಸಂಪರ್ಕಿಸಲಾಗಿದೆ
connection	ಸಂಪರ್ಕ
connection; link; relationship	ಸಂಪರ್ಕ; ಲಿಂಕ್; ಸಂಬಂಧ
connection; relation	ಸಂಪರ್ಕ; ಸಂಬಂಧ
conquer	ವಶಪಡಿಸಿಕೊಳ್ಳುತ್ತಾರೆ
conscience	ಆತ್ಮಸಾಕ್ಷಿಯ
conscious	ಜಾಗೃತ
consciousness	ಪ್ರಜ್ಞೆ
consciousness; senses	ಪ್ರಜ್ಞೆ; ಇಂದ್ರಿಯಗಳು
consecutive	ಸತತವಾಗಿ
consensus	ಒಮ್ಮತ
consent	ಒಪ್ಪಿಗೆ
consent; acceptance; assent; admitting	ಒಪ್ಪಿಗೆ; ಸ್ವೀಕಾರ; ಒಪ್ಪಿಗೆ; ಒಪ್ಪಿಕೊಳ್ಳುವುದು
consent; assent; understanding	ಒಪ್ಪಿಗೆ; ಒಪ್ಪಿಗೆ; ತಿಳುವಳಿಕೆ
consequence	ಪರಿಣಾಮವಾಗಿ
consequently	ಪರಿಣಾಮವಾಗಿ
conservation	ಸಂರಕ್ಷಣೆ
conservative	ಸಂಪ್ರದಾಯವಾದಿ
conserve	ಸಂರಕ್ಷಿಸಿ
consider	ಪರಿಗಣಿಸಿ
considerable	ಗಣನೀಯ
considerable; great; important; significant; a big deal	ಗಣನೀಯ; ಶ್ರೇಷ್ಠ; ಪ್ರಮುಖ; ಗಮನಾರ್ಹ; ಒಂದು ದೊಡ್ಡ ಒಪ್ಪಂದ
considerably	ಗಣನೀಯವಾಗಿ
considerably; fairly; quite	ಗಣನೀಯವಾಗಿ; ತಕ್ಕಮಟ್ಟಿಗೆ; ಸಾಕಷ್ಟು
considerably; greatly; a lot	ಗಣನೀಯವಾಗಿ; ಬಹಳವಾಗಿ; ಬಹಳಷ್ಟು
consideration	ಪರಿಗಣನೆ
consideration / study	ಪರಿಗಣನೆ / ಅಧ್ಯಯನ
consideration; examination; investigation; study; scrutiny	ಪರಿಗಣನೆ; ಪರೀಕ್ಷೆ; ತನಿಖೆ; ಅಧ್ಯಯನ; ಪರಿಶೀಲನೆ
consideration; taking into account	ಪರಿಗಣನೆ; ಗಣನೆಗೆ ತೆಗೆದುಕೊಂಡು
consign (goods (for sale) to a firm); entrust (person with something); commit	ಸಂಸ್ಥೆಗೆ (ಸರಕು (ಮಾರಾಟಕ್ಕೆ)) ರವಾನೆ ಮಾಡಿ; ಒಪ್ಪಿಸಿ (ಏನನ್ನಾದರೂ ಹೊಂದಿರುವ ವ್ಯಕ್ತಿ); ಒಪ್ಪಿಸುತ್ತೇನೆ
consist	ಒಳಗೊಂಡಿರುತ್ತವೆ
consistency	ಸ್ಥಿರತೆ
consistent	ಸ್ಥಿರವಾದ
consistently	ಸತತವಾಗಿ
consolidate	ಕ್ರೋಢೀಕರಿಸು
conspiracy	ಪಿತೂರಿ
constant	ಸ್ಥಿರ
constantly	ನಿರಂತರವಾಗಿ
constituency	ಕ್ಷೇತ್ರ
constitute	ರೂಪಿಸುತ್ತವೆ
constitution	ಸಂವಿಧಾನ
constitutional	ಸಾಂವಿಧಾನಿಕ
constraint	ನಿರ್ಬಂಧ
construct	ನಿರ್ಮಿಸಲು
construction	ನಿರ್ಮಾಣ
construction work	ನಿರ್ಮಾಣ ಕೆಲಸ
construction; architecture	ನಿರ್ಮಾಣ; ವಾಸ್ತುಶಿಲ್ಪ
construction; establishment	ನಿರ್ಮಾಣ; ಸ್ಥಾಪನೆ
construe	ಅರ್ಥೈಸಿಕೊಳ್ಳುತ್ತವೆ
consul	ದೂತಾವಾಸ
consult	ಸಮಾಲೋಚಿಸಿ
consultant	ಸಲಹೆಗಾರ
consultation	ಸಮಾಲೋಚನೆ
consultation; discussion	ಸಮಾಲೋಚನೆ; ಚರ್ಚೆ
consume	ಸೇವಿಸುತ್ತಾರೆ
consumer	ಗ್ರಾಹಕ
consumption	ಬಳಕೆ
consumption; expenditure	ಬಳಕೆ; ಖರ್ಚು
contact	ಸಂಪರ್ಕಿಸಿ
contact lenses	ಕಾಂಟ್ಯಾಕ್ಟ್ ಲೆನ್ಸ್‌ಗಳು
contagion	ಸಾಂಕ್ರಾಮಿಕ
contain	ಒಳಗೊಂಡಿರುತ್ತದೆ
container	ಕಂಟೇನರ್
container; case; receptacle	ಕಂಟೇನರ್; ಪ್ರಕರಣ; ರೆಸೆಪ್ಟಾಕಲ್
container; vessel	ಕಂಟೇನರ್; ಪಾತ್ರೆ
contemplate	ವಿಚಾರಮಾಡು
contemplation	ಚಿಂತನೆ
contemporary	ಸಮಕಾಲೀನ
contempt	ತಿರಸ್ಕಾರ
contend	ವಾದಿಸುತ್ತಾರೆ
contender	ಸ್ಪರ್ಧಿ
content	ವಿಷಯ
contention	ವಿವಾದ
contentious	ವಿವಾದಾತ್ಮಕ
contents; interior; substance; filling; (sword) blade	ವಿಷಯಗಳು; ಆಂತರಿಕ; ವಸ್ತು; ತುಂಬುವುದು; (ಕತ್ತಿ) ಬ್ಲೇಡ್
contest	ಸ್ಪರ್ಧೆ
context	ಸಂದರ್ಭ
continent	ಖಂಡ
continually	ನಿರಂತರವಾಗಿ
continuation	ಮುಂದುವರಿಕೆ
continue	ಮುಂದುವರಿಸಿ
continuous	ನಿರಂತರ
continuously; from beginning to end	ನಿರಂತರವಾಗಿ; ಆರಂಭದಿಂದ ಕೊನೆಯವರೆಗೆ
contract	ಒಪ್ಪಂದ
contract document	ಒಪ್ಪಂದದ ದಾಖಲೆ
contract; compact; agreement	ಒಪ್ಪಂದ; ಕಾಂಪ್ಯಾಕ್ಟ್; ಒಪ್ಪಂದ
contractor	ಗುತ್ತಿಗೆದಾರ
contradict	ವ್ಯತಿರಿಕ್ತ
contradiction	ವಿರೋಧಾಭಾಸ
contradiction; inconsistency	ವಿರೋಧಾಭಾಸ; ಅಸಂಗತತೆ
contrary	ವಿರುದ್ಧವಾಗಿ
contrary to	ವಿರುದ್ಧವಾಗಿ
contrast	ಕಾಂಟ್ರಾಸ್ಟ್
contrast; antithesis; comparison	ಕಾಂಟ್ರಾಸ್ಟ್; ವಿರೋಧಾಭಾಸ; ಹೋಲಿಕೆ
contribute	ಕೊಡುಗೆ
contribution	ಕೊಡುಗೆ
contribution; donation	ಕೊಡುಗೆ; ದಾನ
contribution; service	ಕೊಡುಗೆ; ಸೇವೆ
contribution; services	ಕೊಡುಗೆ; ಸೇವೆಗಳು
contributor	ಕೊಡುಗೆದಾರ
control	ನಿಯಂತ್ರಣ
control / management	ನಿಯಂತ್ರಣ / ನಿರ್ವಹಣೆ
control; management (e.g. of a business)	ನಿಯಂತ್ರಣ; ನಿರ್ವಹಣೆ (ಉದಾ. ವ್ಯಾಪಾರ)
controversial	ವಿವಾದಾತ್ಮಕ
controversy	ವಿವಾದ
controversy; dispute	ವಿವಾದ; ವಿವಾದ
convenience	ಅನುಕೂಲಕ್ಕಾಗಿ
convenience store	ಅನುಕೂಲಕರ ಅಂಗಡಿ
convenient	ಅನುಕೂಲಕರ
convention	ಸಮಾವೇಶ
convention; tournament; mass meeting; rally	ಸಮಾವೇಶ; ಪಂದ್ಯಾವಳಿ; ಸಾಮೂಹಿಕ ಸಭೆ; ರ್ಯಾಲಿ
conventional	ಸಾಂಪ್ರದಾಯಿಕ
convergence	ಒಮ್ಮುಖ
conversation	ಸಂಭಾಷಣೆ
conversation; conference; discussion; interview	ಸಂಭಾಷಣೆ; ಸಮ್ಮೇಳನ; ಚರ್ಚೆ; ಸಂದರ್ಶನ
conversely	ವ್ಯತಿರಿಕ್ತವಾಗಿ
conversion	ಪರಿವರ್ತನೆ
conversion; change; exchange	ಪರಿವರ್ತನೆ; ಬದಲಾವಣೆ; ವಿನಿಮಯ
convert	ಪರಿವರ್ತಿಸಿ
convey	ತಿಳಿಸುತ್ತವೆ
convict	ಅಪರಾಧಿ
conviction	ಕನ್ವಿಕ್ಷನ್
conviction; confidence	ಕನ್ವಿಕ್ಷನ್; ಆತ್ಮವಿಶ್ವಾಸ
convince	ಮನವರಿಕೆ ಮಾಡಿ
convinced	ಮನವರಿಕೆಯಾಯಿತು
convincing	ಮನವರಿಕೆಯಾಗುತ್ತದೆ
cook	ಅಡುಗೆ ಮಾಡು
cooked rice; meal	ಬೇಯಿಸಿದ ಅಕ್ಕಿ; ಊಟ
cooker	ಕುಕ್ಕರ್
cookie	ಕುಕೀ
cooking	ಅಡುಗೆ
cooking; culinary arts	ಅಡುಗೆ; ಅಡುಗೆ ಕಲೆಗಳು
cool	ತಂಪಾದ
cool (weather)	ತಂಪಾದ (ಹವಾಮಾನ)
coolness; calmness; composure; unconcern	ತಂಪು; ಶಾಂತತೆ; ಹಿಡಿತ; ಕಾಳಜಿಯಿಲ್ಲದ
cooperate	ಸಹಕರಿಸುತ್ತಾರೆ
cooperation	ಸಹಕಾರ
cooperation; association; collaboration; joint	ಸಹಕಾರ; ಸಂಘ; ಸಹಯೋಗ; ಜಂಟಿ
cooperation; collaboration	ಸಹಕಾರ; ಸಹಯೋಗ
cooperative	ಸಹಕಾರಿ
coordinate	ಸಮನ್ವಯಗೊಳಿಸು
coordination	ಸಮನ್ವಯ
coordinator	ಸಂಯೋಜಕ
cop	ಪೋಲೀಸ್
cope	ನಿಭಾಯಿಸಲು
copper	ತಾಮ್ರ
copy	ನಕಲು
copy; duplicate	ನಕಲು; ನಕಲು
copyright	ಹಕ್ಕುಸ್ವಾಮ್ಯ
core	ಕೋರ್
core; heart	ಕೋರ್; ಹೃದಯ
core; heart; wick; marrow	ಕೋರ್; ಹೃದಯ; ಬತ್ತಿ; ಮಜ್ಜೆ
corner	ಮೂಲೆಯಲ್ಲಿ
corner; nook	ಮೂಲೆಯಲ್ಲಿ; ಮೂಲೆ
corporate	ಕಾರ್ಪೊರೇಟ್
corporation	ನಿಗಮ
corpse	ಶವ
correct	ಸರಿಯಾದ
correction	ತಿದ್ದುಪಡಿ
correctly	ಸರಿಯಾಗಿ
correlate	ಪರಸ್ಪರ ಸಂಬಂಧ
correlation	ಪರಸ್ಪರ ಸಂಬಂಧ
correspond	ಅನುರೂಪವಾಗಿದೆ
correspondence	ಪತ್ರವ್ಯವಹಾರ
correspondence; communication; news; signal	ಪತ್ರವ್ಯವಹಾರ; ಸಂವಹನ; ಸುದ್ದಿ; ಸಂಕೇತ
correspondent	ವರದಿಗಾರ
corresponding	ಅನುಗುಣವಾದ
corresponding; answering to; coming under	ಅನುಗುಣವಾದ; ಉತ್ತರಿಸುವುದು; ಅಡಿಯಲ್ಲಿ ಬರುತ್ತಿದೆ
corridor	ಕಾರಿಡಾರ್
corroborate	ದೃಢೀಕರಿಸುತ್ತವೆ
corroboration	ದೃಢೀಕರಣ
corrupt	ಭ್ರಷ್ಟ
corruption	ಭ್ರಷ್ಟಾಚಾರ
cost	ವೆಚ್ಚ
cost of fuel and light	ಇಂಧನ ಮತ್ತು ಬೆಳಕಿನ ವೆಚ್ಚ
cost; expense	ವೆಚ್ಚ; ಖರ್ಚು
costly	ವೆಚ್ಚದಾಯಕ
costume	ವೇಷಭೂಷಣ
cottage	ಕಾಟೇಜ್
cotton	ಹತ್ತಿ
cotton; padding	ಹತ್ತಿ; ಪ್ಯಾಡಿಂಗ್
cough	ಕೆಮ್ಮು
could	ಸಾಧ್ಯವಾಯಿತು
could you please?	ನೀವು ದಯವಿಟ್ಟು ಮಾಡಬಹುದೇ?
council	ಪರಿಷತ್ತು
councillor	ಕೌನ್ಸಿಲರ್
counselling	ಸಮಾಲೋಚನೆ
counsellor	ಸಲಹೆಗಾರ
count	ಎಣಿಕೆ
counter	ಕೌಂಟರ್
counter for birds; counter for rabbits	ಪಕ್ಷಿಗಳಿಗೆ ಕೌಂಟರ್; ಮೊಲಗಳಿಗೆ ಕೌಂಟರ್
counter for chapters (of a book)	ಅಧ್ಯಾಯಗಳಿಗೆ ಕೌಂಟರ್ (ಪುಸ್ತಕದ)
counter for houses	ಮನೆಗಳಿಗೆ ಕೌಂಟರ್
counter for occurrences	ಘಟನೆಗಳಿಗೆ ಕೌಂಟರ್
counter-plan; counter-measure	ಪ್ರತಿ-ಯೋಜನೆ; ಪ್ರತಿ-ಅಳತೆ
counterpart	ಪ್ರತಿರೂಪ
countless	ಲೆಕ್ಕವಿಲ್ಲದಷ್ಟು
countless number; infinite number	ಲೆಕ್ಕವಿಲ್ಲದಷ್ಟು ಸಂಖ್ಯೆ; ಅನಂತ ಸಂಖ್ಯೆ
country	ದೇಶ
country-wide; nation-wide; whole country; national	ದೇಶಾದ್ಯಂತ; ರಾಷ್ಟ್ರವ್ಯಾಪಿ; ಇಡೀ ದೇಶ; ರಾಷ್ಟ್ರೀಯ
country; district	ದೇಶ; ಜಿಲ್ಲೆ
country; place of origin	ದೇಶ; ಮೂಲದ ಸ್ಥಳ
countryside	ಗ್ರಾಮಾಂತರ
county	ಕೌಂಟಿ
coup	ದಂಗೆ
couple	ದಂಪತಿಗಳು
coupon	ಕೂಪನ್
courage	ಧೈರ್ಯ
courage; bravery; valour; nerve; boldness	ಧೈರ್ಯ; ಶೌರ್ಯ; ಶೌರ್ಯ; ನರ; ದಿಟ್ಟತನ
course	ಕೋರ್ಸ್
course; curriculum	ಕೋರ್ಸ್; ಪಠ್ಯಕ್ರಮ
course; direction; compass bearing	ಕೋರ್ಸ್; ನಿರ್ದೇಶನ; ದಿಕ್ಸೂಚಿ ಬೇರಿಂಗ್
course; route; channel	ಕೋರ್ಸ್; ಮಾರ್ಗ; ಚಾನಲ್
court	ನ್ಯಾಯಾಲಯ
court lady; lady in waiting	ನ್ಯಾಯಾಲಯದ ಮಹಿಳೆ; ಕಾಯುತ್ತಿರುವ ಮಹಿಳೆ
courtesy	ಸೌಜನ್ಯ
cousin	ಸೋದರಸಂಬಂಧಿ
cousin (female)	ಸೋದರಸಂಬಂಧಿ (ಹೆಣ್ಣು)
cousin (male)	ಸೋದರಸಂಬಂಧಿ (ಪುರುಷ)
cover	ಕವರ್
cover; lid; cap	ಕವರ್; ಮುಚ್ಚಳ; ಕ್ಯಾಪ್
coverage	ವ್ಯಾಪ್ತಿ
covered	ಆವರಿಸಿದೆ
cow	ಹಸು
cowardice; meanness; unfairness	ಹೇಡಿತನ; ಅರ್ಥಹೀನತೆ; ಅನ್ಯಾಯ
cowardice; timidity	ಹೇಡಿತನ; ಅಂಜುಬುರುಕತೆ
cowardly	ಹೇಡಿತನದ
coworker; colleague; associate	ಸಹೋದ್ಯೋಗಿ; ಸಹೋದ್ಯೋಗಿ; ಸಹವರ್ತಿ
crab	ಏಡಿ
crack	ಬಿರುಕು
craft	ಕರಕುಶಲ
cram school	ಕ್ರ್ಯಾಮ್ ಶಾಲೆ
crash	ಕುಸಿತ
crawl	ಕ್ರಾಲ್
crazy	ಹುಚ್ಚ
cream	ಕೆನೆ
create	ರಚಿಸಿ
creation	ಸೃಷ್ಟಿ
creative	ಸೃಜನಶೀಲ
creativity	ಸೃಜನಶೀಲತೆ
creator	ಸೃಷ್ಟಿಕರ್ತ
creature	ಜೀವಿ
credibility	ವಿಶ್ವಾಸಾರ್ಹತೆ
credible	ನಂಬಲರ್ಹ
credit	ಕ್ರೆಡಿಟ್
credit / claim	ಕ್ರೆಡಿಟ್ / ಹಕ್ಕು
credit card	ಕ್ರೆಡಿಟ್ ಕಾರ್ಡ್
creep	ಹರಿದಾಡುತ್ತವೆ
crevice; crack; gap; opening	ಬಿರುಕು; ಬಿರುಕು; ಅಂತರ; ತೆರೆಯಲಾಗುತ್ತಿದೆ
crew	ಸಿಬ್ಬಂದಿ
crime	ಅಪರಾಧ
crime; fault; indiscretion	ಅಪರಾಧ; ದೋಷ; ಅಚಾತುರ್ಯ
criminal	ಅಪರಾಧಿ
criminal case; (police) detective	ಕ್ರಿಮಿನಲ್ ಪ್ರಕರಣ; (ಪೊಲೀಸ್) ಪತ್ತೆದಾರ
crimson	ಕಡುಗೆಂಪು
crisis	ಬಿಕ್ಕಟ್ಟು
criteria	ಮಾನದಂಡ
criterion	ಮಾನದಂಡ
criterion; aim	ಮಾನದಂಡ; ಗುರಿ
critic	ವಿಮರ್ಶಕ
critical	ನಿರ್ಣಾಯಕ
critically	ವಿಮರ್ಶಾತ್ಮಕವಾಗಿ
criticism	ಟೀಕೆ
criticism; critique	ಟೀಕೆ; ವಿಮರ್ಶೆ
criticism; judgement; comment	ಟೀಕೆ; ತೀರ್ಪು; ಕಾಮೆಂಟ್
criticism; review; commentary	ಟೀಕೆ; ವಿಮರ್ಶೆ; ವ್ಯಾಖ್ಯಾನ
criticize	ಟೀಕಿಸುತ್ತಾರೆ
critique	ವಿಮರ್ಶೆ
crocodile	ಮೊಸಳೆ
crop	ಬೆಳೆ
cross	ಅಡ್ಡ
crossing	ದಾಟುತ್ತಿದೆ
crowd	ಜನಸಮೂಹ
crowd of people	ಜನರ ಗುಂಪು
crowded	ಕಿಕ್ಕಿರಿದು ತುಂಬಿತ್ತು
crown	ಕಿರೀಟ
crown; diadem; first; best	ಕಿರೀಟ; ವಜ್ರ; ಮೊದಲ; ಅತ್ಯುತ್ತಮ
crown; diadem; first; best; peerless; cap; naming; designating; initiating on coming of age; top character ra	ಕಿರೀಟ; ವಜ್ರ; ಮೊದಲ; ಅತ್ಯುತ್ತಮ; ಸರಿಸಾಟಿಯಿಲ್ಲದ; ಕ್ಯಾಪ್; ಹೆಸರಿಸುವುದು; ಗೊತ್ತುಪಡಿಸುವುದು; ವಯಸ್ಸಿಗೆ ಬಂದ ಮೇಲೆ ಪ್ರಾರಂಭಿಸುವುದು; ಅಗ್ರ ಪಾತ್ರ ರಾ
crucial	ನಿರ್ಣಾಯಕ
crude	ಕಚ್ಚಾ
crude oil	ಕಚ್ಚಾ ತೈಲ
crude; rough; plain; humble	ಕಚ್ಚಾ; ಒರಟು; ಸರಳ; ವಿನಮ್ರ
cruel	ಕ್ರೂರ
cruise	ವಿಹಾರ
crush	ಕ್ರಷ್
cry	ಅಳುತ್ತಾರೆ
crystal	ಸ್ಫಟಿಕ
crystal; crystallization	ಸ್ಫಟಿಕ; ಸ್ಫಟಿಕೀಕರಣ
cucumber	ಸೌತೆಕಾಯಿ
cue	ಕ್ಯೂ
cuisine	ತಿನಿಸು
culmination	ಪರಾಕಾಷ್ಠೆ
cult	ಆರಾಧನೆ
cultivate	ಬೆಳೆಸುತ್ತಾರೆ
cultural	ಸಾಂಸ್ಕೃತಿಕ
culture	ಸಂಸ್ಕೃತಿ
culture; education; refinement; cultivation	ಸಂಸ್ಕೃತಿ; ಶಿಕ್ಷಣ; ಪರಿಷ್ಕರಣೆ; ಕೃಷಿ
cup	ಕಪ್
cupboard	ಬೀರು
cupboard; locker; closet; wardrobe	ಬೀರು; ಲಾಕರ್; ಕ್ಲೋಸೆಟ್; ವಾರ್ಡ್ರೋಬ್
cure	ಚಿಕಿತ್ಸೆ
curiosity	ಕುತೂಹಲ
curious	ಕುತೂಹಲದಿಂದ
curly	ಸುರುಳಿಯಾಕಾರದ
currency	ಕರೆನ್ಸಿ
current	ಪ್ರಸ್ತುತ
current situation	ಪ್ರಸ್ತುತ ಪರಿಸ್ಥಿತಿ
currently	ಪ್ರಸ್ತುತ
curriculum	ಪಠ್ಯಕ್ರಮ
curry	ಕರಿಬೇವು
curtain	ಪರದೆ
curtain; bunting; act (in play)	ಪರದೆ; ಬಂಟಿಂಗ್; ನಟನೆ (ಆಟದಲ್ಲಿ)
curve	ವಕ್ರರೇಖೆ
curved	ಬಾಗಿದ
cushion (Japanese)	ಕುಶನ್ (ಜಪಾನೀಸ್)
custody	ಪಾಲನೆ
custom	ಪದ್ಧತಿ
custom; manners	ಪದ್ಧತಿ; ಶಿಷ್ಟಾಚಾರ
custom; precedent; of convention	ಪದ್ಧತಿ; ಪೂರ್ವನಿದರ್ಶನ; ಸಮಾವೇಶದ
customary practice; habit; traditional event	ಸಾಂಪ್ರದಾಯಿಕ ಆಚರಣೆ; ಅಭ್ಯಾಸ; ಸಾಂಪ್ರದಾಯಿಕ ಘಟನೆ
customer	ಗ್ರಾಹಕ
customer / client	ಗ್ರಾಹಕ / ಗ್ರಾಹಕ
customer / guest	ಗ್ರಾಹಕ / ಅತಿಥಿ
customs	ಪದ್ಧತಿಗಳು
customs house	ಕಸ್ಟಮ್ಸ್ ಮನೆ
customs; duty; tariff	ಪದ್ಧತಿಗಳು; ಕರ್ತವ್ಯ; ಸುಂಕ
cut	ಕತ್ತರಿಸಿ
cut down on	ಮೇಲೆ ಕಡಿತಗೊಳಿಸಿ
cute	ಮುದ್ದಾದ
cutting	ಕತ್ತರಿಸುವುದು
cycle	ಸೈಕಲ್
cynical	ಸಿನಿಕತನದ
cynicism; sarcasm	ಸಿನಿಕತೆ; ವ್ಯಂಗ್ಯ
dad	ತಂದೆ
daily	ಪ್ರತಿದಿನ
daily lesson; daily work; daily routine	ದೈನಂದಿನ ಪಾಠ; ದೈನಂದಿನ ಕೆಲಸ; ದೈನಂದಿನ ದಿನಚರಿ
daily necessities	ದೈನಂದಿನ ಅಗತ್ಯತೆಗಳು
dairy	ಹೈನುಗಾರಿಕೆ
dam	ಅಣೆಕಟ್ಟು
damage	ಹಾನಿ
damage; injury; loss	ಹಾನಿ; ಗಾಯ; ನಷ್ಟ
damaging	ಹಾನಿಕರ
dance	ನೃತ್ಯ
dancer	ನರ್ತಕಿ
dancing	ನೃತ್ಯ
danger	ಅಪಾಯ
dangerous	ಅಪಾಯಕಾರಿ
dangerous; critical; grave	ಅಪಾಯಕಾರಿ; ನಿರ್ಣಾಯಕ; ಸಮಾಧಿ
dangerous; disturbed; insecure	ಅಪಾಯಕಾರಿ; ತೊಂದರೆಗೊಳಗಾದ; ಅಸುರಕ್ಷಿತ
dare	ಧೈರ್ಯ
dare (to do); challenge (to do)	ಧೈರ್ಯ (ಮಾಡಲು); ಸವಾಲು (ಮಾಡಲು)
dare to	ಧೈರ್ಯ
dare to / deliberately	/ ಉದ್ದೇಶಪೂರ್ವಕವಾಗಿ ಧೈರ್ಯ ಮಾಡಿ
dark	ಕತ್ತಲು
dark (color)	ಗಾಢ (ಬಣ್ಣ)
dark brown	ಗಾಢ ಕಂದು
darkness	ಕತ್ತಲೆ
darkness; the dark; black-marketeering; dark; shady; illegal	ಕತ್ತಲೆ; ಕತ್ತಲೆ; ಕಪ್ಪು-ಮಾರುಕಟ್ಟೆ; ಕತ್ತಲೆ; ನೆರಳಿನ; ಅಕ್ರಮ
data	ಡೇಟಾ
data set	ಡೇಟಾ ಸೆಟ್
database	ಡೇಟಾಬೇಸ್
date	ದಿನಾಂಕ
date (of month)	ದಿನಾಂಕ (ತಿಂಗಳ)
date (romantic, not calendar)	ದಿನಾಂಕ (ರೊಮ್ಯಾಂಟಿಕ್, ಕ್ಯಾಲೆಂಡರ್ ಅಲ್ಲ)
date and time	ದಿನಾಂಕ ಮತ್ತು ಸಮಯ
date of birth	ಹುಟ್ಟಿದ ದಿನಾಂಕ
date of implementation	ಅನುಷ್ಠಾನದ ದಿನಾಂಕ
date; dating	ದಿನಾಂಕ; ಡೇಟಿಂಗ್
daughter	ಮಗಳು
daughter-in-law	ಸೊಸೆ
daughter; young lady; virgin; maiden; little girl	ಮಗಳು; ಯುವತಿ; ಕನ್ಯೆ; ಕನ್ಯೆ; ಚಿಕ್ಕ ಹುಡುಗಿ
dawn	ಮುಂಜಾನೆ
dawn; daybreak	ಮುಂಜಾನೆ; ಬೆಳಗಿನ ಜಾವ
day	ದಿನ
day / date	ದಿನ / ದಿನಾಂಕ
day / sun	ದಿನ / ಸೂರ್ಯ
day after tomorrow	ನಾಳೆಯ ನಂತರದ ದಿನ
day before yesterday	ನಿನ್ನೆ ಹಿಂದಿನ ದಿನ
day of the week	ವಾರದ ದಿನ
day off / holiday	ರಜೆ / ರಜೆ
day off, break	ದಿನ ರಜೆ, ವಿರಾಮ
day trip	ದಿನದ ಪ್ರವಾಸ
day; sun	ದಿನ; ಸೂರ್ಯ
daydream; fantasy; fancy; vision	ಹಗಲುಗನಸು; ಫ್ಯಾಂಟಸಿ; ಅಲಂಕಾರಿಕ; ದೃಷ್ಟಿ
days pass	ದಿನಗಳು ಕಳೆಯುತ್ತವೆ
daytime	ಹಗಲು
daytime; broad daylight	ಹಗಲು; ವಿಶಾಲ ಹಗಲು
daytime; during the day	ಹಗಲು; ದಿನದಲ್ಲಿ
daze; (in a) trance; ecstasy; delirium; engrossment	ಬೆರಗುಗೊಳಿಸು; (ಎ) ಟ್ರಾನ್ಸ್; ಭಾವಪರವಶತೆ; ಸನ್ನಿವೇಶ; ಮುಳುಗುವಿಕೆ
dead	ಸತ್ತ
deadline	ಗಡುವು
deadly	ಮಾರಕ
deal	ಒಪ್ಪಂದ
deal with	ವ್ಯವಹರಿಸು
dealer	ವ್ಯಾಪಾರಿ
dear	ಆತ್ಮೀಯ
dear; desired; missed	ಆತ್ಮೀಯ; ಬಯಸಿದ; ತಪ್ಪಿಸಿಕೊಂಡೆ
death	ಸಾವು
death; mortality	ಸಾವು; ಮರಣ
debatable	ಚರ್ಚಾಸ್ಪದ
debate	ಚರ್ಚೆ
debris	ಅವಶೇಷಗಳು
debt	ಸಾಲ
debt; loan; liabilities	ಸಾಲ; ಸಾಲ; ಹೊಣೆಗಾರಿಕೆಗಳು
debut	ಚೊಚ್ಚಲ
decade	ದಶಕ
decent	ಯೋಗ್ಯ
decide	ನಿರ್ಧರಿಸಿ
decipher	ಅರ್ಥವಿವರಣೆ
decision	ನಿರ್ಧಾರ
decision of a contest; finals (in sports)	ಸ್ಪರ್ಧೆಯ ನಿರ್ಧಾರ; ಫೈನಲ್ಸ್ (ಕ್ರೀಡೆಯಲ್ಲಿ)
decision-making	ನಿರ್ಧಾರ ತೆಗೆದುಕೊಳ್ಳುವಿಕೆ
decision; determination	ನಿರ್ಧಾರ; ನಿರ್ಣಯ
decisive	ನಿರ್ಣಾಯಕ
deck	ಡೆಕ್
declaration	ಘೋಷಣೆ
declaration; hearsay	ಘೋಷಣೆ; ಕೇಳಿದ ಮಾತು
declare	ಘೋಷಿಸುತ್ತಾರೆ
decline	ಅವನತಿ
decorate	ಅಲಂಕರಿಸಲು
decoration	ಅಲಂಕಾರ
decrease	ಇಳಿಕೆ
decrease; reduction; decline	ಇಳಿಕೆ; ಕಡಿತ; ಅವನತಿ
dedicated	ಮೀಸಲಿಡಲಾಗಿದೆ
dedication	ಸಮರ್ಪಣೆ
deduce	ನಿರ್ಣಯಿಸಿ
deduction	ಕಡಿತಗೊಳಿಸುವಿಕೆ
deduction; subtraction; balance; ebb and flow; rise and fall	ಕಡಿತಗೊಳಿಸುವಿಕೆ; ವ್ಯವಕಲನ; ಸಮತೋಲನ; ಉಬ್ಬರ ಮತ್ತು ಹರಿವು; ಏರಿಳಿತ
deed	ಪತ್ರ
deem	ಭಾವಿಸುತ್ತೇನೆ
deep	ಆಳವಾದ
deep blue; ghastly pale	ಆಳವಾದ ನೀಲಿ; ಘೋರ ತೆಳು
deep emotion; impression; inspiration	ಆಳವಾದ ಭಾವನೆ; ಅನಿಸಿಕೆ; ಸ್ಫೂರ್ತಿ
deep feeling; inexpressible feeling; filled with emotion	ಆಳವಾದ ಭಾವನೆ; ವಿವರಿಸಲಾಗದ ಭಾವನೆ; ಭಾವನೆಯಿಂದ ತುಂಬಿದೆ
deep red; flushed (of face)	ಆಳವಾದ ಕೆಂಪು; ಕೆಂಪು (ಮುಖದ)
deeply	ಆಳವಾಗಿ
deeply grateful	ಆಳವಾಗಿ ಕೃತಜ್ಞರಾಗಿರಬೇಕು
deer	ಜಿಂಕೆ
default	ಪೂರ್ವನಿಯೋಜಿತ
defeat	ಸೋಲು
defeat; loss; losing (a game)	ಸೋಲು; ನಷ್ಟ; ಸೋತ (ಆಟ)
defect	ನ್ಯೂನತೆ
defect; fault; deficiency	ದೋಷ; ದೋಷ; ಕೊರತೆ
defect; flaw; blemish; weak point	ದೋಷ; ನ್ಯೂನತೆ; ಕಳಂಕ; ದುರ್ಬಲ ಬಿಂದು
defence	ರಕ್ಷಣಾ
defend	ರಕ್ಷಿಸಲು
defendant	ಪ್ರತಿವಾದಿ
defender	ರಕ್ಷಕ
defense; guard; policing; security	ರಕ್ಷಣಾ; ಕಾವಲುಗಾರ; ಪೋಲೀಸಿಂಗ್; ಭದ್ರತೆ
defensive	ರಕ್ಷಣಾತ್ಮಕ
deficiency	ಕೊರತೆ
deficit	ಕೊರತೆ
define	ವ್ಯಾಖ್ಯಾನಿಸಿ
definite	ನಿಶ್ಚಿತ
definitely	ಖಂಡಿತವಾಗಿಯೂ
definition	ವ್ಯಾಖ್ಯಾನ
definition (math); decision; settlement	ವ್ಯಾಖ್ಯಾನ (ಗಣಿತ); ನಿರ್ಧಾರ; ವಸಾಹತು
deflation	ಹಣದುಬ್ಬರವಿಳಿತ
deforestation	ಅರಣ್ಯನಾಶ
deft	ಚತುರ
defy	ಧಿಕ್ಕರಿಸುತ್ತಾರೆ
degree	ಪದವಿ
degree; amount; grade; standard; of the order of (following a number)	ಪದವಿ; ಮೊತ್ತ; ಗ್ರೇಡ್; ಪ್ರಮಾಣಿತ; ಕ್ರಮದ (ಸಂಖ್ಯೆಯನ್ನು ಅನುಸರಿಸಿ)
degree; extent; bounds; limit	ಪದವಿ; ವ್ಯಾಪ್ತಿ; ಗಡಿಗಳು; ಮಿತಿ
degrees	ಪದವಿಗಳು
delay	ವಿಳಂಬ
delegate	ಪ್ರತಿನಿಧಿ
delegation	ನಿಯೋಗ
delete	ಅಳಿಸಿ
deliberate	ಉದ್ದೇಶಪೂರ್ವಕ
deliberately	ಉದ್ದೇಶಪೂರ್ವಕವಾಗಿ
delicate	ಸೂಕ್ಷ್ಮ
delicate; subtle	ಸೂಕ್ಷ್ಮವಾದ; ಸೂಕ್ಷ್ಮ
delicious	ರುಚಿಕರವಾದ
delight	ಆನಂದ
delighted	ಸಂತೋಷವಾಯಿತು
delineate	ನಿರೂಪಿಸಿ
deliver	ತಲುಪಿಸಿ
delivering; furnishing (with copies)	ತಲುಪಿಸುವುದು; ಸಜ್ಜುಗೊಳಿಸುವಿಕೆ (ಪ್ರತಿಗಳೊಂದಿಗೆ)
delivery	ವಿತರಣೆ
delivery; distribution	ವಿತರಣೆ; ವಿತರಣೆ
demand	ಬೇಡಿಕೆ
demand; request	ಬೇಡಿಕೆ; ವಿನಂತಿ
democracy	ಪ್ರಜಾಪ್ರಭುತ್ವ
democratic	ಪ್ರಜಾಸತ್ತಾತ್ಮಕ
demographics	ಜನಸಂಖ್ಯಾಶಾಸ್ತ್ರ
demon	ರಾಕ್ಷಸ
demonstrate	ಪ್ರದರ್ಶಿಸಿ
demonstration	ಪ್ರದರ್ಶನ
denial	ನಿರಾಕರಣೆ
denial; veto; rejection; refusal	ನಿರಾಕರಣೆ; ವೀಟೋ; ನಿರಾಕರಣೆ; ನಿರಾಕರಣೆ
denounce	ಖಂಡಿಸುತ್ತಾರೆ
dense	ದಟ್ಟವಾದ
density	ಸಾಂದ್ರತೆ
dentifrice; toothpaste	ದಂತವೈದ್ಯ; ಟೂತ್ಪೇಸ್ಟ್
dentist	ದಂತವೈದ್ಯ
deny	ನಿರಾಕರಿಸುತ್ತಾರೆ
depart	ನಿರ್ಗಮಿಸುತ್ತದೆ
department	ಇಲಾಖೆ
department head	ವಿಭಾಗದ ಮುಖ್ಯಸ್ಥ
department manager	ವಿಭಾಗದ ವ್ಯವಸ್ಥಾಪಕ
department of a university; undergraduate	ವಿಶ್ವವಿದ್ಯಾಲಯದ ವಿಭಾಗ; ಪದವಿಪೂರ್ವ
department store	ಡಿಪಾರ್ಟ್ಮೆಂಟ್ ಸ್ಟೋರ್
department; section	ಇಲಾಖೆ; ವಿಭಾಗ
departure	ನಿರ್ಗಮನ
departure of a vehicle	ವಾಹನದ ನಿರ್ಗಮನ
depend	ಅವಲಂಬಿತವಾಗಿದೆ
dependence	ಅವಲಂಬನೆ
dependence; dependent; reliance	ಅವಲಂಬನೆ; ಅವಲಂಬಿತ; ಅವಲಂಬನೆ
dependent	ಅವಲಂಬಿತ
depending on	ಅವಲಂಬಿಸಿದೆ
depending on / by	/ ಮೂಲಕ ಅವಲಂಬಿಸಿ
depict	ಚಿತ್ರಿಸುತ್ತದೆ
deploy	ನಿಯೋಜಿಸಲು
deployment	ನಿಯೋಜನೆ
depopulation	ನಿರ್ಜನೀಕರಣ
deposit	ಠೇವಣಿ
deprecate	ಅಸಮ್ಮತಿಸು
depressed	ಖಿನ್ನನಾದ
depressing	ಖಿನ್ನನಾಗುತ್ತಿದೆ
depression	ಖಿನ್ನತೆ
deprive	ಕಸಿದುಕೊಳ್ಳುತ್ತವೆ
depth	ಆಳ
deputy	ಉಪ
derailment; digression	ಹಳಿತಪ್ಪುವಿಕೆ; ವಿಷಯಾಂತರ
derive	ಪಡೆಯುತ್ತವೆ
descend	ಇಳಿಯುತ್ತವೆ
descendants; posterity; offspring	ವಂಶಸ್ಥರು; ಸಂತತಿ; ಸಂತತಿ
descent	ಅವರೋಹಣ
describe	ವಿವರಿಸಿ
describing; descriptor	ವಿವರಿಸುವುದು; ವಿವರಣೆಗಾರ
description	ವಿವರಣೆ
desert	ಮರುಭೂಮಿ
deserve	ಅರ್ಹರು
design	ವಿನ್ಯಾಸ
designate	ಗೊತ್ತುಪಡಿಸಿ
designation; specification; assignment; pointing at	ಹುದ್ದೆ; ನಿರ್ದಿಷ್ಟತೆ; ನಿಯೋಜನೆ; ಕಡೆಗೆ ತೋರಿಸುತ್ತಿದೆ
designer	ವಿನ್ಯಾಸಕ
desirable	ಅಪೇಕ್ಷಣೀಯ
desire	ಆಸೆ
desire; wish; request	ಆಸೆ; ಹಾರೈಕೆ; ವಿನಂತಿ
desk	ಮೇಜು
desktop	ಡೆಸ್ಕ್ಟಾಪ್
desperate	ಹತಾಶ
desperately	ಹತಾಶವಾಗಿ
despite	ಹೊರತಾಗಿಯೂ
despotism; autocracy	ನಿರಂಕುಶಾಧಿಕಾರ; ನಿರಂಕುಶಪ್ರಭುತ್ವ
dessert	ಸಿಹಿತಿಂಡಿ
destination	ಗಮ್ಯಸ್ಥಾನ
destroy	ನಾಶಮಾಡು
destruction	ವಿನಾಶ
destruction; extinction	ವಿನಾಶ; ಅಳಿವು
destructive	ವಿನಾಶಕಾರಿ
detail	ವಿವರ
detailed	ವಿವರವಾದ
details	ವಿವರಗಳು
detain	ಬಂಧಿಸಿ
detect	ಪತ್ತೆ ಮಾಡಿ
detection	ಪತ್ತೆ
detective	ಪತ್ತೇದಾರಿ
detention	ಬಂಧನ
detergent; washing material	ಮಾರ್ಜಕ; ತೊಳೆಯುವ ವಸ್ತು
deteriorate	ಕೆಡುತ್ತವೆ
deterioration; changing for the worse	ಕ್ಷೀಣಿಸುವಿಕೆ; ಕೆಟ್ಟದ್ದಕ್ಕಾಗಿ ಬದಲಾಗುತ್ತಿದೆ
deterioration; growing worse; aggravation; degeneration; corruption	ಕ್ಷೀಣಿಸುವಿಕೆ; ಕೆಟ್ಟದಾಗಿ ಬೆಳೆಯುತ್ತಿದೆ; ಉಲ್ಬಣಗೊಳ್ಳುವಿಕೆ; ಅವನತಿ; ಭ್ರಷ್ಟಾಚಾರ
determination	ನಿರ್ಣಯ
determination; resolution	ನಿರ್ಣಯ; ನಿರ್ಣಯ
determine	ನಿರ್ಧರಿಸಿ
determined	ನಿರ್ಧರಿಸಲಾಗಿದೆ
determinism	ನಿರ್ಣಾಯಕತೆ
detestable; disagreeable	ಅಸಹ್ಯಕರ; ಒಪ್ಪುವುದಿಲ್ಲ
detour	ಅಡ್ಡದಾರಿ
detour / long way	ಅಡ್ಡದಾರಿ / ದೂರದ ದಾರಿ
detour; roundabout way	ಅಡ್ಡದಾರಿ; ಸುತ್ತಿನ ದಾರಿ
devastate	ಧ್ವಂಸಗೊಳಿಸು
develop	ಅಭಿವೃದ್ಧಿ
develop; expansion (opposite of compression)	ಅಭಿವೃದ್ಧಿ; ವಿಸ್ತರಣೆ (ಸಂಕೋಚನದ ವಿರುದ್ಧ)
developing (film)	ಅಭಿವೃದ್ಧಿಶೀಲ (ಚಲನಚಿತ್ರ)
development	ಅಭಿವೃದ್ಧಿ
development / expansion	ಅಭಿವೃದ್ಧಿ / ವಿಸ್ತರಣೆ
development; exploitation	ಅಭಿವೃದ್ಧಿ; ಶೋಷಣೆ
development; growth	ಅಭಿವೃದ್ಧಿ; ಬೆಳವಣಿಗೆ
device	ಸಾಧನ
device / apparatus	ಸಾಧನ / ಉಪಕರಣ
devil	ದೆವ್ವ
devil; demon; evil spirit	ದೆವ್ವ; ರಾಕ್ಷಸ; ದುಷ್ಟಶಕ್ತಿ
devise	ರೂಪಿಸುತ್ತಾರೆ
devote	ವಿನಿಯೋಗಿಸುತ್ತಾರೆ
diagnose	ರೋಗನಿರ್ಣಯ
diagnosis	ರೋಗನಿರ್ಣಯ
diagram	ರೇಖಾಚಿತ್ರ
dialect	ಉಪಭಾಷೆ
dialogue	ಸಂಭಾಷಣೆ
diameter	ವ್ಯಾಸ
diamond	ವಜ್ರ
diaper; nappy	ಡಯಾಪರ್; ನ್ಯಾಪಿ
diarrhea	ಅತಿಸಾರ
diarrhoea	ಅತಿಸಾರ
diary	ದಿನಚರಿ
dictate	ನಿರ್ದೇಶಿಸುತ್ತವೆ
dictation	ಡಿಕ್ಟೇಶನ್
dictator	ಸರ್ವಾಧಿಕಾರಿ
dictionary	ನಿಘಂಟು
die	ಸಾಯುತ್ತಾರೆ
diet	ಆಹಾರ ಪದ್ಧತಿ
differ	ಭಿನ್ನವಾಗಿರುತ್ತವೆ
difference	ವ್ಯತ್ಯಾಸ
difference; discrepancy	ವ್ಯತ್ಯಾಸ; ವ್ಯತ್ಯಾಸ
difference; discrepancy; variation	ವ್ಯತ್ಯಾಸ; ವ್ಯತ್ಯಾಸ; ವ್ಯತ್ಯಾಸ
difference; variation	ವ್ಯತ್ಯಾಸ; ವ್ಯತ್ಯಾಸ
different	ವಿಭಿನ್ನ
different opinion; objection	ವಿಭಿನ್ನ ಅಭಿಪ್ರಾಯ; ಆಕ್ಷೇಪಣೆ
differentiate	ಪ್ರತ್ಯೇಕಿಸಿ
differently	ವಿಭಿನ್ನವಾಗಿ
difficult	ಕಷ್ಟ
difficulty	ಕಷ್ಟ
difficulty; distress	ಕಷ್ಟ; ಸಂಕಟ
diffidence; restraint; reserve	ಭಿನ್ನಾಭಿಪ್ರಾಯ; ಸಂಯಮ; ಮೀಸಲು
diffusion; spread	ಪ್ರಸರಣ; ಹರಡಿತು
dig	ಅಗೆಯಿರಿ
digestion	ಜೀರ್ಣಕ್ರಿಯೆ
digital	ಡಿಜಿಟಲ್
dignity	ಘನತೆ
dilemma	ಸಂದಿಗ್ಧತೆ
diligent; serious; honest	ಶ್ರದ್ಧೆಯುಳ್ಳ; ಗಂಭೀರ; ಪ್ರಾಮಾಣಿಕ
dim; gloomy	ಮಂದ; ಕತ್ತಲೆಯಾದ
dimension	ಆಯಾಮ
diminish	ಕಡಿಮೆಯಾಗುತ್ತದೆ
dining hall	ಊಟದ ಹಾಲ್
dining room	ಊಟದ ಕೋಣೆ
dining table	ಊಟದ ಮೇಜು
dinner	ಭೋಜನ
dinner (formal)	ಭೋಜನ (ಔಪಚಾರಿಕ)
dip	ಅದ್ದು
diploma	ಡಿಪ್ಲೊಮಾ
diplomacy	ರಾಜತಾಂತ್ರಿಕತೆ
diplomat	ರಾಜತಾಂತ್ರಿಕ
diplomatic	ರಾಜತಾಂತ್ರಿಕ
direct	ನೇರ
direct communication	ನೇರ ಸಂವಹನ
direct current	ನೇರ ಪ್ರವಾಹ
direct; immediate; personal; firsthand	ನೇರ; ತಕ್ಷಣದ; ವೈಯಕ್ತಿಕ; ಪ್ರತ್ಯಕ್ಷವಾಗಿ
directing arrow	ನಿರ್ದೇಶಿಸುವ ಬಾಣ
direction	ನಿರ್ದೇಶನ
direction; course; way	ನಿರ್ದೇಶನ; ಕೋರ್ಸ್; ದಾರಿ
direction; district; field (e.g.; of study)	ನಿರ್ದೇಶನ; ಜಿಲ್ಲೆ; ಕ್ಷೇತ್ರ (ಉದಾ.; ಅಧ್ಯಯನ)
direction; situation; exposure; aspect; suitability	ನಿರ್ದೇಶನ; ಪರಿಸ್ಥಿತಿ; ಒಡ್ಡುವಿಕೆ; ಅಂಶ; ಸೂಕ್ತತೆ
direction; way; compass point	ನಿರ್ದೇಶನ; ದಾರಿ; ದಿಕ್ಸೂಚಿ ಬಿಂದು
directions	ನಿರ್ದೇಶನಗಳು
directly	ನೇರವಾಗಿ
director	ನಿರ್ದೇಶಕ
director; high executive	ನಿರ್ದೇಶಕ; ಉನ್ನತ ಕಾರ್ಯನಿರ್ವಾಹಕ
directory	ಡೈರೆಕ್ಟರಿ
dirt	ಕೊಳಕು
dirt; filth	ಕೊಳಕು; ಹೊಲಸು
dirty	ಕೊಳಕು
disability	ಅಂಗವೈಕಲ್ಯ
disability / obstacle	ಅಂಗವೈಕಲ್ಯ / ಅಡಚಣೆ
disabled	ಅಂಗವಿಕಲ
disadvantage	ಅನನುಕೂಲತೆ
disadvantage; handicap; unfavorable; drawback	ಅನನುಕೂಲತೆ; ಅಂಗವಿಕಲತೆ; ಪ್ರತಿಕೂಲವಾದ; ನ್ಯೂನತೆ
disagree	ಒಪ್ಪುವುದಿಲ್ಲ
disagreement	ಭಿನ್ನಾಭಿಪ್ರಾಯ
disappear	ಕಣ್ಮರೆಯಾಗುತ್ತವೆ
disappoint	ನಿರಾಶೆ
disappointed	ನಿರಾಶೆಯಾಯಿತು
disappointed love; broken heart; unrequited love; be lovelorn	ನಿರಾಶೆ ಪ್ರೀತಿ; ಮುರಿದ ಹೃದಯ; ಅಪೇಕ್ಷಿಸದ ಪ್ರೀತಿ; ಪ್ರೇಮಿಯಾಗಿರಿ
disappointing	ನಿರಾಶಾದಾಯಕ
disappointment	ನಿರಾಶೆ
disappointment; despair	ನಿರಾಶೆ; ಹತಾಶೆ
disaster	ವಿಪತ್ತು
disaster prevention	ವಿಪತ್ತು ತಡೆಗಟ್ಟುವಿಕೆ
disastrous	ವಿನಾಶಕಾರಿ
disc	ಡಿಸ್ಕ್
discard	ತಿರಸ್ಕರಿಸು
discerning	ವಿವೇಚನಾಶೀಲ
discharge	ವಿಸರ್ಜನೆ
discipline	ಶಿಸ್ತು
disclose	ಬಹಿರಂಗಪಡಿಸು
disclosure	ಬಹಿರಂಗಪಡಿಸುವಿಕೆ
disco	ಡಿಸ್ಕೋ
discomfort; disability; inconvenience; destitution	ಅಸ್ವಸ್ಥತೆ; ಅಂಗವೈಕಲ್ಯ; ಅನಾನುಕೂಲತೆ; ಬಡತನ
discount	ರಿಯಾಯಿತಿ
discount coupon	ರಿಯಾಯಿತಿ ಕೂಪನ್
discount; reduction; rebate	ರಿಯಾಯಿತಿ; ಕಡಿತ; ರಿಯಾಯಿತಿ
discount; reduction; rebate; tenths discounted	ರಿಯಾಯಿತಿ; ಕಡಿತ; ರಿಯಾಯಿತಿ; ಹತ್ತರ ರಿಯಾಯಿತಿ
discourage	ನಿರುತ್ಸಾಹಗೊಳಿಸು
discourse	ಪ್ರವಚನ
discover	ಅನ್ವೇಷಿಸಿ
discovery	ಅನ್ವೇಷಣೆ
discovery; detection; finding	ಅನ್ವೇಷಣೆ; ಪತ್ತೆ; ಕಂಡುಹಿಡಿಯುವುದು
discrepancy	ವ್ಯತ್ಯಾಸ
discretion	ವಿವೇಚನೆ
discretion; prudence	ವಿವೇಚನೆ; ವಿವೇಕ
discrimination	ತಾರತಮ್ಯ
discrimination; distinction; differentiation	ತಾರತಮ್ಯ; ವ್ಯತ್ಯಾಸ; ವ್ಯತ್ಯಾಸ
discuss	ಚರ್ಚಿಸಿ
discussion	ಚರ್ಚೆ
discussion; conference	ಚರ್ಚೆ; ಸಮ್ಮೇಳನ
disease	ರೋಗ
disgusted with; to dislike	ಅಸಹ್ಯಕರ; ಇಷ್ಟಪಡದಿರಲು
dish	ಭಕ್ಷ್ಯ
dishonest	ಅಪ್ರಾಮಾಣಿಕ
disinfection; sterilization	ಸೋಂಕುಗಳೆತ; ಕ್ರಿಮಿನಾಶಕ
disk	ಡಿಸ್ಕ್
dislike	ಇಷ್ಟವಿಲ್ಲ
dislike, hate	ಇಷ್ಟವಿಲ್ಲ, ದ್ವೇಷ
dismiss	ವಜಾಗೊಳಿಸಿ
dismissal	ವಜಾ
disorder	ಅಸ್ವಸ್ಥತೆ
disorder; chaos; confusion; mayhem	ಅಸ್ವಸ್ಥತೆ; ಅವ್ಯವಸ್ಥೆ; ಗೊಂದಲ; ಅಪಾಯಕರ
disparage	ಅವಹೇಳನ
displace	ಸ್ಥಳಾಂತರಿಸು
display	ಪ್ರದರ್ಶನ
disposal	ವಿಲೇವಾರಿ
dispose	ವಿಲೇವಾರಿ ಮಾಡು
disposition	ಇತ್ಯರ್ಥ
disposition; nature	ಇತ್ಯರ್ಥ; ಪ್ರಕೃತಿ
disposition; spirit; willpower; obstinacy; backbone; appetite	ಇತ್ಯರ್ಥ; ಆತ್ಮ; ಇಚ್ಛಾಶಕ್ತಿ; ಹಠಮಾರಿತನ; ಬೆನ್ನೆಲುಬು; ಹಸಿವು
dispute	ವಿವಾದ
disregard; ignore	ನಿರ್ಲಕ್ಷ್ಯ; ನಿರ್ಲಕ್ಷಿಸಿ
disrupt	ಅಡ್ಡಿಪಡಿಸು
disruption	ಅಡ್ಡಿ
dissatisfaction; displeasure; discontent; complaints; unhappiness	ಅತೃಪ್ತಿ; ಅಸಮಾಧಾನ; ಅಸಮಾಧಾನ; ದೂರುಗಳು; ಅಸಂತೋಷ
dissection; autopsy	ಛೇದನ; ಶವಪರೀಕ್ಷೆ
disseminate	ಪ್ರಸಾರ ಮಾಡು
dissolve	ಕರಗಿಸಿ
distance	ದೂರ
distance; range	ದೂರ; ವ್ಯಾಪ್ತಿಯ
distant	ದೂರದ
distinct	ವಿಭಿನ್ನ
distinction	ವ್ಯತ್ಯಾಸ
distinction by sex; sex; gender	ಲಿಂಗದಿಂದ ವ್ಯತ್ಯಾಸ; ಲೈಂಗಿಕತೆ; ಲಿಂಗ
distinction; differentiation; classification	ವ್ಯತ್ಯಾಸ; ವ್ಯತ್ಯಾಸ; ವರ್ಗೀಕರಣ
distinctive	ವಿಶಿಷ್ಟ
distinguish	ಪ್ರತ್ಯೇಕಿಸಿ
distort	ವಿರೂಪಗೊಳಿಸು
distract	ತಬ್ಬಿಬ್ಬು
distress	ಸಂಕಟ
distribute	ವಿತರಿಸಿ
distribution	ವಿತರಣೆ
district	ಜಿಲ್ಲೆ
district; section; sector	ಜಿಲ್ಲೆ; ವಿಭಾಗ; ವಲಯ
disturb	ತೊಂದರೆ ಕೊಡು
disturbing	ಗೊಂದಲದ
dive	ಡೈವ್
divergence	ಭಿನ್ನತೆ
diverse	ವೈವಿಧ್ಯಮಯ
diversity	ವೈವಿಧ್ಯತೆ
divert	ಬೇರೆಡೆಗೆ ತಿರುಗಿಸು
divide	ಭಾಗಿಸಿ
divide; cut; halve; separate; split; rip; break; crack; smash; dilute	ವಿಭಜಿಸು; ಕತ್ತರಿಸಿ; ಅರ್ಧಕ್ಕೆ; ಪ್ರತ್ಯೇಕ; ವಿಭಜನೆ; ಕಿತ್ತುಹಾಕು; ಬ್ರೇಕ್; ಬಿರುಕು; ಸ್ಮ್ಯಾಶ್; ದುರ್ಬಲಗೊಳಿಸು
dividing; part	ವಿಭಜಿಸುವುದು; ಭಾಗ
divine	ದೈವಿಕ
division	ವಿಭಾಗ
division (math)	ವಿಭಾಗ (ಗಣಿತ)
division into equal parts	ಸಮಾನ ಭಾಗಗಳಾಗಿ ವಿಭಜನೆ
division; section; classification	ವಿಭಜನೆ; ವಿಭಾಗ; ವರ್ಗೀಕರಣ
division; section; compartment; boundary; area; block	ವಿಭಜನೆ; ವಿಭಾಗ; ಕಂಪಾರ್ಟ್ಮೆಂಟ್; ಗಡಿ; ಪ್ರದೇಶ; ಬ್ಲಾಕ್
divorce	ವಿಚ್ಛೇದನ
divorced	ವಿಚ್ಛೇದನ ಪಡೆದರು
do	ಮಾಡು
do you need it?	ನಿಮಗೆ ಇದು ಅಗತ್ಯವಿದೆಯೇ?
do you speak English?	ನೀವು ಇಂಗ್ಲಿಷ್ ಮಾತನಾಡುತ್ತೀರಾ?
do your best	ನಿಮ್ಮ ಕೈಲಾದಷ್ಟು ಮಾಡಿ
doctor	ವೈದ್ಯರು
doctor; physician	ವೈದ್ಯರು; ವೈದ್ಯ
doctorate; PhD	ಡಾಕ್ಟರೇಟ್; ಪಿಎಚ್‌ಡಿ
doctrine	ಸಿದ್ಧಾಂತ
doctrine; rule; principle	ಸಿದ್ಧಾಂತ; ನಿಯಮ; ತತ್ವ
document	ದಾಖಲೆ
documentary	ಸಾಕ್ಷ್ಯಚಿತ್ರ
documentation	ದಸ್ತಾವೇಜನ್ನು
documents	ದಾಖಲೆಗಳು
documents; official papers	ದಾಖಲೆಗಳು; ಅಧಿಕೃತ ಪತ್ರಿಕೆಗಳು
doesn't taste good	ಉತ್ತಮ ರುಚಿ ಇಲ್ಲ
dog	ನಾಯಿ
dogma	ಸಿದ್ಧಾಂತ
doing (with resolve); carrying out (i.e. a plan)	ಮಾಡುವುದು (ಸಂಕಲ್ಪದೊಂದಿಗೆ); ನಡೆಸುವುದು (ಅಂದರೆ ಯೋಜನೆ)
doll; figure	ಗೊಂಬೆ; ಆಕೃತಿ
dollar	ಡಾಲರ್
dollars	ಡಾಲರ್
dolphin	ಡಾಲ್ಫಿನ್
domain	ಡೊಮೇನ್
domestic	ದೇಶೀಯ
domestic (in-country)	ದೇಶೀಯ (ದೇಶದಲ್ಲಿ)
domestic animals; livestock; cattle	ಸಾಕು ಪ್ರಾಣಿಗಳು; ಜಾನುವಾರುಗಳು; ಜಾನುವಾರು
dominance	ಪ್ರಾಬಲ್ಯ
dominant	ಪ್ರಬಲ
dominate	ಪ್ರಾಬಲ್ಯ
don't look well	ಚೆನ್ನಾಗಿ ಕಾಣುತ್ತಿಲ್ಲ
donate	ದಾನ ಮಾಡು
donation	ದಾನ
donation; presentation	ದಾನ; ಪ್ರಸ್ತುತಿ
donor	ದಾನಿ
door	ಬಾಗಿಲು
dormitory	ನಿಲಯ
dose	ಡೋಸ್
dot	ಚುಕ್ಕೆ
double	ದುಪ್ಪಟ್ಟು
doubt	ಅನುಮಾನ
doubt; misgivings; distrust; suspicion	ಅನುಮಾನ; ಅನುಮಾನಗಳು; ಅಪನಂಬಿಕೆ; ಅನುಮಾನ
down	ಕೆಳಗೆ
down / below	ಕೆಳಗೆ / ಕೆಳಗೆ
down-train (going away from Tokyo)	ಡೌನ್-ಟ್ರೇನ್ (ಟೋಕಿಯೊದಿಂದ ದೂರ ಹೋಗುತ್ತಿದೆ)
download	ಡೌನ್ಲೋಡ್
downpour	ಸುರಿಮಳೆ
downstairs	ಕೆಳಗೆ
downtown	ಪೇಟೆ
downward; descent; fall; drop; subsidence	ಕೆಳಮುಖವಾಗಿ; ಅವರೋಹಣ; ಪತನ; ಡ್ರಾಪ್; ಕುಸಿತ
downwards	ಕೆಳಮುಖವಾಗಿ
dozen	ಡಜನ್
dozing; nodding off	ಡೋಸಿಂಗ್; ತಲೆಯಾಡಿಸುತ್ತಿದೆ
draft	ಕರಡು
drag	ಎಳೆಯಿರಿ
drain	ಹರಿಸುತ್ತವೆ
drainage; sewage; ditch; gutter; sewerage	ಒಳಚರಂಡಿ; ಕೊಳಚೆ ನೀರು; ಕಂದಕ; ಗಟಾರ; ಒಳಚರಂಡಿ
drama	ನಾಟಕ
drama; play	ನಾಟಕ; ಆಡುತ್ತಾರೆ
dramatic	ನಾಟಕೀಯ
dramatically	ನಾಟಕೀಯವಾಗಿ
dramatization (e.g. film)	ನಾಟಕೀಕರಣ (ಉದಾ. ಚಲನಚಿತ್ರ)
draw	ಸೆಳೆಯುತ್ತವೆ
drawer; drawing out	ಡ್ರಾಯರ್; ಔಟ್ ಡ್ರಾಯಿಂಗ್
drawing	ರೇಖಾಚಿತ್ರ
dream	ಕನಸು
dress	ಉಡುಗೆ
dressed	ಧರಿಸಿದ್ದರು
dresser / chest	ಡ್ರೆಸ್ಸರ್ / ಎದೆ
dried washing (clothes)	ಒಣಗಿದ ತೊಳೆಯುವುದು (ಬಟ್ಟೆ)
drift	ಡ್ರಿಫ್ಟ್
drink	ಕುಡಿಯಿರಿ
drink!(said repeatedly as a party cheer)	ಕುಡಿಯಿರಿ!(ಪಕ್ಷದ ಹುರಿದುಂಬಿಸುವಂತೆ ಪದೇ ಪದೇ ಹೇಳಿದರು)
drive	ಚಾಲನೆ
driver	ಚಾಲಕ
driving	ಚಾಲನೆ
drop	ಬಿಡಿ
drop of water	ನೀರಿನ ಹನಿ
drought	ಬರ
drown	ಮುಳುಗುತ್ತವೆ
drug	ಔಷಧ
drum	ಡ್ರಮ್
drum; tambourine	ಡ್ರಮ್; ತಂಬೂರಿ
drums	ಡ್ರಮ್ಸ್
drunk	ಕುಡಿದ
drunkard	ಕುಡುಕ
dry	ಶುಷ್ಕ
dry cell; battery	ಒಣ ಕೋಶ; ಬ್ಯಾಟರಿ
dry; arid; insipid; dehydrated	ಶುಷ್ಕ; ಶುಷ್ಕ; ನಿಷ್ಕಪಟ; ನಿರ್ಜಲೀಕರಣಗೊಂಡಿದೆ
dual	ದ್ವಂದ್ವ
dual income	ಎರಡು ಆದಾಯ
dub	ಡಬ್
duck	ಬಾತುಕೋಳಿ
due	ಕಾರಣ
due form; official; formality	ಕಾರಣ ರೂಪ; ಅಧಿಕೃತ; ಔಪಚಾರಿಕತೆ
due to	ಕಾರಣ
dull	ಮಂದ
dull (e.g. a knife); thickheaded; slow (opposite of fast); stupid	ಮಂದ (ಉದಾ. ಚಾಕು); ದಪ್ಪತಲೆಯ; ನಿಧಾನ (ವೇಗದ ವಿರುದ್ಧ); ಮೂರ್ಖ
dumb	ಮೂಕ
dump	ಡಂಪ್
duo	ಜೋಡಿ
duration	ಅವಧಿ
during	ಸಮಯದಲ್ಲಿ
during / between	ಸಮಯದಲ್ಲಿ / ನಡುವೆ
dust	ಧೂಳು
dust; dirt	ಧೂಳು; ಕೊಳಕು
duty	ಕರ್ತವ್ಯ
duty / obligation	ಕರ್ತವ್ಯ / ಬಾಧ್ಯತೆ
duty / service	ಕರ್ತವ್ಯ / ಸೇವೆ
duty; business	ಕರ್ತವ್ಯ; ವ್ಯಾಪಾರ
duty; obligation; responsibility	ಕರ್ತವ್ಯ; ಬಾಧ್ಯತೆ; ಜವಾಬ್ದಾರಿ
duty; responsibility	ಕರ್ತವ್ಯ; ಜವಾಬ್ದಾರಿ
duty; sense of duty; honor; decency; courtesy; debt of gratitude; social obligation	ಕರ್ತವ್ಯ; ಕರ್ತವ್ಯ ಪ್ರಜ್ಞೆ; ಗೌರವ; ಸಭ್ಯತೆ; ಸೌಜನ್ಯ; ಕೃತಜ್ಞತೆಯ ಋಣ; ಸಾಮಾಜಿಕ ಬಾಧ್ಯತೆ
dwelling; house; residence; address	ವಾಸಸ್ಥಾನ; ಮನೆ; ನಿವಾಸ; ವಿಳಾಸ
dynamic	ಕ್ರಿಯಾತ್ಮಕ
e-mail	ಇಮೇಲ್
each	ಪ್ರತಿಯೊಂದೂ
each time; common service-sector greeting	ಪ್ರತಿ ಬಾರಿ; ಸಾಮಾನ್ಯ ಸೇವಾ ವಲಯದ ಶುಭಾಶಯಗಳು
each; every; either; respectively; severally	ಪ್ರತಿಯೊಂದೂ; ಪ್ರತಿ; ಒಂದೋ; ಕ್ರಮವಾಗಿ; ಹಲವಾರು
each; individual	ಪ್ರತಿಯೊಂದೂ; ವೈಯಕ್ತಿಕ
eager	ಉತ್ಸುಕನಾಗಿದ್ದಾನೆ
eagle	ಹದ್ದು
ear	ಕಿವಿ
early	ಆರಂಭಿಕ
early in the morning	ಮುಂಜಾನೆ
earn	ಗಳಿಸುತ್ತಾರೆ
earnestly	ಶ್ರದ್ಧೆಯಿಂದ
earnestly; immediately; exactly	ಶ್ರದ್ಧೆಯಿಂದ; ತಕ್ಷಣ; ನಿಖರವಾಗಿ
earnings	ಗಳಿಕೆ
earrings	ಕಿವಿಯೋಲೆಗಳು
earth	ಭೂಮಿ
earth-shattering; staggering; to a very great extent	ಭೂಮಿ-ಛಿದ್ರಗೊಳಿಸುವ; ದಿಗ್ಭ್ರಮೆಗೊಳಿಸುವ; ಬಹಳ ಮಟ್ಟಿಗೆ
earth; soil	ಭೂಮಿ; ಮಣ್ಣು
earthenware; crockery; china	ಮಣ್ಣಿನ ಪಾತ್ರೆಗಳು; ಪಾತ್ರೆಗಳು; ಚೀನಾ
earthquake	ಭೂಕಂಪ
ease	ಸುಲಭ
easily	ಸುಲಭವಾಗಿ
east	ಪೂರ್ವ
eastern	ಪೂರ್ವ
eastern half of Japan; including Tokyo	ಜಪಾನ್‌ನ ಪೂರ್ವಾರ್ಧ; ಟೋಕಿಯೊ ಸೇರಿದಂತೆ
easy	ಸುಲಭ
easy (problem); kind (person)	ಸುಲಭ (ಸಮಸ್ಯೆ); ರೀತಿಯ (ವ್ಯಕ್ತಿ)
easy / comfortable	ಸುಲಭ / ಆರಾಮದಾಯಕ
easy / kind	ಸುಲಭ / ರೀತಿಯ
easy / simple	ಸುಲಭ / ಸರಳ
easy to understand	ಅರ್ಥಮಾಡಿಕೊಳ್ಳಲು ಸುಲಭ
easy-going	ಸುಲಭವಾಗಿ ಹೋಗುವ
easy; comfortable	ಸುಲಭ; ಆರಾಮದಾಯಕ
easy; simple	ಸುಲಭ; ಸರಳ
easy; simple; plain	ಸುಲಭ; ಸರಳ; ಸರಳ
eat	ತಿನ್ನು
eaves	ಸೂರು
echo	ಪ್ರತಿಧ್ವನಿ
echo; sound; reverberation; noise	ಪ್ರತಿಧ್ವನಿ; ಧ್ವನಿ; ಪ್ರತಿಧ್ವನಿ; ಶಬ್ದ
eco-friendly	ಪರಿಸರ ಸ್ನೇಹಿ
ecological	ಪರಿಸರೀಯ
economic	ಆರ್ಥಿಕ
economics	ಅರ್ಥಶಾಸ್ತ್ರ
economising; saving	ಆರ್ಥಿಕತೆ; ಉಳಿತಾಯ
economist	ಅರ್ಥಶಾಸ್ತ್ರಜ್ಞ
economy	ಆರ್ಥಿಕತೆ
edamame	ಎಡಮಾಮ್
edge	ಅಂಚು
edit	ಸಂಪಾದಿಸು
editing; compilation; editorial (e.g. committee)	ಸಂಪಾದನೆ; ಸಂಕಲನ; ಸಂಪಾದಕೀಯ (ಉದಾ. ಸಮಿತಿ)
edition	ಆವೃತ್ತಿ
editor	ಸಂಪಾದಕ
editorial	ಸಂಪಾದಕೀಯ
editorial; leading article	ಸಂಪಾದಕೀಯ; ಪ್ರಮುಖ ಲೇಖನ
educate	ಶಿಕ್ಷಣ
educated	ವಿದ್ಯಾವಂತ
education	ಶಿಕ್ಷಣ
educational	ಶೈಕ್ಷಣಿಕ
educator	ಶಿಕ್ಷಣತಜ್ಞ
effect	ಪರಿಣಾಮ
effect; effectiveness; efficacy; result	ಪರಿಣಾಮ; ಪರಿಣಾಮಕಾರಿತ್ವ; ಪರಿಣಾಮಕಾರಿತ್ವ; ಫಲಿತಾಂಶ
effect; efficacy; validity; potency	ಪರಿಣಾಮ; ಪರಿಣಾಮಕಾರಿತ್ವ; ಮಾನ್ಯತೆ; ಸಾಮರ್ಥ್ಯ
effect; virtue; efficacy; impression	ಪರಿಣಾಮ; ಸದ್ಗುಣ; ಪರಿಣಾಮಕಾರಿತ್ವ; ಅನಿಸಿಕೆ
effective	ಪರಿಣಾಮಕಾರಿ
effectively	ಪರಿಣಾಮಕಾರಿಯಾಗಿ
effectiveness	ಪರಿಣಾಮಕಾರಿತ್ವ
efficiency	ದಕ್ಷತೆ
efficient	ಸಮರ್ಥ
efficiently	ಸಮರ್ಥವಾಗಿ
effort	ಪ್ರಯತ್ನ
egg	ಮೊಟ್ಟೆ
ego	ಅಹಂಕಾರ
eight	ಎಂಟು
eight (counter)	ಎಂಟು (ಕೌಂಟರ್)
eight (things)	ಎಂಟು (ವಸ್ತುಗಳು)
eight days	ಎಂಟು ದಿನಗಳು
eight days; eighth day of the month	ಎಂಟು ದಿನಗಳು; ತಿಂಗಳ ಎಂಟನೇ ದಿನ
eight hundred	ಎಂಟು ನೂರು
eight minutes	ಎಂಟು ನಿಮಿಷಗಳು
eight o'clock	ಎಂಟು ಗಂಟೆ
eighteen	ಹದಿನೆಂಟು
eighth	ಎಂಟನೆಯದು
eighty	ಎಂಬತ್ತು
either	ಒಂದೋ
elaborate	ವಿಸ್ತಾರವಾಗಿ
elbow	ಮೊಣಕೈ
elderly	ವಯಸ್ಸಾದ
elderly person	ಹಿರಿಯ ವ್ಯಕ್ತಿ
eldest daughter	ಹಿರಿಯ ಮಗಳು
eldest son	ಹಿರಿಯ ಮಗ
elect	ಆಯ್ಕೆ
election	ಚುನಾವಣೆ
electoral	ಚುನಾವಣಾ
electric	ವಿದ್ಯುತ್
electric current	ವಿದ್ಯುತ್ ಪ್ರವಾಹ
electric fan	ವಿದ್ಯುತ್ ಫ್ಯಾನ್
electric light	ವಿದ್ಯುತ್ ಬೆಳಕು
electric power	ವಿದ್ಯುತ್ ಶಕ್ತಿ
electric train	ವಿದ್ಯುತ್ ರೈಲು
electrical	ವಿದ್ಯುತ್
electrical resistance; resistance; opposition	ವಿದ್ಯುತ್ ಪ್ರತಿರೋಧ; ಪ್ರತಿರೋಧ; ವಿರೋಧ
electricity	ವಿದ್ಯುತ್
electricity / light	ವಿದ್ಯುತ್ / ಬೆಳಕು
electricity; electric light	ವಿದ್ಯುತ್; ವಿದ್ಯುತ್ ಬೆಳಕು
electro-magnetic wave	ವಿದ್ಯುತ್ಕಾಂತೀಯ ತರಂಗ
electron	ಎಲೆಕ್ಟ್ರಾನ್
electronic	ಎಲೆಕ್ಟ್ರಾನಿಕ್
electronics	ಎಲೆಕ್ಟ್ರಾನಿಕ್ಸ್
elegant	ಸೊಗಸಾದ
element	ಅಂಶ
elementary	ಪ್ರಾಥಮಿಕ
elementary level	ಪ್ರಾಥಮಿಕ ಹಂತ
elementary school	ಪ್ರಾಥಮಿಕ ಶಾಲೆ
elementary school student	ಪ್ರಾಥಮಿಕ ಶಾಲಾ ವಿದ್ಯಾರ್ಥಿ
elephant	ಆನೆ
elevate	ಎತ್ತರಿಸಿ
elevation; rise; improvement; advancement; progress	ಎತ್ತರ; ಏರಿಕೆ; ಸುಧಾರಣೆ; ಪ್ರಗತಿ; ಪ್ರಗತಿ
elevator	ಎಲಿವೇಟರ್
eleven	ಹನ್ನೊಂದು
eleven o'clock	ಹನ್ನೊಂದು ಗಂಟೆ
eligible	ಅರ್ಹರು
eliminate	ತೊಡೆದುಹಾಕಲು
elimination; cancellation; deletion; erasure	ನಿರ್ಮೂಲನೆ; ರದ್ದತಿ; ಅಳಿಸುವಿಕೆ; ಅಳಿಸುವಿಕೆ
elite	ಗಣ್ಯರು
ellipse	ದೀರ್ಘವೃತ್ತ
eloquent	ನಿರರ್ಗಳ
else	ಬೇರೆ
elsewhere	ಬೇರೆಡೆ
elucidate	ಸ್ಪಷ್ಟಪಡಿಸುತ್ತವೆ
email	ಇಮೇಲ್
embarassing; to feel embarassed	ಮುಜುಗರದ; ಮುಜುಗರ ಅನುಭವಿಸಲು
embark	ಹೊರಡಲು
embarrassed	ಮುಜುಗರವಾಯಿತು
embarrassed / shy	ಮುಜುಗರ / ನಾಚಿಕೆ
embarrassing	ಮುಜುಗರದ
embarrassment	ಮುಜುಗರ
embassy	ರಾಯಭಾರ ಕಚೇರಿ
embed	ಎಂಬೆಡ್
embodiment; materialization	ಸಾಕಾರ; ವಸ್ತುೀಕರಣ
embody	ಸಾಕಾರಗೊಳಿಸುತ್ತವೆ
embrace	ಅಪ್ಪಿಕೊಳ್ಳುತ್ತವೆ
emerald green	ಪಚ್ಚೆ ಹಸಿರು
emerge	ಹೊರಹೊಮ್ಮುತ್ತವೆ
emergence	ಹೊರಹೊಮ್ಮುವಿಕೆ
emergency	ತುರ್ತು
emergency; extraordinary; unusual	ತುರ್ತು ಪರಿಸ್ಥಿತಿ; ಅಸಾಮಾನ್ಯ; ಅಸಾಮಾನ್ಯ
emigration; immigration; emigrant; immigrant	ವಲಸೆ; ವಲಸೆ; ವಲಸೆಗಾರ; ವಲಸೆಗಾರ
emission	ಹೊರಸೂಸುವಿಕೆ
emotion	ಭಾವನೆ
emotion(s); feeling(s); sentiment	ಭಾವನೆ(ಗಳು); ಭಾವನೆ(ಗಳು); ಭಾವನೆ
emotional	ಭಾವನಾತ್ಮಕ
emotionally	ಭಾವನಾತ್ಮಕವಾಗಿ
emphasis	ಒತ್ತು
emphasis; stress; stressed point	ಒತ್ತು; ಒತ್ತಡ; ಒತ್ತು ನೀಡಿದ ಬಿಂದು
emphasize	ಒತ್ತು ನೀಡುತ್ತವೆ
empire	ಸಾಮ್ರಾಜ್ಯ
empirical	ಪ್ರಾಯೋಗಿಕ
employ	ನೇಮಕ
employee	ಉದ್ಯೋಗಿ
employer	ಉದ್ಯೋಗದಾತ
employment	ಉದ್ಯೋಗ
employment (long term); hire	ಉದ್ಯೋಗ (ದೀರ್ಘಾವಧಿ); ಬಾಡಿಗೆಗೆ
empower	ಅಧಿಕಾರ
empty	ಖಾಲಿ
empty / hollow	ಖಾಲಿ / ಟೊಳ್ಳು
empty; vacant; hollow	ಖಾಲಿ; ಖಾಲಿ; ಟೊಳ್ಳಾದ
enable	ಸಕ್ರಿಯಗೊಳಿಸಿ
enact	ಜಾರಿಗೊಳಿಸಿ
encapsulate	ಆವರಿಸು
encompass	ಒಳಗೊಳ್ಳುತ್ತವೆ
encounter	ಎನ್ಕೌಂಟರ್
encourage	ಪ್ರೋತ್ಸಾಹಿಸಿ
encouragement	ಪ್ರೋತ್ಸಾಹ
encouraging	ಪ್ರೋತ್ಸಾಹದಾಯಕ
end	ಅಂತ್ಯ
end (e.g. of street)	ಅಂತ್ಯ (ಉದಾ. ಬೀದಿ)
end (e.g. of street); edge; tip; margin; point	ಅಂತ್ಯ (ಉದಾ. ರಸ್ತೆ); ಅಂಚು; ತುದಿ; ಅಂಚು; ಪಾಯಿಂಟ್
end of term	ಅವಧಿಯ ಅಂತ್ಯ
end of the month	ತಿಂಗಳ ಕೊನೆಯಲ್ಲಿ
end of this week	ಈ ವಾರದ ಕೊನೆಯಲ್ಲಿ
end; close; termination	ಅಂತ್ಯ; ಮುಚ್ಚಿ; ಮುಕ್ತಾಯ
endeavour	ಪ್ರಯತ್ನ
ending	ಕೊನೆಗೊಳ್ಳುತ್ತದೆ
ending; conclusion; union	ಅಂತ್ಯಗೊಳ್ಳುವುದು; ತೀರ್ಮಾನ; ಒಕ್ಕೂಟ
endless	ಅಂತ್ಯವಿಲ್ಲದ
endorse	ಅನುಮೋದಿಸಿ
endorsement	ಅನುಮೋದನೆ
endurance	ಸಹಿಷ್ಣುತೆ
endure	ಸಹಿಸಿಕೊಳ್ಳುತ್ತಾರೆ
enemy	ಶತ್ರು
enemy; rival	ಶತ್ರು; ಪ್ರತಿಸ್ಪರ್ಧಿ
energetic / well	ಶಕ್ತಿಯುತ / ಚೆನ್ನಾಗಿ
energy	ಶಕ್ತಿ
energy; liveliness	ಶಕ್ತಿ; ಜೀವನೋತ್ಸಾಹ
enforce	ಜಾರಿಗೊಳಿಸಲು
enforcement	ಜಾರಿ
enforcement; enact; put into practice; carry out; operation	ಜಾರಿ; ಜಾರಿಗೊಳಿಸಿ; ಆಚರಣೆಯಲ್ಲಿ ಇರಿಸಿ; ಕೈಗೊಳ್ಳಿ; ಕಾರ್ಯಾಚರಣೆ
engage	ತೊಡಗಿಸಿಕೊಳ್ಳಿ
engaged	ತೊಡಗಿಸಿಕೊಂಡಿದ್ದಾರೆ
engagement	ನಿಶ್ಚಿತಾರ್ಥ
engagement; betrothal	ನಿಶ್ಚಿತಾರ್ಥ; ನಿಶ್ಚಿತಾರ್ಥ
engaging	ತೊಡಗಿಸಿಕೊಳ್ಳುವ
engine	ಎಂಜಿನ್
engineer	ಇಂಜಿನಿಯರ್
engineer; technician	ಇಂಜಿನಿಯರ್; ತಂತ್ರಜ್ಞ
engineering	ಎಂಜಿನಿಯರಿಂಗ್
enhance	ವರ್ಧಿಸುತ್ತದೆ
enjoy	ಆನಂದಿಸಿ
enjoyable	ಆನಂದದಾಯಕ
enlargement	ಹಿಗ್ಗುವಿಕೆ
enormous	ಅಗಾಧ
enormous; vast	ಅಗಾಧವಾದ; ವಿಶಾಲವಾದ
enough	ಸಾಕಷ್ಟು
enquire	ವಿಚಾರಿಸುತ್ತಾರೆ
enquiry	ವಿಚಾರಣೆ
enquiry; ENQ	ವಿಚಾರಣೆ; ENQ
enquiry; expression of sympathy; expression of concern	ವಿಚಾರಣೆ; ಸಹಾನುಭೂತಿಯ ಅಭಿವ್ಯಕ್ತಿ; ಕಾಳಜಿಯ ಅಭಿವ್ಯಕ್ತಿ
enrich	ಶ್ರೀಮಂತಗೊಳಿಸು
enrichment	ಪುಷ್ಟೀಕರಣ
enrol	ದಾಖಲು
ensue	ಉಂಟಾಗುತ್ತದೆ
ensure	ಖಚಿತಪಡಿಸಿ
enter	ನಮೂದಿಸಿ
enterprise	ಉದ್ಯಮ
enterprise; undertaking	ಉದ್ಯಮ; ಕೈಗೊಳ್ಳುವುದು
entertain	ಮನರಂಜನೆ
entertaining	ಮನರಂಜನೆ
entertainment	ಮನರಂಜನೆ
enthusiasm	ಉತ್ಸಾಹ
enthusiast	ಉತ್ಸಾಹಿ
enthusiastic	ಉತ್ಸಾಹಭರಿತ
entire	ಸಂಪೂರ್ಣ
entirely	ಸಂಪೂರ್ಣವಾಗಿ
entitle	ಅರ್ಹತೆ
entity	ಘಟಕ
entrance	ಪ್ರವೇಶದ್ವಾರ
entrance / entryway	ಪ್ರವೇಶ / ಪ್ರವೇಶ
entrance exam	ಪ್ರವೇಶ ಪರೀಕ್ಷೆ
entrance; admission; entering	ಪ್ರವೇಶದ್ವಾರ; ಪ್ರವೇಶ; ಪ್ರವೇಶಿಸುತ್ತಿದೆ
entrepreneur	ವಾಣಿಜ್ಯೋದ್ಯಮಿ
entry	ಪ್ರವೇಶ
entry (on stage)	ಪ್ರವೇಶ (ವೇದಿಕೆಯ ಮೇಲೆ)
entry hall	ಪ್ರವೇಶ ಹಾಲ್
entry to a company	ಕಂಪನಿಗೆ ಪ್ರವೇಶ
entry to school or university; matriculation	ಶಾಲೆ ಅಥವಾ ವಿಶ್ವವಿದ್ಯಾಲಯಕ್ಕೆ ಪ್ರವೇಶ; ಮೆಟ್ರಿಕ್ಯುಲೇಷನ್
entry; filling in of forms	ಪ್ರವೇಶ; ಫಾರ್ಮ್‌ಗಳನ್ನು ಭರ್ತಿ ಮಾಡುವುದು
enumerate	ಎಣಿಸಿ
envelope	ಹೊದಿಕೆ
envious	ಹೊಟ್ಟೆಕಿಚ್ಚು
envious; enviable	ಅಸೂಯೆಪಡುವ; ಅಪೇಕ್ಷಣೀಯ
environment	ಪರಿಸರ
environment; circumstance	ಪರಿಸರ; ಸನ್ನಿವೇಶ
environment; circumstances	ಪರಿಸರ; ಸಂದರ್ಭಗಳು
environmental	ಪರಿಸರೀಯ
epidemic	ಸಾಂಕ್ರಾಮಿಕ
episode	ಸಂಚಿಕೆ
epistemology	ಜ್ಞಾನಶಾಸ್ತ್ರ
epoch-making	ಯುಗಪುರುಷ
equal	ಸಮಾನ
equality	ಸಮಾನತೆ
equality (a); impartiality; evenness	ಸಮಾನತೆ (ಎ); ನಿಷ್ಪಕ್ಷಪಾತ; ಸಮತೆ
equally	ಸಮಾನವಾಗಿ
equation	ಸಮೀಕರಣ
equation; formula; ceremony	ಸಮೀಕರಣ; ಸೂತ್ರ; ಸಮಾರಂಭ
equator	ಸಮಭಾಜಕ
equilibrium; balance	ಸಮತೋಲನ; ಸಮತೋಲನ
equilibrium; balance; average; mean	ಸಮತೋಲನ; ಸಮತೋಲನ; ಸರಾಸರಿ; ಅರ್ಥ
equip	ಸಜ್ಜುಗೊಳಿಸು
equipment	ಉಪಕರಣಗಳು
equipment; device; facilities; installation	ಉಪಕರಣಗಳು; ಸಾಧನ; ಸೌಲಭ್ಯಗಳು; ಅನುಸ್ಥಾಪನ
equipment; installation; apparatus	ಉಪಕರಣಗಳು; ಅನುಸ್ಥಾಪನ; ಉಪಕರಣ
equivalent	ಸಮಾನ
era	ಯುಗ
era / period	ಯುಗ / ಅವಧಿ
eraser	ಎರೇಸರ್
erect	ನೆಟ್ಟಗೆ
errand	ಕೆಲಸ
error	ದೋಷ
error; blunder; accident	ದೋಷ; ಪ್ರಮಾದ; ಅಪಘಾತ
erupt	ಉಗುಳುತ್ತವೆ
eruption	ಉಗುಳುವಿಕೆ
escalate	ಹೆಚ್ಚಿಸುತ್ತವೆ
escape	ತಪ್ಪಿಸಿಕೊಳ್ಳಲು
eschew	ಬಿಟ್ಟುಬಿಡಿ
especially	ವಿಶೇಷವಾಗಿ
essay	ಪ್ರಬಂಧ
essay; composition	ಪ್ರಬಂಧ; ಸಂಯೋಜನೆ
essays; miscellaneous writings	ಪ್ರಬಂಧಗಳು; ವಿವಿಧ ಬರಹಗಳು
essence	ಸಾರ
essential	ಅತ್ಯಗತ್ಯ
essential; fundamental; crucial; vital; main	ಅಗತ್ಯ; ಮೂಲಭೂತ; ನಿರ್ಣಾಯಕ; ಪ್ರಮುಖ; ಮುಖ್ಯ
essentially	ಮೂಲಭೂತವಾಗಿ
essentially; naturally; by nature	ಮೂಲಭೂತವಾಗಿ; ಸ್ವಾಭಾವಿಕವಾಗಿ; ಸ್ವಭಾವತಃ
establish	ಸ್ಥಾಪಿಸಿ
established price	ಸ್ಥಾಪಿತ ಬೆಲೆ
establishment	ಸ್ಥಾಪನೆ
estate	ಎಸ್ಟೇಟ್
estimate	ಅಂದಾಜು
estimate; budget	ಅಂದಾಜು; ಬಜೆಟ್
estimation; quotation	ಅಂದಾಜು; ಉದ್ಧರಣ
et cetera; etc.; and the like	ಇತ್ಯಾದಿ; ಇತ್ಯಾದಿ; ಮತ್ತು ಹಾಗೆ
eternal	ಶಾಶ್ವತ
eternity; perpetuity; immortality	ಶಾಶ್ವತತೆ; ಶಾಶ್ವತತೆ; ಅಮರತ್ವ
eternity; perpetuity; immortality; permanence	ಶಾಶ್ವತತೆ; ಶಾಶ್ವತತೆ; ಅಮರತ್ವ; ಶಾಶ್ವತತೆ
ethic	ನೈತಿಕತೆ
ethical	ನೈತಿಕ
ethics	ನೀತಿಶಾಸ್ತ್ರ
ethnic	ಜನಾಂಗೀಯ
ethnic group	ಜನಾಂಗೀಯ ಗುಂಪು
euro	ಯುರೋ
evacuate	ಸ್ಥಳಾಂತರಿಸು
evacuation	ಸ್ಥಳಾಂತರಿಸುವಿಕೆ
evaluate	ಮೌಲ್ಯಮಾಪನ
evaluation	ಮೌಲ್ಯಮಾಪನ
evaporation; unexplained disappearance	ಆವಿಯಾಗುವಿಕೆ; ವಿವರಿಸಲಾಗದ ಕಣ್ಮರೆ
even	ಸಹ
even number	ಸಮ ಸಂಖ್ಯೆ
even number; couple; man and wife; friend	ಸಮ ಸಂಖ್ಯೆ; ದಂಪತಿಗಳು; ಮನುಷ್ಯ ಮತ್ತು ಹೆಂಡತಿ; ಸ್ನೇಹಿತ
even so	ಹಾಗಿದ್ದರೂ
evening	ಸಂಜೆ
evening / night	ಸಂಜೆ / ರಾತ್ರಿ
evening meal	ಸಂಜೆ ಊಟ
evening paper	ಸಂಜೆ ಪತ್ರಿಕೆ
evening; night	ಸಂಜೆ; ರಾತ್ರಿ
evenness; uniformity; monotony; equality	ಸಮತೆ; ಏಕರೂಪತೆ; ಏಕತಾನತೆ; ಸಮಾನತೆ
event	ಘಟನೆ
event; affair; incident	ಘಟನೆ; ಸಂಬಂಧ; ಘಟನೆ
event; festivities; function	ಘಟನೆ; ಹಬ್ಬಗಳು; ಕಾರ್ಯ
event; function	ಘಟನೆ; ಕಾರ್ಯ
eventually	ಅಂತಿಮವಾಗಿ
eventually / sooner or later	ಅಂತಿಮವಾಗಿ / ಬೇಗ ಅಥವಾ ನಂತರ
eventually; sooner or later; of the previously mentioned	ಅಂತಿಮವಾಗಿ; ಬೇಗ ಅಥವಾ ನಂತರ; ಹಿಂದೆ ತಿಳಿಸಿದ
ever	ಎಂದೆಂದಿಗೂ
every	ಪ್ರತಿ
every day	ಪ್ರತಿ ದಿನ
every day; daily; day after day	ಪ್ರತಿದಿನ; ದೈನಂದಿನ; ದಿನದಿಂದ ದಿನಕ್ಕೆ
every kind; all sorts	ಪ್ರತಿಯೊಂದು ರೀತಿಯ; ಎಲ್ಲಾ ರೀತಿಯ
every month	ಪ್ರತಿ ತಿಂಗಳು
every month; common	ಪ್ರತಿ ತಿಂಗಳು; ಸಾಮಾನ್ಯ
every morning	ಪ್ರತಿ ಬೆಳಿಗ್ಗೆ
every night	ಪ್ರತಿ ರಾತ್ರಿ
every other week	ಪ್ರತಿ ವಾರ
every place; various places	ಪ್ರತಿ ಸ್ಥಳ; ವಿವಿಧ ಸ್ಥಳಗಳು
every week	ಪ್ರತಿ ವಾರ
every year	ಪ್ರತಿ ವರ್ಷ
everybody	ಎಲ್ಲರೂ
everyday	ಪ್ರತಿದಿನ
everyone	ಎಲ್ಲರೂ
everything	ಎಲ್ಲವೂ
everywhere	ಎಲ್ಲೆಡೆ
evidence	ಪುರಾವೆ
evidence-based	ಪುರಾವೆ ಆಧಾರಿತ
evident	ಸ್ಪಷ್ಟವಾಗಿ
evidently	ಸ್ಪಷ್ಟವಾಗಿ
evil	ದುಷ್ಟ
evil; wickedness	ದುಷ್ಟ; ದುಷ್ಟತನ
evoke	ಪ್ರಚೋದಿಸುತ್ತವೆ
evolution	ವಿಕಾಸ
evolutionary	ವಿಕಸನೀಯ
evolve	ವಿಕಸನಗೊಳ್ಳುತ್ತವೆ
ex-	ಮಾಜಿ-
exacerbate	ಉಲ್ಬಣಗೊಳಿಸುತ್ತವೆ
exact	ನಿಖರ
exactly	ನಿಖರವಾಗಿ
exactly / neatly	ನಿಖರವಾಗಿ / ಅಂದವಾಗಿ
exaggerate	ಉತ್ಪ್ರೇಕ್ಷೆ
exaggeration	ಉತ್ಪ್ರೇಕ್ಷೆ
exam	ಪರೀಕ್ಷೆ
examination	ಪರೀಕ್ಷೆ
examination of tickets	ಟಿಕೆಟ್ ಪರೀಕ್ಷೆ
examination paper; examination script	ಪರೀಕ್ಷೆಯ ಪತ್ರಿಕೆ; ಪರೀಕ್ಷೆಯ ಸ್ಕ್ರಿಪ್ಟ್
examine	ಪರೀಕ್ಷಿಸು
example	ಉದಾಹರಣೆ
example; even if; if; though; although	ಉದಾಹರಣೆ; ಸಹ; ವೇಳೆ; ಆದರೂ; ಆದರೂ
example; illustration	ಉದಾಹರಣೆ; ವಿವರಣೆ
example; precedent; the usual; the said; the above-mentioned; (man) in question	ಉದಾಹರಣೆ; ಪೂರ್ವನಿದರ್ಶನ; ಸಾಮಾನ್ಯ; ಹೇಳಿದರು; ಮೇಲೆ ತಿಳಿಸಿದ; (ಮನುಷ್ಯ) ಪ್ರಶ್ನೆಯಲ್ಲಿ
example; specimen	ಉದಾಹರಣೆ; ಮಾದರಿ
exceed	ಮೀರುತ್ತದೆ
exceedingly; extremely	ವಿಪರೀತವಾಗಿ; ಅತ್ಯಂತ
excellence	ಶ್ರೇಷ್ಠತೆ
excellent	ಅತ್ಯುತ್ತಮ
except	ಹೊರತುಪಡಿಸಿ
exception	ವಿನಾಯಿತಿ
exceptional	ಅಸಾಧಾರಣ
excess	ಹೆಚ್ಚುವರಿ
excess; being more than	ಹೆಚ್ಚುವರಿ; ಗಿಂತ ಹೆಚ್ಚಾಗಿರುತ್ತದೆ
excess; over-	ಹೆಚ್ಚುವರಿ; ಹೆಚ್ಚು-
excess; superabundance	ಹೆಚ್ಚುವರಿ; ಅತಿಸಮೃದ್ಧಿ
excessive	ವಿಪರೀತ
exchange	ವಿನಿಮಯ
exchange; interchange; reciprocity	ವಿನಿಮಯ; ವಿನಿಮಯ; ಪರಸ್ಪರ ಸಂಬಂಧ
excited	ಹರ್ಷ
excitement	ಉತ್ಸಾಹ
excitement; stimulation; agitation; arousal	ಉತ್ಸಾಹ; ಪ್ರಚೋದನೆ; ತಳಮಳ; ಪ್ರಚೋದನೆ
exciting	ಅತ್ಯಾಕರ್ಷಕ
exclude	ಹೊರತುಪಡಿಸಿ
exclusion	ಹೊರಗಿಡುವಿಕೆ
exclusive	ವಿಶೇಷ
exclusively	ಪ್ರತ್ಯೇಕವಾಗಿ
excuse	ಕ್ಷಮಿಸಿ
excuse me	ನನ್ನನ್ನು ಕ್ಷಮಿಸಿ
excuse me (leaving)	ನನ್ನನ್ನು ಕ್ಷಮಿಸಿ (ಬಿಡುವ)
excuse me / sorry	ಕ್ಷಮಿಸಿ / ಕ್ಷಮಿಸಿ
excuse me for going first	ಮೊದಲು ಹೋಗಿದ್ದಕ್ಕೆ ನನ್ನನ್ನು ಕ್ಷಮಿಸಿ
excuse me for leaving first	ಮೊದಲು ಹೊರಡಲು ನನ್ನನ್ನು ಕ್ಷಮಿಸಿ
excuse; explanation	ಕ್ಷಮಿಸಿ; ವಿವರಣೆ
execute	ಕಾರ್ಯಗತಗೊಳಿಸು
execution	ಮರಣದಂಡನೆ
executive	ಕಾರ್ಯನಿರ್ವಾಹಕ
exemplify	ಉದಾಹರಿಸಿ
exercise	ವ್ಯಾಯಾಮ
exert	ಶ್ರಮವಹಿಸಿ
exhaustion; consumption	ಬಳಲಿಕೆ; ಬಳಕೆ
exhibit	ಪ್ರದರ್ಶನ
exhibition	ಪ್ರದರ್ಶನ
exhibition; demonstration; utilization; display	ಪ್ರದರ್ಶನ; ಪ್ರದರ್ಶನ; ಬಳಕೆ; ಪ್ರದರ್ಶನ
exile	ಗಡಿಪಾರು
exist	ಅಸ್ತಿತ್ವದಲ್ಲಿದೆ
existence	ಅಸ್ತಿತ್ವ
existence; being	ಅಸ್ತಿತ್ವ; ಇರುವುದು
existence; being; survival	ಅಸ್ತಿತ್ವ; ಇರುವುದು; ಬದುಕುಳಿಯುವಿಕೆ
existential	ಅಸ್ತಿತ್ವವಾದ
exit	ನಿರ್ಗಮಿಸಿ
exit and entrance	ನಿರ್ಗಮನ ಮತ್ತು ಪ್ರವೇಶ
exotic	ವಿಲಕ್ಷಣ
expand	ವಿಸ್ತರಿಸಿ
expansion	ವಿಸ್ತರಣೆ
expansion; extension; enlargement; escape (ESC)	ವಿಸ್ತರಣೆ; ವಿಸ್ತರಣೆ; ಹಿಗ್ಗುವಿಕೆ; ಪಾರು (ESC)
expect	ನಿರೀಕ್ಷಿಸಬಹುದು
expectation	ನಿರೀಕ್ಷೆ
expectation / hope	ನಿರೀಕ್ಷೆ / ಭರವಸೆ
expectation; anticipation; hope	ನಿರೀಕ್ಷೆ; ನಿರೀಕ್ಷೆ; ಭರವಸೆ
expectation; assume will happen; forecast	ನಿರೀಕ್ಷೆ; ಸಂಭವಿಸುತ್ತದೆ ಊಹಿಸಿಕೊಳ್ಳಿ; ಮುನ್ಸೂಚನೆ
expected	ನಿರೀಕ್ಷಿಸಲಾಗಿದೆ
expedite	ತ್ವರಿತಗೊಳಿಸು
expedition	ದಂಡಯಾತ್ರೆ
expenditure	ಖರ್ಚು
expenditure; expenses	ಖರ್ಚು; ವೆಚ್ಚಗಳು
expense	ಖರ್ಚು
expenses; cost; outlay	ವೆಚ್ಚಗಳು; ವೆಚ್ಚ; ಖರ್ಚು
expensive	ದುಬಾರಿ
expensive / high	ದುಬಾರಿ / ಹೆಚ್ಚು
expensive / tall	ದುಬಾರಿ / ಎತ್ತರದ
experience	ಅನುಭವ
experienced	ಅನುಭವಿಸಿದ
experiment	ಪ್ರಯೋಗ
experimental	ಪ್ರಾಯೋಗಿಕ
expert	ತಜ್ಞ
expert; professional; geisha; prostitute	ತಜ್ಞ; ವೃತ್ತಿಪರ; ಗೀಷಾ; ವೇಶ್ಯೆ
expertise	ಪರಿಣತಿ
expire	ಅವಧಿ ಮುಗಿಯುತ್ತದೆ
explain	ವಿವರಿಸಿ
explanation	ವಿವರಣೆ
explanation; commentary	ವಿವರಣೆ; ವ್ಯಾಖ್ಯಾನ
explanation; interpretation	ವಿವರಣೆ; ವ್ಯಾಖ್ಯಾನ
explicit	ಸ್ಪಷ್ಟ
explicitly	ಸ್ಪಷ್ಟವಾಗಿ
explode	ಸ್ಫೋಟಗೊಳ್ಳುತ್ತವೆ
exploit	ಶೋಷಣೆ
exploitation	ಶೋಷಣೆ
exploration	ಪರಿಶೋಧನೆ
explore	ಅನ್ವೇಷಿಸಿ
explosion	ಸ್ಫೋಟ
explosion; detonation; eruption	ಸ್ಫೋಟ; ಸ್ಫೋಟ; ಉಗುಳುವಿಕೆ
explosive	ಸ್ಫೋಟಕ
export	ರಫ್ತು
expose	ಒಡ್ಡು
exposure	ಮಾನ್ಯತೆ
exposure to the sun; sunny place	ಸೂರ್ಯನಿಗೆ ಒಡ್ಡಿಕೊಳ್ಳುವುದು; ಬಿಸಿಲಿನ ಸ್ಥಳ
express	ವ್ಯಕ್ತಪಡಿಸಿ
express; special delivery	ವ್ಯಕ್ತಪಡಿಸು; ವಿಶೇಷ ವಿತರಣೆ
expression	ಅಭಿವ್ಯಕ್ತಿ
expression (music); conceptualization	ಅಭಿವ್ಯಕ್ತಿ (ಸಂಗೀತ); ಪರಿಕಲ್ಪನೆ
expression of gratitude	ಕೃತಜ್ಞತೆಯ ಅಭಿವ್ಯಕ್ತಿ
expression; presentation; representation (math)	ಅಭಿವ್ಯಕ್ತಿ; ಪ್ರಸ್ತುತಿ; ಪ್ರಾತಿನಿಧ್ಯ (ಗಣಿತ)
extend	ವಿಸ್ತರಿಸಿ
extension	ವಿಸ್ತರಣೆ
extension; elongation; prolongation; lengthening	ವಿಸ್ತರಣೆ; ಉದ್ದನೆಯ; ದೀರ್ಘಾವಧಿ; ಉದ್ದವಾಗುವುದು
extensive	ವ್ಯಾಪಕ
extensive; spacious	ವ್ಯಾಪಕ; ವಿಶಾಲವಾದ
extensively	ವ್ಯಾಪಕವಾಗಿ
extent	ಮಟ್ಟಿಗೆ
extent; scope; sphere; range	ವ್ಯಾಪ್ತಿ; ವ್ಯಾಪ್ತಿ; ಗೋಳ; ವ್ಯಾಪ್ತಿಯ
external	ಬಾಹ್ಯ
extra	ಹೆಚ್ಚುವರಿ
extra; excess; surplus	ಹೆಚ್ಚುವರಿ; ಹೆಚ್ಚುವರಿ; ಹೆಚ್ಚುವರಿ
extract	ಹೊರತೆಗೆಯಿರಿ
extracurricular	ಪಠ್ಯೇತರ
extraordinary	ಅಸಾಧಾರಣ
extrapolate	ಹೊರತೆಗೆಯಿರಿ
extreme	ವಿಪರೀತ
extreme; excessive; terrible	ವಿಪರೀತ; ವಿಪರೀತ; ಭಯಾನಕ
extreme; extremity	ವಿಪರೀತ; ಅತಿರೇಕ
extremely	ಅತ್ಯಂತ
extremist	ಉಗ್ರಗಾಮಿ
eye	ಕಣ್ಣು
eyeball	ಕಣ್ಣುಗುಡ್ಡೆ
eyebrow	ಹುಬ್ಬು
eyelash	ರೆಪ್ಪೆಗೂದಲು
fabric	ಬಟ್ಟೆ
fabulous	ಅಸಾಧಾರಣ
face	ಮುಖ
face; mug; surface; facial features; mask; face guard; side or facet; corner; page	ಮುಖ; ಚೊಂಬು; ಮೇಲ್ಮೈ; ಮುಖದ ಲಕ್ಷಣಗಳು; ಮುಖವಾಡ; ಮುಖ ರಕ್ಷಕ; ಅಡ್ಡ ಅಥವಾ ಮುಖ; ಮೂಲೆಯಲ್ಲಿ; ಪುಟ
face; official stance; public position or attitude (as opposed to private thoughts)	ಮುಖ; ಅಧಿಕೃತ ನಿಲುವು; ಸಾರ್ವಜನಿಕ ಸ್ಥಾನ ಅಥವಾ ವರ್ತನೆ (ಖಾಸಗಿ ಆಲೋಚನೆಗಳಿಗೆ ವಿರುದ್ಧವಾಗಿ)
facial expression	ಮುಖಭಾವ
facilitate	ಅನುಕೂಲ
facility	ಸೌಲಭ್ಯ
facing; opposite; across the street; other side	ಎದುರಿಸುತ್ತಿರುವ; ವಿರುದ್ಧ; ಬೀದಿಯಲ್ಲಿ; ಇನ್ನೊಂದು ಕಡೆ
fact	ವಾಸ್ತವವಾಗಿ
fact; truth; reality	ಸತ್ಯ; ಸತ್ಯ; ವಾಸ್ತವ
faction	ಬಣ
factor	ಅಂಶ
factory	ಕಾರ್ಖಾನೆ
factory worker	ಕಾರ್ಖಾನೆಯ ಕೆಲಸಗಾರ
factory; plant; mill; workshop	ಕಾರ್ಖಾನೆ; ಸಸ್ಯ; ಗಿರಣಿ; ಕಾರ್ಯಾಗಾರ
faculty	ಅಧ್ಯಾಪಕರು
fade	ಮಸುಕಾಗುತ್ತವೆ
fail	ವಿಫಲರಾಗುತ್ತಾರೆ
failed	ವಿಫಲವಾಯಿತು
failure	ವೈಫಲ್ಯ
failure of electricity	ವಿದ್ಯುತ್ ವೈಫಲ್ಯ
failure; dropping out of a class	ವೈಫಲ್ಯ; ತರಗತಿಯಿಂದ ಹೊರಗುಳಿಯುವುದು
failure; mistake	ವೈಫಲ್ಯ; ತಪ್ಪು
fair	ನ್ಯಾಯೋಚಿತ
fairly	ತಕ್ಕಮಟ್ಟಿಗೆ
fairness	ನ್ಯಾಯಸಮ್ಮತತೆ
fairness; impartial; justice	ನ್ಯಾಯೋಚಿತತೆ; ನಿಷ್ಪಕ್ಷಪಾತ; ನ್ಯಾಯ
fairy tale	ಕಾಲ್ಪನಿಕ ಕಥೆ
faith	ನಂಬಿಕೆ
fake	ನಕಲಿ
fall	ಬೀಳುತ್ತವೆ
fall seven times, get up eight	ಏಳು ಬಾರಿ ಬೀಳು, ಎಂಟು ಎದ್ದೇಳು
fall; decline; lowering; deterioration	ಪತನ; ಅವನತಿ; ತಗ್ಗಿಸುವುದು; ಅವನತಿ
false	ಸುಳ್ಳು
fame	ಖ್ಯಾತಿ
fame; reputation; popularity; arrant	ಖ್ಯಾತಿ; ಖ್ಯಾತಿ; ಜನಪ್ರಿಯತೆ; ಅರೆಂಟ್
familiar	ಪರಿಚಿತ
family	ಕುಟುಂಬ
family name; lineage; birth	ಕುಟುಂಬದ ಹೆಸರು; ವಂಶಾವಳಿ; ಜನನ
famine	ಬರಗಾಲ
famous	ಪ್ರಸಿದ್ಧ
famous place	ಪ್ರಸಿದ್ಧ ಸ್ಥಳ
famous product; special product; speciality	ಪ್ರಸಿದ್ಧ ಉತ್ಪನ್ನ; ವಿಶೇಷ ಉತ್ಪನ್ನ; ವಿಶೇಷತೆ
fan	ಅಭಿಮಾನಿ
fancy	ಅಲಂಕಾರಿಕ
fantastic	ಅದ್ಭುತ
fantastically original	ಅದ್ಭುತ ಮೂಲ
fantasy	ಫ್ಯಾಂಟಸಿ
far	ದೂರದ
far (away)	ದೂರ (ದೂರ)
far away	ದೂರದಲ್ಲಿದೆ
far from it	ಅದರಿಂದ ದೂರ
fare	ದರ
farewell; send-off	ಬೀಳ್ಕೊಡುಗೆ; ಕಳುಹಿಸುವಿಕೆ
farm	ಕೃಷಿ
farmer	ರೈತ
farmer; farm family	ರೈತ; ಕೃಷಿ ಕುಟುಂಬ
farmers; peasants	ರೈತರು; ರೈತರು
farming	ಕೃಷಿ
fascinating	ಆಕರ್ಷಕ
fashion	ಫ್ಯಾಷನ್
fashionable	ಫ್ಯಾಶನ್
fashionable; fad; in vogue; prevailing	ಫ್ಯಾಶನ್; ಒಲವು; ರೂಢಿಯಲ್ಲಿದೆ; ಚಾಲ್ತಿಯಲ್ಲಿದೆ
fast	ವೇಗವಾಗಿ
fast-talking	ವೇಗವಾಗಿ ಮಾತನಾಡುವ
fasten	ಅಂಟಿಸು
fastidious	ವೇಗದ
fat	ಕೊಬ್ಬು
fat; tallow; lard	ಕೊಬ್ಬು; ಟ್ಯಾಲೋ; ಹಂದಿ ಕೊಬ್ಬು
fatal	ಮಾರಣಾಂತಿಕ
fate	ವಿಧಿ
father	ತಂದೆ
father and mother; parents	ತಂದೆ ಮತ್ತು ತಾಯಿ; ಪೋಷಕರು
fathom	ಆಳ
faucet; tap	ನಲ್ಲಿ; ಟ್ಯಾಪ್ ಮಾಡಿ
fault	ತಪ್ಪು
fault; error; indiscretion	ದೋಷ; ದೋಷ; ಅಚಾತುರ್ಯ
faults; defect; weakness	ದೋಷಗಳು; ದೋಷ; ದೌರ್ಬಲ್ಯ
favour	ಪರವಾಗಿ
favour; obligation; debt of gratitude	ಒಲವು; ಬಾಧ್ಯತೆ; ಕೃತಜ್ಞತೆಯ ಋಣ
favourable	ಅನುಕೂಲಕರ
favourable; doing well; O.K.; all right	ಅನುಕೂಲಕರ; ಚೆನ್ನಾಗಿ ಮಾಡುತ್ತಿದೆ; ಓ.ಕೆ.; ಸರಿ
favourable; promising; satisfactory; in good shape	ಅನುಕೂಲಕರ; ಭರವಸೆ; ತೃಪ್ತಿದಾಯಕ; ಉತ್ತಮ ಆಕಾರದಲ್ಲಿ
favourite	ನೆಚ್ಚಿನ
fear	ಭಯ
fear; horror	ಭಯ; ಭಯಾನಕ
feasibility	ಕಾರ್ಯಸಾಧ್ಯತೆ
feasible	ಕಾರ್ಯಸಾಧ್ಯ
feast	ಹಬ್ಬ
feast; treating (someone)	ಹಬ್ಬ; ಚಿಕಿತ್ಸೆ (ಯಾರಾದರೂ)
feat	ಸಾಧನೆ
feather	ಗರಿ
feature	ವೈಶಿಷ್ಟ್ಯ
feature; characteristic	ವೈಶಿಷ್ಟ್ಯ; ವಿಶಿಷ್ಟ
federal	ಫೆಡರಲ್
fee	ಶುಲ್ಕ
fee; charge; fare	ಶುಲ್ಕ; ಚಾರ್ಜ್; ದರ
feed	ಆಹಾರ
feed; bait	ಆಹಾರ; ಬೆಟ್
feedback	ಪ್ರತಿಕ್ರಿಯೆ
feeding	ಆಹಾರ
feel	ಅನಿಸುತ್ತದೆ
feel better	ಉತ್ತಮ ಭಾವನೆ
feeling	ಭಾವನೆ
feeling awkward; being ashamed	ವಿಚಿತ್ರವಾದ ಭಾವನೆ; ನಾಚಿಕೆಯಾಗುತ್ತಿದೆ
feeling; mood	ಭಾವನೆ; ಮನಸ್ಥಿತಿ
feeling; sense; impression	ಭಾವನೆ; ಅರ್ಥದಲ್ಲಿ; ಅನಿಸಿಕೆ
feelings (actual; true)	ಭಾವನೆಗಳು (ನಿಜವಾದ; ನಿಜ)
fellow	ಸಹವರ್ತಿ
female	ಹೆಣ್ಣು
female / woman	ಹೆಣ್ಣು / ಮಹಿಳೆ
female nurse	ಮಹಿಳಾ ದಾದಿ
feminist	ಸ್ತ್ರೀವಾದಿ
fence	ಬೇಲಿ
festival	ಹಬ್ಬ
festival; feast	ಹಬ್ಬ; ಹಬ್ಬ
fever	ಜ್ವರ
few	ಕೆಲವು
few / little	ಕೆಲವು / ಸ್ವಲ್ಪ
fibre	ಫೈಬರ್
fiction	ಕಾದಂಬರಿ
field	ಕ್ಷೇತ್ರ
field / meadow	ಕ್ಷೇತ್ರ / ಹುಲ್ಲುಗಾವಲು
field; plain; prairie; tundra; moor; wilderness	ಕ್ಷೇತ್ರ; ಸರಳ; ಹುಲ್ಲುಗಾವಲು; ಟಂಡ್ರಾ; ಮೂರ್; ಕಾಡು
field; sphere; realm; division; branch	ಕ್ಷೇತ್ರ; ಗೋಳ; ಸಾಮ್ರಾಜ್ಯ; ವಿಭಜನೆ; ಶಾಖೆ
fierce	ಉಗ್ರವಾದ
fifteen	ಹದಿನೈದು
fifth	ಐದನೆಯದು
fifty	ಐವತ್ತು
fight	ಹೋರಾಟ
fighting	ಹೋರಾಟ
figure	ಆಕೃತಿ
figure (e.g. Fig 1); drawing; picture; illustration	ಚಿತ್ರ (ಉದಾ. ಚಿತ್ರ 1); ರೇಖಾಚಿತ್ರ; ಚಿತ್ರ; ವಿವರಣೆ
figure out	ಲೆಕ್ಕಾಚಾರ
figure; shape; appearance	ಆಕೃತಿ; ಆಕಾರ; ಕಾಣಿಸಿಕೊಂಡ
file	ಕಡತ
file; portfolio	ಕಡತ; ಬಂಡವಾಳ
filial piety	ಪುತ್ರಾಭಿಮಾನ
fill	ತುಂಬು
fill in	ಭರ್ತಿ ಮಾಡಿ
film	ಚಿತ್ರ
film director	ಚಲನಚಿತ್ರ ನಿರ್ದೇಶಕ
film-maker	ಚಲನಚಿತ್ರ ನಿರ್ಮಾಪಕ
filter	ಫಿಲ್ಟರ್
filthy; unfair	ಹೊಲಸು; ಅನ್ಯಾಯ
final	ಅಂತಿಮ
final examination	ಅಂತಿಮ ಪರೀಕ್ಷೆ
finally	ಅಂತಿಮವಾಗಿ
finally / at last	ಅಂತಿಮವಾಗಿ / ಅಂತಿಮವಾಗಿ
finally / in the end	ಅಂತಿಮವಾಗಿ / ಕೊನೆಯಲ್ಲಿ
finally; at last	ಅಂತಿಮವಾಗಿ; ಕೊನೆಗೆ
finance	ಹಣಕಾಸು
finance; economy	ಹಣಕಾಸು; ಆರ್ಥಿಕತೆ
financial	ಆರ್ಥಿಕ
find	ಕಂಡುಹಿಡಿಯಿರಿ
finding	ಕಂಡುಹಿಡಿಯುವುದು
finding a job	ಕೆಲಸ ಹುಡುಕುವುದು
finding employment	ಉದ್ಯೋಗ ಹುಡುಕುವುದು
finding employment; inauguration	ಉದ್ಯೋಗ ಹುಡುಕುವುದು; ಉದ್ಘಾಟನೆ
fine	ಚೆನ್ನಾಗಿದೆ
finger	ಬೆರಳು
finger ring	ಬೆರಳು ಉಂಗುರ
fingernail or toenail; claw; talon; hoof	ಬೆರಳಿನ ಉಗುರು ಅಥವಾ ಕಾಲ್ಬೆರಳ ಉಗುರು; ಪಂಜ; ಟ್ಯಾಲನ್; ಗೊರಸು
finish	ಮುಗಿಸಿ
fire	ಬೆಂಕಿ
fire (disaster)	ಬೆಂಕಿ (ವಿಪತ್ತು)
fire / blaze	ಬೆಂಕಿ / ಜ್ವಾಲೆ
fire engine	ಅಗ್ನಿಶಾಮಕ ಯಂತ್ರ
fire fighting; fire department	ಅಗ್ನಿಶಾಮಕ; ಅಗ್ನಿಶಾಮಕ ಇಲಾಖೆ
fire station	ಅಗ್ನಿಶಾಮಕ ಠಾಣೆ
firearm	ಬಂದೂಕು
firefighter	ಅಗ್ನಿಶಾಮಕ
firework	ಪಟಾಕಿ
fireworks	ಪಟಾಕಿ
firing; shooting; discharge; catapult	ಗುಂಡು ಹಾರಿಸುವುದು; ಶೂಟಿಂಗ್; ವಿಸರ್ಜನೆ; ಕವಣೆಯಂತ್ರ
firm	ದೃಢವಾದ
firm; strong	ಸಂಸ್ಥೆ; ಬಲವಾದ
firm; vigorous; unbending; unyielding; strong; stubborn	ಸಂಸ್ಥೆ; ಹುರುಪಿನ; ಬಾಗದ; ಮಣಿಯದೆ; ಬಲವಾದ; ಹಠಮಾರಿ
firmly	ದೃಢವಾಗಿ
firmly / intensely	ದೃಢವಾಗಿ / ತೀವ್ರವಾಗಿ
firmly; tightly; reliable; level-headed; steady	ದೃಢವಾಗಿ; ಬಿಗಿಯಾಗಿ; ವಿಶ್ವಾಸಾರ್ಹ; ಮಟ್ಟದ-ತಲೆಯ; ಸ್ಥಿರ
first	ಮೊದಲು
first (of all); to start with; about; almost; hardly (with neg. verb)	ಮೊದಲ (ಎಲ್ಲಾ); ಪ್ರಾರಂಭಿಸಲು; ಸುಮಾರು; ಬಹುತೇಕ; ಕಷ್ಟದಿಂದ (neg. ಕ್ರಿಯಾಪದದೊಂದಿಗೆ)
first 10 days of month	ತಿಂಗಳ ಮೊದಲ 10 ದಿನಗಳು
first 10 days of the month	ತಿಂಗಳ ಮೊದಲ 10 ದಿನಗಳು
first class; top grade; foremost; top-notch	ಮೊದಲ ವರ್ಗ; ಉನ್ನತ ದರ್ಜೆಯ; ಅಗ್ರಗಣ್ಯ; ಉನ್ನತ ದರ್ಜೆಯ
first of all	ಎಲ್ಲಾ ಮೊದಲ
first year (of a specific reign)	ಮೊದಲ ವರ್ಷ (ನಿರ್ದಿಷ್ಟ ಆಳ್ವಿಕೆಯ)
firstly	ಮೊದಲನೆಯದಾಗಿ
fish	ಮೀನು
fish shop	ಮೀನು ಅಂಗಡಿ
fisherman	ಮೀನುಗಾರ
fishing	ಮೀನುಗಾರಿಕೆ
fishing (industry)	ಮೀನುಗಾರಿಕೆ (ಕೈಗಾರಿಕೆ)
fishing boat	ಮೀನುಗಾರಿಕೆ ದೋಣಿ
fishing village	ಮೀನುಗಾರಿಕಾ ಗ್ರಾಮ
fit	ಸರಿಹೊಂದುತ್ತದೆ
fitness	ಫಿಟ್ನೆಸ್
five	ಐದು
five (counter)	ಐದು (ಕೌಂಟರ್)
five (things)	ಐದು (ವಸ್ತುಗಳು)
five days	ಐದು ದಿನಗಳು
five days; fifth day	ಐದು ದಿನಗಳು; ಐದನೇ ದಿನ
five hundred	ಐನೂರು
five minutes	ಐದು ನಿಮಿಷಗಳು
five o'clock	ಐದು ಗಂಟೆ
five people	ಐದು ಜನರು
fix	ಸರಿಪಡಿಸಿ
fixation	ಸ್ಥಿರೀಕರಣ
fixed	ಸರಿಪಡಿಸಲಾಗಿದೆ
fixed date; settlement date	ನಿಗದಿತ ದಿನಾಂಕ; ವಸಾಹತು ದಿನಾಂಕ
fixed number of regular personnel; capacity (of boat; etc.)	ನಿಯಮಿತ ಸಿಬ್ಬಂದಿಗಳ ಸ್ಥಿರ ಸಂಖ್ಯೆ; ಸಾಮರ್ಥ್ಯ (ದೋಣಿ; ಇತ್ಯಾದಿ)
fixed term	ನಿಗದಿತ ಅವಧಿ
fixed; settled; definite	ಸ್ಥಿರ; ನೆಲೆಸಿದೆ; ನಿಶ್ಚಿತ
fixed; settled; definite; uniform; regularized; defined; standardized; certain; prescribed	ಸ್ಥಿರ; ನೆಲೆಸಿದೆ; ನಿರ್ದಿಷ್ಟ; ಸಮವಸ್ತ್ರ; ಕ್ರಮಬದ್ಧಗೊಳಿಸಲಾಗಿದೆ; ವ್ಯಾಖ್ಯಾನಿಸಲಾಗಿದೆ; ಪ್ರಮಾಣೀಕೃತ; ನಿಶ್ಚಿತ; ನಿಗದಿಪಡಿಸಲಾಗಿದೆ
fixture	ಪಂದ್ಯ
flag	ಧ್ವಜ
flame	ಜ್ವಾಲೆ
flash	ಫ್ಲಾಶ್
flat	ಫ್ಲಾಟ್
flatness; level; smooth; calm; plain	ಚಪ್ಪಟೆತನ; ಮಟ್ಟ; ನಯವಾದ; ಶಾಂತ; ಸರಳ
flattery; compliment	ಮುಖಸ್ತುತಿ; ಅಭಿನಂದನೆ
flavour	ಸುವಾಸನೆ
flaw	ನ್ಯೂನತೆ
flawed	ದೋಷಪೂರಿತ
flawless	ದೋಷರಹಿತ
flawless / artless	ದೋಷರಹಿತ / ಕಲೆರಹಿತ
flee	ಪಲಾಯನ ಮಾಡು
fleet	ನೌಕಾಪಡೆ
fleeting; transient; short-lived; momentary; vain; fickle; miserable; empty; ephemeral	ಕ್ಷಣಿಕ; ಕ್ಷಣಿಕ; ಅಲ್ಪಾವಧಿ; ಕ್ಷಣಿಕ; ವ್ಯರ್ಥ; ಚಂಚಲ; ಶೋಚನೀಯ; ಖಾಲಿ; ಅಲ್ಪಕಾಲಿಕ
flesh	ಮಾಂಸ
flexibility	ನಮ್ಯತೆ
flexible	ಹೊಂದಿಕೊಳ್ಳುವ
flight	ವಿಮಾನ
flight attendant	ಫ್ಲೈಟ್ ಅಟೆಂಡೆಂಟ್
float	ತೇಲುತ್ತವೆ
flood	ಪ್ರವಾಹ
floor	ಮಹಡಿ
flour	ಹಿಟ್ಟು
flour; meal; powder	ಹಿಟ್ಟು; ಊಟ; ಪುಡಿ
flourish	ಅರಳುತ್ತವೆ
flow	ಹರಿವು
flower	ಹೂವು
flower bed	ಹೂವಿನ ಹಾಸಿಗೆ
flower shop	ಹೂವಿನ ಅಂಗಡಿ
flowers	ಹೂವುಗಳು
flu	ಜ್ವರ
fluctuate	ಏರಿಳಿತ
fluent	ನಿರರ್ಗಳ
fluid	ದ್ರವ
fluorescent lamp; person who is slow to react	ಪ್ರತಿದೀಪಕ ದೀಪ; ನಿಧಾನವಾಗಿ ಪ್ರತಿಕ್ರಿಯಿಸುವ ವ್ಯಕ್ತಿ
flute; pipe	ಕೊಳಲು; ಪೈಪ್
fly	ಹಾರುತ್ತವೆ
flying	ಹಾರುವ
focus	ಗಮನ
focus; point	ಗಮನ; ಪಾಯಿಂಟ್
fog	ಮಂಜು
fog; mist	ಮಂಜು; ಮಂಜು
foggy	ಮಂಜಿನ
fold	ಪಟ್ಟು
folding	ಮಡಿಸುವ
folding fan	ಮಡಿಸುವ ಫ್ಯಾನ್
folk	ಜಾನಪದ
folk song; popular song	ಜಾನಪದ ಹಾಡು; ಜನಪ್ರಿಯ ಹಾಡು
follow	ಅನುಸರಿಸಿ
follow up	ಅನುಸರಿಸಿ
following	ಅನುಸರಿಸುತ್ತಿದೆ
fond	ಇಷ್ಟಪಟ್ಟಿದ್ದಾರೆ
fond of; to like	ಒಲವು; ಇಷ್ಟಪಡಲು
font of purifying water placed at entrance of shrine	ದೇಗುಲದ ಪ್ರವೇಶದ್ವಾರದಲ್ಲಿ ಇರಿಸಲಾದ ಶುದ್ಧೀಕರಿಸುವ ನೀರಿನ ಫಾಂಟ್
food	ಆಹಾರ
food; foodstuff	ಆಹಾರ; ಆಹಾರ ಪದಾರ್ಥ
fool	ಮೂರ್ಖ
fool; idiot; trivial matter; folly	ಮೂರ್ಖ; ಈಡಿಯಟ್; ಕ್ಷುಲ್ಲಕ ವಿಷಯ; ಮೂರ್ಖತನ
foolish; stupid	ಮೂರ್ಖ; ಮೂರ್ಖ
foot	ಕಾಲು
foot / leg	ಕಾಲು / ಕಾಲು
foot; leg	ಕಾಲು; ಕಾಲು
footage	ತುಣುಕನ್ನು
football	ಫುಟ್ಬಾಲ್
footpath; walkway; sidewalk	ಕಾಲುದಾರಿ; ನಡಿಗೆದಾರಿ; ಕಾಲುದಾರಿ
footprints	ಹೆಜ್ಜೆಗುರುತುಗಳು
for	ಫಾರ್
for (10 days); next (year)	(10 ದಿನಗಳು); ಮುಂದಿನ (ವರ್ಷ)
for a long time; all the time	ದೀರ್ಘಕಾಲದವರೆಗೆ; ಎಲ್ಲಾ ಸಮಯದಲ್ಲೂ
for example	ಉದಾಹರಣೆಗೆ
for instance	ಉದಾಹರಣೆಗೆ
for now	ಸದ್ಯಕ್ಕೆ
for some reason	ಕೆಲವು ಕಾರಣಗಳಿಗಾಗಿ
for some time	ಸ್ವಲ್ಪ ಸಮಯದವರೆಗೆ
for that reason	ಆ ಕಾರಣಕ್ಕಾಗಿ
for the first time	ಮೊದಲ ಬಾರಿಗೆ
for the present; once; in outline	ವರ್ತಮಾನಕ್ಕೆ; ಒಮ್ಮೆ; ಬಾಹ್ಯರೇಖೆಯಲ್ಲಿ
for the time being	ಸದ್ಯಕ್ಕೆ
for two to three days	ಎರಡು ಮೂರು ದಿನಗಳವರೆಗೆ
for ~; oriented towards ~	~ ಗಾಗಿ; ಕಡೆಗೆ ಆಧಾರಿತವಾಗಿದೆ ~
forbearance; tolerance; generosity	ಸಹನೆ; ಸಹಿಷ್ಣುತೆ; ಉದಾರತೆ
forbid	ನಿಷೇಧಿಸಿ
force	ಬಲ
force; vigor; energy; spirit	ಬಲ; ಚೈತನ್ಯ; ಶಕ್ತಿ; ಆತ್ಮ
forcing; enforcement	ಒತ್ತಾಯ; ಜಾರಿ
forecast	ಮುನ್ಸೂಚನೆ
forecast; prediction	ಮುನ್ಸೂಚನೆ; ಭವಿಷ್ಯ
forehead	ಹಣೆಯ
forehead; brow	ಹಣೆಯ; ಹುಬ್ಬು
foreign	ವಿದೇಶಿ
foreign country	ವಿದೇಶಿ ದೇಶ
foreign exchange	ವಿದೇಶಿ ವಿನಿಮಯ
foreign language	ವಿದೇಶಿ ಭಾಷೆ
foreign; abroad; overseas	ವಿದೇಶಿ; ವಿದೇಶದಲ್ಲಿ; ಸಾಗರೋತ್ತರ
foreigner	ವಿದೇಶಿ
forest	ಅರಣ್ಯ
forest; woods	ಅರಣ್ಯ; ಕಾಡುಗಳು
forever	ಶಾಶ್ವತವಾಗಿ
forever; for good; eternally; as long as one likes; indefinitely	ಶಾಶ್ವತವಾಗಿ; ಒಳ್ಳೆಯದಕ್ಕಾಗಿ; ಶಾಶ್ವತವಾಗಿ; ಇಷ್ಟರವರೆಗೆ; ಅನಿರ್ದಿಷ್ಟವಾಗಿ
forge	ಫೋರ್ಜ್
forgery; falsification; fabrication; counterfeiting	ನಕಲಿ; ಸುಳ್ಳುತನ; ತಯಾರಿಕೆ; ನಕಲಿ
forget	ಮರೆತುಬಿಡಿ
forgive	ಕ್ಷಮಿಸು
fork	ಫೋರ್ಕ್
form	ರೂಪ
form; formality; format; math expression	ರೂಪ; ಔಪಚಾರಿಕತೆ; ಸ್ವರೂಪ; ಗಣಿತದ ಅಭಿವ್ಯಕ್ತಿ
form; shape; figure	ರೂಪ; ಆಕಾರ; ಆಕೃತಿ
formal	ಔಪಚಾರಿಕ
formal marriage interview	ಔಪಚಾರಿಕ ವಿವಾಹ ಸಂದರ್ಶನ
format	ಸ್ವರೂಪ
formation	ರಚನೆ
former	ಹಿಂದಿನ
formerly	ಹಿಂದೆ
formula	ಸೂತ್ರ
formula; formality; official	ಸೂತ್ರ; ಔಪಚಾರಿಕತೆ; ಅಧಿಕೃತ
formulate	ರೂಪಿಸಿ
forte; merit	ಫೋರ್ಟೆ; ಅರ್ಹತೆ
forth	ಮುಂದಕ್ಕೆ
forthcoming	ಮುಂಬರುವ
fortunate	ಅದೃಷ್ಟವಂತ
fortunately	ಅದೃಷ್ಟವಶಾತ್
fortune	ಅದೃಷ್ಟ
fortune; luck	ಅದೃಷ್ಟ; ಅದೃಷ್ಟ
forty	ನಲವತ್ತು
forum	ವೇದಿಕೆ
forward	ಮುಂದಕ್ಕೆ
forwarding	ಫಾರ್ವರ್ಡ್ ಮಾಡಲಾಗುತ್ತಿದೆ
fossil	ಪಳೆಯುಳಿಕೆ
fossil; petrifaction; fossilization	ಪಳೆಯುಳಿಕೆ; ಪೆಟ್ರಿಫಕ್ಷನ್; ಪಳೆಯುಳಿಕೆ
foster	ಸಾಕುವ
found	ಕಂಡುಬಂದಿದೆ
foundation	ಅಡಿಪಾಯ
foundation; basis	ಅಡಿಪಾಯ; ಆಧಾರದ
foundation; basis; standard	ಅಡಿಪಾಯ; ಆಧಾರ; ಪ್ರಮಾಣಿತ
founder	ಸ್ಥಾಪಕ
fountain pen	ಕಾರಂಜಿ ಪೆನ್
four	ನಾಲ್ಕು
four (counter)	ನಾಲ್ಕು (ಕೌಂಟರ್)
four (things)	ನಾಲ್ಕು (ವಸ್ತುಗಳು)
four corners; crossroads	ನಾಲ್ಕು ಮೂಲೆಗಳು; ಅಡ್ಡಹಾದಿ
four days	ನಾಲ್ಕು ದಿನಗಳು
four days; fouth day of the month	ನಾಲ್ಕು ದಿನಗಳು; ತಿಂಗಳ ನಾಲ್ಕನೇ ದಿನ
four hundred	ನಾನೂರು
four minutes	ನಾಲ್ಕು ನಿಮಿಷಗಳು
four o'clock	ನಾಲ್ಕು ಗಂಟೆ
four people	ನಾಲ್ಕು ಜನರು
four seasons	ನಾಲ್ಕು ಋತುಗಳು
fourteen	ಹದಿನಾಲ್ಕು
fourth	ನಾಲ್ಕನೆಯದು
fourth sign of Chinese zodiac (The Hare  5am-7am  east  February)	ಚೈನೀಸ್ ರಾಶಿಚಕ್ರದ ನಾಲ್ಕನೇ ಚಿಹ್ನೆ (ಹರೇ 5am-7am ಪೂರ್ವ ಫೆಬ್ರವರಿ)
fox	ನರಿ
fraction	ಭಿನ್ನರಾಶಿ
fraction (in math)	ಭಿನ್ನರಾಶಿ (ಗಣಿತದಲ್ಲಿ)
fraction (part of); decimal	ಭಾಗ (ಭಾಗ); ದಶಮಾಂಶ
fragile	ದುರ್ಬಲವಾದ
fragment	ತುಣುಕು
fragment; splinter; broken piece	ತುಣುಕು; ಸ್ಪ್ಲಿಂಟರ್; ಮುರಿದ ತುಂಡು
frame	ಚೌಕಟ್ಟು
frame; draw up; make; producing	ಚೌಕಟ್ಟು; ಎಳೆಯಿರಿ; ಮಾಡಿ; ಉತ್ಪಾದಿಸುತ್ತಿದೆ
framework	ಚೌಕಟ್ಟು
franchise	ಫ್ರ್ಯಾಂಚೈಸ್
frankly	ನಾನೂ
frankness; candour; openheartedness	ನಿಷ್ಕಪಟತೆ; ಮುಗ್ಧತೆ; ತೆರೆದ ಹೃದಯ
fraud	ವಂಚನೆ
fraud / wrongdoing	ವಂಚನೆ / ತಪ್ಪು
free	ಉಚಿತ
free (not busy)	ಉಚಿತ (ನಿರತವಾಗಿಲ್ಲ)
free (time) / idle	ಉಚಿತ (ಸಮಯ) / ನಿಷ್ಕ್ರಿಯ
free of charge	ಉಚಿತವಾಗಿ
free of charge; mere; sole; only; usual; common	ಉಚಿತವಾಗಿ; ಕೇವಲ; ಏಕೈಕ; ಮಾತ್ರ; ಸಾಮಾನ್ಯ; ಸಾಮಾನ್ಯ
free time	ಉಚಿತ ಸಮಯ
free time; leisure; leave; spare time; farewell	ಉಚಿತ ಸಮಯ; ವಿರಾಮ; ಬಿಡು; ಬಿಡುವಿನ ಸಮಯ; ಬೀಳ್ಕೊಡುಗೆ
free will	ಮುಕ್ತ ಇಚ್ಛೆ
free; no charge	ಉಚಿತ; ಯಾವುದೇ ಶುಲ್ಕವಿಲ್ಲ
freedom	ಸ್ವಾತಂತ್ರ್ಯ
freely	ಮುಕ್ತವಾಗಿ
freeze	ಫ್ರೀಜ್
freezing	ಘನೀಕರಿಸುವ
freezing; cold storage; refrigeration	ಘನೀಕರಿಸುವ; ಶೀತಲ ಶೇಖರಣೆ; ಶೈತ್ಯೀಕರಣ
freight rates; shipping expenses; fare	ಸರಕು ಸಾಗಣೆ ದರಗಳು; ಶಿಪ್ಪಿಂಗ್ ವೆಚ್ಚಗಳು; ದರ
frequency	ಆವರ್ತನ
frequent	ಆಗಾಗ್ಗೆ
frequently	ಆಗಾಗ್ಗೆ
fresh	ತಾಜಾ
fresh water	ತಾಜಾ ನೀರು
friction; rubbing; rubdown; chafe	ಘರ್ಷಣೆ; ಉಜ್ಜುವುದು; ರಬ್ಡೌನ್; ಚಾಫ್
fridge	ಫ್ರಿಜ್
friend	ಸ್ನೇಹಿತ
friend; acquaintance	ಸ್ನೇಹಿತ; ಪರಿಚಯ
friend; ally; supporter	ಸ್ನೇಹಿತ; ಮಿತ್ರ; ಬೆಂಬಲಿಗ
friend; companion; pal	ಸ್ನೇಹಿತ; ಒಡನಾಡಿ; ಗೆಳೆಯ
friendly	ಸ್ನೇಹಪರ
friendship	ಸ್ನೇಹ
friendship; fellowship	ಸ್ನೇಹ; ಸಹಭಾಗಿತ್ವ
frighten	ಹೆದರಿಸಿ
frightened	ಭಯವಾಯಿತು
frightening	ಭಯಾನಕ
frigid zone	ಶೀತ ವಲಯ
frog	ಕಪ್ಪೆ
from	ನಿಂದ
from ... onward	ನಿಂದ ... ಮುಂದೆ
from now / from now on	ಇಂದಿನಿಂದ / ಇಂದಿನಿಂದ
from now on; hereafter	ಇನ್ನು ಮುಂದೆ; ಮುಂದೆ
from where	ಎಲ್ಲಿಂದ
front	ಮುಂಭಾಗ
front / before	ಮುಂದೆ / ಮೊದಲು
front cover; binding	ಮುಂಭಾಗದ ಕವರ್; ಬಂಧಿಸುವ
frost	ಫ್ರಾಸ್ಟ್
frozen	ಹೆಪ್ಪುಗಟ್ಟಿದ
fruit	ಹಣ್ಣು
fruit (of a plant)	ಹಣ್ಣು (ಸಸ್ಯದ)
fruit; nut; berry.	ಹಣ್ಣು; ಅಡಿಕೆ; ಬೆರ್ರಿ.
fruit; nut; seed; content; good result	ಹಣ್ಣು; ಅಡಿಕೆ; ಬೀಜ; ವಿಷಯ; ಉತ್ತಮ ಫಲಿತಾಂಶ
frustrated	ಹತಾಶನಾದ
frustrating	ಹತಾಶೆ
frustration	ಹತಾಶೆ
fry	ಫ್ರೈ
fuel	ಇಂಧನ
fulfil	ಪೂರೈಸಿ
full	ಪೂರ್ಣ
full house; no vacancy; sold out	ಪೂರ್ಣ ಮನೆ; ಖಾಲಿ ಇಲ್ಲ; ಮಾರಾಟವಾಯಿತು
full name; identity	ಪೂರ್ಣ ಹೆಸರು; ಗುರುತು
full-time	ಪೂರ್ಣ ಸಮಯ
fully	ಸಂಪೂರ್ಣವಾಗಿ
fun	ವಿನೋದ
function	ಕಾರ್ಯ
function; faculty	ಕಾರ್ಯ; ಅಧ್ಯಾಪಕರು
functional	ಕ್ರಿಯಾತ್ಮಕ
fund	ನಿಧಿ
fund; foundation	ನಿಧಿ; ಅಡಿಪಾಯ
fundamental	ಮೂಲಭೂತ
fundamentally	ಮೂಲಭೂತವಾಗಿ
funding	ಧನಸಹಾಯ
fundraising	ನಿಧಿಸಂಗ್ರಹಣೆ
funds; capital	ನಿಧಿಗಳು; ಬಂಡವಾಳ
funeral	ಅಂತ್ಯಕ್ರಿಯೆ
funny	ತಮಾಷೆಯ
funny; humorous; comical; laughable; ridiculous; joking	ತಮಾಷೆಯ; ಹಾಸ್ಯಮಯ; ಹಾಸ್ಯಮಯ; ನಗುವ; ಹಾಸ್ಯಾಸ್ಪದ; ತಮಾಷೆ ಮಾಡುತ್ತಿದ್ದೆ
fur	ತುಪ್ಪಳ
fur; skin; pelt	ತುಪ್ಪಳ; ಚರ್ಮ; ತೂರಾಟ
furious	ಉಗ್ರವಾದ
furniture	ಪೀಠೋಪಕರಣಗಳು
further	ಮತ್ತಷ್ಟು
furthermore	ಇದಲ್ಲದೆ
furthermore; again; after all; more and more; moreover	ಇದಲ್ಲದೆ; ಮತ್ತೆ; ಎಲ್ಲಾ ನಂತರ; ಹೆಚ್ಚು ಹೆಚ್ಚು; ಮೇಲಾಗಿ
futility; uselessness	ನಿರರ್ಥಕತೆ; ಅನುಪಯುಕ್ತತೆ
futon	ಫ್ಯೂಟಾನ್
future	ಭವಿಷ್ಯ
future (life; tense)	ಭವಿಷ್ಯ (ಜೀವನ; ಉದ್ವಿಗ್ನ)
future; prospects	ಭವಿಷ್ಯ; ನಿರೀಕ್ಷೆಗಳು
futures; credit (buying); stretching; total	ಭವಿಷ್ಯಗಳು; ಕ್ರೆಡಿಟ್ (ಖರೀದಿ); ವಿಸ್ತರಿಸುವುದು; ಒಟ್ಟು
gain	ಲಾಭ
gallery	ಗ್ಯಾಲರಿ
gallon	ಗ್ಯಾಲನ್
gambling	ಜೂಜಾಟ
game	ಆಟ
game; match; contest	ಆಟ; ಹೊಂದಾಣಿಕೆ; ಸ್ಪರ್ಧೆ
game; spoils; trophy	ಆಟ; ಹಾಳಾಗುತ್ತದೆ; ಟ್ರೋಫಿ
gaming	ಗೇಮಿಂಗ್
gang	ಗ್ಯಾಂಗ್
gap	ಅಂತರ
garage	ಗ್ಯಾರೇಜ್
garage; car shed	ಗ್ಯಾರೇಜ್; ಕಾರ್ ಶೆಡ್
garbage	ಕಸ
garden	ಉದ್ಯಾನ
garden (esp. man-made)	ಉದ್ಯಾನ (ಉದಾ. ಮಾನವ ನಿರ್ಮಿತ)
garden / yard	ಉದ್ಯಾನ / ಅಂಗಳ
garden shrubs; trees; potted plant	ಉದ್ಯಾನ ಪೊದೆಗಳು; ಮರಗಳು; ಮಡಕೆ ಸಸ್ಯ
gargle; rinse mouth	ಗರ್ಗ್ಲ್; ಬಾಯಿ ತೊಳೆಯಿರಿ
garlic	ಬೆಳ್ಳುಳ್ಳಿ
garments	ಉಡುಪುಗಳು
gas	ಅನಿಲ
gasoline	ಗ್ಯಾಸೋಲಿನ್
gate	ಗೇಟ್
gather	ಸಂಗ್ರಹಿಸಲು
gathering	ಕೂಟ
gathering; assembly; meeting; set (math)	ಒಟ್ಟುಗೂಡಿಸುವಿಕೆ; ಜೋಡಣೆ; ಸಭೆ; ಸೆಟ್ (ಗಣಿತ)
gathering; meeting; assembly; collection	ಒಟ್ಟುಗೂಡಿಸುವಿಕೆ; ಸಭೆ; ಜೋಡಣೆ; ಸಂಗ್ರಹಣೆ
gay	ಸಲಿಂಗಕಾಮಿ
gay; showy; brilliant; gorgeous; florid	ಸಲಿಂಗಕಾಮಿ; ತೋರಿಕೆಯ; ಅದ್ಭುತ; ಬಹುಕಾಂತೀಯ; ಫ್ಲೋರಿಡ್
gaze	ನೋಡು
gear	ಗೇರ್
gear; cog-wheel	ಗೇರ್; ಕಾಗ್-ಚಕ್ರ
gem; jewel	ರತ್ನ; ಆಭರಣ
gender	ಲಿಂಗ
gene	ಜೀನ್
general	ಸಾಮಾನ್ಯ
general idea; concept; notion	ಸಾಮಾನ್ಯ ಕಲ್ಪನೆ; ಪರಿಕಲ್ಪನೆ; ಕಲ್ಪನೆ
general statement; outline	ಸಾಮಾನ್ಯ ಹೇಳಿಕೆ; ರೂಪರೇಖೆ
general; liberal; universal; ordinary; average	ಸಾಮಾನ್ಯ; ಉದಾರವಾದಿ; ಸಾರ್ವತ್ರಿಕ; ಸಾಮಾನ್ಯ; ಸರಾಸರಿ
generally	ಸಾಮಾನ್ಯವಾಗಿ
generate	ಉತ್ಪಾದಿಸುತ್ತವೆ
generation	ಪೀಳಿಗೆ
generation (e.g. power)	ಉತ್ಪಾದನೆ (ಉದಾ. ಶಕ್ತಿ)
generic	ಸಾರ್ವತ್ರಿಕ
generous	ಉದಾರ
genetic	ಆನುವಂಶಿಕ
genetics	ತಳಿಶಾಸ್ತ್ರ
genius	ಮೇಧಾವಿ
genocide	ನರಮೇಧ
genre	ಪ್ರಕಾರ
gentle	ಸೌಮ್ಯ
gentle / calm	ಶಾಂತ / ಶಾಂತ
gentle; mild; moderate	ಸೌಮ್ಯವಾದ; ಸೌಮ್ಯವಾದ; ಮಧ್ಯಮ
gentleman	ಸಜ್ಜನ
genuine	ನಿಜವಾದ
genuine article	ನಿಜವಾದ ಲೇಖನ
genuinely	ಪ್ರಾಮಾಣಿಕವಾಗಿ
geography	ಭೂಗೋಳಶಾಸ್ತ್ರ
geological features	ಭೂವೈಜ್ಞಾನಿಕ ಲಕ್ಷಣಗಳು
gesture	ಸನ್ನೆ
get	ಪಡೆಯಿರಿ
get along	ಜೊತೆಯಾಗು
get along with	ಜೊತೆಯಾಗಿ
get dressed	ಧರಿಸುತ್ತಾರೆ
get over	ಮೇಲೆ ಪಡೆಯಿರಿ
get up	ಎದ್ದೇಳು
geta (Japanese footwear); wooden clogs	ಗೆಟಾ (ಜಪಾನೀಸ್ ಪಾದರಕ್ಷೆಗಳು); ಮರದ ಕ್ಲಾಗ್ಸ್
getting closer; drawing nearer; approaching	ಹತ್ತಿರವಾಗುವುದು; ಹತ್ತಿರ ಸೆಳೆಯುವುದು; ಸಮೀಪಿಸುತ್ತಿದೆ
getting nervous; irritation	ನರಗಳಾಗುವುದು; ಕೆರಳಿಕೆ
getting ready	ತಯಾರಾಗುತ್ತಿದೆ
ghost	ಭೂತ
giant	ದೈತ್ಯ
gift	ಉಡುಗೊರೆ
gift / present	ಉಡುಗೊರೆ / ಪ್ರಸ್ತುತ
gig	ಗಿಗ್
giraffe	ಜಿರಾಫೆ
girl	ಹುಡುಗಿ
girlfriend	ಗೆಳತಿ
girlfriend / she	ಗೆಳತಿ / ಅವಳು
gist; essentials; summary; fundamentals	ಸಾರಾಂಶ; ಅಗತ್ಯ ವಸ್ತುಗಳು; ಸಾರಾಂಶ; ಮೂಲಭೂತ ಅಂಶಗಳು
gist; main point	ಸಾರಾಂಶ; ಮುಖ್ಯ ಅಂಶ
give	ಕೊಡು
give in	ಕೊಡು
give up	ಬಿಟ್ಟುಕೊಡು
glad	ಸಂತೋಷವಾಯಿತು
glance	ನೋಟ
glass	ಗಾಜು
glass / cup	ಗಾಜು / ಕಪ್
glasses	ಕನ್ನಡಕ
glimpse	ಒಂದು ನೋಟ
global	ಜಾಗತಿಕ
globalization	ಜಾಗತೀಕರಣ
globe	ಗ್ಲೋಬ್
globe; sphere; ball	ಭೂಗೋಳ; ಗೋಳ; ಚೆಂಡು
gloom; melancholy	ಕತ್ತಲೆ; ವಿಷಣ್ಣತೆ
gloomy	ಕತ್ತಲೆಯಾದ
gloomy / depressed	ಕತ್ತಲೆಯಾದ / ಖಿನ್ನತೆಗೆ ಒಳಗಾದ
glorious	ವೈಭವಯುತ
glory	ವೈಭವ
gloss; glaze	ಹೊಳಪು; ಮೆರುಗು
glove	ಕೈಗವಸು
gloves	ಕೈಗವಸುಗಳು
go	ಹೋಗು
go ahead / here you are	ಮುಂದುವರಿಯಿರಿ / ಇಲ್ಲಿದ್ದೀರಿ
go by the way; via	ದಾರಿಯಲ್ಲಿ ಹೋಗು; ಮೂಲಕ
go through	ಮೂಲಕ ಹೋಗಿ
go to bed	ಮಲಗಲು ಹೋಗು
go-; honourable	ಹೋಗಿ-; ಗೌರವಾನ್ವಿತ
goal	ಗುರಿ
goat	ಮೇಕೆ
goblin; ghost; apparition; bugbear	ತುಂಟ; ಪ್ರೇತ; ಪ್ರತ್ಯಕ್ಷತೆ; ಬಗ್ಬೇರ್
god	ದೇವರು
going	ಹೋಗುತ್ತಿದೆ
going off duty	ಕರ್ತವ್ಯದಿಂದ ಹೋಗುತ್ತಿದ್ದೇನೆ
going on to university	ವಿಶ್ವವಿದ್ಯಾಲಯಕ್ಕೆ ಹೋಗುತ್ತಿದೆ
going to work; at work	ಕೆಲಸಕ್ಕೆ ಹೋಗುವುದು; ಕೆಲಸದಲ್ಲಿ
gold	ಚಿನ್ನ
golden	ಸುವರ್ಣ
goldfish	ಗೋಲ್ಡ್ ಫಿಷ್
golf	ಗಾಲ್ಫ್
good	ಒಳ್ಳೆಯದು
good afternoon	ಶುಭ ಮಧ್ಯಾಹ್ನ
good child	ಒಳ್ಳೆಯ ಮಗು
good evening	ಶುಭ ಸಂಜೆ
good luck	ಅದೃಷ್ಟ
good luck; fortune	ಅದೃಷ್ಟ; ಅದೃಷ್ಟ
good morning	ಶುಭೋದಯ
good night	ಶುಭ ರಾತ್ರಿ
good weather	ಉತ್ತಮ ಹವಾಮಾನ
good will; favor; courtesy	ಒಳ್ಳೆಯ ಇಚ್ಛೆ; ಪರವಾಗಿ; ಸೌಜನ್ಯ
good work (to a colleague)	ಒಳ್ಳೆಯ ಕೆಲಸ (ಸಹೋದ್ಯೋಗಿಗೆ)
good work / thanks for your effort	ಒಳ್ಳೆಯ ಕೆಲಸ / ನಿಮ್ಮ ಪ್ರಯತ್ನಕ್ಕೆ ಧನ್ಯವಾದಗಳು
good-for-nothing; stupid; trivial; worthless	ಒಳ್ಳೆಯದಕ್ಕೆ-ಯಾವುದಕ್ಕೂ; ಮೂರ್ಖ; ಕ್ಷುಲ್ಲಕ; ನಿಷ್ಪ್ರಯೋಜಕ
good; goodness; right; virtue	ಒಳ್ಳೆಯದು; ಒಳ್ಳೆಯತನ; ಬಲ; ಸದ್ಗುಣ
goodbye	ವಿದಾಯ
goodness	ಒಳ್ಳೆಯತನ
goods	ಸರಕುಗಳು
goods / merchandise	ಸರಕು / ಸರಕು
goose	ಹೆಬ್ಬಾತು
gorgeous	ಬಹುಕಾಂತೀಯ
govern	ಆಡಳಿತ
governance	ಆಡಳಿತ
government	ಸರ್ಕಾರ
government business; public use; public expense	ಸರ್ಕಾರಿ ವ್ಯವಹಾರ; ಸಾರ್ವಜನಿಕ ಬಳಕೆ; ಸಾರ್ವಜನಿಕ ವೆಚ್ಚ
government office; authorities	ಸರ್ಕಾರಿ ಕಛೇರಿ; ಅಧಿಕಾರಿಗಳು
government office; public office	ಸರ್ಕಾರಿ ಕಛೇರಿ; ಸಾರ್ವಜನಿಕ ಕಚೇರಿ
government official	ಸರ್ಕಾರಿ ಅಧಿಕಾರಿ
government worker	ಸರ್ಕಾರಿ ಕೆಲಸಗಾರ
government; administration	ಸರ್ಕಾರ; ಆಡಳಿತ
governor	ಗವರ್ನರ್
gown	ನಿಲುವಂಗಿ
grab	ದೋಚಿದ
grace	ಅನುಗ್ರಹ
grace; favor; blessing; benefit	ಅನುಗ್ರಹ; ಪರವಾಗಿ; ಆಶೀರ್ವಾದ; ಲಾಭ
gradation; grade; stage	ಪದವಿ; ಗ್ರೇಡ್; ಹಂತ
grade	ಗ್ರೇಡ್
grade (on a test, etc.)	ಗ್ರೇಡ್ (ಪರೀಕ್ಷೆಯಲ್ಲಿ, ಇತ್ಯಾದಿ)
grade in school	ಶಾಲೆಯಲ್ಲಿ ಗ್ರೇಡ್
grade school student	ದರ್ಜೆಯ ಶಾಲಾ ವಿದ್ಯಾರ್ಥಿ
grade; rank; about	ಗ್ರೇಡ್; ಶ್ರೇಣಿ; ಸುಮಾರು
grades	ಶ್ರೇಣಿಗಳನ್ನು
gradual	ಕ್ರಮೇಣ
gradually	ಕ್ರಮೇಣ
gradually / soon	ಕ್ರಮೇಣ / ಶೀಘ್ರದಲ್ಲೇ
gradually; finally; hardly	ಕ್ರಮೇಣ; ಅಂತಿಮವಾಗಿ; ಕಷ್ಟದಿಂದ
graduate	ಪದವೀಧರ
graduate from; come from	ನಿಂದ ಪದವಿ; ನಿಂದ ಬರುತ್ತವೆ
graduate school	ಪದವಿ ಶಾಲೆ
graduate student	ಪದವಿ ವಿದ್ಯಾರ್ಥಿ
graduation	ಪದವಿ
graduation ceremony	ಪದವಿ ಸಮಾರಂಭ
grain	ಧಾನ್ಯ
grain; cereal; corn	ಧಾನ್ಯ; ಏಕದಳ; ಜೋಳ
grammar	ವ್ಯಾಕರಣ
grand	ಭವ್ಯವಾದ
grandchild	ಮೊಮ್ಮಗ
granddaughter	ಮೊಮ್ಮಗಳು
grandfather	ಅಜ್ಜ
grandfather (my own)	ಅಜ್ಜ (ನನ್ನ ಸ್ವಂತ)
grandfather; male senior citizen	ಅಜ್ಜ; ಪುರುಷ ಹಿರಿಯ ನಾಗರಿಕ
grandfather; male senior-citizen	ಅಜ್ಜ; ಪುರುಷ ಹಿರಿಯ ನಾಗರಿಕ
grandfather; old man	ಅಜ್ಜ; ಮುದುಕ
grandmother	ಅಜ್ಜಿ
grandmother (my own)	ಅಜ್ಜಿ (ನನ್ನ ಸ್ವಂತ)
grandmother; female senior-citizen	ಅಜ್ಜಿ; ಮಹಿಳಾ ಹಿರಿಯ ನಾಗರಿಕ
grandmother; old woman	ಅಜ್ಜಿ; ಮುದುಕಿ
grandparent	ಅಜ್ಜಿ
grandparents	ಅಜ್ಜಿಯರು
grandson	ಮೊಮ್ಮಗ
grant	ಅನುದಾನ
grape	ದ್ರಾಕ್ಷಿ
grapes	ದ್ರಾಕ್ಷಿಗಳು
graphic	ಗ್ರಾಫಿಕ್
graphics	ಗ್ರಾಫಿಕ್ಸ್
grasp	ಗ್ರಹಿಸಲು
grasp / understanding	ಗ್ರಹಿಕೆ / ತಿಳುವಳಿಕೆ
grass	ಹುಲ್ಲು
grateful	ಕೃತಜ್ಞರಾಗಿರಬೇಕು
grateful; thankful; welcome; appreciated; evoking gratitude	ಕೃತಜ್ಞರಾಗಿರಬೇಕು; ಧನ್ಯವಾದ; ಸ್ವಾಗತ; ಮೆಚ್ಚುಗೆ; ಕೃತಜ್ಞತೆಯನ್ನು ಉಂಟುಮಾಡುತ್ತದೆ
grave	ಸಮಾಧಿ
grave; tomb	ಸಮಾಧಿ; ಸಮಾಧಿ
gravity	ಗುರುತ್ವಾಕರ್ಷಣೆ
gray	ಬೂದು
gray (loanword)	ಬೂದು (ಸಾಲದ ಪದ)
great	ಶ್ರೇಷ್ಠ
great effort; exertion; endeavour; effort	ದೊಡ್ಡ ಪ್ರಯತ್ನ; ಶ್ರಮ; ಪ್ರಯತ್ನ; ಪ್ರಯತ್ನ
great number of people	ಹೆಚ್ಚಿನ ಸಂಖ್ಯೆಯ ಜನರು
great war; great battle	ಮಹಾಯುದ್ಧ; ದೊಡ್ಡ ಯುದ್ಧ
great-looking	ಭವ್ಯವಾಗಿ ಕಾಣುವ
great; celebrated; eminent; terrible; awful; famous; remarkable; excellent	ಶ್ರೇಷ್ಠ; ಆಚರಿಸಲಾಯಿತು; ಪ್ರಖ್ಯಾತ; ಭಯಾನಕ; ಭೀಕರವಾದ; ಪ್ರಸಿದ್ಧ; ಗಮನಾರ್ಹ; ಅತ್ಯುತ್ತಮ
great; grand	ಶ್ರೇಷ್ಠ; ಭವ್ಯವಾದ
greater; more; further; still more	ಹೆಚ್ಚು; ಹೆಚ್ಚು; ಮತ್ತಷ್ಟು; ಇನ್ನೂ ಹೆಚ್ಚು
greatly	ಬಹಳವಾಗಿ
greatness	ಹಿರಿಮೆ
green	ಹಸಿರು
green tea	ಹಸಿರು ಚಹಾ
greengrocer	ತರಕಾರಿ ವ್ಯಾಪಾರಿ
greenhouse	ಹಸಿರುಮನೆ
greet	ನಮಸ್ಕಾರ
greeting	ಶುಭಾಶಯ
greeting; salutation	ಶುಭಾಶಯ; ನಮಸ್ಕಾರ
grey	ಬೂದು
grey; gray; ashen	ಬೂದು; ಬೂದು; ಬೂದಿ
grid	ಗ್ರಿಡ್
grief	ದುಃಖ
grin	ನಕ್ಕ
grind	ಪುಡಿಮಾಡಿ
grip	ಹಿಡಿತ
groceries	ದಿನಸಿ
grocery	ದಿನಸಿ
groin; crotch; thigh	ತೊಡೆಸಂದು; ಕ್ರೋಚ್; ತೊಡೆಯ
gross	ಸ್ಥೂಲ
ground	ನೆಲ
groundwork; foundation; inclination; aptitude; elementary knowledge of; grounding in; prearrangement; spade	ನೆಲದ ಕೆಲಸ; ಅಡಿಪಾಯ; ಒಲವು; ಯೋಗ್ಯತೆ; ಪ್ರಾಥಮಿಕ ಜ್ಞಾನ; ಗ್ರೌಂಡಿಂಗ್ ಇನ್; ಪೂರ್ವ ವ್ಯವಸ್ಥೆ; ಗುದ್ದಲಿ
group	ಗುಂಪು
group (math)	ಗುಂಪು (ಗಣಿತ)
group; crowd; flock; herd	ಗುಂಪು; ಗುಂಪು; ಹಿಂಡು; ಹಿಂಡು
group; mass	ಗುಂಪು; ಸಮೂಹ
grow	ಬೆಳೆಯುತ್ತವೆ
growth	ಬೆಳವಣಿಗೆ
growth / development	ಬೆಳವಣಿಗೆ / ಅಭಿವೃದ್ಧಿ
growth; grow to adulthood	ಬೆಳವಣಿಗೆ; ಪ್ರೌಢಾವಸ್ಥೆಗೆ ಬೆಳೆಯುತ್ತವೆ
growth; increment	ಬೆಳವಣಿಗೆ; ಹೆಚ್ಚಳ
guarantee	ಗ್ಯಾರಂಟಿ
guarantee; ensure; maintain; insure; secure	ಖಾತರಿ; ಖಾತರಿಪಡಿಸು; ನಿರ್ವಹಿಸು; ವಿಮೆ ಮಾಡಿ; ಸುರಕ್ಷಿತ
guarantee; security; assurance; pledge; warranty	ಖಾತರಿ; ಭದ್ರತೆ; ಭರವಸೆ; ಪ್ರತಿಜ್ಞೆ; ಖಾತರಿ
guard	ಕಾವಲುಗಾರ
guard; convoy; escort	ಕಾವಲುಗಾರ; ಬೆಂಗಾವಲು ಪಡೆ; ಬೆಂಗಾವಲು
guerrilla	ಗೆರಿಲ್ಲಾ
guess	ಊಹೆ
guest	ಅತಿಥಿ
guest seating	ಅತಿಥಿ ಆಸನ
guest; customer	ಅತಿಥಿ; ಗ್ರಾಹಕ
guest; visitor; client; customer	ಅತಿಥಿ; ಸಂದರ್ಶಕ; ಕ್ಲೈಂಟ್; ಗ್ರಾಹಕ
guidance	ಮಾರ್ಗದರ್ಶನ
guide	ಮಾರ್ಗದರ್ಶಿ
guideline	ಮಾರ್ಗಸೂಚಿ
guilt	ಅಪರಾಧ
guilty	ತಪ್ಪಿತಸ್ಥ
guitar	ಗಿಟಾರ್
gun	ಬಂದೂಕು
gut	ಕರುಳು
guy	ವ್ಯಕ್ತಿ
gym	ಜಿಮ್
gymnasium	ಜಿಮ್ನಾಷಿಯಂ
gymnastics; physical exercises; calisthenics	ಜಿಮ್ನಾಸ್ಟಿಕ್ಸ್; ದೈಹಿಕ ವ್ಯಾಯಾಮಗಳು; ಕ್ಯಾಲಿಸ್ಟೆನಿಕ್ಸ್
habit	ಅಭ್ಯಾಸ
habitat	ಆವಾಸಸ್ಥಾನ
haiku poetry	ಹೈಕು ಕವನ
hail	ಆಲಿಕಲ್ಲು
hair	ಕೂದಲು
hair (head)	ಕೂದಲು (ತಲೆ)
hair or fur	ಕೂದಲು ಅಥವಾ ತುಪ್ಪಳ
hair salon	ಕೂದಲು ಸಲೂನ್
hairdresser	ಕೇಶ ವಿನ್ಯಾಸಕಿ
half	ಅರ್ಧ
half a year	ಅರ್ಧ ವರ್ಷ
half an hour	ಅರ್ಧ ಗಂಟೆ
half minute	ಅರ್ಧ ನಿಮಿಷ
half past	ಅರ್ಧ ಹಿಂದೆ
half past (:30)	ಅರ್ಧ ಹಿಂದೆ (:30)
halfway	ಅರ್ಧದಾರಿಯಲ್ಲೇ
hall	ಸಭಾಂಗಣ
hallway	ಹಜಾರ
halt	ನಿಲುಗಡೆ
hamburger	ಹ್ಯಾಂಬರ್ಗರ್
hand	ಕೈ
hand in	ಕೈಯಿಂದ
handbag	ಕೈಚೀಲ
handbreadth; bundle	ಕೈ ಅಗಲ; ಬಂಡಲ್
handful	ಬೆರಳೆಣಿಕೆಯಷ್ಟು
handle	ಹ್ಯಾಂಡಲ್
handle; grip	ಹ್ಯಾಂಡಲ್; ಹಿಡಿತ
handling	ನಿರ್ವಹಣೆ
handmade / DIY	ಕೈಯಿಂದ ಮಾಡಿದ / DIY
handshake	ಹಸ್ತಲಾಘವ
handsome	ಸುಂದರ
handstand; headstand	ಹ್ಯಾಂಡ್ಸ್ಟ್ಯಾಂಡ್; ಹೆಡ್ಸ್ಟ್ಯಾಂಡ್
handy	ಸೂಕ್ತ
hang	ತೂಗುಹಾಕು
hangover	ಹ್ಯಾಂಗೊವರ್
happen	ಸಂಭವಿಸುತ್ತವೆ
happily	ಸಂತೋಷದಿಂದ
happiness	ಸಂತೋಷ
happiness; blessedness	ಸಂತೋಷ; ಆಶೀರ್ವಾದ
happiness; good fortune; luck; blessing	ಸಂತೋಷ; ಅದೃಷ್ಟ; ಅದೃಷ್ಟ; ಆಶೀರ್ವಾದ
happy	ಸಂತೋಷವಾಗಿದೆ
happy (lasting happiness)	ಸಂತೋಷ (ಶಾಶ್ವತ ಸಂತೋಷ)
happy / glad	ಸಂತೋಷ / ಸಂತೋಷ
happy New Year	ಹೊಸ ವರ್ಷದ ಶುಭಾಶಯಗಳು
happy birthday	ಜನ್ಮದಿನದ ಶುಭಾಶಯಗಳು
happy; glad; pleasant	ಸಂತೋಷ; ಸಂತೋಷ; ಆಹ್ಲಾದಕರ
harassment	ಕಿರುಕುಳ
harbour	ಬಂದರು
hard	ಕಠಿಣ
hard (esp. wood); steadfast; honorable; stuffy writing	ಹಾರ್ಡ್ (ಉದಾ. ಮರ); ದೃಢವಾದ; ಗೌರವಾನ್ವಿತ; ಉಸಿರುಕಟ್ಟಿಕೊಳ್ಳುವ ಬರವಣಿಗೆ
hard / painful (emotional)	ಕಠಿಣ / ನೋವಿನ (ಭಾವನಾತ್ಮಕ)
hardly	ಕಷ್ಟದಿಂದ
hardware	ಯಂತ್ರಾಂಶ
hardworking	ಶ್ರಮಜೀವಿ
harm	ಹಾನಿ
harmful	ಹಾನಿಕಾರಕ
harmony	ಸಾಮರಸ್ಯ
harmony; smoothness	ಸಾಮರಸ್ಯ; ಮೃದುತ್ವ
harsh	ಕಠಿಣ
harvest	ಕೊಯ್ಲು
harvest; crop; ingathering	ಕೊಯ್ಲು; ಬೆಳೆ; ಒಟ್ಟುಗೂಡಿಸುವುದು
hat	ಟೋಪಿ
hat; cap	ಟೋಪಿ; ಕ್ಯಾಪ್
hate	ದ್ವೇಷಿಸುತ್ತೇನೆ
hateful; abominable; poor-looking	ದ್ವೇಷಪೂರಿತ; ಅಸಹ್ಯಕರ; ಕಳಪೆ-ಕಾಣುವ
hateful; abominable; poor-looking; detestable	ದ್ವೇಷಪೂರಿತ; ಅಸಹ್ಯಕರ; ಕಳಪೆ-ಕಾಣುವ; ಅಸಹ್ಯಕರ
hatred	ದ್ವೇಷ
haunt	ಕಾಡುತ್ತವೆ
have	ಹೊಂದಿವೆ
have a good day	ಒಳ್ಳೆಯ ದಿನ
have a nice day	ಒಳ್ಳೆಯ ದಿನ
have a safe trip (reply)	ಸುರಕ್ಷಿತ ಪ್ರಯಾಣವನ್ನು ಹೊಂದಿರಿ (ಪ್ರತ್ಯುತ್ತರ)
have to	ಮಾಡಬೇಕು
having some knowledge of; happening to know	ಸ್ವಲ್ಪ ಜ್ಞಾನವನ್ನು ಹೊಂದಿರುವುದು; ತಿಳಿಯುವುದು ಸಂಭವಿಸುತ್ತಿದೆ
hazard	ಅಪಾಯ
he	ಅವನು
he; boyfriend	ಅವನು; ಗೆಳೆಯ
head	ತಲೆ
head of a section	ಒಂದು ವಿಭಾಗದ ಮುಖ್ಯಸ್ಥ
head; brains; intellect	ತಲೆ; ಮಿದುಳುಗಳು; ಬುದ್ಧಿಶಕ್ತಿ
head; lead; vanguard; first	ತಲೆ; ಮುನ್ನಡೆ; ಮುಂದಾಳತ್ವ; ಮೊದಲು
headache	ತಲೆನೋವು
heading; caption; subtitle; index	ಶಿರೋನಾಮೆ; ಶೀರ್ಷಿಕೆ; ಉಪಶೀರ್ಷಿಕೆ; ಸೂಚ್ಯಂಕ
headline	ಶೀರ್ಷಿಕೆ
headmaster	ಮುಖ್ಯೋಪಾಧ್ಯಾಯರು
headquarters	ಪ್ರಧಾನ ಕಛೇರಿ
heal	ಗುಣವಾಗಲು
health	ಆರೋಗ್ಯ
health insurance card	ಆರೋಗ್ಯ ವಿಮಾ ಕಾರ್ಡ್
health preservation; hygiene; sanitation	ಆರೋಗ್ಯ ಸಂರಕ್ಷಣೆ; ನೈರ್ಮಲ್ಯ; ನೈರ್ಮಲ್ಯ
health; hygiene; sanitation; medical	ಆರೋಗ್ಯ; ನೈರ್ಮಲ್ಯ; ನೈರ್ಮಲ್ಯ; ವೈದ್ಯಕೀಯ
health; sound; wholesome	ಆರೋಗ್ಯ; ಧ್ವನಿ; ಆರೋಗ್ಯಕರ
health; soundness; wholesome	ಆರೋಗ್ಯ; ಸದೃಢತೆ; ಆರೋಗ್ಯಕರ
health; vitality	ಆರೋಗ್ಯ; ಚೈತನ್ಯ
healthcare	ಆರೋಗ್ಯ
healthy	ಆರೋಗ್ಯಕರ
healthy / energetic	ಆರೋಗ್ಯಕರ / ಶಕ್ತಿಯುತ
healthy; energetic	ಆರೋಗ್ಯಕರ; ಶಕ್ತಿಯುತ
hear	ಕೇಳು
hearing	ಕೇಳಿದ
heart	ಹೃದಯ
heart (of city)	(ನಗರದ ಹೃದಯ)
heart / mind	ಹೃದಯ / ಮನಸ್ಸು
heat	ಶಾಖ
heater	ಹೀಟರ್
heating	ಬಿಸಿಮಾಡುವುದು
heaven	ಸ್ವರ್ಗ
heaven; emperor	ಸ್ವರ್ಗ; ಚಕ್ರವರ್ತಿ
heavily	ಅತೀವವಾಗಿ
heavy	ಭಾರೀ
heavy; massive; serious	ಭಾರೀ; ಬೃಹತ್; ಗಂಭೀರ
heavy; serious (illness)	ಭಾರೀ; ಗಂಭೀರ (ಅನಾರೋಗ್ಯ)
hedge	ಹೆಡ್ಜ್
heel	ಹಿಮ್ಮಡಿ
heels	ನೆರಳಿನಲ್ಲೇ
hegemony	ಪ್ರಾಬಲ್ಯ
height	ಎತ್ತರ
height (of body); stature	ಎತ್ತರ (ದೇಹದ); ನಿಲುವು
height above sea level	ಸಮುದ್ರ ಮಟ್ಟಕ್ಕಿಂತ ಎತ್ತರ
height; stature	ಎತ್ತರ; ನಿಲುವು
heighten	ಎತ್ತರಿಸಿ
helicopter	ಹೆಲಿಕಾಪ್ಟರ್
hell	ನರಕ
hello	ನಮಸ್ಕಾರ
hello (on the phone)	ಹಲೋ (ಫೋನ್‌ನಲ್ಲಿ)
helmet	ಹೆಲ್ಮೆಟ್
help	ಸಹಾಯ
help!	ಸಹಾಯ!
help; aid; relief	ಸಹಾಯ; ನೆರವು; ಪರಿಹಾರ
help; helper; assistant	ಸಹಾಯ; ಸಹಾಯಕ; ಸಹಾಯಕ
helper; helpmeet; assistant; tutor	ಸಹಾಯಕ; ಸಹಾಯ ಸಭೆ; ಸಹಾಯಕ; ಬೋಧಕ
helpful	ಸಹಾಯಕವಾಗಿದೆ
helping; serving	ಸಹಾಯ ಮಾಡುವುದು; ಸೇವೆ
helpless; pity; sorrow; grief	ಅಸಹಾಯಕ; ಕರುಣೆ; ದುಃಖ; ದುಃಖ
hen	ಕೋಳಿ
hence	ಆದ್ದರಿಂದ
hence; for that reason	ಆದ್ದರಿಂದ; ಆ ಕಾರಣಕ್ಕಾಗಿ
her	ಅವಳ
her, she, girlfriend	ಅವಳು, ಅವಳು, ಗೆಳತಿ
herb	ಮೂಲಿಕೆ
herculean strength; mountain carrier-guide	ಕಠಿಣ ಶಕ್ತಿ; ಪರ್ವತ ವಾಹಕ-ಮಾರ್ಗದರ್ಶಿ
here	ಇಲ್ಲಿ
here and there; little by little	ಇಲ್ಲಿ ಮತ್ತು ಅಲ್ಲಿ; ಸ್ವಲ್ಪ ಸ್ವಲ್ಪ
here and there; some parts (of something)	ಇಲ್ಲಿ ಮತ್ತು ಅಲ್ಲಿ; ಕೆಲವು ಭಾಗಗಳು (ಯಾವುದಾದರೂ)
here, this place	ಇಲ್ಲಿ, ಈ ಸ್ಥಳ
heritage	ಪರಂಪರೆ
hero	ನಾಯಕ
hero; great man	ನಾಯಕ; ಮಹಾನ್ ವ್ಯಕ್ತಿ
hers	ಅವಳ
herself	ಸ್ವತಃ
hesitance; diffidence; feeling constraint; fear of troubling someone; having scruples about doing someth	ಹಿಂಜರಿಕೆ; ಭಿನ್ನಾಭಿಪ್ರಾಯ; ಭಾವನೆ ನಿರ್ಬಂಧ; ಯಾರಿಗಾದರೂ ತೊಂದರೆ ಕೊಡುವ ಭಯ; ಏನನ್ನಾದರೂ ಮಾಡುವ ಬಗ್ಗೆ scruples ಹೊಂದಿರುವ
hesitate	ಹಿಂಜರಿಯುತ್ತಾರೆ
hey	ಹೇ
hi	ನಮಸ್ತೆ
hiccough; hiccup	ಬಿಕ್ಕಳಿಕೆ; ಬಿಕ್ಕಳಿಕೆ
hidden	ಮರೆಮಾಡಲಾಗಿದೆ
hide	ಮರೆಮಾಡಿ
hierarchy	ಕ್ರಮಾನುಗತ
high	ಹೆಚ್ಚು
high and low; up and down; unloading and loading; praising and blaming	ಹೆಚ್ಚಿನ ಮತ್ತು ಕಡಿಮೆ; ಮೇಲೆ ಮತ್ತು ಕೆಳಗೆ; ಇಳಿಸುವಿಕೆ ಮತ್ತು ಲೋಡ್; ಹೊಗಳುವುದು ಮತ್ತು ದೂಷಿಸುವುದು
high class; high grade	ಉನ್ನತ ವರ್ಗ; ಉನ್ನತ ದರ್ಜೆಯ
high heels	ಹೆಚ್ಚಿನ ನೆರಳಿನಲ್ಲೇ
high price	ಹೆಚ್ಚಿನ ಬೆಲೆ
high school	ಪ್ರೌಢಶಾಲೆ
high school student	ಪ್ರೌಢಶಾಲಾ ವಿದ್ಯಾರ್ಥಿ
high speed; high gear	ಹೆಚ್ಚಿನ ವೇಗ; ಹೆಚ್ಚಿನ ಗೇರ್
high-profile	ಉನ್ನತ ಪ್ರೊಫೈಲ್
high-rise building	ಎತ್ತರದ ಕಟ್ಟಡ
highest; supreme; the most	ಅತ್ಯಧಿಕ; ಸರ್ವೋಚ್ಚ; ಅತ್ಯಂತ
highlight	ಹೈಲೈಟ್
highly	ಹೆಚ್ಚು
highway	ಹೆದ್ದಾರಿ
hiking	ಪಾದಯಾತ್ರೆ
hilarious	ಉಲ್ಲಾಸದಾಯಕ
hill	ಬೆಟ್ಟ
hill; height; knoll; rising ground	ಬೆಟ್ಟ; ಎತ್ತರ; ಗುಳ್ಳೆ; ಏರುತ್ತಿರುವ ನೆಲ
him	ಅವನನ್ನು
him, he, boyfriend	ಅವನು, ಅವನು, ಗೆಳೆಯ
himself	ಸ್ವತಃ
hindrance; impediment	ಅಡಚಣೆ; ಅಡಚಣೆ
hindrance; intrusion	ಅಡಚಣೆ; ಒಳನುಗ್ಗುವಿಕೆ
hint	ಸುಳಿವು
hint; suggestion	ಸುಳಿವು; ಸಲಹೆ
hip	ಸೊಂಟ
hippopotamus	ಹಿಪಪಾಟಮಸ್
hiragana; 47 syllables; the cursive syllabary	ಹಿರಗಾನ; 47 ಉಚ್ಚಾರಾಂಶಗಳು; ಕರ್ಸಿವ್ ಪಠ್ಯಕ್ರಮ
hire	ಬಾಡಿಗೆಗೆ
hiring / adoption	ನೇಮಕ / ದತ್ತು
his	ಅವನ
historian	ಇತಿಹಾಸಕಾರ
historic	ಐತಿಹಾಸಿಕ
historic ruins (remains  relics)	ಐತಿಹಾಸಿಕ ಅವಶೇಷಗಳು (ಅವಶೇಷಗಳು)
historical	ಐತಿಹಾಸಿಕ
history	ಇತಿಹಾಸ
hit	ಹಿಟ್
hobby	ಹವ್ಯಾಸ
hobby; pastime	ಹವ್ಯಾಸ; ಕಾಲಕ್ಷೇಪ
hockey	ಹಾಕಿ
hold	ಹಿಡಿದುಕೊಳ್ಳಿ
hold on	ಹಿಡಿದುಕೊಳ್ಳಿ
holding a meeting; open an exhibition	ಸಭೆ ನಡೆಸುವುದು; ಪ್ರದರ್ಶನವನ್ನು ತೆರೆಯಿರಿ
hole	ರಂಧ್ರ
holiday	ರಜೆ
holiday / day off	ರಜೆ / ದಿನ ರಜೆ
holiday / leave	ರಜೆ / ರಜೆ
holiday house; villa	ರಜೆಯ ಮನೆ; ವಿಲ್ಲಾ
holiday; absence; rest; Good night	ರಜೆ; ಅನುಪಸ್ಥಿತಿ; ವಿಶ್ರಾಂತಿ; ಶುಭ ರಾತ್ರಿ
holiday; day off; absence	ರಜೆ; ದಿನ ರಜೆ; ಅನುಪಸ್ಥಿತಿ
holiday; day off; furlough	ರಜೆ; ದಿನ ರಜೆ; ಫರ್ಲೋ
hollow	ಟೊಳ್ಳಾದ
holy	ಪವಿತ್ರ
home	ಮನೆ
home / my house	ಮನೆ / ನನ್ನ ಮನೆ
home town; birthplace; old village; historic village	ತವರು ಪಟ್ಟಣ; ಜನ್ಮಸ್ಥಳ; ಹಳೆಯ ಹಳ್ಳಿ; ಐತಿಹಾಸಿಕ ಗ್ರಾಮ
home; house	ಮನೆ; ಮನೆ
home; house; my place	ಮನೆ; ಮನೆ; ನನ್ನ ಸ್ಥಳ
homeland	ತಾಯ್ನಾಡು
homeless	ನಿರಾಶ್ರಿತರು
homesickness	ಮನೆತನ
homestay; living with a local family	ಹೋಂಸ್ಟೇ; ಸ್ಥಳೀಯ ಕುಟುಂಬದೊಂದಿಗೆ ವಾಸಿಸುತ್ತಿದ್ದಾರೆ
hometown / from	ಹುಟ್ಟೂರು / ನಿಂದ
homework	ಮನೆಕೆಲಸ
honest	ಪ್ರಾಮಾಣಿಕ
honesty	ಪ್ರಾಮಾಣಿಕತೆ
honesty; integrity; frankness	ಪ್ರಾಮಾಣಿಕತೆ; ಸಮಗ್ರತೆ; ನಿಷ್ಕಪಟತೆ
honey bee	ಜೇನುಹುಳು
honeymoon	ಮಧುಚಂದ್ರ
honorific language	ಗೌರವಾನ್ವಿತ ಭಾಷೆ
honorific; term of respect	ಗೌರವಾನ್ವಿತ; ಗೌರವದ ಪದ
honour	ಗೌರವ
honourable	ಗೌರವಾನ್ವಿತ
hoodie	ಹೆಡೆಕಾಸು
hook	ಕೊಕ್ಕೆ
hope	ಭರವಸೆ
hope / wish	ಭರವಸೆ / ಹಾರೈಕೆ
hope; prospects; expectation	ಭರವಸೆ; ನಿರೀಕ್ಷೆಗಳು; ನಿರೀಕ್ಷೆ
hope; wish; aspiration	ಭರವಸೆ; ಹಾರೈಕೆ; ಆಕಾಂಕ್ಷೆ
hopeful	ಆಶಾದಾಯಕ
hopefully	ಆಶಾದಾಯಕವಾಗಿ
horizon	ದಿಗಂತ
horn	ಕೊಂಬು
horrible	ಭಯಾನಕ
horror	ಭಯಾನಕ
horse	ಕುದುರೆ
horse racing	ಕುದುರೆ ರೇಸಿಂಗ್
horticulture; gardening	ತೋಟಗಾರಿಕೆ; ತೋಟಗಾರಿಕೆ
hospital	ಆಸ್ಪತ್ರೆ
hospitality	ಆತಿಥ್ಯ
hospitalization	ಆಸ್ಪತ್ರೆಗೆ
host	ಹೋಸ್ಟ್
host family	ಹೋಸ್ಟ್ ಕುಟುಂಬ
hostage	ಒತ್ತೆಯಾಳು
hostel; dormitory	ಹಾಸ್ಟೆಲ್; ನಿಲಯ
hostile	ಪ್ರತಿಕೂಲ
hostility	ಹಗೆತನ
hot	ಬಿಸಿ
hot (objects)	ಬಿಸಿ (ವಸ್ತುಗಳು)
hot (weather)	ಬಿಸಿ (ಹವಾಮಾನ)
hot and spicy; salty	ಬಿಸಿ ಮತ್ತು ಮಸಾಲೆಯುಕ್ತ; ಉಪ್ಪು
hot spring	ಬಿಸಿನೀರಿನ ಬುಗ್ಗೆ
hot to the touch	ಸ್ಪರ್ಶಕ್ಕೆ ಬಿಸಿ
hot water	ಬಿಸಿ ನೀರು
hotel	ಹೋಟೆಲ್
hotel staff	ಹೋಟೆಲ್ ಸಿಬ್ಬಂದಿ
hour	ಗಂಟೆ
house	ಮನೆ
house / home	ಮನೆ / ಮನೆ
house for rent	ಬಾಡಿಗೆಗೆ ಮನೆ
house number; address	ಮನೆ ಸಂಖ್ಯೆ; ವಿಳಾಸ
house-cloth; dust cloth	ಮನೆ-ಬಟ್ಟೆ; ಧೂಳಿನ ಬಟ್ಟೆ
house; building	ಮನೆ; ಕಟ್ಟಡ
house; hall; building; hotel; inn; guesthouse	ಮನೆ; ಸಭಾಂಗಣ; ಕಟ್ಟಡ; ಹೋಟೆಲ್; ಹೋಟೆಲ್; ಅತಿಥಿಗೃಹ
house; home; husband	ಮನೆ; ಮನೆ; ಗಂಡ
household	ಮನೆಯವರು
household / family	ಮನೆ / ಕುಟುಂಬ
household economy; family finances	ಮನೆಯ ಆರ್ಥಿಕತೆ; ಕುಟುಂಬದ ಹಣಕಾಸು
household matters	ಮನೆಯ ವಿಷಯಗಳು
housewife	ಗೃಹಿಣಿ
housewife; mistress	ಗೃಹಿಣಿ; ಪ್ರೇಯಸಿ
housework	ಮನೆಗೆಲಸ
housework; domestic chores	ಮನೆಗೆಲಸ; ಮನೆಕೆಲಸಗಳು
housing	ವಸತಿ
how	ಹೇಗೆ
how (by what means)	ಹೇಗೆ (ಯಾವ ವಿಧಾನದಿಂದ)
how (polite)	ಹೇಗೆ (ಸಭ್ಯ)
how are you	ಹೇಗಿದ್ದೀಯ
how are you?	ಹೇಗಿದ್ದೀಯ?
how far	ಎಷ್ಟು ದೂರ
how many	ಎಷ್ಟು
how many (books)	ಎಷ್ಟು (ಪುಸ್ತಕಗಳು)
how many (flat things)	ಎಷ್ಟು (ಚಪ್ಪಟೆ ವಸ್ತುಗಳು)
how many / how old	ಎಷ್ಟು / ಎಷ್ಟು ಹಳೆಯದು
how many people	ಎಷ್ಟು ಜನರು
how many times	ಎಷ್ಟು ಬಾರಿ
how many?; how old?	ಎಷ್ಟು?; ಎಷ್ಟು ಹಳೆಯದು?
how much	ಎಷ್ಟು
how much (money)	ಎಷ್ಟು (ಹಣ)
how much / how long	ಎಷ್ಟು / ಎಷ್ಟು ಸಮಯ
how much is this?	ಇದು ಎಷ್ಟು?
how much; how long	ಎಷ್ಟು; ಎಷ್ಟು ಸಮಯ
how much?; how many?	ಎಷ್ಟು?; ಎಷ್ಟು?
how old	ಎಷ್ಟು ಹಳೆಯದು
how old are you?	ನಿಮ್ಮ ವಯಸ್ಸು ಎಷ್ಟು?
how's it going?	ಅದು ಹೇಗೆ ನಡೆಯುತ್ತಿದೆ?
how...!; what...!	ಹೇಗೆ...!; ಏನು...!
how; by what means	ಹೇಗೆ; ಯಾವ ವಿಧಾನದಿಂದ
however	ಆದಾಗ್ಯೂ
huge	ಬೃಹತ್
huge; bulky; enormous; extensive; swelling; expansion	ಬೃಹತ್; ಬೃಹತ್; ಅಗಾಧವಾದ; ವ್ಯಾಪಕ; ಊತ; ವಿಸ್ತರಣೆ
huge; gigantic; enormous	ಬೃಹತ್; ದೈತ್ಯಾಕಾರದ; ಅಗಾಧ
human	ಮಾನವ
human being; man; person	ಮಾನವ ಜೀವಿ; ಮನುಷ್ಯ; ವ್ಯಕ್ತಿ
human resources	ಮಾನವ ಸಂಪನ್ಮೂಲಗಳು
human rights	ಮಾನವ ಹಕ್ಕುಗಳು
humanitarian	ಮಾನವೀಯ
humanity	ಮಾನವೀಯತೆ
humble	ವಿನಮ್ರ
humble; humility; modesty	ವಿನಮ್ರ; ನಮ್ರತೆ; ನಮ್ರತೆ
humid	ಆರ್ದ್ರ
humid; sultry	ಆರ್ದ್ರ; ವಿಷಯಾಸಕ್ತ
humidity	ಆರ್ದ್ರತೆ
humorous	ಹಾಸ್ಯಮಯ
humour	ಹಾಸ್ಯ
humour; temper; mood	ಹಾಸ್ಯ; ಉದ್ವೇಗ; ಮನಸ್ಥಿತಿ
hundred	ನೂರು
hundred million	ನೂರು ಮಿಲಿಯನ್
hunger	ಹಸಿವು
hungry	ಹಸಿದಿದೆ
hunt	ಬೇಟೆ
hunting	ಬೇಟೆಯಾಡುವುದು
hurrah; cheers	ಹುರ್ರೇ; ಹರ್ಷೋದ್ಗಾರಗಳು
hurricane	ಚಂಡಮಾರುತ
hurry	ಆತುರ
hurt	ನೋವಾಯಿತು
hurt; painful	ಹರ್ಟ್; ನೋವಿನಿಂದ ಕೂಡಿದೆ
husband	ಗಂಡ
husband (someone's)	ಗಂಡ (ಯಾರೊಬ್ಬರ)
hut; cabin; shed; (animal) pen	ಗುಡಿಸಲು; ಕ್ಯಾಬಿನ್; ಉದುರಿಸು; (ಪ್ರಾಣಿ) ಪೆನ್
hydrogen	ಜಲಜನಕ
hypothesis	ಕಲ್ಪನೆ
hypothesize	ಊಹಿಸಿ
ice	ಮಂಜುಗಡ್ಡೆ
ice cream	ಐಸ್ ಕ್ರೀಮ್
ice; hail	ಮಂಜುಗಡ್ಡೆ; ಆಲಿಕಲ್ಲು
icon	ಐಕಾನ್
idea	ಕಲ್ಪನೆ
ideal	ಆದರ್ಶ
identical	ಒಂದೇ ರೀತಿಯ
identical; equal to; same (kind); like	ಒಂದೇ ರೀತಿಯ; ಸಮಾನವಾಗಿರುತ್ತದೆ; ಅದೇ (ರೀತಿಯ); ಹಾಗೆ
identification	ಗುರುತಿಸುವಿಕೆ
identify	ಗುರುತಿಸಿ
identity	ಗುರುತು
identity; sameness; similarity	ಗುರುತು; ಸಮಾನತೆ; ಹೋಲಿಕೆ
ideological	ಸೈದ್ಧಾಂತಿಕ
ideology	ಸಿದ್ಧಾಂತ
idiom; idiomatic phrase; kanji compound	ಭಾಷಾವೈಶಿಷ್ಟ್ಯ; ಭಾಷಾವೈಶಿಷ್ಟ್ಯದ ನುಡಿಗಟ್ಟು; ಕಾಂಜಿ ಸಂಯುಕ್ತ
idiot	ಮೂರ್ಖ
idle complaint; grumble	ಐಡಲ್ ದೂರು; ಗೊಣಗುತ್ತಾರೆ
if	ಒಂದು ವೇಳೆ
if I had to choose	ನಾನು ಆಯ್ಕೆ ಮಾಡಬೇಕಾದರೆ
if at all possible	ಸಾಧ್ಯವಾದರೆ
if it is okay (polite)	ಅದು ಸರಿ ಇದ್ದರೆ (ಸಭ್ಯ)
if possible	ಸಾಧ್ಯವಾದರೆ
if that is the case, ...	ಅದು ಹಾಗಿದ್ದರೆ, ...
if you like	ನೀವು ಇಷ್ಟಪಟ್ಟರೆ
ignorance	ಅಜ್ಞಾನ
ignore	ನಿರ್ಲಕ್ಷಿಸಿ
ill	ಅನಾರೋಗ್ಯ
illegal	ಅಕ್ರಮ
illness	ಅನಾರೋಗ್ಯ
illness; sickness	ಅನಾರೋಗ್ಯ; ಅನಾರೋಗ್ಯ
illusion	ಭ್ರಮೆ
illustrate	ವಿವರಿಸಲು
illustration	ವಿವರಣೆ
image	ಚಿತ್ರ
imagery	ಚಿತ್ರಣ
imaginary	ಕಾಲ್ಪನಿಕ
imagination	ಕಲ್ಪನೆ
imagination; guess	ಕಲ್ಪನೆ; ಊಹೆ
imagine	ಊಹಿಸಿಕೊಳ್ಳಿ
imitation; counterfeit; forgery; sham	ಅನುಕರಣೆ; ನಕಲಿ; ನಕಲಿ; ನೆಪ
immature	ಅಪಕ್ವ
immediate	ತಕ್ಷಣ
immediately	ತಕ್ಷಣವೇ
immediately following	ತಕ್ಷಣ ಅನುಸರಿಸುತ್ತದೆ
immediately; readily; directly	ತಕ್ಷಣ; ಸುಲಭವಾಗಿ; ನೇರವಾಗಿ
immense	ಅಪಾರ
immigrant	ವಲಸೆಗಾರ
immigration	ವಲಸೆ
imminent	ಸನ್ನಿಹಿತವಾಗಿದೆ
immune	ರೋಗನಿರೋಧಕ
immunity	ವಿನಾಯಿತಿ
impact	ಪ್ರಭಾವ
impatient	ತಾಳ್ಮೆಯಿಲ್ಲದ
impeccable	ನಿಷ್ಪಾಪ
impertinent; saucy; cheeky; conceit; audacious; brazen	ನಿಷ್ಪ್ರಯೋಜಕ; ಸೌಸಿ; ಕೆನ್ನೆಯ; ಅಹಂಕಾರ; ಧೈರ್ಯಶಾಲಿ; ಲಜ್ಜೆಗೆಟ್ಟ
implement	ಕಾರ್ಯಗತಗೊಳಿಸಿ
implementation	ಅನುಷ್ಠಾನ
implementation; materialization; realization	ಅನುಷ್ಠಾನ; ವಸ್ತುೀಕರಣ; ಸಾಕ್ಷಾತ್ಕಾರ
implicate	ಸೂಚಿಸುತ್ತವೆ
implication	ಸೂಚ್ಯಾರ್ಥ
implicit	ಸೂಚ್ಯ
implicitly	ಸೂಚ್ಯವಾಗಿ
imply	ಸೂಚಿಸುತ್ತವೆ
import	ಆಮದು
importance	ಪ್ರಾಮುಖ್ಯತೆ
importance; stress; serious consideration	ಪ್ರಾಮುಖ್ಯತೆ; ಒತ್ತಡ; ಗಂಭೀರ ಪರಿಗಣನೆ
important	ಪ್ರಮುಖ
important point; lay stress on; colon; emphasis	ಪ್ರಮುಖ ಅಂಶ; ಮೇಲೆ ಒತ್ತಡ ಹಾಕಿ; ಕೊಲೊನ್; ಒತ್ತು
important; momentous; essential; principal; major	ಪ್ರಮುಖ; ಮಹತ್ವಪೂರ್ಣ; ಅಗತ್ಯ; ಪ್ರಧಾನ; ಪ್ರಮುಖ
important; valuable; serious matter	ಪ್ರಮುಖ; ಮೌಲ್ಯಯುತವಾದ; ಗಂಭೀರ ವಿಷಯ
importation; import; introduction	ಆಮದು; ಆಮದು; ಪರಿಚಯ
imported goods; foreign money	ಆಮದು ಮಾಡಿದ ಸರಕುಗಳು; ವಿದೇಶಿ ಹಣ
imported; outpatient clinic	ಆಮದು ಮಾಡಿಕೊಳ್ಳಲಾಗಿದೆ; ಹೊರರೋಗಿ ಕ್ಲಿನಿಕ್
impose	ವಿಧಿಸುತ್ತವೆ
impossible	ಅಸಾಧ್ಯ
impress	ಪ್ರಭಾವ ಬೀರುತ್ತವೆ
impressed	ಪ್ರಭಾವಿತರಾದರು
impression	ಅನಿಸಿಕೆ
impression / thoughts	ಅನಿಸಿಕೆ / ಆಲೋಚನೆಗಳು
impressions; thoughts	ಅನಿಸಿಕೆಗಳು; ಆಲೋಚನೆಗಳು
impressive	ಪ್ರಭಾವಶಾಲಿ
imprison	ಸೆರೆವಾಸ
imprisonment	ಸೆರೆವಾಸ
improve	ಸುಧಾರಿಸಿ
improvement	ಸುಧಾರಣೆ
improvement; advance; progress	ಸುಧಾರಣೆ; ಮುಂಗಡ; ಪ್ರಗತಿ
improvement; reform	ಸುಧಾರಣೆ; ಸುಧಾರಣೆ
impudent; shameless; brazen	ನಿರ್ಲಜ್ಜ; ನಾಚಿಕೆಯಿಲ್ಲದ; ಲಜ್ಜೆಗೆಟ್ಟ
impulsive	ಹಠಾತ್ ಪ್ರವೃತ್ತಿ
in	ಒಳಗೆ
in a flood / all at once	ಪ್ರವಾಹದಲ್ಲಿ / ಒಂದೇ ಬಾರಿಗೆ
in a leisurely way	ವಿರಾಮದ ರೀತಿಯಲ್ಲಿ
in a word; after all; the point is ..; in short ..	ಒಂದು ಪದದಲ್ಲಿ; ಎಲ್ಲಾ ನಂತರ; ಅಂಶವೆಂದರೆ ..; ಸಂಕ್ಷಿಪ್ತವಾಗಿ ..
in accordance with ~; following ~; ~ Street; ~ Avenue	~ ಗೆ ಅನುಗುಣವಾಗಿ; ಅನುಸರಿಸುತ್ತಿದೆ ~; ~ ಬೀದಿ; ~ ಅವೆನ್ಯೂ
in addition	ಜೊತೆಗೆ
in addition; furthermore	ಜೊತೆಗೆ; ಇದಲ್ಲದೆ
in advance	ಮುಂಚಿತವಾಗಿ
in and out; coming and going; free association; income and expenditure; debits and credit	ಒಳಗೆ ಮತ್ತು ಹೊರಗೆ; ಬರುವುದು ಮತ್ತು ಹೋಗುವುದು; ಉಚಿತ ಸಂಘ; ಆದಾಯ ಮತ್ತು ಖರ್ಚು; ಡೆಬಿಟ್ ಮತ್ತು ಕ್ರೆಡಿಟ್
in charge	ಉಸ್ತುವಾರಿ
in class; during the class	ತರಗತಿಯಲ್ಲಿ; ತರಗತಿಯ ಸಮಯದಲ್ಲಿ
in comparison	ಹೋಲಿಸಿದರೆ
in conclusion	ತೀರ್ಮಾನದಲ್ಲಿ
in contrast	ಇದಕ್ಕೆ ವಿರುದ್ಧವಾಗಿ
in essence	ಮೂಲಭೂತವಾಗಿ
in exchange	ವಿನಿಮಯವಾಗಿ
in fact; originally	ವಾಸ್ತವವಾಗಿ; ಮೂಲತಃ
in front of the station	ನಿಲ್ದಾಣದ ಮುಂದೆ
in good health; well	ಉತ್ತಮ ಆರೋಗ್ಯದಲ್ಲಿ; ಚೆನ್ನಾಗಿ
in its entirety; whole; wholly	ಸಂಪೂರ್ಣವಾಗಿ; ಸಂಪೂರ್ಣ; ಸಂಪೂರ್ಣವಾಗಿ
in light of	ಬೆಳಕಿನಲ್ಲಿ
in nine cases out of ten	ಹತ್ತರಲ್ಲಿ ಒಂಬತ್ತು ಪ್ರಕರಣಗಳಲ್ಲಿ
in no time	ಯಾವುದೇ ಸಮಯದಲ್ಲಿ
in one word	ಒಂದು ಪದದಲ್ಲಿ
in order to	ಸಲುವಾಗಿ
in order; in turn	ಕ್ರಮದಲ್ಲಿ; ಪ್ರತಿಯಾಗಿ
in other words	ಬೇರೆ ರೀತಿಯಲ್ಲಿ ಹೇಳುವುದಾದರೆ
in place of	ಸ್ಥಳದಲ್ಲಿ
in response to	ಪ್ರತಿಕ್ರಿಯೆಯಾಗಿ
in short	ಸಂಕ್ಷಿಪ್ತವಾಗಿ
in short; in brief; in other words; that is to say; in the long run; after all; blockade; stuffing; ultimate	ಸಂಕ್ಷಿಪ್ತವಾಗಿ; ಸಂಕ್ಷಿಪ್ತವಾಗಿ; ಬೇರೆ ರೀತಿಯಲ್ಲಿ ಹೇಳುವುದಾದರೆ; ಅಂದರೆ; ದೀರ್ಘಾವಧಿಯಲ್ಲಿ; ಎಲ್ಲಾ ನಂತರ; ದಿಗ್ಬಂಧನ; ತುಂಬುವುದು; ಅಂತಿಮ
in spite of	ಹೊರತಾಗಿಯೂ
in spite of; nevertheless	ಹೊರತಾಗಿಯೂ; ಆದಾಗ್ಯೂ
in succession; one by one	ಅನುಕ್ರಮವಾಗಿ; ಒಂದೊಂದಾಗಿ
in the first place	ಮೊದಲ ಸ್ಥಾನದಲ್ಲಿ
in the long run	ದೀರ್ಘಾವಧಿಯಲ್ಲಿ
in the middle of	ಮಧ್ಯದಲ್ಲಿ
in the middle; half-way	ಮಧ್ಯದಲ್ಲಿ; ಅರ್ಧ ದಾರಿ
in the second place	ಎರಡನೇ ಸ್ಥಾನದಲ್ಲಿದೆ
in the street	ಬೀದಿಯಲ್ಲಿ
in this way	ಈ ರೀತಿಯಲ್ಲಿ
in turn	ಪ್ರತಿಯಾಗಿ
inability	ಅಸಮರ್ಥತೆ
inaccessible place; sharp eyes	ಪ್ರವೇಶಿಸಲಾಗದ ಸ್ಥಳ; ಚೂಪಾದ ಕಣ್ಣುಗಳು
inadequate	ಅಸಮರ್ಪಕ
inappropriate	ಅನುಚಿತ
inauguration; assumption of office	ಉದ್ಘಾಟನೆ; ಅಧಿಕಾರದ ಊಹೆ
incentive	ಪ್ರೋತ್ಸಾಹಕ
inch	ಇಂಚು
incidence	ಘಟನೆ
incident	ಘಟನೆ
incident / case	ಘಟನೆ / ಪ್ರಕರಣ
incident; affair; happening; event	ಘಟನೆ; ಸಂಬಂಧ; ನಡೆಯುತ್ತಿದೆ; ಘಟನೆ
inclination; slant; slope; bevel; list; dip	ಒಲವು; ಓರೆಯಾಗಿ; ಇಳಿಜಾರು; ಬೆವೆಲ್; ಪಟ್ಟಿ; ಅದ್ದು
inclined	ಒಲವು
include	ಸೇರಿವೆ
included	ಒಳಗೊಂಡಿತ್ತು
including	ಸೇರಿದಂತೆ
inclusion	ಸೇರ್ಪಡೆ
income	ಆದಾಯ
income; receipts; revenue	ಆದಾಯ; ರಸೀದಿಗಳು; ಆದಾಯ
inconsistent	ಅಸಮಂಜಸ
inconsistent orders	ಅಸಮಂಜಸ ಆದೇಶಗಳು
incontrovertible	ನಿರ್ವಿವಾದ
inconvenience	ಅನಾನುಕೂಲತೆ
inconvenient	ಅನಾನುಕೂಲ
inconvenient; to have a scheduling conflict	ಅನಾನುಕೂಲ; ವೇಳಾಪಟ್ಟಿ ಸಂಘರ್ಷವನ್ನು ಹೊಂದಲು
incorporate	ಸಂಯೋಜಿಸುತ್ತವೆ
incorrect	ತಪ್ಪಾಗಿದೆ
increase	ಹೆಚ್ಚಳ
increase and decrease; fluctuation	ಹೆಚ್ಚಳ ಮತ್ತು ಇಳಿಕೆ; ಏರಿಳಿತ
increase; addition	ಹೆಚ್ಚಳ; ಜೊತೆಗೆ
increased production	ಹೆಚ್ಚಿದ ಉತ್ಪಾದನೆ
increasingly	ಹೆಚ್ಚೆಚ್ಚು
increasingly; more and more	ಹೆಚ್ಚೆಚ್ಚು; ಹೆಚ್ಚು ಹೆಚ್ಚು
incredible	ನಂಬಲಾಗದ
incredibly	ನಂಬಲಾಗದಷ್ಟು
incur	ಉಂಟುಮಾಡುತ್ತವೆ
indeed	ವಾಸ್ತವವಾಗಿ
indeed; truly; surely	ವಾಸ್ತವವಾಗಿ; ನಿಜವಾಗಿಯೂ; ಖಂಡಿತವಾಗಿ
independence	ಸ್ವಾತಂತ್ರ್ಯ
independence (e.g. Ind. Day); self-support	ಸ್ವಾತಂತ್ರ್ಯ (ಉದಾ. ಇಂದ. ದಿನ); ಸ್ವಯಂ ಬೆಂಬಲ
independent	ಸ್ವತಂತ್ರ
index	ಸೂಚ್ಯಂಕ
index finger	ತೋರು ಬೆರಳು
index; indices	ಸೂಚ್ಯಂಕ; ಸೂಚ್ಯಂಕಗಳು
indicate	ಸೂಚಿಸುತ್ತವೆ
indication	ಸೂಚನೆ
indication; market trend; worry	ಸೂಚನೆ; ಮಾರುಕಟ್ಟೆ ಪ್ರವೃತ್ತಿ; ಚಿಂತೆ
indicator	ಸೂಚಕ
indictment	ದೋಷಾರೋಪಣೆ
indigenous	ಸ್ಥಳೀಯ
indigo	ಇಂಡಿಗೊ
indirect	ಪರೋಕ್ಷ
indirection; indirectness	ಪರೋಕ್ಷ; ಪರೋಕ್ಷತೆ
individual	ವೈಯಕ್ತಿಕ
individual; each	ವೈಯಕ್ತಿಕ; ಪ್ರತಿಯೊಂದೂ
individual; one by one	ವೈಯಕ್ತಿಕ; ಒಂದೊಂದಾಗಿ
individual; private person; personal; private	ವೈಯಕ್ತಿಕ; ಖಾಸಗಿ ವ್ಯಕ್ತಿ; ವೈಯಕ್ತಿಕ; ಖಾಸಗಿ
individual; separate	ವೈಯಕ್ತಿಕ; ಪ್ರತ್ಯೇಕ
individuality; personality; idiosyncrasy	ಪ್ರತ್ಯೇಕತೆ; ವ್ಯಕ್ತಿತ್ವ; ವಿಲಕ್ಷಣತೆ
indomitable spirit	ಅದಮ್ಯ ಚೇತನ
indoor	ಒಳಾಂಗಣ
indoors	ಒಳಾಂಗಣದಲ್ಲಿ
induce	ಪ್ರೇರೇಪಿಸುತ್ತದೆ
indulge	ಪಾಲ್ಗೊಳ್ಳುತ್ತಾರೆ
industrial	ಕೈಗಾರಿಕಾ
industrial arts	ಕೈಗಾರಿಕಾ ಕಲೆಗಳು
industrial enterprise	ಕೈಗಾರಿಕಾ ಉದ್ಯಮ
industry	ಉದ್ಯಮ
industry; diligence	ಉದ್ಯಮ; ಶ್ರದ್ಧೆ
inequality	ಅಸಮಾನತೆ
inevitable	ಅನಿವಾರ್ಯ
inevitable death; desperation; frantic; inevitable result	ಅನಿವಾರ್ಯ ಸಾವು; ಹತಾಶೆ; ಉದ್ರಿಕ್ತ; ಅನಿವಾರ್ಯ ಫಲಿತಾಂಶ
inevitably	ಅನಿವಾರ್ಯವಾಗಿ
inexcusable	ಅಕ್ಷಮ್ಯ
inexpensive; cheap (thing)	ಅಗ್ಗದ; ಅಗ್ಗದ (ವಸ್ತು)
infamous	ಕುಖ್ಯಾತ
infancy; childish; infantile	ಶೈಶವಾವಸ್ಥೆ; ಬಾಲಿಶ; ಶಿಶು
infant	ಶಿಶು
infant; baby; child	ಶಿಶು; ಮಗು; ಮಗು
infect	ಸೋಂಕು
infection	ಸೋಂಕು
infection; contagion	ಸೋಂಕು; ಸಾಂಕ್ರಾಮಿಕ
infer	ಊಹಿಸಿ
inference	ತೀರ್ಮಾನ
inferior article	ಕೆಳಮಟ್ಟದ ಲೇಖನ
infinite	ಅನಂತ
inflation	ಹಣದುಬ್ಬರ
inflict	ಉಂಟುಮಾಡುತ್ತವೆ
influence	ಪ್ರಭಾವ
influence; effect	ಪ್ರಭಾವ; ಪರಿಣಾಮ
influential	ಪ್ರಭಾವಶಾಲಿ
info	ಮಾಹಿತಿ
inform	ತಿಳಿಸುತ್ತಾರೆ
informal	ಅನೌಪಚಾರಿಕ
information	ಮಾಹಿತಿ
information source	ಮಾಹಿತಿ ಮೂಲ
information; (military) intelligence	ಮಾಹಿತಿ; (ಮಿಲಿಟರಿ) ಗುಪ್ತಚರ
information; guidance; leading	ಮಾಹಿತಿ; ಮಾರ್ಗದರ್ಶನ; ಮುನ್ನಡೆಸುತ್ತಿದೆ
infrastructure	ಮೂಲಸೌಕರ್ಯ
ingenious; skillful; clever; deft	ಚತುರ; ಕೌಶಲ್ಯಪೂರ್ಣ; ಬುದ್ಧಿವಂತ; ಚತುರ
ingredient	ಘಟಕಾಂಶವಾಗಿದೆ
ingredient; component; composition	ಘಟಕಾಂಶವಾಗಿದೆ; ಘಟಕ; ಸಂಯೋಜನೆ
ingredients; material	ಪದಾರ್ಥಗಳು; ವಸ್ತು
inhabitant	ನಿವಾಸಿ
inherent	ಅಂತರ್ಗತ
inherit	ಆನುವಂಶಿಕವಾಗಿ
inhibit	ಪ್ರತಿಬಂಧಿಸುತ್ತದೆ
initial	ಆರಂಭಿಕ
initially	ಆರಂಭದಲ್ಲಿ
initiate	ಆರಂಭಿಸಲು
initiative	ಉಪಕ್ರಮ
inject	ಚುಚ್ಚುಮದ್ದು
injection	ಇಂಜೆಕ್ಷನ್
injure	ಗಾಯಗೊಳಿಸುತ್ತವೆ
injured	ಗಾಯಗೊಂಡಿದ್ದಾರೆ
injury	ಗಾಯ
injury (to animate object); hurt	ಗಾಯ (ವಸ್ತುವನ್ನು ಅನಿಮೇಟ್ ಮಾಡಲು); ನೋವಾಯಿತು
injury; harm; danger	ಗಾಯ; ಹಾನಿ; ಅಪಾಯ
injury; harm; evil influence; damage	ಗಾಯ; ಹಾನಿ; ದುಷ್ಟ ಪ್ರಭಾವ; ಹಾನಿ
injustice	ಅನ್ಯಾಯ
injustice; unfairness	ಅನ್ಯಾಯ; ಅನ್ಯಾಯ
ink	ಶಾಯಿ
inmate	ಕೈದಿ
inn	ಇನ್
inn; lodging	ಹೋಟೆಲ್; ವಸತಿ
inner	ಒಳಗಿನ
innocent	ಮುಗ್ಧ
innovation	ನಾವೀನ್ಯತೆ
innovative	ನವೀನ
input	ಇನ್ಪುಟ್
inquiry	ವಿಚಾರಣೆ
insect	ಕೀಟ
insert	ಸೇರಿಸು
insertion	ಅಳವಡಿಕೆ
inside	ಒಳಗೆ
inside the house	ಮನೆಯ ಒಳಗೆ
inside; middle; among	ಒಳಗೆ; ಮಧ್ಯಮ; ನಡುವೆ
insider	ಒಳಗಿನವರು
insight	ಒಳನೋಟ
insignificant; boring; trifling	ಅತ್ಯಲ್ಪ; ನೀರಸ; ಕ್ಷುಲ್ಲಕ
insist	ಒತ್ತಾಯ
inspect	ಪರೀಕ್ಷಿಸಿ
inspection	ತಪಾಸಣೆ
inspection (e.g. customs; factory); examination	ತಪಾಸಣೆ (ಉದಾ: ಕಸ್ಟಮ್ಸ್; ಕಾರ್ಖಾನೆ); ಪರೀಕ್ಷೆ
inspection; reading	ತಪಾಸಣೆ; ಓದುವುದು
inspection; study by observation; field trip	ತಪಾಸಣೆ; ವೀಕ್ಷಣೆಯಿಂದ ಅಧ್ಯಯನ; ಕ್ಷೇತ್ರ ಪ್ರವಾಸ
inspector	ಇನ್ಸ್ಪೆಕ್ಟರ್
inspiration	ಸ್ಫೂರ್ತಿ
inspire	ಸ್ಫೂರ್ತಿ
install	ಸ್ಥಾಪಿಸಿ
installation	ಅನುಸ್ಥಾಪನ
instance	ನಿದರ್ಶನ
instance; example; case	ನಿದರ್ಶನ; ಉದಾಹರಣೆ; ಪ್ರಕರಣ
instant	ತತ್ಕ್ಷಣ
instant; time; moment	ತ್ವರಿತ; ಸಮಯ; ಕ್ಷಣ
instantly	ತಕ್ಷಣ
instead	ಬದಲಿಗೆ
instead of	ಬದಲಿಗೆ
instinct	ಪ್ರವೃತ್ತಿ
institute	ಸಂಸ್ಥೆ
institution	ಸಂಸ್ಥೆ
institutional	ಸಾಂಸ್ಥಿಕ
instruct	ಸೂಚನೆ
instruction	ಸೂಚನೆ
instructor	ಬೋಧಕ
instrument	ವಾದ್ಯ
instrumental	ವಾದ್ಯಸಂಗೀತ
insufficiency; shortage; deficiency; lack; dearth	ಕೊರತೆ; ಕೊರತೆ; ಕೊರತೆ; ಕೊರತೆ; ಅಭಾವ
insufficient	ಸಾಕಷ್ಟಿಲ್ಲ
insult	ಅವಮಾನ
insurance	ವಿಮೆ
intact	ಹಾಗೇ
intake	ಸೇವನೆ
intangible	ಅಮೂರ್ತ
integer	ಪೂರ್ಣಾಂಕ
integral	ಅವಿಭಾಜ್ಯ
integrate	ಸಂಯೋಜಿಸಲು
integrated	ಸಂಯೋಜಿಸಲಾಗಿದೆ
integration	ಏಕೀಕರಣ
integrity	ಸಮಗ್ರತೆ
intellectual	ಬೌದ್ಧಿಕ
intelligence	ಬುದ್ಧಿವಂತಿಕೆ
intelligence; brains	ಬುದ್ಧಿವಂತಿಕೆ; ಮಿದುಳುಗಳು
intelligent	ಬುದ್ಧಿವಂತ
intend	ಉದ್ದೇಶಿಸಿದೆ
intended	ಉದ್ದೇಶಿಸಲಾಗಿದೆ
intense	ತೀವ್ರ
intensification	ತೀವ್ರತೆ
intensify	ತೀವ್ರಗೊಳಿಸುತ್ತವೆ
intensity	ತೀವ್ರತೆ
intensive	ತೀವ್ರವಾದ
intent	ಉದ್ದೇಶ
intention	ಉದ್ದೇಶ
intention; aim; design	ಉದ್ದೇಶ; ಗುರಿ; ವಿನ್ಯಾಸ
intention; idea; inclination	ಉದ್ದೇಶ; ಕಲ್ಪನೆ; ಒಲವು
intention; purpose	ಉದ್ದೇಶ; ಉದ್ದೇಶ
interact	ಸಂವಹನ
interaction	ಪರಸ್ಪರ ಕ್ರಿಯೆ
interactive	ಸಂವಾದಾತ್ಮಕ
interest	ಆಸಕ್ತಿ
interest rate	ಬಡ್ಡಿ ದರ
interested	ಆಸಕ್ತಿ
interesting	ಆಸಕ್ತಿದಾಯಕ
interesting / fun	ಆಸಕ್ತಿದಾಯಕ / ವಿನೋದ
interesting / funny	ಆಸಕ್ತಿದಾಯಕ / ತಮಾಷೆ
interface	ಇಂಟರ್ಫೇಸ್
interfere	ಹಸ್ತಕ್ಷೇಪ
interference	ಹಸ್ತಕ್ಷೇಪ
interference; intervention	ಹಸ್ತಕ್ಷೇಪ; ಹಸ್ತಕ್ಷೇಪ
interim	ಮಧ್ಯಂತರ
interior	ಆಂತರಿಕ
interior; inner part	ಆಂತರಿಕ; ಒಳ ಭಾಗ
intermediate	ಮಧ್ಯಂತರ
internal	ಆಂತರಿಕ
international	ಅಂತಾರಾಷ್ಟ್ರೀಯ
international call	ಅಂತರರಾಷ್ಟ್ರೀಯ ಕರೆ
international relations	ಅಂತರರಾಷ್ಟ್ರೀಯ ಸಂಬಂಧಗಳು
international student	ಅಂತಾರಾಷ್ಟ್ರೀಯ ವಿದ್ಯಾರ್ಥಿ
internet	ಇಂಟರ್ನೆಟ್
internist clinic; internal medicine	ಇಂಟರ್ನಿಸ್ಟ್ ಕ್ಲಿನಿಕ್; ಆಂತರಿಕ ಔಷಧ
interpret	ಅರ್ಥೈಸಿಕೊಳ್ಳುತ್ತಾರೆ
interpretation	ವ್ಯಾಖ್ಯಾನ
interrupt	ಅಡ್ಡಿಪಡಿಸಿ
intersection	ಛೇದಕ
interval	ಮಧ್ಯಂತರ
intervene	ಮಧ್ಯಪ್ರವೇಶಿಸಿ
intervention	ಹಸ್ತಕ್ಷೇಪ
interview	ಸಂದರ್ಶನ
interview; audience	ಸಂದರ್ಶನ; ಪ್ರೇಕ್ಷಕರು
intimate	ಆತ್ಮೀಯ
intimate friend; bosom buddy; chum	ಆತ್ಮೀಯ ಸ್ನೇಹಿತ; ಎದೆಯ ಗೆಳೆಯ; ಚುಮ್
intimate; close (e.g. friend)	ಆತ್ಮೀಯ; ನಿಕಟ (ಉದಾ. ಸ್ನೇಹಿತ)
into	ಒಳಗೆ
intolerable; unbearable; unendurable	ಅಸಹನೀಯ; ಅಸಹನೀಯ; ಸಹಿಸಲಾಗದ
intricacy	ಜಟಿಲತೆ
intricate	ಸಂಕೀರ್ಣವಾದ
intriguing	ಜಿಜ್ಞಾಸೆ
intro; outline; general remarks	ಪರಿಚಯ; ರೂಪರೇಖೆ; ಸಾಮಾನ್ಯ ಟೀಕೆಗಳು
introduce	ಪರಿಚಯಿಸಲು
introduction	ಪರಿಚಯ
intuition	ಅಂತಃಪ್ರಜ್ಞೆ
invade	ಆಕ್ರಮಣ ಮಾಡುತ್ತವೆ
invalid	ಅಮಾನ್ಯವಾಗಿದೆ
invasion	ಆಕ್ರಮಣ
invent	ಆವಿಷ್ಕಾರ
invention	ಆವಿಷ್ಕಾರ
inversion; upside down	ವಿಲೋಮ; ತಲೆಕೆಳಗಾಗಿ
invest	ಹೂಡಿಕೆ
investigate	ತನಿಖೆ
investigation	ತನಿಖೆ
investigation / survey	ತನಿಖೆ / ಸಮೀಕ್ಷೆ
investigation; examination; inquiry; survey	ತನಿಖೆ; ಪರೀಕ್ಷೆ; ವಿಚಾರಣೆ; ಸಮೀಕ್ಷೆ
investigator	ತನಿಖಾಧಿಕಾರಿ
investment	ಹೂಡಿಕೆ
investor	ಹೂಡಿಕೆದಾರ
invisible	ಅಗೋಚರ
invitation	ಆಹ್ವಾನ
invitation; solicitation; canvassing; inducement; persuasion; encouragement	ಆಹ್ವಾನ; ಮನವಿ; ಕ್ಯಾನ್ವಾಸಿಂಗ್; ಪ್ರೇರಣೆ; ಮನವೊಲಿಸುವುದು; ಪ್ರೋತ್ಸಾಹ
invite	ಆಹ್ವಾನಿಸಿ
invoke	ಆವಾಹನೆ
involve	ಒಳಗೊಂಡಿರುತ್ತದೆ
involved	ತೊಡಗಿಸಿಕೊಂಡಿದೆ
involvement	ಒಳಗೊಳ್ಳುವಿಕೆ
iron	ಕಬ್ಬಿಣ
iron pot; kettle	ಕಬ್ಬಿಣದ ಮಡಕೆ; ಕೆಟಲ್
ironic	ವಿಪರ್ಯಾಸ
ironically	ವ್ಯಂಗ್ಯವಾಗಿ
irony	ವ್ಯಂಗ್ಯ
irrefutable	ನಿರಾಕರಿಸಲಾಗದ
irregularity; unsteadiness; disorderly	ಅನಿಯಮಿತತೆ; ಅಸ್ಥಿರತೆ; ಅವ್ಯವಸ್ಥೆಯಿಂದ
irrelevant	ಅಪ್ರಸ್ತುತ
is it okay?	ಇದು ಸರಿಯೇ?
island	ದ್ವೀಪ
isolate	ಪ್ರತ್ಯೇಕಿಸಿ
isolated	ಪ್ರತ್ಯೇಕವಾದ
isolation	ಪ್ರತ್ಯೇಕತೆ
isolation; helplessness	ಪ್ರತ್ಯೇಕತೆ; ಅಸಹಾಯಕತೆ
isolation; loneliness; solitude	ಪ್ರತ್ಯೇಕತೆ; ಒಂಟಿತನ; ಏಕಾಂತ
issue	ಸಂಚಿಕೆ
issue (publications)	ಸಂಚಿಕೆ (ಪ್ರಕಟಣೆಗಳು)
it has been a long time	ಇದು ಬಹಳ ಸಮಯವಾಗಿದೆ
it is about time to ...	ಇದು ಸಮಯವಾಗಿದೆ ...
it rains	ಮಳೆಯಾಗುತ್ತದೆ
it's okay / I'm fine	ಪರವಾಗಿಲ್ಲ / ನಾನು ಚೆನ್ನಾಗಿದ್ದೇನೆ
item	ಐಟಂ
item / matter	ವಸ್ತು / ವಸ್ತು
itemized form; itemization	ಐಟಂ ರೂಪ; ಐಟಂ ಮಾಡುವಿಕೆ
itinerary; route	ಪ್ರಯಾಣದ; ಮಾರ್ಗ
its	ಅದರ
itself	ಸ್ವತಃ
jacket	ಜಾಕೆಟ್
jail	ಜೈಲು
jailer; old man; rank; company officer	ಜೈಲರ್; ಮುದುಕ; ಶ್ರೇಣಿ; ಕಂಪನಿ ಅಧಿಕಾರಿ
jam	ಜಾಮ್
jazz	ಜಾಝ್
jealous	ಹೊಟ್ಟೆಕಿಚ್ಚು
jeans	ಜೀನ್ಸ್
jest; joke	ತಮಾಷೆ; ತಮಾಷೆ
jet	ಜೆಟ್
jet aeroplane	ಜೆಟ್ ವಿಮಾನ
jewellery	ಆಭರಣಗಳು
job	ಕೆಲಸ
job / work	ಕೆಲಸ / ಕೆಲಸ
job change	ಉದ್ಯೋಗ ಬದಲಾವಣೆ
job hunting	ಉದ್ಯೋಗ ಬೇಟೆ
job; work; occupation	ಕೆಲಸ; ಕೆಲಸ; ಉದ್ಯೋಗ
jogging	ಜಾಗಿಂಗ್
join	ಸೇರಿಕೊಳ್ಳಿ
joint	ಜಂಟಿ
joke	ತಮಾಷೆ
joke; pun; witticism	ತಮಾಷೆ; ಶ್ಲೇಷೆ; ಬುದ್ಧಿವಾದ
journal	ಜರ್ನಲ್
journalism	ಪತ್ರಿಕೋದ್ಯಮ
journalist	ಪತ್ರಕರ್ತ
journey	ಪ್ರಯಾಣ
joy	ಸಂತೋಷ
joys and sorrows	ಸಂತೋಷಗಳು ಮತ್ತು ದುಃಖಗಳು
judge	ನ್ಯಾಯಾಧೀಶರು
judge; judiciary	ನ್ಯಾಯಾಧೀಶರು; ನ್ಯಾಯಾಂಗ
judgement	ತೀರ್ಪು
judgement; decision	ತೀರ್ಪು; ನಿರ್ಧಾರ
judgement; penalty; punishment	ತೀರ್ಪು; ದಂಡ; ಶಿಕ್ಷೆ
judgment	ತೀರ್ಪು
judicial	ನ್ಯಾಯಾಂಗ
judiciary	ನ್ಯಾಯಾಂಗ
judo	ಜೂಡೋ
juice	ರಸ
juice; sap; soup; broth	ರಸ; ರಸ; ಸೂಪ್; ಸಾರು
jump	ಜಿಗಿಯುತ್ತಾರೆ
junction	ಜಂಕ್ಷನ್
junior	ಕಿರಿಯ
junior (at work or school)	ಕಿರಿಯ (ಕೆಲಸ ಅಥವಾ ಶಾಲೆಯಲ್ಲಿ)
junior (at work)	ಕಿರಿಯ (ಕೆಲಸದಲ್ಲಿ)
junior high school student	ಕಿರಿಯ ಪ್ರೌಢಶಾಲಾ ವಿದ್ಯಾರ್ಥಿ
junior high school; middle school	ಕಿರಿಯ ಪ್ರೌಢಶಾಲೆ; ಮಧ್ಯಮ ಶಾಲೆ
junior members of a group	ಗುಂಪಿನ ಕಿರಿಯ ಸದಸ್ಯರು
jurisdiction	ನ್ಯಾಯವ್ಯಾಪ್ತಿ
jury	ತೀರ್ಪುಗಾರರ
just	ಕೇವಲ
just (now; at the moment; etc.)	ಕೇವಲ (ಈಗ; ಈ ಸಮಯದಲ್ಲಿ; ಇತ್ಯಾದಿ)
just a minute; small quantity	ಕೇವಲ ಒಂದು ನಿಮಿಷ; ಸಣ್ಣ ಪ್ರಮಾಣ
just before	ಸ್ವಲ್ಪ ಮೊದಲು
just like / not at all	ಕೇವಲ ಇಷ್ಟ / ಇಲ್ಲ
just now	ಈಗಷ್ಟೇ
just; right; exactly	ಕೇವಲ; ಬಲ; ನಿಖರವಾಗಿ
justice	ನ್ಯಾಯ
justice; fairness; impartiality	ನ್ಯಾಯ; ನ್ಯಾಯೋಚಿತತೆ; ನಿಷ್ಪಕ್ಷಪಾತ
justification	ಸಮರ್ಥನೆ
justify	ಸಮರ್ಥಿಸಿಕೊಳ್ಳಿ
juxtapose	ಜೋಡಿಸಿ
kana orthography; syllabary spelling	ಕಾನ ಆರ್ಥೋಗ್ರಫಿ; ಉಚ್ಚಾರಾಂಶದ ಕಾಗುಣಿತ
kangaroo	ಕಾಂಗರೂ
kanji; Chinese character	ಕಾಂಜಿ; ಚೈನೀಸ್ ಅಕ್ಷರ
karaoke	ಕ್ಯಾರಿಯೋಕೆ
karate	ಕರಾಟೆ
katakana	ಕಟಕಾನಾ
keen	ಉತ್ಸುಕ
keep	ಇರಿಸಿಕೊಳ್ಳಿ
keep up with	ಜೊತೆಯಲ್ಲಿ ಇರಿ
kettle	ಕೆಟಲ್
key	ಕೀ
key / lock	ಕೀ / ಲಾಕ್
keyboard	ಕೀಬೋರ್ಡ್
kick	ಕಿಕ್
kid	ಮಗು
kidnap	ಅಪಹರಣ
kidney	ಮೂತ್ರಪಿಂಡ
kids	ಮಕ್ಕಳು
kill	ಕೊಲ್ಲು
killing	ಕೊಲ್ಲುವುದು
killing time	ಕೊಲ್ಲುವ ಸಮಯ
killing two birds with one stone	ಒಂದೇ ಕಲ್ಲಿನಲ್ಲಿ ಎರಡು ಹಕ್ಕಿಗಳನ್ನು ಕೊಲ್ಲುವುದು
kilometre	ಕಿಲೋಮೀಟರ್
kimono	ನಿಲುವಂಗಿಯನ್ನು
kimono; Japanese traditional dress	ನಿಲುವಂಗಿಯನ್ನು; ಜಪಾನಿನ ಸಾಂಪ್ರದಾಯಿಕ ಉಡುಗೆ
kind	ರೀತಿಯ
kind / gentle	ರೀತಿಯ / ಸೌಮ್ಯ
kind; deep; thick	ರೀತಿಯ; ಆಳವಾದ; ದಪ್ಪ
kindergarten	ಶಿಶುವಿಹಾರ
kindness	ದಯೆ
king	ರಾಜ
king (shogi)	ರಾಜ (ಶೋಗಿ)
king; ruler; sovereign; monarch	ರಾಜ; ಆಡಳಿತಗಾರ; ಸಾರ್ವಭೌಮ; ರಾಜ
kingdom	ಸಾಮ್ರಾಜ್ಯ
kiss	ಮುತ್ತು
kit	ಕಿಟ್
kitchen	ಅಡಿಗೆ
kitchen knife; carving knife	ಅಡಿಗೆ ಚಾಕು; ಕೆತ್ತನೆ ಚಾಕು
knee	ಮೊಣಕಾಲು
knee; lap	ಮೊಣಕಾಲು; ಮಡಿಲು
knife	ಚಾಕು
knitting wool	ಹೆಣಿಗೆ ಉಣ್ಣೆ
knitting; web	ಹೆಣಿಗೆ; ವೆಬ್
knock	ನಾಕ್
know	ಗೊತ್ತು
knowing very well; detailed; full; accurate	ಚೆನ್ನಾಗಿ ತಿಳಿಯುವುದು; ವಿವರವಾದ; ಪೂರ್ಣ; ನಿಖರ
knowing; acquaintance	ತಿಳಿವಳಿಕೆ; ಪರಿಚಯ
knowledge	ಜ್ಞಾನ
knowledge; information	ಜ್ಞಾನ; ಮಾಹಿತಿ
lab	ಪ್ರಯೋಗಾಲಯ
label	ಲೇಬಲ್
labor costs	ಕಾರ್ಮಿಕ ವೆಚ್ಚಗಳು
labor; exertion; diligent service	ಶ್ರಮ; ಶ್ರಮ; ಶ್ರದ್ಧೆಯ ಸೇವೆ
laboratory	ಪ್ರಯೋಗಾಲಯ
labour	ಶ್ರಮ
labourer; worker	ಕಾರ್ಮಿಕ; ಕೆಲಸಗಾರ
lack	ಕೊರತೆ
lad	ಹುಡುಗ
ladder	ಏಣಿ
ladder; stairs	ಏಣಿ; ಮೆಟ್ಟಿಲುಗಳು
lady	ಮಹಿಳೆ
lake	ಸರೋವರ
lamp	ದೀಪ
lamp oil; kerosene	ದೀಪ ತೈಲ; ಸೀಮೆಎಣ್ಣೆ
lamplight; light (in general); brightness	ದೀಪದ ಬೆಳಕು; ಬೆಳಕು (ಸಾಮಾನ್ಯವಾಗಿ); ಹೊಳಪು
land	ಭೂಮಿ
landing	ಇಳಿಯುವುದು
landlord	ಜಮೀನುದಾರ
landmark	ಹೆಗ್ಗುರುತು
landscape	ಭೂದೃಶ್ಯ
landslide	ಭೂಕುಸಿತ
lane	ಲೇನ್
language	ಭಾಷೆ
language lab	ಭಾಷಾ ಪ್ರಯೋಗಾಲಯ
language study	ಭಾಷಾ ಅಧ್ಯಯನ
language; word	ಭಾಷೆ; ಪದ
lap	ಮಡಿಲು
laptop	ಲ್ಯಾಪ್ಟಾಪ್
large	ದೊಡ್ಡದು
large tree	ದೊಡ್ಡ ಮರ
large-scale	ದೊಡ್ಡ ಪ್ರಮಾಣದ
largely	ಹೆಚ್ಚಾಗಿ
laser	ಲೇಸರ್
last	ಕೊನೆಯದು
last (year); yesterday	ಕಳೆದ (ವರ್ಷ); ನಿನ್ನೆ
last month	ಕಳೆದ ತಿಂಗಳು
last night	ಕಳೆದ ರಾತ್ರಿ
last train	ಕೊನೆಯ ರೈಲು
last week	ಕಳೆದ ವಾರ
last year	ಕಳೆದ ವರ್ಷ
last; end	ಕೊನೆಯದು; ಅಂತ್ಯ
last; final; closing	ಕೊನೆಯದು; ಅಂತಿಮ; ಮುಚ್ಚುವುದು
lastly	ಕೊನೆಯದಾಗಿ
late	ತಡವಾಗಿ
late at night	ತಡರಾತ್ರಿ
late; slow	ತಡವಾಗಿ; ನಿಧಾನ
lately	ಇತ್ತೀಚೆಗೆ
lately; recently; nowadays	ಇತ್ತೀಚೆಗೆ; ಇತ್ತೀಚೆಗೆ; ಇಂದಿನ ದಿನಗಳಲ್ಲಿ
lateness; late coming	ತಡವಾಗಿ; ತಡವಾಗಿ ಬರುತ್ತಿದೆ
later	ನಂತರ
later on	ನಂತರದಲ್ಲಿ
latest	ಇತ್ತೀಚಿನ
latest; nowadays	ಇತ್ತೀಚಿನ; ಇಂದಿನ ದಿನಗಳಲ್ಲಿ
latitude (nav.)	ಅಕ್ಷಾಂಶ (ನವ.)
latter	ನಂತರದ
laugh	ನಗು
laugh; laughter; smile	ನಗು; ನಗು; ಮುಗುಳ್ನಗೆ
laughter	ನಗು
launch	ಉಡಾವಣೆ
laundry	ಲಾಂಡ್ರಿ
lava	ಲಾವಾ
law	ಕಾನೂನು
law / principle	ಕಾನೂನು / ತತ್ವ
law; rule	ಕಾನೂನು; ನಿಯಮ
lawn	ಹುಲ್ಲುಹಾಸು
lawsuit	ಮೊಕದ್ದಮೆ
lawyer	ವಕೀಲ
lay	ಇಡುತ್ತವೆ
layer	ಪದರ
layout	ಲೇಔಟ್
lazy	ಸೋಮಾರಿಯಾದ
lazy person	ಸೋಮಾರಿ ವ್ಯಕ್ತಿ
lead	ಮುನ್ನಡೆ
lead (the metal)	ಸೀಸ (ಲೋಹ)
leader	ನಾಯಕ
leadership	ನಾಯಕತ್ವ
leadership; guidance; coaching	ನಾಯಕತ್ವ; ಮಾರ್ಗದರ್ಶನ; ತರಬೇತಿ
leading	ಮುನ್ನಡೆಸುತ್ತಿದೆ
leading part; leading actor (actress)	ಪ್ರಮುಖ ಭಾಗ; ಪ್ರಮುಖ ನಟ (ನಟಿ)
leaf	ಎಲೆ
leaflet	ಕರಪತ್ರ
league	ಲೀಗ್
leak	ಸೋರಿಕೆ
lean	ನೇರ
lean; incline	ನೇರವಾದ; ಇಳಿಜಾರು
leap	ನೆಗೆಯಿರಿ
learn	ಕಲಿಯಿರಿ
learning	ಕಲಿಕೆ
learning from the past	ಹಿಂದಿನಿಂದ ಕಲಿಯುವುದು
learning; scholarship; erudition; knowledge	ಕಲಿಕೆ; ವಿದ್ಯಾರ್ಥಿವೇತನ; ಪಾಂಡಿತ್ಯ; ಜ್ಞಾನ
least	ಕನಿಷ್ಠ
least; lowest; worst	ಕನಿಷ್ಠ; ಅತ್ಯಂತ ಕಡಿಮೆ; ಕೆಟ್ಟದ್ದು
leather	ಚರ್ಮ
leave	ಬಿಡು
leave request form	ವಿನಂತಿ ನಮೂನೆಯನ್ನು ಬಿಡಿ
leaving hospital	ಆಸ್ಪತ್ರೆಯಿಂದ ಹೊರಟೆ
leaving the office	ಕಛೇರಿಯಿಂದ ಹೊರಟೆ
lecture	ಉಪನ್ಯಾಸ
lecture cancelled	ಉಪನ್ಯಾಸವನ್ನು ರದ್ದುಗೊಳಿಸಲಾಗಿದೆ
lecture; address	ಉಪನ್ಯಾಸ; ವಿಳಾಸ
lecturer	ಉಪನ್ಯಾಸಕ
left	ಬಿಟ್ಟರು
left hand side	ಎಡಗೈ
left side	ಎಡಭಾಗ
leg	ಕಾಲು
leg / foot	ಕಾಲು / ಕಾಲು
leg; foot	ಕಾಲು; ಕಾಲು
legacy	ಪರಂಪರೆ
legal	ಕಾನೂನುಬದ್ಧ
legend	ದಂತಕಥೆ
legendary	ಪೌರಾಣಿಕ
legislation	ಶಾಸನ
legislative	ಶಾಸಕಾಂಗ
legislative bill	ಶಾಸಕಾಂಗ ಮಸೂದೆ
legislature	ಶಾಸಕಾಂಗ
legitimate	ನ್ಯಾಯಸಮ್ಮತ
legitimize	ಕಾನೂನುಬದ್ಧಗೊಳಿಸು
leisure	ವಿರಾಮ
lemon	ನಿಂಬೆ
lemon yellow	ನಿಂಬೆ ಹಳದಿ
lend	ಸಾಲ ಕೊಡು
lending; loaning	ಸಾಲ ನೀಡುವುದು; ಸಾಲ ನೀಡುವುದು
length	ಉದ್ದ
length; height	ಉದ್ದ; ಎತ್ತರ
length; long and short; +-	ಉದ್ದ; ಉದ್ದ ಮತ್ತು ಚಿಕ್ಕದಾಗಿದೆ; +-
lengthy	ಉದ್ದವಾದ
lenient	ವಿನಯಶೀಲ
lens	ಮಸೂರ
lesbian	ಸಲಿಂಗಕಾಮಿ
less	ಕಡಿಮೆ
less than	ಗಿಂತ ಕಡಿಮೆ
less than; insufficient	ಕಡಿಮೆ; ಸಾಕಷ್ಟಿಲ್ಲ
lesser	ಕಡಿಮೆ
lesson	ಪಾಠ
lesson; class work	ಪಾಠ; ವರ್ಗ ಕೆಲಸ
lesson; precept; moral instruction	ಪಾಠ; ಉಪದೇಶ; ನೈತಿಕ ಸೂಚನೆ
let	ಅವಕಾಶ
let's eat	ತಿನ್ನೋಣ
let's eat (before a meal)	ತಿನ್ನೋಣ (ಊಟದ ಮೊದಲು)
lethal	ಮಾರಕ
letter	ಪತ್ರ
letter (of alphabet); character	ಅಕ್ಷರ (ವರ್ಣಮಾಲೆಯ); ಪಾತ್ರ
letter of recommendation	ಶಿಫಾರಸು ಪತ್ರ
letter to the editor; letter from a reader; contribution	ಸಂಪಾದಕರಿಗೆ ಪತ್ರ; ಓದುಗರಿಂದ ಪತ್ರ; ಕೊಡುಗೆ
letter; character	ಪತ್ರ; ಪಾತ್ರ
lettuce	ಲೆಟಿಸ್
level	ಮಟ್ಟದ
level of humidity	ಆರ್ದ್ರತೆಯ ಮಟ್ಟ
level off	ಮಟ್ಟ ಆಫ್
liability	ಹೊಣೆಗಾರಿಕೆ
liable	ಹೊಣೆಗಾರ
liaise	ಸಂಪರ್ಕ
liar	ಸುಳ್ಳುಗಾರ
liar (sometimes said with not much seriousness); fibber	ಸುಳ್ಳುಗಾರ (ಕೆಲವೊಮ್ಮೆ ಹೆಚ್ಚು ಗಂಭೀರವಾಗಿಲ್ಲ ಎಂದು ಹೇಳಲಾಗುತ್ತದೆ); ಫೈಬರ್
liberal	ಉದಾರವಾದಿ
liberation	ವಿಮೋಚನೆ
liberty	ಸ್ವಾತಂತ್ರ್ಯ
library	ಗ್ರಂಥಾಲಯ
licence	ಪರವಾನಗಿ
license	ಪರವಾನಗಿ
license; permit; licence; certificate	ಪರವಾನಗಿ; ಅನುಮತಿ; ಪರವಾನಗಿ; ಪ್ರಮಾಣಪತ್ರ
lie	ಸುಳ್ಳು
lie; falsehood; incorrect fact; inappropriate	ಸುಳ್ಳು; ಸುಳ್ಳು; ತಪ್ಪು ಸತ್ಯ; ಅನುಚಿತ
life	ಜೀವನ
life (one's life)	ಜೀವನ (ಒಬ್ಬರ ಜೀವನ)
life span	ಜೀವಿತಾವಧಿ
life; existence	ಜೀವನ; ಅಸ್ತಿತ್ವ
life; living	ಜೀವನ; ದೇಶ
lifelong	ಜೀವಮಾನವಿಡೀ
lifestyle	ಜೀವನಶೈಲಿ
lifetime	ಜೀವಮಾನ
lift	ಎತ್ತುವ
light	ಬೆಳಕು
light (color)	ಬೆಳಕು (ಬಣ್ಣ)
light (weight)	ಬೆಳಕು (ತೂಕ)
light / electricity	ಬೆಳಕು / ವಿದ್ಯುತ್
light blue	ತಿಳಿ ನೀಲಿ
light bulb	ಬೆಳಕಿನ ಬಲ್ಬ್
lighthouse	ದೀಪಸ್ತಂಭ
lighting	ಬೆಳಕು
lightning	ಮಿಂಚು
like	ಹಾಗೆ
likeable	ಇಷ್ಟವಾಗಬಲ್ಲ
likelihood	ಸಂಭವನೀಯತೆ
likely	ಸಾಧ್ಯತೆ
likes and dislikes	ಇಷ್ಟಗಳು ಮತ್ತು ಇಷ್ಟಪಡದಿರುವುದು
likes and dislikes; taste	ಇಷ್ಟಗಳು ಮತ್ತು ಇಷ್ಟಪಡದಿರುವುದು; ರುಚಿ
likewise	ಅಂತೆಯೇ
likewise, the pleasure is mine	ಅಂತೆಯೇ, ಸಂತೋಷವು ನನ್ನದು
liking; taste; choice	ಇಷ್ಟಪಡುವ; ರುಚಿ; ಆಯ್ಕೆ
limb	ಅಂಗ
limit	ಮಿತಿ
limit; bound	ಮಿತಿ; ಬಂಧಿಸಲಾಗಿದೆ
limit; bounds	ಮಿತಿ; ಗಡಿಗಳು
limit; localize	ಮಿತಿ; ಸ್ಥಳೀಕರಿಸು
limit; restriction	ಮಿತಿ; ನಿರ್ಬಂಧ
limitation	ಮಿತಿ
limited	ಸೀಮಿತ
limited express train (faster than an express train)	ಸೀಮಿತ ಎಕ್ಸ್‌ಪ್ರೆಸ್ ರೈಲು (ಎಕ್ಸ್‌ಪ್ರೆಸ್ ರೈಲಿಗಿಂತ ವೇಗವಾಗಿ)
limits; boundary; domain; zone; sphere; territory	ಮಿತಿಗಳು; ಗಡಿ; ಡೊಮೇನ್; ವಲಯ; ಗೋಳ; ಪ್ರದೇಶ
line	ಸಾಲು
line / queue	ಸಾಲು / ಸರತಿ
line-up	ಸಾಲು-ಅಪ್
line; track; roadbed	ಸಾಲು; ಟ್ರ್ಯಾಕ್; ರಸ್ತೆಮಾರ್ಗ
linear	ರೇಖೀಯ
linger	ಕಾಲಹರಣ ಮಾಡು
link	ಲಿಂಕ್
lion	ಸಿಂಹ
lip	ತುಟಿ
lips	ತುಟಿಗಳು
lipstick	ಲಿಪ್ಸ್ಟಿಕ್
liquid	ದ್ರವ
liquid; fluid	ದ್ರವ; ದ್ರವ
list	ಪಟ್ಟಿ
listen	ಕೇಳು
listener	ಕೇಳುಗ
listing	ಪಟ್ಟಿ ಮಾಡುವುದು
literacy	ಸಾಕ್ಷರತೆ
literally	ಅಕ್ಷರಶಃ
literary	ಸಾಹಿತ್ಯಿಕ
literary style	ಸಾಹಿತ್ಯ ಶೈಲಿ
literature	ಸಾಹಿತ್ಯ
literature; art and literature; belles-lettres	ಸಾಹಿತ್ಯ; ಕಲೆ ಮತ್ತು ಸಾಹಿತ್ಯ; ಬೆಲ್ಲೆಸ್-ಲೆಟರ್ಸ್
literature; books (reference)	ಸಾಹಿತ್ಯ; ಪುಸ್ತಕಗಳು (ಉಲ್ಲೇಖ)
litre	ಲೀಟರ್
litter	ಕಸ
little	ಸ್ವಲ್ಪ
little finger	ಸ್ವಲ್ಪ ಬೆರಳು
live	ಬದುಕುತ್ತಾರೆ
lively	ಉತ್ಸಾಹಭರಿತ
lively / busy	ಉತ್ಸಾಹಭರಿತ / ಕಾರ್ಯನಿರತ
liver	ಯಕೃತ್ತು
living	ದೇಶ
living alone	ಏಕಾಂಗಿಯಾಗಿ ವಾಸಿಸುತ್ತಿದ್ದಾರೆ
living room	ದೇಶ ಕೊಠಡಿ
living room (western style)	ಲಿವಿಂಗ್ ರೂಮ್ (ಪಾಶ್ಚಿಮಾತ್ಯ ಶೈಲಿ)
living thing	ಜೀವಂತ ವಸ್ತು
living thing; animal	ಜೀವಂತ ವಸ್ತು; ಪ್ರಾಣಿ
living; livelihood; subsistence; circumstances	ದೇಶ; ಜೀವನೋಪಾಯ; ಜೀವನಾಧಾರ; ಸಂದರ್ಭಗಳು
load	ಲೋಡ್
load; baggage; cargo	ಲೋಡ್; ಸಾಮಾನು ಸರಂಜಾಮು; ಸರಕು
loan	ಸಾಲ
loan; lending	ಸಾಲ; ಸಾಲ ನೀಡುತ್ತಿದೆ
lobby	ಲಾಬಿ
local	ಸ್ಥಳೀಯ
locate	ಪತ್ತೆ ಮಾಡಿ
located	ಇದೆ
location	ಸ್ಥಳ
lock	ಬೀಗ
locomotive; engine	ಲೋಕೋಮೋಟಿವ್; ಎಂಜಿನ್
lodging	ವಸತಿ
log	ಲಾಗ್
logic	ತರ್ಕ
logical	ತಾರ್ಕಿಕ
logo	ಲೋಗೋ
lonely	ಏಕಾಂಗಿ
long	ಉದ್ದವಾಗಿದೆ
long time no see	ಬಹಳ ಸಮಯ ನೋಡಲಿಲ್ಲ
long time period	ದೀರ್ಘಾವಧಿಯ ಅವಧಿ
long way; distant place	ದೂರದ ದಾರಿ; ದೂರದ ಸ್ಥಳ
long-standing	ದೀರ್ಘಕಾಲದ
long-term	ದೀರ್ಘಾವಧಿಯ
long-time	ದೀರ್ಘಕಾಲದ
long; lengthy	ಉದ್ದ; ಉದ್ದವಾದ
long; long-continued; old (story)	ಉದ್ದ; ದೀರ್ಘ-ಮುಂದುವರಿದ; ಹಳೆಯ (ಕಥೆ)
longitude	ರೇಖಾಂಶ
look	ನೋಡು
look (or turn) the other way	ಬೇರೆ ರೀತಿಯಲ್ಲಿ ನೋಡಿ (ಅಥವಾ ತಿರುಗಿ).
look after	ನೋಡಿಕೊಳ್ಳಿ
look forward to	ಎದುರುನೋಡಬಹುದು
look into	ಒಳಗೆ ನೋಡಿ
look; appearance; spectacle	ನೋಡು; ನೋಟ; ಚಮತ್ಕಾರ
looking after a house during one's absence	ಒಬ್ಬರ ಅನುಪಸ್ಥಿತಿಯಲ್ಲಿ ಮನೆಯನ್ನು ನೋಡಿಕೊಳ್ಳುವುದು
looking after; help; aid; assistance	ನೋಡಿಕೊಳ್ಳುವುದು; ಸಹಾಯ; ನೆರವು; ನೆರವು
looking forward to	ಎದುರುನೋಡುತ್ತಿದ್ದೇವೆ
loom	ಮಗ್ಗ
loop	ಲೂಪ್
loose	ಸಡಿಲವಾದ
loose; lenient; slow	ಸಡಿಲವಾದ; ಸೌಮ್ಯವಾದ; ನಿಧಾನ
lord	ಪ್ರಭು
lorry	ಲಾರಿ
lose	ಕಳೆದುಕೊಳ್ಳುತ್ತಾರೆ
loss	ನಷ್ಟ
loss and gain; advantage and disadvantage	ನಷ್ಟ ಮತ್ತು ಲಾಭ; ಅನುಕೂಲ ಮತ್ತು ಅನಾನುಕೂಲ
loss; disadvantage	ನಷ್ಟ; ಅನನುಕೂಲತೆ
lost	ಸೋತರು
lost (stray) child	ಕಳೆದುಹೋದ (ದಾರಿ ತಪ್ಪಿದ) ಮಗು
lost article	ಕಳೆದುಹೋದ ಲೇಖನ
lost property	ಆಸ್ತಿ ಕಳೆದುಕೊಂಡರು
lot	ಬಹಳಷ್ಟು
lottery	ಲಾಟರಿ
loud	ಜೋರಾಗಿ
loudly	ಜೋರಾಗಿ
love	ಪ್ರೀತಿ
love; affection	ಪ್ರೀತಿ; ವಾತ್ಸಲ್ಯ
love; tender passion	ಪ್ರೀತಿ; ಕೋಮಲ ಉತ್ಸಾಹ
lovely	ಸುಂದರ
lovely; sweet	ಸುಂದರ; ಸಿಹಿ
lover; sweetheart	ಪ್ರೇಮಿ; ಪ್ರಿಯತಮೆ
low	ಕಡಿಮೆ
low rank; subordinate; lower order (e.g. byte)	ಕಡಿಮೆ ಶ್ರೇಣಿ; ಅಧೀನ; ಕೆಳ ಕ್ರಮಾಂಕ (ಉದಾ. ಬೈಟ್)
lower	ಕಡಿಮೆ
lower official	ಕೆಳಮಟ್ಟದ ಅಧಿಕಾರಿ
loyal	ನಿಷ್ಠಾವಂತ
loyalty	ನಿಷ್ಠೆ
loyalty points	ನಿಷ್ಠೆ ಅಂಕಗಳು
lucid	ಸ್ಪಷ್ಟವಾದ
luck	ಅದೃಷ್ಟ
lucky	ಅದೃಷ್ಟವಂತ
luggage	ಸಾಮಾನು
luke warm	ಲ್ಯೂಕ್ ಬೆಚ್ಚಗಿರುತ್ತದೆ
lumber; timber	ಮರದ ದಿಮ್ಮಿ; ಮರದ
lumber; timber; wood	ಮರದ ದಿಮ್ಮಿ; ಮರ; ಮರ
lump; mass; clod; cluster	ಉಂಡೆ; ಸಮೂಹ; ಉಂಡೆ; ಕ್ಲಸ್ಟರ್
lunch	ಊಟದ
lunch box / bento	ಊಟದ ಬಾಕ್ಸ್ / ಬೆಂಟೊ
lunch break	ಊಟದ ವಿರಾಮ
lunch; midday meal	ಊಟದ; ಮಧ್ಯಾಹ್ನದ ಊಟ
lunch; noon	ಊಟದ; ಮಧ್ಯಾಹ್ನ
lung	ಶ್ವಾಸಕೋಶ
lungs	ಶ್ವಾಸಕೋಶಗಳು
luxury	ಐಷಾರಾಮಿ
luxury; extravagance	ಐಷಾರಾಮಿ; ದುಂದುಗಾರಿಕೆ
luxury; pomp; delicate; slender; gorgeous	ಐಷಾರಾಮಿ; ಆಡಂಬರ; ಸೂಕ್ಷ್ಮವಾದ; ತೆಳ್ಳಗಿನ; ಬಹುಕಾಂತೀಯ
lyric	ಭಾವಗೀತೆ
machine	ಯಂತ್ರ
machine; mechanism	ಯಂತ್ರ; ಯಾಂತ್ರಿಕ ವ್ಯವಸ್ಥೆ
machinery	ಯಂತ್ರೋಪಕರಣಗಳು
mad	ಹುಚ್ಚು
madam	ಮೇಡಂ
magazine	ಪತ್ರಿಕೆ
magic	ಮ್ಯಾಜಿಕ್
magical	ಮಾಂತ್ರಿಕ
magistrate	ಮ್ಯಾಜಿಸ್ಟ್ರೇಟ್
magnet	ಅಯಸ್ಕಾಂತ
magnetic	ಕಾಂತೀಯ
magnification; enlargement	ವರ್ಧನೆ; ಹಿಗ್ಗುವಿಕೆ
magnificent	ಭವ್ಯವಾದ
magnitude	ಪರಿಮಾಣ
maid	ಸೇವಕಿ
mail	ಮೇಲ್
mail; postal service	ಮೇಲ್; ಅಂಚೆ ಸೇವೆ
mailing	ಮೇಲಿಂಗ್
main	ಮುಖ್ಯ
main gate; main entrance	ಮುಖ್ಯ ದ್ವಾರ; ಮುಖ್ಯ ದ್ವಾರ
main line; trunk line	ಮುಖ್ಯ ಸಾಲು; ಟ್ರಂಕ್ ಲೈನ್
main street	ಮುಖ್ಯ ಬೀದಿ
mainland	ಮುಖ್ಯಭೂಮಿ
mainly	ಮುಖ್ಯವಾಗಿ
mainly; primarily	ಮುಖ್ಯವಾಗಿ; ಪ್ರಾಥಮಿಕವಾಗಿ
mainstream	ಮುಖ್ಯವಾಹಿನಿ
maintain	ನಿರ್ವಹಿಸುತ್ತವೆ
maintenance	ನಿರ್ವಹಣೆ
maintenance; preservation	ನಿರ್ವಹಣೆ; ಸಂರಕ್ಷಣೆ
major	ಪ್ರಮುಖ
major subject; special study	ಪ್ರಮುಖ ವಿಷಯ; ವಿಶೇಷ ಅಧ್ಯಯನ
majority	ಬಹುಮತ
majority; mostly; generally	ಬಹುಮತ; ಹೆಚ್ಚಾಗಿ; ಸಾಮಾನ್ಯವಾಗಿ
make	ಮಾಡಿ
make up	ಅಪ್ ಮಾಡಿ
make-up	ಮೇಕಪ್
make-up (cosmetic)	ಮೇಕಪ್ (ಕಾಸ್ಮೆಟಿಕ್)
making	ಮಾಡುವುದು
making use of; application; investment; practical use	ಬಳಕೆ ಮಾಡುವುದು; ಅಪ್ಲಿಕೇಶನ್; ಹೂಡಿಕೆ; ಪ್ರಾಯೋಗಿಕ ಬಳಕೆ
male	ಪುರುಷ
male / man	ಪುರುಷ / ಮನುಷ್ಯ
malicious; ill-tempered; unkind	ದುರುದ್ದೇಶಪೂರಿತ; ಕೆಟ್ಟ ಸ್ವಭಾವದ; ನಿರ್ದಯ
mall	ಮಾಲ್
man	ಮನುಷ್ಯ
man and wife; married couple	ಮನುಷ್ಯ ಮತ್ತು ಹೆಂಡತಿ; ವಿವಾಹಿತ ದಂಪತಿಗಳು
man-made; synthetic; artificial	ಮಾನವ ನಿರ್ಮಿತ; ಸಂಶ್ಲೇಷಿತ; ಕೃತಕ
manage	ನಿರ್ವಹಿಸಿ
management	ನಿರ್ವಹಣೆ
management; (executive) staff; leaders	ನಿರ್ವಹಣೆ; (ಕಾರ್ಯನಿರ್ವಾಹಕ) ಸಿಬ್ಬಂದಿ; ನಾಯಕರು
management; administration	ನಿರ್ವಹಣೆ; ಆಡಳಿತ
management; administration; operation	ನಿರ್ವಹಣೆ; ಆಡಳಿತ; ಕಾರ್ಯಾಚರಣೆ
manager	ಮ್ಯಾನೇಜರ್
mandarin	ಮ್ಯಾಂಡರಿನ್
mandarin orange	ಮ್ಯಾಂಡರಿನ್ ಕಿತ್ತಳೆ
mandate	ಆದೇಶ
mandatory	ಕಡ್ಡಾಯ
manga / comics	ಮಂಗಾ / ಕಾಮಿಕ್ಸ್
mango	ಮಾವು
manifest	ಸ್ಪಷ್ಟವಾಗಿ
manifestation	ಅಭಿವ್ಯಕ್ತಿ
manipulate	ಕುಶಲತೆಯಿಂದ
manipulation	ಕುಶಲತೆ
mankind; humanity	ಮನುಕುಲ; ಮಾನವೀಯತೆ
manner	ರೀತಿಯಲ್ಲಿ
manners	ಶಿಷ್ಟಾಚಾರ
manners; courtesy; etiquette	ಶಿಷ್ಟಾಚಾರ; ಸೌಜನ್ಯ; ಶಿಷ್ಟಾಚಾರ
manners; etiquette; propriety	ಶಿಷ್ಟಾಚಾರ; ಶಿಷ್ಟಾಚಾರ; ಔಚಿತ್ಯ
mansion	ಮಹಲು
manual labor; toil; work	ಹಸ್ತಚಾಲಿತ ಕೆಲಸ; ಶ್ರಮ; ಕೆಲಸ
manufacture	ತಯಾರಿಕೆ
manufacture; production	ತಯಾರಿಕೆ; ಉತ್ಪಾದನೆ
manufactured goods; finished goods	ತಯಾರಿಸಿದ ಸರಕುಗಳು; ಮುಗಿದ ಸರಕುಗಳು
manufacturing	ಉತ್ಪಾದನೆ
manufacturing; processing; treatment	ಉತ್ಪಾದನೆ; ಸಂಸ್ಕರಣೆ; ಚಿಕಿತ್ಸೆ
manuscript	ಹಸ್ತಪ್ರತಿ
manuscript; copy	ಹಸ್ತಪ್ರತಿ; ನಕಲು
many	ಅನೇಕ
many / a lot	ಅನೇಕ / ಬಹಳಷ್ಟು
many times	ಅನೇಕ ಬಾರಿ
many; a lot	ಅನೇಕ; ಬಹಳಷ್ಟು
many; numerous	ಅನೇಕ; ಹಲವಾರು
map	ನಕ್ಷೆ
marathon	ಮ್ಯಾರಥಾನ್
margin	ಅಂಚು
marginal	ಕನಿಷ್ಠ
marine	ಸಮುದ್ರ
marine products; fisheries	ಸಮುದ್ರ ಉತ್ಪನ್ನಗಳು; ಮೀನುಗಾರಿಕೆ
maritime; marine transportation	ಸಮುದ್ರಯಾನ; ಸಮುದ್ರ ಸಾರಿಗೆ
mark	ಗುರುತು
mark; objective; target	ಗುರುತು; ವಸ್ತುನಿಷ್ಠ; ಗುರಿ
mark; sign; landmark	ಗುರುತು; ಚಿಹ್ನೆ; ಹೆಗ್ಗುರುತು
marker	ಮಾರ್ಕರ್
market	ಮಾರುಕಟ್ಟೆ
marketing	ಮಾರ್ಕೆಟಿಂಗ್
marketplace	ಮಾರುಕಟ್ಟೆ
marking; grading; looking over	ಗುರುತು ಹಾಕುವುದು; ಶ್ರೇಣೀಕರಣ; ಮೇಲೆ ನೋಡುತ್ತಿದ್ದೇನೆ
marks; points; score; runs	ಗುರುತುಗಳು; ಅಂಕಗಳು; ಅಂಕ; ಓಡುತ್ತದೆ
marriage	ಮದುವೆ
marriage proposal; engagement	ಮದುವೆ ಪ್ರಸ್ತಾಪ; ನಿಶ್ಚಿತಾರ್ಥ
marriage registration	ಮದುವೆ ನೋಂದಣಿ
marriage; married	ಮದುವೆ; ಮದುವೆಯಾದ
married	ಮದುವೆಯಾದ
married couple; husband and wife	ವಿವಾಹಿತ ದಂಪತಿಗಳು; ಗಂಡ ಮತ್ತು ಹೆಂಡತಿ
marry	ಮದುವೆಯಾಗು
martial	ಸಮರ
mask	ಮುಖವಾಡ
mass	ಸಮೂಹ
massacre	ಹತ್ಯಾಕಾಂಡ
massive	ಬೃಹತ್
master	ಮಾಸ್ಟರ್
master; expert	ಮಾಸ್ಟರ್; ತಜ್ಞ
masterpiece	ಮೇರುಕೃತಿ
masterpiece; best work; boner; blunder	ಮೇರುಕೃತಿ; ಅತ್ಯುತ್ತಮ ಕೆಲಸ; ಬೋನರ್; ಪ್ರಮಾದ
match	ಹೊಂದಾಣಿಕೆ
match; game	ಹೊಂದಾಣಿಕೆ; ಆಟ
matching	ಹೊಂದಾಣಿಕೆ
mate	ಸಂಗಾತಿ
material	ವಸ್ತು
material; substance	ವಸ್ತು; ವಸ್ತು
materials / documents	ವಸ್ತುಗಳು / ದಾಖಲೆಗಳು
materials; data	ವಸ್ತುಗಳು; ಡೇಟಾ
mathematical	ಗಣಿತಶಾಸ್ತ್ರೀಯ
mathematics	ಗಣಿತಶಾಸ್ತ್ರ
mathematics; arithmetic	ಗಣಿತಶಾಸ್ತ್ರ; ಅಂಕಗಣಿತ
maths	ಗಣಿತ
matter	ವಿಷಯ
matter of taste	ರುಚಿಯ ವಿಷಯ
mature	ಪ್ರಬುದ್ಧ
maximize	ಗರಿಷ್ಠಗೊಳಿಸು
maximum	ಗರಿಷ್ಠ
may I take a photo?	ನಾನು ಫೋಟೋ ತೆಗೆಯಬಹುದೇ?
may; might; perhaps; may be; possibly	ಮೇ; ಇರಬಹುದು; ಬಹುಶಃ; ಇರಬಹುದು; ಬಹುಶಃ
maybe	ಬಹುಶಃ
maybe / perhaps	ಬಹುಶಃ / ಬಹುಶಃ
mayor	ಮೇಯರ್
me	ನಾನು
meal	ಊಟ
mean	ಅರ್ಥ
mean-spirited	ಅರ್ಥವಂತ
meaning	ಅರ್ಥ
meaning; reason	ಅರ್ಥ; ಕಾರಣ
meaning; reason; circumstances; can be deduced; situation	ಅರ್ಥ; ಕಾರಣ; ಸಂದರ್ಭಗಳು; ನಿರ್ಣಯಿಸಬಹುದು; ಪರಿಸ್ಥಿತಿ
meaning; significance	ಅರ್ಥ; ಮಹತ್ವ
meaningful	ಅರ್ಥಪೂರ್ಣ
means	ಅರ್ಥ
means; way; measure	ಅರ್ಥ; ದಾರಿ; ಅಳತೆ
meantime	ಅಷ್ಟರಲ್ಲಿ
meanwhile	ಅಷ್ಟರಲ್ಲಿ
measure	ಅಳತೆ
measure / step	ಅಳತೆ / ಹೆಜ್ಜೆ
measure / treatment	ಅಳತೆ / ಚಿಕಿತ್ಸೆ
measurement	ಮಾಪನ
measurement; size; dimension	ಮಾಪನ; ಗಾತ್ರ; ಆಯಾಮ
measurement; surveying	ಮಾಪನ; ಸಮೀಕ್ಷೆ
meat	ಮಾಂಸ
mechanic	ಮೆಕ್ಯಾನಿಕ್
mechanical	ಯಾಂತ್ರಿಕ
mechanism	ಯಾಂತ್ರಿಕ ವ್ಯವಸ್ಥೆ
mechanism / organization	ಯಾಂತ್ರಿಕತೆ / ಸಂಘಟನೆ
mechanism; organization	ಯಾಂತ್ರಿಕತೆ; ಸಂಘಟನೆ
medal	ಪದಕ
media	ಮಾಧ್ಯಮ
medical	ವೈದ್ಯಕೀಯ
medical care	ವೈದ್ಯಕೀಯ ಆರೈಕೆ
medical care; medical treatment	ವೈದ್ಯಕೀಯ ಆರೈಕೆ; ವೈದ್ಯಕೀಯ ಚಿಕಿತ್ಸೆ
medical doctor	ವೈದ್ಯಕೀಯ ವೈದ್ಯರು
medical examination	ವೈದ್ಯಕೀಯ ಪರೀಕ್ಷೆ
medical science	ವೈದ್ಯಕೀಯ ವಿಜ್ಞಾನ
medical test	ವೈದ್ಯಕೀಯ ಪರೀಕ್ಷೆ
medication	ಔಷಧಿ
medicine	ಔಷಧ
medicine(s); chemical(s)	ಔಷಧ(ಗಳು); ರಾಸಾಯನಿಕ(ಗಳು)
medieval	ಮಧ್ಯಕಾಲೀನ
meditation	ಧ್ಯಾನ
medium	ಮಧ್ಯಮ
meet	ಭೇಟಿಯಾಗುತ್ತಾರೆ
meeting	ಸಭೆ
meeting hall; assembly hall	ಸಭೆಯ ಸಭಾಂಗಣ; ಅಸೆಂಬ್ಲಿ ಹಾಲ್
meeting room	ಸಭೆ ಕೊಠಡಿ
meeting up (with someone)	ಭೇಟಿಯಾಗುವುದು (ಯಾರೊಂದಿಗಾದರೂ)
meeting; assembly	ಸಭೆ; ಸಭೆ
meeting; assembly; party; association; club	ಸಭೆ; ಜೋಡಣೆ; ಪಕ್ಷ; ಸಂಘ; ಕ್ಲಬ್
meeting; person sent to pick up an arrival	ಸಭೆ; ಆಗಮನವನ್ನು ತೆಗೆದುಕೊಳ್ಳಲು ವ್ಯಕ್ತಿಯನ್ನು ಕಳುಹಿಸಲಾಗಿದೆ
meeting; reception	ಸಭೆ; ಸ್ವಾಗತ
meeting; rendezvous; encounter	ಸಭೆ; ಸಂಧಿಸುವ; ಎನ್ಕೌಂಟರ್
melody	ಮಧುರ
melon	ಕಲ್ಲಂಗಡಿ
melt	ಕರಗುತ್ತವೆ
member	ಸದಸ್ಯ
member of the Diet; congress or parliament	ಡಯಟ್ ಸದಸ್ಯ; ಕಾಂಗ್ರೆಸ್ ಅಥವಾ ಸಂಸತ್ತು
member; the membership	ಸದಸ್ಯ; ಸದಸ್ಯತ್ವ
membership	ಸದಸ್ಯತ್ವ
memo	ಜ್ಞಾಪಕ
memoir	ಆತ್ಮಚರಿತ್ರೆ
memorable	ಸ್ಮರಣೀಯ
memorial	ಸ್ಮಾರಕ
memories; recollections; reminiscence	ನೆನಪುಗಳು; ನೆನಪುಗಳು; ಸ್ಮರಣಾರ್ಥ
memorization; learning by heart	ಕಂಠಪಾಠ; ಹೃದಯದಿಂದ ಕಲಿಯುವುದು
memorize	ಕಂಠಪಾಠ ಮಾಡಿ
memory	ಸ್ಮರಣೆ
memory; recollection; remembrance	ಸ್ಮರಣೆ; ಸ್ಮರಣಿಕೆ; ಸ್ಮರಣೆ
memory; sense; experience	ಸ್ಮರಣೆ; ಅರ್ಥದಲ್ಲಿ; ಅನುಭವ
mental	ಮಾನಸಿಕ
mental arithmetic	ಮಾನಸಿಕ ಅಂಕಗಣಿತ
mentality	ಮನಸ್ಥಿತಿ
mention	ಉಲ್ಲೇಖಿಸಿ
mention; entry	ಉಲ್ಲೇಖ; ಪ್ರವೇಶ
mentor	ಮಾರ್ಗದರ್ಶಕ
menu	ಮೆನು
menu; program; schedule	ಮೆನು; ಕಾರ್ಯಕ್ರಮ; ವೇಳಾಪಟ್ಟಿ
merchant	ವ್ಯಾಪಾರಿ
mercy	ಕರುಣೆ
mere	ಕೇವಲ
mere; simple; sheer	ಕೇವಲ; ಸರಳ; ಬರಿಯ
merely	ಕೇವಲ
merge	ವಿಲೀನಗೊಳಿಸು
merger	ವಿಲೀನ
merit	ಅರ್ಹತೆ
merit; efficiency; arms; force	ಅರ್ಹತೆ; ದಕ್ಷತೆ; ತೋಳುಗಳು; ಬಲ
merry Christmas	ಕ್ರಿಸ್ಮಸ್ ಶುಭಾಶಯಗಳು
mess	ಅವ್ಯವಸ್ಥೆ
message	ಸಂದೇಶ
messy; disorganized	ಗಲೀಜು; ಅಸ್ತವ್ಯಸ್ತವಾಗಿದೆ
metal	ಲೋಹ
metaphor	ರೂಪಕ
meter; gauge	ಮೀಟರ್; ಗೇಜ್
method	ವಿಧಾನ
method; manner; way; means; technique	ವಿಧಾನ; ವಿಧಾನ; ದಾರಿ; ಅರ್ಥ; ತಂತ್ರ
methodology	ವಿಧಾನಶಾಸ್ತ್ರ
meticulous	ಸೂಕ್ಷ್ಮವಾದ
meticulous preparation	ನಿಖರವಾದ ತಯಾರಿ
metre	ಮೀಟರ್
metro	ಮೆಟ್ರೋ
metropolitan	ಮಹಾನಗರ
microscope	ಸೂಕ್ಷ್ಮದರ್ಶಕ
microwave	ಮೈಕ್ರೋವೇವ್
midday meal	ಮಧ್ಯಾಹ್ನದ ಊಟ
middle	ಮಧ್ಯಮ
middle finger	ಮಧ್ಯದ ಬೆರಳು
middle of the night	ಮಧ್ಯರಾತ್ರಿ
middle school; junior high school	ಮಧ್ಯಮ ಶಾಲೆ; ಕಿರಿಯ ಪ್ರೌಢಶಾಲೆ
middle-aged	ಮಧ್ಯವಯಸ್ಕ
middle-aged gentleman; uncle	ಮಧ್ಯವಯಸ್ಕ ಸಂಭಾವಿತ; ಚಿಕ್ಕಪ್ಪ
middle; half; semi; halfway; partly	ಮಧ್ಯಮ; ಅರ್ಧ; ಅರೆ; ಅರ್ಧದಾರಿಯಲ್ಲೇ; ಭಾಗಶಃ
middle; midway; interim	ಮಧ್ಯಮ; ಮಧ್ಯಮಾರ್ಗ; ಮಧ್ಯಂತರ
midnight	ಮಧ್ಯರಾತ್ರಿ
midnight; dead of night	ಮಧ್ಯರಾತ್ರಿ; ರಾತ್ರಿ ಸತ್ತ
midst	ಮಧ್ಯದಲ್ಲಿ
might	ಇರಬಹುದು
might as well	ಹಾಗೆಯೇ ಇರಬಹುದು
migration	ವಲಸೆ
migration; immigration	ವಲಸೆ; ವಲಸೆ
mild	ಸೌಮ್ಯ
mile	ಮೈಲಿ
milestone	ಮೈಲಿಗಲ್ಲು
militant	ಉಗ್ರಗಾಮಿ
military	ಮಿಲಿಟರಿ
military affairs	ಮಿಲಿಟರಿ ವ್ಯವಹಾರಗಳು
military or naval uniform	ಮಿಲಿಟರಿ ಅಥವಾ ನೌಕಾ ಸಮವಸ್ತ್ರ
militia	ಸೇನಾಪಡೆ
milk	ಹಾಲು
mill	ಗಿರಣಿ
million	ಮಿಲಿಯನ್
mimicry; imitation; behavior; pretense	ಮಿಮಿಕ್ರಿ; ಅನುಕರಣೆ; ನಡವಳಿಕೆ; ಸೋಗು
mind	ಮನಸ್ಸು
mind and body	ಮನಸ್ಸು ಮತ್ತು ದೇಹ
mind; soul; heart; spirit; intention	ಮನಸ್ಸು; ಆತ್ಮ; ಹೃದಯ; ಆತ್ಮ; ಉದ್ದೇಶ
mine	ನನ್ನದು
miner	ಗಣಿಗಾರ
mineral	ಖನಿಜ
minimal	ಕನಿಷ್ಠ
minimize	ಕಡಿಮೆಗೊಳಿಸು
minimum	ಕನಿಷ್ಠ
mining	ಗಣಿಗಾರಿಕೆ
minister	ಮಂತ್ರಿ
ministry	ಸಚಿವಾಲಯ
minor	ಚಿಕ್ಕ
minority	ಅಲ್ಪಸಂಖ್ಯಾತ
minute	ನಿಮಿಷ
minutes	ನಿಮಿಷಗಳು
miracle	ಪವಾಡ
mirror	ಕನ್ನಡಿ
miserable	ಶೋಚನೀಯ
misery	ದುಃಸ್ಥಿತಿ
misleading	ದಾರಿತಪ್ಪಿಸುವ
miso soup	ಮಿಸೊ ಸೂಪ್
miss	ಮಿಸ್
missile	ಕ್ಷಿಪಣಿ
missing	ಕಾಣೆಯಾಗಿದೆ
mission	ಮಿಷನ್
mission; simple task; doing	ಮಿಷನ್; ಸರಳ ಕಾರ್ಯ; ಮಾಡುತ್ತಿದ್ದೇನೆ
mistake	ತಪ್ಪು
misunderstanding	ತಪ್ಪು ತಿಳುವಳಿಕೆ
misunderstanding; wrong guess	ತಪ್ಪು ತಿಳುವಳಿಕೆ; ತಪ್ಪು ಊಹೆ
mitigate	ತಗ್ಗಿಸು
mittens	ಕೈಗವಸುಗಳು
mix	ಮಿಶ್ರಣ
mixed	ಮಿಶ್ರಿತ
mixing; mixture	ಮಿಶ್ರಣ; ಮಿಶ್ರಣ
mixture	ಮಿಶ್ರಣ
moat	ಕಂದಕ
moat; canal	ಕಂದಕ; ಕಾಲುವೆ
mob	ಜನಸಮೂಹ
mobile	ಮೊಬೈಲ್
mobile phone	ಮೊಬೈಲ್ ಫೋನ್
mobility	ಚಲನಶೀಲತೆ
mobilize	ಸಜ್ಜುಗೊಳಿಸು
mode	ಮೋಡ್
model	ಮಾದರಿ
model; standard; pattern; norm; criterion; example	ಮಾದರಿ; ಪ್ರಮಾಣಿತ; ಮಾದರಿ; ರೂಢಿ; ಮಾನದಂಡ; ಉದಾಹರಣೆ
moderate	ಮಧ್ಯಮ
moderate; handy	ಮಧ್ಯಮ; ಸೂಕ್ತ
moderate; right; random; not thorough; vague; irresponsible; halfhearted	ಮಧ್ಯಮ; ಬಲ; ಯಾದೃಚ್ಛಿಕ; ಸಂಪೂರ್ಣವಾಗಿ ಅಲ್ಲ; ಅಸ್ಪಷ್ಟ; ಬೇಜವಾಬ್ದಾರಿ; ಅರೆಮನಸ್ಸಿನ
modern	ಆಧುನಿಕ
modern era	ಆಧುನಿಕ ಯುಗ
modest	ಸಾಧಾರಣ
modesty; humility	ನಮ್ರತೆ; ನಮ್ರತೆ
modification	ಮಾರ್ಪಾಡು
modify	ಮಾರ್ಪಡಿಸಿ
moisture	ತೇವಾಂಶ
moisture; humidity; dampness	ತೇವಾಂಶ; ಆರ್ದ್ರತೆ; ತೇವ
mold; model; style; shape; data-type	ಅಚ್ಚು; ಮಾದರಿ; ಶೈಲಿ; ಆಕಾರ; ಡೇಟಾ-ಪ್ರಕಾರ
molecule	ಅಣು
moment	ಕ್ಷಣ
moment; second; instant	ಕ್ಷಣ; ಎರಡನೇ; ತತ್ಕ್ಷಣ
moment; time	ಕ್ಷಣ; ಸಮಯ
momentum	ಆವೇಗ
monetary circulation; credit situation	ವಿತ್ತೀಯ ಚಲಾವಣೆ; ಕ್ರೆಡಿಟ್ ಪರಿಸ್ಥಿತಿ
money	ಹಣ
money collection	ಹಣ ಸಂಗ್ರಹ
money order; exchange	ಹಣದ ಆದೇಶ; ವಿನಿಮಯ
money; cash	ಹಣ; ನಗದು
money; currency; coinage	ಹಣ; ಕರೆನ್ಸಿ; ನಾಣ್ಯ
monitor	ಮಾನಿಟರ್
monk	ಸನ್ಯಾಸಿ
monkey	ಕೋತಿ
monopoly	ಏಕಸ್ವಾಮ್ಯ
monster	ದೈತ್ಯಾಕಾರದ
month	ತಿಂಗಳು
month (last third of)	ತಿಂಗಳು (ಕಳೆದ ಮೂರನೇ)
month after next	ಮುಂದಿನ ತಿಂಗಳ ನಂತರ
month before last	ಕಳೆದ ತಿಂಗಳ ಮೊದಲು
monthly	ಮಾಸಿಕ
monthly installment	ಮಾಸಿಕ ಕಂತು
monthly salary	ಮಾಸಿಕ ಸಂಬಳ
monthly tuition fee	ಮಾಸಿಕ ಬೋಧನಾ ಶುಲ್ಕ
months and years	ತಿಂಗಳುಗಳು ಮತ್ತು ವರ್ಷಗಳು
monument	ಸ್ಮಾರಕ
mood	ಮನಸ್ಥಿತಿ
mood / feeling	ಮನಸ್ಥಿತಿ / ಭಾವನೆ
moon	ಚಂದ್ರ
moon; month	ಚಂದ್ರ; ತಿಂಗಳು
moral	ನೈತಿಕ
morality	ನೈತಿಕತೆ
morals	ನೈತಿಕತೆಗಳು
more	ಹೆಚ್ಚು
more or less; somewhat; a little; some	ಹೆಚ್ಚು ಅಥವಾ ಕಡಿಮೆ; ಸ್ವಲ್ಪಮಟ್ಟಿಗೆ; ಸ್ವಲ್ಪ; ಕೆಲವು
more than; this is all	ಹೆಚ್ಚು; ಇದೆಲ್ಲವೂ ಆಗಿದೆ
moreover	ಮೇಲಾಗಿ
moreover, ...	ಇದಲ್ಲದೆ, ...
morning	ಬೆಳಿಗ್ಗೆ
mortgage	ಅಡಮಾನ
mosque	ಮಸೀದಿ
mosquito	ಸೊಳ್ಳೆ
most	ಅತ್ಯಂತ
most part; greater part; majority	ಹೆಚ್ಚಿನ ಭಾಗ; ಹೆಚ್ಚಿನ ಭಾಗ; ಬಹುಮತ
most; best	ಅತ್ಯಂತ; ಅತ್ಯುತ್ತಮ
most; extremely	ಅತ್ಯಂತ; ಅತ್ಯಂತ
mostly	ಹೆಚ್ಚಾಗಿ
mother	ತಾಯಿ
motion	ಚಲನೆ
motion; exercise	ಚಲನೆ; ವ್ಯಾಯಾಮ
motivate	ಪ್ರೇರೇಪಿಸುತ್ತದೆ
motivation	ಪ್ರೇರಣೆ
motive	ಪ್ರೇರಣೆ
motor	ಮೋಟಾರ್
motorbike	ಮೋಟಾರ್ ಬೈಕ್
motorcycle	ಮೋಟಾರ್ ಸೈಕಲ್
motorist	ವಾಹನ ಚಾಲಕ
mount	ಆರೋಹಣ
mountain	ಪರ್ವತ
mountain climbing	ಪರ್ವತಾರೋಹಣ
mountain forest; mountains and forest	ಪರ್ವತ ಕಾಡು; ಪರ್ವತಗಳು ಮತ್ತು ಕಾಡು
mountain-climbing	ಪರ್ವತಾರೋಹಣ
mouse	ಮೌಸ್
moustache	ಮೀಸೆ
moustache; beard; whiskers	ಮೀಸೆ; ಗಡ್ಡ; ಮೀಸೆಗಳು
mouth	ಬಾಯಿ
mouth; opening	ಬಾಯಿ; ತೆರೆಯಲಾಗುತ್ತಿದೆ
move	ಸರಿಸಲು
movement	ಚಳುವಳಿ
movie	ಚಲನಚಿತ್ರ
movie theater	ಚಿತ್ರಮಂದಿರ
moving	ಚಲಿಸುತ್ತಿದೆ
moving (dwelling etc.); changing residence	ಚಲಿಸುವ (ವಾಸಸ್ಥಾನ ಇತ್ಯಾದಿ); ನಿವಾಸ ಬದಲಾಯಿಸುವುದು
moving house	ಚಲಿಸುವ ಮನೆ
moving; transfer; demise	ಚಲಿಸುವ; ವರ್ಗಾವಣೆ; ನಿಧನ
mr./ms./mrs./miss	mr./ms./mrs./miss
much	ಹೆಚ್ಚು
much more; still more; all the more	ಹೆಚ್ಚು; ಇನ್ನೂ ಹೆಚ್ಚು; ಎಲ್ಲಾ ಹೆಚ್ಚು
much obliged (old-fashioned)	ಹೆಚ್ಚು ಬಾಧ್ಯತೆ (ಹಳೆಯ ಶೈಲಿಯ)
much obliged / I'm sorry	ತುಂಬಾ ಬಾಧ್ಯತೆ / ನನ್ನನ್ನು ಕ್ಷಮಿಸಿ
much the same	ಹೆಚ್ಚು ಅದೇ
mud	ಕೆಸರು
muffler / scarf	ಮಫ್ಲರ್ / ಸ್ಕಾರ್ಫ್
multi-unit apartments	ಬಹು-ಘಟಕ ಅಪಾರ್ಟ್ಮೆಂಟ್ಗಳು
multi-use; combined use; combination; serving two purposes	ಬಹು-ಬಳಕೆ; ಸಂಯೋಜಿತ ಬಳಕೆ; ಸಂಯೋಜನೆ; ಎರಡು ಉದ್ದೇಶಗಳನ್ನು ಪೂರೈಸುತ್ತಿದೆ
multiple	ಬಹು
multiplication	ಗುಣಾಕಾರ
multiply	ಗುಣಿಸಿ
multistory apartment; condominium	ಬಹುಮಹಡಿ ಅಪಾರ್ಟ್ಮೆಂಟ್; ಕಾಂಡೋಮಿನಿಯಂ
mum	ಅಮ್ಮ
municipal	ಪುರಸಭೆ
murder	ಕೊಲೆ
muscle	ಸ್ನಾಯು
muscle; sinew	ಸ್ನಾಯು; ಸಿನೆವ್
muscle; string; line	ಸ್ನಾಯು; ಸ್ಟ್ರಿಂಗ್; ಸಾಲು
museum	ವಸ್ತುಸಂಗ್ರಹಾಲಯ
music	ಸಂಗೀತ
music performance	ಸಂಗೀತ ಪ್ರದರ್ಶನ
musical	ಸಂಗೀತಮಯ
musical instrument	ಸಂಗೀತ ವಾದ್ಯ
musical performance	ಸಂಗೀತ ಪ್ರದರ್ಶನ
musician	ಸಂಗೀತಗಾರ
must	ಮಾಡಬೇಕು
mutual	ಪರಸ್ಪರ
mutual; reciprocal	ಪರಸ್ಪರ; ಪರಸ್ಪರ
mutual; reciprocal; alternate	ಪರಸ್ಪರ; ಪರಸ್ಪರ; ಪರ್ಯಾಯ
mutual; reciprocal; each other	ಪರಸ್ಪರ; ಪರಸ್ಪರ; ಪರಸ್ಪರ
my	ನನ್ನ
my father	ನನ್ನ ತಂದೆ
my heart aches	ನನ್ನ ಹೃದಯ ನೋವು
my mother	ನನ್ನ ತಾಯಿ
my name is …	ನನ್ನ ಹೆಸರು…
my older brother	ನನ್ನ ಅಣ್ಣ
my older sister	ನನ್ನ ಅಕ್ಕ
myself	ನಾನೇ
mysterious	ನಿಗೂಢ
mystery	ನಿಗೂಢ
mystery; curiosity	ನಿಗೂಢತೆ; ಕುತೂಹಲ
myth	ಪುರಾಣ
myth; legend	ಪುರಾಣ; ದಂತಕಥೆ
nail	ಉಗುರು
naked	ಬೆತ್ತಲೆ
naked; nude	ಬೆತ್ತಲೆ; ನಗ್ನ
name	ಹೆಸರು
name; reputation	ಹೆಸರು; ಖ್ಯಾತಿ
namely	ಅವುಗಳೆಂದರೆ
namely / that is	ಅವುಗಳೆಂದರೆ / ಅಂದರೆ
nap (at home); siesta	ಚಿಕ್ಕನಿದ್ರೆ (ಮನೆಯಲ್ಲಿ); ಸಿಯೆಸ್ಟಾ
narrative	ನಿರೂಪಣೆ
narrow	ಕಿರಿದಾದ
narrow / small	ಕಿರಿದಾದ / ಸಣ್ಣ
narrow; not spacious	ಕಿರಿದಾದ; ವಿಶಾಲವಾಗಿಲ್ಲ
narrow; tight; stiff; rigid; uneasy; formal; constrained	ಕಿರಿದಾದ; ಬಿಗಿಯಾದ; ಗಟ್ಟಿಯಾದ; ಗಟ್ಟಿಯಾದ; ಅಶಾಂತ; ಔಪಚಾರಿಕ; ನಿರ್ಬಂಧಿಸಲಾಗಿದೆ
nasty	ಅಸಹ್ಯ
nation	ರಾಷ್ಟ್ರ
national	ರಾಷ್ಟ್ರೀಯ
national holiday	ರಾಷ್ಟ್ರೀಯ ರಜಾದಿನ
national holiday; festival day	ರಾಷ್ಟ್ರೀಯ ರಜಾದಿನ; ಹಬ್ಬದ ದಿನ
national language	ರಾಷ್ಟ್ರೀಯ ಭಾಷೆ
national or state border	ರಾಷ್ಟ್ರೀಯ ಅಥವಾ ರಾಜ್ಯ ಗಡಿ
national; people; citizen	ರಾಷ್ಟ್ರೀಯ; ಜನರು; ನಾಗರಿಕ
nationality	ರಾಷ್ಟ್ರೀಯತೆ
nationwide	ರಾಷ್ಟ್ರವ್ಯಾಪಿ
native	ಸ್ಥಳೀಯ
native Japanese reading of a Chinese character	ಚೈನೀಸ್ ಅಕ್ಷರದ ಸ್ಥಳೀಯ ಜಪಾನೀಸ್ ಓದುವಿಕೆ
natural	ನೈಸರ್ಗಿಕ
natural science	ನೈಸರ್ಗಿಕ ವಿಜ್ಞಾನ
naturally	ಸ್ವಾಭಾವಿಕವಾಗಿ
nature	ಪ್ರಕೃತಿ
nature; property; disposition	ಪ್ರಕೃತಿ; ಆಸ್ತಿ; ಇತ್ಯರ್ಥ
nature; spontaneity	ಪ್ರಕೃತಿ; ಸ್ವಾಭಾವಿಕತೆ
nature; spontaneous	ಪ್ರಕೃತಿ; ಸ್ವಾಭಾವಿಕ
nausea; sickness in the stomach	ವಾಕರಿಕೆ; ಹೊಟ್ಟೆಯಲ್ಲಿ ಅನಾರೋಗ್ಯ
naval	ನೌಕಾಪಡೆ
navigation	ಸಂಚರಣೆ
navy blue	ನೌಕಾ ನೀಲಿ
navy blue; deep blue	ನೌಕಾ ನೀಲಿ; ಆಳವಾದ ನೀಲಿ
near	ಹತ್ತಿರ
near / beside	ಹತ್ತಿರ / ಪಕ್ಕದಲ್ಲಿ
near future	ಮುಂದಿನ ಭವಿಷ್ಯ
nearby	ಹತ್ತಿರದ
nearly	ಸುಮಾರು
nearness; before long	ಸಾಮೀಪ್ಯ; ಬಹಳ ಹಿಂದೆಯೇ
nearsightedness; shortsightedness; myopia	ಸಮೀಪದೃಷ್ಟಿ; ದೂರದೃಷ್ಟಿ; ಸಮೀಪದೃಷ್ಟಿ
neat	ಅಚ್ಚುಕಟ್ಟಾಗಿ
necessarily	ಅಗತ್ಯವಾಗಿ
necessary	ಅಗತ್ಯ
necessities of life (food; clothing; etc.)	ಜೀವನದ ಅವಶ್ಯಕತೆಗಳು (ಆಹಾರ, ಬಟ್ಟೆ ಇತ್ಯಾದಿ)
necessities; necessary article; requisite; essential	ಅಗತ್ಯತೆಗಳು; ಅಗತ್ಯ ಲೇಖನ; ಅಗತ್ಯ; ಅತ್ಯಗತ್ಯ
necessity	ಅವಶ್ಯಕತೆ
neck	ಕುತ್ತಿಗೆ
neck; collar; lapel; neckband	ಕುತ್ತಿಗೆ; ಕಾಲರ್; ಲ್ಯಾಪೆಲ್; ಕುತ್ತಿಗೆ ಪಟ್ಟಿ
necklace	ಹಾರ
necktie	ನೆಕ್ಟೈ
need	ಅಗತ್ಯವಿದೆ
needle	ಸೂಜಿ
needle; hand (e.g. clock)	ಸೂಜಿ; ಕೈ (ಉದಾ. ಗಡಿಯಾರ)
negation; denial; repudiation	ನಿರಾಕರಣೆ; ನಿರಾಕರಣೆ; ನಿರಾಕರಣೆ
negative	ಋಣಾತ್ಮಕ
neglect	ನಿರ್ಲಕ್ಷ್ಯ
neglecting to stay in contact	ಸಂಪರ್ಕದಲ್ಲಿರಲು ನಿರ್ಲಕ್ಷ್ಯ
negligence; unpreparedness	ನಿರ್ಲಕ್ಷ್ಯ; ಸಿದ್ಧವಿಲ್ಲದಿರುವಿಕೆ
negligible	ಅತ್ಯಲ್ಪ
negotiate	ಮಾತುಕತೆ
negotiation	ಮಾತುಕತೆ
negotiations; discussions; connection	ಮಾತುಕತೆಗಳು; ಚರ್ಚೆಗಳು; ಸಂಪರ್ಕ
neighbor	ನೆರೆಯ
neighborhood	ನೆರೆಹೊರೆ
neighbour	ನೆರೆಯ
neighbourhood	ನೆರೆಹೊರೆ
neighbourhood; vicinity; environs	ನೆರೆಹೊರೆ; ಸಮೀಪದ; ಸುತ್ತಮುತ್ತಲಿನ
neighbouring	ನೆರೆಯ
neither	ಆಗಲಿ
nephew	ಸೋದರಳಿಯ
nerve	ನರ
nerve; sensitivity	ನರ; ಸೂಕ್ಷ್ಮತೆ
nervous	ನರ
nest	ಗೂಡು
nest; rookery; breeding place; beehive; cobweb	ಗೂಡು; ರೂಕೆರಿ; ಸಂತಾನೋತ್ಪತ್ತಿ ಸ್ಥಳ; ಜೇನುಗೂಡು; ಕೋಬ್ವೆಬ್
net	ನಿವ್ವಳ
net (weight)	ನಿವ್ವಳ (ತೂಕ)
network	ಜಾಲಬಂಧ
neuter gender; neutral (chem.); indifference; sterility	ನಪುಂಸಕ ಲಿಂಗ; ತಟಸ್ಥ (ಕೆಮ್.); ಉದಾಸೀನತೆ; ಸಂತಾನಹೀನತೆ
neutral	ತಟಸ್ಥ
neutrality	ತಟಸ್ಥತೆ
never	ಎಂದಿಗೂ
never (with negative)	ಎಂದಿಗೂ (ನಕಾರಾತ್ಮಕವಾಗಿ)
nevertheless	ಆದಾಗ್ಯೂ
new	ಹೊಸ
new moon; crescent moon	ಅಮಾವಾಸ್ಯೆ; ಅರ್ಧಚಂದ್ರ
new; fresh; novel	ಹೊಸ; ತಾಜಾ; ಕಾದಂಬರಿ
newly	ಹೊಸದಾಗಿ
news	ಸುದ್ದಿ
news coverage	ಸುದ್ದಿ ಪ್ರಸಾರ
news gathering	ಸುದ್ದಿ ಸಂಗ್ರಹಣೆ
news; tidings; information; correspondence; letter	ಸುದ್ದಿ; ಸುದ್ದಿಗಳು; ಮಾಹಿತಿ; ಪತ್ರವ್ಯವಹಾರ; ಪತ್ರ
newsletter	ಸುದ್ದಿಪತ್ರ
newspaper	ಪತ್ರಿಕೆ
newspaper company	ಪತ್ರಿಕೆ ಕಂಪನಿ
next	ಮುಂದೆ
next door / next to	ಮುಂದಿನ ಬಾಗಿಲು / ಪಕ್ಕದಲ್ಲಿ
next door to	ಪಕ್ಕದಲ್ಲಿ
next month	ಮುಂದಿನ ತಿಂಗಳು
next semester	ಮುಂದಿನ ಸೆಮಿಸ್ಟರ್
next to	ಪಕ್ಕದಲ್ಲಿ
next week	ಮುಂದಿನ ವಾರ
next year	ಮುಂದಿನ ವರ್ಷ
nice	ಚೆನ್ನಾಗಿದೆ
nice to meet you	ನಿಮ್ಮನ್ನು ಭೇಟಿಯಾಗಲು ಸಂತೋಷವಾಗಿದೆ
nice to meet you (formal)	ನಿಮ್ಮನ್ನು ಭೇಟಿಯಾಗಲು ಸಂತೋಷವಾಗಿದೆ (ಔಪಚಾರಿಕ)
nice to meet you / please take care	ನಿಮ್ಮನ್ನು ಭೇಟಿಯಾಗಲು ಸಂತೋಷವಾಗಿದೆ / ದಯವಿಟ್ಟು ಕಾಳಜಿ ವಹಿಸಿ
nice, good	ಒಳ್ಳೆಯದು, ಒಳ್ಳೆಯದು
nice; likeable; desirable	ಚೆನ್ನಾಗಿದೆ; ಇಷ್ಟವಾಗುವ; ಅಪೇಕ್ಷಣೀಯ
niche	ಗೂಡು
niece	ಸೊಸೆ
night	ರಾತ್ರಿ
night town	ರಾತ್ರಿ ಪಟ್ಟಣ
nightmare	ದುಃಸ್ವಪ್ನ
nine	ಒಂಬತ್ತು
nine (counter)	ಒಂಬತ್ತು (ಕೌಂಟರ್)
nine (things)	ಒಂಬತ್ತು (ವಸ್ತುಗಳು)
nine days	ಒಂಬತ್ತು ದಿನಗಳು
nine days; ninth day	ಒಂಬತ್ತು ದಿನಗಳು; ಒಂಬತ್ತನೇ ದಿನ
nine hundred	ಒಂಬೈನೂರು
nine minutes	ಒಂಬತ್ತು ನಿಮಿಷಗಳು
nine o'clock	ಒಂಬತ್ತು ಗಂಟೆ
nineteen	ಹತ್ತೊಂಬತ್ತು
ninety	ತೊಂಬತ್ತು
ninth	ಒಂಬತ್ತನೇ
no	ಇಲ್ಲ
no good	ಒಳ್ಳೆಯದಲ್ಲ
no matter what	ಏನೇ ಆಗಲಿ
no one	ಯಾರೂ ಇಲ್ಲ
no problem	ಸಮಸ್ಯೆ ಇಲ್ಲ
no thank you / that's fine	ಇಲ್ಲ ಧನ್ಯವಾದಗಳು / ಅದು ಚೆನ್ನಾಗಿದೆ
no; the noes	ಇಲ್ಲ; ನೋಸ್
noble	ಉದಾತ್ತ
noble; aristocrat	ಉದಾತ್ತ; ಶ್ರೀಮಂತ
nobody	ಯಾರೂ ಇಲ್ಲ
nod	ತಲೆಯಾಡಿಸು
noise	ಶಬ್ದ
noise (jarring; grating)	ಶಬ್ದ (ಜರಗುವುದು; ತುರಿಯುವುದು)
noisy	ಗದ್ದಲದ
noisy; annoying	ಗದ್ದಲದ; ಕಿರಿಕಿರಿ
noisy; boisterous	ಗದ್ದಲದ; ಅಬ್ಬರದ
noisy; loud; fussy	ಗದ್ದಲದ; ಜೋರಾಗಿ; ಗಡಿಬಿಡಿಯಿಲ್ಲದ
noisy; strict; fussy	ಗದ್ದಲದ; ಕಟ್ಟುನಿಟ್ಟಾದ; ಗಡಿಬಿಡಿಯಿಲ್ಲದ
nominate	ನಾಮನಿರ್ದೇಶನ
nomination	ನಾಮನಿರ್ದೇಶನ
nominee	ನಾಮಿನಿ
non-fiction	ಕಾಲ್ಪನಿಕವಲ್ಲದ
non-profit	ಲಾಭರಹಿತ
none	ಯಾವುದೂ ಇಲ್ಲ
nonetheless	ಅದೇನೇ ಇದ್ದರೂ
nonsense	ಅಸಂಬದ್ಧ
noon	ಮಧ್ಯಾಹ್ನ
noon / afternoon	ಮಧ್ಯಾಹ್ನ / ಮಧ್ಯಾಹ್ನ
noon / daytime	ಮಧ್ಯಾಹ್ನ / ಹಗಲು
noon break	ಮಧ್ಯಾಹ್ನ ವಿರಾಮ
noon; daytime	ಮಧ್ಯಾಹ್ನ; ಹಗಲು
noon; mid-day	ಮಧ್ಯಾಹ್ನ; ಮಧ್ಯ ದಿನ
nor	ಅಥವಾ ಇಲ್ಲ
norm	ರೂಢಿ
normal	ಸಾಮಾನ್ಯ
normally	ಸಾಮಾನ್ಯವಾಗಿ
north	ಉತ್ತರ
northern	ಉತ್ತರದ
nose	ಮೂಗು
nostalgia; homesickness	ನಾಸ್ಟಾಲ್ಜಿಯಾ; ಮನೆತನ
not	ಅಲ್ಲ
not at all	ಇಲ್ಲವೇ ಇಲ್ಲ
not at all (with negative)	ಇಲ್ಲ (ನಕಾರಾತ್ಮಕವಾಗಿ)
not busy; to have a lot of free time	ಕಾರ್ಯನಿರತವಾಗಿಲ್ಲ; ಸಾಕಷ್ಟು ಉಚಿತ ಸಮಯವನ್ನು ಹೊಂದಲು
not entirely (with negative)	ಸಂಪೂರ್ಣವಾಗಿ ಅಲ್ಲ (ನಕಾರಾತ್ಮಕವಾಗಿ)
not in the least	ಕನಿಷ್ಠ ಅಲ್ಲ
not just ~ but	ಕೇವಲ ~ ಆದರೆ
not limited to	ಸೀಮಿತವಾಗಿಲ್ಲ
not much	ಹೆಚ್ಚು ಅಲ್ಲ
not much (with negative)	ಹೆಚ್ಚು ಅಲ್ಲ (ನಕಾರಾತ್ಮಕವಾಗಿ)
not only	ಮಾತ್ರವಲ್ಲ
not only...but also; in addition to; consequently	ಮಾತ್ರವಲ್ಲ...ಆದರೆ; ಜೊತೆಗೆ; ಪರಿಣಾಮವಾಗಿ
not that much	ಅಷ್ಟು ಅಲ್ಲ
not very (used as adverb); not much	ತುಂಬಾ ಅಲ್ಲ (ಕ್ರಿಯಾವಿಶೇಷಣವಾಗಿ ಬಳಸಲಾಗುತ್ತದೆ); ಹೆಚ್ಚು ಅಲ್ಲ
not writing or contacting for a while	ಸ್ವಲ್ಪ ಸಮಯದವರೆಗೆ ಬರೆಯುವುದಿಲ್ಲ ಅಥವಾ ಸಂಪರ್ಕಿಸುವುದಿಲ್ಲ
notable	ಗಮನಾರ್ಹ
notably	ಗಮನಾರ್ಹವಾಗಿ
note	ಗಮನಿಸಿ
notebook	ನೋಟ್ಬುಕ್
nothing	ಏನೂ ಇಲ್ಲ
nothing (with neg. verb); quite; not a bit	ಏನೂ ಇಲ್ಲ (neg. ಕ್ರಿಯಾಪದದೊಂದಿಗೆ); ಸಾಕಷ್ಟು; ಸ್ವಲ್ಪ ಅಲ್ಲ
nothing particular	ನಿರ್ದಿಷ್ಟವಾಗಿ ಏನೂ ಇಲ್ಲ
nothing; naught; nil; zero	ಏನೂ ಇಲ್ಲ; ಶೂನ್ಯ; ಶೂನ್ಯ; ಶೂನ್ಯ
notice	ಸೂಚನೆ
notice; attention; observation	ಸೂಚನೆ; ಗಮನ; ವೀಕ್ಷಣೆ
notice; bulletin	ಸೂಚನೆ; ಬುಲೆಟಿನ್
notice; notification	ಸೂಚನೆ; ಅಧಿಸೂಚನೆ
noticeably	ಗಮನಾರ್ಹವಾಗಿ
notify	ಸೂಚಿಸಿ
notion	ಕಲ್ಪನೆ
notorious	ಕುಖ್ಯಾತ
notwithstanding	ಅದೇನೇ ಇದ್ದರೂ
noun	ನಾಮಪದ
nourishment; nutrient	ಪೋಷಣೆ; ಪೋಷಕಾಂಶ
novel	ಕಾದಂಬರಿ
novelist	ಕಾದಂಬರಿಕಾರ
now	ಈಗ
now then / well	ಈಗ ನಂತರ / ಚೆನ್ನಾಗಿ
now; next time	ಈಗ; ಮುಂದಿನ ಬಾರಿ
now; this time; lately	ಈಗ; ಈ ಬಾರಿ; ಇತ್ತೀಚೆಗೆ
nowadays	ಇಂದಿನ ದಿನಗಳಲ್ಲಿ
nowadays; modern times; present-day	ಇಂದಿನ ದಿನಗಳಲ್ಲಿ; ಆಧುನಿಕ ಕಾಲ; ಇಂದಿನ ದಿನ
nowhere	ಎಲ್ಲಿಯೂ ಇಲ್ಲ
nuance	ಸೂಕ್ಷ್ಮ ವ್ಯತ್ಯಾಸ
nuanced	ಸೂಕ್ಷ್ಮವಾದ
nuclear	ಪರಮಾಣು
nucleus; kernel	ನ್ಯೂಕ್ಲಿಯಸ್; ಕರ್ನಲ್
number	ಸಂಖ್ಯೆ
number (serial)	ಸಂಖ್ಯೆ (ಸರಣಿ)
number / count	ಸಂಖ್ಯೆ / ಎಣಿಕೆ
number / digit	ಸಂಖ್ಯೆ / ಅಂಕೆ
number of people	ಜನರ ಸಂಖ್ಯೆ
number of times; frequency	ಬಾರಿ ಸಂಖ್ಯೆ; ಆವರ್ತನ
number three	ಸಂಖ್ಯೆ ಮೂರು
number; figure	ಸಂಖ್ಯೆ; ಆಕೃತಿ
numeral; figure	ಸಂಖ್ಯಾತ್ಮಕ; ಆಕೃತಿ
numerous	ಹಲವಾರು
nurse	ದಾದಿ
nursery	ನರ್ಸರಿ
nursing	ಶುಶ್ರೂಷೆ
nursing (a patient)	ಶುಶ್ರೂಷೆ (ರೋಗಿ)
nursing; (army) nurse	ಶುಶ್ರೂಷೆ; (ಸೇನೆ) ನರ್ಸ್
nursing; looking after	ಶುಶ್ರೂಷೆ; ನೋಡಿಕೊಳ್ಳುತ್ತಿದ್ದಾರೆ
nut	ಅಡಿಕೆ
nutrition	ಪೋಷಣೆ
nutrition; nourishment	ಪೋಷಣೆ; ಪೋಷಣೆ
nuts	ಬೀಜಗಳು
nuts!; enthusiasm; zeal; mania	ಬೀಜಗಳು!; ಉತ್ಸಾಹ; ಉತ್ಸಾಹ; ಉನ್ಮಾದ
o'clock	ಗಂಟೆ
o'clock / hour	ಗಂಟೆ / ಗಂಟೆ
obedient; meek; docile; unaffected	ಆಜ್ಞಾಧಾರಕ; ಸೌಮ್ಯವಾದ; ವಿಧೇಯ; ಬಾಧಿಸುವುದಿಲ್ಲ
obesity	ಬೊಜ್ಜು
obey	ಪಾಲಿಸು
object	ವಸ್ತು
objection	ಆಕ್ಷೇಪಣೆ
objection; dissent; protest	ಆಕ್ಷೇಪಣೆ; ಭಿನ್ನಾಭಿಪ್ರಾಯ; ಪ್ರತಿಭಟನೆ
objective	ವಸ್ತುನಿಷ್ಠ
objective; plan; policy	ವಸ್ತುನಿಷ್ಠ; ಯೋಜನೆ; ನೀತಿ
obligation	ಬಾಧ್ಯತೆ
obligation; coercion; compulsion; enforcement	ಬಾಧ್ಯತೆ; ಒತ್ತಾಯ; ಒತ್ತಾಯ; ಜಾರಿ
oblige	ಕಡ್ಡಾಯ
obliqueness	ಓರೆಯಾಗಿರುವುದು
obscure	ಅಸ್ಪಷ್ಟ
observance	ಆಚರಣೆ
observation	ವೀಕ್ಷಣೆ
observation; guarding; inspection; surveillance	ವೀಕ್ಷಣೆ; ಕಾವಲು; ತಪಾಸಣೆ; ಕಣ್ಗಾವಲು
observation; survey	ವೀಕ್ಷಣೆ; ಸಮೀಕ್ಷೆ
observe	ಗಮನಿಸಿ
observer	ವೀಕ್ಷಕ
obsess	ಗೀಳು
obsession	ಗೀಳು
obstacle	ಅಡಚಣೆ
obstacle; impediment (fault); damage	ಅಡಚಣೆ; ಅಡಚಣೆ (ದೋಷ); ಹಾನಿ
obtain	ಪಡೆಯಲು
obvious	ಸ್ಪಷ್ಟ
obvious; evident; clear	ಸ್ಪಷ್ಟ; ಸ್ಪಷ್ಟವಾಗಿ; ಸ್ಪಷ್ಟ
obviously	ನಿಸ್ಸಂಶಯವಾಗಿ
occasion	ಸಂದರ್ಭ
occasional	ಸಾಂದರ್ಭಿಕ
occasionally	ಸಾಂದರ್ಭಿಕವಾಗಿ
occasionally; frequently	ಸಾಂದರ್ಭಿಕವಾಗಿ; ಆಗಾಗ್ಗೆ
occasionally; once in a while	ಸಾಂದರ್ಭಿಕವಾಗಿ; ಒಮ್ಮೊಮ್ಮೆ
occupation	ಉದ್ಯೋಗ
occupation; business	ಉದ್ಯೋಗ; ವ್ಯಾಪಾರ
occupy	ಆಕ್ರಮಿಸಿಕೊಳ್ಳುತ್ತವೆ
occur	ಸಂಭವಿಸುತ್ತವೆ
occurrence	ಸಂಭವಿಸುವಿಕೆ
ocean	ಸಾಗರ
ocean current	ಸಾಗರ ಪ್ರವಾಹ
octopus	ಆಕ್ಟೋಪಸ್
odd	ಬೆಸ
odd number	ಬೆಸ ಸಂಖ್ಯೆ
odds	ಆಡ್ಸ್
odious; hateful	ಅಸಹ್ಯಕರ; ದ್ವೇಷಪೂರಿತ
odour; scent; smell; stench	ವಾಸನೆ; ಪರಿಮಳ; ವಾಸನೆ; ದುರ್ವಾಸನೆ
of	ನ
of all things	ಎಲ್ಲಾ ವಿಷಯಗಳ
of course	ಸಹಜವಾಗಿ
of course; certainly; naturally	ಸಹಜವಾಗಿ; ಖಂಡಿತವಾಗಿಯೂ; ಸ್ವಾಭಾವಿಕವಾಗಿ
off	ಆಫ್
offence	ಅಪರಾಧ
offend	ಅಪರಾಧ
offender	ಅಪರಾಧಿ
offender; criminal	ಅಪರಾಧಿ; ಅಪರಾಧಿ
offensive	ಆಕ್ರಮಣಕಾರಿ
offer	ನೀಡುತ್ತವೆ
offer; present; submit; serve (a meal); supply	ಕೊಡುಗೆ; ಪ್ರಸ್ತುತ; ಸಲ್ಲಿಸು; ಸೇವೆ (ಒಂದು ಊಟ); ಪೂರೈಕೆ
offering	ನೀಡುತ್ತಿದೆ
offering prizes; winning; reward	ಬಹುಮಾನಗಳನ್ನು ನೀಡುವುದು; ಗೆಲ್ಲುವುದು; ಪ್ರತಿಫಲ
office	ಕಛೇರಿ
office (loanword)	ಕಛೇರಿ (ಸಾಲದ ಪದ)
office boy (girl); page; waiter	ಕಚೇರಿ ಹುಡುಗ (ಹುಡುಗಿ); ಪುಟ; ಮಾಣಿ
office worker	ಕಚೇರಿ ಕೆಲಸಗಾರ
officer	ಅಧಿಕಾರಿ
official	ಅಧಿಕೃತ
official announcement; proclamation	ಅಧಿಕೃತ ಪ್ರಕಟಣೆ; ಘೋಷಣೆ
official business; public business	ಅಧಿಕೃತ ವ್ಯವಹಾರ; ಸಾರ್ವಜನಿಕ ವ್ಯಾಪಾರ
official recognition; authorization; licence; accreditation	ಅಧಿಕೃತ ಮಾನ್ಯತೆ; ಅಧಿಕಾರ; ಪರವಾನಗಿ; ಮಾನ್ಯತೆ
official tour; business trip	ಅಧಿಕೃತ ಪ್ರವಾಸ; ವ್ಯಾಪಾರ ಪ್ರವಾಸ
official; duty; person in charge	ಅಧಿಕೃತ; ಕರ್ತವ್ಯ; ಉಸ್ತುವಾರಿ ವ್ಯಕ್ತಿ
official; public; formal; open; governmental	ಅಧಿಕೃತ; ಸಾರ್ವಜನಿಕ; ಔಪಚಾರಿಕ; ತೆರೆದ; ಸರ್ಕಾರಿ
offline	ಆಫ್ಲೈನ್
offspring	ಸಂತತಿ
often	ಆಗಾಗ್ಗೆ
often; much	ಆಗಾಗ್ಗೆ; ಹೆಚ್ಚು
ogre; demon; it (i.e.; in a game of tag)	ಓಗ್ರೆ; ರಾಕ್ಷಸ; ಅದು (ಅಂದರೆ; ಟ್ಯಾಗ್ ಆಟದಲ್ಲಿ)
oh	ಓಹ್
oil	ತೈಲ
oil; petroleum; kerosene	ತೈಲ; ಪೆಟ್ರೋಲಿಯಂ; ಸೀಮೆಎಣ್ಣೆ
okay	ಸರಿ
okay / fine	ಸರಿ / ಚೆನ್ನಾಗಿದೆ
okay; so-so	ಸರಿ; ಹಾಗೆ-ಹೀಗೆ
okonomiyaki	ಒಕೊನೊಮಿಯಾಕಿ
old	ಹಳೆಯದು
old (not used for people)	ಹಳೆಯದು (ಜನರಿಗೆ ಬಳಸಲಾಗುವುದಿಲ್ಲ)
old (thing - not used for people)	ಹಳೆಯದು (ವಸ್ತು - ಜನರಿಗೆ ಬಳಸಲಾಗುವುದಿಲ್ಲ)
old (things)	ಹಳೆಯ (ವಸ್ತುಗಳು)
old age; old person; the old; the aged	ವೃದ್ಧಾಪ್ಯ; ಹಳೆಯ ವ್ಯಕ್ತಿ; ಹಳೆಯದು; ವಯಸ್ಸಾದವರು
old book; classics; classic	ಹಳೆಯ ಪುಸ್ತಕ; ಶ್ರೇಷ್ಠತೆಗಳು; ಶ್ರೇಷ್ಠ
old days; past	ಹಳೆಯ ದಿನಗಳು; ಹಿಂದಿನ
old friend; old friendship	ಹಳೆಯ ಸ್ನೇಹಿತ; ಹಳೆಯ ಸ್ನೇಹ
old people; the aged	ಹಳೆಯ ಜನರು; ವಯಸ್ಸಾದವರು
old-fashioned	ಹಳೆಯ ಶೈಲಿಯ
olden days; former	ಹಳೆಯ ದಿನಗಳು; ಹಿಂದಿನ
older brother	ಅಣ್ಣ
older brother (my own)	ಅಣ್ಣ (ನನ್ನ ಸ್ವಂತ)
older sister	ಅಕ್ಕ
older sister (my own)	ಅಕ್ಕ (ನನ್ನ ಸ್ವಂತ)
omission; abbreviation; abridgment	ಲೋಪ; ಸಂಕ್ಷೇಪಣ; ಸಂಕ್ಷಿಪ್ತಗೊಳಿಸುವಿಕೆ
on	ಮೇಲೆ
on and after; hereafter; thereafter	ಮೇಲೆ ಮತ್ತು ನಂತರ; ಮುಂದೆ; ಅದರ ನಂತರ
on balance	ಸಮತೋಲನದಲ್ಲಿ
on foot	ಕಾಲ್ನಡಿಗೆಯಲ್ಲಿ
on the contrary	ಇದಕ್ಕೆ ವಿರುದ್ಧವಾಗಿ
on the contrary; rather; all the more; instead	ಇದಕ್ಕೆ ವಿರುದ್ಧವಾಗಿ; ಬದಲಿಗೆ; ಎಲ್ಲಾ ಹೆಚ್ಚು; ಬದಲಿಗೆ
on the occasion of; circumstances	ಸಂದರ್ಭದಲ್ಲಿ; ಸಂದರ್ಭಗಳು
on the one hand	ಒಂದು ಕಡೆ
on the other hand	ಮತ್ತೊಂದೆಡೆ
on the verge of	ನ ಅಂಚಿನಲ್ಲಿದೆ
on the way	ದಾರಿಯಲ್ಲಿ
on time	ಸಮಯಕ್ಕೆ
on top of	ಮೇಲೆ
once	ಒಮ್ಮೆ
once / temporarily	ಒಮ್ಮೆ / ತಾತ್ಕಾಲಿಕವಾಗಿ
once in a thousand years	ಸಾವಿರ ವರ್ಷಗಳಿಗೊಮ್ಮೆ
once-in-a-lifetime meeting	ಜೀವನದಲ್ಲಿ ಒಮ್ಮೆ ಭೇಟಿ
once; for a moment; one morning; temporarily	ಒಮ್ಮೆ; ಒಂದು ಕ್ಷಣ; ಒಂದು ಮುಂಜಾನೆ; ತಾತ್ಕಾಲಿಕವಾಗಿ
once; some time ago	ಒಮ್ಮೆ; ಸ್ವಲ್ಪ ಸಮಯದ ಹಿಂದೆ
once; tentatively; in outline; for the time being	ಒಮ್ಮೆ; ತಾತ್ಕಾಲಿಕವಾಗಿ; ಬಾಹ್ಯರೇಖೆಯಲ್ಲಿ; ಸದ್ಯಕ್ಕೆ
one	ಒಂದು
one (book)	ಒಂದು (ಪುಸ್ತಕ)
one (counter)	ಒಂದು (ಕೌಂಟರ್)
one (flat object)	ಒಂದು (ಚಪ್ಪಟೆ ವಸ್ತು)
one (long object)	ಒಂದು (ಉದ್ದದ ವಸ್ತು)
one (machine / vehicle)	ಒಂದು (ಯಂತ್ರ / ವಾಹನ)
one (small animal)	ಒಂದು (ಸಣ್ಣ ಪ್ರಾಣಿ)
one (small item)	ಒಂದು (ಸಣ್ಣ ಐಟಂ)
one (thing)	ಒಂದು (ವಿಷಯ)
one by one; each; one at a time	ಒಂದೊಂದಾಗಿ; ಪ್ರತಿಯೊಂದೂ; ಒಂದು ಸಮಯದಲ್ಲಿ ಒಂದು
one by one; separately	ಒಂದೊಂದಾಗಿ; ಪ್ರತ್ಯೇಕವಾಗಿ
one day	ಒಂದು ದಿನ
one defeat	ಒಂದು ಸೋಲು
one hour	ಒಂದು ಗಂಟೆ
one hundred million	ನೂರು ಮಿಲಿಯನ್
one mind; wholeheartedness; the whole heart	ಒಂದು ಮನಸ್ಸು; ಪೂರ್ಣ ಹೃದಯ; ಇಡೀ ಹೃದಯ
one minute	ಒಂದು ನಿಮಿಷ
one month	ಒಂದು ತಿಂಗಳು
one more time, please	ಮತ್ತೊಮ್ಮೆ, ದಯವಿಟ್ಟು
one o'clock	ಒಂದು ಗಂಟೆ
one person	ಒಬ್ಬ ವ್ಯಕ್ತಿ
one side; one phase; front page; the other hand; the whole surface	ಒಂದು ಕಡೆ; ಒಂದು ಹಂತ; ಮುಖಪುಟ; ಇನ್ನೊಂದು ಕೈ; ಇಡೀ ಮೇಲ್ಮೈ
one-way (trip)	ಏಕಮುಖ (ಪ್ರಯಾಣ)
oneself	ಸ್ವತಃ
ongoing	ನಡೆಯುತ್ತಿದೆ
onion	ಈರುಳ್ಳಿ
online	ಆನ್ಲೈನ್
only	ಮಾತ್ರ
only / a little	ಕೇವಲ / ಸ್ವಲ್ಪ
only child	ಒಂದೇ ಮಗು
only; merely; a little; small quantity	ಮಾತ್ರ; ಕೇವಲ; ಸ್ವಲ್ಪ; ಸಣ್ಣ ಪ್ರಮಾಣ
only; sole; unique	ಮಾತ್ರ; ಏಕೈಕ; ಅನನ್ಯ
onto	ಮೇಲೆ
opaque	ಅಪಾರದರ್ಶಕ
open	ತೆರೆದ
open (e.g. secret); public; official	ತೆರೆದ (ಉದಾ. ರಹಸ್ಯ); ಸಾರ್ವಜನಿಕ; ಅಧಿಕೃತ
open field; empty lot; plain	ತೆರೆದ ಮೈದಾನ; ಖಾಲಿ ಬಹಳಷ್ಟು; ಸರಳ
open sea	ತೆರೆದ ಸಮುದ್ರ
open; throw open; liberalization	ತೆರೆದ; ತೆರೆದ ಎಸೆಯಿರಿ; ಉದಾರೀಕರಣ
opening	ತೆರೆಯಲಾಗುತ್ತಿದೆ
opening of a meeting	ಸಭೆಯ ಉದ್ಘಾಟನೆ
opening; open	ತೆರೆಯುವಿಕೆ; ತೆರೆದ
openly	ಬಹಿರಂಗವಾಗಿ
opera	ಒಪೆರಾ
operate	ಕಾರ್ಯನಿರ್ವಹಿಸುತ್ತವೆ
operation	ಕಾರ್ಯಾಚರಣೆ
operation / surgery	ಕಾರ್ಯಾಚರಣೆ / ಶಸ್ತ್ರಚಿಕಿತ್ಸೆ
operation; management; processing	ಕಾರ್ಯಾಚರಣೆ; ನಿರ್ವಹಣೆ; ಸಂಸ್ಕರಣೆ
operation; motion; driving	ಕಾರ್ಯಾಚರಣೆ; ಚಲನೆ; ಚಾಲನೆ
operational	ಕಾರ್ಯಾಚರಣೆ
operator	ಆಪರೇಟರ್
ophthalmology	ನೇತ್ರವಿಜ್ಞಾನ
opinion	ಅಭಿಪ್ರಾಯ
opinion; point of view	ಅಭಿಪ್ರಾಯ; ದೃಷ್ಟಿಕೋನ
opponent	ಎದುರಾಳಿ
opportunity	ಅವಕಾಶ
opportunity; chance	ಅವಕಾಶ; ಅವಕಾಶ
oppose	ವಿರೋಧಿಸುತ್ತಾರೆ
opposed	ವಿರೋಧಿಸಿದರು
opposite	ವಿರುದ್ಧ
opposition	ವಿರೋಧ
opposition; resistance	ವಿರೋಧ; ಪ್ರತಿರೋಧ
opt	ಆಯ್ಕೆ
optical	ಆಪ್ಟಿಕಲ್
optimism	ಆಶಾವಾದ
optimistic	ಆಶಾವಾದಿ
optimize	ಅತ್ಯುತ್ತಮವಾಗಿಸು
option	ಆಯ್ಕೆಯನ್ನು
opulent	ಶ್ರೀಮಂತ
or	ಅಥವಾ
or / alternatively	ಅಥವಾ / ಪರ್ಯಾಯವಾಗಿ
or; otherwise	ಅಥವಾ; ಇಲ್ಲದಿದ್ದರೆ
or; possibly	ಅಥವಾ; ಬಹುಶಃ
oral	ಮೌಖಿಕ
orange	ಕಿತ್ತಳೆ
orange (color)	ಕಿತ್ತಳೆ (ಬಣ್ಣ)
orbit; railroad track	ಕಕ್ಷೆ; ರೈಲು ಹಳಿ
orchestra	ಆರ್ಕೆಸ್ಟ್ರಾ
order	ಆದೇಶ
order (noun)	ಆದೇಶ (ನಾಮಪದ)
order / command	ಆದೇಶ / ಆದೇಶ
order / sequence	ಆದೇಶ / ಅನುಕ್ರಮ
order / turn	ಆದೇಶ / ತಿರುವು
order; command; decree; directive; (software) instruction	ಆದೇಶ; ಆಜ್ಞೆ; ತೀರ್ಪು; ನಿರ್ದೇಶನ; (ಸಾಫ್ಟ್‌ವೇರ್) ಸೂಚನೆ
order; request	ಆದೇಶ; ವಿನಂತಿ
order; rules; law	ಆದೇಶ; ನಿಯಮಗಳು; ಕಾನೂನು
order; sequence; procedure	ಆದೇಶ; ಅನುಕ್ರಮ; ಕಾರ್ಯವಿಧಾನ
order; system; structure; set-up; organization	ಆದೇಶ; ವ್ಯವಸ್ಥೆ; ರಚನೆ; ಸೆಟ್ ಅಪ್; ಸಂಘಟನೆ
order; turn	ಆದೇಶ; ತಿರುಗಿ
ordinary	ಸಾಮಾನ್ಯ
ordinary; regular; everyday; usual	ಸಾಮಾನ್ಯ; ನಿಯಮಿತ; ಪ್ರತಿದಿನ; ಸಾಮಾನ್ಯ
ordinary; usual; in general; briefly	ಸಾಮಾನ್ಯ; ಸಾಮಾನ್ಯ; ಸಾಮಾನ್ಯವಾಗಿ; ಸಂಕ್ಷಿಪ್ತವಾಗಿ
organ	ಅಂಗ
organ (of body); instrument	ಅಂಗ (ದೇಹದ); ವಾದ್ಯ
organ; mechanism; facility; engine	ಅಂಗ; ಯಾಂತ್ರಿಕತೆ; ಸೌಲಭ್ಯ; ಎಂಜಿನ್
organic	ಸಾವಯವ
organism	ಜೀವಿ
organization	ಸಂಘಟನೆ
organization; association	ಸಂಘಟನೆ; ಸಂಘ
organization; composition	ಸಂಘಟನೆ; ಸಂಯೋಜನೆ
organizational	ಸಾಂಸ್ಥಿಕ
organize	ಸಂಘಟಿಸಿ
organized	ಆಯೋಜಿಸಲಾಗಿದೆ
organizer	ಸಂಘಟಕ
orientation	ದೃಷ್ಟಿಕೋನ
origin	ಮೂಲ
origin (coordinates); starting point	ಮೂಲ (ನಿರ್ದೇಶನಗಳು); ಆರಂಭಿಕ ಹಂತ
origin; beginning	ಮೂಲ; ಆರಂಭ
origin; beginning; rise	ಮೂಲ; ಆರಂಭ; ಏರಿಕೆ
origin; primeval	ಮೂಲ; ಪ್ರಾಚೀನ
original	ಮೂಲ
original (text)	ಮೂಲ (ಪಠ್ಯ)
original document	ಮೂಲ ದಾಖಲೆ
original form; base form	ಮೂಲ ರೂಪ; ಮೂಲ ರೂಪ
original work	ಮೂಲ ಕೆಲಸ
original; primitive; primary; fundamental; raw	ಮೂಲ; ಪ್ರಾಚೀನ; ಪ್ರಾಥಮಿಕ; ಮೂಲಭೂತ; ಕಚ್ಚಾ
originally	ಮೂಲತಃ
originally; by nature; from the start	ಮೂಲತಃ; ಸ್ವಭಾವತಃ; ಆರಂಭದಿಂದ
originally; primarily; essentially; logically; naturally	ಮೂಲತಃ; ಪ್ರಾಥಮಿಕವಾಗಿ; ಮೂಲಭೂತವಾಗಿ; ತಾರ್ಕಿಕವಾಗಿ; ಸ್ವಾಭಾವಿಕವಾಗಿ
originate	ಹುಟ್ಟಿಕೊಳ್ಳುತ್ತವೆ
orphan	ಅನಾಥ
other	ಇತರೆ
other (esp. places and things)	ಇತರೆ (ಉದಾ. ಸ್ಥಳಗಳು ಮತ್ತು ವಸ್ತುಗಳು)
other place; the rest	ಇತರ ಸ್ಥಳ; ಉಳಿದವು
otherwise	ಇಲ್ಲದಿದ್ದರೆ
ought	ಬೇಕು
our	ನಮ್ಮ
our person in charge	ನಮ್ಮ ಉಸ್ತುವಾರಿ ವ್ಯಕ್ತಿ
ours	ನಮ್ಮದು
ourselves	ನಾವೇ
out	ಹೊರಗೆ
out of the blue	ನೀಲಿ ಹೊರಗೆ
outbreak	ಏಕಾಏಕಿ
outcome	ಫಲಿತಾಂಶ
outdoor	ಹೊರಾಂಗಣ
outdoors	ಹೊರಾಂಗಣದಲ್ಲಿ
outer	ಹೊರಗಿನ
outfit	ಸಜ್ಜು
outgoing	ಹೊರಹೋಗುವ
outing	ವಿಹಾರ
outing; going out	ವಿಹಾರ; ಹೊರಗೆ ಹೋಗುತ್ತಿದೆ
outlet	ಔಟ್ಲೆಟ್
outline	ರೂಪರೇಖೆ
outline; summary; gist; in brief	ರೂಪರೇಖೆ; ಸಾರಾಂಶ; ಸಾರಾಂಶ; ಸಂಕ್ಷಿಪ್ತವಾಗಿ
outlook	ಮೇಲ್ನೋಟ
outnumber	ಸಂಖ್ಯೆ ಮೀರಿದೆ
output	ಔಟ್ಪುಟ್
outrage	ಆಕ್ರೋಶ
outside	ಹೊರಗೆ
outside the area	ಪ್ರದೇಶದ ಹೊರಗೆ
outsider	ಹೊರಗಿನವನು
outskirts	ಹೊರವಲಯಗಳು
outstanding	ಮಹೋನ್ನತ
outward appearance	ಬಾಹ್ಯ ನೋಟ
oven	ಒಲೆಯಲ್ಲಿ
over	ಮುಗಿದಿದೆ
over there	ಅಲ್ಲಿ
over there, that place over there	ಅಲ್ಲಿ, ಅಲ್ಲಿ ಆ ಸ್ಥಳ
overall	ಒಟ್ಟಾರೆ
overall victory; championship	ಒಟ್ಟಾರೆ ಗೆಲುವು; ಚಾಂಪಿಯನ್ಶಿಪ್
overbearing; coercive; pushy; forcible; high-handed	ಮಿತಿಮೀರಿದ; ಬಲವಂತ; ತಳ್ಳುವ; ಬಲವಂತವಾಗಿ; ಎತ್ತರದ
overcome	ಜಯಿಸಲು
overlook	ಕಡೆಗಣಿಸಿ
overly	ಅತಿಯಾಗಿ
overnight	ರಾತ್ರಿ
overseas	ಸಾಗರೋತ್ತರ
overseas / abroad	ಸಾಗರೋತ್ತರ / ವಿದೇಶದಲ್ಲಿ
overseas student	ಸಾಗರೋತ್ತರ ವಿದ್ಯಾರ್ಥಿ
oversee	ಮೇಲ್ವಿಚಾರಣೆ
overtime work	ಅಧಿಕಾವಧಿ ಕೆಲಸ
overturn	ಉರುಳಿಸು
overwhelm	ಅತಿಕ್ರಮಿಸಿ
overwhelming	ಅಗಾಧ
overwork; strain	ಅತಿಯಾದ ಕೆಲಸ; ಸ್ಟ್ರೈನ್
owe	ಋಣಿಯಾಗಿದೆ
owl	ಗೂಬೆ
own	ಸ್ವಂತ
owner	ಮಾಲೀಕರು
ownership	ಮಾಲೀಕತ್ವ
oxygen	ಆಮ್ಲಜನಕ
p.m. / afternoon	p.m. / ಮಧ್ಯಾಹ್ನ
pace	ಗತಿ
pack	ಪ್ಯಾಕ್
package	ಪ್ಯಾಕೇಜ್
packed tightly	ಬಿಗಿಯಾಗಿ ಪ್ಯಾಕ್ ಮಾಡಲಾಗಿದೆ
packet	ಪ್ಯಾಕೆಟ್
packing (in cans); canning; canned goods; tin can	ಪ್ಯಾಕಿಂಗ್ (ಕ್ಯಾನ್ಗಳಲ್ಲಿ); ಕ್ಯಾನಿಂಗ್; ಪೂರ್ವಸಿದ್ಧ ಸರಕುಗಳು; ತವರ ಡಬ್ಬಿ
packing; baling; crating	ಪ್ಯಾಕಿಂಗ್; ಬೇಲಿಂಗ್; ಕ್ರೇಟಿಂಗ್
packing; wrapping	ಪ್ಯಾಕಿಂಗ್; ಸುತ್ತುವುದು
pad	ಪ್ಯಾಡ್
paddy field; farm	ಭತ್ತದ ಗದ್ದೆ; ಕೃಷಿ
page	ಪುಟ
pain	ನೋವು
pain; ache; sore; grief; distress	ನೋವು; ನೋವು; ನೋಯುತ್ತಿರುವ; ದುಃಖ; ಸಂಕಟ
pain; agony	ನೋವು; ಸಂಕಟ
pain; trouble	ನೋವು; ತೊಂದರೆ
painful	ನೋವಿನಿಂದ ಕೂಡಿದೆ
painful / hard	ನೋವಿನ / ಕಠಿಣ
painful / hurts	ನೋವಿನ / ನೋವುಂಟುಮಾಡುತ್ತದೆ
painful; difficult	ನೋವಿನಿಂದ ಕೂಡಿದ; ಕಷ್ಟ
painful; heart-breaking	ನೋವಿನಿಂದ ಕೂಡಿದ; ಹೃದಯ ಮುರಿಯುವ
paint	ಬಣ್ಣ
painter	ವರ್ಣಚಿತ್ರಕಾರ
painter; artist	ವರ್ಣಚಿತ್ರಕಾರ; ಕಲಾವಿದ
painting	ಚಿತ್ರಕಲೆ
painting; picture; drawing	ಚಿತ್ರಕಲೆ; ಚಿತ್ರ; ರೇಖಾಚಿತ್ರ
pair	ಜೋಡಿ
pair; couple; set	ಜೋಡಿ; ದಂಪತಿಗಳು; ಸೆಟ್
pajamas	ಪೈಜಾಮಾಗಳು
palace	ಅರಮನೆ
pale	ತೆಳು
pale; pallid	ತೆಳು; ಮಸುಕಾದ
palm	ಅಂಗೈ
pan	ಪ್ಯಾನ್
panda	ಪಾಂಡ
pandemic	ಸಾಂಕ್ರಾಮಿಕ
panel	ಫಲಕ
panic	ಗಾಬರಿ
pants	ಪ್ಯಾಂಟ್
paper	ಕಾಗದ
paper money; notes; bills	ಕಾಗದದ ಹಣ; ಟಿಪ್ಪಣಿಗಳು; ಬಿಲ್ಲುಗಳು
paper sliding door	ಕಾಗದದ ಜಾರುವ ಬಾಗಿಲು
parade	ಮೆರವಣಿಗೆ
paradigm	ಮಾದರಿ
paradise	ಸ್ವರ್ಗ
paradox	ವಿರೋಧಾಭಾಸ
paragraph	ಪ್ಯಾರಾಗ್ರಾಫ್
parallel	ಸಮಾನಾಂತರ
parameter	ನಿಯತಾಂಕ
paramount	ಅತಿಮುಖ್ಯ
parcel; package	ಪಾರ್ಸೆಲ್; ಪ್ಯಾಕೇಜ್
pardon; forgiveness; forbearance	ಕ್ಷಮಿಸು; ಕ್ಷಮೆ; ಸಹನೆ
parent	ಪೋಷಕ
parental	ಪೋಷಕರ
parenthesis; brackets	ಆವರಣ; ಆವರಣಗಳು
parents	ಪೋಷಕರು
parish	ಪ್ಯಾರಿಷ್
park	ಉದ್ಯಾನವನ
parking	ಪಾರ್ಕಿಂಗ್
parking (e.g. car)	ಪಾರ್ಕಿಂಗ್ (ಉದಾ. ಕಾರು)
parking lot	ಪಾರ್ಕಿಂಗ್ ಸ್ಥಳ
parliament	ಸಂಸತ್ತು
parliamentary	ಸಂಸದೀಯ
parlor; guest room	ಪಾರ್ಲರ್; ಅತಿಥಿ ಕೊಠಡಿ
part	ಭಾಗ
part of word written in kana	ಕಾನಾದಲ್ಲಿ ಬರೆದ ಪದದ ಭಾಗ
part-time	ಅರೆಕಾಲಿಕ
part-time job	ಅರೆಕಾಲಿಕ ಕೆಲಸ
part; assigning (allotment of) parts; role; duties	ಭಾಗ; ಭಾಗಗಳನ್ನು ನಿಯೋಜಿಸುವುದು (ಹಂಚಿಕೆ); ಪಾತ್ರ; ಕರ್ತವ್ಯಗಳು
partial	ಭಾಗಶಃ
partially	ಭಾಗಶಃ
participant	ಭಾಗವಹಿಸುವವರು
participate	ಭಾಗವಹಿಸುತ್ತಾರೆ
participation	ಭಾಗವಹಿಸುವಿಕೆ
participation; taking part in; participating in; being concerned in	ಭಾಗವಹಿಸುವಿಕೆ; ಭಾಗವಹಿಸುವಿಕೆ; ಭಾಗವಹಿಸುವಿಕೆ; ನಲ್ಲಿ ಚಿಂತಿಸಲಾಗುತ್ತಿದೆ
particular	ನಿರ್ದಿಷ್ಟ
particular case	ನಿರ್ದಿಷ್ಟ ಪ್ರಕರಣ
particularly	ನಿರ್ದಿಷ್ಟವಾಗಿ
particularly; especially	ನಿರ್ದಿಷ್ಟವಾಗಿ; ವಿಶೇಷವಾಗಿ
parting	ಅಗಲುವಿಕೆ
parting; separation; farewell	ಅಗಲುವಿಕೆ; ಪ್ರತ್ಯೇಕತೆ; ಬೀಳ್ಕೊಡುಗೆ
partly	ಭಾಗಶಃ
partner	ಪಾಲುದಾರ
partnership	ಪಾಲುದಾರಿಕೆ
parts; accessories	ಭಾಗಗಳು; ಬಿಡಿಭಾಗಗಳು
party	ಪಕ್ಷ
party (political)	ಪಕ್ಷ (ರಾಜಕೀಯ)
party of ... people	ಜನರ ಪಕ್ಷ
party; banquet	ಪಕ್ಷ; ಔತಣಕೂಟ
pass	ಪಾಸ್
passable	ರವಾನಿಸಬಹುದಾದ
passage	ಅಂಗೀಕಾರ
passage through; passing	ಮೂಲಕ ಹಾದುಹೋಗು; ಹಾದುಹೋಗುವ
passage; expiration; progress	ಅಂಗೀಕಾರ; ಮುಕ್ತಾಯ; ಪ್ರಗತಿ
passage; passing	ಅಂಗೀಕಾರ; ಹಾದುಹೋಗುವ
passage; pathway	ಅಂಗೀಕಾರ; ಮಾರ್ಗ
passage; place; point; part	ಅಂಗೀಕಾರ; ಸ್ಥಳ; ಬಿಂದು; ಭಾಗ
passbook	ಪಾಸ್ಬುಕ್
passenger	ಪ್ರಯಾಣಿಕ
passing	ಹಾದುಹೋಗುವ
passion	ಉತ್ಸಾಹ
passionate	ಭಾವೋದ್ರಿಕ್ತ
passive	ನಿಷ್ಕ್ರಿಯ
passport	ಪಾಸ್ಪೋರ್ಟ್
password	ಪಾಸ್ವರ್ಡ್
past	ಹಿಂದಿನ
past (the hour)	ಕಳೆದ (ಗಂಟೆ)
past events; bygones	ಹಿಂದಿನ ಘಟನೆಗಳು; ಹಿಂದಿನ ಕಾಲಗಳು
past; after	ಹಿಂದಿನದು; ನಂತರ
pasta	ಪಾಸ್ಟಾ
paste; starch	ಪೇಸ್ಟ್; ಪಿಷ್ಟ
pastor	ಪಾದ್ರಿ
pastry	ಪೇಸ್ಟ್ರಿ
patch	ತೇಪೆ
patent	ಪೇಟೆಂಟ್
path	ಮಾರ್ಗ
pathway	ಮಾರ್ಗ
patience	ತಾಳ್ಮೆ
patience / perseverance	ತಾಳ್ಮೆ / ಪರಿಶ್ರಮ
patience; endurance; perseverance	ತಾಳ್ಮೆ; ಸಹಿಷ್ಣುತೆ; ಪರಿಶ್ರಮ
patient	ರೋಗಿಯ
patrol	ಗಸ್ತು
patron	ಪೋಷಕ
pattern	ಮಾದರಿ
pattern; figure; design	ಮಾದರಿ; ಆಕೃತಿ; ವಿನ್ಯಾಸ
paulownia tree	ಪೌಲೋನಿಯಾ ಮರ
pause	ವಿರಾಮ
pay	ಪಾವತಿಸಿ
payment	ಪಾವತಿ
payment / checkout	ಪಾವತಿ / ಚೆಕ್ಔಟ್
payment; allowance	ಪಾವತಿ; ಭತ್ಯೆ
peace	ಶಾಂತಿ
peace; harmony	ಶಾಂತಿ; ಸಾಮರಸ್ಯ
peaceful	ಶಾಂತಿಯುತ
peach	ಪೀಚ್
peach pink	ಪೀಚ್ ಗುಲಾಬಿ
peak	ಶಿಖರ
peasant	ರೈತ
peculiar	ವಿಶಿಷ್ಟವಾದ
peculiarity; uniqueness; characteristic	ವಿಶಿಷ್ಟತೆ; ಅನನ್ಯತೆ; ವಿಶಿಷ್ಟ
pedestrian traffic	ಪಾದಚಾರಿ ಸಂಚಾರ
peer	ಪೀರ್
pen	ಪೆನ್ನು
penalty	ದಂಡ
penalty; sentence; punishment	ದಂಡ; ವಾಕ್ಯ; ಶಿಕ್ಷೆ
pencil	ಪೆನ್ಸಿಲ್
penetration; invasion; raid; aggression; trespass	ನುಗ್ಗುವಿಕೆ; ಆಕ್ರಮಣ; ದಾಳಿ; ಆಕ್ರಮಣಶೀಲತೆ; ಅತಿಕ್ರಮಣ
penguin	ಪೆಂಗ್ವಿನ್
peninsula	ಪರ್ಯಾಯ ದ್ವೀಪ
penmanship	ಬರಹ
penny	ಪೆನ್ನಿ
pension	ಪಿಂಚಣಿ
people	ಜನರು
pepper	ಮೆಣಸು
per	ಪ್ರತಿ
per cent	ಶೇ
perceive	ಗ್ರಹಿಸುತ್ತಾರೆ
percentage	ಶೇಕಡಾವಾರು
perception	ಗ್ರಹಿಕೆ
perception; intuition; the sixth sense	ಗ್ರಹಿಕೆ; ಅಂತಃಪ್ರಜ್ಞೆ; ಆರನೇ ಇಂದ್ರಿಯ
perfect	ಪರಿಪೂರ್ಣ
perfect score	ಪರಿಪೂರ್ಣ ಸ್ಕೋರ್
perfection; completeness	ಪರಿಪೂರ್ಣತೆ; ಸಂಪೂರ್ಣತೆ
perfection; completeness; flawless	ಪರಿಪೂರ್ಣತೆ; ಸಂಪೂರ್ಣತೆ; ದೋಷರಹಿತ
perfection; harmony; peace; smoothness; completeness; satisfaction; integrity	ಪರಿಪೂರ್ಣತೆ; ಸಾಮರಸ್ಯ; ಶಾಂತಿ; ಮೃದುತ್ವ; ಸಂಪೂರ್ಣತೆ; ತೃಪ್ತಿ; ಸಮಗ್ರತೆ
perfectly	ಸಂಪೂರ್ಣವಾಗಿ
perform	ನಿರ್ವಹಿಸುತ್ತವೆ
performance	ಪ್ರದರ್ಶನ
perfume	ಸುಗಂಧ ದ್ರವ್ಯ
perhaps	ಬಹುಶಃ
perhaps; probably	ಬಹುಶಃ; ಬಹುಶಃ
period	ಅವಧಿ
period / duration	ಅವಧಿ / ಅವಧಿ
period; term	ಅವಧಿ; ಅವಧಿ
period; time	ಅವಧಿ; ಸಮಯ
permanent	ಶಾಶ್ವತ
permanently	ಶಾಶ್ವತವಾಗಿ
permission	ಅನುಮತಿ
permission; approval	ಅನುಮತಿ; ಅನುಮೋದನೆ
permission; pardon	ಅನುಮತಿ; ಕ್ಷಮಿಸಿ
permit	ಅನುಮತಿ
perpetuate	ಶಾಶ್ವತಗೊಳಿಸು
persist	ನಿರಂತರ
persistent	ನಿರಂತರ
person	ವ್ಯಕ್ತಿ
person; way of doing	ವ್ಯಕ್ತಿ; ಮಾಡುವ ವಿಧಾನ
personal	ವೈಯಕ್ತಿಕ
personal computer	ವೈಯಕ್ತಿಕ ಕಂಪ್ಯೂಟರ್
personal expenses; pocket money; spending money; incidental expenses; allowance	ವೈಯಕ್ತಿಕ ವೆಚ್ಚಗಳು; ಪಾಕೆಟ್ ಮನಿ; ಹಣವನ್ನು ಖರ್ಚು ಮಾಡುವುದು; ಪ್ರಾಸಂಗಿಕ ವೆಚ್ಚಗಳು; ಭತ್ಯೆ
personal history; career	ವೈಯಕ್ತಿಕ ಇತಿಹಾಸ; ವೃತ್ತಿ
personality	ವ್ಯಕ್ತಿತ್ವ
personally	ವೈಯಕ್ತಿಕವಾಗಿ
personnel	ಸಿಬ್ಬಂದಿ
persons; this and that; here and there; everywhere	ವ್ಯಕ್ತಿಗಳು; ಇದು ಮತ್ತು ಅದು; ಇಲ್ಲಿ ಮತ್ತು ಅಲ್ಲಿ; ಎಲ್ಲೆಡೆ
perspective	ದೃಷ್ಟಿಕೋನ
perspective; unobstructed view; outlook; forecast; prospect; insight	ದೃಷ್ಟಿಕೋನ; ಅಡೆತಡೆಯಿಲ್ಲದ ನೋಟ; ಮೇಲ್ನೋಟ; ಮುನ್ಸೂಚನೆ; ನಿರೀಕ್ಷೆ; ಒಳನೋಟ
persuade	ಮನವೊಲಿಸಿ
persuasive	ಮನವೊಲಿಸುವ
pertinent; appropriate; adequate; relevance	ಸಂಬಂಧಪಟ್ಟ; ಸೂಕ್ತ; ಸಮರ್ಪಕ; ಪ್ರಸ್ತುತತೆ
pervasive	ವ್ಯಾಪಿಸಿರುವ
pessimistic	ನಿರಾಶಾವಾದಿ
pet	ಸಾಕುಪ್ರಾಣಿ
petition	ಮನವಿ
petrol	ಪೆಟ್ರೋಲ್
pharmacy	ಔಷಧಾಲಯ
pharmacy; drugstore	ಔಷಧಾಲಯ; ಔಷಧಿ ಅಂಗಡಿ
phase	ಹಂತ
phenomenon	ವಿದ್ಯಮಾನ
philosopher	ತತ್ವಜ್ಞಾನಿ
philosophical	ತಾತ್ವಿಕ
philosophy	ತತ್ವಶಾಸ್ತ್ರ
phone	ಫೋನ್
phone extension; indoor wiring; inner line	ಫೋನ್ ವಿಸ್ತರಣೆ; ಒಳಾಂಗಣ ವೈರಿಂಗ್; ಒಳಗಿನ ಸಾಲು
phone number	ದೂರವಾಣಿ ಸಂಖ್ಯೆ
photo	ಫೋಟೋ
photograph	ಛಾಯಾಚಿತ್ರ
photographer	ಛಾಯಾಗ್ರಾಹಕ
photographing	ಛಾಯಾಚಿತ್ರ
photography	ಛಾಯಾಗ್ರಹಣ
phrase	ನುಡಿಗಟ್ಟು
phrase; complaint	ನುಡಿಗಟ್ಟು; ದೂರು
physical	ಭೌತಿಕ
physical education	ದೈಹಿಕ ಶಿಕ್ಷಣ
physical education; gymnastics; athletics	ದೈಹಿಕ ಶಿಕ್ಷಣ; ಜಿಮ್ನಾಸ್ಟಿಕ್ಸ್; ಅಥ್ಲೆಟಿಕ್ಸ್
physician	ವೈದ್ಯ
physics	ಭೌತಶಾಸ್ತ್ರ
piano	ಪಿಯಾನೋ
pick	ಆರಿಸಿ
pickpocket	ಜೇಬುಗಳ್ಳ
picture	ಚಿತ್ರ
picture / painting	ಚಿತ್ರ / ಚಿತ್ರಕಲೆ
picture book	ಚಿತ್ರ ಪುಸ್ತಕ
picture; photograph	ಚಿತ್ರ; ಛಾಯಾಚಿತ್ರ
piece	ತುಂಡು
pig	ಹಂದಿ
pile	ರಾಶಿ
pill	ಮಾತ್ರೆ
pillow	ದಿಂಬು
pillow; bolster	ದಿಂಬು; ಪುಷ್ಟೀಕರಿಸು
pilot	ಪೈಲಟ್
pin	ಪಿನ್
pineapple	ಅನಾನಸ್
pink	ಗುಲಾಬಿ
pioneer	ಪ್ರವರ್ತಕ
pipe	ಪೈಪ್
pipe; tube	ಪೈಪ್; ಟ್ಯೂಬ್
pipeline	ಪೈಪ್ಲೈನ್
pirate	ದರೋಡೆಕೋರ
pit	ಹಳ್ಳ
pitch	ಪಿಚ್
pitch black	ಪಿಚ್ ಕಪ್ಪು
pitiful; a pity	ಕರುಣಾಜನಕ; ಒಂದು ಕರುಣೆ
pity	ಕರುಣೆ
pivotal	ಪ್ರಮುಖ
pizza	ಪಿಜ್ಜಾ
place	ಸ್ಥಳ
place / spot	ಸ್ಥಳ / ಸ್ಥಳ
place name	ಸ್ಥಳದ ಹೆಸರು
place of origin; habitat	ಮೂಲದ ಸ್ಥಳ; ಆವಾಸಸ್ಥಾನ
place of work	ಕೆಲಸದ ಸ್ಥಳ
place where things are sold	ವಸ್ತುಗಳನ್ನು ಮಾರಾಟ ಮಾಡುವ ಸ್ಥಳ
place; field (physics)	ಸ್ಥಳ; ಕ್ಷೇತ್ರ (ಭೌತಶಾಸ್ತ್ರ)
place; situation; position; location	ಸ್ಥಳ; ಪರಿಸ್ಥಿತಿ; ಸ್ಥಾನ; ಸ್ಥಳ
placement	ನಿಯೋಜನೆ
plain	ಸರಳ
plain; open field	ಸರಳ; ತೆರೆದ ಮೈದಾನ
plain; simple	ಸರಳ; ಸರಳ
plain; unfigured	ಸರಳ; ಆಕೃತಿಯಿಲ್ಲದ
plaintiff	ಫಿರ್ಯಾದಿ
plan	ಯೋಜನೆ
plan / project	ಯೋಜನೆ / ಯೋಜನೆ
plan; design	ಯೋಜನೆ; ವಿನ್ಯಾಸ
plan; project; schedule; scheme; program	ಯೋಜನೆ; ಯೋಜನೆ; ವೇಳಾಪಟ್ಟಿ; ಯೋಜನೆ; ಕಾರ್ಯಕ್ರಮ
plan; suffix meaning draft	ಯೋಜನೆ; ಪ್ರತ್ಯಯ ಎಂದರೆ ಕರಡು
plane	ವಿಮಾನ
plane ticket	ವಿಮಾನ ಟಿಕೆಟ್
planet	ಗ್ರಹ
planning	ಯೋಜನೆ
planning; project	ಯೋಜನೆ; ಯೋಜನೆ
plant	ಸಸ್ಯ
plant; vegetation	ಸಸ್ಯ; ಸಸ್ಯವರ್ಗ
plastic	ಪ್ಲಾಸ್ಟಿಕ್
plate	ಪ್ಲೇಟ್
plate; dish	ಪ್ಲೇಟ್; ಭಕ್ಷ್ಯ
plateau	ಪ್ರಸ್ಥಭೂಮಿ
platform	ವೇದಿಕೆ
platform / boarding area	ವೇದಿಕೆ / ಬೋರ್ಡಿಂಗ್ ಪ್ರದೇಶ
platform / stop	ವೇದಿಕೆ / ನಿಲುಗಡೆ
plausible	ತೋರಿಕೆಯ
play	ಆಡುತ್ತಾರೆ
play (theatrical)	ನಾಟಕ (ನಾಟಕ)
play; drama	ಆಟ; ನಾಟಕ
playback	ಪ್ಲೇಬ್ಯಾಕ್
player	ಆಟಗಾರ
plaza	ಪ್ಲಾಜಾ
plea	ಮನವಿ
plead	ಮನವಿ
pleasant	ಆಹ್ಲಾದಕರ
pleasant; agreeable	ಆಹ್ಲಾದಕರ; ಒಪ್ಪುವ
pleasant; agreeable; comfortable	ಆಹ್ಲಾದಕರ; ಒಪ್ಪುವ; ಆರಾಮದಾಯಕ
pleasant; happy	ಆಹ್ಲಾದಕರ; ಸಂತೋಷವಾಗಿದೆ
please	ದಯವಿಟ್ಟು
please (go ahead)	ದಯವಿಟ್ಟು (ಮುಂದುವರಿಯಿರಿ)
please come (respect request)	ದಯವಿಟ್ಟು ಬನ್ನಿ (ಗೌರವ ಕೋರಿಕೆ)
please command (humble)	ದಯವಿಟ್ಟು ಆಜ್ಞಾಪಿಸಿ (ವಿನಮ್ರ)
please confirm	ದಯವಿಟ್ಟು ಖಚಿತಪಡಿಸಿ
please consider	ದಯವಿಟ್ಟು ಪರಿಗಣಿಸಿ
please find enclosed	ದಯವಿಟ್ಟು ಲಗತ್ತಿಸಿರುವುದನ್ನು ಕಂಡುಹಿಡಿಯಿರಿ
please forgive / allow	ದಯವಿಟ್ಟು ಕ್ಷಮಿಸಿ / ಅನುಮತಿಸಿ
please give it a read	ದಯವಿಟ್ಟು ಅದನ್ನು ಓದಲು ನೀಡಿ
please let me know (humble)	ದಯವಿಟ್ಟು ನನಗೆ ತಿಳಿಸಿ (ವಿನಮ್ರ)
please look (respect request)	ದಯವಿಟ್ಟು ನೋಡಿ (ಗೌರವ ಕೋರಿಕೆ)
please review (respect)	ದಯವಿಟ್ಟು ಪರಿಶೀಲಿಸಿ (ಗೌರವ)
please speak slowly	ದಯವಿಟ್ಟು ನಿಧಾನವಾಗಿ ಮಾತನಾಡಿ
please tell me	ದಯವಿಟ್ಟು ನನಗೆ ತಿಳಿಸಿ
please treat me well	ದಯವಿಟ್ಟು ನನ್ನನ್ನು ಚೆನ್ನಾಗಿ ನಡೆಸಿಕೊಳ್ಳಿ
please wait a moment	ದಯವಿಟ್ಟು ಸ್ವಲ್ಪ ನಿರೀಕ್ಷಿಸಿ
please write it	ದಯವಿಟ್ಟು ಅದನ್ನು ಬರೆಯಿರಿ
please; kindly; by all means	ದಯವಿಟ್ಟು; ದಯೆಯಿಂದ; ಎಲ್ಲಾ ವಿಧಾನಗಳಿಂದ
pleased	ಸಂತಸವಾಯಿತು
pleased to meet you	ನಿಮ್ಮನ್ನು ಭೇಟಿಯಾಗಲು ಸಂತೋಷವಾಗಿದೆ
pleasure	ಸಂತೋಷ
pleasure; amusement	ಆನಂದ; ಮನರಂಜನೆ
pledge	ಪ್ರತಿಜ್ಞೆ
plenty	ಸಾಕಷ್ಟು
plot	ಕಥಾವಸ್ತು
plot of land; lot; soil	ಜಮೀನಿನ ಕಥಾವಸ್ತು; ಬಹಳಷ್ಟು; ಮಣ್ಣು
plug	ಪ್ಲಗ್
plum; plum-tree; lowest (of a three-tier ranking system)	ಪ್ಲಮ್; ಪ್ಲಮ್-ಮರ; ಕಡಿಮೆ (ಮೂರು ಹಂತದ ಶ್ರೇಯಾಂಕ ವ್ಯವಸ್ಥೆ)
plummet	ಇಳಿಮುಖ
plunge	ಧುಮುಕುವುದು
plural; multiple	ಬಹುವಚನ; ಬಹು
plus	ಜೊತೆಗೆ
pocket	ಪಾಕೆಟ್
poem	ಕವಿತೆ
poem; verse of poetry	ಕವಿತೆ; ಕಾವ್ಯದ ಪದ್ಯ
poet	ಕವಿ
poetry	ಕಾವ್ಯ
point	ಪಾಯಿಂಟ್
point of view	ದೃಷ್ಟಿಕೋನ
point out	ಸೂಚಿಸುತ್ತಾರೆ
point; dot	ಬಿಂದು; ಚುಕ್ಕೆ
point; gist; essentials; outline	ಬಿಂದು; ಸಾರಾಂಶ; ಅಗತ್ಯ ವಸ್ತುಗಳು; ರೂಪರೇಖೆ
pointed	ಸೂಚಿಸಿದರು
pointed end; tip; fine point	ಮೊನಚಾದ ಅಂತ್ಯ; ತುದಿ; ಉತ್ತಮ ಪಾಯಿಂಟ್
pointed; sharp	ಮೊನಚಾದ; ಚೂಪಾದ
poison	ವಿಷ
poison; toxicant	ವಿಷ; ವಿಷಕಾರಿ
poisonous	ವಿಷಕಾರಿ
pole	ಕಂಬ
pole; rod; stick	ಕಂಬ; ರಾಡ್; ಕೋಲು
police	ಪೊಲೀಸ್
police box	ಪೊಲೀಸ್ ಬಾಕ್ಸ್
police inspector	ಪೊಲೀಸ್ ಇನ್ಸ್ಪೆಕ್ಟರ್
police officer	ಪೊಲೀಸ್ ಅಧಿಕಾರಿ
police station	ಪೊಲೀಸ್ ಠಾಣೆ
police; police station	ಪೊಲೀಸ್; ಪೊಲೀಸ್ ಠಾಣೆ
police; policeman	ಪೊಲೀಸ್; ಪೊಲೀಸ್
policeman	ಪೊಲೀಸ್
policeman (friendly term)	ಪೊಲೀಸ್ (ಸ್ನೇಹಿ ಪದ)
policy	ನೀತಿ
polite	ಸಭ್ಯ
polite / careful	ಸಭ್ಯ / ಎಚ್ಚರಿಕೆಯಿಂದ
political	ರಾಜಕೀಯ
politician	ರಾಜಕಾರಣಿ
politics	ರಾಜಕೀಯ
politics; government	ರಾಜಕೀಯ; ಸರ್ಕಾರ
poll	ಸಮೀಕ್ಷೆ
pollen	ಪರಾಗ
pollution	ಮಾಲಿನ್ಯ
pollution; contamination	ಮಾಲಿನ್ಯ; ಮಾಲಿನ್ಯ
pomp; splendor; gaudiness	ಆಡಂಬರ; ವೈಭವ; ಗೌಡಿತನ
pond	ಕೊಳ
pool	ಕೊಳ
poor	ಬಡವರು
poor (at); weak (in); dislike (of)	ಕಳಪೆ (ನಲ್ಲಿ); ದುರ್ಬಲ (ಇನ್); ಇಷ್ಟಪಡದಿರಲು (ನ)
poor; needy	ಬಡವರು; ನಿರ್ಗತಿಕ
poor; pitiable; pathetic	ಬಡವರು; ಕರುಣಾಜನಕ; ಕರುಣಾಜನಕ
pop	ಪಾಪ್
popcorn	ಪಾಪ್ ಕಾರ್ನ್
popular	ಜನಪ್ರಿಯ
popular use; circulation	ಜನಪ್ರಿಯ ಬಳಕೆ; ಪರಿಚಲನೆ
popularity	ಜನಪ್ರಿಯತೆ
popularity; favorable reputation	ಜನಪ್ರಿಯತೆ; ಅನುಕೂಲಕರ ಖ್ಯಾತಿ
popularity; prosperous	ಜನಪ್ರಿಯತೆ; ಸಮೃದ್ಧ
population	ಜನಸಂಖ್ಯೆ
porcelain bowl; bowl of rice with food on top	ಪಿಂಗಾಣಿ ಬೌಲ್; ಮೇಲೆ ಆಹಾರದೊಂದಿಗೆ ಅನ್ನದ ಬಟ್ಟಲು
pork	ಹಂದಿಮಾಂಸ
pork cutlet	ಹಂದಿ ಕಟ್ಲೆಟ್
port	ಬಂದರು
port / harbor	ಬಂದರು / ಬಂದರು
portfolio	ಬಂಡವಾಳ
portion	ಭಾಗ
portion; section; part	ಭಾಗ; ವಿಭಾಗ; ಭಾಗ
portrait	ಭಾವಚಿತ್ರ
portray	ಚಿತ್ರಿಸುತ್ತವೆ
pose	ಭಂಗಿ
position	ಸ್ಥಾನ
positive	ಧನಾತ್ಮಕ
positive; active; proactive	ಧನಾತ್ಮಕ; ಸಕ್ರಿಯ; ಪೂರ್ವಭಾವಿ
positive; affirmation	ಧನಾತ್ಮಕ; ದೃಢೀಕರಣ
possess	ಹೊಂದಿರುತ್ತಾರೆ
possession	ಸ್ವಾಧೀನ
possibility	ಸಾಧ್ಯತೆ
possible	ಸಾಧ್ಯ
possible; practicable; feasible	ಸಾಧ್ಯ; ಪ್ರಾಯೋಗಿಕ; ಕಾರ್ಯಸಾಧ್ಯ
possibly	ಬಹುಶಃ
post	ಪೋಸ್ಟ್
post office	ಅಂಚೆ ಕಛೇರಿ
post-war	ಯುದ್ಧಾನಂತರದ
postage stamp	ಅಂಚೆ ಚೀಟಿ
postage; carriage	ಅಂಚೆ; ಗಾಡಿ
postal stamps	ಅಂಚೆ ಚೀಟಿಗಳು
postcard	ಪೋಸ್ಟ್ಕಾರ್ಡ್
poster	ಪೋಸ್ಟರ್
postpone	ಮುಂದೂಡು
postponement	ಮುಂದೂಡಿಕೆ
postponement; adjournment	ಮುಂದೂಡಿಕೆ; ಮುಂದೂಡಿಕೆ
postulate	ಪ್ರತಿಪಾದಿಸಿ
postulation	ನಿಲುವು
pot	ಮಡಕೆ
potato	ಆಲೂಗಡ್ಡೆ
potential	ಸಂಭಾವ್ಯ
potentially	ಸಂಭಾವ್ಯವಾಗಿ
pound	ಪೌಂಡ್
pour	ಸುರಿಯುತ್ತಾರೆ
poverty	ಬಡತನ
powder	ಪುಡಿ
power	ಶಕ್ತಿ
power / effort	ಶಕ್ತಿ / ಪ್ರಯತ್ನ
power / strength	ಶಕ್ತಿ / ಶಕ್ತಿ
power; authority; influence	ಶಕ್ತಿ; ಅಧಿಕಾರ; ಪ್ರಭಾವ
power; authority; jurisdiction	ಶಕ್ತಿ; ಅಧಿಕಾರ; ನ್ಯಾಯವ್ಯಾಪ್ತಿ
power; might; authority; influence	ಶಕ್ತಿ; ಇರಬಹುದು; ಅಧಿಕಾರ; ಪ್ರಭಾವ
powerful	ಶಕ್ತಿಯುತ
practical	ಪ್ರಾಯೋಗಿಕ
practical use; utility	ಪ್ರಾಯೋಗಿಕ ಬಳಕೆ; ಉಪಯುಕ್ತತೆ
practical; actual condition; status quo	ಪ್ರಾಯೋಗಿಕ; ನಿಜವಾದ ಸ್ಥಿತಿ; ಯಥಾಸ್ಥಿತಿ
practice	ಅಭ್ಯಾಸ
practice; exercises; manoeuvers	ಅಭ್ಯಾಸ; ವ್ಯಾಯಾಮಗಳು; ಕುಶಲ
practice; experience	ಅಭ್ಯಾಸ; ಅನುಭವ
practice; performance; execution (e.g. program); realization	ಅಭ್ಯಾಸ; ಕಾರ್ಯಕ್ಷಮತೆ; ಮರಣದಂಡನೆ (ಉದಾ. ಪ್ರೋಗ್ರಾಂ); ಸಾಕ್ಷಾತ್ಕಾರ
practice; training	ಅಭ್ಯಾಸ; ತರಬೇತಿ
practice; training; study	ಅಭ್ಯಾಸ; ತರಬೇತಿ; ಅಧ್ಯಯನ
practise	ಅಭ್ಯಾಸ
practitioner	ಅಭ್ಯಾಸಿ
pragmatic	ಪ್ರಾಯೋಗಿಕ
praise	ಹೊಗಳುತ್ತಾರೆ
pray	ಪ್ರಾರ್ಥಿಸು
prayer	ಪ್ರಾರ್ಥನೆ
prayer; supplication	ಪ್ರಾರ್ಥನೆ; ಯಾಚನೆ
preach	ಉಪದೇಶಿಸುತ್ತಾರೆ
precede	ಮುಂಚಿತವಾಗಿ
precedent	ಪೂರ್ವನಿದರ್ಶನ
precious	ಅಮೂಲ್ಯ
precious; valuable	ಅಮೂಲ್ಯ; ಮೌಲ್ಯಯುತ
precious; valuable; priceless; noble; exalted; sacred	ಅಮೂಲ್ಯ; ಮೌಲ್ಯಯುತವಾದ; ಬೆಲೆಯಿಲ್ಲದ; ಉದಾತ್ತ; ಉದಾತ್ತ; ಪವಿತ್ರ
precipitate	ಅವಕ್ಷೇಪ
precise	ನಿಖರವಾದ
precise; accurate	ನಿಖರವಾದ; ನಿಖರ
precisely	ನಿಖರವಾಗಿ
precision	ನಿಖರತೆ
preclude	ತಡೆಯಿರಿ
predator	ಪರಭಕ್ಷಕ
predecessor	ಪೂರ್ವವರ್ತಿ
predicate	ಊಹಿಸುತ್ತವೆ
predict	ಊಹಿಸಿ
predictable	ಊಹಿಸಬಹುದಾದ
prediction	ಭವಿಷ್ಯ
prediction; estimation	ಭವಿಷ್ಯ; ಅಂದಾಜು
predominant	ಪ್ರಧಾನವಾದ
predominantly	ಪ್ರಧಾನವಾಗಿ
prefectural governor	ಪ್ರಿಫೆಕ್ಚರಲ್ ಗವರ್ನರ್
prefectural office	ಪ್ರಿಫೆಕ್ಚರಲ್ ಕಚೇರಿ
prefecture	ಪ್ರಿಫೆಕ್ಚರ್
prefer	ಆದ್ಯತೆ
preference	ಆದ್ಯತೆ
pregnancy	ಗರ್ಭಾವಸ್ಥೆ
pregnant	ಗರ್ಭಿಣಿ
prejudice	ಪೂರ್ವಾಗ್ರಹ
preliminary	ಪೂರ್ವಭಾವಿ
preliminary investigation; preparation	ಪ್ರಾಥಮಿಕ ತನಿಖೆ; ತಯಾರಿ
premier	ಪ್ರಧಾನ
premise	ಆವರಣ
premium	ಪ್ರೀಮಿಯಂ
preparation	ತಯಾರಿ
preparation (for class)	ತಯಾರಿ (ವರ್ಗಕ್ಕೆ)
preparation for a lesson	ಪಾಠಕ್ಕಾಗಿ ತಯಾರಿ
preparation of lessons	ಪಾಠಗಳ ತಯಾರಿ
preparation; arrangements; provision; reserve	ತಯಾರಿ; ವ್ಯವಸ್ಥೆಗಳು; ನಿಬಂಧನೆ; ಮೀಸಲು
preparation; preliminaries; reserve; spare	ತಯಾರಿ; ಪೂರ್ವಭಾವಿ; ಮೀಸಲು; ಬಿಡಿ
prepare	ತಯಾರು
prepared	ಸಿದ್ಧಪಡಿಸಲಾಗಿದೆ
prescribe	ಸೂಚಿಸಿ
prescription	ಪ್ರಿಸ್ಕ್ರಿಪ್ಷನ್
presence	ಉಪಸ್ಥಿತಿ
presence; dignity	ಉಪಸ್ಥಿತಿ; ಘನತೆ
present	ಪ್ರಸ್ತುತ
present condition; existing state; status quo	ಪ್ರಸ್ತುತ ಸ್ಥಿತಿ; ಅಸ್ತಿತ್ವದಲ್ಲಿರುವ ರಾಜ್ಯ; ಯಥಾಸ್ಥಿತಿ
present day	ಪ್ರಸ್ತುತ ದಿನ
present, gift	ಪ್ರಸ್ತುತ, ಉಡುಗೊರೆ
present; current; in operation	ಪ್ರಸ್ತುತ; ಪ್ರಸ್ತುತ; ಕಾರ್ಯಾಚರಣೆಯಲ್ಲಿದೆ
present; souvenir	ಪ್ರಸ್ತುತ; ಸ್ಮರಣಿಕೆ
present; up to now; nowadays; modern times; current	ಪ್ರಸ್ತುತ; ಇಲ್ಲಿಯವರೆಗೆ; ಇಂದಿನ ದಿನಗಳಲ್ಲಿ; ಆಧುನಿಕ ಕಾಲ; ಪ್ರಸ್ತುತ
presentation	ಪ್ರಸ್ತುತಿ
presentation; submission; filing	ಪ್ರಸ್ತುತಿ; ಸಲ್ಲಿಕೆ; ಫೈಲಿಂಗ್
presenting to the public	ಸಾರ್ವಜನಿಕರಿಗೆ ಪ್ರಸ್ತುತಪಡಿಸುವುದು
presently	ಪ್ರಸ್ತುತ
preservation	ಸಂರಕ್ಷಣೆ
preservation / save	ಸಂರಕ್ಷಣೆ / ಉಳಿಸಿ
preservation; conservation; storage; maintenance	ಸಂರಕ್ಷಣೆ; ಸಂರಕ್ಷಣೆ; ಸಂಗ್ರಹಣೆ; ನಿರ್ವಹಣೆ
preserve	ಸಂರಕ್ಷಿಸಿ
preside	ಅಧ್ಯಕ್ಷತೆ ವಹಿಸುತ್ತಾರೆ
presidency	ಅಧ್ಯಕ್ಷತೆ
president	ಅಧ್ಯಕ್ಷ
president of a company	ಒಂದು ಕಂಪನಿಯ ಅಧ್ಯಕ್ಷ
president; chief executive	ಅಧ್ಯಕ್ಷರು; ಮುಖ್ಯ ಕಾರ್ಯನಿರ್ವಾಹಕ
presidential	ಅಧ್ಯಕ್ಷೀಯ
press	ಒತ್ತಿ
pressure	ಒತ್ತಡ
pressure; coercion; oppression	ಒತ್ತಡ; ಒತ್ತಾಯ; ದಬ್ಬಾಳಿಕೆ
prestigious	ಪ್ರತಿಷ್ಠಿತ
presumably	ಸಂಭಾವ್ಯವಾಗಿ
presume	ಊಹಿಸಿ
presumption; assumption; estimation	ಊಹೆ; ಊಹೆ; ಅಂದಾಜು
pretend	ನಟಿಸುತ್ತಾರೆ
pretty	ಸುಂದರ
pretty; clean; nice; tidy; beautiful; fair	ಸುಂದರ; ಶುದ್ಧ; ಚೆನ್ನಾಗಿದೆ; ಅಚ್ಚುಕಟ್ಟಾದ; ಸುಂದರ; ನ್ಯಾಯೋಚಿತ
pretty; cute; lovely; charming; dear; darling; pet	ಸುಂದರ; ಮುದ್ದಾದ; ಸುಂದರ; ಆಕರ್ಷಕ; ಆತ್ಮೀಯ; ಪ್ರಿಯತಮೆ; ಸಾಕುಪ್ರಾಣಿ
prevail	ಮೇಲುಗೈ ಸಾಧಿಸುತ್ತವೆ
prevalence	ಹರಡುವಿಕೆ
prevent	ತಡೆಯುತ್ತವೆ
prevention	ತಡೆಗಟ್ಟುವಿಕೆ
prevention of crime	ಅಪರಾಧದ ತಡೆಗಟ್ಟುವಿಕೆ
prevention; check	ತಡೆಗಟ್ಟುವಿಕೆ; ಪರಿಶೀಲಿಸಿ
prevention; precaution; protection against	ತಡೆಗಟ್ಟುವಿಕೆ; ಮುನ್ನೆಚ್ಚರಿಕೆ; ವಿರುದ್ಧ ರಕ್ಷಣೆ
previous	ಹಿಂದಿನ
previously	ಹಿಂದೆ
prey	ಬೇಟೆಯನ್ನು
price	ಬೆಲೆ
price; cost	ಬೆಲೆ; ವೆಚ್ಚ
price; payment; cost; charge	ಬೆಲೆ; ಪಾವತಿ; ವೆಚ್ಚ; ಚಾರ್ಜ್
price; value; cost	ಬೆಲೆ; ಮೌಲ್ಯ; ವೆಚ್ಚ
prices	ಬೆಲೆಗಳು
prices of commodities; prices (in general)	ಸರಕುಗಳ ಬೆಲೆಗಳು; ಬೆಲೆಗಳು (ಸಾಮಾನ್ಯವಾಗಿ)
pride	ಹೆಮ್ಮೆ
pride; boast	ಹೆಮ್ಮೆ; ಹೆಗ್ಗಳಿಕೆ
pride; triumph; prosperity	ಹೆಮ್ಮೆ; ವಿಜಯೋತ್ಸವ; ಸಮೃದ್ಧಿ
priest	ಪೂಜಾರಿ
primarily	ಪ್ರಾಥಮಿಕವಾಗಿ
primary	ಪ್ರಾಥಮಿಕ
prime	ಪ್ರಧಾನ
prince	ರಾಜಕುಮಾರ
princess	ರಾಜಕುಮಾರಿ
principal	ಪ್ರಧಾನ
principle	ತತ್ವ
principle; general rule	ತತ್ವ; ಸಾಮಾನ್ಯ ನಿಯಮ
principle; theory; fundamental truth	ತತ್ವ; ಸಿದ್ಧಾಂತ; ಮೂಲಭೂತ ಸತ್ಯ
print	ಮುದ್ರಿಸು
printer	ಮುದ್ರಕ
printing	ಮುದ್ರಣ
printing type	ಮುದ್ರಣ ಪ್ರಕಾರ
prior	ಮೊದಲು
prioritize	ಆದ್ಯತೆ ನೀಡಿ
priority	ಆದ್ಯತೆ
prison	ಜೈಲು
prisoner	ಖೈದಿ
privacy	ಗೌಪ್ಯತೆ
private	ಖಾಸಗಿ
private (establishment)	ಖಾಸಗಿ (ಸ್ಥಾಪನೆ)
private railway	ಖಾಸಗಿ ರೈಲ್ವೆ
private; civilian; civil; popular; folk; unofficial	ಖಾಸಗಿ; ನಾಗರಿಕ; ನಾಗರಿಕ; ಜನಪ್ರಿಯ; ಜಾನಪದ; ಅನಧಿಕೃತ
privatization	ಖಾಸಗೀಕರಣ
privilege	ಸವಲತ್ತು
prize	ಬಹುಮಾನ
prize; award	ಬಹುಮಾನ; ಪ್ರಶಸ್ತಿ
prize; monetary award	ಬಹುಮಾನ; ವಿತ್ತೀಯ ಪ್ರಶಸ್ತಿ
prize; trophy	ಬಹುಮಾನ; ಟ್ರೋಫಿ
proactive	ಪೂರ್ವಭಾವಿ
probability	ಸಂಭವನೀಯತೆ
probable	ಸಂಭವನೀಯ
probably	ಬಹುಶಃ
probably; maybe	ಬಹುಶಃ; ಬಹುಶಃ
probe	ತನಿಖೆ
problem	ಸಮಸ್ಯೆ
problem / question	ಸಮಸ್ಯೆ / ಪ್ರಶ್ನೆ
problematic	ಸಮಸ್ಯಾತ್ಮಕ
procedure	ಕಾರ್ಯವಿಧಾನ
procedure; (legal) process; formalities	ಕಾರ್ಯವಿಧಾನ; (ಕಾನೂನು) ಪ್ರಕ್ರಿಯೆ; ಔಪಚಾರಿಕತೆಗಳು
proceed	ಮುಂದುವರೆಯಿರಿ
proceeding	ಮುಂದುವರೆಯುತ್ತಿದೆ
proceeding to the capital (Tokyo)	ರಾಜಧಾನಿಗೆ ಮುಂದುವರಿಯುವುದು (ಟೋಕಿಯೊ)
proceeds	ಮುಂದುವರೆಯುತ್ತದೆ
process	ಪ್ರಕ್ರಿಯೆ
process / steps	ಪ್ರಕ್ರಿಯೆ / ಹಂತಗಳು
processing	ಸಂಸ್ಕರಣೆ
processing / handling	ಸಂಸ್ಕರಣೆ / ನಿರ್ವಹಣೆ
processing; dealing with; treatment; disposition; disposal	ಸಂಸ್ಕರಣೆ; ವ್ಯವಹರಿಸುವುದು; ಚಿಕಿತ್ಸೆ; ಇತ್ಯರ್ಥ; ವಿಲೇವಾರಿ
processor	ಪ್ರೊಸೆಸರ್
proclaim	ಘೋಷಿಸಿ
produce	ಉತ್ಪಾದಿಸುತ್ತವೆ
produce (e.g. agricultural); crops	ಉತ್ಪಾದನೆ (ಉದಾ. ಕೃಷಿ); ಬೆಳೆಗಳು
producer	ನಿರ್ಮಾಪಕ
producing area	ಉತ್ಪಾದನಾ ಪ್ರದೇಶ
product	ಉತ್ಪನ್ನ
production	ಉತ್ಪಾದನೆ
production (e.g. play); direction	ಉತ್ಪಾದನೆ (ಉದಾ. ಆಟ); ನಿರ್ದೇಶನ
production cut	ಉತ್ಪಾದನೆ ಕಡಿತ
production; literary creation; work	ಉತ್ಪಾದನೆ; ಸಾಹಿತ್ಯ ಸೃಷ್ಟಿ; ಕೆಲಸ
production; manufacture	ಉತ್ಪಾದನೆ; ತಯಾರಿಕೆ
productive	ಉತ್ಪಾದಕ
productivity	ಉತ್ಪಾದಕತೆ
profession	ವೃತ್ತಿ
professional	ವೃತ್ತಿಪರ
professor	ಪ್ರಾಧ್ಯಾಪಕ
profile	ಪ್ರೊಫೈಲ್
profit	ಲಾಭ
profit margin	ಲಾಭದ ಅಂಚು
profitable	ಲಾಭದಾಯಕ
profits; gains; (political; economic) interest	ಲಾಭಗಳು; ಲಾಭಗಳು; (ರಾಜಕೀಯ; ಆರ್ಥಿಕ) ಆಸಕ್ತಿ
profound	ಆಳವಾದ
program	ಕಾರ್ಯಕ್ರಮ
program / show	ಕಾರ್ಯಕ್ರಮ / ಪ್ರದರ್ಶನ
programme	ಕಾರ್ಯಕ್ರಮ
programmer	ಪ್ರೋಗ್ರಾಮರ್
programming	ಪ್ರೋಗ್ರಾಮಿಂಗ್
progress	ಪ್ರಗತಿ
progress / course	ಪ್ರಗತಿ / ಕೋರ್ಸ್
progress; development	ಪ್ರಗತಿ; ಅಭಿವೃದ್ಧಿ
progressive	ಪ್ರಗತಿಪರ
prohibit	ನಿಷೇಧಿಸಿ
prohibition	ನಿಷೇಧ
prohibition; ban	ನಿಷೇಧ; ನಿಷೇಧ
project	ಯೋಜನೆ
projection	ಪ್ರೊಜೆಕ್ಷನ್
prolific	ಸಮೃದ್ಧ
prominent	ಪ್ರಮುಖ
promise	ಭರವಸೆ
promise / appointment	ಭರವಸೆ / ನೇಮಕಾತಿ
promise; appointment	ಭರವಸೆ; ನೇಮಕಾತಿ
promising	ಭರವಸೆ ನೀಡುತ್ತಿದೆ
promote	ಪ್ರಚಾರ
promotion	ಪ್ರಚಾರ
promotion / drive	ಪ್ರಚಾರ / ಡ್ರೈವ್
prompt	ಪ್ರಾಂಪ್ಟ್
pronoun	ಸರ್ವನಾಮ
pronounce	ಉಚ್ಚರಿಸುತ್ತಾರೆ
pronounced	ಉಚ್ಚರಿಸಲಾಗುತ್ತದೆ
pronunciation	ಉಚ್ಚಾರಣೆ
pronunciation key	ಉಚ್ಚಾರಣೆ ಕೀ
proof	ಪುರಾವೆ
proof / certification	ಪುರಾವೆ / ಪ್ರಮಾಣೀಕರಣ
proof; verification	ಪುರಾವೆ; ಪರಿಶೀಲನೆ
propaganda	ಪ್ರಚಾರ
propaganda; publicity	ಪ್ರಚಾರ; ಪ್ರಚಾರ
propensity	ಒಲವು
proper	ಸರಿಯಾದ
properly	ಸರಿಯಾಗಿ
property	ಆಸ್ತಿ
property; fortune; assets	ಆಸ್ತಿ; ಅದೃಷ್ಟ; ಸ್ವತ್ತುಗಳು
proportion	ಅನುಪಾತ
proposal	ಪ್ರಸ್ತಾವನೆ
proposal; proposition; suggestion	ಪ್ರಸ್ತಾವನೆ; ಪ್ರತಿಪಾದನೆ; ಸಲಹೆ
propose	ಪ್ರಸ್ತಾಪಿಸುತ್ತಾರೆ
proposition	ಪ್ರತಿಪಾದನೆ
prosecute	ಮೊಕದ್ದಮೆ ಹೂಡಿ
prosecution	ಕಾನೂನು ಕ್ರಮ
prosecutor	ಪ್ರಾಸಿಕ್ಯೂಟರ್
prospect	ನಿರೀಕ್ಷೆ
prospective	ನಿರೀಕ್ಷಿತ
prosperity	ಸಮೃದ್ಧಿ
prosperous conditions; healthy economy	ಸಮೃದ್ಧ ಪರಿಸ್ಥಿತಿಗಳು; ಆರೋಗ್ಯಕರ ಆರ್ಥಿಕತೆ
protect	ರಕ್ಷಿಸು
protection	ರಕ್ಷಣೆ
protective	ರಕ್ಷಣಾತ್ಮಕ
protein	ಪ್ರೋಟೀನ್
protest	ಪ್ರತಿಭಟನೆ
protester	ಪ್ರತಿಭಟನಾಕಾರ
protocol	ಪ್ರೋಟೋಕಾಲ್
proud	ಹೆಮ್ಮೆ
prove	ಸಾಬೀತುಪಡಿಸಿ
proverb; maxim	ಗಾದೆ; ಗರಿಷ್ಠ
provide	ಒದಗಿಸುತ್ತವೆ
provided that	ಎಂದು ಒದಗಿಸಿದೆ
province	ಪ್ರಾಂತ್ಯ
provincial	ಪ್ರಾಂತೀಯ
provision	ನಿಬಂಧನೆ
provisions; rations	ನಿಬಂಧನೆಗಳು; ಪಡಿತರ
provoke	ಪ್ರಚೋದಿಸುತ್ತವೆ
psychiatric	ಮನೋವೈದ್ಯಕೀಯ
psychological	ಮಾನಸಿಕ
psychologist	ಮನಶ್ಶಾಸ್ತ್ರಜ್ಞ
psychology	ಮನೋವಿಜ್ಞಾನ
pub	ಪಬ್
public	ಸಾರ್ವಜನಿಕ
public (institution)	ಸಾರ್ವಜನಿಕ (ಸಂಸ್ಥೆ)
public appeal; public contribution	ಸಾರ್ವಜನಿಕ ಮನವಿ; ಸಾರ್ವಜನಿಕ ಕೊಡುಗೆ
public corporation	ಸಾರ್ವಜನಿಕ ನಿಗಮ
public entertainment; accomplishments; attainments	ಸಾರ್ವಜನಿಕ ಮನರಂಜನೆ; ಸಾಧನೆಗಳು; ಸಾಧನೆಗಳು
public nuisance; pollution	ಸಾರ್ವಜನಿಕ ತೊಂದರೆ; ಮಾಲಿನ್ಯ
public performance	ಸಾರ್ವಜನಿಕ ಪ್ರದರ್ಶನ
public prosecutor	ಪಬ್ಲಿಕ್ ಪ್ರಾಸಿಕ್ಯೂಟರ್
public release	ಸಾರ್ವಜನಿಕ ಬಿಡುಗಡೆ
public; community; public service; society; communal	ಸಾರ್ವಜನಿಕ; ಸಮುದಾಯ; ಸಾರ್ವಜನಿಕ ಸೇವೆ; ಸಮಾಜ; ಕೋಮುವಾದ
publication	ಪ್ರಕಟಣೆ
publication; issue	ಪ್ರಕಟಣೆ; ಸಂಚಿಕೆ
publicity	ಪ್ರಚಾರ
publish	ಪ್ರಕಟಿಸಿ
publishing	ಪ್ರಕಟಿಸುತ್ತಿದೆ
puckery juice	ಪುಕ್ಕರಿ ರಸ
puffy; a breath; a pause; an effort	ಪಫಿ; ಒಂದು ಉಸಿರು; ಒಂದು ವಿರಾಮ; ಒಂದು ಪ್ರಯತ್ನ
pull	ಎಳೆಯಿರಿ
pulse	ನಾಡಿಮಿಡಿತ
pump	ಪಂಪ್
pumpkin	ಕುಂಬಳಕಾಯಿ
punch	ಪಂಚ್
punctuation marks	ವಿರಾಮ ಚಿಹ್ನೆಗಳು
punish	ಶಿಕ್ಷಿಸುತ್ತೇನೆ
punishment	ಶಿಕ್ಷೆ
punk	ಪಂಕ್
pupil	ಶಿಷ್ಯ
pupil (of eye)	ಶಿಷ್ಯ (ಕಣ್ಣಿನ)
purchase	ಖರೀದಿ
pure	ಶುದ್ಧ
pure heart; naivete; self-sacrificing devotion	ಶುದ್ಧ ಹೃದಯ; ನಿಷ್ಕಪಟ; ಸ್ವಯಂ ತ್ಯಾಗದ ಭಕ್ತಿ
pure white	ಶುದ್ಧ ಬಿಳಿ
pure; true; genuine; unmixed	ಶುದ್ಧ; ನಿಜ; ನಿಜವಾದ; ಮಿಶ್ರಣವಿಲ್ಲದ
purely	ಸಂಪೂರ್ಣವಾಗಿ
purple	ನೇರಳೆ
purple colour; violet	ನೇರಳೆ ಬಣ್ಣ; ನೇರಳೆ
purpose	ಉದ್ದೇಶ
purpose; goal; aim; objective; intention	ಉದ್ದೇಶ; ಗುರಿ; ಗುರಿ; ವಸ್ತುನಿಷ್ಠ; ಉದ್ದೇಶ
pursue	ಮುಂದುವರಿಸಲು
pursuit	ಅನ್ವೇಷಣೆ
push	ತಳ್ಳು
put	ಹಾಕಿದರು
put off	ಮುಂದೂಡಿದರು
put up with	ಸಹಿಸಿಕೊಂಡರು
putting off; postponing	ಮುಂದೂಡುವುದು; ಮುಂದೂಡುತ್ತಿದೆ
putting the cart before the horse	ಕುದುರೆಯ ಮುಂದೆ ಬಂಡಿಯನ್ನು ಹಾಕುವುದು
puzzle	ಒಗಟು
qualification	ಅರ್ಹತೆ
qualified	ಅರ್ಹತೆ ಪಡೆದಿದ್ದಾರೆ
qualify	ಅರ್ಹತೆ
qualitative difference; disparity	ಗುಣಾತ್ಮಕ ವ್ಯತ್ಯಾಸ; ಅಸಮಾನತೆ
quality	ಗುಣಮಟ್ಟ
quality; nature (of person)	ಗುಣಮಟ್ಟ; ಸ್ವಭಾವ (ವ್ಯಕ್ತಿಯ)
quantify	ಪ್ರಮಾಣೀಕರಿಸು
quantity	ಪ್ರಮಾಣ
quantity; amount; volume; portion (of food)	ಪ್ರಮಾಣ; ಮೊತ್ತ; ಪರಿಮಾಣ; ಭಾಗ (ಆಹಾರ)
quarrel; (drunken) brawl; failure	ಜಗಳ; (ಕುಡುಕ) ಜಗಳ; ವೈಫಲ್ಯ
quarter	ಕಾಲು
quarterly (e.g. magazine)	ತ್ರೈಮಾಸಿಕ (ಉದಾ. ಪತ್ರಿಕೆ)
queen	ರಾಣಿ
query	ಪ್ರಶ್ನೆ
quest	ಅನ್ವೇಷಣೆ
question	ಪ್ರಶ್ನೆ
question; problem; doubt; guess	ಪ್ರಶ್ನೆ; ಸಮಸ್ಯೆ; ಅನುಮಾನ; ಊಹೆ
question; query	ಪ್ರಶ್ನೆ; ಪ್ರಶ್ನೆ
questionnaire	ಪ್ರಶ್ನಾವಳಿ
questions and answers; dialogue	ಪ್ರಶ್ನೆಗಳು ಮತ್ತು ಉತ್ತರಗಳು; ಸಂಭಾಷಣೆ
queue	ಸಾಲು
queue; line; row	ಸರತಿ ಸಾಲು; ಸಾಲು; ಸಾಲು
quick	ತ್ವರಿತ
quickly	ತ್ವರಿತವಾಗಿ
quiet	ಸ್ತಬ್ಧ
quiet; calm; leisurely	ಸ್ತಬ್ಧ; ಶಾಂತ; ಆರಾಮವಾಗಿ
quietly	ಸದ್ದಿಲ್ಲದೆ
quit	ಬಿಟ್ಟುಬಿಡಿ
quite	ಸಾಕಷ್ಟು
quite right; plausible; natural; but then; although	ಸಾಕಷ್ಟು ಸರಿ; ತೋರಿಕೆಯ; ನೈಸರ್ಗಿಕ; ಆದರೆ ನಂತರ; ಆದರೂ
quite; entirely; completely; at all; as if; as though; so to speak	ಸಾಕಷ್ಟು; ಸಂಪೂರ್ಣವಾಗಿ; ಸಂಪೂರ್ಣವಾಗಿ; ಎಲ್ಲಾ; ಎಂಬಂತೆ; ಆದರೂ; ಆದ್ದರಿಂದ ಮಾತನಾಡಲು
quite; very	ಸಾಕಷ್ಟು; ತುಂಬಾ
quota	ಕೋಟಾ
quotation	ಉದ್ಧರಣ
quotation; citation	ಉದ್ಧರಣ; ಉಲ್ಲೇಖ
quote	ಉಲ್ಲೇಖ
rabbit	ಮೊಲ
rabbit; hare; cony	ಮೊಲ; ಮೊಲ; cony
race	ಜನಾಂಗ
race (of people)	ಜನಾಂಗ (ಜನರ)
racial	ಜನಾಂಗೀಯ
racing	ರೇಸಿಂಗ್
racism	ವರ್ಣಭೇದ ನೀತಿ
racist	ಜಾತಿವಾದಿ
radar	ರಾಡಾರ್
radiation	ವಿಕಿರಣ
radical	ಆಮೂಲಾಗ್ರ
radical (of a kanji character)	ಆಮೂಲಾಗ್ರ (ಕಾಂಜಿ ಪಾತ್ರದ)
radio	ರೇಡಿಯೋ
radio wave	ರೇಡಿಯೋ ತರಂಗ
radius	ತ್ರಿಜ್ಯ
rage	ಕ್ರೋಧ
raid	ದಾಳಿ
rail	ರೈಲು
railroad	ರೈಲುಮಾರ್ಗ
railway	ರೈಲ್ವೆ
railway bridge; iron bridge	ರೈಲ್ವೆ ಸೇತುವೆ; ಕಬ್ಬಿಣದ ಸೇತುವೆ
railway crossing; level crossing; starting line; scratch; crossover	ರೈಲ್ವೆ ಕ್ರಾಸಿಂಗ್; ಲೆವೆಲ್ ಕ್ರಾಸಿಂಗ್; ಆರಂಭಿಕ ಸಾಲು; ಸ್ಕ್ರಾಚ್; ಕ್ರಾಸ್ಒವರ್
rain	ಮಳೆ
rain gear	ಮಳೆ ಗೇರ್
rainbow	ಕಾಮನಬಿಲ್ಲು
rainbow-colored	ಕಾಮನಬಿಲ್ಲಿನ ಬಣ್ಣದ
raincoat	ರೇನ್ಕೋಟ್
rainy	ಮಳೆಗಾಲದ
rainy season	ಮಳೆಗಾಲ
rainy season; rain during the rainy season	ಮಳೆಗಾಲ; ಮಳೆಗಾಲದಲ್ಲಿ ಮಳೆ
rainy weather	ಮಳೆಯ ವಾತಾವರಣ
raise	ಹೆಚ್ಚಿಸಿ
rally	ರ್ಯಾಲಿ
ramen	ರಾಮೆನ್
random	ಯಾದೃಚ್ಛಿಕ
range	ವ್ಯಾಪ್ತಿಯ
rank	ಶ್ರೇಣಿ
ranking	ಶ್ರೇಯಾಂಕ
rape	ಅತ್ಯಾಚಾರ
rapid	ತ್ವರಿತ
rapid (e.g. progress)	ತ್ವರಿತ (ಉದಾ. ಪ್ರಗತಿ)
rapidly	ವೇಗವಾಗಿ
rare	ಅಪರೂಪದ
rare; seldom	ಅಪರೂಪದ; ವಿರಳವಾಗಿ
rarely	ವಿರಳವಾಗಿ
rarely (with neg. verb); seldom	ವಿರಳವಾಗಿ (neg. ಕ್ರಿಯಾಪದದೊಂದಿಗೆ); ವಿರಳವಾಗಿ
rarely (with negative)	ವಿರಳವಾಗಿ (ನಕಾರಾತ್ಮಕವಾಗಿ)
rash; thoughtless; careless; hasty	ದದ್ದು; ಆಲೋಚನೆಯಿಲ್ಲದ; ಅಸಡ್ಡೆ; ಅವಸರದ
rat	ಇಲಿ
rate	ದರ
rate; ratio; percentage	ದರ; ಅನುಪಾತ; ಶೇಕಡಾವಾರು
rate; ratio; proportion; percentage	ದರ; ಅನುಪಾತ; ಅನುಪಾತ; ಶೇಕಡಾವಾರು
rather	ಬದಲಿಗೆ
rather (might as well)	ಬದಲಿಗೆ (ಹಾಗೆಯೇ ಇರಬಹುದು)
rather / instead	ಬದಲಿಗೆ / ಬದಲಿಗೆ
rather; better; instead	ಬದಲಿಗೆ; ಉತ್ತಮ; ಬದಲಿಗೆ
rating	ರೇಟಿಂಗ್
ratio	ಅನುಪಾತ
rational	ತರ್ಕಬದ್ಧ
rationale	ತರ್ಕಬದ್ಧತೆ
raw	ಕಚ್ಚಾ
raw food	ಕಚ್ಚಾ ಆಹಾರ
raw materials	ಕಚ್ಚಾ ವಸ್ತುಗಳು
ray	ಕಿರಣ
razor	ರೇಜರ್
reach	ತಲುಪುತ್ತವೆ
react	ಪ್ರತಿಕ್ರಿಯಿಸುತ್ತವೆ
reaction	ಪ್ರತಿಕ್ರಿಯೆ
read	ಓದಿದೆ
reader	ಓದುಗ
readily	ಸುಲಭವಾಗಿ
reading	ಓದುವುದು
ready	ಸಿದ್ಧವಾಗಿದೆ
real	ನಿಜವಾದ
real thing; original	ನಿಜವಾದ ವಿಷಯ; ಮೂಲ
realistic	ವಾಸ್ತವಿಕ
reality	ವಾಸ್ತವ
realization	ಸಾಕ್ಷಾತ್ಕಾರ
realize	ಅರಿವಾಗುತ್ತದೆ
really	ನಿಜವಾಗಿಯೂ
really (questioning)	ನಿಜವಾಗಿಯೂ (ಪ್ರಶ್ನೆ)
really (very polite)	ನಿಜವಾಗಿಯೂ (ತುಂಬಾ ಸಭ್ಯ)
really dislike, really hate	ನಿಜವಾಗಿಯೂ ಇಷ್ಟಪಡುವುದಿಲ್ಲ, ನಿಜವಾಗಿಯೂ ದ್ವೇಷಿಸುತ್ತೇನೆ
really like, like a lot	ನಿಜವಾಗಿಯೂ ಇಷ್ಟ, ತುಂಬಾ ಇಷ್ಟ
really; truly; entirely; completely	ನಿಜವಾಗಿಯೂ; ನಿಜವಾಗಿಯೂ; ಸಂಪೂರ್ಣವಾಗಿ; ಸಂಪೂರ್ಣವಾಗಿ
really?	ನಿಜವಾಗಿಯೂ?
realm	ಸಾಮ್ರಾಜ್ಯ
rear	ಹಿಂಭಾಗ
rearing; training; nurture; cultivation; promotion	ಪಾಲನೆ; ತರಬೇತಿ; ಪೋಷಣೆ; ಕೃಷಿ; ಪ್ರಚಾರ
reason	ಕಾರಣ
reasonable	ಸಮಂಜಸವಾದ
reasonably	ಸಮಂಜಸವಾಗಿ
reasoning	ತಾರ್ಕಿಕ
reassure	ಆಶ್ವಾಸನೆ
reassuring; emboldened	ಧೈರ್ಯ ತುಂಬುವ; ಧೈರ್ಯ ತುಂಬಿದರು
rebel	ಬಂಡಾಯವೆದ್ದರು
rebellion	ದಂಗೆ
rebuild	ಪುನರ್ನಿರ್ಮಾಣ
recall	ನೆನಪಿಸಿಕೊಳ್ಳಿ
receipt	ರಶೀದಿ
receipt; voucher	ರಶೀದಿ; ಚೀಟಿ
receive	ಸ್ವೀಕರಿಸುತ್ತಾರೆ
receiver	ರಿಸೀವರ್
receiving; dealing with	ಸ್ವೀಕರಿಸುವ; ವ್ಯವಹರಿಸುತ್ತಿದ್ದಾರೆ
recent	ಇತ್ತೀಚಿನ
recently	ಇತ್ತೀಚೆಗೆ
recently / lately	ಇತ್ತೀಚೆಗೆ / ಇತ್ತೀಚೆಗೆ
reception	ಸ್ವಾಗತ
reception / receiving	ಸ್ವಾಗತ / ಸ್ವೀಕರಿಸುವಿಕೆ
reception desk	ಸ್ವಾಗತ ಮೇಜು
reception; acceptance; enjoyment; being given	ಸ್ವಾಗತ; ಸ್ವೀಕಾರ; ಆನಂದ; ನೀಡಲಾಗುತ್ತಿದೆ
receptionist	ಸ್ವಾಗತಕಾರ
recession	ಹಿಂಜರಿತ
recipe	ಪಾಕವಿಧಾನ
recipient	ಸ್ವೀಕರಿಸುವವರು
reckon	ಲೆಕ್ಕ
reclamation (of wasteland); cultivation; pioneer	ಪುನರ್ವಸತಿ (ಬಂಜರು ಭೂಮಿ); ಕೃಷಿ; ಪ್ರವರ್ತಕ
recognition	ಗುರುತಿಸುವಿಕೆ
recognition; acknowledgement; approval; consent; agreement	ಗುರುತಿಸುವಿಕೆ; ಅಂಗೀಕಾರ; ಅನುಮೋದನೆ; ಒಪ್ಪಿಗೆ; ಒಪ್ಪಂದ
recognize	ಗುರುತಿಸಿ
recommend	ಶಿಫಾರಸು
recommendation	ಶಿಫಾರಸು
recommendation; advice; encouragement	ಶಿಫಾರಸು; ಸಲಹೆ; ಪ್ರೋತ್ಸಾಹ
reconciliation; make peace with	ಸಮನ್ವಯ; ಸಮಾಧಾನ ಮಾಡಿಕೊಳ್ಳಿ
reconstruction	ಪುನರ್ನಿರ್ಮಾಣ
record	ದಾಖಲೆ
record; minutes; document	ದಾಖಲೆ; ನಿಮಿಷಗಳು; ದಾಖಲೆ
recording	ರೆಕಾರ್ಡಿಂಗ್
recount	ಮರುಎಣಿಕೆ
recover	ಚೇತರಿಸಿಕೊಳ್ಳಿ
recovery	ಚೇತರಿಕೆ
recovery (from illness); improvement; rehabilitation; restoration	ಚೇತರಿಕೆ (ಅನಾರೋಗ್ಯದಿಂದ); ಸುಧಾರಣೆ; ಪುನರ್ವಸತಿ; ಪುನಃಸ್ಥಾಪನೆ
recruit	ನೇಮಕಾತಿ
recruiting; taking applications	ನೇಮಕಾತಿ; ಅರ್ಜಿಗಳನ್ನು ತೆಗೆದುಕೊಳ್ಳುವುದು
recruitment	ನೇಮಕಾತಿ
rectangle; oblong	ಆಯತ; ಉದ್ದವಾದ
recycle	ಮರುಬಳಕೆ
red	ಕೆಂಪು
reduce	ಕಡಿಮೆ ಮಾಡಿ
reduction	ಕಡಿತ
reduction; curtailment	ಕಡಿತ; ಮೊಟಕುಗೊಳಿಸುವಿಕೆ
redundant	ಅನಗತ್ಯ
reed; bulrush	ಜೊಂಡು; ಬುಲ್ರಶ್
refer	ಉಲ್ಲೇಖಿಸಿ
referee	ತೀರ್ಪುಗಾರ
refereeing; trial; judgement; umpire; referee	ತೀರ್ಪುಗಾರರ; ವಿಚಾರಣೆ; ತೀರ್ಪು; ಅಂಪೈರ್; ತೀರ್ಪುಗಾರ
reference	ಉಲ್ಲೇಖ
reference; consultation	ಉಲ್ಲೇಖ; ಸಮಾಲೋಚನೆ
referendum	ಜನಾಭಿಪ್ರಾಯ ಸಂಗ್ರಹ
refill / second helping	ಮರುಪೂರಣ / ಎರಡನೇ ಸಹಾಯ
reflect	ಪ್ರತಿಬಿಂಬಿಸುತ್ತದೆ
reflection	ಪ್ರತಿಬಿಂಬ
reflection; image	ಪ್ರತಿಬಿಂಬ; ಚಿತ್ರ
reflection; influence	ಪ್ರತಿಬಿಂಬ; ಪ್ರಭಾವ
reflection; reconsideration; introspection; meditation; contemplation	ಪ್ರತಿಬಿಂಬ; ಮರುಪರಿಶೀಲನೆ; ಆತ್ಮಾವಲೋಕನ; ಧ್ಯಾನ; ಚಿಂತನೆ
reform	ಸುಧಾರಣೆ
reform; innovation	ಸುಧಾರಣೆ; ನಾವೀನ್ಯತೆ
reform; reformation; innovation	ಸುಧಾರಣೆ; ಸುಧಾರಣೆ; ನಾವೀನ್ಯತೆ
refreshing	ರಿಫ್ರೆಶ್
refrigerator	ರೆಫ್ರಿಜರೇಟರ್
refuge	ಆಶ್ರಯ
refugee	ನಿರಾಶ್ರಿತ
refusal	ನಿರಾಕರಣೆ
refusal; rejection	ನಿರಾಕರಣೆ; ನಿರಾಕರಣೆ
refuse	ನಿರಾಕರಿಸು
refute	ಅಲ್ಲಗಳೆಯುತ್ತಾರೆ
regain	ಮರಳಿ ಪಡೆಯುತ್ತಾರೆ
regard	ಪರಿಗಣಿಸಿ
regardless	ಲೆಕ್ಕಿಸದೆ
regardless of	ಲೆಕ್ಕಿಸದೆ
regime	ಆಡಳಿತ
region	ಪ್ರದೇಶ
regional	ಪ್ರಾದೇಶಿಕ
register	ನೋಂದಾಯಿಸಿ
registration	ನೋಂದಣಿ
registration card	ನೋಂದಣಿ ಕಾರ್ಡ್
regret	ವಿಷಾದ
regret; repentance	ವಿಷಾದ; ಪಶ್ಚಾತ್ತಾಪ
regrettable; disappointing; precious	ವಿಷಾದನೀಯ; ನಿರಾಶಾದಾಯಕ; ಅಮೂಲ್ಯ
regrettable; mortifying; vexing	ವಿಷಾದನೀಯ; ಮಾರಣಾಂತಿಕ; ಕೆರಳಿಸುವ
regular	ನಿಯಮಿತ
regular holiday	ನಿಯಮಿತ ರಜೆ
regularly	ನಿಯಮಿತವಾಗಿ
regulate	ನಿಯಂತ್ರಿಸಲು
regulation	ನಿಯಂತ್ರಣ
regulation / rule	ನಿಯಂತ್ರಣ / ನಿಯಮ
regulation; adjustment; control	ನಿಯಂತ್ರಣ; ಹೊಂದಾಣಿಕೆ; ನಿಯಂತ್ರಣ
regulation; adjustment; tuning	ನಿಯಂತ್ರಣ; ಹೊಂದಾಣಿಕೆ; ಶ್ರುತಿ
regulation; provisions	ನಿಯಂತ್ರಣ; ನಿಬಂಧನೆಗಳು
regulations	ನಿಯಮಗಳು
regulator	ನಿಯಂತ್ರಕ
regulatory	ನಿಯಂತ್ರಕ
rehabilitation	ಪುನರ್ವಸತಿ
reign	ಆಳ್ವಿಕೆ
reinforce	ಬಲಪಡಿಸಲು
reissue	ಮರುಹಂಚಿಕೆ
reiterate	ಪುನರುಚ್ಚರಿಸುತ್ತಾರೆ
reject	ತಿರಸ್ಕರಿಸಿ
rejection	ನಿರಾಕರಣೆ
relate	ಸಂಬಂಧಿಸಿ
related	ಸಂಬಂಧಿಸಿದ
relation	ಸಂಬಂಧ
relation(ship)	ಸಂಬಂಧ (ಹಡಗು)
relation; connection; relevance	ಸಂಬಂಧ; ಸಂಪರ್ಕ; ಪ್ರಸ್ತುತತೆ
relation; kin	ಸಂಬಂಧ; ಸಂಬಂಧಿಕರು
relation; relationship	ಸಂಬಂಧ; ಸಂಬಂಧ
relationship	ಸಂಬಂಧ
relative	ಸಂಬಂಧಿ
relatively	ತುಲನಾತ್ಮಕವಾಗಿ
relatively; comparitively	ತುಲನಾತ್ಮಕವಾಗಿ; ತುಲನಾತ್ಮಕವಾಗಿ
relatives	ಸಂಬಂಧಿಕರು
relax	ವಿಶ್ರಾಂತಿ
relaxed	ನಿರಾಳವಾಯಿತು
relaxing	ವಿಶ್ರಾಂತಿ
release	ಬಿಡುಗಡೆ
release; liberation; emancipation	ಬಿಡುಗಡೆ; ವಿಮೋಚನೆ; ವಿಮೋಚನೆ
relevance	ಪ್ರಸ್ತುತತೆ
relevant	ಸಂಬಂಧಿತ
reliability	ವಿಶ್ವಾಸಾರ್ಹತೆ
reliable	ವಿಶ್ವಾಸಾರ್ಹ
reliable; trustworthy; hopeful; promising	ವಿಶ್ವಾಸಾರ್ಹ; ನಂಬಲರ್ಹ; ಭರವಸೆಯ; ಭರವಸೆ ನೀಡುತ್ತಿದೆ
reliance; trust; confidence	ಅವಲಂಬನೆ; ನಂಬಿಕೆ; ಆತ್ಮವಿಶ್ವಾಸ
relief	ಪರಿಹಾರ
relief / peace of mind	ಸಮಾಧಾನ / ಮನಸ್ಸಿನ ಶಾಂತಿ
relief; aid; rescue	ಪರಿಹಾರ; ನೆರವು; ಪಾರುಗಾಣಿಕಾ
relief; aid; rescue; salvation; help	ಪರಿಹಾರ; ನೆರವು; ಪಾರುಗಾಣಿಕಾ; ಮೋಕ್ಷ; ಸಹಾಯ
relief; mitigation	ಪರಿಹಾರ; ತಗ್ಗಿಸುವಿಕೆ
relief; rescue; reinforcement	ಪರಿಹಾರ; ಪಾರುಗಾಣಿಕಾ; ಬಲವರ್ಧನೆ
relieve	ಉಪಶಮನ
relieved	ಸಮಾಧಾನವಾಯಿತು
religion	ಧರ್ಮ
religious	ಧಾರ್ಮಿಕ
reluctant	ಇಷ್ಟವಿಲ್ಲದವರು
rely	ಅವಲಂಬಿಸಿವೆ
remain	ಉಳಿಯುತ್ತವೆ
remainder	ಉಳಿದ
remains	ಉಳಿದಿದೆ
remark	ಟೀಕೆ
remarkable	ಗಮನಾರ್ಹ
remarkably	ಗಮನಾರ್ಹವಾಗಿ
remedy	ಪರಿಹಾರ
remember	ನೆನಪಿರಲಿ
remind	ನೆನಪಿಸುತ್ತದೆ
reminder	ಜ್ಞಾಪನೆ
remnant; residue; remaining; left-over	ಅವಶೇಷ; ಶೇಷ; ಉಳಿದಿದೆ; ಬಿಟ್ಟುಹೋದ
remote	ದೂರಸ್ಥ
removal	ತೆಗೆಯುವಿಕೆ
removal; migration; movement	ತೆಗೆಯುವಿಕೆ; ವಲಸೆ; ಚಳುವಳಿ
remove	ತೆಗೆದುಹಾಕಿ
render	ನಿರೂಪಿಸಲು
renew	ನವೀಕರಿಸಿ
renewable	ನವೀಕರಿಸಬಹುದಾದ
renowned	ಹೆಸರಾಂತ
rent	ಬಾಡಿಗೆ
rental	ಬಾಡಿಗೆ
repair	ದುರಸ್ತಿ
repair; improvement	ದುರಸ್ತಿ; ಸುಧಾರಣೆ
repair; mending	ದುರಸ್ತಿ; ಸರಿಪಡಿಸುವುದು
repairing; mending	ದುರಸ್ತಿ; ಸರಿಪಡಿಸುವುದು
repairs; maintenance	ರಿಪೇರಿ; ನಿರ್ವಹಣೆ
repeat	ಪುನರಾವರ್ತಿಸಿ
repeated	ಪುನರಾವರ್ತನೆಯಾಯಿತು
repeatedly	ಪದೇ ಪದೇ
repeatedly; sincerely; earnestly	ಪದೇ ಪದೇ; ಪ್ರಾಮಾಣಿಕವಾಗಿ; ಶ್ರದ್ಧೆಯಿಂದ
replace	ಬದಲಿಗೆ
replacement	ಬದಲಿ
reply	ಪ್ರತ್ಯುತ್ತರ
reply; answer	ಪ್ರತ್ಯುತ್ತರ; ಉತ್ತರ
report	ವರದಿ
report; information	ವರದಿ; ಮಾಹಿತಿ
reportedly	ವರದಿಯಾಗಿದೆ
reporter	ವರದಿಗಾರ
reporting	ವರದಿ ಮಾಡುವುದು
represent	ಪ್ರತಿನಿಧಿಸುತ್ತವೆ
representation	ಪ್ರಾತಿನಿಧ್ಯ
representation; agency; proxy; deputy; agent	ಪ್ರಾತಿನಿಧ್ಯ; ಸಂಸ್ಥೆ; ಪ್ರಾಕ್ಸಿ; ಉಪ; ಏಜೆಂಟ್
representative	ಪ್ರತಿನಿಧಿ
representative; representation; delegation; type; example; model	ಪ್ರತಿನಿಧಿ; ಪ್ರಾತಿನಿಧ್ಯ; ನಿಯೋಗ; ಪ್ರಕಾರ; ಉದಾಹರಣೆ; ಮಾದರಿ
reproduce	ಸಂತಾನೋತ್ಪತ್ತಿ
reproduction	ಸಂತಾನೋತ್ಪತ್ತಿ
republic	ಗಣರಾಜ್ಯ
republicanism; cooperation	ರಿಪಬ್ಲಿಕನಿಸಂ; ಸಹಕಾರ
reputation	ಖ್ಯಾತಿ
request	ವಿನಂತಿ
request; demand; claim; urge (action); press for	ವಿನಂತಿ; ಬೇಡಿಕೆ; ಹಕ್ಕು; ಪ್ರಚೋದನೆ (ಕ್ರಿಯೆ); ಗಾಗಿ ಒತ್ತಿರಿ
request; demand; requisition	ವಿನಂತಿ; ಬೇಡಿಕೆ; ಕೋರಿಕೆ
require	ಅಗತ್ಯವಿರುತ್ತದೆ
requirement	ಅವಶ್ಯಕತೆ
rescue	ಪಾರುಗಾಣಿಕಾ
research	ಸಂಶೋಧನೆ
researcher	ಸಂಶೋಧಕ
resemble	ಹೋಲುತ್ತವೆ
resentment	ಅಸಮಾಧಾನ
reservation	ಮೀಸಲಾತಿ
reserve	ಮೀಸಲು
reserve / spare	ಮೀಸಲು / ಬಿಡಿ
reside	ವಾಸಿಸುತ್ತಾರೆ
residence	ನಿವಾಸ
resident	ನಿವಾಸಿ
resident; housing	ನಿವಾಸಿ; ವಸತಿ
residential	ವಸತಿ
residue	ಶೇಷ
resign	ರಾಜೀನಾಮೆ ನೀಡಿ
resignation	ರಾಜೀನಾಮೆ
resilient	ಚೇತರಿಸಿಕೊಳ್ಳುವ
resist	ವಿರೋಧಿಸುತ್ತಾರೆ
resistance	ಪ್ರತಿರೋಧ
resolution	ನಿರ್ಣಯ
resolution; decision; vote	ನಿರ್ಣಯ; ನಿರ್ಧಾರ; ಮತ
resolution; reduction; return to origins	ನಿರ್ಣಯ; ಕಡಿತ; ಮೂಲಕ್ಕೆ ಹಿಂತಿರುಗಿ
resolution; resignation; readiness; preparedness	ನಿರ್ಣಯ; ರಾಜೀನಾಮೆ; ಸನ್ನದ್ಧತೆ; ಸನ್ನದ್ಧತೆ
resolution; vote; decision	ನಿರ್ಣಯ; ಮತ; ನಿರ್ಧಾರ
resolve	ಪರಿಹರಿಸು
resonance; sympathy	ಅನುರಣನ; ಸಹಾನುಭೂತಿ
resort	ರೆಸಾರ್ಟ್
resource	ಸಂಪನ್ಮೂಲ
resourceful	ತಾರಕ್
resources	ಸಂಪನ್ಮೂಲಗಳು
respect	ಗೌರವ
respect; esteem; regard	ಗೌರವ; ಗೌರವ; ಪರಿಗಣಿಸಿ
respect; esteem; reverence; honour	ಗೌರವ; ಗೌರವ; ಗೌರವ; ಗೌರವ
respect; honour	ಗೌರವ; ಗೌರವ
respective	ಆಯಾ
respectively	ಕ್ರಮವಾಗಿ
respond	ಪ್ರತಿಕ್ರಿಯಿಸಿ
response	ಪ್ರತಿಕ್ರಿಯೆ
response / reaction	ಪ್ರತಿಕ್ರಿಯೆ / ಪ್ರತಿಕ್ರಿಯೆ
responsibility	ಜವಾಬ್ದಾರಿ
responsible	ಜವಾಬ್ದಾರಿಯುತ
rest	ವಿಶ್ರಾಂತಿ
rest; break; recess; intermission	ವಿಶ್ರಾಂತಿ; ಬ್ರೇಕ್; ಬಿಡುವು; ಮಧ್ಯಂತರ
rest; break; recreation	ವಿಶ್ರಾಂತಿ; ಬ್ರೇಕ್; ಮನರಂಜನೆ
rest; holiday	ವಿಶ್ರಾಂತಿ; ರಜೆ
rest; relief; relaxation	ವಿಶ್ರಾಂತಿ; ಪರಿಹಾರ; ವಿಶ್ರಾಂತಿ
restaurant	ರೆಸ್ಟೋರೆಂಟ್
restoration	ಪುನಃಸ್ಥಾಪನೆ
restore	ಪುನಃಸ್ಥಾಪಿಸಲು
restraint	ಸಂಯಮ
restrict	ನಿರ್ಬಂಧಿಸಿ
restriction	ನಿರ್ಬಂಧ
restriction; restraint; limitation	ನಿರ್ಬಂಧ; ಸಂಯಮ; ಮಿತಿ
restroom	ವಿಶ್ರಾಂತಿ ಕೊಠಡಿ
restroom / toilet	ವಿಶ್ರಾಂತಿ ಕೊಠಡಿ / ಶೌಚಾಲಯ
restroom; lavatory; hand-washing	ವಿಶ್ರಾಂತಿ ಕೊಠಡಿ; ಶೌಚಾಲಯ; ಕೈ ತೊಳೆಯುವುದು
result	ಫಲಿತಾಂಶ
result; consequence	ಫಲಿತಾಂಶ; ಪರಿಣಾಮವಾಗಿ
results; record	ಫಲಿತಾಂಶಗಳು; ದಾಖಲೆ
resume	ಪುನರಾರಂಭಿಸಿ
resume / CV	ಪುನರಾರಂಭ / ಸಿವಿ
resumption	ಪುನರಾರಂಭ
retail	ಚಿಲ್ಲರೆ
retain	ಉಳಿಸಿಕೊಳ್ಳುತ್ತವೆ
retainer; retinue; servant	ಧಾರಕ; ಪರಿವಾರ; ಸೇವಕ
retire	ನಿವೃತ್ತಿ
retired	ನಿವೃತ್ತರಾದರು
retirement	ನಿವೃತ್ತಿ
retirement / resignation	ನಿವೃತ್ತಿ / ರಾಜೀನಾಮೆ
retirement; retired person	ನಿವೃತ್ತಿ; ನಿವೃತ್ತ ವ್ಯಕ್ತಿ
retreat	ಹಿಮ್ಮೆಟ್ಟುವಿಕೆ
retreat; backspace (BS)	ಹಿಮ್ಮೆಟ್ಟುವಿಕೆ; ಬ್ಯಾಕ್‌ಸ್ಪೇಸ್ (BS)
retrieve	ಹಿಂಪಡೆಯಿರಿ
return	ಹಿಂತಿರುಗಿ
return (as a token of gratitude)	ಹಿಂತಿರುಗಿ (ಕೃತಜ್ಞತೆಯ ಸಂಕೇತವಾಗಿ)
return; welcome	ಹಿಂತಿರುಗಿ; ಸ್ವಾಗತ
returning home	ಮನೆಗೆ ಹಿಂತಿರುಗುವುದು
returning to Tokyo	ಟೋಕಿಯೋಗೆ ಹಿಂದಿರುಗುತ್ತಿದ್ದೇನೆ
reveal	ಬಹಿರಂಗಪಡಿಸಿ
revelation	ಬಹಿರಂಗ
revenge	ಸೇಡು ತೀರಿಸಿಕೊಳ್ಳುತ್ತಾರೆ
revenue	ಆದಾಯ
reverse	ಹಿಮ್ಮುಖ
reverse side	ಹಿಮ್ಮುಖ ಭಾಗ
reverse; inversion; upside down	ಹಿಮ್ಮುಖ; ವಿಲೋಮ; ತಲೆಕೆಳಗಾಗಿ
reverse; opposite	ಹಿಮ್ಮುಖ; ವಿರುದ್ಧ
review	ವಿಮರ್ಶೆ
review (after class)	ವಿಮರ್ಶೆ (ವರ್ಗದ ನಂತರ)
review / screening	ವಿಮರ್ಶೆ / ಸ್ಕ್ರೀನಿಂಗ್
review of lessons	ಪಾಠಗಳ ವಿಮರ್ಶೆ
revise	ಪರಿಷ್ಕರಿಸಿ
revision	ಪರಿಷ್ಕರಣೆ
revision; amendment; alteration	ಪರಿಷ್ಕರಣೆ; ತಿದ್ದುಪಡಿ; ಬದಲಾವಣೆ
revival	ಪುನರುಜ್ಜೀವನ
revive	ಪುನರುಜ್ಜೀವನಗೊಳಿಸು
revolution	ಕ್ರಾಂತಿ
revolutionary	ಕ್ರಾಂತಿಕಾರಿ
reward	ಪ್ರತಿಫಲ
rhetoric	ವಾಕ್ಚಾತುರ್ಯ
rhino	ಘೇಂಡಾಮೃಗ
rhyme	ಪ್ರಾಸ
rhythm	ಲಯ
rhythmical (e.g. melody); casual (e.g. dress); light; nimble	ಲಯಬದ್ಧ (ಉದಾ. ಮಧುರ); ಕ್ಯಾಶುಯಲ್ (ಉದಾ. ಉಡುಗೆ); ಬೆಳಕು; ವೇಗವುಳ್ಳ
rice	ಅಕ್ಕಿ
rice / a meal	ಅಕ್ಕಿ / ಊಟ
rice / meal	ಅನ್ನ / ಊಟ
rice ball	ಅಕ್ಕಿ ಚೆಂಡು
rice bowl	ಅಕ್ಕಿ ಬಟ್ಟಲು
rice bowl; tea cup; teacup	ಅಕ್ಕಿ ಬೌಲ್; ಚಹಾ ಕಪ್; ಟೀಕಪ್
rice field	ಭತ್ತದ ಗದ್ದೆ
rice planting	ಭತ್ತದ ನಾಟಿ
rice-plant	ಭತ್ತದ ಗಿಡ
rice; meal	ಅಕ್ಕಿ; ಊಟ
rich	ಶ್ರೀಮಂತ
rich family; distinguished family	ಶ್ರೀಮಂತ ಕುಟುಂಬ; ಪ್ರತಿಷ್ಠಿತ ಕುಟುಂಬ
rich man	ಶ್ರೀಮಂತ ವ್ಯಕ್ತಿ
rich person	ಶ್ರೀಮಂತ ವ್ಯಕ್ತಿ
rid	ತೊಡೆದುಹಾಕಲು
riddle; puzzle; enigma	ಒಗಟು; ಒಗಟು; ಎನಿಗ್ಮಾ
ride	ಸವಾರಿ
ridge; (mountain) pass; difficult part	ಪರ್ವತಶ್ರೇಣಿ; (ಪರ್ವತ) ಪಾಸ್; ಕಷ್ಟದ ಭಾಗ
ridiculous	ಹಾಸ್ಯಾಸ್ಪದ
rifle	ರೈಫಲ್
right	ಬಲ
right angle	ಲಂಬ ಕೋನ
right away	ಈಗಿನಿಂದಲೇ
right side	ಬಲಭಾಗ
right; privilege	ಬಲ; ಸವಲತ್ತು
rights	ಹಕ್ಕುಗಳು
rigorous	ಕಠಿಣ
ring	ಉಂಗುರ
ring finger	ಉಂಗುರ ಬೆರಳು
ring; hoop; circle	ಉಂಗುರ; ಹೂಪ್; ವೃತ್ತ
riot	ಗಲಭೆ
rip	ಕಿತ್ತುಹಾಕು
rise	ಏರಿಕೆ
rise / increase	ಏರಿಕೆ / ಹೆಚ್ಚಳ
rising; getting out of bed	ಏರುತ್ತಿದೆ; ಹಾಸಿಗೆಯಿಂದ ಹೊರಬರುವುದು
risk	ಅಪಾಯ
risk; venture; adventure	ಅಪಾಯ; ಸಾಹಸೋದ್ಯಮ; ಸಾಹಸ
risky	ಅಪಾಯಕಾರಿ
ritual	ಆಚರಣೆ
rival	ಪ್ರತಿಸ್ಪರ್ಧಿ
river	ನದಿ
river; stream	ನದಿ; ಸ್ಟ್ರೀಮ್
rivers	ನದಿಗಳು
road	ರಸ್ತೆ
road / street	ರಸ್ತೆ / ರಸ್ತೆ
road / way	ರಸ್ತೆ / ದಾರಿ
road; highway	ರಸ್ತೆ; ಹೆದ್ದಾರಿ
roadside tree; row of trees	ರಸ್ತೆ ಬದಿಯ ಮರ; ಮರಗಳ ಸಾಲು
rob	ದೋಚುತ್ತಾರೆ
robbery	ದರೋಡೆ
robbery; burglary	ದರೋಡೆ; ಕಳ್ಳತನ
robot	ರೋಬೋಟ್
robust	ದೃಢವಾದ
rock	ಬಂಡೆ
rock-scissors-paper game	ಕಲ್ಲು-ಕತ್ತರಿ-ಕಾಗದದ ಆಟ
rock; crag	ಬಂಡೆ; ಬಂಡೆ
rocket	ರಾಕೆಟ್
rod	ರಾಡ್
rod; pole (e.g. for drying laundry)	ರಾಡ್; ಕಂಬ (ಉದಾ. ಲಾಂಡ್ರಿ ಒಣಗಿಸಲು)
role	ಪಾತ್ರ
roll	ರೋಲ್
romance	ಪ್ರಣಯ
romanization; Roman letters	ರೋಮನೀಕರಣ; ರೋಮನ್ ಅಕ್ಷರಗಳು
romantic	ಪ್ರಣಯ
roof	ಛಾವಣಿ
roof tile	ಛಾವಣಿಯ ಟೈಲ್
rooftop	ಮೇಲ್ಛಾವಣಿ
room	ಕೊಠಡಿ
room to let	ಅವಕಾಶ ಕೊಠಡಿ
room; time to spare; emptiness	ಕೊಠಡಿ; ಬಿಡುವಿನ ಸಮಯ; ಶೂನ್ಯತೆ
roommate	ಕೊಠಡಿ ಸಹವಾಸಿ
rooster	ಹುಂಜ
root	ಮೂಲ
rope	ಹಗ್ಗ
rope; hemp	ಹಗ್ಗ; ಸೆಣಬಿನ
rose	ಗುಲಾಬಿ
rotate	ತಿರುಗಿಸಿ
rotation	ತಿರುಗುವಿಕೆ
rotation (duty)	ತಿರುಗುವಿಕೆ (ಕರ್ತವ್ಯ)
rotation; revolution; turning	ತಿರುಗುವಿಕೆ; ಕ್ರಾಂತಿ; ತಿರುಗುತ್ತಿದೆ
rough	ಒರಟು
rough copy; draft	ಒರಟು ಪ್ರತಿ; ಕರಡು
rough; rude; wild	ಒರಟು; ಅಸಭ್ಯ; ಕಾಡು
roughly	ಸ್ಥೂಲವಾಗಿ
round	ಸುತ್ತಿನಲ್ಲಿ
round; circular	ಸುತ್ತಿನಲ್ಲಿ; ವೃತ್ತಾಕಾರದ
round; circular; spherical	ಸುತ್ತಿನಲ್ಲಿ; ವೃತ್ತಾಕಾರದ; ಗೋಳಾಕಾರದ
rounding up (fractions)	ಪೂರ್ಣಗೊಳ್ಳುವಿಕೆ (ಭಾಗಗಳು)
route	ಮಾರ್ಗ
routine	ದಿನಚರಿ
row	ಸಾಲು
row of houses	ಮನೆಗಳ ಸಾಲು
royal	ರಾಯಲ್
rub	ರಬ್
rubber	ರಬ್ಬರ್
rubbish	ಕಸ
rude	ಅಸಭ್ಯ
rude; violent; rough; lawless; unreasonable; reckless	ಅಸಭ್ಯ; ಹಿಂಸಾತ್ಮಕ; ಒರಟು; ಕಾನೂನುಬಾಹಿರ; ಅವಿವೇಕದ; ಅಜಾಗರೂಕ
rug	ಕಂಬಳಿ
rugby	ರಗ್ಬಿ
ruin	ಹಾಳು
rule	ನಿಯಮ
rule (loanword)	ನಿಯಮ (ಸಾಲದ ಪದ)
rule / regulation	ನಿಯಮ / ನಿಯಂತ್ರಣ
rule; control; direction	ನಿಯಮ; ನಿಯಂತ್ರಣ; ನಿರ್ದೇಶನ
ruler	ಆಡಳಿತಗಾರ
ruler; measure	ಆಡಳಿತಗಾರ; ಅಳತೆ
ruler; monarch	ಆಡಳಿತಗಾರ; ರಾಜ
ruler; sovereign	ಆಡಳಿತಗಾರ; ಸಾರ್ವಭೌಮ
ruling	ಆಡಳಿತ
rumour	ವದಂತಿ
rumour; report; gossip; common talk	ವದಂತಿ; ವರದಿ; ಗಾಸಿಪ್; ಸಾಮಾನ್ಯ ಚರ್ಚೆ
run	ಓಡುತ್ತಾರೆ
run out of	ಮುಗಿಯಿತು
runner	ಓಟಗಾರ
running	ಓಡುತ್ತಿದೆ
running about in confusion	ಗೊಂದಲದಲ್ಲಿ ಓಡುತ್ತಿದೆ
running away from home; leaving home	ಮನೆಯಿಂದ ಓಡಿಹೋಗುವುದು; ಮನೆಯಿಂದ ಹೊರಟೆ
running fast; double time	ವೇಗವಾಗಿ ಓಡುವುದು; ಎರಡು ಬಾರಿ
runny nose	ಸ್ರವಿಸುವ ಮೂಗು
rural	ಗ್ರಾಮೀಣ
rush	ವಿಪರೀತ
rust (colour)	ತುಕ್ಕು (ಬಣ್ಣ)
sack	ಗೋಣಿಚೀಲ
sacred	ಪವಿತ್ರ
sacrifice	ತ್ಯಾಗ
sad	ದುಃಖ
sadly	ದುಃಖದಿಂದ
safe	ಸುರಕ್ಷಿತ
safe; vault; treasury; provider of funds	ಸುರಕ್ಷಿತ; ವಾಲ್ಟ್; ಖಜಾನೆ; ನಿಧಿ ಒದಗಿಸುವವರು
safety	ಸುರಕ್ಷತೆ
safety; peace; quietness	ಸುರಕ್ಷತೆ; ಶಾಂತಿ; ಶಾಂತತೆ
sagacious	ಜಾಣ
sail	ನೌಕಾಯಾನ
sailing	ನೌಕಾಯಾನ
sailor	ನಾವಿಕ
saint	ಸಂತ
sake	ಸಲುವಾಗಿ
sake / rice wine	ಸಲುವಾಗಿ / ಅಕ್ಕಿ ವೈನ್
sake; alcohol	ಸಲುವಾಗಿ; ಮದ್ಯ
salad	ಸಲಾಡ್
salary	ಸಂಬಳ
salary; wages	ಸಂಬಳ; ವೇತನ
salaryman; company employee	ಸಂಬಳದಾರ; ಕಂಪನಿ ಉದ್ಯೋಗಿ
sale	ಮಾರಾಟ
sale; selling; marketing	ಮಾರಾಟ; ಮಾರಾಟ; ಮಾರ್ಕೆಟಿಂಗ್
sales	ಮಾರಾಟ
sales (selling)	ಮಾರಾಟ (ಮಾರಾಟ)
sales / business	ಮಾರಾಟ / ವ್ಯಾಪಾರ
salesman	ಮಾರಾಟಗಾರ
salient	ಪ್ರಮುಖ
salt	ಉಪ್ಪು
salty	ಉಪ್ಪು
salty (taste)	ಉಪ್ಪು (ರುಚಿ)
same	ಅದೇ
sample	ಮಾದರಿ
sanction	ಮಂಜೂರಾತಿ
sand	ಮರಳು
sandals	ಚಪ್ಪಲಿಗಳು
sandbank	ಮರಳಿನ ದಂಡೆ
sandwich	ಸ್ಯಾಂಡ್ವಿಚ್
sandwich (short version)	ಸ್ಯಾಂಡ್ವಿಚ್ (ಸಣ್ಣ ಆವೃತ್ತಿ)
sashimi	ಸಶಿಮಿ
satellite	ಉಪಗ್ರಹ
satisfaction	ತೃಪ್ತಿ
satisfied	ತೃಪ್ತಿಯಾಯಿತು
satisfy	ತೃಪ್ತಿಪಡಿಸು
sauce	ಸಾಸ್
saucepan; pot	ಲೋಹದ ಬೋಗುಣಿ; ಮಡಕೆ
save	ಉಳಿಸಿ
saving	ಉಳಿತಾಯ
savings	ಉಳಿತಾಯ
saw	ಕಂಡಿತು
say	ಹೇಳುತ್ತಾರೆ
scale	ಪ್ರಮಾಣದ
scale; scope; plan; structure	ಪ್ರಮಾಣದ; ವ್ಯಾಪ್ತಿ; ಯೋಜನೆ; ರಚನೆ
scales; weighing machine	ಮಾಪಕಗಳು; ತೂಕದ ಯಂತ್ರ
scan	ಸ್ಕ್ಯಾನ್
scandal	ಹಗರಣ
scarce	ವಿರಳ
scarcely	ವಿರಳವಾಗಿ
scare	ಹೆದರಿಕೆ
scared	ಭಯವಾಯಿತು
scarf	ಸ್ಕಾರ್ಫ್
scary	ಭಯಾನಕ
scattered	ಅಲ್ಲಲ್ಲಿ
scattering; a scatter; dispersion	ಚದುರುವಿಕೆ; ಒಂದು ಚದುರುವಿಕೆ; ಪ್ರಸರಣ
scattering; diffusion	ಚದುರುವಿಕೆ; ಪ್ರಸರಣ
scenario	ಸನ್ನಿವೇಶ
scene	ದೃಶ್ಯ
scene; landscape	ದೃಶ್ಯ; ಭೂದೃಶ್ಯ
scene; setting (e.g. of novel)	ದೃಶ್ಯ; ಸೆಟ್ಟಿಂಗ್ (ಉದಾ. ಕಾದಂಬರಿ)
scene; spectacle	ದೃಶ್ಯ; ಚಮತ್ಕಾರ
scene; view; prospect; outlook	ದೃಶ್ಯ; ವೀಕ್ಷಿಸಿ; ನಿರೀಕ್ಷೆ; ಮೇಲ್ನೋಟ
scenery	ದೃಶ್ಯಾವಳಿ
sceptical	ಸಂಶಯಾಸ್ಪದ
schedule	ವೇಳಾಪಟ್ಟಿ
schedule (time table)	ವೇಳಾಪಟ್ಟಿ (ಸಮಯ ಕೋಷ್ಟಕ)
schedule / timetable	ವೇಳಾಪಟ್ಟಿ / ವೇಳಾಪಟ್ಟಿ
scheme	ಯೋಜನೆ
scholar	ವಿದ್ವಾಂಸ
scholarship	ವಿದ್ಯಾರ್ಥಿವೇತನ
scholarship; knowledge; literary ability	ವಿದ್ಯಾರ್ಥಿವೇತನ; ಜ್ಞಾನ; ಸಾಹಿತ್ಯಿಕ ಸಾಮರ್ಥ್ಯ
scholarship; study; learning	ವಿದ್ಯಾರ್ಥಿವೇತನ; ಅಧ್ಯಯನ; ಕಲಿಕೆ
school	ಶಾಲೆ
school building	ಶಾಲಾ ಕಟ್ಟಡ
school lunch; providing a meal	ಶಾಲೆಯ ಊಟ; ಊಟವನ್ನು ಒದಗಿಸುತ್ತಿದೆ
science	ವಿಜ್ಞಾನ
science; learning; scholarship	ವಿಜ್ಞಾನ; ಕಲಿಕೆ; ವಿದ್ಯಾರ್ಥಿವೇತನ
scientific	ವೈಜ್ಞಾನಿಕ
scientific society; academic meeting	ವೈಜ್ಞಾನಿಕ ಸಮಾಜ; ಶೈಕ್ಷಣಿಕ ಸಭೆ
scientist	ವಿಜ್ಞಾನಿ
scope	ವ್ಯಾಪ್ತಿ
score	ಅಂಕ
score (music)	ಸ್ಕೋರ್ (ಸಂಗೀತ)
scorn; disdain	ತಿರಸ್ಕಾರ; ತಿರಸ್ಕಾರ
scratch	ಸ್ಕ್ರಾಚ್
scream	ಕಿರುಚುತ್ತಾರೆ
screen	ಪರದೆ
screening	ಸ್ಕ್ರೀನಿಂಗ್
screw	ತಿರುಪು
screwdriver	ಸ್ಕ್ರೂಡ್ರೈವರ್
script	ಸ್ಕ್ರಿಪ್ಟ್
scrupulous	ನಿಷ್ಠುರ
scrutinize	ಸೂಕ್ಷ್ಮವಾಗಿ ಪರಿಶೀಲಿಸುತ್ತಾರೆ
scrutinizing	ಸೂಕ್ಷ್ಮವಾಗಿ ಪರಿಶೀಲಿಸಲಾಗುತ್ತಿದೆ
scrutiny	ಪರಿಶೀಲನೆ
sculpture	ಶಿಲ್ಪಕಲೆ
sea	ಸಮುದ್ರ
sea / ocean	ಸಮುದ್ರ / ಸಾಗರ
sea bathing; seawater bath	ಸಮುದ್ರ ಸ್ನಾನ; ಸಮುದ್ರದ ನೀರಿನ ಸ್ನಾನ
sea route	ಸಮುದ್ರ ಮಾರ್ಗ
seal	ಮುದ್ರೆ
seal (used for signature)	ಮುದ್ರೆ (ಸಹಿಗಾಗಿ ಬಳಸಲಾಗುತ್ತದೆ)
seal; stamp; mark; print	ಮುದ್ರೆ; ಸ್ಟಾಂಪ್; ಗುರುತು; ಮುದ್ರಿಸು
search	ಹುಡುಕು
season	ಋತು
season; weather; cheerfulness	ಋತು; ಹವಾಮಾನ; ಹರ್ಷಚಿತ್ತತೆ
seasoning; flavoring	ಮಸಾಲೆ; ಸುವಾಸನೆ
seat	ಆಸನ
seat; bench	ಆಸನ; ಬೆಂಚ್
second	ಎರಡನೆಯದು
second (60th min)	ಎರಡನೇ (60 ನೇ ನಿಮಿಷ)
second helping; another cup	ಎರಡನೇ ಸಹಾಯ; ಮತ್ತೊಂದು ಕಪ್
second third of a month	ಒಂದು ತಿಂಗಳ ಎರಡನೇ ಮೂರನೇ
secondary	ದ್ವಿತೀಯ
secondly	ಎರಡನೆಯದಾಗಿ
secondly / next	ಎರಡನೆಯದಾಗಿ / ಮುಂದೆ
secret	ರಹಸ್ಯ
secret intention; motive	ರಹಸ್ಯ ಉದ್ದೇಶ; ಪ್ರೇರಣೆ
secret; secrecy	ರಹಸ್ಯ; ರಹಸ್ಯ
secretary	ಕಾರ್ಯದರ್ಶಿ
section	ವಿಭಾಗ
section (of track  etc)	ವಿಭಾಗ (ಟ್ರ್ಯಾಕ್ ಇತ್ಯಾದಿ)
section chief	ವಿಭಾಗದ ಮುಖ್ಯಸ್ಥ
section manager	ವಿಭಾಗ ವ್ಯವಸ್ಥಾಪಕ
sector	ವಲಯ
secular	ಜಾತ್ಯತೀತ
secure	ಸುರಕ್ಷಿತ
securities	ಭದ್ರತೆಗಳು
security	ಭದ್ರತೆ
see	ನೋಡಿ
see ya	ನೋಡುತ್ತೇನೆ
see you (casual)	ನಿಮ್ಮನ್ನು ನೋಡೋಣ (ಸಾಂದರ್ಭಿಕ)
see you again	ಮತ್ತೆ ನೋಡುತ್ತೇನೆ
see you later	ನಂತರ ನೋಡೋಣ
see you tomorrow	ನಾಳೆ ನೋಡೋಣ
seed	ಬೀಜ
seeing one off; farewell; escort	ಒಂದನ್ನು ನೋಡುವುದು; ಬೀಳ್ಕೊಡುಗೆ; ಬೆಂಗಾವಲು
seek	ಹುಡುಕುವುದು
seeker	ಅನ್ವೇಷಕ
seem	ತೋರುತ್ತದೆ
seemingly	ತೋರಿಕೆಯಲ್ಲಿ
segment	ವಿಭಾಗ
seize	ವಶಪಡಿಸಿಕೊಳ್ಳುತ್ತಾರೆ
seldom	ವಿರಳವಾಗಿ
select	ಆಯ್ಕೆ
selection	ಆಯ್ಕೆ
selection; choice	ಆಯ್ಕೆ; ಆಯ್ಕೆ
selective	ಆಯ್ದ
self	ಸ್ವಯಂ
self-declaration	ಸ್ವಯಂ ಘೋಷಣೆ
self-defense	ಆತ್ಮರಕ್ಷಣೆ
self-government	ಸ್ವ-ಸರ್ಕಾರ
self-government; autonomy	ಸ್ವ-ಸರ್ಕಾರ; ಸ್ವಾಯತ್ತತೆ
self-introduction	ಸ್ವಯಂ ಪರಿಚಯ
self-study	ಸ್ವಯಂ ಅಧ್ಯಯನ
selfish	ಸ್ವಾರ್ಥಿ
selfishness; egoism; wilfulness; disobedience; whim	ಸ್ವಾರ್ಥ; ಅಹಂಭಾವ; ಇಚ್ಛಾಶಕ್ತಿ; ಅವಿಧೇಯತೆ; ಹುಚ್ಚಾಟಿಕೆ
sell	ಮಾರಾಟ
seminar	ಸೆಮಿನಾರ್
senator	ಸೆನೆಟರ್
send	ಕಳುಹಿಸು
senior	ಹಿರಿಯ
senior (at work)	ಹಿರಿಯ (ಕೆಲಸದಲ್ಲಿ)
senior members of a group	ಗುಂಪಿನ ಹಿರಿಯ ಸದಸ್ಯರು
sensation	ಸಂವೇದನೆ
sense	ಅರ್ಥದಲ್ಲಿ
sense of touch; feeling; sensation	ಸ್ಪರ್ಶದ ಅರ್ಥ; ಭಾವನೆ; ಸಂವೇದನೆ
sense; sensation	ಅರ್ಥದಲ್ಲಿ; ಸಂವೇದನೆ
sensible	ಸಂವೇದನಾಶೀಲ
sensitive	ಸೂಕ್ಷ್ಮ
sensitivity	ಸೂಕ್ಷ್ಮತೆ
sensitivity; severity (quake)	ಸೂಕ್ಷ್ಮತೆ; ತೀವ್ರತೆ (ಕಂಪನ)
sentence	ವಾಕ್ಯ
sentence / text	ವಾಕ್ಯ / ಪಠ್ಯ
sentence in English	ಇಂಗ್ಲಿಷ್ನಲ್ಲಿ ವಾಕ್ಯ
sentence; text	ವಾಕ್ಯ; ಪಠ್ಯ
sentiment	ಭಾವನೆ
separate	ಪ್ರತ್ಯೇಕ
separately; individually	ಪ್ರತ್ಯೇಕವಾಗಿ; ಪ್ರತ್ಯೇಕವಾಗಿ
separation	ಪ್ರತ್ಯೇಕತೆ
sequel; continuation	ಉತ್ತರಭಾಗ; ಮುಂದುವರಿಕೆ
sequence	ಅನುಕ್ರಮ
serial	ಧಾರಾವಾಹಿ
serial; consecutive; continuity; continuing	ಧಾರಾವಾಹಿ; ಸತತವಾಗಿ; ನಿರಂತರತೆ; ಮುಂದುವರೆಯುತ್ತಿದೆ
series	ಸರಣಿ
serious	ಗಂಭೀರ
serious / diligent	ಗಂಭೀರ / ಶ್ರದ್ಧೆ
serious / grave	ಗಂಭೀರ / ಸಮಾಧಿ
serious; important; grave; weighty	ಗಂಭೀರ; ಪ್ರಮುಖ; ಸಮಾಧಿ; ತೂಕದ
serious; sober; diligent	ಗಂಭೀರ; ಸಮಚಿತ್ತ; ಶ್ರದ್ಧೆಯುಳ್ಳ
seriously	ಗಂಭೀರವಾಗಿ
seriously ill; serious condition; critical state	ತೀವ್ರ ಅನಾರೋಗ್ಯ; ಗಂಭೀರ ಸ್ಥಿತಿ; ನಿರ್ಣಾಯಕ ಸ್ಥಿತಿ
seriousness; earnestness	ಗಂಭೀರತೆ; ಶ್ರದ್ಧೆ
servant	ಸೇವಕ
serve	ಸೇವೆ
server	ಸರ್ವರ್
service	ಸೇವೆ
service; duty; work	ಸೇವೆ; ಕರ್ತವ್ಯ; ಕೆಲಸ
session	ಅಧಿವೇಶನ
set	ಸೆಟ್
set up	ಸ್ಥಾಪಿಸಿದರು
set-up	ಸೆಟ್ ಅಪ್
setting	ಸೆಟ್ಟಿಂಗ್
settle	ನೆಲೆಗೊಳ್ಳು
settlement	ವಸಾಹತು
settlement; conclusion; regulation; rule	ವಸಾಹತು; ತೀರ್ಮಾನ; ನಿಯಂತ್ರಣ; ನಿಯಮ
settlement; solution; resolution	ವಸಾಹತು; ಪರಿಹಾರ; ನಿರ್ಣಯ
settler	ವಸಾಹತುಗಾರ
seven	ಏಳು
seven (counter)	ಏಳು (ಕೌಂಟರ್)
seven (things)	ಏಳು (ವಸ್ತುಗಳು)
seven days	ಏಳು ದಿನಗಳು
seven days; the seventh day	ಏಳು ದಿನಗಳು; ಏಳನೇ ದಿನ
seven hundred	ಏಳುನೂರು
seven minutes	ಏಳು ನಿಮಿಷಗಳು
seven o'clock	ಏಳು ಗಂಟೆ
seventeen	ಹದಿನೇಳು
seventh	ಏಳನೇ
seventy	ಎಪ್ಪತ್ತು
several	ಹಲವಾರು
severe	ತೀವ್ರ
severely	ತೀವ್ರವಾಗಿ
sewing	ಹೊಲಿಗೆ
sex	ಲೈಂಗಿಕ
sex; gender	ಲೈಂಗಿಕತೆ; ಲಿಂಗ
sexual	ಲೈಂಗಿಕ
sexual offender; lascivious man	ಲೈಂಗಿಕ ಅಪರಾಧಿ; ಕಾಮಪ್ರಚೋದಕ ಮನುಷ್ಯ
sexuality	ಲೈಂಗಿಕತೆ
sexy	ಮಾದಕ
shabby; seedy	ಕಳಪೆ; ಬಿತ್ತನೆಯ
shade	ನೆರಳು
shade; shadow; other side	ನೆರಳು; ನೆರಳು; ಇನ್ನೊಂದು ಕಡೆ
shadow	ನೆರಳು
shake	ಅಲ್ಲಾಡಿಸಿ
shall	ಹಾಗಿಲ್ಲ
shallow	ಆಳವಿಲ್ಲದ
shallow; superficial	ಆಳವಿಲ್ಲದ; ಮೇಲ್ನೋಟದ
shame	ಅವಮಾನ
shame; very kind of you; sorry to trouble	ಅವಮಾನ; ನೀವು ತುಂಬಾ ಕರುಣಾಮಯಿ; ತೊಂದರೆಗೆ ಕ್ಷಮಿಸಿ
shameful; indecent	ನಾಚಿಕೆಗೇಡಿನ; ಅಸಭ್ಯ
shampoo	ಶಾಂಪೂ
shape	ಆಕಾರ
shape; form; posture; suitability	ಆಕಾರ; ರೂಪ; ಭಂಗಿ; ಸೂಕ್ತತೆ
shaped	ಆಕಾರದ
share	ಪಾಲು
share; stock; stump (of tree)	ಪಾಲು; ಸ್ಟಾಕ್; ಸ್ಟಂಪ್ (ಮರದ)
shareholder	ಷೇರುದಾರ
sharing with; participate in	ಜೊತೆ ಹಂಚಿಕೊಳ್ಳುವುದು; ಭಾಗವಹಿಸಿ
shark	ಶಾರ್ಕ್
sharp	ಚೂಪಾದ
sharply	ತೀವ್ರವಾಗಿ
shatter	ಚೂರುಚೂರು
she	ಅವಳು
she; girlfriend	ಅವಳು; ಗೆಳತಿ
shed	ಚೆಲ್ಲಿದರು
sheep	ಕುರಿಗಳು
sheer	ಬರಿಯ
sheet	ಹಾಳೆ
shelf	ಶೆಲ್ಫ್
shell	ಶೆಲ್
shell; husk; hull; chaff	ಶೆಲ್; ಹೊಟ್ಟು; ಹಲ್; ಚಾಫ್
shell; shellfish	ಶೆಲ್; ಚಿಪ್ಪುಮೀನು
shelter	ಆಶ್ರಯ
shelves	ಕಪಾಟುಗಳು
shift	ಶಿಫ್ಟ್
shine	ಹೊಳೆಯುತ್ತವೆ
shiny	ಹೊಳೆಯುವ
ship	ಹಡಗು
ship / boat	ಹಡಗು / ದೋಣಿ
ship; boat	ಹಡಗು; ದೋಣಿ
ship; boat; watercraft; shipping; vessel; steamship	ಹಡಗು; ದೋಣಿ; ಜಲನೌಕೆ; ಶಿಪ್ಪಿಂಗ್; ಪಾತ್ರೆ; ಉಗಿ ಹಡಗು
shipbuilding	ಹಡಗು ನಿರ್ಮಾಣ
shipping	ಶಿಪ್ಪಿಂಗ್
shipping; marine transportation	ಶಿಪ್ಪಿಂಗ್; ಸಮುದ್ರ ಸಾರಿಗೆ
shirt	ಅಂಗಿ
shock	ಆಘಾತ
shocked	ಆಘಾತವಾಯಿತು
shocking	ಆಘಾತಕಾರಿ
shoe	ಶೂ
shoe store	ಶೂ ಅಂಗಡಿ
shoes	ಶೂಗಳು
shoot	ಶೂಟ್
shooting	ಶೂಟಿಂಗ್
shop	ಅಂಗಡಿ
shop / store	ಅಂಗಡಿ / ಅಂಗಡಿ
shop assistant	ಅಂಗಡಿ ಸಹಾಯಕ
shop clerk	ಅಂಗಡಿ ಗುಮಾಸ್ತ
shop staff / waiter	ಅಂಗಡಿ ಸಿಬ್ಬಂದಿ / ಮಾಣಿ
shop which handles Western-style apparel and accessories	ಪಾಶ್ಚಿಮಾತ್ಯ ಶೈಲಿಯ ಉಡುಪು ಮತ್ತು ಪರಿಕರಗಳನ್ನು ನಿರ್ವಹಿಸುವ ಅಂಗಡಿ
shop; business firm	ಅಂಗಡಿ; ವ್ಯಾಪಾರ ಸಂಸ್ಥೆ
shop; stand	ಅಂಗಡಿ; ನಿಲ್ಲು
shop; store	ಅಂಗಡಿ; ಅಂಗಡಿ
shopkeeper	ಅಂಗಡಿಯವನು
shopping	ಶಾಪಿಂಗ್
shopping basket	ಶಾಪಿಂಗ್ ಬುಟ್ಟಿ
shopping street	ಶಾಪಿಂಗ್ ಬೀದಿ
shore	ತೀರ
short	ಚಿಕ್ಕದಾಗಿದೆ
short (e.g. story; film)	ಚಿಕ್ಕದು (ಉದಾ. ಕಥೆ; ಚಲನಚಿತ್ರ)
short (length)	ಚಿಕ್ಕ (ಉದ್ದ)
short (stature)	ಸಣ್ಣ (ಎತ್ತರದ)
short term	ಅಲ್ಪಾವಧಿ
short-term	ಅಲ್ಪಾವಧಿಯ
short; low	ಚಿಕ್ಕದು; ಕಡಿಮೆ
shortage	ಕೊರತೆ
shortly	ಸ್ವಲ್ಪ ಸಮಯದಲ್ಲಿ
shorts	ಕಿರುಚಿತ್ರಗಳು
shortsightedness	ದೂರದೃಷ್ಟಿ
shot	ಗುಂಡು ಹಾರಿಸಿದರು
should	ಮಾಡಬೇಕು
shoulder	ಭುಜ
shout	ಕೂಗು
shout; scream; outcry	ಕೂಗು; ಕೂಗು; ಕೂಗು
show	ತೋರಿಸು
show up	ತೋರಿಸು
show; exhibition	ತೋರಿಸು; ಪ್ರದರ್ಶನ
shower	ಶವರ್
showy; loud; gay; flashy; gaudy	ತೋರಿಕೆಯ; ಜೋರಾಗಿ; ಸಲಿಂಗಕಾಮಿ; ಹೊಳೆಯುವ; ಆಡಂಬರದ
shrimp	ಸೀಗಡಿ
shrine	ದೇಗುಲ
shrink	ಕುಗ್ಗಿಸು
shrug	ಭುಜ ತಟ್ಟಿ
shut	ಮುಚ್ಚಿದೆ
shuttlecock	ಶಟಲ್ ಕಾಕ್
shy	ನಾಚಿಕೆ
shy person	ನಾಚಿಕೆ ಸ್ವಭಾವದ ವ್ಯಕ್ತಿ
sibling	ಒಡಹುಟ್ಟಿದವರು
siblings	ಒಡಹುಟ್ಟಿದವರು
siblings / brothers	ಒಡಹುಟ್ಟಿದವರು / ಸಹೋದರರು
sick	ಅನಾರೋಗ್ಯ
side	ಬದಿ
side / beside	ಪಕ್ಕ / ಪಕ್ಕದಲ್ಲಿ
side dish; accompaniment for rice dishes	ಭಕ್ಷ್ಯ; ಅಕ್ಕಿ ಭಕ್ಷ್ಯಗಳಿಗೆ ಪಕ್ಕವಾದ್ಯ
side line; second business	ಅಡ್ಡ ಸಾಲು; ಎರಡನೇ ವ್ಯವಹಾರ
side; edge; third person	ಬದಿ; ಅಂಚು; ಮೂರನೇ ವ್ಯಕ್ತಿ
sigh	ನಿಟ್ಟುಸಿರು
sight	ದೃಷ್ಟಿ
sightseeing	ದೃಶ್ಯವೀಕ್ಷಣೆಯ
sign	ಚಿಹ್ನೆ
sign of life	ಜೀವನದ ಚಿಹ್ನೆ
sign; mark	ಚಿಹ್ನೆ; ಗುರುತು
sign; mark; symbol	ಚಿಹ್ನೆ; ಗುರುತು; ಚಿಹ್ನೆ
sign; signal	ಚಿಹ್ನೆ; ಸಂಕೇತ
sign; signboard; doorplate; poster	ಚಿಹ್ನೆ; ಸೂಚನಾ ಫಲಕ; ಬಾಗಿಲಿನ ಫಲಕ; ಪೋಸ್ಟರ್
signal	ಸಂಕೇತ
signature	ಸಹಿ
signature; register	ಸಹಿ; ನೋಂದಾಯಿಸಿ
significance	ಮಹತ್ವ
significant	ಗಮನಾರ್ಹ
significantly	ಗಮನಾರ್ಹವಾಗಿ
silence	ಮೌನ
silent	ಮೌನ
silk	ರೇಷ್ಮೆ
silly	ಸಿಲ್ಲಿ
silver	ಬೆಳ್ಳಿ
similar	ಇದೇ
similarity	ಹೋಲಿಕೆ
similarly	ಅದೇ ರೀತಿ
simple	ಸರಳ
simplicity	ಸರಳತೆ
simplicity; easiness; quasi-	ಸರಳತೆ; ಸುಲಭತೆ; ಅರೆ-
simplicity; plain	ಸರಳತೆ; ಸರಳ
simply	ಸರಳವಾಗಿ
simply; merely; only; solely	ಸರಳವಾಗಿ; ಕೇವಲ; ಮಾತ್ರ; ಕೇವಲ
simulate	ಅನುಕರಿಸಿ
simulation	ಸಿಮ್ಯುಲೇಶನ್
simultaneous(ly); concurrent; same time; synchronous	ಏಕಕಾಲದಲ್ಲಿ (ly); ಏಕಕಾಲೀನ; ಅದೇ ಸಮಯ; ಸಿಂಕ್ರೊನಸ್
simultaneous; all at once	ಏಕಕಾಲದಲ್ಲಿ; ಒಂದೇ ಬಾರಿಗೆ
simultaneously	ಏಕಕಾಲದಲ್ಲಿ
sin	ಪಾಪ
sin / crime	ಪಾಪ / ಅಪರಾಧ
since	ರಿಂದ
since; henceforth	ಅಂದಿನಿಂದ; ಇನ್ನು ಮುಂದೆ
sincere	ಪ್ರಾಮಾಣಿಕ
sing	ಹಾಡುತ್ತಾರೆ
singer	ಗಾಯಕ
singing	ಹಾಡುವುದು
single	ಏಕ
single word	ಒಂದೇ ಪದ
singular (number)	ಏಕವಚನ (ಸಂಖ್ಯೆ)
sink	ಮುಳುಗು
sir	ಸರ್
sister	ಸಹೋದರಿ
sisters	ಸಹೋದರಿಯರು
sit	ಕುಳಿತುಕೊಳ್ಳಿ
sit down	ಕುಳಿತುಕೊಳ್ಳಿ
site	ಸೈಟ್
site; point on a map	ಸೈಟ್; ನಕ್ಷೆಯಲ್ಲಿ ಪಾಯಿಂಟ್
situated	ನೆಲೆಗೊಂಡಿದೆ
situation	ಪರಿಸ್ಥಿತಿ
situation; present state of affairs	ಪರಿಸ್ಥಿತಿ; ವ್ಯವಹಾರಗಳ ಪ್ರಸ್ತುತ ಸ್ಥಿತಿ
six	ಆರು
six (counter)	ಆರು (ಕೌಂಟರ್)
six (things)	ಆರು (ವಸ್ತುಗಳು)
six (used in legal documents)	ಆರು (ಕಾನೂನು ದಾಖಲೆಗಳಲ್ಲಿ ಬಳಸಲಾಗಿದೆ)
six days	ಆರು ದಿನಗಳು
six days; sixth day of the month	ಆರು ದಿನಗಳು; ತಿಂಗಳ ಆರನೇ ದಿನ
six hundred	ಆರು ನೂರು
six minutes	ಆರು ನಿಮಿಷಗಳು
six o'clock	ಆರು ಗಂಟೆ
sixteen	ಹದಿನಾರು
sixth	ಆರನೆಯದು
sixty	ಅರವತ್ತು
size	ಗಾತ್ರ
skepticism	ಸಂದೇಹವಾದ
sketch	ಸ್ಕೆಚ್
sketching; drawing from nature	ಸ್ಕೆಚಿಂಗ್; ಪ್ರಕೃತಿಯಿಂದ ಚಿತ್ರಿಸುವುದು
ski	ಸ್ಕೀ
skiing	ಸ್ಕೀಯಿಂಗ್
skill	ಕೌಶಲ್ಯ
skill; cleverness	ಕೌಶಲ್ಯ; ಬುದ್ಧಿವಂತಿಕೆ
skilled	ನುರಿತ
skilled at	ನಲ್ಲಿ ನುರಿತ
skillful	ಕೌಶಲ್ಯಪೂರ್ಣ
skillful; good at...	ಕೌಶಲ್ಯಪೂರ್ಣ; ಉತ್ತಮ...
skillful; handy	ಕೌಶಲ್ಯಪೂರ್ಣ; ಸೂಕ್ತ
skin	ಚರ್ಮ
skin color	ಚರ್ಮದ ಬಣ್ಣ
skin; hide; leather; fur; pelt; bark; shell	ಚರ್ಮ; ಮರೆಮಾಡು; ಚರ್ಮ; ತುಪ್ಪಳ; ಪೆಲ್ಟ್; ತೊಗಟೆ; ಶೆಲ್
skip	ಬಿಟ್ಟುಬಿಡಿ
skirt	ಸ್ಕರ್ಟ್
skull	ತಲೆಬುರುಡೆ
sky	ಆಕಾಶ
sky blue	ಆಕಾಶ ನೀಲಿ
sky; air	ಆಕಾಶ; ಗಾಳಿ
slam	ಸ್ಲ್ಯಾಮ್
slap	ಬಡಿ
slash	ಕಡಿದು
slave	ಗುಲಾಮ
slavery	ಗುಲಾಮಗಿರಿ
sleep	ನಿದ್ರೆ
sleep-wear; nightclothes; pyjamas; nightgown; nightdress	ನಿದ್ರೆ-ಉಡುಗೆ; ರಾತ್ರಿಯ ಬಟ್ಟೆಗಳು; ಪೈಜಾಮಾಗಳು; ನೈಟ್ಗೌನ್; ರಾತ್ರಿ ಉಡುಗೆ
sleeping in late	ತಡವಾಗಿ ಮಲಗಿದೆ
sleepy	ನಿದ್ದೆ ಬರುತ್ತಿದೆ
sleeve	ತೋಳು
sleight of hand; conjuring trick; magic; juggling	ಕೈ ಚಳಕ; ಮಾಂತ್ರಿಕ ತಂತ್ರ; ಮ್ಯಾಜಿಕ್; ಚಮತ್ಕಾರ
slice	ಸ್ಲೈಸ್
sliced raw fish	ಕತ್ತರಿಸಿದ ಕಚ್ಚಾ ಮೀನು
slide	ಸ್ಲೈಡ್
sliding screen	ಸ್ಲೈಡಿಂಗ್ ಪರದೆ
sliding storm door	ಸ್ಲೈಡಿಂಗ್ ಚಂಡಮಾರುತದ ಬಾಗಿಲು
slight	ಸ್ವಲ್ಪ
slightly	ಸ್ವಲ್ಪ
slip	ಸ್ಲಿಪ್
slogan	ಘೋಷಣೆ
slope	ಇಳಿಜಾರು
slope; hill	ಇಳಿಜಾರು; ಬೆಟ್ಟ
slot	ಸ್ಲಾಟ್
slow	ನಿಧಾನ
slow / late	ನಿಧಾನ / ತಡವಾಗಿ
slow; late	ನಿಧಾನ; ತಡವಾಗಿ
slowly	ನಿಧಾನವಾಗಿ
slowly / leisurely	ನಿಧಾನವಾಗಿ / ನಿಧಾನವಾಗಿ
slowly; leisurely; unhurriedly	ನಿಧಾನವಾಗಿ; ಆರಾಮವಾಗಿ; ಅವಸರವಿಲ್ಲದೆ
slowly; little by little; gradually; steadily; quietly	ನಿಧಾನವಾಗಿ; ಸ್ವಲ್ಪ ಸ್ವಲ್ಪ; ಕ್ರಮೇಣ; ಸ್ಥಿರವಾಗಿ; ಸದ್ದಿಲ್ಲದೆ
sly; cunning	ಕುತಂತ್ರ; ಕುತಂತ್ರ
small	ಸಣ್ಣ
small bird	ಸಣ್ಣ ಹಕ್ಕಿ
small; fine	ಸಣ್ಣ; ಚೆನ್ನಾಗಿದೆ
smart	ಬುದ್ಧಿವಂತ
smartly dressed; someone smartly dressed; fashion-conscious	ಅಚ್ಚುಕಟ್ಟಾಗಿ ಧರಿಸುತ್ತಾರೆ; ಯಾರಾದರೂ ಅಚ್ಚುಕಟ್ಟಾಗಿ ಧರಿಸುತ್ತಾರೆ; ಫ್ಯಾಷನ್ ಪ್ರಜ್ಞೆ
smartphone	ಸ್ಮಾರ್ಟ್ಫೋನ್
smash	ಸ್ಮ್ಯಾಶ್
smell	ವಾಸನೆ
smile	ಮುಗುಳ್ನಗೆ
smiling face	ನಗುತ್ತಿರುವ ಮುಖ
smoke	ಹೊಗೆ
smoke; fumes	ಹೊಗೆ; ಹೊಗೆ
smoking	ಧೂಮಪಾನ
smoky	ಹೊಗೆಯಾಡುತ್ತಿದೆ
smoky; feeling awkward	ಹೊಗೆಯಾಡುವ; ವಿಚಿತ್ರವಾದ ಭಾವನೆ
smooth	ನಯವಾದ
smoothly / quietly	ಸರಾಗವಾಗಿ / ಸದ್ದಿಲ್ಲದೆ
smoothness; glassiness	ಮೃದುತ್ವ; ಕನ್ನಡಕ
snack	ತಿಂಡಿ
snack; sweets	ತಿಂಡಿ; ಸಿಹಿತಿಂಡಿಗಳು
snake	ಹಾವು
snap	ಸ್ನ್ಯಾಪ್
sneakers	ಸ್ನೀಕರ್ಸ್
snow	ಹಿಮ
snow storm	ಹಿಮ ಚಂಡಮಾರುತ
snowy	ಹಿಮಭರಿತ
so	ಆದ್ದರಿಂದ
so / at that point	ಆದ್ದರಿಂದ / ಆ ಸಮಯದಲ್ಲಿ
so / therefore	ಆದ್ದರಿಂದ / ಆದ್ದರಿಂದ
so to speak	ಆದ್ದರಿಂದ ಮಾತನಾಡಲು
so-called	ಎಂದು ಕರೆಯಲ್ಪಡುವ
so-so	ಹಾಗೆ-ಹೀಗೆ
so; therefore	ಆದ್ದರಿಂದ; ಆದ್ದರಿಂದ
soak	ನೆನೆಸು
soaked; dripping wet	ನೆನೆಸಿದ; ತೊಟ್ಟಿಕ್ಕುವ ಒದ್ದೆ
soap	ಸಾಬೂನು
soar	ಸೋರ್
soba (buckwheat noodles)	ಸೋಬಾ (ಬಕ್ವೀಟ್ ನೂಡಲ್ಸ್)
soba noodles	ಸೋಬಾ ನೂಡಲ್ಸ್
soccer	ಸಾಕರ್
social	ಸಾಮಾಜಿಕ
social issue	ಸಾಮಾಜಿಕ ಸಮಸ್ಯೆ
social media	ಸಾಮಾಜಿಕ ಮಾಧ್ಯಮ
social position; social status	ಸಾಮಾಜಿಕ ಸ್ಥಾನ; ಸಾಮಾಜಿಕ ಸ್ಥಾನಮಾನ
social science	ಸಾಮಾಜಿಕ ವಿಜ್ಞಾನ
social sciences; humanities	ಸಾಮಾಜಿಕ ವಿಜ್ಞಾನಗಳು; ಮಾನವಿಕತೆಗಳು
socialist	ಸಮಾಜವಾದಿ
society	ಸಮಾಜ
society; public	ಸಮಾಜ; ಸಾರ್ವಜನಿಕ
society; the world; the times	ಸಮಾಜ; ಜಗತ್ತು; ಸಮಯಗಳು
sock	ಕಾಲುಚೀಲ
socks	ಸಾಕ್ಸ್
sofa	ಸೋಫಾ
soft	ಮೃದು
soft; tender; limp	ಮೃದು; ಟೆಂಡರ್; ಕುಂಟುತ್ತಾ
software	ತಂತ್ರಾಂಶ
soil	ಮಣ್ಣು
soil / dirt	ಮಣ್ಣು / ಕೊಳಕು
soil / earth	ಮಣ್ಣು / ಭೂಮಿ
solar	ಸೌರ
sold-out	ಮಾರಾಟವಾದ
soldier	ಸೈನಿಕ
soldier; sailor	ಸೈನಿಕ; ನಾವಿಕ
sole	ಏಕೈಕ
solely	ಕೇವಲ
solicitor	ನ್ಯಾಯವಾದಿ
solid	ಘನ
solid (body)	ಘನ (ದೇಹ)
solid; firm; stout; burly; strong; sturdy	ಘನ; ಸಂಸ್ಥೆ; ಗಟ್ಟಿಮುಟ್ಟಾದ; ದಟ್ಟವಾದ; ಬಲವಾದ; ಗಟ್ಟಿಮುಟ್ಟಾದ
solid; hard (esp. metal; stone); unpolished writing	ಘನ; ಹಾರ್ಡ್ (ಉದಾ. ಲೋಹ; ಕಲ್ಲು); ಪಾಲಿಶ್ ಮಾಡದ ಬರವಣಿಗೆ
solidarity	ಒಗ್ಗಟ್ಟು
solo	ಏಕವ್ಯಕ್ತಿ
solution	ಪರಿಹಾರ
solve	ಪರಿಹರಿಸು
some	ಕೆಲವು
some time ago	ಸ್ವಲ್ಪ ಸಮಯದ ಹಿಂದೆ
somebody	ಯಾರಾದರೂ
someday	ಒಂದು ದಿನ
somehow	ಹೇಗೋ
somehow or other; for some reason or another	ಹೇಗಾದರೂ ಅಥವಾ ಬೇರೆ; ಕೆಲವು ಕಾರಣಗಳಿಗಾಗಿ ಅಥವಾ ಇನ್ನೊಂದು ಕಾರಣಕ್ಕಾಗಿ
somehow; anyhow; one way or another	ಹೇಗೋ; ಹೇಗಾದರೂ; ಒಂದು ರೀತಿಯಲ್ಲಿ ಅಥವಾ ಇನ್ನೊಂದು ರೀತಿಯಲ್ಲಿ
someone	ಯಾರಾದರೂ
someone; somebody	ಯಾರಾದರೂ; ಯಾರಾದರೂ
something	ಏನೋ
sometime	ಕೆಲವೊಮ್ಮೆ
sometime; someday; one day; some time or other; the other day; in due course; in time	ಕೆಲವೊಮ್ಮೆ; ಒಂದು ದಿನ; ಒಂದು ದಿನ; ಸ್ವಲ್ಪ ಸಮಯ ಅಥವಾ ಇತರ; ಇನ್ನೊಂದು ದಿನ; ಸರಿಯಾದ ಸಮಯದಲ್ಲಿ; ಸಮಯದಲ್ಲಿ
sometimes	ಕೆಲವೊಮ್ಮೆ
somewhat	ಸ್ವಲ್ಪಮಟ್ಟಿಗೆ
somewhere	ಎಲ್ಲೋ
somewhere; anywhere; in some respects	ಎಲ್ಲೋ; ಎಲ್ಲಿಯಾದರೂ; ಕೆಲವು ವಿಷಯಗಳಲ್ಲಿ
son	ಮಗ
son (of others)	ಮಗ (ಇತರರ)
son-in-law	ಅಳಿಯ
song	ಹಾಡು
song; ballad	ಹಾಡು; ನಾಡಗೀತೆ
soon	ಶೀಘ್ರದಲ್ಲೇ
soon; before long; in a short time	ಶೀಘ್ರದಲ್ಲೇ; ಬಹಳ ಮುಂಚೆ; ಕಡಿಮೆ ಸಮಯದಲ್ಲಿ
sophisticated	ಅತ್ಯಾಧುನಿಕ
sore throat	ನೋಯುತ್ತಿರುವ ಗಂಟಲು
sorry	ಕ್ಷಮಿಸಿ
sorry for intruding	ಒಳನುಗ್ಗಿದ್ದಕ್ಕಾಗಿ ಕ್ಷಮಿಸಿ
sorry for the inconvenience	ಅನಾನುಕೂಲತೆಗಾಗಿ ಕ್ಷಮಿಸಿ
sorry for the trouble	ತೊಂದರೆಗಾಗಿ ಕ್ಷಮಿಸಿ
sorry for the wait	ಕಾಯುವಿಕೆಗಾಗಿ ಕ್ಷಮಿಸಿ
sort	ವಿಂಗಡಿಸಿ
sorting; arrangement; adjustment; regulation	ವಿಂಗಡಿಸುವುದು; ವ್ಯವಸ್ಥೆ; ಹೊಂದಾಣಿಕೆ; ನಿಯಂತ್ರಣ
soul	ಆತ್ಮ
sound	ಧ್ವನಿ
sound; note	ಧ್ವನಿ; ಗಮನಿಸಿ
sounds	ಧ್ವನಿಸುತ್ತದೆ
soup	ಸೂಪ್
sour	ಹುಳಿ
source	ಮೂಲ
source; origin	ಮೂಲ; ಮೂಲ
south	ದಕ್ಷಿಣ
south and north	ದಕ್ಷಿಣ ಮತ್ತು ಉತ್ತರ
south pole; Antarctic	ದಕ್ಷಿಣ ಧ್ರುವ; ಅಂಟಾರ್ಕ್ಟಿಕ್
southern	ದಕ್ಷಿಣದ
souvenir	ಸ್ಮರಣಿಕೆ
sovereignty	ಸಾರ್ವಭೌಮತ್ವ
sowing and reaping	ಬಿತ್ತನೆ ಮತ್ತು ಕೊಯ್ಲು
soy sauce	ಸೋಯಾ ಸಾಸ್
spa; hot spring	ಸ್ಪಾ; ಬಿಸಿನೀರಿನ ಬುಗ್ಗೆ
spa; hot spring; onsen	ಸ್ಪಾ; ಬಿಸಿನೀರಿನ ಬುಗ್ಗೆ; ಆನ್ಸೆನ್
space	ಜಾಗ
space alien	ಬಾಹ್ಯಾಕಾಶ ಅನ್ಯಲೋಕದ
space; interval; SPC	ಜಾಗ; ಮಧ್ಯಂತರ; SPC
space; room; time; pause	ಜಾಗ; ಕೊಠಡಿ; ಸಮಯ; ವಿರಾಮ
spacious; wide	ವಿಶಾಲವಾದ; ಅಗಲ
spaghetti	ಸ್ಪಾಗೆಟ್ಟಿ
spam	ಸ್ಪ್ಯಾಮ್
span	ವ್ಯಾಪ್ತಿ
spare	ಬಿಡಿ
spark	ಕಿಡಿ
sparrow	ಗುಬ್ಬಚ್ಚಿ
speak	ಮಾತನಾಡುತ್ತಾರೆ
speaker	ಸ್ಪೀಕರ್
special	ವಿಶೇಷ
special sale	ವಿಶೇಷ ಮಾರಾಟ
special; unique	ವಿಶೇಷ; ಅನನ್ಯ
specialist	ತಜ್ಞ
specialize	ಪರಿಣತಿ
specialized	ವಿಶೇಷ
specially / on purpose	ವಿಶೇಷವಾಗಿ / ಉದ್ದೇಶಪೂರ್ವಕವಾಗಿ
specialty / major	ವಿಶೇಷತೆ / ಪ್ರಮುಖ
species	ಜಾತಿಗಳು
specific	ನಿರ್ದಿಷ್ಟ
specific; special; particular	ನಿರ್ದಿಷ್ಟ; ವಿಶೇಷ; ನಿರ್ದಿಷ್ಟ
specifically	ನಿರ್ದಿಷ್ಟವಾಗಿ
specification	ನಿರ್ದಿಷ್ಟತೆ
specify	ನಿರ್ದಿಷ್ಟಪಡಿಸಿ
specimen	ಮಾದರಿ
spectacle	ಚಮತ್ಕಾರ
spectacles; glasses	ಕನ್ನಡಕ; ಕನ್ನಡಕ
spectacular	ಅದ್ಭುತವಾದ
spectator	ಪ್ರೇಕ್ಷಕ
spectators; onlookers; members of the audience	ಪ್ರೇಕ್ಷಕರು; ನೋಡುಗರು; ಪ್ರೇಕ್ಷಕರ ಸದಸ್ಯರು
spectrum	ಸ್ಪೆಕ್ಟ್ರಮ್
speculate	ಊಹೆ
speculation	ಊಹಾಪೋಹ
speech	ಭಾಷಣ
speech; address	ಮಾತು; ವಿಳಾಸ
speech; expression; wording	ಮಾತು; ಅಭಿವ್ಯಕ್ತಿ; ಮಾತುಗಳು
speed	ವೇಗ
speed (per hour)	ವೇಗ (ಗಂಟೆಗೆ)
speed; velocity; rate	ವೇಗ; ವೇಗ; ದರ
speedy; express	ವೇಗವಾದ; ವ್ಯಕ್ತಪಡಿಸಿ
spell	ಕಾಗುಣಿತ
spelling	ಕಾಗುಣಿತ
spend	ಖರ್ಚು ಮಾಡುತ್ತಾರೆ
spending	ಖರ್ಚು ಮಾಡುತ್ತಿದೆ
sphere	ಗೋಳ
sphere; circle; range	ಗೋಳ; ವೃತ್ತ; ವ್ಯಾಪ್ತಿಯ
spice	ಮಸಾಲೆ
spicy	ಮಸಾಲೆಯುಕ್ತ
spicy / hot	ಮಸಾಲೆ / ಬಿಸಿ
spider	ಜೇಡ
spike	ಸ್ಪೈಕ್
spill	ಚೆಲ್ಲಿ
spin	ಸ್ಪಿನ್
spine	ಬೆನ್ನುಮೂಳೆಯ
spirit	ಆತ್ಮ
spirit; character; trait; temperament; disposition	ಆತ್ಮ; ಪಾತ್ರ; ಲಕ್ಷಣ; ಮನೋಧರ್ಮ; ಇತ್ಯರ್ಥ
spirit; mood	ಆತ್ಮ; ಮನಸ್ಥಿತಿ
spiritual	ಆಧ್ಯಾತ್ಮಿಕ
spite	ಹೊರತಾಗಿಯೂ
splendid; enough	ಭವ್ಯವಾದ; ಸಾಕಷ್ಟು
splendid; fine; handsome; elegant; imposing; prominent; legal; legitimate	ಭವ್ಯವಾದ; ದಂಡ; ಸುಂದರ; ಸೊಗಸಾದ; ಹೇರುವ; ಪ್ರಮುಖ; ಕಾನೂನು; ನ್ಯಾಯಸಮ್ಮತ
splendid; magnificent; beautiful; admirable	ಭವ್ಯವಾದ; ಭವ್ಯವಾದ; ಸುಂದರ; ಪ್ರಶಂಸನೀಯ
split	ವಿಭಜನೆ
spoil	ಹಾಳು
spoken	ಮಾತನಾಡಿದರು
spokesman	ವಕ್ತಾರ
spokesperson	ವಕ್ತಾರರು
spokeswoman	ವಕ್ತಾರರು
sponsor	ಪ್ರಾಯೋಜಕರು
sponsorship	ಪ್ರಾಯೋಜಕತ್ವ
spoon	ಚಮಚ
sport	ಕ್ರೀಡೆ
sporting	ಕ್ರೀಡಾ
sports	ಕ್ರೀಡೆಗಳು
spot	ಸ್ಪಾಟ್
spotlight	ಸ್ಪಾಟ್ಲೈಟ್
spouse	ಸಂಗಾತಿ
spread	ಹರಡಿತು
spring	ವಸಂತ
spring; fountain	ವಸಂತ; ಕಾರಂಜಿ
sprout	ಮೊಳಕೆಯೊಡೆಯುತ್ತವೆ
spy	ಪತ್ತೇದಾರಿ
squad	ತಂಡ
square	ಚೌಕ
squeeze	ಹಿಸುಕು
squid	ಸ್ಕ್ವಿಡ್
squirrel	ಅಳಿಲು
stab	ಇರಿತ
stability	ಸ್ಥಿರತೆ
stability; equilibrium	ಸ್ಥಿರತೆ; ಸಮತೋಲನ
stabilize	ಸ್ಥಿರಗೊಳಿಸು
stable	ಸ್ಥಿರ
stadium	ಕ್ರೀಡಾಂಗಣ
staff	ಸಿಬ್ಬಂದಿ
stage	ಹಂತ
stage (theatre)	ವೇದಿಕೆ (ರಂಗಭೂಮಿ)
stair	ಮೆಟ್ಟಿಲು
stairs	ಮೆಟ್ಟಿಲುಗಳು
stake	ಪಾಲನ್ನು
stalk	ಕಾಂಡ
stall	ಸ್ಟಾಲ್
stamp	ಮುದ್ರೆ
stamp; seal	ಸ್ಟಾಂಪ್; ಮುದ್ರೆ
stance	ನಿಲುವು
stand	ನಿಲ್ಲು
stand; rack; table; support	ನಿಲ್ಲು; ರ್ಯಾಕ್; ಟೇಬಲ್; ಬೆಂಬಲ
standard	ಪ್ರಮಾಣಿತ
standard / criterion	ಪ್ರಮಾಣಿತ / ಮಾನದಂಡ
standard; basis; criteria; norm	ಪ್ರಮಾಣಿತ; ಆಧಾರ; ಮಾನದಂಡಗಳು; ರೂಢಿ
standard; level	ಪ್ರಮಾಣಿತ; ಮಟ್ಟದ
standard; norm	ಪ್ರಮಾಣಿತ; ರೂಢಿ
standing	ನಿಂತಿರುವ
standpoint	ನಿಲುವು
standpoint; position; situation	ನಿಲುವು; ಸ್ಥಾನ; ಪರಿಸ್ಥಿತಿ
star	ನಕ್ಷತ್ರ
star (in the sky)	ನಕ್ಷತ್ರ (ಆಕಾಶದಲ್ಲಿ)
stare	ದಿಟ್ಟಿಸಿ ನೋಡು
stark	ಕಟುವಾಗಿ
starry sky	ನಕ್ಷತ್ರಗಳ ಆಕಾಶ
start	ಪ್ರಾರಂಭಿಸಿ
start; commencement; beginning	ಪ್ರಾರಂಭ; ಪ್ರಾರಂಭ; ಆರಂಭ
starting point	ಆರಂಭಿಕ ಹಂತ
starting with	ಆರಂಭಗೊಂಡು
starve	ಹಸಿವಿನಿಂದ
state	ರಾಜ್ಯ
state of affairs; situation; circumstances	ವ್ಯವಹಾರಗಳ ಸ್ಥಿತಿ; ಪರಿಸ್ಥಿತಿ; ಸಂದರ್ಭಗಳು
state; country; nation	ರಾಜ್ಯ; ದೇಶ; ರಾಷ್ಟ್ರ
statement	ಹೇಳಿಕೆ
statement / expression	ಹೇಳಿಕೆ / ಅಭಿವ್ಯಕ್ತಿ
station	ನಿಲ್ದಾಣ
station attendant	ಸ್ಟೇಷನ್ ಅಟೆಂಡೆಂಟ್
station staff	ನಿಲ್ದಾಣದ ಸಿಬ್ಬಂದಿ
stationery	ಲೇಖನ ಸಾಮಗ್ರಿಗಳು
statistic	ಅಂಕಿಅಂಶ
statistical	ಸಂಖ್ಯಾಶಾಸ್ತ್ರೀಯ
statistics	ಅಂಕಿಅಂಶಗಳು
statue	ಪ್ರತಿಮೆ
status	ಸ್ಥಿತಿ
status; character; case	ಸ್ಥಿತಿ; ಪಾತ್ರ; ಪ್ರಕರಣ
statute	ಶಾಸನ
stay	ಉಳಿಯಿರಿ
stay; sojourn	ಉಳಿಯಿರಿ; ವಾಸಮಾಡು
steadily	ಸ್ಥಿರವಾಗಿ
steady	ಸ್ಥಿರ
steal	ಕದಿಯುತ್ತಾರೆ
steam	ಉಗಿ
steam train	ಉಗಿ ರೈಲು
steam; vapour	ಉಗಿ; ಆವಿ
steamship	ಉಗಿ ಹಡಗು
steel	ಉಕ್ಕು
steep	ಕಡಿದಾದ
steer	ಮುನ್ನಡೆಸು
stem	ಕಾಂಡ
step	ಹೆಜ್ಜೆ
step; stair; flight of steps; grade; rank; level	ಹೆಜ್ಜೆ; ಮೆಟ್ಟಿಲು; ಹಂತಗಳ ಹಾರಾಟ; ಗ್ರೇಡ್; ಶ್ರೇಣಿ; ಮಟ್ಟದ
stereotype	ಸ್ಟೀರಿಯೊಟೈಪ್
stick	ಕೋಲು
sticky	ಜಿಗುಟಾದ
sticky rice cake	ಜಿಗುಟಾದ ಅಕ್ಕಿ ಕೇಕ್
stiff	ಗಟ್ಟಿಯಾದ
still	ಇನ್ನೂ
still (not yet)	ಇನ್ನೂ (ಇನ್ನೂ ಇಲ್ಲ)
still more; still less (with neg. verb); to say nothing of; not to mention	ಇನ್ನೂ ಹೆಚ್ಚು; ಇನ್ನೂ ಕಡಿಮೆ (neg. ಕ್ರಿಯಾಪದದೊಂದಿಗೆ); ಏನನ್ನೂ ಹೇಳಲು; ಉಲ್ಲೇಖಿಸಬಾರದು
still; as yet	ಇನ್ನೂ; ಇನ್ನೂ
stimulate	ಉತ್ತೇಜಿಸುತ್ತವೆ
stimulus	ಪ್ರಚೋದಕ
stimulus; impetus; incentive	ಪ್ರಚೋದಕ; ಪ್ರಚೋದನೆ; ಪ್ರೋತ್ಸಾಹಕ
stingy; cheap	ಜಿಪುಣನಾದ; ಅಗ್ಗದ
stipulate	ಷರತ್ತು ವಿಧಿಸಿ
stir	ಬೆರೆಸಿ
stock	ಸ್ಟಾಕ್
stock (company)	ಸ್ಟಾಕ್ (ಕಂಪನಿ)
stock / inventory	ಸ್ಟಾಕ್ / ದಾಸ್ತಾನು
stock / shares	ಸ್ಟಾಕ್ / ಷೇರುಗಳು
stock-farming	ಸ್ಟಾಕ್-ಕೃಷಿ
stomach	ಹೊಟ್ಟೆ
stomach (organ)	ಹೊಟ್ಟೆ (ಅಂಗ)
stomach / belly	ಹೊಟ್ಟೆ / ಹೊಟ್ಟೆ
stomachache	ಹೊಟ್ಟೆನೋವು
stone	ಕಲ್ಲು
stone / rock	ಕಲ್ಲು / ಕಲ್ಲು
stop	ನಿಲ್ಲಿಸು
stopper; cork; stopcock	ನಿಲ್ಲಿಸುವವನು; ಕಾರ್ಕ್; ಸ್ಟಾಪ್ ಕಾಕ್
stopping (e.g. train)	ನಿಲ್ಲಿಸುವುದು (ಉದಾ. ರೈಲು)
storage	ಸಂಗ್ರಹಣೆ
storage room	ಶೇಖರಣಾ ಕೊಠಡಿ
storage; preservation	ಸಂಗ್ರಹಣೆ; ಸಂರಕ್ಷಣೆ
store	ಅಂಗಡಿ
store; shop	ಅಂಗಡಿ; ಅಂಗಡಿ
storehouse; warehouse; godown	ಉಗ್ರಾಣ; ಗೋದಾಮು; ಗೋಡೌನ್
storm	ಚಂಡಮಾರುತ
storm / gale	ಚಂಡಮಾರುತ / ಬಿರುಗಾಳಿ
storm; tempest	ಚಂಡಮಾರುತ; ಚಂಡಮಾರುತ
story	ಕಥೆ
stove	ಒಲೆ
straight	ನೇರ
straight (ahead); direct; upright	ನೇರ (ಮುಂದೆ); ನೇರ; ನೆಟ್ಟಗೆ
straight ahead	ನೇರವಾಗಿ ಮುಂದೆ
straight line	ನೇರ ರೇಖೆ
straightforward	ನೇರ
strain	ಸ್ಟ್ರೈನ್
strand	ಎಳೆ
strange	ವಿಚಿತ್ರ
strange; funny; amusing; ridiculous	ವಿಚಿತ್ರ; ತಮಾಷೆಯ; ಮನರಂಜಿಸುವ; ಹಾಸ್ಯಾಸ್ಪದ
strange; queer; curious	ವಿಚಿತ್ರ; ವಿಲಕ್ಷಣ; ಕುತೂಹಲದಿಂದ
strange; unusual	ವಿಚಿತ್ರ; ಅಸಾಮಾನ್ಯ
strangeness; abnormality; disorder	ವಿಚಿತ್ರತೆ; ಅಸಹಜತೆ; ಅಸ್ವಸ್ಥತೆ
stranger	ಅಪರಿಚಿತ
strategic	ಕಾರ್ಯತಂತ್ರದ
strategize	ತಂತ್ರ ರೂಪಿಸುತ್ತಾರೆ
strategy	ತಂತ್ರ
strawberries	ಸ್ಟ್ರಾಬೆರಿಗಳು
strawberry	ಸ್ಟ್ರಾಬೆರಿ
stream	ಸ್ಟ್ರೀಮ್
stream; current	ಸ್ಟ್ರೀಮ್; ಪ್ರಸ್ತುತ
streamline	ಸ್ಟ್ರೀಮ್ಲೈನ್
street	ಬೀದಿ
street / avenue	ರಸ್ತೆ / ಅವೆನ್ಯೂ
street corner	ಬೀದಿ ಮೂಲೆ
street stall	ಬೀದಿ ಅಂಗಡಿ
strength	ಶಕ್ತಿ
strength; power	ಶಕ್ತಿ; ಶಕ್ತಿ
strengthen	ಬಲಪಡಿಸಲು
strengthen; intensify; reinforce; solidify	ಬಲಪಡಿಸು; ತೀವ್ರಗೊಳಿಸು; ಬಲಪಡಿಸಲು; ಗಟ್ಟಿಗೊಳಿಸು
stress	ಒತ್ತಡ
stress; pressure	ಒತ್ತಡ; ಒತ್ತಡ
stressed	ಒತ್ತಿ ಹೇಳಿದರು
stretch	ಹಿಗ್ಗಿಸಿ
strict	ಕಟ್ಟುನಿಟ್ಟಾದ
strict; close	ಕಟ್ಟುನಿಟ್ಟಾದ; ಮುಚ್ಚಿ
strict; rigour; severe; firm	ಕಟ್ಟುನಿಟ್ಟಾದ; ಕಠಿಣತೆ; ತೀವ್ರ; ದೃಢವಾದ
strictly	ಕಟ್ಟುನಿಟ್ಟಾಗಿ
strike	ಮುಷ್ಕರ
striking	ಹೊಡೆಯುವ
string	ಸ್ಟ್ರಿಂಗ್
stringent	ಕಟ್ಟುನಿಟ್ಟಾದ
strip	ಪಟ್ಟಿ
stripe	ಪಟ್ಟೆ
strive	ಶ್ರಮಿಸುತ್ತಾರೆ
stroke	ಸ್ಟ್ರೋಕ್
strong	ಬಲವಾದ
strong feelings; deep emotion	ಬಲವಾದ ಭಾವನೆಗಳು; ಆಳವಾದ ಭಾವನೆ
strong-willed	ಬಲವಾದ ಇಚ್ಛಾಶಕ್ತಿಯುಳ್ಳ
strong; durable	ಬಲವಾದ; ಬಾಳಿಕೆ ಬರುವ
strong; intense; severe	ಬಲವಾದ; ತೀವ್ರ; ತೀವ್ರ
strongly	ಬಲವಾಗಿ
structural	ರಚನಾತ್ಮಕ
structure	ರಚನೆ
structure; construction	ರಚನೆ; ನಿರ್ಮಾಣ
struggle	ಹೋರಾಟ
stubborn	ಹಠಮಾರಿ
stubborn; firm (not viscous or easily moved)	ಹಠಮಾರಿ; ಸಂಸ್ಥೆ (ಸ್ನಿಗ್ಧತೆ ಅಥವಾ ಸುಲಭವಾಗಿ ಚಲಿಸುವುದಿಲ್ಲ)
stubbornness; obstinacy	ಮೊಂಡುತನ; ಹಠಮಾರಿತನ
student	ವಿದ್ಯಾರ್ಥಿ
student (college)	ವಿದ್ಯಾರ್ಥಿ (ಕಾಲೇಜು)
student (pupil)	ವಿದ್ಯಾರ್ಥಿ (ವಿದ್ಯಾರ್ಥಿ)
student (school)	ವಿದ್ಯಾರ್ಥಿ (ಶಾಲೆ)
studio	ಸ್ಟುಡಿಯೋ
study	ಅಧ್ಯಯನ
study room; laboratory	ಅಧ್ಯಯನ ಕೊಠಡಿ; ಪ್ರಯೋಗಾಲಯ
study subject; course of study	ಅಧ್ಯಯನ ವಿಷಯ; ಅಧ್ಯಯನದ ಕೋರ್ಸ್
study; diligence; discount; reduction	ಅಧ್ಯಯನ; ಶ್ರದ್ಧೆ; ರಿಯಾಯಿತಿ; ಕಡಿತ
study; learning	ಅಧ್ಯಯನ; ಕಲಿಕೆ
studying abroad	ವಿದೇಶದಲ್ಲಿ ಓದುತ್ತಿದ್ದಾರೆ
stuff	ವಿಷಯ
stuffed animal (e.g., teddy bear)	ತುಂಬಿದ ಪ್ರಾಣಿ (ಉದಾ., ಮಗುವಿನ ಆಟದ ಕರಡಿ)
stumble	ಮುಗ್ಗರಿಸು
stun	ದಿಗ್ಭ್ರಮೆಗೊಳಿಸು
stunning	ಬೆರಗುಗೊಳಿಸುತ್ತದೆ
stupid	ಮೂರ್ಖ
style	ಶೈಲಿ
subject	ವಿಷಯ
subject; contents; matter; substance; detail; import	ವಿಷಯ; ವಿಷಯಗಳು; ವಿಷಯ; ವಸ್ತು; ವಿವರ; ಆಮದು
subject; curriculum	ವಿಷಯ; ಪಠ್ಯಕ್ರಮ
subject; theme; task	ವಿಷಯ; ಥೀಮ್; ಕಾರ್ಯ
subjective	ವ್ಯಕ್ತಿನಿಷ್ಠ
subjugation; conquest	ಅಧೀನಗೊಳಿಸುವಿಕೆ; ವಿಜಯ
submission	ಸಲ್ಲಿಕೆ
submit	ಸಲ್ಲಿಸಿ
suborder; subfamily	ಉಪಕ್ರಮ; ಉಪಕುಟುಂಬ
subordinate	ಅಧೀನ
subscriber	ಚಂದಾದಾರ
subscription	ಚಂದಾದಾರಿಕೆ
subscription; application	ಚಂದಾದಾರಿಕೆ; ಅಪ್ಲಿಕೇಶನ್
subsequent	ನಂತರದ
subsequently	ತರುವಾಯ
subsidy	ಸಹಾಯಧನ
substance	ವಸ್ತು
substantial	ಗಣನೀಯ
substantially	ಗಣನೀಯವಾಗಿ
substantiate	ರುಜುವಾತು
substitute	ಬದಲಿ
substitute; alternate	ಬದಲಿ; ಪರ್ಯಾಯ
substitution	ಪರ್ಯಾಯ
subtle	ಸೂಕ್ಷ್ಮ
subtract; give a demerit	ಕಳೆಯಿರಿ; ದೋಷವನ್ನು ನೀಡಿ
subtraction	ವ್ಯವಕಲನ
suburb	ಉಪನಗರ
suburban	ಉಪನಗರ
suburbs	ಉಪನಗರಗಳು
suburbs; outskirts	ಉಪನಗರಗಳು; ಹೊರವಲಯಗಳು
subway	ಸುರಂಗಮಾರ್ಗ
subway / metro	ಸುರಂಗಮಾರ್ಗ / ಮೆಟ್ರೋ
succeed	ಯಶಸ್ಸು
success	ಯಶಸ್ಸು
success; hit	ಯಶಸ್ಸು; ಹಿಟ್
success; passing (e.g. exam); eligibility	ಯಶಸ್ಸು; ಉತ್ತೀರ್ಣ (ಉದಾ. ಪರೀಕ್ಷೆ); ಅರ್ಹತೆ
successful	ಯಶಸ್ವಿಯಾದರು
successfully	ಯಶಸ್ವಿಯಾಗಿ
succession	ಉತ್ತರಾಧಿಕಾರ
succession; inheritance	ಉತ್ತರಾಧಿಕಾರ; ಉತ್ತರಾಧಿಕಾರ
successive	ಸತತ
successively; one after another	ಅನುಕ್ರಮವಾಗಿ; ಒಂದರ ನಂತರ ಒಂದು
successor	ಉತ್ತರಾಧಿಕಾರಿ
such	ಅಂತಹ
such ...; that kind of ...	ಅಂತಹ ...; ಆ ರೀತಿಯ...
such and such; What?	ಅಂತಹ ಮತ್ತು ಅಂತಹ; ಏನು?
suck	ಹೀರುವಂತೆ
sudden	ಹಠಾತ್
sudden increase	ಹಠಾತ್ ಹೆಚ್ಚಳ
sudden; abrupt; unexpected; improvised; offhand	ಹಠಾತ್; ಥಟ್ಟನೆ; ಅನಿರೀಕ್ಷಿತ; ಸುಧಾರಿತ; ತಪ್ಪಾಗಿ
sudden; precipitous; radical	ಹಠಾತ್; ಪ್ರಪಾತದ; ಆಮೂಲಾಗ್ರ
suddenly	ಇದ್ದಕ್ಕಿದ್ದಂತೆ
suddenly (occur to)	ಇದ್ದಕ್ಕಿದ್ದಂತೆ (ಸಂಭವಿಸುವ)
sue	ಮೊಕದ್ದಮೆ ಹೂಡಿ
suffer	ಬಳಲುತ್ತಿದ್ದಾರೆ
suffering	ಬಳಲುತ್ತಿದ್ದಾರೆ
sufficient	ಸಾಕಷ್ಟು
sufficiently	ಸಾಕಷ್ಟು
sugar	ಸಕ್ಕರೆ
suggest	ಸೂಚಿಸುತ್ತಾರೆ
suggestion	ಸಲಹೆ
suicide	ಆತ್ಮಹತ್ಯೆ
suit	ಸೂಟ್
suitability	ಸೂಕ್ತತೆ
suitable	ಸೂಕ್ತ
suitable; fair; tolerable; proper	ಸೂಕ್ತ; ನ್ಯಾಯೋಚಿತ; ಸಹನೀಯ; ಸರಿಯಾದ
suitcase	ಸೂಟ್ಕೇಸ್
suite	ಸೂಟ್
sum	ಮೊತ್ತ
sum total; total amount	ಒಟ್ಟು ಮೊತ್ತ; ಒಟ್ಟು ಮೊತ್ತ
summarize	ಸಾರಾಂಶ
summary	ಸಾರಾಂಶ
summer	ಬೇಸಿಗೆ
summer holiday	ಬೇಸಿಗೆ ರಜೆ
summit	ಶಿಖರ
sumo grand champion	ಸುಮೋ ಗ್ರ್ಯಾಂಡ್ ಚಾಂಪಿಯನ್
sumo wrestling	ಸುಮೋ ಕುಸ್ತಿ
sun	ಸೂರ್ಯ
sun; solar	ಸೂರ್ಯ; ಸೌರ
sun; sunshine; day	ಸೂರ್ಯ; ಬಿಸಿಲು; ದಿನ
sunlight	ಸೂರ್ಯನ ಬೆಳಕು
sunlight; rays of the sun	ಸೂರ್ಯನ ಬೆಳಕು; ಸೂರ್ಯನ ಕಿರಣಗಳು
sunny	ಬಿಸಿಲು
sunny then rain	ಬಿಸಿಲು ನಂತರ ಮಳೆ
sunny weather	ಬಿಸಿಲಿನ ವಾತಾವರಣ
sunrise	ಸೂರ್ಯೋದಯ
sunset	ಸೂರ್ಯಾಸ್ತ
sunshine	ಬಿಸಿಲು
super	ಸೂಪರ್
superb	ಭವ್ಯವಾದ
superfluous	ಅತಿಯಾದ
superior	ಉನ್ನತವಾದ
superior(s); senior	ಉನ್ನತ (ಗಳು); ಹಿರಿಯ
superiority; excellence	ಶ್ರೇಷ್ಠತೆ; ಶ್ರೇಷ್ಠತೆ
superiority; first class; very good	ಶ್ರೇಷ್ಠತೆ; ಮೊದಲ ವರ್ಗ; ತುಂಬಾ ಒಳ್ಳೆಯದು
supermarket	ಸೂಪರ್ಮಾರ್ಕೆಟ್
superstition	ಮೂಢನಂಬಿಕೆ
supervise	ಮೇಲ್ವಿಚಾರಣೆ
supervision	ಮೇಲ್ವಿಚಾರಣೆ
supervision; control; superintendence	ಮೇಲ್ವಿಚಾರಣೆ; ನಿಯಂತ್ರಣ; ಮೇಲ್ವಿಚಾರಕ
supervisor	ಮೇಲ್ವಿಚಾರಕ
supplement	ಪೂರಕ
supplier	ಪೂರೈಕೆದಾರ
supply	ಪೂರೈಕೆ
supply; provision	ಪೂರೈಕೆ; ನಿಬಂಧನೆ
support	ಬೆಂಬಲ
supporter	ಬೆಂಬಲಿಗ
supportive	ಬೆಂಬಲಿಸುವ
suppose	ಊಹಿಸಿಕೊಳ್ಳಿ
supposedly	ಭಾವಿಸಲಾಗಿದೆ
supposition	ಊಹೆ
suppress	ನಿಗ್ರಹಿಸುತ್ತವೆ
supreme	ಅತ್ಯುನ್ನತ
sure	ಖಚಿತವಾಗಿ
sure enough; as usual	ಸಾಕಷ್ಟು ಖಚಿತವಾಗಿ; ಎಂದಿನಂತೆ
surely	ಖಂಡಿತವಾಗಿ
surely not	ಖಂಡಿತ ಇಲ್ಲ
surface	ಮೇಲ್ಮೈ
surface mail (ship)	ಮೇಲ್ಮೈ ಮೇಲ್ (ಹಡಗು)
surface; outside; face; appearance	ಮೇಲ್ಮೈ; ಹೊರಗೆ; ಮುಖ; ಕಾಣಿಸಿಕೊಂಡ
surfing	ಸರ್ಫಿಂಗ್
surge	ಉಲ್ಬಣವು
surgeon	ಶಸ್ತ್ರಚಿಕಿತ್ಸಕ
surgery	ಶಸ್ತ್ರಚಿಕಿತ್ಸೆ
surgical	ಶಸ್ತ್ರಚಿಕಿತ್ಸಾ
surgical department	ಶಸ್ತ್ರಚಿಕಿತ್ಸಾ ವಿಭಾಗ
surgical operation	ಶಸ್ತ್ರಚಿಕಿತ್ಸಾ ಕಾರ್ಯಾಚರಣೆ
surmise	ಊಹಿಸಿ
surname; family name	ಉಪನಾಮ; ಕುಟುಂಬದ ಹೆಸರು
surplus	ಹೆಚ್ಚುವರಿ
surplus; composure; margin; room; time; allowance; scope; rope	ಹೆಚ್ಚುವರಿ; ಹಿಡಿತ; ಅಂಚು; ಕೊಠಡಿ; ಸಮಯ; ಭತ್ಯೆ; ವ್ಯಾಪ್ತಿ; ಹಗ್ಗ
surprise	ಆಶ್ಚರ್ಯ
surprise; astonishment; wonder	ಆಶ್ಚರ್ಯ; ಬೆರಗು; ಆಶ್ಚರ್ಯ
surprised	ಆಶ್ಚರ್ಯವಾಯಿತು
surprising	ಆಶ್ಚರ್ಯಕರ
surprisingly	ಆಶ್ಚರ್ಯಕರವಾಗಿ
surrender	ಶರಣಾಗತಿ
surround	ಸುತ್ತುವರಿದಿದೆ
surrounded by enemies	ಶತ್ರುಗಳಿಂದ ಸುತ್ತುವರಿದಿದೆ
surrounding	ಸುತ್ತಮುತ್ತಲಿನ
surroundings	ಸುತ್ತಮುತ್ತಲಿನ
surroundings / area	ಸುತ್ತಮುತ್ತಲ / ಪ್ರದೇಶ
surroundings; circumference; environs	ಸುತ್ತಮುತ್ತಲಿನ; ಸುತ್ತಳತೆ; ಸುತ್ತಮುತ್ತಲಿನ
surveillance	ಕಣ್ಗಾವಲು
survey	ಸಮೀಕ್ಷೆ
survival	ಬದುಕುಳಿಯುವಿಕೆ
survival of the fittest	ಸರ್ವೈವಲ್ ಆಫ್ ದಿ ಫಿಟೆಸ್ಟ್
survive	ಬದುಕುಳಿಯುತ್ತವೆ
survivor	ಬದುಕುಳಿದವರು
sushi	ಸುಶಿ
suspect	ಶಂಕಿತ
suspend	ಅಮಾನತುಗೊಳಿಸು
suspension	ಅಮಾನತು
suspension; interruption; stoppage; ban	ಅಮಾನತು; ಅಡಚಣೆ; ನಿಲುಗಡೆ; ನಿಷೇಧ
suspension; interruption; stoppage; tie-up; cessation	ಅಮಾನತು; ಅಡಚಣೆ; ನಿಲುಗಡೆ; ಟೈ-ಅಪ್; ನಿಲುಗಡೆ
suspension; stoppage; discontinuance; interruption	ಅಮಾನತು; ನಿಲುಗಡೆ; ಸ್ಥಗಿತಗೊಳಿಸುವಿಕೆ; ಅಡಚಣೆ
suspicion	ಅನುಮಾನ
suspicious	ಅನುಮಾನಾಸ್ಪದ
suspicious; dubious; doubtful	ಅನುಮಾನಾಸ್ಪದ; ಸಂಶಯಾಸ್ಪದ; ಅನುಮಾನಾಸ್ಪದ
sustain	ಉಳಿಸಿಕೊಳ್ಳಲು
sustainability	ಸಮರ್ಥನೀಯತೆ
sustainable	ಸಮರ್ಥನೀಯ
swallow	ನುಂಗಲು
swear	ಪ್ರಮಾಣ ಮಾಡಿ
sweat shirt	ಬೆವರು ಶರ್ಟ್
sweat; perspiration	ಬೆವರು; ಬೆವರು
sweater	ಸ್ವೆಟರ್
sweep	ಗುಡಿಸಿ
sweeping all at once	ಒಂದೇ ಬಾರಿಗೆ ಗುಡಿಸುವುದು
sweet	ಸಿಹಿ
sweet flavour; mildness; flattery; stupidity	ಸಿಹಿ ಸುವಾಸನೆ; ಸೌಮ್ಯತೆ; ಮುಖಸ್ತುತಿ; ಮೂರ್ಖತನ
sweets / snack	ಸಿಹಿತಿಂಡಿಗಳು / ತಿಂಡಿಗಳು
sweets; candy	ಸಿಹಿತಿಂಡಿಗಳು; ಕ್ಯಾಂಡಿ
swim	ಈಜುತ್ತವೆ
swimming	ಈಜು
swimming pool	ಈಜುಕೊಳ
swimsuit	ಈಜುಡುಗೆ
swing	ಸ್ವಿಂಗ್
swinging between joy and worry	ಸಂತೋಷ ಮತ್ತು ಚಿಂತೆಯ ನಡುವೆ ತೂಗಾಡುತ್ತಿದೆ
swirl	ಸುತ್ತು
switch	ಸ್ವಿಚ್
switching over to	ಗೆ ಬದಲಾಯಿಸುವುದು
sword	ಕತ್ತಿ
sword; saber; knife; engraving tool	ಕತ್ತಿ; ಸೇಬರ್; ಚಾಕು; ಕೆತ್ತನೆ ಉಪಕರಣ
symbol	ಚಿಹ್ನೆ
symbol; code	ಚಿಹ್ನೆ; ಕೋಡ್
symbolic	ಸಾಂಕೇತಿಕ
sympathetic	ಸಹಾನುಭೂತಿಯುಳ್ಳ
sympathy	ಸಹಾನುಭೂತಿ
sympathy; response	ಸಹಾನುಭೂತಿ; ಪ್ರತಿಕ್ರಿಯೆ
symptom	ಲಕ್ಷಣ
symptoms; condition	ರೋಗಲಕ್ಷಣಗಳು; ಸ್ಥಿತಿ
syndrome	ಸಿಂಡ್ರೋಮ್
synthesis	ಸಂಶ್ಲೇಷಣೆ
synthesize	ಸಂಶ್ಲೇಷಿಸಿ
synthetic fibres	ಸಂಶ್ಲೇಷಿತ ಫೈಬರ್ಗಳು
system	ವ್ಯವಸ್ಥೆ
system / framework	ವ್ಯವಸ್ಥೆ / ಚೌಕಟ್ಟು
system; family line; geological formation	ವ್ಯವಸ್ಥೆ; ಕುಟುಂಬದ ಸಾಲು; ಭೂವೈಜ್ಞಾನಿಕ ರಚನೆ
system; institution; organization	ವ್ಯವಸ್ಥೆ; ಸಂಸ್ಥೆ; ಸಂಘಟನೆ
system; lineage; group	ವ್ಯವಸ್ಥೆ; ವಂಶಾವಳಿ; ಗುಂಪು
system; organization	ವ್ಯವಸ್ಥೆ; ಸಂಘಟನೆ
systematic	ವ್ಯವಸ್ಥಿತ
t-shirt	ಟೀ ಶರ್ಟ್
tabi; Japanese socks (with split toe)	ತಬಿ; ಜಪಾನೀಸ್ ಸಾಕ್ಸ್ (ಒಡೆದ ಟೋ ಜೊತೆ)
table	ಟೇಬಲ್
table (e.g. Tab 1); chart; list	ಟೇಬಲ್ (ಉದಾ. ಟ್ಯಾಬ್ 1); ಚಾರ್ಟ್; ಪಟ್ಟಿ
table of contents	ಪರಿವಿಡಿ
table salt	ಟೇಬಲ್ ಉಪ್ಪು
table with heater; (orig) charcoal brazier in a floor well	ಹೀಟರ್ನೊಂದಿಗೆ ಟೇಬಲ್; (orig) ನೆಲದ ಬಾವಿಯಲ್ಲಿ ಇದ್ದಿಲು ಬ್ರೆಜಿಯರ್
tablet	ಟ್ಯಾಬ್ಲೆಟ್
tableware	ಟೇಬಲ್ವೇರ್
taboo; forbidden thing	ನಿಷೇಧ; ನಿಷೇಧಿತ ವಿಷಯ
tackle	ನಿಭಾಯಿಸಲು
tactic	ತಂತ್ರ
tactical	ಯುದ್ಧತಂತ್ರದ
tag	ಟ್ಯಾಗ್
tail	ಬಾಲ
take	ತೆಗೆದುಕೊಳ್ಳಿ
take after	ನಂತರ ತೆಗೆದುಕೊಳ್ಳಿ
take care	ಕಾಳಜಿ ವಹಿಸಿ
take care (said to leaver)	ಕಾಳಜಿ ವಹಿಸಿ (ಬಿಟ್ಟು ಹೋಗುವವರಿಗೆ ಹೇಳಿದರು)
take care (said to someone sick)	ಕಾಳಜಿ ವಹಿಸಿ (ಅಸ್ವಸ್ಥರಿಗೆ ಹೇಳಿದರು)
take care (to a sick person)	ಕಾಳಜಿ ವಹಿಸಿ (ಅನಾರೋಗ್ಯ ವ್ಯಕ್ತಿಗೆ)
take off	ತೆಗೆಯಿರಿ
taking a train; entraining	ರೈಲು ತೆಗೆದುಕೊಳ್ಳುವುದು; ಪ್ರವೇಶ
taking an examination	ಪರೀಕ್ಷೆಯನ್ನು ತೆಗೆದುಕೊಳ್ಳುತ್ತಿದೆ
takoyaki	ಟಕೋಯಾಕಿ
tale	ಕಥೆ
tale; story; legend	ಕಥೆ; ಕಥೆ; ದಂತಕಥೆ
talent	ಪ್ರತಿಭೆ
talent; ability	ಪ್ರತಿಭೆ; ಸಾಮರ್ಥ್ಯ
talented	ಪ್ರತಿಭಾವಂತ
talk	ಮಾತನಾಡುತ್ತಾರೆ
talk / story	ಚರ್ಚೆ / ಕಥೆ
talk; story	ಮಾತನಾಡಿ; ಕಥೆ
tall	ಎತ್ತರದ
tall; expensive	ಎತ್ತರದ; ದುಬಾರಿ
tangible	ಮೂರ್ತ
tank	ಟ್ಯಾಂಕ್
tap	ಟ್ಯಾಪ್ ಮಾಡಿ
tape	ಟೇಪ್
target	ಗುರಿ
target; object (of worship; study; etc); subject (of taxation; etc)	ಗುರಿ; ವಸ್ತು (ಆರಾಧನೆಯ; ಅಧ್ಯಯನ; ಇತ್ಯಾದಿ); ವಿಷಯ (ತೆರಿಗೆ; ಇತ್ಯಾದಿ)
tariff	ಸುಂಕ
task	ಕಾರ್ಯ
task / work	ಕಾರ್ಯ / ಕೆಲಸ
taste	ರುಚಿ
tastes bad	ಕೆಟ್ಟ ರುಚಿ
tastes good, delicious	ಉತ್ತಮ ರುಚಿ, ರುಚಿಕರ
tatami room	ಟಾಟಾಮಿ ಕೊಠಡಿ
tax	ತೆರಿಗೆ
tax exemption; duty exemption	ತೆರಿಗೆ ವಿನಾಯಿತಿ; ಸುಂಕ ವಿನಾಯಿತಿ
tax; duty	ತೆರಿಗೆ; ಕರ್ತವ್ಯ
taxation	ತೆರಿಗೆ
taxi	ಟ್ಯಾಕ್ಸಿ
taxpayer	ತೆರಿಗೆದಾರ
tea	ಚಹಾ
tea (black tea)	ಚಹಾ (ಕಪ್ಪು ಚಹಾ)
tea drinking; tea house	ಚಹಾ ಕುಡಿಯುವುದು; ಚಹಾ ಮನೆ
teach	ಕಲಿಸುತ್ತಾರೆ
teacher	ಶಿಕ್ಷಕ
teacher (classroom)	ಶಿಕ್ಷಕ (ತರಗತಿ)
teacher (profession)	ಶಿಕ್ಷಕ (ವೃತ್ತಿ)
teacher; Professor ...	ಶಿಕ್ಷಕ; ಪ್ರೊಫೆಸರ್...
teacher; doctor	ಶಿಕ್ಷಕ; ವೈದ್ಯರು
teaching	ಬೋಧನೆ
teaching certificate; the teaching profession	ಬೋಧನಾ ಪ್ರಮಾಣಪತ್ರ; ಶಿಕ್ಷಕ ವೃತ್ತಿ
teaching materials	ಬೋಧನಾ ಸಾಮಗ್ರಿಗಳು
teaching staff	ಬೋಧನಾ ಸಿಬ್ಬಂದಿ
teaching; instruction; professor	ಬೋಧನೆ; ಸೂಚನೆ; ಪ್ರಾಧ್ಯಾಪಕ
teachings; precept; lesson; doctrine	ಬೋಧನೆಗಳು; ಉಪದೇಶ; ಪಾಠ; ಸಿದ್ಧಾಂತ
teacup	ಟೀಕಪ್
team	ತಂಡ
tear	ಕಣ್ಣೀರು
tease; prank; trick; practical joke; mischief	ಕೀಟಲೆ; ತಮಾಷೆ; ಟ್ರಿಕ್; ಪ್ರಾಯೋಗಿಕ ಜೋಕ್; ಕಿಡಿಗೇಡಿತನ
technical	ತಾಂತ್ರಿಕ
technical skill; ability; capacity	ತಾಂತ್ರಿಕ ಕೌಶಲ್ಯ; ಸಾಮರ್ಥ್ಯ; ಸಾಮರ್ಥ್ಯ
technique	ತಂತ್ರ
technological	ತಾಂತ್ರಿಕ
technology	ತಂತ್ರಜ್ಞಾನ
tedium; boredom	ಟೆಡಿಯಮ್; ಬೇಸರ
teenage	ಹದಿಹರೆಯದ
teenager	ಹದಿಹರೆಯದ
teens	ಹದಿಹರೆಯದವರು
teeth brushing	ಹಲ್ಲುಜ್ಜುವುದು
telegram	ಟೆಲಿಗ್ರಾಮ್
telepathy / mutual understanding	ಟೆಲಿಪತಿ / ಪರಸ್ಪರ ತಿಳುವಳಿಕೆ
telephone	ದೂರವಾಣಿ
telephone pole; telegraph pole; lightpole	ದೂರವಾಣಿ ಕಂಬ; ಟೆಲಿಗ್ರಾಫ್ ಕಂಬ; ದೀಪಸ್ತಂಭ
telescope	ದೂರದರ್ಶಕ
television	ದೂರದರ್ಶನ
television or radio program	ದೂರದರ್ಶನ ಅಥವಾ ರೇಡಿಯೋ ಕಾರ್ಯಕ್ರಮ
tell	ಹೇಳು
temperate zone	ಸಮಶೀತೋಷ್ಣ ವಲಯ
temperature	ತಾಪಮಾನ
temperature (air)	ತಾಪಮಾನ (ಗಾಳಿ)
temperature (body)	ತಾಪಮಾನ (ದೇಹ)
temperature (weather)	ತಾಪಮಾನ (ಹವಾಮಾನ)
temple	ದೇವಸ್ಥಾನ
temple (Buddhist)	ದೇವಾಲಯ (ಬೌದ್ಧ)
temporarily	ತಾತ್ಕಾಲಿಕವಾಗಿ
temporary	ತಾತ್ಕಾಲಿಕ
temporary absence from school; suspension	ಶಾಲೆಯಿಂದ ತಾತ್ಕಾಲಿಕ ಅನುಪಸ್ಥಿತಿ; ಅಮಾನತು
temporary; special; extraordinary	ತಾತ್ಕಾಲಿಕ; ವಿಶೇಷ; ಅಸಾಧಾರಣ
tempt	ಪ್ರಲೋಭನೆ
tempura	ಟೆಂಪುರಾ
ten	ಹತ್ತು
ten (counter)	ಹತ್ತು (ಕೌಂಟರ್)
ten (things)	ಹತ್ತು (ವಸ್ತುಗಳು)
ten days	ಹತ್ತು ದಿನಗಳು
ten days; the tenth day	ಹತ್ತು ದಿನಗಳು; ಹತ್ತನೇ ದಿನ
ten minutes	ಹತ್ತು ನಿಮಿಷಗಳು
ten o'clock	ಹತ್ತು ಗಂಟೆ
ten thousand	ಹತ್ತು ಸಾವಿರ
tenant	ಬಾಡಿಗೆದಾರ
tend	ಒಲವು
tendency	ಪ್ರವೃತ್ತಿ
tendency; trend; inclination	ಪ್ರವೃತ್ತಿ; ಪ್ರವೃತ್ತಿ; ಒಲವು
tender	ಟೆಂಡರ್
tennis	ಟೆನಿಸ್
tension	ಉದ್ವೇಗ
tension; mental strain; nervousness	ಉದ್ವೇಗ; ಮಾನಸಿಕ ಒತ್ತಡ; ಹೆದರಿಕೆ
tent	ಡೇರೆ
tentative; provisional	ತಾತ್ಕಾಲಿಕ; ತಾತ್ಕಾಲಿಕ
tenth	ಹತ್ತನೇ
tenuous	ತೆಳ್ಳಗಿನ
tenure	ಅಧಿಕಾರಾವಧಿ
term	ಅವಧಿ
term (school)	ಅವಧಿ (ಶಾಲೆ)
term; period	ಅವಧಿ; ಅವಧಿ
term; terminology	ಅವಧಿ; ಪರಿಭಾಷೆ
terminal	ಟರ್ಮಿನಲ್
terminate	ಕೊನೆಗೊಳಿಸು
terminus; last stop (e.g train)	ಟರ್ಮಿನಸ್; ಕೊನೆಯ ನಿಲ್ದಾಣ (ಉದಾ. ರೈಲು)
terms	ನಿಯಮಗಳು
terrain	ಭೂಪ್ರದೇಶ
terrible	ಭಯಾನಕ
terrible; dreadful	ಭಯಾನಕ; ಭಯಾನಕ
terribly	ಭಯಂಕರವಾಗಿ
terrific	ಸೊಗಸಾದ
terrify	ಭಯಭೀತಗೊಳಿಸು
territory	ಪ್ರದೇಶ
terror	ಭಯೋತ್ಪಾದನೆ
terrorism	ಭಯೋತ್ಪಾದನೆ
terrorist	ಭಯೋತ್ಪಾದಕ
test	ಪರೀಕ್ಷೆ
test / exam	ಪರೀಕ್ಷೆ / ಪರೀಕ್ಷೆ
testify	ಸಾಕ್ಷಿ ಹೇಳು
testimony	ಸಾಕ್ಷ್ಯ
testing	ಪರೀಕ್ಷೆ
testing; scrutiny; careful investigation	ಪರೀಕ್ಷೆ; ಪರಿಶೀಲನೆ; ಎಚ್ಚರಿಕೆಯಿಂದ ತನಿಖೆ
text	ಪಠ್ಯ
text / writing	ಪಠ್ಯ / ಬರವಣಿಗೆ
text book	ಪಠ್ಯ ಪುಸ್ತಕ
textbook	ಪಠ್ಯಪುಸ್ತಕ
texture	ವಿನ್ಯಾಸ
than	ಗಿಂತ
thank	ಧನ್ಯವಾದಗಳು
thank you	ಧನ್ಯವಾದಗಳು
thank you for the meal	ಊಟಕ್ಕೆ ಧನ್ಯವಾದಗಳು
thank you very much	ತುಂಬಾ ಧನ್ಯವಾದಗಳು
thankfully	ಕೃತಜ್ಞತೆಯಿಂದ
thanks	ಧನ್ಯವಾದಗಳು
thanks (casual)	ಧನ್ಯವಾದಗಳು (ಸಾಂದರ್ಭಿಕ)
thanks / hi (casual)	ಧನ್ಯವಾದಗಳು / ಹಾಯ್ (ಸಾಂದರ್ಭಿಕ)
thanks for the meal	ಊಟಕ್ಕೆ ಧನ್ಯವಾದಗಳು
thanks to ...	ಧನ್ಯವಾದಗಳು...
thanks to you / I'm fine (reply)	ನಿಮಗೆ ಧನ್ಯವಾದಗಳು / ನಾನು ಚೆನ್ನಾಗಿದ್ದೇನೆ (ಪ್ರತ್ಯುತ್ತರ)
thanks; gratitude	ಧನ್ಯವಾದಗಳು; ಕೃತಜ್ಞತೆ
that	ಎಂದು
that ...	ಅದು...
that ... (over there)	ಅದು ... (ಅಲ್ಲಿ)
that is correct (very polite)	ಅದು ಸರಿ (ತುಂಬಾ ಸಭ್ಯ)
that one	ಅದು ಒಂದು
that one (over there)	ಅದು (ಅಲ್ಲಿ)
that one over there	ಅಲ್ಲಿರುವ ಒಂದು
that one; Italy	ಅದು ಒಂದು; ಇಟಲಿ
that over there	ಅಲ್ಲಿ ಎಂದು
that very day	ಅದೇ ದಿನ
that way / you	ಆ ರೀತಿಯಲ್ಲಿ / ನೀವು
that's enough	ಅದು ಸಾಕು
that's fine / no thanks	ಅದು ಚೆನ್ನಾಗಿದೆ / ಇಲ್ಲ ಧನ್ಯವಾದಗಳು
that's good / a relief	ಅದು ಒಳ್ಳೆಯದು / ಪರಿಹಾರ
the	ದಿ
the Earth	ಭೂಮಿ
the Japanese syllabary	ಜಪಾನಿನ ಪಠ್ಯಕ್ರಮ
the aged; old person	ವಯಸ್ಸಾದವರು; ಹಳೆಯ ವ್ಯಕ್ತಿ
the beginning	ಆರಂಭ
the bill, please	ಬಿಲ್, ದಯವಿಟ್ಟು
the body	ದೇಹ
the crux of the matter	ವಿಷಯದ ತಿರುಳು
the day after tomorrow	ನಾಳೆಯ ಮರುದಿನ
the day before yesterday	ನಿನ್ನೆ ಹಿಂದಿನ ದಿನ
the deceased; old friend	ಮೃತರು; ಹಳೆಯ ಸ್ನೇಹಿತ
the earth	ಭೂಮಿ
the earth / land	ಭೂಮಿ / ಭೂಮಿ
the end	ಅಂತ್ಯ
the end of; powder	ಅಂತ್ಯ; ಪುಡಿ
the end; the extremity; the limit(s); the result	ಅಂತ್ಯ; ತುದಿ; ಮಿತಿ(ಗಳು); ಫಲಿತಾಂಶ
the foot; the bottom; the base (of a mountain)	ಕಾಲು; ಕೆಳಭಾಗ; ಬುಡ (ಪರ್ವತದ)
the former	ಹಿಂದಿನದು
the front	ಮುಂಭಾಗ
the front; honesty	ಮುಂಭಾಗ; ಪ್ರಾಮಾಣಿಕತೆ
the future; previous	ಭವಿಷ್ಯ; ಹಿಂದಿನ
the head; the foremost; beginning	ತಲೆ; ಅಗ್ರಗಣ್ಯ; ಆರಂಭ
the late (deceased)	ತಡವಾಗಿ (ಮೃತ)
the latter	ಎರಡನೆಯದು
the lowest; the worst	ಅತ್ಯಂತ ಕಡಿಮೆ; ಕೆಟ್ಟದ್ದು
the manufacturing industry	ಉತ್ಪಾದನಾ ಉದ್ಯಮ
the month after next	ಮುಂದಿನ ತಿಂಗಳು
the nearest	ಹತ್ತಿರದ
the number of flat things	ಸಮತಟ್ಟಾದ ವಸ್ತುಗಳ ಸಂಖ್ಯೆ
the opposite sex	ವಿರುದ್ಧ ಲಿಂಗ
the other day	ಇನ್ನೊಂದು ದಿನ
the other day; a few days ago	ಇನ್ನೊಂದು ದಿನ; ಕೆಲವು ದಿನಗಳ ಹಿಂದೆ
the other day; lately; recently	ಇನ್ನೊಂದು ದಿನ; ಇತ್ತೀಚೆಗೆ; ಇತ್ತೀಚೆಗೆ
the other side	ಇನ್ನೊಂದು ಕಡೆ
the outside; external	ಹೊರಗೆ; ಬಾಹ್ಯ
the past; bygone days; the previous	ಹಿಂದಿನದು; ಹಿಂದಿನ ದಿನಗಳು; ಹಿಂದಿನದು
the person himself	ವ್ಯಕ್ತಿ ಸ್ವತಃ
the public	ಸಾರ್ವಜನಿಕರು
the rain stops	ಮಳೆ ನಿಲ್ಲುತ್ತದೆ
the reason is	ಕಾರಣ
the rest	ಉಳಿದವು
the same rank; equality; apposition	ಅದೇ ಶ್ರೇಣಿ; ಸಮಾನತೆ; ನಿಯೋಜನೆ
the sky is clear	ಆಕಾಶವು ಸ್ಪಷ್ಟವಾಗಿದೆ
the text; original	ಪಠ್ಯ; ಮೂಲ
the week after next	ಮುಂದಿನ ವಾರದ ನಂತರ
the whole body; full-length (portrait)	ಇಡೀ ದೇಹ; ಪೂರ್ಣ-ಉದ್ದ (ಭಾವಚಿತ್ರ)
the world	ಜಗತ್ತು
the year after next	ಮುಂದಿನ ವರ್ಷ
the year before last	ಕಳೆದ ವರ್ಷದ ಹಿಂದಿನ ವರ್ಷ
theatre	ರಂಗಭೂಮಿ
theatre; playhouse	ರಂಗಭೂಮಿ; ಆಟದ ಮನೆ
theatrical	ನಾಟಕೀಯ
theft	ಕಳ್ಳತನ
theft; robbery	ಕಳ್ಳತನ; ದರೋಡೆ
their	ಅವರ
theirs	ಅವರದು
them	ಅವುಗಳನ್ನು
theme	ಥೀಮ್
themselves	ತಮ್ಮನ್ನು
then	ನಂತರ
then...; if that is the case,...	ನಂತರ...; ಅದು ಹಾಗಿದ್ದರೆ,...
theology	ಧರ್ಮಶಾಸ್ತ್ರ
theoretical	ಸೈದ್ಧಾಂತಿಕ
theory	ಸಿದ್ಧಾಂತ
therapist	ಚಿಕಿತ್ಸಕ
therapy	ಚಿಕಿತ್ಸೆ
there	ಅಲ್ಲಿ
there are many...	ಹಲವು ಇವೆ...
there is ...	ಇದೆ...
there, that place	ಅಲ್ಲಿ, ಆ ಸ್ಥಳ
thereafter	ಅದರ ನಂತರ
thereby	ತನ್ಮೂಲಕ
therefore	ಆದ್ದರಿಂದ
therefore; consequently; accordingly; because of	ಆದ್ದರಿಂದ; ಪರಿಣಾಮವಾಗಿ; ಅದಕ್ಕೆ ತಕ್ಕಂತೆ; ಏಕೆಂದರೆ
thereupon	ಆಮೇಲೆ
these days	ಈ ದಿನಗಳಲ್ಲಿ
thesis	ಪ್ರಬಂಧ
thesis; essay; treatise; paper	ಪ್ರಬಂಧ; ಪ್ರಬಂಧ; ಗ್ರಂಥ; ಕಾಗದ
they	ಅವರು
they (usually male)	ಅವರು (ಸಾಮಾನ್ಯವಾಗಿ ಪುರುಷ)
thick	ದಪ್ಪ
thick (as of color; liquid); dense; strong	ದಪ್ಪ (ಬಣ್ಣದಂತೆ; ದ್ರವ); ದಟ್ಟವಾದ; ಬಲವಾದ
thief	ಕಳ್ಳ
thin	ತೆಳುವಾದ
thin; weak	ತೆಳುವಾದ; ದುರ್ಬಲ
thing	ವಿಷಯ
thing (concrete object)	ವಸ್ತು (ಕಾಂಕ್ರೀಟ್ ವಸ್ತು)
thing; article; goods; dignity; article (goods); counter for meal courses	ವಿಷಯ; ಲೇಖನ; ಸರಕುಗಳು; ಘನತೆ; ಲೇಖನ (ಸರಕು); ಊಟ ಕೋರ್ಸ್‌ಗಳಿಗೆ ಕೌಂಟರ್
thing; matter; fact; circumstances	ವಿಷಯ; ವಿಷಯ; ಸತ್ಯ; ಸಂದರ್ಭಗಳು
things to do	ಮಾಡಬೇಕಾದ ಕೆಲಸಗಳು
things; everything	ವಸ್ತುಗಳು; ಎಲ್ಲವೂ
things; matters	ವಸ್ತುಗಳು; ವಿಷಯಗಳು
think	ಯೋಚಿಸಿ
thinking	ಯೋಚಿಸುತ್ತಿದೆ
thinking; thought; ideas; intention	ಚಿಂತನೆ; ಚಿಂತನೆ; ಕಲ್ಪನೆಗಳು; ಉದ್ದೇಶ
third	ಮೂರನೆಯದು
thirdly	ಮೂರನೆಯದಾಗಿ
thirsty	ಬಾಯಾರಿದ
thirteen	ಹದಿಮೂರು
thirty	ಮೂವತ್ತು
thirty minutes	ಮೂವತ್ತು ನಿಮಿಷಗಳು
this	ಇದು
this ...	ಈ...
this evening	ಈ ಸಂಜೆ
this month	ಈ ತಿಂಗಳು
this morning	ಈ ಬೆಳಿಗ್ಗೆ
this one	ಇದು
this person (polite)	ಈ ವ್ಯಕ್ತಿ (ಸಭ್ಯ)
this semester	ಈ ಸೆಮಿಸ್ಟರ್
this way (polite)	ಈ ರೀತಿಯಲ್ಲಿ (ಸಭ್ಯ)
this way / this person	ಈ ರೀತಿಯಲ್ಲಿ / ಈ ವ್ಯಕ್ತಿ
this week	ಈ ವಾರ
this year	ಈ ವರ್ಷ
thorough	ಸಂಪೂರ್ಣವಾಗಿ
thoroughly	ಸಂಪೂರ್ಣವಾಗಿ
thoroughness	ಸಂಪೂರ್ಣತೆ
thoroughness; completeness	ಸಂಪೂರ್ಣತೆ; ಸಂಪೂರ್ಣತೆ
though	ಆದರೂ
thought	ಯೋಚಿಸಿದೆ
thought / idea	ಆಲೋಚನೆ / ಕಲ್ಪನೆ
thought-provoking	ಚಿಂತನೆಗೆ ಹಚ್ಚುವ
thought; idea	ಚಿಂತನೆ; ಕಲ್ಪನೆ
thoughtful	ಚಿಂತನಶೀಲ
thousand	ಸಾವಿರ
thread	ಥ್ರೆಡ್
threat	ಬೆದರಿಕೆ
threat; menace; coercion; terrorism	ಬೆದರಿಕೆ; ಬೆದರಿಕೆ; ಒತ್ತಾಯ; ಭಯೋತ್ಪಾದನೆ
threaten	ಬೆದರಿಕೆ ಹಾಕುತ್ತಾರೆ
three	ಮೂರು
three (counter)	ಮೂರು (ಕೌಂಟರ್)
three (long objects)	ಮೂರು (ಉದ್ದದ ವಸ್ತುಗಳು)
three (small animals)	ಮೂರು (ಸಣ್ಣ ಪ್ರಾಣಿಗಳು)
three (things)	ಮೂರು (ವಸ್ತುಗಳು)
three days	ಮೂರು ದಿನಗಳು
three days; third day of the month	ಮೂರು ದಿನಗಳು; ತಿಂಗಳ ಮೂರನೇ ದಿನ
three hundred	ಮುನ್ನೂರು
three minutes	ಮೂರು ನಿಮಿಷಗಳು
three o'clock	ಮೂರು ಗಂಟೆ
three people	ಮೂರು ಜನರು
threshold	ಮಿತಿ
thrift; economy; frugality	ಮಿತವ್ಯಯ; ಆರ್ಥಿಕತೆ; ಮಿತವ್ಯಯ
thrilled	ರೋಮಾಂಚನವಾಯಿತು
thrive	ಅಭಿವೃದ್ಧಿ ಹೊಂದುತ್ತಾರೆ
throat	ಗಂಟಲು
through	ಮೂಲಕ
throughout	ಉದ್ದಕ್ಕೂ
throw	ಎಸೆಯಿರಿ
thumb	ಹೆಬ್ಬೆರಳು
thunder	ಗುಡುಗು
thunder / lightning	ಗುಡುಗು / ಮಿಂಚು
thus	ಹೀಗಾಗಿ
ticket	ಟಿಕೆಟ್
ticket office	ಟಿಕೆಟ್ ಕಛೇರಿ
ticket window	ಟಿಕೆಟ್ ವಿಂಡೋ
ticket; coupon; bond; certificate	ಟಿಕೆಟ್; ಕೂಪನ್; ಬಂಧ; ಪ್ರಮಾಣಪತ್ರ
tickets	ಟಿಕೆಟ್‌ಗಳು
tide	ಉಬ್ಬರವಿಳಿತ
tidy	ಅಚ್ಚುಕಟ್ಟಾದ
tie	ಟೈ
tiger	ಹುಲಿ
tight	ಬಿಗಿಯಾದ
tighten	ಬಿಗಿಗೊಳಿಸು
till	ತನಕ
timber	ಮರದ
time	ಸಮಯ
time / moment	ಸಮಯ / ಕ್ಷಣ
time / occasion	ಸಮಯ / ಸಂದರ್ಭ
time card	ಸಮಯ ಕಾರ್ಡ್
time of...; when...	ಸಮಯ ...; ಯಾವಾಗ...
time; about; toward; approximately (time)	ಸಮಯ; ಸುಮಾರು; ಕಡೆಗೆ; ಸರಿಸುಮಾರು (ಸಮಯ)
time; labour	ಸಮಯ; ಶ್ರಮ
time; season; period	ಸಮಯ; ಋತು; ಅವಧಿ
time; years; days	ಸಮಯ; ವರ್ಷಗಳು; ದಿನಗಳು
timely	ಸಕಾಲಿಕ
timetable; schedule	ವೇಳಾಪಟ್ಟಿ; ವೇಳಾಪಟ್ಟಿ
timid	ಅಂಜುಬುರುಕವಾದ
timing	ಸಮಯ
tin	ತವರ
tiny	ಚಿಕ್ಕ
tip	ತುದಿ
tire	ಟೈರ್
tired	ಸುಸ್ತಾಗಿದೆ
tiredness; fatigue	ದಣಿವು; ಆಯಾಸ
tissue	ಅಂಗಾಂಶ
tissue paper; toilet paper	ಅಂಗಾಂಶ ಕಾಗದ; ಟಾಯ್ಲೆಟ್ ಪೇಪರ್
title	ಶೀರ್ಷಿಕೆ
title; subject; theme; topic	ಶೀರ್ಷಿಕೆ; ವಿಷಯ; ಥೀಮ್; ವಿಷಯ
to	ಗೆ
to (a place); as far as (a place); till (a time)	ಗೆ (ಒಂದು ಸ್ಥಳ); (ಒಂದು ಸ್ಥಳ) ವರೆಗೆ; ತನಕ (ಒಂದು ಸಮಯ)
to (happen to) see; to notice; to catch sight of	(ನಡೆಯಲು) ನೋಡಲು; ಗಮನಿಸಲು; ದೃಷ್ಟಿ ಹಿಡಿಯಲು
to abate; to decrease; to diminish; to shorten	ತಗ್ಗಿಸಲು; ಕಡಿಮೆ ಮಾಡಲು; ಕಡಿಮೆ ಮಾಡಲು; ಕಡಿಮೆ ಮಾಡಲು
to abbreviate	ಸಂಕ್ಷೇಪಿಸಲು
to abide (by the rules); to obey; to follow; to accompany	ಪಾಲಿಸಲು (ನಿಯಮಗಳ ಮೂಲಕ); ಪಾಲಿಸಲು; ಅನುಸರಿಸಲು; ಜೊತೆಯಲ್ಲಿ
to accept (respect)	ಸ್ವೀಕರಿಸಲು (ಗೌರವ)
to accomplish	ಸಾಧಿಸಲು
to accomplish; to do	ಸಾಧಿಸಲು; ಮಾಡಲು
to accomplish; to fulfill; to carry out; to achieve	ಸಾಧಿಸಲು; ಪೂರೈಸಲು; ಕೈಗೊಳ್ಳಲು; ಸಾಧಿಸಲು
to accost a person; to talk (to someone)	ವ್ಯಕ್ತಿಯನ್ನು ದೂಷಿಸಲು; ಮಾತನಾಡಲು (ಯಾರಾದರೂ)
to accustom	ಒಗ್ಗಿಕೊಳ್ಳಲು
to acknowledge	ಒಪ್ಪಿಕೊಳ್ಳಲು
to act spoiled	ಹಾಳಾದ ವರ್ತಿಸಲು
to act violently; to rage; to struggle; to be riotous	ಹಿಂಸಾತ್ಮಕವಾಗಿ ವರ್ತಿಸಲು; ಕೋಪಗೊಳ್ಳಲು; ಹೋರಾಟಕ್ಕೆ; ಗಲಭೆಯಾಗುವುದು
to add a number	ಸಂಖ್ಯೆಯನ್ನು ಸೇರಿಸಲು
to address	ಪರಿಹರಿಸಲು
to adhere to; to keep close to	ಅಂಟಿಕೊಳ್ಳಲು; ಹತ್ತಿರ ಇಡಲು
to admire / yearn for	ಮೆಚ್ಚಿಸಲು / ಹಂಬಲಿಸಲು
to adopt	ಅಳವಡಿಸಿಕೊಳ್ಳಲು
to advance; to promote; to hasten	ಮುನ್ನಡೆಸಲು; ಪ್ರಚಾರ ಮಾಡಲು; ತ್ವರೆಗೊಳಿಸಲು
to agree	ಒಪ್ಪಿಕೊಳ್ಳಲು
to aim at	ಗುರಿಯಾಗಲು
to aim at; to have an eye on	ಗುರಿಯಾಗಲು; ಮೇಲೆ ಕಣ್ಣಿಡಲು
to aim for	ಗುರಿಪಡಿಸಲು
to air; to dry; to desiccate; to drain (off); to drink up	ಗಾಳಿಗೆ; ಒಣಗಲು; ಒಣಗಿಸಲು; ಬರಿದಾಗಲು (ಆಫ್); ಕುಡಿಯಲು
to amass; to accumulate	ಸಂಗ್ರಹಿಸಲು; ಸಂಗ್ರಹಿಸಲು
to amuse oneself; to make merry	ಮನರಂಜಿಸಲು; ಸಂತೋಷಪಡಿಸಲು
to answer	ಉತ್ತರಿಸಲು
to answer (respect)	ಉತ್ತರಿಸಲು (ಗೌರವ)
to answer; to respond; to meet; to satisfy; to accept	ಉತ್ತರಿಸಲು; ಪ್ರತಿಕ್ರಿಯಿಸಲು; ಭೇಟಿಯಾಗಲು; ತೃಪ್ತಿಪಡಿಸಲು; ಸ್ವೀಕರಿಸಲು
to apologize	ಕ್ಷಮೆ ಕೇಳಲು
to apologize (humble)	ಕ್ಷಮೆ ಕೇಳಲು (ವಿನಮ್ರ)
to appear (in print); to be recorded	ಕಾಣಿಸಿಕೊಳ್ಳಲು (ಮುದ್ರಣದಲ್ಲಿ); ದಾಖಲಿಸಬೇಕು
to appear in disguise; to take the form of; to change for the worse	ಮಾರುವೇಷದಲ್ಲಿ ಕಾಣಿಸಿಕೊಳ್ಳಲು; ರೂಪವನ್ನು ತೆಗೆದುಕೊಳ್ಳಲು; ಕೆಟ್ಟದ್ದಕ್ಕಾಗಿ ಬದಲಾಯಿಸಲು
to appear; to come in sight; to become visible; to come out; to embody; to materialize; to express oneself	ಕಾಣಿಸಿಕೊಳ್ಳಲು; ದೃಷ್ಟಿಯಲ್ಲಿ ಬರಲು; ಗೋಚರವಾಗಲು; ಹೊರಗೆ ಬರಲು; ಸಾಕಾರಗೊಳಿಸಲು; ವಸ್ತುವಾಗಲು; ತನ್ನನ್ನು ತಾನು ವ್ಯಕ್ತಪಡಿಸಲು
to appear; to leave	ಕಾಣಿಸಿಕೊಳ್ಳಲು; ಬಿಡಲು
to append; to sum up; to add (up)	ಸೇರಿಸಲು; ಒಟ್ಟುಗೂಡಿಸಲು; ಸೇರಿಸಲು (ಮೇಲಕ್ಕೆ)
to apply	ಅನ್ವಯಿಸಲು
to apply for; to make an application	ಅರ್ಜಿ ಸಲ್ಲಿಸಲು; ಅಪ್ಲಿಕೇಶನ್ ಮಾಡಲು
to approach; to draw near	ಸಮೀಪಿಸಲು; ಹತ್ತಿರ ಸೆಳೆಯಲು
to approach; to get near; to get acquainted with; to get closer	ಸಮೀಪಿಸಲು; ಹತ್ತಿರ ಬರಲು; ಪರಿಚಯ ಮಾಡಿಕೊಳ್ಳಲು; ಹತ್ತಿರವಾಗಲು
to argue; to discuss; to debate	ವಾದಿಸಲು; ಚರ್ಚಿಸಲು; ಚರ್ಚೆಗೆ
to arise; to ascend; to go up	ಉದ್ಭವಿಸಲು; ಏರಲು; ಮೇಲಕ್ಕೆ ಹೋಗಲು
to arrange (flowers)	ವ್ಯವಸ್ಥೆ ಮಾಡಲು (ಹೂಗಳು)
to arrive	ಆಗಮಿಸಲು
to arrive at	ತಲುಪಲು
to ascend; to go up; to climb	ಏರಲು; ಮೇಲಕ್ಕೆ ಹೋಗಲು; ಏರಲು
to ascertain	ಖಚಿತಪಡಿಸಿಕೊಳ್ಳಲು
to ask	ಕೇಳಲು
to ask (a favor)	ಕೇಳಲು (ಒಂದು ಪರವಾಗಿ)
to ask (respect)	ಕೇಳಲು (ಗೌರವ)
to ask after (health); to visit	(ಆರೋಗ್ಯ) ನಂತರ ಕೇಳಲು; ಭೇಟಿ ಮಾಡಲು
to ask for directions	ನಿರ್ದೇಶನಗಳನ್ನು ಕೇಳಲು
to ask/visit (humble)	ಕೇಳಲು/ಭೇಟಿ ಮಾಡಲು (ವಿನಮ್ರ)
to ask; to request	ಕೇಳಲು; ವಿನಂತಿಸಲು
to assemble; to set up; to construct	ಜೋಡಿಸಲು; ಸ್ಥಾಪಿಸಲು; ನಿರ್ಮಿಸಲು
to assist	ಸಹಾಯ ಮಾಡಲು
to associate with; to keep company with; to get on with	ಜೊತೆಗೂಡಲು; ಕಂಪನಿಯನ್ನು ಇರಿಸಿಕೊಳ್ಳಲು; ಪಡೆಯಲು
to attach	ಲಗತ್ತಿಸಲು
to attach; to join; to add; to append	ಲಗತ್ತಿಸಲು; ಸೇರಲು; ಸೇರಿಸಲು; ಸೇರಿಸಲು
to attack; to assault	ದಾಳಿ ಮಾಡಲು; ಆಕ್ರಮಣ ಮಾಡಲು
to attack; to avenge	ದಾಳಿ ಮಾಡಲು; ಸೇಡು ತೀರಿಸಿಕೊಳ್ಳಲು
to attack; to defeat; to destroy	ದಾಳಿ ಮಾಡಲು; ಸೋಲಿಸಲು; ನಾಶಮಾಡಲು
to attain enlightenment; to perceive; to understand; to discern	ಜ್ಞಾನೋದಯವನ್ನು ಪಡೆಯಲು; ಗ್ರಹಿಸಲು; ಅರ್ಥಮಾಡಿಕೊಳ್ಳಲು; ವಿವೇಚಿಸಲು
to attempt; to test	ಪ್ರಯತ್ನಿಸಲು; ಪರೀಕ್ಷಿಸಲು
to attend	ಹಾಜರಾಗಲು
to attend (respect)	ಹಾಜರಾಗಲು (ಗೌರವ)
to avert (one's eyes)	ತಡೆಯಲು (ಒಬ್ಬರ ಕಣ್ಣುಗಳು)
to awaken	ಜಾಗೃತಗೊಳಿಸಲು
to bake	ತಯಾರಿಸಲು
to bake; to grill	ತಯಾರಿಸಲು; ಗ್ರಿಲ್ ಮಾಡಲು
to balance; to be in harmony; to suit	ಸಮತೋಲನ ಮಾಡಲು; ಸಾಮರಸ್ಯದಿಂದ ಇರಲು; ಸರಿಹೊಂದುವಂತೆ
to bargain	ಚೌಕಾಸಿ ಮಾಡಲು
to bark; to bay; to howl; to bellow; to roar; to cry	ತೊಗಟೆಗೆ; ಕೊಲ್ಲಿಗೆ; ಕೂಗಲು; ಮೊರೆಯಿಡಲು; ಘರ್ಜನೆ ಮಾಡಲು; ಅಳಲು
to bathe; to bask in the sun; to shower	ಸ್ನಾನ ಮಾಡಲು; ಬಿಸಿಲಿನಲ್ಲಿ ಸ್ನಾನ ಮಾಡಲು; ಸ್ನಾನ ಮಾಡಲು
to be	ಎಂದು
to be (animate); to be; to exist	ಎಂದು (ಅನಿಮೇಟ್); ಎಂದು; ಅಸ್ತಿತ್ವದಲ್ಲಿರಲು
to be (polite)	(ಸಭ್ಯ)
to be (polite); to exist	ಎಂದು (ಶಿಷ್ಟ); ಅಸ್ತಿತ್ವದಲ್ಲಿರಲು
to be / go / come (respect)	ಇರಲು / ಹೋಗಿ / ಬನ್ನಿ (ಗೌರವ)
to be absent (from...); to rest	ಗೈರುಹಾಜರಾಗಲು (ಇಂದ...); ವಿಶ್ರಾಂತಿ ಪಡೆಯಲು
to be amazed	ಬೆರಗಾಗಬೇಕು
to be angry	ಕೋಪಗೊಳ್ಳಲು
to be anxious; to ponder	ಆತಂಕಕ್ಕೊಳಗಾಗಲು; ವಿಚಾರಮಾಡಲು
to be arrested; to be caught	ಬಂಧಿಸಲು; ಹಿಡಿಯಬೇಕು
to be asked (humble)	ಕೇಳಬೇಕು (ವಿನಮ್ರ)
to be attached	ಲಗತ್ತಿಸಬೇಕು
to be audible	ಶ್ರವ್ಯವಾಗಿರಬೇಕು
to be audible / can hear	ಕೇಳಲು / ಕೇಳಲು
to be aware / know well	ತಿಳಿದಿರಲು / ಚೆನ್ನಾಗಿ ತಿಳಿದುಕೊಳ್ಳಲು
to be bewildered	ದಿಗ್ಭ್ರಮೆಗೊಳ್ಳಲು
to be bitter	ಕಹಿಯಾಗಿರುವುದು
to be blessed with; to be rich in	ಆಶೀರ್ವಾದ ಮಾಡಬೇಕು; ಶ್ರೀಮಂತರಾಗಲು
to be blocked; to be packed	ನಿರ್ಬಂಧಿಸಲು; ಪ್ಯಾಕ್ ಮಾಡಬೇಕು
to be blocked; to choke; to be obstructed	ನಿರ್ಬಂಧಿಸಲು; ಚಾಕ್ ಮಾಡಲು; ತಡೆಯಬೇಕು
to be born	ಹುಟ್ಟಬೇಕು
to be broken	ಮುರಿಯಲು
to be burdened with; to carry on back or shoulder	ಹೊರೆಯಾಗುವುದು; ಹಿಂದೆ ಅಥವಾ ಭುಜದ ಮೇಲೆ ಸಾಗಿಸಲು
to be called (humble)	ಕರೆಯಲು (ವಿನಮ್ರ)
to be careful; to pay attention; to take care	ಜಾಗರೂಕರಾಗಿರಲು; ಗಮನ ಕೊಡಲು; ಆರೈಕೆ ಮಾಡಲು
to be caught in; to be stuck in; to be cheated	ಹಿಡಿಯಲು; ಅಂಟಿಕೊಂಡಿರುವುದು; ಮೋಸ ಹೋಗಬೇಕು
to be caught; to be arrested	ಹಿಡಿಯಲು; ಬಂಧಿಸಬೇಕು
to be cautious/careful	ಜಾಗರೂಕರಾಗಿರಲು / ಜಾಗರೂಕರಾಗಿರಿ
to be closed	ಮುಚ್ಚಬೇಕು
to be collected; to be settled; to be in order	ಸಂಗ್ರಹಿಸಲು; ಇತ್ಯರ್ಥವಾಗುವುದು; ಕ್ರಮದಲ್ಲಿರಬೇಕು
to be conceited	ಅಹಂಕಾರಿಯಾಗಬೇಕು
to be connected or related; to join together	ಸಂಪರ್ಕಿಸಲು ಅಥವಾ ಸಂಬಂಧಿಸಲು; ಒಟ್ಟಿಗೆ ಸೇರಲು
to be conspicuous; to stand out	ಎದ್ದುಕಾಣುವಂತೆ; ಎದ್ದು ನಿಲ್ಲಲು
to be continued	ಮುಂದುವರೆಯುವುದು
to be conveyed	ತಿಳಿಸಬೇಕು
to be crowded	ಕಿಕ್ಕಿರಿದು ತುಂಬಿರಬೇಕು
to be cured; to heal	ಗುಣಪಡಿಸಲು; ಸರಿಪಡಿಸಲು
to be decided	ನಿರ್ಧರಿಸಬೇಕು
to be decided; to be settled; to look good in (clothes)	ನಿರ್ಧರಿಸಬೇಕು; ಇತ್ಯರ್ಥವಾಗುವುದು; (ಬಟ್ಟೆ) ಚೆನ್ನಾಗಿ ಕಾಣಲು
to be delighted	ಸಂತೋಷಪಡಬೇಕು
to be dented; to be indented; to yield to; to give; to sink; to collapse; to cave in; to be snubbed	ಡೆಂಟೆಡ್ ಮಾಡಲು; ಇಂಡೆಂಟ್ ಮಾಡಲು; ಕೊಡಲು; ನೀಡಲು; ಮುಳುಗಲು; ಕುಸಿಯಲು; ಗುಹೆ ಒಳಗೆ; ಸುಳ್ಳಾಗಬೇಕು
to be different; wrong	ವಿಭಿನ್ನವಾಗಿರಲು; ತಪ್ಪು
to be disappointed	ನಿರಾಶೆಗೊಳ್ಳಬೇಕು
to be disconnected; to get out of place; to be off; to be out (e.g. of gear)	ಸಂಪರ್ಕ ಕಡಿತಗೊಳ್ಳಲು; ಸ್ಥಳದಿಂದ ಹೊರಬರಲು; ಆಫ್ ಎಂದು; ಹೊರಗಿರಲು (ಉದಾ. ಗೇರ್)
to be discovered	ಕಂಡುಹಿಡಿಯಬೇಕು
to be distant	ದೂರವಿರಲು
to be drowned; to indulge in	ಮುಳುಗಲು; ಪಾಲ್ಗೊಳ್ಳಲು
to be effective	ಪರಿಣಾಮಕಾರಿಯಾಗಿರಲು
to be enough	ಸಾಕಷ್ಟು ಎಂದು
to be enthusiastic about	ಬಗ್ಗೆ ಉತ್ಸಾಹದಿಂದ ಇರಬೇಕು
to be entrusted (humble)	ಒಪ್ಪಿಸಲಾಗುವುದು (ವಿನಮ್ರ)
to be familiar; to discover; to detect	ಪರಿಚಿತವಾಗಿರಲು; ಅನ್ವೇಷಿಸಲು; ಪತ್ತೆಹಚ್ಚಲು
to be filled with awe; to feel small; to be amazed; to be surprised; to be disconcerted; to be sorry; to b	ವಿಸ್ಮಯದಿಂದ ತುಂಬಬೇಕು; ಸಣ್ಣ ಭಾವನೆ; ಬೆರಗಾಗಲು; ಆಶ್ಚರ್ಯಪಡಬೇಕು; ಅಸಮಾಧಾನಗೊಳ್ಳಲು; ಕ್ಷಮಿಸಬೇಕು; ಗೆ ಬಿ
to be finished	ಮುಗಿಸಬೇಕು
to be fit for; to be equal to; to function properly	ಯೋಗ್ಯವಾಗಿರಲು; ಸಮಾನವಾಗಿರಲು; ಸರಿಯಾಗಿ ಕಾರ್ಯನಿರ್ವಹಿಸಲು
to be fixed; to be repaired	ಸರಿಪಡಿಸಲು; ದುರಸ್ತಿ ಮಾಡಬೇಕು
to be found; to be discovered	ಕಂಡು ಬರುವುದು; ಕಂಡುಹಿಡಿಯಬೇಕು
to be fragrant; to smell; to stink	ಪರಿಮಳಯುಕ್ತವಾಗಿರಲು; ವಾಸನೆ ಮಾಡಲು; ದುರ್ವಾಸನೆ ಬೀರಲು
to be frightened	ಗಾಬರಿಯಾಗಬೇಕು
to be frustrated	ನಿರಾಶೆಗೊಳ್ಳಲು
to be full; to rise (tide); to mature; to expire	ಪೂರ್ಣವಾಗಿರಲು; ಏರಲು (ಉಬ್ಬರವಿಳಿತ); ಪ್ರಬುದ್ಧವಾಗಲು; ಅವಧಿ ಮುಗಿಯಲು
to be furnished with	ಸಜ್ಜುಗೊಳಿಸಬೇಕು
to be grounded on; to be based on; to be due to; to originate from	ನೆಲೆಗೊಳ್ಳಲು; ಆಧರಿಸಿರಬೇಕು; ಕಾರಣ ಎಂದು; ಹುಟ್ಟಿಕೊಳ್ಳಲು
to be handed down; to be introduced; to be transmitted	ಹಸ್ತಾಂತರಿಸಲು; ಪರಿಚಯಿಸಲು; ರವಾನಿಸಬೇಕು
to be heard	ಕೇಳಬೇಕು
to be helpful	ಸಹಾಯಕವಾಗಲು
to be hit; to be successful; to be equivalent to	ಹೊಡೆಯಲು; ಯಶಸ್ವಿಯಾಗಲು; ಗೆ ಸಮನಾಗಿರಬೇಕು
to be hungry	ಹಸಿದಿರುವುದು
to be idle; to neglect	ನಿಷ್ಕ್ರಿಯವಾಗಿರಲು; ನಿರ್ಲಕ್ಷಿಸಲು
to be impatient	ತಾಳ್ಮೆಯಿಂದಿರಲು
to be in disorder; to lie scattered around	ಅಸ್ವಸ್ಥತೆಯಲ್ಲಿರಲು; ಅಲ್ಲಲ್ಲಿ ಮಲಗಲು
to be in high spirits; to be full of vigor	ಹೆಚ್ಚಿನ ಉತ್ಸಾಹದಲ್ಲಿರಲು; ಹುರುಪಿನಿಂದ ತುಂಬಿರಬೇಕು
to be in sight	ದೃಷ್ಟಿಯಲ್ಲಿರಲು
to be in someone's care	ಯಾರೊಬ್ಬರ ಆರೈಕೆಯಲ್ಲಿರಲು
to be in time for	ಸಮಯಕ್ಕೆ ಬರಲು
to be in trouble	ತೊಂದರೆಯಲ್ಲಿರಲು
to be indignant	ಕೋಪಗೊಳ್ಳಲು
to be informed; to have thorough knowledge	ತಿಳಿಸಲು; ಸಂಪೂರ್ಣ ಜ್ಞಾನವನ್ನು ಹೊಂದಲು
to be interested (in ...)	ಆಸಕ್ತಿ ಹೊಂದಲು (ಇದರಲ್ಲಿ ...)
to be interested in	ಆಸಕ್ತಿ ಹೊಂದಲು
to be irritated	ಸಿಟ್ಟಿಗೆದ್ದಿರಬೇಕು
to be jealous	ಅಸೂಯೆಪಡಲು
to be lacking	ಕೊರತೆಯಾಗಿರುವುದು
to be late	ತಡವಾಗಿರಲು
to be late (for ...)	ತಡವಾಗಿರಲು (ಇದಕ್ಕಾಗಿ ...)
to be late (for an appointment)	ತಡವಾಗಿರಲು (ಅಪಾಯಿಂಟ್‌ಮೆಂಟ್‌ಗಾಗಿ)
to be lost; to disappear	ಕಳೆದುಹೋಗಬೇಕು; ಕಣ್ಮರೆಯಾಗಲು
to be mixed; to be blended with	ಮಿಶ್ರಣ ಮಾಡಬೇಕು; ಬೆರೆಯಬೇಕು
to be mixed; to be blended with; to associate with	ಮಿಶ್ರಣ ಮಾಡಬೇಕು; ಮಿಶ್ರಣ ಮಾಡಬೇಕು; ಜೊತೆಗೂಡಲು
to be mixed; to be blended with; to associate with; to mingle with; to join	ಮಿಶ್ರಣ ಮಾಡಬೇಕು; ಮಿಶ್ರಣ ಮಾಡಬೇಕು; ಜೊತೆಗೂಡಲು; ಬೆರೆಯಲು; ಸೇರಲು
to be moved/touched (by ...)	ಸರಿಸಲು/ಸ್ಪರ್ಶಿಸಲು (ಇದರಿಂದ ...)
to be nervous	ನರಗಳಾಗಲು
to be on / attached	ಆನ್ / ಲಗತ್ತಿಸಲಾಗಿದೆ
to be on the heavy side	ಭಾರೀ ಭಾಗದಲ್ಲಿರಲು
to be on the same page	ಒಂದೇ ಪುಟದಲ್ಲಿರಲು
to be on thin ice	ತೆಳುವಾದ ಮಂಜುಗಡ್ಡೆಯ ಮೇಲೆ ಇರಬೇಕು
to be one-sided; to incline; to be partial	ಏಕಪಕ್ಷೀಯವಾಗಿರಬೇಕು; ಇಳಿಜಾರು ಮಾಡಲು; ಭಾಗಶಃ ಎಂದು
to be over the moon	ಚಂದ್ರನ ಮೇಲೆ ಇರಬೇಕು
to be overturned; to be upset; to topple over; to be reversed	ಉರುಳಿಸಲು; ಅಸಮಾಧಾನಗೊಳ್ಳಲು; ಉರುಳಿಸಲು; ವ್ಯತಿರಿಕ್ತವಾಗಿರಬೇಕು
to be particular about	ನಿರ್ದಿಷ್ಟವಾಗಿರಲು
to be photographed; to be projected	ಛಾಯಾಚಿತ್ರ ಮಾಡಬೇಕು; ಪ್ರಕ್ಷೇಪಿಸಲಾಗುವುದು
to be piled up; lie on top of one another; overlap each other	ಪೇರಿಸಬೇಕು; ಒಂದರ ಮೇಲೊಂದು ಮಲಗು; ಪರಸ್ಪರ ಅತಿಕ್ರಮಿಸುತ್ತದೆ
to be pleased (respect)	ಸಂತೋಷಪಡಲು (ಗೌರವ)
to be pleased with; to suit	ಸಂತಸಪಡಲು; ಸರಿಹೊಂದುವಂತೆ
to be plugged up; to be shut up	ಪ್ಲಗ್ ಅಪ್ ಮಾಡಲು; ಮುಚ್ಚಬೇಕು
to be popular	ಜನಪ್ರಿಯವಾಗಲು
to be popular (in terms of romantic interest)	ಜನಪ್ರಿಯವಾಗಿರಲು (ಪ್ರಣಯ ಆಸಕ್ತಿಯ ವಿಷಯದಲ್ಲಿ)
to be prepared; to be in order; to be put in order; to be arranged	ತಯಾರಾಗಬೇಕು; ಕ್ರಮದಲ್ಲಿರಲು; ಕ್ರಮದಲ್ಲಿ ಇಡಬೇಕು; ವ್ಯವಸ್ಥೆ ಮಾಡಬೇಕು
to be profitable	ಲಾಭದಾಯಕವಾಗಿರಲು
to be profitable; to yield a profit	ಲಾಭದಾಯಕವಾಗಲು; ಲಾಭವನ್ನು ನೀಡಲು
to be prolonged	ದೀರ್ಘವಾಗಬೇಕು
to be prolonged; to drag on	ದೀರ್ಘವಾಗಿರಬೇಕು; ಎಳೆಯಲು
to be proud; to swagger	ಹೆಮ್ಮೆಪಡಲು; ಸ್ವಾಗರ್ ಮಾಡಲು
to be reflected; to harmonize with; to come out (photo)	ಪ್ರತಿಬಿಂಬಿಸಲು; ಸಮನ್ವಯಗೊಳಿಸಲು; ಹೊರಬರಲು (ಫೋಟೋ)
to be renewed	ನವೀಕರಿಸಬೇಕು
to be reserved; to be restrained	ಮೀಸಲಿಡಬೇಕು; ನಿಗ್ರಹಿಸಬೇಕು
to be resurrected; to be revived; to be resuscitated; to be rehabilitated	ಪುನರುತ್ಥಾನಗೊಳ್ಳಲು; ಪುನರುಜ್ಜೀವನಗೊಳ್ಳಲು; ಪುನರುಜ್ಜೀವನಗೊಳ್ಳಲು; ಪುನರ್ವಸತಿ ಕಲ್ಪಿಸಬೇಕು
to be sad; to mourn for; to regret	ದುಃಖವಾಗಲು; ದುಃಖಿಸಲು; ವಿಷಾದಿಸಲು
to be saved; to be helped	ಉಳಿಸಲು; ಸಹಾಯ ಮಾಡಬೇಕು
to be saved; to be rescued; to survive; to be helpful	ಉಳಿಸಲು; ರಕ್ಷಿಸಲು; ಬದುಕಲು; ಸಹಾಯಕವಾಗಲು
to be separated from; to leave; to go away; to be a long way off	ಬೇರ್ಪಡಿಸಲು; ಬಿಡಲು; ದೂರ ಹೋಗಲು; ದೂರದಲ್ಲಿರಲು
to be shut out	ಮುಚ್ಚಬೇಕು
to be silent	ಮೌನವಾಗಿರಲು
to be similar	ಹೋಲುವಂತೆ
to be smashed; to go bankrupt	ಒಡೆದು ಹಾಕಬೇಕು; ದಿವಾಳಿಯಾಗಲು
to be sold	ಮಾರಾಟ ಮಾಡಬೇಕು
to be sold out	ಮಾರಾಟವಾಗಬೇಕಿದೆ
to be sufficient; to be enough	ಸಾಕಷ್ಟು ಎಂದು; ಸಾಕಷ್ಟು ಎಂದು
to be sunny	ಬಿಸಿಲು ಎಂದು
to be surprised	ಆಶ್ಚರ್ಯಪಡಬೇಕು
to be taken care of (humble)	ಕಾಳಜಿ ವಹಿಸಬೇಕು (ವಿನಮ್ರ)
to be taught	ಕಲಿಸಬೇಕು
to be thin	ತೆಳ್ಳಗಿರಬೇಕು
to be thirsty	ಬಾಯಾರಿಕೆಯಾಗಬೇಕು
to be tidied	ಅಚ್ಚುಕಟ್ಟಾಗಿ ಮಾಡಬೇಕು
to be tied together; to be connected to; to be related to	ಒಟ್ಟಿಗೆ ಕಟ್ಟಬೇಕು; ಸಂಪರ್ಕಿಸಲು; ಸಂಬಂಧಿಸಿದೆ
to be tolerant/patient	ಸಹಿಷ್ಣು/ತಾಳ್ಮೆಯಿಂದ ಇರಬೇಕು
to be under impression that; to be convinced that	ಎಂಬ ಅನಿಸಿಕೆಗೆ ಒಳಪಡುವುದು; ಎಂದು ಮನವರಿಕೆ ಮಾಡಿಕೊಡಬೇಕು
to be under the weather	ಹವಾಮಾನದ ಅಡಿಯಲ್ಲಿರಲು
to be understood	ಅರ್ಥ ಮಾಡಿಕೊಳ್ಳಬೇಕು
to be very likeable	ತುಂಬಾ ಇಷ್ಟವಾಗುವಂತೆ
to be visible	ಗೋಚರಿಸುವಂತೆ
to be wavy; to be curled	ಅಲೆಅಲೆಯಾಗಿರುವುದು; ಸುರುಳಿಯಾಗಿರುವುದು
to be wet; to become wet; to be damp	ತೇವವಾಗಿರಲು; ಒದ್ದೆಯಾಗಲು; ತೇವವಾಗಿರಬೇಕು
to be worried	ಚಿಂತಿಸಬೇಕು
to be worried; to be troubled	ಚಿಂತಿಸಬೇಕು; ತೊಂದರೆಯಾಗಬೇಕು
to be(come) transparent	(ಬನ್ನಿ) ಪಾರದರ್ಶಕವಾಗಿರಲು
to be; to have	ಎಂದು; ಹೊಂದಲು
to be; to have (used for people and animals)	ಎಂದು; ಹೊಂದಲು (ಜನರು ಮತ್ತು ಪ್ರಾಣಿಗಳಿಗೆ ಬಳಸಲಾಗುತ್ತದೆ)
to bear fruit	ಫಲ ನೀಡಲು
to bear fruit; to ripen	ಫಲ ನೀಡಲು; ಹಣ್ಣಾಗಲು
to bear; to stand; to endure; to put up with; to support; to withstand; to resist; to brave; to be fit for; t	ಹೊರಲು; ನಿಲ್ಲಲು; ತಾಳಿಕೊಳ್ಳಲು; ಸಹಿಸಿಕೊಳ್ಳಲು; ಬೆಂಬಲಿಸಲು; ತಡೆದುಕೊಳ್ಳಲು; ವಿರೋಧಿಸಲು; ಕೆಚ್ಚೆದೆಯ; ಯೋಗ್ಯವಾಗಿರಲು; ಟಿ
to beat	ಸೋಲಿಸಲು
to become	ಆಗಲು
to become attached	ಲಗತ್ತಿಸಲು
to become cloudy; to become dim	ಮೋಡವಾಗಲು; ಮಂಕಾಗಲು
to become complete; to be equal; to be all present; to gather	ಸಂಪೂರ್ಣ ಆಗಲು; ಸಮಾನವಾಗಿರಬೇಕು; ಎಲ್ಲರೂ ಇರಲು; ಸಂಗ್ರಹಿಸಲು
to become confused (disconcerted  disorganized)	ಗೊಂದಲಕ್ಕೊಳಗಾಗಲು (ಅಸಂಘಟಿತ ಅಸ್ತವ್ಯಸ್ತ)
to become cool; to wear off; to abate; to subside	ತಂಪಾಗಲು; ಧರಿಸಲು; ತಗ್ಗಿಸಲು; ತಗ್ಗಿಸಲು
to become dirty	ಕೊಳಕು ಆಗಲು
to become domesticated; to become tame	ಸಾಕುಪ್ರಾಣಿಯಾಗಲು; ಪಳಗಿಸಲು
to become emotionally attached	ಭಾವನಾತ್ಮಕವಾಗಿ ಲಗತ್ತಿಸಲು
to become fat	ದಪ್ಪ ಆಗಲು
to become frightened; to have a nightmare	ಭಯಭೀತರಾಗಲು; ಒಂದು ದುಃಸ್ವಪ್ನ ಹೊಂದಲು
to become hungry	ಹಸಿವಾಗಲು
to become late	ತಡವಾಗಲು
to become loose; to slacken	ಸಡಿಲವಾಗಲು; ಸಡಿಲಗೊಳಿಸಲು
to become lost; to lose one's way	ಕಳೆದುಹೋಗಲು; ಒಬ್ಬರ ದಾರಿಯನ್ನು ಕಳೆದುಕೊಳ್ಳಲು
to become muddy; to get impure	ಕೆಸರು ಆಗಲು; ಅಶುದ್ಧತೆಯನ್ನು ಪಡೆಯಲು
to become sunny	ಬಿಸಿಲು ಆಗಲು
to become thin	ತೆಳ್ಳಗಾಗಲು
to become thirsty	ಬಾಯಾರಿಕೆಯಾಗಲು
to become used to seeing; to be familiar with	ನೋಡುವ ಅಭ್ಯಾಸ ಆಗಲು; ಪರಿಚಿತರಾಗಿರಬೇಕು
to begin	ಆರಂಭಿಸಲು
to begin with	ಆರಂಭಿಸಲು
to begin with; first of all	ಆರಂಭಿಸಲು; ಎಲ್ಲಾ ಮೊದಲ
to behave like a spoiled child; to fawn on	ಹಾಳಾದ ಮಗುವಿನಂತೆ ವರ್ತಿಸಲು; ಮೇಲೆ ಜಿಗಿಯಲು
to behave; to conduct oneself; to entertain (vt)	ವರ್ತಿಸಲು; ತನ್ನನ್ನು ತಾನೇ ನಡೆಸಿಕೊಳ್ಳಲು; ಮನರಂಜನೆಗಾಗಿ (ವಿಟಿ)
to believe; to believe in; to place trust in	ನಂಬಲು; ನಂಬಲು; ನಂಬಿಕೆ ಇಡಲು
to believe; to place trust in	ನಂಬಲು; ನಂಬಿಕೆ ಇಡಲು
to belong to; to come under; to be affiliated with; to be subject to	ಸೇರಲು; ಅಡಿಯಲ್ಲಿ ಬರಲು; ಸಂಯೋಜಿತವಾಗಿರಲು; ಒಳಪಟ್ಟಿರಬೇಕು
to bend	ಬಾಗಲು
to bend; to crook; to lean	ಬಾಗಲು; ವಕ್ರಕ್ಕೆ; ಒಲವು ಮಾಡಲು
to betray; to turn traitor to; to double-cross	ದ್ರೋಹ ಮಾಡಲು; ದೇಶದ್ರೋಹಿ ಮಾಡಲು; ಡಬಲ್-ಕ್ರಾಸ್ ಮಾಡಲು
to bite off; to gnaw through	ಕಚ್ಚಲು; ಮೂಲಕ ಕಡಿಯಲು
to bite the bullet	ಬುಲೆಟ್ ಕಚ್ಚಲು
to bite; to chew	ಕಚ್ಚಲು; ಅಗಿಯಲು
to bless; to show mercy to	ಆಶೀರ್ವದಿಸಲು; ಕರುಣೆ ತೋರಿಸಲು
to bloom	ಅರಳಲು
to blow	ಸ್ಫೋಟಿಸಲು
to boast of; to be proud of	ಹೆಗ್ಗಳಿಕೆಗೆ; ಹೆಮ್ಮೆ ಪಡಬೇಕು
to boil	ಕುದಿಯಲು
to boil water	ನೀರನ್ನು ಕುದಿಸಲು
to boil; to cook	ಕುದಿಸಲು; ಅಡುಗೆ ಮಾಡಲು
to boil; to cook; to be cooked	ಕುದಿಸಲು; ಅಡುಗೆ ಮಾಡಲು; ಬೇಯಿಸಬೇಕು
to boil; to grow hot; to get excited	ಕುದಿಸಲು; ಬಿಸಿಯಾಗಿ ಬೆಳೆಯಲು; ಉತ್ಸುಕರಾಗಲು
to boil; to grow hot; to get excited; to gush forth	ಕುದಿಸಲು; ಬಿಸಿಯಾಗಿ ಬೆಳೆಯಲು; ಉತ್ಸುಕರಾಗಲು; ಚಿಮ್ಮಲು
to boil; to heat	ಕುದಿಸಲು; ಬಿಸಿಮಾಡಲು
to borrow	ಸಾಲ ಮಾಡಲು
to borrow (humble)	ಎರವಲು (ವಿನಮ್ರ)
to branch off; to diverge from; to fork; to split; to dispense; to scatter; to divide into	ಕವಲೊಡೆಯಲು; ಬೇರೆಯಾಗಲು; ಫೋರ್ಕ್ ಮಾಡಲು; ವಿಭಜಿಸಲು; ವಿತರಿಸಲು; ಚದುರಿಸಲು; ಭಾಗಿಸಲು
to break	ಮುರಿಯಲು
to break (something)	ಮುರಿಯಲು (ಏನಾದರೂ)
to break / divide	ಮುರಿಯಲು / ವಿಭಜಿಸಲು
to break down	ಒಡೆಯಲು
to break or be folded	ಮುರಿಯಲು ಅಥವಾ ಮಡಚಲು
to break or to fold	ಮುರಿಯಲು ಅಥವಾ ಮಡಿಸಲು
to break the ice	ಮಂಜುಗಡ್ಡೆಯನ್ನು ಮುರಿಯಲು
to break up; to separate	ಮುರಿಯಲು; ಪ್ರತ್ಯೇಕಿಸಲು
to break-down	ಒಡೆಯಲು
to break; to be broken	ಮುರಿಯಲು; ಮುರಿಯಲು
to break; to smash	ಮುರಿಯಲು; ಸ್ಮ್ಯಾಶ್ ಮಾಡಲು
to bring (a person)	ತರಲು (ಒಬ್ಬ ವ್ಯಕ್ತಿ)
to bring (a thing)	ತರಲು (ಒಂದು ವಸ್ತು)
to bring near; to put close; to let come near; to associate with	ಹತ್ತಿರ ತರಲು; ಹತ್ತಿರ ಹಾಕಲು; ಹತ್ತಿರ ಬರಲು ಬಿಡಲು; ಜೊತೆಗೂಡಲು
to broadcast	ಪ್ರಸಾರ ಮಾಡಲು
to broaden; to propagate	ವಿಸ್ತರಿಸಲು; ಪ್ರಚಾರ ಮಾಡಲು
to brush (teeth); to polish	ಹಲ್ಲುಜ್ಜಲು (ಹಲ್ಲು); ಹೊಳಪು ಮಾಡಲು
to brush gently; to stroke	ನಿಧಾನವಾಗಿ ಬ್ರಷ್ ಮಾಡಲು; ಸ್ಟ್ರೋಕ್ ಗೆ
to brush teeth	ಹಲ್ಲುಜ್ಜಲು
to brush teeth; to polish	ಹಲ್ಲುಜ್ಜಲು; ಹೊಳಪು ಮಾಡಲು
to build	ನಿರ್ಮಿಸಲು
to bully	ಬೆದರಿಸಲು
to burn	ಸುಡಲು
to burn the midnight oil	ಮಧ್ಯರಾತ್ರಿಯ ಎಣ್ಣೆಯನ್ನು ಸುಡಲು
to burn; to be burned	ಸುಡಲು; ಸುಡಬೇಕು
to burn; to be roasted	ಸುಡಲು; ಹುರಿಯಲು
to burn; to kindle; to build a fire	ಸುಡಲು; ಕಿಂಡಲ್ ಮಾಡಲು; ಬೆಂಕಿಯನ್ನು ನಿರ್ಮಿಸಲು
to burn; to scorch; to singe; to char	ಸುಡಲು; ಸುಡಲು; ಹಾಡಲು; ಚಾರ್ ಮಾಡಲು
to bury; to fill up; to fill (a seat; a vacant position)	ಹೂಳಲು; ತುಂಬಲು; ತುಂಬಲು (ಒಂದು ಸ್ಥಾನ; ಖಾಲಿ ಸ್ಥಾನ)
to buy	ಖರೀದಿಸಲು
to buy insurance	ವಿಮೆ ಖರೀದಿಸಲು
to call	ಕರೆ ಮಾಡಲು
to call (one's name); to invite	ಕರೆ ಮಾಡಲು (ಒಬ್ಬರ ಹೆಸರು); ಆಹ್ವಾನಿಸಲು
to call (respect)	ಕರೆ ಮಾಡಲು (ಗೌರವ)
to call out to; to accost; to address (crowd); to appeal	ಕರೆ ಮಾಡಲು; ಅಕೋಸ್ಟ್ ಮಾಡಲು; ಸಂಬೋಧಿಸಲು (ಗುಂಪು); ಮನವಿ ಮಾಡಲು
to call out; to invite	ಕರೆ ಮಾಡಲು; ಆಹ್ವಾನಿಸಲು
to calm down	ಶಾಂತಗೊಳಿಸಲು
to calm down; to settle down	ಶಾಂತಗೊಳಿಸಲು; ನೆಲೆಗೊಳ್ಳಲು
to cancel	ರದ್ದುಗೊಳಿಸಲು
to care for / be kind to	ಕಾಳಜಿ ವಹಿಸಲು / ದಯೆಯಿಂದಿರಿ
to carry	ಸಾಗಿಸಲು
to carry from one place to another; transport	ಒಂದು ಸ್ಥಳದಿಂದ ಇನ್ನೊಂದಕ್ಕೆ ಸಾಗಿಸಲು; ಸಾರಿಗೆ
to carry off; to run away with; to kidnap; to abduct	ಸಾಗಿಸಲು; ಓಡಿಹೋಗಲು; ಅಪಹರಿಸಲು; ಅಪಹರಣ ಮಾಡಲು
to carry on (e.g. in ceremony); to run a business	ಮುಂದುವರಿಸಲು (ಉದಾ ಸಮಾರಂಭದಲ್ಲಿ); ವ್ಯಾಪಾರ ನಡೆಸಲು
to carry through; to achieve; to complete	ಮೂಲಕ ಸಾಗಿಸಲು; ಸಾಧಿಸಲು; ಪೂರ್ಣಗೊಳಿಸಲು
to carry; to hold	ಸಾಗಿಸಲು; ಹಿಡಿದಿಡಲು
to carve; to engrave; to sculpture; to chisel	ಕೆತ್ತಲು; ಕೆತ್ತನೆ ಮಾಡಲು; ಶಿಲ್ಪಕಲೆಗೆ; ಉಳಿ ಗೆ
to catch a cold	ಶೀತವನ್ನು ಹಿಡಿಯಲು
to catch fire; (electricity) comes on	ಬೆಂಕಿ ಹಿಡಿಯಲು; (ವಿದ್ಯುತ್) ಬರುತ್ತದೆ
to cause	ಉಂಟುಮಾಡಲು
to cause; to arise; to be generated	ಉಂಟುಮಾಡಲು; ಉದ್ಭವಿಸಲು; ಉತ್ಪಾದಿಸಲಾಗುವುದು
to cease; to abolish; to resign; to give up	ನಿಲ್ಲಿಸಲು; ರದ್ದುಗೊಳಿಸಲು; ರಾಜೀನಾಮೆ ನೀಡಲು; ಬಿಟ್ಟುಕೊಡಲು
to challenge; to call somebody to halt	ಸವಾಲು ಹಾಕಲು; ನಿಲ್ಲಿಸಲು ಯಾರನ್ನಾದರೂ ಕರೆಯಲು
to change	ಬದಲಾಯಿಸಲು
to change between buses or trains	ಬಸ್ಸುಗಳು ಅಥವಾ ರೈಲುಗಳ ನಡುವೆ ಬದಲಾಯಿಸಲು
to change clothes	ಬಟ್ಟೆ ಬದಲಾಯಿಸಲು
to change into; to convert into; to transform; to be reduced; to influence; to improve (someone)	ಬದಲಾಯಿಸಲು; ಪರಿವರ್ತಿಸಲು; ರೂಪಾಂತರಗೊಳ್ಳಲು; ಕಡಿಮೆ ಮಾಡಲು; ಪ್ರಭಾವ ಬೀರಲು; ಸುಧಾರಿಸಲು (ಯಾರಾದರೂ)
to change; to alter; to reform; to revise	ಬದಲಾಯಿಸಲು; ಬದಲಾಯಿಸಲು; ಸುಧಾರಣೆಗೆ; ಪರಿಷ್ಕರಿಸಲು
to change; to be of use; to reach to	ಬದಲಾಯಿಸಲು; ಉಪಯೋಗಕ್ಕೆ ಬರುವುದು; ತಲುಪಲು
to chase or run after someone; to run down; to pursue	ಯಾರನ್ನಾದರೂ ಬೆನ್ನಟ್ಟಲು ಅಥವಾ ಓಡಲು; ಕೆಳಗೆ ಓಡಲು; ಮುಂದುವರಿಸಲು
to chase; to run after	ಬೆನ್ನಟ್ಟಲು; ನಂತರ ಓಡಲು
to cherish	ಪಾಲಿಸಲು
to cherish / adore	ಪಾಲಿಸಲು / ಆರಾಧಿಸಲು
to chew; to bite (at); to gnaw; to nibble; to munch; to crunch; to have a smattering of	ಅಗಿಯಲು; ಕಚ್ಚಲು (ನಲ್ಲಿ); ಕಡಿಯಲು; ಮೆಲ್ಲಗೆ; ಮಂಚ್ ಮಾಡಲು; ಕ್ರಂಚ್ ಮಾಡಲು; ಒಂದು ಸಣ್ಣತನವನ್ನು ಹೊಂದಲು
to choose	ಆಯ್ಕೆ ಮಾಡಲು
to choose; to select	ಆಯ್ಕೆ ಮಾಡಲು; ಆಯ್ಕೆ ಮಾಡಲು
to clean	ಸ್ವಚ್ಛಗೊಳಿಸಲು
to clean; to sweep	ಸ್ವಚ್ಛಗೊಳಿಸಲು; ಗುಡಿಸಲು
to clear (e.g. weather); to become transparent	ತೆರವುಗೊಳಿಸಲು (ಉದಾಹರಣೆಗೆ ಹವಾಮಾನ); ಪಾರದರ್ಶಕವಾಗಲು
to clear up (weather)	ತೆರವುಗೊಳಿಸಲು (ಹವಾಮಾನ)
to climb	ಏರಲು
to close	ಮುಚ್ಚಲು
to close (e.g. book; eyes); to shut	ಮುಚ್ಚಲು (ಉದಾ. ಪುಸ್ತಕ; ಕಣ್ಣುಗಳು); ಮುಚ್ಚಲು
to close (intr., closes)	ಮುಚ್ಚಲು (ಇಂಟರ್., ಮುಚ್ಚುತ್ತದೆ)
to close (something)	ಮುಚ್ಚಲು (ಏನಾದರೂ)
to close (tr.)	ಮುಚ್ಚಲು (tr.)
to close something	ಏನನ್ನಾದರೂ ಮುಚ್ಚಲು
to close the door	ಬಾಗಿಲು ಮುಚ್ಚಲು
to close; to be closed	ಮುಚ್ಚಲು; ಮುಚ್ಚಬೇಕು
to collapse	ಕುಸಿಯಲು
to collapse; to crumble	ಕುಸಿಯಲು; ಕುಸಿಯಲು
to collect	ಸಂಗ್ರಹಿಸಲು
to collect something	ಏನನ್ನಾದರೂ ಸಂಗ್ರಹಿಸಲು
to collect; to gather; to add; to put aside	ಸಂಗ್ರಹಿಸಲು; ಸಂಗ್ರಹಿಸಲು; ಸೇರಿಸಲು; ಪಕ್ಕಕ್ಕೆ ಹಾಕಲು
to collect; to gather; to save	ಸಂಗ್ರಹಿಸಲು; ಸಂಗ್ರಹಿಸಲು; ಉಳಿಸಲು
to comb one's hair	ಒಬ್ಬರ ಕೂದಲನ್ನು ಬಾಚಲು
to combine; to join; to tie on; to attach with a knot	ಸಂಯೋಜಿಸಲು; ಸೇರಲು; ಮೇಲೆ ಕಟ್ಟಲು; ಗಂಟು ಜೊತೆ ಜೋಡಿಸಲು
to come	ಬರಲು
to come (respect)	ಬರಲು (ಗೌರವ)
to come from	ಬರಲು
to come in contact with; to connect; to attend; to receive	ಸಂಪರ್ಕಕ್ಕೆ ಬರಲು; ಸಂಪರ್ಕಿಸಲು; ಹಾಜರಾಗಲು; ಸ್ವೀಕರಿಸಲು
to come into existence; to be made	ಅಸ್ತಿತ್ವಕ್ಕೆ ಬರಲು; ಮಾಡಬೇಕು
to come off; to be taken off; to be removed	ಹೊರಬರಲು; ತೆಗೆಯಬೇಕು; ತೆಗೆಯಬೇಕು
to come out; to fall out; to be omitted	ಹೊರಗೆ ಬರಲು; ಹೊರಗೆ ಬೀಳಲು; ಬಿಟ್ಟುಬಿಡಬೇಕು
to come to a halt	ಒಂದು ನಿಲುಗಡೆಗೆ ಬರಲು
to come to pick up (someone)	ತೆಗೆದುಕೊಳ್ಳಲು ಬರಲು (ಯಾರಾದರೂ)
to come true (wish)	ನಿಜವಾಗಲು (ಬಯಕೆ)
to come untied; to come apart	ಬಿಚ್ಚಿಕೊಂಡು ಬರಲು; ಬೇರೆಯಾಗಲು
to come; to arrive	ಬರಲು; ಆಗಮಿಸಲು
to comfort	ಸಾಂತ್ವನ ಮಾಡಲು
to comfort; to console	ಸಾಂತ್ವನ ಮಾಡಲು; ಕನ್ಸೋಲ್ ಮಾಡಲು
to command; to appoint	ಆಜ್ಞೆ ಮಾಡಲು; ನೇಮಕ ಮಾಡಲು
to commute	ಪ್ರಯಾಣಿಸಲು
to compare	ಹೋಲಿಸಲು
to compare; to liken; to speak figuratively; to illustrate; to use a simile	ಹೋಲಿಸಲು; ಹೋಲಿಸಲು; ಸಾಂಕೇತಿಕವಾಗಿ ಮಾತನಾಡಲು; ವಿವರಿಸಲು; ಒಂದು ಹೋಲಿಕೆಯನ್ನು ಬಳಸಲು
to compensate for	ಸರಿದೂಗಿಸಲು
to complain	ದೂರು ನೀಡಲು
to concern oneself in; to have to do with; to affect; to influence; to stick to (opinions)	ತನ್ನ ಬಗ್ಗೆ ಕಾಳಜಿ ವಹಿಸಲು; ಮಾಡಬೇಕು; ಪರಿಣಾಮ ಬೀರಲು; ಪ್ರಭಾವ ಬೀರಲು; ಅಂಟಿಕೊಳ್ಳಲು (ಅಭಿಪ್ರಾಯಗಳು)
to concern; to be related	ಕಾಳಜಿಗೆ; ಸಂಬಂಧಿಸಿರಬೇಕು
to condemn; to blame; to criticize	ಖಂಡಿಸಲು; ದೂರುವುದು; ಟೀಕಿಸಲು
to congeal; to freeze	ಘನೀಕರಿಸಲು; ಫ್ರೀಜ್ ಮಾಡಲು
to congratulate; to celebrate	ಅಭಿನಂದಿಸಲು; ಆಚರಿಸಲು
to connect	ಸಂಪರ್ಕಿಸಲು
to consent	ಒಪ್ಪಿಗೆ
to consider	ಪರಿಗಣಿಸಲು
to consult	ಸಮಾಲೋಚಿಸಲು
to consult (humble)	ಸಮಾಲೋಚಿಸಲು (ವಿನಮ್ರ)
to contact	ಸಂಪರ್ಕಿಸಲು
to contact (humble)	ಸಂಪರ್ಕಿಸಲು (ವಿನಮ್ರ)
to contact (respect)	ಸಂಪರ್ಕಿಸಲು (ಗೌರವ)
to continue	ಮುಂದುವರಿಸಲು
to convey (message)	ತಿಳಿಸಲು (ಸಂದೇಶ)
to convey / tell	ತಿಳಿಸಲು / ಹೇಳಲು
to cook	ಅಡುಗೆ ಮಾಡಲು
to cool oneself; to cool off; to enjoy evening cool	ತನ್ನನ್ನು ತಾನೇ ತಂಪಾಗಿಸಲು; ತಣ್ಣಗಾಗಲು; ಸಂಜೆ ತಂಪಾಗಿ ಆನಂದಿಸಲು
to cool; to dampen; to let cool	ತಣ್ಣಗಾಗಲು; ತೇವಗೊಳಿಸಲು; ತಣ್ಣಗಾಗಲು
to cool; to refrigerate	ತಣ್ಣಗಾಗಲು; ಶೈತ್ಯೀಕರಣಕ್ಕೆ
to copy / photograph	ನಕಲಿಸಲು / ಛಾಯಾಚಿತ್ರ ಮಾಡಲು
to copy or photograph	ನಕಲಿಸಲು ಅಥವಾ ಛಾಯಾಚಿತ್ರ ಮಾಡಲು
to correct; to fix	ಸರಿಪಡಿಸಲು; ಸರಿಪಡಿಸಲು
to cost an arm and a leg	ಒಂದು ಕೈ ಮತ್ತು ಕಾಲು ವೆಚ್ಚ ಮಾಡಲು
to cough	ಕೆಮ್ಮು ಗೆ
to count	ಎಣಿಸಲು
to cover (with something)	ಮುಚ್ಚಲು (ಏನನ್ನಾದರೂ)
to cover; to hide; to conceal; to wrap; to disguise	ಕವರ್ ಮಾಡಲು; ಮರೆಮಾಡಲು; ಮರೆಮಾಚಲು; ಕಟ್ಟಲು; ಮರೆಮಾಚಲು
to creep; to crawl	ತೆವಳಲು; ಕ್ರಾಲ್ ಮಾಡಲು
to cross	ದಾಟಲು
to cross (e.g. arms); to traverse	ದಾಟಲು (ಉದಾ. ತೋಳುಗಳು); ಸಂಚರಿಸಲು
to cross; to intersect; to associate with; to mingle with; to interest; to join	ದಾಟಲು; ಛೇದಿಸಲು; ಜೊತೆಗೂಡಲು; ಬೆರೆಯಲು; ಆಸಕ್ತಿಗೆ; ಸೇರಲು
to cross; to pass; to tide over	ದಾಟಲು; ರವಾನಿಸಲು; ಉಬ್ಬರವಿಳಿತಕ್ಕೆ
to cry	ಅಳಲು
to cure; to heal; to fix; to correct; to repair	ಗುಣಪಡಿಸಲು; ಸರಿಪಡಿಸಲು; ಸರಿಪಡಿಸಲು; ಸರಿಪಡಿಸಲು; ದುರಸ್ತಿ ಮಾಡಲು
to curse; to feel bitter	ಶಪಿಸಲು; ಕಹಿ ಅನುಭವಿಸಲು
to cut	ಕತ್ತರಿಸಲು
to cut (hair); to mow (grass); to harvest	ಕತ್ತರಿಸಲು (ಕೂದಲು); ಕೊಯ್ಯಲು (ಹುಲ್ಲು); ಕೊಯ್ಲು ಮಾಡಲು
to cut classes	ತರಗತಿಗಳನ್ನು ಕಡಿತಗೊಳಿಸಲು
to cut down little by little; to take a percentage	ಸ್ವಲ್ಪ ಸ್ವಲ್ಪ ಕಡಿಮೆ ಮಾಡಲು; ಶೇಕಡಾವಾರು ತೆಗೆದುಕೊಳ್ಳಲು
to cut in; to thrust oneself into; to wedge oneself in; to muscle in on; to interrupt; to disturb	ಕತ್ತರಿಸಲು; ತನ್ನನ್ನು ತಾನೇ ತಳ್ಳಲು; ತನ್ನನ್ನು ತಾನೇ ಬೆಣೆಯಿಡಲು; ಸ್ನಾಯುಗಳಿಗೆ; ಅಡ್ಡಿಪಡಿಸಲು; ತೊಂದರೆ ಮಾಡಲು
to dance	ನೃತ್ಯ ಮಾಡಲು
to dawn; to become daylight	ಬೆಳಗಾಗಲು; ಹಗಲು ಆಗಲು
to deceive	ಮೋಸಗೊಳಿಸಲು
to deceive; to falsify; to misrepresent	ಮೋಸಗೊಳಿಸಲು; ಸುಳ್ಳು ಮಾಡಲು; ತಪ್ಪಾಗಿ ನಿರೂಪಿಸಲು
to decide	ನಿರ್ಧರಿಸಲು
to decide (respect)	ನಿರ್ಧರಿಸಲು (ಗೌರವ)
to decide on (an item)	ನಿರ್ಧರಿಸಲು (ಒಂದು ಐಟಂ)
to decorate	ಅಲಂಕರಿಸಲು
to decrease (in size or number); to diminish; to abate	ಕಡಿಮೆ ಮಾಡಲು (ಗಾತ್ರ ಅಥವಾ ಸಂಖ್ಯೆಯಲ್ಲಿ); ಕಡಿಮೆ ಮಾಡಲು; ತಗ್ಗಿಸಲು
to deepen; to heighten; to intensify	ಆಳವಾಗಲು; ಎತ್ತರಿಸಲು; ತೀವ್ರಗೊಳಿಸಲು
to defend (against); to protect; to prevent	ರಕ್ಷಿಸಲು (ವಿರುದ್ಧ); ರಕ್ಷಿಸಲು; ತಡೆಗಟ್ಟಲು
to defy	ವಿರೋಧಿಸಲು
to deify; to enshrine	ದೈವೀಕರಿಸಲು; ಪ್ರತಿಷ್ಠಾಪಿಸಲು
to deliver (humble)	ತಲುಪಿಸಲು (ವಿನಮ್ರ)
to deliver (respect)	ತಲುಪಿಸಲು (ಗೌರವ)
to denote; to show; to point out; to indicate	ಸೂಚಿಸಲು; ತೋರಿಸಲು; ಸೂಚಿಸಲು; ಸೂಚಿಸಲು
to deny; to negate; to contradict	ನಿರಾಕರಿಸಲು; ನಿರಾಕರಿಸಲು; ವಿರೋಧಿಸಲು
to depart	ಹೊರಡಲು
to depart (on a plane; train; etc.)	ನಿರ್ಗಮಿಸಲು (ವಿಮಾನದಲ್ಲಿ; ರೈಲು; ಇತ್ಯಾದಿ)
to depart; to set out; to start; to be going out	ನಿರ್ಗಮಿಸಲು; ಹೊರಡಲು; ಪ್ರಾರಂಭಿಸಲು; ಹೊರಗೆ ಹೋಗುವುದು
to deposit; to pay in	ಠೇವಣಿ ಮಾಡಲು; ಪಾವತಿಸಲು
to deprecate oneself and praise the listener	ತನ್ನನ್ನು ತಾನೇ ನಿರಾಕರಿಸಲು ಮತ್ತು ಕೇಳುಗನನ್ನು ಹೊಗಳಲು
to desire; to wish for; to see; to command (a view of)	ಆಸೆಗೆ; ಬಯಸುವುದು; ನೋಡಲು; ಆಜ್ಞೆ ಮಾಡಲು (ಒಂದು ನೋಟ)
to desire; to wish; to request	ಆಸೆಗೆ; ಬಯಸುವುದು; ವಿನಂತಿಸಲು
to destroy; to pull down; to make change (money)	ನಾಶಮಾಡಲು; ಕೆಳಗೆ ಎಳೆಯಲು; ಬದಲಾವಣೆ ಮಾಡಲು (ಹಣ)
to detain; to check; to restrain	ಬಂಧಿಸಲು; ಪರಿಶೀಲಿಸಲು; ನಿಗ್ರಹಿಸಲು
to die	ಸಾಯಲು
to differ	ಭಿನ್ನವಾಗಿರಲು
to differ; to vary; to disagree	ಭಿನ್ನವಾಗಿರಲು; ಬದಲಾಗಲು; ಒಪ್ಪದಿರಲು
to dig	ಅಗೆಯಲು
to dig; to excavate	ಅಗೆಯಲು; ಉತ್ಖನನ ಮಾಡಲು
to dilute; to water down	ದುರ್ಬಲಗೊಳಿಸಲು; ನೀರು ಹಾಕಲು
to dip in; to soak	ಮುಳುಗಲು; ನೆನೆಯಲು
to dirty	ಕೊಳಕು ಗೆ
to disappear	ಕಣ್ಮರೆಯಾಗಲು
to disappear; to get lost	ಕಣ್ಮರೆಯಾಗಲು; ಕಳೆದುಹೋಗಲು
to discover	ಕಂಡುಹಿಡಿಯಲು
to discuss	ಚರ್ಚಿಸಲು
to discuss; to talk together	ಚರ್ಚಿಸಲು; ಒಟ್ಟಿಗೆ ಮಾತನಾಡಲು
to disgrace; to dishonour	ಅವಮಾನಕ್ಕೆ; ಅವಮಾನ ಮಾಡಲು
to dispute; to argue; to be at variance; to compete	ವಿವಾದಕ್ಕೆ; ವಾದಿಸಲು; ಭಿನ್ನಾಭಿಪ್ರಾಯದಲ್ಲಿರಲು; ಸ್ಪರ್ಧಿಸಲು
to dissolve (paint)	ಕರಗಿಸಲು (ಬಣ್ಣ)
to distribute; to deliver	ವಿತರಿಸಲು; ತಲುಪಿಸಲು
to disturb; to prevent	ತೊಂದರೆಗೆ; ತಡೆಗಟ್ಟಲು
to divide; to cut; to break; to halve	ವಿಭಜಿಸಲು; ಕತ್ತರಿಸಲು; ಮುರಿಯಲು; ಅರ್ಧಕ್ಕೆ
to divide; to separate	ವಿಭಜಿಸಲು; ಪ್ರತ್ಯೇಕಿಸಲು
to do	ಮಾಡಲು
to do (humble)	ಮಾಡಲು (ವಿನಮ್ರ)
to do (respect)	ಮಾಡಲು (ಗೌರವ)
to do laundry	ಲಾಂಡ್ರಿ ಮಾಡಲು
to do one's best	ಒಬ್ಬರ ಕೈಲಾದದ್ದನ್ನು ಮಾಡಲು
to do one's best; to try hard	ಒಬ್ಬರ ಕೈಲಾದದ್ದನ್ನು ಮಾಡಲು; ಕಷ್ಟಪಟ್ಟು ಪ್ರಯತ್ನಿಸಲು
to do physical exercises	ದೈಹಿಕ ವ್ಯಾಯಾಮ ಮಾಡಲು
to do the laundry	ಲಾಂಡ್ರಿ ಮಾಡಲು
to do; to have sexual intercourse; to kill; to give (to inferiors  animals  etc.); to dispatch (a letter	ಮಾಡಲು; ಲೈಂಗಿಕ ಸಂಭೋಗ ಹೊಂದಲು; ಕೊಲ್ಲಲು; ನೀಡಲು (ಕೀಳು ಪ್ರಾಣಿಗಳಿಗೆ ಇತ್ಯಾದಿ); ಕಳುಹಿಸಲು (ಒಂದು ಪತ್ರ
to do; to perform	ಮಾಡಲು; ನಿರ್ವಹಿಸಲು
to dote on	ಡಾಟ್ ಮಾಡಲು
to doubt; to distrust; to be suspicious of; to suspect	ಅನುಮಾನಿಸಲು; ಅಪನಂಬಿಕೆಗೆ; ಅನುಮಾನಾಸ್ಪದವಾಗಿರಲು; ಅನುಮಾನಿಸಲು
to drain; to float; to shed (blood; tears); to cruise (e.g. taxi)	ಬರಿದಾಗಲು; ತೇಲಲು; ಚೆಲ್ಲಲು (ರಕ್ತ; ಕಣ್ಣೀರು); ವಿಹಾರಕ್ಕೆ (ಉದಾ. ಟ್ಯಾಕ್ಸಿ)
to draw	ಸೆಳೆಯಲು
to draw back; to sink; to cave in	ಹಿಂದಕ್ಕೆ ಸೆಳೆಯಲು; ಮುಳುಗಲು; ಒಳಹೋಗಲು
to draw near; to press	ಹತ್ತಿರ ಸೆಳೆಯಲು; ಒತ್ತಲು
to draw the line	ರೇಖೆಯನ್ನು ಸೆಳೆಯಲು
to draw; to paint	ಸೆಳೆಯಲು; ಚಿತ್ರಿಸಲು
to draw; to paint; to sketch; to depict; to describe	ಸೆಳೆಯಲು; ಚಿತ್ರಿಸಲು; ಸ್ಕೆಚ್ ಮಾಡಲು; ಚಿತ್ರಿಸಲು; ವಿವರಿಸಲು
to drink	ಕುಡಿಯಲು
to drink (respect)	ಕುಡಿಯಲು (ಗೌರವ)
to drink coffee	ಕಾಫಿ ಕುಡಿಯಲು
to drive	ಓಡಿಸಲು
to drop	ಬಿಡಲು
to drop (something)	ಬಿಡಲು (ಏನಾದರೂ)
to dry	ಒಣಗಲು
to dry (clothes; etc.); to desiccate	ಒಣಗಲು (ಬಟ್ಟೆ; ಇತ್ಯಾದಿ); ಡೆಸಿಕೇಟ್ ಮಾಡಲು
to each their own	ಪ್ರತಿಯೊಬ್ಬರಿಗೂ ತಮ್ಮದೇ ಆದ
to earn / profit	ಗಳಿಸಲು / ಲಾಭ
to earn income; to labor	ಆದಾಯ ಗಳಿಸಲು; ದುಡಿಮೆಗೆ
to eat	ತಿನ್ನಲು
to eat/drink (respect)	ತಿನ್ನಲು/ಕುಡಿಯಲು (ಗೌರವ)
to employ; to hire	ನೇಮಿಸಿಕೊಳ್ಳಲು; ಬಾಡಿಗೆಗೆ
to encourage	ಪ್ರೋತ್ಸಾಹಿಸಲು
to end	ಕೊನೆಗೊಳ್ಳಲು
to end; to be finished; to be exhausted; to die; to perish	ಕೊನೆಗೊಳ್ಳಲು; ಮುಗಿಸಬೇಕು; ದಣಿದಿರಬೇಕು; ಸಾಯಲು; ನಾಶವಾಗಲು
to enjoy	ಆನಂದಿಸಲು
to enjoy oneself	ತನ್ನನ್ನು ಆನಂದಿಸಲು
to enter	ಪ್ರವೇಶಿಸಲು
to enter school or university	ಶಾಲೆ ಅಥವಾ ವಿಶ್ವವಿದ್ಯಾಲಯವನ್ನು ಪ್ರವೇಶಿಸಲು
to enter; to contain	ಪ್ರವೇಶಿಸಲು; ಹೊಂದಲು
to entrust to another; to leave to	ಇನ್ನೊಬ್ಬರಿಗೆ ಒಪ್ಪಿಸಲು; ಗೆ ಬಿಡಲು
to envy	ಅಸೂಯೆಪಡಲು
to erase; to turn off power	ಅಳಿಸಲು; ವಿದ್ಯುತ್ ಆಫ್ ಮಾಡಲು
to erect; to be erected; to be built	ನೆಟ್ಟಗೆ; ನಿರ್ಮಿಸಲು; ನಿರ್ಮಿಸಲಾಗುವುದು
to escape	ತಪ್ಪಿಸಿಕೊಳ್ಳಲು
to examine (medical)	ಪರೀಕ್ಷಿಸಲು (ವೈದ್ಯಕೀಯ)
to exceed	ಮೀರಲು
to exceed; to cross over; to cross	ಮೀರಲು; ದಾಟಲು; ದಾಟಲು
to exchange	ವಿನಿಮಯ ಮಾಡಲು
to exchange (messages); to dodge; to parry; to avoid; to turn aside	ವಿನಿಮಯ ಮಾಡಲು (ಸಂದೇಶಗಳು); ತಪ್ಪಿಸಿಕೊಳ್ಳಲು; ಪ್ಯಾರಿ ಮಾಡಲು; ತಪ್ಪಿಸಲು; ಪಕ್ಕಕ್ಕೆ ತಿರುಗಲು
to exchange glances; to postpone; to suspend operations; to refrain from performing an action	ನೋಟಗಳನ್ನು ವಿನಿಮಯ ಮಾಡಿಕೊಳ್ಳಲು; ಮುಂದೂಡಲು; ಕಾರ್ಯಾಚರಣೆಗಳನ್ನು ಸ್ಥಗಿತಗೊಳಿಸಲು; ಕ್ರಿಯೆಯನ್ನು ಮಾಡುವುದನ್ನು ತಡೆಯಲು
to exchange; to interchange; to substitute; to replace	ವಿನಿಮಯ ಮಾಡಲು; ಪರಸ್ಪರ ಬದಲಾಯಿಸಲು; ಬದಲಿಯಾಗಿ; ಬದಲಿಸಲು
to exercise	ವ್ಯಾಯಾಮ ಮಾಡಲು
to exert; to cause; to exercise	ಪ್ರಯೋಗಿಸಲು; ಉಂಟುಮಾಡಲು; ವ್ಯಾಯಾಮ ಮಾಡಲು
to expand; to swell (out); to get big; to become inflated	ವಿಸ್ತರಿಸಲು; ಊದಿಕೊಳ್ಳಲು (ಔಟ್); ದೊಡ್ಡದಾಗಲು; ಉಬ್ಬಿಕೊಳ್ಳುವುದು
to experience	ಅನುಭವಿಸಲು
to explain	ವಿವರಿಸಲು
to explain (humble)	ವಿವರಿಸಲು (ವಿನಮ್ರ)
to explain (respect)	ವಿವರಿಸಲು (ಗೌರವ)
to export	ರಫ್ತು ಮಾಡಲು
to express thanks (humble)	ಧನ್ಯವಾದಗಳನ್ನು ವ್ಯಕ್ತಪಡಿಸಲು (ವಿನಮ್ರ)
to express; to show; to reveal	ವ್ಯಕ್ತಪಡಿಸಲು; ತೋರಿಸಲು; ಬಹಿರಂಗಪಡಿಸಲು
to extend over or into; to straddle	ಮೇಲೆ ಅಥವಾ ಒಳಗೆ ವಿಸ್ತರಿಸಲು; ಅಡ್ಡಾಡಲು
to extract; to omit; to surpass; to draw out; to unplug	ಹೊರತೆಗೆಯಲು; ಬಿಟ್ಟುಬಿಡಲು; ಮೀರಿಸಲು; ಔಟ್ ಸೆಳೆಯಲು; ಅನ್ಪ್ಲಗ್ ಮಾಡಲು
to face	ಎದುರಿಸಲು
to face; to confront; to oppose	ಎದುರಿಸಲು; ಎದುರಿಸಲು; ವಿರೋಧಿಸಲು
to fail; to be unsuccessful	ವಿಫಲಗೊಳ್ಳಲು; ವಿಫಲವಾಗಲು
to fall	ಬೀಳಲು
to fall (rain / snow)	ಬೀಳಲು (ಮಳೆ / ಹಿಮ)
to fall behind; to be inferior to	ಹಿಂದೆ ಬೀಳಲು; ಕೀಳು ಎಂದು
to fall down	ಕೆಳಗೆ ಬೀಳಲು
to fall down; to fall over	ಕೆಳಗೆ ಬೀಳಲು; ಮೇಲೆ ಬೀಳಲು
to fall or drop	ಬೀಳಲು ಅಥವಾ ಬೀಳಲು
to fall; e.g. rain or snow	ಬೀಳಲು; ಉದಾ. ಮಳೆ ಅಥವಾ ಹಿಮ
to fall; to scatter (e.g. blossoms)	ಬೀಳಲು; ಚದುರಿಸಲು (ಉದಾ. ಹೂವುಗಳು)
to fan; to flap	ಅಭಿಮಾನಿಗಳಿಗೆ; ಫ್ಲಾಪ್ ಮಾಡಲು
to fasten; to turn off; to detain	ಜೋಡಿಸಲು; ಆಫ್ ಮಾಡಲು; ಬಂಧಿಸಲು
to fear; to be afraid of	ಭಯಪಡಲು; ಭಯಪಡಬೇಕು
to fear; to have misgivings; to be doubtful; to mistrust	ಭಯಪಡಲು; ಅನುಮಾನಗಳನ್ನು ಹೊಂದಲು; ಅನುಮಾನಾಸ್ಪದವಾಗಿರಲು; ಅಪನಂಬಿಕೆಗೆ
to feed (animals)	ಆಹಾರಕ್ಕಾಗಿ (ಪ್ರಾಣಿಗಳು)
to feel relieved	ಪರಿಹಾರವನ್ನು ಅನುಭವಿಸಲು
to feel sick	ಅನಾರೋಗ್ಯ ಅನುಭವಿಸಲು
to feel; to sense	ಅನುಭವಿಸಲು; ಗ್ರಹಿಸಲು
to feel; to sense; to experience	ಅನುಭವಿಸಲು; ಗ್ರಹಿಸಲು; ಅನುಭವಿಸಲು
to fight; to battle; to combat	ಹೋರಾಡಲು; ಯುದ್ಧಕ್ಕೆ; ಹೋರಾಡಲು
to find	ಹುಡುಕಲು
to finish	ಮುಗಿಸಲು
to fish	ಮೀನು ಹಿಡಿಯಲು
to fit; to suit	ಹೊಂದಿಕೊಳ್ಳಲು; ಸರಿಹೊಂದುವಂತೆ
to fix / repair	ಸರಿಪಡಿಸಲು / ಸರಿಪಡಿಸಲು
to fix; to repair	ಸರಿಪಡಿಸಲು; ದುರಸ್ತಿ ಮಾಡಲು
to flee	ಪಲಾಯನ ಮಾಡಲು
to float	ತೇಲಲು
to float; to become merry; to become loose	ತೇಲಲು; ಮೆರ್ರಿ ಆಗಲು; ಸಡಿಲ ಆಗಲು
to float; to express; to look (sad; glad)	ತೇಲಲು; ವ್ಯಕ್ತಪಡಿಸಲು; ನೋಡಲು (ದುಃಖ; ಸಂತೋಷ)
to float; to rise to surface; to come to mind	ತೇಲಲು; ಮೇಲ್ಮೈಗೆ ಏರಲು; ಮನಸ್ಸಿಗೆ ಬರಲು
to flood; to overflow; to brim over	ಪ್ರವಾಹಕ್ಕೆ; ಉಕ್ಕಿ ಹರಿಯಲು; ತುಂಬಲು
to flourish; to thrive; to be popular; to come into fashion	ಅರಳಲು; ಅಭಿವೃದ್ಧಿ ಹೊಂದಲು; ಜನಪ್ರಿಯವಾಗಲು; ಫ್ಯಾಷನ್‌ಗೆ ಬರಲು
to flow	ಹರಿಯಲು
to flutter with excitement	ಉತ್ಸಾಹದಿಂದ ಬೀಸುವುದು
to fly	ಹಾರಲು
to fly in the sky	ಆಕಾಶದಲ್ಲಿ ಹಾರಲು
to fly; to hop	ಹಾರಲು; ಹಾಪ್ ಮಾಡಲು
to fold	ಮಡಚಲು
to fold (clothes)	ಮಡಚಲು (ಬಟ್ಟೆ)
to fold / snap	ಮಡಿಸಲು / ಸ್ನ್ಯಾಪ್ ಮಾಡಲು
to forbid; to suppress	ನಿಷೇಧಿಸಲು; ನಿಗ್ರಹಿಸಲು
to force	ಒತ್ತಾಯಿಸಲು
to force; to compel; to coerce	ಒತ್ತಾಯಿಸಲು; ಒತ್ತಾಯಿಸಲು; ಒತ್ತಾಯಿಸಲು
to forecast; to predict	ಮುನ್ಸೂಚನೆ ನೀಡಲು; ಊಹಿಸಲು
to forget	ಮರೆಯಲು
to forget; to leave behind	ಮರೆಯಲು; ಹಿಂದೆ ಬಿಡಲು
to forgive / permit	ಕ್ಷಮಿಸಲು / ಅನುಮತಿಸಲು
to freeze; to be chilled; to be frozen	ಫ್ರೀಜ್ ಮಾಡಲು; ತಣ್ಣಗಾಗಲು; ಫ್ರೀಜ್ ಮಾಡಲು
to freeze; to be frozen over; to congeal	ಫ್ರೀಜ್ ಮಾಡಲು; ಹೆಪ್ಪುಗಟ್ಟಿರಲು; ಘನೀಕರಿಸಲು
to freeze; to congeal	ಫ್ರೀಜ್ ಮಾಡಲು; ಘನೀಕರಿಸಲು
to furnish; to provide for; to equip; to install	ಸಜ್ಜುಗೊಳಿಸಲು; ಒದಗಿಸಲು; ಸಜ್ಜುಗೊಳಿಸಲು; ಅನುಸ್ಥಾಪಿಸಲು
to gain weight	ತೂಕವನ್ನು ಪಡೆಯಲು
to gather	ಸಂಗ್ರಹಿಸಲು
to get (from somebody)	ಪಡೆಯಲು (ಯಾರೊಬ್ಬರಿಂದ)
to get a divorce	ವಿಚ್ಛೇದನ ಪಡೆಯಲು
to get a full-time job (at...)	ಪೂರ್ಣ ಸಮಯದ ಕೆಲಸವನ್ನು ಪಡೆಯಲು (ನಲ್ಲಿ...)
to get angry	ಕೋಪಗೊಳ್ಳಲು
to get angry; to be angry	ಕೋಪಗೊಳ್ಳಲು; ಕೋಪಗೊಳ್ಳಲು
to get aquainted with	ಪರಿಚಯ ಮಾಡಿಕೊಳ್ಳಲು
to get between; to be caught in	ನಡುವೆ ಪಡೆಯಲು; ಹಿಡಿಯಲು
to get bored	ಬೇಸರಗೊಳ್ಳಲು
to get crowded	ಜನಸಂದಣಿಯನ್ನು ಪಡೆಯಲು
to get dark; to come to an end	ಕತ್ತಲೆಯಾಗಲು; ಅಂತ್ಯಕ್ಕೆ ಬರಲು
to get depressed	ಖಿನ್ನತೆಗೆ ಒಳಗಾಗಲು
to get dirty	ಕೊಳಕು ಪಡೆಯಲು
to get dirty; to become dirty	ಕೊಳಕು ಪಡೆಯಲು; ಕೊಳಕು ಆಗಲು
to get down; to descend	ಇಳಿಯಲು; ಇಳಿಯಲು
to get drunk; to become intoxicated	ಕುಡಿಯಲು; ಅಮಲು ಆಗಲು
to get dry	ಒಣಗಲು
to get late; to advance; to wear on	ತಡವಾಗಿ ಪಡೆಯಲು; ಮುನ್ನಡೆಸಲು; ಧರಿಸಲು
to get lost	ಕಳೆದುಹೋಗಲು
to get married	ಮದುವೆಯಾಗಲು
to get nervous	ನರಗಳಾಗಲು
to get off	ಇಳಿಯಲು
to get off; to descend	ಇಳಿಯಲು; ಇಳಿಯಲು
to get on; to ride	ಮೇಲೆ ಬರಲು; ಸವಾರಿ ಮಾಡಲು
to get strong; to gain strength	ಬಲಶಾಲಿಯಾಗಲು; ಶಕ್ತಿಯನ್ನು ಪಡೆಯಲು
to get tired	ಸುಸ್ತಾಗಲು
to get tired of; to lose interest in; to have enough	ಆಯಾಸಗೊಳ್ಳಲು; ಆಸಕ್ತಿ ಕಳೆದುಕೊಳ್ಳಲು; ಸಾಕಷ್ಟು ಹೊಂದಲು
to get to know	ತಿಳಿದುಕೊಳ್ಳಲು
to get torn; to wear out	ಹರಿದ ಪಡೆಯಲು; ಸವೆಯಲು
to get up	ಎದ್ದೇಳಲು
to get used to...	ಒಗ್ಗಿಕೊಳ್ಳಲು...
to get wet	ಒದ್ದೆಯಾಗಲು
to get; to earn; to gain; to have (bear; beget) a child	ಪಡೆಯಲು; ಗಳಿಸಲು; ಗಳಿಸಲು; ಮಗುವನ್ನು ಹೊಂದಲು (ಕರಡಿ; ಹುಟ್ಟು).
to get; to gain; to win	ಪಡೆಯಲು; ಗಳಿಸಲು; ಗೆಲ್ಲಲು
to give	ನೀಡಲು
to give (humble)	ನೀಡಲು (ವಿನಮ್ರ)
to give (me)	ನೀಡಲು (ನನಗೆ)
to give (to me, respect)	ನೀಡಲು (ನನಗೆ, ಗೌರವ)
to give (to others)	ನೀಡಲು (ಇತರರಿಗೆ)
to give (to pets, plants, younger siblings, etc.)	ನೀಡಲು (ಸಾಕುಪ್ರಾಣಿಗಳು, ಸಸ್ಯಗಳು, ಕಿರಿಯ ಒಡಹುಟ್ಟಿದವರು, ಇತ್ಯಾದಿ)
to give a discount	ರಿಯಾಯಿತಿ ನೀಡಲು
to give birth	ಜನ್ಮ ನೀಡಲು
to give into custody; to entrust; to deposit	ಬಂಧನಕ್ಕೆ ನೀಡಲು; ಒಪ್ಪಿಸಲು; ಠೇವಣಿ ಮಾಡಲು
to give shelter to; to lodge	ಆಶ್ರಯ ನೀಡಲು; ಲಾಡ್ಜ್ ಮಾಡಲು
to give up	ಬಿಟ್ಟುಕೊಡಲು
to give up; to abandon	ಬಿಟ್ಟುಕೊಡಲು; ತ್ಯಜಿಸಲು
to give; to let one have; to do for one; to be given	ನೀಡಲು; ಒಂದು ಹೊಂದಲು ಅವಕಾಶ; ಒಬ್ಬರಿಗಾಗಿ ಮಾಡಲು; ನೀಡಲಾಗುವುದು
to give; to present; to award	ನೀಡಲು; ಪ್ರಸ್ತುತಪಡಿಸಲು; ಪ್ರಶಸ್ತಿ ನೀಡಲು
to glare at; to scowl at; to keep an eye on	ಪ್ರಜ್ವಲಿಸಲು; ಕೆಣಕಲು; ಮೇಲೆ ಕಣ್ಣಿಡಲು
to go	ಹೋಗಲು
to go (humble)	ಹೋಗಲು (ವಿನಮ್ರ)
to go across	ಅಡ್ಡಲಾಗಿ ಹೋಗಲು
to go against; to oppose; to disobey; to defy	ವಿರುದ್ಧ ಹೋಗಲು; ವಿರೋಧಿಸಲು; ಅವಿಧೇಯರಾಗಲು; ವಿರೋಧಿಸಲು
to go around	ಸುತ್ತಲೂ ಹೋಗಲು
to go back	ಹಿಂತಿರುಗಲು
to go back; to go upstream; to make retroactive	ಹಿಂತಿರುಗಲು; ಅಪ್ಸ್ಟ್ರೀಮ್ ಹೋಗಲು; ಹಿಮ್ಮೆಟ್ಟಿಸಲು
to go back; to return	ಹಿಂತಿರುಗಲು; ಹಿಂತಿರುಗಲು
to go far off	ದೂರ ಹೋಗಲು
to go forward	ಮುಂದೆ ಹೋಗಲು
to go mad; to get out of order	ಹುಚ್ಚು ಹಿಡಿಯಲು; ಕ್ರಮದಿಂದ ಹೊರಬರಲು
to go on a diet	ಆಹಾರಕ್ರಮದಲ್ಲಿ ಹೋಗಲು
to go out	ಹೊರಗೆ ಹೋಗಲು
to go out (fire)	ಹೊರಗೆ ಹೋಗಲು (ಬೆಂಕಿ)
to go out / disappear	ಹೊರಗೆ ಹೋಗಲು / ಕಣ್ಮರೆಯಾಗಲು
to go out to meet	ಭೇಟಿಯಾಗಲು ಹೊರಗೆ ಹೋಗಲು
to go over (e.g. with audience)	ಮೇಲೆ ಹೋಗಲು (ಉದಾ. ಪ್ರೇಕ್ಷಕರೊಂದಿಗೆ)
to go shopping	ಶಾಪಿಂಗ್ ಹೋಗಲು
to go through	ಮೂಲಕ ಹೋಗಲು
to go to bed; to sleep	ಮಲಗಲು; ಮಲಗಲು
to go to pick up (someone)	ತೆಗೆದುಕೊಳ್ಳಲು ಹೋಗಲು (ಯಾರಾದರೂ)
to go to school	ಶಾಲೆಗೆ ಹೋಗಲು
to go to work	ಕೆಲಸಕ್ಕೆ ಹೋಗಲು
to go/come (humble)	ಹೋಗಲು/ಬರಲು (ವಿನಮ್ರ)
to go/come/be (respect)	ಹೋಗಲು/ಬರಲು/ಇರಲು (ಗೌರವ)
to grab	ಹಿಡಿಯಲು
to graduate (from ...)	ಪದವಿ ಪಡೆಯಲು (ಇಂದ...)
to grant (request  wish)	ಮಂಜೂರು ಮಾಡಲು (ವಿನಂತಿಯ ಬಯಕೆ)
to grasp; to seize; to mould sushi	ಗ್ರಹಿಸಲು; ವಶಪಡಿಸಿಕೊಳ್ಳಲು; ಸುಶಿಯನ್ನು ಅಚ್ಚು ಮಾಡಲು
to grill / bake	ಗ್ರಿಲ್ / ತಯಾರಿಸಲು
to grip	ಹಿಡಿತಕ್ಕೆ
to grow accustomed to	ಒಗ್ಗಿಕೊಂಡಿರಲಿಲ್ಲವಾದ್ದರಿಂದ ಬೆಳೆಯಲು
to grow cold	ಶೀತ ಬೆಳೆಯಲು
to grow hazy; to be misty	ಮಬ್ಬು ಬೆಳೆಯಲು; ಮಬ್ಬಾಗಿರಲು
to grow thick; to luxuriate; to be luxurious	ದಪ್ಪವಾಗಿ ಬೆಳೆಯಲು; ಐಷಾರಾಮಿ ಮಾಡಲು; ಐಷಾರಾಮಿ ಎಂದು
to guide	ಮಾರ್ಗದರ್ಶನ ಮಾಡಲು
to guide (humble)	ಮಾರ್ಗದರ್ಶನ ಮಾಡಲು (ವಿನಮ್ರ)
to guide (respect)	ಮಾರ್ಗದರ್ಶನ ಮಾಡಲು (ಗೌರವ)
to gulp down; to swallow deeply; to understand; to take in; to catch on to; to learn; to digest	ಗಲ್ಪ್ ಕೆಳಗೆ; ಆಳವಾಗಿ ನುಂಗಲು; ಅರ್ಥಮಾಡಿಕೊಳ್ಳಲು; ಒಳಗೆ ತೆಗೆದುಕೊಳ್ಳಲು; ಹಿಡಿಯಲು; ಕಲಿಯಲು; ಜೀರ್ಣಿಸಿಕೊಳ್ಳಲು
to hand over	ಹಸ್ತಾಂತರಿಸಲು
to hand over (humble)	ಹಸ್ತಾಂತರಿಸಲು (ವಿನಮ್ರ)
to handle; to deal with; to treat	ನಿರ್ವಹಿಸಲು; ಎದುರಿಸಲು; ಚಿಕಿತ್ಸೆ ನೀಡಲು
to hang	ಸ್ಥಗಿತಗೊಳ್ಳಲು
to hang down; to abate; to retire; to fall; to step back	ಕೆಳಗೆ ಸ್ಥಗಿತಗೊಳ್ಳಲು; ತಗ್ಗಿಸಲು; ನಿವೃತ್ತಿಯಾಗಲು; ಬೀಳಲು; ಹಿಂದೆ ಸರಿಯಲು
to hang laundry	ಲಾಂಡ್ರಿ ಸ್ಥಗಿತಗೊಳಿಸಲು
to hang something	ಏನನ್ನಾದರೂ ಸ್ಥಗಿತಗೊಳಿಸಲು
to hang up	ಸ್ಥಗಿತಗೊಳ್ಳಲು
to hang; to lower; to move back	ಸ್ಥಗಿತಗೊಳ್ಳಲು; ಕಡಿಮೆ ಮಾಡಲು; ಹಿಂದಕ್ಕೆ ಸರಿಸಲು
to hang; to suspend; to dangle; to swing	ಸ್ಥಗಿತಗೊಳ್ಳಲು; ಅಮಾನತುಗೊಳಿಸಲು; ತೂಗಾಡಲು; ಸ್ವಿಂಗ್ ಮಾಡಲು
to happen to pass by	ಹಾದುಹೋಗಲು ಸಂಭವಿಸುವುದು
to harden; to freeze; to fortify	ಗಟ್ಟಿಯಾಗಲು; ಫ್ರೀಜ್ ಮಾಡಲು; ಬಲಪಡಿಸಲು
to harden; to solidify; to become firm; to become certain	ಗಟ್ಟಿಯಾಗಲು; ಘನೀಕರಿಸಲು; ದೃಢವಾಗಲು; ಖಚಿತವಾಗಲು
to harvest; to take in; to adopt	ಕೊಯ್ಲು ಮಾಡಲು; ಒಳಗೆ ತೆಗೆದುಕೊಳ್ಳಲು; ಅಳವಡಿಸಿಕೊಳ್ಳಲು
to hate	ದ್ವೇಷಿಸಲು
to hate; to detest	ದ್ವೇಷಿಸಲು; ದ್ವೇಷಿಸಲು
to hate; to dislike	ದ್ವೇಷಿಸಲು; ಇಷ್ಟಪಡದಿರಲು
to hate; to dislike; to loathe	ದ್ವೇಷಿಸಲು; ಇಷ್ಟಪಡದಿರಲು; ಅಸಹ್ಯಪಡಲು
to have a change of heart	ಹೃದಯ ಬದಲಾವಣೆ ಹೊಂದಲು
to have a fever	ಜ್ವರ ಹೊಂದಲು
to have a fight; to quarrel	ಜಗಳವಾಡಲು; ಜಗಳವಾಡಲು
to have a meal	ಊಟ ಮಾಡಲು
to have a stomachache	ಹೊಟ್ಟೆನೋವು ಹೊಂದಲು
to have a talk	ಮಾತನಾಡಲು
to have difficulty	ಕಷ್ಟವನ್ನು ಹೊಂದಲು
to have experience (respect)	ಅನುಭವವನ್ನು ಹೊಂದಲು (ಗೌರವ)
to have someone look (humble)	ಯಾರಾದರೂ ನೋಡಲು (ವಿನಮ್ರ)
to have someone review (humble)	ಯಾರಾದರೂ ವಿಮರ್ಶೆಯನ್ನು ಹೊಂದಲು (ವಿನಮ್ರ)
to have someone use (humble)	ಯಾರಾದರೂ ಬಳಸಲು (ವಿನಮ್ರ)
to have someone wait (humble)	ಯಾರಾದರೂ ಕಾಯಲು (ವಿನಮ್ರ)
to have you handle it (humble)	ನೀವು ಅದನ್ನು ನಿಭಾಯಿಸಲು (ವಿನಮ್ರ)
to hear/receive (humble)	ಕೇಳಲು/ಸ್ವೀಕರಿಸಲು (ವಿನಮ್ರ)
to hear; to listen to; to ask	ಕೇಳಲು; ಕೇಳಲು; ಕೇಳಲು
to heat	ಬಿಸಿಮಾಡಲು
to help	ಸಹಾಯ ಮಾಡಲು
to help; to rescue	ಸಹಾಯ ಮಾಡಲು; ರಕ್ಷಿಸಲು
to help; to save; to rescue	ಸಹಾಯ ಮಾಡಲು; ಉಳಿಸಲು; ರಕ್ಷಿಸಲು
to hide; to be hidden; to conceal oneself; to disappear	ಮರೆಮಾಡಲು; ಮರೆಮಾಡಲು; ತನ್ನನ್ನು ಮರೆಮಾಚಲು; ಕಣ್ಮರೆಯಾಗಲು
to hide; to conceal	ಮರೆಮಾಡಲು; ಮರೆಮಾಚಲು
to hit	ಹೊಡೆಯಲು
to hit / tap	ಹೊಡೆಯಲು / ಟ್ಯಾಪ್ ಮಾಡಲು
to hit the nail on the head	ತಲೆಯ ಮೇಲೆ ಉಗುರು ಹೊಡೆಯಲು
to hit; to apply a patch	ಹೊಡೆಯಲು; ಪ್ಯಾಚ್ ಅನ್ನು ಅನ್ವಯಿಸಲು
to hit; to strike	ಹೊಡೆಯಲು; ಹೊಡೆಯಲು
to hold	ಹಿಡಿದಿಡಲು
to hold (position); to serve; to be unable	ಹಿಡಿದಿಡಲು (ಸ್ಥಾನ); ಸೇವೆ ಮಾಡಲು; ಸಾಧ್ಯವಾಗುವುದಿಲ್ಲ
to hold / carry	ಹಿಡಿದಿಡಲು / ಸಾಗಿಸಲು
to hold / have (respect)	ಹಿಡಿದಿಟ್ಟುಕೊಳ್ಳಲು / ಹೊಂದಲು (ಗೌರವ)
to hold back for the time being; to refrain from	ಸದ್ಯಕ್ಕೆ ತಡೆಹಿಡಿಯಲು; ತಡೆಯಲು
to hold in the mouth; to bear in mind	ಬಾಯಿಯಲ್ಲಿ ಹಿಡಿದಿಡಲು; ಮನಸ್ಸಿನಲ್ಲಿಟ್ಟುಕೊಳ್ಳಲು
to hold or carry under or in the arms	ಹಿಡಿದಿಟ್ಟುಕೊಳ್ಳಲು ಅಥವಾ ಅಡಿಯಲ್ಲಿ ಅಥವಾ ತೋಳುಗಳಲ್ಲಿ ಸಾಗಿಸಲು
to hospitalise	ಆಸ್ಪತ್ರೆಗೆ ಸೇರಿಸಲು
to hum something; to sing to oneself	ಏನೋ ಗುನುಗಲು; ಸ್ವತಃ ಹಾಡಲು
to humbly visit; to humbly ask	ನಮ್ರತೆಯಿಂದ ಭೇಟಿ ಮಾಡಲು; ವಿನಮ್ರವಾಗಿ ಕೇಳಲು
to hurry	ಯದ್ವಾತದ್ವಾ
to hurry; to urge on	ಯದ್ವಾತದ್ವಾ; ಒತ್ತಾಯಿಸಲು
to imitate; to follow; to emulate	ಅನುಕರಿಸಲು; ಅನುಸರಿಸಲು; ಅನುಕರಿಸಲು
to import	ಆಮದು ಮಾಡಿಕೊಳ್ಳಲು
to incline toward; to slant; to lurch	ಕಡೆಗೆ ಒಲವು; ಓರೆಯಾಗಲು; ಲುರ್ಚ್ ಮಾಡಲು
to incline toward; to slant; to lurch; to heel over; to be disposed to; to trend toward; to be prone to; to	ಕಡೆಗೆ ಒಲವು; ಓರೆಯಾಗಲು; ಲುರ್ಚ್ ಮಾಡಲು; ಹಿಮ್ಮಡಿಗೆ; ವಿಲೇವಾರಿ ಮಾಡಲು; ಕಡೆಗೆ ಪ್ರವೃತ್ತಿಗೆ; ಒಲವು ಹೊಂದಲು; ಗೆ
to incline; to list; to bend; to lean; to tip; to tilt; to slant; to concentrate on; to ruin (a country); to	ಇಳಿಜಾರು ಮಾಡಲು; ಪಟ್ಟಿ ಮಾಡಲು; ಬಾಗಲು; ಒಲವು ಮಾಡಲು; ತುದಿಗೆ; ಓರೆಯಾಗಲು; ಓರೆಯಾಗಲು; ಕೇಂದ್ರೀಕರಿಸಲು; ಹಾಳುಮಾಡಲು (ಒಂದು ದೇಶ); ಗೆ
to include; to instruct; to make one understand	ಸೇರಿಸಲು; ಸೂಚನೆ ನೀಡಲು; ಒಬ್ಬರನ್ನು ಅರ್ಥಮಾಡಿಕೊಳ್ಳಲು
to increase	ಹೆಚ್ಚಿಸಲು
to increase; to add to; to augment	ಹೆಚ್ಚಿಸಲು; ಸೇರಿಸಲು; ಹೆಚ್ಚಿಸಲು
to increase; to grow	ಹೆಚ್ಚಿಸಲು; ಬೆಳೆಯಲು
to increase; to multiply	ಹೆಚ್ಚಿಸಲು; ಗುಣಿಸಲು
to injure; to damage; to harm; to kill; to hinder	ಗಾಯಗೊಳಿಸಲು; ಹಾನಿ ಮಾಡಲು; ಹಾನಿ ಮಾಡಲು; ಕೊಲ್ಲಲು; ತಡೆಯಲು
to insert; to put in; to graft; to wear in belt	ಸೇರಿಸಲು; ಹಾಕಲು; ನಾಟಿ ಮಾಡಲು; ಬೆಲ್ಟ್ನಲ್ಲಿ ಧರಿಸಲು
to insult; to make a fool of ...	ಅವಮಾನಿಸಲು; ಮೂರ್ಖನನ್ನಾಗಿ ಮಾಡಲು ...
to interpose; to hold between; to insert	ಮಧ್ಯಪ್ರವೇಶಿಸಲು; ನಡುವೆ ಹಿಡಿದಿಡಲು; ಸೇರಿಸಲು
to introduce	ಪರಿಚಯಿಸಲು
to introduce (humble)	ಪರಿಚಯಿಸಲು (ವಿನಮ್ರ)
to introduce (respect)	ಪರಿಚಯಿಸಲು (ಗೌರವ)
to investigate	ತನಿಖೆ ಮಾಡಲು
to invite	ಆಹ್ವಾನಿಸಲು
to invite someone (to an event/a place)	ಯಾರನ್ನಾದರೂ ಆಹ್ವಾನಿಸಲು (ಈವೆಂಟ್/ಸ್ಥಳಕ್ಕೆ)
to iron (clothes)	ಇಸ್ತ್ರಿ ಮಾಡಲು (ಬಟ್ಟೆ)
to join in; to accede to; to increase; to gain in (influence)	ಸೇರಲು; ಒಪ್ಪಿಕೊಳ್ಳಲು; ಹೆಚ್ಚಿಸಲು; (ಪ್ರಭಾವ) ಗಳಿಸಲು
to join together; to be opposite; to face; to unite	ಒಟ್ಟಿಗೆ ಸೇರಲು; ವಿರುದ್ಧವಾಗಿರಲು; ಎದುರಿಸಲು; ಒಂದುಗೂಡಿಸಲು
to judge	ನಿರ್ಣಯಿಸಲು
to jump	ನೆಗೆಯಲು
to jump in; to leap in; to plunge into; to dive	ಜಿಗಿಯಲು; ಜಿಗಿಯಲು; ಧುಮುಕುವುದು; ಧುಮುಕಲು
to jump out; to rush out; to fly out	ಹೊರಗೆ ಜಿಗಿಯಲು; ಹೊರದಬ್ಬುವುದು; ಹೊರಗೆ ಹಾರಲು
to jump; to fly; to leap	ನೆಗೆಯುವುದನ್ನು; ಹಾರಲು; ನೆಗೆಯಲು
to jump; to leap	ನೆಗೆಯುವುದನ್ನು; ನೆಗೆಯಲು
to keep (someone) waiting	(ಯಾರಾದರೂ) ಕಾಯಲು
to keep / hold (humble)	ಇರಿಸಿಕೊಳ್ಳಲು / ಹಿಡಿದಿಟ್ಟುಕೊಳ್ಳಲು (ವಿನಮ್ರ)
to keep a promise	ಭರವಸೆಯನ್ನು ಉಳಿಸಿಕೊಳ್ಳಲು
to keep an eye on	ಮೇಲೆ ಕಣ್ಣಿಡಲು
to keep in custody; to receive on deposit; to take charge of	ಬಂಧನದಲ್ಲಿಡಲು; ಠೇವಣಿ ಮೇಲೆ ಸ್ವೀಕರಿಸಲು; ಉಸ್ತುವಾರಿ ವಹಿಸಲು
to keep; to raise; to feed	ಇರಿಸಿಕೊಳ್ಳಲು; ಹೆಚ್ಚಿಸಲು; ಆಹಾರಕ್ಕಾಗಿ
to kick	ಒದೆಯಲು
to kill	ಕೊಲ್ಲಲು
to knit	ಹೆಣೆಯಲು
to know	ತಿಳಿಯಲು
to know (deeply humble)	ತಿಳಿಯಲು (ಆಳವಾಗಿ ವಿನಮ್ರ)
to know (respect)	ತಿಳಿಯಲು (ಗೌರವ)
to know/think (humble)	ತಿಳಿಯಲು/ಆಲೋಚಿಸಲು (ವಿನಮ್ರ)
to lack; to break; to crack; to chip	ಕೊರತೆಗೆ; ಮುರಿಯಲು; ಬಿರುಕು ಬಿಡಲು; ಚಿಪ್ ಮಾಡಲು
to lament	ಅಳಲು
to laugh	ನಗಲು
to laugh; to smile	ನಗಲು; ಮುಗುಳ್ನಗಲು
to lead	ಮುನ್ನಡೆಸಲು
to lead a life	ಜೀವನ ನಡೆಸಲು
to lean against; to recline on; to lean on; to rely on	ವಿರುದ್ಧ ಒಲವು; ಒರಗಿಕೊಳ್ಳಲು; ಒಲವು ಮಾಡಲು; ಅವಲಂಬಿಸಲು
to learn	ಕಲಿಯಲು
to learn (from someone)	ಕಲಿಯಲು (ಯಾರೊಬ್ಬರಿಂದ)
to leave (behind; over); to bequeath; to save; to reserve	ಬಿಡಲು (ಹಿಂದೆ; ಮೇಲೆ); ಉಯಿಲು ಮಾಡಲು; ಉಳಿಸಲು; ಕಾಯ್ದಿರಿಸಲು
to leave (someone/something) alone; to neglect	(ಯಾರಾದರೂ/ಏನನ್ನಾದರೂ) ಏಕಾಂಗಿಯಾಗಿ ಬಿಡಲು; ನಿರ್ಲಕ್ಷಿಸಲು
to leave / exit	ಬಿಡಲು / ನಿರ್ಗಮಿಸಲು
to leave / go out	ಬಿಡಲು / ಹೊರಗೆ ಹೋಗಲು
to leave hospital	ಆಸ್ಪತ್ರೆ ಬಿಡಲು
to leave; to get free; to cut oneself off	ಬಿಡಲು; ಉಚಿತ ಪಡೆಯಲು; ತನ್ನನ್ನು ತಾನೇ ಕತ್ತರಿಸಿಕೊಳ್ಳಲು
to leave; to go away	ಬಿಡಲು; ದೂರ ಹೋಗಲು
to lend	ಸಾಲ ನೀಡಲು
to lend; to rent	ಸಾಲ ನೀಡಲು; ಬಾಡಿಗೆಗೆ
to lengthen; to stretch; to reach out; to grow (beard)	ಉದ್ದವಾಗಲು; ಹಿಗ್ಗಿಸಲು; ತಲುಪಲು; ಬೆಳೆಯಲು (ಗಡ್ಡ)
to let go	ಹೋಗಲು ಬಿಡಲು
to let loose; to set free; to let escape	ಸಡಿಲಗೊಳಿಸಲು; ಮುಕ್ತಗೊಳಿಸಲು; ತಪ್ಪಿಸಿಕೊಳ್ಳಲು ಬಿಡಲು
to let pass; to overlook; to continue	ರವಾನಿಸಲು; ಕಡೆಗಣಿಸಲು; ಮುಂದುವರಿಸಲು
to let the cat out of the bag	ಬೆಕ್ಕನ್ನು ಚೀಲದಿಂದ ಹೊರಗೆ ಬಿಡಲು
to lift up	ಮೇಲೆತ್ತಲು
to lift; to fry	ಎತ್ತಲು; ಹುರಿಯಲು
to like; to prefer	ಇಷ್ಟಪಡಲು; ಆದ್ಯತೆ ನೀಡಲು
to line up	ಸಾಲಾಗಿ ನಿಲ್ಲಲು
to line up; to set up	ಸಾಲಾಗಿ ನಿಲ್ಲಲು; ಸ್ಥಾಪಿಸಲು
to line up; to stand in a line	ಸಾಲಾಗಿ ನಿಲ್ಲಲು; ಸಾಲಿನಲ್ಲಿ ನಿಲ್ಲಲು
to listen	ಕೇಳಲು
to listen (to music)	ಕೇಳಲು (ಸಂಗೀತಕ್ಕೆ)
to listen / hear	ಕೇಳಲು / ಕೇಳಲು
to listen to music	ಸಂಗೀತವನ್ನು ಕೇಳಲು
to listen/ask (respect)	ಕೇಳಲು/ಕೇಳಲು (ಗೌರವ)
to listen; to hear	ಕೇಳಲು; ಕೇಳಲು
to live	ಬದುಕಲು
to live (reside)	ವಾಸಿಸಲು (ನಿವಾಸ)
to live in	ವಾಸಿಸಲು
to live; to be	ಬದುಕಲು; ಎಂದು
to live; to get along	ಬದುಕಲು; ಜೊತೆಯಾಗಲು
to lock	ಲಾಕ್ ಮಾಡಲು
to lodge at	ನಲ್ಲಿ ಲಾಡ್ಜ್ ಮಾಡಲು
to long for / adore	ಹಂಬಲಿಸಲು / ಆರಾಧಿಸಲು
to long for; to yearn after; to admire	ಹಂಬಲಿಸಲು; ಹಂಬಲಿಸಲು; ಮೆಚ್ಚಿಸಲು
to look ...(facial expression)	ನೋಡಲು ... (ಮುಖದ ಅಭಿವ್ಯಕ್ತಿ)
to look / see	ನೋಡಲು / ನೋಡಲು
to look after	ನೋಡಿಕೊಳ್ಳಲು
to look again; to get a better opinion of	ಮತ್ತೆ ನೋಡಲು; ಉತ್ತಮ ಅಭಿಪ್ರಾಯವನ್ನು ಪಡೆಯಲು
to look at (humble)	ನೋಡಲು (ವಿನಯ)
to look back; to turn around; to review	ಹಿಂತಿರುಗಿ ನೋಡಲು; ತಿರುಗಲು; ಪರಿಶೀಲಿಸಲು
to look for	ನೋಡಲು
to look for (respect)	ನೋಡಲು (ಗೌರವ)
to look good (on somebody)	ಚೆನ್ನಾಗಿ ಕಾಣಲು (ಯಾರೊಬ್ಬರ ಮೇಲೆ)
to look into (a matter)	ನೋಡಲು (ಒಂದು ವಿಷಯ)
to look into (humble)	ನೋಡಲು (ವಿನಮ್ರ)
to look out over; to survey (scene); to take an extensive view of	ಮೇಲೆ ನೋಡಲು; ಸಮೀಕ್ಷೆ ಮಾಡಲು (ದೃಶ್ಯ); ಒಂದು ವ್ಯಾಪಕ ನೋಟವನ್ನು ತೆಗೆದುಕೊಳ್ಳಲು
to look up (to); to respect; to depend on; to ask for; to seek; to revere; to drink; to take	ನೋಡಲು (ಗೆ); ಗೌರವಿಸಲು; ಅವಲಂಬಿಸಲು; ಕೇಳಲು; ಹುಡುಕಲು; ಗೌರವಿಸಲು; ಕುಡಿಯಲು; ತೆಗೆದುಕೊಳ್ಳಲು
to loosen; to slow down	ಸಡಿಲಗೊಳಿಸಲು; ನಿಧಾನಗೊಳಿಸಲು
to lose	ಕಳೆದುಕೊಳ್ಳಲು
to lose (a match)	ಸೋಲಲು (ಪಂದ್ಯ)
to lose someone; wife; child; etc	ಯಾರನ್ನಾದರೂ ಕಳೆದುಕೊಳ್ಳಲು; ಹೆಂಡತಿ; ಮಗು; ಇತ್ಯಾದಿ
to lose something	ಏನನ್ನಾದರೂ ಕಳೆದುಕೊಳ್ಳಲು
to lose weight	ತೂಕವನ್ನು ಕಳೆದುಕೊಳ್ಳಲು
to lose; to part with	ಕಳೆದುಕೊಳ್ಳಲು; ಭಾಗವಾಗಲು
to love	ಪ್ರೀತಿಸಲು
to love; to be affectionate	ಪ್ರೀತಿಸಲು; ಪ್ರೀತಿಯಿಂದ ಇರಬೇಕು
to lower / hang	ಕಡಿಮೆ ಮಾಡಲು / ಸ್ಥಗಿತಗೊಳ್ಳಲು
to lower; to let go down	ಕಡಿಮೆ ಮಾಡಲು; ಕೆಳಗೆ ಹೋಗಲು
to make	ಮಾಡಲು
to make a mistake	ತಪ್ಪು ಮಾಡಲು
to make a mistake; to be incorrect; to be mistaken	ತಪ್ಪು ಮಾಡಲು; ತಪ್ಪಾಗಿರುವುದು; ತಪ್ಪಾಗಬೇಕು
to make a phone call	ಫೋನ್ ಕರೆ ಮಾಡಲು
to make a photocopy	ಫೋಟೋಕಾಪಿ ಮಾಡಲು
to make a plan	ಒಂದು ಯೋಜನೆಯನ್ನು ಮಾಡಲು
to make clean	ಸ್ವಚ್ಛಗೊಳಿಸಲು
to make dirty	ಕೊಳಕು ಮಾಡಲು
to make it in time	ಸಮಯಕ್ಕೆ ಅದನ್ನು ಮಾಡಲು
to make noise; to be excited	ಶಬ್ದ ಮಾಡಲು; ಉತ್ಸುಕನಾಗಬೇಕು
to make progress	ಪ್ರಗತಿ ಮಾಡಲು
to make round; to round off; to roll up; to curl up; to seduce; to cajole; to explain away	ಸುತ್ತಿನಲ್ಲಿ ಮಾಡಲು; ಸುತ್ತಲು; ಸುತ್ತಿಕೊಳ್ಳಲು; ಸುರುಳಿಯಾಗಲು; ಮೋಹಿಸಲು; ಕಾಜೋಲ್ ಗೆ; ದೂರ ವಿವರಿಸಲು
to make tea, coffee, etc.	ಚಹಾ, ಕಾಫಿ, ಇತ್ಯಾದಿಗಳನ್ನು ಮಾಡಲು.
to make; to create	ಮಾಡಲು; ರಚಿಸಲು
to match	ಹೊಂದಿಸಲು
to measure; to weigh; to survey	ಅಳೆಯಲು; ತೂಕ ಮಾಡಲು; ಸಮೀಕ್ಷೆ ಮಾಡಲು
to meet	ಭೇಟಿಯಾಗಲು
to meet (humble)	ಭೇಟಿಯಾಗಲು (ವಿನಮ್ರ)
to meet (respect)	ಭೇಟಿಯಾಗಲು (ಗೌರವ)
to meet by chance; to come across; to happen to encounter	ಆಕಸ್ಮಿಕವಾಗಿ ಭೇಟಿಯಾಗಲು; ಅಡ್ಡ ಬರಲು; ಎದುರಿಸಲು ಸಂಭವಿಸಲು
to meet; to encounter (undesirable nuance)	ಭೇಟಿಯಾಗಲು; ಎದುರಿಸಲು (ಅನಪೇಕ್ಷಿತ ಸೂಕ್ಷ್ಮ ವ್ಯತ್ಯಾಸ)
to meet; to greet	ಭೇಟಿಯಾಗಲು; ಸ್ವಾಗತಿಸಲು
to meet; to see (a person)	ಭೇಟಿಯಾಗಲು; ನೋಡಲು (ಒಬ್ಬ ವ್ಯಕ್ತಿ)
to melt into	ಕರಗಲು
to melt; to dissolve	ಕರಗಲು; ಕರಗಿಸಲು
to melt; to thaw; to fuse; to dissolve	ಕರಗಲು; ಕರಗಿಸಲು; ಬೆಸೆಯಲು; ಕರಗಿಸಲು
to memorize	ನೆನಪಿಟ್ಟುಕೊಳ್ಳಲು
to mimic; to imitate	ಅನುಕರಿಸಲು; ಅನುಕರಿಸಲು
to mince; to carve; to engrave	ಕೊಚ್ಚು ಮಾಂಸ ಮಾಡಲು; ಕೆತ್ತಲು; ಕೆತ್ತನೆ ಮಾಡಲು
to mind; to care about; to be concerned about	ಮನಸ್ಸಿಗೆ; ಕಾಳಜಿ ವಹಿಸಲು; ಬಗ್ಗೆ ಕಾಳಜಿ ವಹಿಸಬೇಕು
to miss (a train, bus, etc.)	ತಪ್ಪಿಸಿಕೊಳ್ಳಲು (ರೈಲು, ಬಸ್, ಇತ್ಯಾದಿ)
to miss; to overlook; to leave at large	ಕಳೆದುಕೊಳ್ಳಲು; ಕಡೆಗಣಿಸಲು; ದೊಡ್ಡದಾಗಿ ಬಿಡಲು
to mix; to converse with; to cross (swords)	ಮಿಶ್ರಣ ಮಾಡಲು; ಸಂಭಾಷಿಸಲು; ದಾಟಲು (ಕತ್ತಿಗಳು)
to mix; to stir	ಮಿಶ್ರಣ ಮಾಡಲು; ಮೂಡಲು
to mourn	ಶೋಕಿಸಲು
to move	ಸರಿಸಲು
to move (something)	ಸರಿಸಲು (ಏನಾದರೂ)
to move (to another place to live)	ಸರಿಸಲು (ವಾಸಿಸಲು ಇನ್ನೊಂದು ಸ್ಥಳಕ್ಕೆ)
to move house	ಮನೆ ಬದಲಾಯಿಸಲು
to move house or transfer	ಮನೆ ಅಥವಾ ವರ್ಗಾವಣೆ ಮಾಡಲು
to move; to shift	ಸರಿಸಲು; ಸ್ಥಳಾಂತರಿಸಲು
to need	ಅಗತ್ಯವಿದೆ
to neglect; to be off guard; to be feeling better	ನಿರ್ಲಕ್ಷಿಸಲು; ಕಾವಲುಗಾರನಾಗಿರಲು; ಉತ್ತಮ ಭಾವನೆ ಹೊಂದಲು
to note; to write down	ಗಮನಿಸಲು; ಬರೆಯಲು
to notice	ಗಮನಿಸಲು
to notice; to recognize; to become aware of	ಗಮನಿಸಲು; ಗುರುತಿಸಲು; ಅರಿವಾಗಲು
to notify	ತಿಳಿಸಲು
to obey	ಪಾಲಿಸಲು
to obligate	ಕಡ್ಡಾಯಗೊಳಿಸಲು
to obtain; to reap; to pay; to supply; to accept	ಪಡೆಯಲು; ಕೊಯ್ಯಲು; ಪಾವತಿಸಲು; ಸರಬರಾಜು ಮಾಡಲು; ಸ್ವೀಕರಿಸಲು
to occur; to happen	ಸಂಭವಿಸಲು; ಸಂಭವಿಸಲು
to omit; to eliminate; to curtail; to economize	ಬಿಟ್ಟುಬಿಡಲು; ತೊಡೆದುಹಾಕಲು; ಮೊಟಕುಗೊಳಿಸಲು; ಆರ್ಥಿಕಗೊಳಿಸಲು
to open	ತೆರೆಯಲು
to open (become open)	ತೆರೆಯಲು (ತೆರೆಯಲು)
to open (intr., opens)	ತೆರೆಯಲು (ಇಂಟರ್., ತೆರೆಯುತ್ತದೆ)
to open (something)	ತೆರೆಯಲು (ಏನಾದರೂ)
to open (tr.)	ತೆರೆಯಲು (tr.)
to open an event	ಈವೆಂಟ್ ತೆರೆಯಲು
to open the window	ಕಿಟಕಿ ತೆರೆಯಲು
to open; to become empty	ತೆರೆಯಲು; ಖಾಲಿ ಆಗಲು
to open; to become open	ತೆರೆಯಲು; ಮುಕ್ತ ಆಗಲು
to oppose; to object to	ವಿರೋಧಿಸಲು; ಆಕ್ಷೇಪಿಸಲು
to order	ಆದೇಶಿಸಲು
to order; to command; to appoint	ಆದೇಶಿಸಲು; ಆಜ್ಞೆ ಮಾಡಲು; ನೇಮಕ ಮಾಡಲು
to overlook; to command a view of; to look down on something	ಕಡೆಗಣಿಸಲು; ಒಂದು ನೋಟವನ್ನು ಆದೇಶಿಸಲು; ಏನನ್ನಾದರೂ ಕೀಳಾಗಿ ನೋಡಲು
to overlook; to fail to notice	ಕಡೆಗಣಿಸಲು; ಗಮನಿಸಲು ವಿಫಲವಾಗಿದೆ
to oversleep	ಅತಿಯಾದ ನಿದ್ರೆಗೆ
to overtake; to catch up (with)	ಹಿಂದಿಕ್ಕಲು; ಹಿಡಿಯಲು (ಜೊತೆ)
to own (a pet)	ಹೊಂದಲು (ಸಾಕು)
to pack; to shorten; to work out (details)	ಪ್ಯಾಕ್ ಮಾಡಲು; ಕಡಿಮೆ ಮಾಡಲು; ಕೆಲಸ ಮಾಡಲು (ವಿವರಗಳು)
to paint / apply	ಚಿತ್ರಿಸಲು / ಅನ್ವಯಿಸಲು
to paint; to plaster	ಚಿತ್ರಿಸಲು; ಪ್ಲಾಸ್ಟರ್ ಮಾಡಲು
to pamper; to spoil	ಮುದ್ದಿಸಲು; ಹಾಳುಮಾಡಲು
to panic	ಪ್ಯಾನಿಕ್ ಮಾಡಲು
to parch; to fry	ಪಾರ್ಚ್ ಮಾಡಲು; ಹುರಿಯಲು
to part; divide; separate	ಭಾಗವಾಗಲು; ವಿಭಜಿಸು; ಪ್ರತ್ಯೇಕ
to participate (respect)	ಭಾಗವಹಿಸಲು (ಗೌರವ)
to participate; to take part	ಭಾಗವಹಿಸಲು; ಪಾಲ್ಗೊಳ್ಳಲು
to pass (e.g. car); to outdistance; to outstrip	ರವಾನಿಸಲು (ಉದಾ. ಕಾರು); ದೂರಕ್ಕೆ; ಮೀರಿಸಲು
to pass by one another; to disagree; to miss each other	ಒಬ್ಬರಿಗೊಬ್ಬರು ಹಾದುಹೋಗಲು; ಒಪ್ಪದಿರಲು; ಪರಸ್ಪರ ಕಳೆದುಕೊಳ್ಳಲು
to pass; to elapse; to experience	ರವಾನಿಸಲು; ಕಳೆಯಲು; ಅನುಭವಿಸಲು
to pass; to lapse	ರವಾನಿಸಲು; ಕಳೆದುಹೋಗಲು
to pass; to pass through	ರವಾನಿಸಲು; ಹಾದುಹೋಗಲು
to pass; to spend; to go through; to tide over	ರವಾನಿಸಲು; ಖರ್ಚು ಮಾಡಲು; ಮೂಲಕ ಹೋಗಲು; ಉಬ್ಬರವಿಳಿತಕ್ಕೆ
to paste	ಅಂಟಿಸಲು
to paste / stick	ಅಂಟಿಸಲು / ಅಂಟಿಸಲು
to pay	ಪಾವತಿಸಲು
to peel	ಸಿಪ್ಪೆ ತೆಗೆಯಲು
to peel; to skin; to pare; to hull	ಸಿಪ್ಪೆ ತೆಗೆಯಲು; ಚರ್ಮಕ್ಕೆ; ಪ್ಯಾರೆ ಮಾಡಲು; ಹಲ್ ಮಾಡಲು
to peep in; to look in; to peek in; to stick out	ಇಣುಕಿ ನೋಡಲು; ಒಳಗೆ ನೋಡಲು; ಇಣುಕಿ ನೋಡಲು; ಹೊರಗುಳಿಯಲು
to perform (a play); to play (a part); to act (a part); to commit (a blunder)	ನಿರ್ವಹಿಸಲು (ಒಂದು ನಾಟಕ); ಆಡಲು (ಒಂದು ಭಾಗ); ಕಾರ್ಯನಿರ್ವಹಿಸಲು (ಒಂದು ಭಾಗ); ಮಾಡಲು (ಒಂದು ಪ್ರಮಾದ)
to perform; to play	ನಿರ್ವಹಿಸಲು; ಆಡಲು
to permit; to allow; to approve	ಅನುಮತಿಸಲು; ಅನುಮತಿಸಲು; ಅನುಮೋದಿಸಲು
to pick up (something)	ತೆಗೆದುಕೊಳ್ಳಲು (ಏನಾದರೂ)
to pick up; to gather	ತೆಗೆದುಕೊಳ್ಳಲು; ಸಂಗ್ರಹಿಸಲು
to pierce; to stab; to prick; to thrust	ಚುಚ್ಚಲು; ಇರಿಯಲು; ಚುಚ್ಚಲು; ತಳ್ಳಲು
to pile up	ರಾಶಿ ಮಾಡಲು
to pile up; to put something on another; to heap up; to add; to repeat	ರಾಶಿ ಮಾಡಲು; ಇನ್ನೊಂದರ ಮೇಲೆ ಏನನ್ನಾದರೂ ಹಾಕಲು; ರಾಶಿ ಮಾಡಲು; ಸೇರಿಸಲು; ಪುನರಾವರ್ತಿಸಲು
to pile up; to stack	ರಾಶಿ ಮಾಡಲು; ಪೇರಿಸಲು
to place an order	ಆದೇಶವನ್ನು ಮಾಡಲು
to place on (something); to take on board; to give a ride	(ಏನನ್ನಾದರೂ) ಇರಿಸಲು; ಮಂಡಳಿಯಲ್ಲಿ ತೆಗೆದುಕೊಳ್ಳಲು; ಮಜಾ ನೀಡಲು
to plan	ಯೋಜನೆ ಮಾಡಲು
to plant	ನೆಡಲು
to plant; to grow	ನೆಡಲು; ಬೆಳೆಯಲು
to play	ಆಡಲು
to play (a string instrument or piano)	ನುಡಿಸಲು (ಒಂದು ತಂತಿ ವಾದ್ಯ ಅಥವಾ ಪಿಯಾನೋ)
to play (an instrument)	ನುಡಿಸಲು (ಒಂದು ವಾದ್ಯ)
to play an instrument with strings; including piano	ತಂತಿಗಳೊಂದಿಗೆ ವಾದ್ಯವನ್ನು ನುಡಿಸಲು; ಪಿಯಾನೋ ಸೇರಿದಂತೆ
to play devil's advocate	ದೆವ್ವದ ವಕೀಲನಾಗಿ ಆಡಲು
to play sports	ಕ್ರೀಡೆಗಳನ್ನು ಆಡಲು
to play; to make a visit	ಆಡಲು; ಭೇಟಿ ಮಾಡಲು
to play; to spend time pleasantly	ಆಡಲು; ಆಹ್ಲಾದಕರವಾಗಿ ಸಮಯ ಕಳೆಯಲು
to pledge; to promise; to swear	ಪ್ರತಿಜ್ಞೆ ಮಾಡಲು; ಭರವಸೆ ನೀಡಲು; ಪ್ರತಿಜ್ಞೆ ಮಾಡಲು
to plunge into; to go into deeply	ಧುಮುಕುವುದು; ಆಳವಾಗಿ ಹೋಗಲು
to point; to put up umbrella; to play	ಸೂಚಿಸಲು; ಕೊಡೆ ಹಾಕಲು; ಆಡಲು
to polish / brush	ಹೊಳಪು / ಬ್ರಷ್ ಮಾಡಲು
to polish each other	ಪರಸ್ಪರ ಹೊಳಪು ಮಾಡಲು
to post	ಪೋಸ್ಟ್ ಮಾಡಲು
to pour (drink); to serve (drinks)	ಸುರಿಯಲು (ಕುಡಿಯಲು); ಬಡಿಸಲು (ಪಾನೀಯ)
to pour (into); to irrigate; to pay; to fill; to feed (e.g. a fire)	ಸುರಿಯಲು (ಒಳಗೆ); ನೀರಾವರಿ ಮಾಡಲು; ಪಾವತಿಸಲು; ತುಂಬಲು; ಆಹಾರಕ್ಕಾಗಿ (ಉದಾ. ಬೆಂಕಿ)
to practice	ಅಭ್ಯಾಸ ಮಾಡಲು
to praise	ಹೊಗಳಲು
to praise; to admire; to speak well	ಹೊಗಳಲು; ಮೆಚ್ಚಿಸಲು; ಚೆನ್ನಾಗಿ ಮಾತನಾಡಲು
to praise; to say nice things	ಹೊಗಳಲು; ಒಳ್ಳೆಯ ವಿಷಯಗಳನ್ನು ಹೇಳಲು
to pray	ಪ್ರಾರ್ಥಿಸಲು
to pray for help	ಸಹಾಯಕ್ಕಾಗಿ ಪ್ರಾರ್ಥಿಸಲು
to prepare	ತಯಾರು ಮಾಡಲು
to prepare (humble)	ಸಿದ್ಧಪಡಿಸಲು (ವಿನಮ್ರ)
to present (humble)	ಪ್ರಸ್ತುತಪಡಿಸಲು (ವಿನಮ್ರ)
to press; to push	ಒತ್ತಲು; ತಳ್ಳಲು
to press; to wring; to squeeze	ಒತ್ತಲು; ಹಿಂಡಲು; ಸ್ಕ್ವೀಝ್ ಮಾಡಲು
to print	ಮುದ್ರಿಸಲು
to produce	ಉತ್ಪಾದಿಸಲು
to produce; to yield; to result from; to arise; to be generated	ಉತ್ಪಾದಿಸಲು; ಇಳುವರಿ ಮಾಡಲು; ಪರಿಣಾಮವಾಗಿ; ಉದ್ಭವಿಸಲು; ಉತ್ಪಾದಿಸಲಾಗುವುದು
to prohibit	ನಿಷೇಧಿಸಲು
to project; to reflect; to cast (shadow)	ಯೋಜನೆಗೆ; ಪ್ರತಿಬಿಂಬಿಸಲು; ಬಿತ್ತರಿಸಲು (ನೆರಳು)
to propose marriage	ಮದುವೆಯನ್ನು ಪ್ರಸ್ತಾಪಿಸಲು
to prosper; to flourish	ಏಳಿಗೆಗೆ; ಅರಳಲು
to protect	ರಕ್ಷಿಸಲು
to protect; to obey; to guard; to abide (by the rules)	ರಕ್ಷಿಸಲು; ಪಾಲಿಸಲು; ಕಾವಲು; ಪಾಲಿಸಲು (ನಿಯಮಗಳ ಮೂಲಕ)
to publish; to print; to carry (an article); to put up; to hang out; to hoist; to fly (a sail); to float (a	ಪ್ರಕಟಿಸಲು; ಮುದ್ರಿಸಲು; ಸಾಗಿಸಲು (ಒಂದು ಲೇಖನ); ಹಾಕಲು; ಹ್ಯಾಂಗ್ ಔಟ್ ಮಾಡಲು; ಹಾರಿಸಲು; ಹಾರಲು (ಒಂದು ನೌಕಾಯಾನ); ತೇಲಲು (ಎ
to pull	ಎಳೆಯಲು
to pull down; to lower; to reduce; to withdraw	ಕೆಳಗೆ ಎಳೆಯಲು; ಕಡಿಮೆ ಮಾಡಲು; ಕಡಿಮೆ ಮಾಡಲು; ಹಿಂತೆಗೆದುಕೊಳ್ಳಲು
to pull out; to take out; to draw out; to withdraw	ಹೊರತೆಗೆಯಲು; ಹೊರತೆಗೆಯಲು; ಔಟ್ ಸೆಳೆಯಲು; ಹಿಂತೆಗೆದುಕೊಳ್ಳಲು
to pull someone's leg	ಯಾರೊಬ್ಬರ ಕಾಲು ಎಳೆಯಲು
to punch	ಪಂಚ್ ಮಾಡಲು
to punctuate; to cut off; to mark off; to stop; to put an end to	ವಿರಾಮಚಿಹ್ನೆ ಮಾಡಲು; ಕತ್ತರಿಸಲು; ಗುರುತಿಸಲು; ನಿಲ್ಲಿಸಲು; ಅಂತ್ಯಗೊಳಿಸಲು
to punish; to penalize	ಶಿಕ್ಷಿಸಲು; ದಂಡ ವಿಧಿಸಲು
to push	ತಳ್ಳಲು
to push aside; to advance on	ಪಕ್ಕಕ್ಕೆ ತಳ್ಳಲು; ಮುಂದುವರೆಯಲು
to push into; to crowd into	ಒಳಗೆ ತಳ್ಳಲು; ಸೇರಲು
to push; to stamp something	ತಳ್ಳಲು; ಏನನ್ನಾದರೂ ಮುದ್ರೆ ಮಾಡಲು
to put	ಹಾಕಲು
to put (something) in	(ಏನನ್ನಾದರೂ) ಹಾಕಲು
to put / place	ಇರಿಸಲು / ಇರಿಸಲು
to put down	ಕೆಳಗೆ ಹಾಕಲು
to put in	ಹಾಕಲು
to put in order; to collect; to bring to a conclusion	ಕ್ರಮದಲ್ಲಿ ಹಾಕಲು; ಸಂಗ್ರಹಿಸಲು; ಒಂದು ತೀರ್ಮಾನಕ್ಕೆ ತರಲು
to put in order; to dispose of; to solve	ಕ್ರಮದಲ್ಲಿ ಹಾಕಲು; ವಿಲೇವಾರಿ ಮಾಡಲು; ಪರಿಹರಿಸಲು
to put it briefly	ಸಂಕ್ಷಿಪ್ತವಾಗಿ ಹೇಳಲು
to put makeup on	ಮೇಕ್ಅಪ್ ಹಾಕಲು
to put on	ಹಾಕಲು
to put on (a hat)	ಹಾಕಲು (ಟೋಪಿ)
to put on (clothes above your waist)	ಹಾಕಲು (ನಿಮ್ಮ ಸೊಂಟದ ಮೇಲಿರುವ ಬಟ್ಟೆ)
to put on (items below your waist)	ಹಾಕಲು (ನಿಮ್ಮ ಸೊಂಟದ ಕೆಳಗಿನ ವಸ್ತುಗಳು)
to put on clothes	ಬಟ್ಟೆಗಳನ್ನು ಹಾಕಲು
to put on from the shoulders down	ಭುಜಗಳಿಂದ ಕೆಳಗೆ ಹಾಕಲು
to put on glasses	ಕನ್ನಡಕವನ್ನು ಹಾಕಲು
to put out	ಹೊರಹಾಕಲು
to put things in order; to arrange; to make uniform; to get something ready	ವಸ್ತುಗಳನ್ನು ಕ್ರಮವಾಗಿ ಇರಿಸಲು; ವ್ಯವಸ್ಥೆ ಮಾಡಲು; ಸಮವಸ್ತ್ರವನ್ನು ಮಾಡಲು; ಏನನ್ನಾದರೂ ಸಿದ್ಧಗೊಳಿಸಲು
to put together	ಒಟ್ಟಿಗೆ ಹಾಕಲು
to put; to lay; to place	ಹಾಕಲು; ಇಡಲು; ಇರಿಸಲು
to quieten down; to calm down; to subside	ಶಾಂತಗೊಳಿಸಲು; ಶಾಂತಗೊಳಿಸಲು; ತಗ್ಗಿಸಲು
to quit	ಬಿಡಲು
to quit a job	ಕೆಲಸ ಬಿಡಲು
to raise	ಹೆಚ್ಚಿಸಲು
to raise (a child)	ಬೆಳೆಸಲು (ಮಗು)
to raise (child); to be brought up; to grow (up)	ಬೆಳೆಸಲು (ಮಗು); ತರಬೇಕು; ಬೆಳೆಯಲು (ಬೆಳೆಯಲು)
to raise / bring up	ಹೆಚ್ಚಿಸಲು / ತರಲು
to raise; to bring up	ಹೆಚ್ಚಿಸಲು; ತರಲು
to raise; to cause; to wake someone	ಹೆಚ್ಚಿಸಲು; ಉಂಟುಮಾಡಲು; ಯಾರನ್ನಾದರೂ ಎಚ್ಚರಗೊಳಿಸಲು
to raise; to fly	ಹೆಚ್ಚಿಸಲು; ಹಾರಲು
to raise; to lift up; to flatter	ಹೆಚ್ಚಿಸಲು; ಎತ್ತಲು; ಹೊಗಳಲು
to raise; to lift; to boost	ಹೆಚ್ಚಿಸಲು; ಎತ್ತಲು; ಹೆಚ್ಚಿಸಲು
to rank next to; to come after	ಮುಂದಿನ ಸ್ಥಾನಕ್ಕೆ; ನಂತರ ಬರಲು
to reach	ತಲುಪಲು
to reach; to come up to; to amount to; to befall; to happen to; to extend; to match; to equal	ತಲುಪಲು; ವರೆಗೆ ಬರಲು; ಮೊತ್ತಕ್ಕೆ; ಸಂಭವಿಸಲು; ಸಂಭವಿಸಲು; ವಿಸ್ತರಿಸಲು; ಹೊಂದಿಸಲು; ಸಮಾನವಾಗಿ
to reach; to get to	ತಲುಪಲು; ಪಡೆಯಲು
to react to; to be influenced by; to go overboard for	ಪ್ರತಿಕ್ರಿಯಿಸಲು; ಪ್ರಭಾವ ಬೀರಲು; ಮಿತಿಮೀರಿ ಹೋಗಲು
to read	ಓದಲು
to read (respect)	ಓದಲು (ಗೌರವ)
to read books	ಪುಸ್ತಕಗಳನ್ನು ಓದಲು
to read the newspaper	ಪತ್ರಿಕೆ ಓದಲು
to rear; to bring up	ಹಿಂಭಾಗಕ್ಕೆ; ತರಲು
to rebel	ಬಂಡಾಯ ಮಾಡಲು
to rebuke; to scold; to tell off	ಖಂಡಿಸಲು; ಗದರಿಸಲು; ಹೇಳಲು
to receive	ಸ್ವೀಕರಿಸಲು
to receive (an order)	ಸ್ವೀಕರಿಸಲು (ಆದೇಶ)
to receive (humble)	ಸ್ವೀಕರಿಸಲು (ವಿನಮ್ರ)
to receive/eat (humble)	ಸ್ವೀಕರಿಸಲು/ತಿನ್ನಲು (ವಿನಮ್ರ)
to receive; to get; to accept; to take	ಸ್ವೀಕರಿಸಲು; ಪಡೆಯಲು; ಸ್ವೀಕರಿಸಲು; ತೆಗೆದುಕೊಳ್ಳಲು
to receive; to grant	ಸ್ವೀಕರಿಸಲು; ಅನುದಾನ ನೀಡಲು
to receive; to take food or drink (hum)	ಸ್ವೀಕರಿಸಲು; ಆಹಾರ ಅಥವಾ ಪಾನೀಯವನ್ನು ತೆಗೆದುಕೊಳ್ಳಲು (ಹಮ್)
to recognize; to appreciate; to approve; to admit; to notice	ಗುರುತಿಸಲು; ಪ್ರಶಂಸಿಸಲು; ಅನುಮೋದಿಸಲು; ಒಪ್ಪಿಕೊಳ್ಳಲು; ಗಮನಿಸಲು
to recommend; to advise; to encourage; to offer (wine)	ಶಿಫಾರಸು ಮಾಡಲು; ಸಲಹೆ ನೀಡಲು; ಪ್ರೋತ್ಸಾಹಿಸಲು; ನೀಡಲು (ವೈನ್)
to refuse	ನಿರಾಕರಿಸಲು
to refuse; to decline; to dismiss	ನಿರಾಕರಿಸಲು; ನಿರಾಕರಿಸಲು; ವಜಾಗೊಳಿಸಲು
to regret	ವಿಷಾದಿಸಲು
to rejoice	ಹಿಗ್ಗು
to relax	ವಿಶ್ರಾಂತಿ ಪಡೆಯಲು
to rely on; to have recourse to; to depend on	ಅವಲಂಬಿಸಲು; ಆಶ್ರಯವನ್ನು ಹೊಂದಲು; ಅವಲಂಬಿಸಿರಲು
to remain	ಉಳಿಯಲು
to remain; to be left over; to be in excess; to be too many	ಉಳಿಯಲು; ಉಳಿದಿರುವುದು; ಅಧಿಕವಾಗಿರುವುದು; ತುಂಬಾ ಹೆಚ್ಚು ಎಂದು
to remember	ನೆನಪಿಟ್ಟುಕೊಳ್ಳಲು
to remove; to exclude; to except	ತೆಗೆದುಹಾಕಲು; ಹೊರಗಿಡಲು; ಹೊರತುಪಡಿಸಿ
to remove; to take away; to dislodge; to put something out of the way	ತೆಗೆದುಹಾಕಲು; ತೆಗೆದುಕೊಂಡು ಹೋಗಲು; ಹೊರಹಾಕಲು; ಏನನ್ನಾದರೂ ಹೊರಗಿಡಲು
to remove; to transfer; to infect	ತೆಗೆದುಹಾಕಲು; ವರ್ಗಾಯಿಸಲು; ಸೋಂಕಿಗೆ
to rendezvous; to meet at a prearranged place and time	ಸಂಧಿಸಲು; ಪೂರ್ವ ನಿಯೋಜಿತ ಸ್ಥಳ ಮತ್ತು ಸಮಯದಲ್ಲಿ ಭೇಟಿಯಾಗಲು
to repair	ದುರಸ್ತಿ ಮಾಡಲು
to repay; to pay back	ಮರುಪಾವತಿಸಲು; ಮರಳಿ ಪಾವತಿಸಲು
to repeat	ಪುನರಾವರ್ತಿಸಲು
to repeat; to do something over again	ಪುನರಾವರ್ತಿಸಲು; ಮತ್ತೆ ಏನನ್ನಾದರೂ ಮಾಡಲು
to repeat; to send back; to bring back	ಪುನರಾವರ್ತಿಸಲು; ಮರಳಿ ಕಳುಹಿಸಲು; ಮರಳಿ ತರಲು
to replace	ಬದಲಿಸಲು
to report	ವರದಿ ಮಾಡಲು
to report (humble)	ವರದಿ ಮಾಡಲು (ವಿನಮ್ರ)
to report (respect)	ವರದಿ ಮಾಡಲು (ಗೌರವ)
to request (humble)	ವಿನಂತಿಸಲು (ವಿನಮ್ರ)
to rescue	ರಕ್ಷಿಸಲು
to rescue from; to help out of	ರಕ್ಷಿಸಲು; ಸಹಾಯ ಮಾಡಲು
to resent	ಅಸಮಾಧಾನ ಮಾಡಲು
to reserve	ಕಾಯ್ದಿರಿಸಲು
to reside (respect)	ವಾಸಿಸಲು (ಗೌರವ)
to resound	ಪ್ರತಿಧ್ವನಿಸಲು
to respond; to satisfy; to accept; to comply with; to apply for	ಪ್ರತಿಕ್ರಿಯಿಸಲು; ತೃಪ್ತಿಪಡಿಸಲು; ಸ್ವೀಕರಿಸಲು; ಅನುಸರಿಸಲು; ಅರ್ಜಿ ಸಲ್ಲಿಸಲು
to rest	ವಿಶ್ರಾಂತಿ ಪಡೆಯಲು
to rest (respect)	ವಿಶ್ರಾಂತಿ (ಗೌರವ)
to rest / take a day off	ವಿಶ್ರಾಂತಿ ಪಡೆಯಲು / ಒಂದು ದಿನ ರಜೆ ತೆಗೆದುಕೊಳ್ಳಿ
to rest / take off	ವಿಶ್ರಾಂತಿ / ತೆಗೆದುಕೊಳ್ಳಲು
to rest; to suspend; to give relief	ವಿಶ್ರಾಂತಿ ಪಡೆಯಲು; ಅಮಾನತುಗೊಳಿಸಲು; ಪರಿಹಾರ ನೀಡಲು
to restore; to put back; to return	ಪುನಃಸ್ಥಾಪಿಸಲು; ಹಿಂದಕ್ಕೆ ಹಾಕಲು; ಹಿಂತಿರುಗಲು
to restrict; to limit; to confine	ನಿರ್ಬಂಧಿಸಲು; ಮಿತಿಗೊಳಿಸಲು; ಸೀಮಿತಗೊಳಿಸಲು
to retire	ನಿವೃತ್ತಿಯಾಗಲು
to return	ಹಿಂತಿರುಗಲು
to return (merchandise)	ಹಿಂತಿರುಗಲು (ವ್ಯಾಪಾರ)
to return (respect)	ಹಿಂತಿರುಗಲು (ಗೌರವ)
to return (things)	ಹಿಂತಿರುಗಲು (ವಸ್ತುಗಳು)
to return home	ಮನೆಗೆ ಮರಳಲು
to return something	ಏನನ್ನಾದರೂ ಹಿಂತಿರುಗಿಸಲು
to return; to come back	ಹಿಂತಿರುಗಲು; ಮರಳಿ ಬರಲು
to ride	ಸವಾರಿ ಮಾಡಲು
to ride; to board	ಸವಾರಿ ಮಾಡಲು; ಹತ್ತಲು
to ring; to sound; to chime; to beat; to snort (nose)	ರಿಂಗ್ ಮಾಡಲು; ಧ್ವನಿಸಲು; ಚೈಮ್ ಮಾಡಲು; ಸೋಲಿಸಲು; ಗೊರಕೆ ಹೊಡೆಯಲು (ಮೂಗು)
to rise	ಏರಲು
to roll	ರೋಲ್ ಮಾಡಲು
to roll up	ಸುತ್ತಿಕೊಳ್ಳಲು
to roll; to tumble	ರೋಲ್ ಮಾಡಲು; ಉರುಳಲು
to rot	ಕೊಳೆಯಲು
to rot; to go bad	ಕೊಳೆಯಲು; ಕೆಟ್ಟದಾಗಿ ಹೋಗಲು
to rub; to chafe; to file; to frost (glass); to strike (match)	ರಬ್ ಮಾಡಲು; ಚೇಫ್ ಮಾಡಲು; ಫೈಲ್ ಮಾಡಲು; ಫ್ರಾಸ್ಟ್ಗೆ (ಗಾಜು); ಹೊಡೆಯಲು (ಪಂದ್ಯ)
to rub; to crumple (up); to wrinkle	ರಬ್ ಮಾಡಲು; ಕುಸಿಯಲು (ಮೇಲಕ್ಕೆ); ಸುಕ್ಕುಗಟ್ಟಲು
to run	ಓಡಲು
to run (race  esp. horse); to gallop; to canter	ಓಡಲು (ರೇಸ್ ಎಸ್ಪಿ. ಕುದುರೆ); ನಾಗಾಲೋಟಕ್ಕೆ; ಕ್ಯಾಂಟರ್ ಗೆ
to run a bath	ಸ್ನಾನವನ್ನು ನಡೆಸಲು
to run along; to follow	ಉದ್ದಕ್ಕೂ ಓಡಲು; ಅನುಸರಿಸಲು
to run into; to collide with	ಒಳಗೆ ಓಡಲು; ಡಿಕ್ಕಿ ಹೊಡೆಯಲು
to run somebody over (with vehicle); to knock someone down	ಯಾರನ್ನಾದರೂ ಓಡಿಸಲು (ವಾಹನದೊಂದಿಗೆ); ಯಾರನ್ನಾದರೂ ಕೆಡವಲು
to run to; to lead to; to communicate; to understand	ಓಡಲು; ಮುನ್ನಡೆಸಲು; ಸಂವಹನ ಮಾಡಲು; ಅರ್ಥಮಾಡಿಕೊಳ್ಳಲು
to rust; to become rusty	ತುಕ್ಕು ಹಿಡಿಯಲು; ತುಕ್ಕು ಹಿಡಿಯಲು
to save money	ಹಣವನ್ನು ಉಳಿಸಲು
to say	ಹೇಳಲು
to say (humble)	ಹೇಳಲು (ವಿನಮ್ರ)
to say (respect)	ಹೇಳಲು (ಗೌರವ)
to say; to speak; to tell; to talk	ಹೇಳಲು; ಮಾತನಾಡಲು; ಹೇಳಲು; ಮಾತನಾಡಲು
to scatter around; to leave untidy	ಸುತ್ತಲೂ ಹರಡಲು; ಅಶುದ್ಧವಾಗಿ ಬಿಡಲು
to scatter; to disperse; to distribute	ಚದುರಿಸಲು; ಚದುರಿಸಲು; ವಿತರಿಸಲು
to scatter; to sprinkle; to sow	ಚದುರಿಸಲು; ಚಿಮುಕಿಸಲು; ಬಿತ್ತಲು
to scold	ಗದರಿಸಲು
to scoop; to ladle out	ಸ್ಕೂಪ್ ಮಾಡಲು; ಕುಡಿ ಹಾಕಲು
to scratch	ಸ್ಕ್ರಾಚ್ ಮಾಡಲು
to scratch; to perspire	ಸ್ಕ್ರಾಚ್ ಮಾಡಲು; ಬೆವರು ಮಾಡಲು
to search for	ಹುಡುಕಲು
to search; to look for; to sound out	ಹುಡುಕಲು; ಹುಡುಕಲು; ಸದ್ದು ಮಾಡಲು
to search; to seek; to look for	ಹುಡುಕಲು; ಹುಡುಕಲು; ನೋಡಲು
to seduce; to drag along; to pull; to prolong; to support	ಮೋಹಿಸಲು; ಉದ್ದಕ್ಕೂ ಎಳೆಯಲು; ಎಳೆಯಲು; ವಿಸ್ತರಿಸಲು; ಬೆಂಬಲಿಸಲು
to see (respect)	ನೋಡಲು (ಗೌರವ)
to see / watch	ನೋಡಲು / ವೀಕ್ಷಿಸಲು
to see eye to eye	ಕಣ್ಣಿನಿಂದ ಕಣ್ಣಿಗೆ ನೋಡಲು
to see; to look at; to watch	ನೋಡಲು; ನೋಡಲು; ವೀಕ್ಷಿಸಲು
to see; to watch	ನೋಡಲು; ವೀಕ್ಷಿಸಲು
to seek / buy (respect)	ಹುಡುಕಲು / ಖರೀದಿಸಲು (ಗೌರವ)
to seek; to request; to demand; to want; to wish for; to search for; to pursue (pleasure); to hunt (a job)	ಹುಡುಕಲು; ವಿನಂತಿಸಲು; ಬೇಡಿಕೆಗೆ; ಬಯಸುವುದು; ಬಯಸುವುದು; ಹುಡುಕಲು; ಮುಂದುವರಿಸಲು (ಸಂತೋಷ); ಬೇಟೆಯಾಡಲು (ಕೆಲಸ)
to seize	ವಶಪಡಿಸಿಕೊಳ್ಳಲು
to seize; to catch; to grasp	ವಶಪಡಿಸಿಕೊಳ್ಳಲು; ಹಿಡಿಯಲು; ಗ್ರಹಿಸಲು
to seize; to grasp; to capture; to arrest	ವಶಪಡಿಸಿಕೊಳ್ಳಲು; ಗ್ರಹಿಸಲು; ಹಿಡಿಯಲು; ಬಂಧಿಸಲು
to sell	ಮಾರಾಟ ಮಾಡಲು
to sell wholesale; grated (vegetables)	ಸಗಟು ಮಾರಾಟ ಮಾಡಲು; ತುರಿದ (ತರಕಾರಿಗಳು)
to send	ಕಳುಹಿಸಲು
to send an email	ಇಮೇಲ್ ಕಳುಹಿಸಲು
to send back	ಮರಳಿ ಕಳುಹಿಸಲು
to send word; to send a message	ಪದವನ್ನು ಕಳುಹಿಸಲು; ಸಂದೇಶವನ್ನು ಕಳುಹಿಸಲು
to send; to forward	ಕಳುಹಿಸಲು; ಫಾರ್ವರ್ಡ್ ಮಾಡಲು
to send; to give to; to award to; to confer on	ಕಳುಹಿಸಲು; ನೀಡಲು; ಪ್ರಶಸ್ತಿ ನೀಡಲು; ನೀಡಲು
to separate	ಪ್ರತ್ಯೇಕಿಸಲು
to separate; to set free	ಬೇರ್ಪಡಿಸಲು; ಮುಕ್ತಗೊಳಿಸಲು
to serve sake	ಸಲುವಾಗಿ ಸೇವೆ ಮಾಡಲು
to settle in (place); to take (seat; position); to study (under teacher)	(ಸ್ಥಳದಲ್ಲಿ) ನೆಲೆಗೊಳ್ಳಲು; ತೆಗೆದುಕೊಳ್ಳಲು (ಆಸನ; ಸ್ಥಾನ); ಅಧ್ಯಯನ ಮಾಡಲು (ಶಿಕ್ಷಕರ ಅಡಿಯಲ್ಲಿ)
to sew	ಹೊಲಿಯಲು
to shake; to sway	ಅಲುಗಾಡಿಸಲು; ತೂಗಾಡಲು
to sharpen; to grind; to scour; to hone; to polish; to wash (rice)	ತೀಕ್ಷ್ಣಗೊಳಿಸಲು; ರುಬ್ಬಲು; ಶೋಧಿಸಲು; ಸಾಣೆ ಹಿಡಿಯಲು; ಹೊಳಪು ಮಾಡಲು; ತೊಳೆಯಲು (ಅಕ್ಕಿ)
to shave	ಕ್ಷೌರ ಮಾಡಲು
to shave one's beard	ಒಬ್ಬರ ಗಡ್ಡವನ್ನು ಬೋಳಿಸಲು
to shine	ಹೊಳೆಯಲು
to shine on; to illuminate	ಬೆಳಗಲು; ಬೆಳಗಿಸಲು
to shine; to glitter	ಹೊಳೆಯಲು; ಮಿನುಗಲು
to shine; to glitter; to sparkle	ಹೊಳೆಯಲು; ಮಿನುಗಲು; ಮಿಂಚಲು
to shine; to look attractive; to look pretty	ಹೊಳೆಯಲು; ಆಕರ್ಷಕವಾಗಿ ಕಾಣಲು; ಸುಂದರವಾಗಿ ಕಾಣಲು
to shine; to strike	ಹೊಳೆಯಲು; ಹೊಡೆಯಲು
to shiver; to shake; to quake	ನಡುಗಲು; ಅಲುಗಾಡಿಸಲು; ಕಂಪಿಸಲು
to shorten; to reduce; to boil down; to shrink	ಕಡಿಮೆ ಮಾಡಲು; ಕಡಿಮೆ ಮಾಡಲು; ಕುದಿಯಲು; ಕುಗ್ಗಿಸಲು
to shoulder; to carry on shoulder	ಭುಜಕ್ಕೆ; ಭುಜದ ಮೇಲೆ ಸಾಗಿಸಲು
to shout; to cry	ಕೂಗಲು; ಅಳಲು
to show	ತೋರಿಸಲು
to show (humble)	ತೋರಿಸಲು (ವಿನಮ್ರ)
to show (someone) around	(ಯಾರನ್ನಾದರೂ) ಸುತ್ತಲೂ ತೋರಿಸಲು
to show off; to flaunt	ಪ್ರದರ್ಶಿಸಲು; ತೋರ್ಪಡಿಸಲು
to show respect; to honour	ಗೌರವವನ್ನು ತೋರಿಸಲು; ಗೌರವಿಸಲು
to show; to indicate; to display	ತೋರಿಸಲು; ಸೂಚಿಸಲು; ಪ್ರದರ್ಶಿಸಲು
to shrink	ಕುಗ್ಗಿಸಲು
to shrink; to be contracted	ಕುಗ್ಗಿಸಲು; ಒಪ್ಪಂದ ಮಾಡಿಕೊಳ್ಳಬೇಕು
to shut up	ಮುಚ್ಚಲು
to simmer	ಕುದಿಯಲು
to sing	ಹಾಡಲು
to sink	ಮುಳುಗಲು
to sink; to feel depressed	ಮುಳುಗಲು; ಖಿನ್ನತೆಯನ್ನು ಅನುಭವಿಸಲು
to sit	ಕುಳಿತುಕೊಳ್ಳಲು
to sit (down)	ಕುಳಿತುಕೊಳ್ಳಲು (ಕೆಳಗೆ)
to sit (respect)	ಕುಳಿತುಕೊಳ್ಳಲು (ಗೌರವ)
to sit down	ಕುಳಿತುಕೊಳ್ಳಲು
to sit on the fence	ಬೇಲಿಯ ಮೇಲೆ ಕುಳಿತುಕೊಳ್ಳಲು
to skip over; to omit	ಬಿಟ್ಟುಬಿಡಲು; ಬಿಟ್ಟುಬಿಡಲು
to slander	ನಿಂದಿಸಲು
to sleep	ಮಲಗಲು
to sleep; to go to sleep	ಮಲಗಲು; ನಿದ್ರೆ ಹೋಗಲು
to slide	ಸ್ಲೈಡ್ ಮಾಡಲು
to slide; to slip	ಸ್ಲೈಡ್ ಮಾಡಲು; ಸ್ಲಿಪ್ ಮಾಡಲು
to smash; to waste	ಸ್ಮ್ಯಾಶ್ ಮಾಡಲು; ವ್ಯರ್ಥ ಮಾಡಲು
to smile	ಮುಗುಳ್ನಗಲು
to smoke	ಧೂಮಪಾನ ಮಾಡಲು
to smoke (e.g. fire)	ಧೂಮಪಾನ ಮಾಡಲು (ಉದಾ. ಬೆಂಕಿ)
to smoke; to suck	ಧೂಮಪಾನ ಮಾಡಲು; ಹೀರಲು
to snatch away	ಕಿತ್ತುಕೊಳ್ಳಲು
to sneer at; to ridicule	ಅಪಹಾಸ್ಯ ಮಾಡಲು; ಅಪಹಾಸ್ಯ ಮಾಡಲು
to sniff; to smell	ಸ್ನಿಫ್ ಮಾಡಲು; ವಾಸನೆ ಮಾಡಲು
to soak; to pickle	ನೆನೆಯಲು; ಉಪ್ಪಿನಕಾಯಿ ಮಾಡಲು
to sound	ಧ್ವನಿಸಲು
to sow (seeds)	ಬಿತ್ತಲು (ಬೀಜಗಳು)
to speak	ಮಾತನಾಡಲು
to speak (respect)	ಮಾತನಾಡಲು (ಗೌರವ)
to speak; to talk	ಮಾತನಾಡಲು; ಮಾತನಾಡಲು
to spend (time) (respect)	ಕಳೆಯಲು (ಸಮಯ) (ಗೌರವ)
to spend time	ಸಮಯ ಕಳೆಯಲು
to spill the beans	ಬೀನ್ಸ್ ಚೆಲ್ಲಲು
to spread (out); to extend; to stretch; to reach to; to get around	ಹರಡಲು (ಹೊರಗೆ); ವಿಸ್ತರಿಸಲು; ಹಿಗ್ಗಿಸಲು; ತಲುಪಲು; ಸುತ್ತಲು
to spread / unfold	ಹರಡಲು / ಬಯಲಾಗಲು
to spread out; to lay out	ಹರಡಲು; ಲೇ ಔಟ್ ಮಾಡಲು
to spread; to be propagated	ಹರಡಲು; ಪ್ರಚಾರ ಮಾಡಬೇಕು
to spread; to extend; to expand; to enlarge	ಹರಡಲು; ವಿಸ್ತರಿಸಲು; ವಿಸ್ತರಿಸಲು; ಹಿಗ್ಗಿಸಲು
to stand	ನಿಲ್ಲಲು
to stand something up	ಏನನ್ನಾದರೂ ನಿಲ್ಲಲು
to stand up	ಎದ್ದು ನಿಲ್ಲಲು
to stare (at ...)	ದಿಟ್ಟಿಸಿ ನೋಡಲು (...)
to start talking; to speak; to tell; to propose; to suggest; to break the ice	ಮಾತನಾಡಲು ಪ್ರಾರಂಭಿಸಲು; ಮಾತನಾಡಲು; ಹೇಳಲು; ಪ್ರಸ್ತಾಪಿಸಲು; ಸೂಚಿಸಲು; ಮಂಜುಗಡ್ಡೆಯನ್ನು ಮುರಿಯಲು
to start to rain	ಮಳೆಯನ್ನು ಪ್ರಾರಂಭಿಸಲು
to starve	ಹಸಿವಿನಿಂದ
to state; to express; to mention	ರಾಜ್ಯಕ್ಕೆ; ವ್ಯಕ್ತಪಡಿಸಲು; ನಮೂದಿಸಲು
to stay (at a hotel, etc.)	ಉಳಿಯಲು (ಹೋಟೆಲ್, ಇತ್ಯಾದಿ)
to stay (overnight)	ಉಳಿಯಲು (ರಾತ್ರಿ)
to stay overnight	ರಾತ್ರಿ ಉಳಿಯಲು
to stay up all night	ರಾತ್ರಿಯಿಡೀ ಎಚ್ಚರವಾಗಿರಲು
to steal	ಕದಿಯಲು
to steal; to rob	ಕದಿಯಲು; ದೋಚಲು
to steam; to poultice; to be sultry	ಉಗಿಗೆ; ಪೌಲ್ಟಿಸಿಗೆ; ವಿಷಯಾಸಕ್ತ ಎಂದು
to step on	ಹೆಜ್ಜೆ ಹಾಕಲು
to stick	ಅಂಟಿಕೊಳ್ಳಲು
to stick; to be stuck	ಅಂಟಿಕೊಳ್ಳಲು; ಅಂಟಿಕೊಂಡಿರುವುದು
to stick; to paste	ಅಂಟಿಕೊಳ್ಳಲು; ಅಂಟಿಸಲು
to sting; to bite (bug); to stab	ಕುಟುಕಲು; ಕಚ್ಚಲು (ದೋಷ); ಇರಿಯಲು
to stir-fry	ಹುರಿಯಲು
to stop	ನಿಲ್ಲಿಸಲು
to stop (something)	ನಿಲ್ಲಿಸಲು (ಏನಾದರೂ)
to stop by	ನಿಲ್ಲಿಸಲು
to stop something	ಏನನ್ನಾದರೂ ನಿಲ್ಲಿಸಲು
to stop up; to close up; to block (up)	ನಿಲ್ಲಿಸಲು; ಮುಚ್ಚಲು; ನಿರ್ಬಂಧಿಸಲು (ಅಪ್)
to stop; to halt; to stand still	ನಿಲ್ಲಿಸಲು; ನಿಲ್ಲಿಸಲು; ನಿಲ್ಲಲು
to stop; to restrain; to seize; to repress; to suppress; to press down	ನಿಲ್ಲಿಸಲು; ನಿಗ್ರಹಿಸಲು; ವಶಪಡಿಸಿಕೊಳ್ಳಲು; ನಿಗ್ರಹಿಸಲು; ನಿಗ್ರಹಿಸಲು; ಕೆಳಗೆ ಒತ್ತಿ
to store; to lay in stock	ಸಂಗ್ರಹಿಸಲು; ಸ್ಟಾಕ್ನಲ್ಲಿ ಇಡಲು
to straddle	ಅಡ್ಡಾಡಲು
to stray (turn) from subject; to get lost; to go astray	ವಿಷಯದಿಂದ ದಾರಿ ತಪ್ಪಲು (ತಿರುಗಲು); ಕಳೆದುಹೋಗಲು; ದಾರಿ ತಪ್ಪಲು
to stream; to flow; to run (ink); to be washed away	ಸ್ಟ್ರೀಮ್ ಮಾಡಲು; ಹರಿಯಲು; ಚಲಾಯಿಸಲು (ಶಾಯಿ); ತೊಳೆಯಬೇಕು
to strengthen; to emphasize	ಬಲಪಡಿಸಲು; ಒತ್ತಿಹೇಳಲು
to stretch	ಹಿಗ್ಗಿಸಲು
to stretch out hands; to raise an umbrella	ಕೈಗಳನ್ನು ಚಾಚಲು; ಕೊಡೆ ಎತ್ತಲು
to stretch; to extend; to make progress; to grow (beard; body height)	ಹಿಗ್ಗಿಸಲು; ವಿಸ್ತರಿಸಲು; ಪ್ರಗತಿ ಸಾಧಿಸಲು; ಬೆಳೆಯಲು (ಗಡ್ಡ; ದೇಹದ ಎತ್ತರ)
to strike; to clap; to dust; to beat	ಹೊಡೆಯಲು; ಚಪ್ಪಾಳೆ ತಟ್ಟಲು; ಧೂಳಿಗೆ; ಸೋಲಿಸಲು
to strike; to hit	ಹೊಡೆಯಲು; ಹೊಡೆಯಲು
to strike; to hit; to punch	ಹೊಡೆಯಲು; ಹೊಡೆಯಲು; ಪಂಚ್ ಮಾಡಲು
to strive	ಶ್ರಮಿಸಲು
to stroke	ಸ್ಟ್ರೋಕ್ ಗೆ
to stroll	ಅಡ್ಡಾಡಲು
to study	ಅಧ್ಯಯನ ಮಾಡಲು
to study (in depth); to learn; to take lessons in	ಅಧ್ಯಯನ ಮಾಡಲು (ಆಳದಲ್ಲಿ); ಕಲಿಯಲು; ಪಾಠಗಳನ್ನು ತೆಗೆದುಕೊಳ್ಳಲು
to study abroad	ವಿದೇಶದಲ್ಲಿ ಅಧ್ಯಯನ ಮಾಡಲು
to submit	ಸಲ್ಲಿಸಲು
to succeed	ಯಶಸ್ವಿಯಾಗಲು
to sue (a person); to resort to; to appeal to	ಮೊಕದ್ದಮೆ ಹೂಡಲು (ಒಬ್ಬ ವ್ಯಕ್ತಿ); ಆಶ್ರಯಿಸಲು; ಮನವಿ ಮಾಡಲು
to suffer	ಬಳಲುತ್ತಿದ್ದಾರೆ
to suffer from	ಬಳಲುತ್ತಿದ್ದಾರೆ
to suffer; to groan; to be worried	ಬಳಲುತ್ತಿದ್ದಾರೆ; ನರಳಲು; ಚಿಂತಿಸಬೇಕು
to suit; to match; to become; to be like	ಸರಿಹೊಂದುವಂತೆ; ಹೊಂದಿಸಲು; ಆಗಲು; ಹಾಗೆ ಇರಲು
to sulk	sulk ಗೆ
to sulk / be dejected	ದುಃಖಿಸಲು / ನಿರಾಶೆಗೊಳ್ಳಲು
to sum up	ಒಟ್ಟುಗೂಡಿಸಲು
to summon; to call (e.g. phone)	ಕರೆಯಲು; ಕರೆ ಮಾಡಲು (ಉದಾ. ಫೋನ್)
to support	ಬೆಂಬಲಿಸಲು
to surpass; to outstrip; to excel	ಮೀರಿಸಲು; ಔಟ್ಸ್ಟ್ರಿಪ್ ಮಾಡಲು; ಉತ್ಕೃಷ್ಟಗೊಳಿಸಲು
to surprise; to frighten; to create a stir	ಅಚ್ಚರಿಗೊಳಿಸಲು; ಹೆದರಿಸಲು; ಕೋಲಾಹಲವನ್ನು ಸೃಷ್ಟಿಸಲು
to surround; to encircle	ಸುತ್ತುವರಿಯಲು; ಸುತ್ತುವರಿಯಲು
to swarm; to gather	ಸಮೂಹಕ್ಕೆ; ಸಂಗ್ರಹಿಸಲು
to swear / vow	ಪ್ರತಿಜ್ಞೆ ಮಾಡಲು / ಪ್ರತಿಜ್ಞೆ ಮಾಡಲು
to swear; to vow; to take an oath; to pledge	ಪ್ರತಿಜ್ಞೆ ಮಾಡಲು; ಪ್ರತಿಜ್ಞೆ ಮಾಡಲು; ಪ್ರಮಾಣ ವಚನ ಸ್ವೀಕರಿಸಲು; ಪ್ರತಿಜ್ಞೆ ಮಾಡಲು
to sweep; to brush; to gather up	ಗುಡಿಸಲು; ಬ್ರಷ್ ಮಾಡಲು; ಸಂಗ್ರಹಿಸಲು
to swell; to expand; to inflate; to bulge	ಊದಿಕೊಳ್ಳಲು; ವಿಸ್ತರಿಸಲು; ಹಿಗ್ಗಿಸಲು; ಉಬ್ಬಲು
to swim	ಈಜಲು
to sympathize	ಸಹಾನುಭೂತಿ ಹೊಂದಲು
to take	ತೆಗೆದುಕೊಳ್ಳಲು
to take (a class); to get (a grade)	ತೆಗೆದುಕೊಳ್ಳಲು (ಒಂದು ವರ್ಗ); ಪಡೆಯಲು (ಒಂದು ಗ್ರೇಡ್)
to take (amount of time / money)	ತೆಗೆದುಕೊಳ್ಳಲು (ಸಮಯ / ಹಣ)
to take (an emotion) in	(ಒಂದು ಭಾವನೆ) ಒಳಗೆ ತೆಗೆದುಕೊಳ್ಳಲು
to take (an examination, interview, etc.)	ತೆಗೆದುಕೊಳ್ಳಲು (ಪರೀಕ್ಷೆ, ಸಂದರ್ಶನ, ಇತ್ಯಾದಿ)
to take (be in) charge of	ಉಸ್ತುವಾರಿ ವಹಿಸಲು (ಇರಲು).
to take (e.g. time; money; etc); to hang	ತೆಗೆದುಕೊಳ್ಳಲು (ಉದಾ. ಸಮಯ; ಹಣ; ಇತ್ಯಾದಿ); ಸ್ಥಗಿತಗೊಳ್ಳಲು
to take (pictures)	ತೆಗೆದುಕೊಳ್ಳಲು (ಚಿತ್ರಗಳು)
to take (someone) to (a place)	(ಯಾರನ್ನಾದರೂ) (ಸ್ಥಳಕ್ಕೆ) ಕರೆದೊಯ್ಯಲು
to take (something)	ತೆಗೆದುಕೊಳ್ಳಲು (ಏನಾದರೂ)
to take (something) out; to hand in (something)	(ಏನನ್ನಾದರೂ) ಹೊರತೆಗೆಯಲು; ಹಸ್ತಾಂತರಿಸಲು (ಏನಾದರೂ)
to take a bath	ಸ್ನಾನ ಮಾಡಲು
to take a lesson or test	ಪಾಠ ಅಥವಾ ಪರೀಕ್ಷೆಯನ್ನು ತೆಗೆದುಕೊಳ್ಳಲು
to take a nap	ಚಿಕ್ಕನಿದ್ರೆ ತೆಗೆದುಕೊಳ್ಳಲು
to take a photo or record a film	ಫೋಟೋ ತೆಗೆಯಲು ಅಥವಾ ಚಲನಚಿತ್ರವನ್ನು ರೆಕಾರ್ಡ್ ಮಾಡಲು
to take a shower	ಸ್ನಾನ ಮಾಡಲು
to take a walk	ನಡೆಯಲು
to take care of (humble)	ನೋಡಿಕೊಳ್ಳಲು (ವಿನಮ್ರ)
to take care of ...	ನೋಡಿಕೊಳ್ಳಲು ...
to take charge of; to take over; to retire to a private place	ಉಸ್ತುವಾರಿ ವಹಿಸಲು; ಸ್ವಾಧೀನಪಡಿಸಿಕೊಳ್ಳಲು; ಖಾಸಗಿ ಸ್ಥಳಕ್ಕೆ ನಿವೃತ್ತಿ
to take down	ಕೆಳಗೆ ತೆಗೆದುಕೊಳ್ಳಲು
to take down; to launch; to drop	ಕೆಳಗೆ ತೆಗೆದುಕೊಳ್ಳಲು; ಪ್ರಾರಂಭಿಸಲು; ಬಿಡಲು
to take it for granted	ಅದನ್ನು ಲಘುವಾಗಿ ತೆಗೆದುಕೊಳ್ಳಲು
to take medicine	ಔಷಧಿ ತೆಗೆದುಕೊಳ್ಳಲು
to take off (clothes)	ತೆಗೆಯಲು (ಬಟ್ಟೆ)
to take off clothes	ಬಟ್ಟೆಗಳನ್ನು ತೆಗೆಯಲು
to take out	ಹೊರತೆಗೆಯಲು
to take out the trash	ಕಸವನ್ನು ತೆಗೆಯಲು
to take out; to produce; to pick out	ಹೊರತೆಗೆಯಲು; ಉತ್ಪಾದಿಸಲು; ಆಯ್ಕೆ ಮಾಡಲು
to take over	ವಹಿಸಿಕೊಳ್ಳಲು
to take photos	ಫೋಟೋಗಳನ್ನು ತೆಗೆದುಕೊಳ್ಳಲು
to take seriously	ಗಂಭೀರವಾಗಿ ತೆಗೆದುಕೊಳ್ಳಲು
to take something	ಏನನ್ನಾದರೂ ತೆಗೆದುಕೊಳ್ಳಲು
to take up; to pick up; to disqualify; to confiscate; to deprive	ತೆಗೆದುಕೊಳ್ಳಲು; ತೆಗೆದುಕೊಳ್ಳಲು; ಅನರ್ಹಗೊಳಿಸಲು; ವಶಪಡಿಸಿಕೊಳ್ಳಲು; ಕಸಿದುಕೊಳ್ಳಲು
to take; to catch (fish); to capture	ತೆಗೆದುಕೊಳ್ಳಲು; ಹಿಡಿಯಲು (ಮೀನು); ಹಿಡಿಯಲು
to talk behind someone's back	ಯಾರೊಬ್ಬರ ಬೆನ್ನ ಹಿಂದೆ ಮಾತನಾಡಲು
to talk; to tell; to recite	ಮಾತನಾಡಲು; ಹೇಳಲು; ಪಠಿಸಲು
to taper to a point; to become sharp; to be sour; to look displeased	ಒಂದು ಬಿಂದುವಿಗೆ ತಗ್ಗಲು; ತೀಕ್ಷ್ಣವಾಗಲು; ಹುಳಿಯಾಗಲು; ಅಸಮಾಧಾನ ನೋಡಲು
to taste; to savor; to relish	ರುಚಿಗೆ; ಸವಿಯಲು; ಸವಿಯಲು
to teach	ಕಲಿಸಲು
to teach; to instruct	ಕಲಿಸಲು; ಸೂಚನೆ ನೀಡಲು
to teach; to tell	ಕಲಿಸಲು; ಹೇಳಲು
to tear	ಹರಿದು ಹಾಕಲು
to tear; to split	ಹರಿದು ಹಾಕಲು; ವಿಭಜಿಸಲು
to tear; to violate; to defeat; to smash; to destroy	ಹರಿದು ಹಾಕಲು; ಉಲ್ಲಂಘಿಸಲು; ಸೋಲಿಸಲು; ಸ್ಮ್ಯಾಶ್ ಮಾಡಲು; ನಾಶಮಾಡಲು
to tease; to coax; to solicit; to demand	ಕೀಟಲೆ ಮಾಡಲು; ಒಗ್ಗಿಕೊಳ್ಳಲು; ಮನವಿ ಮಾಡಲು; ಬೇಡಿಕೆ ಮಾಡಲು
to tease; to torment; to persecute; to chastise	ಕೀಟಲೆ ಮಾಡಲು; ಪೀಡಿಸಲು; ಕಿರುಕುಳ ನೀಡಲು; ಶಿಕ್ಷಿಸಲು
to tell a lie	ಸುಳ್ಳು ಹೇಳಲು
to tell the truth	ಸತ್ಯವನ್ನು ಹೇಳಲು
to tell; to indicate	ಹೇಳಲು; ಸೂಚಿಸಲು
to tell; to tell on (someone); to order	ಹೇಳಲು; (ಯಾರಾದರೂ) ಮೇಲೆ ಹೇಳಲು; ಆದೇಶಿಸಲು
to the best of my knowledge	ನನ್ನ ಜ್ಞಾನದ ಮಟ್ಟಿಗೆ
to the end; to the last; stubbornly	ಕೊನೆಯವರೆಗೂ; ಕೊನೆಯವರೆಗೂ; ಮೊಂಡುತನದಿಂದ
to think	ಯೋಚಿಸಲು
to think (about); to consider	ಯೋಚಿಸಲು (ಬಗ್ಗೆ); ಪರಿಗಣಿಸಲು
to think (respect)	ಯೋಚಿಸಲು (ಗೌರವ)
to think of; to hit upon	ಯೋಚಿಸಲು; ಮೇಲೆ ಹೊಡೆಯಲು
to think; to feel	ಯೋಚಿಸಲು; ಅನುಭವಿಸಲು
to threaten; to coerce	ಬೆದರಿಕೆ ಹಾಕಲು; ಒತ್ತಾಯಿಸಲು
to threaten; to menace	ಬೆದರಿಕೆ ಹಾಕಲು; ಬೆದರಿಕೆ ಹಾಕಲು
to throw away	ಎಸೆಯಲು
to throw down; to beat; to bring down; to blow down	ಕೆಳಗೆ ಎಸೆಯಲು; ಸೋಲಿಸಲು; ಉರುಳಿಸಲು; ಕೆಳಗೆ ಸ್ಫೋಟಿಸಲು
to throw or cast away	ಎಸೆಯಲು ಅಥವಾ ಎಸೆಯಲು
to tidy up	ಅಚ್ಚುಕಟ್ಟಾಗಿ ಮಾಡಲು
to tie	ಕಟ್ಟಲು
to tie / bind	ಕಟ್ಟಲು / ಬಂಧಿಸಲು
to tie; to bind	ಕಟ್ಟಲು; ಬಂಧಿಸಲು
to tie; to bind; to link	ಕಟ್ಟಲು; ಬಂಧಿಸಲು; ಲಿಂಕ್ ಮಾಡಲು
to tie; to fasten; to connect; to transfer (phone call)	ಕಟ್ಟಲು; ಜೋಡಿಸಲು; ಸಂಪರ್ಕಿಸಲು; ವರ್ಗಾಯಿಸಲು (ಫೋನ್ ಕರೆ)
to till; to plow; to cultivate	ಗೆ; ನೇಗಿಲು; ಬೆಳೆಸಲು
to torment; to harass; to inflict pain	ಪೀಡಿಸಲು; ಕಿರುಕುಳ ನೀಡಲು; ನೋವು ಉಂಟುಮಾಡಲು
to touch	ಸ್ಪರ್ಶಿಸಲು
to touch; to be touched; to touch on a subject; to feel; to violate (law; copyright; etc.); to perceive; t	ಸ್ಪರ್ಶಿಸಲು; ಮುಟ್ಟಬೇಕು; ವಿಷಯದ ಮೇಲೆ ಸ್ಪರ್ಶಿಸಲು; ಅನುಭವಿಸಲು; ಉಲ್ಲಂಘಿಸಲು (ಕಾನೂನು; ಹಕ್ಕುಸ್ವಾಮ್ಯ; ಇತ್ಯಾದಿ); ಗ್ರಹಿಸಲು; ಟಿ
to transfer	ವರ್ಗಾಯಿಸಲು
to translate	ಅನುವಾದಿಸಲು
to transport	ಸಾಗಿಸಲು
to treat (someone) / to be proud	ಚಿಕಿತ್ಸೆ (ಯಾರಾದರೂ) / ಹೆಮ್ಮೆಪಡಲು
to treat (someone) to a meal	(ಯಾರಾದರೂ) ಊಟಕ್ಕೆ ಚಿಕಿತ್ಸೆ ನೀಡಲು
to treat coldly	ಶೀತವಾಗಿ ಚಿಕಿತ್ಸೆ ನೀಡಲು
to treat kindly	ದಯೆಯಿಂದ ವರ್ತಿಸಲು
to treat/invite (someone) to a meal	(ಯಾರನ್ನಾದರೂ) ಊಟಕ್ಕೆ ಉಪಚರಿಸಲು/ಆಹ್ವಾನಿಸಲು
to trouble you to come	ನಿಮಗೆ ತೊಂದರೆ ಕೊಡಲು ಬನ್ನಿ
to try out	ಪ್ರಯತ್ನಿಸಲು
to turn	ತಿರುಗಲು
to turn (a switch) on or off; to twist; to puzzle over	(ಒಂದು ಸ್ವಿಚ್) ಆನ್ ಅಥವಾ ಆಫ್ ಮಾಡಲು; ಟ್ವಿಸ್ಟ್ ಮಾಡಲು; ಒಗಟು ಮಾಡಲು
to turn (right/left)	ತಿರುಗಲು (ಬಲ/ಎಡ)
to turn / rotate	ತಿರುಗಲು / ತಿರುಗಿಸಲು
to turn a blind eye	ಕಣ್ಣು ಮುಚ್ಚಲು
to turn away; to avert	ದೂರ ತಿರುಗಲು; ತಪ್ಪಿಸಲು
to turn back	ಹಿಂತಿರುಗಲು
to turn down (somebody); to reject; to jilt	ತಿರಸ್ಕರಿಸಲು (ಯಾರಾದರೂ); ತಿರಸ್ಕರಿಸಲು; ಜಿಲ್ಟ್ ಗೆ
to turn inside out; to turn (something) over	ಒಳಗೆ ತಿರುಗಲು; (ಏನನ್ನಾದರೂ) ತಿರುಗಿಸಲು
to turn off	ಆಫ್ ಮಾಡಲು
to turn off / erase	ಆಫ್ ಮಾಡಲು / ಅಳಿಸಲು
to turn off the light	ಬೆಳಕನ್ನು ಆಫ್ ಮಾಡಲು
to turn off; to erase	ಆಫ್ ಮಾಡಲು; ಅಳಿಸಲು
to turn on	ಆನ್ ಮಾಡಲು
to turn on / attach	ಆನ್ / ಲಗತ್ತಿಸಲು
to turn on the light	ಬೆಳಕನ್ನು ಆನ್ ಮಾಡಲು
to turn on; to switch on; to light up	ಆನ್ ಮಾಡಲು; ಸ್ವಿಚ್ ಆನ್ ಮಾಡಲು; ಬೆಳಗಲು
to turn over; to assign; to hand over	ತಿರುಗಲು; ನಿಯೋಜಿಸಲು; ಹಸ್ತಾಂತರಿಸಲು
to turn over; to overturn; to knock over; to upset; to turn inside out	ತಿರುಗಲು; ಉರುಳಿಸಲು; ಬಡಿಯಲು; ಅಸಮಾಧಾನ ಮಾಡಲು; ಒಳಗೆ ಹೊರಗೆ ತಿರುಗಲು
to turn towards; to point	ಕಡೆಗೆ ತಿರುಗಲು; ಸೂಚಿಸಲು
to turn; to bend	ತಿರುಗಲು; ಬಾಗಲು
to turn; to revolve	ತಿರುಗಲು; ಸುತ್ತಲು
to twist	ಟ್ವಿಸ್ಟ್ ಮಾಡಲು
to understand	ಅರ್ಥಮಾಡಿಕೊಳ್ಳಲು
to undertake (humble)	ಕೈಗೊಳ್ಳಲು (ವಿನಮ್ರ)
to undertake; to take up; to take over	ಕೈಗೊಳ್ಳಲು; ತೆಗೆದುಕೊಳ್ಳಲು; ವಹಿಸಿಕೊಳ್ಳಲು
to undertake; to take up; to take over; to be responsible for; to guarantee; to contract (disease)	ಕೈಗೊಳ್ಳಲು; ತೆಗೆದುಕೊಳ್ಳಲು; ಸ್ವಾಧೀನಪಡಿಸಿಕೊಳ್ಳಲು; ಜವಾಬ್ದಾರರಾಗಿರಬೇಕು; ಖಾತರಿಪಡಿಸಲು; ಗುತ್ತಿಗೆ (ರೋಗ)
to unfasten	ಬಿಚ್ಚಲು
to unfasten; to remove	ಬಿಚ್ಚಲು; ತೆಗೆದುಹಾಕಲು
to untie	ಬಿಚ್ಚಲು
to unwind	ಬಿಚ್ಚಲು
to use	ಬಳಸಲು
to use; to make use of	ಬಳಸಲು; ಬಳಸಿಕೊಳ್ಳಲು
to view; to gaze at	ವೀಕ್ಷಿಸಲು; ನೋಡಲು
to visit	ಭೇಟಿ ಮಾಡಲು
to visit (respect)	ಭೇಟಿ ಮಾಡಲು (ಗೌರವ)
to wait	ಕಾಯಲು
to wait (respect)	ಕಾಯಲು (ಗೌರವ)
to wake	ಎಚ್ಚರಗೊಳಿಸಲು
to wake (someone) up	(ಯಾರಾದರೂ) ಎಚ್ಚರಗೊಳ್ಳಲು
to wake up	ಎಚ್ಚರಗೊಳ್ಳಲು
to wake up / get up	ಎದ್ದೇಳಲು / ಎದ್ದೇಳಲು
to wake; to wake up	ಎಚ್ಚರಗೊಳ್ಳಲು; ಎಚ್ಚರಗೊಳ್ಳಲು
to walk	ನಡೆಯಲು
to walk (respect)	ನಡೆಯಲು (ಗೌರವ)
to walk/drive (someone)	ನಡೆಯಲು/ಚಾಲನೆ ಮಾಡಲು (ಯಾರಾದರೂ)
to want	ಬಯಸುವುದು
to want (adj.)	ಬಯಸುವುದು (adj.)
to warm up; to get warm	ಬೆಚ್ಚಗಾಗಲು; ಬೆಚ್ಚಗಾಗಲು
to warm; to heat	ಬೆಚ್ಚಗಾಗಲು; ಬಿಸಿಮಾಡಲು
to warp; to be warped; to curve	ವಾರ್ಪ್ ಮಾಡಲು; ವಿರೂಪಗೊಳ್ಳಲು; ಕರ್ವ್ ಮಾಡಲು
to wash	ತೊಳೆಯಲು
to wash one's face	ಒಬ್ಬರ ಮುಖವನ್ನು ತೊಳೆಯಲು
to watch TV	ಟಿವಿ ವೀಕ್ಷಿಸಲು
to watch a movie	ಚಲನಚಿತ್ರವನ್ನು ವೀಕ್ಷಿಸಲು
to watch out; to give warning	ಔಟ್ ವೀಕ್ಷಿಸಲು; ಎಚ್ಚರಿಕೆ ನೀಡಲು
to water (plants)	ನೀರಿಗೆ (ಸಸ್ಯಗಳು)
to wear	ಧರಿಸಲು
to wear (respect)	ಧರಿಸಲು (ಗೌರವ)
to wear (shoes / pants)	ಧರಿಸಲು (ಶೂಗಳು / ಪ್ಯಾಂಟ್)
to wear small items (necktie, watch, etc.)	ಸಣ್ಣ ವಸ್ತುಗಳನ್ನು ಧರಿಸಲು (ನೆಕ್ಟೈ, ವಾಚ್, ಇತ್ಯಾದಿ)
to wear; to put on (lower body)	ಧರಿಸಲು; ಹಾಕಲು (ಕೆಳಗಿನ ದೇಹ)
to weep	ಅಳಲು
to wet; to soak; to dip	ಒದ್ದೆ ಮಾಡಲು; ನೆನೆಯಲು; ಅದ್ದಲು
to whisper; to murmur	ಪಿಸುಗುಟ್ಟಲು; ಗೊಣಗಲು
to wilt; to fade	ವಿಲ್ಟ್ ಮಾಡಲು; ಮಸುಕಾಗಲು
to win	ಗೆಲ್ಲಲು
to win a championship	ಚಾಂಪಿಯನ್‌ಶಿಪ್ ಗೆಲ್ಲಲು
to win a lottery	ಲಾಟರಿ ಗೆಲ್ಲಲು
to wind; to coil; to roll	ಗಾಳಿಗೆ; ಸುರುಳಿಗೆ; ರೋಲ್ ಮಾಡಲು
to wipe	ಒರೆಸಲು
to wipe; to dry	ಒರೆಸಲು; ಒಣಗಲು
to withdraw	ಹಿಂತೆಗೆದುಕೊಳ್ಳಲು
to withdraw (money)	ಹಿಂಪಡೆಯಲು (ಹಣ)
to withdraw; to leave; to pull out; to retire	ಹಿಂತೆಗೆದುಕೊಳ್ಳಲು; ಬಿಡಲು; ಹೊರತೆಗೆಯಲು; ನಿವೃತ್ತಿಯಾಗಲು
to wither; to die (plant); to be blasted (plant)	ಒಣಗಲು; ಸಾಯಲು (ಸಸ್ಯ); ಸ್ಫೋಟಿಸಲು (ಸಸ್ಯ)
to wither; to fade (away); to shrivel; to wilt	ಒಣಗಲು; ಮಸುಕಾಗಲು (ದೂರ); ಕುಗ್ಗಲು; ವಿಲ್ಟ್ ಮಾಡಲು
to work	ಕೆಲಸ ಮಾಡಲು
to work (for a company)	ಕೆಲಸ ಮಾಡಲು (ಕಂಪೆನಿಗಾಗಿ)
to work for	ಕೆಲಸ ಮಾಡಲು
to work for (a company)	(ಒಂದು ಕಂಪನಿ) ಗಾಗಿ ಕೆಲಸ ಮಾಡಲು
to work for someone	ಯಾರಿಗಾದರೂ ಕೆಲಸ ಮಾಡಲು
to worry	ಚಿಂತಿಸಲು
to worship; to beg; to make a supplication	ಪೂಜೆ ಮಾಡಲು; ಭಿಕ್ಷೆ ಬೇಡಲು; ಒಂದು ಪ್ರಾರ್ಥನೆಯನ್ನು ಮಾಡಲು
to wrap	ಕಟ್ಟಲು
to wrap; to cover	ಕಟ್ಟಲು; ಕವರ್ ಮಾಡಲು
to write	ಬರೆಯಲು
to write (respect)	ಬರೆಯಲು (ಗೌರವ)
to write; to publish	ಬರೆಯಲು; ಪ್ರಕಟಿಸಲು
toast (drink)	ಟೋಸ್ಟ್ (ಪಾನೀಯ)
tobacco	ತಂಬಾಕು
today	ಇಂದು
today; this day	ಇಂದು; ಈ ದಿನ
toe	ಟೋ
together	ಒಟ್ಟಿಗೆ
together with (a person)	ಒಟ್ಟಿಗೆ (ಒಬ್ಬ ವ್ಯಕ್ತಿ)
toilet	ಶೌಚಾಲಯ
toilet; lavatory; rest room; latrine; comfort station	ಶೌಚಾಲಯ; ಶೌಚಾಲಯ; ವಿಶ್ರಾಂತಿ ಕೊಠಡಿ; ಶೌಚಾಲಯ; ಆರಾಮ ನಿಲ್ದಾಣ
toilet; restroom; lavatory; bathroom (US)	ಶೌಚಾಲಯ; ವಿಶ್ರಾಂತಿ ಕೊಠಡಿ; ಶೌಚಾಲಯ; ಸ್ನಾನಗೃಹ (ಯುಎಸ್)
tolerance	ಸಹಿಷ್ಣುತೆ
tolerate	ಸಹಿಸಿಕೊಳ್ಳುತ್ತಾರೆ
toll	ಸುಂಕ
tomato	ಟೊಮೆಟೊ
tomorrow	ನಾಳೆ
ton	ಟನ್
tone	ಸ್ವರ
tone color; tone quality; timbre; synthesizer patch	ಟೋನ್ ಬಣ್ಣ; ಟೋನ್ ಗುಣಮಟ್ಟ; ಟಿಂಬ್ರೆ; ಸಿಂಥಸೈಜರ್ ಪ್ಯಾಚ್
tongue	ನಾಲಿಗೆ
tonight	ಇಂದು ರಾತ್ರಿ
tonne	ಟನ್
too	ತುಂಬಾ
too much; unnecessary; abundance; surplus; excess; superfluity	ತುಂಬಾ; ಅನಗತ್ಯ; ಸಮೃದ್ಧಿ; ಹೆಚ್ಚುವರಿ; ಹೆಚ್ಚುವರಿ; ಅತಿಶಯ
tool	ಉಪಕರಣ
tool; means	ಉಪಕರಣ; ಅರ್ಥ
tooth	ಹಲ್ಲು
tooth / teeth	ಹಲ್ಲು / ಹಲ್ಲು
toothache	ಹಲ್ಲುನೋವು
toothbrush	ಹಲ್ಲುಜ್ಜುವ ಬ್ರಷ್
top	ಮೇಲ್ಭಾಗ
top; summit	ಮೇಲ್ಭಾಗ; ಶಿಖರ
top; summit; peak	ಮೇಲ್ಭಾಗ; ಶಿಖರ; ಶಿಖರ
topic	ವಿಷಯ
topic of discussion; agenda	ಚರ್ಚೆಯ ವಿಷಯ; ಕಾರ್ಯಸೂಚಿ
topic; subject	ವಿಷಯ; ವಿಷಯ
torture	ಚಿತ್ರಹಿಂಸೆ
toss	ಟಾಸ್
total	ಒಟ್ಟು
total darkness; shortsightedness; pitch dark	ಸಂಪೂರ್ಣ ಕತ್ತಲೆ; ದೂರದೃಷ್ಟಿ; ಪಿಚ್ ಡಾರ್ಕ್
totally	ಸಂಪೂರ್ಣವಾಗಿ
totally absorbed	ಸಂಪೂರ್ಣವಾಗಿ ಹೀರಲ್ಪಡುತ್ತದೆ
touch	ಸ್ಪರ್ಶಿಸಿ
tough	ಕಠಿಣ
tough (situation)	ಕಠಿಣ (ಪರಿಸ್ಥಿತಿ)
tour	ಪ್ರವಾಸ
tourism	ಪ್ರವಾಸೋದ್ಯಮ
tourist	ಪ್ರವಾಸಿ
tourist spot	ಪ್ರವಾಸಿ ತಾಣ
tournament	ಪಂದ್ಯಾವಳಿ
toward / against	ಕಡೆಗೆ / ವಿರುದ್ಧ
towards	ಕಡೆಗೆ
towel	ಟವೆಲ್
tower	ಗೋಪುರ
tower; pagoda	ಗೋಪುರ; ಪಗೋಡ
town	ಪಟ್ಟಣ
town; city	ಪಟ್ಟಣ; ನಗರ
town; city; municipal; urban	ಪಟ್ಟಣ; ನಗರ; ಪುರಸಭೆ; ನಗರ
toxic	ವಿಷಕಾರಿ
toy	ಆಟಿಕೆ
trace	ಕುರುಹು
track	ಟ್ರ್ಯಾಕ್
trade	ವ್ಯಾಪಾರ
trade in; part exchange	ವ್ಯಾಪಾರದಲ್ಲಿ; ಭಾಗ ವಿನಿಮಯ
trade; business; commerce; transaction; occupation	ವ್ಯಾಪಾರ; ವ್ಯಾಪಾರ; ವಾಣಿಜ್ಯ; ವಹಿವಾಟು; ಉದ್ಯೋಗ
trade; buying and selling	ವ್ಯಾಪಾರ; ಖರೀದಿ ಮತ್ತು ಮಾರಾಟ
trade; commerce	ವ್ಯಾಪಾರ; ವಾಣಿಜ್ಯ
trademark	ಟ್ರೇಡ್ಮಾರ್ಕ್
trader; merchant	ವ್ಯಾಪಾರಿ; ವ್ಯಾಪಾರಿ
trader; shopkeeper; merchant	ವ್ಯಾಪಾರಿ; ಅಂಗಡಿಯವನು; ವ್ಯಾಪಾರಿ
trading	ವ್ಯಾಪಾರ
trading company; firm	ವ್ಯಾಪಾರ ಕಂಪನಿ; ದೃಢವಾದ
tradition	ಸಂಪ್ರದಾಯ
tradition; convention	ಸಂಪ್ರದಾಯ; ಸಮಾವೇಶ
traditional	ಸಾಂಪ್ರದಾಯಿಕ
traditional inn	ಸಾಂಪ್ರದಾಯಿಕ ಇನ್
traffic	ಸಂಚಾರ
traffic jam	ಟ್ರಾಫಿಕ್ ಜಾಮ್
traffic light	ಸಂಚಾರ ದೀಪ
traffic lights; signal; semaphore	ಸಂಚಾರ ದೀಪಗಳು; ಸಂಕೇತ; ಸೆಮಾಫೋರ್
traffic; transportation	ಸಂಚಾರ; ಸಾರಿಗೆ
tragedy	ದುರಂತ
tragic	ದುರಂತ
trail	ಜಾಡು
trailer	ಟ್ರೈಲರ್
train	ರೈಲು
train (ordinary)	ರೈಲು (ಸಾಮಾನ್ಯ)
train station	ರೈಲು ನಿಲ್ದಾಣ
trainer	ತರಬೇತುದಾರ
training	ತರಬೇತಿ
training wear	ತರಬೇತಿ ಉಡುಗೆ
training; instruction	ತರಬೇತಿ; ಸೂಚನೆ
trait	ಲಕ್ಷಣ
transaction	ವಹಿವಾಟು
transcend	ಮೀರುತ್ತವೆ
transcript	ಪ್ರತಿಲೇಖನ
transfer	ವರ್ಗಾವಣೆ
transfer (train)	ವರ್ಗಾವಣೆ (ರೈಲು)
transform	ರೂಪಾಂತರ
transformation	ರೂಪಾಂತರ
transit	ಸಾಗಣೆ
transition	ಪರಿವರ್ತನೆ
translate	ಅನುವಾದಿಸಿ
translation	ಅನುವಾದ
transmission	ಪ್ರಸರಣ
transmit	ರವಾನಿಸುತ್ತದೆ
transparency	ಪಾರದರ್ಶಕತೆ
transparency; cleanness	ಪಾರದರ್ಶಕತೆ; ಸ್ವಚ್ಛತೆ
transparent	ಪಾರದರ್ಶಕ
transport	ಸಾರಿಗೆ
transport; carriage	ಸಾರಿಗೆ; ಗಾಡಿ
transport; transportation	ಸಾರಿಗೆ; ಸಾರಿಗೆ
transportation	ಸಾರಿಗೆ
transportation facilities	ಸಾರಿಗೆ ಸೌಲಭ್ಯಗಳು
trap	ಬಲೆ
trash	ಕಸ
trash; rubbish	ಕಸ; ಕಸ
trauma	ಆಘಾತ
travel	ಪ್ರಯಾಣ
travel / trip	ಪ್ರಯಾಣ / ಪ್ರವಾಸ
travel agency	ಪ್ರಯಾಣ ಸಂಸ್ಥೆ
travel; trip; journey	ಪ್ರಯಾಣ; ಪ್ರವಾಸ; ಪ್ರಯಾಣ
traveler	ಪ್ರಯಾಣಿಕ
traveller	ಪ್ರಯಾಣಿಕ
treasure	ನಿಧಿ
treat	ಚಿಕಿತ್ಸೆ
treatment	ಚಿಕಿತ್ಸೆ
treatment; service	ಚಿಕಿತ್ಸೆ; ಸೇವೆ
treaty	ಒಪ್ಪಂದ
tree	ಮರ
tree; wood	ಮರ; ಮರ
tremendous	ಪ್ರಚಂಡ
trend	ಪ್ರವೃತ್ತಿ
trial	ವಿಚಾರಣೆ
trial / court	ವಿಚಾರಣೆ / ನ್ಯಾಯಾಲಯ
trial; judgement	ವಿಚಾರಣೆ; ತೀರ್ಪು
trial; test	ವಿಚಾರಣೆ; ಪರೀಕ್ಷೆ
triangle; triangular	ತ್ರಿಕೋನ; ತ್ರಿಕೋನಾಕಾರದ
tribal	ಬುಡಕಟ್ಟು
tribe	ಬುಡಕಟ್ಟು
tribunal	ನ್ಯಾಯಮಂಡಳಿ
tribute	ಶ್ರದ್ಧಾಂಜಲಿ
trick	ಟ್ರಿಕ್
trigger	ಪ್ರಚೋದಕ
triggered by	ಮೂಲಕ ಪ್ರಚೋದಿಸಲಾಗಿದೆ
trillion	ಟ್ರಿಲಿಯನ್
trio	ಮೂವರು
trip	ಪ್ರವಾಸ
trip / travel	ಪ್ರವಾಸ / ಪ್ರಯಾಣ
trip to a foreign country	ವಿದೇಶಿ ದೇಶಕ್ಕೆ ಪ್ರವಾಸ
trip; hike; picnic	ಪ್ರವಾಸ; ಪಾದಯಾತ್ರೆ; ಪಿಕ್ನಿಕ್
triumph	ವಿಜಯೋತ್ಸವ
trolley	ಟ್ರಾಲಿ
troop	ಪಡೆ
trophy	ಟ್ರೋಫಿ
tropical	ಉಷ್ಣವಲಯದ
tropics	ಉಷ್ಣವಲಯ
trouble	ತೊಂದರೆ
trouble; bother; annoyance	ತೊಂದರೆ; ತೊಂದರೆ ಕೊಡು; ಕಿರಿಕಿರಿ
trouble; burden; care; bother	ತೊಂದರೆ; ಹೊರೆ; ಆರೈಕೆ; ತೊಂದರೆ ಕೊಡುತ್ತಾರೆ
trouble; difficulty; care; attention	ತೊಂದರೆ; ಕಷ್ಟ; ಆರೈಕೆ; ಗಮನ
troubled	ತೊಂದರೆಗೀಡಾದ
troubles; hardships	ತೊಂದರೆಗಳು; ಕಷ್ಟಗಳು
troupe; theatrical company	ತಂಡ; ನಾಟಕ ಕಂಪನಿ
trousers	ಪ್ಯಾಂಟ್
truce; armistice	ಕದನವಿರಾಮ; ಕದನವಿರಾಮ
truck	ಟ್ರಕ್
true	ನಿಜ
true adjective	ನಿಜವಾದ ವಿಶೇಷಣ
truly	ನಿಜವಾಗಿಯೂ
truly / really	ನಿಜವಾಗಿಯೂ / ನಿಜವಾಗಿಯೂ
truly / sincerely	ನಿಜವಾಗಿಯೂ / ಪ್ರಾಮಾಣಿಕವಾಗಿ
trust	ನಂಬಿಕೆ
trustee	ಟ್ರಸ್ಟಿ
truth	ಸತ್ಯ
truth; reality	ಸತ್ಯ; ವಾಸ್ತವ
try	ಪ್ರಯತ್ನಿಸಿ
try on	ಪ್ರಯತ್ನಿಸಿ
trying on clothes	ಬಟ್ಟೆಗಳನ್ನು ಪ್ರಯತ್ನಿಸುತ್ತಿದೆ
tsunami	ಸುನಾಮಿ
tube	ಟ್ಯೂಬ್
tuberculosis; tubercule	ಕ್ಷಯರೋಗ; ಕ್ಷಯರೋಗ
tuition	ಬೋಧನೆ
tumbler; glass	ಟಂಬ್ಲರ್; ಗಾಜು
tuna	ಟ್ಯೂನ ಮೀನು
tune	ರಾಗ
tune; piece of music	ರಾಗ; ಸಂಗೀತದ ತುಣುಕು
tune; tone; key	ರಾಗ; ಸ್ವರ; ಕೀ
tune; tone; knot; knob; point	ರಾಗ; ಸ್ವರ; ಗಂಟು; ಗುಬ್ಬಿ; ಪಾಯಿಂಟ್
tunnel	ಸುರಂಗ
turkey	ಟರ್ಕಿ
turn	ತಿರುಗಿ
turn (in line); order of things	ತಿರುವು (ಸಾಲಿನಲ್ಲಿ); ವಸ್ತುಗಳ ಕ್ರಮ
turn down	ತಿರಸ್ಕರಿಸು
turn up	ತಿರುಗಿ
turning a deaf ear	ಕಿವುಡಾಗಿ ತಿರುಗುತ್ತಿದೆ
turning defeat into victory	ಸೋಲನ್ನು ಗೆಲುವಾಗಿ ಪರಿವರ್ತಿಸುತ್ತದೆ
turnout	ಮತದಾನ ಪ್ರಮಾಣ
turnover	ವಹಿವಾಟು
turquoise	ವೈಡೂರ್ಯ
turtle	ಆಮೆ
tutor	ಬೋಧಕ
twelve	ಹನ್ನೆರಡು
twelve o'clock	ಹನ್ನೆರಡು ಗಂಟೆ
twenty	ಇಪ್ಪತ್ತು
twenty days; twentieth	ಇಪ್ಪತ್ತು ದಿನಗಳು; ಇಪ್ಪತ್ತನೆಯದು
twenty-five	ಇಪ್ಪತ್ತೈದು
twenty-one	ಇಪ್ಪತ್ತೊಂದು
twice	ಎರಡು ಬಾರಿ
twin	ಅವಳಿ
twins; a twin	ಅವಳಿಗಳು; ಒಂದು ಅವಳಿ
twist	ಟ್ವಿಸ್ಟ್
two	ಎರಡು
two (books)	ಎರಡು (ಪುಸ್ತಕಗಳು)
two (counter)	ಎರಡು (ಕೌಂಟರ್)
two (flat objects)	ಎರಡು (ಚಪ್ಪಟೆ ವಸ್ತುಗಳು)
two (long objects)	ಎರಡು (ಉದ್ದದ ವಸ್ತುಗಳು)
two (machines / vehicles)	ಎರಡು (ಯಂತ್ರಗಳು / ವಾಹನಗಳು)
two (small animals)	ಎರಡು (ಸಣ್ಣ ಪ್ರಾಣಿಗಳು)
two (small items)	ಎರಡು (ಸಣ್ಣ ವಸ್ತುಗಳು)
two (things)	ಎರಡು (ವಸ್ತುಗಳು)
two days	ಎರಡು ದಿನಗಳು
two days before yesterday	ನಿನ್ನೆ ಎರಡು ದಿನಗಳ ಮೊದಲು
two days; second day of the month	ಎರಡು ದಿನಗಳು; ತಿಂಗಳ ಎರಡನೇ ದಿನ
two gains in one move	ಒಂದು ನಡೆಯಲ್ಲಿ ಎರಡು ಲಾಭ
two hundred	ಇನ್ನೂರು
two minutes	ಎರಡು ನಿಮಿಷಗಳು
two o'clock	ಎರಡು ಗಂಟೆ
two people	ಎರಡು ಜನರು
two storied	ಎರಡು ಅಂತಸ್ತಿನ
type	ರೀತಿಯ
type; pattern; archetypal	ಪ್ರಕಾರ; ಮಾದರಿ; ಮೂಲರೂಪ
typhoon	ಟೈಫೂನ್
typical	ವಿಶಿಷ್ಟ
typically	ವಿಶಿಷ್ಟವಾಗಿ
tyre	ಟೈರ್
ubiquitous	ಸರ್ವತ್ರ
udon noodles	ಉಡಾನ್ ನೂಡಲ್ಸ್
ugly	ಕೊಳಕು
uh-huh; yes	ಉಹ್-ಹುಹ್; ಹೌದು
uh-uh; no	ಉಹ್-ಉಹ್; ಇಲ್ಲ
ultimate	ಅಂತಿಮ
ultimate; final; eventual	ಅಂತಿಮ; ಅಂತಿಮ; ಅಂತಿಮವಾಗಿ
ultimately	ಅಂತಿಮವಾಗಿ
um...	ಉಮ್...
umbrella	ಛತ್ರಿ
un; non; negative prefix	ಅನ್; ಅಲ್ಲದ; ಋಣಾತ್ಮಕ ಪೂರ್ವಪ್ರತ್ಯಯ
unable	ಸಾಧ್ಯವಾಗುತ್ತಿಲ್ಲ
unacceptable	ಸ್ವೀಕಾರಾರ್ಹವಲ್ಲ
unanimous	ಸರ್ವಾನುಮತದಿಂದ
unavoidably	ಅನಿವಾರ್ಯವಾಗಿ
uncertainty	ಅನಿಶ್ಚಿತತೆ
uncle	ಚಿಕ್ಕಪ್ಪ
uncle; middle-aged man	ಚಿಕ್ಕಪ್ಪ; ಮಧ್ಯವಯಸ್ಕ
unclean; dirty; filthy; impure	ಅಶುದ್ಧ; ಕೊಳಕು; ಹೊಲಸು; ಅಶುದ್ಧ
uncleanness; impurity; disgrace	ಅಶುಚಿತ್ವ; ಅಶುದ್ಧತೆ; ಅವಮಾನ
uncomfortable	ಅನಾನುಕೂಲ
unconditionally; as a rule	ಬೇಷರತ್ತಾಗಿ; ನಿಯಮದಂತೆ
unconscious	ಪ್ರಜ್ಞಾಹೀನ
uncooked rice	ಬೇಯಿಸದ ಅಕ್ಕಿ
undeniably	ನಿರ್ವಿವಾದವಾಗಿ
under	ಅಡಿಯಲ್ಲಿ
under; below; beneath	ಅಡಿಯಲ್ಲಿ; ಕೆಳಗೆ; ಕೆಳಗೆ
undergo	ಒಳಗಾಗುತ್ತವೆ
undergraduate	ಪದವಿಪೂರ್ವ
underground	ಭೂಗತ
underground train	ಭೂಗತ ರೈಲು
underground water	ಭೂಗತ ನೀರು
underline; underscore	ಅಂಡರ್ಲೈನ್; ಅಂಡರ್ಸ್ಕೋರ್
underlying	ಆಧಾರವಾಗಿರುವ
undermine	ದುರ್ಬಲಗೊಳಿಸು
underscore	ಅಂಡರ್ಸ್ಕೋರ್
understand	ಅರ್ಥಮಾಡಿಕೊಳ್ಳಿ
understanding	ತಿಳುವಳಿಕೆ
understanding; comprehension	ತಿಳುವಳಿಕೆ; ಗ್ರಹಿಕೆ
understood	ಅರ್ಥವಾಯಿತು
understood (humble)	ಅರ್ಥವಾಯಿತು (ವಿನಯ)
undertake	ಕೈಗೊಳ್ಳುತ್ತಾರೆ
underwear	ಒಳ ಉಡುಪು
undoubtedly	ನಿಸ್ಸಂದೇಹವಾಗಿ
undulation	ಏರಿಳಿತ
unemployed	ನಿರುದ್ಯೋಗಿ
unemployment	ನಿರುದ್ಯೋಗ
unequivocal	ನಿಸ್ಸಂದಿಗ್ಧ
unevenness; roughness; ruggedness	ಅಸಮಾನತೆ; ಒರಟುತನ; ಒರಟುತನ
unexpected	ಅನಿರೀಕ್ಷಿತ
unexpected; casual	ಅನಿರೀಕ್ಷಿತ; ಪ್ರಾಸಂಗಿಕ
unexpected; surprising	ಅನಿರೀಕ್ಷಿತ; ಆಶ್ಚರ್ಯಕರ
unexpectedly	ಅನಿರೀಕ್ಷಿತವಾಗಿ
unexpectedly (appear)	ಅನಿರೀಕ್ಷಿತವಾಗಿ (ಕಾಣಿಸಿಕೊಳ್ಳಲು)
unfair	ಅನ್ಯಾಯ
unfamiliar; never before met	ಪರಿಚಯವಿಲ್ಲದ; ಹಿಂದೆಂದೂ ಭೇಟಿಯಾಗಲಿಲ್ಲ
unfold	ಬಿಚ್ಚಿಕೊಳ್ಳುತ್ತವೆ
unfortunate	ದುರದೃಷ್ಟಕರ
unfortunately	ದುರದೃಷ್ಟವಶಾತ್
unhappiness; sorrow; misfortune; disaster; accident; death	ಅಸಂತೋಷ; ದುಃಖ; ದುರದೃಷ್ಟ; ವಿಪತ್ತು; ಅಪಘಾತ; ಸಾವು
unhappy	ಅತೃಪ್ತಿ
uniform	ಸಮವಸ್ತ್ರ
uniformity; evenness; similarity; equality; impartiality	ಏಕರೂಪತೆ; ಸಮತೆ; ಹೋಲಿಕೆ; ಸಮಾನತೆ; ನಿಷ್ಪಕ್ಷಪಾತ
unify	ಏಕೀಕರಿಸು
unintentional; spontaneous	ಉದ್ದೇಶಪೂರ್ವಕವಲ್ಲದ; ಸ್ವಾಭಾವಿಕ
union	ಒಕ್ಕೂಟ
union; alliance	ಒಕ್ಕೂಟ; ಮೈತ್ರಿ
union; unity	ಒಕ್ಕೂಟ; ಏಕತೆ
unique	ಅನನ್ಯ
unit	ಘಟಕ
unit; denomination; credit (in school)	ಘಟಕ; ಪಂಗಡ; ಕ್ರೆಡಿಟ್ (ಶಾಲೆಯಲ್ಲಿ)
unite	ಒಂದುಗೂಡಿಸು
united	ಒಗ್ಗೂಡಿದರು
unity	ಏಕತೆ
unity; consolidation; uniformity	ಏಕತೆ; ಬಲವರ್ಧನೆ; ಏಕರೂಪತೆ
universal	ಸಾರ್ವತ್ರಿಕ
universe	ಬ್ರಹ್ಮಾಂಡ
universe; cosmos; space	ಬ್ರಹ್ಮಾಂಡ; ಬ್ರಹ್ಮಾಂಡ; ಜಾಗ
university	ವಿಶ್ವವಿದ್ಯಾಲಯ
university graduate	ವಿಶ್ವವಿದ್ಯಾಲಯದ ಪದವೀಧರ
university student	ವಿಶ್ವವಿದ್ಯಾಲಯದ ವಿದ್ಯಾರ್ಥಿ
unknown	ಅಜ್ಞಾತ
unless	ಹೊರತು
unlike	ಭಿನ್ನವಾಗಿ
unlikely	ಅಸಂಭವ
unlucky day	ದುರದೃಷ್ಟಕರ ದಿನ
unlucky; misfortune; bad luck; fate	ದುರಾದೃಷ್ಟ; ದುರದೃಷ್ಟ; ದುರಾದೃಷ್ಟ; ವಿಧಿ
unnecessary	ಅನಗತ್ಯ
unpleasant	ಅಹಿತಕರ
unprecedented	ಅಭೂತಪೂರ್ವ
unravel	ಬಿಚ್ಚಿಡುತ್ತಾರೆ
unscrupulous	ನಿರ್ಲಜ್ಜ
unsightly; ugly	ಅಸಹ್ಯವಾದ; ಕೊಳಕು
unskilled at	ನಲ್ಲಿ ಕೌಶಲ್ಯರಹಿತ
unskillful	ಕೌಶಲ್ಯವಿಲ್ಲದ
unsuitable	ಸೂಕ್ತವಲ್ಲ
until	ತನಕ
unusual	ಅಸಾಮಾನ್ಯ
unveil	ಅನಾವರಣ
unwillingly; grudgingly; shaking head in refusal (to children)	ಇಷ್ಟವಿಲ್ಲದೆ; ಮುಜುಗರದಿಂದ; ನಿರಾಕರಣೆಯಲ್ಲಿ ತಲೆ ಅಲ್ಲಾಡಿಸುವುದು (ಮಕ್ಕಳಿಗೆ)
up	ಮೇಲೆ
up / above	ಮೇಲೆ / ಮೇಲೆ
up-train (going to Tokyo); ascent	ಅಪ್-ಟ್ರೇನ್ (ಟೋಕಿಯೋಗೆ ಹೋಗುವುದು); ಆರೋಹಣ
upcoming	ಮುಂಬರುವ
update	ನವೀಕರಿಸಿ
upgrade	ಅಪ್ಗ್ರೇಡ್
uphold	ಎತ್ತಿಹಿಡಿಯಿರಿ
upload	ಅಪ್ಲೋಡ್
upon	ಮೇಲೆ
upper	ಮೇಲ್ಭಾಗ
upper; outer; surface	ಮೇಲ್ಭಾಗ; ಬಾಹ್ಯ; ಮೇಲ್ಮೈ
uproar; disturbance	ಗಲಾಟೆ; ಅಡಚಣೆ
upset	ಅಸಮಾಧಾನ
upstairs	ಮಹಡಿಯ ಮೇಲೆ
upwards	ಮೇಲಕ್ಕೆ
urban	ನಗರ
urge	ಒತ್ತಾಯ
urgent	ತುರ್ತು
urgent; pressing	ತುರ್ತು; ಒತ್ತುವುದು
urgent; pressing; emergency	ತುರ್ತು; ಒತ್ತುವುದು; ತುರ್ತು
urgent; steep	ತುರ್ತು; ಕಡಿದಾದ
us	ನಮಗೆ
usage	ಬಳಕೆ
use	ಬಳಸಿ
use; application; employment; utilization	ಬಳಕೆ; ಅಪ್ಲಿಕೇಶನ್; ಉದ್ಯೋಗ; ಬಳಕೆ
use; service; role; position	ಬಳಕೆ; ಸೇವೆ; ಪಾತ್ರ; ಸ್ಥಾನ
use; usefulness	ಬಳಕೆ; ಉಪಯುಕ್ತತೆ
used	ಬಳಸಲಾಗಿದೆ
used to	ಬಳಸಲಾಗುತ್ತದೆ
useful	ಉಪಯುಕ್ತ
useful; convenient	ಉಪಯುಕ್ತ; ಅನುಕೂಲಕರ
useless	ಅನುಪಯುಕ್ತ
useless; no good; hopeless	ಅನುಪಯುಕ್ತ; ಒಳ್ಳೆಯದಲ್ಲ; ಹತಾಶ
user	ಬಳಕೆದಾರ
usual	ಸಾಮಾನ್ಯ
usual (historical) custom	ಸಾಮಾನ್ಯ (ಐತಿಹಾಸಿಕ) ಪದ್ಧತಿ
usually	ಸಾಮಾನ್ಯವಾಗಿ
usually; generally	ಸಾಮಾನ್ಯವಾಗಿ; ಸಾಮಾನ್ಯವಾಗಿ
usually; habitually; ordinarily; always	ಸಾಮಾನ್ಯವಾಗಿ; ಅಭ್ಯಾಸವಾಗಿ; ಸಾಮಾನ್ಯವಾಗಿ; ಯಾವಾಗಲೂ
usually; or a train that stops at every station	ಸಾಮಾನ್ಯವಾಗಿ; ಅಥವಾ ಪ್ರತಿ ನಿಲ್ದಾಣದಲ್ಲಿ ನಿಲ್ಲುವ ರೈಲು
utensil	ಪಾತ್ರೆ
utility	ಉಪಯುಕ್ತತೆ
utilization	ಬಳಕೆ
utilize	ಬಳಸಿಕೊಳ್ಳಿ
utterly	ಸಂಪೂರ್ಣವಾಗಿ
vacancy; room for rent or lease	ಖಾಲಿ ಹುದ್ದೆ; ಬಾಡಿಗೆ ಅಥವಾ ಬಾಡಿಗೆಗೆ ಕೊಠಡಿ
vacant; futile; vain; void; empty; ineffective; lifeless	ಖಾಲಿ; ನಿರರ್ಥಕ; ವ್ಯರ್ಥ; ಶೂನ್ಯ; ಖಾಲಿ; ನಿಷ್ಪರಿಣಾಮಕಾರಿ; ನಿರ್ಜೀವ
vacation	ರಜೆ
vacation / leave	ರಜೆ / ರಜೆ
vaccine	ಲಸಿಕೆ
vacuum	ನಿರ್ವಾತ
vacuum cleaner	ನಿರ್ವಾಯು ಮಾರ್ಜಕ
vacuum; hollow; empty	ನಿರ್ವಾತ; ಟೊಳ್ಳಾದ; ಖಾಲಿ
vague	ಅಸ್ಪಷ್ಟ
vain	ವ್ಯರ್ಥ
valid	ಮಾನ್ಯ
valid; proper; right; appropriate	ಮಾನ್ಯ; ಸರಿಯಾದ; ಬಲ; ಸೂಕ್ತ
validate	ಮೌಲ್ಯೀಕರಿಸಲು
validity	ಮಾನ್ಯತೆ
validity; availability; effectiveness	ಮಾನ್ಯತೆ; ಲಭ್ಯತೆ; ಪರಿಣಾಮಕಾರಿತ್ವ
valley	ಕಣಿವೆ
valuable	ಮೌಲ್ಯಯುತ
valuation; estimation; assessment; evaluation	ಮೌಲ್ಯಮಾಪನ; ಅಂದಾಜು; ಮೌಲ್ಯಮಾಪನ; ಮೌಲ್ಯಮಾಪನ
value	ಮೌಲ್ಯ
value; price; cost	ಮೌಲ್ಯ; ಬೆಲೆ; ವೆಚ್ಚ
value; worth; merit	ಮೌಲ್ಯ; ಮೌಲ್ಯದ; ಅರ್ಹತೆ
van	ವ್ಯಾನ್
vanish	ಕಣ್ಮರೆಯಾಗುತ್ತದೆ
vapour; gas	ಆವಿ; ಅನಿಲ
variable	ವೇರಿಯಬಲ್
variation	ವ್ಯತ್ಯಾಸ
varied	ವಿವಿಧ
varied; various	ವೈವಿಧ್ಯಮಯ; ವಿವಿಧ
variety	ವಿವಿಧ
variety; kind; type	ವಿವಿಧ; ರೀತಿಯ; ರೀತಿಯ
various	ವಿವಿಧ
various; different kinds of	ವಿವಿಧ; ವಿವಿಧ ರೀತಿಯ
vary	ಬದಲಾಗುತ್ತವೆ
vast	ವಿಶಾಲವಾದ
vegetable	ತರಕಾರಿ
vegetable garden	ತರಕಾರಿ ತೋಟ
vegetable shop	ತರಕಾರಿ ಅಂಗಡಿ
vegetables	ತರಕಾರಿಗಳು
vehicle	ವಾಹನ
vein	ಅಭಿಧಮನಿ
ventilation	ವಾತಾಯನ
venture	ಸಾಹಸೋದ್ಯಮ
venue	ಸ್ಥಳ
veranda / balcony	ವರಾಂಡಾ / ಬಾಲ್ಕನಿ
veranda; porch; balcony; open corridor	ವರಾಂಡಾ; ಮುಖಮಂಟಪ; ಬಾಲ್ಕನಿ; ತೆರೆದ ಕಾರಿಡಾರ್
verb	ಕ್ರಿಯಾಪದ
verb suffix to indicate reckless abandon to the activity	ಚಟುವಟಿಕೆಯನ್ನು ಅಜಾಗರೂಕತೆಯಿಂದ ತ್ಯಜಿಸುವುದನ್ನು ಸೂಚಿಸಲು ಕ್ರಿಯಾಪದ ಪ್ರತ್ಯಯ
verbal	ಮೌಖಿಕ
verbal statement	ಮೌಖಿಕ ಹೇಳಿಕೆ
verdict	ತೀರ್ಪು
verdict / judgment	ತೀರ್ಪು / ತೀರ್ಪು
verification	ಪರಿಶೀಲನೆ
verify	ಪರಿಶೀಲಿಸಿ
verse	ಪದ್ಯ
version	ಆವೃತ್ತಿ
versus	ವಿರುದ್ಧ
vertical	ಲಂಬವಾದ
vertical; perpendicular	ಲಂಬವಾದ; ಲಂಬವಾಗಿರುವ
very	ತುಂಬಾ
very fond of; to love	ಬಹಳ ಇಷ್ಟವಾಯಿತು; ಪ್ರೀತಿಸಲು
very much; exaggerated; very fine	ತುಂಬಾ; ಉತ್ಪ್ರೇಕ್ಷಿತ; ತುಂಬಾ ಚೆನ್ನಾಗಿದೆ
very soon; in a few moments/days	ಬಹಳ ಬೇಗ; ಕೆಲವೇ ಕ್ಷಣಗಳಲ್ಲಿ/ದಿನಗಳಲ್ಲಿ
very young; childish	ತುಂಬಾ ಕಿರಿಯ; ಬಾಲಿಶ
very; much; greatly	ತುಂಬಾ; ಹೆಚ್ಚು; ಬಹಳವಾಗಿ
vessel	ಪಾತ್ರೆ
veteran	ಅನುಭವಿ
via	ಮೂಲಕ
viable	ಕಾರ್ಯಸಾಧ್ಯ
vibrant	ರೋಮಾಂಚಕ
vice	ಉಪ
vicinity; nearby	ಸಮೀಪದ; ಹತ್ತಿರದ
vicious	ಕೆಟ್ಟ
victim	ಬಲಿಪಶು
victory	ಗೆಲುವು
victory or defeat; issue (of battle)	ಗೆಲುವು ಅಥವಾ ಸೋಲು; ಸಮಸ್ಯೆ (ಯುದ್ಧ)
victory or defeat; match; contest; game; bout	ಗೆಲುವು ಅಥವಾ ಸೋಲು; ಹೊಂದಾಣಿಕೆ; ಸ್ಪರ್ಧೆ; ಆಟ; ಕಾದಾಟ
video	ವೀಡಿಯೊ
video / footage	ವೀಡಿಯೊ / ತುಣುಕನ್ನು
video game	ವಿಡಿಯೋ ಗೇಮ್
video tape; VCR	ವೀಡಿಯೊ ಟೇಪ್; ವಿಸಿಆರ್
view	ವೀಕ್ಷಿಸಿ
view / opinion	ವೀಕ್ಷಣೆ / ಅಭಿಪ್ರಾಯ
viewer	ವೀಕ್ಷಕ
viewing	ವೀಕ್ಷಣೆ
viewpoint	ದೃಷ್ಟಿಕೋನ
vigor; active	ಚೈತನ್ಯ; ಸಕ್ರಿಯ
vigorous; healthy; sound	ಹುರುಪಿನ; ಆರೋಗ್ಯಕರ; ಧ್ವನಿ
vilify	ನಿಂದಿಸುತ್ತವೆ
villa; vacation home	ವಿಲ್ಲಾ; ರಜೆಯ ಮನೆ
village	ಗ್ರಾಮ
villager	ಗ್ರಾಮಸ್ಥ
vindicate	ಸಮರ್ಥಿಸಿಕೊಳ್ಳಿ
vinegar	ವಿನೆಗರ್
violate	ಉಲ್ಲಂಘಿಸುತ್ತವೆ
violation	ಉಲ್ಲಂಘನೆ
violation (of law); transgression; infringement; breach	ಉಲ್ಲಂಘನೆ (ಕಾನೂನಿನ); ಅತಿಕ್ರಮಣ; ಉಲ್ಲಂಘನೆ; ಉಲ್ಲಂಘನೆ
violence	ಹಿಂಸೆ
violent	ಹಿಂಸಾತ್ಮಕ
violent; vehement; intense	ಹಿಂಸಾತ್ಮಕ; ವೀರಾವೇಶದ; ತೀವ್ರ
violet	ನೇರಳೆ
violin	ಪಿಟೀಲು
virtual	ವಾಸ್ತವ
virtue	ಸದ್ಗುಣ
virus	ವೈರಸ್
visa	ವೀಸಾ
visible	ಗೋಚರಿಸುತ್ತದೆ
vision	ದೃಷ್ಟಿ
visit	ಭೇಟಿ
visitor	ಸಂದರ್ಶಕ
visual	ದೃಶ್ಯ
vital	ಪ್ರಮುಖ
vitality; energy	ಚೈತನ್ಯ; ಶಕ್ತಿ
vitamin	ವಿಟಮಿನ್
vividly; lively	ಸ್ಪಷ್ಟವಾಗಿ; ಉತ್ಸಾಹಭರಿತ
vocabulary; glossary	ಶಬ್ದಕೋಶ; ಪದಕೋಶ
vocal	ಗಾಯನ
voice	ಧ್ವನಿ
volcanic eruption	ಜ್ವಾಲಾಮುಖಿ ಸ್ಫೋಟ
volcano	ಜ್ವಾಲಾಮುಖಿ
volleyball	ವಾಲಿಬಾಲ್
volume	ಪರಿಮಾಣ
voluntary	ಸ್ವಯಂಪ್ರೇರಿತ
volunteer	ಸ್ವಯಂಸೇವಕ
vote	ಮತ
voting	ಮತದಾನ
voting; poll	ಮತದಾನ; ಸಮೀಕ್ಷೆ
vow	ಪ್ರತಿಜ್ಞೆ
vulgarity; meanness; indecency; coarseness	ಅಸಭ್ಯತೆ; ಅರ್ಥಹೀನತೆ; ಅಸಭ್ಯತೆ; ಒರಟುತನ
vulnerability	ದುರ್ಬಲತೆ
vulnerable	ದುರ್ಬಲ
wage	ಕೂಲಿ
waist	ಸೊಂಟ
waist / lower back	ಸೊಂಟ / ಕಡಿಮೆ ಬೆನ್ನಿನ
wait	ನಿರೀಕ್ಷಿಸಿ
waiter	ಮಾಣಿ
waiting impatiently	ಅಸಹನೆಯಿಂದ ಕಾಯುತ್ತಿದೆ
waiting room	ಕಾಯುವ ಕೋಣೆ
waiting time	ಕಾಯುವ ಸಮಯ
waitress	ಪರಿಚಾರಿಕೆ
wake	ಎಚ್ಚರಗೊಳ್ಳು
wake up	ಎದ್ದೇಳು
wake-up time	ಏಳುವ ಸಮಯ
walk	ನಡೆಯಿರಿ
walk / stroll	ನಡಿಗೆ / ದೂರ ಅಡ್ಡಾಡು
walk; stroll	ನಡೆಯಿರಿ; ದೂರ ಅಡ್ಡಾಡು
walking around at night; night train; night travel	ರಾತ್ರಿಯಲ್ಲಿ ನಡೆಯುವುದು; ರಾತ್ರಿ ರೈಲು; ರಾತ್ರಿ ಪ್ರಯಾಣ
wall	ಗೋಡೆ
wall; fence	ಗೋಡೆ; ಬೇಲಿ
wallet	ಕೈಚೀಲ
wander	ಅಲೆದಾಡುತ್ತಾರೆ
want	ಬೇಕು
want; shortage; famine	ಬೇಕು; ಕೊರತೆ; ಬರಗಾಲ
war	ಯುದ್ಧ
war; battle; campaign; fight	ಯುದ್ಧ; ಯುದ್ಧ; ಪ್ರಚಾರ; ಹೋರಾಟ
ward	ವಾರ್ಡ್
ward; district; section	ವಾರ್ಡ್; ಜಿಲ್ಲೆ; ವಿಭಾಗ
wardrobe	ವಾರ್ಡ್ರೋಬ್
warehouse	ಉಗ್ರಾಣ
warfare	ಯುದ್ಧ
warm	ಬೆಚ್ಚಗಿನ
warm, luke warm	ಬೆಚ್ಚಗಿನ, ಲೂಕ್ ಬೆಚ್ಚಗಿನ
warm; mild	ಬೆಚ್ಚಗಿನ; ಸೌಮ್ಯ
warming	ಬೆಚ್ಚಗಾಗುತ್ತಿದೆ
warmth	ಉಷ್ಣತೆ
warn	ಎಚ್ಚರಿಸುತ್ತಾರೆ
warning	ಎಚ್ಚರಿಕೆ
warning; admonition; vigilance	ಎಚ್ಚರಿಕೆ; ಉಪದೇಶ; ಜಾಗರೂಕತೆ
warning; advice	ಎಚ್ಚರಿಕೆ; ಸಲಹೆ
warrant	ವಾರಂಟ್
warrior	ಯೋಧ
warrior; samurai	ಯೋಧ; ಸಮುರಾಯ್
warship; battleship	ಯುದ್ಧನೌಕೆ; ಯುದ್ಧನೌಕೆ
wash	ತೊಳೆಯುವುದು
washbasin	ವಾಶ್ಬಾಸಿನ್
washing	ತೊಳೆಯುವುದು
washing machine	ತೊಳೆಯುವ ಯಂತ್ರ
washroom	ವಾಶ್ ರೂಂ
washroom / restroom	ವಾಶ್ ರೂಂ / ರೆಸ್ಟ್ ರೂಂ
waste	ವ್ಯರ್ಥ
waste (money)	ತ್ಯಾಜ್ಯ (ಹಣ)
waste; scrap	ತ್ಯಾಜ್ಯ; ಸ್ಕ್ರ್ಯಾಪ್
wastepaper	ತ್ಯಾಜ್ಯ ಕಾಗದ
watch	ವೀಕ್ಷಿಸಲು
watch out	ಕಾದುನೋಡಿ
watch; clock	ಗಡಿಯಾರ; ಗಡಿಯಾರ
water	ನೀರು
water (polite)	ನೀರು (ಸಭ್ಯ)
water boils	ನೀರು ಕುದಿಯುತ್ತದೆ
water fountain	ನೀರಿನ ಕಾರಂಜಿ
water level; horizon	ನೀರಿನ ಮಟ್ಟ; ದಿಗಂತ
water outage	ನೀರಿನ ನಿಲುಗಡೆ
water source	ನೀರಿನ ಮೂಲ
water supply	ನೀರು ಸರಬರಾಜು
water vapour; steam	ನೀರಿನ ಆವಿ; ಉಗಿ
water well	ಚೆನ್ನಾಗಿ ನೀರು
waterfall	ಜಲಪಾತ
watermelon	ಕಲ್ಲಂಗಡಿ
wave	ತರಂಗ
way	ದಾರಿ
way of swimming	ಈಜು ವಿಧಾನ
way; manner; kind	ದಾರಿ; ವಿಧಾನ; ರೀತಿಯ
way; means	ದಾರಿ; ಅರ್ಥ
way; road; directions	ದಾರಿ; ರಸ್ತೆ; ನಿರ್ದೇಶನಗಳು
we	ನಾವು
weak	ದುರ್ಬಲ
weak point; weakness	ದುರ್ಬಲ ಬಿಂದು; ದೌರ್ಬಲ್ಯ
weaken	ದುರ್ಬಲಗೊಳಿಸುತ್ತವೆ
weakness	ದೌರ್ಬಲ್ಯ
wealth	ಸಂಪತ್ತು
wealthy	ಶ್ರೀಮಂತ
weapon	ಆಯುಧ
weapon; arms; ordinance	ಆಯುಧ; ತೋಳುಗಳು; ಸುಗ್ರೀವಾಜ್ಞೆ
wear	ಧರಿಸುತ್ತಾರೆ
wear / clothing	ಉಡುಗೆ / ಬಟ್ಟೆ
weather	ಹವಾಮಾನ
weather forecast	ಹವಾಮಾನ ಮುನ್ಸೂಚನೆ
weather; climate	ಹವಾಮಾನ; ಹವಾಮಾನ
weave	ನೇಯ್ಗೆ
web	ವೆಬ್
website	ವೆಬ್‌ಸೈಟ್
wedding	ಮದುವೆ
weed	ಕಳೆ
week	ವಾರ
week (period)	ವಾರ (ಅವಧಿ)
week after next	ಮುಂದಿನ ವಾರದ ನಂತರ
week; weekly	ವಾರ; ವಾರಕ್ಕೊಮ್ಮೆ
weekday	ವಾರದ ದಿನ
weekday; ordinary days	ವಾರದ ದಿನ; ಸಾಮಾನ್ಯ ದಿನಗಳು
weekend	ವಾರಾಂತ್ಯ
weekly	ವಾರಕ್ಕೊಮ್ಮೆ
weigh	ತೂಕ
weight	ತೂಕ
weird	ವಿಲಕ್ಷಣ
welcome	ಸ್ವಾಗತ
welcome (in a shop)	ಸ್ವಾಗತ (ಅಂಗಡಿಯಲ್ಲಿ)
welcome / come in	ಸ್ವಾಗತ / ಒಳಗೆ ಬನ್ನಿ
welcome home	ಮನೆಗೆ ಸ್ವಾಗತ
welcome; reception	ಸ್ವಾಗತ; ಸ್ವಾಗತ
welfare	ಕಲ್ಯಾಣ
well	ಚೆನ್ನಾಗಿ
well then...	ಸರಿ ಹಾಗಾದರೆ...
well-being	ಯೋಗಕ್ಷೇಮ
well...; let me see...	ಚೆನ್ನಾಗಿ...; ನನಗೆ ನೋಡೋಣ...
well; properly; suitably; best regards; please remember me	ಚೆನ್ನಾಗಿ; ಸರಿಯಾಗಿ; ಸೂಕ್ತವಾಗಿ; ಶುಭಾಶಯಗಳು; ದಯವಿಟ್ಟು ನನ್ನನ್ನು ನೆನಪಿಡಿ
wellness	ಕ್ಷೇಮ
west	ಪಶ್ಚಿಮ
western	ಪಶ್ಚಿಮ
western countries	ಪಾಶ್ಚಿಮಾತ್ಯ ದೇಶಗಳು
western-style clothes	ಪಾಶ್ಚಿಮಾತ್ಯ ಶೈಲಿಯ ಬಟ್ಟೆಗಳು
wet	ತೇವ
wet towel	ಆರ್ದ್ರ ಟವಲ್
whale	ತಿಮಿಂಗಿಲ
what	ಏನು
what color?	ಯಾವ ಬಣ್ಣ?
what date	ಯಾವ ದಿನಾಂಕ
what day	ಯಾವ ದಿನ
what day of the month?	ತಿಂಗಳ ಯಾವ ದಿನ?
what day of the week?	ವಾರದ ಯಾವ ದಿನ?
what do you recommend?	ನೀವೇನು ಶಿಫಾರಸು ಮಾಡುತ್ತೀರಿ?
what is this?	ಇದು ಏನು?
what kind of	ಯಾವ ರೀತಿಯ
what kind of...	ಯಾವ ರೀತಿಯ...
what language?	ಯಾವ ಭಾಷೆ?
what minute?; how many minutes?	ಯಾವ ನಿಮಿಷ?; ಎಷ್ಟು ನಿಮಿಷಗಳು?
what month	ಯಾವ ತಿಂಗಳು
what month?	ಯಾವ ತಿಂಗಳು?
what nationality?	ಯಾವ ರಾಷ್ಟ್ರೀಯತೆ?
what number	ಯಾವ ಸಂಖ್ಯೆ
what number?	ಯಾವ ಸಂಖ್ಯೆ?
what time	ಯಾವ ಸಮಯ
what time is it now	ಈಗ ಸಮಯ ಎಷ್ಟು
what time?	ಯಾವ ಸಮಯ?
what year?	ಯಾವ ವರ್ಷ?
what's up?	ಏನಾಗಿದೆ?
what; how; whatever	ಏನು; ಹೇಗೆ; ಏನೇ ಇರಲಿ
what? / which? / what kind of?	ಏನು? / ಯಾವುದು? / ಯಾವ ರೀತಿಯ?
whatever	ಏನೇ ಇರಲಿ
whatsoever	ಏನೇ ಇರಲಿ
wheat	ಗೋಧಿ
wheel	ಚಕ್ರ
when	ಯಾವಾಗ
when...; at the time of...	ಯಾವಾಗ...; ಸಮಯದಲ್ಲಿ...
when; how soon	ಯಾವಾಗ; ಎಷ್ಟು ಬೇಗ
when?	ಯಾವಾಗ?
whenever	ಯಾವಾಗಲಾದರೂ
where	ಎಲ್ಲಿ
where (polite)	ಎಲ್ಲಿ (ಸಭ್ಯ)
where are you from?	ನೀವು ಎಲ್ಲಿಂದ ಬಂದಿದ್ದೀರಿ?
where is the restroom?	ರೆಸ್ಟ್‌ರೂಂ ಎಲ್ಲಿದೆ?
where; what place	ಎಲ್ಲಿ; ಯಾವ ಸ್ಥಳ
where; which; who; anyway; anyhow; at any rate	ಎಲ್ಲಿ; ಯಾವುದು; WHO; ಹೇಗಾದರೂ; ಹೇಗಾದರೂ; ಯಾವುದೇ ದರದಲ್ಲಿ
where? / what place?	ಎಲ್ಲಿ? / ಯಾವ ಸ್ಥಳ?
whereas	ಆದರೆ
whereby	ಆ ಮೂಲಕ
wherever	ಎಲ್ಲೆಲ್ಲಿ
whether	ಎಂಬುದನ್ನು
which	ಯಾವುದು
which (emphatic)	ಯಾವುದು (ಒತ್ತಡ)
which (of these)	ಯಾವುದು (ಇವುಗಳಲ್ಲಿ)
which (of two)	ಯಾವುದು (ಎರಡರಲ್ಲಿ)
which ...	ಯಾವ ...
which one	ಯಾವುದು
which one (casual)	ಯಾವುದು (ಸಾಂದರ್ಭಿಕ)
which one (three of more)	ಯಾವುದು (ಇನ್ನಷ್ಟು ಮೂರು)
which one (two items)	ಯಾವುದು (ಎರಡು ವಸ್ತುಗಳು)
which; what	ಯಾವುದು; ಏನು
which; who	ಯಾವುದು; ಯಾರು
while	ಸಮಯದಲ್ಲಿ
while talking; the line is busy	ಮಾತನಾಡುವಾಗ; ಸಾಲು ಕಾರ್ಯನಿರತವಾಗಿದೆ
while...	ಸಂದರ್ಭದಲ್ಲಿ...
whilst	ಅದೇ ಸಮಯದಲ್ಲಿ
whim; caprice; whimsy; fickle; moody; uneven temper	ಹುಚ್ಚಾಟಿಕೆ; ಕ್ಯಾಪ್ರಿಸ್; ಹುಚ್ಚಾಟಿಕೆ; ಚಂಚಲ; ಮೂಡಿ; ಅಸಮ ಸ್ವಭಾವ
whip	ಚಾವಟಿ
whisper	ಗುಸುಗುಸು
white	ಬಿಳಿ
white or grey hair; trendy hair bleaching	ಬಿಳಿ ಅಥವಾ ಬೂದು ಕೂದಲು; ಟ್ರೆಂಡಿ ಕೂದಲು ಬ್ಲೀಚಿಂಗ್
who	ಯಾರು
who (polite)	ಯಾರು (ಸಭ್ಯ)
who?	ಯಾರು?
whoever	ಯಾರೇ ಆಗಲಿ
whole	ಸಂಪೂರ್ಣ
whole life; a lifetime; all through life	ಇಡೀ ಜೀವನ; ಒಂದು ಜೀವಮಾನ; ಜೀವನದುದ್ದಕ್ಕೂ
whole year; always; everyday	ಇಡೀ ವರ್ಷ; ಯಾವಾಗಲೂ; ಪ್ರತಿದಿನ
whole; entirety; whatever (is the matter)	ಸಂಪೂರ್ಣ; ಸಂಪೂರ್ಣ; ಏನೇ ಇರಲಿ (ವಿಷಯ)
wholly	ಸಂಪೂರ್ಣವಾಗಿ
whom	ಯಾರನ್ನು
whose	ಯಾರ
why	ಏಕೆ
why (casual)	ಏಕೆ (ಸಾಂದರ್ಭಿಕ)
why / how come	ಏಕೆ / ಹೇಗೆ
why; how	ಏಕೆ; ಹೇಗೆ
wide	ಅಗಲ
wide / spacious	ವಿಶಾಲ / ವಿಶಾಲವಾದ
widely	ವ್ಯಾಪಕವಾಗಿ
widen	ಅಗಲಗೊಳಿಸು
widespread	ವ್ಯಾಪಕವಾಗಿ
widow	ವಿಧವೆ
width	ಅಗಲ
width; breadth	ಅಗಲ; ಅಗಲ
wife	ಹೆಂಡತಿ
wife (someone's)	ಹೆಂಡತಿ (ಯಾರೊಬ್ಬರ)
wife; Mrs; madam	ಹೆಂಡತಿ; ಶ್ರೀಮತಿ; ಮೇಡಂ
wild	ಕಾಡು
wildlife	ವನ್ಯಜೀವಿ
will	ತಿನ್ನುವೆ
will / determination	ಇಚ್ಛೆ / ನಿರ್ಣಯ
will; desire; ambition	ತಿನ್ನುವೆ; ಆಸೆ; ಮಹತ್ವಾಕಾಂಕ್ಷೆ
will; volition	ತಿನ್ನುವೆ; ಇಚ್ಛೆ
willing	ಸಿದ್ಧರಿದ್ದಾರೆ
willingness	ಇಚ್ಛೆ
win	ಗೆಲ್ಲುತ್ತಾರೆ
win; victory	ಗೆಲುವು; ಗೆಲುವು
wind	ಗಾಳಿ
wind up	ಗಾಳಿ
window	ಕಿಟಕಿ
windy	ಗಾಳಿ ಬೀಸುವ
wine	ವೈನ್
wing	ರೆಕ್ಕೆ
wings	ರೆಕ್ಕೆಗಳು
winner	ವಿಜೇತ
winter	ಚಳಿಗಾಲ
winter scarf	ಚಳಿಗಾಲದ ಸ್ಕಾರ್ಫ್
wipe	ಒರೆಸಿ
wire	ತಂತಿ
wireless	ನಿಸ್ತಂತು
wisdom	ಬುದ್ಧಿವಂತಿಕೆ
wisdom; intelligence; prudence	ಬುದ್ಧಿವಂತಿಕೆ; ಬುದ್ಧಿವಂತಿಕೆ; ವಿವೇಕ
wisdom; wit; sagacity; sense; intelligence; advice	ಬುದ್ಧಿವಂತಿಕೆ; ಬುದ್ಧಿ; ಜಾಣತನ; ಅರ್ಥದಲ್ಲಿ; ಬುದ್ಧಿವಂತಿಕೆ; ಸಲಹೆ
wise	ಬುದ್ಧಿವಂತ
wise; clever; smart	ಬುದ್ಧಿವಂತ; ಬುದ್ಧಿವಂತ; ಬುದ್ಧಿವಂತ
wish	ಹಾರೈಕೆ
wish; desire; (a) hope	ಹಾರೈಕೆ; ಆಸೆ; (ಎ) ಭರವಸೆ
wit	ಬುದ್ಧಿ
with	ಜೊತೆಗೆ
with (feeling)	ಜೊತೆ (ಭಾವನೆ)
with a pinch of salt	ಒಂದು ಪಿಂಚ್ ಉಪ್ಪಿನೊಂದಿಗೆ
with the exception of	ಹೊರತುಪಡಿಸಿ
with trouble; at great pains; long-awaited	ತೊಂದರೆಯೊಂದಿಗೆ; ದೊಡ್ಡ ನೋವುಗಳಲ್ಲಿ; ಬಹುನಿರೀಕ್ಷಿತ
with utmost effort	ಅತ್ಯಂತ ಪ್ರಯತ್ನದಿಂದ
with; by; by means of; because; in view of	ಜೊತೆ; ಮೂಲಕ; ಮೂಲಕ; ಏಕೆಂದರೆ; ದೃಷ್ಟಿಯಿಂದ
withdraw	ಹಿಂತೆಗೆದುಕೊಳ್ಳಿ
withdrawal	ವಾಪಸಾತಿ
within	ಒಳಗೆ
without	ಇಲ್ಲದೆ
without permission	ಅನುಮತಿಯಿಲ್ಲದೆ
witness	ಸಾಕ್ಷಿ
wolf	ತೋಳ
woman	ಮಹಿಳೆ
woman; female	ಮಹಿಳೆ; ಹೆಣ್ಣು
woman; girl	ಮಹಿಳೆ; ಹುಡುಗಿ
wonder	ಆಶ್ಚರ್ಯ
wonder; miracle	ಆಶ್ಚರ್ಯ; ಪವಾಡ
wonderful	ಅದ್ಭುತ
wonderful; gorgeous; splendor; pomp; extravagance	ಅದ್ಭುತ; ಬಹುಕಾಂತೀಯ; ವೈಭವ; ಆಡಂಬರ; ದುಂದುಗಾರಿಕೆ
wonderful; splendid; magnificent	ಅದ್ಭುತ; ಭವ್ಯವಾದ; ಭವ್ಯವಾದ
wood	ಮರ
wooden	ಮರದ
woods	ಕಾಡುಗಳು
woods; forester	ಕಾಡುಗಳು; ಅರಣ್ಯಾಧಿಕಾರಿ
wool	ಉಣ್ಣೆ
word	ಪದ
word / language	ಪದ / ಭಾಷೆ
word root; word derivation; etymology	ಪದದ ಮೂಲ; ಪದ ವ್ಯುತ್ಪತ್ತಿ; ವ್ಯುತ್ಪತ್ತಿ
word; language	ಪದ; ಭಾಷೆ
word; vocabulary	ಪದ; ಶಬ್ದಕೋಶ
word; vocabulary; (usually) single-character word	ಪದ; ಶಬ್ದಕೋಶ; (ಸಾಮಾನ್ಯವಾಗಿ) ಏಕ-ಅಕ್ಷರ ಪದ
words; phrases	ಪದಗಳು; ನುಡಿಗಟ್ಟುಗಳು
work	ಕೆಲಸ
work (film; book)	ಕೆಲಸ (ಚಲನಚಿತ್ರ; ಪುಸ್ತಕ)
work / duty	ಕೆಲಸ / ಕರ್ತವ್ಯ
work / job	ಕೆಲಸ / ಕೆಲಸ
work out	ಕೆಲಸ ಮಾಡಿ
work; construction; handicraft; maneuvering	ಕೆಲಸ; ನಿರ್ಮಾಣ; ಕರಕುಶಲ; ಕುಶಲ
work; labor	ಕೆಲಸ; ಶ್ರಮ
work; operation; manufacturing; fatigue duty	ಕೆಲಸ; ಕಾರ್ಯಾಚರಣೆ; ಉತ್ಪಾದನೆ; ಆಯಾಸ ಕರ್ತವ್ಯ
work; opus; performance; production	ಕೆಲಸ; ಕೃತಿ; ಕಾರ್ಯಕ್ಷಮತೆ; ಉತ್ಪಾದನೆ
worker	ಕೆಲಸಗಾರ
worker; mechanic; artisan; craftsman	ಕೆಲಸಗಾರ; ಮೆಕ್ಯಾನಿಕ್; ಕುಶಲಕರ್ಮಿ; ಕುಶಲಕರ್ಮಿ
workforce	ಕಾರ್ಯಪಡೆ
working	ಕೆಲಸ ಮಾಡುತ್ತಿದೆ
working together; (husband and wife) earning a living together	ಒಟ್ಟಿಗೆ ಕೆಲಸ; (ಗಂಡ ಮತ್ತು ಹೆಂಡತಿ) ಒಟ್ಟಿಗೆ ಜೀವನವನ್ನು ಸಂಪಾದಿಸುವುದು
workload	ಕೆಲಸದ ಹೊರೆ
workout	ತಾಲೀಮು
workplace	ಕೆಲಸದ ಸ್ಥಳ
workshop	ಕಾರ್ಯಾಗಾರ
world	ಪ್ರಪಂಚ
world; society	ಜಗತ್ತು; ಸಮಾಜ
worldwide	ವಿಶ್ವಾದ್ಯಂತ
worm	ಹುಳು
worried	ಚಿಂತಿತನಾದ
worried about	ಬಗ್ಗೆ ಚಿಂತಿತರಾಗಿದ್ದಾರೆ
worry	ಚಿಂತೆ
worry; concern; anxiety; care	ಚಿಂತೆ; ಕಾಳಜಿ; ಆತಂಕ; ಕಾಳಜಿ
worse	ಕೆಟ್ಟದಾಗಿದೆ
worship	ಪೂಜೆ
worship; shrine visit	ಪೂಜೆ; ದೇಗುಲ ಭೇಟಿ
worst	ಕೆಟ್ಟದ್ದು
worth	ಮೌಲ್ಯದ
worthwhile	ಸಾರ್ಥಕ
worthy	ಯೋಗ್ಯ
would	ಎಂದು
wound	ಗಾಯ
wound; injury; hurt; cut	ಗಾಯ; ಗಾಯ; ಹರ್ಟ್; ಕತ್ತರಿಸಿ
wow	ವಾಹ್
wrap	ಸುತ್ತು
wrapping cloth; cloth wrapper	ಸುತ್ತುವ ಬಟ್ಟೆ; ಬಟ್ಟೆಯ ಹೊದಿಕೆ
wrist	ಮಣಿಕಟ್ಟು
write	ಬರೆಯಿರಿ
writer	ಬರಹಗಾರ
writer; author	ಬರಹಗಾರ; ಲೇಖಕ
writing	ಬರೆಯುತ್ತಿದ್ದೇನೆ
writing brush	ಬರೆಯುವ ಕುಂಚ
writing down; putting on record; recording; making a note of; registration (of mail)	ಬರೆಯುವುದು; ದಾಖಲೆ ಹಾಕುವುದು; ರೆಕಾರ್ಡಿಂಗ್; ಒಂದು ಟಿಪ್ಪಣಿ ಮಾಡುವುದು; ನೋಂದಣಿ (ಮೇಲ್)
writing paper; stationery	ಬರೆಯುವ ಕಾಗದ; ಲೇಖನ ಸಾಮಗ್ರಿಗಳು
written	ಬರೆಯಲಾಗಿದೆ
written application or petition	ಲಿಖಿತ ಅರ್ಜಿ ಅಥವಾ ಮನವಿ
wrong	ತಪ್ಪು
wrong; bad; improper; unjustifiable; inadvisable	ತಪ್ಪು; ಕೆಟ್ಟ; ಅನುಚಿತ; ಸಮರ್ಥನೀಯವಲ್ಲದ; ಅನಪೇಕ್ಷಿತ
yakuza; gangster	ಯಾಕುಜಾ; ದರೋಡೆಕೋರ
yard	ಅಂಗಳ
yeah	ಹೌದು
year	ವರ್ಷ
year (period)	ವರ್ಷ (ಅವಧಿ)
year after next	ಮುಂದಿನ ವರ್ಷ
year before last	ಕಳೆದ ವರ್ಷ ಮೊದಲು
year end; sunset; nightfall; end	ವರ್ಷಾಂತ್ಯ; ಸೂರ್ಯಾಸ್ತ; ರಾತ್ರಿ; ಅಂತ್ಯ
year in school; grade in school	ಶಾಲೆಯಲ್ಲಿ ವರ್ಷ; ಶಾಲೆಯಲ್ಲಿ ಗ್ರೇಡ್
year; fiscal year; school year; term	ವರ್ಷ; ಆರ್ಥಿಕ ವರ್ಷ; ಶಾಲಾ ವರ್ಷ; ಅವಧಿ
yell	ಕೂಗು
yellow	ಹಳದಿ
yellowish green	ಹಳದಿ ಹಸಿರು
yen	ಯೆನ್
yes	ಹೌದು
yes or no; existence; flag indicator (comp); presence or absence marker	ಹೌದು ಅಥವಾ ಇಲ್ಲ; ಅಸ್ತಿತ್ವ; ಧ್ವಜ ಸೂಚಕ (comp); ಉಪಸ್ಥಿತಿ ಅಥವಾ ಅನುಪಸ್ಥಿತಿಯ ಮಾರ್ಕರ್
yes, that's right	ಹೌದು, ಅದು ಸರಿ
yesterday	ನಿನ್ನೆ
yet	ಇನ್ನೂ
yet; and	ಇನ್ನೂ; ಮತ್ತು
yet; still; more; besides	ಇನ್ನೂ; ಇನ್ನೂ; ಹೆಚ್ಚು; ಜೊತೆಗೆ
yield	ಇಳುವರಿ
yoga	ಯೋಗ
yogurt	ಮೊಸರು
you	ನೀವು
you're welcome	ನಿಮಗೆ ಸ್ವಾಗತ
you; lady	ನೀವು; ಮಹಿಳೆ
young	ಯುವ
young lady	ಯುವತಿ
younger brother	ಕಿರಿಯ ಸಹೋದರ
younger sister	ತಂಗಿ
youngest child	ಕಿರಿಯ ಮಗು
youngster	ಯುವಕ
your	ನಿಮ್ಮ
your attendance	ನಿಮ್ಮ ಹಾಜರಾತಿ
your attendance (respect)	ನಿಮ್ಮ ಹಾಜರಾತಿ (ಗೌರವ)
your attention (to a speech)	ನಿಮ್ಮ ಗಮನ (ಭಾಷಣಕ್ಕೆ)
your correction / point	ನಿಮ್ಮ ತಿದ್ದುಪಡಿ / ಪಾಯಿಂಟ್
your family (respect)	ನಿಮ್ಮ ಕುಟುಂಬ (ಗೌರವ)
your kind consideration	ನಿಮ್ಮ ರೀತಿಯ ಪರಿಗಣನೆ
your order	ನಿಮ್ಮ ಆದೇಶ
your order?	ನಿಮ್ಮ ಆದೇಶ?
your pardon; declining (something); dismissal; permission	ನಿಮ್ಮ ಕ್ಷಮೆ; ಕ್ಷೀಣಿಸುತ್ತಿದೆ (ಏನಾದರೂ); ವಜಾ; ಅನುಮತಿ
your patronage	ನಿಮ್ಮ ಪ್ರೋತ್ಸಾಹ
your request	ನಿಮ್ಮ ವಿನಂತಿ
your use (respect)	ನಿಮ್ಮ ಬಳಕೆ (ಗೌರವ)
your visit to the store	ಅಂಗಡಿಗೆ ನಿಮ್ಮ ಭೇಟಿ
yours	ನಿಮ್ಮದು
yourself	ನೀವೇ
youth	ಯುವಕರು
youth; young man	ಯುವಕರು; ಯುವಕ
youth; young person	ಯುವಕರು; ಯುವ ವ್ಯಕ್ತಿ
youthful; young	ತಾರುಣ್ಯದ; ಯುವ
ys	ys
zeal; enthusiasm	ಉತ್ಸಾಹ; ಉತ್ಸಾಹ
zebra	ಜೀಬ್ರಾ
zero	ಶೂನ್ಯ
zero; no marks	ಶೂನ್ಯ; ಯಾವುದೇ ಗುರುತುಗಳಿಲ್ಲ
zipper	ಝಿಪ್ಪರ್
zone	ವಲಯ
zoo	ಮೃಗಾಲಯ
zoori (Japanese footwear); sandals	ಜೂರಿ (ಜಪಾನೀಸ್ ಪಾದರಕ್ಷೆಗಳು); ಚಪ್ಪಲಿಗಳು
~ City	~ ನಗರ
~ Prefecture	~ ಪ್ರಿಫೆಕ್ಚರ್
~ State	~ ರಾಜ್ಯ
~ language	~ ಭಾಷೆ
~ nationality	~ ರಾಷ್ಟ್ರೀಯತೆ
~street; ~quarters	~ಬೀದಿ; ~ಕ್ವಾರ್ಟರ್ಸ್
ｐink	ಶಾಯಿ
A blueberry muffin, please.	ಬ್ಲೂಬೆರ್ರಿ ಮಫಿನ್, ದಯವಿಟ್ಟು.
A cappuccino, please.	ಕ್ಯಾಪುಸಿನೊ, ದಯವಿಟ್ಟು.
A dessert menu, please.	ದಯವಿಟ್ಟು ಡೆಸರ್ಟ್ ಮೆನು ನೀಡಿ.
A lemonade, please.	ದಯವಿಟ್ಟು ನಿಂಬೆ ಪಾನಕ.
About 10 minutes. You have plenty of time.	ಸುಮಾರು 10 ನಿಮಿಷಗಳು. ನಿಮಗೆ ಸಾಕಷ್ಟು ಸಮಯವಿದೆ.
About 30 minutes with this traffic.	ಈ ಸಂಚಾರದೊಂದಿಗೆ ಸುಮಾರು 30 ನಿಮಿಷಗಳು.
About five minutes from here.	ಇಲ್ಲಿಂದ ಸುಮಾರು ಐದು ನಿಮಿಷಗಳು.
Actually, what about this mug?	ವಾಸ್ತವವಾಗಿ, ಈ ಮಗ್ ಬಗ್ಗೆ ಏನು?
Adults are 8 dollars, students get a discount.	ವಯಸ್ಕರಿಗೆ 8 ಡಾಲರ್, ವಿದ್ಯಾರ್ಥಿಗಳು ರಿಯಾಯಿತಿ ಪಡೆಯುತ್ತಾರೆ.
Alright. The counter is over there.	ಸರಿ. ಅಲ್ಲಿ ಕೌಂಟರ್ ಮುಗಿದಿದೆ.
An iced latte, please.	ಐಸ್ಡ್ ಲ್ಯಾಟೆ, ದಯವಿಟ್ಟು.
Anything else with that?	ಅದರೊಂದಿಗೆ ಮತ್ತೇನಾದರೂ?
Anytime! Enjoy the museum.	ಯಾವುದೇ ಸಮಯದಲ್ಲಿ! ವಸ್ತುಸಂಗ್ರಹಾಲಯವನ್ನು ಆನಂದಿಸಿ.
Are there any side effects?	ಯಾವುದೇ ಅಡ್ಡ ಪರಿಣಾಮಗಳಿವೆಯೇ?
Can I move some things to my carry-on?	ನಾನು ಕೆಲವು ವಸ್ತುಗಳನ್ನು ನನ್ನ ಕ್ಯಾರಿ-ಆನ್‌ಗೆ ಸರಿಸಬಹುದೇ?
Can you call a taxi for me in the morning?	ನೀವು ನನಗೆ ಬೆಳಿಗ್ಗೆ ಟ್ಯಾಕ್ಸಿಗೆ ಕರೆ ಮಾಡಬಹುದೇ?
Card, please.	ಕಾರ್ಡ್, ದಯವಿಟ್ಟು.
Cash, please.	ನಗದು, ದಯವಿಟ್ಟು.
Cash.	ನಗದು.
Certainly. Here's your key. Room 301, third floor.	ಖಂಡಿತವಾಗಿಯೂ. ನಿಮ್ಮ ಕೀ ಇಲ್ಲಿದೆ. ಕೊಠಡಿ 301, ಮೂರನೇ ಮಹಡಿ.
Certainly. The machine is right here.	ಖಂಡಿತವಾಗಿಯೂ. ಯಂತ್ರ ಇಲ್ಲಿಯೇ ಇದೆ.
Checkout is at 10 am. You can leave your bags at the desk.	ಚೆಕ್ಔಟ್ 10 ಗಂಟೆಗೆ. ನಿಮ್ಮ ಚೀಲಗಳನ್ನು ಮೇಜಿನ ಬಳಿ ಬಿಡಬಹುದು.
Coming right up! Would you like anything to eat?	ಸರಿಯಾಗಿ ಬರುತ್ತಿದೆ! ನೀವು ಏನಾದರೂ ತಿನ್ನಲು ಬಯಸುವಿರಾ?
Could I get some chili flakes?	ನಾನು ಕೆಲವು ಮೆಣಸಿನಕಾಯಿಗಳನ್ನು ಪಡೆಯಬಹುದೇ?
Could I get some extra napkins?	ನಾನು ಕೆಲವು ಹೆಚ್ಚುವರಿ ನ್ಯಾಪ್ಕಿನ್ಗಳನ್ನು ಪಡೆಯಬಹುದೇ?
Could I go by bus instead?	ಬದಲಿಗೆ ನಾನು ಬಸ್ಸಿನಲ್ಲಿ ಹೋಗಬಹುದೇ?
Done! Here's your receipt and your gift.	ಮುಗಿದಿದೆ! ನಿಮ್ಮ ರಸೀದಿ ಮತ್ತು ನಿಮ್ಮ ಉಡುಗೊರೆ ಇಲ್ಲಿದೆ.
Exactly. You can't miss it — it's a big white building.	ನಿಖರವಾಗಿ. ನೀವು ಅದನ್ನು ತಪ್ಪಿಸಿಕೊಳ್ಳಬಾರದು - ಇದು ದೊಡ್ಡ ಬಿಳಿ ಕಟ್ಟಡವಾಗಿದೆ.
For here, please.	ಇಲ್ಲಿಗಾಗಿ, ದಯವಿಟ್ಟು.
Gate 12, to your left after security.	ಗೇಟ್ 12, ಭದ್ರತೆಯ ನಂತರ ನಿಮ್ಮ ಎಡಕ್ಕೆ.
Get well soon!	ಬೇಗ ಗುಣಮುಖರಾಗಿ!
Go straight down this road. At the bank, turn left.	ಈ ರಸ್ತೆಯಲ್ಲಿ ನೇರವಾಗಿ ಹೋಗಿ. ಬ್ಯಾಂಕಿನಲ್ಲಿ, ಎಡಕ್ಕೆ ತಿರುಗಿ.
Good to hear. There was an accident on the highway.	ಕೇಳಲು ಚೆನ್ನಾಗಿದೆ. ಹೆದ್ದಾರಿಯಲ್ಲಿ ಅಪಘಾತ ಸಂಭವಿಸಿದೆ.
Good. Has it helped at all?	ಒಳ್ಳೆಯದು. ಇದು ಎಲ್ಲಾದರೂ ಸಹಾಯ ಮಾಡಿದೆಯೇ?
Goodbye!	ವಿದಾಯ!
Got it. It's not far.	ಅರ್ಥವಾಯಿತು. ಇದು ದೂರವಿಲ್ಲ.
Got it. Turn left at the bank and keep walking.	ಅರ್ಥವಾಯಿತು. ಬ್ಯಾಂಕಿನಲ್ಲಿ ಎಡಕ್ಕೆ ತಿರುಗಿ ನಡೆಯುತ್ತಲೇ ಇರಿ.
Great choice! Anything to drink?	ಉತ್ತಮ ಆಯ್ಕೆ! ಕುಡಿಯಲು ಏನಾದರೂ?
Great choice! Would you like it wrapped?	ಉತ್ತಮ ಆಯ್ಕೆ! ನೀವು ಅದನ್ನು ಸುತ್ತಲು ಬಯಸುತ್ತೀರಾ?
Great! For here or to go?	ಗ್ರೇಟ್! ಇಲ್ಲಿಗೆ ಅಥವಾ ಹೋಗಲು?
Great, thanks for your help!	ಅದ್ಭುತವಾಗಿದೆ, ನಿಮ್ಮ ಸಹಾಯಕ್ಕಾಗಿ ಧನ್ಯವಾದಗಳು!
Here you are. That's 12 dollars.	ನೀವು ಇಲ್ಲಿದ್ದೀರಿ. ಅದು 12 ಡಾಲರ್.
Here you are. The cheesecake is our specialty.	ನೀವು ಇಲ್ಲಿದ್ದೀರಿ. ಚೀಸ್ ನಮ್ಮ ವಿಶೇಷತೆಯಾಗಿದೆ.
Here you go.	ಇಲ್ಲಿ ನೀವು ಹೋಗಿ.
Here you go. Thanks!	ಇಲ್ಲಿ ನೀವು ಹೋಗಿ. ಧನ್ಯವಾದಗಳು!
Here's your change. Thanks for coming!	ನಿಮ್ಮ ಬದಲಾವಣೆ ಇಲ್ಲಿದೆ. ಬಂದಿದ್ದಕ್ಕಾಗಿ ಧನ್ಯವಾದಗಳು!
Hot, please.	ಬಿಸಿ, ದಯವಿಟ್ಟು.
How long does the bus take?	ಬಸ್ ಎಷ್ಟು ಸಮಯ ತೆಗೆದುಕೊಳ್ಳುತ್ತದೆ?
How long is the walk to the gate?	ಗೇಟ್‌ಗೆ ಎಷ್ಟು ದೂರ ನಡೆಯಬೇಕು?
How long will it take to get there?	ಅಲ್ಲಿಗೆ ಹೋಗಲು ಎಷ್ಟು ಸಮಯ ತೆಗೆದುಕೊಳ್ಳುತ್ತದೆ?
How many times a day should I take it?	ನಾನು ದಿನಕ್ಕೆ ಎಷ್ಟು ಬಾರಿ ತೆಗೆದುಕೊಳ್ಳಬೇಕು?
How much is the excess fee?	ಹೆಚ್ಚುವರಿ ಶುಲ್ಕ ಎಷ್ಟು?
How much is this one?	ಇದು ಎಷ್ಟು?
I have a headache and a fever.	ನನಗೆ ತಲೆನೋವು ಮತ್ತು ಜ್ವರವಿದೆ.
I lost my boarding pass.	ನಾನು ನನ್ನ ಬೋರ್ಡಿಂಗ್ ಪಾಸ್ ಕಳೆದುಕೊಂಡೆ.
I see. How long have you felt this way?	ನಾನು ನೋಡುತ್ತೇನೆ. ನೀವು ಎಷ್ಟು ದಿನ ಈ ರೀತಿ ಭಾವಿಸಿದ್ದೀರಿ?
I think I see it. Thank you!	ನಾನು ಅದನ್ನು ನೋಡುತ್ತೇನೆ ಎಂದು ನಾನು ಭಾವಿಸುತ್ತೇನೆ. ಧನ್ಯವಾದಗಳು!
I will. Goodbye!	ನಾನು ಮಾಡುತ್ತೇನೆ. ವಿದಾಯ!
I will. Thank you!	ನಾನು ಮಾಡುತ್ತೇನೆ. ಧನ್ಯವಾದಗಳು!
I'll carry it on board.	ನಾನು ಅದನ್ನು ಹಡಗಿನಲ್ಲಿ ಸಾಗಿಸುತ್ತೇನೆ.
I'll have the fried rice, please.	ದಯವಿಟ್ಟು ನಾನು ಫ್ರೈಡ್ ರೈಸ್ ಅನ್ನು ಹೊಂದುತ್ತೇನೆ.
I'll prescribe some medicine. Take it after meals.	ನಾನು ಕೆಲವು ಔಷಧಿಯನ್ನು ಬರೆಯುತ್ತೇನೆ. ಊಟದ ನಂತರ ತೆಗೆದುಕೊಳ್ಳಿ.
I'll take the side streets. It should be quicker.	ನಾನು ಪಕ್ಕದ ಬೀದಿಗಳನ್ನು ತೆಗೆದುಕೊಳ್ಳುತ್ತೇನೆ. ಇದು ವೇಗವಾಗಿ ಆಗಬೇಕು.
I'm looking for a gift for my sister.	ನಾನು ನನ್ನ ತಂಗಿಗೆ ಉಡುಗೊರೆಯನ್ನು ಹುಡುಕುತ್ತಿದ್ದೇನೆ.
Iced, please.	ಐಸ್ಡ್, ದಯವಿಟ್ಟು.
If you need anything, call the front desk.	ನಿಮಗೆ ಏನಾದರೂ ಅಗತ್ಯವಿದ್ದರೆ, ಮುಂಭಾಗದ ಮೇಜಿನ ಬಳಿಗೆ ಕರೆ ಮಾಡಿ.
Is breakfast included in the price?	ಬೆಳಗಿನ ಉಪಾಹಾರವನ್ನು ಬೆಲೆಯಲ್ಲಿ ಸೇರಿಸಲಾಗಿದೆಯೇ?
Is everything okay? Need anything else?	ಎಲ್ಲವೂ ಸರಿಯಾಗಿದೆಯೇ? ಇನ್ನೇನು ಬೇಕಾ?
Is it serious?	ಇದು ಗಂಭೀರವಾಗಿದೆಯೇ?
Is there Wi-Fi in the room?	ಕೋಣೆಯಲ್ಲಿ ವೈ-ಫೈ ಇದೆಯೇ?
Is there a faster way?	ವೇಗವಾದ ಮಾರ್ಗವಿದೆಯೇ?
It smells delicious. Thank you!	ಇದು ರುಚಿಕರವಾದ ವಾಸನೆಯನ್ನು ನೀಡುತ್ತದೆ. ಧನ್ಯವಾದಗಳು!
It's 20 dollars per kilo.	ಇದು ಕಿಲೋಗೆ 20 ಡಾಲರ್.
Just browsing, thanks.	ಕೇವಲ ಬ್ರೌಸಿಂಗ್, ಧನ್ಯವಾದಗಳು.
Just one night.	ಕೇವಲ ಒಂದು ರಾತ್ರಿ.
Just one, please.	ಕೇವಲ ಒಂದು, ದಯವಿಟ್ಟು.
Just the bill, please.	ದಯವಿಟ್ಟು ಕೇವಲ ಬಿಲ್.
Just water, please.	ಕೇವಲ ನೀರು, ದಯವಿಟ್ಟು.
Keep the change.	ಬದಲಾವಣೆಯನ್ನು ಇರಿಸಿಕೊಳ್ಳಿ.
Let me check... Yes, here it is. Two nights.	ನಾನು ಪರಿಶೀಲಿಸುತ್ತೇನೆ... ಹೌದು, ಇಲ್ಲಿದೆ. ಎರಡು ರಾತ್ರಿಗಳು.
Let me see... Yes, we have a single room available.	ನಾನು ನೋಡೋಣ... ಹೌದು, ನಮಗೆ ಒಂದೇ ಕೊಠಡಿ ಲಭ್ಯವಿದೆ.
Let me take a look. Open wide.	ನಾನು ನೋಡೋಣ. ಅಗಲವಾಗಿ ತೆರೆಯಿರಿ.
My throat hurts when I swallow.	ನಾನು ನುಂಗಿದಾಗ ನನ್ನ ಗಂಟಲು ನೋವುಂಟುಮಾಡುತ್ತದೆ.
No problem. For here or to go?	ತೊಂದರೆ ಇಲ್ಲ. ಇಲ್ಲಿಗೆ ಅಥವಾ ಹೋಗಲು?
No thanks, just the drink.	ಇಲ್ಲ ಧನ್ಯವಾದಗಳು, ಕೇವಲ ಪಾನೀಯ.
No thanks, that's all.	ಇಲ್ಲ ಧನ್ಯವಾದಗಳು, ಅಷ್ಟೆ.
No worries, I can reprint it for you.	ಚಿಂತಿಸಬೇಡಿ, ನಾನು ಅದನ್ನು ನಿಮಗಾಗಿ ಮರುಮುದ್ರಣ ಮಾಡಬಹುದು.
No, I'm afraid not. Do you have any rooms?	ಇಲ್ಲ, ನಾನು ಹೆದರುವುದಿಲ್ಲ. ನೀವು ಯಾವುದೇ ಕೊಠಡಿಗಳನ್ನು ಹೊಂದಿದ್ದೀರಾ?
No, about ten minutes on foot.	ಇಲ್ಲ, ಸುಮಾರು ಹತ್ತು ನಿಮಿಷ ಕಾಲ್ನಡಿಗೆಯಲ್ಲಿ.
No, nothing yet.	ಇಲ್ಲ, ಇನ್ನೂ ಏನೂ ಇಲ್ಲ.
Nothing to worry about. Rest and fluids will help.	ಚಿಂತೆ ಮಾಡಲು ಏನೂ ಇಲ್ಲ. ವಿಶ್ರಾಂತಿ ಮತ್ತು ದ್ರವವು ಸಹಾಯ ಮಾಡುತ್ತದೆ.
Of course, here you go.	ಖಂಡಿತ, ಇಲ್ಲಿ ನೀವು ಹೋಗಿ.
Of course, right away.	ಸಹಜವಾಗಿ, ಈಗಿನಿಂದಲೇ.
Of course, take your time.	ಸಹಜವಾಗಿ, ನಿಮ್ಮ ಸಮಯವನ್ನು ತೆಗೆದುಕೊಳ್ಳಿ.
Of course. Here's your key. Room 301, third floor.	ಸಹಜವಾಗಿ. ನಿಮ್ಮ ಕೀ ಇಲ್ಲಿದೆ. ಕೊಠಡಿ 301, ಮೂರನೇ ಮಹಡಿ.
Of course. I'll wrap it up for you. Anything else?	ಸಹಜವಾಗಿ. ನಾನು ಅದನ್ನು ನಿಮಗಾಗಿ ಕಟ್ಟುತ್ತೇನೆ. ಇನ್ನೇನು?
Of course. Just ask at the front desk.	ಸಹಜವಾಗಿ. ಮುಂಭಾಗದ ಮೇಜಿನ ಬಳಿ ಕೇಳಿ.
Okay, let's check your temperature first.	ಸರಿ, ಮೊದಲು ನಿಮ್ಮ ತಾಪಮಾನವನ್ನು ಪರಿಶೀಲಿಸೋಣ.
Our fried rice is very popular, and so is the noodles.	ನಮ್ಮ ಫ್ರೈಡ್ ರೈಸ್ ತುಂಬಾ ಜನಪ್ರಿಯವಾಗಿದೆ, ಮತ್ತು ನೂಡಲ್ಸ್ ಕೂಡ.
Perfect. Here's your change.	ಪರಿಪೂರ್ಣ. ನಿಮ್ಮ ಬದಲಾವಣೆ ಇಲ್ಲಿದೆ.
Perfect. The terminal is right here.	ಪರಿಪೂರ್ಣ. ಟರ್ಮಿನಲ್ ಇಲ್ಲಿಯೇ ಇದೆ.
Right this way. Here's the menu.	ಈ ರೀತಿ ಸರಿ. ಮೆನು ಇಲ್ಲಿದೆ.
Right this way. I'll bring the menus.	ಈ ರೀತಿ ಸರಿ. ನಾನು ಮೆನುಗಳನ್ನು ತರುತ್ತೇನೆ.
See you next time!	ಮುಂದಿನ ಬಾರಿ ನಿಮ್ಮನ್ನು ನೋಡೋಣ!
See you next week for a check-up.	ತಪಾಸಣೆಗಾಗಿ ಮುಂದಿನ ವಾರ ನಿಮ್ಮನ್ನು ನೋಡೋಣ.
Should I stay home from work?	ನಾನು ಕೆಲಸದಿಂದ ಮನೆಯಲ್ಲೇ ಇರಬೇಕೇ?
Sorry, could you say that again?	ಕ್ಷಮಿಸಿ, ನೀವು ಅದನ್ನು ಮತ್ತೊಮ್ಮೆ ಹೇಳಬಹುದೇ?
Sounds good. I'll see you then.	ಚೆನ್ನಾಗಿದೆ. ಆಮೇಲೆ ನೋಡುತ್ತೇನೆ.
Still or sparkling?	ಇನ್ನೂ ಅಥವಾ ಹೊಳೆಯುತ್ತಿದೆಯೇ?
Sure, bus 21 stops right outside the museum.	ಖಚಿತವಾಗಿ, ಬಸ್ 21 ವಸ್ತುಸಂಗ್ರಹಾಲಯದ ಹೊರಗೆ ನಿಲ್ಲುತ್ತದೆ.
Sure, it'll be ready in a minute.	ಖಂಡಿತ, ಇದು ಒಂದು ನಿಮಿಷದಲ್ಲಿ ಸಿದ್ಧವಾಗಲಿದೆ.
Sure, just put it on the scale.	ಖಚಿತವಾಗಿ, ಅದನ್ನು ಪ್ರಮಾಣದಲ್ಲಿ ಇರಿಸಿ.
Sure, no problem.	ಖಂಡಿತ, ತೊಂದರೆ ಇಲ್ಲ.
Sure. I'll bring that right away.	ಖಂಡಿತ. ನಾನು ಅದನ್ನು ಈಗಿನಿಂದಲೇ ತರುತ್ತೇನೆ.
Sure. That'll take about 30 minutes.	ಖಂಡಿತ. ಅದು ಸುಮಾರು 30 ನಿಮಿಷಗಳನ್ನು ತೆಗೆದುಕೊಳ್ಳುತ್ತದೆ.
Take a seat and I'll bring it over.	ಕುಳಿತುಕೊಳ್ಳಿ ಮತ್ತು ನಾನು ಅದನ್ನು ತರುತ್ತೇನೆ.
Take care. Come back if it doesn't improve.	ಕಾಳಜಿ ವಹಿಸಿ. ಅದು ಸುಧಾರಿಸದಿದ್ದರೆ ಹಿಂತಿರುಗಿ.
Take your time! Let me know if you need help.	ನಿಮ್ಮ ಸಮಯ ತೆಗೆದುಕೊಳ್ಳಿ! ನಿಮಗೆ ಸಹಾಯ ಬೇಕಾದರೆ ನನಗೆ ತಿಳಿಸಿ.
Thank you very much!	ತುಂಬಾ ಧನ್ಯವಾದಗಳು!
Thank you very much! Have a safe flight!	ತುಂಬಾ ಧನ್ಯವಾದಗಳು! ಸುರಕ್ಷಿತ ಹಾರಾಟವನ್ನು ಹೊಂದಿರಿ!
Thank you! Have a wonderful day!	ಧನ್ಯವಾದಗಳು! ಒಂದು ಅದ್ಭುತ ದಿನ!
Thank you! It looks great.	ಧನ್ಯವಾದಗಳು! ಇದು ಉತ್ತಮವಾಗಿ ಕಾಣುತ್ತದೆ.
Thank you, doctor.	ಧನ್ಯವಾದಗಳು, ವೈದ್ಯರೇ.
Thank you. Your gate is 12.	ಧನ್ಯವಾದಗಳು. ನಿಮ್ಮ ಗೇಟ್ 12 ಆಗಿದೆ.
Thanks so much!	ತುಂಬಾ ಧನ್ಯವಾದಗಳು!
Thanks, I will!	ಧನ್ಯವಾದಗಳು, ನಾನು ಮಾಡುತ್ತೇನೆ!
Thanks, see you next time!	ಧನ್ಯವಾದಗಳು, ಮುಂದಿನ ಬಾರಿ ನಿಮ್ಮನ್ನು ನೋಡೋಣ!
Thanks. Have a great trip!	ಧನ್ಯವಾದಗಳು. ಉತ್ತಮ ಪ್ರವಾಸವನ್ನು ಹೊಂದಿರಿ!
Thanks. Is this your first time in the city?	ಧನ್ಯವಾದಗಳು. ನೀವು ನಗರದಲ್ಲಿ ಇದು ಮೊದಲ ಬಾರಿಗೆ?
That'll be 25 dollars.	ಅದು 25 ಡಾಲರ್ ಆಗಿರುತ್ತದೆ.
That's 8 dollars. It's a nice gift too.	ಅದು 8 ಡಾಲರ್. ಅದೊಂದು ಒಳ್ಳೆಯ ಉಡುಗೊರೆಯೂ ಹೌದು.
That's fine, I'm not in a hurry.	ಅದು ಸರಿ, ನಾನು ಅವಸರದಲ್ಲಿಲ್ಲ.
That's fine. It's under the size limit.	ಅದು ಚೆನ್ನಾಗಿದೆ. ಇದು ಗಾತ್ರದ ಮಿತಿಯಲ್ಲಿದೆ.
That's fine. Payment is due at checkout.	ಅದು ಚೆನ್ನಾಗಿದೆ. ಚೆಕ್‌ಔಟ್‌ನಲ್ಲಿ ಪಾವತಿ ಬಾಕಿಯಿದೆ.
The airport, please.	ವಿಮಾನ ನಿಲ್ದಾಣ, ದಯವಿಟ್ಟು.
The blue one, please.	ನೀಲಿ, ದಯವಿಟ್ಟು.
These scarves are lovely and very popular.	ಈ ಶಿರೋವಸ್ತ್ರಗಳು ಸುಂದರ ಮತ್ತು ಬಹಳ ಜನಪ್ರಿಯವಾಗಿವೆ.
This hotel, please.	ದಯವಿಟ್ಟು ಈ ಹೋಟೆಲ್.
This one is 15 dollars.	ಇದು 15 ಡಾಲರ್.
Three times a day, after meals.	ದಿನಕ್ಕೆ ಮೂರು ಬಾರಿ, ಊಟದ ನಂತರ.
To go, please.	ಹೋಗಲು, ದಯವಿಟ್ಟು.
Two nights, please.	ದಯವಿಟ್ಟು ಎರಡು ರಾತ್ರಿಗಳು.
Two, please.	ಎರಡು, ದಯವಿಟ್ಟು.
We have blue, red, and green.	ನಾವು ನೀಲಿ, ಕೆಂಪು ಮತ್ತು ಹಸಿರು ಬಣ್ಣವನ್ನು ಹೊಂದಿದ್ದೇವೆ.
What colors are available?	ಯಾವ ಬಣ್ಣಗಳು ಲಭ್ಯವಿದೆ?
What do you recommend?	ನೀವೇನು ಶಿಫಾರಸು ಮಾಡುತ್ತೀರಿ?
What's the entrance fee?	ಪ್ರವೇಶ ಶುಲ್ಕ ಎಷ್ಟು?
Which gate do I need?	ನನಗೆ ಯಾವ ಗೇಟ್ ಬೇಕು?
Will I need antibiotics?	ನನಗೆ ಪ್ರತಿಜೀವಕಗಳ ಅಗತ್ಯವಿದೆಯೇ?
Yes, I took some medicine this morning.	ಹೌದು, ನಾನು ಇಂದು ಬೆಳಿಗ್ಗೆ ಕೆಲವು ಔಷಧವನ್ನು ತೆಗೆದುಕೊಂಡೆ.
Yes, it's complimentary for all guests.	ಹೌದು, ಇದು ಎಲ್ಲಾ ಅತಿಥಿಗಳಿಗೆ ಪೂರಕವಾಗಿದೆ.
Yes, it's free. The password is on your key card.	ಹೌದು, ಇದು ಉಚಿತ. ಪಾಸ್ವರ್ಡ್ ನಿಮ್ಮ ಕೀ ಕಾರ್ಡ್ನಲ್ಲಿದೆ.
Yes, please.	ಹೌದು, ದಯವಿಟ್ಟು.
Yes, take a day or two to rest.	ಹೌದು, ಒಂದು ದಿನ ಅಥವಾ ಎರಡು ದಿನ ವಿಶ್ರಾಂತಿ ತೆಗೆದುಕೊಳ್ಳಿ.
Yes, the machine is right here.	ಹೌದು, ಯಂತ್ರ ಇಲ್ಲಿಯೇ ಇದೆ.
Yes, the terminal is right here.	ಹೌದು, ಟರ್ಮಿನಲ್ ಇಲ್ಲಿಯೇ ಇದೆ.
Yes, this one bag, please.	ಹೌದು, ಈ ಒಂದು ಚೀಲ, ದಯವಿಟ್ಟು.
Yes, under the name Smith.	ಹೌದು, ಸ್ಮಿತ್ ಹೆಸರಿನಲ್ಲಿ.
You might feel a little sleepy. That's normal.	ನಿಮಗೆ ಸ್ವಲ್ಪ ನಿದ್ದೆ ಬರಬಹುದು. ಅದು ಸಹಜ.
You're very welcome.	ನಿಮಗೆ ತುಂಬಾ ಸ್ವಾಗತ.
You're welcome! Let me know if you need anything.	ನಿಮಗೆ ಸ್ವಾಗತ! ನಿಮಗೆ ಏನಾದರೂ ಅಗತ್ಯವಿದ್ದರೆ ನನಗೆ ತಿಳಿಸಿ.
You're welcome. Have a great night.	ನಿಮಗೆ ಸ್ವಾಗತ. ಉತ್ತಮ ರಾತ್ರಿ.
You're welcome. Have a nice day!	ನಿಮಗೆ ಸ್ವಾಗತ. ಒಳ್ಳೆಯ ದಿನ!
You're welcome. Safe travels!	ನಿಮಗೆ ಸ್ವಾಗತ. ಸುರಕ್ಷಿತ ಪ್ರಯಾಣ!
