#NAME?	#NAME?
(1) (Japanese) maple	(1) (Japanischer) Ahorn
(1) aunt; (2) middle-aged lady	(1) Tante; (2) Dame mittleren Alters
(1) chapter; section; (2) medal	(1) Kapitel; Abschnitt; (2) Medaille
(1) coincidence; agreement; (2) conformity	(1) Zufall; Vereinbarung; (2) Konformität
(1) complete; completion; (2) perfection; accomplishment	(1) vollständig; Fertigstellung; (2) Perfektion; Leistung
(1) connection; union; join; link; (2) changing trains	(1) Verbindung; Union; verbinden; Link; (2) Umsteigen
(1) dear; beloved; darling; (2) yearned for	(1) Liebling; geliebten; Schatz; (2) ersehnt
(1) defect; demerit; weak point; (2) disadvantage	(1) Defekt; Fehler; Schwachpunkt; (2) Nachteil
(1) draft (beer); (2) raw; unprocessed	(1) Fassbier (Bier); (2) roh; unverarbeitet
(1) farm (livestock); (2) pasture land; meadow; grazing land	(1) Bauernhof (Viehhaltung); (2) Weideland; Wiese; Weideland
(1) flower arrangement	(1) Blumenarrangement
(1) gold; (2) gold general (shogi) (abbr)	(1) Gold; (2) Goldgeneral (Shogi) (Abk.)
(1) horse; (2) promoted bishop (shogi)	(1) Pferd; (2) beförderter Bischof (Shogi)
(1) idea; notion; conception; (2) sense (e.g. of duty)	(1) Idee; Vorstellung; Konzeption; (2) Sinn (z. B. Pflichtgefühl)
(1) left and right; (2) influence; control; domination	(1) links und rechts; (2) Einfluss; Kontrolle; Herrschaft
(1) line; procession; (2) matrix (math)	(1) Linie; Prozession; (2) Matrix (Mathematik)
(1) mark; (2) symbol; (3) evidence	(1) markieren; (2) Symbol; (3) Beweise
(1) mouse; rat; (2) dark gray; slate color	(1) Maus; Ratte; (2) dunkelgrau; Schieferfarbe
(1) on the other hand; (2) meanwhile; (3) only; simple; in turn	(1) andererseits; (2) inzwischen; (3) nur; einfach; wiederum
(1) one day; (2) first of month	(1) ein Tag; (2) Erster des Monats
(1) one object; one body; (2) what on earth?; really?; (3) generally	(1) ein Objekt; ein Körper; (2) Was zum Teufel?; Wirklich?; (3) allgemein
(1) order; precedence; (2) circumstances; (3) immediate(ly)	(1) Bestellung; Vorrang; (2) Umstände; (3) unmittelbar(ly)
(1) organization; (2) structure; construction; (3) tissue; (4) system	(1) Organisation; (2) Struktur; Konstruktion; (3) Gewebe; (4) System
(1) origin; original; (2) former	(1) Herkunft; Original; (2) ehemalige
(1) pine tree; (2) highest (of a three-tier ranking system)	(1) Kiefer; (2) höchste (eines dreistufigen Rankingsystems)
(1) player (in game); (2) team	(1) Spieler (im Spiel); (2) Mannschaft
(1) remodeling; (2) modding (comp)	(1) Umbau; (2) Modding (comp)
(1) request; commission; dispatch; (2) dependence; trust	(1) Anfrage; Kommission; versenden; (2) Abhängigkeit; Vertrauen
(1) seed; (2) material; (3) cause; source	(1) Samen; (2) Material; (3) Ursache; Quelle
(1) service; duty; (2) Buddhist religious services	(1) Dienst; Pflicht; (2) Buddhistische Gottesdienste
(1) service; duty; business; responsibility; task; (2) Buddhist religious services	(1) Dienst; Pflicht; Geschäft; Verantwortung; Aufgabe; (2) Buddhistische Gottesdienste
(1) silver; silver coin; silver paint	(1) Silber; Silbermünze; silberne Farbe
(1) string; cord; (2) pimp	(1) Zeichenfolge; Kabel; (2) Zuhälter
(1) strong point; merit; (2) advantage	(1) Stärke; Verdienst; (2) Vorteil
(1) time; hour; (2) occasion; moment	(1) Zeit; Stunde; (2) Anlass; Moment
(1) to adopt (measure; proposal); (2) to pick (fruit)	(1) annehmen (Maßnahme; Vorschlag); (2) (Obst) pflücken
(1) to appear; to attend (2) to exit	(1) erscheinen; teilnehmen (2) verlassen
(1) to appear; to come in sight; to become visible; (2) to express oneself	(1) erscheinen; in Sicht kommen; sichtbar werden; (2) sich ausdrücken
(1) to attach; to join; to add; to append	(1) anhängen; beitreten; hinzufügen; anhängen
(1) to avoid (physical contact ); (2) to ward off; to avert	(1) (Körperkontakt) vermeiden; (2) abwehren; abzuwenden
(1) to be finished; to be ready; by definition; (2) to be very drunk	(1) fertig sein; bereit sein; per Definition; (2) sehr betrunken sein
(1) to be fixed; (2) to abide; to stay (in the one place)	(1) festzulegen; (2) bleiben; (an einem Ort) bleiben
(1) to breathe; (2) to tell (lies); (3) to vomit; to disgorge	(1) atmen; (2) (Lügen) erzählen; (3) Erbrechen; ausspucken
(1) to comprise; to account for; to make up (of); (2) to hold; to occupy	(1) umfassen; Rechenschaft ablegen; erfinden (aus); (2) halten; besetzen
(1) to cut well; to be sharp; (2) to break (off)	(1) gut schneiden; scharf sein; (2) abbrechen (abbrechen)
(1) to date (someone) (2) to keep company	(1) mit jemandem ausgehen (2) um Gesellschaft zu leisten
(1) to disgrace; to dishonour; (2) to pollute; to contaminate; to soil; to make dirty; to stain	(1) zur Schande; entehren; (2) verschmutzen; kontaminieren; zum Boden; schmutzig machen; beflecken
(1) to draw (water); to dip; to scoop; to pump	(1) (Wasser) schöpfen; eintauchen; schöpfen; pumpen
(1) to drive; to pass through; (2) to evade; to hide; (3) to dive (into or under water); to go undergroun	(1) fahren; durchgehen; (2) ausweichen; verstecken; (3) tauchen (in oder unter Wasser); unter die Erde gehen
(1) to govern; to manage; (2) to subdue	(1) regieren; verwalten; (2) unterwerfen
(1) to grow; to spring up; (2) to cut (teeth)	(1) wachsen; aufkeimen; (2) (Zähne schneiden)
(1) to invite; to ask; (2) to tempt; to lure; to induce	(1) einladen; fragen; (2) in Versuchung führen; locken; veranlassen
(1) to open; to become empty; (2) to be less crowded	(1) öffnen; leer werden; (2) weniger überfüllt sein
(1) to pull; to draw; to stretch; to drag; (2) to pull the ball (baseball)	(1) ziehen; zeichnen; sich strecken; ziehen; ziehen; (2) den Ball ziehen (Baseball)
(1) to retreat; to recede; to withdraw	(1) sich zurückziehen; zurücktreten; zurückziehen
(1) to see off; to farewell; (2) to escort; (3) to let pass	(1) verabschieden; sich verabschieden; (2) begleiten; (3) passieren lassen
(1) to serve (food; etc.); (2) to fill up; (3) to prescribe	(1) servieren (Essen usw.); (2) auffüllen; (3) verschreiben
(1) to serve; to fill a post; to serve under; to work (for)	(1) dienen; eine Stelle besetzen; unter dienen; arbeiten (für)
(1) to thrust; to strike; (2) to poke	(1) stoßen; zuschlagen; (2) stupsen
(1) to wave; to shake; to swing; (2) to sprinkle; (3) to cast (actor); to allocate (work)	(1) winken; schütteln; schwingen; (2) bestreuen; (3) besetzen (Schauspieler); (Arbeit) verteilen
(1) token; label; (2) ticket; (3) charm	(1) Token; Etikett; (2) Fahrkarte; (3) Charme
(1) town; (2) street; road	(1) Stadt; (2) Straße; Straße
(1) trace; tracks; mark; sign; (2) remains; ruins; (3) scar	(1) Spur; Spuren; markieren; Zeichen; (2) bleibt bestehen; Ruinen; (3) Narbe
(1) used; second-hand; old	(1) verwendet; aus zweiter Hand; alt
(1) water level; (2) level; standard	(1) Wasserstand; (2) Ebene; Standard
(1) weight; (2) heavyweight boxer	(1) Gewicht; (2) Schwergewichtsboxer
(1) wholly; entirely; completely; (2) not at all (with neg. verb)	(1) vollständig; vollständig; vollständig; (2) überhaupt nicht (mit neg. Verb)
(I am) the tallest in the family.	(Ich bin) der Größte in der Familie.
(I) drink coffee every morning.	(Ich) trinke jeden Morgen Kaffee.
(I) eat at a restaurant.	(Ich) esse in einem Restaurant.
(I) eat bread.	(Ich) esse Brot.
(I) go to Japan.	(Ich) gehe nach Japan.
(I) watch a movie with a friend.	(Ich) schaue mir mit einem Freund einen Film an.
(It) is not Mike.	(Es) ist nicht Mike.
(a person) is in ...; stays at ...	(eine Person) ist in ...; bleibt bei ...
(a) joy; (a) delight; rapture; pleasure; gratification; rejoicing; congratulations; felicitations	(a) Freude; (a) Freude; Entrückung; Vergnügen; Befriedigung; Jubel; Glückwunsch; Glückwünsche
(abbr) Friday	(Abk.) Freitag
(abbr) Tuesday	(Abk.) Dienstag
(abbr) alarm-clock	(Abk.) Wecker
(at) any time; always; at all times; never (neg); whenever	(zu) jeder Zeit; stets; jederzeit; nie (negativ); wann immer
(ateji) (adv int) (uk) just a minute; a short time; a while; just a little; somewhat; easily; readily; rath	(ateji) (adv int) (uk) nur eine Minute; eine kurze Zeit; eine Weile; nur ein bisschen; etwas; leicht; leicht; rath
(ateji) (int) (uk) Congratulations!; an auspicious occasion!	(ateji) (int) (uk) Herzlichen Glückwunsch!; ein glückverheißender Anlass!
(audio) recording	(Audio-)Aufnahme
(bank) savings	(Bank-)Ersparnisse
(by) chance; unexpectedly; suddenly	(zufällig) Zufall; unerwartet; plötzlich
(car) wheel	(Auto-)Rad
(col) round trip; coming and going; return ticket	(col) Hin- und Rückfahrt; Kommen und Gehen; Rückfahrkarte
(col) urine; piss	(col) Urin; Pisse
(consumer) prices	(Verbraucher-)Preise
(do something) early; fast	(etwas tun) früh; schnell
(do something) late	(etwas tun) zu spät
(do something) oneself	(etwas) selbst tun
(enrolled) in school	(eingeschrieben) in der Schule
(fine) art; the arts	(schöne) Kunst; die Künste
(flash of) lightning	(Blitz) Blitz
(flower) petal	(Blume) Blütenblatt
(food is) terrible	(Essen ist) schrecklich
(foot) race	(Fuß-)Rennen
(giving) birth	(Gebären).
(going) side by side; concurrent; abreast; at the same time	(gehen) Seite an Seite; gleichzeitig; nebeneinander; gleichzeitig
(gram) subject	(Gramm) Subjekt
(hand) towel	(Hand-)Handtuch
(hon) aunt	(hon) Tante
(hon) good; OK; all right; fine; very well; will do; may; can	(hon) gut; OK; in Ordnung; Bußgeld; sehr gut; wird tun; Mai; kann
(hon) look; inspection; try	(hon) schau; Inspektion; Versuchen Sie es
(hon) to give; to confer	(hon) geben; verleihen
(hon) to visit; to ask; to inquire	(hon) zu besuchen; fragen; nachfragen
(honorable) father	(ehrenwerter) Vater
(honorable) mother	(ehrenwerte) Mutter
(honorable) older brother	(ehrenhafter) älterer Bruder
(honorable) older sister	(ehrenwerte) ältere Schwester
(honorable) wife	(ehrenwerte) Ehefrau
(honorable) your husband	(ehrenwert) Ihr Mann
(hum) (pol) seeing; look at	(summen) (pol) sehen; anschauen
(hum) to hear; to be told; to know	(summen) hören; erzählt werden; wissen
(hum) to know	(summen) wissen
(human) life	(menschliches) Leben
(human) life (i.e. conception to death)	(menschliches) Leben (d. h. Empfängnis bis zum Tod)
(humble) I; myself	(demütig) Ich; ich selbst
(humble) daughter	(bescheidene) Tochter
(humble) older brother	(bescheidener) älterer Bruder
(humble) older sister	(bescheidene) ältere Schwester
(humble) siblings	(bescheidene) Geschwister
(humble) son	(bescheidener) Sohn
(humble) to be called; to say	(demütig) berufen werden; zu sagen
(humble) to do	(bescheiden) zu tun
(humble) to go; to come	(demütig) gehen; kommen
(humble) to look at	(bescheiden) anzusehen
(humble) to say; to tell	(bescheiden) zu sagen; erzählen
(humble) wife	(bescheidene) Frau
(humble) younger sister	(bescheidene) jüngere Schwester
(in) charge	(in) verantwortlich
(in) the evening sun; setting sun	(in) der Abendsonne; untergehende Sonne
(informal) You (used by men towards women)	(informell) Sie (von Männern gegenüber Frauen verwendet)
(it's a pity to waste) the effort	(Es ist schade, die Mühe zu verschwenden.)
(logical) true; regular	(logisch) wahr; regelmäßig
(male) (vulg) to eat	(männlich) (vulg) essen
(measuring) ruler	(Mess-)Lineal
(member of) political party	(Mitglied einer) politischen Partei
(my) father	(mein) Vater
(my) mother	(meine) Mutter
(my) older brother	(mein) älterer Bruder
(my) older sister	(meine) ältere Schwester
(n) (a) joy; (a) delight; rapture; pleasure; gratification; rejoicing; congratulations; felicitations	(n) (a) Freude; (a) Freude; Entrückung; Vergnügen; Befriedigung; Jubel; Glückwunsch; Glückwünsche
(n) alias; pseudonym; pen name	(n) Alias; Pseudonym; Pseudonym
(n) broom	(n) Besen
(n) transfer (trains; buses; etc.)	(n) Transfer (Züge, Busse usw.)
(not so) much; (not) very	(nicht so) viel; (nicht) sehr
(not) always; (not) necessarily; (not) all; (not) entirely	(nicht) immer; (nicht) unbedingt; (nicht) alle; (nicht) ganz
(not) at all	(überhaupt) nicht
(not) by any means	(nicht) auf jeden Fall
(not) particularly; nothing	(nicht) insbesondere; nichts
(outward) looks; features; face; countenance; expression	(nach außen) schaut; Merkmale; Gesicht; Antlitz; Ausdruck
(personal) bankruptcy	(Privat-)Insolvenz
(phrase) sure; no mistaking it; for certain	(Satz) sicher; kein Zweifel; mit Sicherheit
(plant) bulb	(Pflanzen-)Zwiebel
(please) be sure to	(Bitte) stellen Sie sicher, dass Sie es tun
(please) look; (please) try to do	(bitte) schauen; (Bitte) versuchen Sie es
(polite) to eat	(höflich) zu essen
(polite) to give	(höflich) zu geben
(polite) your house	(höflich) Ihr Haus
(pt:) (n) (uk) tobacco (pt: tabaco); cigarettes	(pt:) (n) (uk) Tabak (pt: tabaco); Zigaretten
(pt:) (n) playing cards (pt: carta)	(pt:) (n) Spielkarten (pt: carta)
(religious) faith; belief; creed	(religiöser) Glaube; Glauben; Glaubensbekenntnis
(rice) gruel	(Reis-)Brei
(river) basin	(Fluss-)Becken
(school) subject; curriculum; course	(Schul-)Fach; Lehrplan; natürlich
(sl) meals; food	(sl) Mahlzeiten; Essen
(sl) to embrace; to hug; to harbour; to entertain	(sl) umarmen; umarmen; zum Hafen; unterhalten
(social) group; crowd; throng; mob; multitude	(soziale) Gruppe; Menge; Menschenmenge; Mob; Menge
(social) position; status	(soziale) Stellung; Status
(someone honorable) is present/home	(jemand ehrenhaft) ist anwesend/zu Hause
(someone's) daughter (polite)	(jemandes) Tochter (höflich)
(someone) is gone; to disappear	(jemand) ist weg; verschwinden
(something) begins	(etwas) beginnt
(something) breaks	(etwas) geht kaputt
(something) closes	(etwas) schließt sich
(something) drops	(etwas) fällt
(something) ends	(etwas) endet
(something) goes off	(etwas) geht los
(something) opens	(etwas) öffnet sich
(something) turns on	(etwas) schaltet sich ein
(something/someone) comes back	(etwas/jemand) kommt zurück
(something/someone) separates; parts from	(etwas/jemand) trennt sich; Teile aus
(sudden) change; reversal; turn-around; coming from behind (baseball)	(plötzliche) Veränderung; Umkehrung; umdrehen; von hinten kommen (Baseball)
(sudden) evening shower (rain)	(plötzlicher) Abendschauer (Regen)
(taking) notes; copying	(Notizen machen); Kopieren
(telephone) receiver	(Telefon-)Empfänger
(term) paper	(Semester-)Arbeit
(the) date	(das) Datum
(the) ground	(der) Boden
(the) market (as a concept)	(der) Markt (als Konzept)
(the) whole; universal; wholly; general	(das) Ganze; Universal; ganz; allgemein
(tire) goes flat	(Reifen) geht platt
(train) conductor	(Zug-) Schaffner
(tree) trunk	(Baum-)Stamm
(v5r) to behead; to murder	(v5r) enthaupten; zu morden
(v5r; vi) to take the place of; to relieve; to be substituted for	(v5r; vi) an die Stelle von treten; erleichtern; ersetzt werden
(v5s) to tear off; to peel off; to rip off	(v5s) abreißen; abziehen; abzocken
(v5u) to face; to go towards	(v5u) gegenüberstehen; hingehen
(wasted) effort	(vergebliche) Anstrengung
(what) on earth	(was) um alles in der Welt
(your) backing; assistance	(Ihre) Unterstützung; Hilfe
(your) busy schedule	(Ihr) voller Terminkalender
(your/her) husband	(Ihr/ihr) Ehemann
(your/his) wife	(deine/seine) Frau
(your/his) wife (polite)	(deine/seine) Frau (höflich)
(your/their) child (polite)	(Ihr/ihr) Kind (höflich)
-floor (counter); stories	-Boden (Theke); Geschichten
-like; -looking; -looked	-wie; -schauend; -schaute
..., please.	..., bitte.
...for example	...zum Beispiel
...th floor	.... Stock
...year student	...Jahresstudent
...years old	...Jahre alt
...yen	...Yen
1.  (iron) hammer; 2.  punishment	1. (Eisen-)Hammer; 2. Bestrafung
1.  (uk) between meal snack; afternoon refreshment; afternoon tea; 2.  mid-day snack	1. (uk) Snack zwischen den Mahlzeiten; Erfrischung am Nachmittag; Nachmittagstee; 2. Mittagssnack
1.  a discount; a prize; 2.  something additional; bonus; an extra; 3.  an exaggeration	1. ein Rabatt; ein Preis; 2. etwas Zusätzliches; Bonus; ein Extra; 3. eine Übertreibung
1.  angle; 2.  bishop (shogi)	1. Winkel; 2. Bischof (Shogi)
1.  details; whole story; sequence of events; particulars; how it started; how things got this way; 2.  c	1. Einzelheiten; ganze Geschichte; Abfolge der Ereignisse; Einzelheiten; wie es begann; wie es dazu kam; 2. c
1.  one copy  e.g. of a document; 2.  a part; partly; some	1. ein Exemplar z.B. eines Dokuments; 2. ein Teil; teilweise; einige
1.  several; various; divergent; conflicting; different; diverse; 2.  trivial	1. mehrere; verschieden; divergent; widersprüchlich; anders; vielfältig; 2. trivial
1.  strange; quaint; stylish; chic; spicy; queer; witty; tasty; romantic; 2.  2nd in rank; second sign of the	1. seltsam; urig; stilvoll; schick; scharf; seltsam; witzig; lecker; romantisch; 2. 2. im Rang; zweites Zeichen des
1.  to hang (something) on (something); to throw on (clothes); 2.  to hook; to catch; to trap; to ensnar	1. (etwas) an (etwas) hängen; (Kleidung) anziehen; 2. einhaken; fangen; fangen; verführen
10; ten	10; zehn
10th	10
10th (of the month)	10. (des Monats)
10th day / ten days	10. Tag / zehn Tage
11th	11
12th	12
13th	13
14th	14
14th of the month	14. des Monats
15th	15
16th	16
17th	17
18th	18
19th	19
1st	1
1st day of the month	1. Tag des Monats
1st of the month	1. des Monats
20 years old; 20th year	20 Jahre alt; 20. Jahr
20th	20
20th day of the month	20. Tag des Monats
20th of the month	20. des Monats
21st	21
22nd	22
23rd	23
24th	24
24th of the month	24. des Monats
25th	25
26th	26
27th	27
28th	28
29th	29
2nd	2
2nd day / two days	2. Tag / zwei Tage
2nd of the month	2. des Monats
3 p.m.	15 Uhr
30th	30
30th of the month	30. des Monats
31st	31
3rd	3
3rd day / three days	3. Tag / drei Tage
3rd of the month	3. des Monats
4th	4
4th day / four days	4. Tag / vier Tage
4th of the month	4. des Monats
5th	5
5th day / five days	5. Tag / fünf Tage
5th of the month	5. des Monats
60th birthday	60. Geburtstag
6th	6
6th day / six days	6. Tag / sechs Tage
6th of the month	6. des Monats
7th	7
7th (of the month)	7. (des Monats)
7th day / seven days	7. Tag / sieben Tage
8th	8
8th day / eight days	8. Tag / acht Tage
8th of the month	8. des Monats
9 a.m.	9 Uhr morgens
9th	9
9th day / nine days	9. Tag / neun Tage
9th of the month	9. des Monats
A car is faster than a bicycle.	Ein Auto ist schneller als ein Fahrrad.
A car is parked in front of the house.	Vor dem Haus parkt ein Auto.
A cat is bigger than a rabbit.	Eine Katze ist größer als ein Kaninchen.
A massage helps my back.	Eine Massage hilft meinem Rücken.
A storm is coming.	Ein Sturm kommt.
A train is stopped at the station.	Ein Zug wird am Bahnhof angehalten.
A.M.	BIN.
AIDS	AIDS
AM (also means morning)	AM (bedeutet auch Morgen)
Act (law: the X Act)	Gesetz (Gesetz: das X-Gesetz)
After I eat, I'll go out.	Nachdem ich gegessen habe, gehe ich aus.
After listening to music, I study.	Nachdem ich Musik gehört habe, lerne ich.
After she had left, I felt sad.	Nachdem sie gegangen war, war ich traurig.
After the bank, go past the park. The museum is on your right.	Gehen Sie nach der Bank am Park vorbei. Das Museum liegt auf der rechten Seite.
After washing my hands, I ate.	Nachdem ich meine Hände gewaschen hatte, aß ich.
Am I late for the meeting?	Komme ich zu spät zur Besprechung?
America	Amerika
American person	Amerikanischer Mensch
An apple a day keeps the doctor away.	Ein Apfel am Tag hält den Arzt fern.
An apple is good for health.	Ein Apfel ist gut für die Gesundheit.
Any plans next month?	Irgendwelche Pläne für nächsten Monat?
Any student can answer this.	Jeder Student kann diese Frage beantworten.
Anyone can learn to cook.	Jeder kann kochen lernen.
Anyone, regardless of gender, can participate.	Mitmachen kann jeder, unabhängig vom Geschlecht.
Anything to eat with that?	Gibt es dazu etwas zu essen?
Apple	Apfel
April	April
Are they coming today?	Kommen sie heute?
Are we going to be late?	Kommen wir zu spät?
Are we meeting at five?	Treffen wir uns um fünf?
Are we on time?	Sind wir pünktlich?
Are you a teacher?	Sind Sie Lehrer?
Are you checking any bags today?	Überprüfen Sie heute irgendwelche Taschen?
Are you coming with us?	Kommst du mit uns?
Are you free tomorrow?	Hast du morgen Zeit?
Are you from Japan?	Kommst du aus Japan?
Are you going to come to the meeting?	Wirst du zum Treffen kommen?
Are you going to tell her the truth?	Wirst du ihr die Wahrheit sagen?
Are you okay?	Geht es dir gut?
Are you ready to go?	Bist du bereit zu gehen?
Are you ready to order?	Sind Sie bereit zu bestellen?
As for cats, I like them.	Was Katzen betrifft, ich mag sie.
As for next week, I will rest.	Nächste Woche werde ich mich ausruhen.
As for next year, I will go to Japan.	Nächstes Jahr werde ich nach Japan reisen.
As for today, it's sunny.	Heute ist es sonnig.
As for yesterday, I went shopping.	Gestern war ich einkaufen.
As time passes, I end up forgetting.	Mit der Zeit vergesse ich es.
As your senior, let me say one word.	Lassen Sie mich als Ihr Vorgesetzter ein Wort sagen.
Asian studies	Asienstudien
At 8 PM I will be watching the match.	Um 20 Uhr werde ich mir das Spiel ansehen.
At no point did he admit his mistake.	Zu keinem Zeitpunkt gab er seinen Fehler zu.
August	August
Australia	Australien
Autumn is cool.	Der Herbst ist kühl.
Ball	Kugel
Be careful!	Seien Sie vorsichtig!
Before he arrived, we had finished eating.	Bevor er ankam, waren wir mit dem Essen fertig.
Bon dance (Japanese traditional dance)	Bon-Tanz (traditioneller japanischer Tanz)
Breakfast is served from 7 to 9 in the first-floor restaurant.	Das Frühstück wird von 7 bis 9 Uhr im Restaurant im ersten Stock serviert.
Britain	Großbritannien
Buddha; merciful person; Buddhist image; the dead	Buddha; barmherziger Mensch; Buddhistisches Bild; die Toten
Buddhist karma; actions committed in a former life	Buddhistisches Karma; Handlungen, die in einem früheren Leben begangen wurden
Buddhist priest; monk	buddhistischer Priester; Mönch
Buddhist temple	Buddhistischer Tempel
By 2028 I will have graduated.	Bis 2028 werde ich mein Studium abgeschlossen haben.
By 2030, I will have graduated.	Bis 2030 werde ich mein Studium abgeschlossen haben.
By 9 PM we will have watched the whole series.	Um 21 Uhr werden wir die ganze Serie gesehen haben.
By card, please.	Bitte per Karte.
By next month we will have saved enough.	Bis zum nächsten Monat werden wir genug gespart haben.
By the end of the year, we will have visited five countries.	Bis zum Jahresende werden wir fünf Länder besucht haben.
By the rules it's not allowed, but in practice you can.	Nach den Regeln ist das nicht erlaubt, aber in der Praxis ist es möglich.
By the time I woke up, everyone had left.	Als ich aufwachte, waren alle gegangen.
By the time you arrive, we will have eaten.	Wenn Sie ankommen, haben wir gegessen.
By then, I will have forgotten his name.	Bis dahin werde ich seinen Namen vergessen haben.
By then, he will be driving home.	Bis dahin wird er nach Hause fahren.
By this time next year, I will have changed my job.	Nächstes Jahr um diese Zeit werde ich meinen Job gewechselt haben.
CD	CD
California	Kalifornien
Call an ambulance!	Rufen Sie einen Krankenwagen!
Call me when you're free.	Rufen Sie mich an, wenn Sie Zeit haben.
Call the police!	Rufen Sie die Polizei!
Can I ask a favor?	Kann ich Sie um einen Gefallen bitten?
Can I borrow some money?	Kann ich mir etwas Geld leihen?
Can I change rooms?	Kann ich das Zimmer wechseln?
Can I come in?	Kann ich reinkommen?
Can I exchange it?	Kann ich es umtauschen?
Can I get a map?	Kann ich eine Karte bekommen?
Can I get a receipt?	Kann ich eine Quittung bekommen?
Can I get this to go?	Kann ich das zum Laufen bringen?
Can I have some water?	Kann ich etwas Wasser haben?
Can I leave my bags here?	Kann ich mein Gepäck hier lassen?
Can I leave my luggage?	Kann ich mein Gepäck lassen?
Can I park here?	Kann ich hier parken?
Can I pay by card on the bus?	Kann ich im Bus mit Karte bezahlen?
Can I pay by card?	Kann ich mit Karte bezahlen?
Can I return it?	Kann ich es zurückgeben?
Can I return this?	Kann ich das zurückgeben?
Can I take a message?	Kann ich eine Nachricht entgegennehmen?
Can I take it to go?	Kann ich es mitnehmen?
Can I take photos here?	Kann ich hier Fotos machen?
Can I try this on?	Kann ich das anprobieren?
Can I use a credit card?	Kann ich eine Kreditkarte verwenden?
Can I use this ticket?	Kann ich dieses Ticket nutzen?
Can I use your phone?	Kann ich Ihr Telefon benutzen?
Can she cook?	Kann sie kochen?
Can we pay by card?	Können wir mit Karte bezahlen?
Can we play here?	Können wir hier spielen?
Can we see the menu?	Können wir die Speisekarte sehen?
Can you call a taxi?	Können Sie ein Taxi rufen?
Can you come to my birthday?	Kannst du zu meinem Geburtstag kommen?
Can you come tomorrow?	Kannst du morgen kommen?
Can you eat spicy food?	Kann man scharfes Essen essen?
Can you explain it simply?	Kannst du es einfach erklären?
Can you fix it, please?	Können Sie das bitte beheben?
Can you fix it?	Können Sie es reparieren?
Can you hear that noise?	Kannst du dieses Geräusch hören?
Can you help me with this box?	Können Sie mir bei dieser Box helfen?
Can you help me, please?	Können Sie mir bitte helfen?
Can you recommend a pharmacy?	Können Sie eine Apotheke empfehlen?
Can you see it?	Kannst du es sehen?
Can you show me on the map?	Können Sie mir auf der Karte zeigen?
Can you speak Japanese?	Kannst du Japanisch?
Can you speak in English?	Kannst du Englisch sprechen?
Can you speak more slowly?	Können Sie langsamer sprechen?
Can you swim?	Können Sie schwimmen?
Can you wait a moment?	Kannst du einen Moment warten?
Can you watch my bag?	Kannst du auf meine Tasche aufpassen?
Canada	Kanada
Cat	Katze
Cats like milk.	Katzen mögen Milch.
Certainly.	Sicherlich.
Cheers!	Prost!
Cheers! (a toast)	Prost! (ein Toast)
Chicago	Chicago
Children's Day	Kindertag
China	China
Chinese Character-Japanese (e.g. dictionary)	Chinesische Schriftzeichen-Japanisch (z. B. Wörterbuch)
Chinese character	Chinesisches Schriftzeichen
Chinese word; Sino-Japanese word	Chinesisches Wort; Chinesisch-japanisches Wort
Choose any color.	Wählen Sie eine beliebige Farbe.
Christian Era; anno domini (A.D.)	Christliche Ära; anno domini (n. Chr.)
Christmas	Weihnachten
Coffee and cake, please.	Kaffee und Kuchen, bitte.
Coffee is grown in Brazil.	Kaffee wird in Brasilien angebaut.
Coffee, please.	Kaffee, bitte.
Come here, please.	Kommen Sie bitte hierher.
Come into the kitchen.	Komm in die Küche.
Congratulations on graduating!	Herzlichen Glückwunsch zum Abschluss!
Congratulations on your wedding!	Herzlichen Glückwunsch zu Ihrer Hochzeit!
Congratulations!	Glückwunsch!
Congratulations.	Glückwunsch.
Constitution Day	Tag der Verfassung
Could I borrow your pen?	Könnte ich mir deinen Stift ausleihen?
Could I change my room?	Könnte ich mein Zimmer wechseln?
Could I get a coffee, please?	Könnte ich bitte einen Kaffee bekommen?
Could I have a receipt?	Könnte ich eine Quittung haben?
Could we have the bill, please?	Könnten wir bitte die Rechnung haben?
Could you call a cab for me?	Könnten Sie mir ein Taxi rufen?
Could you open the window, please?	Könnten Sie bitte das Fenster öffnen?
Could you pass the salt?	Könnten Sie mir das Salz reichen?
Could you say that again?	Könnten Sie das noch einmal sagen?
Could you show me the way?	Könntest du mir den Weg zeigen?
Could you speak a little slower?	Könnten Sie etwas langsamer sprechen?
Could you speak up, please?	Könnten Sie bitte etwas sagen?
Could you wrap it, please?	Könnten Sie es bitte einpacken?
Could you write it down?	Könnten Sie es aufschreiben?
Count me in!	Ich bin dabei!
Cover your mouth when you cough.	Bedecken Sie Ihren Mund, wenn Sie husten.
Culture Day	Kulturtag
DVD	DVD
December	Dezember
Dial the emergency number.	Wählen Sie die Notrufnummer.
Did she finish her work?	Hat sie ihre Arbeit beendet?
Did she pass the exam?	Hat sie die Prüfung bestanden?
Did they come yesterday?	Sind sie gestern gekommen?
Did we miss the bus?	Haben wir den Bus verpasst?
Did you call me?	Hast du mich angerufen?
Did you enjoy the movie?	Hat dir der Film gefallen?
Did you enjoy the trip?	Hat Ihnen die Reise gefallen?
Did you get my message?	Hast du meine Nachricht erhalten?
Did you have a good weekend?	Hattest du ein schönes Wochenende?
Did you have breakfast?	Hast du gefrühstückt?
Did you see that movie?	Hast du den Film gesehen?
Diet building	Diätaufbau
Diet; congress; parliament	Diät; Kongress; Parlament
Do they live here?	Wohnen sie hier?
Do we have class today?	Haben wir heute Unterricht?
Do we have enough money?	Haben wir genug Geld?
Do we have to sign here?	Müssen wir hier unterschreiben?
Do we need more chairs?	Brauchen wir mehr Stühle?
Do you deliver?	Liefern Sie?
Do you have a bigger size?	Hast du eine größere Größe?
Do you have a city map?	Hast du einen Stadtplan?
Do you have a lighter?	Hast du ein Feuerzeug?
Do you have a pen?	Hast du einen Stift?
Do you have a pet?	Hast du ein Haustier?
Do you have a phone charger?	Haben Sie ein Telefonladegerät?
Do you have any brothers?	Hast du Brüder?
Do you have any idea?	Hast Du eine Idee?
Do you have any news?	Gibt es Neuigkeiten?
Do you have any opinions regarding this plan?	Haben Sie eine Meinung zu diesem Plan?
Do you have any pets?	Haben Sie Haustiere?
Do you have any questions?	Haben Sie Fragen?
Do you have change for a twenty?	Hast du Wechselgeld für einen Zwanziger?
Do you have change?	Hast du Kleingeld?
Do you have dessert?	Hast du Nachtisch?
Do you have money?	Hast du Geld?
Do you have my size?	Hast du meine Größe?
Do you have this dictionary?	Haben Sie dieses Wörterbuch?
Do you have time?	Hast du Zeit?
Do you have to wear a uniform?	Muss man eine Uniform tragen?
Do you like playing games?	Spielst du gerne Spiele?
Do you like ramen?	Magst du Ramen?
Do you like tea?	Magst du Tee?
Do you mind waiting a moment?	Stört es Sie, einen Moment zu warten?
Do you read the newspaper?	Liest du die Zeitung?
Do you smoke?	Rauchen Sie?
Do you speak English?	Sprechen Sie Englisch?
Do you take credit cards?	Nehmen Sie Kreditkarten an?
Do you understand English?	Verstehen Sie Englisch?
Do you want any tea?	Möchtest du Tee?
Do you want to go shopping?	Möchten Sie einkaufen gehen?
Does anyone speak English here?	Spricht hier jemand Englisch?
Does he have my number?	Hat er meine Nummer?
Does he speak Hindi?	Spricht er Hindi?
Does he work here?	Arbeitet er hier?
Does she have a sister?	Hat sie eine Schwester?
Does she like pizza?	Mag sie Pizza?
Does she speak French?	Spricht sie Französisch?
Does the bus go to the station?	Fährt der Bus zum Bahnhof?
Does this bus go to Shinjuku?	Fährt dieser Bus nach Shinjuku?
Does this bus go to downtown?	Fährt dieser Bus in die Innenstadt?
Does your father drive?	Fährt dein Vater Auto?
Dog	Hund
Dogs are cute.	Hunde sind süß.
Don't be late.	Komm nicht zu spät.
Don't call at ten — I will be sleeping.	Rufen Sie nicht um zehn an – ich werde schlafen.
Don't forget to lock the door.	Vergessen Sie nicht, die Tür abzuschließen.
Don't panic.	Keine Panik.
Don't worry about it.	Machen Sie sich darüber keine Sorgen.
Don't worry, everything will be fine.	Mach dir keine Sorgen, alles wird gut.
Drink lots of water and get some rest.	Trinken Sie viel Wasser und ruhen Sie sich aus.
Drink plenty of water.	Trinken Sie viel Wasser.
East and West; whole country	Osten und Westen; ganzes Land
Eat healthy food.	Essen Sie gesundes Essen.
Egg	Ei
Emperor of Japan	Kaiser von Japan
English	Englisch
English (language)	Englisch (Sprache)
English class is interesting.	Der Englischunterricht ist interessant.
English conversation	Englische Konversation
English is easier than Japanese.	Englisch ist einfacher als Japanisch.
English is spoken all over the world.	Auf der ganzen Welt wird Englisch gesprochen.
English language	Englische Sprache
English letter (character)	Englischer Buchstabe (Zeichen)
English-Japanese (e.g. dictionary)	Englisch-Japanisch (z. B. Wörterbuch)
Enjoy your stay!	Genießen Sie Ihren Aufenthalt!
Enjoy your visit!	Genießen Sie Ihren Besuch!
Europe and America; the West	Europa und Amerika; der Westen
Even if I am free, I can't just sleep every day.	Selbst wenn ich frei bin, kann ich nicht jeden Tag schlafen.
Everyone danced a lot.	Alle haben viel getanzt.
Everyone must follow the rules.	Jeder muss sich an die Regeln halten.
Everything is okay now.	Jetzt ist alles in Ordnung.
Excuse me for disturbing (interrupting) you	Entschuldigen Sie, dass ich Sie störe (unterbreche).
Excuse me, please help me.	Entschuldigung, bitte helfen Sie mir.
Excuse me, where is the restroom?	Entschuldigung, wo ist die Toilette?
Excuse me..; Sorry to interrupt you.	Verzeihung..; Tut mir leid, Sie zu unterbrechen.
Excuse me; I'm sorry	Verzeihung; Es tut mir leid
Excuse me?	Entschuldigung?
Exercise keeps you fit.	Bewegung hält fit.
Family comes first.	Die Familie steht an erster Stelle.
February	Februar
Feeling tired, she went to bed early.	Sie fühlte sich müde und ging früh zu Bett.
Fire!	Feuer!
Fish	Fisch
Five friends came for me.	Fünf Freunde kamen für mich.
Follow me!	Folgen Sie mir!
Follow me, it's this way.	Folge mir, es geht hier entlang.
For here or to go?	Für hier oder für unterwegs?
For me, family comes first.	Für mich steht die Familie an erster Stelle.
Foreign Minister	Außenminister
Four eggs, please.	Vier Eier, bitte.
Four pencils, please.	Vier Bleistifte, bitte.
French fries	Pommes frites
Friday	Freitag
Friday (short)	Freitag (kurz)
From 9 o'clock.	Ab 9 Uhr.
From 9 to 5.	Von 9 bis 17 Uhr.
From Monday to Friday.	Von Montag bis Freitag.
Get out of here!	Verschwinde hier!
Get well soon.	Gute Besserung.
Glad to help.	Gerne helfen.
Go (board game of capturing territory)	Go (Brettspiel zur Gebietseroberung)
Go board	Geh an Bord
Go straight ahead.	Gehen Sie geradeaus.
Goat	Ziege
God	Gott
Golden Week	Goldene Woche
Good afternoon	Guten Tag
Good evening	Guten Abend
Good evening!	Guten Abend!
Good evening! Table for how many?	Guten Abend! Tisch für wie viele?
Good evening! Welcome to the Grand Hotel. Do you have a reservation?	Guten Abend! Willkommen im Grand Hotel. Haben Sie eine Reservierung?
Good evening.	Guten Abend.
Good morning	Guten Morgen
Good morning (polite)	Guten Morgen (höflich)
Good morning!	Guten Morgen!
Good morning! May I see your passport and boarding pass?	Guten Morgen! Darf ich Ihren Reisepass und Ihre Bordkarte sehen?
Good morning.	Guten Morgen.
Good night	Gute Nacht
Good night (polite)	Gute Nacht (höflich)
Good night!	Gute Nacht!
Good night.	Gute Nacht.
Goodbye (for a long time)	Auf Wiedersehen (für lange Zeit)
Had she known, she would have attended.	Hätte sie es gewusst, wäre sie dabei gewesen.
Had they ever visited this city?	Hatten sie diese Stadt jemals besucht?
Had you ever been to Japan before?	Waren Sie schon einmal in Japan?
Had you finished the report?	Haben Sie den Bericht fertiggestellt?
Happy Diwali!	Fröhliches Diwali!
Happy Eid!	Fröhliches Eid!
Happy New Year!	Frohes Neues Jahr!
Happy New Year.	Frohes Neues Jahr.
Happy birthday!	Alles Gute zum Geburtstag!
Has he paid the bill?	Hat er die Rechnung bezahlt?
Has it been raining here?	Hat es hier geregnet?
Has she arrived?	Ist sie angekommen?
Hat	Hut
Have a great flight!	Ich wünsche Ihnen einen tollen Flug!
Have a nice day!	Einen schönen Tag noch!
Have we met before?	Haben wir uns schon einmal getroffen?
Have you already done your homework?	Hast du deine Hausaufgaben schon gemacht?
Have you already eaten?	Schon gegessen?
Have you been taking your medicine?	Haben Sie Ihre Medikamente eingenommen?
Have you been waiting long?	Wartest du schon lange?
Have you eaten yet?	Hast Du schon gegessen?
Have you ever been to Japan?	Waren Sie schon einmal in Japan?
Have you ever been to London?	Waren Sie schon einmal in London?
Have you finished work?	Sind Sie mit der Arbeit fertig?
Have you seen my glasses?	Hast du meine Brille gesehen?
Have you seen this movie?	Hast du diesen Film gesehen?
Have you taken anything for the fever?	Haben Sie etwas gegen das Fieber genommen?
He acts as if he were the king.	Er tut so, als wäre er der König.
He agreed to help us.	Er erklärte sich bereit, uns zu helfen.
He asked me to help him.	Er bat mich, ihm zu helfen.
He asked me where I lived.	Er fragte mich, wo ich wohne.
He ate all the food.	Er hat das ganze Essen gegessen.
He avoids eating junk food.	Er vermeidet Junkfood.
He bought a new phone.	Er kaufte ein neues Telefon.
He came down the hill.	Er kam den Hügel hinunter.
He came home late.	Er kam spät nach Hause.
He can run very fast.	Er kann sehr schnell laufen.
He can't come to the party.	Er kann nicht zur Party kommen.
He can't come today.	Er kann heute nicht kommen.
He couldn't answer the question.	Er konnte die Frage nicht beantworten.
He didn't call me back.	Er hat mich nicht zurückgerufen.
He didn't come.	Er ist nicht gekommen.
He didn't eat any vegetables.	Er aß kein Gemüse.
He didn't say anything.	Er sagte nichts.
He didn't use to like coffee.	Früher mochte er keinen Kaffee.
He does nothing but play games.	Er macht nichts anderes als Spiele zu spielen.
He doesn't earn much money.	Er verdient nicht viel Geld.
He doesn't eat meat.	Er isst kein Fleisch.
He doesn't have time.	Er hat keine Zeit.
He doesn't like coffee.	Er mag keinen Kaffee.
He doesn't smoke.	Er raucht nicht.
He drinks coffee in the afternoon.	Nachmittags trinkt er Kaffee.
He drove along the river.	Er fuhr am Fluss entlang.
He drove to work this morning.	Er ist heute Morgen zur Arbeit gefahren.
He eats a lot of rice.	Er isst viel Reis.
He fell off the bike.	Er ist vom Fahrrad gefallen.
He finished writing the report.	Er hat den Bericht fertig geschrieben.
He forgot to lock the door.	Er hat vergessen, die Tür abzuschließen.
He had broken his leg before the race.	Er hatte sich vor dem Rennen das Bein gebrochen.
He had eaten before I got home.	Er hatte gegessen, bevor ich nach Hause kam.
He had lost his wallet before the trip.	Er hatte vor der Reise sein Portemonnaie verloren.
He had saved enough money for the trip.	Er hatte genug Geld für die Reise gespart.
He had to wait an hour.	Er musste eine Stunde warten.
He has a car.	Er hat ein Auto.
He has a fever today.	Er hat heute Fieber.
He has a new job.	Er hat einen neuen Job.
He has a red car.	Er hat ein rotes Auto.
He has been playing games all day.	Er hat den ganzen Tag Spiele gespielt.
He has been saving to buy a car.	Er hat gespart, um ein Auto zu kaufen.
He has been working out a lot.	Er hat viel trainiert.
He has gone to the market.	Er ist auf den Markt gegangen.
He has learned to drive.	Er hat Autofahren gelernt.
He has never tried sushi.	Er hat noch nie Sushi probiert.
He has the most courage.	Er hat den größten Mut.
He has three children.	Er hat drei Kinder.
He has to wear a uniform.	Er muss eine Uniform tragen.
He has worked here since March.	Seit März arbeitet er hier.
He hasn't called me yet.	Er hat mich noch nicht angerufen.
He insisted on paying for dinner.	Er bestand darauf, das Abendessen zu bezahlen.
He is Indian.	Er ist Inder.
He is a teacher.	Er ist Lehrer.
He is at the station.	Er ist am Bahnhof.
He is going to study abroad.	Er wird im Ausland studieren.
He is going to work hard this year.	Er wird dieses Jahr hart arbeiten.
He is more careful than his friend.	Er ist vorsichtiger als sein Freund.
He is my best friend.	Er ist mein bester Freund.
He is my brother.	Er ist mein Bruder.
He is not studying today.	Er lernt heute nicht.
He is older than me.	Er ist älter als ich.
He is sleeping in his room.	Er schläft in seinem Zimmer.
He is smarter than he looks.	Er ist schlauer als er aussieht.
He is supposed to come.	Er soll kommen.
He is talking on the phone.	Er telefoniert.
He is the most hardworking student.	Er ist der fleißigste Schüler.
He is the youngest in the family.	Er ist der Jüngste in der Familie.
He is very tall.	Er ist sehr groß.
He is younger than me.	Er ist jünger als ich.
He isn't going to help us.	Er wird uns nicht helfen.
He jumped into the pool.	Er sprang in den Pool.
He kept talking during class.	Er redete während des Unterrichts weiter.
He lives near the station.	Er wohnt in der Nähe des Bahnhofs.
He looks busy.	Er sieht beschäftigt aus.
He may be at home right now.	Möglicherweise ist er gerade zu Hause.
He might be the new manager.	Er könnte der neue Manager sein.
He might know the answer.	Er könnte die Antwort kennen.
He might not agree with us.	Er ist vielleicht nicht unserer Meinung.
He must know about that.	Er muss davon wissen.
He never eats breakfast.	Er frühstückt nie.
He not only works late every night but also on weekends.	Er arbeitet nicht nur jeden Abend bis spät in die Nacht, sondern auch am Wochenende.
He plays football on Sundays.	Sonntags spielt er Fußball.
He put the money in his wallet.	Er steckte das Geld in seine Brieftasche.
He ran out of the house.	Er rannte aus dem Haus.
He said he had lost his keys.	Er sagte, er hätte seine Schlüssel verloren.
He said he had never been there.	Er sagte, er sei noch nie dort gewesen.
He said he was tired.	Er sagte, er sei müde.
He said he was very busy.	Er sagte, er sei sehr beschäftigt.
He said he would come.	Er sagte, er würde kommen.
He said that he would come tomorrow.	Er sagte, dass er morgen kommen würde.
He should apologize.	Er sollte sich entschuldigen.
He should see a dentist.	Er sollte einen Zahnarzt aufsuchen.
He should stop smoking.	Er sollte mit dem Rauchen aufhören.
He shouldn't drive so fast.	Er sollte nicht so schnell fahren.
He stopped to buy some water.	Er blieb stehen, um etwas Wasser zu kaufen.
He threw the ball into the basket.	Er warf den Ball in den Korb.
He told me he would call later.	Er sagte mir, er würde später anrufen.
He told me the truth.	Er hat mir die Wahrheit gesagt.
He told me to wait.	Er sagte mir, ich solle warten.
He took a taxi to the airport.	Er nahm ein Taxi zum Flughafen.
He tried to open the window.	Er versuchte, das Fenster zu öffnen.
He was given a reward.	Er erhielt eine Belohnung.
He was invited to the party.	Er wurde zur Party eingeladen.
He was not paying attention.	Er hat nicht aufgepasst.
He was reading a book.	Er las ein Buch.
He was running to catch the train.	Er rannte, um den Zug zu erreichen.
He was waiting at the bus stop.	Er wartete an der Bushaltestelle.
He went to the market.	Er ging zum Markt.
He will be here soon.	Er wird bald hier sein.
He will be waiting outside.	Er wird draußen warten.
He will be working at that time.	Er wird zu diesem Zeitpunkt arbeiten.
He will have left by now.	Er wird inzwischen gegangen sein.
He will have repaired the car before dinner.	Er wird das Auto noch vor dem Abendessen repariert haben.
He won't agree with you.	Er wird dir nicht zustimmen.
He won't be angry with you.	Er wird dir nicht böse sein.
He won't be joining us for lunch.	Er wird nicht zum Mittagessen bei uns sein.
He won't have finished his homework yet.	Er wird seine Hausaufgaben noch nicht erledigt haben.
He works in a bank.	Er arbeitet in einer Bank.
He works in an office.	Er arbeitet in einem Büro.
He would always tell funny stories.	Er erzählte immer lustige Geschichten.
He would often sing in the shower.	Er sang oft unter der Dusche.
He's not available right now.	Er ist im Moment nicht verfügbar.
Hearing that story, I couldn't help laughing.	Als ich diese Geschichte hörte, musste ich lachen.
Hello!	Hallo!
Hello, how are you?	Hallo, wie geht es dir?
Hello, please take a seat. What seems to be the problem?	Hallo, bitte nehmen Sie Platz. Was scheint das Problem zu sein?
Hello, this is Alex.	Hallo, das ist Alex.
Hello.	Hallo.
Hello? (used on the phone)	Hallo? (wird am Telefon verwendet)
Help!	Hilfe!
Her name is Priya.	Ihr Name ist Priya.
Her room is cleaner than mine.	Ihr Zimmer ist sauberer als meines.
Here is my passport.	Hier ist mein Reisepass.
Here it is.	Hier ist es.
Here we are. The airport!	Hier sind wir. Der Flughafen!
Here you go. / Go ahead.	Bitte schön. / Fortfahren.
Here's your boarding pass. Boarding starts at 9:30.	Hier ist Ihre Bordkarte. Das Boarding beginnt um 9:30 Uhr.
Here's your cappuccino and muffin. Enjoy!	Hier ist dein Cappuccino und Muffin. Genießen!
Here's your change.	Hier ist Ihr Kleingeld.
Here's your fried rice. Enjoy!	Hier ist dein gebratener Reis. Genießen!
Hi there!	Hallo!
Hi there! Can I help you find something?	Hallo! Kann ich Ihnen helfen, etwas zu finden?
Hi! What can I get for you today?	Hallo! Was kann ich heute für Sie besorgen?
His car is very fast.	Sein Auto ist sehr schnell.
How about another day?	Wie wäre es mit einem anderen Tag?
How about this scarf? It comes in many colors.	Wie wäre es mit diesem Schal? Es gibt es in vielen Farben.
How about...?; How is...?	Wie wäre es mit...?; Wie ist...?
How are you?	Wie geht es dir?
How did you fix it?	Wie haben Sie es behoben?
How do you do?	Wie geht es dir?
How do you get to work?	Wie kommst du zur Arbeit?
How do you go to school?	Wie gehst du zur Schule?
How do you say it in Japanese?	Wie sagt man das auf Japanisch?
How far is it from here?	Wie weit ist es von hier entfernt?
How long does it take?	Wie lange dauert es?
How long have we been waiting?	Wie lange haben wir gewartet?
How long have you been learning Japanese?	Wie lange lernst du schon Japanisch?
How many books do you have?	Wie viele Bücher hast du?
How many brothers do you have?	Wie viele Brüder hast du?
How many children are in the park?	Wie viele Kinder sind im Park?
How many cylindrical objects?	Wie viele zylindrische Objekte?
How many days will you stay?	Wie viele Tage bleiben Sie?
How many people are in your family?	Wie viele Personen sind in Ihrer Familie?
How many people came?	Wie viele Leute kamen?
How many round objects?	Wie viele runde Gegenstände?
How many sheets of paper, please?	Wie viele Blatt Papier bitte?
How many thin/flat objects?	Wie viele dünne/flache Gegenstände?
How many things?	Wie viele Dinge?
How much do you spend a month?	Wie viel geben Sie im Monat aus?
How much does it cost?	Wie viel kostet es?
How much does this come to?	Wie viel kostet das?
How much for two?	Wie viel für zwei?
How much is the fare?	Wie hoch ist der Fahrpreis?
How much is the salary?	Wie hoch ist das Gehalt?
How much is this shirt?	Wie viel kostet dieses Hemd?
How much is this?	Wieviel kostet das?
How much money do you have?	Wie viel Geld hast du?
How much money do you need?	Wie viel Geld brauchen Sie?
How much time do we have?	Wie viel Zeit haben wir?
How much water is there?	Wie viel Wasser gibt es?
How much?	Wie viel?
How old are you?	Wie alt bist du?
How was Christmas?	Wie war Weihnachten?
I	Ich
I (ego) (boastful first-person pronoun)	I (Ego) (prahlerisches Ich-Pronomen)
I (formal)	ich (formell)
I (used by males)	I (von Männern verwendet)
I (used by men)	I (von Männern verwendet)
I agree with you.	Ich stimme dir zu.
I already ate.	Ich habe schon gegessen.
I am Japanese.	Ich bin Japaner.
I am Mike.	Ich bin Mike.
I am Tarou.	Ich bin Tarou.
I am a student.	Ich bin Student.
I am a teacher.	Ich bin Lehrer.
I am an engineer.	Ich bin Ingenieur.
I am at school.	Ich bin in der Schule.
I am aware (humble)	Ich bin mir bewusst (bescheiden)
I am cooking.	Ich koche.
I am dancing.	Ich tanze.
I am drinking coffee.	Ich trinke Kaffee.
I am feeling better now.	Mir geht es jetzt besser.
I am from India.	Ich komme aus Indien.
I am going to the market now.	Ich gehe jetzt auf den Markt.
I am going to visit my grandparents.	Ich werde meine Großeltern besuchen.
I am going to visit my parents next week.	Ich werde nächste Woche meine Eltern besuchen.
I am heading to the airport.	Ich fahre zum Flughafen.
I am hungry.	Ich habe Hunger.
I am learning English.	Ich lerne Englisch.
I am learning to drive.	Ich lerne Autofahren.
I am married.	Ich bin verheiratet.
I am not a teacher.	Ich bin kein Lehrer.
I am not angry with you.	Ich bin nicht böse auf dich.
I am not going to give up.	Ich werde nicht aufgeben.
I am not listening to you.	Ich höre dir nicht zu.
I am not sure, ...	Ich bin mir nicht sicher, ...
I am reading a book.	Ich lese ein Buch.
I am running.	Ich renne.
I am singing.	Ich singe.
I am sitting on a chair.	Ich sitze auf einem Stuhl.
I am sleeping.	Ich schlafe.
I am standing.	Ich stehe.
I am studying Japanese	Ich lerne Japanisch
I am studying now.	Ich lerne jetzt.
I am taking a shower now.	Ich dusche jetzt.
I am taller than you.	Ich bin größer als du.
I am thinking.	Ich denke.
I am thirsty.	Ich habe Durst.
I am tired after work.	Ich bin nach der Arbeit müde.
I am tired today.	Ich bin heute müde.
I am very happy today.	Ich bin heute sehr glücklich.
I am waiting for a friend.	Ich warte auf einen Freund.
I am walking.	Ich gehe.
I am watching TV.	Ich schaue fern.
I am working right now.	Ich arbeite gerade.
I am working.	Ich arbeite.
I am...	Ich bin...
I arrived at the airport.	Ich kam am Flughafen an.
I ask questions in class.	Ich stelle im Unterricht Fragen.
I ask the teacher.	Ich frage den Lehrer.
I ate breakfast.	Ich habe gefrühstückt.
I ate one apple.	Ich habe einen Apfel gegessen.
I ate ramen with a friend.	Ich habe mit einem Freund Ramen gegessen.
I ate some rice for lunch.	Zum Mittagessen habe ich etwas Reis gegessen.
I ate too much.	Ich habe zu viel gegessen.
I ate with my family.	Ich habe mit meiner Familie gegessen.
I ate with my senior.	Ich habe mit meinem Senior gegessen.
I beg your pardon; excuse me	Wie bitte; Entschuldigung
I borrow this book.	Ich leihe mir dieses Buch aus.
I bought a bag.	Ich habe eine Tasche gekauft.
I bought a book and a pen.	Ich habe ein Buch und einen Stift gekauft.
I bought a flight ticket to London.	Ich habe ein Flugticket nach London gekauft.
I bought it at the convenience store.	Ich habe es im Supermarkt gekauft.
I bought new shoes and clothes.	Ich habe neue Schuhe und Kleidung gekauft.
I bought one book.	Ich habe ein Buch gekauft.
I bought one fish.	Ich habe einen Fisch gekauft.
I bought two apples.	Ich habe zwei Äpfel gekauft.
I bought two bicycles.	Ich habe zwei Fahrräder gekauft.
I bought two pairs of socks.	Ich habe zwei Paar Socken gekauft.
I brought a lunch box.	Ich habe eine Lunchbox mitgebracht.
I buy bread.	Ich kaufe Brot.
I buy food and drinks.	Ich kaufe Essen und Getränke.
I buy shoes at a shoe shop.	Ich kaufe Schuhe in einem Schuhgeschäft.
I buy stamps at the post office.	Ich kaufe Briefmarken bei der Post.
I call my friend.	Ich rufe meinen Freund an.
I call my parents every week.	Ich rufe jede Woche meine Eltern an.
I call my parents.	Ich rufe meine Eltern an.
I called my friend.	Ich habe meinen Freund angerufen.
I came from India.	Ich kam aus Indien.
I can contact you anytime.	Ich kann Sie jederzeit kontaktieren.
I can cook.	Ich kann kochen.
I can drink alcohol.	Ich kann Alkohol trinken.
I can drink the water.	Ich kann das Wasser trinken.
I can drive.	Ich kann fahren.
I can eat sushi.	Ich kann Sushi essen.
I can eat vegetables.	Ich kann Gemüse essen.
I can go to Japan.	Ich kann nach Japan gehen.
I can hear a voice.	Ich kann eine Stimme hören.
I can play soccer.	Ich kann Fußball spielen.
I can play tennis.	Ich kann Tennis spielen.
I can play the guitar.	Ich kann Gitarre spielen.
I can play the piano.	Ich kann Klavier spielen.
I can read English.	Ich kann Englisch lesen.
I can read kanji.	Ich kann Kanji lesen.
I can ride a bicycle.	Ich kann Fahrrad fahren.
I can sing Japanese songs.	Ich kann japanische Lieder singen.
I can speak Japanese	Ich kann Japanisch sprechen
I can speak Japanese.	Ich kann Japanisch sprechen.
I can speak a little.	Ich kann ein wenig sprechen.
I can speak three languages.	Ich kann drei Sprachen sprechen.
I can speak 「language」.	Ich kann „Sprache“ sprechen.
I can swim very well.	Ich kann sehr gut schwimmen.
I can use this computer.	Ich kann diesen Computer benutzen.
I can use this dictionary.	Ich kann dieses Wörterbuch verwenden.
I can write kana.	Ich kann Kana schreiben.
I can't afford to buy a car.	Ich kann es mir nicht leisten, ein Auto zu kaufen.
I can't eat very spicy food.	Ich kann kein sehr scharfes Essen essen.
I can't find my friend.	Ich kann meinen Freund nicht finden.
I can't find my keys.	Ich kann meine Schlüssel nicht finden.
I can't hear you well.	Ich kann dich nicht gut hören.
I can't hear you.	Ich kann dich nicht hören.
I can't speak English.	Ich kann kein Englisch.
I can't speak Japanese well yet.	Ich kann noch nicht gut Japanisch.
I carry a bag.	Ich trage eine Tasche.
I caught a cold.	Ich habe mich erkältet.
I changed my job last year.	Ich habe letztes Jahr meinen Job gewechselt.
I choose shoes and a hat.	Ich wähle Schuhe und einen Hut.
I clean my room.	Ich putze mein Zimmer.
I clean the desk and the chair.	Ich putze den Schreibtisch und den Stuhl.
I clean the house on Sundays.	Sonntags putze ich das Haus.
I close the door.	Ich schließe die Tür.
I come back home at six.	Ich komme um sechs nach Hause.
I commute by train every day.	Ich pendle jeden Tag mit der Bahn.
I completely agree.	Ich stimme voll und ganz zu.
I cook dinner for my family.	Ich koche das Abendessen für meine Familie.
I cook dinner.	Ich koche das Abendessen.
I cook rice. (make a meal)	Ich koche Reis. (eine Mahlzeit zubereiten)
I cook with my friend.	Ich koche mit meinem Freund.
I could help you with that.	Ich könnte dir dabei helfen.
I could run fast in my youth.	Ich konnte in meiner Jugend schnell laufen.
I could swim when I was five.	Ich konnte schwimmen, als ich fünf war.
I couldn't sleep last night.	Ich konnte letzte Nacht nicht schlafen.
I couldn't sleep much.	Ich konnte nicht viel schlafen.
I cut bread with a knife.	Ich schneide Brot mit einem Messer.
I cut my hair.	Ich habe mir die Haare geschnitten.
I cut paper with scissors.	Ich schneide Papier mit einer Schere.
I did my homework last night.	Ich habe gestern Abend meine Hausaufgaben gemacht.
I didn't do my homework.	Ich habe meine Hausaufgaben nicht gemacht.
I didn't go shopping yesterday.	Ich war gestern nicht einkaufen.
I didn't see him.	Ich habe ihn nicht gesehen.
I didn't sleep well.	Ich habe nicht gut geschlafen.
I didn't understand.	Ich habe es nicht verstanden.
I disagree completely.	Ich bin völlig anderer Meinung.
I dislike it	Ich mag es nicht
I dislike it.	Ich mag es nicht.
I do laundry twice a week.	Ich wasche Wäsche zweimal pro Woche.
I do my homework.	Ich mache meine Hausaufgaben.
I do not know	Ich weiß es nicht
I do research at university.	Ich forsche an der Universität.
I do the laundry.	Ich mache die Wäsche.
I don't care.	Es ist mir egal.
I don't drink alcohol.	Ich trinke keinen Alkohol.
I don't drink coffee.	Ich trinke keinen Kaffee.
I don't eat meat.	Ich esse kein Fleisch.
I don't eat much meat.	Ich esse nicht viel Fleisch.
I don't eat sushi.	Ich esse kein Sushi.
I don't exercise every day.	Ich mache nicht jeden Tag Sport.
I don't have a phone.	Ich habe kein Telefon.
I don't have any money.	Ich habe kein Geld.
I don't have enough money.	Ich habe nicht genug Geld.
I don't have many questions.	Ich habe nicht viele Fragen.
I don't have much experience.	Ich habe nicht viel Erfahrung.
I don't have much time.	Ich habe nicht viel Zeit.
I don't have time today.	Ich habe heute keine Zeit.
I don't have time.	Ich habe keine Zeit.
I don't have to work tomorrow.	Ich muss morgen nicht arbeiten.
I don't intend to study.	Ich habe nicht vor zu studieren.
I don't know (humble)	Ich weiß es nicht (bescheiden)
I don't know yet.	Ich weiß es noch nicht.
I don't know.	Ich weiß nicht.
I don't like cats.	Ich mag keine Katzen.
I don't like cold weather.	Ich mag kein kaltes Wetter.
I don't like green tea.	Ich mag keinen grünen Tee.
I don't like that idea.	Ich mag diese Idee nicht.
I don't open the window.	Ich öffne das Fenster nicht.
I don't pick up unknown numbers.	Ich gehe nicht an unbekannte Nummern.
I don't smoke.	Ich rauche nicht.
I don't think it's good.	Ich glaube nicht, dass es gut ist.
I don't think so.	Das glaube ich nicht.
I don't understand	Ich verstehe es nicht
I don't understand at all	Ich verstehe überhaupt nicht
I don't understand the meaning of this.	Ich verstehe die Bedeutung davon nicht.
I don't understand this lesson.	Ich verstehe diese Lektion nicht.
I don't understand this.	Ich verstehe das nicht.
I don't understand well.	Ich verstehe es nicht gut.
I don't understand, please say it again.	Ich verstehe es nicht, bitte sag es noch einmal.
I don't understand.	Ich verstehe nicht.
I don't want any soup.	Ich möchte keine Suppe.
I don't want any trouble.	Ich will keinen Ärger.
I don't want cola.	Ich will keine Cola.
I don't watch TV.	Ich schaue nicht fern.
I don't work today.	Ich arbeite heute nicht.
I drank coffee at a cafe.	Ich habe in einem Café Kaffee getrunken.
I drank too much coffee.	Ich habe zu viel Kaffee getrunken.
I drank too much.	Ich habe zu viel getrunken.
I drank water and rested.	Ich trank Wasser und ruhte mich aus.
I draw a picture.	Ich zeichne ein Bild.
I drew one picture.	Ich habe ein Bild gezeichnet.
I drink coffee during break.	In der Pause trinke ich Kaffee.
I drink coffee in the morning.	Ich trinke morgens Kaffee.
I drink coffee.	Ich trinke Kaffee.
I drink tea at a cafe.	Ich trinke Tee in einem Café.
I drink tea in the morning.	Ich trinke morgens Tee.
I eat a lot of vegetables.	Ich esse viel Gemüse.
I eat a meal and watch TV.	Ich esse eine Mahlzeit und schaue fern.
I eat at a restaurant.	Ich esse in einem Restaurant.
I eat bread and drink coffee.	Ich esse Brot und trinke Kaffee.
I eat bread and eggs in the morning.	Ich esse morgens Brot und Eier.
I eat breakfast and go to school.	Ich frühstücke und gehe zur Schule.
I eat breakfast at 8.	Ich frühstücke um 8 Uhr.
I eat sukiyaki.	Ich esse Sukiyaki.
I eat sushi.	Ich esse Sushi.
I eat with my family.	Ich esse mit meiner Familie.
I eat yam and rice.	Ich esse Yamswurzel und Reis.
I ended up forgetting my keys.	Am Ende habe ich meine Schlüssel vergessen.
I enjoy listening to music.	Ich höre gerne Musik.
I enjoy reading at night.	Ich lese gerne abends.
I enjoy reading books.	Ich lese gerne Bücher.
I entered an empty room.	Ich betrat einen leeren Raum.
I exercise at home.	Ich trainiere zu Hause.
I exercise every day.	Ich trainiere jeden Tag.
I feel calm now.	Ich fühle mich jetzt ruhig.
I feel confident.	Ich fühle mich zuversichtlich.
I feel embarrassed.	Es ist mir peinlich.
I feel good.	Ich fühle mich gut.
I feel grateful.	Ich bin dankbar.
I feel heartbroken.	Mir ist das Herz gebrochen.
I feel honored / sorry	Ich fühle mich geehrt/leid
I feel much better now.	Ich fühle mich jetzt viel besser.
I feel relieved now.	Ich fühle mich jetzt erleichtert.
I feel relieved.	Ich fühle mich erleichtert.
I feel sad.	Ich bin traurig.
I feel sick.	Mir ist schlecht.
I feel very sick.	Ich fühle mich sehr krank.
I finished my homework.	Ich habe meine Hausaufgaben erledigt.
I finished work and went home.	Ich beendete die Arbeit und ging nach Hause.
I forgot my charger.	Ich habe mein Ladegerät vergessen.
I forgot my keys at home.	Ich habe meine Schlüssel zu Hause vergessen.
I forgot my notebook.	Ich habe mein Notizbuch vergessen.
I forgot my wallet.	Ich habe mein Portemonnaie vergessen.
I found a coin on the street.	Ich habe eine Münze auf der Straße gefunden.
I gave a presentation today.	Ich habe heute einen Vortrag gehalten.
I gave a presentation.	Ich habe einen Vortrag gehalten.
I get up at 6 in the morning.	Ich stehe um 6 Uhr morgens auf.
I get up at 8 o'clock.	Ich stehe um 8 Uhr auf.
I give a present to my daughter.	Ich gebe meiner Tochter ein Geschenk.
I go back home.	Ich gehe zurück nach Hause.
I go by bicycle.	Ich fahre mit dem Fahrrad.
I go by bus.	Ich fahre mit dem Bus.
I go by plane flying in the sky.	Ich fliege mit dem Flugzeug in den Himmel.
I go down.	Ich gehe runter.
I go out tomorrow morning.	Ich gehe morgen früh aus.
I go out.	Ich gehe raus.
I go that way.	Ich gehe diesen Weg.
I go to Japan in March.	Ich reise im März nach Japan.
I go to Kyoto tomorrow.	Ich fahre morgen nach Kyoto.
I go to Tokyo.	Ich gehe nach Tokio.
I go to bed around eleven.	Ich gehe gegen elf ins Bett.
I go to my friend's house to play.	Ich gehe zum Haus meines Freundes, um zu spielen.
I go to school by bicycle.	Ich fahre mit dem Fahrrad zur Schule.
I go to school late.	Ich gehe spät zur Schule.
I go to school.	Ich gehe zur Schule.
I go to sleep around 11.	Ich gehe gegen 11 schlafen.
I go to the gym three times a week.	Ich gehe dreimal pro Woche ins Fitnessstudio.
I go to the library to borrow a book.	Ich gehe in die Bibliothek, um ein Buch auszuleihen.
I go to the mountains.	Ich gehe in die Berge.
I go to the park on Sunday.	Ich gehe am Sonntag in den Park.
I go to the sea.	Ich gehe ans Meer.
I go to the station.	Ich gehe zum Bahnhof.
I go to the supermarket every day.	Ich gehe jeden Tag in den Supermarkt.
I go to town to shop.	Ich gehe in die Stadt, um einzukaufen.
I go to work at the company.	Ich gehe zur Arbeit in die Firma.
I go to work by bus.	Ich fahre mit dem Bus zur Arbeit.
I go to work by train.	Ich fahre mit der Bahn zur Arbeit.
I go to work.	Ich gehe zur Arbeit.
I go up.	Ich gehe hoch.
I got a salary raise.	Ich habe eine Gehaltserhöhung bekommen.
I got an email.	Ich habe eine E-Mail bekommen.
I got hurt.	Ich wurde verletzt.
I got injured.	Ich wurde verletzt.
I got married last year.	Ich habe letztes Jahr geheiratet.
I got on the wrong bus.	Ich bin in den falschen Bus gestiegen.
I got rained on (lit. was rained on by rain).	I got rained on (wörtl. wurde vom Regen angeregnet).
I got separated from my child.	Ich wurde von meinem Kind getrennt.
I got the teacher to lend me a book.	Ich habe den Lehrer dazu gebracht, mir ein Buch zu leihen.
I got wet in the rain.	Ich bin im Regen nass geworden.
I graduated last year.	Ich habe letztes Jahr meinen Abschluss gemacht.
I graduated.	Ich habe meinen Abschluss gemacht.
I had finished my homework when she came.	Ich war mit meinen Hausaufgaben fertig, als sie kam.
I had my hair cut yesterday.	Ich habe mir gestern die Haare schneiden lassen.
I had never felt so happy.	Ich hatte mich noch nie so glücklich gefühlt.
I had never seen the ocean before that day.	Ich hatte vor diesem Tag noch nie das Meer gesehen.
I had seen that place in a dream.	Ich hatte diesen Ort in einem Traum gesehen.
I had two slices of cake.	Ich hatte zwei Stücke Kuchen.
I hadn't realized how late it was.	Ich hatte nicht bemerkt, wie spät es war.
I have a bag and a backpack.	Ich habe eine Tasche und einen Rucksack.
I have a boyfriend.	Ich habe einen Freund.
I have a car.	Ich habe ein Auto.
I have a cat.	Ich habe eine Katze.
I have a dog named Max.	Ich habe einen Hund namens Max.
I have a dog.	Ich habe einen Hund.
I have a dream, I want to become a doctor.	Ich habe einen Traum, ich möchte Arzt werden.
I have a fever.	Ich habe Fieber.
I have a girlfriend.	Ich habe eine Freundin.
I have a headache.	Ich habe Kopfschmerzen.
I have a lot of homework.	Ich habe viele Hausaufgaben.
I have a meeting at ten.	Ich habe um zehn ein Treffen.
I have a meeting.	Ich habe ein Treffen.
I have a question.	Ich habe eine Frage.
I have a reservation.	Ich habe eine Reservierung.
I have a savings account.	Ich habe ein Sparkonto.
I have a toothache.	Ich habe Zahnschmerzen.
I have a younger sister.	Ich habe eine jüngere Schwester.
I have an idea.	Ich habe eine Idee.
I have an older brother.	Ich habe einen älteren Bruder.
I have been feeling tired all week.	Ich habe mich die ganze Woche müde gefühlt.
I have been practicing the piano every day.	Ich habe jeden Tag Klavier geübt.
I have been reading this novel for weeks.	Ich lese diesen Roman seit Wochen.
I have been studying English since 2021.	Ich lerne seit 2021 Englisch.
I have been thinking about your offer.	Ich habe über Ihr Angebot nachgedacht.
I have been to Japan.	Ich war in Japan.
I have been very busy lately.	Ich war in letzter Zeit sehr beschäftigt.
I have been waiting for an hour.	Ich habe eine Stunde gewartet.
I have been working here for five years.	Ich arbeite hier seit fünf Jahren.
I have bread and coffee for breakfast.	Zum Frühstück gibt es Brot und Kaffee.
I have bread and milk for breakfast.	Zum Frühstück gibt es Brot und Milch.
I have breakfast at eight.	Ich frühstücke um acht.
I have eaten sushi before.	Ich habe schon einmal Sushi gegessen.
I have just finished my work.	Ich habe gerade meine Arbeit beendet.
I have lived here for ten years.	Ich lebe hier seit zehn Jahren.
I have lived here since 2019.	Ich lebe hier seit 2019.
I have lost my keys.	Ich habe meine Schlüssel verloren.
I have lunch at my desk.	Ich esse an meinem Schreibtisch zu Mittag.
I have many friends.	Ich habe viele Freunde.
I have never seen it.	Ich habe es noch nie gesehen.
I have never seen such a beautiful sunset.	Ich habe noch nie einen so schönen Sonnenuntergang gesehen.
I have no money.	Ich habe kein Geld.
I have no time	Ich habe keine Zeit
I have no time.	Ich habe keine Zeit.
I have received / understood	Ich habe erhalten/verstanden
I have seen this movie before.	Ich habe diesen Film schon einmal gesehen.
I have some friends in Tokyo.	Ich habe einige Freunde in Tokio.
I have some money.	Ich habe etwas Geld.
I have time.	Ich habe Zeit.
I have to finish this today.	Ich muss das heute fertig machen.
I have to get up early.	Ich muss früh aufstehen.
I have to study for the exam.	Ich muss für die Prüfung lernen.
I have two brothers.	Ich habe zwei Brüder.
I have two children.	Ich habe zwei Kinder.
I have visited Japan twice.	Ich habe Japan zweimal besucht.
I haven't been sleeping well lately.	Ich habe in letzter Zeit nicht gut geschlafen.
I haven't eaten today.	Ich habe heute nichts gegessen.
I haven't eaten yet.	Ich habe noch nichts gegessen.
I haven't seen him since last year.	Ich habe ihn seit letztem Jahr nicht mehr gesehen.
I head toward the station.	Ich gehe Richtung Bahnhof.
I heard good news.	Ich habe gute Nachrichten gehört.
I hope to see you soon.	Ich hoffe, wir sehen uns bald.
I humbly receive (said before eating)	Ich nehme demütig an (sagte ich vor dem Essen)
I intend to go to Japan next week.	Ich habe vor, nächste Woche nach Japan zu reisen.
I invited (them) to a meal.	Ich habe (sie) zum Essen eingeladen.
I just ate.	Ich habe gerade gegessen.
I keep sneezing.	Ich niese ständig.
I know	Ich weiß
I know his name.	Ich kenne seinen Namen.
I know the answer.	Ich kenne die Antwort.
I leave home at 8.	Ich verlasse das Haus um 8.
I leave home at eight.	Ich verlasse das Haus um acht.
I left a message.	Ich habe eine Nachricht hinterlassen.
I like Japan.	Ich mag Japan.
I like cats.	Ich mag Katzen.
I like flowers and music.	Ich mag Blumen und Musik.
I like it	Mir gefällt es
I like manga.	Ich mag Manga.
I like playing with rabbits.	Ich spiele gerne mit Kaninchen.
I like sushi more than yakiniku.	Ich mag Sushi mehr als Yakiniku.
I like sushi, but it's expensive.	Ich mag Sushi, aber es ist teuer.
I like sushi.	Ich mag Sushi.
I like swimming in the sea.	Ich schwimme gern im Meer.
I like the morning walk.	Ich mag den Morgenspaziergang.
I like walking more than shopping.	Ich gehe lieber spazieren als einkaufen.
I listen to English podcasts.	Ich höre englische Podcasts.
I listen to Japanese CDs.	Ich höre japanische CDs.
I listen to music.	Ich höre Musik.
I live in Delhi.	Ich lebe in Delhi.
I live in Kyoto.	Ich lebe in Kyoto.
I live in Mumbai.	Ich lebe in Mumbai.
I live in Tokyo.	Ich lebe in Tokio.
I live near the city center.	Ich wohne in der Nähe des Stadtzentrums.
I live together with my brother.	Ich lebe zusammen mit meinem Bruder.
I look forward to meeting you.	Ich freue mich darauf, Sie kennenzulernen.
I look forward to the weekend.	Ich freue mich auf das Wochenende.
I look it up in the dictionary.	Ich schlage es im Wörterbuch nach.
I look like my father.	Ich sehe aus wie mein Vater.
I lost my passport.	Ich habe meinen Reisepass verloren.
I lost my ticket.	Ich habe meine Fahrkarte verloren.
I lost my wallet.	Ich habe meine Geldtasche verloren.
I love ice cream.	Ich liebe Eis.
I love it	Ich liebe es
I love it.	Ich liebe es.
I love learning new things.	Ich liebe es, neue Dinge zu lernen.
I love mornings.	Ich liebe den Morgen.
I love my family very much.	Ich liebe meine Familie sehr.
I love rainy days.	Ich liebe Regentage.
I love sushi.	Ich liebe Sushi.
I love tea, and so does she.	Ich liebe Tee und sie auch.
I love the food my mother makes.	Ich liebe das Essen, das meine Mutter zubereitet.
I love this restaurant.	Ich liebe dieses Restaurant.
I love this song.	Ich liebe dieses Lied.
I made Japanese food.	Ich habe japanisches Essen gemacht.
I made a friend at work.	Ich habe bei der Arbeit einen Freund gefunden.
I made a friend.	Ich habe einen Freund gefunden.
I made a mistake (oops).	Ich habe einen Fehler gemacht (ups).
I made a mistake.	Ich habe einen Fehler gemacht.
I made it.	Ich habe es geschafft.
I make a point of going to bed at 10 p.m.	Ich lege Wert darauf, um 22 Uhr ins Bett zu gehen.
I make coffee with milk.	Ich koche Kaffee mit Milch.
I make it a rule to study Japanese every day.	Ich mache es mir zur Regel, jeden Tag Japanisch zu lernen.
I married him.	Ich habe ihn geheiratet.
I may be a little late to the party.	Vielleicht komme ich etwas zu spät zur Party.
I may have left my wallet at home.	Möglicherweise habe ich mein Portemonnaie zu Hause gelassen.
I meet a work friend.	Ich treffe einen Arbeitsfreund.
I met a friend at the station.	Ich habe einen Freund am Bahnhof getroffen.
I met a man at the party.	Ich habe auf der Party einen Mann kennengelernt.
I met the boss.	Ich habe den Chef getroffen.
I might be late for the meeting.	Es könnte sein, dass ich zu spät zum Treffen komme.
I might visit my grandmother this weekend.	Vielleicht besuche ich dieses Wochenende meine Großmutter.
I miss my family.	Ich vermisse meine Familie.
I missed your call.	Ich habe deinen Anruf verpasst.
I move forward.	Ich gehe vorwärts.
I moved into a new apartment.	Ich bin in eine neue Wohnung gezogen.
I must finish this today.	Ich muss das heute beenden.
I must remember this.	Das muss ich mir merken.
I need a doctor.	Ich brauche einen Arzt.
I need a pair of socks.	Ich brauche ein Paar Socken.
I need an umbrella.	Ich brauche einen Regenschirm.
I need medicine.	Ich brauche Medikamente.
I need some help.	Ich brauche etwas Hilfe.
I need to charge my phone.	Ich muss mein Telefon aufladen.
I need to check my luggage.	Ich muss mein Gepäck überprüfen.
I need to exchange money.	Ich muss Geld wechseln.
I need to finish this report.	Ich muss diesen Bericht fertigstellen.
I need to see a doctor.	Ich muss einen Arzt aufsuchen.
I need your help.	Ich brauche deine Hilfe.
I open the window.	Ich öffne das Fenster.
I opened a bank account.	Ich habe ein Bankkonto eröffnet.
I passed the exam!	Ich habe die Prüfung bestanden!
I pay money.	Ich zahle Geld.
I pay with my card.	Ich bezahle mit meiner Karte.
I plan to sleep early today.	Ich habe vor, heute früh zu schlafen.
I play ball with the children.	Ich spiele Ball mit den Kindern.
I play in the park.	Ich spiele im Park.
I play tennis.	Ich spiele Tennis.
I play with a friend.	Ich spiele mit einem Freund.
I play with friends during lunch break.	In der Mittagspause spiele ich mit Freunden.
I play with friends.	Ich spiele mit Freunden.
I play with the cat.	Ich spiele mit der Katze.
I played with a friend.	Ich habe mit einem Freund gespielt.
I practice kanji.	Ich übe Kanji.
I practice writing every day.	Ich übe jeden Tag das Schreiben.
I prefer walking.	Ich gehe lieber zu Fuß.
I promise I will be careful.	Ich verspreche, dass ich vorsichtig sein werde.
I push the bicycle.	Ich schiebe das Fahrrad.
I put the book in my bag.	Ich steckte das Buch in meine Tasche.
I quit my job.	Ich habe meinen Job gekündigt.
I read a book and write a report.	Ich lese ein Buch und schreibe einen Bericht.
I read a book.	Ich habe ein Buch gelesen.
I read a chapter every night.	Ich lese jeden Abend ein Kapitel.
I read before sleeping.	Ich lese vor dem Schlafengehen.
I read that book last year.	Ich habe das Buch letztes Jahr gelesen.
I read the newspaper every day.	Ich lese jeden Tag die Zeitung.
I read this book.	Ich habe dieses Buch gelesen.
I really like it.	Mir gefällt es wirklich.
I relax in the living room.	Ich entspanne mich im Wohnzimmer.
I relax on the sofa.	Ich entspanne mich auf dem Sofa.
I rest slowly at home.	Ich ruhe mich langsam zu Hause aus.
I return at 6.	Ich komme um 6 zurück.
I return to my country.	Ich kehre in mein Land zurück.
I return to my family.	Ich kehre zu meiner Familie zurück.
I ride my bike to the park.	Ich fahre mit dem Fahrrad in den Park.
I ride the bus and go to work.	Ich fahre mit dem Bus und fahre zur Arbeit.
I ride the bus.	Ich fahre mit dem Bus.
I said I was going home.	Ich sagte, ich würde nach Hause gehen.
I said I would help her.	Ich sagte, ich würde ihr helfen.
I said goodbye to my friend.	Ich verabschiedete mich von meinem Freund.
I sang karaoke.	Ich habe Karaoke gesungen.
I saw her at the station.	Ich habe sie am Bahnhof gesehen.
I see / indeed	Ich verstehe / tatsächlich
I see / is that so?	Ich verstehe / ist das so?
I see two dogs.	Ich sehe zwei Hunde.
I see. (casual)	Ich verstehe. (lässig)
I set a goal to learn ten words a day.	Ich habe mir zum Ziel gesetzt, zehn Wörter pro Tag zu lernen.
I set my alarm for six.	Ich habe meinen Wecker auf sechs gestellt.
I set the alarm.	Ich habe den Wecker gestellt.
I shop at the supermarket.	Ich kaufe im Supermarkt ein.
I shop for groceries on Saturday.	Am Samstag kaufe ich Lebensmittel ein.
I should call my mother.	Ich sollte meine Mutter anrufen.
I should go to bed early.	Ich sollte früh zu Bett gehen.
I sleep at 11.	Ich schlafe um 11.
I sleep at 8 every day.	Ich schlafe jeden Tag um 8 Uhr.
I slept last night.	Ich habe letzte Nacht geschlafen.
I slept well last night.	Ich habe letzte Nacht gut geschlafen.
I speak in Japanese.	Ich spreche Japanisch.
I spend weekends with family.	Die Wochenenden verbringe ich mit der Familie.
I spent a lot this month.	Ich habe diesen Monat viel ausgegeben.
I spent too much today.	Ich habe heute zu viel ausgegeben.
I stay at a hotel.	Ich übernachte in einem Hotel.
I stayed up late.	Ich blieb lange wach.
I studied Japanese.	Ich habe Japanisch gelernt.
I study Japanese (ongoing).	Ich lerne Japanisch (laufend).
I study Japanese every day.	Ich lerne jeden Tag Japanisch.
I study Japanese.	Ich lerne Japanisch.
I study at the library.	Ich lerne in der Bibliothek.
I study on Monday.	Ich lerne am Montag.
I study while listening to music.	Ich lerne, während ich Musik höre.
I suggest that he be given another chance.	Ich schlage vor, dass man ihm noch eine Chance gibt.
I swam in the pool.	Ich bin im Pool geschwommen.
I swim in the sea.	Ich schwimme im Meer.
I take a hot bath at night.	Abends nehme ich ein heißes Bad.
I take a photo.	Ich mache ein Foto.
I take a shower in the morning.	Ich dusche morgens.
I take a shower.	Ich dusche.
I take a walk every day.	Ich mache jeden Tag einen Spaziergang.
I take notes in class.	Ich mache mir im Unterricht Notizen.
I take notes.	Ich mache mir Notizen.
I take off my shoes.	Ich ziehe meine Schuhe aus.
I talk with the teacher.	Ich rede mit dem Lehrer.
I teach Japanese at school.	Ich unterrichte Japanisch in der Schule.
I tell (them) by phone and email.	Ich sage es ihnen per Telefon und E-Mail.
I think it will rain tomorrow.	Ich denke, dass es morgen regnen wird.
I think it will rain tonight.	Ich denke, dass es heute Nacht regnen wird.
I think it's a good idea.	Ich denke, es ist eine gute Idee.
I think it's difficult.	Ich denke, es ist schwierig.
I think it's good.	Ich finde es gut.
I think she will agree.	Ich denke, sie wird zustimmen.
I think you should take the job.	Ich denke, du solltest den Job annehmen.
I told her the good news.	Ich erzählte ihr die gute Nachricht.
I told him I didn't know.	Ich sagte ihm, dass ich es nicht wüsste.
I told them I would be late.	Ich sagte ihnen, dass ich zu spät kommen würde.
I took a day off because I was sick.	Ich habe mir einen Tag frei genommen, weil ich krank war.
I took a photo.	Ich habe ein Foto gemacht.
I took five photos.	Ich habe fünf Fotos gemacht.
I travel to Japan.	Ich reise nach Japan.
I trust my best friend.	Ich vertraue meinem besten Freund.
I try to exercise every day now.	Ich versuche jetzt jeden Tag Sport zu treiben.
I turn right.	Ich biege rechts ab.
I understand	Ich verstehe
I understand Japanese.	Ich verstehe Japanisch.
I understand a little Japanese.	Ich verstehe ein wenig Japanisch.
I use a payment app.	Ich nutze eine Bezahl-App.
I used to play cricket every weekend.	Ich habe jedes Wochenende Cricket gespielt.
I usually have an early lunch.	Normalerweise esse ich früh zu Mittag.
I usually ride a bike.	Normalerweise fahre ich Fahrrad.
I usually work from nine to six.	Normalerweise arbeite ich von neun bis sechs.
I visit my family on holidays.	Ich besuche meine Familie in den Ferien.
I wait by the sea.	Ich warte am Meer.
I wait for a friend at the station.	Ich warte am Bahnhof auf einen Freund.
I wait for a friend.	Ich warte auf einen Freund.
I waited an hour.	Ich habe eine Stunde gewartet.
I wake up at 10 o'clock.	Ich wache um 10 Uhr auf.
I wake up at 6 o'clock.	Ich wache um 6 Uhr auf.
I wake up at 7 in the morning.	Ich wache um 7 Uhr morgens auf.
I wake up at 7 o'clock.	Ich wache um 7 Uhr auf.
I wake up at seven every day.	Ich wache jeden Tag um sieben auf.
I wake up at six every day.	Ich wache jeden Tag um sechs auf.
I wake up early in the morning.	Ich wache morgens früh auf.
I wake up early.	Ich wache früh auf.
I walk every day for health.	Aus gesundheitlichen Gründen gehe ich jeden Tag spazieren.
I walk every day.	Ich gehe jeden Tag spazieren.
I walk with my dog.	Ich gehe mit meinem Hund spazieren.
I want a bicycle.	Ich möchte ein Fahrrad.
I want a new car.	Ich möchte ein neues Auto.
I want money.	Ich will Geld.
I want one car.	Ich möchte ein Auto.
I want to become a Japanese teacher.	Ich möchte Japanischlehrer werden.
I want to become a teacher.	Ich möchte Lehrer werden.
I want to buy a new car.	Ich möchte ein neues Auto kaufen.
I want to buy souvenirs.	Ich möchte Souvenirs kaufen.
I want to climb a mountain.	Ich möchte einen Berg besteigen.
I want to draw a picture.	Ich möchte ein Bild zeichnen.
I want to drink coffee.	Ich möchte Kaffee trinken.
I want to drink water.	Ich möchte Wasser trinken.
I want to eat Japanese food.	Ich möchte japanisches Essen essen.
I want to eat at this restaurant.	Ich möchte in diesem Restaurant essen.
I want to eat gyoza.	Ich möchte Gyoza essen.
I want to eat sushi.	Ich möchte Sushi essen.
I want to eat together with everyone.	Ich möchte mit allen zusammen essen.
I want to give a present.	Ich möchte ein Geschenk machen.
I want to go to Japan.	Ich möchte nach Japan gehen.
I want to learn Japanese.	Ich möchte Japanisch lernen.
I want to learn cooking.	Ich möchte Kochen lernen.
I want to listen to music.	Ich möchte Musik hören.
I want to meet my friend.	Ich möchte meinen Freund treffen.
I want to quit my job.	Ich möchte meinen Job kündigen.
I want to read this book.	Ich möchte dieses Buch lesen.
I want to rest tomorrow.	Ich möchte mich morgen ausruhen.
I want to return to my hometown.	Ich möchte in meine Heimatstadt zurückkehren.
I want to sleep early.	Ich möchte früh schlafen.
I want to study Japanese.	Ich möchte Japanisch lernen.
I want to study abroad.	Ich möchte im Ausland studieren.
I want to study more.	Ich möchte mehr lernen.
I want to swim in the sea.	Ich möchte im Meer schwimmen.
I want to travel to a beautiful place.	Ich möchte an einen schönen Ort reisen.
I want to watch a movie.	Ich möchte einen Film sehen.
I want to withdraw cash.	Ich möchte Bargeld abheben.
I want water.	Ich will Wasser.
I want ~	Ich will ~
I was at home yesterday.	Ich war gestern zu Hause.
I was born in July.	Ich wurde im Juli geboren.
I was driving to work.	Ich fuhr zur Arbeit.
I was late for the train.	Ich kam zu spät zum Zug.
I was late for work.	Ich kam zu spät zur Arbeit.
I was late this morning.	Ich war heute Morgen spät dran.
I was praised by my grandmother when I was a child.	Als Kind wurde ich von meiner Großmutter gelobt.
I was sleeping when you called.	Ich habe geschlafen, als du angerufen hast.
I was so busy this week.	Ich war diese Woche so beschäftigt.
I was taking a shower when the power went out.	Ich duschte gerade, als der Strom ausfiel.
I was thinking about you.	Ich habe an dich gedacht.
I was tired yesterday.	Ich war gestern müde.
I was watching TV at nine.	Ich habe um neun ferngesehen.
I wash my hands.	Ich wasche meine Hände.
I wasn't listening carefully.	Ich habe nicht genau zugehört.
I watch TV at home.	Ich schaue zu Hause fern.
I watch TV every night.	Ich schaue jeden Abend fern.
I watch TV.	Ich schaue fern.
I watch a movie.	Ich schaue mir einen Film an.
I watched TV yesterday.	Ich habe gestern ferngesehen.
I watched a movie last night.	Ich habe gestern Abend einen Film gesehen.
I watched a movie with them.	Ich habe mit ihnen einen Film gesehen.
I watched a movie yesterday.	Ich habe gestern einen Film gesehen.
I water the plants every morning.	Ich gieße die Pflanzen jeden Morgen.
I wear a coat.	Ich trage einen Mantel.
I wear a suit to work.	Zur Arbeit trage ich einen Anzug.
I wear formal clothes at work.	Bei der Arbeit trage ich formelle Kleidung.
I went shopping last week.	Ich war letzte Woche einkaufen.
I went shopping with my mother.	Ich war mit meiner Mutter einkaufen.
I went to Delhi last month.	Ich war letzten Monat in Delhi.
I went to Tokyo last week.	Ich war letzte Woche in Tokio.
I went to the hospital.	Ich ging ins Krankenhaus.
I went to the market.	Ich ging zum Markt.
I went to the mountain alone.	Ich bin alleine auf den Berg gegangen.
I will be reading a book on the plane.	Ich werde im Flugzeug ein Buch lesen.
I will be sleeping when you arrive.	Ich werde schlafen, wenn du ankommst.
I will be waiting for you at the station.	Ich werde am Bahnhof auf Sie warten.
I will call you on Friday.	Ich rufe dich am Freitag an.
I will call you tomorrow.	Ich rufe dich morgen an.
I will climb it tomorrow. (formal)	Ich werde ihn morgen besteigen. (formell)
I will do my best	Ich werde mein Bestes geben
I will go tomorrow.	Ich werde morgen gehen.
I will have answered all the emails by noon.	Bis Mittag werde ich alle E-Mails beantwortet haben.
I will have finished the project by Friday.	Ich werde das Projekt bis Freitag abgeschlossen haben.
I will have read this book by the weekend.	Bis zum Wochenende werde ich dieses Buch gelesen haben.
I will have saved enough money by summer.	Bis zum Sommer werde ich genug Geld gespart haben.
I will study at home tonight.	Ich werde heute Abend zu Hause lernen.
I wish I had studied harder.	Ich wünschte, ich hätte härter gelernt.
I wish I knew the answer.	Ich wünschte, ich wüsste die Antwort.
I wish I were at the beach now.	Ich wünschte, ich wäre jetzt am Strand.
I wish I were good at math.	Ich wünschte, ich wäre gut in Mathe.
I wish I were not so tired.	Ich wünschte, ich wäre nicht so müde.
I wish I were taller.	Ich wünschte, ich wäre größer.
I wish I were with my family.	Ich wünschte, ich wäre bei meiner Familie.
I wish it were summer all year.	Ich wünschte, es wäre das ganze Jahr über Sommer.
I woke up early every morning.	Ich bin jeden Morgen früh aufgewacht.
I won't be staying late tonight.	Ich werde heute Nacht nicht lange bleiben.
I won't be using the car tonight.	Ich werde das Auto heute Abend nicht benutzen.
I won't forget your birthday.	Ich werde deinen Geburtstag nicht vergessen.
I won't go tomorrow.	Ich werde morgen nicht gehen.
I won't have finished by then.	Bis dahin werde ich noch nicht fertig sein.
I wore new shoes.	Ich trug neue Schuhe.
I work as an engineer.	Ich arbeite als Ingenieur.
I work at a company.	Ich arbeite in einem Unternehmen.
I work at a hospital.	Ich arbeite in einem Krankenhaus.
I work from home on Fridays.	Freitags arbeite ich von zu Hause aus.
I work until evening.	Ich arbeite bis zum Abend.
I work with a great team.	Ich arbeite mit einem tollen Team.
I work.	Ich arbeite.
I worked as a career counselor.	Ich habe als Berufsberater gearbeitet.
I worked late last night.	Ich habe letzte Nacht bis spät in die Nacht gearbeitet.
I worked late yesterday.	Ich habe gestern lange gearbeitet.
I would like a .	Ich hätte gerne eine .
I would like a cup of coffee.	Ich hätte gerne eine Tasse Kaffee.
I would like to book a room.	Ich möchte ein Zimmer buchen.
I would like to greet you	Ich möchte Sie begrüßen
I would like to thank you.	Ich möchte Ihnen danken.
I would love to visit Japan.	Ich würde gerne Japan besuchen.
I would prefer to walk.	Ich würde lieber laufen.
I would rather stay home.	Ich bleibe lieber zu Hause.
I wouldn't do that if I were you.	An deiner Stelle würde ich das nicht tun.
I write a letter.	Ich schreibe einen Brief.
I write a report on the computer.	Ich schreibe einen Bericht am Computer.
I write with a pen.	Ich schreibe mit einem Stift.
I wrote a letter.	Ich habe einen Brief geschrieben.
I wrote a report.	Ich habe einen Bericht geschrieben.
I'd like a beer, please.	Ich hätte gerne ein Bier, bitte.
I'd like the pasta, please.	Ich hätte gerne die Pasta, bitte.
I'd like to check in, please.	Ich möchte bitte einchecken.
I'd like to check in.	Ich würde gerne einchecken.
I'd love to join you.	Ich würde gerne dabei sein.
I'll be there in an hour.	Ich bin in einer Stunde da.
I'll be thinking of you.	Ich werde an dich denken.
I'll call again later.	Ich rufe später noch einmal an.
I'll call back later.	Ich rufe später noch einmal an.
I'll call back.	Ich rufe zurück.
I'll call in the evening.	Ich rufe am Abend an.
I'll call you back.	Ich rufe Sie zurück.
I'll call you right back.	Ich rufe Sie gleich zurück.
I'll do a check-up.	Ich werde eine Untersuchung durchführen.
I'll do my best.	Ich werde mein Bestes geben.
I'll do the same for you.	Ich werde das Gleiche für Sie tun.
I'll eat cake.	Ich werde Kuchen essen.
I'll get off at the next stop.	Ich steige an der nächsten Haltestelle aus.
I'll give a present.	Ich werde ein Geschenk machen.
I'll go by train.	Ich fahre mit der Bahn.
I'll go to Japan to study Japanese.	Ich werde nach Japan gehen, um Japanisch zu lernen.
I'll go together with my friend.	Ich gehe zusammen mit meinem Freund.
I'll have eggs and toast.	Ich nehme Eier und Toast.
I'll have lemonade.	Ich nehme Limonade.
I'll have this, please	Ich werde das bitte haben
I'll help you with your bags.	Ich helfe dir mit deinen Taschen.
I'll look it up online.	Ich werde es online nachschlagen.
I'll make a call.	Ich rufe an.
I'll open the present.	Ich werde das Geschenk öffnen.
I'll open the window for you.	Ich öffne das Fenster für dich.
I'll pay for everyone.	Ich werde für alle bezahlen.
I'll pay in cash.	Ich zahle bar.
I'll pay you back tomorrow.	Ich werde es dir morgen zurückzahlen.
I'll pick you up at home.	Ich hole dich zu Hause ab.
I'll prescribe some medicine for you.	Ich werde dir ein Medikament verschreiben.
I'll see a doctor.	Ich werde einen Arzt aufsuchen.
I'll see you at seven.	Wir sehen uns um sieben.
I'll send a confirmation email.	Ich sende eine Bestätigungs-E-Mail.
I'll send it by LINE.	Ich schicke es per LINE.
I'll send you a message.	Ich schicke dir eine Nachricht.
I'll send you the details later.	Ich schicke Ihnen die Details später.
I'll stay for three days.	Ich bleibe drei Tage.
I'll take the blue one, please.	Ich nehme bitte das blaue.
I'll take this one.	Ich werde dieses nehmen.
I'll take this.	Ich nehme das.
I'll think about it.	Ich werde darüber nachdenken.
I'll walk to the station.	Ich gehe zum Bahnhof.
I'll watch a movie tomorrow.	Ich schaue mir morgen einen Film an.
I'll withdraw money at the bank.	Ich werde Geld bei der Bank abheben.
I'll work overtime.	Ich werde Überstunden machen.
I'll write a letter for my mother.	Ich werde einen Brief für meine Mutter schreiben.
I'm a little nervous.	Ich bin etwas nervös.
I'm a little tired today.	Ich bin heute etwas müde.
I'm a university student.	Ich bin ein Universitätsstudent.
I'm always late.	Ich komme immer zu spät.
I'm angry about it.	Ich bin wütend darüber.
I'm angry.	Ich bin wütend.
I'm annoyed.	Ich bin genervt.
I'm bleeding.	Ich blute.
I'm bored.	Mir ist langweilig.
I'm completely lost.	Ich bin völlig verloren.
I'm curious about it.	Ich bin neugierig darauf.
I'm doing research related to the environment.	Ich betreibe umweltbezogene Forschung.
I'm excited about the trip.	Ich freue mich auf die Reise.
I'm fine	Mir geht es gut
I'm fine, thanks.	Mir geht es gut, danke.
I'm fine, thanks. And you?	Mir geht es gut, danke. Und du?
I'm fine.	Mir geht es gut.
I'm fine. (No thanks.)	Mir geht es gut. (Nein danke.)
I'm from India.	Ich komme aus Indien.
I'm frustrated.	Ich bin frustriert.
I'm full of energy.	Ich bin voller Energie.
I'm full.	Ich bin satt.
I'm going shopping today.	Ich gehe heute einkaufen.
I'm going to Kyoto next week.	Ich fahre nächste Woche nach Kyoto.
I'm going to bed early tonight.	Ich gehe heute Abend früh zu Bett.
I'm going to buy a new phone.	Ich werde ein neues Telefon kaufen.
I'm going to cook dinner tonight.	Ich werde heute Abend das Abendessen kochen.
I'm going to learn to swim this summer.	Ich werde diesen Sommer schwimmen lernen.
I'm going to start a business.	Ich werde ein Unternehmen gründen.
I'm going to study abroad next year.	Ich werde nächstes Jahr im Ausland studieren.
I'm going to take a short break.	Ich werde eine kurze Pause machen.
I'm going to the bank.	Ich gehe zur Bank.
I'm going to the beach tomorrow.	Ich gehe morgen an den Strand.
I'm going to the hospital.	Ich gehe ins Krankenhaus.
I'm happy today.	Ich bin heute glücklich.
I'm having a party on Saturday.	Ich gebe am Samstag eine Party.
I'm here.	Ich bin hier.
I'm home	Ich bin zu Hause
I'm hungry.	Ich habe Hunger.
I'm in a good mood.	Ich bin gut gelaunt.
I'm in love.	Ich bin verliebt.
I'm interested in learning languages.	Ich interessiere mich für das Erlernen von Sprachen.
I'm just looking, thanks.	Ich schaue nur, danke.
I'm learning English.	Ich lerne Englisch.
I'm learning new skills at work.	Ich lerne bei der Arbeit neue Fähigkeiten.
I'm leaving home and coming back	Ich verlasse mein Zuhause und komme zurück
I'm leaving in 5 minutes.	Ich gehe in 5 Minuten.
I'm leaving the office now.	Ich verlasse jetzt das Büro.
I'm looking for a hotel.	Ich suche ein Hotel.
I'm looking for something cheap.	Ich suche etwas Günstiges.
I'm lost.	Ich bin verloren.
I'm meeting a friend at 4.	Ich treffe mich um 16 Uhr mit einem Freund.
I'm most grateful / sorry	Ich bin sehr dankbar/leid
I'm not sure about that.	Da bin ich mir nicht sicher.
I'm not sure yet.	Ich bin mir noch nicht sicher.
I'm not tired today.	Ich bin heute nicht müde.
I'm off (and will return)	Ich bin weg (und werde zurückkommen)
I'm off (said when leaving)	Ich bin weg (sagte beim Verlassen)
I'm off work today.	Ich habe heute frei.
I'm out of money.	Ich habe kein Geld mehr.
I'm planning a trip next month.	Ich plane nächsten Monat eine Reise.
I'm proud of you.	Ich bin stolz auf dich.
I'm reading an interesting book.	Ich lese ein interessantes Buch.
I'm really looking forward to it.	Ich freue mich wirklich darauf.
I'm sad.	Ich bin traurig.
I'm saving for a new phone.	Ich spare für ein neues Telefon.
I'm saving up my allowance.	Ich spare mein Taschengeld.
I'm scared of spiders.	Ich habe Angst vor Spinnen.
I'm scared.	Ich habe Angst.
I'm sleepy, I want to sleep.	Ich bin müde, ich möchte schlafen.
I'm sleepy.	Ich bin müde.
I'm so happy today.	Ich bin heute so glücklich.
I'm sorry	Es tut mir leid
I'm sorry.	Es tut mir leid.
I'm sorry. (casual)	Es tut mir Leid. (lässig)
I'm studying Japanese.	Ich lerne Japanisch.
I'm studying for the exam.	Ich lerne für die Prüfung.
I'm thirsty.	Ich habe Durst.
I'm tired from work.	Ich bin müde von der Arbeit.
I'm tired today.	Ich bin heute müde.
I'm twenty-five years old.	Ich bin fünfundzwanzig Jahre alt.
I'm very sorry	Es tut mir sehr leid
I'm worried about the exam.	Ich mache mir Sorgen wegen der Prüfung.
I'm worried.	Ich mache mir Sorgen.
I've already finished the book.	Ich habe das Buch bereits beendet.
I've come to be able to speak Japanese.	Ich bin gekommen, um Japanisch sprechen zu können.
I've decided not to drink alcohol.	Ich habe beschlossen, keinen Alkohol zu trinken.
I've just arrived.	Ich bin gerade angekommen.
I've started eating vegetables.	Ich habe angefangen, Gemüse zu essen.
I, me (male or female)	Ich, ich (männlich oder weiblich)
I, me (males only)	Ich, ich (nur für Männer)
ID	Ausweis
IT	IT
Ice	Eis
If I felt better, I would come.	Wenn es mir besser ginge, würde ich kommen.
If I find out the address, I'll tell you.	Wenn ich die Adresse herausfinde, sage ich es dir.
If I get hungry, I'll eat bread.	Wenn ich Hunger habe, esse ich Brot.
If I go to Japan, I will eat sushi.	Wenn ich nach Japan gehe, werde ich Sushi essen.
If I had a car, I would drive to work.	Wenn ich ein Auto hätte, würde ich zur Arbeit fahren.
If I had known, I would have come earlier.	Wenn ich das gewusst hätte, wäre ich früher gekommen.
If I had money, I would travel.	Wenn ich Geld hätte, würde ich reisen.
If I had more time, I would travel more.	Wenn ich mehr Zeit hätte, würde ich mehr reisen.
If I had studied medicine, I would be a doctor now.	Wenn ich Medizin studiert hätte, wäre ich jetzt Arzt.
If I had wings, I would fly.	Wenn ich Flügel hätte, würde ich fliegen.
If I have money, I'll buy a car.	Wenn ich Geld habe, kaufe ich ein Auto.
If I have time, I will visit you.	Wenn ich Zeit habe, werde ich dich besuchen.
If I have time, I'll go to see you.	Wenn ich Zeit habe, werde ich dich besuchen.
If I have time, I'll go to the library.	Wenn ich Zeit habe, gehe ich in die Bibliothek.
If I have time, I'll help.	Wenn ich Zeit habe, helfe ich.
If I knew the answer, I would tell you.	Wenn ich die Antwort wüsste, würde ich es dir sagen.
If I sleep early, I can wake up early.	Wenn ich früh schlafe, kann ich früh aufstehen.
If I were a bird, I would fly high.	Wenn ich ein Vogel wäre, würde ich hoch fliegen.
If I were a doctor, I would help people.	Wenn ich Arzt wäre, würde ich Menschen helfen.
If I were a millionaire, I would donate.	Wenn ich Millionär wäre, würde ich spenden.
If I were an artist, I would paint.	Wenn ich Künstler wäre, würde ich malen.
If I were famous, people would know me.	Wenn ich berühmt wäre, würden die Leute mich kennen.
If I were in your shoes, I would quit.	An deiner Stelle würde ich aufhören.
If I were rich, I would travel the world.	Wenn ich reich wäre, würde ich die Welt bereisen.
If I were you, I would accept the offer.	An deiner Stelle würde ich das Angebot annehmen.
If I were you, I would apologize.	Wenn ich du wäre, würde ich mich entschuldigen.
If I were you, I would rest.	Wenn ich du wäre, würde ich mich ausruhen.
If I were you, I would see a doctor.	An deiner Stelle würde ich einen Arzt aufsuchen.
If I were you, I wouldn't worry.	Wenn ich du wäre, würde ich mir keine Sorgen machen.
If I were younger, I would learn to sing.	Wenn ich jünger wäre, würde ich singen lernen.
If I'm busy, I won't go.	Wenn ich beschäftigt bin, gehe ich nicht.
If he practiced, he would play well.	Wenn er übte, würde er gut spielen.
If he were here, he would help us.	Wenn er hier wäre, würde er uns helfen.
If he were smarter, he would pass.	Wenn er schlauer wäre, würde er bestehen.
If it doesn't rain, the game will go on.	Wenn es nicht regnet, geht das Spiel weiter.
If it is sunny tomorrow, we will go to the park.	Wenn es morgen sonnig ist, gehen wir in den Park.
If it rains, I will stay at home.	Wenn es regnet, bleibe ich zu Hause.
If it rains, I will stay home.	Wenn es regnet, bleibe ich zu Hause.
If it rains, I won't take a walk.	Wenn es regnet, mache ich keinen Spaziergang.
If it rains, I'll stay home.	Wenn es regnet, bleibe ich zu Hause.
If it snows, we will make a snowman.	Wenn es schneit, bauen wir einen Schneemann.
If it were colder, we would need coats.	Wenn es kälter wäre, bräuchten wir Mäntel.
If it were sunny, we would go out.	Wenn es sonnig wäre, würden wir ausgehen.
If it were to rain, the event would be cancelled.	Sollte es regnen, würde die Veranstaltung abgesagt.
If it's Japanese, I understand a little.	Wenn es Japanisch ist, verstehe ich es ein wenig.
If it's a holiday, I'll stay home.	Wenn es ein Feiertag ist, bleibe ich zu Hause.
If it's cheap, I'll buy it.	Wenn es günstig ist, kaufe ich es.
If it's cold, I'll wear a coat.	Wenn es kalt ist, trage ich einen Mantel.
If it's expensive, I won't buy it.	Wenn es teuer ist, werde ich es nicht kaufen.
If it's hot, I'll turn on the AC.	Wenn es heiß ist, schalte ich die Klimaanlage ein.
If it's sunny tomorrow, I'll go to the park.	Wenn es morgen sonnig ist, gehe ich in den Park.
If it's this, it's fine.	Wenn es das ist, ist es in Ordnung.
If it's tomorrow, I can go.	Wenn es morgen ist, kann ich gehen.
If it's too much, let's stop.	Wenn es zu viel ist, hören wir auf.
If only she were here!	Wenn sie nur hier wäre!
If she calls, tell her I'm busy.	Wenn sie anruft, sagen Sie ihr, dass ich beschäftigt bin.
If she comes, I'll talk to her.	Wenn sie kommt, werde ich mit ihr reden.
If she had time, she would help.	Wenn sie Zeit hätte, würde sie helfen.
If she hadn't missed the train, she would be here.	Wenn sie den Zug nicht verpasst hätte, wäre sie hier.
If she knew, she would help.	Wenn sie es wüsste, würde sie helfen.
If she were here, she would laugh.	Wenn sie hier wäre, würde sie lachen.
If she were the boss, things would change.	Wenn sie die Chefin wäre, würden sich die Dinge ändern.
If she won, she would be happy.	Wenn sie gewinnen würde, wäre sie glücklich.
If the price were lower, I would buy it.	Wenn der Preis niedriger wäre, würde ich es kaufen.
If there were more time, we could rest.	Wenn wir mehr Zeit hätten, könnten wir uns ausruhen.
If they come early, we will start.	Wenn sie früher kommen, fangen wir an.
If they were here, they would enjoy it.	Wenn sie hier wären, würden sie es genießen.
If we leave now, we will catch the train.	Wenn wir jetzt gehen, nehmen wir den Zug.
If we miss the train, we will be late.	Wenn wir den Zug verpassen, kommen wir zu spät.
If we were rich, we would buy a house.	Wenn wir reich wären, würden wir ein Haus kaufen.
If we won the lottery, we would buy a house.	Wenn wir im Lotto gewinnen würden, würden wir ein Haus kaufen.
If we work together, we can finish.	Wenn wir zusammenarbeiten, können wir es schaffen.
If you are hungry, have some bread.	Wenn Sie Hunger haben, essen Sie etwas Brot.
If you ask me, we should wait.	Wenn Sie mich fragen, sollten wir warten.
If you don't hurry, you will miss the bus.	Wenn Sie sich nicht beeilen, verpassen Sie den Bus.
If you don't sleep, you will be tired.	Wer nicht schläft, wird müde.
If you don't understand, please ask.	Wenn Sie es nicht verstehen, fragen Sie bitte nach.
If you eat too much, you will feel sick.	Wenn Sie zu viel essen, wird Ihnen schlecht.
If you freeze water, it becomes ice.	Wenn man Wasser einfriert, wird es zu Eis.
If you heat water, it boils.	Wenn man Wasser erhitzt, kocht es.
If you hurry, you'll make it.	Wenn du dich beeilst, wirst du es schaffen.
If you look, you'll understand.	Wenn du hinschaust, wirst du es verstehen.
If you mix red and white, you get pink.	Wenn man Rot und Weiß mischt, erhält man Rosa.
If you press the button, the door opens.	Wenn Sie den Knopf drücken, öffnet sich die Tür.
If you press this button, the machine stops.	Wenn Sie diese Taste drücken, stoppt die Maschine.
If you study hard, you will pass.	Wenn du fleißig lernst, wirst du bestehen.
If you study, you'll get good at it.	Wenn du lernst, wirst du gut darin sein.
If you study, you'll understand.	Wenn du studierst, wirst du es verstehen.
If you touch fire, you get burned.	Wer Feuer berührt, verbrennt sich.
If you were me, what would you say?	Wenn du ich wärest, was würdest du sagen?
If you were near me, I'd be happy.	Wenn du in meiner Nähe wärst, würde ich mich freuen.
In light of recent events, the meeting was postponed.	Aufgrund der jüngsten Ereignisse wurde die Sitzung verschoben.
In my opinion, it's too expensive.	Meiner Meinung nach ist es zu teuer.
In terms of cost, this is the better option.	Aus Kostengründen ist dies die bessere Option.
In terms of expenses, transport costs are high.	Was den Aufwand betrifft, sind die Transportkosten hoch.
In the morning when the sun rises, it's cold.	Morgens, wenn die Sonne aufgeht, ist es kalt.
Independence Day	Unabhängigkeitstag
Indian food is spicy.	Indisches Essen ist scharf.
Is card okay?	Ist die Karte in Ordnung?
Is he your father?	Ist er dein Vater?
Is it already over?	Ist es schon vorbei?
Is it far from here?	Ist es weit von hier?
Is it far to the beach?	Ist es weit bis zum Strand?
Is it free?	Ist es kostenlos?
Is it okay if I don't come tomorrow?	Ist es in Ordnung, wenn ich morgen nicht komme?
Is she a student?	Ist sie Studentin?
Is she going to join us?	Wird sie sich uns anschließen?
Is she watching TV?	Sieht sie fern?
Is that person a teacher?	Ist diese Person ein Lehrer?
Is the beach far from here?	Ist der Strand weit von hier entfernt?
Is the shrimp fresh?	Ist die Garnele frisch?
Is there Wi-Fi?	Gibt es WLAN?
Is there a discount?	Gibt es einen Rabatt?
Is there a police station nearby?	Gibt es eine Polizeistation in der Nähe?
Is there a shortcut?	Gibt es eine Verknüpfung?
Is there any bread left?	Ist noch Brot übrig?
Is there any sugar?	Gibt es Zucker?
Is there anything else I can help you with?	Gibt es sonst noch etwas, bei dem ich Ihnen helfen kann?
Is there free Wi-Fi?	Gibt es kostenloses WLAN?
Is this a book?	Ist das ein Buch?
Is this dish vegetarian?	Ist dieses Gericht vegetarisch?
Is this on sale?	Ist das im Angebot?
It can get very cold here in winter.	Im Winter kann es hier sehr kalt werden.
It costs ten dollars.	Es kostet zehn Dollar.
It could be argued that the policy is outdated.	Man könnte argumentieren, dass die Richtlinie veraltet ist.
It doesn't matter.	Es spielt keine Rolle.
It feels good.	Es fühlt sich gut an.
It has a big window.	Es hat ein großes Fenster.
It has been raining all day.	Es hat den ganzen Tag geregnet.
It has stopped raining.	Es hat aufgehört zu regnen.
It hurts here.	Es tut hier weh.
It is a beautiful day.	Es ist ein wunderschöner Tag.
It is a pretty flower.	Es ist eine hübsche Blume.
It is an interesting book.	Es ist ein interessantes Buch.
It is cold outside.	Es ist kalt draußen.
It is conduct unbecoming of a doctor.	Es ist ein Verhalten, das einem Arzt nicht gebührt.
It is essential that everyone attend.	Es ist wichtig, dass alle teilnehmen.
It is getting dark.	Es wird dunkel.
It is not expensive.	Es ist nicht teuer.
It is not money that matters most.	Es ist nicht das Geld, das am meisten zählt.
It is raining.	Es regnet.
It is snowing.	Es schneit.
It is vital that every vote be counted.	Es ist wichtig, dass jede Stimme gezählt wird.
It looks like a mild infection.	Es sieht nach einer leichten Infektion aus.
It looks like it might rain.	Es sieht so aus, als würde es regnen.
It looks like it's going to rain.	Es sieht so aus, als würde es regnen.
It looks like rain.	Es sieht nach Regen aus.
It matters not just at work but in private life too.	Es ist nicht nur im Beruf wichtig, sondern auch im Privatleben.
It may be difficult at first.	Am Anfang kann es schwierig sein.
It may take some time.	Es kann einige Zeit dauern.
It might rain later.	Es könnte später regnen.
It might snow tonight.	Heute Nacht könnte es schneien.
It often rains in October.	Im Oktober regnet es oft.
It rained all day.	Es hat den ganzen Tag geregnet.
It rained yesterday.	Gestern hat es geregnet.
It takes thirty minutes.	Es dauert dreißig Minuten.
It was a stressful week.	Es war eine stressige Woche.
It was a wonderful party.	Es war eine wundervolle Party.
It was boring, so I turned off the TV.	Es war langweilig, also habe ich den Fernseher ausgeschaltet.
It was cold yesterday.	Gestern war es kalt.
It was my brother who called yesterday.	Es war mein Bruder, der gestern anrief.
It was raining all night.	Es regnete die ganze Nacht.
It was the best day of my life.	Es war der beste Tag meines Lebens.
It will be 30 degrees today.	Heute werden es 30 Grad sein.
It will be a great day.	Es wird ein großartiger Tag sein.
It will probably be sunny tomorrow too.	Wahrscheinlich wird es morgen auch sonnig sein.
It won't take long.	Es wird nicht lange dauern.
It'd be great if you could speak Japanese.	Es wäre toll, wenn du Japanisch sprechen könntest.
It's 15 minutes before.	Es ist 15 Minuten vorher.
It's 26 degrees.	Es sind 26 Grad.
It's 300 yen.	Es kostet 300 Yen.
It's 5 o'clock now.	Es ist jetzt 5 Uhr.
It's 5,000 yen.	Es kostet 5.000 Yen.
It's 5:30 now.	Es ist jetzt 17:30 Uhr.
It's September 15th.	Es ist der 15. September.
It's a bit over my budget.	Es liegt etwas über meinem Budget.
It's a gift for my friend.	Es ist ein Geschenk für meinen Freund.
It's a gift, please.	Es ist bitte ein Geschenk.
It's a little big.	Es ist ein wenig groß.
It's a quarter to five.	Es ist Viertel vor fünf.
It's a surprise party!	Es ist eine Überraschungsparty!
It's a ten-minute walk.	Es ist ein zehnminütiger Spaziergang.
It's about 1,000 yen.	Es sind ungefähr 1.000 Yen.
It's about a five-minute walk.	Das is ungefähr eine fünf Minuten Fußstrecke.
It's become winter (recently).	Es ist (vor Kurzem) Winter geworden.
It's been a long day.	Es war ein langer Tag.
It's been a long time.	Es ist lange her.
It's cloudy.	Es ist wolkig.
It's cold, isn't it.	Es ist kalt, nicht wahr?
It's expensive but beautiful.	Es ist teuer, aber schön.
It's foggy this morning.	Heute Morgen ist es neblig.
It's freezing cold.	Es ist eiskalt.
It's getting cooler.	Es wird kühler.
It's getting late.	Es wird spät.
It's good for health.	Es ist gut für die Gesundheit.
It's half an hour later.	Es ist eine halbe Stunde später.
It's half past three.	Es ist halb drei.
It's hot today, isn't it.	Es ist heiß heute, nicht wahr?
It's nice weather today, isn't it.	Es ist doch schönes Wetter heute, nicht wahr?
It's okay.; Not to worry.; Everything is under control.	Es ist okay.; Kein Grund zur Sorge.; Alles ist unter Kontrolle.
It's on me today.	Es liegt heute an mir.
It's open until 5 pm today.	Heute ist es bis 17 Uhr geöffnet.
It's out of stock.	Es ist ausverkauft.
It's raining outside.	Draußen regnet es.
It's raining.	Es regnet.
It's really hot today.	Es ist heute wirklich heiß.
It's snowing.	Es schneit.
It's sunny today.	Heute ist es sonnig.
It's ten past eight.	Es ist zehn nach acht.
It's too hard for me, I can't do it.	Es ist zu schwer für mich, ich kann es nicht.
It's very hot today.	Heute ist es sehr heiß.
January	Januar
Japan	Japan
Japanese (language)	Japanisch (Sprache)
Japanese bedding; futon	Japanische Bettwäsche; Futon
Japanese buckwheat noodle	Japanische Buchweizennudeln
Japanese cars are famous.	Japanische Autos sind berühmt.
Japanese cedar	Japanische Zeder
Japanese chess	Japanisches Schach
Japanese class is fun.	Der Japanischunterricht macht Spaß.
Japanese clothes	Japanische Kleidung
Japanese food is delicious.	Japanisches Essen ist köstlich.
Japanese hotel	Japanisches Hotel
Japanese is difficult, but interesting.	Japanisch ist schwierig, aber interessant.
Japanese is hard to speak but easy to listen to.	Japanisch ist schwer zu sprechen, aber leicht zu hören.
Japanese is harder than English.	Japanisch ist schwieriger als Englisch.
Japanese language	Japanische Sprache
Japanese person	Japaner
Japanese soup bowl; wooden bowl	Japanische Suppenschüssel; Holzschale
Japanese straw mat	Japanische Strohmatte
Japanese style door	Tür im japanischen Stil
Japanese teacher	Japanischlehrer
Japanese-English	Japanisch-Englisch
Juice	Saft
July	Juli
June	Juni
Just a little.	Nur ein bisschen.
Kabuki; traditional Japanese theatrical art	Kabuki; traditionelle japanische Theaterkunst
Keep practicing every day.	Übe jeden Tag weiter.
Key	Schlüssel
Korea	Korea
Koto (Japanese harp)	Koto (japanische Harfe)
Lantern Festival; Festival of the Dead; tray	Laternenfest; Fest der Toten; Tablett
Las Vegas	Las Vegas
Last Sunday I went to the sea.	Letzten Sonntag war ich ans Meer.
Last month was December.	Der letzte Monat war Dezember.
Learning a language takes time.	Das Erlernen einer Sprache braucht Zeit.
Let me check my schedule.	Lassen Sie mich meinen Zeitplan überprüfen.
Let me know if you need anything.	Sag mir Bescheid, wenn du etwas brauchst.
Let me think about it.	Lass mich darüber nachdenken.
Let's all toast!	Lasst uns alle anstoßen!
Let's begin.	Fangen wir an.
Let's blow out the candles.	Lasst uns die Kerzen ausblasen.
Let's clean up tomorrow morning.	Lass uns morgen früh aufräumen.
Let's cook.	Lass uns kochen.
Let's dance!	Lass uns tanzen!
Let's dance.	Lass uns tanzen.
Let's discuss this.	Lassen Sie uns das besprechen.
Let's do homework together.	Lass uns gemeinsam Hausaufgaben machen.
Let's do it another day.	Lass es uns an einem anderen Tag machen.
Let's do something fun.	Lasst uns etwas Lustiges unternehmen.
Let's eat together.	Lass uns zusammen essen.
Let's eat! (before a meal)	Lass uns essen! (vor einer Mahlzeit)
Let's finish.	Kommen wir zum Schluss.
Let's go by bus.	Lass uns mit dem Bus fahren.
Let's go by taxi.	Lass uns mit dem Taxi fahren.
Let's go by train.	Lass uns mit der Bahn fahren.
Let's go eat lunch.	Lass uns zu Mittag essen gehen.
Let's go home together.	Lass uns zusammen nach Hause gehen.
Let's go on a nice day.	Lass uns einen schönen Tag verbringen.
Let's go out for dinner.	Lass uns zum Abendessen ausgehen.
Let's go shopping.	Lass uns einkaufen gehen.
Let's go to a new restaurant.	Lass uns in ein neues Restaurant gehen.
Let's go.	Lass uns gehen.
Let's grab coffee sometime.	Lass uns irgendwann einen Kaffee trinken.
Let's have breakfast together.	Lass uns gemeinsam frühstücken.
Let's have coffee.	Lass uns Kaffee trinken.
Let's make a toast!	Lasst uns anstoßen!
Let's meet again soon.	Lass uns bald wiedersehen.
Let's meet again tomorrow.	Treffen wir uns morgen wieder.
Let's meet at 3 pm.	Treffen wir uns um 15 Uhr.
Let's meet at the station.	Treffen wir uns am Bahnhof.
Let's meet in front of the station.	Treffen wir uns vor dem Bahnhof.
Let's order a pizza.	Lass uns eine Pizza bestellen.
Let's play tennis.	Lass uns Tennis spielen.
Let's play.	Lass uns spielen.
Let's rest.	Lass uns ausruhen.
Let's schedule a call.	Lassen Sie uns einen Anruf vereinbaren.
Let's sing a song.	Lass uns ein Lied singen.
Let's stay home because of the rain.	Bleiben wir wegen des Regens zu Hause.
Let's stop here for today.	Lassen Sie uns hier für heute innehalten.
Let's study Japanese.	Lass uns Japanisch lernen.
Let's study together.	Lasst uns gemeinsam lernen.
Let's take a coffee break.	Machen wir eine Kaffeepause.
Let's take a group photo.	Machen wir ein Gruppenfoto.
Let's take a walk.	Lass uns einen Spaziergang machen.
Let's talk on video tomorrow.	Lass uns morgen per Video sprechen.
Let's talk tomorrow.	Lass uns morgen reden.
Let's talk while walking.	Lass uns beim Gehen reden.
Let's text instead.	Lass uns stattdessen eine SMS schreiben.
Let's visit the museum.	Besuchen wir das Museum.
Let's wait here.	Warten wir hier.
Let's watch a movie.	Schauen wir uns einen Film an.
Lion	Löwe
Look at the clouds! It's going to rain.	Schau dir die Wolken an! Es wird regnen.
Look at those clouds — it is going to rain.	Schauen Sie sich diese Wolken an – es wird regnen.
Look! It is raining outside.	Sehen! Draußen regnet es.
Los Angeles	Los Angeles
Many people work at the factory.	Viele Menschen arbeiten in der Fabrik.
March	März
Mars (planet)	Mars (Planet)
May	Mai
May I ask a question?	Darf ich eine Frage stellen?
May I ask how you'll be paying?	Darf ich fragen, wie Sie bezahlen werden?
May I ask your phone number?	Darf ich nach Ihrer Telefonnummer fragen?
May I come in?	Darf ich reinkommen?
May I have a receipt?	Darf ich eine Quittung haben?
May I have a room key?	Darf ich einen Zimmerschlüssel haben?
May I speak to Maria?	Darf ich mit Maria sprechen?
May I take a photo here?	Darf ich hier ein Foto machen?
May I take a photo?	Darf ich ein Foto machen?
May I take photos here?	Darf ich hier Fotos machen?
May I use your phone?	Darf ich Ihre Telefon benutzen?
May all your wishes come true.	Mögen alle Ihre Wünsche in Erfüllung gehen.
Merry Christmas!	Frohe Weihnachten!
Middle Ages; mediaeval times	Mittelalter; Mittelalter
Milk	Milch
Mine is red.	Meiner ist rot.
Miss	Fräulein
Monday	Montag
Monday (short)	Montag (kurz)
Money doesn't grow on trees.	Geld wächst nicht auf Bäumen.
Mount Everest is the highest mountain.	Der Mount Everest ist der höchste Berg.
Mr	Herr
Mr. Tanaka came.	Herr Tanaka kam.
Mr. Tanaka is a teacher.	Herr Tanaka ist Lehrer.
Mr./Ms....	Herr/Frau....
Mrs	Frau
Mt. Fuji is the highest mountain in Japan.	Der Fuji ist der höchste Berg Japans.
Much as I admire him, I disagree with this decision.	So sehr ich ihn bewundere, bin ich mit dieser Entscheidung nicht einverstanden.
Municipal Hospital	Städtisches Krankenhaus
My English is getting better.	Mein Englisch wird besser.
My battery is dying.	Meine Batterie ist leer.
My battery is low.	Mein Akku ist schwach.
My birthday is on 5 May.	Mein Geburtstag ist am 5. Mai.
My brother is taller than me.	Mein Bruder ist größer als ich.
My brother studies abroad.	Mein Bruder studiert im Ausland.
My car was stolen last night.	Mein Auto wurde letzte Nacht gestohlen.
My cat sleeps all day.	Meine Katze schläft den ganzen Tag.
My class ends at three.	Mein Unterricht endet um drei.
My commute takes an hour.	Mein Weg zur Arbeit dauert eine Stunde.
My company is in Tokyo.	Mein Unternehmen befindet sich in Tokio.
My cousin lives abroad.	Mein Cousin lebt im Ausland.
My father is a doctor.	Mein Vater ist Arzt.
My father is not tall.	Mein Vater ist nicht groß.
My father works at a university.	Mein Vater arbeitet an einer Universität.
My father works in a hospital.	Mein Vater arbeitet in einem Krankenhaus.
My father works.	Mein Vater arbeitet.
My father's car is red.	Das Auto meines Vaters ist rot.
My favorite is ramen.	Mein Favorit ist Ramen.
My friend brought a cake (came with it).	Mein Freund hat einen Kuchen mitgebracht (kam dazu).
My friend lives in India.	Mein Freund lebt in Indien.
My friend made me a cake.	Mein Freund hat mir einen Kuchen gebacken.
My grades improved a lot.	Meine Noten haben sich sehr verbessert.
My grades improved.	Meine Noten verbesserten sich.
My grandfather cooks dinner.	Mein Großvater kocht das Abendessen.
My grandfather is eighty.	Mein Großvater ist achtzig.
My grandmother is wise.	Meine Großmutter ist weise.
My grandmother tells great stories.	Meine Großmutter erzählt tolle Geschichten.
My house is bigger than yours.	Mein Haus ist größer als deins.
My house is here.	Mein Haus ist hier.
My mother is a teacher.	Meine Mutter ist Lehrerin.
My mother is good at cooking.	Meine Mutter kann gut kochen.
My mother is kind.	Meine Mutter ist nett.
My mother is well.	Meiner Mutter geht es gut.
My name is Alex.	Mein Name ist Alex.
My older sister lives in India.	Meine ältere Schwester lebt in Indien.
My phone broke.	Mein Telefon ist kaputt gegangen.
My phone is in my pocket.	Mein Telefon ist in meiner Tasche.
My phone is on silent.	Mein Telefon ist stumm geschaltet.
My phone was stolen.	Mein Telefon wurde gestohlen.
My salary increased.	Mein Gehalt ist gestiegen.
My schedule is busy this week.	Mein Terminkalender ist diese Woche voll.
My sister and I grow flowers.	Meine Schwester und ich züchten Blumen.
My sister has two children.	Meine Schwester hat zwei Kinder.
My sister made a cake and brought it.	Meine Schwester hat einen Kuchen gebacken und ihn mitgebracht.
My stomach hurts.	Mein Magen tut weh.
My temperature is normal.	Meine Temperatur ist normal.
My throat hurts.	Mein Hals tut weh.
My wallet was found on the street.	Meine Brieftasche wurde auf der Straße gefunden.
National Diet; parliament; congress	Nationaler Landtag; Parlament; Kongress
Never have I seen such a beautiful sunset.	Noch nie habe ich einen so schönen Sonnenuntergang gesehen.
New Year's	Silvester
New Year's Day	Neujahr
Next month is busy.	Der nächste Monat ist beschäftigt.
Nice to meet you	Schön, Sie kennenzulernen
Nice to meet you (please treat me well).	Schön dich kennenzulernen (bitte behandle mich gut).
Nice to meet you too.	Freut mich, Sie kennenzulernen.
Nice to meet you.	Freut mich, Sie kennenzulernen.
No Smoking!	Rauchen verboten!
No ice, please.	Bitte kein Eis.
No sooner had I left than it started raining.	Kaum war ich gegangen, begann es zu regnen.
No, I don't have it.	Nein, ich habe es nicht.
No, not yet.	Nein, noch nicht.
No, she doesn't.	Nein, das tut sie nicht.
No; Not at all	NEIN; Überhaupt nicht
North Pole	Nordpol
Nose	Nase
Not only did she win, but she also set a record.	Sie hat nicht nur gewonnen, sondern auch einen Rekord aufgestellt.
Not until later did he understand the problem.	Erst später verstand er das Problem.
Notwithstanding the risks, they proceeded.	Ungeachtet der Risiken machten sie weiter.
November	November
OK	Okay
October	Oktober
Of course.	Natürlich.
Oh!	Oh!
On the way back, I go to the supermarket.	Auf dem Rückweg gehe ich zum Supermarkt.
On the whole, the advantages outweigh the drawbacks.	Im Großen und Ganzen überwiegen die Vorteile die Nachteile.
On weekends I do things like shopping and watching movies.	Am Wochenende mache ich Dinge wie Einkaufen und Filme schauen.
Once he starts talking, he never stops.	Wenn er einmal anfängt zu reden, hört er nie auf.
One bottle of beer, please.	Eine Flasche Bier, bitte.
One glass of water, please.	Ein Glas Wasser, bitte.
One more bowl of rice, please.	Bitte noch eine Schüssel Reis.
One more time, please.	Bitte noch einmal.
One pair of shoes, please.	Ein Paar Schuhe, bitte.
One piece of cake, please.	Ein Stück Kuchen, bitte.
One slice of bread, please.	Eine Scheibe Brot, bitte.
One ticket to the airport, please.	Bitte ein Ticket zum Flughafen.
One, two, three…	Eins, zwei, drei…
Only now that things have reached this point did he realize.	Erst jetzt, wo die Dinge diesen Punkt erreicht hatten, wurde ihm klar.
Orange	Orange
Orient	Orient
Our office is in the city center.	Unser Büro liegt im Stadtzentrum.
Our teacher is very kind.	Unser Lehrer ist sehr nett.
Our understanding of the brain has grown.	Unser Verständnis des Gehirns ist gewachsen.
Outside is cold.	Draußen ist es kalt.
P.M.	P.M.
PIN number	PIN-Nummer
PM (also means afternoon)	PM (bedeutet auch Nachmittag)
Passengers must fasten their belts.	Passagiere müssen sich anschnallen.
Pen	Stift
Please be on time.	Bitte seien Sie pünktlich.
Please bring an umbrella.	Bitte bringen Sie einen Regenschirm mit.
Please call a taxi to the airport.	Bitte rufen Sie ein Taxi zum Flughafen.
Please call an ambulance.	Bitte rufen Sie einen Krankenwagen.
Please call me.	Bitte rufen Sie mich an.
Please call someone.	Bitte rufen Sie jemanden an.
Please call the police.	Bitte rufen Sie die Polizei.
Please carry this.	Bitte tragen Sie dies.
Please close the door.	Bitte schließen Sie die Tür.
Please come again.	Bitte kommen Sie noch einmal.
Please come back soon.	Bitte kommen Sie bald wieder.
Please come here.	Bitte kommen Sie hierher.
Please come this way.	Bitte kommen Sie hier entlang.
Please come tomorrow.	Bitte kommen Sie morgen.
Please cut this paper.	Bitte schneiden Sie dieses Papier.
Please don't break it.	Bitte zerbrich es nicht.
Please don't come late.	Bitte kommen Sie nicht zu spät.
Please don't enter this room.	Bitte betreten Sie diesen Raum nicht.
Please don't forget.	Bitte nicht vergessen.
Please don't smoke here.	Bitte rauchen Sie hier nicht.
Please don't smoke.	Bitte rauchen Sie nicht.
Please don't talk here.	Bitte reden Sie hier nicht.
Please don't talk while eating.	Bitte reden Sie nicht beim Essen.
Please don't worry.	Bitte machen Sie sich keine Sorgen.
Please drink lots of water.	Bitte trinken Sie viel Wasser.
Please drive slowly.	Bitte fahren Sie langsam.
Please email me the file.	Bitte senden Sie mir die Datei per E-Mail zu.
Please explain it again.	Bitte erklären Sie es noch einmal.
Please fasten your seatbelt.	Bitte schnallen Sie sich an.
Please fill it with gas.	Bitte füllen Sie es mit Gas.
Please fill out this form.	Bitte füllen Sie dieses Formular aus.
Please get off here.	Bitte steigen Sie hier aus.
Please give me a coffee.	Bitte gib mir einen Kaffee.
Please give me coffee.	Bitte gib mir Kaffee.
Please give me some water.	Bitte gib mir etwas Wasser.
Please give me the menu.	Bitte geben Sie mir die Speisekarte.
Please give me this book.	Bitte gib mir dieses Buch.
Please give me three pens.	Bitte gib mir drei Stifte.
Please give me two apples.	Bitte gib mir zwei Äpfel.
Please give me water.	Bitte gib mir Wasser.
Please give me...	Bitte gib mir...
Please give my best regards (to ...)	Bitte grüßen Sie ganz herzlich (an ...)
Please go buy some milk.	Bitte geh etwas Milch kaufen.
Please go straight.	Bitte gehen Sie geradeaus.
Please go that way.	Bitte gehen Sie diesen Weg.
Please help me!	Bitte hilf mir!
Please help me.	Bitte hilf mir.
Please hold on a moment.	Bitte warten Sie einen Moment.
Please leave home and come back	Bitte verlassen Sie das Haus und kommen Sie zurück
Please look at this photo.	Bitte schauen Sie sich dieses Foto an.
Please look at this.	Bitte schauen Sie sich das an.
Please open the door.	Bitte öffnen Sie die Tür.
Please open the window.	Bitte öffnen Sie das Fenster.
Please read this book.	Bitte lesen Sie dieses Buch.
Please rest today.	Bitte ruhen Sie sich heute aus.
Please say it again.	Bitte sagen Sie es noch einmal.
Please say it once more.	Bitte sagen Sie es noch einmal.
Please send an email.	Bitte senden Sie eine E-Mail.
Please send the photo.	Bitte senden Sie das Foto.
Please show me the menu.	Bitte zeigen Sie mir die Speisekarte.
Please sing a song.	Bitte singen Sie ein Lied.
Please sit here.	Bitte setzen Sie sich hier hin.
Please sit on this chair.	Bitte setzen Sie sich auf diesen Stuhl.
Please sleep early.	Bitte schlafen Sie früh.
Please speak in a loud voice.	Bitte sprechen Sie mit lauter Stimme.
Please speak slowly.	Bitte sprechen Sie langsam.
Please speak with feeling.	Bitte sprechen Sie mit Gefühl.
Please step back.	Bitte treten Sie zurück.
Please stop making noise.	Bitte hör auf, Lärm zu machen.
Please take a photo.	Bitte machen Sie ein Foto.
Please take me to the hospital.	Bitte bringen Sie mich ins Krankenhaus.
Please take me to this address.	Bitte bringen Sie mich zu dieser Adresse.
Please take out the trash.	Bitte bringen Sie den Müll raus.
Please take that photo.	Bitte machen Sie dieses Foto.
Please take this medicine.	Bitte nehmen Sie dieses Arzneimittel ein.
Please teach me.	Bitte lehre mich.
Please tell me the phone number.	Bitte teilen Sie mir die Telefonnummer mit.
Please tell me your phone number.	Bitte teilen Sie mir Ihre Telefonnummer mit.
Please turn down the music.	Bitte stellen Sie die Musik leiser ein.
Please turn left.	Bitte biegen Sie links ab.
Please turn off your phone.	Bitte schalten Sie Ihr Telefon aus.
Please turn right.	Bitte biegen Sie rechts ab.
Please turn up the volume.	Bitte erhöhen Sie die Lautstärke.
Please wait a moment.	Bitte warten Sie einen Moment.
Please wait for the bus.	Bitte warten Sie auf den Bus.
Please wait here.	Bitte warten Sie hier.
Please wake up early tomorrow.	Bitte stehen Sie morgen früh auf.
Please wear a jacket.	Bitte tragen Sie eine Jacke.
Please write here.	Bitte schreiben Sie hier.
Please write it down.	Bitte schreiben Sie es auf.
Please write your name.	Bitte schreiben Sie Ihren Namen.
Prices are rising.	Die Preise steigen.
Prime Minister	Premierminister
Queen	Königin
Rabbit	Kaninchen
Ramen, please.	Ramen, bitte.
Rarely does he eat out.	Er isst selten auswärts.
Reading helps me improve.	Lesen hilft mir, mich zu verbessern.
Really?	Wirklich?
Relationships need care.	Beziehungen brauchen Pflege.
Rice is eaten in many countries.	Reis wird in vielen Ländern gegessen.
Right or left, which one?	Rechts oder links, welches?
Room key, please.	Zimmerschlüssel, bitte.
Rules are made to be broken.	Regeln sind dazu da, gebrochen zu werden.
Run!	Laufen!
Sadly, I couldn't go to the party.	Leider konnte ich nicht zur Party gehen.
Saturday	Samstag
Saturday (short)	Samstag (kurz)
School was closed.	Die Schule war geschlossen.
See you later!	Bis später!
See you next week!	Bis nächste Woche!
See you next week.	Bis nächste Woche.
See you tomorrow!	Bis morgen!
See you tomorrow.	Bis morgen.
See you. (lit., I'm leaving ahead of you.)	Wir sehen uns. (wörtl.: Ich gehe vor dir.)
Seldom do we see such dedication.	Solch ein Engagement erleben wir selten.
September	September
Shall I carry your bag?	Soll ich deine Tasche tragen?
Shall I help you?	Soll ich dir helfen?
Shall I help?	Soll ich helfen?
Shall I make tea?	Soll ich Tee kochen?
Shall I open the door?	Soll ich die Tür öffnen?
Shall I open the window?	Soll ich das Fenster öffnen?
Shall we eat together?	Sollen wir zusammen essen?
Shall we go watch a movie?	Wollen wir uns einen Film ansehen?
She always smiles at me.	Sie lächelt mich immer an.
She asked if I wanted coffee.	Sie fragte, ob ich Kaffee wollte.
She asked if I was okay.	Sie fragte, ob es mir gut gehe.
She ate an apple.	Sie hat einen Apfel gegessen.
She ate an orange.	Sie hat eine Orange gegessen.
She bought a dress.	Sie hat ein Kleid gekauft.
She bought a new phone.	Sie kaufte ein neues Telefon.
She bought some flowers.	Sie kaufte ein paar Blumen.
She can play the piano.	Sie kann Klavier spielen.
She can speak French; he can too.	Sie kann Französisch sprechen; er kann es auch.
She can speak three languages.	Sie kann drei Sprachen sprechen.
She climbed up the stairs.	Sie stieg die Treppe hinauf.
She couldn't come to class yesterday.	Sie konnte gestern nicht zum Unterricht kommen.
She decided to study abroad.	Sie beschloss, im Ausland zu studieren.
She didn't watch TV.	Sie hat nicht ferngesehen.
She doesn't drink much coffee.	Sie trinkt nicht viel Kaffee.
She doesn't eat fish.	Sie isst keinen Fisch.
She doesn't have any time.	Sie hat keine Zeit.
She doesn't like loud music.	Sie mag keine laute Musik.
She doesn't work on Fridays.	Sie arbeitet freitags nicht.
She fell under the table.	Sie fiel unter den Tisch.
She finished cooking dinner.	Sie war mit dem Kochen des Abendessens fertig.
She goes to bed at night.	Sie geht abends ins Bett.
She had already left when I called.	Sie war bereits gegangen, als ich anrief.
She had cooked dinner by the time we got home.	Sie hatte das Abendessen gekocht, als wir nach Hause kamen.
She had forgotten my name.	Sie hatte meinen Namen vergessen.
She had studied hard before the exam.	Sie hatte vor der Prüfung fleißig gelernt.
She had to take a taxi.	Sie musste ein Taxi nehmen.
She has a dog and a cat.	Sie hat einen Hund und eine Katze.
She has a good job.	Sie hat einen guten Job.
She has a lot of clothes.	Sie hat viele Klamotten.
She has already left.	Sie ist bereits gegangen.
She has become a great singer.	Sie ist eine großartige Sängerin geworden.
She has been cooking since morning.	Sie kocht seit dem Morgen.
She has been crying.	Sie hat geweint.
She has been learning to cook.	Sie hat kochen gelernt.
She has been looking for a new job.	Sie hat nach einem neuen Job gesucht.
She has been sick since Monday.	Sie ist seit Montag krank.
She has finished her homework.	Sie hat ihre Hausaufgaben erledigt.
She has long hair.	Sie hat lange Haare.
She has many friends.	Sie hat viele Freunde.
She has some money.	Sie hat etwas Geld.
She has three boxes.	Sie hat drei Kisten.
She has three children.	Sie hat drei Kinder.
She has to cook dinner.	Sie muss das Abendessen kochen.
She has to wake up early.	Sie muss früh aufstehen.
She has to work on Saturday.	Sie muss am Samstag arbeiten.
She has worked here since 2019.	Seit 2019 arbeitet sie hier.
She has written three books.	Sie hat drei Bücher geschrieben.
She hates waking up early.	Sie hasst es, früh aufzustehen.
She is a doctor.	Sie ist Ärztin.
She is an engineer.	Sie ist Ingenieurin.
She is capable of solving complex problems.	Sie ist in der Lage, komplexe Probleme zu lösen.
She is cooking dinner.	Sie kocht das Abendessen.
She is going to become a doctor.	Sie wird Ärztin werden.
She is going to buy a new phone.	Sie wird ein neues Telefon kaufen.
She is going to call you tonight.	Sie wird dich heute Abend anrufen.
She is good at cooking.	Sie kann gut kochen.
She is having her house painted.	Sie lässt ihr Haus streichen.
She is my mother.	Sie ist meine Mutter.
She is my younger sister.	Sie ist meine jüngere Schwester.
She is not at home.	Sie ist nicht zu Hause.
She is standing at the door.	Sie steht an der Tür.
She is the best student.	Sie ist die beste Schülerin.
She is the most beautiful.	Sie ist die Schönste.
She is the most talented student.	Sie ist die talentierteste Schülerin.
She is the tallest in her class.	Sie ist die Größte ihrer Klasse.
She is wearing a red dress.	Sie trägt ein rotes Kleid.
She is writing a letter.	Sie schreibt einen Brief.
She lives in Mumbai.	Sie lebt in Mumbai.
She lives in Tokyo.	Sie lebt in Tokio.
She looked as if she were about to burst into tears.	Sie sah aus, als würde sie gleich in Tränen ausbrechen.
She looks like her mother.	Sie sieht aus wie ihre Mutter.
She made a delicious cake.	Sie hat einen leckeren Kuchen gebacken.
She made some cookies.	Sie hat ein paar Kekse gemacht.
She may call you later.	Vielleicht ruft sie dich später an.
She may come to the party.	Sie könnte zur Party kommen.
She may not come today.	Vielleicht kommt sie heute nicht.
She might be sleeping now.	Vielleicht schläft sie jetzt.
She might not be feeling well.	Möglicherweise geht es ihr nicht gut.
She moved to a new city.	Sie zog in eine neue Stadt.
She must see a doctor.	Sie muss einen Arzt aufsuchen.
She needs to rest.	Sie muss sich ausruhen.
She plays the piano.	Sie spielt Klavier.
She promised to call me.	Sie versprach, mich anzurufen.
She pushed the box across the floor.	Sie schob die Kiste über den Boden.
She ran across the street.	Sie rannte über die Straße.
She realized she had forgotten her keys.	Ihr wurde klar, dass sie ihre Schlüssel vergessen hatte.
She remembered to bring the tickets.	Sie dachte daran, die Tickets mitzubringen.
She runs faster than me.	Sie rennt schneller als ich.
She said it was raining outside.	Sie sagte, es regnete draußen.
She said she could swim.	Sie sagte, sie könne schwimmen.
She said she had finished the work.	Sie sagte, sie habe die Arbeit abgeschlossen.
She said she was learning English.	Sie sagte, sie lerne Englisch.
She said she would call me.	Sie sagte, sie würde mich anrufen.
She said that she was tired.	Sie sagte, dass sie müde sei.
She said the food was delicious.	Sie sagte, das Essen sei köstlich.
She sat in front of the TV.	Sie saß vor dem Fernseher.
She should bring an umbrella.	Sie sollte einen Regenschirm mitbringen.
She should eat healthier food.	Sie sollte sich gesünder ernähren.
She should study harder.	Sie sollte fleißiger lernen.
She sings more beautifully than him.	Sie singt schöner als er.
She spent a lot of money.	Sie hat viel Geld ausgegeben.
She stepped out of the car.	Sie stieg aus dem Auto.
She studied for two hours.	Sie lernte zwei Stunden lang.
She suggested going to the park.	Sie schlug vor, in den Park zu gehen.
She teaches at a school.	Sie unterrichtet an einer Schule.
She told me not to worry.	Sie sagte mir, ich solle mir keine Sorgen machen.
She told me she would call.	Sie sagte mir, sie würde anrufen.
She told me that she loved me.	Sie sagte mir, dass sie mich liebte.
She used to live in Mumbai.	Sie lebte früher in Mumbai.
She walked into the room.	Sie ging ins Zimmer.
She was born in June.	Sie wurde im Juni geboren.
She was born on a Sunday.	Sie wurde an einem Sonntag geboren.
She was cooking when I arrived.	Sie war gerade am Kochen, als ich ankam.
She was cooking while he was working.	Sie kochte, während er arbeitete.
She was singing in the shower.	Sie sang unter der Dusche.
She was wearing a blue dress.	Sie trug ein blaues Kleid.
She wasn't at the meeting.	Sie war nicht bei dem Treffen.
She will be cooking dinner at six.	Sie wird um sechs das Abendessen kochen.
She will be happy if we visit her.	Sie wird sich freuen, wenn wir sie besuchen.
She will be teaching at that school next year.	Sie wird nächstes Jahr an dieser Schule unterrichten.
She will have cooked dinner by seven.	Um sieben wird sie das Abendessen gekocht haben.
She will have finished her degree by then.	Bis dahin wird sie ihr Studium abgeschlossen haben.
She will have learned enough by the exam.	Bis zur Prüfung wird sie genug gelernt haben.
She will love this gift.	Sie wird dieses Geschenk lieben.
She will pass the exam.	Sie wird die Prüfung bestehen.
She works in a hospital.	Sie arbeitet in einem Krankenhaus.
She would have passed if she had studied.	Sie hätte bestanden, wenn sie studiert hätte.
She would like to join us.	Sie möchte sich uns anschließen.
She would never lie to me.	Sie würde mich niemals anlügen.
She wrote a long email.	Sie schrieb eine lange E-Mail.
Shinkansen;	Shinkansen;
Shinto shrine	Shinto-Schrein
Shitamachi; lower parts of town	Shitamachi; unteren Teilen der Stadt
Should I wear a jacket?	Soll ich eine Jacke tragen?
Should we call him now?	Sollen wir ihn jetzt anrufen?
Sign here, please.	Bitte unterschreiben Sie hier.
Since I returned it yesterday, it should be at the library.	Da ich es gestern zurückgegeben habe, sollte es in der Bibliothek sein.
Sincerely yours	Mit freundlichen Grüßen
Sit down.	Setz dich.
Sleep is important for health.	Schlaf ist wichtig für die Gesundheit.
Some support the reform; others oppose it.	Einige unterstützen die Reform; andere sind dagegen.
Some water, please.	Etwas Wasser, bitte.
Someone is hurt.	Jemand ist verletzt.
Soon you will be speaking English fluently.	Bald werden Sie fließend Englisch sprechen.
Sorry, I didn't catch that.	Tut mir leid, das habe ich nicht verstanden.
Sorry, I'm busy then.	Tut mir leid, dann bin ich beschäftigt.
Sorry, I'm busy.	Entschuldigung, ich bin beschäftigt.
South America	Südamerika
Speaking. Who's calling?	Sprechen. Wer ruft an?
Sports Day	Sporttag
Spring is beautiful.	Der Frühling ist wunderschön.
St. Valentine's Day	Valentinstag
Stairs, please (to the stairs).	Treppen bitte (zur Treppe).
Starting with this film, we'll release international works one after another.	Beginnend mit diesem Film werden wir nacheinander internationale Werke veröffentlichen.
Students must do their homework.	Die Schüler müssen ihre Hausaufgaben machen.
Students should do their homework.	Die Schüler sollten ihre Hausaufgaben machen.
Such was her success that she retired early.	Ihr Erfolg war so groß, dass sie vorzeitig in den Ruhestand ging.
Summer is hotter than winter.	Der Sommer ist heißer als der Winter.
Summer is my favorite season.	Der Sommer ist meine Lieblingsjahreszeit.
Sun	Sonne
Sunday	Sonntag
Sunday (short)	Sonntag (kurz)
Sunday lunch is a family tradition.	Das Sonntagsessen ist eine Familientradition.
Suppose you were the president, what would you do?	Angenommen, Sie wären Präsident, was würden Sie tun?
Surprisingly, he was actually Japanese.	Überraschenderweise war er tatsächlich Japaner.
Sushi is Japanese food.	Sushi ist japanisches Essen.
Sweden	Schweden
T-shirt	T-Shirt
TV	Fernseher
Take an umbrella with you.	Nehmen Sie einen Regenschirm mit.
Take any seat you like.	Nehmen Sie einen beliebigen Platz ein.
Take care of yourself	Pass auf dich auf
Take care of yourself.	Pass auf dich auf.
Take care!	Aufpassen!
Take this medicine twice a day.	Nehmen Sie dieses Arzneimittel zweimal täglich ein.
Takeshi's book	Takeshis Buch
Tea time is my favorite.	Die Teezeit ist mein Favorit.
Ten envelopes, please.	Bitte zehn Umschläge.
Thank God you're safe.	Gott sei Dank bist du in Sicherheit.
Thank you	Vielen Dank
Thank you (in advance)	Vielen Dank (im Voraus)
Thank you (polite)	Danke (höflich)
Thank you for helping me.	Vielen Dank, dass Sie mir geholfen haben.
Thank you for the gift.	Vielen Dank für das Geschenk.
Thank you for the meal.	Vielen Dank für das Essen.
Thank you for the ride.	Vielen Dank für die Fahrt.
Thank you very much for your....	Vielen Dank für Ihr....
Thank you very much.	Vielen Dank.
Thank you very much. (past tense)	Vielen Dank. (Vergangenheitsform)
Thank you.	Vielen Dank.
Thanks for the meal (after eating)	Danke für das Essen (nach dem Essen)
Thanks for the meal (after eating) (polite)	Danke für das Essen (nach dem Essen) (höflich)
Thanks for the meal (before eating)	Danke für das Essen (vor dem Essen)
Thanks for the meal.	Danke für das Essen.
Thanks for your help today.	Vielen Dank für Ihre Hilfe heute.
Thanks for your help.	Vielen Dank für Ihre Hilfe.
Thanks to god; thanks to you	Gott sei Dank; Danke dir
That (over there) is a phone.	Das (dort drüben) ist ein Telefon.
That book is red.	Das Buch ist rot.
That book was not expensive.	Das Buch war nicht teuer.
That cake looks delicious.	Der Kuchen sieht köstlich aus.
That helped a lot.	Das hat sehr geholfen.
That is a book.	Das ist ein Buch.
That is my friend's bag.	Das ist die Tasche meines Freundes.
That is your bag.	Das ist deine Tasche.
That person is French.	Diese Person ist Franzose.
That person is not Indian.	Diese Person ist kein Inder.
That restaurant is delicious.	Das Restaurant ist köstlich.
That someone like a teacher would make a kanji mistake…	Dass jemand wie ein Lehrer einen Kanji-Fehler machen würde ...
That sounds fun!	Das hört sich lustig an!
That sounds good.	Das hört sich gut an.
That sounds great!	Das hört sich großartig an!
That surprised me!	Das hat mich überrascht!
That teacher is not only good at teaching but also kind.	Dieser Lehrer ist nicht nur gut im Unterrichten, sondern auch freundlich.
That test was difficult.	Dieser Test war schwierig.
That was fun!	Das hat Spaß gemacht!
That was fun.	Das hat Spaß gemacht.
That was the worst meal I've had.	Das war die schlechteste Mahlzeit, die ich je hatte.
That would be fine.; That wouldn't be necessary.	Das wäre in Ordnung.; Das wäre nicht nötig.
That would be wonderful.	Das wäre wunderbar.
That'll be 12 dollars. Cash or card?	Das wären 12 Dollar. Bargeld oder Karte?
That'll be 5000 yen per night. How many nights?	Das wären 5000 Yen pro Nacht. Wie viele Nächte?
That's 15 dollars, please. Cash or card?	Das sind bitte 15 Dollar. Bargeld oder Karte?
That's 25 dollars.	Das sind 25 Dollar.
That's 8 dollars, whenever you're ready.	Das sind 8 Dollar, wann immer Sie bereit sind.
That's a good deal.	Das ist ein gutes Geschäft.
That's cheap.	Das ist billig.
That's expensive.	Das ist teuer.
That's great news!	Das sind tolle Neuigkeiten!
That's nice, isn't it.	Das ist schön, nicht wahr?
That's really funny!	Das ist wirklich lustig!
That's right.	Das ist richtig.
That's right.; Let me see.	Das stimmt.; Lassen Sie mich sehen.
That's too bad.	Das ist schade.
That's too expensive.	Das ist zu teuer.
That's very kind of you.	Das ist sehr nett von dir.
The Nile is the longest river.	Der Nil ist der längste Fluss.
The ambulance is coming.	Der Krankenwagen kommt.
The assignment is due next week.	Der Auftrag ist nächste Woche fällig.
The baby is crying.	Das Baby weint.
The baby sleeps at night.	Das Baby schläft nachts.
The ball is under the chair.	Der Ball liegt unter dem Stuhl.
The ball rolled under the sofa.	Der Ball rollte unter das Sofa.
The balloons are beautiful.	Die Ballons sind wunderschön.
The bank closes at 5.	Die Bank schließt um 17 Uhr.
The bank is between the shop and the cafe.	Die Bank befindet sich zwischen dem Geschäft und dem Café.
The bank is next to the station.	Die Bank befindet sich neben dem Bahnhof.
The bill, please.	Die Rechnung, bitte.
The bird flew over the house.	Der Vogel flog über das Haus.
The birds are above the trees.	Die Vögel sind über den Bäumen.
The book is on the table.	Das Buch liegt auf dem Tisch.
The book was written in 1950.	Das Buch wurde 1950 geschrieben.
The books written in the 19th century are rare.	Die im 19. Jahrhundert geschriebenen Bücher sind selten.
The box is behind the door.	Die Kiste steht hinter der Tür.
The bridge damaged in the storm has been repaired.	Die durch den Sturm beschädigte Brücke wurde repariert.
The bridge was damaged by the flood.	Die Brücke wurde durch das Hochwasser beschädigt.
The bus goes through the city center.	Der Bus fährt durch die Innenstadt.
The bus is coming.	Der Bus kommt.
The bus is late again.	Der Bus hat wieder Verspätung.
The bus was late again.	Der Bus hatte wieder Verspätung.
The cake was made by my sister.	Der Kuchen wurde von meiner Schwester gebacken.
The cat is on the sofa.	Die Katze liegt auf dem Sofa.
The cat is under the bed.	Die Katze ist unter dem Bett.
The cat is under the table.	Die Katze ist unter dem Tisch.
The cat jumped onto the table.	Die Katze sprang auf den Tisch.
The children are doing homework.	Die Kinder machen Hausaufgaben.
The children are in the garden.	Die Kinder sind im Garten.
The children are playing in the park.	Die Kinder spielen im Park.
The children were laughing loudly.	Die Kinder lachten laut.
The city is noisier than the village.	Die Stadt ist lauter als das Dorf.
The city of Tokyo is big.	Die Stadt Tokio ist groß.
The class starts on Monday.	Der Unterricht beginnt am Montag.
The coffee machine is broken.	Die Kaffeemaschine ist kaputt.
The committee recommends that the policy be revised.	Der Ausschuss empfiehlt, die Richtlinie zu überarbeiten.
The cup is near the window.	Die Tasse steht in der Nähe des Fensters.
The deadline is Friday.	Die Deadline ist Freitag.
The deadline is next Monday.	Die Frist endet am kommenden Montag.
The decorations are pretty.	Die Dekorationen sind hübsch.
The discovery of penicillin transformed medicine.	Die Entdeckung des Penicillin veränderte die Medizin.
The doctor checked me.	Der Arzt hat mich untersucht.
The doctor recommended that she rest.	Der Arzt empfahl ihr, sich auszuruhen.
The dog has four legs.	Der Hund hat vier Beine.
The dog is black.	Der Hund ist schwarz.
The dog is in the garden.	Der Hund ist im Garten.
The dog jumped over the fence.	Der Hund sprang über den Zaun.
The dog was barking all night.	Der Hund bellte die ganze Nacht.
The fare rises according to distance.	Der Fahrpreis erhöht sich je nach Entfernung.
The fireworks were amazing.	Das Feuerwerk war unglaublich.
The first plan failed and the second succeeded.	Der erste Plan scheiterte, der zweite gelang.
The floor was mopped by the cleaner.	Der Boden wurde von der Reinigungskraft gewischt.
The flower bloomed.	Die Blume blühte.
The flowers bloom in spring.	Die Blumen blühen im Frühling.
The food at this place is great.	Das Essen an diesem Ort ist großartig.
The food is cooked by my mother.	Das Essen wird von meiner Mutter gekocht.
The food is delicious.	Das Essen ist köstlich.
The guests had arrived before midnight.	Die Gäste waren vor Mitternacht angekommen.
The house was cleaned yesterday.	Das Haus wurde gestern gereinigt.
The implementation of the plan was delayed.	Die Umsetzung des Plans verzögerte sich.
The key was found.	Der Schlüssel wurde gefunden.
The keys are in my bag.	Die Schlüssel sind in meiner Tasche.
The keys are on the table.	Die Schlüssel liegen auf dem Tisch.
The kids have been playing outside all day.	Die Kinder haben den ganzen Tag draußen gespielt.
The lamp is on the desk.	Die Lampe steht auf dem Schreibtisch.
The laundry basket is full.	Der Wäschekorb ist voll.
The letter was written by her.	Der Brief wurde von ihr geschrieben.
The letters are delivered every morning.	Die Briefe werden jeden Morgen zugestellt.
The light doesn't work.	Das Licht funktioniert nicht.
The light is on.	Das Licht ist an.
The light isn't working.	Das Licht funktioniert nicht.
The line is busy.	Die Leitung ist besetzt.
The local food is amazing.	Das lokale Essen ist fantastisch.
The man sitting there is my uncle.	Der Mann, der dort sitzt, ist mein Onkel.
The man was very kind.	Der Mann war sehr nett.
The man who lives next door is a doctor.	Der Mann, der nebenan wohnt, ist Arzt.
The manager is out today.	Der Manager ist heute nicht da.
The medicine isn't working.	Das Medikament wirkt nicht.
The meeting is at 3 pm.	Das Treffen ist um 15 Uhr.
The meeting is at noon.	Das Treffen ist um 12 Uhr.
The meeting is next week.	Das Treffen ist nächste Woche.
The meeting might be postponed.	Das Treffen könnte verschoben werden.
The meeting will be held on Monday.	Die Sitzung findet am Montag statt.
The meeting will start at nine.	Das Treffen beginnt um neun Uhr.
The message was sent at noon.	Die Nachricht wurde um 12 Uhr gesendet.
The moon is beautiful.	Der Mond ist wunderschön.
The morning is the best time.	Der Morgen ist die beste Zeit.
The movie had started when we entered.	Der Film hatte begonnen, als wir eintraten.
The museum is that big white building with the red sign.	Das Museum ist das große weiße Gebäude mit dem roten Schild.
The museum? Sure, just go straight and turn left at the bank.	Das Museum? Klar, gehen Sie einfach geradeaus und biegen Sie an der Bank links ab.
The new one is better.	Der Neue ist besser.
The news was reported on TV.	Die Nachricht wurde im Fernsehen berichtet.
The painting was sold for a million.	Das Gemälde wurde für eine Million verkauft.
The party is at eight tonight.	Die Party ist heute Abend um acht.
The party is on New Year's Eve.	Die Party findet am Silvesterabend statt.
The party room is decorated.	Der Partyraum ist dekoriert.
The party starts at seven.	Die Party beginnt um sieben.
The party was fun.	Die Party hat Spaß gemacht.
The payment failed.	Die Zahlung ist fehlgeschlagen.
The phone is ringing.	Das Telefon klingelt.
The phone was expensive.	Das Telefon war teuer.
The picture is above the sofa.	Das Bild ist über dem Sofa.
The plan is to leave at nine.	Der Plan ist, um neun Uhr aufzubrechen.
The plan might change if it rains.	Der Plan könnte sich ändern, wenn es regnet.
The plane flew across the ocean.	Das Flugzeug flog über den Ozean.
The portions are huge.	Die Portionen sind riesig.
The price has gone up.	Der Preis ist gestiegen.
The price tag is missing.	Das Preisschild fehlt.
The problem was solved.	Das Problem wurde gelöst.
The project will be finished soon.	Das Projekt wird bald abgeschlossen sein.
The red one or the white one — which do you like?	Das Rote oder das Weiße – was gefällt dir?
The reforms were effective, albeit controversial.	Die Reformen waren wirksam, wenn auch umstritten.
The rent is high.	Die Miete ist hoch.
The report must be finished today.	Der Bericht muss heute fertig sein.
The restaurant is on the corner.	Das Restaurant liegt an der Ecke.
The restroom is over there.	Die Toilette ist da drüben.
The results tend to support the hypothesis.	Die Ergebnisse stützen tendenziell die Hypothese.
The river flows into the sea.	Der Fluss mündet ins Meer.
The river flows through the city.	Der Fluss fließt durch die Stadt.
The road is closed.	Die Straße ist gesperrt.
The road might be closed.	Die Straße könnte gesperrt sein.
The room is clean.	Das Zimmer ist sauber.
The room is very clean.	Das Zimmer ist sehr sauber.
The room was filled with smoke.	Der Raum war voller Rauch.
The rules should be changed.	Die Regeln sollten geändert werden.
The sales went up this month.	Die Verkäufe stiegen diesen Monat.
The school is near the station.	Die Schule liegt in der Nähe des Bahnhofs.
The school is next to the park.	Die Schule liegt neben dem Park.
The school starts at nine.	Die Schule beginnt um neun.
The school teacher came.	Der Schullehrer kam.
The shoes are in the cupboard.	Die Schuhe sind im Schrank.
The shop had closed by the time we got there.	Als wir dort ankamen, war der Laden bereits geschlossen.
The shop opens at nine.	Der Laden öffnet um neun.
The shop staff were kind.	Das Ladenpersonal war freundlich.
The show was watched by millions.	Die Show wurde von Millionen gesehen.
The signal is bad here.	Hier ist das Signal schlecht.
The signal is bad.	Das Signal ist schlecht.
The sky is blue.	Der Himmel ist blau.
The sky is clear.	Der Himmel ist klar.
The soup is too hot.	Die Suppe ist zu heiß.
The store closes at 9.	Der Laden schließt um 9 Uhr.
The store opens at 10.	Der Laden öffnet um 10 Uhr.
The store opens at nine.	Der Laden öffnet um neun.
The students that passed will celebrate.	Die bestandenen Schüler werden feiern.
The subway is convenient.	Die U-Bahn ist praktisch.
The subway is faster.	Die U-Bahn ist schneller.
The sun is bright today.	Die Sonne scheint heute hell.
The sun is hot.	Die Sonne ist heiß.
The sun is shining.	Die Sonne scheint.
The sun rises in the east.	Die Sonne geht im Osten auf.
The sun was shining brightly.	Die Sonne schien hell.
The supermarket is on this street.	Der Supermarkt befindet sich in dieser Straße.
The teacher is kind.	Der Lehrer ist nett.
The teacher wasn't here today.	Der Lehrer war heute nicht da.
The teacher will be checking our homework.	Der Lehrer wird unsere Hausaufgaben überprüfen.
The teacher writes and the student reads.	Der Lehrer schreibt und der Schüler liest.
The team is going to win tonight.	Das Team wird heute Abend gewinnen.
The test is tomorrow.	Der Test ist morgen.
The tickets were sold out.	Die Tickets waren ausverkauft.
The toilet is over there.	Die Toilette ist da drüben.
The total is fifty dollars.	Die Gesamtsumme beträgt fünfzig Dollar.
The town is very quiet.	Die Stadt ist sehr ruhig.
The traffic is a bit heavy today.	Der Verkehr ist heute etwas stark.
The train goes through the tunnel.	Der Zug fährt durch den Tunnel.
The train had left before we arrived.	Der Zug war schon vor unserer Ankunft abgefahren.
The train has left.	Der Zug ist abgefahren.
The train is delayed.	Der Zug hat Verspätung.
The train is faster than the bus.	Der Zug ist schneller als der Bus.
The train leaves at 7:30.	Der Zug fährt um 7:30 Uhr ab.
The train leaves at noon.	Der Zug fährt um die Mittagszeit ab.
The train will have left by then.	Bis dahin wird der Zug abgefahren sein.
The view is amazing.	Die Aussicht ist atemberaubend.
The view is wonderful.	Die Aussicht ist wunderbar.
The water is cold.	Das Wasser ist kalt.
The weather is changing.	Das Wetter ändert sich.
The weather is nice today.	Das Wetter ist heute schön.
The wedding is in December.	Die Hochzeit ist im Dezember.
The wind is strong.	Der Wind ist stark.
The window is open.	Das Fenster ist geöffnet.
The window was broken by a ball.	Das Fenster wurde durch eine Kugel zerbrochen.
The window was broken.	Das Fenster war kaputt.
The winter mountain is very beautiful.	Der Winterberg ist sehr schön.
There are a bird and a cat.	Es gibt einen Vogel und eine Katze.
There are a lot of cars on the road.	Es sind viele Autos unterwegs.
There are children in the park.	Es sind Kinder im Park.
There are five books on the table.	Auf dem Tisch liegen fünf Bücher.
There are four children.	Es gibt vier Kinder.
There are four of us.	Wir sind zu viert.
There are four.	Es gibt vier.
There are many shops in this street.	In dieser Straße gibt es viele Geschäfte.
There are some apples on the table.	Auf dem Tisch liegen einige Äpfel.
There are three cats.	Es gibt drei Katzen.
There are two chairs.	Es gibt zwei Stühle.
There are two dogs.	Es gibt zwei Hunde.
There are two windows in the room.	Es gibt zwei Fenster im Raum.
There aren't any eggs in the fridge.	Es sind keine Eier im Kühlschrank.
There aren't many chairs.	Es gibt nicht viele Stühle.
There is a book here.	Hier gibt es ein Buch.
There is a book in the bag.	In der Tasche ist ein Buch.
There is a book in the library.	In der Bibliothek gibt es ein Buch.
There is a book on the desk.	Auf dem Schreibtisch liegt ein Buch.
There is a cat under the desk.	Unter dem Schreibtisch ist eine Katze.
There is a cat.	Es gibt eine Katze.
There is a hotel near the station.	In der Nähe des Bahnhofs gibt es ein Hotel.
There is a meeting at 2.	Um 14 Uhr findet ein Treffen statt.
There is a meeting at the office.	Es gibt eine Besprechung im Büro.
There is a mirror on the wall.	An der Wand hängt ein Spiegel.
There is a park across the road.	Auf der anderen Straßenseite befindet sich ein Park.
There is a park near my house.	In der Nähe meines Hauses gibt es einen Park.
There is a pen.	Es gibt einen Stift.
There is one table.	Es gibt einen Tisch.
There is some milk in the fridge.	Im Kühlschrank ist etwas Milch.
There is training regardless of experience.	Es gibt eine Ausbildung unabhängig von der Erfahrung.
There isn't any milk left.	Es ist keine Milch mehr übrig.
There isn't much milk.	Es gibt nicht viel Milch.
There isn't much sugar left.	Es ist nicht mehr viel Zucker übrig.
There's a fire!	Es brennt!
There's a package at the door.	An der Tür liegt ein Paket.
There's a park near my house.	In der Nähe meines Hauses gibt es einen Park.
There's a party this weekend.	Dieses Wochenende gibt es eine Party.
There's a rainbow!	Da ist ein Regenbogen!
There's a rainbow.	Es gibt einen Regenbogen.
There's a traffic jam.	Es gibt einen Stau.
There's lightning.	Es gibt einen Blitz.
There's lots of food.	Es gibt jede Menge Essen.
There's no signal here.	Hier gibt es kein Signal.
There's no toilet paper.	Es gibt kein Toilettenpapier.
There's some juice in the fridge.	Im Kühlschrank ist etwas Saft.
These are my books.	Das sind meine Bücher.
These shoes are black.	Diese Schuhe sind schwarz.
These shoes are hard to put on.	Diese Schuhe sind schwer anzuziehen.
These shoes are small.	Diese Schuhe fallen klein aus.
They are at the bus stop.	Sie stehen an der Bushaltestelle.
They are coming to the party.	Sie kommen zur Party.
They are from India.	Sie kommen aus Indien.
They are getting married.	Sie heiraten.
They are going to build a new school.	Sie werden eine neue Schule bauen.
They are going to get married.	Sie werden heiraten.
They are going to move to Delhi.	Sie werden nach Delhi ziehen.
They are my colleagues.	Sie sind meine Kollegen.
They are not going to stay here.	Sie werden nicht hier bleiben.
They are not here yet.	Sie sind noch nicht hier.
They are not sleeping.	Sie schlafen nicht.
They are playing in the garden.	Sie spielen im Garten.
They are playing in the park.	Sie spielen im Park.
They are very smart.	Sie sind sehr schlau.
They arrived at eight.	Sie kamen um acht an.
They arrived in the morning.	Sie kamen am Morgen an.
They asked if I could help.	Sie fragten, ob ich helfen könne.
They asked where the station was.	Sie fragten, wo der Bahnhof sei.
They broke up last year.	Sie haben sich letztes Jahr getrennt.
They can speak both languages.	Sie können beide Sprachen sprechen.
They can't afford that house.	Sie können sich das Haus nicht leisten.
They didn't know the way.	Sie kannten den Weg nicht.
They don't have a car.	Sie haben kein Auto.
They don't understand the question.	Sie verstehen die Frage nicht.
They had already gone home.	Sie waren bereits nach Hause gegangen.
They had finished before we arrived.	Sie waren fertig, bevor wir ankamen.
They had never tried Indian food.	Sie hatten noch nie indisches Essen probiert.
They have a lovely garden.	Sie haben einen schönen Garten.
They have a new baby.	Sie haben ein neues Baby.
They have been building the house for months.	Sie bauen das Haus seit Monaten.
They have been practicing all afternoon.	Sie haben den ganzen Nachmittag geübt.
They have bought a new house.	Sie haben ein neues Haus gekauft.
They have finished their homework.	Sie haben ihre Hausaufgaben erledigt.
They have to clean their room.	Sie müssen ihr Zimmer aufräumen.
They have two dogs.	Sie haben zwei Hunde.
They haven't arrived yet.	Sie sind noch nicht angekommen.
They haven't been answering my calls.	Sie haben meine Anrufe nicht beantwortet.
They haven't eaten yet.	Sie haben noch nichts gegessen.
They left early, and we did too.	Sie sind früh abgereist, und wir auch.
They may not have received the message.	Möglicherweise haben sie die Nachricht nicht erhalten.
They might arrive early.	Sie könnten früher ankommen.
They might be at the airport now.	Sie könnten jetzt am Flughafen sein.
They moved here in 2020.	Sie sind 2020 hierher gezogen.
They must be careful.	Sie müssen vorsichtig sein.
They plan to travel next month.	Sie planen, nächsten Monat zu reisen.
They played football all day.	Sie spielten den ganzen Tag Fußball.
They said the train was late.	Sie sagten, der Zug sei verspätet.
They said they had seen the movie.	Sie sagten, sie hätten den Film gesehen.
They said they were happy.	Sie sagten, sie seien glücklich.
They said they would help.	Sie sagten, sie würden helfen.
They should arrive on time.	Sie sollten pünktlich ankommen.
They should see that movie.	Sie sollten diesen Film sehen.
They shouldn't be late.	Sie sollten nicht zu spät kommen.
They started to rain.	Es begann zu regnen.
They study every night.	Sie lernen jeden Abend.
They swam across the river.	Sie schwammen über den Fluss.
They told us to wait outside.	Sie sagten uns, wir sollten draußen warten.
They visit us on holidays.	Sie besuchen uns an Feiertagen.
They walked through the park.	Sie gingen durch den Park.
They walked toward the beach.	Sie gingen zum Strand.
They were arguing about money.	Sie stritten über Geld.
They were playing outside.	Sie spielten draußen.
They were very happy.	Sie waren sehr glücklich.
They were watching TV at 9 p.m.	Sie saßen um 21 Uhr fern.
They weren't paying attention.	Sie haben nicht aufgepasst.
They will arrive at seven.	Sie werden um sieben ankommen.
They will be arriving at noon.	Sie werden gegen Mittag ankommen.
They will be having a meeting at that time.	Zu diesem Zeitpunkt werden sie ein Treffen abhalten.
They will be staying for a week.	Sie werden eine Woche bleiben.
They will have built the bridge by 2029.	Bis 2029 werden sie die Brücke gebaut haben.
They will have moved to their new house by then.	Bis dahin werden sie in ihr neues Zuhause umgezogen sein.
They won't be taking the train.	Sie werden nicht mit dem Zug fahren.
They won't believe you.	Sie werden dir nicht glauben.
They won't have arrived by midnight.	Sie werden bis Mitternacht noch nicht angekommen sein.
They would help if they could.	Sie würden helfen, wenn sie könnten.
This appears to be a significant factor.	Dies scheint ein wesentlicher Faktor zu sein.
This apple is sweeter than that one.	Dieser Apfel ist süßer als dieser.
This area is beautiful.	Diese Gegend ist wunderschön.
This bag is heavier than that one.	Diese Tasche ist schwerer als diese.
This bag is mine.	Diese Tasche gehört mir.
This book is easy to read.	Dieses Buch ist leicht zu lesen.
This book is interesting.	Dieses Buch ist interessant.
This book is more interesting than that one.	Dieses Buch ist interessanter als jenes.
This book is new.	Dieses Buch ist neu.
This book is read by many people.	Dieses Buch wird von vielen Menschen gelesen.
This bridge was built in 1990.	Diese Brücke wurde 1990 gebaut.
This building was designed by a famous architect.	Dieses Gebäude wurde von einem berühmten Architekten entworfen.
This cake looks delicious.	Dieser Kuchen sieht köstlich aus.
This car is new.	Dieses Auto ist neu.
This coffee is hotter than that one.	Dieser Kaffee ist heißer als dieser.
This color suits you.	Diese Farbe steht Ihnen.
This dictionary is expensive.	Dieses Wörterbuch ist teuer.
This gift is for you.	Dieses Geschenk ist für Sie.
This hotel is the most famous.	Dieses Hotel ist das berühmteste.
This is a beautiful town.	Das ist eine wunderschöne Stadt.
This is a book.	Das ist ein Buch.
This is a photo from two years ago.	Dies ist ein Foto von vor zwei Jahren.
This is an easy question.	Das ist eine einfache Frage.
This is delicious!	Das ist köstlich!
This is expensive.	Das ist teuer.
This is more expensive than that.	Das ist teurer.
This is my book.	Das ist mein Buch.
This is my house.	Das ist mein Haus.
This is my pen.	Das ist mein Stift.
This is my phone.	Das ist mein Telefon.
This is not a pencil.	Das ist kein Bleistift.
This is not mine.	Das ist nicht meins.
This is not yours.	Das ist nicht deins.
This is the best day of my life.	Das ist der beste Tag meines Lebens.
This is the biggest city in India.	Dies ist die größte Stadt in Indien.
This is the book which I told you about.	Das ist das Buch, von dem ich Ihnen erzählt habe.
This is the cheapest.	Das ist das günstigste.
This is the easiest question.	Das ist die einfachste Frage.
This is the hardest in class.	Das ist das Schwierigste in der Klasse.
This is the most beautiful place I know.	Das ist der schönste Ort, den ich kenne.
This is the most expensive hotel.	Dies ist das teuerste Hotel.
This is the wrong stop.	Das ist der falsche Stopp.
This movie is better than that one.	Dieser Film ist besser als jener.
This one I like best.	Dieses gefällt mir am besten.
This one is good.	Dieser ist gut.
This phone is more expensive.	Dieses Telefon ist teurer.
This place is not quiet.	Dieser Ort ist nicht ruhig.
This place is quiet.	Dieser Ort ist ruhig.
This problem can be solved easily.	Dieses Problem lässt sich leicht lösen.
This restaurant's food is delicious.	Das Essen dieses Restaurants ist köstlich.
This room is not quiet.	In diesem Raum ist es nicht ruhig.
This room is smaller than the kitchen.	Dieser Raum ist kleiner als die Küche.
This room is wide and bright.	Dieser Raum ist geräumig und hell.
This room's window is big.	Das Fenster dieses Zimmers ist groß.
This shop is cheaper than that one.	Dieser Shop ist günstiger als jener.
This shop is famous.	Dieser Laden ist berühmt.
This shop is popular not only with Japanese but also foreigners.	Dieser Laden ist nicht nur bei Japanern, sondern auch bei Ausländern beliebt.
This shop's ramen is delicious.	Die Ramen dieses Ladens sind köstlich.
This song is sung by many people.	Dieses Lied wird von vielen Menschen gesungen.
This time next week, I will be flying to London.	Nächste Woche um diese Zeit fliege ich nach London.
This time tomorrow I will be flying to Tokyo.	Morgen um diese Zeit fliege ich nach Tokio.
This town is big.	Diese Stadt ist groß.
This train goes to Osaka.	Dieser Zug fährt nach Osaka.
This trip was wonderful.	Diese Reise war wunderbar.
This word is used every day.	Dieses Wort wird jeden Tag verwendet.
Those are his shoes.	Das sind seine Schuhe.
Three apples, please.	Drei Äpfel, bitte.
Three birds are flying.	Drei Vögel fliegen.
Three sheets of paper, please.	Bitte drei Blatt Papier.
Thunder is scary.	Donner ist beängstigend.
Thursday	Donnerstag
Thursday (short)	Donnerstag (kurz)
Time flies fast.	Die Zeit vergeht schnell.
To Tokyo Station, please.	Bitte zum Bahnhof Tokio.
To begin with, the economic benefits are clear.	Zunächst einmal liegen die wirtschaftlichen Vorteile klar auf der Hand.
To illustrate, consider the case of rural education.	Betrachten Sie zur Veranschaulichung den Fall der ländlichen Bildung.
To my delight, I got the job.	Zu meiner Freude bekam ich den Job.
Today is Monday.	Heute ist Montag.
Today is busier than yesterday.	Heute ist geschäftiger als gestern.
Today is colder than yesterday.	Heute ist es kälter als gestern.
Today is hotter than yesterday.	Heute ist es heißer als gestern.
Today is rainy.	Heute ist es regnerisch.
Today is the hottest day of the year.	Heute ist der heißeste Tag des Jahres.
Today sure is hot.	Heute ist es auf jeden Fall heiß.
Today's weather is nice, isn't it?	Das Wetter heute ist schön, nicht wahr?
Today's weather is nice.	Das heutige Wetter ist schön.
Tokyo is bigger than Kyoto.	Tokio ist größer als Kyoto.
Tomorrow is Wednesday.	Morgen ist Mittwoch.
Tomorrow is a holiday.	Morgen ist ein Feiertag.
Tomorrow is not a holiday.	Morgen ist kein Feiertag.
Tonight is cold.	Heute Nacht ist es kalt.
Too many people were there.	Es waren zu viele Leute da.
Too much sugar is bad.	Zu viel Zucker ist schlecht.
Traveling in Japan is fun.	Reisen in Japan macht Spaß.
Traveling opens your mind.	Reisen öffnet den Geist.
Tree	Baum
Tuesday	Dienstag
Tuesday (short)	Dienstag (kurz)
Turn left at the corner.	Biegen Sie an der Ecke links ab.
Turn right at the traffic light.	An der Ampel rechts abbiegen.
Two bowls of rice, please.	Zwei Schüsseln Reis, bitte.
Two copies of this textbook, please.	Bitte zwei Exemplare dieses Lehrbuchs.
Two pens, please.	Zwei Stifte, bitte.
Two people came.	Es kamen zwei Leute.
U.S.A.	USA
Umbrella	Regenschirm
Under no circumstances should you open this door.	Unter keinen Umständen sollten Sie diese Tür öffnen.
Until what date is your work?	Bis zu welchem ​​Datum ist Ihre Arbeit?
Violin	Violine
Visitors must show their ID.	Besucher müssen ihren Ausweis vorzeigen.
Wait a moment, please.	Bitte warten Sie einen Moment.
Walking home, I saw a rainbow.	Als ich nach Hause ging, sah ich einen Regenbogen.
Was she crying?	Weinte sie?
Wash your hands often.	Waschen Sie Ihre Hände oft.
Water	Wasser
Water boils at 100 degrees.	Wasser kocht bei 100 Grad.
Water, please.	Wasser, bitte.
We are eating lunch now.	Wir essen jetzt zu Mittag.
We are flying to Delhi tomorrow.	Wir fliegen morgen nach Delhi.
We are from the same city.	Wir kommen aus derselben Stadt.
We are going to travel to Japan.	Wir werden nach Japan reisen.
We are going to watch a movie later.	Wir schauen uns später einen Film an.
We are good friends.	Wir sind gute Freunde.
We are happy.	Wir sind glücklich.
We are not going out tonight.	Wir gehen heute Abend nicht aus.
We are not late.	Wir sind nicht zu spät.
We are staying at a hotel.	Wir übernachten in einem Hotel.
We are very close.	Wir sind ganz nah dran.
We aren't going to sell the house.	Wir werden das Haus nicht verkaufen.
We can decide later.	Wir können später entscheiden.
We can meet tomorrow.	Wir können uns morgen treffen.
We can't go out tonight.	Wir können heute Abend nicht ausgehen.
We celebrate birthdays together.	Wir feiern gemeinsam Geburtstage.
We celebrate the new year.	Wir feiern das neue Jahr.
We celebrated the success.	Wir haben den Erfolg gefeiert.
We climbed to the top of the mountain.	Wir stiegen auf den Gipfel des Berges.
We considered moving to another city.	Wir überlegten, in eine andere Stadt zu ziehen.
We decided to stay home.	Wir beschlossen, zu Hause zu bleiben.
We didn't find the place.	Wir haben den Ort nicht gefunden.
We didn't go to the party.	Wir sind nicht zur Party gegangen.
We didn't have to wait long.	Wir mussten nicht lange warten.
We don't have any questions.	Wir haben keine Fragen.
We don't have sugar.	Wir haben keinen Zucker.
We don't watch TV much.	Wir schauen nicht viel fern.
We drove to the airport.	Wir fuhren zum Flughafen.
We eat dinner at eight.	Wir essen um acht zu Abend.
We eat lunch at noon.	Mittags essen wir zu Mittag.
We go on holiday in August.	Wir machen im August Urlaub.
We go shopping on Saturday.	Wir gehen am Samstag einkaufen.
We go to the beach in summer.	Im Sommer gehen wir an den Strand.
We got disconnected.	Wir wurden getrennt.
We had a great time.	Wir hatten eine tolle Zeit.
We had a lot of fun.	Wir hatten viel Spaß.
We had a party with family.	Wir hatten eine Party mit der Familie.
We had booked the tickets online.	Die Tickets hatten wir online gebucht.
We had heard about that restaurant before.	Von diesem Restaurant hatten wir schon einmal gehört.
We had met each other before.	Wir hatten uns schon einmal getroffen.
We hadn't planned to stay so long.	Wir hatten nicht geplant, so lange zu bleiben.
We have a big house.	Wir haben ein großes Haus.
We have a meeting today.	Wir haben heute ein Treffen.
We have a new client today.	Wir haben heute einen neuen Kunden.
We have been friends since childhood.	Wir sind seit unserer Kindheit Freunde.
We have been living here for ten years.	Wir leben hier seit zehn Jahren.
We have been planning this party for a month.	Wir planen diese Party seit einem Monat.
We have been saving money for a trip.	Wir haben Geld für eine Reise gespart.
We have eaten at that restaurant many times.	Wir haben schon oft in diesem Restaurant gegessen.
We have known each other for years.	Wir kennen uns schon seit Jahren.
We have known each other since childhood.	Wir kennen uns seit unserer Kindheit.
We have lived here since 2019.	Wir leben hier seit 2019.
We have lunch together.	Wir essen zusammen zu Mittag.
We have many things to do.	Wir haben viele Dinge zu tun.
We have no time to lose.	Wir dürfen keine Zeit verlieren.
We have only five minutes.	Wir haben nur fünf Minuten.
We have some good news.	Wir haben gute Neuigkeiten.
We have to pay the bill.	Wir müssen die Rechnung bezahlen.
We haven't decided yet.	Wir haben uns noch nicht entschieden.
We haven't seen him for ages.	Wir haben ihn seit Ewigkeiten nicht gesehen.
We live in a small town.	Wir leben in einer kleinen Stadt.
We live together.	Wir leben zusammen.
We may have to cancel the trip.	Möglicherweise müssen wir die Reise absagen.
We may not have enough time.	Möglicherweise haben wir nicht genug Zeit.
We meet on Friday.	Wir treffen uns am Freitag.
We meet tomorrow afternoon.	Wir treffen uns morgen Nachmittag.
We met at the cafe.	Wir trafen uns im Café.
We might go out for dinner.	Vielleicht gehen wir zum Abendessen aus.
We must leave now.	Wir müssen jetzt gehen.
We must respect our parents.	Wir müssen unsere Eltern respektieren.
We need a lot of water.	Wir brauchen viel Wasser.
We need some milk.	Wir brauchen etwas Milch.
We need to get the car repaired.	Wir müssen das Auto reparieren lassen.
We played football yesterday.	Wir haben gestern Fußball gespielt.
We played music all night.	Wir haben die ganze Nacht Musik gespielt.
We ran to the bus stop.	Wir rannten zur Bushaltestelle.
We really enjoyed it.	Wir haben es wirklich genossen.
We saw a great movie.	Wir haben einen tollen Film gesehen.
We saw an elephant at the zoo.	Wir haben im Zoo einen Elefanten gesehen.
We saw many birds.	Wir haben viele Vögel gesehen.
We saw some birds in the sky.	Wir haben einige Vögel am Himmel gesehen.
We should be kind to animals.	Wir sollten freundlich zu Tieren sein.
We should leave early.	Wir sollten früher gehen.
We should save money.	Wir sollten Geld sparen.
We shouldn't talk in the library.	Wir sollten nicht in der Bibliothek reden.
We shouldn't waste food.	Wir sollten keine Lebensmittel verschwenden.
We split the bill.	Wir teilen die Rechnung.
We spoke to the manager.	Wir haben mit dem Manager gesprochen.
We stayed there for a week.	Wir blieben eine Woche dort.
We talk about everything.	Wir reden über alles.
We took a family photo.	Wir haben ein Familienfoto gemacht.
We took lots of photos.	Wir haben viele Fotos gemacht.
We took photos together.	Wir haben zusammen Fotos gemacht.
We use online meetings.	Wir nutzen Online-Meetings.
We visited our grandparents.	Wir haben unsere Großeltern besucht.
We waited for an hour.	Wir warteten eine Stunde.
We walked along the beach.	Wir gingen am Strand entlang.
We want to see the museum.	Wir wollen das Museum sehen.
We watch TV after dinner.	Nach dem Abendessen schauen wir fern.
We watch TV in the evening.	Abends schauen wir fern.
We went to the station.	Wir gingen zum Bahnhof.
We were having dinner together.	Wir aßen zusammen zu Abend.
We were walking in the park.	Wir gingen im Park spazieren.
We were watching the match together.	Wir haben uns gemeinsam das Spiel angeschaut.
We weren't expecting you.	Wir haben Sie nicht erwartet.
We will be celebrating her birthday next month.	Wir werden nächsten Monat ihren Geburtstag feiern.
We will be driving through the night.	Wir werden durch die Nacht fahren.
We will be staying at a hotel in Goa.	Wir werden in einem Hotel in Goa übernachten.
We will have lived here for ten years by 2030.	Bis zum Jahr 2030 werden wir zehn Jahre hier leben.
We will have tested the machine before using it.	Wir werden die Maschine vor dem Einsatz testen lassen.
We will meet again soon.	Wir werden uns bald wiedersehen.
We won't be needing this anymore.	Wir werden das nicht mehr brauchen.
We won't give up.	Wir werden nicht aufgeben.
We won't have spent all our money.	Wir werden nicht unser ganzes Geld ausgegeben haben.
We would have dinner at seven.	Wir würden um sieben zu Abend essen.
We would visit them every summer.	Wir besuchten sie jeden Sommer.
We wouldn't have been late if we had left on time.	Wir wären nicht zu spät gekommen, wenn wir pünktlich abgereist wären.
We'll have dinner at eight.	Wir werden um acht zu Abend essen.
We'll see what happens.	Wir werden sehen, was passiert.
We'll welcome the new year.	Wir begrüßen das neue Jahr.
We're almost there.	Wir sind fast da.
We're going to have a party on Saturday.	Wir werden am Samstag eine Party veranstalten.
We're ready to order.	Wir sind bereit zur Bestellung.
Wear a warm coat.	Tragen Sie einen warmen Mantel.
Wednesday	Mittwoch
Wednesday (short)	Mittwoch (kurz)
Welcome (to our store)	Willkommen (in unserem Shop)
Welcome home	Willkommen zu Hause
Welcome home (polite)	Willkommen zu Hause (höflich)
Welcome.	Willkommen.
Were I you, I would accept the offer.	An deiner Stelle würde ich das Angebot annehmen.
Were you sleeping?	Hast du geschlafen?
What I really need is more time.	Was ich wirklich brauche, ist mehr Zeit.
What are you doing now?	Was machst du jetzt?
What are you doing?	Was machst du?
What are you going to do tonight?	Was wirst du heute Abend machen?
What are your plans for the weekend?	Was sind deine Pläne für das Wochenende?
What are your working hours?	Wie sind Ihre Arbeitszeiten?
What color do you like?	Welche Farbe magst du?
What color is your car?	Welche Farbe hat dein Auto?
What country's person is (he)? (Where is he from?)	Welche Person des Landes ist (er)? (Woher kommt er?)
What day is it today?	Welcher Tag ist heute?
What day is today?	Welcher Tag ist heute?
What day of the week is it today?	Welcher Wochentag ist heute?
What did you do last weekend?	Was hast du letztes Wochenende gemacht?
What did you do on the weekend?	Was hast du am Wochenende gemacht?
What did you eat?	Was hast du gegessen?
What do you do for work?	Was machst du beruflich?
What do you eat?	Was isst du?
What do you like?	Was haben Sie gern?
What do you recommend for dessert?	Was empfehlen Sie zum Nachtisch?
What do you think?	Was denken Sie?
What do you want for breakfast?	Was möchtest du zum Frühstück?
What do you want to eat?	Was möchtest du essen?
What do you want?	Was willst du?
What does she do?	Was macht sie?
What is that?	Was ist das?
What is this?	Was ist das?
What is today's date?	Was ist das heutige Datum?
What is your favorite dream?	Was ist dein Lieblingstraum?
What is your favorite food?	Was ist dein Lieblingsessen?
What is your hobby in Japan?	Was ist Ihr Hobby in Japan?
What is your name?	Wie heißt du?
What kind of music do you like?	Welche Art von Musik magst du?
What languages can you speak?	Welche Sprachen kannst du sprechen?
What month is it now?	Welcher Monat ist jetzt?
What shall we do?	Was sollen wir tun?
What should I do?	Was soll ich tun?
What should I/we do?	Was soll ich/wir tun?
What should we do now?	Was sollen wir jetzt tun?
What sport do you like?	Welche Sportart magst du?
What time do you sleep every day?	Um wie viel Uhr schläfst du jeden Tag?
What time do you usually wake up?	Um wie viel Uhr wachen Sie normalerweise auf?
What time does school start?	Wann beginnt die Schule?
What time does the bank open?	Um wie viel Uhr öffnet die Bank?
What time is boarding?	Wann ist das Boarding?
What time is check-out?	Wann ist der Check-out?
What time is checkout?	Wann ist der Check-out?
What time is it now?	Wie spät ist es jetzt?
What time is it?	Wie spät ist es?
What time is the next train?	Wann fährt der nächste Zug?
What time shall we meet?	Wann sollen wir uns treffen?
What time should we meet?	Um wie viel Uhr sollten wir uns treffen?
What was he doing there?	Was machte er dort?
What were you doing at midnight?	Was hast du um Mitternacht gemacht?
What would you like to drink?	Was möchten Sie trinken?
What would you like?	Was möchtest du?
What year is it now?	Welches Jahr ist jetzt?
What's the forecast?	Wie ist die Prognose?
What's the price?	Was ist der Preis?
What's today's temperature?	Wie hoch ist die Temperatur heute?
What's your address?	Wie lautet Ihre Adresse?
What's your favorite thing?	Was ist deine Lieblingsbeschäftigung?
What's your name?	Wie heißen Sie?
What's your number?	Wie lautet deine Nummer?
When I arrive at work, I'll call.	Wenn ich bei der Arbeit ankomme, rufe ich an.
When I arrived, the train had already left.	Als ich ankam, war der Zug bereits abgefahren.
When I buy new shoes, I'll wear them.	Wenn ich neue Schuhe kaufe, trage ich sie.
When I was a student, I lived in Japan.	Als Student lebte ich in Japan.
When I was young, I would play outside.	Als ich jung war, habe ich draußen gespielt.
When are you free?	Wann hast du frei?
When are you going to leave?	Wann wirst du abreisen?
When did he leave?	Wann ist er gegangen?
When did the show start?	Wann begann die Show?
When did you arrive?	Wann bist du angekommen?
When does the train leave?	Wann fährt der Zug ab?
When is the meeting?	Wann ist das Treffen?
When is the next train?	Wann fährt der nächste Zug?
When is your birthday?	Wann ist dein Geburtstag?
When it rains, I open an umbrella.	Wenn es regnet, öffne ich einen Regenschirm.
When spring comes, it gets warm.	Wenn der Frühling kommt, wird es warm.
Where are the fitting rooms?	Wo sind die Umkleidekabinen?
Where are you from?	Woher kommst du?
Where are you going?	Wohin gehst du?
Where are you originally from?	Woher kommst du ursprünglich?
Where can I buy tickets?	Wo kann ich Tickets kaufen?
Where can I find an ATM?	Wo finde ich einen Geldautomaten?
Where can I park?	Wo kann ich parken?
Where did he go?	Wohin ist er gegangen?
Where did you go?	Wo bist du hingegangen?
Where do I buy a ticket?	Wo kaufe ich ein Ticket?
Where do you live now?	Wo wohnst du jetzt?
Where do you live?	Wo wohnst du?
Where do you work?	Wo arbeitest du?
Where is a safe place?	Wo ist ein sicherer Ort?
Where is it?	Wo ist es?
Where is she going to live?	Wo wird sie leben?
Where is the ATM?	Wo ist der Geldautomat?
Where is the bank?	Wo ist die Bank?
Where is the bus stop?	Wo ist die Bushaltestelle?
Where is the cashier?	Wo ist die Kasse?
Where is the department store?	Wo ist das Kaufhaus?
Where is the fire station?	Wo ist die Feuerwache?
Where is the hospital?	Wo ist das Krankenhaus?
Where is the nearest mall?	Wo ist das nächste Einkaufszentrum?
Where is the pharmacy?	Wo ist die Apotheke?
Where is the restroom?	Wo ist die Toilette?
Where is the station?	Wo ist der Bahnhof?
Where is the train station?	Wo ist der Bahnhof?
Where is this place?	Wo ist dieser Ort?
Where should I put this?	Wo soll ich das hinstellen?
Where to, sir?	Wohin, Herr?
Where's a good place to eat?	Wo kann man gut essen?
Where's the nearest bank?	Wo ist die nächste Bank?
Where's the nearest station?	Wo ist der nächste Bahnhof?
Which color would you like?	Welche Farbe möchtest du?
Which do you like, weekends or weekdays?	Was magst du, Wochenenden oder Wochentage?
Which is better?	Was ist besser?
Which one do you like (of two)?	Welches gefällt dir (von zwei)?
Which one do you like best?	Welches gefällt dir am besten?
Which one is the cheapest?	Welches ist das günstigste?
Which one is your book?	Welches ist Ihr Buch?
Which one is yours?	Welches ist deins?
Which two do you compare?	Welche beiden vergleichen Sie?
While I was cooking, he was watching TV.	Während ich kochte, sah er fern.
White Day	Weißer Tag
Who called you?	Wer hat dich angerufen?
Who came?	Wer kam?
Who did you talk with?	Mit wem hast du gesprochen?
Who is responsible for this decision?	Wer ist für diese Entscheidung verantwortlich?
Who is she?	Wer ist sie?
Who is the tallest in the class?	Wer ist der Größte in der Klasse?
Who is your teacher?	Wer ist dein Lehrer?
Who made this cake?	Wer hat diesen Kuchen gemacht?
Who will you travel with?	Mit wem wirst du reisen?
Whose bag is that?	Wessen Tasche ist das?
Whose bicycle is this?	Wessen Fahrrad ist das?
Why are you crying?	Warum weinst du?
Why are you sad?	Warum bist du traurig?
Why did you leave early?	Warum bist du früher gegangen?
Why do you study English?	Warum studierst du Englisch?
Why don't you try again?	Warum versuchst du es nicht noch einmal?
Why is the sky blue?	Warum ist der Himmel blau?
Why?; What for?	Warum?; Wozu?
Will she be flying tomorrow?	Wird sie morgen fliegen?
Will she come with us?	Wird sie mitkommen?
Will the store have closed by then?	Wird der Laden bis dahin geschlossen sein?
Will they accept the offer?	Werden sie das Angebot annehmen?
Will they have finished the construction?	Werden sie den Bau abgeschlossen haben?
Will we be seeing you this weekend?	Sehen wir uns dieses Wochenende?
Will we have arrived before sunset?	Werden wir vor Sonnenuntergang angekommen sein?
Will we have enough time?	Werden wir genug Zeit haben?
Will you be coming to the office tomorrow?	Kommst du morgen ins Büro?
Will you be using this laptop?	Werden Sie diesen Laptop verwenden?
Will you come to the party?	Kommst du zur Party?
Will you have completed the report by Monday?	Werden Sie den Bericht bis Montag fertiggestellt haben?
Will you have decided by tomorrow?	Haben Sie sich bis morgen entschieden?
Will you help me with this?	Hilfst du mir dabei?
Winter days are short.	Die Wintertage sind kurz.
Winter is the coldest season.	Der Winter ist die kälteste Jahreszeit.
With regard to your query, please see the attached file.	Bezüglich Ihrer Anfrage sehen Sie sich bitte die beigefügte Datei an.
Without a dictionary, I don't understand.	Ohne Wörterbuch verstehe ich es nicht.
Won't you eat with me?	Willst du nicht mit mir essen?
Work is tough.	Die Arbeit ist hart.
Would it be okay if I left early?	Wäre es in Ordnung, wenn ich früher gehen würde?
Would you be free tomorrow?	Hätten Sie morgen frei?
Would you help me with this?	Würden Sie mir dabei helfen?
Would you like anything else?	Möchten Sie noch etwas?
Would you like anything to drink?	Möchten Sie etwas zu trinken?
Would you like it hot or iced?	Möchten Sie es heiß oder eisgekühlt?
Would you like it wrapped as a gift?	Möchten Sie es als Geschenk verpackt?
Would you like me to help?	Möchten Sie, dass ich helfe?
Would you like some coffee?	Möchten Sie einen Kaffee?
Would you like some tea?	Möchten Sie etwas Tee?
Would you like to dance?	Möchten Sie tanzen?
Would you like to watch a movie?	Möchten Sie einen Film sehen?
Would you mind closing the door?	Würde es Ihnen etwas ausmachen, die Tür zu schließen?
Would you open the window, please?	Könnten Sie bitte das Fenster öffnen?
Would you recommend this hotel?	Würden Sie dieses Hotel weiterempfehlen?
Written in 1900, the book is still popular.	Das im Jahr 1900 geschriebene Buch erfreut sich immer noch großer Beliebtheit.
Xylophone	Xylophon
Yellow	Gelb
Yes, I can come tomorrow.	Ja, ich kann morgen kommen.
Yes, I can swim.	Ja, ich kann schwimmen.
Yes, I do like it.	Ja, es gefällt mir.
Yes, I understand.	Ja, ich verstehe.
Yesterday I stayed up late.	Gestern bin ich lange wach geblieben.
Yesterday was Sunday.	Gestern war Sonntag.
Yesterday was very busy.	Gestern war sehr viel los.
You are going to love this place.	Sie werden diesen Ort lieben.
You are my best friend.	Du bist mein bester Freund.
You are not wrong.	Du liegst nicht falsch.
You are right.	Du hast Recht.
You are so kind to me.	Du bist so nett zu mir.
You are the one I want. (You're good.)	Du bist derjenige, den ich will. (Du bist gut.)
You are working very hard.	Sie arbeiten sehr hart.
You came very early.	Du bist sehr früh gekommen.
You can apply regardless of age.	Sie können sich unabhängig vom Alter bewerben.
You can call me any time.	Sie können mich jederzeit anrufen.
You can pick up the medicine at the pharmacy next door.	Sie können das Medikament in der Apotheke nebenan abholen.
You can sit here.	Hier können Sie sitzen.
You can't smoke in here.	Hier darf nicht geraucht werden.
You don't have to bring anything.	Sie müssen nichts mitbringen.
You don't have to come if you're busy.	Sie müssen nicht kommen, wenn Sie beschäftigt sind.
You don't have to go to work today.	Du musst heute nicht zur Arbeit gehen.
You don't have to practice every day.	Du musst nicht jeden Tag üben.
You don't know the answer.	Du kennst die Antwort nicht.
You had told me not to worry.	Du hattest mir gesagt, ich solle mir keine Sorgen machen.
You have a nice smile.	Du hast ein schönes Lächeln.
You have been talking for two hours!	Du redest schon seit zwei Stunden!
You have done a great job.	Du hast einen tollen Job gemacht.
You have grown so much.	Du bist so sehr gewachsen.
You have my apologies.	Ich bitte um Entschuldigung.
You have my keys.	Du hast meine Schlüssel.
You may be right.	Möglicherweise haben Sie Recht.
You may borrow my book.	Sie können mein Buch ausleihen.
You might want to try this restaurant.	Vielleicht möchten Sie dieses Restaurant ausprobieren.
You must be here at nine.	Sie müssen um neun hier sein.
You must be quiet in the library.	In der Bibliothek ist Ruhe geboten.
You must be tired after working so hard. (ritualistic expression)	Sie müssen müde sein, nachdem Sie so hart gearbeitet haben. (ritueller Ausdruck)
You must not look during the exam.	Während der Prüfung dürfen Sie nicht hinsehen.
You must not smoke here.	Hier darf nicht geraucht werden.
You must not tell anyone.	Du darfst es niemandem erzählen.
You must wear a helmet.	Sie müssen einen Helm tragen.
You must wear a seatbelt.	Sie müssen einen Sicherheitsgurt tragen.
You mustn't be late.	Du darfst nicht zu spät kommen.
You need to rest.	Du musst dich ausruhen.
You play the guitar?	Du spielst Gitarre?
You should apologize to her.	Du solltest dich bei ihr entschuldigen.
You should check the weather.	Sie sollten das Wetter überprüfen.
You should drink more water.	Sie sollten mehr Wasser trinken.
You should rest.	Du solltest dich ausruhen.
You should try the local food.	Sie sollten das lokale Essen probieren.
You should wear a helmet.	Sie sollten einen Helm tragen.
You shouldn't worry so much.	Du solltest dir nicht so viele Sorgen machen.
You speak English very well.	Du sprichst sehr gut Englisch.
You were talking too fast.	Du hast zu schnell gesprochen.
You will be feeling better soon.	Es wird Ihnen bald besser gehen.
You will enjoy this book.	Sie werden dieses Buch genießen.
You will succeed if you try.	Sie werden Erfolg haben, wenn Sie es versuchen.
You're welcome.	Gern geschehen.
Your answer is more accurate than mine.	Ihre Antwort ist genauer als meine.
Your bag is 2 kilos overweight.	Ihr Gepäck hat 2 Kilo Übergewicht.
Your keys are on the counter.	Ihre Schlüssel liegen auf der Theke.
Zebra	Zebra
[counter for bound volumes]	[Zähler für gebundene Bände]
[counter for equipment]	[Zähler für Ausrüstung]
[counter for flat objects]	[Theke für flache Gegenstände]
[counter for long objects]	[Zähler für lange Objekte]
[counter for smaller animals]	[Theke für kleinere Tiere]
[generic counter for smaller items]	[generischer Zähler für kleinere Artikel]
a	a
a bit slower, please	bitte etwas langsamer
a bowl; a pot	eine Schüssel; ein Topf
a burner; origin of a fire	ein Brenner; Ursprung eines Feuers
a certain...; some...	ein gewisser...; einige...
a change	eine Veränderung
a cold	eine Erkältung
a cold (illness)	eine Erkältung (Krankheit)
a corner	eine Ecke
a cup / one glass	eine Tasse / ein Glas
a dance	ein Tanz
a double-edged sword	ein zweischneidiges Schwert
a draw (in competition); tie game	ein Unentschieden (im Wettbewerb); Unentschiedenspiel
a drink	ein Getränk
a drink, drinks	ein Getränk, Getränke
a few	ein paar
a few seconds	ein paar Sekunden
a glance; a look; a glimpse	ein Blick; ein Blick; ein Blick
a habit (often a bad habit); peculiarity	eine Angewohnheit (oft eine schlechte Angewohnheit); Besonderheit
a house; a home; a family; a household	ein Haus; ein Zuhause; eine Familie; ein Haushalt
a joint; joining point	ein Gelenk; Verbindungspunkt
a kind; a sort	eine Art; eine Art
a line; earnestly; blindly; straightforwardly	eine Linie; ernsthaft; blindlings; unkompliziert
a little	ein wenig
a little more	ein bisschen mehr
a little while ago	vor einiger Zeit
a little; a few	ein wenig; ein paar
a little; small quantity	ein wenig; kleine Menge
a little; somewhat; somehow	ein wenig; etwas; irgendwie
a lot	viel
a means; e.g. of living	ein Mittel; z.B. des Lebens
a moment	einen Moment
a moment; an instant	einen Moment; einen Augenblick
a moot point	ein strittiger Punkt
a part	ein Teil
a patient	ein Patient
a region; a zone; the whole place	eine Region; eine Zone; der ganze Ort
a rest	eine Pause
a series; a chain; a ream (of paper)	eine Serie; eine Kette; ein Ries (Papier)
a sigh	ein Seufzer
a snack	ein Snack
a soliloquy; a monologue; speaking to oneself	ein Monolog; ein Monolog; mit sich selbst sprechen
a space	ein Raum
a species; a kind; a variety	eine Art; eine Art; eine Vielfalt
a vase	eine Vase
a.m. / morning	vormittags / morgens
abacus	Abakus
abandon	aufgeben
abatement	Minderung
abdomen; belly; stomach	Bauch; Bauch; Magen
ability	Fähigkeit
ability; efficiency	Fähigkeit; Effizienz
ability; faculty	Fähigkeit; Fakultät
able	fähig
able; capable; efficient; skill	fähig; fähig; effizient; Geschicklichkeit
abolish	abschaffen
abolition	Abschaffung
abortion	Abtreibung
about	ungefähr
about (approximate measurement)	ungefähr (ungefähre Messung)
about / roughly	ungefähr / ungefähr
about how much	darüber, wie viel
about this much	ungefähr so viel
about; roughly; as a rule; approximately	ungefähr; rund; in der Regel; ungefähr
above	oben
abroad	im Ausland
abruptly; suddenly; unexpectedly; all at once	abrupt; plötzlich; unerwartet; alles auf einmal
absence	Abwesenheit
absence without notice	Abwesenheit ohne Vorankündigung
absence; non-attendance	Abwesenheit; Nichterscheinen
absence; not at home	Abwesenheit; nicht zu Hause
absent	abwesend
absentmindedly	geistesabwesend
absolute	absolut
absolute; unconditional; absoluteness	absolut; bedingungslos; Absolutheit
absolutely	absolut
absorb	absorbieren
absorption; suction; attraction	Absorption; Saugen; Attraktion
abstain from voting; renunciation of a right	sich der Stimme enthalten; Verzicht auf ein Recht
abstract	abstrakt
absurd	absurd
abundance	Fülle
abundance; wealth; plenty; bounty	Fülle; Reichtum; eine Menge; Kopfgeld
abundant; wealthy; plentiful; rich	reichlich vorhanden; reich; reichlich; reich
abuse	Missbrauch
abuse; insult; slander; evil speaking	Missbrauch; Beleidigung; Verleumdung; Böses reden
academic	akademisch
academic background	akademischer Hintergrund
academy	Akademie
accelerate	beschleunigen
acceleration	Beschleunigung
accent	Akzent
accept	akzeptiere
acceptable	akzeptabel
acceptance	Akzeptanz
access	Zugang
accessible	zugänglich
accident	Unfall
accidentally	versehentlich
accommodate	unterbringen
accommodation	Unterkunft
accompany	begleiten
accomplish	erreichen
accomplishment	Leistung
accordance	Übereinstimmung
according to	gem
according to ...	laut ...
accordingly	entsprechend
account	Konto
account for	Konto für
account; finance; accountant	Konto; Finanzen; Buchhalter
accountability	Verantwortung
accountable	verantwortlich
accountant	Buchhalter
accounting	Buchhaltung
accumulate	ansammeln
accumulation	Akkumulation
accuracy	Genauigkeit
accurate	genau
accurate; punctuality; exactness; authenticity; veracity	genau; Pünktlichkeit; Genauigkeit; Authentizität; Wahrhaftigkeit
accurately	genau
accusation	Vorwurf
accuse	beschuldigen
accused	angeklagt
achieve	erreichen
achievement	Leistung
achievement; performance; results; work; contribution	Leistung; Leistung; Leistung; Ergebnisse; arbeiten; Beitrag
achievements; actual results	Erfolge; tatsächliche Ergebnisse
achievements; merit; meritorious service; meritorious deed	Erfolge; Verdienst; verdienstvoller Dienst; verdienstvolle Tat
acid	Säure
acidity	Säure
acknowledge	anerkennen
acquaintance	Bekanntschaft
acquire	erwerben
acquisition	Erwerb
acquisition; possession	Erwerb; Besitz
acre	Acre
across	quer
act	handeln
acting; performance	Schauspiel; Leistung
action	Aktion
action; activity	Aktion; Aktivität
action; conduct; behaviour; mobilization	Aktion; Benehmen; Verhalten; Mobilisierung
action; movements; motions; bearing; behaviour; manners	Aktion; Bewegungen; Anträge; Lager; Verhalten; Manieren
activate	aktivieren
activation	Aktivierung
active	aktiv
activist	Aktivist
activity	Aktivität
actor	Schauspieler
actor; actress	Schauspieler; Schauspielerin
actor; actress; player; performer	Schauspieler; Darstellerin; Spieler; Darsteller
actress	Schauspielerin
actual	tatsächlich
actual place; local	tatsächlicher Ort; lokal
actual spot; scene; scene of the crime	tatsächlicher Ort; Szene; Tatort
actually	eigentlich
actually; really	eigentlich; wirklich
acute	akut
ad	Anzeige
adapt	anpassen
adaptation	Anpassung
adapting to circumstances	sich an die Umstände anpassen
add	hinzufügen
addiction	Sucht
addition	Ergänzung
addition and subtraction; allowance for	Addition und Subtraktion; Zulage für
addition; supplement; appendix	Zusatz; ergänzen; Anhang
additional	zusätzlich
additionally	zusätzlich
address	Adresse
address; direction	Adresse; Richtung
addressed to	adressiert an
adequate	ausreichend
adequately	ausreichend
adhere	haften
adjacent	angrenzend
adjectival noun; quasi-adjective	Adjektivsubstantiv; Quasi-Adjektiv
adjudicate	urteilen
adjust	anpassen
adjustment	Anpassung
adjustment; completion; consolidation	Anpassung; Fertigstellung; Konsolidierung
administer	verwalten
administration	Verwaltung
administrative	administrativ
administrator	Administrator
admiration; Well done!	Bewunderung; Gut gemacht!
admire	bewundern
admission	Eintritt
admission-paid; toll	eintrittspflichtig; Maut
admit	zugeben
admittedly	zugegebenermaßen
adolescent	Jugendlicher
adopt	adoptieren
adoption	Adoption
adroit	geschickt
adult	Erwachsener
advance	voraus
advance; drive; progress	vorrücken; fahren; Fortschritt
advanced	fortgeschritten
advanced level; high grade; senior	fortgeschrittenes Niveau; hochwertig; Senior
advantage	Vorteil
advantageous; better; profitable; lucrative	vorteilhaft; besser; profitabel; lukrativ
advantages and disadvantages; interest	Vor- und Nachteile; Interesse
adventure	Abenteuer
adverb	Adverb
adverse	nachteilig
advertise	werben
advertisement	Werbung
advertising	Werbung
advice	Rat
advice; counsel; remonstrance; recommendation	Beratung; Rat; Protest; Empfehlung
advise	beraten
advocate	Fürsprecher
aerial; overhead; fiction; fanciful	Antenne; über Kopf; Fiktion; fantasievoll
aeroplane	Flugzeug
aesthetic	ästhetisch
affair	Affäre
affect	beeinflussen
affectation; conceit; snobbery	Affektiertheit; Einbildung; Snobismus
affection	Zuneigung
affiliation	Zugehörigkeit
affirmation; confirmation	Bestätigung; Bestätigung
afford	leisten
affordable	erschwinglich
afraid	Angst
after	danach
after (an event)	nach (einem Ereignis)
after a long time	nach langer Zeit
after all	schließlich
after all; eventually	schließlich; schließlich
after that	danach
after this; from now on; hereafter; thereafter	danach; von nun an; Jenseits; danach
aftermath	Nachwirkungen
afternoon	Nachmittag
afterwards	danach
afterwards; since then; in the future	danach; seitdem; in der Zukunft
again	wieder
again and again; repeatedly	immer wieder; wiederholt
again; and	wieder; und
again; once more; a second time	wieder; noch einmal; ein zweites Mal
against	dagegen
age	Alter
age; era; period; date	Alter; Epoche; Zeitraum; Datum
age; years	Alter; Jahre
aged	gealtert
agency	Agentur
agenda	Tagesordnung
agent	Agent
aggression	Aggression
aggressive	aggressiv
ago	vor
ago; since; before; previous	vor; seit; vor; vorherige
agree	stimme zu
agreement	Vereinbarung
agreement; rules; code	Vereinbarung; Regeln; Code
agricultural	landwirtschaftlich
agricultural chemicals	Agrarchemikalien
agricultural community; farm village; rural	landwirtschaftliche Gemeinschaft; Bauerndorf; ländlich
agricultural produce	landwirtschaftliche Erzeugnisse
agriculture	Landwirtschaft
ah	Ah
ahead	voraus
aid	Hilfe
aid / assistance	Hilfe / Beistand
aid; assistance; help; reinforcement	Hilfe; Hilfe; helfen; Verstärkung
aide	Helfer
aim	Ziel
air	Luft
air conditioner	Klimaanlage
air conditioning	Klimaanlage
air; atmosphere	Luft; Atmosphäre
aircraft	Flugzeuge
airline	Fluggesellschaft
airplane	Flugzeug
airport	Flughafen
alarm	Alarm
alarm clock	Wecker
albeit	obwohl
album	Album
alcohol	Alkohol
alcohol / sake	Alkohol / Sake
alcohol; rice wine	Alkohol; Reiswein
alcohol; sake	Alkohol; um Himmels willen
alcoholic	Alkoholiker
alcove	Nische
alert	Alarm
alien	Außerirdischer
alighting; getting off	aussteigen; aussteigen
align	ausrichten
alignment	Ausrichtung
alike	gleichermaßen
alive	lebendig
all	alle
all (of the people) together	alle (Volk) zusammen
all at once	alles auf einmal
all day long	den ganzen Tag
all members (unanimity); all hands; the whole crew	alle Mitglieder (Einstimmigkeit); alle Hände; die ganze Crew
all night; all night vigil; sleepless night	die ganze Nacht; die ganze Nacht Wache; schlaflose Nacht
all of you (respect)	Euch alle (Respekt)
all over; given in; given up hope; bring to knees	überall; gegeben; die Hoffnung aufgegeben; in die Knie zwingen
all present; all concerned; all of us	alle anwesend; alle Beteiligten; uns alle
all right	Alles klar
all together; batch; one lump; one bundle; summing up	alles zusammen; Charge; ein Klumpen; ein Bündel; zusammenfassend
all; entirely; completely; without exception	alle; vollständig; vollständig; ohne Ausnahme
all; everyone; everybody	alle; alle; alle
all; everything; without exception; the whole; entirely; absolutely	alle; alles; ausnahmslos; das Ganze; vollständig; absolut
all; the whole; entirely; in general; wholly	alle; das Ganze; vollständig; im Allgemeinen; ganz
all; whole; entire; complete; overall; pan	alle; ganz; gesamte; vollständig; gesamt; Pfanne
allegation	Vorwurf
allege	behaupten
allegedly	angeblich
alliance	Allianz
allocate	zuordnen
allocation	Zuordnung
allotment; assignment; allocation; quota; rationing	Zuteilung; Abtretung; Zuweisung; Quote; Rationierung
allow	erlauben
allowance	Zulage
allowance; grant; supply	Zulage; gewähren; Versorgung
allude	anspielen
ally	Verbündeter
almost	fast
almost / hardly	fast / kaum
alone	allein
alone; unmarried	allein; unverheiratet
along	entlang
along railway line	entlang der Bahnstrecke
along the lines of	nach dem Vorbild von
along with	zusammen mit
alongside	daneben
already	schon
already; too late	schon; zu spät
also	auch
alter	ändern
alternating current; intercourse; (cultural) exchange; intermingling	Wechselstrom; Verkehr; (kultureller) Austausch; vermischen
alternation; change; relief; relay; shift	Wechsel; ändern; Erleichterung; Relais; Verschiebung
alternative	Alternative
alternatively	alternativ
although	obwohl
altitude; height; advanced	Höhe; Höhe; fortgeschritten
altogether	insgesamt
aluminium	Aluminium
always	immer
always hitting the mark	immer ins Schwarze treffen
always; constantly	immer; ständig
always; usually; every time; never (with neg. verb)	immer; normalerweise; jedes Mal; nie (mit neg. Verb)
amalgamate	verschmelzen
amateur	Amateur
amateur; novice	Amateur; Anfänger
amazed	erstaunt
amazing	erstaunlich
amazing / great	erstaunlich / großartig
ambassador	Botschafter
ambiguous	mehrdeutig
ambition	Ehrgeiz
ambitious	ehrgeizig
ambulance	Krankenwagen
amend	ändern
amendment	Änderung
amendment; correction; revision; modification	Änderung; Korrektur; Revision; Modifikation
amid	inmitten
among	unter
among them	unter ihnen
amount	Menge
amount of money	Geldbetrag
amount sold; proceeds	verkaufte Menge; Erlöse
amount; quantity	Menge; Menge
amusement park	Vergnügungspark
amusing	amüsant
an address; a residence	eine Adresse; ein Wohnsitz
an encounter	eine Begegnung
an end; a stop; punctuation	ein Ende; ein Stopp; Interpunktion
an individual	ein Individuum
an interest	ein Interesse
analogy	Analogie
analyse	analysieren
analysis	Analyse
analysis; disassembly	Analyse; Demontage
analyst	Analyst
analyze	analysieren
ancestor	Vorfahr
anchor	Anker
ancient	uralt
ancient times	Antike
and	und
and (formal)	und (formell)
and (very formal)	und (sehr formell)
and Company; Messrs.	und Unternehmen; Herren
and by extension	und im weiteren Sinne
and so	und so
and so on; and so forth; comment	und so weiter; und so weiter; Kommentar
and then	und dann
and; as well as	und; sowie
angel	Engel
anger	Wut
angle	Winkel
angrily	wütend
angry	wütend
animal	Tier
animal noise. to chirp; roar or croak etc.	Tierlärm. zwitschern; brüllen oder krächzen usw.
animation	Animation
anime	Anime
ankle	Knöchel
anniversary	Jubiläum
annotation; explanatory note	Anmerkung; Erläuterung
announce	bekannt geben
announcement	Ankündigung
announcement / presentation	Ankündigung / Präsentation
announcement; publication	Ankündigung; Veröffentlichung
annoy	ärgern
annoyed	genervt
annoying	nervig
annual	jährlich
annually	jährlich
anonymous	anonym
another	ein anderer
another person; unrelated person; outsider; stranger	eine andere Person; nicht verwandte Person; Außenseiter; Fremder
another place; somewhere else; strange parts	ein anderer Ort; woanders; seltsame Teile
another time; again; over again; anew; formally	ein andermal; wieder; noch einmal; erneut; formell
answer	Antwort
answer; solution	Antwort; Lösung
answering machine	Anrufbeantworter
ant	Ameise
anthropology	Anthropologie
anticipate	antizipieren
antiquity; ancient times	Antike; Antike
anxiety	Angst
anxiety; uneasiness; insecurity; suspense	Angst; Unbehagen; Unsicherheit; Spannung
anxious	ängstlich
any	irgendein
any more	mehr
any unclear points	alle unklaren Punkte
any; anything; whatever	irgendein; irgendetwas; was auch immer
anybody	irgendjemand
anyhow; anyway	jedenfalls; Jedenfalls
anyone	irgendjemand
anything	irgendetwas
anything of; not one bit	irgendetwas von; kein bisschen
anyway	Jedenfalls
anyway / in any case	sowieso / auf jeden Fall
anywhere	überall
apart	auseinander
apartment	Wohnung
apologize	entschuldigen
apology	Entschuldigung
apology; excuse	Entschuldigung; Entschuldigung
app	App
apparatus	Apparat
apparent	offensichtlich
apparently	anscheinend
appeal	Berufung
appealing	ansprechend
appear	erscheinen
appearance	Aussehen
appearance (e.g. article in paper)	Aussehen (z. B. Artikel in Papierform)
appearance; exterior; facade	Aussehen; außen; Fassade
appetite	Appetit
appetite (for food)	Appetit (auf Essen)
applaud	applaudieren
apple	Apfel
applicable	anwendbar
applicant	Bewerber
application	Anwendung
application (of rule)	Anwendung (der Regel)
application form	Bewerbungsformular
application; put to practical use	Anwendung; in die Praxis umsetzen
application; request; petition	Anwendung; Anfrage; Petition
apply	bewerben
applying	bewerben
appoint	ernennen
appointed day; very day	festgelegter Tag; sehr Tag
appointment	Termin
appreciate	schätzen
appreciation	Wertschätzung
approach	Ansatz
appropriate	angemessen
appropriately	angemessen
approval	Zustimmung
approval; adoption (e.g. motion; bill); passage	Zustimmung; Annahme (z. B. Antrag; Gesetzentwurf); Durchgang
approval; agreement; support; favour	Zustimmung; Vereinbarung; Unterstützung; Gefallen
approve	genehmigen
approximately	ungefähr
approximately; about; some	ungefähr; um; einige
apron	Schürze
aquarium	Aquarium
arable land	Ackerland
arbitrary	willkürlich
arcade	Arkade
architect	Architekt
architectural	architektonisch
architecture	Architektur
archive	Archiv
arduous	mühsam
are you okay?	Geht es dir gut?
area	Bereich
area; locality; district; region; the coast	Bereich; Lokalität; Bezirk; Region; die Küste
area; region	Bereich; Region
area; zone	Bereich; Zone
arena	Arena
arguably	wohl
argue	argumentieren
argument	Argument
argument; discussion; dispute	Argument; Argument; Diskussion; Streit
arise	entstehen
arithmetic	Arithmetik
arm	Arm
armaments; military preparations	Rüstung; militärische Vorbereitungen
armed	bewaffnet
arms	Arme
army	Armee
army; force; troops	Armee; Gewalt; Truppen
army; troops	Armee; Truppen
aroma	Aroma
aroma; fragrance; scent; smell	Aroma; Duft; Duft; Geruch
around	herum
around (a time)	ungefähr (eine Zeit lang)
around that time	ungefähr zu dieser Zeit
around; throughout; front and back; before and behind; before and after	herum; hindurch; vorne und hinten; davor und dahinter; vorher und nachher
arrange	arrangieren
arrangement	Anordnung
arrangement; pact; agreement	Anordnung; Pakt; Vereinbarung
array	Array
arrest	Verhaftung
arrest; apprehension; capture	Verhaftung; Befürchtung; erfassen
arrival	Ankunft
arrival in Japan; coming to Japan; visit to Japan	Ankunft in Japan; nach Japan kommen; Besuch in Japan
arrive	ankommen
arrow	Pfeil
art	Kunst
art gallery	Kunstgalerie
art museum	Kunstmuseum
art; technique	Kunst; Technik
art; technology; skill	Kunst; Technologie; Fähigkeit
article	Artikel
article counter	Artikelzähler
article; news story; report; account	Artikel; Nachrichtenmeldung; Bericht; Konto
articulate	artikulieren
artificial	künstlich
artificial; manmade; human work; human skill; artificiality	künstlich; von Menschenhand geschaffen; menschliche Arbeit; menschliches Können; Künstlichkeit
artist	Künstler
artistic	künstlerisch
artistry; good taste; elegance; grace	Kunstfertigkeit; guter Geschmack; Eleganz; Gnade
arts and crafts	Kunst und Handwerk
arts and sciences; liberal arts	Künste und Wissenschaften; freie Künste
artwork	Kunstwerk
as	als
as I thought	wie ich dachte
as a matter of fact, ...	in der Tat, ...
as a matter of fact; by the way	in der Tat; übrigens
as a result	als Ergebnis
as expected	wie erwartet
as much as possible	so viel wie möglich
as was expected; really	wie erwartet; wirklich
as ~ goes on	wie ~ weitergeht
ascertain	feststellen
ash	Asche
ashamed	beschämt
ashtray	Aschenbecher
aside	beiseite
ask	fragen
asleep	schlafend
aspect	Aspekt
aspect; state; appearance	Aspekt; Zustand; Aussehen
aspiration	Anspruch
aspire	streben
assassination	Ermordung
assault	Angriff
assemble	zusammenbauen
assembly	Montage
assembly hall or meeting place	Aula oder Treffpunkt
assert	behaupten
assertion	Behauptung
assess	beurteilen
assessment	Beurteilung
asset	Vermögenswert
assign	zuweisen
assignment	Aufgabe
assist	unterstützen
assistance	Hilfe
assistance; aid; support	Hilfe; Hilfe; Unterstützung
assistant	Assistent
assistant professor	Assistenzprofessor
associate	assoziiert
associated	verbunden
association	Verein
association (of ideas); suggestion	Assoziation (von Ideen); Vorschlag
association; socializing; fellowship	Verein; Geselligkeit; Gemeinschaft
association; society; organization	Verein; Gesellschaft; Organisation
association; union	Verein; Gewerkschaft
assume	annehmen
assumption	Annahme
assumption; supposition; hypothesis	Annahme; Annahme; Hypothese
assurance	Gewissheit
assure	versichern
astonishing	erstaunlich
astronaut	Astronaut
astute	klug
asylum	Asyl
at	bei
at a stroke; with a single swoop	auf einen Schlag; mit einem einzigen Schlag
at about	bei ca
at any rate; anyhow; anyway; in any case	jedenfalls; jedenfalls; Trotzdem; auf jeden Fall
at any time; soon	jederzeit; bald
at ease; comfortable	entspannt; bequem
at least	zumindest
at most	höchstens
at night; nighttime	nachts; Nacht
at once; immediately; directly; in person	sofort; sofort; direkt; persönlich
at once; immediately; without delay; promptly	sofort; sofort; ohne Verzögerung; prompt
at present; now	derzeit; jetzt
at that time; in those days	damals; damals
at the expense of	auf Kosten von
at the most; at best; to the utmost; as much (far) as possible	höchstens; bestenfalls; bis zum Äußersten; so viel (weit) wie möglich
at the very least	Zumindest
at; in; on	bei; In; auf
athlete	Sportler
atmosphere	Atmosphäre
atmosphere (e.g. musical); mood; ambience	Atmosphäre (z. B. musikalisch); Stimmung; Ambiente
atmospheric current	atmosphärischer Strom
atmospheric pressure	atmosphärischer Druck
atom	Atom
atomic bomb	Atombombe
atrocity	Gräueltat
attach	anhängen
attached / annexed	beigefügt / beigefügt
attached; belonging; affiliated	angebracht; Zugehörigkeit; angeschlossen
attachment	Anhang
attack	Angriff
attack; strike; offensive; criticism; censure	Angriff; schlagen; Offensive; Kritik; Tadel
attain	erreichen
attainment	Erreichung
attempt	Versuch
attend	teilnehmen
attendance	Anwesenheit
attendance; presence	Anwesenheit; Präsenz
attendant; companion	Begleiter; Begleiter
attention	Aufmerksamkeit
attention / caution	Aufmerksamkeit / Vorsicht
attitude	Haltung
attitude; manner	Haltung; Art und Weise
attitude; posture	Haltung; Haltung
attorney	Anwalt
attract	anziehen
attraction	Attraktion
attractive	attraktiv
attribute	Attribut
attribution	Zuschreibung
auction	Auktion
audience	Publikum
audience; spectator(s)	Publikum; Zuschauer(n)
audio	Audio
audit	Prüfung
auditorium	Auditorium
aunt	Tante
aunt; middle-aged woman	Tante; Frau mittleren Alters
auspicious	glückverheißend
austere	streng
austere; majestic; dignified; stately; awful; impressive	streng; majestätisch; würdevoll; stattlich; schrecklich; beeindruckend
authentic	authentisch
authentication	Authentifizierung
authenticity	Authentizität
author	Autor
author; authoress	Autor; Autorin
author; writer	Autor; Schriftsteller
author; writer; novelist; artist	Autor; Schriftsteller; Romancier; Künstler
authority	Autorität
authority; power; influence	Autorität; Leistung; Einfluss
authority; the right (to do something)	Autorität; das Recht (etwas zu tun)
authorize	genehmigen
auto	auto
automatic	automatisch
automatic; self-motion	automatisch; Eigenbewegung
automatically	automatisch
automobile	Automobil
autonomy	Autonomie
autumn	Herbst
autumn / fall	Herbst / Herbst
availability	Verfügbarkeit
available	verfügbar
avarice; covetousness; greed	Geiz; Begierde; Gier
average	Durchschnitt
aviation	Luftfahrt
aviation; flying	Luftfahrt; fliegen
avoid	vermeiden
await	warten
award	Auszeichnung
aware	bewusst
awareness	Bewusstsein
away	weg
awful	schrecklich
awful; dreadful; terrible; very	schrecklich; schrecklich; schrecklich; sehr
awkward	umständlich
baby	Baby
bachelorhood; single; unmarried; celibate	Junggesellentum; einzel; unverheiratet; zölibatär
back	zurück
back (body)	Rücken (Körper)
back / behind	hinten / hinten
back / inner part	Rücken / Innenteil
back of the body	Rückseite des Körpers
back to the wall	zurück zur Wand
back up	sichern
backdoor; rear entrance	Hintertür; Hintereingang
backdrop	Hintergrund
background	Hintergrund
backing	Unterstützung
backpack	Rucksack
backup	Sicherung
backwards	rückwärts
bacteria	Bakterien
bad	schlecht
bad fellow; rascal; ruffian; scoundrel	böser Kerl; Schlingel; Grobian; Schurke
bad harvest; poor crop	schlechte Ernte; schlechte Ernte
bad-tasting	schlecht schmeckend
badge	Abzeichen
badly	schlecht
bag	Tasche
bag / sack	Tasche / Sack
bag; sack	Tasche; Sack
baggage	Gepäck
bail	Kaution
bake	backen
baker	Bäcker
bakery	Bäckerei
balance	Gleichgewicht
balance sheet; settlement of accounts	Bilanz; Abrechnung von Rechnungen
balanced	ausgeglichen
balcony	Balkon
ball	Kugel
ball; sphere; coin	Kugel; Kugel; Münze
ballet	Ballett
balloon	Ballon
ballot	Stimmzettel
bamboo; middle (of a three-tier ranking system)	Bambus; Mitte (eines dreistufigen Rankingsystems)
ban	Verbot
banana	Banane
band	Band
band (e.g. conduction; valence)	Band (z. B. Leitung; Valenz)
bandage; dressing	Verband; Dressing
bank	Bank
bank; coast; shore	Bank; Küste; Ufer
bankruptcy	Insolvenz
banner	Banner
bar	Bar
bar; bar-room	Bar; Bar-Raum
barbecue	Grillen
barber	Friseur
barber's	Friseur
bare	nackt
barely	kaum
bargain	Schnäppchen
barrel	Fass
barrier	Barriere
bartender	Barkeeper
base	Basis
baseball	Baseball
baseball player	Baseballspieler
based	basiert
based on	basierend auf
basement	Keller
basement; underground	Keller; unterirdisch
basic	einfach
basically	grundsätzlich
basin (e.g. between mountains)	Becken (z. B. zwischen Bergen)
basis	Grundlage
basis of argument	Argumentationsgrundlage
basket	Korb
basket; cage	Korb; Käfig
basketball	Basketball
bass	Bass
bat	Fledermaus
bath	Bad
bath / bathtub	Bad / Badewanne
bathrobe; informal summer kimono; yukata	Bademantel; informeller Sommerkimono; Yukata
bathroom	Badezimmer
battery	Batterie
battle	Kampf
battle; fight; struggle; conflict	Kampf; kämpfen; Kampf; Konflikt
battlefield	Schlachtfeld
bay	Bucht
bay; gulf; inlet	Bucht; Golf; Einlass
be	sein
be afraid; dread; dismay; terror	Angst haben; Furcht; Bestürzung; Terror
be finished; ready; made for; cut out	fertig sein; bereit; gemacht für; ausschneiden
be found; aim; estimate; guess; approx	gefunden werden; Ziel; schätzen; erraten; ca
be lost; peace; hide; mistake; beautiful; in turn	verloren sein; Frieden; verstecken; Fehler; Schön; wiederum
be on good/close terms; to get along well	ein gutes/enges Verhältnis haben; gut miteinander auszukommen
be surprised; be amazed; be frightened; astonishment	sei überrascht; staunen; erschrecken; Erstaunen
beach	Strand
beam	Strahl
beam; light ray	Balken; Lichtstrahl
bean	Bohne
bean paste	Bohnenpaste
beans; peas	Bohnen; Erbsen
bear	Bär
beard	Bart
beast	Biest
beat	schlagen
beauties of nature	Schönheiten der Natur
beautiful	schön
beautiful / pretty	schön / hübsch
beautiful passage of literature	schöne Passage der Literatur
beautiful person (woman)	schöne Person (Frau)
beautiful; clean	schön; sauber
beauty	Schönheit
beauty of figure or form	Schönheit der Figur oder Form
beauty parlor	Schönheitssalon
because	weil
because (formal)	weil (formell)
because ...	weil ...
become	werden
becoming a member; joining; entry; admission; subscription; affiliation; adherence; signing	Mitglied werden; beitreten; Eintrag; Zulassung; Abonnement; Zugehörigkeit; Einhaltung; unterschreiben
bed	Bett
bed; couch	Bett; Couch
bedroom	Schlafzimmer
bedtime	Schlafenszeit
bee	Biene
beef	Rindfleisch
beef bowl	Rindfleischschüssel
beer	Bier
before	vor
before / ahead	vorher / voraus
before / previously	vorher / vorher
before long	bald
before long; even now	bald; auch jetzt noch
before one knows; unnoticed; unawares	bevor man es weiß; unbemerkt; ahnungslos
before...	vorher...
before; ahead; previously	vorher; voraus; vorher
before; this side; we; you	vorher; diese Seite; Wir; Du
beg	betteln
begin	beginnen
beginning	Anfang
beginning of the month	Anfang des Monats
beginning; first	Anfang; zuerst
behalf	Namen
behave	benimm dich
behavior	Verhalten
behaviour	Verhalten
behind	hinten
beige	beige
being	Sein
being at the office	im Büro sein
being deeply moved; excitement; impression; deep emotion	tief bewegt sein; Aufregung; Eindruck; tiefe Emotion
being on duty	im Dienst sein
being skilled in; nicely; properly	über Kenntnisse verfügen; schön; richtig
belief	Glaube
believe	glaube
bell	Glocke
bell; chime	Glocke; Glockenspiel
belong	gehören
beloved	Geliebte
below	unten
belt	Gürtel
bench	Bank
benchmark	Maßstab
bend	biegen
bending; indentation; refraction	Biegen; Vertiefung; Brechung
beneath	darunter
beneficial	vorteilhaft
beneficiary	Begünstigter
benefit	Vorteil
bent	gebogen
beside	daneben
beside; side; width	daneben; Seite; Breite
besides	außerdem
besides; in addition; the rest	außerdem; Zusätzlich; der Rest
best	am besten
best friend	bester Freund
best regards	Beste Grüße
best; first; number one	am besten; Erste; Nummer eins
bet	Wette
betray	verraten
better	besser
betterment; improvement	Verbesserung; Verbesserung
between	dazwischen
beyond	darüber hinaus
bias	Voreingenommenheit
biased	voreingenommen
bicycle	Fahrrad
bid	bieten
big	groß
big sis (affectionate)	große Schwester (liebevoll)
big; large; great	groß; groß; großartig
bike	Fahrrad
bill	Rechnung
bill / check	Rechnung / Scheck
billion	Milliarde
bin	Mülleimer
bind	binden
biodiversity	Artenvielfalt
biography	Biografie
biography; life story	Biografie; Lebensgeschichte
biological	biologisch
biology	Biologie
bird	Vogel
birth	Geburt
birth date	Geburtsdatum
birth-place; home town	Geburtsort; Heimatstadt
birth; birth-place	Geburt; Geburtsort
birthday	Geburtstag
birthplace	Geburtsort
biscuit	Keks
bishop	Bischof
bit	bisschen
bite	beißen
bitter	bitter
bizarre	bizarr
black	schwarz
black tea	schwarzer Tee
blackboard	Tafel
blade	Klinge
blame	Schuld
blank	leer
blank; cavity; hollow; empty (space)	leer; Hohlraum; hohl; leer (Leerzeichen)
blanket	Decke
blast	Explosion
bleed	bluten
blend	vermischen
bless	segne
blessing	Segen
blind	blind
blizzard	Schneesturm
block	blockieren
blog	Blog
blonde	blond
blood	Blut
blood pressure	Blutdruck
blood transfusion	Bluttransfusion
blood vessel	Blutgefäß
blouse	Bluse
blow	Schlag
blue	blau
board	Brett
board; plank	Brett; Planke
boast	prahlen
boat	Boot
body	Körper
body weight	Körpergewicht
body; main part; oneself; sword	Körper; Hauptteil; sich; Schwert
boil	kochen
bold	fett
bomb	Bombe
bombing	Bombardierung
bond	Bindung
bone	Knochen
bone fracture	Knochenbruch
bonus	Bonus
book	Buch
book of tickets	Kartenbuch
book; publication	Buch; Veröffentlichung
booking	Buchung
books	Bücher
bookshelf	Bücherregal
bookshelves	Bücherregale
bookshop	Buchhandlung
bookstore	Buchhandlung
boom	Boom
boost	steigern
boot	booten
boots	Stiefel
border	Grenze
border; boundary; mental state	Grenze; Grenze; Geisteszustand
bored	gelangweilt
boring	langweilig
born	geboren
borrow	leihen
borrowing	Ausleihen
boss	Chef
boss / superior	Chef/Vorgesetzter
both	beides
both parents	beide Eltern
both sides	beide seiten
both; neither (neg); all; and; as well as; including; with; together with; plural ending	beides; weder (negativ); alle; Und; sowie; einschließlich; mit; zusammen mit; Pluralende
bother	Mühe
bother to do; tiresome	sich die Mühe machen; ermüdend
bottle	Flasche
bottling; bottled	Abfüllung; abgefüllt
bottom	unten
bottom; sole	unten; Sohle
bounce	hüpfen
bound	gebunden
bound for	gebunden für
boundary	Grenze
bow	Bogen
bow (and arrow)	Bogen (und Pfeil)
bowl	Schüssel
bowl; vessel; container	Schüssel; Schiff; Behälter
box	Box
box lunch	Lunchpaket
boxed lunch	Lunchpaket
boy	Junge
boyfriend	Freund
boys; juveniles	Jungen; Jugendliche
brain	Gehirn
branch	Zweig
branch office	Zweigstelle
branch store (office)	Filiale (Büro)
branch; twig	Zweig; Zweig
brand	Marke
brand new	brandneu
brave	mutig
brave; valiant; gallant; courageous	mutig; tapfer; galant; mutig
breach	Verstoß
bread	Brot
break	Pause
break down	zusammenbrechen
break-down; failure; accident; out of order	Zusammenbruch; Versagen; Unfall; Außer Betrieb
breakdown	Zusammenbruch
breakfast	Frühstück
breakfast (formal)	Frühstück (formell)
breaking news	aktuelle Nachrichten
breakthrough	Durchbruch
breakup; dissolution	Trennung; Auflösung
breast	Brust
breast; chest	Brust; Brust
breath	Atem
breath; respiration	Atem; Atmung
breath; tone	Atem; Ton
breathe	atmen
breathing	atmen
breed	Rasse
breeding; growth	Zucht; Wachstum
brevity; conciseness; simplicity	Kürze; Prägnanz; Einfachheit
brick	Ziegelstein
bride	Braut
bride; daughter-in-law	Braut; Schwiegertochter
bridge	Brücke
bridge building; mediation	Brückenbau; Vermittlung
brief	kurz
briefly	kurz
bright	hell
bright red	leuchtend rot
bright; smart; clever	hell; schlau; klug
brightness; cheerfulness; melodious	Helligkeit; Fröhlichkeit; melodisch
brilliance; polish; lustre; glossy finish (of photographs)	Brillanz; polieren; Lüster; Hochglanzfinish (von Fotos)
brilliant	brillant
brilliant; magnificent; spectacular	brillant; herrlich; spektakulär
bring	bringen
bring about	herbeiführen
bring up	erziehen
bringing; taking; carrying	bringen; nehmen; Tragen
broad	breit
broadband	Breitband
broadcast	Sendung
broadcast program	Rundfunkprogramm
broadcast; broadcasting	Ausstrahlung; Rundfunk
broadcaster	Sender
broadly	im Großen und Ganzen
broken	kaputt
brother	Bruder
brothers and sisters	Brüder und Schwestern
brown	braun
browser	Browser
brush	Pinsel
brutal	brutal
bubble	Blase
bubble; foam; froth; head on beer	Blase; Schaum; Schaum; Kopf auf Bier
buck	Bock
buddy	Kumpel
budget	Budget
buffalo	Büffel
buffer	Puffer
bug	Fehler
build	bauen
builder	Baumeister
building	Gebäude
bulk	Masse
bullet	Kugel
bullet train	Hochgeschwindigkeitszug
bullet train (very high speed); shinkansen	Hochgeschwindigkeitszug (sehr hohe Geschwindigkeit); Shinkansen
bullet; shot; shell	Kugel; Schuss; Schale
bunch	Haufen
bundle; package; parcel; bale	Bündel; Paket; Paket; Ballen
burden	Belastung
bureaucracy	Bürokratie
bureaucrat; bureaucracy	Bürokrat; Bürokratie
burgular	burgular
burial	Beerdigung
burn	brennen
burn; scald	brennen; verbrühen
burning low; waning; declining	niedrig brennend; abnehmend; rückläufig
burst	platzen
bury	begraben
bus	Bus
bus or tram stop	Bus- oder Straßenbahnhaltestelle
bus stop	Bushaltestelle
bush	Busch
business	Geschäft
business card	Visitenkarte
business conditions	Geschäftsbedingungen
business duties	Geschäftspflichten
business meeting; conference	Geschäftstreffen; Konferenz
business meeting; previous arrangement; appointment	Geschäftstreffen; vorherige Absprache; Termin
business suit	Business-Anzug
business to take care of	Geschäft, um das man sich kümmern muss
business trip	Geschäftsreise
business; affairs; duties; work	Geschäft; Angelegenheiten; Aufgaben; Arbeit
business; office work	Geschäft; Büroarbeit
business; trade; management	Geschäft; Handel; Management
businessman	Geschäftsmann
businessperson	Geschäftsmann
bustling; busy	geschäftig; beschäftigt
busy	beschäftigt
busy (people/days)	beschäftigt (Personen/Tage)
busy; hurried; confused; flurried	beschäftigt; beeilte sich; verwirrt; aufgeregt
busy; irritated	beschäftigt; irritiert
but	aber
but; however; provided that	aber; Jedoch; vorausgesetzt, dass
butcher shop	Metzgerei
butter	Butter
butterfly	Schmetterling
buttocks; bottom	Gesäß; unten
button	Taste
buy	kaufen
by	von
by (time/date)	bis (Uhrzeit/Datum)
by all means	auf jeden Fall
by all means; everything	auf jeden Fall; alles
by contrast	im Gegensatz dazu
by force	mit Gewalt
by itself; automatically; naturally	von selbst; automatisch; natürlich
by oneself; personally	allein; persönlich
by some chance; by some possibility; if by any chance; 10E4:1 odds	zufällig; durch irgendeine Möglichkeit; wenn überhaupt; 10E4:1 Quote
by the end of today	bis zum Ende des heutigen Tages
by the same token	aus dem gleichen Grund
by the way	übrigens
by the window	am Fenster
bye	Tschüss
cabbage	Kohl
cabin	Kabine
cabinet	Schrank
cabinet minister	Kabinettsminister
cable	Kabel
cafe	Café
cafeteria / dining hall	Cafeteria / Speisesaal
cafeteria; dining commons	Cafeteria; Speisegemeinschaften
café	Café
cake	Kuchen
cake shop	Konditorei
calamity; misfortune	Unglück; Unglück
calculate	berechnen
calculation	Berechnung
calculation; counting; consideration	Berechnung; zählen; Rücksichtnahme
calculation; reckoning	Berechnung; Abrechnung
calendar	Kalender
call	anrufen
call off	absagen
call; visit	anrufen; besuchen
calligraphy	Kalligraphie
calling on someone who is ill; enquiry	jemanden anrufen, der krank ist; Anfrage
calm	ruhig
calm; composure; coolness; serenity	ruhig; Gelassenheit; Kühle; Gelassenheit
calm; gentle; quiet	ruhig; sanft; ruhig
calorie	Kalorien
camcorder	Camcorder
camel	Kamel
camera	Kamera
camp	Lager
campaign	Kampagne
camping	Camping
campus	Campus
can	kann
can; tin	kann; Zinn
canal	Kanal
canal; waterway	Kanal; Wasserstraße
cancel	abbrechen
cancellation	Stornierung
cancellation; rescinding; release; calling off	Stornierung; Aufhebung; freigeben; absagen
cancer	Krebs
candidacy	Kandidatur
candidate	Kandidat
candle	Kerze
candy	Süßigkeiten
cannot	kann nicht
cannot sleep	kann nicht schlafen
canteen; flask; water bottle	Kantine; Flasche; Wasserflasche
canvas	Leinwand
cap	Kappe
capability	Fähigkeit
capable	fähig
capacity	Kapazität
capacity; volume	Kapazität; Lautstärke
cape (on coast)	Kap (an der Küste)
capital	Kapital
capital city	Hauptstadt
capitalism	Kapitalismus
capitalist	Kapitalist
captain	Kapitän
capture	erfassen
car	Auto
car; vehicle	Auto; Fahrzeug
carbon	Kohlenstoff
card	Karte
care	Pflege
care / looking after	pflegen / betreuen
care-taking; caretaker; house-watching	fürsorglich; Hausmeister; Hausbeobachtung
care; precaution; guarding; caution	Pflege; Vorsorge; Bewachung; Vorsicht
career	Karriere
carefree	sorglos
carefree; optimistic; careless; reckless; heedless	sorglos; optimistisch; nachlässig; rücksichtslos; rücksichtslos
careful	vorsichtig
carefully	vorsichtig
careless	unvorsichtig
carelessly	nachlässig
cargo	Fracht
cargo; freight	Fracht; Fracht
carpenter	Zimmermann
carpet	Teppich
carriage	Kutsche
carrot	Karotte
carry	tragen
carry on	weitermachen
carry out	durchführen
carrying something	etwas tragen
cartoon	Cartoon
carve	schnitzen
carving; engraving; sculpture	Schnitzen; Gravur; Skulptur
case	Fall
cash	Bargeld
cash register	Kasse
cash; ready money; mercenary; self-interested	Bargeld; bereites Geld; Söldner; eigennützig
casino	Kasino
cassette player with a radio	Kassettenspieler mit Radio
cast	Besetzung
castle	Schloss
casual	lässig
casual; unconcerned	lässig; unbesorgt
casually; unexpectedly; accidentally; by chance	beiläufig; unerwartet; versehentlich; zufällig
casualty	Unfall
cat	Katze
catalogue	Katalog
catalyze	katalysieren
catch	fangen
catch up	aufholen
category	Kategorie
cater	versorgen
cattle	Rinder
cattle; cow	Rinder; Kuh
cause	Ursache
cause / factor	Ursache / Faktor
cause; reason; fault	Ursache; Grund; Schuld
cause; source	Ursache; Quelle
caution	Vorsicht
cautious	vorsichtig
cave	Höhle
cavity; tooth decay; decayed tooth; caries	Hohlraum; Karies; kariöser Zahn; Karies
cease	aufhören
ceiling	Decke
celebrate	feiern
celebration	Feier
celebration; festival	Feier; Fest
celebrity	Berühmtheit
cell	Zelle
cemetery	Friedhof
census; family register	Volkszählung; Familienregister
cent	Cent
center	Zentrum
center; core; heart; pivot; emphasis; balance	Mitte; Kern; Herz; Drehpunkt; Schwerpunkt; Gleichgewicht
central	zentral
centre	Zentrum
centre; central; center; middle	Zentrum; zentral; Center; Mitte
century	Jahrhundert
century; era	Jahrhundert; Ära
ceremony	Zeremonie
ceremony; rite; ritual; service	Zeremonie; Ritus; Ritual; Dienst
certain	sicher
certainly	sicherlich
certainly (I understand)	sicherlich (ich verstehe)
certainly / indeed	sicherlich / tatsächlich
certainly / understood	sicherlich / verstanden
certainly!	sicherlich!
certainly; necessarily	sicherlich; unbedingt
certainly; without fail	sicherlich; unbedingt
certainty	Gewissheit
certainty; reliability; soundness	Gewissheit; Zuverlässigkeit; Solidität
certificate	Zertifikat
certification	Zertifizierung
chain	Kette
chain of islands	Inselkette
chair	Stuhl
chairman	Vorsitzender
chairmanship	Vorsitz
challenge	Herausforderung
challenging	herausfordernd
chamber	Kammer
champion	Champion
championship	Meisterschaft
chance	Chance
chance; fate; destiny; relation; bonds; connection; karma	Zufall; Schicksal; Bestimmung; Beziehung; Anleihen; Verbindung; Karma
change	ändern
change (money)	Wechselgeld (Geld)
change of address	Adressänderung
change; modification; alteration	ändern; Änderung; Änderung
change; money exchange	ändern; Geldwechsel
changing clothes; change of clothes	Umziehen; Wechselkleidung
channel	Kanal
chaos	Chaos
chapter	Kapitel
character	Charakter
character; personality	Charakter; Persönlichkeit
character; personality; person; man; personage; talented man	Charakter; Persönlichkeit; Person; Mann; Persönlichkeit; talentierter Mann
character; qualities; genius	Charakter; Qualitäten; Genie
character; traits; ethos	Charakter; Eigenschaften; Ethos
characteristic	Charakteristisch
characteristic; feature	charakteristisch; Funktion
characteristic; tradition; peculiar; inherent; eigen-	charakteristisch; Tradition; eigenartig; inhärent; Eigen-
characterize	charakterisieren
charge	Gebühr
charity	Nächstenliebe
charm	Charme
charm; fascination; glamour	Charme; Faszination; Glamour
charming	charmant
charming; fascinating; voluptuous	charmant; faszinierend; üppig
chart	Diagramm
chart; diagram; graph	Diagramm; Diagramm; Grafik
charter	Charter
chase	jagen
chat	chatten
chat; talk	chatten; reden
chattering; talk; idle talk; chat; chitchat; gossip; chatty; talkative; chatterbox; blabbermouth	Geschwätz; sprechen; leeres Gerede; chatten; Geplauder; Tratsch; gesprächig; gesprächig; Schwätzer; Geschwätz
cheap	billig
cheap, inexpensive	billig, preiswert
cheap-looking; tawdry; insignificant	billig aussehend; kitschig; unbedeutend
cheat	betrügen
check	überprüfen
check-up	Kontrolluntersuchung
checkout / register	Zur Kasse / Registrieren
cheek	Wange
cheek (of face)	Wange (im Gesicht)
cheer	jubeln
cheer; shout of joy	jubeln; Freudenschrei
cheerful	fröhlich
cheerful; buoyant; lighthearted	fröhlich; schwimmfähig; unbeschwert
cheers!	Prost!
cheese	Käse
cheeseburger	Cheeseburger
chef	Koch
chemical	chemisch
chemical combination	chemische Kombination
chemical element	chemisches Element
chemistry	Chemie
cherry blossom pink	Kirschblütenrosa
cherry blossom; cherry tree	Kirschblüte; Kirschbaum
cherry-blossom viewing	Kirschblütenbesichtigung
chest	Brust
chest of drawers	Kommode
chicken	Huhn
chicken (meat)	Huhn (Fleisch)
chicken meat	Hühnerfleisch
chief	Chef
chief; main; principal; major	Chef; hauptsächlich; Rektor; Hauptfach
chiefly	hauptsächlich
child	Kind
childcare; nursing; upbringing	Kinderbetreuung; Pflege; Erziehung
childhood	Kindheit
children	Kinder
children's room	Kinderzimmer
children; juvenile	Kinder; jugendlich
chimney	Schornstein
chin	Kinn
chip	Chip
chocolate	Schokolade
choice	Wahl
choir	Chor
choose	wählen
chop	hacken
chopsticks	Essstäbchen
chronic	chronisch
chunk	Brocken
church	Kirche
cigarette	Zigarette
cinema	Kino
circle	Kreis
circle; full (month); perfection; purity; suffix for ship names	Kreis; voll (Monat); Perfektion; Reinheit; Suffix für Schiffsnamen
circle; money	Kreis; Geld
circuit	Schaltung
circuit (electric)	Stromkreis (elektrisch)
circulate	zirkulieren
circulation	Zirkulation
circulation; rotation; cycle	Zirkulation; Drehung; Zyklus
circumference	Umfang
circumference; outskirts; environs; (computer) peripheral	Umfang; Stadtrand; Umgebung; (Computer-)Peripheriegerät
circumference; surroundings; circulation	Umfang; Umgebung; Zirkulation
circumspect	umsichtig
circumstance	Umstand
circumstances	Umstände
circumstances; consideration; conditions; situation; reasons	Umstände; Rücksichtnahme; Bedingungen; Situation; Gründe
circumstances; convenience	Umstände; Bequemlichkeit
circumvent	umgehen
cite	zitieren
citizen	Bürger
citizens; inhabitants; residents; population	Bürger; Einwohner; Bewohner; Bevölkerung
citizenship	Staatsbürgerschaft
city	Stadt
city / town	Stadt / Stadt
civic	bürgerlich
civil	zivil
civilian	Zivilist
civility; courtesy; compliments; sociability; graces	Höflichkeit; Anstand; Komplimente; Geselligkeit; Gnaden
civilization	Zivilisation
civilization; culture	Zivilisation; Kultur
claim	Anspruch
claim; demand; application; request	Anspruch; Nachfrage; Anwendung; Anfrage
claim; request; insistence; assertion	Anspruch; Anfrage; Beharren; Behauptung
clapping hands; applause	klatschende Hände; Applaus
clarify	klären
clarity	Klarheit
clash	Zusammenstoß
class	Klasse
class / lesson	Klasse / Lektion
class; grade; rank; school class; grade	Klasse; Grad; Rang; Schulklasse; Klasse
class; group; team; set	Klasse; Gruppe; Team; eingestellt
class; level; stratum; hierarchy	Klasse; Ebene; Schicht; Hierarchie
class; rank; grade	Klasse; Rang; Klasse
classic	klassisch
classical	klassisch
classification	Klassifizierung
classify	klassifizieren
classmate	Klassenkamerad
classroom	Klassenzimmer
clause	Klausel
clean	sauber
clean / pretty	sauber / hübsch
clean copy	saubere Kopie
cleaning	Reinigung
cleaning; sweeping	Reinigung; fegen
clear	klar
clear up; clarify; define	aufklären; klären; definieren
clear weather	klares Wetter
clear; pure; noble	klar; rein; edel
clearly	klar
clerk	Angestellter
clever	klug
clever; adept; good; expectations; as one would expect	klug; geschickt; Gut; Erwartungen; wie man es erwarten würde
clever; shrewd; bright; sharp; wise; intelligent	klug; klug; hell; scharf; weise; intelligent
click	klicken
client	Kunde
cliff	Klippe
climate	Klima
climate change	Klimawandel
climb	klettern
cling	klammern
clinic	Klinik
clinical	klinisch
clip	Clip
clock	Uhr
close	schließen
close friend; buddy	enger Freund; Kumpel
close; near	nah; in der Nähe
closed	geschlossen
closed (e.g. store); business suspended; shutdown; holiday	geschlossen (z. B. Geschäft); Geschäft eingestellt; abschalten; Feiertag
closely	eng
closet	Schrank
closing up; fastening the doors	schließen; Befestigung der Türen
closing; cut-off; end; deadline; Closed; No Entrance	schließen; abgeschnitten; Ende; Frist; Geschlossen; Kein Eintritt
closure	Schließung
cloth	Stoff
cloth; piece; cut; chop	Stoff; Stück; schneiden; hacken
clothes	Kleidung
clothes; clothing; garments	Kleidung; Kleidung; Kleidungsstücke
clothing	Kleidung
clothing (respect)	Kleidung (Respekt)
clothing, clothes	Kleidung, Kleidung
clothing; costume; outfit; garment; dress	Bekleidung; Kostüm; Outfit; Kleidungsstück; Kleid
cloud	Wolke
cloudiness; cloudy weather; shadow	Trübung; bewölktes Wetter; Schatten
cloudy	bewölkt
cloudy weather	bewölktes Wetter
club	Verein
club activity	Vereinsaktivität
club; student society	Verein; Studentenvereinigung
clue	Ahnung
clumsy; poor at...	ungeschickt; schlecht in...
cluster	Cluster
co-operation; conciliation; harmony; firm (market) tone	Zusammenarbeit; Schlichtung; Harmonie; fester (Markt-)Ton
coach	Trainer
coal	Kohle
coal mine; coal pit	Kohlebergwerk; Kohlengrube
coalition	Koalition
coarse; rough	grob; rau
coast	Küste
coast / beach	Küste / Strand
coast; shore	Küste; Ufer
coastal	Küste
coat	Mantel
cocktail	Cocktail
code	Code
coeducation	Koedukation
coercion	Zwang
coexistence	Zusammenleben
coffee	Kaffee
coffee lounge	Kaffeelounge
cogent	überzeugend
cognitive	kognitiv
coherence	Kohärenz
coherent	kohärent
coin	Münze
coincide	zusammenfallen
coincidence	Zufall
cola	Cola
cold	kalt
cold (illness)	Erkältung (Krankheit)
cold (thing/people)	kalt (Ding/Menschen)
cold (to touch)	kalt (zum Anfassen)
cold (weather)	kalt (Wetter)
cold (weather-not used for objects)	kalt (Wetter – wird nicht für Objekte verwendet)
cold drinking water	kaltes Trinkwasser
cold to the touch	kalt anzufassen
cold wind	kalter Wind
cold; frost; chill	kalt; Frost; chillen
collaborate	zusammenarbeiten
collaboration	Zusammenarbeit
collapse	Zusammenbruch
colleague	Kollege
collect	sammeln
collecting	sammeln
collection	Sammlung
collection; recovery	Sammlung; Erholung
collective	kollektiv
collector	Sammler
college	Hochschule
college student	Student
college; university	Hochschule; Universität
collision	Kollision
collision; conflict	Kollision; Konflikt
colonial	kolonial
colony	Kolonie
color	Farbe
colorful	bunt
colors; paints	Farben; Farben
colour	Farbe
coloured	gefärbt
colourful	bunt
column	Spalte
column of text (e.g. as in a newspaper)	Textspalte (z. B. wie in einer Zeitung)
column; beam; digit	Spalte; Strahl; Ziffer
columnist	Kolumnist
comb	Kamm
combat	Kampf
combination	Kombination
combination; incorporation; union; amalgamation	Kombination; Eingliederung; Union; Zusammenschluss
combination; union	Kombination; Gewerkschaft
combine	kombinieren
come	komm
come across	rüberkommen
come in	komm rein
come up with	kommen Sie mit
comedy	Komödie
comedy; funny show	Komödie; lustige Show
comfort	Komfort
comfort; ease	Komfort; Leichtigkeit
comfortable	bequem
comic	komisch
comic book	Comic-Buch
coming from	kommt von
coming into existence; arrangements; establishment; completion	entstehen; Arrangements; Gründung; Fertigstellung
coming to the office	ins Büro kommen
command	Befehl
command; decree; life; destiny	Befehl; Dekret; Leben; Schicksal
commander	Kommandant
commemoration; memory	Gedenken; Erinnerung
commence	beginnen
comment	Kommentar
commentary	Kommentar
commentator	Kommentator
commerce	Handel
commerce; trade; business	Handel; Handel; Geschäft
commercial	kommerziell
commission	Provision
commissioner	Kommissar
commit	begehen
commitment	Engagement
committee	Ausschuss
committee member	Ausschussmitglied
commodity	Ware
commodity; article of commerce; goods; stock; merchandise	Ware; Handelsartikel; Waren; Aktie; Waren
commodity; foodstuff	Ware; Lebensmittel
common	häufig
common sense	gesunder Menschenverstand
common; commonplace; ordinary; mediocre	häufig; alltäglich; normal; mittelmäßig
common; customary	häufig; üblich
commonly	häufig
commonness; community	Gemeinsamkeit; Gemeinschaft
communicate	kommunizieren
communication	Kommunikation
communism	Kommunismus
communist	kommunistisch
community	Gemeinschaft
commuter pass; season ticket	Pendlerausweis; Dauerkarte
commuting to school	zur Schule pendeln
commuting to work	zur Arbeit pendeln
companion	Begleiter
companion / peer	Begleiter / Gleichgesinnter
companion; company	Begleiter; Begleiter; Unternehmen
companion; partner; company	Begleiter; Begleiter; Partner; Unternehmen
company	Unternehmen
company employee	Mitarbeiter des Unternehmens
company president	Firmenpräsident
company; fellow; colleague; associate	Unternehmen; Gefährte; Kollege; assoziiert
company; friendship; association; society; acquaintance	Unternehmen; Freundschaft; Verein; Gesellschaft; Bekanntschaft
comparable	vergleichbar
comparative	vergleichend
comparatively	vergleichsweise
comparatively; relatively	vergleichsweise; relativ
compare	vergleichen
compared with ...	verglichen mit ...
comparison	Vergleich
compassion	Mitgefühl
compel	zwingen
compelling	überzeugend
compensate	kompensieren
compensation	Entschädigung
compete	konkurrieren
competence	Kompetenz
competent	kompetent
competition	Wettbewerb
competitive	konkurrenzfähig
competitor	Konkurrent
compile	kompilieren
complain	beschweren
complaint	Beschwerde
complaint; discontent; dissatisfaction	Beschwerde; Beschwerde; Unzufriedenheit; Unzufriedenheit
complaint; troubles; objection	Beschwerde; Beschwerde; Probleme; Einspruch
complement	Ergänzung
complete	abgeschlossen
complete change; about-face	völlige Veränderung; Kehrtwende
complete works	Gesamtwerke
completely	völlig
completely alike	völlig gleich
completely in the dark	völlig im Dunkeln
completely; perfectly; just as if	vollständig; perfekt; als ob
completion	Fertigstellung
completion / end	Abschluss/Ende
completion; conclusion	Abschluss; Fazit
complex	komplex
complexion	Teint
complexity	Komplexität
complexity; complication	Komplexität; Komplikation
compliance	Compliance
complicated	kompliziert
complication	Komplikation
comply	einhalten
component	Komponente
compose	komponieren
composer	Komponist
composition	Zusammensetzung
composition / structure	Zusammensetzung / Struktur
composition; setting (of music)	Zusammensetzung; Vertonung (von Musik)
composition; writing	Zusammensetzung; Schreiben
compound	Verbindung
comprehensive	umfassend
compression; condensation; pressure	Komprimierung; Kondensation; Druck
comprise	umfassen
compromise	Kompromiss
compulsory	obligatorisch
compute	berechnen
computer	Computer
conceal	verbergen
concede	zugeben
conceive	begreifen
concentrate	konzentrieren
concentration	Konzentration
concentration; brightness	Konzentration; Helligkeit
concentration; focusing the mind	Konzentration; den Geist fokussieren
concept	Konzept
conception	Konzeption
conception / plan	Konzeption / Plan
concern	Sorge
concern; interest	Besorgnis; Interesse
concerned	besorgt
concerning	betreffend
concert	Konzert
concession	Zugeständnis
conclude	schließen
conclusion	Fazit
conclusion; decision	Fazit; Entscheidung
concrete	Beton
concrete; tangible; material	Beton; greifbar; Material
condemn	verurteilen
condiment; seasoning	Gewürz; Gewürz
condition	Zustand
condition / terms	Zustand / Bedingungen
condition; health	Zustand; Gesundheit
condition; situation; circumstances; state	Zustand; Situation; Umstände; Staat
condition; situation; prospects	Zustand; Situation; Aussichten
condition; state; business (condition)	Zustand; Zustand; Geschäft (Zustand)
conditions; terms	Bedingungen; Begriffe
conduct	Verhalten
confer	verleihen
conference	Konferenz
conference; consultation; discussion; negotiation	Konferenz; Beratung; Diskussion; Verhandlung
confess	gestehen
confession	Geständnis
confidence	Vertrauen
confidence; dependence; credit; faith	Vertrauen; Abhängigkeit; Kredit; Glaube
confident	zuversichtlich
configuration	Konfiguration
confine	begrenzen
confirm	bestätigen
confirmation	Bestätigung
conflagration; fire	Feuersbrunst; Feuer
conflate	verschmelzen
conflict	Konflikt
confluence; union; linking up; merge	Zusammenfluss; Union; verknüpfen; verschmelzen
confront	konfrontieren
confrontation	Konfrontation
confrontation; opposition; antagonism	Konfrontation; Opposition; Antagonismus
confuse	verwirren
confused	verwirrt
confusing	verwirrend
confusion	Verwirrung
confusion; congestion	Verwirrung; Stau
congestion (e.g. traffic); delay; stagnation	Stau (z. B. Verkehr); Verzögerung; Stagnation
congratulate	gratuliere
congratulation	Glückwunsch
congratulations	Herzlichen Glückwunsch
congregation	Gemeinde
congressional	Kongress
conjecture	Vermutung
conjugation; practical use	Konjugation; praktischer Nutzen
connect	verbinden
connected	verbunden
connection	Verbindung
connection; link; relationship	Verbindung; Link; Beziehung
connection; relation	Verbindung; Beziehung
conquer	erobern
conscience	Gewissen
conscious	bewusst
consciousness	Bewusstsein
consciousness; senses	Bewusstsein; Sinne
consecutive	aufeinanderfolgend
consensus	Konsens
consent	Zustimmung
consent; acceptance; assent; admitting	Zustimmung; Annahme; Zustimmung; zugeben
consent; assent; understanding	Zustimmung; Zustimmung; Verständnis
consequence	Konsequenz
consequently	folglich
conservation	Erhaltung
conservative	konservativ
conserve	konservieren
consider	überlegen
considerable	beträchtlich
considerable; great; important; significant; a big deal	beträchtlich; Großartig; wichtig; bedeutsam; eine große Sache
considerably	erheblich
considerably; fairly; quite	beträchtlich; ziemlich; ganz
considerably; greatly; a lot	erheblich; stark; viel
consideration	Rücksichtnahme
consideration / study	Überlegung / Studium
consideration; examination; investigation; study; scrutiny	Rücksichtnahme; Prüfung; Untersuchung; Studie; Prüfung
consideration; taking into account	Rücksichtnahme; berücksichtigen
consign (goods (for sale) to a firm); entrust (person with something); commit	(Waren (zum Verkauf) an eine Firma versenden); (einer Person etwas anvertrauen); begehen
consist	bestehen
consistency	Konsistenz
consistent	konsistent
consistently	konsequent
consolidate	konsolidieren
conspiracy	Verschwörung
constant	konstant
constantly	ständig
constituency	Wahlkreis
constitute	bilden
constitution	Verfassung
constitutional	verfassungsgemäß
constraint	Einschränkung
construct	konstruieren
construction	Bau
construction work	Bauarbeiten
construction; architecture	Bauwesen; Architektur
construction; establishment	Bauwesen; Einrichtung
construe	konstruieren
consul	Konsul
consult	konsultieren
consultant	Berater
consultation	Beratung
consultation; discussion	Beratung; Diskussion
consume	konsumieren
consumer	Verbraucher
consumption	Verbrauch
consumption; expenditure	Konsum; Ausgaben
contact	Kontakt
contact lenses	Kontaktlinsen
contagion	Ansteckung
contain	enthalten
container	Behälter
container; case; receptacle	Behälter; Fall; Behälter
container; vessel	Behälter; Schiff
contemplate	nachdenken
contemplation	Kontemplation
contemporary	zeitgenössisch
contempt	Verachtung
contend	bestreiten
contender	Anwärter
content	Inhalt
contention	Streit
contentious	umstritten
contents; interior; substance; filling; (sword) blade	Inhalte; Innere; Substanz; Füllung; (Schwert) Klinge
contest	Wettbewerb
context	Kontext
continent	Kontinent
continually	kontinuierlich
continuation	Fortsetzung
continue	weitermachen
continuous	kontinuierlich
continuously; from beginning to end	kontinuierlich; Von Anfang bis Ende
contract	Vertrag
contract document	Vertragsdokument
contract; compact; agreement	Vertrag; kompakt; Vereinbarung
contractor	Auftragnehmer
contradict	widersprechen
contradiction	Widerspruch
contradiction; inconsistency	Widerspruch; Inkonsistenz
contrary	Gegenteil
contrary to	im Gegensatz zu
contrast	Kontrast
contrast; antithesis; comparison	Kontrast; Antithese; Vergleich
contribute	beitragen
contribution	Beitrag
contribution; donation	Beitrag; Spende
contribution; service	Beitrag; Dienst
contribution; services	Beitrag; Dienstleistungen
contributor	Mitwirkender
control	Kontrolle
control / management	Kontrolle/Management
control; management (e.g. of a business)	Kontrolle; Führung (z.B. eines Unternehmens)
controversial	umstritten
controversy	Kontroverse
controversy; dispute	Kontroverse; Streit
convenience	Bequemlichkeit
convenience store	Supermarkt
convenient	praktisch
convention	Konvention
convention; tournament; mass meeting; rally	Konvention; Turnier; Massenversammlung; Kundgebung
conventional	konventionell
convergence	Konvergenz
conversation	Gespräch
conversation; conference; discussion; interview	Gespräch; Konferenz; Diskussion; Interview
conversely	umgekehrt
conversion	Konvertierung
conversion; change; exchange	Konvertierung; ändern; Austausch
convert	konvertieren
convey	vermitteln
convict	Sträfling
conviction	Überzeugung
conviction; confidence	Überzeugung; Vertrauen
convince	überzeugen
convinced	überzeugt
convincing	überzeugend
cook	kochen
cooked rice; meal	gekochter Reis; Mahlzeit
cooker	Herd
cookie	Keks
cooking	kochen
cooking; culinary arts	Kochen; Kochkunst
cool	cool
cool (weather)	kühl (Wetter)
coolness; calmness; composure; unconcern	Kühle; Ruhe; Gelassenheit; Unbekümmertheit
cooperate	kooperieren
cooperation	Zusammenarbeit
cooperation; association; collaboration; joint	Zusammenarbeit; Verein; Zusammenarbeit; Gelenk
cooperation; collaboration	Zusammenarbeit; Zusammenarbeit
cooperative	kooperativ
coordinate	koordinieren
coordination	Koordination
coordinator	Koordinator
cop	Polizist
cope	bewältigen
copper	Kupfer
copy	kopieren
copy; duplicate	kopieren; Duplikat
copyright	Urheberrecht
core	Kern
core; heart	Kern; Herz
core; heart; wick; marrow	Kern; Herz; Docht; Mark
corner	Ecke
corner; nook	Ecke; Ecke
corporate	Unternehmen
corporation	Unternehmen
corpse	Leiche
correct	richtig
correction	Korrektur
correctly	richtig
correlate	korrelieren
correlation	Korrelation
correspond	entsprechen
correspondence	Korrespondenz
correspondence; communication; news; signal	Korrespondenz; Kommunikation; Nachricht; Signal
correspondent	Korrespondent
corresponding	entsprechend
corresponding; answering to; coming under	entsprechend; antworten auf; unterkommen
corridor	Korridor
corroborate	bestätigen
corroboration	Bestätigung
corrupt	korrupt
corruption	Korruption
cost	Kosten
cost of fuel and light	Kosten für Treibstoff und Licht
cost; expense	Kosten; Aufwand
costly	teuer
costume	Kostüm
cottage	Hütte
cotton	Baumwolle
cotton; padding	Baumwolle; Polsterung
cough	Husten
could	könnte
could you please?	Könnten Sie bitte?
council	Rat
councillor	Stadtrat
counselling	Beratung
counsellor	Berater
count	zählen
counter	Zähler
counter for birds; counter for rabbits	Zähler für Vögel; Theke für Kaninchen
counter for chapters (of a book)	Zähler für Kapitel (eines Buches)
counter for houses	Zähler für Häuser
counter for occurrences	Zähler für Ereignisse
counter-plan; counter-measure	Gegenplan; Gegenmaßnahme
counterpart	Gegenstück
countless	unzählige
countless number; infinite number	unzählige Zahl; unendliche Zahl
country	Land
country-wide; nation-wide; whole country; national	landesweit; bundesweit; ganzes Land; national
country; district	Land; Bezirk
country; place of origin	Land; Herkunftsort
countryside	Landschaft
county	Landkreis
coup	Putsch
couple	Paar
coupon	Gutschein
courage	Mut
courage; bravery; valour; nerve; boldness	Mut; Tapferkeit; Tapferkeit; Nerv; Kühnheit
course	natürlich
course; curriculum	Kurs; Lehrplan
course; direction; compass bearing	Kurs; Richtung; Kompasspeilung
course; route; channel	Kurs; Route; Kanal
court	Gericht
court lady; lady in waiting	Hofdame; wartende Dame
courtesy	Höflichkeit
cousin	Cousin
cousin (female)	Cousine (weiblich)
cousin (male)	Cousin (männlich)
cover	Abdeckung
cover; lid; cap	Abdeckung; Deckel; Kappe
coverage	Abdeckung
covered	abgedeckt
cow	Kuh
cowardice; meanness; unfairness	Feigheit; Gemeinheit; Ungerechtigkeit
cowardice; timidity	Feigheit; Schüchternheit
cowardly	feige
coworker; colleague; associate	Kollege; Kollege; assoziiert
crab	Krabbe
crack	knacken
craft	Handwerk
cram school	Nachhilfeschule
crash	Absturz
crawl	kriechen
crazy	verrückt
cream	Sahne
create	erstellen
creation	Schöpfung
creative	kreativ
creativity	Kreativität
creator	Schöpfer
creature	Kreatur
credibility	Glaubwürdigkeit
credible	glaubwürdig
credit	Kredit
credit / claim	Kredit / Forderung
credit card	Kreditkarte
creep	kriechen
crevice; crack; gap; opening	Spalte; Riss; Lücke; Eröffnung
crew	Besatzung
crime	Verbrechen
crime; fault; indiscretion	Kriminalität; Fehler; Indiskretion
criminal	kriminell
criminal case; (police) detective	Kriminalfall; (Polizei-)Detektiv
crimson	purpurrot
crisis	Krise
criteria	Kriterien
criterion	Kriterium
criterion; aim	Kriterium; Ziel
critic	Kritiker
critical	kritisch
critically	kritisch
criticism	Kritik
criticism; critique	Kritik; Kritik
criticism; judgement; comment	Kritik; Urteil; Kommentar
criticism; review; commentary	Kritik; Rezension; Kommentar
criticize	kritisieren
critique	Kritik
crocodile	Krokodil
crop	Ernte
cross	Kreuz
crossing	Kreuzung
crowd	Menschenmenge
crowd of people	Menschenmenge
crowded	überfüllt
crown	Krone
crown; diadem; first; best	Krone; Diadem; Erste; am besten
crown; diadem; first; best; peerless; cap; naming; designating; initiating on coming of age; top character ra	Krone; Diadem; Erste; am besten; unvergleichlich; Kappe; Benennung; bezeichnend; Beginn beim Erwachsenwerden; Top Charakter Ra
crucial	entscheidend
crude	grob
crude oil	Rohöl
crude; rough; plain; humble	roh; rauh; schmucklos; bescheiden
cruel	grausam
cruise	Kreuzfahrt
crush	zerquetschen
cry	Weinen
crystal	Kristall
crystal; crystallization	Kristall; Kristallisation
cucumber	Gurke
cue	Stichwort
cuisine	Küche
culmination	Höhepunkt
cult	Kult
cultivate	kultivieren
cultural	kulturell
culture	Kultur
culture; education; refinement; cultivation	Kultur; Ausbildung; Verfeinerung; Anbau
cup	Tasse
cupboard	Schrank
cupboard; locker; closet; wardrobe	Schrank; Schließfach; Kleiderschrank; Kleiderschrank
cure	heilen
curiosity	Neugier
curious	neugierig
curly	lockig
currency	Währung
current	aktuell
current situation	aktuelle Situation
currently	derzeit
curriculum	Lehrplan
curry	Curry
curtain	Vorhang
curtain; bunting; act (in play)	Vorhang; Ammer; handeln (im Spiel)
curve	Kurve
curved	gebogen
cushion (Japanese)	Kissen (Japanisch)
custody	Sorgerecht
custom	Brauch
custom; manners	Brauch; Manieren
custom; precedent; of convention	Brauch; Präzedenzfall; der Konvention
customary practice; habit; traditional event	übliche Praxis; Gewohnheit; traditionelle Veranstaltung
customer	Kunde
customer / client	Kunde/Auftraggeber
customer / guest	Kunde/Gast
customs	Zoll
customs house	Zollhaus
customs; duty; tariff	Zoll; Pflicht; Tarif
cut	schneiden
cut down on	reduzieren
cute	süß
cutting	schneiden
cycle	Zyklus
cynical	zynisch
cynicism; sarcasm	Zynismus; Sarkasmus
dad	Papa
daily	täglich
daily lesson; daily work; daily routine	täglicher Unterricht; tägliche Arbeit; Alltag
daily necessities	täglichen Bedarfs
dairy	Milchprodukte
dam	verdammt
damage	Schaden
damage; injury; loss	Schaden; Verletzung; Verlust
damaging	schädlich
dance	tanzen
dancer	Tänzer
dancing	tanzen
danger	Gefahr
dangerous	gefährlich
dangerous; critical; grave	gefährlich; kritisch; Grab
dangerous; disturbed; insecure	gefährlich; gestört; unsicher
dare	wagen
dare (to do); challenge (to do)	wagen (zu tun); Herausforderung (zu erledigen)
dare to	trau dich
dare to / deliberately	es wagen / absichtlich
dark	dunkel
dark (color)	dunkel (Farbe)
dark brown	dunkelbraun
darkness	Dunkelheit
darkness; the dark; black-marketeering; dark; shady; illegal	Dunkelheit; die Dunkelheit; Schwarzhandel; dunkel; schattig; illegal
data	Daten
data set	Datensatz
database	Datenbank
date	Datum
date (of month)	Datum (des Monats)
date (romantic, not calendar)	Datum (romantisch, kein Kalender)
date and time	Datum und Uhrzeit
date of birth	Geburtsdatum
date of implementation	Datum der Umsetzung
date; dating	Datum; Dating
daughter	Tochter
daughter-in-law	Schwiegertochter
daughter; young lady; virgin; maiden; little girl	Tochter; junge Dame; Jungfrau; Mädchen; kleines Mädchen
dawn	Morgendämmerung
dawn; daybreak	Morgendämmerung; Tagesanbruch
day	Tag
day / date	Tag / Datum
day / sun	Tag / Sonne
day after tomorrow	übermorgen
day before yesterday	vorgestern
day of the week	Tag der Woche
day off / holiday	freier Tag / Feiertag
day off, break	freier Tag, Pause
day trip	Tagesausflug
day; sun	Tag; Sonne
daydream; fantasy; fancy; vision	Tagtraum; Fantasie; schick; Vision
days pass	Tage vergehen
daytime	tagsüber
daytime; broad daylight	tagsüber; helllichter Tag
daytime; during the day	tagsüber; tagsüber
daze; (in a) trance; ecstasy; delirium; engrossment	Benommenheit; (in a) Trance; Ekstase; Delirium; Vertiefung
dead	tot
deadline	Frist
deadly	tödlich
deal	Deal
deal with	beschäftigen
dealer	Händler
dear	Liebling
dear; desired; missed	Liebling; gewünscht; verpasst
death	Tod
death; mortality	Tod; Sterblichkeit
debatable	umstritten
debate	Debatte
debris	Trümmer
debt	Schulden
debt; loan; liabilities	Schulden; Darlehen; Verbindlichkeiten
debut	Debüt
decade	Jahrzehnt
decent	anständig
decide	entscheiden
decipher	entziffern
decision	Entscheidung
decision of a contest; finals (in sports)	Entscheidung eines Wettbewerbs; Finale (im Sport)
decision-making	Entscheidungsfindung
decision; determination	Entscheidung; Bestimmung
decisive	entscheidend
deck	Deck
declaration	Erklärung
declaration; hearsay	Erklärung; Hörensagen
declare	erklären
decline	Niedergang
decorate	dekorieren
decoration	Dekoration
decrease	abnehmen
decrease; reduction; decline	abnehmen; Reduktion; Niedergang
dedicated	gewidmet
dedication	Hingabe
deduce	ableiten
deduction	Abzug
deduction; subtraction; balance; ebb and flow; rise and fall	Abzug; Subtraktion; Gleichgewicht; Ebbe und Flut; Aufstieg und Fall
deed	Tat
deem	denken
deep	tief
deep blue; ghastly pale	tiefblau; grässlich blass
deep emotion; impression; inspiration	tiefe Emotion; Eindruck; Inspiration
deep feeling; inexpressible feeling; filled with emotion	tiefes Gefühl; unaussprechliches Gefühl; voller Emotionen
deep red; flushed (of face)	tiefrot; gerötet (im Gesicht)
deeply	zutiefst
deeply grateful	zutiefst dankbar
deer	Hirsch
default	Standard
defeat	Niederlage
defeat; loss; losing (a game)	Niederlage; Verlust; (ein Spiel) verlieren
defect	Defekt
defect; fault; deficiency	Defekt; Fehler; Mangel
defect; flaw; blemish; weak point	Defekt; Mangel; Makel; Schwachstelle
defence	Verteidigung
defend	verteidigen
defendant	Angeklagter
defender	Verteidiger
defense; guard; policing; security	Verteidigung; bewachen; Polizeiarbeit; Sicherheit
defensive	defensiv
deficiency	Mangel
deficit	Defizit
define	definieren
definite	definitiv
definitely	auf jeden Fall
definition	Definition
definition (math); decision; settlement	Definition (Mathematik); Entscheidung; Siedlung
deflation	Deflation
deforestation	Abholzung
deft	geschickt
defy	trotzen
degree	Abschluss
degree; amount; grade; standard; of the order of (following a number)	Abschluss; Menge; Grad; Standard; in der Größenordnung von (nach einer Zahl)
degree; extent; bounds; limit	Abschluss; Ausmaß; Grenzen; Grenze
degrees	Grad
delay	Verzögerung
delegate	delegieren
delegation	Delegation
delete	löschen
deliberate	absichtlich
deliberately	absichtlich
delicate	zart
delicate; subtle	zart; subtil
delicious	köstlich
delight	Freude
delighted	begeistert
delineate	abgrenzen
deliver	liefern
delivering; furnishing (with copies)	liefern; Möblierung (mit Kopien)
delivery	Lieferung
delivery; distribution	Lieferung; Verteilung
demand	Nachfrage
demand; request	Nachfrage; Anfrage
democracy	Demokratie
democratic	demokratisch
demographics	Demografie
demon	Dämon
demonstrate	demonstrieren
demonstration	Demonstration
denial	Verleugnung
denial; veto; rejection; refusal	Verleugnung; Veto; Ablehnung; Ablehnung
denounce	anprangern
dense	dicht
density	Dichte
dentifrice; toothpaste	Zahnputzmittel; Zahnpasta
dentist	Zahnarzt
deny	leugnen
depart	abfahren
department	Abteilung
department head	Abteilungsleiter
department manager	Abteilungsleiter
department of a university; undergraduate	Abteilung einer Universität; Bachelor
department store	Kaufhaus
department; section	Abteilung; Abschnitt
departure	Abreise
departure of a vehicle	Abfahrt eines Fahrzeugs
depend	abhängen
dependence	Abhängigkeit
dependence; dependent; reliance	Abhängigkeit; abhängig; Vertrauen
dependent	abhängig
depending on	je nachdem
depending on / by	abhängig von / von
depict	darstellen
deploy	bereitstellen
deployment	Bereitstellung
depopulation	Entvölkerung
deposit	Anzahlung
deprecate	ablehnen
depressed	deprimiert
depressing	deprimierend
depression	Depression
deprive	berauben
depth	Tiefe
deputy	Stellvertreter
derailment; digression	Entgleisung; Exkurs
derive	ableiten
descend	absteigen
descendants; posterity; offspring	Nachkommen; Nachwelt; Nachkommen
descent	Abstieg
describe	beschreiben
describing; descriptor	beschreibend; Deskriptor
description	Beschreibung
desert	Wüste
deserve	verdienen
design	Design
designate	bezeichnen
designation; specification; assignment; pointing at	Bezeichnung; Spezifikation; Abtretung; zeigt auf
designer	Designer
desirable	wünschenswert
desire	Wunsch
desire; wish; request	Verlangen; Wunsch; Anfrage
desk	Schreibtisch
desktop	Desktop
desperate	verzweifelt
desperately	verzweifelt
despite	trotz
despotism; autocracy	Despotismus; Autokratie
dessert	Nachtisch
destination	Ziel
destroy	zerstören
destruction	Zerstörung
destruction; extinction	Zerstörung; Aussterben
destructive	destruktiv
detail	Detail
detailed	detailliert
details	Details
detain	festhalten
detect	erkennen
detection	Erkennung
detective	Detektiv
detention	Inhaftierung
detergent; washing material	Waschmittel; Waschmaterial
deteriorate	verschlechtern
deterioration; changing for the worse	Verschlechterung; sich zum Schlechteren verändern
deterioration; growing worse; aggravation; degeneration; corruption	Verschlechterung; wird schlimmer; Verschlimmerung; Degeneration; Korruption
determination	Entschlossenheit
determination; resolution	Entschlossenheit; Auflösung
determine	bestimmen
determined	bestimmt
determinism	Determinismus
detestable; disagreeable	abscheulich; unangenehm
detour	Umweg
detour / long way	Umweg / langer Weg
detour; roundabout way	Umweg; Umweg
devastate	verheerend
develop	entwickeln
develop; expansion (opposite of compression)	entwickeln; Expansion (Gegenteil von Kompression)
developing (film)	entwickeln (Film)
development	Entwicklung
development / expansion	Entwicklung / Erweiterung
development; exploitation	Entwicklung; Ausbeutung
development; growth	Entwicklung; Wachstum
device	Gerät
device / apparatus	Gerät/Apparat
devil	Teufel
devil; demon; evil spirit	Teufel; Dämon; böser Geist
devise	entwerfen
devote	widmen
diagnose	diagnostizieren
diagnosis	Diagnose
diagram	Diagramm
dialect	Dialekt
dialogue	Dialog
diameter	Durchmesser
diamond	Diamant
diaper; nappy	Windel; Windel
diarrhea	Durchfall
diarrhoea	Durchfall
diary	Tagebuch
dictate	diktieren
dictation	Diktat
dictator	Diktator
dictionary	Wörterbuch
die	sterben
diet	Diät
differ	unterscheiden sich
difference	Unterschied
difference; discrepancy	Unterschied; Diskrepanz
difference; discrepancy; variation	Unterschied; Diskrepanz; Variation
difference; variation	Unterschied; Variation
different	anders
different opinion; objection	andere Meinung; Einspruch
differentiate	differenzieren
differently	anders
difficult	schwierig
difficulty	Schwierigkeit
difficulty; distress	Schwierigkeit; Not
diffidence; restraint; reserve	Zurückhaltung; Zurückhaltung; reservieren
diffusion; spread	Verbreitung; verbreiten
dig	graben
digestion	Verdauung
digital	digital
dignity	Würde
dilemma	Dilemma
diligent; serious; honest	fleißig; ernst; ehrlich
dim; gloomy	dunkel; düster
dimension	Dimension
diminish	verringern
dining hall	Speisesaal
dining room	Esszimmer
dining table	Esstisch
dinner	Abendessen
dinner (formal)	Abendessen (formell)
dip	tauchen
diploma	Diplom
diplomacy	Diplomatie
diplomat	Diplomat
diplomatic	diplomatisch
direct	direkt
direct communication	direkte Kommunikation
direct current	Gleichstrom
direct; immediate; personal; firsthand	direkt; sofort; persönlich; aus erster Hand
directing arrow	Richtungspfeil
direction	Richtung
direction; course; way	Richtung; Kurs; Weg
direction; district; field (e.g.; of study)	Richtung; Bezirk; Fachgebiet (z.B. des Studiums)
direction; situation; exposure; aspect; suitability	Richtung; Situation; Belichtung; Aspekt; Eignung
direction; way; compass point	Richtung; Weg; Kompasspunkt
directions	Wegbeschreibungen
directly	direkt
director	Regisseur
director; high executive	Regisseur; hohe Führungskraft
directory	Verzeichnis
dirt	Schmutz
dirt; filth	Schmutz; Dreck
dirty	schmutzig
disability	Behinderung
disability / obstacle	Behinderung / Hindernis
disabled	deaktiviert
disadvantage	Nachteil
disadvantage; handicap; unfavorable; drawback	Nachteil; Behinderung; ungünstig; Nachteil
disagree	nicht einverstanden
disagreement	Meinungsverschiedenheit
disappear	verschwinden
disappoint	enttäuschen
disappointed	enttäuscht
disappointed love; broken heart; unrequited love; be lovelorn	enttäuschte Liebe; gebrochenes Herz; unerwiderte Liebe; Sei verliebt
disappointing	enttäuschend
disappointment	Enttäuschung
disappointment; despair	Enttäuschung; Verzweiflung
disaster	Katastrophe
disaster prevention	Katastrophenvorsorge
disastrous	katastrophal
disc	Scheibe
discard	verwerfen
discerning	anspruchsvoll
discharge	Entladung
discipline	Disziplin
disclose	offenbaren
disclosure	Offenlegung
disco	Disco
discomfort; disability; inconvenience; destitution	Unbehagen; Behinderung; Unannehmlichkeit; Armut
discount	Rabatt
discount coupon	Rabattgutschein
discount; reduction; rebate	Rabatt; Reduktion; Rabatt
discount; reduction; rebate; tenths discounted	Rabatt; Reduktion; Rabatt; Zehntel ermäßigt
discourage	entmutigen
discourse	Diskurs
discover	entdecken
discovery	Entdeckung
discovery; detection; finding	Entdeckung; Erkennung; finden
discrepancy	Diskrepanz
discretion	Diskretion
discretion; prudence	Diskretion; Vorsicht
discrimination	Diskriminierung
discrimination; distinction; differentiation	Diskriminierung; Unterscheidung; Differenzierung
discuss	besprechen
discussion	Diskussion
discussion; conference	Diskussion; Konferenz
disease	Krankheit
disgusted with; to dislike	angewidert von; nicht mögen
dish	Gericht
dishonest	unehrlich
disinfection; sterilization	Desinfektion; Sterilisation
disk	Festplatte
dislike	nicht mögen
dislike, hate	Abneigung, Hass
dismiss	entlassen
dismissal	Entlassung
disorder	Störung
disorder; chaos; confusion; mayhem	Störung; Chaos; Verwirrung; Chaos
disparage	verunglimpfen
displace	verdrängen
display	Anzeige
disposal	Entsorgung
dispose	entsorgen
disposition	Disposition
disposition; nature	Disposition; Natur
disposition; spirit; willpower; obstinacy; backbone; appetite	Disposition; Geist; Willenskraft; Hartnäckigkeit; Rückgrat; Appetit
dispute	Streit
disregard; ignore	ignorieren; ignorieren
disrupt	stören
disruption	Störung
dissatisfaction; displeasure; discontent; complaints; unhappiness	Unzufriedenheit; Unmut; Unzufriedenheit; Beschwerden; Unglück
dissection; autopsy	Dissektion; Autopsie
disseminate	verbreiten
dissolve	auflösen
distance	Entfernung
distance; range	Entfernung; Bereich
distant	entfernt
distinct	deutlich
distinction	Unterscheidung
distinction by sex; sex; gender	Unterscheidung nach Geschlecht; Sex; Geschlecht
distinction; differentiation; classification	Unterscheidung; Differenzierung; Klassifizierung
distinctive	unverwechselbar
distinguish	unterscheiden
distort	verzerren
distract	ablenken
distress	Not
distribute	verteilen
distribution	Verteilung
district	Bezirk
district; section; sector	Bezirk; Abschnitt; Sektor
disturb	stören
disturbing	beunruhigend
dive	tauchen
divergence	Divergenz
diverse	vielfältig
diversity	Vielfalt
divert	umleiten
divide	teilen
divide; cut; halve; separate; split; rip; break; crack; smash; dilute	teilen; schneiden; halbieren; separate; Teilt; Ruhe in Frieden; brechen; Riss; zerschlagen; verdünnen
dividing; part	teilen; Teil
divine	göttlich
division	Abteilung
division (math)	Division (Mathe)
division into equal parts	Aufteilung in gleiche Teile
division; section; classification	Teilung; Abschnitt; Klassifizierung
division; section; compartment; boundary; area; block	Teilung; Abschnitt; Fach; Grenze; Bereich; blockieren
divorce	Scheidung
divorced	geschieden
do	tun
do you need it?	Brauchst du es?
do you speak English?	sprechen Sie Englisch?
do your best	Gib dein Bestes
doctor	Arzt
doctor; physician	Arzt; Arzt
doctorate; PhD	Doktortitel; Doktortitel
doctrine	Lehre
doctrine; rule; principle	Lehre; Regel; Prinzip
document	Dokument
documentary	Dokumentarfilm
documentation	Dokumentation
documents	Dokumente
documents; official papers	Dokumente; offizielle Papiere
doesn't taste good	schmeckt nicht
dog	Hund
dogma	Dogma
doing (with resolve); carrying out (i.e. a plan)	tun (mit Entschlossenheit); ausführen (d. h. einen Plan)
doll; figure	Puppe; Figur
dollar	Dollar
dollars	Dollar
dolphin	Delphin
domain	Domäne
domestic	inländisch
domestic (in-country)	inländisch (im Inland)
domestic animals; livestock; cattle	Haustiere; Vieh; Rinder
dominance	Dominanz
dominant	dominant
dominate	dominieren
don't look well	Sieht nicht gut aus
donate	spenden
donation	Spende
donation; presentation	Spende; Präsentation
donor	Spender
door	Tür
dormitory	Schlafsaal
dose	Dosis
dot	Punkt
double	doppelt
doubt	Zweifel
doubt; misgivings; distrust; suspicion	Zweifel; Bedenken; Misstrauen; Verdacht
down	unten
down / below	unten / unten
down-train (going away from Tokyo)	Down-Train (von Tokio weg)
download	herunterladen
downpour	Regenguss
downstairs	unten
downtown	Innenstadt
downward; descent; fall; drop; subsidence	nach unten; Abstieg; fallen; fallen; Senkung
downwards	nach unten
dozen	Dutzend
dozing; nodding off	dösen; nickt ein
draft	Entwurf
drag	ziehen
drain	abtropfen lassen
drainage; sewage; ditch; gutter; sewerage	Entwässerung; Abwasser; Graben; Rinne; Kanalisation
drama	Drama
drama; play	Drama; spielen
dramatic	dramatisch
dramatically	dramatisch
dramatization (e.g. film)	Dramatisierung (z. B. Film)
draw	zeichnen
drawer; drawing out	Schublade; herausziehen
drawing	Zeichnung
dream	Traum
dress	Kleid
dressed	gekleidet
dresser / chest	Kommode / Truhe
dried washing (clothes)	getrocknete Wäsche (Kleidung)
drift	driften
drink	trinken
drink!(said repeatedly as a party cheer)	Trink! (wiederholt als Partyjubel gesagt)
drive	fahren
driver	Fahrer
driving	fahren
drop	fallen lassen
drop of water	Tropfen Wasser
drought	Dürre
drown	ertrinken
drug	Droge
drum	Trommel
drum; tambourine	Trommel; Tamburin
drums	Schlagzeug
drunk	betrunken
drunkard	Trunkenbold
dry	trocken
dry cell; battery	Trockenzelle; Batterie
dry; arid; insipid; dehydrated	trocken; trocken; fade; dehydriert
dual	dual
dual income	Doppeltes Einkommen
dub	Dub
duck	Ente
due	fällig
due form; official; formality	ordnungsgemäße Form; Beamter; Formalität
due to	aufgrund
dull	langweilig
dull (e.g. a knife); thickheaded; slow (opposite of fast); stupid	stumpf (z. B. ein Messer); dickköpfig; langsam (Gegenteil von schnell); dumm
dumb	dumm
dump	Müllkippe
duo	Duo
duration	Dauer
during	während
during / between	während / zwischen
dust	Staub
dust; dirt	Staub; Schmutz
duty	Pflicht
duty / obligation	Pflicht / Verpflichtung
duty / service	Pflicht / Dienst
duty; business	Pflicht; Pflicht; Geschäft
duty; obligation; responsibility	Pflicht; Pflicht; Verpflichtung; Verantwortung
duty; responsibility	Pflicht; Pflicht; Verantwortung
duty; sense of duty; honor; decency; courtesy; debt of gratitude; social obligation	Pflicht; Pflicht; Pflichtgefühl; Ehre; Anstand; Anstand; Schuld der Dankbarkeit; soziale Verpflichtung
dwelling; house; residence; address	Wohnung; Haus; Residenz; Adresse
dynamic	dynamisch
e-mail	E-Mail
each	jeder
each time; common service-sector greeting	jedes Mal; Gemeinsame Begrüßung im Dienstleistungssektor
each; every; either; respectively; severally	jeder; jeder; entweder; jeweils; einzeln
each; individual	jeder; individuell
eager	eifrig
eagle	Adler
ear	Ohr
early	früh
early in the morning	früh am Morgen
earn	verdienen
earnestly	ernsthaft
earnestly; immediately; exactly	ernsthaft; sofort; genau
earnings	Verdienst
earrings	Ohrringe
earth	Erde
earth-shattering; staggering; to a very great extent	weltbewegend; Staffelung; in einem sehr großen Ausmaß
earth; soil	Erde; Boden
earthenware; crockery; china	Steingut; Geschirr; China
earthquake	Erdbeben
ease	Leichtigkeit
easily	leicht
east	Osten
eastern	östlich
eastern half of Japan; including Tokyo	östliche Hälfte Japans; einschließlich Tokio
easy	einfach
easy (problem); kind (person)	einfach (Problem); freundlich (Mensch)
easy / comfortable	einfach / bequem
easy / kind	einfach / freundlich
easy / simple	leicht/einfach
easy to understand	leicht zu verstehen
easy-going	locker
easy; comfortable	einfach; bequem
easy; simple	einfach; einfach
easy; simple; plain	einfach; einfach; schlicht
eat	essen
eaves	Traufe
echo	Echo
echo; sound; reverberation; noise	Echo; Klang; Nachhall; Lärm
eco-friendly	umweltfreundlich
ecological	ökologisch
economic	wirtschaftlich
economics	Wirtschaft
economising; saving	sparsam; sparen
economist	Ökonom
economy	Wirtschaft
edamame	edamame
edge	Kante
edit	bearbeiten
editing; compilation; editorial (e.g. committee)	Bearbeitung; Zusammenstellung; Redaktion (z. B. Ausschuss)
edition	Auflage
editor	Herausgeber
editorial	Leitartikel
editorial; leading article	redaktionell; Leitartikel
educate	erziehen
educated	gebildet
education	Bildung
educational	pädagogisch
educator	Erzieher
effect	Wirkung
effect; effectiveness; efficacy; result	Wirkung; Wirksamkeit; Wirksamkeit; Ergebnis
effect; efficacy; validity; potency	Wirkung; Wirksamkeit; Gültigkeit; Potenz
effect; virtue; efficacy; impression	Wirkung; Tugend; Wirksamkeit; Eindruck
effective	wirksam
effectively	effektiv
effectiveness	Wirksamkeit
efficiency	Effizienz
efficient	effizient
efficiently	effizient
effort	Aufwand
egg	Ei
ego	Ego
eight	acht
eight (counter)	acht (Zähler)
eight (things)	acht (Dinge)
eight days	acht Tage
eight days; eighth day of the month	acht Tage; achten Tag des Monats
eight hundred	achthundert
eight minutes	acht Minuten
eight o'clock	acht Uhr
eighteen	achtzehn
eighth	Achter
eighty	achtzig
either	entweder
elaborate	ausführlich
elbow	Ellenbogen
elderly	ältere Menschen
elderly person	ältere Person
eldest daughter	älteste Tochter
eldest son	ältester Sohn
elect	wählen
election	Wahl
electoral	Wahl
electric	elektrisch
electric current	elektrischer Strom
electric fan	elektrischer Ventilator
electric light	elektrisches Licht
electric power	elektrische Energie
electric train	elektrischer Zug
electrical	elektrisch
electrical resistance; resistance; opposition	elektrischer Widerstand; Widerstand; Opposition
electricity	Strom
electricity / light	Strom / Licht
electricity; electric light	Strom; elektrisches Licht
electro-magnetic wave	elektromagnetische Welle
electron	Elektron
electronic	elektronisch
electronics	Elektronik
elegant	elegant
element	Element
elementary	elementar
elementary level	Grundstufe
elementary school	Grundschule
elementary school student	Grundschüler
elephant	Elefant
elevate	erhöhen
elevation; rise; improvement; advancement; progress	Höhe; erheben; Verbesserung; Förderung; Fortschritt
elevator	Aufzug
eleven	elf
eleven o'clock	elf Uhr
eligible	förderfähig
eliminate	beseitigen
elimination; cancellation; deletion; erasure	Eliminierung; Stornierung; Streichung; Löschung
elite	Elite
ellipse	Ellipse
eloquent	eloquent
else	sonst
elsewhere	anderswo
elucidate	erläutern
email	E-Mail
embarassing; to feel embarassed	peinlich; sich schämen
embark	einschiffen
embarrassed	verlegen
embarrassed / shy	verlegen / schüchtern
embarrassing	peinlich
embarrassment	Peinlichkeit
embassy	Botschaft
embed	einbetten
embodiment; materialization	Verkörperung; Materialisierung
embody	verkörpern
embrace	umarmen
emerald green	Smaragdgrün
emerge	entstehen
emergence	Entstehung
emergency	Notfall
emergency; extraordinary; unusual	Notfall; außergewöhnlich; ungewöhnlich
emigration; immigration; emigrant; immigrant	Auswanderung; Einwanderung; Emigrant; Einwanderer
emission	Emission
emotion	Emotion
emotion(s); feeling(s); sentiment	Emotion(en); Gefühl(e); Gefühl
emotional	emotional
emotionally	emotional
emphasis	Betonung
emphasis; stress; stressed point	Betonung; Stress; betonter Punkt
emphasize	betonen
empire	Reich
empirical	empirisch
employ	beschäftigen
employee	Mitarbeiter
employer	Arbeitgeber
employment	Beschäftigung
employment (long term); hire	Beschäftigung (langfristig); mieten
empower	befähigen
empty	leer
empty / hollow	leer / hohl
empty; vacant; hollow	leer; frei; hohl
enable	aktivieren
enact	erlassen
encapsulate	einkapseln
encompass	umfassen
encounter	Begegnung
encourage	ermutigen
encouragement	Ermutigung
encouraging	ermutigend
end	Ende
end (e.g. of street)	Ende (z. B. einer Straße)
end (e.g. of street); edge; tip; margin; point	Ende (z. B. einer Straße); Rand; Tipp; Marge; Punkt
end of term	Ende des Semesters
end of the month	Ende des Monats
end of this week	Ende dieser Woche
end; close; termination	Ende; schließen; Kündigung
endeavour	Bemühen
ending	Ende
ending; conclusion; union	Ende; Abschluss; Gewerkschaft
endless	endlos
endorse	befürworten
endorsement	Billigung
endurance	Ausdauer
endure	ertragen
enemy	Feind
enemy; rival	Feind; Feind; Rivale
energetic / well	energisch / gut
energy	Energie
energy; liveliness	Energie; Lebendigkeit
enforce	durchsetzen
enforcement	Durchsetzung
enforcement; enact; put into practice; carry out; operation	Durchsetzung; erlassen; in die Praxis umsetzen; durchführen; Betrieb
engage	engagieren
engaged	verlobt
engagement	Engagement
engagement; betrothal	Engagement; Verlobung
engaging	fesselnd
engine	Motor
engineer	Ingenieur
engineer; technician	Ingenieur; Techniker
engineering	Ingenieurwesen
enhance	verbessern
enjoy	genießen
enjoyable	angenehm
enlargement	Erweiterung
enormous	enorm
enormous; vast	enorm; riesig
enough	genug
enquire	erkundigen
enquiry	Anfrage
enquiry; ENQ	Anfrage; ENQ
enquiry; expression of sympathy; expression of concern	Anfrage; Ausdruck des Mitgefühls; Ausdruck der Besorgnis
enrich	bereichern
enrichment	Bereicherung
enrol	einschreiben
ensue	folgen
ensure	sicherstellen
enter	eintreten
enterprise	Unternehmen
enterprise; undertaking	Unternehmen; Unternehmen
entertain	unterhalten
entertaining	unterhaltsam
entertainment	Unterhaltung
enthusiasm	Begeisterung
enthusiast	Enthusiast
enthusiastic	begeistert
entire	ganz
entirely	völlig
entitle	berechtigen
entity	Entität
entrance	Eingang
entrance / entryway	Eingang / Eingangsbereich
entrance exam	Aufnahmeprüfung
entrance; admission; entering	Eingang; Zulassung; eintreten
entrepreneur	Unternehmer
entry	Eintrag
entry (on stage)	Eintritt (auf der Bühne)
entry hall	Eingangshalle
entry to a company	Eintritt in ein Unternehmen
entry to school or university; matriculation	Eintritt in die Schule oder Universität; Immatrikulation
entry; filling in of forms	Eintrag; Ausfüllen von Formularen
enumerate	aufzählen
envelope	Umschlag
envious	neidisch
envious; enviable	neidisch; beneidenswert
environment	Umgebung
environment; circumstance	Umwelt; Umstand
environment; circumstances	Umwelt; Umstände
environmental	Umwelt
epidemic	Epidemie
episode	Folge
epistemology	Erkenntnistheorie
epoch-making	epochal
equal	gleich
equality	Gleichheit
equality (a); impartiality; evenness	Gleichheit (a); Unparteilichkeit; Gleichmäßigkeit
equally	gleichermaßen
equation	Gleichung
equation; formula; ceremony	Gleichung; Formel; Zeremonie
equator	Äquator
equilibrium; balance	Gleichgewicht; Gleichgewicht
equilibrium; balance; average; mean	Gleichgewicht; Gleichgewicht; Durchschnitt; gemein
equip	ausrüsten
equipment	Ausrüstung
equipment; device; facilities; installation	Ausrüstung; Gerät; Einrichtungen; Installation
equipment; installation; apparatus	Ausrüstung; Installation; Apparat
equivalent	Äquivalent
era	Ära
era / period	Ära / Zeitraum
eraser	Radiergummi
erect	aufrichten
errand	Besorgung
error	Fehler
error; blunder; accident	Fehler; Fehler; Unfall
erupt	ausbrechen
eruption	Ausbruch
escalate	eskalieren
escape	Flucht
eschew	meiden
especially	besonders
essay	Aufsatz
essay; composition	Aufsatz; Zusammensetzung
essays; miscellaneous writings	Aufsätze; Verschiedene Schriften
essence	Essenz
essential	wesentlich
essential; fundamental; crucial; vital; main	wesentlich; grundlegend; entscheidend; lebenswichtig; Haupt
essentially	im Wesentlichen
essentially; naturally; by nature	im Wesentlichen; natürlich; von Natur aus
establish	etablieren
established price	festgelegter Preis
establishment	Einrichtung
estate	Nachlass
estimate	Schätzung
estimate; budget	Schätzung; Budget
estimation; quotation	Schätzung; Zitat
et cetera; etc.; and the like	und so weiter; usw.; und dergleichen
eternal	ewig
eternity; perpetuity; immortality	Ewigkeit; Ewigkeit; Unsterblichkeit
eternity; perpetuity; immortality; permanence	Ewigkeit; Ewigkeit; Unsterblichkeit; Beständigkeit
ethic	Ethik
ethical	ethisch
ethics	Ethik
ethnic	ethnisch
ethnic group	ethnische Gruppe
euro	Euro
evacuate	evakuieren
evacuation	Evakuierung
evaluate	bewerten
evaluation	Bewertung
evaporation; unexplained disappearance	Verdunstung; unerklärliches Verschwinden
even	sogar
even number	gerade Zahl
even number; couple; man and wife; friend	gerade Zahl; Paar; Mann und Frau; Freund
even so	trotzdem
evening	Abend
evening / night	Abend/Nacht
evening meal	Abendessen
evening paper	Abendzeitung
evening; night	Abend; Nacht
evenness; uniformity; monotony; equality	Gleichmäßigkeit; Gleichmäßigkeit; Monotonie; Gleichheit
event	Ereignis
event; affair; incident	Ereignis; Affäre; Vorfall
event; festivities; function	Ereignis; Feierlichkeiten; Funktion
event; function	Ereignis; Funktion
eventually	schließlich
eventually / sooner or later	irgendwann / früher oder später
eventually; sooner or later; of the previously mentioned	schließlich; früher oder später; des zuvor Erwähnten
ever	jemals
every	jeder
every day	jeden Tag
every day; daily; day after day	jeden Tag; täglich; Tag für Tag
every kind; all sorts	jede Art; alle möglichen
every month	jeden Monat
every month; common	jeden Monat; häufig
every morning	jeden Morgen
every night	jede Nacht
every other week	jede zweite Woche
every place; various places	jeder Ort; verschiedene Orte
every week	jede Woche
every year	jedes Jahr
everybody	alle
everyday	jeden Tag
everyone	alle
everything	alles
everywhere	überall
evidence	Beweise
evidence-based	evidenzbasiert
evident	offensichtlich
evidently	offensichtlich
evil	böse
evil; wickedness	böse; Bosheit
evoke	hervorrufen
evolution	Entwicklung
evolutionary	evolutionär
evolve	weiterentwickeln
ex-	ex-
exacerbate	verschlimmern
exact	genau
exactly	genau
exactly / neatly	genau / ordentlich
exaggerate	übertreiben
exaggeration	Übertreibung
exam	Prüfung
examination	Prüfung
examination of tickets	Prüfung der Fahrscheine
examination paper; examination script	Prüfungsarbeit; Prüfungsskript
examine	untersuchen
example	Beispiel
example; even if; if; though; although	Beispiel; selbst wenn; Wenn; obwohl; obwohl
example; illustration	Beispiel; Abbildung
example; precedent; the usual; the said; the above-mentioned; (man) in question	Beispiel; Präzedenzfall; das Übliche; das Gesagte; das oben Genannte; (Mann) in Frage
example; specimen	Beispiel; Exemplar
exceed	überschreiten
exceedingly; extremely	außerordentlich; extrem
excellence	Exzellenz
excellent	ausgezeichnet
except	außer
exception	Ausnahme
exceptional	außergewöhnlich
excess	Überschuss
excess; being more than	Überschuss; mehr sein als
excess; over-	Überschuss; über-
excess; superabundance	Überschuss; Überfluss
excessive	übertrieben
exchange	Austausch
exchange; interchange; reciprocity	Austausch; Austausch; Gegenseitigkeit
excited	aufgeregt
excitement	Aufregung
excitement; stimulation; agitation; arousal	Aufregung; Stimulation; Agitation; Erregung
exciting	spannend
exclude	ausschließen
exclusion	Ausschluss
exclusive	exklusiv
exclusively	ausschließlich
excuse	Entschuldigung
excuse me	Entschuldigung
excuse me (leaving)	entschuldigen Sie (gehen)
excuse me / sorry	Entschuldigung / Entschuldigung
excuse me for going first	excuse me for going first
excuse me for leaving first	excuse me for leaving first
excuse; explanation	Entschuldigung; Erklärung
execute	ausführen
execution	Ausführung
executive	Exekutive
exemplify	veranschaulichen
exercise	Übung
exert	anstrengen
exhaustion; consumption	Erschöpfung; Verbrauch
exhibit	Ausstellung
exhibition	Ausstellung
exhibition; demonstration; utilization; display	Ausstellung; Demonstration; Verwendung; Anzeige
exile	Exil
exist	existieren
existence	Existenz
existence; being	Existenz; Sein
existence; being; survival	Existenz; Sein; Überleben
existential	existenziell
exit	Ausgang
exit and entrance	Ausgang und Eingang
exotic	exotisch
expand	erweitern
expansion	Erweiterung
expansion; extension; enlargement; escape (ESC)	Erweiterung; Verlängerung; Erweiterung; Flucht (ESC)
expect	erwarten
expectation	Erwartung
expectation / hope	Erwartung/Hoffnung
expectation; anticipation; hope	Erwartung; Vorwegnahme; Hoffnung
expectation; assume will happen; forecast	Erwartung; annehmen, dass es passieren wird; Prognose
expected	erwartet
expedite	beschleunigen
expedition	Expedition
expenditure	Ausgaben
expenditure; expenses	Ausgaben; Ausgaben
expense	Aufwand
expenses; cost; outlay	Ausgaben; kosten; Aufwand
expensive	teuer
expensive / high	teuer / hoch
expensive / tall	teuer / groß
experience	Erfahrung
experienced	erfahren
experiment	experimentieren
experimental	experimentell
expert	Experte
expert; professional; geisha; prostitute	Experte; Professional; Geisha; Prostituierte
expertise	Fachwissen
expire	verfallen
explain	erklären
explanation	Erklärung
explanation; commentary	Erklärung; Kommentar
explanation; interpretation	Erklärung; Interpretation
explicit	explizit
explicitly	explizit
explode	explodieren
exploit	ausnutzen
exploitation	Ausbeutung
exploration	Erkundung
explore	erkunden
explosion	Explosion
explosion; detonation; eruption	Explosion; Detonation; Ausbruch
explosive	explosiv
export	exportieren
expose	entlarven
exposure	Belichtung
exposure to the sun; sunny place	Sonneneinstrahlung; sonniger Ort
express	ausdrücken
express; special delivery	ausdrücken; Sonderlieferung
expression	Ausdruck
expression (music); conceptualization	Ausdruck (Musik); Konzeptualisierung
expression of gratitude	Ausdruck der Dankbarkeit
expression; presentation; representation (math)	Ausdruck; Präsentation; Darstellung (Mathe)
extend	verlängern
extension	Erweiterung
extension; elongation; prolongation; lengthening	Erweiterung; Verlängerung; Verlängerung; Verlängerung
extensive	umfangreich
extensive; spacious	umfangreich; geräumig
extensively	ausgiebig
extent	Ausmaß
extent; scope; sphere; range	Ausmaß; Umfang; Kugel; Bereich
external	extern
extra	extra
extra; excess; surplus	extra; Überschuss; Überschuss
extract	extrahieren
extracurricular	außerschulisch
extraordinary	außergewöhnlich
extrapolate	extrapolieren
extreme	extrem
extreme; excessive; terrible	extrem; übertrieben; schrecklich
extreme; extremity	extrem; Extremität
extremely	extrem
extremist	extremistisch
eye	Auge
eyeball	Augapfel
eyebrow	Augenbraue
eyelash	Wimpern
fabric	Stoff
fabulous	fabelhaft
face	Gesicht
face; mug; surface; facial features; mask; face guard; side or facet; corner; page	Gesicht; Becher; Oberfläche; Gesichtszüge; Maske; Gesichtsschutz; Seite oder Facette; Ecke; Seite
face; official stance; public position or attitude (as opposed to private thoughts)	Gesicht; offizielle Haltung; öffentliche Position oder Haltung (im Gegensatz zu privaten Gedanken)
facial expression	Gesichtsausdruck
facilitate	erleichtern
facility	Anlage
facing; opposite; across the street; other side	gegenüber; Gegenteil; auf der anderen Straßenseite; andere Seite
fact	Tatsache
fact; truth; reality	Tatsache; Wahrheit; Realität
faction	Fraktion
factor	Faktor
factory	Fabrik
factory worker	Fabrikarbeiter
factory; plant; mill; workshop	Fabrik; Anlage; Mühle; Werkstatt
faculty	Fakultät
fade	verblassen
fail	scheitern
failed	gescheitert
failure	Misserfolg
failure of electricity	Stromausfall
failure; dropping out of a class	Scheitern; einen Kurs abbrechen
failure; mistake	Scheitern; Fehler
fair	fair
fairly	ziemlich
fairness	Gerechtigkeit
fairness; impartial; justice	Fairness; unparteiisch; Gerechtigkeit
fairy tale	Märchen
faith	Glaube
fake	gefälscht
fall	fallen
fall seven times, get up eight	fall seven times, get up eight
fall; decline; lowering; deterioration	fallen; Abfall; Senkung; Verschlechterung
false	falsch
fame	Ruhm
fame; reputation; popularity; arrant	Ruhm; Ruf; Popularität; Arrant
familiar	vertraut
family	Familie
family name; lineage; birth	Nachname; Abstammung; Geburt
famine	Hungersnot
famous	berühmt
famous place	berühmter Ort
famous product; special product; speciality	berühmtes Produkt; spezielles Produkt; Spezialität
fan	Ventilator
fancy	schick
fantastic	fantastisch
fantastically original	fantastisch originell
fantasy	Fantasie
far	weit
far (away)	weit (weg)
far away	weit weg
far from it	weit davon entfernt
fare	Fahrpreis
farewell; send-off	Abschied; Abschied
farm	Bauernhof
farmer	Bauer
farmer; farm family	Bauer; Bauernfamilie
farmers; peasants	Landwirte; Bauern
farming	Landwirtschaft
fascinating	faszinierend
fashion	Mode
fashionable	modisch
fashionable; fad; in vogue; prevailing	modisch; Mode; in Mode; vorherrschend
fast	schnell
fast-talking	schnell reden
fasten	befestigen
fastidious	anspruchsvoll
fat	fett
fat; tallow; lard	Fett; Talg; Schmalz
fatal	tödlich
fate	Schicksal
father	Vater
father and mother; parents	Vater und Mutter; Eltern
fathom	ergründen
faucet; tap	Wasserhahn; tippen
fault	Schuld
fault; error; indiscretion	Schuld; Fehler; Indiskretion
faults; defect; weakness	Fehler; Defekt; Schwäche
favour	Gefallen
favour; obligation; debt of gratitude	Gunst; Verpflichtung; Schuld der Dankbarkeit
favourable	günstig
favourable; doing well; O.K.; all right	günstig; machst gut; OK.; Alles klar
favourable; promising; satisfactory; in good shape	günstig; vielversprechend; befriedigend; in gutem Zustand
favourite	Favorit
fear	Angst
fear; horror	Angst; Horror
feasibility	Machbarkeit
feasible	machbar
feast	Fest
feast; treating (someone)	Fest; (jemanden) behandeln
feat	feat
feather	Feder
feature	Funktion
feature; characteristic	Merkmal; Charakteristisch
federal	föderal
fee	Gebühr
fee; charge; fare	Gebühr; Aufladung; Fahrpreis
feed	füttern
feed; bait	Futter; Köder
feedback	Rückmeldung
feeding	Füttern
feel	fühlen
feel better	fühle mich besser
feeling	Gefühl
feeling awkward; being ashamed	sich unwohl fühlen; sich schämen
feeling; mood	Gefühl; Stimmung
feeling; sense; impression	Gefühl; Sinn; Eindruck
feelings (actual; true)	Gefühle (tatsächlich; wahr)
fellow	Kerl
female	weiblich
female / woman	weiblich / Frau
female nurse	Krankenschwester
feminist	feministisch
fence	Zaun
festival	Fest
festival; feast	Fest; Fest
fever	Fieber
few	wenige
few / little	wenige / wenig
fibre	Faser
fiction	Fiktion
field	Feld
field / meadow	Feld / Wiese
field; plain; prairie; tundra; moor; wilderness	Feld; schmucklos; Prärie; Tundra; Moor; Wildnis
field; sphere; realm; division; branch	Feld; Kugel; Reich; Division; Zweig
fierce	heftig
fifteen	fünfzehn
fifth	Fünfter
fifty	fünfzig
fight	kämpfen
fighting	kämpfen
figure	Figur
figure (e.g. Fig 1); drawing; picture; illustration	Abbildung (z. B. Abb. 1); Zeichnung; Bild; Abbildung
figure out	finde es heraus
figure; shape; appearance	Figur; Form; Aussehen
file	Datei
file; portfolio	Datei; Portfolio
filial piety	kindliche Frömmigkeit
fill	füllen
fill in	ausfüllen
film	Film
film director	Filmregisseur
film-maker	Filmemacher
filter	Filter
filthy; unfair	schmutzig; unfair
final	endgültig
final examination	Abschlussprüfung
finally	endlich
finally / at last	endlich / endlich
finally / in the end	endlich / am Ende
finally; at last	schließlich; endlich
finance	Finanzen
finance; economy	Finanzen; Wirtschaft
financial	finanziell
find	finden
finding	finden
finding a job	einen Job finden
finding employment	Beschäftigung finden
finding employment; inauguration	Beschäftigung finden; Einweihung
fine	gut
finger	Finger
finger ring	Fingerring
fingernail or toenail; claw; talon; hoof	Fingernagel oder Zehennagel; Klaue; Kralle; Huf
finish	beenden
fire	Feuer
fire (disaster)	Feuer (Katastrophe)
fire / blaze	Feuer / Flamme
fire engine	Feuerwehrauto
fire fighting; fire department	Brandbekämpfung; Feuerwehr
fire station	Feuerwache
firearm	Feuerwaffe
firefighter	Feuerwehrmann
firework	Feuerwerk
fireworks	Feuerwerk
firing; shooting; discharge; catapult	feuern; Schießen; Entladung; Katapult
firm	fest
firm; strong	fest; stark
firm; vigorous; unbending; unyielding; strong; stubborn	fest; kräftig; unbeugsam; unnachgiebig; stark; hartnäckig
firmly	fest
firmly / intensely	fest / intensiv
firmly; tightly; reliable; level-headed; steady	fest; dicht; zuverlässig; besonnen; stabil
first	zuerst
first (of all); to start with; about; almost; hardly (with neg. verb)	zuerst (zuallererst); zunächst einmal; um; fast; kaum (mit neg. Verb)
first 10 days of month	ersten 10 Tage des Monats
first 10 days of the month	ersten 10 Tage des Monats
first class; top grade; foremost; top-notch	erste Klasse; Bestnote; vor allem; erstklassig
first of all	zunächst einmal
first year (of a specific reign)	erstes Jahr (einer bestimmten Regierungszeit)
firstly	Erstens
fish	Fisch
fish shop	Fischladen
fisherman	Fischer
fishing	Angeln
fishing (industry)	Fischerei (Industrie)
fishing boat	Fischerboot
fishing village	Fischerdorf
fit	passen
fitness	Fitness
five	fünf
five (counter)	fünf (Zähler)
five (things)	fünf (Dinge)
five days	fünf Tage
five days; fifth day	fünf Tage; fünfter Tag
five hundred	fünfhundert
five minutes	fünf Minuten
five o'clock	fünf Uhr
five people	fünf Personen
fix	reparieren
fixation	Fixierung
fixed	behoben
fixed date; settlement date	fester Termin; Abrechnungsdatum
fixed number of regular personnel; capacity (of boat; etc.)	feste Anzahl an Stammpersonal; Kapazität (des Bootes; etc.)
fixed term	feste Laufzeit
fixed; settled; definite	behoben; erledigt; definitiv
fixed; settled; definite; uniform; regularized; defined; standardized; certain; prescribed	behoben; erledigt; definitiv; Uniform; reguliert; definiert; standardisiert; bestimmt; vorgeschrieben
fixture	Vorrichtung
flag	Flagge
flame	Flamme
flash	Blitz
flat	flach
flatness; level; smooth; calm; plain	Ebenheit; Ebene; glatt; ruhig; schlicht
flattery; compliment	Schmeichelei; Kompliment
flavour	Geschmack
flaw	Fehler
flawed	fehlerhaft
flawless	einwandfrei
flawless / artless	makellos / kunstlos
flee	fliehen
fleet	Flotte
fleeting; transient; short-lived; momentary; vain; fickle; miserable; empty; ephemeral	flüchtig; vorübergehend; kurzlebig; momentan; vergeblich; wankelmütig; miserabel; leer; vergänglich
flesh	Fleisch
flexibility	Flexibilität
flexible	flexibel
flight	Flug
flight attendant	Flugbegleiter
float	schweben
flood	Überschwemmung
floor	Boden
flour	Mehl
flour; meal; powder	Mehl; Mahlzeit; Pulver
flourish	gedeihen
flow	fließen
flower	Blume
flower bed	Blumenbeet
flower shop	Blumenladen
flowers	Blumen
flu	Grippe
fluctuate	schwanken
fluent	fließend
fluid	Flüssigkeit
fluorescent lamp; person who is slow to react	Leuchtstofflampe; Person, die langsam reagiert
flute; pipe	Flöte; Rohr
fly	fliegen
flying	fliegen
focus	Fokus
focus; point	Fokus; Punkt
fog	Nebel
fog; mist	Nebel; Nebel
foggy	neblig
fold	falten
folding	falten
folding fan	Faltfächer
folk	Leute
folk song; popular song	Volkslied; beliebtes Lied
follow	folgen
follow up	weiterverfolgen
following	folgende
fond	gern
fond of; to like	gern; mögen
font of purifying water placed at entrance of shrine	Taufbecken mit reinigendem Wasser am Eingang des Schreins
food	Essen
food; foodstuff	Essen; Lebensmittel
fool	Narr
fool; idiot; trivial matter; folly	Narr; Idiot; triviale Angelegenheit; Torheit
foolish; stupid	dumm; dumm
foot	Fuß
foot / leg	Fuß / Bein
foot; leg	Fuß; Bein
footage	Filmmaterial
football	Fußball
footpath; walkway; sidewalk	Fußweg; Gehweg; Bürgersteig
footprints	Fußabdrücke
for	für
for (10 days); next (year)	für (10 Tage); nächstes (Jahr)
for a long time; all the time	für eine lange Zeit; die ganze Zeit
for example	zum Beispiel
for instance	zum Beispiel
for now	vorerst
for some reason	Aus irgendeinem Grund
for some time	seit einiger Zeit
for that reason	Aus diesem Grund
for the first time	zum ersten Mal
for the present; once; in outline	für die Gegenwart; einmal; im Umriss
for the time being	vorerst
for two to three days	für zwei bis drei Tage
for ~; oriented towards ~	für ~; orientiert an ~
forbearance; tolerance; generosity	Nachsicht; Toleranz; Großzügigkeit
forbid	verbieten
force	Kraft
force; vigor; energy; spirit	Kraft; Kraft; Energie; Geist
forcing; enforcement	zwingen; Durchsetzung
forecast	Prognose
forecast; prediction	Prognose; Vorhersage
forehead	Stirn
forehead; brow	Stirn; Stirn
foreign	fremd
foreign country	fremdes Land
foreign exchange	Devisen
foreign language	Fremdsprache
foreign; abroad; overseas	fremd; im Ausland; im Ausland
foreigner	Ausländer
forest	Wald
forest; woods	Wald; Wälder
forever	für immer
forever; for good; eternally; as long as one likes; indefinitely	für immer; für immer; ewig; solange man möchte; auf unbestimmte Zeit
forge	schmieden
forgery; falsification; fabrication; counterfeiting	Fälschung; Fälschung; Herstellung; Fälschung
forget	vergessen
forgive	verzeihen
fork	Gabel
form	Formular
form; formality; format; math expression	Form; Formalität; Format; mathematischer Ausdruck
form; shape; figure	Form; Form; Figur
formal	formell
formal marriage interview	formelles Heiratsgespräch
format	formatieren
formation	Bildung
former	ehemalige
formerly	früher
formula	Formel
formula; formality; official	Formel; Formalität; offiziell
formulate	formulieren
forte; merit	Stärke; Verdienst
forth	her
forthcoming	bevorstehend
fortunate	Glück gehabt
fortunately	Zum Glück
fortune	Glück
fortune; luck	Vermögen; Glück
forty	vierzig
forum	Forum
forward	vorwärts
forwarding	Weiterleitung
fossil	Fossil
fossil; petrifaction; fossilization	Fossil; Versteinerung; Fossilisierung
foster	pflegen
found	gefunden
foundation	Stiftung
foundation; basis	Stiftung; Grundlage
foundation; basis; standard	Stiftung; Basis; Standard
founder	Gründer
fountain pen	Füllfederhalter
four	vier
four (counter)	vier (Zähler)
four (things)	vier (Dinge)
four corners; crossroads	vier Ecken; Kreuzung
four days	vier Tage
four days; fouth day of the month	vier Tage; Vierter Tag des Monats
four hundred	vierhundert
four minutes	vier Minuten
four o'clock	vier Uhr
four people	vier Personen
four seasons	vier Jahreszeiten
fourteen	vierzehn
fourth	Vierter
fourth sign of Chinese zodiac (The Hare  5am-7am  east  February)	viertes Zeichen des chinesischen Tierkreises (Der Hase 5.00-7.00 Uhr östlicher Februar)
fox	Fuchs
fraction	Bruchteil
fraction (in math)	Bruch (in Mathematik)
fraction (part of); decimal	Bruchteil (Teil davon); dezimal
fragile	zerbrechlich
fragment	Fragment
fragment; splinter; broken piece	Fragment; Splitter; gebrochenes Stück
frame	Rahmen
frame; draw up; make; producing	Rahmen; erstellen; machen; produzieren
framework	Rahmen
franchise	Franchise
frankly	Ehrlich gesagt
frankness; candour; openheartedness	Offenheit; Offenheit; Offenheit
fraud	Betrug
fraud / wrongdoing	Betrug / Fehlverhalten
free	kostenlos
free (not busy)	frei (nicht besetzt)
free (time) / idle	frei (Zeit) / untätig
free of charge	kostenlos
free of charge; mere; sole; only; usual; common	kostenlos; bloß; Sohle, einzig, alleinig; nur; üblich; häufig
free time	Freizeit
free time; leisure; leave; spare time; farewell	Freizeit; Freizeit; verlassen; Freizeit; Abschied
free will	freier Wille
free; no charge	kostenlos; keine Gebühr
freedom	Freiheit
freely	frei
freeze	einfrieren
freezing	Einfrieren
freezing; cold storage; refrigeration	Einfrieren; Kühllager; Kühlung
freight rates; shipping expenses; fare	Frachttarife; Versandkosten; Fahrpreis
frequency	Frequenz
frequent	häufig
frequently	häufig
fresh	frisch
fresh water	frisches wasser
friction; rubbing; rubdown; chafe	Reibung; Reiben; Abreibung; scheuern
fridge	Kühlschrank
friend	Freund
friend; acquaintance	Freund; Freund; Bekanntschaft
friend; ally; supporter	Freund; Freund; Verbündete; Unterstützer
friend; companion; pal	Freund; Freund; Begleiter; Kumpel
friendly	freundlich
friendship	Freundschaft
friendship; fellowship	Freundschaft; Gemeinschaft
frighten	erschrecken
frightened	verängstigt
frightening	erschreckend
frigid zone	kalte Zone
frog	Frosch
from	von
from ... onward	von ... an
from now / from now on	von jetzt an / von jetzt an
from now on; hereafter	von nun an; im Folgenden
from where	von wo
front	vorne
front / before	vorne / vorher
front cover; binding	vordere Abdeckung; verbindlich
frost	Frost
frozen	gefroren
fruit	Frucht
fruit (of a plant)	Frucht (einer Pflanze)
fruit; nut; berry.	Obst; Nuss; Beere.
fruit; nut; seed; content; good result	Obst; Nuss; Samen; Inhalt; gutes Ergebnis
frustrated	frustriert
frustrating	frustrierend
frustration	Frustration
fry	braten
fuel	Treibstoff
fulfil	erfüllen
full	voll
full house; no vacancy; sold out	volles Haus; Keine Stelle frei; ausverkauft
full name; identity	vollständiger Name; Identität
full-time	Vollzeit
fully	vollständig
fun	Spaß
function	Funktion
function; faculty	Funktion; Fakultät
functional	funktionell
fund	Fonds
fund; foundation	Fonds; Stiftung
fundamental	grundlegend
fundamentally	grundsätzlich
funding	Finanzierung
fundraising	Fundraising
funds; capital	Fonds; Kapital
funeral	Beerdigung
funny	lustig
funny; humorous; comical; laughable; ridiculous; joking	lustig; humorvoll; komisch; lächerlich; lächerlich; Scherz
fur	Fell
fur; skin; pelt	Pelz; Haut; Fell
furious	wütend
furniture	Möbel
further	weiter
furthermore	außerdem
furthermore; again; after all; more and more; moreover	außerdem; wieder; schließlich; immer mehr; außerdem
futility; uselessness	Sinnlosigkeit; Nutzlosigkeit
futon	Futon
future	Zukunft
future (life; tense)	Zukunft (Leben; Zeit)
future; prospects	Zukunft; Aussichten
futures; credit (buying); stretching; total	Futures; Kredit (Kauf); Dehnung; insgesamt
gain	gewinnen
gallery	Galerie
gallon	Gallone
gambling	Glücksspiel
game	Spiel
game; match; contest	Spiel; übereinstimmen; Wettbewerb
game; spoils; trophy	Spiel; Beute; Trophäe
gaming	Gaming
gang	Bande
gap	Lücke
garage	Garage
garage; car shed	Garage; Autoschuppen
garbage	Müll
garden	Garten
garden (esp. man-made)	Garten (insbesondere künstlich angelegt)
garden / yard	Garten / Hof
garden shrubs; trees; potted plant	Gartensträucher; Bäume; Topfpflanze
gargle; rinse mouth	gurgeln; Mund ausspülen
garlic	Knoblauch
garments	Kleidungsstücke
gas	Gas
gasoline	Benzin
gate	Tor
gather	versammeln
gathering	Versammlung
gathering; assembly; meeting; set (math)	sammeln; Montage; treffen; einstellen (Mathe)
gathering; meeting; assembly; collection	sammeln; treffen; Montage; Sammlung
gay	schwul
gay; showy; brilliant; gorgeous; florid	schwul; auffällig; brillant; wunderschön; blumig
gaze	Blick
gear	Gang
gear; cog-wheel	Ausrüstung; Zahnrad
gem; jewel	Edelstein; Juwel
gender	Geschlecht
gene	Gen
general	allgemein
general idea; concept; notion	allgemeine Idee; Konzept; Vorstellung
general statement; outline	allgemeine Aussage; Umriss
general; liberal; universal; ordinary; average	allgemein; Liberale; Universal; normal; Durchschnitt
generally	im Allgemeinen
generate	generieren
generation	Generation
generation (e.g. power)	Erzeugung (z. B. Strom)
generic	generisch
generous	großzügig
genetic	genetisch
genetics	Genetik
genius	Genie
genocide	Völkermord
genre	Genre
gentle	sanft
gentle / calm	sanft / ruhig
gentle; mild; moderate	sanft; leicht; mäßig
gentleman	Herr
genuine	echt
genuine article	echter Artikel
genuinely	wirklich
geography	Geographie
geological features	geologische Merkmale
gesture	Geste
get	bekommen
get along	Komm zurecht
get along with	klar kommen
get dressed	zieh dich an
get over	komm vorbei
get up	steh auf
geta (Japanese footwear); wooden clogs	Geta (japanisches Schuhwerk); Holzschuhe
getting closer; drawing nearer; approaching	näher kommen; näher kommen; nähert sich
getting nervous; irritation	nervös werden; Reizung
getting ready	sich fertig machen
ghost	Geist
giant	Riese
gift	Geschenk
gift / present	Geschenk / Geschenk
gig	Auftritt
giraffe	Giraffe
girl	Mädchen
girlfriend	Freundin
girlfriend / she	Freundin / sie
gist; essentials; summary; fundamentals	Kern; Wesentliches; Zusammenfassung; Grundlagen
gist; main point	Kern; Hauptpunkt
give	geben
give in	nachgeben
give up	aufgeben
glad	froh
glance	Blick
glass	Glas
glass / cup	Glas / Tasse
glasses	Brille
glimpse	Blick
global	global
globalization	Globalisierung
globe	Globus
globe; sphere; ball	Globus; Kugel; Kugel
gloom; melancholy	Düsternis; Melancholie
gloomy	düster
gloomy / depressed	düster/deprimiert
glorious	herrlich
glory	Ruhm
gloss; glaze	Glanz; Glasur
glove	Handschuh
gloves	Handschuhe
go	geh
go ahead / here you are	mach weiter / hier bist du
go by the way; via	geh übrigens; über
go through	durchgehen
go to bed	geh ins Bett
go-; honourable	geh-; ehrenhaft
goal	Ziel
goat	Ziege
goblin; ghost; apparition; bugbear	Kobold; Geist; Erscheinung; Schreckgespenst
god	Gott
going	gehen
going off duty	aus dem Dienst gehen
going on to university	zur Universität gehen
going to work; at work	zur Arbeit gehen; bei der Arbeit
gold	Gold
golden	golden
goldfish	Goldfisch
golf	Golf
good	gut
good afternoon	Guten Tag
good child	gutes Kind
good evening	Guten Abend
good luck	Viel Glück
good luck; fortune	viel Glück; Glück
good morning	Guten Morgen
good night	gute Nacht
good weather	gutes Wetter
good will; favor; courtesy	guter Wille; favorisieren; Höflichkeit
good work (to a colleague)	gute Arbeit (für einen Kollegen)
good work / thanks for your effort	Gute Arbeit / Danke für deine Mühe
good-for-nothing; stupid; trivial; worthless	nichtsnutzig; dumm; trivial; wertlos
good; goodness; right; virtue	gut; Güte; Rechts; Tugend
goodbye	Auf Wiedersehen
goodness	Güte
goods	Waren
goods / merchandise	Waren / Waren
goose	Gans
gorgeous	wunderschön
govern	regieren
governance	Regierungsführung
government	Regierung
government business; public use; public expense	Regierungsgeschäfte; öffentliche Nutzung; öffentliche Ausgaben
government office; authorities	Regierungsbüro; Behörden
government office; public office	Regierungsbüro; öffentliches Amt
government official	Regierungsbeamter
government worker	Regierungsangestellter
government; administration	Regierung; Verwaltung
governor	Gouverneur
gown	Kleid
grab	greifen
grace	Gnade
grace; favor; blessing; benefit	Gnade; favorisieren; Segen; Vorteil
gradation; grade; stage	Abstufung; Grad; Bühne
grade	Klasse
grade (on a test, etc.)	Note (bei einem Test usw.)
grade in school	Klasse in der Schule
grade school student	Grundschüler
grade; rank; about	Note; Rang; ungefähr
grades	Noten
gradual	allmählich
gradually	allmählich
gradually / soon	allmählich / bald
gradually; finally; hardly	allmählich; Endlich; kaum
graduate	Absolvent
graduate from; come from	Absolvent von; kommen her
graduate school	Graduiertenschule
graduate student	Doktorand
graduation	Abschluss
graduation ceremony	Abschlussfeier
grain	Getreide
grain; cereal; corn	Getreide; Getreide; Mais
grammar	Grammatik
grand	großartig
grandchild	Enkelkind
granddaughter	Enkelin
grandfather	Großvater
grandfather (my own)	Großvater (mein eigener)
grandfather; male senior citizen	Großvater; männlicher Senior
grandfather; male senior-citizen	Großvater; männlicher Senior
grandfather; old man	Großvater; Alter Mann
grandmother	Großmutter
grandmother (my own)	Großmutter (meine eigene)
grandmother; female senior-citizen	Großmutter; weibliche Seniorin
grandmother; old woman	Großmutter; alte Frau
grandparent	Großeltern
grandparents	Großeltern
grandson	Enkel
grant	gewähren
grape	Traube
grapes	Trauben
graphic	Grafik
graphics	Grafiken
grasp	begreifen
grasp / understanding	begreifen/verstehen
grass	Gras
grateful	dankbar
grateful; thankful; welcome; appreciated; evoking gratitude	dankbar; dankbar; Willkommen; geschätzt; Dankbarkeit hervorrufen
grave	Grab
grave; tomb	Grab; Grab
gravity	Schwerkraft
gray	grau
gray (loanword)	grau (Lehnwort)
great	großartig
great effort; exertion; endeavour; effort	großer Aufwand; Anstrengung; Bemühen; Aufwand
great number of people	große Anzahl von Menschen
great war; great battle	großer Krieg; großer Kampf
great-looking	großartig aussehend
great; celebrated; eminent; terrible; awful; famous; remarkable; excellent	großartig; gefeiert; bedeutend; schrecklich; schrecklich; berühmt; bemerkenswert; ausgezeichnet
great; grand	großartig; großartig
greater; more; further; still more	größer; mehr; weiter; noch mehr
greatly	sehr
greatness	Größe
green	grün
green tea	grüner Tee
greengrocer	Gemüsehändler
greenhouse	Gewächshaus
greet	grüßen
greeting	Gruß
greeting; salutation	Begrüßung; Gruß
grey	grau
grey; gray; ashen	grau; grau; aschfahl
grid	Gitter
grief	Trauer
grin	grins
grind	mahlen
grip	Griff
groceries	Lebensmittel
grocery	Lebensmittelgeschäft
groin; crotch; thigh	Leistengegend; Zwickel; Oberschenkel
gross	eklig
ground	Boden
groundwork; foundation; inclination; aptitude; elementary knowledge of; grounding in; prearrangement; spade	Grundlagenarbeit; Stiftung; Neigung; Eignung; Grundkenntnisse über; erden; Vorbereitung; Spaten
group	Gruppe
group (math)	Gruppe (Mathe)
group; crowd; flock; herd	Gruppe; Menge; Herde; Herde
group; mass	Gruppe; Masse
grow	wachsen
growth	Wachstum
growth / development	Wachstum / Entwicklung
growth; grow to adulthood	Wachstum; bis zum Erwachsenenalter heranwachsen
growth; increment	Wachstum; Inkrement
guarantee	Garantie
guarantee; ensure; maintain; insure; secure	Garantie; sicherstellen; pflegen; versichern; sicher
guarantee; security; assurance; pledge; warranty	Garantie; Sicherheit; Sicherheit; versprechen; Garantie
guard	Wache
guard; convoy; escort	Wache; Konvoi; Eskorte
guerrilla	Guerilla
guess	rate mal
guest	Gast
guest seating	Sitzplätze für Gäste
guest; customer	Gast; Gast; Kunde
guest; visitor; client; customer	Gast; Gast; Gast; Kunde; Kunde
guidance	Anleitung
guide	Führer
guideline	Richtlinie
guilt	Schuld
guilty	schuldig
guitar	Gitarre
gun	Waffe
gut	Darm
guy	Kerl
gym	Fitnessstudio
gymnasium	Turnhalle
gymnastics; physical exercises; calisthenics	Gymnastik; körperliche Übungen; Calisthenics
habit	Gewohnheit
habitat	Lebensraum
haiku poetry	Haiku-Poesie
hail	Hagel
hair	Haare
hair (head)	Haare (Kopf)
hair or fur	Haare oder Fell
hair salon	Friseursalon
hairdresser	Friseur
half	die Hälfte
half a year	ein halbes Jahr
half an hour	eine halbe stunde
half minute	halbe Minute
half past	halb nach
half past (:30)	halb nach (:30)
halfway	auf halbem Weg
hall	Halle
hallway	Flur
halt	Halt
hamburger	Hamburger
hand	Hand
hand in	abgeben
handbag	Handtasche
handbreadth; bundle	Handbreit; Bündel
handful	Handvoll
handle	Griff
handle; grip	Griff; Griff
handling	Handhabung
handmade / DIY	handgefertigt / DIY
handshake	Händedruck
handsome	gutaussehend
handstand; headstand	Handstand; Kopfstand
handy	praktisch
hang	hängen
hangover	Kater
happen	passieren
happily	glücklich
happiness	Glück
happiness; blessedness	Glück; Segen
happiness; good fortune; luck; blessing	Glück; Glück; Glück; Segen
happy	glücklich
happy (lasting happiness)	glücklich (dauerhaftes Glück)
happy / glad	glücklich / froh
happy New Year	frohes neues Jahr
happy birthday	Alles Gute zum Geburtstag
happy; glad; pleasant	glücklich; froh; angenehm
harassment	Belästigung
harbour	Hafen
hard	hart
hard (esp. wood); steadfast; honorable; stuffy writing	hart (insbesondere Holz); standhaft; ehrenhaft; spießiges Schreiben
hard / painful (emotional)	hart / schmerzhaft (emotional)
hardly	kaum
hardware	Hardware
hardworking	fleißig
harm	Schaden
harmful	schädlich
harmony	Harmonie
harmony; smoothness	Harmonie; Glätte
harsh	hart
harvest	Ernte
harvest; crop; ingathering	Ernte; Ernte; sammeln
hat	Hut
hat; cap	Hut; Kappe
hate	hassen
hateful; abominable; poor-looking	hasserfüllt; abscheulich; schlecht aussehend
hateful; abominable; poor-looking; detestable	hasserfüllt; abscheulich; schlecht aussehend; abscheulich
hatred	Hass
haunt	verfolgen
have	habe
have a good day	Ich wünsche dir einen schönen Tag
have a nice day	Ich wünsche dir einen schönen Tag
have a safe trip (reply)	Gute Reise (Antwort)
have to	muss
having some knowledge of; happening to know	einige Kenntnisse haben über; zufällig erfahren
hazard	Gefahr
he	er
he; boyfriend	er; Freund
head	Kopf
head of a section	Leiter einer Sektion
head; brains; intellect	Kopf; Gehirne; Intellekt
head; lead; vanguard; first	Kopf; führen; Vorhut; zuerst
headache	Kopfschmerzen
heading; caption; subtitle; index	Überschrift; Untertitel; Untertitel; Index
headline	Schlagzeile
headmaster	Schulleiter
headquarters	Hauptquartier
heal	heilen
health	Gesundheit
health insurance card	Krankenversicherungskarte
health preservation; hygiene; sanitation	Gesundheitserhaltung; Hygiene; Hygiene
health; hygiene; sanitation; medical	Gesundheit; Hygiene; Hygiene; medizinisch
health; sound; wholesome	Gesundheit; Klang; gesund
health; soundness; wholesome	Gesundheit; Solidität; gesund
health; vitality	Gesundheit; Vitalität
healthcare	Gesundheitswesen
healthy	gesund
healthy / energetic	gesund / voller Energie
healthy; energetic	gesund; energisch
hear	hören
hearing	Hören
heart	Herz
heart (of city)	Herz (der Stadt)
heart / mind	Herz / Verstand
heat	Hitze
heater	Heizung
heating	Heizung
heaven	Himmel
heaven; emperor	Himmel; Kaiser
heavily	stark
heavy	schwer
heavy; massive; serious	schwer; massiv; ernst
heavy; serious (illness)	schwer; ernst (Krankheit)
hedge	absicherung
heel	Ferse
heels	Absätze
hegemony	Hegemonie
height	Höhe
height (of body); stature	Größe (des Körpers); Statur
height above sea level	Höhe über dem Meeresspiegel
height; stature	Höhe; Statur
heighten	erhöhen
helicopter	Hubschrauber
hell	Hölle
hello	hallo
hello (on the phone)	Hallo (am Telefon)
helmet	Helm
help	Hilfe
help!	Hilfe!
help; aid; relief	helfen; Hilfe; Erleichterung
help; helper; assistant	Hilfe; Helfer; Assistent
helper; helpmeet; assistant; tutor	Helfer; helpmeet; Assistent; Nachhilfelehrer
helpful	hilfreich
helping; serving	helfen; servieren
helpless; pity; sorrow; grief	hilflos; Mitleid; Kummer; Trauer
hen	Henne
hence	daher
hence; for that reason	daher; Aus diesem Grund
her	sie
her, she, girlfriend	sie, sie, Freundin
herb	Kraut
herculean strength; mountain carrier-guide	herkulische Stärke; Bergträgerführer
here	hier
here and there; little by little	hier und da; Stück für Stück
here and there; some parts (of something)	hier und da; einige Teile (von etwas)
here, this place	hier, dieser Ort
heritage	Erbe
hero	Held
hero; great man	Held; toller Mann
hers	ihres
herself	sie selbst
hesitance; diffidence; feeling constraint; fear of troubling someone; having scruples about doing someth	Zögern; Schüchternheit; Gefühl von Zwang; Angst, jemanden zu belästigen; Skrupel haben, etwas zu tun
hesitate	zögern
hey	hallo
hi	Hallo
hiccough; hiccup	Schluckauf; Schluckauf
hidden	versteckt
hide	verstecken
hierarchy	Hierarchie
high	hoch
high and low; up and down; unloading and loading; praising and blaming	hoch und niedrig; auf und ab; Entladen und Laden; loben und tadeln
high class; high grade	erstklassig; hochwertig
high heels	High Heels
high price	hoher Preis
high school	Gymnasium
high school student	Gymnasiast
high speed; high gear	hohe Geschwindigkeit; hoher Gang
high-profile	hochkarätig
high-rise building	Hochhaus
highest; supreme; the most	am höchsten; höchste; am meisten
highlight	hervorheben
highly	hoch
highway	Autobahn
hiking	Wandern
hilarious	urkomisch
hill	Hügel
hill; height; knoll; rising ground	Hügel; Höhe; Hügel; steigender Boden
him	ihn
him, he, boyfriend	er, er, Freund
himself	sich selbst
hindrance; impediment	Hindernis; Hindernis
hindrance; intrusion	Hindernis; Eindringen
hint	Hinweis
hint; suggestion	Hinweis; Vorschlag
hip	Hüfte
hippopotamus	Nilpferd
hiragana; 47 syllables; the cursive syllabary	Hiragana; 47 Silben; die kursive Silbe
hire	mieten
hiring / adoption	Einstellung/Adoption
his	sein
historian	Historiker
historic	historisch
historic ruins (remains  relics)	historische Ruinen (Relikte)
historical	historisch
history	Geschichte
hit	schlagen
hobby	Hobby
hobby; pastime	Hobby; Zeitvertreib
hockey	Eishockey
hold	halten
hold on	Warte
holding a meeting; open an exhibition	ein Treffen abhalten; eine Ausstellung eröffnen
hole	Loch
holiday	Feiertag
holiday / day off	Feiertag / freier Tag
holiday / leave	Urlaub / Urlaub
holiday house; villa	Ferienhaus; Villa
holiday; absence; rest; Good night	Feiertag; Abwesenheit; ausruhen; Gute Nacht
holiday; day off; absence	Feiertag; Ruhetag; Abwesenheit
holiday; day off; furlough	Feiertag; Ruhetag; Urlaub
hollow	hohl
holy	heilig
home	Zuhause
home / my house	Zuhause / mein Haus
home town; birthplace; old village; historic village	Heimatstadt; Geburtsort; altes Dorf; historisches Dorf
home; house	Zuhause; Haus
home; house; my place	Zuhause; Haus; mein Platz
homeland	Heimat
homeless	obdachlos
homesickness	Heimweh
homestay; living with a local family	Gastfamilie; bei einer einheimischen Familie leben
hometown / from	Heimatstadt / von
homework	Hausaufgaben
honest	ehrlich
honesty	Ehrlichkeit
honesty; integrity; frankness	Ehrlichkeit; Integrität; Offenheit
honey bee	Honigbiene
honeymoon	Flitterwochen
honorific language	Ehrensprache
honorific; term of respect	ehrenvoll; Begriff des Respekts
honour	Ehre
honourable	ehrenhaft
hoodie	Kapuzenpullover
hook	Haken
hope	Hoffnung
hope / wish	hoffen/wünschen
hope; prospects; expectation	Hoffnung; Aussichten; Erwartung
hope; wish; aspiration	Hoffnung; Wunsch; Anspruch
hopeful	hoffnungsvoll
hopefully	hoffentlich
horizon	Horizont
horn	Hupe
horrible	schrecklich
horror	Horror
horse	Pferd
horse racing	Pferderennen
horticulture; gardening	Gartenbau; Gartenarbeit
hospital	Krankenhaus
hospitality	Gastfreundschaft
hospitalization	Krankenhausaufenthalt
host	Gastgeber
host family	Gastfamilie
hostage	Geisel
hostel; dormitory	Herberge; Schlafsaal
hostile	feindselig
hostility	Feindseligkeit
hot	heiß
hot (objects)	heiß (Gegenstände)
hot (weather)	heiß (Wetter)
hot and spicy; salty	scharf und würzig; salzig
hot spring	heiße Quelle
hot to the touch	heiß zum Anfassen
hot water	heißes Wasser
hotel	Hotel
hotel staff	Hotelpersonal
hour	Stunde
house	Haus
house / home	Haus / Zuhause
house for rent	Haus zu vermieten
house number; address	Hausnummer; Adresse
house-cloth; dust cloth	Haustücher; Staubtuch
house; building	Haus; Gebäude
house; hall; building; hotel; inn; guesthouse	Haus; Saal; Gebäude; Hotel; Gasthof; Gästehaus
house; home; husband	Haus; heim; Ehemann
household	Haushalt
household / family	Haushalt / Familie
household economy; family finances	Haushaltsökonomie; Familienfinanzen
household matters	Haushaltsangelegenheiten
housewife	Hausfrau
housewife; mistress	Hausfrau; Herrin
housework	Hausarbeit
housework; domestic chores	Hausarbeit; Hausarbeiten
housing	Gehäuse
how	wie
how (by what means)	wie (mit welchen Mitteln)
how (polite)	wie (höflich)
how are you	Wie geht es dir?
how are you?	Wie geht es dir?
how far	wie weit
how many	wie viele
how many (books)	wie viele (Bücher)
how many (flat things)	wie viele (flache Dinge)
how many / how old	wie viele / wie alt
how many people	wie viele Leute
how many times	wie oft
how many?; how old?	wie viele?; Wie alt?
how much	wie viel
how much (money)	wie viel (Geld)
how much / how long	wie viel/wie lange
how much is this?	Wie viel kostet das?
how much; how long	wie viel; wie lange
how much?; how many?	wie viel?; Wie viele?
how old	wie alt
how old are you?	Wie alt bist du?
how's it going?	wie geht's?
how...!; what...!	Wie...!; Was...!
how; by what means	Wie; mit welchen Mitteln
however	jedoch
huge	riesig
huge; bulky; enormous; extensive; swelling; expansion	riesig; sperrig; enorm; umfangreich; Schwellung; Erweiterung
huge; gigantic; enormous	riesig; gigantisch; enorm
human	Mensch
human being; man; person	Mensch; Mann; Person
human resources	Humanressourcen
human rights	Menschenrechte
humanitarian	humanitär
humanity	Menschheit
humble	bescheiden
humble; humility; modesty	bescheiden; Demut; Bescheidenheit
humid	feucht
humid; sultry	feucht; schwül
humidity	Luftfeuchtigkeit
humorous	humorvoll
humour	Humor
humour; temper; mood	Humor; Temperament; Stimmung
hundred	hundert
hundred million	Hundert Millionen
hunger	Hunger
hungry	hungrig
hunt	jagen
hunting	Jagd
hurrah; cheers	Hurra; Prost
hurricane	Hurrikan
hurry	beeil dich
hurt	verletzt
hurt; painful	verletzt; schmerzhaft
husband	Ehemann
husband (someone's)	Ehemann (jemandes)
hut; cabin; shed; (animal) pen	Hütte; Kabine; Baracke; (Tier-)Stift
hydrogen	Wasserstoff
hypothesis	Hypothese
hypothesize	Hypothese
ice	Eis
ice cream	Eis
ice; hail	Eis; Hagel
icon	Symbol
idea	Idee
ideal	ideal
identical	identisch
identical; equal to; same (kind); like	identisch; gleich; gleich (Art); wie
identification	Identifizierung
identify	identifizieren
identity	Identität
identity; sameness; similarity	Identität; Gleichheit; Ähnlichkeit
ideological	ideologisch
ideology	Ideologie
idiom; idiomatic phrase; kanji compound	Redewendung; Redewendung; Kanji-Verbindung
idiot	Idiot
idle complaint; grumble	müßige Beschwerde; murren
if	wenn
if I had to choose	wenn ich wählen müsste
if at all possible	wenn überhaupt möglich
if it is okay (polite)	wenn es in Ordnung ist (höflich)
if possible	wenn möglich
if that is the case, ...	wenn das der Fall ist, ...
if you like	wenn du magst
ignorance	Unwissenheit
ignore	ignorieren
ill	krank
illegal	illegal
illness	Krankheit
illness; sickness	Krankheit; Krankheit
illusion	Illusion
illustrate	veranschaulichen
illustration	Abbildung
image	Bild
imagery	Bilder
imaginary	imaginär
imagination	Fantasie
imagination; guess	Vorstellungskraft; rate mal
imagine	Stellen Sie sich vor
imitation; counterfeit; forgery; sham	Nachahmung; fälschen; Fälschung; Schein
immature	unreif
immediate	sofort
immediately	sofort
immediately following	unmittelbar im Anschluss
immediately; readily; directly	sofort; leicht; direkt
immense	immens
immigrant	Einwanderer
immigration	Einwanderung
imminent	unmittelbar bevorsteht
immune	immun
immunity	Immunität
impact	Auswirkungen
impatient	ungeduldig
impeccable	einwandfrei
impertinent; saucy; cheeky; conceit; audacious; brazen	unverschämt; frech; frech; Einbildung; kühn; dreist
implement	umsetzen
implementation	Umsetzung
implementation; materialization; realization	Umsetzung; Materialisation; Erkenntnis
implicate	implizieren
implication	Implikation
implicit	implizit
implicitly	implizit
imply	implizieren
import	importieren
importance	Bedeutung
importance; stress; serious consideration	Wichtigkeit; Stress; ernsthafte Überlegung
important	wichtig
important point; lay stress on; colon; emphasis	wichtiger Punkt; betonen; Doppelpunkt; Betonung
important; momentous; essential; principal; major	wichtig; bedeutsam; essentiell; Rektor; Hauptfach
important; valuable; serious matter	wichtig; wertvoll; ernste Angelegenheit
importation; import; introduction	Einfuhr; Import; Einführung
imported goods; foreign money	importierte Waren; ausländisches Geld
imported; outpatient clinic	importiert; Ambulanz
impose	auferlegen
impossible	unmöglich
impress	beeindrucken
impressed	beeindruckt
impression	Eindruck
impression / thoughts	Eindruck / Gedanken
impressions; thoughts	Eindrücke; Gedanken
impressive	beeindruckend
imprison	einsperren
imprisonment	Inhaftierung
improve	verbessern
improvement	Verbesserung
improvement; advance; progress	Verbesserung; Vorauszahlung; Fortschritt
improvement; reform	Verbesserung; Reform
impudent; shameless; brazen	unverschämt; schamlos; dreist
impulsive	impulsiv
in	in
in a flood / all at once	in einer Flut / alles auf einmal
in a leisurely way	auf gemütliche Art und Weise
in a word; after all; the point is ..; in short ..	mit einem Wort; schließlich; Der Punkt ist ..; kurz gesagt ..
in accordance with ~; following ~; ~ Street; ~ Avenue	in Übereinstimmung mit ~; folgende ~; ~ Straße; ~ Allee
in addition	zusätzlich
in addition; furthermore	zusätzlich; außerdem
in advance	im Voraus
in and out; coming and going; free association; income and expenditure; debits and credit	rein und raus; Kommen und Gehen; freie Assoziation; Einnahmen und Ausgaben; Lastschriften und Gutschriften
in charge	verantwortlich
in class; during the class	im Unterricht; während des Unterrichts
in comparison	im Vergleich
in conclusion	abschließend
in contrast	im Gegensatz dazu
in essence	im Wesentlichen
in exchange	im Austausch
in fact; originally	tatsächlich; ursprünglich
in front of the station	vor dem Bahnhof
in good health; well	bei guter Gesundheit; Na ja
in its entirety; whole; wholly	in seiner Gesamtheit; ganz; ganz
in light of	im Lichte von
in nine cases out of ten	in neun von zehn Fällen
in no time	in kürzester Zeit
in one word	in einem Wort
in order to	um
in order; in turn	in der Reihenfolge; wiederum
in other words	mit anderen Worten
in place of	anstelle von
in response to	als Antwort auf
in short	kurz gesagt
in short; in brief; in other words; that is to say; in the long run; after all; blockade; stuffing; ultimate	kurz gesagt; kurz; mit anderen Worten; das heißt; auf Dauer; schließlich; Blockade; Füllung; ultimativ
in spite of	trotz
in spite of; nevertheless	trotz; trotzdem
in succession; one by one	nacheinander; eins nach dem anderen
in the first place	an erster Stelle
in the long run	auf lange Sicht
in the middle of	mittendrin
in the middle; half-way	in der Mitte; auf halbem Weg
in the second place	an zweiter Stelle
in the street	auf der Straße
in this way	auf diese Weise
in turn	wiederum
inability	Unfähigkeit
inaccessible place; sharp eyes	unzugänglicher Ort; scharfe Augen
inadequate	unzureichend
inappropriate	unangemessen
inauguration; assumption of office	Einweihung; Amtsübernahme
incentive	Anreiz
inch	Zoll
incidence	Inzidenz
incident	Vorfall
incident / case	Vorfall / Fall
incident; affair; happening; event	Vorfall; Affäre; Happening; Ereignis
inclination; slant; slope; bevel; list; dip	Neigung; schräg; Neigung; Fase; Liste; tauchen
inclined	geneigt
include	einschließen
included	enthalten
including	einschließlich
inclusion	Inklusion
income	Einkommen
income; receipts; revenue	Einkommen; Quittungen; Einnahmen
inconsistent	inkonsistent
inconsistent orders	inkonsistente Bestellungen
incontrovertible	unumstößlich
inconvenience	Unannehmlichkeiten
inconvenient	unbequem
inconvenient; to have a scheduling conflict	unbequem; einen Terminkonflikt haben
incorporate	einarbeiten
incorrect	falsch
increase	erhöhen
increase and decrease; fluctuation	zunehmen und abnehmen; Fluktuation
increase; addition	erhöhen; Ergänzung
increased production	erhöhte Produktion
increasingly	zunehmend
increasingly; more and more	zunehmend; immer mehr
incredible	unglaublich
incredibly	unglaublich
incur	entstehen
indeed	tatsächlich
indeed; truly; surely	tatsächlich; wirklich; sicherlich
independence	Unabhängigkeit
independence (e.g. Ind. Day); self-support	Unabhängigkeit (z. B. Ind. Day); Selbsthilfe
independent	unabhängig
index	Index
index finger	Zeigefinger
index; indices	Index; Indizes
indicate	angeben
indication	Hinweis
indication; market trend; worry	Hinweis; Markttrend; Sorge
indicator	Indikator
indictment	Anklage
indigenous	einheimisch
indigo	Indigo
indirect	indirekt
indirection; indirectness	Indirektion; Indirektheit
individual	individuell
individual; each	individuell; jeder
individual; one by one	individuell; eins nach dem anderen
individual; private person; personal; private	individuell; Privatperson; persönlich; privat
individual; separate	individuell; getrennt
individuality; personality; idiosyncrasy	Individualität; Persönlichkeit; Eigenart
indomitable spirit	unbezwingbarer Geist
indoor	drinnen
indoors	drinnen
induce	induzieren
indulge	verwöhnen
industrial	industriell
industrial arts	Industrielle Kunst
industrial enterprise	Industrieunternehmen
industry	Industrie
industry; diligence	Industrie; Fleiß
inequality	Ungleichheit
inevitable	unvermeidlich
inevitable death; desperation; frantic; inevitable result	unvermeidlicher Tod; Verzweiflung; hektisch; unvermeidliches Ergebnis
inevitably	zwangsläufig
inexcusable	unentschuldbar
inexpensive; cheap (thing)	preiswert; billig (Ding)
infamous	berüchtigt
infancy; childish; infantile	Säuglingsalter; kindisch; infantil
infant	Säugling
infant; baby; child	Kleinkind; Baby; Kind
infect	infizieren
infection	Infektion
infection; contagion	Infektion; Ansteckung
infer	schließen
inference	Schlussfolgerung
inferior article	minderwertiger Artikel
infinite	unendlich
inflation	Inflation
inflict	zufügen
influence	Einfluss
influence; effect	Einfluss; Wirkung
influential	einflussreich
info	Infos
inform	informieren
informal	informell
information	Informationen
information source	Informationsquelle
information; (military) intelligence	Informationen; (militärischer) Geheimdienst
information; guidance; leading	Informationen; Anleitung; führend
infrastructure	Infrastruktur
ingenious; skillful; clever; deft	genial; geschickt; clever; geschickt
ingredient	Zutat
ingredient; component; composition	Zutat; Komponente; Zusammensetzung
ingredients; material	Zutaten; Material
inhabitant	Einwohner
inherent	inhärent
inherit	erben
inhibit	hemmen
initial	initial
initially	zunächst
initiate	einleiten
initiative	Initiative
inject	injizieren
injection	Injektion
injure	verletzen
injured	verletzt
injury	Verletzung
injury (to animate object); hurt	Verletzung (um Objekt zu beleben); verletzt
injury; harm; danger	Verletzung; Schaden; Gefahr
injury; harm; evil influence; damage	Verletzung; Schaden; böser Einfluss; Schaden
injustice	Ungerechtigkeit
injustice; unfairness	Ungerechtigkeit; Ungerechtigkeit
ink	Tinte
inmate	Insasse
inn	Gasthaus
inn; lodging	Gasthaus; Unterkunft
inner	innerlich
innocent	unschuldig
innovation	Innovation
innovative	innovativ
input	Eingabe
inquiry	Anfrage
insect	Insekt
insert	einfügen
insertion	Einfügen
inside	drinnen
inside the house	im Inneren des Hauses
inside; middle; among	innen; Mitte; unter
insider	Insider
insight	Einsicht
insignificant; boring; trifling	unbedeutend; langweilig; Kleinigkeit
insist	darauf bestehen
inspect	inspizieren
inspection	Inspektion
inspection (e.g. customs; factory); examination	Inspektion (z. B. Zoll; Fabrik); Prüfung
inspection; reading	Inspektion; Lesen
inspection; study by observation; field trip	Inspektion; Studium durch Beobachtung; Exkursion
inspector	Inspektor
inspiration	Inspiration
inspire	inspirieren
install	installieren
installation	Installation
instance	Instanz
instance; example; case	Instanz; Beispiel; Fall
instant	sofort
instant; time; moment	sofort; Zeit; Moment
instantly	sofort
instead	stattdessen
instead of	statt
instinct	Instinkt
institute	Institut
institution	Institution
institutional	institutionell
instruct	anweisen
instruction	Anleitung
instructor	Lehrer
instrument	Instrument
instrumental	instrumental
insufficiency; shortage; deficiency; lack; dearth	Unzulänglichkeit; Mangel; Mangel; Mangel; Mangel
insufficient	unzureichend
insult	Beleidigung
insurance	Versicherung
intact	intakt
intake	Aufnahme
intangible	immateriell
integer	Ganzzahl
integral	Integral
integrate	integrieren
integrated	integriert
integration	Integration
integrity	Integrität
intellectual	intellektuell
intelligence	Intelligenz
intelligence; brains	Intelligenz; Gehirne
intelligent	intelligent
intend	beabsichtigen
intended	beabsichtigt
intense	intensiv
intensification	Intensivierung
intensify	intensivieren
intensity	Intensität
intensive	intensiv
intent	Absicht
intention	Absicht
intention; aim; design	Absicht; Absicht; Ziel; Design
intention; idea; inclination	Absicht; Absicht; Idee; Neigung
intention; purpose	Absicht; Absicht; Zweck
interact	interagieren
interaction	Interaktion
interactive	interaktiv
interest	Interesse
interest rate	Zinssatz
interested	interessiert
interesting	interessant
interesting / fun	interessant/lustig
interesting / funny	interessant / lustig
interface	Schnittstelle
interfere	stören
interference	Einmischung
interference; intervention	Einmischung; Intervention
interim	vorläufig
interior	Innenraum
interior; inner part	Innenraum; innerer Teil
intermediate	Mittelstufe
internal	intern
international	international
international call	internationaler Anruf
international relations	Internationale Beziehungen
international student	internationaler Student
internet	Internet
internist clinic; internal medicine	Internistische Klinik; Innere Medizin
interpret	interpretieren
interpretation	Interpretation
interrupt	unterbrechen
intersection	Kreuzung
interval	Intervall
intervene	eingreifen
intervention	Intervention
interview	Interview
interview; audience	Interview; Publikum
intimate	intim
intimate friend; bosom buddy; chum	inniger Freund; Busenfreund; Kumpel
intimate; close (e.g. friend)	intim; nah (z. B. Freund)
into	hinein
intolerable; unbearable; unendurable	unerträglich; unerträglich; unerträglich
intricacy	Komplexität
intricate	kompliziert
intriguing	faszinierend
intro; outline; general remarks	Einführung; Gliederung; allgemeine Bemerkungen
introduce	vorstellen
introduction	Einführung
intuition	Intuition
invade	einmarschieren
invalid	ungültig
invasion	Invasion
invent	erfinden
invention	Erfindung
inversion; upside down	Umkehrung; auf den Kopf gestellt
invest	investieren
investigate	untersuchen
investigation	Untersuchung
investigation / survey	Untersuchung / Umfrage
investigation; examination; inquiry; survey	Untersuchung; Untersuchung; Prüfung; Anfrage; Umfrage
investigator	Ermittler
investment	Investition
investor	Investor
invisible	unsichtbar
invitation	Einladung
invitation; solicitation; canvassing; inducement; persuasion; encouragement	Einladung; Werbung; Akquise; Anreiz; Überzeugung; Ermutigung
invite	einladen
invoke	aufrufen
involve	einbeziehen
involved	beteiligt
involvement	Engagement
iron	Eisen
iron pot; kettle	Eisentopf; Wasserkocher
ironic	ironisch
ironically	ironischerweise
irony	Ironie
irrefutable	unwiderlegbar
irregularity; unsteadiness; disorderly	Unregelmäßigkeit; Unsicherheit; ungeordnet
irrelevant	irrelevant
is it okay?	Ist es in Ordnung?
island	Insel
isolate	isolieren
isolated	isoliert
isolation	Isolation
isolation; helplessness	Isolation; Hilflosigkeit
isolation; loneliness; solitude	Isolation; Einsamkeit; Einsamkeit
issue	Problem
issue (publications)	Ausgabe (Veröffentlichungen)
it has been a long time	es ist lange her
it is about time to ...	Es ist an der Zeit, ...
it rains	es regnet
it's okay / I'm fine	es ist okay / mir geht es gut
item	Artikel
item / matter	Gegenstand / Sache
itemized form; itemization	Einzelformular; Auflistung
itinerary; route	Reiseroute; Route
its	Es ist
itself	sich selbst
jacket	Jacke
jail	Gefängnis
jailer; old man; rank; company officer	Gefängniswärter; Alter Mann; Rang; Firmenoffizier
jam	Marmelade
jazz	Jazz
jealous	eifersüchtig
jeans	Jeans
jest; joke	Scherz; Witz
jet	Jet
jet aeroplane	Düsenflugzeug
jewellery	Schmuck
job	Arbeit
job / work	Job / Arbeit
job change	Jobwechsel
job hunting	Jobsuche
job; work; occupation	Arbeit; Arbeit; arbeiten; Beruf
jogging	Joggen
join	beitreten
joint	Gelenk
joke	Witz
joke; pun; witticism	Witz; Wortspiel; Witz
journal	Tagebuch
journalism	Journalismus
journalist	Journalist
journey	Reise
joy	Freude
joys and sorrows	Freuden und Sorgen
judge	Richter
judge; judiciary	Richter; Justiz
judgement	Urteil
judgement; decision	Urteil; Entscheidung
judgement; penalty; punishment	Urteil; Strafe; Bestrafung
judgment	Urteil
judicial	gerichtlich
judiciary	Justiz
judo	Judo
juice	Saft
juice; sap; soup; broth	Saft; Saft; Suppe; Brühe
jump	springen
junction	Kreuzung
junior	Junior
junior (at work or school)	Junior (bei der Arbeit oder in der Schule)
junior (at work)	Junior (bei der Arbeit)
junior high school student	Schüler der Mittelstufe
junior high school; middle school	Mittelschule; Mittelschule
junior members of a group	jüngere Mitglieder einer Gruppe
jurisdiction	Gerichtsstand
jury	Jury
just	einfach
just (now; at the moment; etc.)	gerade (jetzt; im Moment; usw.)
just a minute; small quantity	nur eine Minute; kleine Menge
just before	kurz davor
just like / not at all	einfach/überhaupt nicht
just now	gerade jetzt
just; right; exactly	einfach; Rechts; genau
justice	Gerechtigkeit
justice; fairness; impartiality	Gerechtigkeit; Fairness; Unparteilichkeit
justification	Begründung
justify	rechtfertigen
juxtapose	gegenüberstellen
kana orthography; syllabary spelling	Kana-Orthographie; Silbenschrift
kangaroo	Känguru
kanji; Chinese character	Kanji; Chinesisches Schriftzeichen
karaoke	Karaoke
karate	Karate
katakana	Katakana
keen	scharf
keep	behalten
keep up with	Bleiben Sie auf dem Laufenden
kettle	Wasserkocher
key	Schlüssel
key / lock	Schlüssel / Schloss
keyboard	Tastatur
kick	Tritt
kid	Kind
kidnap	entführen
kidney	Niere
kids	Kinder
kill	töten
killing	töten
killing time	Zeit totzuschlagen
killing two birds with one stone	zwei Fliegen mit einer Klappe schlagen
kilometre	Kilometer
kimono	Kimono
kimono; Japanese traditional dress	Kimono; Traditionelle japanische Kleidung
kind	nett
kind / gentle	freundlich / sanft
kind; deep; thick	freundlich; tief; dick
kindergarten	Kindergarten
kindness	Freundlichkeit
king	König
king (shogi)	König (Shogi)
king; ruler; sovereign; monarch	König; Herrscher; souverän; Monarch
kingdom	Königreich
kiss	Kuss
kit	Bausatz
kitchen	Küche
kitchen knife; carving knife	Küchenmesser; Tranchiermesser
knee	Knie
knee; lap	Knie; Runde
knife	Messer
knitting wool	Strickwolle
knitting; web	Stricken; Web
knock	klopfen
know	wissen
knowing very well; detailed; full; accurate	sehr gut wissend; detailliert; voll; genau
knowing; acquaintance	wissen; Bekanntschaft
knowledge	Wissen
knowledge; information	Wissen; Informationen
lab	Labor
label	Etikett
labor costs	Arbeitskosten
labor; exertion; diligent service	Arbeit; Anstrengung; Fleißiger Service
laboratory	Labor
labour	Arbeit
labourer; worker	Arbeiter; Arbeiter
lack	Mangel
lad	Junge
ladder	Leiter
ladder; stairs	Leiter; Treppen
lady	Dame
lake	See
lamp	Lampe
lamp oil; kerosene	Lampenöl; Kerosin
lamplight; light (in general); brightness	Lampenlicht; Licht (im Allgemeinen); Helligkeit
land	Land
landing	Landung
landlord	Vermieter
landmark	Wahrzeichen
landscape	Landschaft
landslide	Erdrutsch
lane	Spur
language	Sprache
language lab	Sprachlabor
language study	Sprachstudium
language; word	Sprache; Wort
lap	Runde
laptop	Laptop
large	groß
large tree	großer Baum
large-scale	großräumig
largely	weitgehend
laser	Laser
last	zuletzt
last (year); yesterday	letztes (Jahr); gestern
last month	letzten Monat
last night	letzte Nacht
last train	letzter Zug
last week	letzte Woche
last year	letztes Jahr
last; end	zuletzt; Ende
last; final; closing	zuletzt; Finale; schließen
lastly	schließlich
late	spät
late at night	spät in der Nacht
late; slow	spät; langsam
lately	in letzter Zeit
lately; recently; nowadays	in letzter Zeit; kürzlich; heutzutage
lateness; late coming	Verspätung; kommt zu spät
later	später
later on	später
latest	spätestens
latest; nowadays	spätestens; heutzutage
latitude (nav.)	Breitengrad (nav.)
latter	Letzteres
laugh	lachen
laugh; laughter; smile	lachen; Lachen; lächeln
laughter	Lachen
launch	starten
laundry	Wäsche
lava	Lava
law	Gesetz
law / principle	Gesetz / Grundsatz
law; rule	Gesetz; Regel
lawn	Rasen
lawsuit	Klage
lawyer	Anwalt
lay	lag
layer	Schicht
layout	Layout
lazy	faul
lazy person	fauler Mensch
lead	führen
lead (the metal)	Blei (das Metall)
leader	Anführer
leadership	Führung
leadership; guidance; coaching	Führung; Anleitung; Coaching
leading	führend
leading part; leading actor (actress)	Hauptteil; Hauptdarsteller (Schauspielerin)
leaf	Blatt
leaflet	Broschüre
league	Liga
leak	Leck
lean	mager
lean; incline	mager; Steigung
leap	Sprung
learn	lernen
learning	Lernen
learning from the past	aus der Vergangenheit lernen
learning; scholarship; erudition; knowledge	Lernen; Stipendium; Gelehrsamkeit; Wissen
least	am wenigsten
least; lowest; worst	am wenigsten; am niedrigsten; am schlimmsten
leather	Leder
leave	verlassen
leave request form	Urlaubsantragsformular
leaving hospital	das Krankenhaus verlassen
leaving the office	das Büro verlassen
lecture	Vortrag
lecture cancelled	Vortrag abgesagt
lecture; address	Vortrag; Adresse
lecturer	Dozent
left	links
left hand side	linke Seite
left side	linke Seite
leg	Bein
leg / foot	Bein / Fuß
leg; foot	Bein; Fuß
legacy	Vermächtnis
legal	legal
legend	Legende
legendary	legendär
legislation	Gesetzgebung
legislative	gesetzgeberisch
legislative bill	Gesetzesvorlage
legislature	Gesetzgebung
legitimate	legitim
legitimize	legitimieren
leisure	Freizeit
lemon	Zitrone
lemon yellow	zitronengelb
lend	leihen
lending; loaning	Kreditvergabe; Ausleihen
length	Länge
length; height	Länge; Höhe
length; long and short; +-	Länge; lang und kurz; +-
lengthy	langwierig
lenient	nachsichtig
lens	Objektiv
lesbian	lesbisch
less	weniger
less than	weniger als
less than; insufficient	weniger als; unzureichend
lesser	geringer
lesson	Lektion
lesson; class work	Lektion; Klassenarbeit
lesson; precept; moral instruction	Lektion; Gebot; moralische Unterweisung
let	lass
let's eat	lass uns essen
let's eat (before a meal)	lass uns essen (vor einer Mahlzeit)
lethal	tödlich
letter	Brief
letter (of alphabet); character	Buchstabe (des Alphabets); Charakter
letter of recommendation	Empfehlungsschreiben
letter to the editor; letter from a reader; contribution	Leserbrief; Brief eines Lesers; Beitrag
letter; character	Brief; Charakter
lettuce	Salat
level	Ebene
level of humidity	Luftfeuchtigkeit
level off	abflachen
liability	Haftung
liable	haftbar
liaise	Kontakt aufnehmen
liar	Lügner
liar (sometimes said with not much seriousness); fibber	Lügner (manchmal mit wenig Ernsthaftigkeit gesagt); Faser
liberal	liberal
liberation	Befreiung
liberty	Freiheit
library	Bibliothek
licence	Lizenz
license	Lizenz
license; permit; licence; certificate	Lizenz; erlauben; Lizenz; Zertifikat
lie	Lüge
lie; falsehood; incorrect fact; inappropriate	lügen; Lüge; falsche Tatsache; unangemessen
life	Leben
life (one's life)	Leben (das eigene Leben)
life span	Lebensspanne
life; existence	Leben; Existenz
life; living	Leben; leben
lifelong	lebenslang
lifestyle	Lebensstil
lifetime	Lebenszeit
lift	heben
light	Licht
light (color)	Licht (Farbe)
light (weight)	leicht (Gewicht)
light / electricity	Licht / Strom
light blue	hellblau
light bulb	Glühbirne
lighthouse	Leuchtturm
lighting	Beleuchtung
lightning	Blitz
like	wie
likeable	sympathisch
likelihood	Wahrscheinlichkeit
likely	wahrscheinlich
likes and dislikes	Vorlieben und Abneigungen
likes and dislikes; taste	Vorlieben und Abneigungen; Geschmack
likewise	ebenso
likewise, the pleasure is mine	ebenso ist das Vergnügen meins
liking; taste; choice	mögen; schmecken; Wahl
limb	Gliedmaße
limit	Grenze
limit; bound	Grenze; gebunden
limit; bounds	Grenze; Grenzen
limit; localize	Grenze; lokalisieren
limit; restriction	Grenze; Einschränkung
limitation	Einschränkung
limited	begrenzt
limited express train (faster than an express train)	begrenzter Schnellzug (schneller als ein Schnellzug)
limits; boundary; domain; zone; sphere; territory	Grenzen; Grenze; Domain; Zone; Kugel; Territorium
line	Linie
line / queue	Linie / Warteschlange
line-up	Aufstellung
line; track; roadbed	Linie; Schiene; Straßenbett
linear	linear
linger	verweilen
link	Link
lion	Löwe
lip	Lippe
lips	Lippen
lipstick	Lippenstift
liquid	Flüssigkeit
liquid; fluid	flüssig; Flüssigkeit
list	Liste
listen	Hör zu
listener	Zuhörer
listing	Auflistung
literacy	Alphabetisierung
literally	im wahrsten Sinne des Wortes
literary	literarisch
literary style	literarischer Stil
literature	Literatur
literature; art and literature; belles-lettres	Literatur; Kunst und Literatur; Belletristik
literature; books (reference)	Literatur; Bücher (Referenz)
litre	Liter
litter	Wurf
little	wenig
little finger	kleiner Finger
live	leben
lively	lebhaft
lively / busy	lebhaft / beschäftigt
liver	Leber
living	leben
living alone	alleine leben
living room	Wohnzimmer
living room (western style)	Wohnzimmer (westlicher Stil)
living thing	Lebewesen
living thing; animal	Lebewesen; Tier
living; livelihood; subsistence; circumstances	leben; Lebensunterhalt; Lebensunterhalt; Umstände
load	laden
load; baggage; cargo	laden; Gepäck; Fracht
loan	Darlehen
loan; lending	Darlehen; Kreditvergabe
lobby	Lobby
local	lokal
locate	lokalisieren
located	gelegen
location	Standort
lock	Schloss
locomotive; engine	Lokomotive; Motor
lodging	Unterkunft
log	Protokoll
logic	Logik
logical	logisch
logo	Logo
lonely	einsam
long	lang
long time no see	Lange nicht gesehen
long time period	langer Zeitraum
long way; distant place	langer Weg; entfernter Ort
long-standing	seit langem
long-term	langfristig
long-time	lange Zeit
long; lengthy	lang; langwierig
long; long-continued; old (story)	lang; lang andauernd; alt (Geschichte)
longitude	Längengrad
look	schau
look (or turn) the other way	in die andere Richtung schauen (oder sich umdrehen).
look after	kümmern
look forward to	freue mich darauf
look into	reinschauen
look; appearance; spectacle	schau; Aussehen; Spektakel
looking after a house during one's absence	sich während der Abwesenheit um ein Haus kümmern
looking after; help; aid; assistance	betreuen; helfen; Hilfe; Hilfe
looking forward to	Ich freue mich darauf
loom	Webstuhl
loop	Schleife
loose	locker
loose; lenient; slow	locker; nachsichtig; langsam
lord	Herr
lorry	LKW
lose	verlieren
loss	Verlust
loss and gain; advantage and disadvantage	Verlust und Gewinn; Vor- und Nachteile
loss; disadvantage	Verlust; Nachteil
lost	verloren
lost (stray) child	verlorenes (streunendes) Kind
lost article	verlorener Artikel
lost property	verlorenes Eigentum
lot	viel
lottery	Lotterie
loud	laut
loudly	laut
love	Liebe
love; affection	Liebe; Zuneigung
love; tender passion	Liebe; zarte Leidenschaft
lovely	schön
lovely; sweet	schön; süß
lover; sweetheart	Liebhaber; Liebhaber; Schatz
low	niedrig
low rank; subordinate; lower order (e.g. byte)	niedriger Rang; untergeordnet; niedrigere Ordnung (z. B. Byte)
lower	niedriger
lower official	niedrigerer Beamter
loyal	treu
loyalty	Loyalität
loyalty points	Treuepunkte
lucid	klar
luck	Glück
lucky	Glück gehabt
luggage	Gepäck
luke warm	lauwarm
lumber; timber	Bauholz; Holz
lumber; timber; wood	Bauholz; Holz; Holz
lump; mass; clod; cluster	Klumpen; Masse; Klumpen; Cluster
lunch	Mittagessen
lunch box / bento	Lunchbox / Bento
lunch break	Mittagspause
lunch; midday meal	Mittagessen; Mittagessen
lunch; noon	Mittagessen; Mittag
lung	Lunge
lungs	Lunge
luxury	Luxus
luxury; extravagance	Luxus; Extravaganz
luxury; pomp; delicate; slender; gorgeous	Luxus; Pomp; empfindlich; schlank; wunderschön
lyric	Lyrik
machine	Maschine
machine; mechanism	Maschine; Mechanismus
machinery	Maschinen
mad	verrückt
madam	Frau
magazine	Zeitschrift
magic	Magie
magical	magisch
magistrate	Richter
magnet	Magnet
magnetic	magnetisch
magnification; enlargement	Vergrößerung; Erweiterung
magnificent	großartig
magnitude	Größe
maid	Dienstmädchen
mail	Post
mail; postal service	Post; Postdienst
mailing	Mailing
main	Haupt
main gate; main entrance	Haupttor; Haupteingang
main line; trunk line	Hauptlinie; Stammleitung
main street	Hauptstraße
mainland	Festland
mainly	Hauptsächlich
mainly; primarily	hauptsächlich; in erster Linie
mainstream	Mainstream
maintain	pflegen
maintenance	Wartung
maintenance; preservation	Wartung; Erhaltung
major	Hauptfach
major subject; special study	Hauptfach; spezielle Studie
majority	Mehrheit
majority; mostly; generally	Mehrheit; meistens; im Allgemeinen
make	machen
make up	schminken
make-up	Make-up
make-up (cosmetic)	Make-up (Kosmetik)
making	machen
making use of; application; investment; practical use	nutzen; Anwendung; Investition; praktischer Nutzen
male	männlich
male / man	männlich / Mann
malicious; ill-tempered; unkind	böswillig; schlecht gelaunt; unfreundlich
mall	Einkaufszentrum
man	Mann
man and wife; married couple	Mann und Frau; Ehepaar
man-made; synthetic; artificial	von Menschenhand geschaffen; Synthetik; künstlich
manage	verwalten
management	Management
management; (executive) staff; leaders	Management; (leitendes) Personal; Führer
management; administration	Management; Verwaltung
management; administration; operation	Management; Verwaltung; Betrieb
manager	Manager
mandarin	Mandarine
mandarin orange	Mandarine
mandate	Mandat
mandatory	obligatorisch
manga / comics	Manga/Comics
mango	Mango
manifest	manifestieren
manifestation	Manifestation
manipulate	manipulieren
manipulation	Manipulation
mankind; humanity	Menschheit; Menschheit
manner	Art und Weise
manners	Manieren
manners; courtesy; etiquette	Manieren; Anstand; Etikette
manners; etiquette; propriety	Manieren; Etikette; Anstand
mansion	Herrenhaus
manual labor; toil; work	Handarbeit; Mühe; Arbeit
manufacture	Herstellung
manufacture; production	Herstellung; Produktion
manufactured goods; finished goods	Industriegüter; fertige Ware
manufacturing	Herstellung
manufacturing; processing; treatment	Herstellung; Verarbeitung; Behandlung
manuscript	Manuskript
manuscript; copy	Manuskript; kopieren
many	viele
many / a lot	viele / viel
many times	viele Male
many; a lot	viele; viel
many; numerous	viele; zahlreich
map	Karte
marathon	Marathon
margin	Marge
marginal	marginal
marine	Marine
marine products; fisheries	Meeresprodukte; Fischerei
maritime; marine transportation	maritim; Seetransport
mark	markieren
mark; objective; target	markieren; Objektiv; Ziel
mark; sign; landmark	markieren; Zeichen; Wahrzeichen
marker	Markierung
market	Markt
marketing	Marketing
marketplace	Marktplatz
marking; grading; looking over	Markierung; Benotung; rüber schauen
marks; points; score; runs	Marken; Punkte; Punktzahl; läuft
marriage	Ehe
marriage proposal; engagement	Heiratsantrag; Engagement
marriage registration	Heiratsregistrierung
marriage; married	Heirat; verheiratet
married	verheiratet
married couple; husband and wife	verheiratetes Paar; Mann und Frau
marry	heiraten
martial	kriegerisch
mask	Maske
mass	Masse
massacre	Massaker
massive	massiv
master	Meister
master; expert	Meister; Experte
masterpiece	Meisterwerk
masterpiece; best work; boner; blunder	Meisterwerk; beste Arbeit; Boner; Fehler
match	Spiel
match; game	Spiel; Spiel
matching	passend
mate	Kumpel
material	Material
material; substance	Material; Substanz
materials / documents	Materialien/Dokumente
materials; data	Materialien; Daten
mathematical	mathematisch
mathematics	Mathematik
mathematics; arithmetic	Mathematik; Arithmetik
maths	Mathematik
matter	Angelegenheit
matter of taste	Geschmackssache
mature	reif
maximize	maximieren
maximum	maximal
may I take a photo?	Darf ich ein Foto machen?
may; might; perhaps; may be; possibly	Mai; könnte; vielleicht; Vielleicht; möglicherweise
maybe	vielleicht
maybe / perhaps	vielleicht / vielleicht
mayor	Bürgermeister
me	ich
meal	Mahlzeit
mean	gemein
mean-spirited	gemein
meaning	Bedeutung
meaning; reason	Bedeutung; Grund
meaning; reason; circumstances; can be deduced; situation	Bedeutung; Grund; Umstände; kann abgeleitet werden; Situation
meaning; significance	Bedeutung; Bedeutung
meaningful	sinnvoll
means	bedeutet
means; way; measure	bedeutet; Weg; messen
meantime	inzwischen
meanwhile	mittlerweile
measure	messen
measure / step	Maß / Schritt
measure / treatment	Maßnahme / Behandlung
measurement	Messung
measurement; size; dimension	Messung; Größe; Dimension
measurement; surveying	Messung; Vermessung
meat	Fleisch
mechanic	Mechaniker
mechanical	mechanisch
mechanism	Mechanismus
mechanism / organization	Mechanismus / Organisation
mechanism; organization	Mechanismus; Organisation
medal	Medaille
media	Medien
medical	medizinisch
medical care	medizinische Versorgung
medical care; medical treatment	medizinische Versorgung; medizinische Behandlung
medical doctor	Arzt
medical examination	ärztliche Untersuchung
medical science	medizinische Wissenschaft
medical test	medizinischer Test
medication	Medikamente
medicine	Medizin
medicine(s); chemical(s)	Medikamente; Chemikalie(n)
medieval	mittelalterlich
meditation	Meditation
medium	mittel
meet	treffen
meeting	Treffen
meeting hall; assembly hall	Versammlungssaal; Aula
meeting room	Besprechungsraum
meeting up (with someone)	sich (mit jemandem) treffen
meeting; assembly	Treffen; Montage
meeting; assembly; party; association; club	Treffen; Montage; Party; Verein; Verein
meeting; person sent to pick up an arrival	Treffen; Person, die geschickt wird, um eine Ankunft abzuholen
meeting; reception	Treffen; Empfang
meeting; rendezvous; encounter	Treffen; Rendezvous; Begegnung
melody	Melodie
melon	Melone
melt	schmelzen
member	Mitglied
member of the Diet; congress or parliament	Mitglied des Landtags; Kongress oder Parlament
member; the membership	Mitglied; die Mitgliedschaft
membership	Mitgliedschaft
memo	Memo
memoir	Memoiren
memorable	unvergesslich
memorial	Denkmal
memories; recollections; reminiscence	Erinnerungen; Erinnerungen; Erinnerung
memorization; learning by heart	Auswendiglernen; auswendig lernen
memorize	auswendig lernen
memory	Erinnerung
memory; recollection; remembrance	Erinnerung; Erinnerung; Erinnerung
memory; sense; experience	Erinnerung; Sinn; Erfahrung
mental	geistig
mental arithmetic	Kopfrechnen
mentality	Mentalität
mention	erwähnen
mention; entry	erwähnen; erwähnen; Eintrag
mentor	Mentor
menu	Menü
menu; program; schedule	Menü; Programm; Zeitplan
merchant	Kaufmann
mercy	Gnade
mere	bloß
mere; simple; sheer	bloß; einfach; schlicht
merely	bloß
merge	verschmelzen
merger	Fusion
merit	Verdienst
merit; efficiency; arms; force	Verdienst; Effizienz; Waffen; Kraft
merry Christmas	Frohe Weihnachten
mess	Chaos
message	Nachricht
messy; disorganized	chaotisch; unorganisiert
metal	Metall
metaphor	Metapher
meter; gauge	Meter; Messgerät
method	Methode
method; manner; way; means; technique	Methode; Benehmen; Weg; bedeutet; Technik
methodology	Methodik
meticulous	akribisch
meticulous preparation	sorgfältige Vorbereitung
metre	Meter
metro	U-Bahn
metropolitan	Metropole
microscope	Mikroskop
microwave	Mikrowelle
midday meal	Mittagessen
middle	Mitte
middle finger	Mittelfinger
middle of the night	mitten in der Nacht
middle school; junior high school	Mittelschule; Mittelschule
middle-aged	mittleren Alters
middle-aged gentleman; uncle	Herr mittleren Alters; Onkel
middle; half; semi; halfway; partly	Mitte; Hälfte; halb; halb; teilweise
middle; midway; interim	Mitte; auf halbem Weg; vorläufig
midnight	Mitternacht
midnight; dead of night	Mitternacht; mitten in der Nacht
midst	mittendrin
might	könnte
might as well	Könnte genauso gut sein
migration	Migration
migration; immigration	Migration; Einwanderung
mild	mild
mile	Meile
milestone	Meilenstein
militant	militant
military	Militär
military affairs	Militärische Angelegenheiten
military or naval uniform	Militär- oder Marineuniform
militia	Miliz
milk	Milch
mill	Mühle
million	Millionen
mimicry; imitation; behavior; pretense	Mimikry; Nachahmung; Verhalten; Vorwand
mind	Geist
mind and body	Geist und Körper
mind; soul; heart; spirit; intention	Geist; Seele; Herz; Geist; Absicht
mine	meins
miner	Bergmann
mineral	mineralisch
minimal	minimal
minimize	minimieren
minimum	Minimum
mining	Bergbau
minister	Minister
ministry	Ministerium
minor	Moll
minority	Minderheit
minute	Minute
minutes	Minuten
miracle	Wunder
mirror	Spiegel
miserable	elend
misery	Elend
misleading	irreführend
miso soup	Miso-Suppe
miss	Fräulein
missile	Rakete
missing	fehlt
mission	Mission
mission; simple task; doing	Mission; einfache Aufgabe; tun
mistake	Fehler
misunderstanding	Missverständnis
misunderstanding; wrong guess	Missverständnis; falsche Vermutung
mitigate	mildern
mittens	Fäustlinge
mix	mischen
mixed	gemischt
mixing; mixture	Mischen; Mischung
mixture	Mischung
moat	Wassergraben
moat; canal	Wassergraben; Kanal
mob	Mob
mobile	mobil
mobile phone	Mobiltelefon
mobility	Mobilität
mobilize	mobilisieren
mode	Modus
model	Modell
model; standard; pattern; norm; criterion; example	Modell; Standard; Muster; Norm; Kriterium; Beispiel
moderate	mäßig
moderate; handy	mäßig; praktisch
moderate; right; random; not thorough; vague; irresponsible; halfhearted	mäßig; Rechts; zufällig; nicht gründlich; vage; unverantwortlich; halbherzig
modern	modern
modern era	moderne Ära
modest	bescheiden
modesty; humility	Bescheidenheit; Demut
modification	Modifikation
modify	modifizieren
moisture	Feuchtigkeit
moisture; humidity; dampness	Feuchtigkeit; Luftfeuchtigkeit; Feuchtigkeit
mold; model; style; shape; data-type	Schimmel; Modell; Stil; Form; Datentyp
molecule	Molekül
moment	Moment
moment; second; instant	Augenblick; zweite; sofort
moment; time	Augenblick; Zeit
momentum	Schwung
monetary circulation; credit situation	Geldumlauf; Kreditsituation
money	Geld
money collection	Geldsammlung
money order; exchange	Zahlungsanweisung; Austausch
money; cash	Geld; Bargeld
money; currency; coinage	Geld; Währung; Münzprägung
monitor	überwachen
monk	Mönch
monkey	Affe
monopoly	Monopol
monster	Monster
month	Monat
month (last third of)	Monat (letztes Drittel)
month after next	übernächsten Monat
month before last	vorletzten Monat
monthly	monatlich
monthly installment	monatliche Rate
monthly salary	monatliches Gehalt
monthly tuition fee	monatliche Studiengebühr
months and years	Monate und Jahre
monument	Denkmal
mood	Stimmung
mood / feeling	Stimmung/Gefühl
moon	Mond
moon; month	Mond; Monat
moral	moralisch
morality	Moral
morals	Moral
more	mehr
more or less; somewhat; a little; some	mehr oder weniger; etwas; ein wenig; einige
more than; this is all	mehr als; das ist alles
moreover	außerdem
moreover, ...	außerdem ...
morning	Morgen
mortgage	Hypothek
mosque	Moschee
mosquito	Mücke
most	die meisten
most part; greater part; majority	größtenteils; größerer Teil; Mehrheit
most; best	die meisten; am besten
most; extremely	die meisten; extrem
mostly	Meistens
mother	Mutter
motion	Bewegung
motion; exercise	Bewegung; Übung
motivate	motivieren
motivation	Motivation
motive	Motiv
motor	Motor
motorbike	Motorrad
motorcycle	Motorrad
motorist	Autofahrer
mount	montieren
mountain	Berg
mountain climbing	Bergsteigen
mountain forest; mountains and forest	Bergwald; Berge und Wald
mountain-climbing	Bergsteigen
mouse	Maus
moustache	Schnurrbart
moustache; beard; whiskers	Schnurrbart; Bart; Schnurrhaare
mouth	Mund
mouth; opening	Mund; Eröffnung
move	bewegen
movement	Bewegung
movie	Film
movie theater	Kino
moving	bewegen
moving (dwelling etc.); changing residence	Umzug (Wohnung usw.); den Wohnort wechseln
moving house	Umzug
moving; transfer; demise	bewegend; überweisen; Untergang
mr./ms./mrs./miss	Herr/Frau/Frau/Fräulein
much	viel
much more; still more; all the more	viel mehr; noch mehr; umso mehr
much obliged (old-fashioned)	sehr dankbar (altmodisch)
much obliged / I'm sorry	Vielen Dank / Es tut mir leid
much the same	im Großen und Ganzen das Gleiche
mud	Schlamm
muffler / scarf	Schalldämpfer / Schal
multi-unit apartments	Mehrfamilienwohnungen
multi-use; combined use; combination; serving two purposes	Mehrzweck; kombinierte Nutzung; Kombination; zwei Zwecken dient
multiple	mehrfach
multiplication	Multiplikation
multiply	multiplizieren
multistory apartment; condominium	mehrstöckige Wohnung; Eigentumswohnung
mum	Mama
municipal	kommunal
murder	Mord
muscle	Muskel
muscle; sinew	Muskel; Sehne
muscle; string; line	Muskel; Schnur; Linie
museum	Museum
music	Musik
music performance	Musikdarbietung
musical	musikalisch
musical instrument	Musikinstrument
musical performance	musikalische Darbietung
musician	Musiker
must	muss
mutual	gegenseitig
mutual; reciprocal	gegenseitig; reziprok
mutual; reciprocal; alternate	gegenseitig; reziprok; abwechseln
mutual; reciprocal; each other	gegenseitig; reziprok; einander
my	mein
my father	mein Vater
my heart aches	mein Herz schmerzt
my mother	meine Mutter
my name is …	mein Name ist …
my older brother	mein älterer Bruder
my older sister	meine ältere Schwester
myself	ich selbst
mysterious	geheimnisvoll
mystery	Geheimnis
mystery; curiosity	Geheimnis; Neugier
myth	Mythos
myth; legend	Mythos; Legende
nail	Nagel
naked	nackt
naked; nude	nackt; nackt
name	Namen
name; reputation	Name; Ruf
namely	nämlich
namely / that is	nämlich / das heißt
nap (at home); siesta	Nickerchen (zu Hause); Siesta
narrative	Erzählung
narrow	schmal
narrow / small	schmal / klein
narrow; not spacious	schmal; nicht geräumig
narrow; tight; stiff; rigid; uneasy; formal; constrained	schmal; eng; steif; starr; unruhig; formell; eingeschränkt
nasty	böse
nation	Nation
national	national
national holiday	Nationalfeiertag
national holiday; festival day	Nationalfeiertag; Festtag
national language	Landessprache
national or state border	Landes- oder Staatsgrenze
national; people; citizen	national; Menschen; Bürger
nationality	Nationalität
nationwide	bundesweit
native	einheimisch
native Japanese reading of a Chinese character	muttersprachliche japanische Lesart eines chinesischen Schriftzeichens
natural	natürlich
natural science	Naturwissenschaft
naturally	natürlich
nature	Natur
nature; property; disposition	Natur; Eigentum; Disposition
nature; spontaneity	Natur; Spontaneität
nature; spontaneous	Natur; spontan
nausea; sickness in the stomach	Übelkeit; Übelkeit im Magen
naval	Marine
navigation	Navigation
navy blue	Marineblau
navy blue; deep blue	Marineblau; tiefblau
near	in der Nähe
near / beside	in der Nähe / daneben
near future	nahe Zukunft
nearby	in der Nähe
nearly	fast
nearness; before long	Nähe; bald
nearsightedness; shortsightedness; myopia	Kurzsichtigkeit; Kurzsichtigkeit; Kurzsichtigkeit
neat	ordentlich
necessarily	unbedingt
necessary	notwendig
necessities of life (food; clothing; etc.)	Lebensnotwendigkeiten (Nahrung; Kleidung; etc.)
necessities; necessary article; requisite; essential	Notwendigkeiten; notwendiger Artikel; Requisit; wesentlich
necessity	Notwendigkeit
neck	Hals
neck; collar; lapel; neckband	Hals; Kragen; Revers; Nackenband
necklace	Halskette
necktie	Krawatte
need	brauchen
needle	Nadel
needle; hand (e.g. clock)	Nadel; Zeiger (z. B. Uhr)
negation; denial; repudiation	Verneinung; Verweigerung; Ablehnung
negative	negativ
neglect	Vernachlässigung
neglecting to stay in contact	versäumt es, in Kontakt zu bleiben
negligence; unpreparedness	Fahrlässigkeit; Unvorbereitetheit
negligible	vernachlässigbar
negotiate	verhandeln
negotiation	Verhandlung
negotiations; discussions; connection	Verhandlungen; Diskussionen; Verbindung
neighbor	Nachbar
neighborhood	Nachbarschaft
neighbour	Nachbar
neighbourhood	Nachbarschaft
neighbourhood; vicinity; environs	Nachbarschaft; Nähe; Umgebung
neighbouring	benachbart
neither	weder noch
nephew	Neffe
nerve	Nerv
nerve; sensitivity	Nerv; Empfindlichkeit
nervous	nervös
nest	Nest
nest; rookery; breeding place; beehive; cobweb	Nest; Kolonie; Brutstätte; Bienenstock; Spinnennetz
net	Netto
net (weight)	Netto (Gewicht)
network	Netzwerk
neuter gender; neutral (chem.); indifference; sterility	neutrales Geschlecht; neutral (chem.); Gleichgültigkeit; Sterilität
neutral	neutral
neutrality	Neutralität
never	niemals
never (with negative)	nie (mit Negativ)
nevertheless	trotzdem
new	neu
new moon; crescent moon	Neumond; Halbmond
new; fresh; novel	neu; frisch; Roman
newly	neu
news	Nachrichten
news coverage	Berichterstattung
news gathering	Sammeln von Nachrichten
news; tidings; information; correspondence; letter	Nachrichten; Botschaft; Information; Korrespondenz; Brief
newsletter	Newsletter
newspaper	Zeitung
newspaper company	Zeitungsunternehmen
next	als nächstes
next door / next to	nebenan / daneben
next door to	nebenan
next month	nächsten Monat
next semester	nächstes Semester
next to	daneben
next week	nächste Woche
next year	nächstes Jahr
nice	schön
nice to meet you	Schön dich kennenzulernen
nice to meet you (formal)	Schön, Sie kennenzulernen (formell)
nice to meet you / please take care	Schön dich kennenzulernen / Bitte pass auf dich auf
nice, good	schön, gut
nice; likeable; desirable	nett; sympathisch; wünschenswert
niche	Nische
niece	Nichte
night	Nacht
night town	Nachtstadt
nightmare	Albtraum
nine	neun
nine (counter)	neun (Zähler)
nine (things)	neun (Dinge)
nine days	neun Tage
nine days; ninth day	neun Tage; neunter Tag
nine hundred	neunhundert
nine minutes	neun Minuten
nine o'clock	neun Uhr
nineteen	neunzehn
ninety	neunzig
ninth	neunter
no	Nein
no good	nicht gut
no matter what	egal was
no one	niemand
no problem	Kein Problem
no thank you / that's fine	Nein danke / das ist in Ordnung
no; the noes	nein; die Nein
noble	edel
noble; aristocrat	edel; Aristokrat
nobody	niemand
nod	nicken
noise	Lärm
noise (jarring; grating)	Lärm (Knarren; Knirschen)
noisy	laut
noisy; annoying	laut; nervig
noisy; boisterous	laut; ausgelassen
noisy; loud; fussy	laut; laut; pingelig
noisy; strict; fussy	laut; strikt; pingelig
nominate	nominieren
nomination	Nominierung
nominee	Kandidat
non-fiction	Sachbuch
non-profit	gemeinnützig
none	keine
nonetheless	trotzdem
nonsense	Unsinn
noon	Mittag
noon / afternoon	Mittag/Nachmittag
noon / daytime	Mittag / Tag
noon break	Mittagspause
noon; daytime	Mittag; tagsüber
noon; mid-day	Mittag; Mittag
nor	noch
norm	Norm
normal	normal
normally	normalerweise
north	Norden
northern	nördlich
nose	Nase
nostalgia; homesickness	Nostalgie; Heimweh
not	nicht
not at all	überhaupt nicht
not at all (with negative)	überhaupt nicht (mit Negativ)
not busy; to have a lot of free time	nicht beschäftigt; viel Freizeit haben
not entirely (with negative)	nicht ganz (mit Negativ)
not in the least	nicht im Geringsten
not just ~ but	nicht nur ~ sondern
not limited to	nicht beschränkt auf
not much	nicht viel
not much (with negative)	nicht viel (mit Negativ)
not only	nicht nur
not only...but also; in addition to; consequently	nicht nur...sondern auch; zusätzlich zu; folglich
not that much	nicht so viel
not very (used as adverb); not much	nicht sehr (als Adverb verwendet); nicht viel
not writing or contacting for a while	Ich schreibe oder kontaktiere eine Weile nicht
notable	bemerkenswert
notably	insbesondere
note	Hinweis
notebook	Notizbuch
nothing	nichts
nothing (with neg. verb); quite; not a bit	nichts (mit neg. Verb); ganz; kein bisschen
nothing particular	nichts besonderes
nothing; naught; nil; zero	nichts; Nichts; Null; Null
notice	beachten
notice; attention; observation	bemerken; Aufmerksamkeit; Beobachtung
notice; bulletin	bemerken; Bulletin
notice; notification	bemerken; Benachrichtigung
noticeably	spürbar
notify	benachrichtigen
notion	Vorstellung
notorious	berüchtigt
notwithstanding	Ungeachtet dessen
noun	Substantiv
nourishment; nutrient	Nahrung; Nährstoff
novel	Roman
novelist	Romanautor
now	jetzt
now then / well	Na dann / na ja
now; next time	jetzt; Nächstes Mal
now; this time; lately	jetzt; diesmal; in letzter Zeit
nowadays	heutzutage
nowadays; modern times; present-day	heutzutage; Neuzeit; Gegenwart
nowhere	nirgendwo
nuance	Nuance
nuanced	nuanciert
nuclear	nuklear
nucleus; kernel	Kern; Kernel
number	Nummer
number (serial)	Nummer (Seriennummer)
number / count	Anzahl / Anzahl
number / digit	Zahl / Ziffer
number of people	Anzahl der Personen
number of times; frequency	Häufigkeit; Frequenz
number three	Nummer drei
number; figure	Zahl; Figur
numeral; figure	Ziffer; Figur
numerous	zahlreich
nurse	Krankenschwester
nursery	Kindergarten
nursing	Krankenpflege
nursing (a patient)	Krankenpflege (ein Patient)
nursing; (army) nurse	Krankenpflege; (Armee-)Krankenschwester
nursing; looking after	Krankenpflege; betreuen
nut	Nuss
nutrition	Ernährung
nutrition; nourishment	Ernährung; Nahrung
nuts	Nüsse
nuts!; enthusiasm; zeal; mania	verrückt!; Begeisterung; Eifer; Manie
o'clock	Uhr
o'clock / hour	Uhr / Stunde
obedient; meek; docile; unaffected	gehorsam; sanftmütig; fügsam; unberührt
obesity	Fettleibigkeit
obey	gehorchen
object	Objekt
objection	Einspruch
objection; dissent; protest	Einspruch; Einspruch; Dissens; Protest
objective	Ziel
objective; plan; policy	objektiv; planen; Politik
obligation	Verpflichtung
obligation; coercion; compulsion; enforcement	Verpflichtung; Zwang; Zwang; Durchsetzung
oblige	verpflichten
obliqueness	Schrägheit
obscure	dunkel
observance	Einhaltung
observation	Beobachtung
observation; guarding; inspection; surveillance	Beobachtung; Bewachung; Inspektion; Überwachung
observation; survey	Beobachtung; Umfrage
observe	beobachten
observer	Beobachter
obsess	besessen
obsession	Besessenheit
obstacle	Hindernis
obstacle; impediment (fault); damage	Hindernis; Behinderung (Verschulden); Schaden
obtain	erhalten
obvious	offensichtlich
obvious; evident; clear	offensichtlich; offensichtlich; klar
obviously	offensichtlich
occasion	Anlass
occasional	gelegentlich
occasionally	gelegentlich
occasionally; frequently	gelegentlich; häufig
occasionally; once in a while	gelegentlich; ab und zu
occupation	Beruf
occupation; business	Beruf; Geschäft
occupy	besetzen
occur	auftreten
occurrence	Vorkommnis
ocean	Ozean
ocean current	Meeresströmung
octopus	Oktopus
odd	seltsam
odd number	ungerade Zahl
odds	Chancen
odious; hateful	abscheulich; hasserfüllt
odour; scent; smell; stench	Geruch; Duft; Geruch; Gestank
of	von
of all things	aller Dinge
of course	natürlich
of course; certainly; naturally	natürlich; sicherlich; natürlich
off	aus
offence	Straftat
offend	beleidigen
offender	Täter
offender; criminal	Täter; kriminell
offensive	beleidigend
offer	Angebot
offer; present; submit; serve (a meal); supply	Angebot; gegenwärtig; einreichen; (eine Mahlzeit) servieren; Versorgung
offering	Angebot
offering prizes; winning; reward	Ausloben von Preisen; gewinnen; Belohnung
office	Büro
office (loanword)	Büro (Lehnwort)
office boy (girl); page; waiter	Bürojunge (Mädchen); Seite; Kellner
office worker	Büroangestellter
officer	Offizier
official	offiziell
official announcement; proclamation	offizielle Ankündigung; Proklamation
official business; public business	offizielles Geschäft; öffentliches Geschäft
official recognition; authorization; licence; accreditation	offizielle Anerkennung; Genehmigung; Lizenz; Akkreditierung
official tour; business trip	offizielle Tour; Geschäftsreise
official; duty; person in charge	Beamter; Pflicht; verantwortliche Person
official; public; formal; open; governmental	Beamter; öffentlich; formell; offen; staatlich
offline	offline
offspring	Nachkommen
often	oft
often; much	oft; viel
ogre; demon; it (i.e.; in a game of tag)	Oger; Dämon; es (d. h. in einem Tag-Spiel)
oh	oh
oil	Öl
oil; petroleum; kerosene	Öl; Petroleum; Kerosin
okay	okay
okay / fine	okay / gut
okay; so-so	okay; so lala
okonomiyaki	Okonomiyaki
old	alt
old (not used for people)	alt (nicht für Menschen verwendet)
old (thing - not used for people)	alt (Ding – nicht für Menschen verwendet)
old (things)	alt (Dinge)
old age; old person; the old; the aged	Alter; alter Mensch; das Alte; die Alten
old book; classics; classic	altes Buch; Klassiker; klassisch
old days; past	alte Zeiten; Vergangenheit
old friend; old friendship	alter Freund; alte Freundschaft
old people; the aged	alte Leute; die Alten
old-fashioned	altmodisch
olden days; former	alte Zeiten; ehemalige
older brother	älterer Bruder
older brother (my own)	älterer Bruder (mein eigener)
older sister	ältere Schwester
older sister (my own)	ältere Schwester (meine eigene)
omission; abbreviation; abridgment	Unterlassung; Abkürzung; Abkürzung
on	auf
on and after; hereafter; thereafter	weiter und nachher; Jenseits; danach
on balance	im Gleichgewicht
on foot	zu Fuß
on the contrary	im Gegenteil
on the contrary; rather; all the more; instead	im Gegenteil; eher; umso mehr; stattdessen
on the occasion of; circumstances	anlässlich von; Umstände
on the one hand	Einerseits
on the other hand	andererseits
on the verge of	kurz davor
on the way	auf dem Weg
on time	pünktlich
on top of	oben drauf
once	einmal
once / temporarily	einmalig / vorübergehend
once in a thousand years	einmal in tausend Jahren
once-in-a-lifetime meeting	einmaliges Treffen
once; for a moment; one morning; temporarily	einmal; für einen Moment; eines Morgens; vorübergehend
once; some time ago	einmal; vor einiger Zeit
once; tentatively; in outline; for the time being	einmal; vorläufig; im Umriss; vorerst
one	eins
one (book)	eins (Buch)
one (counter)	eins (Zähler)
one (flat object)	eins (flaches Objekt)
one (long object)	eins (langes Objekt)
one (machine / vehicle)	eine (Maschine / Fahrzeug)
one (small animal)	eins (kleines Tier)
one (small item)	eins (kleiner Gegenstand)
one (thing)	ein (Ding)
one by one; each; one at a time	eins nach dem anderen; jede; einer nach dem anderen
one by one; separately	eins nach dem anderen; separat
one day	eines Tages
one defeat	eine Niederlage
one hour	eine Stunde
one hundred million	einhundert Millionen
one mind; wholeheartedness; the whole heart	ein Geist; Ganzheitlichkeit; das ganze Herz
one minute	eine Minute
one month	einen Monat
one more time, please	Bitte noch einmal
one o'clock	ein Uhr
one person	eine Person
one side; one phase; front page; the other hand; the whole surface	eine Seite; eine Phase; Titelseite; andererseits; die gesamte Oberfläche
one-way (trip)	einfache Fahrt (Reise)
oneself	sich selbst
ongoing	fortlaufend
onion	Zwiebel
online	online
only	nur
only / a little	nur / ein wenig
only child	einziges Kind
only; merely; a little; small quantity	nur; lediglich; ein wenig; kleine Menge
only; sole; unique	nur; Sohle, einzig, alleinig; einzigartig
onto	auf
opaque	undurchsichtig
open	offen
open (e.g. secret); public; official	offen (z. B. geheim); öffentlich; offiziell
open field; empty lot; plain	offenes Feld; leeres Grundstück; schlicht
open sea	offenes Meer
open; throw open; liberalization	offen; aufwerfen; Liberalisierung
opening	Eröffnung
opening of a meeting	Eröffnung einer Sitzung
opening; open	Eröffnung; offen
openly	offen
opera	Oper
operate	betreiben
operation	Betrieb
operation / surgery	Operation / Chirurgie
operation; management; processing	Betrieb; Management; Verarbeitung
operation; motion; driving	Betrieb; Bewegung; fahren
operational	betriebsbereit
operator	Betreiber
ophthalmology	Augenheilkunde
opinion	Meinung
opinion; point of view	Meinung; Standpunkt
opponent	Gegner
opportunity	Gelegenheit
opportunity; chance	Gelegenheit; Chance
oppose	widersprechen
opposed	dagegen
opposite	gegenüber
opposition	Opposition
opposition; resistance	Opposition; Widerstand
opt	opt
optical	optisch
optimism	Optimismus
optimistic	optimistisch
optimize	optimieren
option	Option
opulent	opulent
or	oder
or / alternatively	oder / alternativ
or; otherwise	oder; sonst
or; possibly	oder; möglicherweise
oral	mündlich
orange	orange
orange (color)	orange (Farbe)
orbit; railroad track	Umlaufbahn; Eisenbahnstrecke
orchestra	Orchester
order	bestellen
order (noun)	Ordnung (Substantiv)
order / command	Befehl / Befehl
order / sequence	Reihenfolge / Reihenfolge
order / turn	bestellen / drehen
order; command; decree; directive; (software) instruction	bestellen; Befehl; Dekret; Richtlinie; (Software-)Anleitung
order; request	bestellen; Anfrage
order; rules; law	bestellen; Regeln; Gesetz
order; sequence; procedure	bestellen; Sequenz; Verfahren
order; system; structure; set-up; organization	bestellen; System; Struktur; aufstellen; Organisation
order; turn	bestellen; drehen
ordinary	gewöhnlich
ordinary; regular; everyday; usual	gewöhnlich; regulär; täglich; üblich
ordinary; usual; in general; briefly	gewöhnlich; üblich; im Allgemeinen; kurz
organ	Orgel
organ (of body); instrument	Organ (des Körpers); Instrument
organ; mechanism; facility; engine	Orgel; Mechanismus; Einrichtung; Motor
organic	organisch
organism	Organismus
organization	Organisation
organization; association	Organisation; Verein
organization; composition	Organisation; Zusammensetzung
organizational	organisatorisch
organize	organisieren
organized	organisiert
organizer	Veranstalter
orientation	Orientierung
origin	Herkunft
origin (coordinates); starting point	Ursprung (Koordinaten); Ausgangspunkt
origin; beginning	Herkunft; Anfang
origin; beginning; rise	Herkunft; Anfang; steigen
origin; primeval	Herkunft; urzeitlich
original	Original
original (text)	Original (Text)
original document	Originaldokument
original form; base form	ursprüngliche Form; Grundform
original work	Originalarbeit
original; primitive; primary; fundamental; raw	Original; Primitive; primär; grundlegend; roh
originally	ursprünglich
originally; by nature; from the start	ursprünglich; von Natur aus; Von Anfang an
originally; primarily; essentially; logically; naturally	ursprünglich; in erster Linie; im Wesentlichen; logisch; natürlich
originate	entstehen
orphan	Waise
other	andere
other (esp. places and things)	andere (insbesondere Orte und Dinge)
other place; the rest	anderer Ort; der Rest
otherwise	sonst
ought	sollte
our	unser
our person in charge	unser Verantwortlicher
ours	unseres
ourselves	uns selbst
out	raus
out of the blue	aus heiterem Himmel
outbreak	Ausbruch
outcome	Ergebnis
outdoor	im Freien
outdoors	im Freien
outer	außen
outfit	Outfit
outgoing	kontaktfreudig
outing	Ausflug
outing; going out	Ausflug; ausgehen
outlet	Steckdose
outline	Umriss
outline; summary; gist; in brief	Umriss; Zusammenfassung; Kern; kurz gesagt
outlook	Ausblick
outnumber	zahlenmäßig überlegen
output	Ausgabe
outrage	Empörung
outside	draußen
outside the area	außerhalb des Bereichs
outsider	Außenseiter
outskirts	Stadtrand
outstanding	hervorragend
outward appearance	äußeres Erscheinungsbild
oven	Ofen
over	vorbei
over there	da drüben
over there, that place over there	dort drüben, dieser Ort dort drüben
overall	insgesamt
overall victory; championship	Gesamtsieg; Meisterschaft
overbearing; coercive; pushy; forcible; high-handed	anmaßend; Zwang; aufdringlich; gewaltsam; hochmütig
overcome	überwinden
overlook	übersehen
overly	übermäßig
overnight	über Nacht
overseas	im Ausland
overseas / abroad	Übersee / Ausland
overseas student	ausländischer Student
oversee	beaufsichtigen
overtime work	Überstundenarbeit
overturn	umkippen
overwhelm	überwältigen
overwhelming	überwältigend
overwork; strain	Überarbeitung; Belastung
owe	schulden
owl	Eule
own	besitzen
owner	Besitzer
ownership	Eigentum
oxygen	Sauerstoff
p.m. / afternoon	Uhr / Nachmittag
pace	Tempo
pack	Packung
package	Paket
packed tightly	dicht gepackt
packet	Paket
packing (in cans); canning; canned goods; tin can	Verpackung (in Dosen); Konserven; Konserven; Blechdose
packing; baling; crating	Verpackung; Ballenpressen; Kiste
packing; wrapping	Verpackung; Verpackung
pad	Pad
paddy field; farm	Reisfeld; Bauernhof
page	Seite
pain	Schmerz
pain; ache; sore; grief; distress	Schmerz; schmerzen; wund; Kummer; Not
pain; agony	Schmerz; Qual
pain; trouble	Schmerz; Ärger
painful	schmerzhaft
painful / hard	schmerzhaft / hart
painful / hurts	schmerzhaft / tut weh
painful; difficult	schmerzhaft; schwierig
painful; heart-breaking	schmerzhaft; herzzerreißend
paint	malen
painter	Maler
painter; artist	Maler; Künstler
painting	Malerei
painting; picture; drawing	Malerei; Bild; Zeichnung
pair	Paar
pair; couple; set	Paar; Paar; eingestellt
pajamas	Pyjamas
palace	Palast
pale	blass
pale; pallid	blass; blass
palm	Palme
pan	Pfanne
panda	Panda
pandemic	Pandemie
panel	Panel
panic	Panik
pants	Hosen
paper	Papier
paper money; notes; bills	Papiergeld; Notizen; Rechnungen
paper sliding door	Schiebetür aus Papier
parade	Parade
paradigm	Paradigma
paradise	Paradies
paradox	Paradoxon
paragraph	Absatz
parallel	parallel
parameter	Parameter
paramount	von größter Bedeutung
parcel; package	Paket; Paket
pardon; forgiveness; forbearance	Verzeihung; Vergebung; Nachsicht
parent	Elternteil
parental	elterlich
parenthesis; brackets	Klammer; Klammern
parents	Eltern
parish	Pfarrei
park	Park
parking	Parkplatz
parking (e.g. car)	Parken (z. B. Auto)
parking lot	Parkplatz
parliament	Parlament
parliamentary	parlamentarisch
parlor; guest room	Salon; Gästezimmer
part	Teil
part of word written in kana	Teil eines in Kana geschriebenen Wortes
part-time	Teilzeit
part-time job	Teilzeitjob
part; assigning (allotment of) parts; role; duties	Teil; Zuteilung (Zuteilung) von Teilen; Rolle; Pflichten
partial	teilweise
partially	teilweise
participant	Teilnehmer
participate	teilnehmen
participation	Teilnahme
participation; taking part in; participating in; being concerned in	Teilnahme; teilnehmen; Teilnahme an; besorgt sein
particular	besonders
particular case	Einzelfall
particularly	besonders
particularly; especially	insbesondere; besonders
parting	Abschied
parting; separation; farewell	Abschied; Trennung; Abschied
partly	teilweise
partner	Partner
partnership	Partnerschaft
parts; accessories	Teile; Zubehör
party	Party
party (political)	Partei (politisch)
party of ... people	Partei von ... Leuten
party; banquet	Partei; Bankett
pass	passieren
passable	passabel
passage	Durchgang
passage through; passing	Durchgang durch; vorbei
passage; expiration; progress	Durchgang; Ablauf; Fortschritt
passage; passing	Durchgang; vorbei
passage; pathway	Durchgang; Weg
passage; place; point; part	Durchgang; Ort; Punkt; Teil
passbook	Sparbuch
passenger	Passagier
passing	vorbei
passion	Leidenschaft
passionate	leidenschaftlich
passive	passiv
passport	Reisepass
password	Passwort
past	Vergangenheit
past (the hour)	Vergangenheit (die Stunde)
past events; bygones	vergangene Ereignisse; Vergangenheit
past; after	Vergangenheit; danach
pasta	Nudeln
paste; starch	einfügen; Stärke
pastor	Pfarrer
pastry	Gebäck
patch	Patch
patent	Patent
path	Pfad
pathway	Weg
patience	Geduld
patience / perseverance	Geduld / Ausdauer
patience; endurance; perseverance	Geduld; Ausdauer; Ausdauer
patient	geduldig
patrol	Patrouille
patron	Patron
pattern	Muster
pattern; figure; design	Muster; Figur; Design
paulownia tree	Paulownia-Baum
pause	Pause
pay	zahlen
payment	Zahlung
payment / checkout	Zahlung / Kasse
payment; allowance	Zahlung; Zulage
peace	Frieden
peace; harmony	Frieden; Harmonie
peaceful	friedlich
peach	Pfirsich
peach pink	Pfirsichrosa
peak	Höhepunkt
peasant	Bauer
peculiar	eigenartig
peculiarity; uniqueness; characteristic	Besonderheit; Einzigartigkeit; Charakteristisch
pedestrian traffic	Fußgängerverkehr
peer	Peer
pen	Stift
penalty	Strafe
penalty; sentence; punishment	Strafe; Satz; Bestrafung
pencil	Bleistift
penetration; invasion; raid; aggression; trespass	Penetration; Invasion; Überfall; Aggression; Hausfriedensbruch
penguin	Pinguin
peninsula	Halbinsel
penmanship	Schreibkunst
penny	Penny
pension	Rente
people	Menschen
pepper	Pfeffer
per	pro
per cent	Prozent
perceive	wahrnehmen
percentage	Prozentsatz
perception	Wahrnehmung
perception; intuition; the sixth sense	Wahrnehmung; Intuition; der sechste Sinn
perfect	perfekt
perfect score	perfekte Punktzahl
perfection; completeness	Perfektion; Vollständigkeit
perfection; completeness; flawless	Perfektion; Vollständigkeit; einwandfrei
perfection; harmony; peace; smoothness; completeness; satisfaction; integrity	Perfektion; Harmonie; Frieden; Glätte; Vollständigkeit; Zufriedenheit; Integrität
perfectly	perfekt
perform	durchführen
performance	Leistung
perfume	Parfüm
perhaps	vielleicht
perhaps; probably	vielleicht; wahrscheinlich
period	Zeitraum
period / duration	Zeitraum / Dauer
period; term	Zeitraum; Begriff
period; time	Zeitraum; Zeit
permanent	dauerhaft
permanently	dauerhaft
permission	Erlaubnis
permission; approval	Erlaubnis; Zustimmung
permission; pardon	Erlaubnis; Verzeihung
permit	erlauben
perpetuate	verewigen
persist	bestehen bleiben
persistent	hartnäckig
person	Person
person; way of doing	Person; Art zu tun
personal	persönlich
personal computer	Personalcomputer
personal expenses; pocket money; spending money; incidental expenses; allowance	persönliche Ausgaben; Taschengeld; Geld ausgeben; Nebenkosten; Zulage
personal history; career	persönliche Geschichte; Karriere
personality	Persönlichkeit
personally	persönlich
personnel	Personal
persons; this and that; here and there; everywhere	Personen; dies und das; hier und da; überall
perspective	Perspektive
perspective; unobstructed view; outlook; forecast; prospect; insight	Perspektive; freie Sicht; Ausblick; Vorhersage; Aussicht; Einsicht
persuade	überzeugen
persuasive	überzeugend
pertinent; appropriate; adequate; relevance	relevant; geeignet; angemessen; Relevanz
pervasive	allgegenwärtig
pessimistic	pessimistisch
pet	Haustier
petition	Petition
petrol	Benzin
pharmacy	Apotheke
pharmacy; drugstore	Apotheke; Drogerie
phase	Phase
phenomenon	Phänomen
philosopher	Philosoph
philosophical	philosophisch
philosophy	Philosophie
phone	Telefon
phone extension; indoor wiring; inner line	Telefonerweiterung; Innenverkabelung; innere Linie
phone number	Telefonnummer
photo	Foto
photograph	Foto
photographer	Fotograf
photographing	Fotografieren
photography	Fotografie
phrase	Satz
phrase; complaint	Phrase; Beschwerde
physical	körperlich
physical education	Sportunterricht
physical education; gymnastics; athletics	Sportunterricht; Gymnastik; Leichtathletik
physician	Arzt
physics	Physik
piano	Klavier
pick	wählen
pickpocket	Taschendieb
picture	Bild
picture / painting	Bild / Gemälde
picture book	Bilderbuch
picture; photograph	Bild; Foto
piece	Stück
pig	Schwein
pile	Haufen
pill	Pille
pillow	Kissen
pillow; bolster	Kissen; stärken
pilot	Pilot
pin	Stift
pineapple	Ananas
pink	rosa
pioneer	Pionier
pipe	Rohr
pipe; tube	Rohr; Rohr
pipeline	Pipeline
pirate	Pirat
pit	Grube
pitch	Tonhöhe
pitch black	pechschwarz
pitiful; a pity	erbärmlich; Schade
pity	Schade
pivotal	ausschlaggebend
pizza	Pizza
place	Ort
place / spot	Ort / Ort
place name	Ortsname
place of origin; habitat	Herkunftsort; Lebensraum
place of work	Arbeitsplatz
place where things are sold	Ort, an dem Dinge verkauft werden
place; field (physics)	Ort; Fachgebiet (Physik)
place; situation; position; location	Ort; Situation; Position; Standort
placement	Platzierung
plain	schlicht
plain; open field	schlicht; offenes Feld
plain; simple	schlicht; einfach
plain; unfigured	schlicht; unfiguriert
plaintiff	Kläger
plan	planen
plan / project	Plan / Projekt
plan; design	planen; Design
plan; project; schedule; scheme; program	planen; Projekt; Zeitplan; Schema; Programm
plan; suffix meaning draft	planen; Suffix bedeutet Entwurf
plane	Flugzeug
plane ticket	Flugticket
planet	Planet
planning	Planung
planning; project	Planung; Projekt
plant	Pflanze
plant; vegetation	Pflanze; Vegetation
plastic	Kunststoff
plate	Platte
plate; dish	Teller; Gericht
plateau	Plateau
platform	Plattform
platform / boarding area	Plattform / Einstiegsbereich
platform / stop	Plattform / Haltestelle
plausible	plausibel
play	spielen
play (theatrical)	Theaterstück (Theater)
play; drama	spielen; Drama
playback	Wiedergabe
player	Spieler
plaza	Platz
plea	Bitte
plead	plädieren
pleasant	angenehm
pleasant; agreeable	angenehm; angenehm
pleasant; agreeable; comfortable	angenehm; angenehm; bequem
pleasant; happy	angenehm; glücklich
please	Bitte
please (go ahead)	bitte (machen Sie weiter)
please come (respect request)	Bitte kommen Sie (Respektwunsch)
please command (humble)	bitte befehlen (demütig)
please confirm	Bitte bestätigen Sie
please consider	Bitte bedenken Sie
please find enclosed	finden Sie bitte beiliegend
please forgive / allow	bitte verzeihen/erlauben
please give it a read	Bitte lesen Sie es durch
please let me know (humble)	Bitte lassen Sie es mich wissen (bescheiden)
please look (respect request)	Bitte schauen Sie (Respektanfrage)
please review (respect)	bitte überprüfen (Respekt)
please speak slowly	Bitte sprechen Sie langsam
please tell me	Bitte sag es mir
please treat me well	Bitte behandle mich gut
please wait a moment	Bitte warten Sie einen Moment
please write it	Bitte schreib es
please; kindly; by all means	bitte; freundlich; auf jeden Fall
pleased	erfreut
pleased to meet you	Ich freue mich, Sie kennenzulernen
pleasure	Vergnügen
pleasure; amusement	Vergnügen; Unterhaltung
pledge	Versprechen
plenty	reichlich
plot	Handlung
plot of land; lot; soil	Grundstück; viel; Boden
plug	Stecker
plum; plum-tree; lowest (of a three-tier ranking system)	Pflaume; Pflaumenbaum; niedrigster Wert (eines dreistufigen Rankingsystems)
plummet	stürzen
plunge	stürzen
plural; multiple	Plural; mehrfach
plus	plus
pocket	Tasche
poem	Gedicht
poem; verse of poetry	Gedicht; Vers der Poesie
poet	Dichter
poetry	Poesie
point	Punkt
point of view	Standpunkt
point out	darauf hinweisen
point; dot	Punkt; Punkt
point; gist; essentials; outline	Punkt; Kern; Wesentliches; Umriss
pointed	spitz
pointed end; tip; fine point	spitzes Ende; Tipp; feiner Punkt
pointed; sharp	spitz; scharf
poison	Gift
poison; toxicant	Gift; giftig
poisonous	giftig
pole	Pol
pole; rod; stick	Stange; Stange; Stock
police	Polizei
police box	Polizeiwache
police inspector	Polizeiinspektor
police officer	Polizist
police station	Polizeistation
police; police station	Polizei; Polizeistation
police; policeman	Polizei; Polizist
policeman	Polizist
policeman (friendly term)	Polizist (freundliche Bezeichnung)
policy	Politik
polite	höflich
polite / careful	höflich / vorsichtig
political	politisch
politician	Politiker
politics	Politik
politics; government	Politik; Regierung
poll	Umfrage
pollen	Pollen
pollution	Verschmutzung
pollution; contamination	Umweltverschmutzung; Kontamination
pomp; splendor; gaudiness	Pomp; Pracht; Knalligkeit
pond	Teich
pool	Pool
poor	arm
poor (at); weak (in); dislike (of)	arm (bei); schwach (in); Abneigung (gegen)
poor; needy	arm; bedürftig
poor; pitiable; pathetic	arm; bedauernswert; erbärmlich
pop	Pop
popcorn	Popcorn
popular	beliebt
popular use; circulation	beliebte Verwendung; Zirkulation
popularity	Popularität
popularity; favorable reputation	Popularität; guten Ruf
popularity; prosperous	Popularität; wohlhabend
population	Bevölkerung
porcelain bowl; bowl of rice with food on top	Porzellanschale; Schüssel Reis mit Essen darauf
pork	Schweinefleisch
pork cutlet	Schweinekotelett
port	Hafen
port / harbor	Hafen / Hafen
portfolio	Portfolio
portion	Portion
portion; section; part	Portion; Abschnitt; Teil
portrait	Porträt
portray	darstellen
pose	Pose
position	Position
positive	positiv
positive; active; proactive	positiv; aktiv; proaktiv
positive; affirmation	positiv; Bestätigung
possess	besitzen
possession	Besitz
possibility	Möglichkeit
possible	möglich
possible; practicable; feasible	möglich; möglich; machbar
possibly	möglicherweise
post	Beitrag
post office	Postamt
post-war	Nachkriegszeit
postage stamp	Briefmarke
postage; carriage	Porto; Kutsche
postal stamps	Briefmarken
postcard	Postkarte
poster	Plakat
postpone	verschieben
postponement	Verschiebung
postponement; adjournment	Aufschub; Vertagung
postulate	postulieren
postulation	Postulation
pot	Topf
potato	Kartoffel
potential	Potenzial
potentially	möglicherweise
pound	Pfund
pour	gießen
poverty	Armut
powder	Pulver
power	Macht
power / effort	Kraft/Anstrengung
power / strength	Kraft/Stärke
power; authority; influence	Macht; Behörde; Einfluss
power; authority; jurisdiction	Macht; Behörde; Gerichtsstand
power; might; authority; influence	Macht; könnte; Behörde; Einfluss
powerful	mächtig
practical	praktisch
practical use; utility	praktischer Nutzen; Dienstprogramm
practical; actual condition; status quo	praktisch; tatsächlicher Zustand; Status Quo
practice	üben
practice; exercises; manoeuvers	üben; Übungen; Manöver
practice; experience	üben; Erfahrung
practice; performance; execution (e.g. program); realization	üben; Leistung; Ausführung (z. B. Programm); Erkenntnis
practice; training	üben; Ausbildung
practice; training; study	üben; Ausbildung; studieren
practise	üben
practitioner	Praktiker
pragmatic	pragmatisch
praise	Lob
pray	bete
prayer	Gebet
prayer; supplication	Gebet; Flehen
preach	predigen
precede	vorausgehen
precedent	Präzedenzfall
precious	kostbar
precious; valuable	kostbar; wertvoll
precious; valuable; priceless; noble; exalted; sacred	kostbar; wertvoll; unbezahlbar; edel; erhaben; heilig
precipitate	Niederschlag
precise	präzise
precise; accurate	präzise; genau
precisely	genau
precision	Präzision
preclude	ausschließen
predator	Raubtier
predecessor	Vorgänger
predicate	Prädikat
predict	vorhersagen
predictable	vorhersehbar
prediction	Vorhersage
prediction; estimation	Vorhersage; Schätzung
predominant	vorherrschend
predominantly	überwiegend
prefectural governor	Präfekturgouverneur
prefectural office	Präfekturbüro
prefecture	Präfektur
prefer	lieber
preference	Präferenz
pregnancy	Schwangerschaft
pregnant	schwanger
prejudice	Vorurteil
preliminary	vorläufig
preliminary investigation; preparation	Voruntersuchung; Vorbereitung
premier	Premier
premise	Prämisse
premium	Prämie
preparation	Vorbereitung
preparation (for class)	Vorbereitung (auf den Unterricht)
preparation for a lesson	Vorbereitung auf eine Unterrichtsstunde
preparation of lessons	Vorbereitung des Unterrichts
preparation; arrangements; provision; reserve	Vorbereitung; Arrangements; Bestimmung; reservieren
preparation; preliminaries; reserve; spare	Vorbereitung; Vorrunden; reservieren; Ersatz
prepare	vorbereiten
prepared	vorbereitet
prescribe	verschreiben
prescription	Rezept
presence	Präsenz
presence; dignity	Präsenz; Würde
present	vorhanden
present condition; existing state; status quo	gegenwärtiger Zustand; bestehender Zustand; Status Quo
present day	Gegenwart
present, gift	Geschenk, Geschenk
present; current; in operation	vorhanden; aktuell; in Betrieb
present; souvenir	vorhanden; Souvenir
present; up to now; nowadays; modern times; current	vorhanden; bisher; heutzutage; Neuzeit; aktuell
presentation	Präsentation
presentation; submission; filing	Präsentation; Vorlage; Einreichung
presenting to the public	der Öffentlichkeit präsentieren
presently	derzeit
preservation	Erhaltung
preservation / save	Bewahren / Speichern
preservation; conservation; storage; maintenance	Konservierung; Erhaltung; Lagerung; Wartung
preserve	bewahren
preside	präsidieren
presidency	Präsidentschaft
president	Präsident
president of a company	Präsident eines Unternehmens
president; chief executive	Präsident; Hauptgeschäftsführer
presidential	präsidial
press	drücken
pressure	Druck
pressure; coercion; oppression	Druck; Zwang; Unterdrückung
prestigious	prestigeträchtig
presumably	vermutlich
presume	vermuten
presumption; assumption; estimation	Vermutung; Annahme; Schätzung
pretend	so tun als ob
pretty	hübsch
pretty; clean; nice; tidy; beautiful; fair	hübsch; sauber; Hübsch; ordentlich; Schön; gerecht
pretty; cute; lovely; charming; dear; darling; pet	hübsch; Niedlich; schön; charmant; Liebling; Schatz; Haustier
prevail	sich durchsetzen
prevalence	Prävalenz
prevent	verhindern
prevention	Prävention
prevention of crime	Kriminalitätsprävention
prevention; check	Prävention; überprüfen
prevention; precaution; protection against	Prävention; Vorsorge; Schutz vor
previous	vorherige
previously	vorher
prey	Beute
price	Preis
price; cost	Preis; Kosten
price; payment; cost; charge	Preis; Zahlung; kosten; Gebühr
price; value; cost	Preis; Wert; Kosten
prices	Preise
prices of commodities; prices (in general)	Preise von Waren; Preise (allgemein)
pride	Stolz
pride; boast	Stolz; prahlen
pride; triumph; prosperity	Stolz; Triumph; Wohlstand
priest	Priester
primarily	in erster Linie
primary	primär
prime	Primzahl
prince	Prinz
princess	Prinzessin
principal	Schulleiter
principle	Prinzip
principle; general rule	Prinzip; allgemeine Regel
principle; theory; fundamental truth	Prinzip; Theorie; grundlegende Wahrheit
print	drucken
printer	Drucker
printing	Drucken
printing type	Drucktyp
prior	vor
prioritize	priorisieren
priority	Priorität
prison	Gefängnis
prisoner	Gefangener
privacy	Privatsphäre
private	privat
private (establishment)	privat (Einrichtung)
private railway	Privatbahn
private; civilian; civil; popular; folk; unofficial	privat; Zivilist; bürgerlich; beliebt; Volk; inoffiziell
privatization	Privatisierung
privilege	Privileg
prize	Preis
prize; award	Preis; Auszeichnung
prize; monetary award	Preis; Geldpreis
prize; trophy	Preis; Trophäe
proactive	proaktiv
probability	Wahrscheinlichkeit
probable	wahrscheinlich
probably	wahrscheinlich
probably; maybe	wahrscheinlich; vielleicht
probe	Sonde
problem	Problem
problem / question	Problem / Frage
problematic	problematisch
procedure	Verfahren
procedure; (legal) process; formalities	Verfahren; (Rechts-)Prozess; Formalitäten
proceed	fortfahren
proceeding	geht weiter
proceeding to the capital (Tokyo)	Weiterfahrt in die Hauptstadt (Tokio)
proceeds	Erlöse
process	Prozess
process / steps	Prozess / Schritte
processing	Verarbeitung
processing / handling	Verarbeitung/Handhabung
processing; dealing with; treatment; disposition; disposal	Verarbeitung; Umgang mit; Behandlung; Anordnung; Entsorgung
processor	Prozessor
proclaim	verkünden
produce	produzieren
produce (e.g. agricultural); crops	Produkte (z. B. landwirtschaftliche Erzeugnisse); Nutzpflanzen
producer	Produzent
producing area	Produktionsgebiet
product	Produkt
production	Produktion
production (e.g. play); direction	Produktion (z. B. Theaterstück); Richtung
production cut	Produktionskürzung
production; literary creation; work	Produktion; literarisches Schaffen; Arbeit
production; manufacture	Produktion; Herstellung
productive	produktiv
productivity	Produktivität
profession	Beruf
professional	professionell
professor	Professor
profile	Profil
profit	Gewinn
profit margin	Gewinnspanne
profitable	profitabel
profits; gains; (political; economic) interest	Gewinne; Gewinne; (politisches; wirtschaftliches) Interesse
profound	tiefgründig
program	Programm
program / show	Programm / Show
programme	Programm
programmer	Programmierer
programming	Programmierung
progress	Fortschritt
progress / course	Fortschritt / Kurs
progress; development	Fortschritt; Entwicklung
progressive	progressiv
prohibit	verbieten
prohibition	Verbot
prohibition; ban	Verbot; Verbot
project	Projekt
projection	Projektion
prolific	produktiv
prominent	prominent
promise	Versprechen
promise / appointment	Zusage / Termin
promise; appointment	Versprechen; Termin
promising	vielversprechend
promote	fördern
promotion	Förderung
promotion / drive	Werbung / Antrieb
prompt	Aufforderung
pronoun	Pronomen
pronounce	aussprechen
pronounced	ausgesprochen
pronunciation	Aussprache
pronunciation key	Ausspracheschlüssel
proof	Beweis
proof / certification	Nachweis / Zertifizierung
proof; verification	Beweis; Beweis; Überprüfung
propaganda	Propaganda
propaganda; publicity	Propaganda; Werbung
propensity	Neigung
proper	richtig
properly	richtig
property	Eigentum
property; fortune; assets	Eigentum; Vermögen; Vermögenswerte
proportion	Anteil
proposal	Vorschlag
proposal; proposition; suggestion	Vorschlag; Satz; Vorschlag
propose	vorschlagen
proposition	Vorschlag
prosecute	strafrechtlich verfolgen
prosecution	Strafverfolgung
prosecutor	Staatsanwalt
prospect	Aussicht
prospective	prospektiv
prosperity	Wohlstand
prosperous conditions; healthy economy	wohlhabende Bedingungen; gesunde Wirtschaft
protect	schützen
protection	Schutz
protective	schützend
protein	Protein
protest	Protest
protester	Demonstrant
protocol	Protokoll
proud	stolz
prove	beweisen
proverb; maxim	Sprichwort; Maxime
provide	bereitstellen
provided that	vorausgesetzt, dass
province	Provinz
provincial	provinziell
provision	Bereitstellung
provisions; rations	Bestimmungen; Rationen
provoke	provozieren
psychiatric	psychiatrisch
psychological	psychologisch
psychologist	Psychologe
psychology	Psychologie
pub	Kneipe
public	öffentlich
public (institution)	öffentlich (Institution)
public appeal; public contribution	öffentliche Anziehungskraft; öffentlicher Beitrag
public corporation	Körperschaft des öffentlichen Rechts
public entertainment; accomplishments; attainments	öffentliche Unterhaltung; Erfolge; Errungenschaften
public nuisance; pollution	öffentliche Belästigung; Verschmutzung
public performance	öffentliche Aufführung
public prosecutor	Staatsanwalt
public release	öffentliche Veröffentlichung
public; community; public service; society; communal	öffentlich; Gemeinschaft; Öffentlicher Dienst; Gesellschaft; gemeinschaftlich
publication	Veröffentlichung
publication; issue	Veröffentlichung; Problem
publicity	Werbung
publish	veröffentlichen
publishing	Veröffentlichung
puckery juice	kräuteriger Saft
puffy; a breath; a pause; an effort	geschwollen; ein Atemzug; eine Pause; eine Anstrengung
pull	ziehen
pulse	Puls
pump	Pumpe
pumpkin	Kürbis
punch	Schlag
punctuation marks	Satzzeichen
punish	bestrafen
punishment	Bestrafung
punk	Punk
pupil	Schüler
pupil (of eye)	Pupille (des Auges)
purchase	Kauf
pure	rein
pure heart; naivete; self-sacrificing devotion	reines Herz; Naivität; aufopferungsvolle Hingabe
pure white	reinweiß
pure; true; genuine; unmixed	rein; WAHR; echt; ungemischt
purely	rein
purple	lila
purple colour; violet	violette Farbe; violett
purpose	Zweck
purpose; goal; aim; objective; intention	Zweck; Ziel; Ziel; Objektiv; Absicht
pursue	verfolgen
pursuit	Verfolgung
push	schieben
put	setzen
put off	aufschieben
put up with	ertragen
putting off; postponing	aufschieben; verschieben
putting the cart before the horse	putting the cart before the horse
puzzle	Rätsel
qualification	Qualifikation
qualified	qualifiziert
qualify	qualifizieren
qualitative difference; disparity	qualitativer Unterschied; Ungleichheit
quality	Qualität
quality; nature (of person)	Qualität; Natur (der Person)
quantify	quantifizieren
quantity	Menge
quantity; amount; volume; portion (of food)	Menge; Menge; Volumen; Portion (des Essens)
quarrel; (drunken) brawl; failure	Streit; (betrunkene) Schlägerei; Misserfolg
quarter	Viertel
quarterly (e.g. magazine)	quarterly (e.g. magazine)
queen	Königin
query	Abfrage
quest	Suche
question	Frage
question; problem; doubt; guess	Frage; Problem; zweifeln; rate mal
question; query	Frage; Abfrage
questionnaire	Fragebogen
questions and answers; dialogue	Fragen und Antworten; Dialog
queue	Warteschlange
queue; line; row	Warteschlange; Linie; Reihe
quick	schnell
quickly	schnell
quiet	ruhig
quiet; calm; leisurely	ruhig; ruhig; gemächlich
quietly	leise
quit	aufhören
quite	ganz
quite right; plausible; natural; but then; although	ganz richtig; plausibel; natürlich; aber dann; obwohl
quite; entirely; completely; at all; as if; as though; so to speak	ganz; vollständig; vollständig; überhaupt; als ob; als ob; sozusagen
quite; very	ganz; sehr
quota	Quote
quotation	Zitat
quotation; citation	Zitat; Zitat
quote	Zitat
rabbit	Kaninchen
rabbit; hare; cony	Kaninchen; Hase; Cony
race	Rennen
race (of people)	Rasse (von Menschen)
racial	rassisch
racing	Rennen
racism	Rassismus
racist	rassistisch
radar	Radar
radiation	Strahlung
radical	radikal
radical (of a kanji character)	radical (of a kanji character)
radio	Radio
radio wave	Radiowelle
radius	Radius
rage	Wut
raid	Überfall
rail	Schiene
railroad	Eisenbahn
railway	Eisenbahn
railway bridge; iron bridge	Eisenbahnbrücke; Eisenbrücke
railway crossing; level crossing; starting line; scratch; crossover	Bahnübergang; Bahnübergang; Start; kratzen; Crossover
rain	Regen
rain gear	Regenbekleidung
rainbow	Regenbogen
rainbow-colored	regenbogenfarben
raincoat	Regenmantel
rainy	regnerisch
rainy season	Regenzeit
rainy season; rain during the rainy season	Regenzeit; rain during the rainy season
rainy weather	regnerisches Wetter
raise	erhöhen
rally	Kundgebung
ramen	Ramen
random	zufällig
range	Bereich
rank	Rang
ranking	Rangliste
rape	Vergewaltigung
rapid	schnell
rapid (e.g. progress)	schnell (z. B. Fortschritt)
rapidly	schnell
rare	selten
rare; seldom	selten; selten
rarely	selten
rarely (with neg. verb); seldom	selten (mit neg. Verb); selten
rarely (with negative)	selten (mit Negativ)
rash; thoughtless; careless; hasty	Ausschlag; gedankenlos; nachlässig; hastig
rat	Ratte
rate	Rate
rate; ratio; percentage	Rate; Verhältnis; Prozentsatz
rate; ratio; proportion; percentage	Rate; Verhältnis; Anteil; Prozentsatz
rather	eher
rather (might as well)	eher (vielleicht auch)
rather / instead	eher / stattdessen
rather; better; instead	vielmehr; besser; stattdessen
rating	Bewertung
ratio	Verhältnis
rational	rational
rationale	Begründung
raw	roh
raw food	Rohkost
raw materials	Rohstoffe
ray	Strahl
razor	Rasiermesser
reach	erreichen
react	reagieren
reaction	Reaktion
read	lesen
reader	Leser
readily	ohne weiteres
reading	Lesen
ready	fertig
real	echt
real thing; original	echte Sache; Original
realistic	realistisch
reality	Realität
realization	Erkenntnis
realize	erkennen
really	wirklich
really (questioning)	wirklich (fragend)
really (very polite)	wirklich (sehr höflich)
really dislike, really hate	really dislike, really hate
really like, like a lot	gefällt mir wirklich, gefällt mir sehr
really; truly; entirely; completely	wirklich; wirklich; vollständig; völlig
really?	wirklich?
realm	Reich
rear	hinten
rearing; training; nurture; cultivation; promotion	Aufzucht; Ausbildung; nähren; Anbau; Förderung
reason	Grund
reasonable	vernünftig
reasonably	vernünftigerweise
reasoning	Argumentation
reassure	beruhigen
reassuring; emboldened	beruhigend; ermutigt
rebel	Rebell
rebellion	Rebellion
rebuild	neu aufbauen
recall	erinnern
receipt	Quittung
receipt; voucher	Quittung; Gutschein
receive	erhalten
receiver	Empfänger
receiving; dealing with	Empfangen; Umgang mit
recent	neu
recently	vor kurzem
recently / lately	vor kurzem / in letzter Zeit
reception	Empfang
reception / receiving	Empfang / Empfang
reception desk	Rezeption
reception; acceptance; enjoyment; being given	Empfang; Annahme; Vergnügen; gegeben wird
receptionist	Empfangsdame
recession	Rezession
recipe	Rezept
recipient	Empfänger
reckon	rechnen
reclamation (of wasteland); cultivation; pioneer	reclamation (of wasteland); Anbau; Pionier
recognition	Anerkennung
recognition; acknowledgement; approval; consent; agreement	Anerkennung; Anerkennung; Genehmigung; Zustimmung; Vereinbarung
recognize	erkennen
recommend	empfehlen
recommendation	Empfehlung
recommendation; advice; encouragement	Empfehlung; Beratung; Ermutigung
reconciliation; make peace with	Versöhnung; Frieden schließen mit
reconstruction	Wiederaufbau
record	aufzeichnen
record; minutes; document	aufzeichnen; Minuten; Dokument
recording	Aufnahme
recount	nacherzählen
recover	erholen
recovery	Erholung
recovery (from illness); improvement; rehabilitation; restoration	Genesung (von einer Krankheit); Verbesserung; Rehabilitation; Restaurierung
recruit	rekrutieren
recruiting; taking applications	Rekrutierung; Bewerbungen entgegennehmen
recruitment	Rekrutierung
rectangle; oblong	Rechteck; länglich
recycle	recyceln
red	rot
reduce	reduzieren
reduction	Reduzierung
reduction; curtailment	Reduzierung; Kürzung
redundant	überflüssig
reed; bulrush	Schilf; Binse
refer	verweisen
referee	Schiedsrichter
refereeing; trial; judgement; umpire; referee	Schiedsrichterwesen; Versuch; Urteil; Schiedsrichter; Schiedsrichter
reference	Referenz
reference; consultation	Referenz; Beratung
referendum	Referendum
refill / second helping	Nachfüllen / Nachschlag
reflect	reflektieren
reflection	Reflexion
reflection; image	Reflexion; Bild
reflection; influence	Reflexion; Einfluss
reflection; reconsideration; introspection; meditation; contemplation	Reflexion; erneute Überlegung; Selbstbeobachtung; Meditation; Kontemplation
reform	Reform
reform; innovation	Reform; Innovation
reform; reformation; innovation	Reform; Reformation; Innovation
refreshing	erfrischend
refrigerator	Kühlschrank
refuge	Zuflucht
refugee	Flüchtling
refusal	Ablehnung
refusal; rejection	Ablehnung; Ablehnung
refuse	ablehnen
refute	widerlegen
regain	wiedergewinnen
regard	Respekt
regardless	Egal
regardless of	egal
regime	Regime
region	Region
regional	regional
register	registrieren
registration	Registrierung
registration card	Registrierungskarte
regret	Bedauern
regret; repentance	Bedauern; Reue
regrettable; disappointing; precious	bedauerlich; enttäuschend; kostbar
regrettable; mortifying; vexing	bedauerlich; demütigend; ärgerlich
regular	regelmäßig
regular holiday	regulärer Feiertag
regularly	regelmäßig
regulate	regulieren
regulation	Regulierung
regulation / rule	Vorschrift / Regel
regulation; adjustment; control	Regulierung; Einstellung; Kontrolle
regulation; adjustment; tuning	Regulierung; Einstellung; Tuning
regulation; provisions	Regulierung; Bestimmungen
regulations	Vorschriften
regulator	Regler
regulatory	regulatorisch
rehabilitation	Rehabilitation
reign	Herrschaft
reinforce	verstärken
reissue	Neuauflage
reiterate	wiederholen
reject	ablehnen
rejection	Ablehnung
relate	beziehen
related	verwandt
relation	Beziehung
relation(ship)	Beziehung(Schiff)
relation; connection; relevance	Beziehung; Verbindung; Relevanz
relation; kin	Beziehung; Verwandte
relation; relationship	Beziehung; Beziehung
relationship	Beziehung
relative	relativ
relatively	relativ
relatively; comparitively	relativ; vergleichsweise
relatives	Verwandte
relax	entspannen
relaxed	entspannt
relaxing	entspannend
release	freigeben
release; liberation; emancipation	Veröffentlichung; Befreiung; Emanzipation
relevance	Relevanz
relevant	relevant
reliability	Zuverlässigkeit
reliable	zuverlässig
reliable; trustworthy; hopeful; promising	zuverlässig; vertrauenswürdig; hoffnungsvoll; vielversprechend
reliance; trust; confidence	Vertrauen; Vertrauen; Vertrauen
relief	Erleichterung
relief / peace of mind	Erleichterung / Seelenfrieden
relief; aid; rescue	Erleichterung; Hilfe; Rettung
relief; aid; rescue; salvation; help	Erleichterung; Hilfe; Rettung; Erlösung; Hilfe
relief; mitigation	Erleichterung; Milderung
relief; rescue; reinforcement	Erleichterung; Rettung; Verstärkung
relieve	entlasten
relieved	erleichtert
religion	Religion
religious	religiös
reluctant	widerwillig
rely	Verlassen Sie sich
remain	bleiben
remainder	Rest
remains	bleibt
remark	Bemerkung
remarkable	bemerkenswert
remarkably	bemerkenswert
remedy	Abhilfe
remember	Denken Sie daran
remind	erinnern
reminder	Erinnerung
remnant; residue; remaining; left-over	Rest; Rückstand; übrig; übrig geblieben
remote	entfernt
removal	Entfernung
removal; migration; movement	Entfernung; Migration; Bewegung
remove	entfernen
render	rendern
renew	erneuern
renewable	erneuerbar
renowned	bekannt
rent	Miete
rental	Vermietung
repair	reparieren
repair; improvement	Reparatur; Verbesserung
repair; mending	Reparatur; reparieren
repairing; mending	reparieren; reparieren
repairs; maintenance	Reparaturen; Wartung
repeat	wiederholen
repeated	wiederholt
repeatedly	wiederholt
repeatedly; sincerely; earnestly	wiederholt; aufrichtig; ernsthaft
replace	ersetzen
replacement	Ersatz
reply	antworten
reply; answer	antworten; Antwort
report	Bericht
report; information	Bericht; Informationen
reportedly	angeblich
reporter	Reporter
reporting	Berichterstattung
represent	darstellen
representation	Darstellung
representation; agency; proxy; deputy; agent	Vertretung; Agentur; Stellvertreter; Stellvertreter; Agent
representative	Vertreter
representative; representation; delegation; type; example; model	Vertreter; Darstellung; Delegation; Typ; Beispiel; Modell
reproduce	reproduzieren
reproduction	Reproduktion
republic	Republik
republicanism; cooperation	Republikanismus; Zusammenarbeit
reputation	Ruf
request	Anfrage
request; demand; claim; urge (action); press for	Anfrage; Nachfrage; beanspruchen; Drang (Aktion); drücken Sie für
request; demand; requisition	Anfrage; Nachfrage; Anforderung
require	erfordern
requirement	Anforderung
rescue	Rettung
research	Forschung
researcher	Forscher
resemble	ähneln
resentment	Groll
reservation	Reservierung
reserve	reservieren
reserve / spare	Reserve / Reserve
reside	wohnen
residence	Wohnsitz
resident	Bewohner
resident; housing	wohnhaft; Gehäuse
residential	Wohnen
residue	Rückstand
resign	zurücktreten
resignation	Rücktritt
resilient	belastbar
resist	widerstehen
resistance	Widerstand
resolution	Auflösung
resolution; decision; vote	Auflösung; Entscheidung; abstimmen
resolution; reduction; return to origins	Auflösung; Reduktion; Rückkehr zu den Ursprüngen
resolution; resignation; readiness; preparedness	Auflösung; Rücktritt; Bereitschaft; Bereitschaft
resolution; vote; decision	Auflösung; Abstimmung; Entscheidung
resolve	lösen
resonance; sympathy	Resonanz; Sympathie
resort	Resort
resource	Ressource
resourceful	einfallsreich
resources	Ressourcen
respect	Respekt
respect; esteem; regard	Respekt; Wertschätzung; Respekt
respect; esteem; reverence; honour	Respekt; Wertschätzung; Ehrfurcht; Ehre
respect; honour	Respekt; Ehre
respective	bzw
respectively	bzw
respond	antworten
response	Antwort
response / reaction	Antwort/Reaktion
responsibility	Verantwortung
responsible	verantwortlich
rest	Ruhe
rest; break; recess; intermission	Ruhe; brechen; Aussparung; Pause
rest; break; recreation	Ruhe; brechen; Erholung
rest; holiday	Ruhe; Feiertag
rest; relief; relaxation	Ruhe; Erleichterung; Entspannung
restaurant	Restaurant
restoration	Restaurierung
restore	wiederherstellen
restraint	Zurückhaltung
restrict	einschränken
restriction	Einschränkung
restriction; restraint; limitation	Einschränkung; Zurückhaltung; Einschränkung
restroom	Toilette
restroom / toilet	Toilette / Toilette
restroom; lavatory; hand-washing	Toilette; Toilette; Händewaschen
result	Ergebnis
result; consequence	Ergebnis; Konsequenz
results; record	Ergebnisse; aufzeichnen
resume	fortfahren
resume / CV	Lebenslauf / Lebenslauf
resumption	Wiederaufnahme
retail	Einzelhandel
retain	behalten
retainer; retinue; servant	Halter; Gefolge; Diener
retire	in den Ruhestand gehen
retired	im Ruhestand
retirement	Ruhestand
retirement / resignation	Ruhestand / Rücktritt
retirement; retired person	Ruhestand; Rentner
retreat	Rückzug
retreat; backspace (BS)	Rückzug; Rücktaste (BS)
retrieve	abrufen
return	Rückkehr
return (as a token of gratitude)	zurückkommen (als Zeichen der Dankbarkeit)
return; welcome	Rückkehr; Willkommen
returning home	Heimkehr
returning to Tokyo	Rückkehr nach Tokio
reveal	enthüllen
revelation	Offenbarung
revenge	Rache
revenue	Einnahmen
reverse	umgekehrt
reverse side	Rückseite
reverse; inversion; upside down	umgekehrt; Umkehrung; auf den Kopf gestellt
reverse; opposite	umgekehrt; gegenüber
review	Rezension
review (after class)	Rückblick (nach dem Unterricht)
review / screening	Überprüfung / Screening
review of lessons	Rückblick auf den Unterricht
revise	überarbeiten
revision	Überarbeitung
revision; amendment; alteration	Überarbeitung; Änderung; Änderung
revival	Wiederbelebung
revive	wiederbeleben
revolution	Revolution
revolutionary	revolutionär
reward	Belohnung
rhetoric	Rhetorik
rhino	Nashorn
rhyme	Reim
rhythm	Rhythmus
rhythmical (e.g. melody); casual (e.g. dress); light; nimble	rhythmisch (z. B. Melodie); lässig (z. B. Kleid); Licht; flink
rice	Reis
rice / a meal	Reis / eine Mahlzeit
rice / meal	Reis / Mahlzeit
rice ball	Reisbällchen
rice bowl	Reisschüssel
rice bowl; tea cup; teacup	Reisschüssel; Teetasse; Teetasse
rice field	Reisfeld
rice planting	Reisanbau
rice-plant	Reispflanze
rice; meal	Reis; Mahlzeit
rich	reich
rich family; distinguished family	reiche Familie; angesehene Familie
rich man	reicher Mann
rich person	reicher Mensch
rid	los
riddle; puzzle; enigma	Rätsel; Puzzle; Rätsel
ride	fahren
ridge; (mountain) pass; difficult part	Grat; (Berg-)Pass; schwieriger Teil
ridiculous	lächerlich
rifle	Gewehr
right	richtig
right angle	rechter Winkel
right away	sofort
right side	rechte Seite
right; privilege	richtig; Privileg
rights	Rechte
rigorous	streng
ring	klingeln
ring finger	Ringfinger
ring; hoop; circle	Ring; Band; Kreis
riot	Aufruhr
rip	rippen
rise	steigen
rise / increase	steigen/zunehmen
rising; getting out of bed	steigend; aus dem Bett aufstehen
risk	Risiko
risk; venture; adventure	Risiko; wagen; Abenteuer
risky	riskant
ritual	Ritual
rival	Rivale
river	Fluss
river; stream	Fluss; Strom
rivers	Flüsse
road	Straße
road / street	Straße / Straße
road / way	Straße / Weg
road; highway	Straße; Autobahn
roadside tree; row of trees	Baum am Straßenrand; Reihe von Bäumen
rob	rauben
robbery	Raub
robbery; burglary	Raub; Einbruch
robot	Roboter
robust	robust
rock	Rock
rock-scissors-paper game	Stein-Schere-Papier-Spiel
rock; crag	Fels; Fels
rocket	Rakete
rod	Stab
rod; pole (e.g. for drying laundry)	Stab; Stange (z. B. zum Trocknen von Wäsche)
role	Rolle
roll	rollen
romance	Romantik
romanization; Roman letters	Romanisierung; Römische Buchstaben
romantic	romantisch
roof	Dach
roof tile	Dachziegel
rooftop	Dach
room	Zimmer
room to let	Zimmer zu vermieten
room; time to spare; emptiness	Zimmer; freie Zeit; Leere
roommate	Mitbewohner
rooster	Hahn
root	Wurzel
rope	Seil
rope; hemp	Seil; Hanf
rose	Rose
rotate	drehen
rotation	Drehung
rotation (duty)	Rotation (Pflicht)
rotation; revolution; turning	Rotation; Revolution; drehen
rough	rau
rough copy; draft	grobe Kopie; Entwurf
rough; rude; wild	rau; unhöflich; wild
roughly	ungefähr
round	rund
round; circular	rund; kreisförmig
round; circular; spherical	rund; kreisförmig; sphärisch
rounding up (fractions)	Aufrunden (Brüche)
route	Route
routine	Routine
row	Reihe
row of houses	Häuserreihe
royal	königlich
rub	reiben
rubber	Gummi
rubbish	Müll
rude	unhöflich
rude; violent; rough; lawless; unreasonable; reckless	unhöflich; gewalttätig; rauh; gesetzlos; unvernünftig; rücksichtslos
rug	Teppich
rugby	Rugby
ruin	ruinieren
rule	Regel
rule (loanword)	Regel (Lehnwort)
rule / regulation	Regel / Vorschrift
rule; control; direction	Herrschaft; Kontrolle; Richtung
ruler	Herrscher
ruler; measure	Herrscher; Herrscher; messen
ruler; monarch	Herrscher; Herrscher; Monarch
ruler; sovereign	Herrscher; Herrscher; souverän
ruling	Urteil
rumour	Gerücht
rumour; report; gossip; common talk	Gerücht; Bericht; Tratsch; gemeinsames Gespräch
run	laufen
run out of	ausgehen
runner	Läufer
running	laufen
running about in confusion	rennt verwirrt umher
running away from home; leaving home	von zu Hause weglaufen; das Haus verlassen
running fast; double time	schnell laufen; doppelte Zeit
runny nose	laufende Nase
rural	ländlich
rush	Eile
rust (colour)	Rost (Farbe)
sack	Sack
sacred	heilig
sacrifice	Opfer
sad	traurig
sadly	leider
safe	sicher
safe; vault; treasury; provider of funds	sicher; Gewölbe; Schatzkammer; Geldgeber
safety	Sicherheit
safety; peace; quietness	Sicherheit; Frieden; Ruhe
sagacious	scharfsinnig
sail	segeln
sailing	Segeln
sailor	Seemann
saint	Heiliger
sake	um Himmels willen
sake / rice wine	Sake / Reiswein
sake; alcohol	willen; Alkohol
salad	Salat
salary	Gehalt
salary; wages	Gehalt; Löhne
salaryman; company employee	Gehaltsempfänger; Mitarbeiter des Unternehmens
sale	Verkauf
sale; selling; marketing	Verkauf; Verkauf; Marketing
sales	Verkäufe
sales (selling)	Verkauf (Verkauf)
sales / business	Vertrieb / Geschäft
salesman	Verkäufer
salient	hervorstechend
salt	Salz
salty	salzig
salty (taste)	salzig (Geschmack)
same	gleich
sample	Probe
sanction	Sanktion
sand	Sand
sandals	Sandalen
sandbank	Sandbank
sandwich	Sandwich
sandwich (short version)	Sandwich (kurze Version)
sashimi	Sashimi
satellite	Satellit
satisfaction	Zufriedenheit
satisfied	zufrieden
satisfy	befriedigen
sauce	Soße
saucepan; pot	Topf; Topf
save	sparen
saving	sparen
savings	Einsparungen
saw	sah
say	sagen
scale	Skala
scale; scope; plan; structure	Maßstab; Umfang; planen; Struktur
scales; weighing machine	Waagen; Waage
scan	scannen
scandal	Skandal
scarce	knapp
scarcely	kaum
scare	erschrecken
scared	Angst
scarf	Schal
scary	beängstigend
scattered	verstreut
scattering; a scatter; dispersion	Streuung; eine Streuung; Streuung
scattering; diffusion	Streuung; Verbreitung
scenario	Szenario
scene	Szene
scene; landscape	Szene; Landschaft
scene; setting (e.g. of novel)	Szene; Schauplatz (z. B. eines Romans)
scene; spectacle	Szene; Spektakel
scene; view; prospect; outlook	Szene; Sicht; Aussicht; Ausblick
scenery	Landschaft
sceptical	skeptisch
schedule	Zeitplan
schedule (time table)	Zeitplan (Fahrplan)
schedule / timetable	Zeitplan / Zeitplan
scheme	Schema
scholar	Gelehrter
scholarship	Stipendium
scholarship; knowledge; literary ability	Stipendium; Wissen; literarisches Können
scholarship; study; learning	Stipendium; Studie; Lernen
school	Schule
school building	Schulgebäude
school lunch; providing a meal	Schulessen; Bereitstellung einer Mahlzeit
science	Wissenschaft
science; learning; scholarship	Wissenschaft; Lernen; Stipendium
scientific	wissenschaftlich
scientific society; academic meeting	wissenschaftliche Gesellschaft; akademisches Treffen
scientist	Wissenschaftler
scope	Umfang
score	punkten
score (music)	Partitur (Musik)
scorn; disdain	Verachtung; Verachtung
scratch	Kratzer
scream	schrei
screen	Bildschirm
screening	Screening
screw	Schraube
screwdriver	Schraubendreher
script	Skript
scrupulous	gewissenhaft
scrutinize	hinterfragen
scrutinizing	hinterfragend
scrutiny	Prüfung
sculpture	Skulptur
sea	Meer
sea / ocean	Meer / Ozean
sea bathing; seawater bath	Baden im Meer; Meerwasserbad
sea route	Seeweg
seal	Siegel
seal (used for signature)	Siegel (wird zur Unterschrift verwendet)
seal; stamp; mark; print	Siegel; Stempel; markieren; drucken
search	suchen
season	Saison
season; weather; cheerfulness	Jahreszeit; Wetter; Fröhlichkeit
seasoning; flavoring	Gewürze; Aroma
seat	Sitz
seat; bench	Sitz; Bank
second	zweitens
second (60th min)	Sekunde (60. Minute)
second helping; another cup	zweite Portion; noch eine Tasse
second third of a month	zweites Drittel eines Monats
secondary	sekundär
secondly	zweitens
secondly / next	zweitens / als nächstes
secret	Geheimnis
secret intention; motive	geheime Absicht; Motiv
secret; secrecy	geheim; Geheimhaltung
secretary	Sekretärin
section	Abschnitt
section (of track  etc)	Abschnitt (der Strecke usw.)
section chief	Abteilungsleiter
section manager	Bereichsleiter
sector	Sektor
secular	weltlich
secure	sicher
securities	Wertpapiere
security	Sicherheit
see	siehe
see ya	Wir sehen uns
see you (casual)	wir sehen uns (lässig)
see you again	Wir sehen uns wieder
see you later	Bis später
see you tomorrow	Bis morgen
seed	Samen
seeing one off; farewell; escort	einen verabschieden; Lebewohl; Eskorte
seek	suchen
seeker	Suchender
seem	scheinen
seemingly	scheinbar
segment	Segment
seize	ergreifen
seldom	selten
select	auswählen
selection	Auswahl
selection; choice	Auswahl; Wahl
selective	selektiv
self	selbst
self-declaration	Selbsterklärung
self-defense	Selbstverteidigung
self-government	Selbstverwaltung
self-government; autonomy	Selbstverwaltung; Autonomie
self-introduction	Selbstvorstellung
self-study	Selbststudium
selfish	egoistisch
selfishness; egoism; wilfulness; disobedience; whim	Egoismus; Egoismus; Eigensinn; Ungehorsam; Laune
sell	verkaufen
seminar	Seminar
senator	Senator
send	senden
senior	Senior
senior (at work)	Senior (bei der Arbeit)
senior members of a group	hochrangige Mitglieder einer Gruppe
sensation	Sensation
sense	Sinn
sense of touch; feeling; sensation	Tastsinn; Gefühl; Sensation
sense; sensation	Sinn; Sensation
sensible	sinnvoll
sensitive	empfindlich
sensitivity	Empfindlichkeit
sensitivity; severity (quake)	Sensibilität; Schweregrad (Beben)
sentence	Satz
sentence / text	Satz / Text
sentence in English	Satz auf Englisch
sentence; text	Satz; Text
sentiment	Gefühl
separate	getrennt
separately; individually	separat; einzeln
separation	Trennung
sequel; continuation	Fortsetzung; Fortsetzung
sequence	Reihenfolge
serial	seriell
serial; consecutive; continuity; continuing	seriell; aufeinanderfolgend; Kontinuität; weiter
series	Serie
serious	ernst
serious / diligent	ernst / fleißig
serious / grave	ernst / ernst
serious; important; grave; weighty	ernst; wichtig; Grab; gewichtig
serious; sober; diligent	ernst; nüchtern; fleißig
seriously	im Ernst
seriously ill; serious condition; critical state	schwer krank; ernste Erkrankung; kritischer Zustand
seriousness; earnestness	Ernsthaftigkeit; Ernsthaftigkeit
servant	Diener
serve	dienen
server	Server
service	Dienst
service; duty; work	Dienst; Pflicht; Arbeit
session	Sitzung
set	eingestellt
set up	einrichten
set-up	Einrichtung
setting	Einstellung
settle	regeln
settlement	Siedlung
settlement; conclusion; regulation; rule	Siedlung; Abschluss; Verordnung; Regel
settlement; solution; resolution	Siedlung; Lösung; Auflösung
settler	Siedler
seven	sieben
seven (counter)	sieben (Zähler)
seven (things)	sieben (Dinge)
seven days	sieben Tage
seven days; the seventh day	sieben Tage; der siebte Tag
seven hundred	siebenhundert
seven minutes	sieben Minuten
seven o'clock	sieben Uhr
seventeen	siebzehn
seventh	siebter
seventy	siebzig
several	mehrere
severe	schwerwiegend
severely	heftig
sewing	Nähen
sex	Sex
sex; gender	Geschlecht; Geschlecht
sexual	sexuell
sexual offender; lascivious man	Sexualstraftäter; lasziver Mann
sexuality	Sexualität
sexy	sexy
shabby; seedy	schäbig; schäbig
shade	Schatten
shade; shadow; other side	Schatten; Schatten; andere Seite
shadow	Schatten
shake	schütteln
shall	soll
shallow	flach
shallow; superficial	flach; oberflächlich
shame	schade
shame; very kind of you; sorry to trouble	Scham; sehr nett von dir; Tut mir leid, dass ich Ärger habe
shameful; indecent	beschämend; unanständig
shampoo	Shampoo
shape	Form
shape; form; posture; suitability	Form; bilden; Haltung; Eignung
shaped	geformt
share	teilen
share; stock; stump (of tree)	teilen; Aktie; Baumstumpf
shareholder	Aktionär
sharing with; participate in	Teilen mit; mitmachen
shark	Hai
sharp	scharf
sharply	scharf
shatter	zerbrechen
she	sie
she; girlfriend	sie; Freundin
shed	Schuppen
sheep	Schafe
sheer	schlicht
sheet	Blatt
shelf	Regal
shell	Schale
shell; husk; hull; chaff	Schale; Schale; Rumpf; Spreu
shell; shellfish	Schale; Schalentiere
shelter	Unterschlupf
shelves	Regale
shift	Verschiebung
shine	leuchten
shiny	glänzend
ship	Schiff
ship / boat	Schiff / Boot
ship; boat	Schiff; Boot
ship; boat; watercraft; shipping; vessel; steamship	Schiff; Boot; Wasserfahrzeuge; Versand; Schiff; Dampfschiff
shipbuilding	Schiffbau
shipping	Versand
shipping; marine transportation	Versand; Seetransport
shirt	Hemd
shock	Schock
shocked	schockiert
shocking	schockierend
shoe	Schuh
shoe store	Schuhgeschäft
shoes	Schuhe
shoot	schießen
shooting	Schießen
shop	Shop
shop / store	Geschäft / Geschäft
shop assistant	Verkäuferin
shop clerk	Verkäufer
shop staff / waiter	Ladenpersonal / Kellner
shop which handles Western-style apparel and accessories	Geschäft, das Kleidung und Accessoires im westlichen Stil verkauft
shop; business firm	Geschäft; Wirtschaftsunternehmen
shop; stand	Geschäft; stehen
shop; store	Geschäft; speichern
shopkeeper	Ladenbesitzer
shopping	Einkaufen
shopping basket	Einkaufskorb
shopping street	Einkaufsstraße
shore	Ufer
short	kurz
short (e.g. story; film)	kurz (z. B. Geschichte; Film)
short (length)	kurz (Länge)
short (stature)	klein (Wuchs)
short term	kurzfristig
short-term	kurzfristig
short; low	kurz; niedrig
shortage	Mangel
shortly	in Kürze
shorts	Shorts
shortsightedness	Kurzsichtigkeit
shot	Schuss
should	sollte
shoulder	Schulter
shout	schreien
shout; scream; outcry	schreien; schreien; Aufschrei
show	zeigen
show up	auftauchen
show; exhibition	zeigen; Ausstellung
shower	Dusche
showy; loud; gay; flashy; gaudy	auffällig; laut; schwul; auffällig; knallig
shrimp	Garnelen
shrine	Schrein
shrink	schrumpfen
shrug	Achselzucken
shut	geschlossen
shuttlecock	Federball
shy	schüchtern
shy person	schüchterner Mensch
sibling	Geschwister
siblings	Geschwister
siblings / brothers	Geschwister/Brüder
sick	krank
side	Seite
side / beside	Seite / daneben
side dish; accompaniment for rice dishes	Beilage; Beilage zu Reisgerichten
side line; second business	Seitenlinie; zweites Geschäft
side; edge; third person	Seite; Rand; dritte Person
sigh	seufz
sight	Anblick
sightseeing	Besichtigungen
sign	Zeichen
sign of life	Lebenszeichen
sign; mark	Zeichen; markieren
sign; mark; symbol	Zeichen; markieren; Symbol
sign; signal	Zeichen; Signal
sign; signboard; doorplate; poster	Zeichen; Schild; Türschild; Plakat
signal	Signal
signature	Unterschrift
signature; register	Unterschrift; registrieren
significance	Bedeutung
significant	bedeutsam
significantly	deutlich
silence	Stille
silent	still
silk	Seide
silly	albern
silver	Silber
similar	ähnlich
similarity	Ähnlichkeit
similarly	ähnlich
simple	einfach
simplicity	Einfachheit
simplicity; easiness; quasi-	Einfachheit; Leichtigkeit; quasi-
simplicity; plain	Einfachheit; schlicht
simply	einfach
simply; merely; only; solely	einfach; lediglich; nur; ausschließlich
simulate	simulieren
simulation	Simulation
simultaneous(ly); concurrent; same time; synchronous	gleichzeitig(ly); gleichzeitig; zur gleichen Zeit; synchron
simultaneous; all at once	gleichzeitig; alles auf einmal
simultaneously	gleichzeitig
sin	Sünde
sin / crime	Sünde / Verbrechen
since	seitdem
since; henceforth	seitdem; fortan
sincere	aufrichtig
sing	singen
singer	Sänger
singing	singen
single	Single
single word	einzelnes Wort
singular (number)	Singular (Zahl)
sink	sinken
sir	Herr
sister	Schwester
sisters	Schwestern
sit	sitzen
sit down	setz dich
site	Website
site; point on a map	Website; Punkt auf einer Karte
situated	gelegen
situation	Situation
situation; present state of affairs	Situation; gegenwärtiger Stand der Dinge
six	sechs
six (counter)	sechs (Zähler)
six (things)	sechs (Dinge)
six (used in legal documents)	sechs (in juristischen Dokumenten verwendet)
six days	sechs Tage
six days; sixth day of the month	sechs Tage; sechsten Tag des Monats
six hundred	sechshundert
six minutes	sechs Minuten
six o'clock	sechs Uhr
sixteen	sechzehn
sixth	Sechster
sixty	sechzig
size	Größe
skepticism	Skepsis
sketch	Skizze
sketching; drawing from nature	Skizzieren; Zeichnen aus der Natur
ski	Ski
skiing	Skifahren
skill	Geschicklichkeit
skill; cleverness	Geschicklichkeit; Klugheit
skilled	kompetent
skilled at	geschickt darin
skillful	geschickt
skillful; good at...	geschickt; gut in...
skillful; handy	geschickt; praktisch
skin	Haut
skin color	Hautfarbe
skin; hide; leather; fur; pelt; bark; shell	Haut; verstecken; Leder; Fell; Fell; bellen; Schale
skip	überspringen
skirt	Rock
skull	Schädel
sky	Himmel
sky blue	himmelblau
sky; air	Himmel; Luft
slam	zuschlagen
slap	Schlag
slash	Schrägstrich
slave	Sklave
slavery	Sklaverei
sleep	schlafen
sleep-wear; nightclothes; pyjamas; nightgown; nightdress	Nachtwäsche; Nachtwäsche; Pyjama; Nachthemd; Nachthemd
sleeping in late	lange schlafen
sleepy	schläfrig
sleeve	Ärmel
sleight of hand; conjuring trick; magic; juggling	Fingerfertigkeit; Zaubertrick; Magie; Jonglieren
slice	Scheibe
sliced raw fish	geschnittener roher Fisch
slide	Folie
sliding screen	Schiebebildschirm
sliding storm door	Schiebe-Sturmtür
slight	leicht
slightly	leicht
slip	ausrutschen
slogan	Motto
slope	Steigung
slope; hill	Steigung; Hügel
slot	Steckplatz
slow	langsam
slow / late	langsam / spät
slow; late	langsam; spät
slowly	langsam
slowly / leisurely	langsam/gemütlich
slowly; leisurely; unhurriedly	langsam; gemächlich; ohne Eile
slowly; little by little; gradually; steadily; quietly	langsam; nach und nach; schrittweise; ständig; leise
sly; cunning	schlau; listig
small	klein
small bird	kleiner Vogel
small; fine	klein; gut
smart	klug
smartly dressed; someone smartly dressed; fashion-conscious	elegant gekleidet; jemand, der elegant gekleidet ist; modebewusst
smartphone	Smartphone
smash	zerschlagen
smell	Geruch
smile	lächeln
smiling face	lächelndes Gesicht
smoke	Rauch
smoke; fumes	Rauch; Dämpfe
smoking	Rauchen
smoky	rauchig
smoky; feeling awkward	rauchig; fühle mich unbehaglich
smooth	glatt
smoothly / quietly	sanft/leise
smoothness; glassiness	Glätte; Glasigkeit
snack	Snack
snack; sweets	Snack; Süßigkeiten
snake	Schlange
snap	Schnapp
sneakers	Turnschuhe
snow	Schnee
snow storm	Schneesturm
snowy	verschneit
so	also
so / at that point	also / zu diesem Zeitpunkt
so / therefore	also / daher
so to speak	sozusagen
so-called	sog
so-so	so lala
so; therefore	also; deshalb
soak	einweichen
soaked; dripping wet	durchnässt; tropfnass
soap	Seife
soar	steigen
soba (buckwheat noodles)	Soba (Buchweizennudeln)
soba noodles	Soba-Nudeln
soccer	Fußball
social	sozial
social issue	soziales Problem
social media	soziale Medien
social position; social status	soziale Stellung; sozialer Status
social science	Sozialwissenschaft
social sciences; humanities	Sozialwissenschaften; Geisteswissenschaften
socialist	sozialistisch
society	Gesellschaft
society; public	Gesellschaft; öffentlich
society; the world; the times	Gesellschaft; die Welt; die Zeiten
sock	Socke
socks	Socken
sofa	Sofa
soft	weich
soft; tender; limp	weich; zart; schlaff
software	Software
soil	Boden
soil / dirt	Boden / Schmutz
soil / earth	Boden / Erde
solar	Solar
sold-out	ausverkauft
soldier	Soldat
soldier; sailor	Soldat; Seemann
sole	Sohle
solely	ausschließlich
solicitor	Anwalt
solid	solide
solid (body)	fest (Körper)
solid; firm; stout; burly; strong; sturdy	solide; Firma; Stout; stämmig; stark; robust
solid; hard (esp. metal; stone); unpolished writing	solide; hart (insbesondere Metall; Stein); unpolierte Schrift
solidarity	Solidarität
solo	Solo
solution	Lösung
solve	lösen
some	einige
some time ago	vor einiger Zeit
somebody	jemand
someday	eines Tages
somehow	irgendwie
somehow or other; for some reason or another	irgendwie oder anders; aus irgendeinem Grund
somehow; anyhow; one way or another	irgendwie; jedenfalls; so oder so
someone	jemand
someone; somebody	jemand; jemand
something	etwas
sometime	irgendwann
sometime; someday; one day; some time or other; the other day; in due course; in time	irgendwann; eines Tages; einmal; irgendwann; neulich; zu gegebener Zeit; rechtzeitig
sometimes	manchmal
somewhat	etwas
somewhere	irgendwo
somewhere; anywhere; in some respects	irgendwo; überall; in mancher Hinsicht
son	Sohn
son (of others)	Sohn (anderer)
son-in-law	Schwiegersohn
song	Lied
song; ballad	Lied; Ballade
soon	bald
soon; before long; in a short time	bald; bald; in kurzer Zeit
sophisticated	raffiniert
sore throat	Halsschmerzen
sorry	Entschuldigung
sorry for intruding	Entschuldigung für die Störung
sorry for the inconvenience	Entschuldigung für die Unannehmlichkeiten
sorry for the trouble	Entschuldigung für die Mühe
sorry for the wait	Entschuldigung für das Warten
sort	sortieren
sorting; arrangement; adjustment; regulation	Sortieren; Anordnung; Einstellung; Regulierung
soul	Seele
sound	Ton
sound; note	Ton; Hinweis
sounds	Geräusche
soup	Suppe
sour	sauer
source	Quelle
source; origin	Quelle; Herkunft
south	Süden
south and north	Süden und Norden
south pole; Antarctic	Südpol; Antarktis
southern	südlich
souvenir	Souvenir
sovereignty	Souveränität
sowing and reaping	säen und ernten
soy sauce	Sojasauce
spa; hot spring	Spa; heiße Quelle
spa; hot spring; onsen	Spa; heiße Quelle; Onsen
space	Raum
space alien	Weltraum-Alien
space; interval; SPC	Raum; Intervall; SPC
space; room; time; pause	Raum; Zimmer; Zeit; Pause
spacious; wide	geräumig; breit
spaghetti	Spaghetti
spam	Spam
span	Spanne
spare	Ersatz
spark	Funke
sparrow	Spatz
speak	sprechen
speaker	Sprecher
special	besonders
special sale	Sonderverkauf
special; unique	speziell; einzigartig
specialist	Spezialist
specialize	spezialisieren
specialized	spezialisiert
specially / on purpose	speziell / mit Absicht
specialty / major	Fachgebiet/Hauptfach
species	Arten
specific	spezifisch
specific; special; particular	spezifisch; besonders; besonders
specifically	konkret
specification	Spezifikation
specify	angeben
specimen	Exemplar
spectacle	Spektakel
spectacles; glasses	Brillen; Brille
spectacular	spektakulär
spectator	Zuschauer
spectators; onlookers; members of the audience	Zuschauer; Zuschauer; Mitglieder des Publikums
spectrum	Spektrum
speculate	spekulieren
speculation	Spekulation
speech	Rede
speech; address	Rede; Adresse
speech; expression; wording	Rede; Ausdruck; Formulierung
speed	Geschwindigkeit
speed (per hour)	Geschwindigkeit (pro Stunde)
speed; velocity; rate	Geschwindigkeit; Geschwindigkeit; Rate
speedy; express	schnell; ausdrücken
spell	Zauber
spelling	Rechtschreibung
spend	ausgeben
spending	Ausgaben
sphere	Kugel
sphere; circle; range	Kugel; Kreis; Bereich
spice	Gewürz
spicy	würzig
spicy / hot	würzig / scharf
spider	Spinne
spike	Spitze
spill	verschütten
spin	drehen
spine	Wirbelsäule
spirit	Geist
spirit; character; trait; temperament; disposition	Geist; Charakter; Eigenschaft; Temperament; Disposition
spirit; mood	Geist; Stimmung
spiritual	spirituell
spite	Trotz
splendid; enough	großartig; genug
splendid; fine; handsome; elegant; imposing; prominent; legal; legitimate	großartig; Bußgeld; gutaussehend; elegant; imposant; prominent; legal; legitim
splendid; magnificent; beautiful; admirable	großartig; herrlich; Schön; bewundernswert
split	geteilt
spoil	verderben
spoken	gesprochen
spokesman	Sprecher
spokesperson	Sprecher
spokeswoman	Sprecherin
sponsor	Sponsor
sponsorship	Sponsoring
spoon	Löffel
sport	Sport
sporting	sportlich
sports	Sport
spot	Stelle
spotlight	Rampenlicht
spouse	Ehepartner
spread	verbreiten
spring	Frühling
spring; fountain	Frühling; Brunnen
sprout	sprießen
spy	Spion
squad	Kader
square	quadratisch
squeeze	quetschen
squid	Tintenfisch
squirrel	Eichhörnchen
stab	stechen
stability	Stabilität
stability; equilibrium	Stabilität; Gleichgewicht
stabilize	stabilisieren
stable	stabil
stadium	Stadion
staff	Personal
stage	Bühne
stage (theatre)	Bühne (Theater)
stair	Treppe
stairs	Treppen
stake	Pfahl
stalk	Stiel
stall	Stall
stamp	Stempel
stamp; seal	Stempel; Siegel
stance	Haltung
stand	stehen
stand; rack; table; support	stehen; Gestell; Tisch; Unterstützung
standard	Standard
standard / criterion	Standard / Kriterium
standard; basis; criteria; norm	Standard; Basis; Kriterien; Norm
standard; level	Standard; Ebene
standard; norm	Standard; Norm
standing	stehend
standpoint	Standpunkt
standpoint; position; situation	Standpunkt; Position; Situation
star	Stern
star (in the sky)	Stern (am Himmel)
stare	starren
stark	krass
starry sky	Sternenhimmel
start	beginnen
start; commencement; beginning	beginnen; Beginn; Anfang
starting point	Ausgangspunkt
starting with	beginnend mit
starve	verhungern
state	Staat
state of affairs; situation; circumstances	Stand der Dinge; Situation; Umstände
state; country; nation	Staat; Land; Nation
statement	Aussage
statement / expression	Aussage / Ausdruck
station	Bahnhof
station attendant	Bahnhofswärter
station staff	Stationspersonal
stationery	Briefpapier
statistic	Statistik
statistical	statistisch
statistics	Statistiken
statue	Statue
status	Status
status; character; case	Status; Charakter; Fall
statute	Satzung
stay	bleiben
stay; sojourn	bleiben; Aufenthalt
steadily	stetig
steady	stabil
steal	stehlen
steam	Dampf
steam train	Dampfzug
steam; vapour	Dampf; Dampf
steamship	Dampfschiff
steel	Stahl
steep	steil
steer	lenken
stem	Stamm
step	Schritt
step; stair; flight of steps; grade; rank; level	Schritt; Schritt; Treppe; Freitreppe; Grad; Rang; Ebene
stereotype	Stereotyp
stick	Stock
sticky	klebrig
sticky rice cake	klebriger Reiskuchen
stiff	steif
still	immer noch
still (not yet)	immer noch (noch nicht)
still more; still less (with neg. verb); to say nothing of; not to mention	noch mehr; noch weniger (mit neg. Verb); ganz zu schweigen davon; ganz zu schweigen davon
still; as yet	immer noch; bis jetzt
stimulate	anregen
stimulus	Anreiz
stimulus; impetus; incentive	Anreiz; Impetus; Anreiz
stingy; cheap	geizig; billig
stipulate	festlegen
stir	umrühren
stock	Lager
stock (company)	Aktie (Firma)
stock / inventory	Lagerbestand / Inventar
stock / shares	Aktie / Aktien
stock-farming	Viehzucht
stomach	Magen
stomach (organ)	Magen (Organ)
stomach / belly	Magen / Bauch
stomachache	Bauchschmerzen
stone	Stein
stone / rock	Stein / Fels
stop	hör auf
stopper; cork; stopcock	Stopper; Kork; Absperrhahn
stopping (e.g. train)	Anhalten (z. B. Zug)
storage	Lagerung
storage room	Lagerraum
storage; preservation	Lagerung; Erhaltung
store	speichern
store; shop	speichern; Shop
storehouse; warehouse; godown	Lagerhaus; Lager; geh runter
storm	Sturm
storm / gale	Sturm / Sturm
storm; tempest	Sturm; Sturm
story	Geschichte
stove	Herd
straight	gerade
straight (ahead); direct; upright	geradeaus (voraus); direkt; aufrecht
straight ahead	geradeaus
straight line	gerade Linie
straightforward	unkompliziert
strain	Belastung
strand	Strang
strange	seltsam
strange; funny; amusing; ridiculous	seltsam; lustig; amüsant; lächerlich
strange; queer; curious	seltsam; seltsam; neugierig
strange; unusual	seltsam; ungewöhnlich
strangeness; abnormality; disorder	Fremdheit; Anomalie; Störung
stranger	Fremder
strategic	strategisch
strategize	strategisieren
strategy	Strategie
strawberries	Erdbeeren
strawberry	Erdbeere
stream	Strom
stream; current	Strom; aktuell
streamline	rationalisieren
street	Straße
street / avenue	Straße / Allee
street corner	Straßenecke
street stall	Straßenstand
strength	Stärke
strength; power	Stärke; Macht
strengthen	stärken
strengthen; intensify; reinforce; solidify	stärken; intensivieren; verstärken; verfestigen
stress	Stress
stress; pressure	Stress; Druck
stressed	gestresst
stretch	dehnen
strict	streng
strict; close	streng; schließen
strict; rigour; severe; firm	streng; Strenge; schwer; fest
strictly	streng
strike	Streik
striking	auffällig
string	Zeichenfolge
stringent	streng
strip	Streifen
stripe	Streifen
strive	bemühen
stroke	Schlaganfall
strong	stark
strong feelings; deep emotion	starke Gefühle; tiefe Emotion
strong-willed	willensstark
strong; durable	stark; langlebig
strong; intense; severe	stark; intensiv; schwer
strongly	stark
structural	strukturell
structure	Struktur
structure; construction	Struktur; Bau
struggle	Kampf
stubborn	hartnäckig
stubborn; firm (not viscous or easily moved)	hartnäckig; fest (nicht zähflüssig oder leicht zu bewegen)
stubbornness; obstinacy	Sturheit; Hartnäckigkeit
student	Student
student (college)	Student (Hochschule)
student (pupil)	Student (Schüler)
student (school)	Schüler (Schule)
studio	Studio
study	studieren
study room; laboratory	Arbeitszimmer; Labor
study subject; course of study	Studienfach; Studiengang
study; diligence; discount; reduction	studieren; Fleiß; Rabatt; Reduzierung
study; learning	studieren; Lernen
studying abroad	im Ausland studieren
stuff	Zeug
stuffed animal (e.g., teddy bear)	Stofftier (z. B. Teddybär)
stumble	stolpern
stun	betäuben
stunning	atemberaubend
stupid	dumm
style	Stil
subject	Thema
subject; contents; matter; substance; detail; import	Thema; Inhalt; Gegenstand; Substanz; Detail; importieren
subject; curriculum	Thema; Lehrplan
subject; theme; task	Thema; Thema; Aufgabe
subjective	subjektiv
subjugation; conquest	Unterwerfung; Eroberung
submission	Einreichung
submit	einreichen
suborder; subfamily	Unterordnung; Unterfamilie
subordinate	untergeordnet
subscriber	Abonnent
subscription	Abonnement
subscription; application	Abonnement; Anwendung
subsequent	anschließend
subsequently	anschließend
subsidy	Subvention
substance	Substanz
substantial	erheblich
substantially	im Wesentlichen
substantiate	begründen
substitute	Ersatz
substitute; alternate	Ersatz; abwechseln
substitution	Ersatz
subtle	subtil
subtract; give a demerit	subtrahieren; einen Minuspunkt geben
subtraction	Subtraktion
suburb	Vorort
suburban	vorstädtisch
suburbs	Vororte
suburbs; outskirts	Vororte; Stadtrand
subway	U-Bahn
subway / metro	U-Bahn / U-Bahn
succeed	gelingen
success	Erfolg
success; hit	Erfolg; schlagen
success; passing (e.g. exam); eligibility	Erfolg; Bestehen (z. B. Prüfung); Berechtigung
successful	erfolgreich
successfully	erfolgreich
succession	Nachfolge
succession; inheritance	Nachfolge; Vererbung
successive	sukzessive
successively; one after another	nacheinander; einer nach dem anderen
successor	Nachfolger
such	so
such ...; that kind of ...	so ...; so etwas...
such and such; What?	so und so; Was?
suck	scheiße
sudden	plötzlich
sudden increase	plötzlicher Anstieg
sudden; abrupt; unexpected; improvised; offhand	plötzlich; abrupt; unerwartet; improvisiert; spontan
sudden; precipitous; radical	plötzlich; steil; radikal
suddenly	plötzlich
suddenly (occur to)	plötzlich (vorkommen)
sue	verklagen
suffer	leiden
suffering	Leiden
sufficient	ausreichend
sufficiently	ausreichend
sugar	Zucker
suggest	vorschlagen
suggestion	Vorschlag
suicide	Selbstmord
suit	Anzug
suitability	Eignung
suitable	geeignet
suitable; fair; tolerable; proper	geeignet; gerecht; erträglich; richtig
suitcase	Koffer
suite	Suite
sum	Summe
sum total; total amount	Gesamtsumme; Gesamtbetrag
summarize	zusammenfassen
summary	Zusammenfassung
summer	Sommer
summer holiday	Sommerurlaub
summit	Gipfel
sumo grand champion	Sumo-Großmeister
sumo wrestling	Sumo-Ringen
sun	Sonne
sun; solar	Sonne; Solar
sun; sunshine; day	Sonne; Sonnenschein; Tag
sunlight	Sonnenlicht
sunlight; rays of the sun	Sonnenlicht; Strahlen der Sonne
sunny	sonnig
sunny then rain	sonnig, dann regnen
sunny weather	sonniges Wetter
sunrise	Sonnenaufgang
sunset	Sonnenuntergang
sunshine	Sonnenschein
super	Super
superb	großartig
superfluous	überflüssig
superior	überlegen
superior(s); senior	Vorgesetzte(r); Senior
superiority; excellence	Überlegenheit; Exzellenz
superiority; first class; very good	Überlegenheit; erste Klasse; sehr gut
supermarket	Supermarkt
superstition	Aberglaube
supervise	beaufsichtigen
supervision	Aufsicht
supervision; control; superintendence	Aufsicht; Kontrolle; Oberaufsicht
supervisor	Vorgesetzter
supplement	Ergänzung
supplier	Lieferant
supply	Versorgung
supply; provision	Versorgung; Bereitstellung
support	Unterstützung
supporter	Unterstützer
supportive	unterstützend
suppose	nehme an
supposedly	angeblich
supposition	Vermutung
suppress	unterdrücken
supreme	überragend
sure	sicher
sure enough; as usual	sicher genug; wie immer
surely	sicherlich
surely not	sicherlich nicht
surface	Oberfläche
surface mail (ship)	Landpost (Schiff)
surface; outside; face; appearance	Oberfläche; draußen; Gesicht; Aussehen
surfing	Surfen
surge	Anstieg
surgeon	Chirurg
surgery	Operation
surgical	chirurgisch
surgical department	chirurgische Abteilung
surgical operation	chirurgischer Eingriff
surmise	vermuten
surname; family name	Nachname; Familienname
surplus	Überschuss
surplus; composure; margin; room; time; allowance; scope; rope	Überschuss; Gelassenheit; Marge; Zimmer; Zeit; Zuschuss; Umfang; Seil
surprise	Überraschung
surprise; astonishment; wonder	Überraschung; Erstaunen; Wunder
surprised	überrascht
surprising	überraschend
surprisingly	überraschend
surrender	kapitulieren
surround	umgeben
surrounded by enemies	umgeben von Feinden
surrounding	Umgebung
surroundings	Umgebung
surroundings / area	Umgebung/Bereich
surroundings; circumference; environs	Umgebung; Umfang; Umgebung
surveillance	Überwachung
survey	Umfrage
survival	Überleben
survival of the fittest	Überleben des Stärkeren
survive	überleben
survivor	Überlebender
sushi	Sushi
suspect	verdächtig
suspend	aussetzen
suspension	Aussetzung
suspension; interruption; stoppage; ban	Aussetzung; Unterbrechung; Stillstand; Verbot
suspension; interruption; stoppage; tie-up; cessation	Aussetzung; Unterbrechung; Stillstand; Fesseln; Aufhören
suspension; stoppage; discontinuance; interruption	Aussetzung; Stillstand; Unterbrechung; Unterbrechung
suspicion	Verdacht
suspicious	verdächtig
suspicious; dubious; doubtful	misstrauisch; zweifelhaft; zweifelhaft
sustain	aufrechterhalten
sustainability	Nachhaltigkeit
sustainable	nachhaltig
swallow	schlucken
swear	schwöre
sweat shirt	Sweatshirt
sweat; perspiration	Schweiß; Schweiß
sweater	Pullover
sweep	fegen
sweeping all at once	alles auf einmal fegen
sweet	süß
sweet flavour; mildness; flattery; stupidity	süßer Geschmack; Milde; Schmeichelei; Dummheit
sweets / snack	Süßigkeiten / Snack
sweets; candy	Süßigkeiten; Süßigkeiten
swim	schwimmen
swimming	Schwimmen
swimming pool	Schwimmbad
swimsuit	Badeanzug
swing	Schaukel
swinging between joy and worry	schwankt zwischen Freude und Sorge
swirl	Wirbel
switch	Schalter
switching over to	umstellen auf
sword	Schwert
sword; saber; knife; engraving tool	Schwert; Säbel; Messer; Gravierwerkzeug
symbol	Symbol
symbol; code	Symbol; Code
symbolic	symbolisch
sympathetic	sympathisch
sympathy	Sympathie
sympathy; response	Sympathie; Antwort
symptom	Symptom
symptoms; condition	Symptome; Zustand
syndrome	Syndrom
synthesis	Synthese
synthesize	synthetisieren
synthetic fibres	synthetische Fasern
system	System
system / framework	System / Rahmen
system; family line; geological formation	System; Familienlinie; geologische Formation
system; institution; organization	System; Institution; Organisation
system; lineage; group	System; Abstammung; Gruppe
system; organization	System; Organisation
systematic	systematisch
t-shirt	T-Shirt
tabi; Japanese socks (with split toe)	tabi; Japanische Socken (mit geteilter Spitze)
table	Tisch
table (e.g. Tab 1); chart; list	Tabelle (z. B. Tab 1); Diagramm; Liste
table of contents	Inhaltsverzeichnis
table salt	Speisesalz
table with heater; (orig) charcoal brazier in a floor well	Tisch mit Heizung; (Origin) Holzkohle-Kohlenbecken in einem Bodenschacht
tablet	Tablette
tableware	Geschirr
taboo; forbidden thing	Tabu; verbotene Sache
tackle	angehen
tactic	Taktik
tactical	taktisch
tag	Tag
tail	Schwanz
take	nehmen
take after	nach nehmen
take care	Pass auf dich auf
take care (said to leaver)	pass auf dich auf (sagte dem Abgänger)
take care (said to someone sick)	pass auf dich auf (sagte zu jemandem, der krank ist)
take care (to a sick person)	sich (um eine kranke Person) kümmern
take off	abheben
taking a train; entraining	einen Zug nehmen; mitreißen
taking an examination	eine Prüfung ablegen
takoyaki	Takoyaki
tale	Geschichte
tale; story; legend	Geschichte; Geschichte; Legende
talent	Talent
talent; ability	Talent; Fähigkeit
talented	talentiert
talk	reden
talk / story	Gespräch / Geschichte
talk; story	reden; Geschichte
tall	groß
tall; expensive	groß; teuer
tangible	greifbar
tank	Panzer
tap	tippen
tape	Band
target	Ziel
target; object (of worship; study; etc); subject (of taxation; etc)	Ziel; Objekt (der Anbetung, des Studiums usw.); Thema (der Besteuerung usw.)
tariff	Tarif
task	Aufgabe
task / work	Aufgabe / Arbeit
taste	Geschmack
tastes bad	schmeckt schlecht
tastes good, delicious	schmeckt gut, lecker
tatami room	Tatami-Raum
tax	Steuer
tax exemption; duty exemption	Steuerbefreiung; Zollbefreiung
tax; duty	Steuer; Pflicht
taxation	Besteuerung
taxi	Taxi
taxpayer	Steuerzahler
tea	Tee
tea (black tea)	Tee (schwarzer Tee)
tea drinking; tea house	Teetrinken; Teehaus
teach	lehren
teacher	Lehrer
teacher (classroom)	Lehrer (Klassenzimmer)
teacher (profession)	Lehrer (Beruf)
teacher; Professor ...	Lehrer; Professor ...
teacher; doctor	Lehrer; Arzt
teaching	Unterrichten
teaching certificate; the teaching profession	Lehrzertifikat; der Lehrerberuf
teaching materials	Lehrmaterialien
teaching staff	Lehrpersonal
teaching; instruction; professor	Unterrichten; Anweisung; Professor
teachings; precept; lesson; doctrine	Lehren; Gebot; Lektion; Lehre
teacup	Teetasse
team	Team
tear	reißen
tease; prank; trick; practical joke; mischief	necken; Streich; Trick; Schabernack; Unfug
technical	technisch
technical skill; ability; capacity	technisches Geschick; Fähigkeit; Kapazität
technique	Technik
technological	technologisch
technology	Technologie
tedium; boredom	Langeweile; Langeweile
teenage	Teenager
teenager	Teenager
teens	Teenager
teeth brushing	Zähneputzen
telegram	Telegramm
telepathy / mutual understanding	Telepathie / gegenseitiges Verständnis
telephone	Telefon
telephone pole; telegraph pole; lightpole	Telefonmast; Telegrafenmast; Lichtmast
telescope	Teleskop
television	Fernsehen
television or radio program	Fernseh- oder Radioprogramm
tell	erzählen
temperate zone	gemäßigte Zone
temperature	Temperatur
temperature (air)	Temperatur (Luft)
temperature (body)	Temperatur (Körper)
temperature (weather)	Temperatur (Wetter)
temple	Tempel
temple (Buddhist)	Tempel (buddhistisch)
temporarily	vorübergehend
temporary	vorübergehend
temporary absence from school; suspension	vorübergehende Abwesenheit von der Schule; Aussetzung
temporary; special; extraordinary	vorübergehend; besonders; außergewöhnlich
tempt	verführen
tempura	Tempura
ten	zehn
ten (counter)	zehn (Zähler)
ten (things)	zehn (Dinge)
ten days	zehn Tage
ten days; the tenth day	zehn Tage; der zehnte Tag
ten minutes	zehn Minuten
ten o'clock	zehn Uhr
ten thousand	zehntausend
tenant	Mieter
tend	neigen
tendency	Tendenz
tendency; trend; inclination	Tendenz; Trend; Neigung
tender	zart
tennis	Tennis
tension	Spannung
tension; mental strain; nervousness	Spannung; psychische Belastung; Nervosität
tent	Zelt
tentative; provisional	vorläufig; vorläufig
tenth	Zehntel
tenuous	dürftig
tenure	Amtszeit
term	Begriff
term (school)	Semester (Schule)
term; period	Begriff; Zeitraum
term; terminology	Begriff; Terminologie
terminal	Terminal
terminate	beenden
terminus; last stop (e.g train)	Endstation; letzte Haltestelle (z. B. Zug)
terms	Begriffe
terrain	Gelände
terrible	schrecklich
terrible; dreadful	schrecklich; schrecklich
terribly	schrecklich
terrific	großartig
terrify	erschrecken
territory	Territorium
terror	Terror
terrorism	Terrorismus
terrorist	Terrorist
test	testen
test / exam	Test / Prüfung
testify	bezeugen
testimony	Zeugnis
testing	testen
testing; scrutiny; careful investigation	Testen; Prüfung; sorgfältige Untersuchung
text	Text
text / writing	Text / Schreiben
text book	Lehrbuch
textbook	Lehrbuch
texture	Textur
than	als
thank	Danke
thank you	Danke
thank you for the meal	Danke für das Essen
thank you very much	Vielen Dank
thankfully	Zum Glück
thanks	Danke
thanks (casual)	Danke (lässig)
thanks / hi (casual)	Danke / Hallo (lässig)
thanks for the meal	Danke für das Essen
thanks to ...	Danke an ...
thanks to you / I'm fine (reply)	Danke dir / Mir geht es gut (Antwort)
thanks; gratitude	danke; Dankbarkeit
that	das
that ...	dass ...
that ... (over there)	das ... (dort drüben)
that is correct (very polite)	das ist richtig (sehr höflich)
that one	das hier
that one (over there)	das da (dort drüben)
that one over there	der da drüben
that one; Italy	dieser; Italien
that over there	das da drüben
that very day	noch am selben Tag
that way / you	so / du
that's enough	das reicht
that's fine / no thanks	Das ist in Ordnung / nein danke
that's good / a relief	das ist gut / eine Erleichterung
the	die
the Earth	die Erde
the Japanese syllabary	die japanische Silbe
the aged; old person	die Alten; alter Mensch
the beginning	der Anfang
the bill, please	Bitte die Rechnung
the body	der Körper
the crux of the matter	der Kern der Sache
the day after tomorrow	übermorgen
the day before yesterday	vorgestern
the deceased; old friend	der Verstorbene; alter Freund
the earth	die Erde
the earth / land	die Erde / das Land
the end	das Ende
the end of; powder	das Ende von; Pulver
the end; the extremity; the limit(s); the result	das Ende; die Extremität; die Grenze(n); das Ergebnis
the foot; the bottom; the base (of a mountain)	der Fuß; der Boden; der Fuß (eines Berges)
the former	ersteres
the front	die Vorderseite
the front; honesty	die Vorderseite; Ehrlichkeit
the future; previous	die Zukunft; vorherige
the head; the foremost; beginning	der Kopf; das Wichtigste; Anfang
the late (deceased)	der Verstorbene
the latter	Letzteres
the lowest; the worst	der niedrigste; das Schlimmste
the manufacturing industry	der verarbeitenden Industrie
the month after next	übernächsten Monat
the nearest	der nächstgelegene
the number of flat things	die Anzahl der flachen Dinge
the opposite sex	das andere Geschlecht
the other day	neulich
the other day; a few days ago	neulich; vor ein paar Tagen
the other day; lately; recently	neulich; in letzter Zeit; vor kurzem
the other side	die andere Seite
the outside; external	das Äußere; extern
the past; bygone days; the previous	die Vergangenheit; vergangene Tage; der vorherige
the person himself	der Mensch selbst
the public	die Öffentlichkeit
the rain stops	der Regen hört auf
the reason is	Der Grund ist
the rest	der Rest
the same rank; equality; apposition	der gleiche Rang; Gleichwertigkeit; Apposition
the sky is clear	der Himmel ist klar
the text; original	der Text; Original
the week after next	übernächste Woche
the whole body; full-length (portrait)	der ganze Körper; Ganzfigur (Porträt)
the world	die Welt
the year after next	im übernächsten Jahr
the year before last	vorletztes Jahr
theatre	Theater
theatre; playhouse	Theater; Spielhaus
theatrical	theatralisch
theft	Diebstahl
theft; robbery	Diebstahl; Raub
their	ihr
theirs	ihres
them	sie
theme	Thema
themselves	sich selbst
then	dann
then...; if that is the case,...	dann...; Wenn das der Fall ist,...
theology	Theologie
theoretical	theoretisch
theory	Theorie
therapist	Therapeut
therapy	Therapie
there	dort
there are many...	es gibt viele...
there is ...	es gibt ...
there, that place	dort, dieser Ort
thereafter	danach
thereby	dadurch
therefore	deshalb
therefore; consequently; accordingly; because of	deshalb; folglich; entsprechend; wegen
thereupon	daraufhin
these days	heutzutage
thesis	These
thesis; essay; treatise; paper	These; Aufsatz; Abhandlung; Papier
they	sie
they (usually male)	sie (normalerweise männlich)
thick	dick
thick (as of color; liquid); dense; strong	dick (von der Farbe her; flüssig); dicht; stark
thief	Dieb
thin	dünn
thin; weak	dünn; schwach
thing	Sache
thing (concrete object)	Ding (konkreter Gegenstand)
thing; article; goods; dignity; article (goods); counter for meal courses	Sache; Sache; Artikel; Waren; Würde; Artikel (Waren); Theke für Essensgänge
thing; matter; fact; circumstances	Sache; Sache; Gegenstand; Tatsache; Umstände
things to do	Dinge zu tun
things; everything	Dinge; alles
things; matters	Dinge; ist wichtig
think	denke
thinking	Denken
thinking; thought; ideas; intention	Denken; Gedanke; Ideen; Absicht
third	Dritter
thirdly	Drittens
thirsty	durstig
thirteen	dreizehn
thirty	dreißig
thirty minutes	dreißig Minuten
this	dies
this ...	das ...
this evening	heute Abend
this month	diesen Monat
this morning	heute Morgen
this one	dieses hier
this person (polite)	diese Person (höflich)
this semester	dieses Semester
this way (polite)	hier entlang (höflich)
this way / this person	auf diese Weise / diese Person
this week	diese Woche
this year	dieses Jahr
thorough	gründlich
thoroughly	gründlich
thoroughness	Gründlichkeit
thoroughness; completeness	Gründlichkeit; Vollständigkeit
though	allerdings
thought	dachte
thought / idea	Gedanke / Idee
thought-provoking	regt zum Nachdenken an
thought; idea	Gedanke; Idee
thoughtful	nachdenklich
thousand	Tausend
thread	Thread
threat	Bedrohung
threat; menace; coercion; terrorism	Bedrohung; Bedrohung; Bedrohung; Zwang; Terrorismus
threaten	drohen
three	drei
three (counter)	drei (Zähler)
three (long objects)	drei (lange Objekte)
three (small animals)	drei (kleine Tiere)
three (things)	drei (Dinge)
three days	drei Tage
three days; third day of the month	drei Tage; dritten Tag des Monats
three hundred	dreihundert
three minutes	drei Minuten
three o'clock	drei Uhr
three people	drei Personen
threshold	Schwelle
thrift; economy; frugality	Sparsamkeit; Wirtschaft; Sparsamkeit
thrilled	begeistert
thrive	gedeihen
throat	Hals
through	durch
throughout	überall
throw	werfen
thumb	Daumen
thunder	Donner
thunder / lightning	Donner / Blitz
thus	also
ticket	Fahrkarte
ticket office	Ticketschalter
ticket window	Ticketschalter
ticket; coupon; bond; certificate	Fahrkarte; Coupon; Bindung; Zertifikat
tickets	Tickets
tide	Flut
tidy	ordentlich
tie	Krawatte
tiger	Tiger
tight	eng
tighten	festziehen
till	bis
timber	Holz
time	Zeit
time / moment	Zeit/Moment
time / occasion	Zeit/Anlass
time card	Zeitkarte
time of...; when...	Zeit von...; wenn...
time; about; toward; approximately (time)	Zeit; um; zu; ungefähr (Zeit)
time; labour	Zeit; Arbeit
time; season; period	Zeit; Jahreszeit; Zeitraum
time; years; days	Zeit; Jahre; Tage
timely	pünktlich
timetable; schedule	Stundenplan; Zeitplan
timid	schüchtern
timing	Timing
tin	Zinn
tiny	winzig
tip	Tipp
tire	Reifen
tired	müde
tiredness; fatigue	Müdigkeit; Müdigkeit
tissue	Gewebe
tissue paper; toilet paper	Seidenpapier; Toilettenpapier
title	Titel
title; subject; theme; topic	Titel; Thema; Thema; Thema
to	zu
to (a place); as far as (a place); till (a time)	zu (einem Ort); bis zu (einem Ort); bis (eine Zeit)
to (happen to) see; to notice; to catch sight of	(zufällig) sehen; bemerken; zu Gesicht bekommen
to abate; to decrease; to diminish; to shorten	nachlassen; abnehmen; abnehmen; verkürzen
to abbreviate	abkürzen
to abide (by the rules); to obey; to follow; to accompany	sich (an die Regeln) halten; gehorchen; folgen; begleiten
to accept (respect)	akzeptieren (respektieren)
to accomplish	zu erreichen
to accomplish; to do	erreichen; zu tun
to accomplish; to fulfill; to carry out; to achieve	erreichen; erfüllen; durchführen; zu erreichen
to accost a person; to talk (to someone)	eine Person ansprechen; (mit jemandem) reden
to accustom	gewöhnen
to acknowledge	anerkennen
to act spoiled	sich verwöhnt verhalten
to act violently; to rage; to struggle; to be riotous	gewalttätig handeln; toben; kämpfen; ausgelassen sein
to add a number	eine Zahl hinzufügen
to address	anzusprechen
to adhere to; to keep close to	sich daran halten; in der Nähe bleiben
to admire / yearn for	bewundern / sich danach sehnen
to adopt	zu adoptieren
to advance; to promote; to hasten	vorankommen; fördern; sich beeilen
to agree	zustimmen
to aim at	anzustreben
to aim at; to have an eye on	zielen; im Auge behalten
to aim for	anzustreben
to air; to dry; to desiccate; to drain (off); to drink up	lüften; trocknen; austrocknen; abtropfen lassen; austrinken
to amass; to accumulate	anhäufen; ansammeln
to amuse oneself; to make merry	sich amüsieren; fröhlich machen
to answer	zu antworten
to answer (respect)	antworten (Respekt)
to answer; to respond; to meet; to satisfy; to accept	antworten; antworten; sich treffen; befriedigen; akzeptieren
to apologize	sich entschuldigen
to apologize (humble)	sich entschuldigen (demütig)
to appear (in print); to be recorded	erscheinen (im Druck); aufgezeichnet werden
to appear in disguise; to take the form of; to change for the worse	verkleidet erscheinen; die Form annehmen von; zum Schlechteren verändern
to appear; to come in sight; to become visible; to come out; to embody; to materialize; to express oneself	erscheinen; in Sicht kommen; sichtbar werden; herauskommen; verkörpern; sich materialisieren; sich ausdrücken
to appear; to leave	erscheinen; gehen
to append; to sum up; to add (up)	anhängen; um zusammenzufassen; addieren
to apply	bewerben
to apply for; to make an application	beantragen; einen Antrag stellen
to approach; to draw near	sich nähern; sich nähern
to approach; to get near; to get acquainted with; to get closer	sich nähern; sich nähern; kennenlernen; um näher zu kommen
to argue; to discuss; to debate	argumentieren; diskutieren; zu debattieren
to arise; to ascend; to go up	entstehen; aufsteigen; hinaufgehen
to arrange (flowers)	arrangieren (Blumen)
to arrive	ankommen
to arrive at	ankommen
to ascend; to go up; to climb	aufsteigen; hinaufgehen; klettern
to ascertain	festzustellen
to ask	fragen
to ask (a favor)	(um einen Gefallen) bitten
to ask (respect)	bitten (respektieren)
to ask after (health); to visit	nach (Gesundheit) fragen; zu besuchen
to ask for directions	nach dem Weg fragen
to ask/visit (humble)	fragen/besuchen (bescheiden)
to ask; to request	fragen; anzufordern
to assemble; to set up; to construct	zusammenbauen; einrichten; konstruieren
to assist	zu helfen
to associate with; to keep company with; to get on with	mit assoziieren; Gesellschaft leisten; weitermachen
to attach	anhängen
to attach; to join; to add; to append	anbringen; beitreten; hinzufügen; anhängen
to attack; to assault	angreifen; angreifen
to attack; to avenge	angreifen; rächen
to attack; to defeat; to destroy	angreifen; besiegen; zu zerstören
to attain enlightenment; to perceive; to understand; to discern	Erleuchtung erlangen; wahrnehmen; verstehen; zu erkennen
to attempt; to test	versuchen; zu testen
to attend	teilnehmen
to attend (respect)	teilnehmen (Respekt)
to avert (one's eyes)	(die Augen) abwenden
to awaken	zu erwachen
to bake	backen
to bake; to grill	backen; zum Grillen
to balance; to be in harmony; to suit	ausgleichen; in Harmonie sein; passend
to bargain	verhandeln
to bark; to bay; to howl; to bellow; to roar; to cry	bellen; bellen; heulen; brüllen; brüllen; weinen
to bathe; to bask in the sun; to shower	baden; sich in der Sonne sonnen; duschen
to be	sein
to be (animate); to be; to exist	sein (animieren); zu sein; existieren
to be (polite)	(höflich) sein
to be (polite); to exist	(höflich) sein; existieren
to be / go / come (respect)	sein / gehen / kommen (Respekt)
to be absent (from...); to rest	abwesend sein (von...); sich ausruhen
to be amazed	staunen
to be angry	wütend sein
to be anxious; to ponder	ängstlich sein; zum Nachdenken
to be arrested; to be caught	verhaftet werden; gefangen werden
to be asked (humble)	gefragt werden (bescheiden)
to be attached	angehängt werden
to be audible	hörbar sein
to be audible / can hear	hörbar sein / hören können
to be aware / know well	sich bewusst sein / gut wissen
to be bewildered	verwirrt sein
to be bitter	bitter sein
to be blessed with; to be rich in	gesegnet sein mit; reich sein an
to be blocked; to be packed	blockiert sein; verpackt werden
to be blocked; to choke; to be obstructed	blockiert sein; ersticken; behindert werden
to be born	geboren werden
to be broken	gebrochen sein
to be burdened with; to carry on back or shoulder	belastet sein mit; zum Tragen auf dem Rücken oder über der Schulter
to be called (humble)	(demütig) genannt werden
to be careful; to pay attention; to take care	vorsichtig sein; aufmerksam sein; aufpassen
to be caught in; to be stuck in; to be cheated	gefangen sein; feststecken; betrogen werden
to be caught; to be arrested	gefangen werden; verhaftet werden
to be cautious/careful	vorsichtig/vorsichtig sein
to be closed	geschlossen werden
to be collected; to be settled; to be in order	gesammelt werden; geregelt werden; in Ordnung sein
to be conceited	eingebildet sein
to be connected or related; to join together	verbunden oder verwandt sein; sich zusammenschließen
to be conspicuous; to stand out	auffällig sein; hervorstechen
to be continued	wird fortgesetzt
to be conveyed	vermittelt werden
to be crowded	überfüllt sein
to be cured; to heal	geheilt werden; zu heilen
to be decided	entschieden werden
to be decided; to be settled; to look good in (clothes)	entschieden werden; geregelt werden; in (Kleidung) gut aussehen
to be delighted	erfreut sein
to be dented; to be indented; to yield to; to give; to sink; to collapse; to cave in; to be snubbed	verbeult sein; eingerückt werden; nachgeben; geben; sinken; zusammenbrechen; nachgeben; brüskiert werden
to be different; wrong	anders sein; falsch
to be disappointed	enttäuscht sein
to be disconnected; to get out of place; to be off; to be out (e.g. of gear)	getrennt werden; fehl am Platz sein; weg sein; unterwegs sein (z. B. ohne Ausrüstung)
to be discovered	entdeckt zu werden
to be distant	distanziert sein
to be drowned; to indulge in	ertrinken; sich hingeben
to be effective	effektiv sein
to be enough	genug sein
to be enthusiastic about	begeistert sein
to be entrusted (humble)	anvertraut werden (demütig)
to be familiar; to discover; to detect	vertraut sein; entdecken; zu erkennen
to be filled with awe; to feel small; to be amazed; to be surprised; to be disconcerted; to be sorry; to b	von Ehrfurcht erfüllt sein; sich klein fühlen; staunen; überrascht sein; verunsichert sein; sich entschuldigen; zu b
to be finished	fertig sein
to be fit for; to be equal to; to function properly	fit sein für; gleich sein; richtig zu funktionieren
to be fixed; to be repaired	behoben werden; repariert werden
to be found; to be discovered	gefunden werden; entdeckt zu werden
to be fragrant; to smell; to stink	duftend sein; riechen; stinken
to be frightened	Angst haben
to be frustrated	frustriert sein
to be full; to rise (tide); to mature; to expire	satt sein; steigen (Flut); reifen; ablaufen
to be furnished with	ausgestattet werden
to be grounded on; to be based on; to be due to; to originate from	geerdet sein; basieren auf; darauf zurückzuführen sein; aus stammen
to be handed down; to be introduced; to be transmitted	weitergegeben werden; eingeführt werden; übermittelt werden
to be heard	gehört werden
to be helpful	hilfreich sein
to be hit; to be successful; to be equivalent to	getroffen werden; erfolgreich sein; gleichwertig sein mit
to be hungry	hungrig sein
to be idle; to neglect	untätig sein; zu vernachlässigen
to be impatient	ungeduldig sein
to be in disorder; to lie scattered around	in Unordnung sein; verstreut herumliegen
to be in high spirits; to be full of vigor	in Hochstimmung sein; voller Elan sein
to be in sight	in Sichtweite sein
to be in someone's care	in der Obhut von jemandem sein
to be in time for	pünktlich sein
to be in trouble	in Schwierigkeiten sein
to be indignant	empört sein
to be informed; to have thorough knowledge	informiert werden; gründliche Kenntnisse zu haben
to be interested (in ...)	Interesse haben (an ...)
to be interested in	Interesse haben
to be irritated	irritiert sein
to be jealous	eifersüchtig sein
to be lacking	fehlen
to be late	zu spät kommen
to be late (for ...)	zu spät kommen (für ...)
to be late (for an appointment)	zu spät kommen (zu einem Termin)
to be lost; to disappear	verloren sein; verschwinden
to be mixed; to be blended with	gemischt werden; zum Vermischen
to be mixed; to be blended with; to associate with	gemischt werden; vermischt werden mit; mit assoziieren
to be mixed; to be blended with; to associate with; to mingle with; to join	gemischt werden; vermischt werden mit; mit assoziieren; sich untermischen; beitreten
to be moved/touched (by ...)	bewegt/berührt werden (von ...)
to be nervous	nervös sein
to be on / attached	an/angehängt sein
to be on the heavy side	auf der schweren Seite sein
to be on the same page	auf derselben Seite sein
to be on thin ice	auf dünnem Eis sein
to be one-sided; to incline; to be partial	einseitig sein; sich neigen; parteiisch sein
to be over the moon	überglücklich sein
to be overturned; to be upset; to topple over; to be reversed	umgeworfen werden; verärgert sein; umkippen; umgekehrt werden
to be particular about	besonders sein
to be photographed; to be projected	fotografiert werden; projiziert werden
to be piled up; lie on top of one another; overlap each other	aufgestapelt werden; übereinander liegen; überlappen einander
to be pleased (respect)	sich freuen (Respekt)
to be pleased with; to suit	zufrieden sein mit; passend
to be plugged up; to be shut up	verstopft sein; zum Schweigen gebracht werden
to be popular	beliebt sein
to be popular (in terms of romantic interest)	beliebt sein (in Bezug auf romantische Interessen)
to be prepared; to be in order; to be put in order; to be arranged	vorbereitet sein; in Ordnung sein; in Ordnung gebracht werden; arrangiert werden
to be profitable	profitabel sein
to be profitable; to yield a profit	profitabel sein; einen Gewinn erwirtschaften
to be prolonged	verlängert werden
to be prolonged; to drag on	verlängert werden; weiterziehen
to be proud; to swagger	stolz sein; prahlen
to be reflected; to harmonize with; to come out (photo)	reflektiert werden; harmonieren mit; herauskommen (Foto)
to be renewed	erneuert werden
to be reserved; to be restrained	reserviert sein; zurückgehalten werden
to be resurrected; to be revived; to be resuscitated; to be rehabilitated	auferstehen; wiederbelebt werden; wiederbelebt werden; rehabilitiert werden
to be sad; to mourn for; to regret	traurig sein; trauern; zu bereuen
to be saved; to be helped	gerettet werden; geholfen werden
to be saved; to be rescued; to survive; to be helpful	gerettet werden; gerettet werden; überleben; hilfreich sein
to be separated from; to leave; to go away; to be a long way off	getrennt sein von; gehen; weggehen; weit weg sein
to be shut out	ausgeschlossen werden
to be silent	schweigen
to be similar	ähnlich sein
to be smashed; to go bankrupt	zerschlagen werden; bankrott gehen
to be sold	verkauft werden
to be sold out	ausverkauft sein
to be sufficient; to be enough	ausreichend sein; genug sein
to be sunny	sonnig sein
to be surprised	überrascht sein
to be taken care of (humble)	umsorgt werden (bescheiden)
to be taught	gelehrt werden
to be thin	dünn sein
to be thirsty	durstig sein
to be tidied	aufgeräumt werden
to be tied together; to be connected to; to be related to	zusammengebunden sein; verbunden sein mit; verwandt sein
to be tolerant/patient	tolerant/geduldig sein
to be under impression that; to be convinced that	den Eindruck haben, dass; davon überzeugt sein
to be under the weather	unter dem Wetter sein
to be understood	verstanden werden
to be very likeable	sehr sympathisch sein
to be visible	sichtbar sein
to be wavy; to be curled	wellig sein; gewellt sein
to be wet; to become wet; to be damp	nass sein; nass werden; feucht sein
to be worried	sich Sorgen machen
to be worried; to be troubled	besorgt sein; beunruhigt sein
to be(come) transparent	transparent werden
to be; to have	sein; haben
to be; to have (used for people and animals)	sein; haben (für Menschen und Tiere verwendet)
to bear fruit	Frucht bringen
to bear fruit; to ripen	Frucht bringen; reifen
to bear; to stand; to endure; to put up with; to support; to withstand; to resist; to brave; to be fit for; t	ertragen; stehen; aushalten; ertragen; unterstützen; widerstehen; widerstehen; mutig sein; fit sein für; t
to beat	zu schlagen
to become	werden
to become attached	anhängen
to become cloudy; to become dim	bewölkt werden; dunkel werden
to become complete; to be equal; to be all present; to gather	vollständig werden; gleich sein; alle anwesend sein; zu sammeln
to become confused (disconcerted  disorganized)	verwirrt sein (unkonzentriert, desorganisiert)
to become cool; to wear off; to abate; to subside	cool werden; sich abnutzen; nachlassen; nachlassen
to become dirty	schmutzig werden
to become domesticated; to become tame	domestiziert werden; zahm werden
to become emotionally attached	eine emotionale Bindung aufbauen
to become fat	dick werden
to become frightened; to have a nightmare	Angst bekommen; einen Albtraum haben
to become hungry	hungrig werden
to become late	zu spät kommen
to become loose; to slacken	locker werden; lockern
to become lost; to lose one's way	verloren gehen; sich verirren
to become muddy; to get impure	schlammig werden; unrein werden
to become sunny	sonnig werden
to become thin	dünn werden
to become thirsty	durstig werden
to become used to seeing; to be familiar with	sich an das Sehen gewöhnen; vertraut sein
to begin	beginnen
to begin with	zunächst einmal
to begin with; first of all	zunächst einmal; zunächst einmal
to behave like a spoiled child; to fawn on	sich wie ein verwöhntes Kind benehmen; schmeicheln
to behave; to conduct oneself; to entertain (vt)	sich benehmen; sich verhalten; unterhalten (vt)
to believe; to believe in; to place trust in	glauben; daran glauben; Vertrauen schenken
to believe; to place trust in	glauben; Vertrauen schenken
to belong to; to come under; to be affiliated with; to be subject to	dazugehören; untergehen; verbunden sein mit; unterworfen sein
to bend	sich beugen
to bend; to crook; to lean	sich beugen; krümmen; lehnen
to betray; to turn traitor to; to double-cross	verraten; zum Verräter werden; doppelt kreuzen
to bite off; to gnaw through	abbeißen; durchnagen
to bite the bullet	in den sauren Apfel beißen
to bite; to chew	beißen; zu kauen
to bless; to show mercy to	segnen; Barmherzigkeit zeigen
to bloom	blühen
to blow	blasen
to boast of; to be proud of	sich rühmen; stolz sein
to boil	kochen
to boil water	Wasser kochen
to boil; to cook	kochen; kochen
to boil; to cook; to be cooked	kochen; kochen; gekocht werden
to boil; to grow hot; to get excited	kochen; heiß werden; aufgeregt sein
to boil; to grow hot; to get excited; to gush forth	kochen; heiß werden; aufgeregt sein; hervorsprudeln
to boil; to heat	kochen; zu erhitzen
to borrow	ausleihen
to borrow (humble)	leihen (bescheiden)
to branch off; to diverge from; to fork; to split; to dispense; to scatter; to divide into	abzweigen; abweichen von; aufgabeln; spalten; abgeben; zerstreuen; sich aufteilen
to break	brechen
to break (something)	(etwas) kaputt machen
to break / divide	brechen / teilen
to break down	zusammenbrechen
to break or be folded	brechen oder gefaltet werden
to break or to fold	brechen oder falten
to break the ice	um das Eis zu brechen
to break up; to separate	sich trennen; trennen
to break-down	zusammenbrechen
to break; to be broken	brechen; gebrochen sein
to break; to smash	brechen; zerschlagen
to bring (a person)	(eine Person) mitbringen
to bring (a thing)	(etwas) mitbringen
to bring near; to put close; to let come near; to associate with	näher bringen; nahe legen; nahe kommen lassen; mit assoziieren
to broadcast	zu senden
to broaden; to propagate	erweitern; zu verbreiten
to brush (teeth); to polish	(Zähne putzen); polieren
to brush gently; to stroke	sanft bürsten; streicheln
to brush teeth	Zähne putzen
to brush teeth; to polish	Zähne putzen; polieren
to build	zu bauen
to bully	schikanieren
to burn	brennen
to burn the midnight oil	um das Mitternachtsöl zu verbrennen
to burn; to be burned	brennen; verbrannt werden
to burn; to be roasted	brennen; geröstet werden
to burn; to kindle; to build a fire	brennen; entzünden; ein Feuer machen
to burn; to scorch; to singe; to char	brennen; verbrennen; singen; verkohlen
to bury; to fill up; to fill (a seat; a vacant position)	begraben; auffüllen; besetzen (einen Sitz; eine freie Stelle)
to buy	zu kaufen
to buy insurance	eine Versicherung kaufen
to call	anrufen
to call (one's name); to invite	(seinen Namen) anrufen; einladen
to call (respect)	rufen (respektieren)
to call out to; to accost; to address (crowd); to appeal	zurufen; ansprechen; (Menge) ansprechen; Berufung einlegen
to call out; to invite	rufen; einladen
to calm down	um sich zu beruhigen
to calm down; to settle down	sich beruhigen; sich niederzulassen
to cancel	abzubrechen
to care for / be kind to	sich um dich kümmern / freundlich zu ihm sein
to carry	tragen
to carry from one place to another; transport	von einem Ort zum anderen tragen; Transport
to carry off; to run away with; to kidnap; to abduct	wegtragen; weglaufen; entführen; entführen
to carry on (e.g. in ceremony); to run a business	weitermachen (z. B. in einer Zeremonie); ein Unternehmen führen
to carry through; to achieve; to complete	durchziehen; erreichen; zu vervollständigen
to carry; to hold	tragen; zu halten
to carve; to engrave; to sculpture; to chisel	schnitzen; gravieren; zur Skulptur; meißeln
to catch a cold	sich erkälten
to catch fire; (electricity) comes on	Feuer fangen; (Strom) geht an
to cause	verursachen
to cause; to arise; to be generated	verursachen; entstehen; generiert werden
to cease; to abolish; to resign; to give up	aufhören; abschaffen; zurücktreten; aufgeben
to challenge; to call somebody to halt	herausfordern; jemanden zum Anhalten rufen
to change	zu ändern
to change between buses or trains	um zwischen Bussen und Bahnen umzusteigen
to change clothes	sich umziehen
to change into; to convert into; to transform; to be reduced; to influence; to improve (someone)	sich verwandeln in; umwandeln in; verwandeln; reduziert werden; beeinflussen; (jemanden) verbessern
to change; to alter; to reform; to revise	ändern; ändern; reformieren; zu überarbeiten
to change; to be of use; to reach to	ändern; von Nutzen sein; erreichen
to chase or run after someone; to run down; to pursue	jemanden verfolgen oder hinterherlaufen; herunterlaufen; verfolgen
to chase; to run after	jagen; hinterherlaufen
to cherish	zu schätzen
to cherish / adore	schätzen / verehren
to chew; to bite (at); to gnaw; to nibble; to munch; to crunch; to have a smattering of	kauen; beißen (beißen); nagen; knabbern; kauen; knirschen; ein bisschen davon haben
to choose	zu wählen
to choose; to select	wählen; auswählen
to clean	zu reinigen
to clean; to sweep	reinigen; fegen
to clear (e.g. weather); to become transparent	klären (z. B. Wetter); transparent werden
to clear up (weather)	aufklären (Wetter)
to climb	klettern
to close	schließen
to close (e.g. book; eyes); to shut	schließen (z. B. Buch; Augen); schließen
to close (intr., closes)	schließen (intr., schließt)
to close (something)	(etwas) schließen
to close (tr.)	schließen (tr.)
to close something	etwas schließen
to close the door	um die Tür zu schließen
to close; to be closed	schließen; geschlossen werden
to collapse	zusammenbrechen
to collapse; to crumble	zusammenbrechen; zerbröckeln
to collect	sammeln
to collect something	etwas sammeln
to collect; to gather; to add; to put aside	sammeln; versammeln; hinzufügen; beiseite legen
to collect; to gather; to save	sammeln; versammeln; zu retten
to comb one's hair	sich die Haare kämmen
to combine; to join; to tie on; to attach with a knot	kombinieren; beitreten; anbinden; mit einem Knoten befestigen
to come	kommen
to come (respect)	kommen (Respekt)
to come from	herkommen
to come in contact with; to connect; to attend; to receive	in Kontakt kommen mit; verbinden; teilnehmen; zu empfangen
to come into existence; to be made	entstehen; gemacht werden
to come off; to be taken off; to be removed	abgehen; abgenommen werden; entfernt werden
to come out; to fall out; to be omitted	herauskommen; herausfallen; weggelassen werden
to come to a halt	zum Stillstand kommen
to come to pick up (someone)	kommen, um (jemanden) abzuholen
to come true (wish)	wahr werden (Wunsch)
to come untied; to come apart	losgebunden werden; auseinanderfallen
to come; to arrive	kommen; ankommen
to comfort	zu trösten
to comfort; to console	trösten; trösten
to command; to appoint	befehlen; zu ernennen
to commute	pendeln
to compare	zu vergleichen
to compare; to liken; to speak figuratively; to illustrate; to use a simile	vergleichen; vergleichen; im übertragenen Sinne sprechen; veranschaulichen; ein Gleichnis verwenden
to compensate for	zu kompensieren
to complain	sich beschweren
to concern oneself in; to have to do with; to affect; to influence; to stick to (opinions)	sich beschäftigen; damit zu tun haben; beeinflussen; beeinflussen; sich an (Meinungen) halten
to concern; to be related	sich Sorgen machen; verwandt sein
to condemn; to blame; to criticize	verurteilen; schuld sein; zu kritisieren
to congeal; to freeze	erstarren; einfrieren
to congratulate; to celebrate	gratulieren; zu feiern
to connect	verbinden
to consent	zustimmen
to consider	zu berücksichtigen
to consult	zu konsultieren
to consult (humble)	konsultieren (bescheiden)
to contact	zu kontaktieren
to contact (humble)	kontaktieren (bescheiden)
to contact (respect)	kontaktieren (respektieren)
to continue	weitermachen
to convey (message)	übermitteln (Botschaft)
to convey / tell	vermitteln/erzählen
to cook	kochen
to cool oneself; to cool off; to enjoy evening cool	sich abkühlen; abkühlen; um den Abend kühl zu genießen
to cool; to dampen; to let cool	abkühlen; dämpfen; abkühlen lassen
to cool; to refrigerate	abkühlen; zum Kühlen
to copy / photograph	kopieren / fotografieren
to copy or photograph	zum Kopieren oder Fotografieren
to correct; to fix	korrigieren; reparieren
to cost an arm and a leg	einen Arm und ein Bein kosten
to cough	husten
to count	zählen
to cover (with something)	(mit etwas) bedecken
to cover; to hide; to conceal; to wrap; to disguise	abdecken; verstecken; verbergen; einwickeln; verkleiden
to creep; to crawl	kriechen; kriechen
to cross	überqueren
to cross (e.g. arms); to traverse	kreuzen (z. B. Arme); zu durchqueren
to cross; to intersect; to associate with; to mingle with; to interest; to join	überqueren; sich kreuzen; mit assoziieren; sich untermischen; interessieren; beitreten
to cross; to pass; to tide over	überqueren; passieren; überbrücken
to cry	weinen
to cure; to heal; to fix; to correct; to repair	heilen; heilen; reparieren; korrigieren; reparieren
to curse; to feel bitter	verfluchen; sich bitter fühlen
to cut	schneiden
to cut (hair); to mow (grass); to harvest	(Haare) schneiden; (Gras) mähen; zu ernten
to cut classes	Unterricht kürzen
to cut down little by little; to take a percentage	nach und nach reduzieren; einen Prozentsatz nehmen
to cut in; to thrust oneself into; to wedge oneself in; to muscle in on; to interrupt; to disturb	einschneiden; sich hineindrängen; sich hineindrängen; Muskeln aufbauen; unterbrechen; stören
to dance	tanzen
to dawn; to become daylight	dämmern; Tageslicht werden
to deceive	täuschen
to deceive; to falsify; to misrepresent	täuschen; verfälschen; falsch darstellen
to decide	zu entscheiden
to decide (respect)	entscheiden (respektieren)
to decide on (an item)	sich für (einen Gegenstand) entscheiden
to decorate	zum Dekorieren
to decrease (in size or number); to diminish; to abate	abnehmen (in Größe oder Anzahl); abnehmen; nachlassen
to deepen; to heighten; to intensify	vertiefen; erhöhen; zu intensivieren
to defend (against); to protect; to prevent	sich verteidigen (gegen); schützen; zu verhindern
to defy	sich widersetzen
to deify; to enshrine	vergöttlichen; zu verankern
to deliver (humble)	liefern (bescheiden)
to deliver (respect)	liefern (Respekt)
to denote; to show; to point out; to indicate	bezeichnen; zeigen; darauf hinweisen; angeben
to deny; to negate; to contradict	leugnen; negieren; widersprechen
to depart	abreisen
to depart (on a plane; train; etc.)	abreisen (im Flugzeug, Zug usw.)
to depart; to set out; to start; to be going out	abreisen; aufbrechen; beginnen; ausgehen
to deposit; to pay in	einzahlen; einzuzahlen
to deprecate oneself and praise the listener	sich selbst herabwürdigen und den Zuhörer loben
to desire; to wish for; to see; to command (a view of)	begehren; wünschen; um zu sehen; befehlen (eine Ansicht von)
to desire; to wish; to request	begehren; wünschen; anzufordern
to destroy; to pull down; to make change (money)	zerstören; herunterziehen; etwas ändern (Geld)
to detain; to check; to restrain	festhalten; überprüfen; zurückhalten
to die	sterben
to differ	sich unterscheiden
to differ; to vary; to disagree	sich unterscheiden; variieren; anderer Meinung sein
to dig	graben
to dig; to excavate	graben; ausgraben
to dilute; to water down	verdünnen; verwässern
to dip in; to soak	eintauchen; einweichen
to dirty	zu schmutzig
to disappear	verschwinden
to disappear; to get lost	verschwinden; sich verlaufen
to discover	zu entdecken
to discuss	zu besprechen
to discuss; to talk together	diskutieren; miteinander reden
to disgrace; to dishonour	blamieren; entehren
to dispute; to argue; to be at variance; to compete	streiten; argumentieren; uneinig sein; konkurrieren
to dissolve (paint)	auflösen (malen)
to distribute; to deliver	verteilen; zu liefern
to disturb; to prevent	stören; zu verhindern
to divide; to cut; to break; to halve	teilen; schneiden; brechen; halbieren
to divide; to separate	teilen; trennen
to do	zu tun
to do (humble)	tun (bescheiden)
to do (respect)	tun (respektieren)
to do laundry	Wäsche waschen
to do one's best	sein Bestes geben
to do one's best; to try hard	sein Bestes geben; sich anstrengen
to do physical exercises	körperliche Übungen zu machen
to do the laundry	die Wäsche waschen
to do; to have sexual intercourse; to kill; to give (to inferiors  animals  etc.); to dispatch (a letter	tun; Geschlechtsverkehr haben; töten; geben (an minderwertige Tiere usw.); versenden (einen Brief
to do; to perform	tun; durchführen
to dote on	sich darauf einlassen
to doubt; to distrust; to be suspicious of; to suspect	zweifeln; misstrauen; misstrauisch sein; vermuten
to drain; to float; to shed (blood; tears); to cruise (e.g. taxi)	abtropfen lassen; schweben; vergießen (Blut; Tränen); eine Kreuzfahrt machen (z. B. mit dem Taxi)
to draw	zeichnen
to draw back; to sink; to cave in	zurückziehen; sinken; nachgeben
to draw near; to press	sich nähern; zu drücken
to draw the line	die Grenze ziehen
to draw; to paint	zeichnen; malen
to draw; to paint; to sketch; to depict; to describe	zeichnen; malen; skizzieren; darstellen; zu beschreiben
to drink	zu trinken
to drink (respect)	trinken (Respekt)
to drink coffee	Kaffee trinken
to drive	fahren
to drop	fallen lassen
to drop (something)	(etwas) fallen lassen
to dry	trocknen
to dry (clothes; etc.); to desiccate	trocknen (Kleidung usw.); austrocknen
to each their own	jedem das seine
to earn / profit	verdienen/gewinnen
to earn income; to labor	Einkommen erzielen; arbeiten
to eat	zu essen
to eat/drink (respect)	essen/trinken (Respekt)
to employ; to hire	beschäftigen; mieten
to encourage	ermutigen
to end	zu Ende
to end; to be finished; to be exhausted; to die; to perish	enden; fertig sein; erschöpft sein; sterben; sterben
to enjoy	zu genießen
to enjoy oneself	sich amüsieren
to enter	eintreten
to enter school or university	um in die Schule oder Universität zu gehen
to enter; to contain	eintreten; enthalten
to entrust to another; to leave to	einem anderen anvertrauen; verlassen
to envy	beneiden
to erase; to turn off power	löschen; um den Strom auszuschalten
to erect; to be erected; to be built	errichten; errichtet werden; gebaut werden
to escape	entkommen
to examine (medical)	untersuchen (medizinisch)
to exceed	überschreiten
to exceed; to cross over; to cross	übertreffen; überqueren; überqueren
to exchange	auszutauschen
to exchange (messages); to dodge; to parry; to avoid; to turn aside	(Nachrichten) austauschen; ausweichen; parieren; vermeiden; zur Seite wenden
to exchange glances; to postpone; to suspend operations; to refrain from performing an action	Blicke austauschen; verschieben; den Betrieb aussetzen; eine Handlung unterlassen
to exchange; to interchange; to substitute; to replace	tauschen; austauschen; ersetzen; zu ersetzen
to exercise	trainieren
to exert; to cause; to exercise	anstrengen; verursachen; trainieren
to expand; to swell (out); to get big; to become inflated	erweitern; anschwellen; groß werden; aufgeblasen werden
to experience	zu erleben
to explain	zu erklären
to explain (humble)	erklären (bescheiden)
to explain (respect)	erklären (respektieren)
to export	exportieren
to express thanks (humble)	sich bedanken (demütig)
to express; to show; to reveal	ausdrücken; zeigen; zu enthüllen
to extend over or into; to straddle	sich über oder hinein erstrecken; überspannen
to extract; to omit; to surpass; to draw out; to unplug	extrahieren; weglassen; übertreffen; herausziehen; ausstecken
to face	gegenüberstehen
to face; to confront; to oppose	sich stellen; konfrontieren; widersprechen
to fail; to be unsuccessful	scheitern; erfolglos sein
to fall	fallen
to fall (rain / snow)	fallen (Regen / Schnee)
to fall behind; to be inferior to	zurückfallen; unterlegen sein
to fall down	hinfallen
to fall down; to fall over	hinfallen; umfallen
to fall or drop	fallen oder fallen lassen
to fall; e.g. rain or snow	fallen; z.B. Regen oder Schnee
to fall; to scatter (e.g. blossoms)	fallen; verstreuen (z. B. Blüten)
to fan; to flap	fächern; flattern
to fasten; to turn off; to detain	befestigen; ausschalten; festhalten
to fear; to be afraid of	Angst haben; Angst haben
to fear; to have misgivings; to be doubtful; to mistrust	Angst haben; Bedenken haben; zweifelhaft sein; misstrauen
to feed (animals)	(Tiere) füttern
to feel relieved	sich erleichtert fühlen
to feel sick	sich krank fühlen
to feel; to sense	fühlen; spüren
to feel; to sense; to experience	fühlen; spüren; zu erleben
to fight; to battle; to combat	kämpfen; kämpfen; zu bekämpfen
to find	zu finden
to finish	zum Abschluss
to fish	fischen
to fit; to suit	passen; passend
to fix / repair	reparieren / reparieren
to fix; to repair	reparieren; reparieren
to flee	fliehen
to float	schweben
to float; to become merry; to become loose	schweben; fröhlich werden; locker werden
to float; to express; to look (sad; glad)	schweben; ausdrücken; schauen (traurig; froh)
to float; to rise to surface; to come to mind	schweben; an die Oberfläche steigen; in den Sinn kommen
to flood; to overflow; to brim over	überschwemmen; überlaufen; überlaufen
to flourish; to thrive; to be popular; to come into fashion	gedeihen; gedeihen; beliebt sein; in Mode kommen
to flow	fließen
to flutter with excitement	vor Aufregung flattern
to fly	fliegen
to fly in the sky	in den Himmel fliegen
to fly; to hop	fliegen; hüpfen
to fold	falten
to fold (clothes)	(Kleidung) falten
to fold / snap	falten / einrasten
to forbid; to suppress	verbieten; zu unterdrücken
to force	zwingen
to force; to compel; to coerce	zwingen; zwingen; zwingen
to forecast; to predict	vorhersagen; vorhersagen
to forget	vergessen
to forget; to leave behind	vergessen; zurücklassen
to forgive / permit	verzeihen/erlauben
to freeze; to be chilled; to be frozen	einfrieren; gekühlt werden; eingefroren werden
to freeze; to be frozen over; to congeal	einfrieren; zugefroren sein; erstarren
to freeze; to congeal	einfrieren; erstarren
to furnish; to provide for; to equip; to install	einrichten; für sorgen; ausrüsten; zu installieren
to gain weight	an Gewicht zunehmen
to gather	zu sammeln
to get (from somebody)	(von jemandem) bekommen
to get a divorce	sich scheiden lassen
to get a full-time job (at...)	einen Vollzeitjob bekommen (bei...)
to get angry	wütend werden
to get angry; to be angry	wütend werden; wütend sein
to get aquainted with	zum Kennenlernen
to get between; to be caught in	dazwischen kommen; gefangen werden
to get bored	sich langweilen
to get crowded	voll werden
to get dark; to come to an end	dunkel werden; zu Ende gehen
to get depressed	depressiv werden
to get dirty	schmutzig werden
to get dirty; to become dirty	schmutzig werden; schmutzig werden
to get down; to descend	runterkommen; absteigen
to get drunk; to become intoxicated	sich betrinken; betrunken werden
to get dry	trocken werden
to get late; to advance; to wear on	zu spät kommen; vorankommen; zum Anziehen
to get lost	sich verlaufen
to get married	heiraten
to get nervous	nervös werden
to get off	aussteigen
to get off; to descend	aussteigen; absteigen
to get on; to ride	weitermachen; reiten
to get strong; to gain strength	stark werden; um Kraft zu gewinnen
to get tired	müde werden
to get tired of; to lose interest in; to have enough	müde werden; das Interesse verlieren an; genug haben
to get to know	kennenlernen
to get torn; to wear out	zerrissen werden; sich abnutzen
to get up	aufstehen
to get used to...	sich daran gewöhnen...
to get wet	nass werden
to get; to earn; to gain; to have (bear; beget) a child	bekommen; verdienen; gewinnen; ein Kind haben (gebären; zeugen).
to get; to gain; to win	bekommen; gewinnen; gewinnen
to give	geben
to give (humble)	geben (bescheiden)
to give (me)	(mir) geben
to give (to me, respect)	(mir Respekt) geben
to give (to others)	(anderen) geben
to give (to pets, plants, younger siblings, etc.)	geben (an Haustiere, Pflanzen, jüngere Geschwister usw.)
to give a discount	einen Rabatt gewähren
to give birth	gebären
to give into custody; to entrust; to deposit	in Gewahrsam geben; anvertrauen; einzahlen
to give shelter to; to lodge	Schutz bieten; unterbringen
to give up	aufgeben
to give up; to abandon	aufgeben; aufgeben
to give; to let one have; to do for one; to be given	geben; einen haben lassen; für einen tun; gegeben werden
to give; to present; to award	geben; präsentieren; zu vergeben
to glare at; to scowl at; to keep an eye on	anstarren; finster anschauen; im Auge behalten
to go	gehen
to go (humble)	gehen (bescheiden)
to go across	hinübergehen
to go against; to oppose; to disobey; to defy	dagegen vorgehen; sich widersetzen; ungehorsam sein; sich widersetzen
to go around	herumgehen
to go back	zurückgehen
to go back; to go upstream; to make retroactive	zurückgehen; stromaufwärts gehen; rückwirkend machen
to go back; to return	zurückgehen; zurückkehren
to go far off	weit weg gehen
to go forward	vorwärts gehen
to go mad; to get out of order	verrückt werden; außer Betrieb geraten
to go on a diet	eine Diät machen
to go out	ausgehen
to go out (fire)	ausgehen (feuern)
to go out / disappear	ausgehen / verschwinden
to go out to meet	ausgehen, um sich zu treffen
to go over (e.g. with audience)	besprechen (z. B. mit dem Publikum)
to go shopping	einkaufen gehen
to go through	durchgehen
to go to bed; to sleep	zu Bett gehen; schlafen
to go to pick up (someone)	gehen, um (jemanden) abzuholen
to go to school	zur Schule gehen
to go to work	zur Arbeit gehen
to go/come (humble)	gehen/kommen (demütig)
to go/come/be (respect)	gehen/kommen/sein (Respekt)
to grab	zu greifen
to graduate (from ...)	seinen Abschluss machen (von ...)
to grant (request  wish)	gewähren (Wunsch erbitten)
to grasp; to seize; to mould sushi	begreifen; ergreifen; Sushi formen
to grill / bake	zum Grillen / Backen
to grip	zu greifen
to grow accustomed to	sich daran gewöhnen
to grow cold	kalt werden
to grow hazy; to be misty	verschwimmen; neblig sein
to grow thick; to luxuriate; to be luxurious	dick werden; schwelgen; luxuriös sein
to guide	zu führen
to guide (humble)	führen (demütig)
to guide (respect)	leiten (respektieren)
to gulp down; to swallow deeply; to understand; to take in; to catch on to; to learn; to digest	hinunterschlucken; tief schlucken; verstehen; aufnehmen; sich durchsetzen; lernen; verdauen
to hand over	zu übergeben
to hand over (humble)	übergeben (demütig)
to handle; to deal with; to treat	handhaben; damit umgehen; zu behandeln
to hang	hängen
to hang down; to abate; to retire; to fall; to step back	hängen bleiben; nachlassen; in den Ruhestand gehen; fallen; zurücktreten
to hang laundry	Wäsche aufhängen
to hang something	etwas aufhängen
to hang up	auflegen
to hang; to lower; to move back	hängen; senken; zurückziehen
to hang; to suspend; to dangle; to swing	hängen; suspendieren; baumeln; schwingen
to happen to pass by	zufällig vorbeikommen
to harden; to freeze; to fortify	verhärten; einfrieren; stärken
to harden; to solidify; to become firm; to become certain	verhärten; sich verfestigen; fest werden; Gewissheit erlangen
to harvest; to take in; to adopt	ernten; aufnehmen; zu adoptieren
to hate	hassen
to hate; to detest	hassen; verabscheuen
to hate; to dislike	hassen; nicht mögen
to hate; to dislike; to loathe	hassen; nicht mögen; verabscheuen
to have a change of heart	einen Sinneswandel erleben
to have a fever	Fieber haben
to have a fight; to quarrel	einen Kampf haben; streiten
to have a meal	etwas essen
to have a stomachache	Bauchschmerzen haben
to have a talk	sich unterhalten
to have difficulty	Schwierigkeiten haben
to have experience (respect)	Erfahrung haben (Respekt)
to have someone look (humble)	jemanden demütig aussehen lassen
to have someone review (humble)	jemanden bewerten lassen (bescheiden)
to have someone use (humble)	jemanden benutzen lassen (bescheiden)
to have someone wait (humble)	jemanden warten lassen (demütig)
to have you handle it (humble)	dass du damit klarkommst (demütig)
to hear/receive (humble)	hören/empfangen (demütig)
to hear; to listen to; to ask	hören; zuhören; fragen
to heat	zu erhitzen
to help	helfen
to help; to rescue	helfen; zu retten
to help; to save; to rescue	helfen; sparen; zu retten
to hide; to be hidden; to conceal oneself; to disappear	verstecken; verborgen sein; sich verbergen; verschwinden
to hide; to conceal	verstecken; verbergen
to hit	schlagen
to hit / tap	schlagen/tippen
to hit the nail on the head	den Nagel auf den Kopf treffen
to hit; to apply a patch	schlagen; einen Patch anwenden
to hit; to strike	schlagen; zuschlagen
to hold	zu halten
to hold (position); to serve; to be unable	halten (Position); dienen; unfähig sein
to hold / carry	halten/tragen
to hold / have (respect)	halten / haben (Respekt)
to hold back for the time being; to refrain from	sich vorerst zurückhalten; zu unterlassen
to hold in the mouth; to bear in mind	im Mund halten; im Hinterkopf behalten
to hold or carry under or in the arms	zum Halten oder Tragen unter oder in den Armen
to hospitalise	ins Krankenhaus einweisen
to hum something; to sing to oneself	etwas summen; für sich selbst singen
to humbly visit; to humbly ask	demütig besuchen; demütig zu fragen
to hurry	sich beeilen
to hurry; to urge on	sich beeilen; weiterdrängen
to imitate; to follow; to emulate	nachahmen; folgen; nachahmen
to import	importieren
to incline toward; to slant; to lurch	sich neigen; schräg stellen; torkeln
to incline toward; to slant; to lurch; to heel over; to be disposed to; to trend toward; to be prone to; to	sich neigen; schräg stellen; torkeln; umkippen; zur Verfügung stehen; tendieren zu; anfällig sein für; zu
to incline; to list; to bend; to lean; to tip; to tilt; to slant; to concentrate on; to ruin (a country); to	sich neigen; auflisten; sich beugen; sich lehnen; Trinkgeld geben; kippen; schräg stellen; sich konzentrieren; (ein Land) ruinieren; zu
to include; to instruct; to make one understand	einbeziehen; unterweisen; um einen verständlich zu machen
to increase	erhöhen
to increase; to add to; to augment	erhöhen; hinzufügen; zu ergänzen
to increase; to grow	erhöhen; wachsen
to increase; to multiply	erhöhen; zu vermehren
to injure; to damage; to harm; to kill; to hinder	verletzen; beschädigen; schaden; töten; behindern
to insert; to put in; to graft; to wear in belt	einfügen; hineinstecken; pfropfen; im Gürtel zu tragen
to insult; to make a fool of ...	beleidigen; zum Narren halten ...
to interpose; to hold between; to insert	eingreifen; dazwischen halten; einfügen
to introduce	vorstellen
to introduce (humble)	vorstellen (bescheiden)
to introduce (respect)	vorstellen (respektieren)
to investigate	zu untersuchen
to invite	einladen
to invite someone (to an event/a place)	jemanden (zu einer Veranstaltung/einem Ort) einladen
to iron (clothes)	(Kleidung) bügeln
to join in; to accede to; to increase; to gain in (influence)	mitmachen; zustimmen; erhöhen; an (Einfluss) gewinnen
to join together; to be opposite; to face; to unite	sich zusammenschließen; das Gegenteil sein; sich stellen; vereinen
to judge	zu urteilen
to jump	springen
to jump in; to leap in; to plunge into; to dive	hineinspringen; hineinspringen; sich hineinstürzen; tauchen
to jump out; to rush out; to fly out	herausspringen; hinausstürmen; rausfliegen
to jump; to fly; to leap	springen; fliegen; springen
to jump; to leap	springen; springen
to keep (someone) waiting	(jemanden) warten lassen
to keep / hold (humble)	bewahren / halten (demütig)
to keep a promise	ein Versprechen halten
to keep an eye on	im Auge behalten
to keep in custody; to receive on deposit; to take charge of	in Gewahrsam behalten; als Anzahlung erhalten; in die Hand nehmen
to keep; to raise; to feed	behalten; erhöhen; zu füttern
to kick	treten
to kill	töten
to knit	stricken
to know	wissen
to know (deeply humble)	wissen (zutiefst demütig)
to know (respect)	wissen (respektieren)
to know/think (humble)	wissen/denken (bescheiden)
to lack; to break; to crack; to chip	mangeln; brechen; knacken; absplittern
to lament	zu beklagen
to laugh	lachen
to laugh; to smile	lachen; lächeln
to lead	führen
to lead a life	ein Leben führen
to lean against; to recline on; to lean on; to rely on	sich anlehnen; sich zurücklehnen; sich anlehnen; auf die man sich verlassen kann
to learn	zu lernen
to learn (from someone)	(von jemandem) lernen
to leave (behind; over); to bequeath; to save; to reserve	gehen (hinter; vorbei); vererben; sparen; reservieren
to leave (someone/something) alone; to neglect	(jemanden/etwas) in Ruhe lassen; zu vernachlässigen
to leave / exit	verlassen / verlassen
to leave / go out	gehen / ausgehen
to leave hospital	das Krankenhaus verlassen
to leave; to get free; to cut oneself off	gehen; frei werden; sich abschneiden
to leave; to go away	gehen; weggehen
to lend	verleihen
to lend; to rent	verleihen; zu vermieten
to lengthen; to stretch; to reach out; to grow (beard)	verlängern; sich strecken; erreichen; wachsen lassen (Bart)
to let go	loslassen
to let loose; to set free; to let escape	loslassen; freilassen; entkommen lassen
to let pass; to overlook; to continue	passieren lassen; übersehen; weitermachen
to let the cat out of the bag	die Katze aus dem Sack lassen
to lift up	hochheben
to lift; to fry	heben; zum Braten
to like; to prefer	mögen; bevorzugen
to line up	sich aufstellen
to line up; to set up	sich anstellen; einzurichten
to line up; to stand in a line	sich anstellen; in einer Reihe stehen
to listen	zuzuhören
to listen (to music)	(Musik) hören
to listen / hear	zuhören / hören
to listen to music	Musik zu hören
to listen/ask (respect)	zuhören/fragen (respektieren)
to listen; to hear	zuhören; zu hören
to live	leben
to live (reside)	leben (wohnen)
to live in	darin leben
to live; to be	leben; sein
to live; to get along	leben; miteinander auskommen
to lock	sperren
to lodge at	übernachten
to long for / adore	sich sehnen / verehren
to long for; to yearn after; to admire	sich danach sehnen; sich danach sehnen; zu bewundern
to look ...(facial expression)	schauen ...(Gesichtsausdruck)
to look / see	schauen/sehen
to look after	zu betreuen
to look again; to get a better opinion of	noch einmal hinschauen; um eine bessere Meinung zu bekommen
to look at (humble)	(bescheiden) ansehen
to look back; to turn around; to review	zurückblicken; umdrehen; zu überprüfen
to look for	suchen
to look for (respect)	suchen (Respekt)
to look good (on somebody)	(bei jemandem) gut aussehen
to look into (a matter)	(eine Angelegenheit) untersuchen
to look into (humble)	hineinschauen (bescheiden)
to look out over; to survey (scene); to take an extensive view of	aufpassen; (Szene) überblicken; um sich einen umfassenden Überblick zu verschaffen
to look up (to); to respect; to depend on; to ask for; to seek; to revere; to drink; to take	aufschauen (zu); respektieren; sich darauf verlassen; verlangen; suchen; verehren; trinken; nehmen
to loosen; to slow down	lockern; langsamer werden
to lose	verlieren
to lose (a match)	(ein Match) verlieren
to lose someone; wife; child; etc	jemanden verlieren; Gattin; Kind; usw
to lose something	etwas verlieren
to lose weight	Gewicht verlieren
to lose; to part with	verlieren; sich trennen
to love	zu lieben
to love; to be affectionate	lieben; liebevoll sein
to lower / hang	senken / hängen
to lower; to let go down	senken; loslassen
to make	machen
to make a mistake	einen Fehler machen
to make a mistake; to be incorrect; to be mistaken	einen Fehler machen; falsch sein; sich irren
to make a phone call	einen Anruf tätigen
to make a photocopy	eine Fotokopie machen
to make a plan	einen Plan machen
to make clean	sauber machen
to make dirty	schmutzig machen
to make it in time	um es rechtzeitig zu schaffen
to make noise; to be excited	Lärm machen; aufgeregt sein
to make progress	Fortschritte machen
to make round; to round off; to roll up; to curl up; to seduce; to cajole; to explain away	rund machen; abrunden; zusammenrollen; sich zusammenrollen; verführen; überreden; wegerklären
to make tea, coffee, etc.	um Tee, Kaffee usw. zuzubereiten
to make; to create	machen; zu erstellen
to match	zusammenpassen
to measure; to weigh; to survey	messen; wiegen; zu befragen
to meet	zu treffen
to meet (humble)	sich treffen (bescheiden)
to meet (respect)	begegnen (Respekt)
to meet by chance; to come across; to happen to encounter	zufällig treffen; rüberkommen; zufällig begegnen
to meet; to encounter (undesirable nuance)	sich treffen; begegnen (unerwünschte Nuance)
to meet; to greet	sich treffen; grüßen
to meet; to see (a person)	sich treffen; (eine Person) sehen
to melt into	hineinschmelzen
to melt; to dissolve	schmelzen; aufzulösen
to melt; to thaw; to fuse; to dissolve	schmelzen; auftauen; verschmelzen; aufzulösen
to memorize	zum Auswendiglernen
to mimic; to imitate	nachahmen; nachahmen
to mince; to carve; to engrave	zerkleinern; schnitzen; gravieren
to mind; to care about; to be concerned about	in den Sinn kommen; sich um etwas kümmern; sich Sorgen machen
to miss (a train, bus, etc.)	verpassen (einen Zug, Bus usw.)
to miss; to overlook; to leave at large	vermissen; übersehen; auf freiem Fuß gehen
to mix; to converse with; to cross (swords)	vermischen; sich unterhalten; kreuzen (Schwerter)
to mix; to stir	vermischen; umrühren
to mourn	zu trauern
to move	bewegen
to move (something)	(etwas) bewegen
to move (to another place to live)	umziehen (an einen anderen Wohnort)
to move house	umziehen
to move house or transfer	umziehen oder umziehen
to move; to shift	sich bewegen; verschieben
to need	brauchen
to neglect; to be off guard; to be feeling better	vernachlässigen; unvorbereitet sein; sich besser fühlen
to note; to write down	beachten; aufzuschreiben
to notice	bemerken
to notice; to recognize; to become aware of	bemerken; erkennen; bewusst werden
to notify	zu benachrichtigen
to obey	gehorchen
to obligate	verpflichten
to obtain; to reap; to pay; to supply; to accept	erhalten; ernten; bezahlen; liefern; akzeptieren
to occur; to happen	auftreten; passieren
to omit; to eliminate; to curtail; to economize	weglassen; beseitigen; einschränken; zu sparen
to open	zu öffnen
to open (become open)	öffnen (offen werden)
to open (intr., opens)	öffnen (intr., öffnet)
to open (something)	(etwas) öffnen
to open (tr.)	öffnen (tr.)
to open an event	eine Veranstaltung eröffnen
to open the window	um das Fenster zu öffnen
to open; to become empty	öffnen; leer werden
to open; to become open	öffnen; offen werden
to oppose; to object to	sich widersetzen; widersprechen
to order	bestellen
to order; to command; to appoint	bestellen; befehlen; zu ernennen
to overlook; to command a view of; to look down on something	übersehen; einen Blick darauf werfen; auf etwas herabblicken
to overlook; to fail to notice	übersehen; nicht bemerken
to oversleep	verschlafen
to overtake; to catch up (with)	überholen; aufholen (mit)
to own (a pet)	(ein Haustier) besitzen
to pack; to shorten; to work out (details)	packen; verkürzen; ausarbeiten (Details)
to paint / apply	malen / auftragen
to paint; to plaster	malen; verputzen
to pamper; to spoil	verwöhnen; verderben
to panic	in Panik geraten
to parch; to fry	austrocknen; zum Braten
to part; divide; separate	sich trennen; teilen; getrennt
to participate (respect)	teilnehmen (Respekt)
to participate; to take part	teilnehmen; teilnehmen
to pass (e.g. car); to outdistance; to outstrip	vorbeikommen (z. B. Auto); übertreffen; überholen
to pass by one another; to disagree; to miss each other	aneinander vorbeigehen; anderer Meinung sein; einander zu vermissen
to pass; to elapse; to experience	passieren; vergehen; zu erleben
to pass; to lapse	passieren; verfallen
to pass; to pass through	passieren; durchgehen
to pass; to spend; to go through; to tide over	passieren; ausgeben; durchgehen; überbrücken
to paste	einfügen
to paste / stick	einfügen / kleben
to pay	zu bezahlen
to peel	schälen
to peel; to skin; to pare; to hull	schälen; häuten; schälen; hüllen
to peep in; to look in; to peek in; to stick out	reingucken; hineinschauen; reinschauen; hervorstechen
to perform (a play); to play (a part); to act (a part); to commit (a blunder)	(ein Theaterstück) aufführen; (eine Rolle) spielen; (einen Teil) handeln; begehen (einen Fehler)
to perform; to play	ausführen; zu spielen
to permit; to allow; to approve	erlauben; erlauben; zu genehmigen
to pick up (something)	(etwas) aufheben
to pick up; to gather	abholen; zu sammeln
to pierce; to stab; to prick; to thrust	durchbohren; erstechen; stechen; stoßen
to pile up	anhäufen
to pile up; to put something on another; to heap up; to add; to repeat	sich anhäufen; etwas auf einen anderen legen; aufhäufen; hinzufügen; wiederholen
to pile up; to stack	sich anhäufen; stapeln
to place an order	eine Bestellung aufgeben
to place on (something); to take on board; to give a ride	auf (etwas) legen; an Bord nehmen; mitfahren lassen
to plan	planen
to plant	pflanzen
to plant; to grow	pflanzen; wachsen
to play	zu spielen
to play (a string instrument or piano)	spielen (ein Streichinstrument oder Klavier)
to play (an instrument)	(ein Instrument) spielen
to play an instrument with strings; including piano	ein Instrument mit Saiten spielen; inklusive Klavier
to play devil's advocate	den Advokaten des Teufels spielen
to play sports	Sport zu treiben
to play; to make a visit	spielen; einen Besuch machen
to play; to spend time pleasantly	spielen; Zeit angenehm verbringen
to pledge; to promise; to swear	verpfänden; versprechen; schwören
to plunge into; to go into deeply	sich hineinstürzen; in die Tiefe gehen
to point; to put up umbrella; to play	zeigen; Regenschirm aufstellen; zu spielen
to polish / brush	polieren / bürsten
to polish each other	sich gegenseitig zu polieren
to post	posten
to pour (drink); to serve (drinks)	einschenken (trinken); servieren (Getränke)
to pour (into); to irrigate; to pay; to fill; to feed (e.g. a fire)	gießen (in); bewässern; bezahlen; füllen; füttern (z. B. ein Feuer)
to practice	zu üben
to praise	loben
to praise; to admire; to speak well	loben; bewundern; gut sprechen
to praise; to say nice things	loben; nette Dinge sagen
to pray	beten
to pray for help	um Hilfe zu beten
to prepare	vorbereiten
to prepare (humble)	vorbereiten (demütig)
to present (humble)	präsentieren (bescheiden)
to press; to push	drücken; schieben
to press; to wring; to squeeze	drücken; auswringen; quetschen
to print	zu drucken
to produce	zu produzieren
to produce; to yield; to result from; to arise; to be generated	produzieren; nachgeben; resultieren aus; entstehen; generiert werden
to prohibit	verbieten
to project; to reflect; to cast (shadow)	projizieren; reflektieren; werfen (Schatten)
to propose marriage	einen Heiratsantrag machen
to prosper; to flourish	gedeihen; gedeihen
to protect	zu schützen
to protect; to obey; to guard; to abide (by the rules)	schützen; gehorchen; bewachen; sich (an die Regeln) halten
to publish; to print; to carry (an article); to put up; to hang out; to hoist; to fly (a sail); to float (a	veröffentlichen; drucken; (einen Artikel) tragen; aufstellen; abhängen; heben; fliegen (ein Segel); schweben (a
to pull	ziehen
to pull down; to lower; to reduce; to withdraw	herunterziehen; senken; reduzieren; zurückziehen
to pull out; to take out; to draw out; to withdraw	herausziehen; herausnehmen; herausziehen; zurückziehen
to pull someone's leg	jemanden am Bein ziehen
to punch	schlagen
to punctuate; to cut off; to mark off; to stop; to put an end to	interpunktieren; abschneiden; abhaken; aufhören; Schluss machen
to punish; to penalize	bestrafen; bestrafen
to push	schieben
to push aside; to advance on	beiseite schieben; vorankommen
to push into; to crowd into	hineinstoßen; hineindrängen
to push; to stamp something	schieben; etwas stempeln
to put	stellen
to put (something) in	(etwas) hineingeben
to put / place	stellen / platzieren
to put down	niederlegen
to put in	hineinstecken
to put in order; to collect; to bring to a conclusion	in Ordnung bringen; sammeln; zum Abschluss bringen
to put in order; to dispose of; to solve	in Ordnung bringen; entsorgen; zu lösen
to put it briefly	um es kurz zu sagen
to put makeup on	sich schminken
to put on	anziehen
to put on (a hat)	(einen Hut) aufsetzen
to put on (clothes above your waist)	anziehen (Kleidung über der Taille)
to put on (items below your waist)	anziehen (Gegenstände unterhalb der Taille)
to put on clothes	Kleidung anziehen
to put on from the shoulders down	von den Schultern abwärts anzuziehen
to put on glasses	eine Brille aufsetzen
to put out	löschen
to put things in order; to arrange; to make uniform; to get something ready	die Dinge in Ordnung bringen; arrangieren; einheitlich machen; etwas vorbereiten
to put together	zusammenzustellen
to put; to lay; to place	stellen; legen; platzieren
to quieten down; to calm down; to subside	sich beruhigen; sich beruhigen; nachlassen
to quit	aufhören
to quit a job	einen Job kündigen
to raise	erhöhen
to raise (a child)	(ein Kind) großziehen
to raise (child); to be brought up; to grow (up)	(Kind) großziehen; erzogen werden; wachsen (erwachsen)
to raise / bring up	erziehen / erziehen
to raise; to bring up	erhöhen; erziehen
to raise; to cause; to wake someone	erhöhen; verursachen; jemanden wecken
to raise; to fly	erhöhen; fliegen
to raise; to lift up; to flatter	erhöhen; hochheben; schmeicheln
to raise; to lift; to boost	erhöhen; heben; steigern
to rank next to; to come after	daneben rangieren; danach kommen
to reach	zu erreichen
to reach; to come up to; to amount to; to befall; to happen to; to extend; to match; to equal	erreichen; herankommen; ausmachen; passieren; passieren; verlängern; passen; passen; gleich sein
to reach; to get to	erreichen; hinkommen
to react to; to be influenced by; to go overboard for	reagieren; beeinflusst werden von; übertreiben
to read	zu lesen
to read (respect)	lesen (respektieren)
to read books	Bücher lesen
to read the newspaper	die Zeitung lesen
to rear; to bring up	nach hinten; erziehen
to rebel	rebellieren
to rebuke; to scold; to tell off	zurechtweisen; schimpfen; erzählen
to receive	zu empfangen
to receive (an order)	(eine Bestellung) erhalten
to receive (humble)	empfangen (demütig)
to receive/eat (humble)	empfangen/essen (demütig)
to receive; to get; to accept; to take	empfangen; zu bekommen; akzeptieren; nehmen
to receive; to grant	empfangen; gewähren
to receive; to take food or drink (hum)	empfangen; etwas essen oder trinken (summen)
to recognize; to appreciate; to approve; to admit; to notice	erkennen; schätzen; genehmigen; zugeben; bemerken
to recommend; to advise; to encourage; to offer (wine)	empfehlen; beraten; ermutigen; (Wein) anbieten
to refuse	ablehnen
to refuse; to decline; to dismiss	ablehnen; ablehnen; entlassen
to regret	zu bereuen
to rejoice	sich freuen
to relax	zum Entspannen
to rely on; to have recourse to; to depend on	sich darauf verlassen; auf etwas zurückgreifen; darauf angewiesen sein
to remain	bleiben
to remain; to be left over; to be in excess; to be too many	bleiben; übrig bleiben; im Übermaß sein; zu viele sein
to remember	zu erinnern
to remove; to exclude; to except	entfernen; ausschließen; ausnehmen
to remove; to take away; to dislodge; to put something out of the way	entfernen; wegnehmen; verdrängen; etwas aus dem Weg räumen
to remove; to transfer; to infect	entfernen; übertragen; anstecken
to rendezvous; to meet at a prearranged place and time	sich treffen; um sich an einem vorher vereinbarten Ort und Zeitpunkt zu treffen
to repair	reparieren
to repay; to pay back	zurückzahlen; zurückzahlen
to repeat	wiederholen
to repeat; to do something over again	wiederholen; etwas noch einmal machen
to repeat; to send back; to bring back	wiederholen; zurückschicken; zurückbringen
to replace	zu ersetzen
to report	zu berichten
to report (humble)	berichten (bescheiden)
to report (respect)	berichten (Respekt)
to request (humble)	bitten (bescheiden)
to rescue	zu retten
to rescue from; to help out of	retten vor; heraushelfen
to resent	ärgern
to reserve	reservieren
to reside (respect)	respektieren
to resound	erklingen
to respond; to satisfy; to accept; to comply with; to apply for	antworten; befriedigen; akzeptieren; einhalten; beantragen
to rest	sich ausruhen
to rest (respect)	sich ausruhen (Respekt)
to rest / take a day off	sich ausruhen / einen Tag frei nehmen
to rest / take off	sich ausruhen / abheben
to rest; to suspend; to give relief	sich ausruhen; suspendieren; Linderung verschaffen
to restore; to put back; to return	wiederherstellen; zurückstellen; zurückkehren
to restrict; to limit; to confine	einschränken; begrenzen; beschränken
to retire	in den Ruhestand gehen
to return	zurückkehren
to return (merchandise)	zurückgeben (Ware)
to return (respect)	zurückgeben (Respekt)
to return (things)	(Dinge) zurückgeben
to return home	nach Hause zurückkehren
to return something	etwas zurückgeben
to return; to come back	zurückkehren; zurückkommen
to ride	reiten
to ride; to board	reiten; an Bord gehen
to ring; to sound; to chime; to beat; to snort (nose)	klingeln; klingen; läuten; schlagen; schnauben (Nase)
to rise	steigen
to roll	rollen
to roll up	aufrollen
to roll; to tumble	rollen; stürzen
to rot	verrotten
to rot; to go bad	verrotten; schlecht werden
to rub; to chafe; to file; to frost (glass); to strike (match)	reiben; scheuern; einreichen; zu Frost (Glas); schlagen (zusammenpassen)
to rub; to crumple (up); to wrinkle	reiben; zerknittern; falten
to run	laufen
to run (race  esp. horse); to gallop; to canter	laufen (Rennen, insbesondere Pferd); galoppieren; galoppieren
to run a bath	ein Bad laufen lassen
to run along; to follow	mitlaufen; folgen
to run into; to collide with	stoßen; mit kollidieren
to run somebody over (with vehicle); to knock someone down	jemanden (mit Fahrzeug) überfahren; jemanden niederschlagen
to run to; to lead to; to communicate; to understand	rennen zu; führen zu; kommunizieren; zu verstehen
to rust; to become rusty	rosten; rostig werden
to save money	um Geld zu sparen
to say	zu sagen
to say (humble)	sagen (bescheiden)
to say (respect)	sagen (Respekt)
to say; to speak; to tell; to talk	sagen; sprechen; erzählen; reden
to scatter around; to leave untidy	herumstreuen; unordentlich hinterlassen
to scatter; to disperse; to distribute	zerstreuen; zerstreuen; zu verteilen
to scatter; to sprinkle; to sow	zerstreuen; bestreuen; säen
to scold	schimpfen
to scoop; to ladle out	schöpfen; ausschöpfen
to scratch	kratzen
to scratch; to perspire	kratzen; schwitzen
to search for	suchen
to search; to look for; to sound out	suchen; suchen; auszuloten
to search; to seek; to look for	suchen; suchen; suchen
to seduce; to drag along; to pull; to prolong; to support	verführen; mitschleppen; ziehen; verlängern; zu unterstützen
to see (respect)	sehen (respektieren)
to see / watch	sehen/beobachten
to see eye to eye	auf Augenhöhe zu sehen
to see; to look at; to watch	sehen; anschauen; zu beobachten
to see; to watch	sehen; zu beobachten
to seek / buy (respect)	suchen/kaufen (Respekt)
to seek; to request; to demand; to want; to wish for; to search for; to pursue (pleasure); to hunt (a job)	suchen; anfordern; fordern; wollen; wünschen; suchen; verfolgen (Vergnügen); (einen Job) suchen
to seize	ergreifen
to seize; to catch; to grasp	ergreifen; fangen; zu begreifen
to seize; to grasp; to capture; to arrest	ergreifen; begreifen; einfangen; verhaften
to sell	zu verkaufen
to sell wholesale; grated (vegetables)	im Großhandel verkaufen; gerieben (Gemüse)
to send	zu senden
to send an email	um eine E-Mail zu senden
to send back	zurückschicken
to send word; to send a message	eine Nachricht senden; eine Nachricht senden
to send; to forward	senden; weiterleiten
to send; to give to; to award to; to confer on	senden; geben; verleihen; weitergeben
to separate	trennen
to separate; to set free	trennen; befreien
to serve sake	Sake servieren
to settle in (place); to take (seat; position); to study (under teacher)	sich niederlassen (Ort); (Sitz; Position) einnehmen; lernen (unter Lehrer)
to sew	nähen
to shake; to sway	schütteln; schwanken
to sharpen; to grind; to scour; to hone; to polish; to wash (rice)	schärfen; mahlen; scheuern; verfeinern; polieren; waschen (Reis)
to shave	rasieren
to shave one's beard	sich den Bart rasieren
to shine	glänzen
to shine on; to illuminate	aufleuchten; zu beleuchten
to shine; to glitter	glänzen; glitzern
to shine; to glitter; to sparkle	glänzen; glitzern; funkeln
to shine; to look attractive; to look pretty	glänzen; attraktiv aussehen; hübsch aussehen
to shine; to strike	glänzen; zuschlagen
to shiver; to shake; to quake	zittern; schütteln; beben
to shorten; to reduce; to boil down; to shrink	verkürzen; reduzieren; einkochen; schrumpfen
to shoulder; to carry on shoulder	schultern; auf der Schulter tragen
to shout; to cry	schreien; weinen
to show	zeigen
to show (humble)	zeigen (bescheiden)
to show (someone) around	(jemanden) herumführen
to show off; to flaunt	angeben; zur Schau stellen
to show respect; to honour	Respekt zeigen; zu ehren
to show; to indicate; to display	zeigen; angeben; anzuzeigen
to shrink	schrumpfen
to shrink; to be contracted	schrumpfen; vertraglich vereinbart werden
to shut up	den Mund halten
to simmer	köcheln lassen
to sing	singen
to sink	sinken
to sink; to feel depressed	sinken; sich deprimiert fühlen
to sit	sitzen
to sit (down)	sich hinsetzen (setzen)
to sit (respect)	sitzen (respektieren)
to sit down	sich hinsetzen
to sit on the fence	auf dem Zaun sitzen
to skip over; to omit	überspringen; weglassen
to slander	zu verleumden
to sleep	schlafen
to sleep; to go to sleep	schlafen; schlafen gehen
to slide	gleiten
to slide; to slip	rutschen; ausrutschen
to smash; to waste	zerschlagen; verschwenden
to smile	lächeln
to smoke	rauchen
to smoke (e.g. fire)	rauchen (z. B. Feuer)
to smoke; to suck	rauchen; saugen
to snatch away	wegschnappen
to sneer at; to ridicule	verspotten; lächerlich machen
to sniff; to smell	schnüffeln; riechen
to soak; to pickle	einweichen; einlegen
to sound	klingen
to sow (seeds)	(Samen) säen
to speak	sprechen
to speak (respect)	sprechen (respektieren)
to speak; to talk	sprechen; reden
to spend (time) (respect)	(Zeit) verbringen (Respekt)
to spend time	Zeit verbringen
to spill the beans	die Bohnen verschütten
to spread (out); to extend; to stretch; to reach to; to get around	sich ausbreiten (ausbreiten); verlängern; sich strecken; erreichen; herumkommen
to spread / unfold	sich ausbreiten/entfalten
to spread out; to lay out	sich ausbreiten; auslegen
to spread; to be propagated	verbreiten; propagiert werden
to spread; to extend; to expand; to enlarge	verbreiten; verlängern; erweitern; vergrößern
to stand	stehen
to stand something up	etwas auf die Beine stellen
to stand up	aufstehen
to stare (at ...)	starren (auf ...)
to start talking; to speak; to tell; to propose; to suggest; to break the ice	anfangen zu reden; sprechen; erzählen; vorschlagen; vorschlagen; um das Eis zu brechen
to start to rain	anfangen zu regnen
to starve	verhungern
to state; to express; to mention	angeben; ausdrücken; zu erwähnen
to stay (at a hotel, etc.)	übernachten (in einem Hotel usw.)
to stay (overnight)	bleiben (übernachten)
to stay overnight	über Nacht bleiben
to stay up all night	die ganze Nacht wach bleiben
to steal	stehlen
to steal; to rob	stehlen; rauben
to steam; to poultice; to be sultry	dämpfen; einen Umschlag machen; schwül sein
to step on	auftreten
to stick	kleben
to stick; to be stuck	kleben; stecken bleiben
to stick; to paste	kleben; einfügen
to sting; to bite (bug); to stab	stechen; beißen (Käfer); erstechen
to stir-fry	zum Anbraten
to stop	aufzuhören
to stop (something)	(etwas) stoppen
to stop by	vorbeischauen
to stop something	etwas stoppen
to stop up; to close up; to block (up)	anhalten; schließen; blockieren
to stop; to halt; to stand still	aufhören; anhalten; still stehen
to stop; to restrain; to seize; to repress; to suppress; to press down	aufhören; zurückhalten; ergreifen; unterdrücken; unterdrücken; nach unten drücken
to store; to lay in stock	speichern; auf Vorrat legen
to straddle	überspannen
to stray (turn) from subject; to get lost; to go astray	vom Thema abweichen (sich abwenden); sich verlaufen; in die Irre gehen
to stream; to flow; to run (ink); to be washed away	streamen; fließen; laufen (Tinte); weggespült werden
to strengthen; to emphasize	stärken; zu betonen
to stretch	strecken
to stretch out hands; to raise an umbrella	die Hände ausstrecken; einen Regenschirm hissen
to stretch; to extend; to make progress; to grow (beard; body height)	sich strecken; verlängern; Fortschritte machen; wachsen (Bart; Körpergröße)
to strike; to clap; to dust; to beat	zuschlagen; klatschen; zu Staub; zu schlagen
to strike; to hit	zuschlagen; schlagen
to strike; to hit; to punch	zuschlagen; schlagen; schlagen
to strive	sich bemühen
to stroke	streicheln
to stroll	spazieren gehen
to study	zu studieren
to study (in depth); to learn; to take lessons in	studieren (eingehend); lernen; Unterricht nehmen
to study abroad	im Ausland studieren
to submit	einreichen
to succeed	erfolgreich zu sein
to sue (a person); to resort to; to appeal to	(eine Person) verklagen; auf etwas zurückgreifen; ansprechen
to suffer	leiden
to suffer from	leiden
to suffer; to groan; to be worried	leiden; stöhnen; sich Sorgen machen
to suit; to match; to become; to be like	passen; passen; passen; passen; werden; sein wie
to sulk	schmollen
to sulk / be dejected	schmollen / niedergeschlagen sein
to sum up	um es zusammenzufassen
to summon; to call (e.g. phone)	herbeirufen; anrufen (z. B. anrufen)
to support	zu unterstützen
to surpass; to outstrip; to excel	übertreffen; überholen; übertreffen
to surprise; to frighten; to create a stir	überraschen; erschrecken; Aufsehen erregen
to surround; to encircle	umgeben; umkreisen
to swarm; to gather	schwärmen; zu sammeln
to swear / vow	schwören / schwören
to swear; to vow; to take an oath; to pledge	schwören; schwören; einen Eid leisten; verpfänden
to sweep; to brush; to gather up	fegen; bürsten; sammeln
to swell; to expand; to inflate; to bulge	anschwellen; erweitern; aufblasen; ausbeulen
to swim	schwimmen
to sympathize	mitfühlen
to take	nehmen
to take (a class); to get (a grade)	(einen Kurs) belegen; (eine Note) bekommen
to take (amount of time / money)	nehmen (Zeit/Geld)
to take (an emotion) in	(ein Gefühl) aufnehmen
to take (an examination, interview, etc.)	absolvieren (eine Prüfung, ein Vorstellungsgespräch usw.)
to take (be in) charge of	die Verantwortung übernehmen (verantworten).
to take (e.g. time; money; etc); to hang	nehmen (z. B. Zeit, Geld usw.); hängen
to take (pictures)	(Bilder) machen
to take (someone) to (a place)	(jemanden) an (einen Ort) bringen
to take (something)	(etwas) nehmen
to take (something) out; to hand in (something)	(etwas) herausnehmen; (etwas) abgeben
to take a bath	ein Bad nehmen
to take a lesson or test	eine Lektion oder einen Test absolvieren
to take a nap	ein Nickerchen machen
to take a photo or record a film	um ein Foto oder einen Film aufzunehmen
to take a shower	duschen gehen
to take a walk	einen Spaziergang machen
to take care of (humble)	sich um (bescheiden) kümmern
to take care of ...	sich um ... kümmern
to take charge of; to take over; to retire to a private place	die Verantwortung übernehmen; übernehmen; übernehmen; sich an einen privaten Ort zurückziehen
to take down	niederschlagen
to take down; to launch; to drop	niederschlagen; starten; fallen lassen
to take it for granted	es für selbstverständlich zu halten
to take medicine	Medikamente einnehmen
to take off (clothes)	(Kleidung) ausziehen
to take off clothes	Kleidung ausziehen
to take out	herausnehmen
to take out the trash	den Müll rausbringen
to take out; to produce; to pick out	herausnehmen; produzieren; heraussuchen
to take over	übernehmen
to take photos	um Fotos zu machen
to take seriously	ernst zu nehmen
to take something	etwas nehmen
to take up; to pick up; to disqualify; to confiscate; to deprive	aufnehmen; abholen; disqualifizieren; beschlagnahmen; entziehen
to take; to catch (fish); to capture	nehmen; fangen (fischen); zu erfassen
to talk behind someone's back	hinter dem Rücken von jemandem reden
to talk; to tell; to recite	reden; erzählen; rezitieren
to taper to a point; to become sharp; to be sour; to look displeased	sich zu einem Punkt verjüngen; scharf werden; sauer sein; unzufrieden aussehen
to taste; to savor; to relish	schmecken; genießen; genießen
to teach	zu lehren
to teach; to instruct	lehren; anweisen
to teach; to tell	lehren; erzählen
to tear	zerreißen
to tear; to split	zerreißen; spalten
to tear; to violate; to defeat; to smash; to destroy	zerreißen; verletzen; besiegen; zerschlagen; zu zerstören
to tease; to coax; to solicit; to demand	necken; überreden; erbitten; zu fordern
to tease; to torment; to persecute; to chastise	necken; quälen; verfolgen; zu züchtigen
to tell a lie	eine Lüge erzählen
to tell the truth	die Wahrheit sagen
to tell; to indicate	erzählen; angeben
to tell; to tell on (someone); to order	erzählen; (jemandem) erzählen; bestellen
to the best of my knowledge	nach bestem Wissen und Gewissen
to the end; to the last; stubbornly	bis zum Ende; bis zuletzt; hartnäckig
to think	zu denken
to think (about); to consider	nachdenken (über); zu berücksichtigen
to think (respect)	denken (respektieren)
to think of; to hit upon	nachdenken; treffen
to think; to feel	denken; zu fühlen
to threaten; to coerce	drohen; zwingen
to threaten; to menace	drohen; bedrohen
to throw away	wegwerfen
to throw down; to beat; to bring down; to blow down	niederwerfen; schlagen; zu Fall bringen; niederblasen
to throw or cast away	wegwerfen oder wegwerfen
to tidy up	aufräumen
to tie	binden
to tie / bind	binden / binden
to tie; to bind	binden; binden
to tie; to bind; to link	binden; binden; verlinken
to tie; to fasten; to connect; to transfer (phone call)	binden; befestigen; verbinden; weiterleiten (Anruf)
to till; to plow; to cultivate	bestellen; pflügen; zu kultivieren
to torment; to harass; to inflict pain	quälen; belästigen; Schmerzen zufügen
to touch	zu berühren
to touch; to be touched; to touch on a subject; to feel; to violate (law; copyright; etc.); to perceive; t	berühren; berührt werden; ein Thema ansprechen; fühlen; verstoßen (Gesetz, Urheberrecht usw.); wahrnehmen; t
to transfer	übertragen
to translate	zu übersetzen
to transport	zu transportieren
to treat (someone) / to be proud	(jemanden) behandeln / stolz sein
to treat (someone) to a meal	(jemandem) eine Mahlzeit gönnen
to treat coldly	kalt behandeln
to treat kindly	freundlich behandeln
to treat/invite (someone) to a meal	(jemanden) zu einer Mahlzeit einladen/einladen
to trouble you to come	um dich zu belästigen, zu kommen
to try out	zum Ausprobieren
to turn	umdrehen
to turn (a switch) on or off; to twist; to puzzle over	(einen Schalter) ein- oder ausschalten; verdrehen; rätseln
to turn (right/left)	drehen (rechts/links)
to turn / rotate	drehen / drehen
to turn a blind eye	ein Auge zudrücken
to turn away; to avert	sich abwenden; abzuwenden
to turn back	umkehren
to turn down (somebody); to reject; to jilt	(jemanden) ablehnen; ablehnen; schimpfen
to turn inside out; to turn (something) over	umstülpen; (etwas) umdrehen
to turn off	ausschalten
to turn off / erase	ausschalten / löschen
to turn off the light	um das Licht auszuschalten
to turn off; to erase	ausschalten; löschen
to turn on	einschalten
to turn on / attach	einschalten/anbringen
to turn on the light	um das Licht anzuschalten
to turn on; to switch on; to light up	einschalten; einschalten; zum Leuchten
to turn over; to assign; to hand over	umdrehen; zuweisen; zu übergeben
to turn over; to overturn; to knock over; to upset; to turn inside out	umdrehen; umkippen; umwerfen; verärgern; umstülpen
to turn towards; to point	sich zuwenden; zeigen
to turn; to bend	sich umdrehen; sich beugen
to turn; to revolve	sich umdrehen; drehen
to twist	verdrehen
to understand	zu verstehen
to undertake (humble)	unternehmen (bescheiden)
to undertake; to take up; to take over	unternehmen; aufnehmen; übernehmen
to undertake; to take up; to take over; to be responsible for; to guarantee; to contract (disease)	unternehmen; aufnehmen; übernehmen; übernehmen; verantwortlich sein für; garantieren; sich eine Krankheit zuziehen
to unfasten	lösen
to unfasten; to remove	lösen; zu entfernen
to untie	losbinden
to unwind	entspannen
to use	zu verwenden
to use; to make use of	verwenden; nutzen
to view; to gaze at	ansehen; anzuschauen
to visit	zu besuchen
to visit (respect)	besuchen (respektieren)
to wait	warten
to wait (respect)	warten (Respekt)
to wake	aufwachen
to wake (someone) up	(jemanden) aufwecken
to wake up	aufwachen
to wake up / get up	aufwachen / aufstehen
to wake; to wake up	aufwachen; aufwachen
to walk	gehen
to walk (respect)	gehen (Respekt)
to walk/drive (someone)	(jemanden) laufen/fahren
to want	wollen
to want (adj.)	wollen (adj.)
to warm up; to get warm	aufwärmen; um warm zu werden
to warm; to heat	wärmen; zu erhitzen
to warp; to be warped; to curve	sich verziehen; verzogen sein; krümmen
to wash	waschen
to wash one's face	sein Gesicht waschen
to watch TV	fernsehen
to watch a movie	einen Film ansehen
to watch out; to give warning	aufpassen; warnen
to water (plants)	(Pflanzen) gießen
to wear	zu tragen
to wear (respect)	tragen (Respekt)
to wear (shoes / pants)	tragen (Schuhe/Hosen)
to wear small items (necktie, watch, etc.)	kleine Gegenstände tragen (Krawatte, Uhr usw.)
to wear; to put on (lower body)	tragen; anziehen (Unterkörper)
to weep	weinen
to wet; to soak; to dip	nass machen; einweichen; eintauchen
to whisper; to murmur	flüstern; murmeln
to wilt; to fade	verwelken; verblassen
to win	gewinnen
to win a championship	eine Meisterschaft gewinnen
to win a lottery	im Lotto gewinnen
to wind; to coil; to roll	winden; aufrollen; rollen
to wipe	abwischen
to wipe; to dry	abwischen; trocknen
to withdraw	zurückziehen
to withdraw (money)	(Geld) abheben
to withdraw; to leave; to pull out; to retire	sich zurückziehen; gehen; herausziehen; in den Ruhestand gehen
to wither; to die (plant); to be blasted (plant)	verdorren; sterben (pflanzen); gesprengt werden (Pflanze)
to wither; to fade (away); to shrivel; to wilt	verdorren; verblassen (verschwinden); schrumpfen; verwelken
to work	arbeiten
to work (for a company)	arbeiten (für ein Unternehmen)
to work for	arbeiten
to work for (a company)	für (ein Unternehmen) arbeiten
to work for someone	für jemanden arbeiten
to worry	sich Sorgen machen
to worship; to beg; to make a supplication	anbeten; betteln; ein Flehen machen
to wrap	einwickeln
to wrap; to cover	einwickeln; abdecken
to write	schreiben
to write (respect)	schreiben (Respekt)
to write; to publish	schreiben; zu veröffentlichen
toast (drink)	Toast (Getränk)
tobacco	Tabak
today	heute
today; this day	heute; an diesem Tag
toe	Zehe
together	zusammen
together with (a person)	zusammen mit (einer Person)
toilet	Toilette
toilet; lavatory; rest room; latrine; comfort station	Toilette; Toilette; Ruheraum; Latrine; Komfortstation
toilet; restroom; lavatory; bathroom (US)	Toilette; Toilette; Toilette; Badezimmer (USA)
tolerance	Toleranz
tolerate	tolerieren
toll	Maut
tomato	Tomate
tomorrow	morgen
ton	Tonne
tone	Ton
tone color; tone quality; timbre; synthesizer patch	Klangfarbe; Tonqualität; Timbre; Synthesizer-Patch
tongue	Zunge
tonight	heute Abend
tonne	Tonne
too	auch
too much; unnecessary; abundance; surplus; excess; superfluity	zu viel; unnötig; Fülle; Überschuss; Überschuss; Überfluss
tool	Werkzeug
tool; means	Werkzeug; bedeutet
tooth	Zahn
tooth / teeth	Zahn / Zähne
toothache	Zahnschmerzen
toothbrush	Zahnbürste
top	oben
top; summit	oben; Gipfel
top; summit; peak	oben; Gipfel; Höhepunkt
topic	Thema
topic of discussion; agenda	Diskussionsthema; Tagesordnung
topic; subject	Thema; Thema
torture	Folter
toss	werfen
total	insgesamt
total darkness; shortsightedness; pitch dark	völlige Dunkelheit; Kurzsichtigkeit; stockfinster
totally	total
totally absorbed	völlig absorbiert
touch	berühren
tough	hart
tough (situation)	schwierig (Situation)
tour	Tour
tourism	Tourismus
tourist	Tourist
tourist spot	Touristenort
tournament	Turnier
toward / against	hin/gegen
towards	hin
towel	Handtuch
tower	Turm
tower; pagoda	Turm; Pagode
town	Stadt
town; city	Stadt; Stadt
town; city; municipal; urban	Stadt; Stadt; kommunal; städtisch
toxic	giftig
toy	Spielzeug
trace	Spur
track	Spur
trade	Handel
trade in; part exchange	Handel mit; Teiletausch
trade; business; commerce; transaction; occupation	Handel; Geschäft; Handel; Transaktion; Beruf
trade; buying and selling	Handel; Kaufen und Verkaufen
trade; commerce	Handel; Handel
trademark	Marke
trader; merchant	Händler; Kaufmann
trader; shopkeeper; merchant	Händler; Ladenbesitzer; Kaufmann
trading	Handel
trading company; firm	Handelsunternehmen; fest
tradition	Tradition
tradition; convention	Tradition; Konvention
traditional	traditionell
traditional inn	traditionelles Gasthaus
traffic	Verkehr
traffic jam	Stau
traffic light	Ampel
traffic lights; signal; semaphore	Ampeln; Signal; Semaphor
traffic; transportation	Verkehr; Transport
tragedy	Tragödie
tragic	tragisch
trail	Spur
trailer	Anhänger
train	Zug
train (ordinary)	Zug (gewöhnlich)
train station	Bahnhof
trainer	Trainer
training	Ausbildung
training wear	Trainingsbekleidung
training; instruction	Ausbildung; Anleitung
trait	Merkmal
transaction	Transaktion
transcend	transzendieren
transcript	Transkript
transfer	übertragen
transfer (train)	Transfer (Zug)
transform	transformieren
transformation	Transformation
transit	Transit
transition	Übergang
translate	übersetzen
translation	Übersetzung
transmission	Übertragung
transmit	übermitteln
transparency	Transparenz
transparency; cleanness	Transparenz; Sauberkeit
transparent	transparent
transport	Transport
transport; carriage	Transport; Kutsche
transport; transportation	Transport; Transport
transportation	Transport
transportation facilities	Transportmöglichkeiten
trap	Falle
trash	Müll
trash; rubbish	Müll; Müll
trauma	Trauma
travel	reisen
travel / trip	Reise / Reise
travel agency	Reisebüro
travel; trip; journey	Reisen; Reise; Reise
traveler	Reisender
traveller	Reisender
treasure	Schatz
treat	behandeln
treatment	Behandlung
treatment; service	Behandlung; Dienst
treaty	Vertrag
tree	Baum
tree; wood	Baum; Holz
tremendous	enorm
trend	Trend
trial	Versuch
trial / court	Prozess / Gericht
trial; judgement	Prozess; Urteil
trial; test	Prozess; testen
triangle; triangular	Dreieck; dreieckig
tribal	Stammes
tribe	Stamm
tribunal	Gericht
tribute	Tribut
trick	Trick
trigger	Auslöser
triggered by	ausgelöst durch
trillion	Billionen
trio	Trio
trip	Reise
trip / travel	Reise / Reise
trip to a foreign country	Reise in ein fremdes Land
trip; hike; picnic	Reise; Reise; Wanderung; Picknick
triumph	Triumph
trolley	Trolley
troop	Truppe
trophy	Trophäe
tropical	tropisch
tropics	Tropen
trouble	Ärger
trouble; bother; annoyance	Ärger; sich kümmern; Ärger
trouble; burden; care; bother	Ärger; Last; Pflege; Mühe
trouble; difficulty; care; attention	Ärger; Schwierigkeit; Pflege; Aufmerksamkeit
troubled	beunruhigt
troubles; hardships	Probleme; Nöte
troupe; theatrical company	Truppe; Theatergruppe
trousers	Hosen
truce; armistice	Waffenstillstand; Waffenstillstand
truck	LKW
true	wahr
true adjective	wahres Adjektiv
truly	wirklich
truly / really	wirklich / wirklich
truly / sincerely	wirklich / aufrichtig
trust	Vertrauen
trustee	Treuhänder
truth	Wahrheit
truth; reality	Wahrheit; Realität
try	Versuchen Sie es
try on	anprobieren
trying on clothes	Kleidung anprobieren
tsunami	Tsunami
tube	Rohr
tuberculosis; tubercule	Tuberkulose; Tuberkulose
tuition	Unterricht
tumbler; glass	Becher; Glas
tuna	Thunfisch
tune	Melodie
tune; piece of music	Melodie; Stück Musik
tune; tone; key	Melodie; Ton; Schlüssel
tune; tone; knot; knob; point	Melodie; Ton; Knoten; Knopf; Punkt
tunnel	Tunnel
turkey	Truthahn
turn	drehen
turn (in line); order of things	drehen (in einer Reihe); Ordnung der Dinge
turn down	ablehnen
turn up	auftauchen
turning a deaf ear	ein taubes Ohr stellen
turning defeat into victory	Niederlage in Sieg verwandeln
turnout	Wahlbeteiligung
turnover	Umsatz
turquoise	türkis
turtle	Schildkröte
tutor	Nachhilfelehrer
twelve	zwölf
twelve o'clock	zwölf Uhr
twenty	zwanzig
twenty days; twentieth	zwanzig Tage; zwanzigsten
twenty-five	fünfundzwanzig
twenty-one	einundzwanzig
twice	zweimal
twin	Zwilling
twins; a twin	Zwillinge; ein Zwilling
twist	verdrehen
two	zwei
two (books)	zwei (Bücher)
two (counter)	zwei (Zähler)
two (flat objects)	zwei (flache Objekte)
two (long objects)	zwei (lange Objekte)
two (machines / vehicles)	zwei (Maschinen / Fahrzeuge)
two (small animals)	zwei (kleine Tiere)
two (small items)	zwei (kleine Gegenstände)
two (things)	zwei (Dinge)
two days	zwei Tage
two days before yesterday	zwei Tage vor gestern
two days; second day of the month	zwei Tage; zweiten Tag des Monats
two gains in one move	zwei Gewinne in einem Zug
two hundred	zweihundert
two minutes	zwei Minuten
two o'clock	zwei Uhr
two people	zwei Personen
two storied	zweistöckig
type	Typ
type; pattern; archetypal	Typ; Muster; archetypisch
typhoon	Taifun
typical	typisch
typically	typischerweise
tyre	Reifen
ubiquitous	allgegenwärtig
udon noodles	Udon-Nudeln
ugly	hässlich
uh-huh; yes	uh-huh; ja
uh-uh; no	äh-äh; Nein
ultimate	ultimativ
ultimate; final; eventual	ultimativ; Finale; schließlich
ultimately	letztlich
um...	ähm...
umbrella	Regenschirm
un; non; negative prefix	un; nicht; negatives Präfix
unable	unfähig
unacceptable	inakzeptabel
unanimous	einstimmig
unavoidably	unvermeidlich
uncertainty	Unsicherheit
uncle	Onkel
uncle; middle-aged man	Onkel; Mann mittleren Alters
unclean; dirty; filthy; impure	unrein; schmutzig; schmutzig; unrein
uncleanness; impurity; disgrace	Unreinheit; Verunreinigung; Schande
uncomfortable	unangenehm
unconditionally; as a rule	bedingungslos; in der Regel
unconscious	bewusstlos
uncooked rice	ungekochter Reis
undeniably	unbestreitbar
under	unter
under; below; beneath	unter; unten; darunter
undergo	unterziehen
undergraduate	Bachelor
underground	unterirdisch
underground train	U-Bahn
underground water	Grundwasser
underline; underscore	unterstreichen; unterstreichen
underlying	zugrundeliegend
undermine	untergraben
underscore	unterstreichen
understand	verstehen
understanding	Verständnis
understanding; comprehension	Verständnis; Verständnis
understood	verstanden
understood (humble)	verstanden (bescheiden)
undertake	unternehmen
underwear	Unterwäsche
undoubtedly	zweifellos
undulation	Welligkeit
unemployed	arbeitslos
unemployment	Arbeitslosigkeit
unequivocal	eindeutig
unevenness; roughness; ruggedness	Unebenheit; Rauheit; Robustheit
unexpected	unerwartet
unexpected; casual	unerwartet; lässig
unexpected; surprising	unerwartet; überraschend
unexpectedly	unerwartet
unexpectedly (appear)	unerwartet (erscheinen)
unfair	unfair
unfamiliar; never before met	unbekannt; noch nie zuvor getroffen
unfold	entfalten
unfortunate	unglücklich
unfortunately	leider
unhappiness; sorrow; misfortune; disaster; accident; death	Unglück; Kummer; Unglück; Katastrophe; Unfall; Tod
unhappy	unglücklich
uniform	einheitlich
uniformity; evenness; similarity; equality; impartiality	Einheitlichkeit; Ebenheit; Ähnlichkeit; Gleichwertigkeit; Unparteilichkeit
unify	vereinen
unintentional; spontaneous	unbeabsichtigt; spontan
union	Gewerkschaft
union; alliance	Gewerkschaft; Allianz
union; unity	Gewerkschaft; Einheit
unique	einzigartig
unit	Einheit
unit; denomination; credit (in school)	Einheit; Konfession; Kredit (in der Schule)
unite	vereinen
united	vereint
unity	Einheit
unity; consolidation; uniformity	Einheit; Konsolidierung; Einheitlichkeit
universal	universell
universe	Universum
universe; cosmos; space	Universum; Kosmos; Raum
university	Universität
university graduate	Hochschulabsolvent
university student	Universitätsstudent
unknown	unbekannt
unless	es sei denn
unlike	anders als
unlikely	unwahrscheinlich
unlucky day	unglücklicher Tag
unlucky; misfortune; bad luck; fate	Pech; Unglück; Pech; Schicksal
unnecessary	unnötig
unpleasant	unangenehm
unprecedented	beispiellos
unravel	entwirren
unscrupulous	skrupellos
unsightly; ugly	unansehnlich; hässlich
unskilled at	ungelernt
unskillful	ungeschickt
unsuitable	ungeeignet
until	bis
unusual	ungewöhnlich
unveil	enthüllen
unwillingly; grudgingly; shaking head in refusal (to children)	unfreiwillig; widerwillig; ablehnendes Kopfschütteln (gegenüber Kindern)
up	auf
up / above	oben / oben
up-train (going to Tokyo); ascent	Aufwärtszug (nach Tokio); Aufstieg
upcoming	bevorstehende
update	aktualisieren
upgrade	Upgrade
uphold	aufrechterhalten
upload	hochladen
upon	auf
upper	Obermaterial
upper; outer; surface	Obermaterial; äußere; Oberfläche
uproar; disturbance	Aufruhr; Störung
upset	verärgert
upstairs	oben
upwards	nach oben
urban	städtisch
urge	Drang
urgent	dringend
urgent; pressing	dringend; drücken
urgent; pressing; emergency	dringend; drücken; Notfall
urgent; steep	dringend; steil
us	uns
usage	Nutzung
use	verwenden
use; application; employment; utilization	verwenden; Anwendung; Anstellung; Nutzung
use; service; role; position	verwenden; Service; Rolle; Position
use; usefulness	verwenden; Nützlichkeit
used	verwendet
used to	Früher
useful	nützlich
useful; convenient	nützlich; praktisch
useless	nutzlos
useless; no good; hopeless	nutzlos; nicht gut; hoffnungslos
user	Benutzer
usual	üblich
usual (historical) custom	üblicher (historischer) Brauch
usually	normalerweise
usually; generally	normalerweise; im Allgemeinen
usually; habitually; ordinarily; always	normalerweise; gewöhnlich; gewöhnlich; immer
usually; or a train that stops at every station	normalerweise; oder ein Zug, der an jedem Bahnhof hält
utensil	Utensil
utility	Dienstprogramm
utilization	Nutzung
utilize	nutzen
utterly	absolut
vacancy; room for rent or lease	freie Stelle; Zimmer zur Miete oder Pacht
vacant; futile; vain; void; empty; ineffective; lifeless	frei; zwecklos; vergeblich; Leere; leer; unwirksam; leblos
vacation	Urlaub
vacation / leave	Urlaub / Urlaub
vaccine	Impfstoff
vacuum	Vakuum
vacuum cleaner	Staubsauger
vacuum; hollow; empty	Vakuum; hohl; leer
vague	vage
vain	vergeblich
valid	gültig
valid; proper; right; appropriate	gültig; richtig; Rechts; angemessen
validate	validieren
validity	Gültigkeit
validity; availability; effectiveness	Gültigkeit; Verfügbarkeit; Wirksamkeit
valley	Tal
valuable	wertvoll
valuation; estimation; assessment; evaluation	Bewertung; Schätzung; Bewertung; Bewertung
value	Wert
value; price; cost	Wert; Preis; Kosten
value; worth; merit	Wert; Wert; Verdienst
van	Transporter
vanish	verschwinden
vapour; gas	Dampf; Gas
variable	variabel
variation	Variation
varied	abwechslungsreich
varied; various	abwechslungsreich; verschiedene
variety	Vielfalt
variety; kind; type	Vielfalt; Art; Typ
various	verschiedene
various; different kinds of	verschiedene; verschiedene Arten von
vary	variieren
vast	riesig
vegetable	Gemüse
vegetable garden	Gemüsegarten
vegetable shop	Gemüseladen
vegetables	Gemüse
vehicle	Fahrzeug
vein	Vene
ventilation	Belüftung
venture	Unterfangen
venue	Veranstaltungsort
veranda / balcony	Veranda / Balkon
veranda; porch; balcony; open corridor	Veranda; Veranda; Balkon; offener Korridor
verb	Verb
verb suffix to indicate reckless abandon to the activity	Verbsuffix, um rücksichtsloses Verlassen der Aktivität anzuzeigen
verbal	verbal
verbal statement	verbale Aussage
verdict	Urteil
verdict / judgment	Urteil / Urteil
verification	Überprüfung
verify	verifizieren
verse	Vers
version	Version
versus	versus
vertical	vertikal
vertical; perpendicular	vertikal; senkrecht
very	sehr
very fond of; to love	sehr gern; zu lieben
very much; exaggerated; very fine	sehr; übertrieben; sehr gut
very soon; in a few moments/days	sehr bald; in wenigen Augenblicken/Tagen
very young; childish	sehr jung; kindisch
very; much; greatly	sehr; viel; sehr
vessel	Schiff
veteran	Veteran
via	über
viable	lebensfähig
vibrant	lebendig
vice	Laster
vicinity; nearby	Nähe; in der Nähe
vicious	bösartig
victim	Opfer
victory	Sieg
victory or defeat; issue (of battle)	Sieg oder Niederlage; Problem (der Schlacht)
victory or defeat; match; contest; game; bout	Sieg oder Niederlage; übereinstimmen; Wettbewerb; Spiel; Kampf
video	Video
video / footage	Video / Filmmaterial
video game	Videospiel
video tape; VCR	Videoband; Videorecorder
view	Ansicht
view / opinion	Ansicht / Meinung
viewer	Zuschauer
viewing	ansehen
viewpoint	Standpunkt
vigor; active	Kraft; aktiv
vigorous; healthy; sound	kräftig; gesund; Ton
vilify	verunglimpfen
villa; vacation home	Villa; Ferienhaus
village	Dorf
villager	Dorfbewohner
vindicate	rechtfertigen
vinegar	Essig
violate	verletzen
violation	Verstoß
violation (of law); transgression; infringement; breach	Verstoß (gegen das Gesetz); Überschreitung; Verstoß; Verstoß
violence	Gewalt
violent	gewalttätig
violent; vehement; intense	gewalttätig; vehement; intensiv
violet	violett
violin	Geige
virtual	virtuell
virtue	Tugend
virus	Virus
visa	Visum
visible	sichtbar
vision	Vision
visit	besuchen
visitor	Besucher
visual	visuell
vital	lebenswichtig
vitality; energy	Vitalität; Energie
vitamin	Vitamin
vividly; lively	lebhaft; lebhaft
vocabulary; glossary	Wortschatz; Glossar
vocal	stimmlich
voice	Stimme
volcanic eruption	Vulkanausbruch
volcano	Vulkan
volleyball	Volleyball
volume	Lautstärke
voluntary	freiwillig
volunteer	Freiwilliger
vote	abstimmen
voting	Abstimmung
voting; poll	abstimmen; Umfrage
vow	Gelübde
vulgarity; meanness; indecency; coarseness	Vulgarität; Gemeinheit; Unanständigkeit; Grobheit
vulnerability	Verletzlichkeit
vulnerable	verletzlich
wage	Lohn
waist	Taille
waist / lower back	Taille / unterer Rücken
wait	warte
waiter	Kellner
waiting impatiently	ungeduldig warten
waiting room	Wartezimmer
waiting time	Wartezeit
waitress	Kellnerin
wake	aufwachen
wake up	wach auf
wake-up time	Weckzeit
walk	gehen
walk / stroll	gehen / flanieren
walk; stroll	gehen; Spaziergang
walking around at night; night train; night travel	nachts herumlaufen; Nachtzug; Nachtreise
wall	Wand
wall; fence	Wand; Zaun
wallet	Brieftasche
wander	wandern
want	wollen
want; shortage; famine	wollen; Mangel; Hungersnot
war	Krieg
war; battle; campaign; fight	Krieg; Schlacht; Kampagne; kämpfen
ward	Station
ward; district; section	Gemeinde; Bezirk; Abschnitt
wardrobe	Kleiderschrank
warehouse	Lager
warfare	Kriegsführung
warm	warm
warm, luke warm	warm, lauwarm
warm; mild	warm; mild
warming	Erwärmung
warmth	Wärme
warn	warnen
warning	Warnung
warning; admonition; vigilance	Warnung; Ermahnung; Wachsamkeit
warning; advice	Warnung; Rat
warrant	Haftbefehl
warrior	Krieger
warrior; samurai	Krieger; Samurai
warship; battleship	Kriegsschiff; Schlachtschiff
wash	waschen
washbasin	Waschbecken
washing	Waschen
washing machine	Waschmaschine
washroom	Waschraum
washroom / restroom	Waschraum / Toilette
waste	Verschwendung
waste (money)	Verschwendung (Geld)
waste; scrap	Abfall; Schrott
wastepaper	Altpapier
watch	schau
watch out	Pass auf
watch; clock	beobachten; Uhr
water	Wasser
water (polite)	Wasser (höflich)
water boils	Wasser kocht
water fountain	Wasserbrunnen
water level; horizon	Wasserstand; Horizont
water outage	Wasserausfall
water source	Wasserquelle
water supply	Wasserversorgung
water vapour; steam	Wasserdampf; Dampf
water well	gut wässern
waterfall	Wasserfall
watermelon	Wassermelone
wave	Welle
way	Weg
way of swimming	Art zu schwimmen
way; manner; kind	Weg; Weg; Benehmen; nett
way; means	Weg; Weg; bedeutet
way; road; directions	Weg; Weg; Straße; Wegbeschreibungen
we	wir
weak	schwach
weak point; weakness	Schwachstelle; Schwäche
weaken	schwächen
weakness	Schwäche
wealth	Reichtum
wealthy	wohlhabend
weapon	Waffe
weapon; arms; ordinance	Waffe; Waffen; Verordnung
wear	tragen
wear / clothing	Tragen / Kleidung
weather	Wetter
weather forecast	Wettervorhersage
weather; climate	Wetter; Klima
weave	weben
web	Web
website	Website
wedding	Hochzeit
weed	Unkraut
week	Woche
week (period)	Woche (Zeitraum)
week after next	übernächste Woche
week; weekly	Woche; wöchentlich
weekday	Wochentag
weekday; ordinary days	Wochentag; gewöhnliche Tage
weekend	Wochenende
weekly	wöchentlich
weigh	wiegen
weight	Gewicht
weird	seltsam
welcome	Willkommen
welcome (in a shop)	willkommen (in einem Geschäft)
welcome / come in	willkommen / komm herein
welcome home	Willkommen zu Hause
welcome; reception	willkommen; Empfang
welfare	Wohlfahrt
well	Naja
well then...	na dann...
well-being	Wohlbefinden
well...; let me see...	na ja...; lass mich sehen...
well; properly; suitably; best regards; please remember me	nun ja; richtig; geeignet; beste grüße; Bitte erinnere dich an mich
wellness	Wellness
west	Westen
western	westlich
western countries	westliche Länder
western-style clothes	Kleidung im westlichen Stil
wet	nass
wet towel	nasses Handtuch
whale	Wal
what	was
what color?	Welche Farbe?
what date	welches Datum
what day	welcher Tag
what day of the month?	Welcher Tag im Monat?
what day of the week?	Welcher Wochentag?
what do you recommend?	Was empfehlen Sie?
what is this?	was ist das?
what kind of	Was für eine
what kind of...	Was für ein...
what language?	Welche Sprache?
what minute?; how many minutes?	welche Minute?; Wie viele Minuten?
what month	welcher Monat
what month?	welcher Monat?
what nationality?	Welche Nationalität?
what number	welche Zahl
what number?	welche Zahl?
what time	um wie viel Uhr
what time is it now	Wie spät ist es jetzt?
what time?	Um wie viel Uhr?
what year?	welches Jahr?
what's up?	was ist los?
what; how; whatever	Was; Wie; was auch immer
what? / which? / what kind of?	Was? / welche? / Was für eine?
whatever	was auch immer
whatsoever	was auch immer
wheat	Weizen
wheel	Rad
when	wann
when...; at the time of...	wann...; zur Zeit von...
when; how soon	wann; wie schnell
when?	wann?
whenever	wann immer
where	wo
where (polite)	wo (höflich)
where are you from?	Woher kommst du?
where is the restroom?	Wo ist die Toilette?
where; what place	Wo; welcher Ort
where; which; who; anyway; anyhow; at any rate	wo; welche; WHO; Trotzdem; jedenfalls; jedenfalls
where? / what place?	Wo? / welcher Ort?
whereas	wohingegen
whereby	wobei
wherever	wo auch immer
whether	ob
which	welche
which (emphatic)	welche (nachdrücklich)
which (of these)	welche (davon)
which (of two)	welches (von zwei)
which ...	was ...
which one	welches
which one (casual)	welches (lässig)
which one (three of more)	welches (drei von mehr)
which one (two items)	welches (zwei Elemente)
which; what	welche; was
which; who	welche; wer
while	während
while talking; the line is busy	beim Reden; Die Leitung ist besetzt
while...	während...
whilst	während
whim; caprice; whimsy; fickle; moody; uneven temper	Laune; Laune; launisch; wankelmütig; launisch; ungleichmäßiges Temperament
whip	Peitsche
whisper	flüstern
white	weiß
white or grey hair; trendy hair bleaching	weißes oder graues Haar; trendiges Haarbleichen
who	wer
who (polite)	wer (höflich)
who?	Wer?
whoever	wer auch immer
whole	ganz
whole life; a lifetime; all through life	ganzes Leben; ein Leben lang; das ganze Leben lang
whole year; always; everyday	ganzes Jahr; stets; jeden Tag
whole; entirety; whatever (is the matter)	ganz; Gesamtheit; was auch immer (ist die Sache)
wholly	ganz
whom	wen
whose	wessen
why	warum
why (casual)	warum (lässig)
why / how come	warum/wieso
why; how	warum; wie
wide	breit
wide / spacious	breit / geräumig
widely	weit verbreitet
widen	erweitern
widespread	weit verbreitet
widow	Witwe
width	Breite
width; breadth	Breite; Breite
wife	Frau
wife (someone's)	Frau (jemandes)
wife; Mrs; madam	Frau; Frau; Frau
wild	wild
wildlife	Tierwelt
will	wird
will / determination	Wille / Entschlossenheit
will; desire; ambition	Wille; Wunsch; Ehrgeiz
will; volition	Wille; Wille
willing	bereit
willingness	Bereitschaft
win	gewinnen
win; victory	gewinnen; Sieg
wind	Wind
wind up	Schluss machen
window	Fenster
windy	windig
wine	Wein
wing	Flügel
wings	Flügel
winner	Gewinner
winter	Winter
winter scarf	Winterschal
wipe	wischen
wire	Draht
wireless	kabellos
wisdom	Weisheit
wisdom; intelligence; prudence	Weisheit; Intelligenz; Vorsicht
wisdom; wit; sagacity; sense; intelligence; advice	Weisheit; Witz; Klugheit; Sinn; Intelligenz; Rat
wise	weise
wise; clever; smart	weise; clever; klug
wish	Wunsch
wish; desire; (a) hope	wünschen; Wunsch; (a) Hoffnung
wit	Witz
with	mit
with (feeling)	mit (Gefühl)
with a pinch of salt	mit einer Prise Salz
with the exception of	mit Ausnahme von
with trouble; at great pains; long-awaited	mit Schwierigkeiten; unter großen Schmerzen; lang erwartet
with utmost effort	mit größter Anstrengung
with; by; by means of; because; in view of	mit; von; mittels; Weil; im Hinblick auf
withdraw	zurückziehen
withdrawal	Rückzug
within	innerhalb
without	ohne
without permission	ohne Erlaubnis
witness	Zeuge
wolf	Wolf
woman	Frau
woman; female	Frau; weiblich
woman; girl	Frau; Mädchen
wonder	Wunder
wonder; miracle	Wunder; Wunder
wonderful	wunderbar
wonderful; gorgeous; splendor; pomp; extravagance	wunderbar; wunderschön; Pracht; Pomp; Extravaganz
wonderful; splendid; magnificent	wunderbar; prächtig; großartig
wood	Holz
wooden	aus Holz
woods	Wälder
woods; forester	Wälder; Förster
wool	Wolle
word	Wort
word / language	Wort / Sprache
word root; word derivation; etymology	Wortwurzel; Wortableitung; Etymologie
word; language	Wort; Sprache
word; vocabulary	Wort; Wortschatz
word; vocabulary; (usually) single-character word	Wort; Vokabular; (normalerweise) einstelliges Wort
words; phrases	Worte; Phrasen
work	Arbeit
work (film; book)	Werk (Film; Buch)
work / duty	Arbeit / Pflicht
work / job	Arbeit / Beruf
work out	trainieren
work; construction; handicraft; maneuvering	Arbeit; Konstruktion; Kunsthandwerk; manövrieren
work; labor	Arbeit; Arbeit
work; operation; manufacturing; fatigue duty	Arbeit; Betrieb; Herstellung; Ermüdungspflicht
work; opus; performance; production	Arbeit; Opus; Leistung; Produktion
worker	Arbeiter
worker; mechanic; artisan; craftsman	Arbeiter; Mechaniker; Handwerker; Handwerker
workforce	Belegschaft
working	arbeiten
working together; (husband and wife) earning a living together	zusammenarbeiten; (Ehemann und Ehefrau) verdienen gemeinsam ihren Lebensunterhalt
workload	Arbeitsbelastung
workout	Training
workplace	Arbeitsplatz
workshop	Werkstatt
world	Welt
world; society	Welt; Gesellschaft
worldwide	weltweit
worm	Wurm
worried	besorgt
worried about	besorgt
worry	Sorge
worry; concern; anxiety; care	Sorge; Sorge; Angst; Pflege
worse	schlimmer
worship	Anbetung
worship; shrine visit	Anbetung; Besuch des Schreins
worst	am schlimmsten
worth	wert
worthwhile	lohnt sich
worthy	würdig
would	würde
wound	Wunde
wound; injury; hurt; cut	Wunde; Verletzung; verletzt; schneiden
wow	Wow
wrap	wickeln
wrapping cloth; cloth wrapper	Einwickeltuch; Stoffhülle
wrist	Handgelenk
write	schreiben
writer	Schriftsteller
writer; author	Schriftsteller; Autor
writing	Schreiben
writing brush	Schreibpinsel
writing down; putting on record; recording; making a note of; registration (of mail)	aufschreiben; aktenkundig machen; Aufnahme; eine Notiz machen; Registrierung (von Post)
writing paper; stationery	Schreibpapier; Briefpapier
written	geschrieben
written application or petition	schriftliche Bewerbung oder Petition
wrong	falsch
wrong; bad; improper; unjustifiable; inadvisable	falsch; schlecht; unangemessen; ungerechtfertigt; nicht ratsam
yakuza; gangster	Yakuza; Gangster
yard	Hof
yeah	ja
year	Jahr
year (period)	Jahr (Zeitraum)
year after next	übernächstes Jahr
year before last	vorletztes Jahr
year end; sunset; nightfall; end	Jahresende; Sonnenuntergang; Einbruch der Dunkelheit; Ende
year in school; grade in school	Schuljahr; Klasse in der Schule
year; fiscal year; school year; term	Jahr; Geschäftsjahr; Schuljahr; Begriff
yell	schrei
yellow	gelb
yellowish green	gelblich grün
yen	Yen
yes	ja
yes or no; existence; flag indicator (comp); presence or absence marker	ja oder nein; Existenz; Flaggenanzeige (comp); Anwesenheits- oder Abwesenheitsmarkierung
yes, that's right	Ja, das stimmt
yesterday	gestern
yet	noch
yet; and	noch; und
yet; still; more; besides	noch; Trotzdem; mehr; außerdem
yield	Ertrag
yoga	Yoga
yogurt	Joghurt
you	Du
you're welcome	Gern geschehen
you; lady	du; Dame
young	jung
young lady	junge Dame
younger brother	jüngerer Bruder
younger sister	jüngere Schwester
youngest child	jüngstes Kind
youngster	Jugendlicher
your	dein
your attendance	Ihre Anwesenheit
your attendance (respect)	Ihre Anwesenheit (Respekt)
your attention (to a speech)	Ihre Aufmerksamkeit (auf eine Rede)
your correction / point	Ihre Korrektur / Ihr Punkt
your family (respect)	deine Familie (Respekt)
your kind consideration	Ihre freundliche Rücksichtnahme
your order	Ihre Bestellung
your order?	Ihre Bestellung?
your pardon; declining (something); dismissal; permission	Ihre Verzeihung; rückläufig (etwas); Entlassung; Erlaubnis
your patronage	Ihre Schirmherrschaft
your request	Ihr Anliegen
your use (respect)	Ihr Nutzen (Respekt)
your visit to the store	Ihr Besuch im Laden
yours	deins
yourself	sich selbst
youth	Jugend
youth; young man	Jugend; junger Mann
youth; young person	Jugend; junger Mensch
youthful; young	jugendlich; jung
ys	Ja
zeal; enthusiasm	Eifer; Begeisterung
zebra	Zebra
zero	Null
zero; no marks	Null; keine Noten
zipper	Reißverschluss
zone	Zone
zoo	Zoo
zoori (Japanese footwear); sandals	Zoori (japanisches Schuhwerk); Sandalen
~ City	~ Stadt
~ Prefecture	~ Präfektur
~ State	~ Zustand
~ language	~ Sprache
~ nationality	~ Nationalität
~street; ~quarters	~Straße; ~Viertel
ｐink	ｐTinte
A blueberry muffin, please.	Ein Blaubeermuffin, bitte.
A cappuccino, please.	Einen Cappuccino, bitte.
A dessert menu, please.	Bitte eine Dessertkarte.
A lemonade, please.	Eine Limonade, bitte.
About 10 minutes. You have plenty of time.	Ungefähr 10 Minuten. Sie haben viel Zeit.
About 30 minutes with this traffic.	Bei diesem Verkehr etwa 30 Minuten.
About five minutes from here.	Ungefähr fünf Minuten von hier entfernt.
Actually, what about this mug?	Was ist eigentlich mit dieser Tasse?
Adults are 8 dollars, students get a discount.	Erwachsene zahlen 8 Dollar, Studenten erhalten einen Rabatt.
Alright. The counter is over there.	In Ordnung. Die Theke ist da drüben.
An iced latte, please.	Bitte einen eisgekühlten Latte.
Anything else with that?	Sonst noch was dazu?
Anytime! Enjoy the museum.	Jederzeit! Genießen Sie das Museum.
Are there any side effects?	Gibt es Nebenwirkungen?
Can I move some things to my carry-on?	Kann ich einige Dinge in mein Handgepäck mitnehmen?
Can you call a taxi for me in the morning?	Können Sie mir morgen früh ein Taxi rufen?
Card, please.	Karte, bitte.
Cash, please.	Bargeld, bitte.
Cash.	Kasse.
Certainly. Here's your key. Room 301, third floor.	Sicherlich. Hier ist Ihr Schlüssel. Raum 301, dritte Etage.
Certainly. The machine is right here.	Sicherlich. Die Maschine ist genau hier.
Checkout is at 10 am. You can leave your bags at the desk.	Die Kasse erfolgt um 10 Uhr. Ihr Gepäck können Sie am Schreibtisch abstellen.
Coming right up! Would you like anything to eat?	Kommt gleich! Möchten Sie etwas essen?
Could I get some chili flakes?	Könnte ich ein paar Chiliflocken bekommen?
Could I get some extra napkins?	Könnte ich ein paar zusätzliche Servietten bekommen?
Could I go by bus instead?	Könnte ich stattdessen mit dem Bus fahren?
Done! Here's your receipt and your gift.	Erledigt! Hier ist Ihre Quittung und Ihr Geschenk.
Exactly. You can't miss it — it's a big white building.	Genau. Man kann es nicht verfehlen – es ist ein großes weißes Gebäude.
For here, please.	Für hier, bitte.
Gate 12, to your left after security.	Gate 12, links nach der Sicherheitskontrolle.
Get well soon!	Gute Besserung!
Go straight down this road. At the bank, turn left.	Gehen Sie geradeaus diese Straße entlang. Biegen Sie an der Bank links ab.
Good to hear. There was an accident on the highway.	Gut zu hören. Auf der Autobahn kam es zu einem Unfall.
Good. Has it helped at all?	Gut. Hat es überhaupt geholfen?
Goodbye!	Auf Wiedersehen!
Got it. It's not far.	Habe es. Es ist nicht weit.
Got it. Turn left at the bank and keep walking.	Habe es. Biegen Sie an der Bank links ab und gehen Sie weiter.
Great choice! Anything to drink?	Tolle Wahl! Etwas zu trinken?
Great choice! Would you like it wrapped?	Tolle Wahl! Möchten Sie es verpackt?
Great! For here or to go?	Großartig! Für hier oder für unterwegs?
Great, thanks for your help!	Großartig, danke für deine Hilfe!
Here you are. That's 12 dollars.	Hier sind Sie ja. Das sind 12 Dollar.
Here you are. The cheesecake is our specialty.	Hier sind Sie ja. Der Käsekuchen ist unsere Spezialität.
Here you go.	Bitte schön.
Here you go. Thanks!	Bitte schön. Danke!
Here's your change. Thanks for coming!	Hier ist Ihr Kleingeld. Danke fürs Kommen!
Hot, please.	Heiß, bitte.
How long does the bus take?	Wie lange braucht der Bus?
How long is the walk to the gate?	Wie lang ist der Weg zum Tor?
How long will it take to get there?	Wie lange wird es dauern, dorthin zu gelangen?
How many times a day should I take it?	Wie oft am Tag sollte ich es einnehmen?
How much is the excess fee?	Wie hoch ist die Selbstbeteiligung?
How much is this one?	Wie viel kostet das?
I have a headache and a fever.	Ich habe Kopfschmerzen und Fieber.
I lost my boarding pass.	Ich habe meine Bordkarte verloren.
I see. How long have you felt this way?	Ich verstehe. Wie lange fühlst du dich schon so?
I think I see it. Thank you!	Ich glaube, ich sehe es. Danke schön!
I will. Goodbye!	Ich werde. Auf Wiedersehen!
I will. Thank you!	Ich werde. Danke schön!
I'll carry it on board.	Ich werde es an Bord tragen.
I'll have the fried rice, please.	Ich nehme bitte den gebratenen Reis.
I'll prescribe some medicine. Take it after meals.	Ich werde Ihnen Medikamente verschreiben. Nehmen Sie es nach den Mahlzeiten ein.
I'll take the side streets. It should be quicker.	Ich nehme die Seitenstraßen. Es sollte schneller gehen.
I'm looking for a gift for my sister.	Ich suche ein Geschenk für meine Schwester.
Iced, please.	Bitte eiskalt.
If you need anything, call the front desk.	Wenn Sie etwas benötigen, rufen Sie die Rezeption an.
Is breakfast included in the price?	Ist das Frühstück im Preis inbegriffen?
Is everything okay? Need anything else?	Ist alles in Ordnung? Brauchen Sie noch etwas?
Is it serious?	Ist es ernst?
Is there Wi-Fi in the room?	Gibt es WLAN im Zimmer?
Is there a faster way?	Gibt es einen schnelleren Weg?
It smells delicious. Thank you!	Es riecht köstlich. Danke schön!
It's 20 dollars per kilo.	Es sind 20 Dollar pro Kilo.
Just browsing, thanks.	Ich stöbere nur, danke.
Just one night.	Nur eine Nacht.
Just one, please.	Nur eins, bitte.
Just the bill, please.	Bitte nur die Rechnung.
Just water, please.	Bitte nur Wasser.
Keep the change.	Stimmt so.
Let me check... Yes, here it is. Two nights.	Lassen Sie mich nachsehen... Ja, hier ist es. Zwei Nächte.
Let me see... Yes, we have a single room available.	Mal sehen... Ja, wir haben ein Einzelzimmer zur Verfügung.
Let me take a look. Open wide.	Lass mich einen Blick darauf werfen. Weit öffnen.
My throat hurts when I swallow.	Beim Schlucken tut mir der Hals weh.
No problem. For here or to go?	Kein Problem. Für hier oder für unterwegs?
No thanks, just the drink.	Nein danke, nur das Getränk.
No thanks, that's all.	Nein danke, das ist alles.
No worries, I can reprint it for you.	Keine Sorge, ich kann es für Sie nachdrucken.
No, I'm afraid not. Do you have any rooms?	Nein, ich fürchte nicht. Haben Sie Zimmer?
No, about ten minutes on foot.	Nein, etwa zehn Minuten zu Fuß.
No, nothing yet.	Nein, noch nichts.
Nothing to worry about. Rest and fluids will help.	Kein Grund zur Sorge. Ruhe und Flüssigkeit helfen.
Of course, here you go.	Natürlich, los geht's.
Of course, right away.	Natürlich sofort.
Of course, take your time.	Nehmen Sie sich natürlich Zeit.
Of course. Here's your key. Room 301, third floor.	Natürlich. Hier ist Ihr Schlüssel. Raum 301, dritte Etage.
Of course. I'll wrap it up for you. Anything else?	Natürlich. Ich erledige es für dich. Irgendetwas anderes?
Of course. Just ask at the front desk.	Natürlich. Fragen Sie einfach an der Rezeption nach.
Okay, let's check your temperature first.	Okay, lass uns zuerst deine Temperatur überprüfen.
Our fried rice is very popular, and so is the noodles.	Unser gebratener Reis ist sehr beliebt, ebenso wie die Nudeln.
Perfect. Here's your change.	Perfekt. Hier ist Ihr Kleingeld.
Perfect. The terminal is right here.	Perfekt. Das Terminal befindet sich genau hier.
Right this way. Here's the menu.	Genau hier entlang. Hier ist das Menü.
Right this way. I'll bring the menus.	Genau hier entlang. Ich bringe die Menüs mit.
See you next time!	Bis zum nächsten Mal!
See you next week for a check-up.	Wir sehen uns nächste Woche zur Kontrolluntersuchung.
Should I stay home from work?	Soll ich von der Arbeit zu Hause bleiben?
Sorry, could you say that again?	Entschuldigung, könnten Sie das noch einmal sagen?
Sounds good. I'll see you then.	Hört sich gut an. Wir sehen uns dann.
Still or sparkling?	Still oder prickelnd?
Sure, bus 21 stops right outside the museum.	Klar, Bus 21 hält direkt vor dem Museum.
Sure, it'll be ready in a minute.	Klar, es ist in einer Minute fertig.
Sure, just put it on the scale.	Klar, legen Sie es einfach auf die Waage.
Sure, no problem.	Klar, kein Problem.
Sure. I'll bring that right away.	Sicher. Das bringe ich gleich mit.
Sure. That'll take about 30 minutes.	Sicher. Das dauert etwa 30 Minuten.
Take a seat and I'll bring it over.	Nehmen Sie Platz und ich bringe es vorbei.
Take care. Come back if it doesn't improve.	Aufpassen. Kommen Sie wieder, wenn sich keine Besserung ergibt.
Take your time! Let me know if you need help.	Nehmen Sie sich Zeit! Lassen Sie mich wissen, wenn Sie Hilfe benötigen.
Thank you very much!	Vielen Dank!
Thank you very much! Have a safe flight!	Vielen Dank! Guten Flug!
Thank you! Have a wonderful day!	Danke schön! Ich wünsche Ihnen einen wundervollen Tag!
Thank you! It looks great.	Danke schön! Es sieht toll aus.
Thank you, doctor.	Danke, Herr Doktor.
Thank you. Your gate is 12.	Danke schön. Ihr Gate ist 12.
Thanks so much!	Vielen Dank!
Thanks, I will!	Danke, das werde ich!
Thanks, see you next time!	Danke, bis zum nächsten Mal!
Thanks. Have a great trip!	Danke. Gute Reise!
Thanks. Is this your first time in the city?	Danke. Sind Sie zum ersten Mal in der Stadt?
That'll be 25 dollars.	Das wären 25 Dollar.
That's 8 dollars. It's a nice gift too.	Das sind 8 Dollar. Es ist auch ein schönes Geschenk.
That's fine, I'm not in a hurry.	Das ist in Ordnung, ich habe es nicht eilig.
That's fine. It's under the size limit.	Das ist in Ordnung. Es liegt unter der Größenbeschränkung.
That's fine. Payment is due at checkout.	Das ist in Ordnung. Die Zahlung erfolgt an der Kasse.
The airport, please.	Der Flughafen, bitte.
The blue one, please.	Das Blaue bitte.
These scarves are lovely and very popular.	Diese Schals sind wunderschön und sehr beliebt.
This hotel, please.	Dieses Hotel, bitte.
This one is 15 dollars.	Dieser kostet 15 Dollar.
Three times a day, after meals.	Dreimal täglich nach den Mahlzeiten.
To go, please.	Gehen Sie bitte.
Two nights, please.	Zwei Nächte, bitte.
Two, please.	Zwei, bitte.
We have blue, red, and green.	Wir haben Blau, Rot und Grün.
What colors are available?	Welche Farben sind verfügbar?
What do you recommend?	Was empfehlen Sie?
What's the entrance fee?	Wie hoch ist der Eintrittspreis?
Which gate do I need?	Welches Tor brauche ich?
Will I need antibiotics?	Brauche ich Antibiotika?
Yes, I took some medicine this morning.	Ja, ich habe heute Morgen Medikamente eingenommen.
Yes, it's complimentary for all guests.	Ja, es ist für alle Gäste kostenlos.
Yes, it's free. The password is on your key card.	Ja, es ist kostenlos. Das Passwort finden Sie auf Ihrer Schlüsselkarte.
Yes, please.	Ja, bitte.
Yes, take a day or two to rest.	Ja, nehmen Sie sich ein oder zwei Tage Zeit, um sich auszuruhen.
Yes, the machine is right here.	Ja, die Maschine ist genau hier.
Yes, the terminal is right here.	Ja, das Terminal ist genau hier.
Yes, this one bag, please.	Ja, diese eine Tasche, bitte.
Yes, under the name Smith.	Ja, unter dem Namen Smith.
You might feel a little sleepy. That's normal.	Möglicherweise fühlen Sie sich ein wenig schläfrig. Das ist normal.
You're very welcome.	Gern geschehen.
You're welcome! Let me know if you need anything.	Gern geschehen! Sag mir Bescheid, wenn du etwas brauchst.
You're welcome. Have a great night.	Gern geschehen. Habt eine tolle Nacht.
You're welcome. Have a nice day!	Gern geschehen. Einen schönen Tag noch!
You're welcome. Safe travels!	Gern geschehen. Gute Reise!
