सुप्रभात, आप कैसे हैं?	Good morning, how are you?
सुप्रभात, माँ!	Good morning, mother!
सबको सुप्रभात।	Good morning to all.
शुभ दोपहर, श्रीमान।	Good afternoon, sir.
शुभ दोपहर, महोदया।	Good afternoon, madam.
शुभ दोपहर, मित्र।	Good afternoon, friend.
शुभ संध्या, आप कैसे हैं?	Good evening, how are you?
शुभ संध्या, पिताजी।	Good evening, father.
शुभ संध्या, सबको।	Good evening, everyone.
शुभ रात्रि, प्रिय।	Good night, dear.
शुभ रात्रि, माँ।	Good night, mother.
अब शुभ रात्रि।	Good night now.
अलविदा, फिर मिलते हैं।	Goodbye, see you again.
अलविदा, मेरा मित्र।	Goodbye, my friend.
अब अलविदा।	Goodbye now.
आपसे मिलकर अच्छा लगा।	Nice to meet you.
आपसे मिलकर अच्छा लगा, महोदया।	Nice to meet you, madam.
आज आपसे मिलकर अच्छा लगा।	It was nice to meet you today.
क्षमा करें, यह क्या है?	Sorry, what is this?
क्षमा करें, मैं देर से आया।	Sorry, I came late.
कृपया क्षमा करें।	Please forgive me.
क्षमा करें, समय क्या हुआ है?	Excuse me, what time is it?
क्षमा करें, क्या आप यहाँ हैं?	Excuse me, are you here?
क्षमा करें, एक प्रश्न है।	Excuse me, there is a question.
बेशक, मैं आऊँगा।	Of course, I will come.
बेशक, यह सही है।	Of course, this is correct.
बेशक, आप जा सकते हैं।	Of course, you can go.
श्रीमान शर्मा यहाँ हैं।	Mr. Sharma is here.
श्रीमान वर्मा कहाँ हैं?	Where is Mr. Verma?
नमस्ते, श्रीमान।	Hello, sir.
श्रीमती गुप्ता अच्छी हैं।	Mrs. Gupta is good.
नमस्ते, श्रीमती सिंह।	Hello, Mrs. Singh.
श्रीमती कपूर यहाँ हैं।	Mrs. Kapoor is here.
मिस राव एक शिक्षिका हैं।	Miss Rao is a teacher.
नमस्ते, मिस शर्मा।	Hello, Miss Sharma.
मिस कपूर कहाँ हैं?	Where is Miss Kapoor?
नमस्ते, महोदया।	Hello, madam.
महोदया, आपका नाम क्या है?	Madam, what is your name?
महोदया, वह यहाँ हैं।	Madam, she is here.
प्रिय मित्र, कैसे हो?	Dear friend, how are you?
मेरे प्रिय भाई।	My dear brother.
प्रिय माँ, आप कैसी हैं?	Dear mother, how are you?
बाद में मिलते हैं, दोस्त।	See you later, friend.
हम बाद में मिलते हैं।	We see you later.
ठीक है, बाद में मिलते हैं।	Okay, see you later.
अपना ख्याल रखना।	Take care of yourself.
आप ख्याल रखना।	You take care.
दोस्त, ख्याल रखना।	Friend, take care.
आपका दिन शुभ हो।	Have a nice day.
नमस्ते, आपका दिन शुभ हो।	Hello, have a nice day.
अलविदा, आपका दिन शुभ हो।	Goodbye, have a nice day.
अलविदा, दोस्त।	Bye, friend.
अलविदा, फिर मिलेंगे।	Bye, we will meet again.
शून्य एक नंबर है।	Zero is a number.
यहाँ शून्य है।	Zero is here.
शून्य से शुरू करो।	Start from zero.
मेरे पास पांच पेन हैं।	I have five pens.
पांच दिन और चाहिए।	Five more days are needed.
वह पांच साल का है।	He is five years old.
छह लोग यहाँ हैं।	Six people are here.
मेरे छह दोस्त हैं।	I have six friends.
छह बजे आओ।	Come at six o'clock.
मेरे पास तेरह किताबें हैं।	I have thirteen books.
तेरह दिन बाकी हैं।	Thirteen days are left.
वह तेरह साल का है।	He is thirteen years old.
चौदह दिन का समय है।	There is time for fourteen days.
यहाँ चौदह लोग हैं।	There are fourteen people here.
मेरे पास चौदह सिक्के हैं।	I have fourteen coins.
पंद्रह मिनट रुकिए।	Wait for fifteen minutes.
पंद्रह दिन बाद आओ।	Come after fifteen days.
पंद्रह केले लाओ।	Bring fifteen bananas.
सोलह साल की उम्र।	The age of sixteen years.
मेरे पास सोलह रुपये हैं।	I have sixteen rupees.
यहाँ सोलह कुर्सियाँ हैं।	There are sixteen chairs here.
सत्रह दिन पहले।	Seventeen days ago.
सत्रह लोग आए।	Seventeen people came.
उसे सत्रह साल हुए।	He turned seventeen.
अठारह साल का लड़का।	An eighteen year old boy.
अठारह दिन और।	Eighteen more days.
यहाँ अठारह पेन हैं।	There are eighteen pens here.
उन्नीस लोग गए।	Nineteen people went.
उन्नीस दिन बाद।	After nineteen days.
मेरे पास उन्नीस रुपये हैं।	I have nineteen rupees.
चालीस दिन का समय।	Time of forty days.
चालीस लोग आए।	Forty people came.
मेरे पास चालीस रुपये हैं।	I have forty rupees.
सत्तर साल की उम्र।	The age of seventy years.
सत्तर लोग यहाँ हैं।	Seventy people are here.
सत्तर दिन बाद।	After seventy days.
अस्सी रुपये दे दो।	Give eighty rupees.
अस्सी लोग गए।	Eighty people went.
वह अस्सी साल का है।	He is eighty years old.
नब्बे लोग आए।	Ninety people came.
नब्बे दिन बाद।	After ninety days.
नब्बे रुपये यहाँ हैं।	Ninety rupees are here.
एक हजार रुपये लाओ।	Bring one thousand rupees.|
हजार लोग आए।	A thousand people came.
एक हजार दिन।	One thousand days.
वह तीसरा लड़का है।	He is the third boy.
तीसरा घर बड़ा है।	The third house is big.
तीसरा पेज खो गया।	The third page is lost.
यह चौथा कमरा है।	This is the fourth room.
चौथा दिन आज है।	Today is the fourth day.
चौथा व्यक्ति आया।	The fourth person came.
पांचवां साल शुरू हुआ।	The fifth year started.
पांचवां लड़का लंबा है।	The fifth boy is tall.
पांचवां दिन अच्छा था।	The fifth day was good.
छठा कमरा छोटा है।	The sixth room is small.
छठा दिन मुश्किल था।	The sixth day was difficult.
वह छठा व्यक्ति है।	He is the sixth person.
सातवां घर नीला है।	The seventh house is blue.
सातवां दिन रविवार है।	The seventh day is Sunday.
सातवां पेज पढ़ो।	Read the seventh page.
आठवां लड़का यहाँ है।	The eighth boy is here.
आठवां दिन आया।	The eighth day came.
आठवां कमरा बड़ा है।	The eighth room is big.
नौवां साल अच्छा था।	The ninth year was good.
नौवां व्यक्ति गया।	The ninth person left.
नौवां पेज खुला है।	The ninth page is open.
दसवां दिन आज है।	Today is the tenth day.
दसवां व्यक्ति आया।	The tenth person came.
दसवां कमरा यहाँ है।	The tenth room is here.
एक जोड़ी जूता लाओ।	Bring a pair of shoes.
यह एक अच्छी जोड़ी है।	This is a good pair.
जूतों की एक जोड़ी।	A pair of shoes.
गिनती करो।	Do the counting.
गिनती शुरू करो।	Start the counting.
गिनती गलत है।	The count is wrong.
एक घंटा रुकिए	Wait for one hour.
यह घंटा लंबा था	This hour was long.
एक घंटा और	One more hour.
दिनांक क्या है?	What is the date?
दिनांक नोट कर लो	Note down the date.
सही दिनांक बताओ	Tell the correct date.
सप्ताहांत अच्छा था	The weekend was good.
सप्ताहांत पर मिलो	Meet on the weekend.
सप्ताहांत करीब है	The weekend is near.
एक महीना बाकी है	One month is left.
यह महीना गरम है	This month is hot.
अगला महीना कब है?	When is the next month?
वसंत आ गया	Spring has arrived.
वसंत बहुत सुंदर है	Spring is very beautiful.
वसंत में फूल खिलते हैं	Flowers bloom in spring.
पतझड़ का समय है	It is the time of autumn.
पतझड़ में पत्ते गिरते हैं	Leaves fall in autumn.
पतझड़ अब शुरू हुआ	Autumn has started now.
आज बुधवार है	Today is Wednesday.
बुधवार को छुट्टी है	There is a holiday on Wednesday.
बुधवार को आओ	Come on Wednesday.
गुरुवार का दिन व्यस्त है	Thursday is a busy day.
गुरुवार को बाजार बंद है	The market is closed on Thursday.
गुरुवार को क्या है?	What is on Thursday?
शनिवार को फिल्म देखो	Watch a movie on Saturday.
शनिवार की शाम अच्छी है	Saturday evening is good.
शनिवार को छुट्टी है	Saturday is a holiday.
सूर्योदय बहुत सुंदर है	The sunrise is very beautiful.
सूर्योदय जल्दी होता है	The sunrise happens early.
सूर्योदय का समय क्या है?	What is the time of sunrise?
सूर्यास्त लाल है	The sunset is red.
सूर्यास्त अब होगा	The sunset will happen now.
सूर्यास्त देखना अच्छा है	Watching the sunset is good.
दादा यहाँ हैं।	Grandfather is here.
मेरे दादा अच्छे हैं।	My grandfather is good.
दादा सो रहे हैं।	Grandfather is sleeping.
दादा-दादी घर पर हैं।	Grandparents are at home.
मेरे दादा-दादी प्यारे हैं।	My grandparents are lovely.
दादा-दादी आ रहे हैं।	Grandparents are coming.
बेबी सो रही है।	The baby is sleeping.
यह बेबी छोटा है।	This baby is small.
बेबी रो रहा है।	The baby is crying.
मेरी मौसी आई हैं।	My aunt has come.
मौसी खाना बनाती हैं।	Aunt cooks food.
वह मेरी मौसी हैं।	She is my aunt.
भतीजा खेल रहा है।	The nephew is playing.
मेरा भतीजा छोटा है।	My nephew is small.
भतीजा यहाँ है।	The nephew is here.
भतीजी गाना गाती है।	The niece sings a song.
मेरी भतीजी प्यारी है।	My niece is lovely.
भतीजी स्कूल जाती है।	The niece goes to school.
पोता बहुत छोटा है।	The grandson is very small.
वह मेरा पोता है।	He is my grandson.
पोता खेल रहा है।	The grandson is playing.
वह सबसे अच्छा दोस्त है।	He is the best friend.
मेरा सबसे अच्छा दोस्त यहाँ है।	My best friend is here.
तुम सबसे अच्छा दोस्त हो।	You are the best friend.
रिश्तेदार आ रहे हैं।	Relatives are coming.
मेरे रिश्तेदार यहाँ हैं।	My relatives are here.
वह मेरा रिश्तेदार है।	He is my relative.
मेरा सहपाठी अच्छा है।	My classmate is good.
सहपाठी पढ़ रहा है।	The classmate is studying.
वह मेरा सहपाठी है।	He is my classmate.
मेरा सहकर्मी यहाँ है।	My colleague is here.
सहकर्मी काम कर रहा है।	The colleague is working.
वह मेरा सहकर्मी है।	He is my colleague.
मेरा साथी अच्छा है।	My partner is good.
वह मेरा साथी है।	He is my partner.
हम अच्छे साथी हैं।	We are good partners.
मेरा प्रेमी यहाँ है।	My boyfriend is here.
वह मेरा प्रेमी है।	He is my boyfriend.
प्रेमी आ रहा है।	The boyfriend is coming.
मेरी प्रेमिका सुंदर है।	My girlfriend is beautiful.
वह मेरी प्रेमिका है।	She is my girlfriend.
प्रेमिका पढ़ रही है।	The girlfriend is studying.
मेरे भाई बहन हैं।	I have siblings.
भाई बहन खेल रहे हैं।	Siblings are playing.
वह मेरे भाई बहन हैं।	They are my siblings.
वह एक वयस्क है।	He is an adult.
वयस्क यहाँ है।	The adult is here.
मैं एक वयस्क हूँ।	I am an adult.
वे जुड़वां हैं।	They are twins.
जुड़वां बच्चे सो रहे हैं।	The twin children are sleeping.
वह मेरा जुड़वां है।	He is my twin.
यह रोटी गरम है।	This bread is hot.
मुझे रोटी पसंद है।	I like bread.
रोटी यहाँ है।	The bread is here.
अंडा सफेद है।	The egg is white.
एक अंडा लाओ।	Bring one egg.
अंडा अच्छा है।	The egg is good.
अंगूर मीठे हैं।	The grapes are sweet.
यह अंगूर हरा है।	This grape is green.
अंगूर खाओ।	Eat grapes.
स्ट्रॉबेरी लाल है।	The strawberry is red.
मुझे स्ट्रॉबेरी चाहिए।	I want a strawberry.
स्ट्रॉबेरी मीठी है।	The strawberry is sweet.
नींबू खट्टा है।	The lemon is sour.
एक नींबू लाओ।	Bring one lemon.
नींबू यहाँ है।	The lemon is here.
यह सब्जी ताजी है।	This vegetable is fresh.
सब्जी खाओ।	Eat the vegetable.
सब्जी अच्छी है।	The vegetable is good.
टमाटर लाल है।	The tomato is red.
टमाटर यहाँ है।	The tomato is here.
मुझे टमाटर पसंद है।	I like tomato.
प्याज सफेद है।	The onion is white.
प्याज काटो।	Cut the onion.
यह प्याज बड़ा है।	This onion is big.
लहसुन अच्छा है।	The garlic is good.
लहसुन यहाँ है।	The garlic is here.
लहसुन लाओ।	Bring garlic.
गाजर नारंगी है।	The carrot is orange.
गाजर खाओ।	Eat the carrot.
यह गाजर मीठी है।	This carrot is sweet.
मांस गरम है।	The meat is hot.
मांस यहाँ है।	The meat is here.
मुझे मांस पसंद है।	I like meat.
चिकन अच्छा है।	The chicken is good.
चिकन लाओ।	Bring the chicken.
यह चिकन गरम है।	This chicken is hot.
दही सफेद है।	The yogurt is white.
दही खाओ।	Eat the yogurt.
मुझे दही पसंद है।	I like yogurt.
दोपहर का भोजन तैयार है।	Lunch is ready.
दोपहर का भोजन अच्छा है।	Lunch is good.
दोपहर का भोजन लाओ।	Bring the lunch.
भोजन गरम है।	The meal is hot.
भोजन अच्छा है।	The meal is good.
भोजन यहाँ है।	The meal is here.
प्लेट सफेद है।	The plate is white.
प्लेट यहाँ है।	The plate is here.
एक प्लेट लाओ।	Bring one plate.
उसका चेहरा सुंदर है।	His face is beautiful.
मेरा चेहरा साफ़ है।	My face is clean.
चेहरा धो लो।	Wash your face.
मुँह बंद रखो।	Keep your mouth closed.
उसका मुँह छोटा है।	His mouth is small.
मुँह खोलो।	Open your mouth.
होंठ लाल हैं।	The lips are red.
मेरे होंठ सूखे हैं।	My lips are dry.
होंठों पर मुस्कान रखो।	Keep a smile on your lips.
यह दांत सफेद है।	This tooth is white.
दांत साफ़ करो।	Clean your teeth.
मेरे दांत में दर्द है।	There is pain in my tooth.
जीभ बाहर निकालो।	Stick your tongue out.
जीभ का रंग लाल है।	The color of the tongue is red.
जीभ साफ़ करो।	Clean your tongue.
उसकी ठुड्डी छोटी है।	His chin is small.
ठुड्डी पर हाथ रखो।	Put your hand on your chin.
मेरी ठुड्डी में चोट है।	There is an injury on my chin.
मेरी गर्दन लंबी है।	My neck is long.
गर्दन सीधी रखो।	Keep your neck straight.
गर्दन घुमाओ।	Rotate your neck.
मेरा कंधा दुख रहा है।	My shoulder is hurting.
कंधा ऊपर करो।	Lift your shoulder.
कंधा सीधा रखो।	Keep the shoulder straight.
मेरी बांह लंबी है।	My arm is long.
बांह ऊपर उठाओ।	Lift your arm.
बांह में दर्द है।	There is pain in the arm.
यह उंगली छोटी है।	This finger is small.
उंगली ऊपर करो।	Lift the finger.
मेरी उंगली में चोट है।	There is an injury in my finger.
अंगूठा ऊपर करो।	Put your thumb up.
अंगूठा मजबूत है।	The thumb is strong.
दायां अंगूठा हिलाओ।	Move the right thumb.
मेरी कलाई पतली है।	My wrist is thin.
कलाई घड़ी पहनो।	Wear a wrist watch.
कलाई को घुमाओ।	Rotate the wrist.
कोहनी मोड़ो।	Bend your elbow.
मेरी कोहनी में दर्द है।	There is pain in my elbow.
कोहनी नीचे रखो।	Keep the elbow down.
मेरा घुटना बड़ा है।	My knee is big.
घुटना मोड़ो।	Bend the knee.
घुटना नीचे करो।	Lower the knee.
पैर का अंगूठा छोटा है।	The toe is small.
पैर का अंगूठा हिलाओ।	Move your toe.
पैर का अंगूठा दबाओ।	Press the toe.
टखना मोड़ गया।	The ankle got twisted.
टखना साफ करो।	Clean the ankle.
मेरा टखना सूज गया है।	My ankle is swollen.
छाती चौड़ी है।	The chest is wide.
छाती पर हाथ रखो।	Put your hand on your chest.
छाती में दर्द है।	There is pain in the chest.
त्वचा कोमल है।	The skin is soft.
त्वचा का रंग गोरा है।	The skin color is fair.
त्वचा साफ़ रखो।	Keep the skin clean.
खून लाल होता है।	Blood is red.
खून का रंग गहरा है।	The color of the blood is dark.
खून बह रहा है।	Blood is flowing.
मस्तिष्क तेज है।	The brain is sharp.
मस्तिष्क का काम समझो।	Understand the work of the brain.
मस्तिष्क शांत रखो।	Keep the brain calm.
फेफड़ा बड़ा है।	The lung is big.
फेफड़ा काम कर रहा है।	The lung is working.
फेफड़ा साफ़ रखो।	Keep the lung clean.
कूल्हा हिलाओ।	Move the hip.
मेरा कूल्हा दुख रहा है।	My hip is hurting.
कूल्हा सीधा रखो।	Keep the hip straight.
मूंछें लंबी हैं।	The moustache is long.
मूंछें काट लो।	Cut the moustache.
उसकी मूंछें काली हैं।	His moustache is black.
माथा चौड़ा है।	The forehead is wide.
माथा ठंडा करो।	Cool the forehead.
माथा साफ़ है।	The forehead is clear.
लिविंग रूम बहुत बड़ा है।	The living room is very big.
लिविंग रूम में सोफा है।	There is a sofa in the living room.
यह मेरा लिविंग रूम है।	This is my living room.
शयनकक्ष साफ है।	The bedroom is clean.
मेरा शयनकक्ष छोटा है।	My bedroom is small.
शयनकक्ष में बिस्तर है।	There is a bed in the bedroom.
रसोई में खाना है।	There is food in the kitchen.
रसोई बहुत साफ है।	The kitchen is very clean.
वह रसोई में है।	She is in the kitchen.
सीढ़ियाँ पुरानी हैं।	The stairs are old.
सीढ़ियाँ ऊपर जाती हैं।	The stairs go up.
इन सीढ़ियों पर मत जाओ।	Do not go on these stairs.
बालकनी से फूल दिखते हैं।	Flowers are visible from the balcony.
बालकनी बहुत सुंदर है।	The balcony is very beautiful.
वह बालकनी पर है।	He is on the balcony.
यार्ड में घास है।	There is grass in the yard.
यह एक बड़ा यार्ड है।	This is a big yard.
यार्ड में कुत्ता है।	There is a dog in the yard.
तकिया बहुत नरम है।	The pillow is very soft.
यह मेरा तकिया है।	This is my pillow.
तकिया सफेद है।	The pillow is white.
कम्बल गर्म है।	The blanket is warm.
मुझे कम्बल चाहिए।	I want a blanket.
कम्बल नीला है।	The blanket is blue.
टेबल पर किताब है।	There is a book on the table.
टेबल लकड़ी की है।	The table is made of wood.
यह टेबल पुरानी है।	This table is old.
कुर्सी यहाँ रखो।	Keep the chair here.
कुर्सी बहुत आरामदायक है।	The chair is very comfortable.
वह कुर्सी पर है।	He is on the chair.
शेल्फ पर किताबें हैं।	There are books on the shelf.
शेल्फ बहुत ऊँची है।	The shelf is very high.
यह एक छोटी शेल्फ है।	This is a small shelf.
अलमारी बंद करो।	Close the cupboard.
अलमारी में कपड़े हैं।	There are clothes in the cupboard.
यह मेरी अलमारी है।	This is my cupboard.
अलमारी में जूते हैं।	There are shoes in the wardrobe.
अलमारी बहुत बड़ी है।	The wardrobe is very big.
अलमारी का रंग काला है।	The wardrobe's color is black.
दीपक जल रहा है।	The lamp is burning.
यह एक सुंदर दीपक है।	This is a beautiful lamp.
दीपक मेज़ पर है।	The lamp is on the table.
रोशनी कम है।	The light is dim.
रोशनी चालू करो।	Turn on the light.
कमरे में रोशनी है।	There is light in the room.
दर्पण साफ़ करो।	Clean the mirror.
दर्पण बहुत बड़ा है।	The mirror is very big.
दर्पण में देखो।	Look in the mirror.
कालीन लाल है।	The carpet is red.
कालीन बहुत नरम है।	The carpet is very soft.
यह पुराना कालीन है।	This is an old carpet.
पर्दा हटाओ।	Remove the curtain.
पर्दा नीला है।	The curtain is blue.
यह एक भारी पर्दा है।	This is a heavy curtain.
साबुन कहाँ है?	Where is the soap?
साबुन से हाथ धो लो।	Wash hands with soap.
यह साबुन अच्छा है।	This soap is good.
कुंजी यहाँ है।	The key is here.
मेरी कुंजी खो गई।	My key is lost.
कुंजी अलमारी में है।	The key is in the cupboard.
फ्रिज में पानी है।	There is water in the fridge.
फ्रिज बहुत ठंडा है।	The fridge is very cold.
फ्रिज बंद करो।	Close the fridge.
ओवन गर्म है।	The oven is hot.
ओवन में केक है।	There is cake in the oven.
यह नया ओवन है।	This is a new oven.
चूल्हा जलाओ।	Light the stove.
चूल्हा बहुत गर्म है।	The stove is very hot.
रसोई में चूल्हा है।	There is a stove in the kitchen.
सिंक में बर्तन हैं।	There are dishes in the sink.
सिंक साफ़ करो।	Clean the sink.
सिंक से पानी गिर रहा है।	Water is dripping from the sink.
भैंस सफेद है।	The buffalo is white.
यह बड़ी भैंस है।	This is a big buffalo.
भैंस घास खाती है।	The buffalo eats grass.
बकरी छोटी है।	The goat is small.
बकरी यहाँ है।	The goat is here.
मेरी बकरी सफेद है।	My goat is white.
भेड़ घास खाती है।	The sheep eats grass.
वह एक काली भेड़ है।	That is a black sheep.
भेड़ कहाँ है?	Where is the sheep?
सुअर कीचड़ में है।	The pig is in the mud.
यह सुअर बड़ा है।	This pig is big.
सुअर गुलाबी है।	The pig is pink.
खरगोश तेज़ दौड़ता है।	The rabbit runs fast.
सफेद खरगोश प्यारा है।	The white rabbit is cute.
खरगोश गाजर खाता है।	The rabbit eats carrots.
बत्तख पानी में है।	The duck is in the water.
यह पीली बत्तख है।	This is a yellow duck.
बत्तख तैर रही है।	The duck is swimming.
मुझे चिकन पसंद है।	I like chicken.
यह चिकन स्वादिष्ट है।	This chicken is delicious.
चिकन यहाँ है।	The chicken is here.
मुर्गी अंडा देती है।	The hen lays an egg.
मुर्गी दाना खाती है।	The hen eats grain.
लाल मुर्गी यहाँ है।	The red hen is here.
मुर्गा सुबह चिल्लाता है।	The rooster shouts in the morning.
वह एक बड़ा मुर्गा है।	That is a big rooster.
मुर्गा जाग गया।	The rooster woke up.
टर्की बहुत बड़ा है।	The turkey is very big.
टर्की खेत में है।	The turkey is in the field.
यह टर्की भूरा है।	This turkey is brown.
सिंह जंगल का राजा है।	The lion is the king of the jungle.
सिंह बहुत ताकतवर है।	The lion is very powerful.
वह एक बड़ा सिंह है।	That is a big lion.
भालू मछली खाता है।	The bear eats fish.
काला भालू यहाँ है।	The black bear is here.
भालू सो रहा है।	The bear is sleeping.
भेड़िया रात में आता है।	The wolf comes at night.
भेड़िया बहुत तेज़ है।	The wolf is very fast.
वह एक भूखा भेड़िया है।	That is a hungry wolf.
जिराफ की गर्दन लंबी है।	The giraffe's neck is long.
जिराफ पेड़ खाता है।	The giraffe eats trees.
वह एक ऊँचा जिराफ है।	That is a tall giraffe.
ज़ेबरा के निशान काले हैं।	The zebra's stripes are black.
ज़ेबरा घास पर है।	The zebra is on the grass.
यह एक सुंदर ज़ेबरा है।	This is a beautiful zebra.
ऊँट रेगिस्तान का जहाज़ है।	The camel is the ship of the desert.
ऊँट पानी पीता है।	The camel drinks water.
यह ऊँट बहुत बड़ा है।	This camel is very big.
कंगारू ऑस्ट्रेलिया में है।	The kangaroo is in Australia.
कंगारू कूद रहा है।	The kangaroo is jumping.
वह एक छोटा कंगारू है।	That is a small kangaroo.
पांडा सफेद और काला है।	The panda is white and black.
पांडा बाँस खाता है।	The panda eats bamboo.
पांडा सो रहा है।	The panda is sleeping.
साँप ज़मीन पर है।	The snake is on the ground.
यह काला साँप है।	This is a black snake.
साँप बहुत लंबा है।	The snake is very long.
मेढक हरा है।	The frog is green.
मेढक कूद रहा है।	The frog is jumping.
मेढक पानी में है।	The frog is in the water.
कछुआ धीरे चलता है।	The turtle walks slowly.
कछुआ छोटा है।	The turtle is small.
कछुआ पानी में है।	The turtle is in the water.
मकड़ी जाल बनाती है।	The spider makes a web.
मकड़ी काली है।	The spider is black.
यहाँ एक छोटी मकड़ी है।	There is a small spider here.
चींटी बहुत छोटी है।	The ant is very small.
चींटी चीनी खाती है।	The ant eats sugar.
काली चींटी यहाँ है।	The black ant is here.
मधुमक्खी शहद बनाती है।	The bee makes honey.
तितली सुंदर है	The butterfly is beautiful.
वह तितली उड़ी	That butterfly flew.
चील बहुत बड़ी है	The eagle is very big.
चील आकाश में है	The eagle is in the sky.
उल्लू रात को जागता है	The owl wakes up at night.
यह एक सफ़ेद उल्लू है	This is a white owl.
वह एक अच्छा छात्र है।	He is a good student.
छात्र यहाँ बैठा है।	The student is sitting here.
क्या आप छात्र हैं?	Are you a student?
मेरा गृहकार्य पूरा है।	My homework is complete.
गृहकार्य कठिन है।	The homework is difficult.
गृहकार्य कहाँ है?	Where is the homework?
मेरी नोटबुक नीली है।	My notebook is blue.
यह नोटबुक बड़ी है।	This notebook is big.
नोटबुक मेज पर है।	The notebook is on the table.
पेंसिल छोटी है।	The pencil is short.
यह मेरी पेंसिल है।	This is my pencil.
पेंसिल कहाँ है?	Where is the pencil?
मिटाने वाला यहाँ है।	The eraser is here.
मिटाने वाला सफेद है।	The eraser is white.
एक मिटाने वाला लाओ।	Bring an eraser.
शासक लंबा है।	The ruler is long.
यह मेरा शासक है।	This is my ruler.
शासक कहाँ रखा है?	Where is the ruler kept?
डेस्क बहुत बड़ा है।	The desk is very big.
डेस्क पर किताब है।	There is a book on the desk.
वह डेस्क नया है।	That desk is new.
ब्लैकबोर्ड काला है।	The blackboard is black.
ब्लैकबोर्ड पर लिखो।	Write on the blackboard.
ब्लैकबोर्ड साफ है।	The blackboard is clean.
परीक्षण आसान था।	The test was easy.
आज परीक्षण है।	There is a test today.
परीक्षण कठिन है।	The test is difficult.
विश्वविद्यालय बहुत बड़ा है।	The university is very big.
यह मेरा विश्वविद्यालय है।	This is my university.
विश्वविद्यालय कहाँ है?	Where is the university?
कार्यालय बंद है।	The office is closed.
वह कार्यालय में है।	He is in the office.
कार्यालय बड़ा है।	The office is big.
नर्स बहुत दयालु है।	The nurse is very kind.
वह एक अच्छी नर्स है।	She is a good nurse.
नर्स यहाँ है।	The nurse is here.
इंजीनियर क्या कर रहा है?	What is the engineer doing?
मेरा भाई इंजीनियर है।	My brother is an engineer.
इंजीनियर यहाँ है।	The engineer is here.
ड्राइवर बाहर है।	The driver is outside.
वह एक अच्छा ड्राइवर है।	He is a good driver.
ड्राइवर कहाँ है?	Where is the driver?
वेटर पानी लाया।	The waiter brought water.
वेटर यहाँ है।	The waiter is here.
वह वेटर अच्छा है।	That waiter is good.
पुलिस अधिकारी सख्त है।	The police officer is strict.
पुलिस अधिकारी कहाँ है?	Where is the police officer?
वह पुलिस अधिकारी है।	He is a police officer.
कार्यकर्ता मेहनती है।	The worker is hardworking.
वह एक कार्यकर्ता है।	He is a worker.
कार्यकर्ता यहाँ हैं।	The workers are here.
इसे देखिये	Look at this.
वह चित्र देखिये	Look at that picture.
मदद देखिये	See the help.
आप यह सुनो	You listen to this.
मेरी बात सुनो	Listen to me.
शोर सुनो	Hear the noise.
मुझे जरुरत है	I have a need.
इसकी जरुरत है	There is a need for this.
पानी की जरुरत	Need for water.
पुरस्कार प्राप्त करें	Get the reward.
ईमेल प्राप्त करें	Get the email.
उपहार प्राप्त करें	Get the gift.
सच कहो	Say the truth.
उसे कहो	Tell him.
धीरे कहो	Say it slowly.
जल्दी भागो	Run quickly.
वहाँ भागो	Run there.
पीछे भागो	Run back.
यहाँ खड़ा होना	Stand here.
वहाँ खड़ा होना	Stand there.
बाहर खड़ा होना	Stand outside.
दरवाजा बंद करें	Close the door.
खिड़की बंद करें	Close the window.
किताब बंद करें	Close the book.
नाम लिखो	Write the name.
यह लिखो	Write this.
पत्र लिखो	Write a letter.
गाना सुनो	Listen to the song.
सावधान होकर सुनो	Listen carefully.
फल खरीदो	Buy fruits.
किताब खरीदो	Buy the book.
कपड़े खरीदो	Buy clothes.
घर बेचो	Sell the house.
गाड़ी बेचो	Sell the car.
सामान बेचो	Sell the luggage.
हाथ धो लो	Wash your hands.
कपड़े धो लो	Wash the clothes.
चेहरा धो लो	Wash your face.
अब जागो	Wake up now.
जल्दी जागो	Wake up early.
सुबह जागो	Wake up in the morning.
अध्ययन करो	Do study.
अध्ययन जरूरी है	Study is important.
अध्ययन शुरू करो	Start study.
हिंदी सीखो	Learn Hindi.
गाना सीखो	Learn to sing.
काम सीखो	Learn the work.
मुझे सिखाओ	Teach me.
उसे सिखाओ	Teach him.
पाठ सिखाओ	Teach the lesson.
अब जागो।	Wake up now.
जल्दी जागो।	Wake up early.
तुम जागो।	You wake up.
अब उठो।	Get up now.
जल्दी उठो।	Get up early.
यहाँ से उठो।	Get up from here.
जल्दी तैयार हो जाओ।	Get dressed quickly.
अब तैयार हो जाओ।	Get dressed now.
तुम तैयार हो जाओ।	You get dressed.
हाथ धो लो।	Wash your hands.
फल धो लो।	Wash the fruits.
कपड़े धो लो।	Wash the clothes.
स्नान करो।	Take a shower.
स्नान का समय है।	It is shower time.
स्नान करो और आओ।	Take a shower and come.
हम समय पर पहुंचें।	Let us arrive on time.
वे जल्दी पहुंचें।	Let them arrive early.
हम घर पहुंचें।	Let us arrive home.
दोपहर का भोजन करो।	Have lunch.
यह दोपहर का भोजन है।	This is lunch.
इसे मत तोड़ना।	Do not break this.
काँच को तोड़ना आसान है।	It is easy to break glass.
खिलौना मत तोड़ना।	Do not break the toy.
मेरी वापसी कल है।	My return is tomorrow.
वापसी की यात्रा लंबी है।	The return journey is long.
आपकी वापसी कब है?	When is your return?
अब आराम करो।	Now relax.
तुम आराम करो।	You relax.
थोड़ा आराम करो।	Relax a little.
बिस्तर पर जाओ।	Go to bed.
अब बिस्तर पर जाओ।	Go to bed now.
जल्दी बिस्तर पर जाओ।	Go to bed early.
यह सेवा निःशुल्क है।	This service is free.
सब कुछ निःशुल्क है।	Everything is free.
यह निःशुल्क समय है।	This is free time.
आज एक कार्यदिवस है।	Today is a weekday.
यह कार्यदिवस कठिन था।	This weekday was hard.
हर कार्यदिवस व्यस्त है।	Every weekday is busy.
सप्ताहांत आने वाला है।	The weekend is coming.
सप्ताहांत पर आराम करो।	Relax on the weekend.
सप्ताहांत बहुत छोटा है।	The weekend is very short.
यह मेरी दैनिक आदत है।	This is my daily habit.
दैनिक कार्य कठिन हैं।	Daily tasks are hard.
दमेरा दैनिक समय तय है।	My daily time is fixed.
यह सामान्य बात है।	This is a normal thing.
सब कुछ सामान्य है।	Everything is normal.
यह बहुत सामान्य है।	This is very common.
कार्य का प्रारंभ करो।	Start the work.
प्रारंभ अब होगा।	The start will be now.
नया प्रारंभ करो।	Make a new start.
खाना तैयार करो।	Prepare the food.
जल्दी तैयार करो।	Prepare quickly.
चाय तैयार करो।	Prepare tea.
थोड़ा विश्राम करो।	Take some rest.
अब विश्राम करो।	Rest now.
विश्राम आवश्यक है।	Rest is necessary.
वह थका हुआ है।	He is tired.
मैं बहुत थका हुआ हूँ।	I am very tired.
तुम थका हुआ लग रहे हो।	You look tired.
आज बहुत धूप है	It is very sunny today.
धूप अच्छी है	The sunshine is good.
वहाँ बहुत धूप है	It is very sunny there.
बरसाती मौसम सुंदर है	The rainy season is beautiful.
यह बरसाती दिन है	This is a rainy day.
बरसाती दिन ठंडा है	The rainy day is cold.
आज बादल छाए रहेंगे	Clouds will remain today.
कल भी बादल छाए रहेंगे	Clouds will remain tomorrow too.
यहाँ बादल छाए रहेंगे	Clouds will remain here.
पहाड़ बर्फीला है	The mountain is snowy.
यह बर्फीला रास्ता है	This is a snowy path.
बर्फीला मौसम कठिन है	Snowy weather is difficult.
कमरा हवादार है	The room is airy.
यह जगह हवादार है	This place is airy.
घर हवादार होना चाहिए	The house should be airy.
आज सुबह बहुत धूमिल है	It is very foggy this morning.
धूमिल मौसम डरावना है	Foggy weather is scary.
रास्ता बहुत धूमिल है	The path is very foggy.
आसमान में गड़गड़ाहट हुई	There was thunder in the sky.
गड़गड़ाहट बहुत तेज थी	The thunder was very loud.
गड़गड़ाहट से डर मत	Do not fear the thunder.
आसमान में इंद्रधनुष है	There is a rainbow in the sky.
इंद्रधनुष बहुत सुंदर है	The rainbow is very beautiful.
देखो, वह इंद्रधनुष है	Look, that is a rainbow.
आकाश नीला है	The sky is blue.
आकाश बहुत बड़ा है	The sky is very big.
आज आकाश साफ है	The sky is clear today.
चांद बहुत चमक रहा है	The moon is shining very much.
आज चांद गोल है	The moon is round today.
चांद सफेद है	The moon is white.
मौसम पूर्वानुमान क्या है	What is the weather forecast?
पूर्वानुमान सही नहीं था	The forecast was not correct.
पूर्वानुमान देखना जरूरी है	It is important to see the forecast.
वसंत का समय आया	The time of spring has come.
वसंत बहुत प्यारा है	Spring is very lovely.
पतझड़ का मौसम ठंडा है	The autumn weather is cold.
मेरा हाथ गीला है	My hand is wet.
यह कपड़ा गीला है	This cloth is wet.
फर्श गीला है	The floor is wet.
आज मौसम आर्द्र है	The weather is humid today.
आर्द्र हवा खराब है	Humid air is bad.
यहाँ बहुत आर्द्र है	It is very humid here.
पानी का जमना मुश्किल है	The freezing of water is difficult.
ठंड में जमना आम है	Freezing is common in the cold.
बर्फ का जमना शुरू हुआ	The freezing of ice started.
यह फल खरीदो	Buy this fruit
नया फोन खरीदो	Buy a new phone
कपड़े खरीदो	Buy clothes
पुरानी किताब बेचो	Sell the old book
यह बहुत महँगा है	This is very expensive
वह जूता महँगा है	That shoe is expensive
शहर महँगा है	The city is expensive
नकद भुगतान करो	Pay in cash
मेरे पास नकद है	I have cash
नकद कहाँ है?	Where is the cash?
कार्ड यहाँ है	The card is here
कार्ड दिखाओ	Show the card
नया कार्ड लाओ	Bring a new card
सुपरमार्केट खुला है	The supermarket is open
सुपरमार्केट कहाँ है?	Where is the supermarket?
सुपरमार्केट जाओ	Go to the supermarket
मॉल बड़ा है	The mall is big
मॉल बंद है	The mall is closed
मॉल में चलो	Go to the mall
इसका आकार छोटा है	Its size is small
सही आकार चुनें	Choose the right size
आकार क्या है?	What is the size?
यह मध्यम है	This is medium
मध्यम आकार लाओ	Bring medium size
वह मध्यम है	That is medium
कृपया भुगतान करें	Please pay
अभी भुगतान करें	Pay now
भुगतान करें भाई	Pay, brother
कुल लागत क्या है?	What is the total cost?
लागत कम है	The cost is low
लागत बताओ	Tell the cost
पैसे खर्च करो	Spend money
समय खर्च करो	Spend time
ज्यादा खर्च करो	Spend more
पैसे सहेजें	Save money
कुछ सहेजें	Save some
इसे सहेजें	Save this
बिक्री अच्छी है	The sale is good
बिक्री शुरू है	The sale has started
बिक्री कहाँ है?	Where is the sale?
रसीद कहाँ है?	Where is the receipt?
रसीद दिखाओ	Show the receipt
रसीद लाओ	Bring the receipt
छोटा परिवर्तन है	It is a small change
परिवर्तन क्या है?	What is the change?
परिवर्तन देखो	Look at the change
ग्राहक यहाँ है	The customer is here
वह अच्छा ग्राहक है	He is a good customer
ग्राहक बुलाओ	Call the customer
सहायक कहाँ है?	Where is the assistant?
सहायक की मदद लो	Take the assistant's help
सहायक यहाँ है	The assistant is here
टोकरी भरो	Fill the basket
टोकरी लाओ	Bring the basket
टोकरी भारी है	The basket is heavy
ट्रॉली कहाँ है?	Where is the trolley?
ट्रॉली लाओ	Bring the trolley
ट्रॉली खाली है	The trolley is empty
जूता काला है	The shoe is black
नया जूता लाओ	Bring a new shoe
यह जूता छोटा है	This shoe is small
इसे प्रयास करें	Try this on
जूता प्रयास करें	Try on the shoe
इसे फिर से प्रयास करें	Try this on again
एक चुनें	Choose one
सही रंग चुनें	Choose the right color
इसे चुनें	Choose this
वापसी कहाँ है?	Where is the return?
वापसी संभव है	Return is possible
वापसी करो	Do the return
मोलभाव करना सीखो	Learn to bargain
वह मोलभाव करना चाहता है	He wants to bargain
मोलभाव करना बंद करो	Stop bargaining
यह खबर बहुत दुखद है।	This news is very sad.
एक दुखद कहानी सुनाओ।	Tell a sad story.
वह बहुत दुखद समय था।	That was a very sad time.
वह बहुत क्रोधित है।	He is very angry.
क्रोधित मत हो।	Do not be angry.
वह आज क्रोधित दिख रहा है।	He looks angry today.
वह थका हुआ लग रहा है।	He looks tired.
थका हुआ आदमी सो गया।	The tired man fell asleep.
बच्चा बहुत भूखा है।	The child is very hungry.
मैं भूखा महसूस कर रहा हूँ।	I am feeling hungry.
भूखा शेर शिकार करता है।	The hungry lion hunts.
वह बहुत चिंतित है।	He is very worried.
चिंतित मत हो।	Do not be worried.
मेरी माँ बहुत चिंतित थी।	My mother was very worried.
बच्चे बहुत उत्साहित हैं।	The children are very excited.
मैं इस यात्रा के लिए उत्साहित हूँ।	I am excited for this trip.
वह बहुत उत्साहित दिखती है।	She looks very excited.
वह अब ऊब गया है।	He is bored now.
मैं इस काम से ऊब गया।	I got bored with this work.
वह यहाँ ऊब गया था।	He had become bored here.
वह छोटा बच्चा डरा हुआ है।	That small child is scared.
वह डरा हुआ लग रहा है।	He looks scared.
एक डरा हुआ कुत्ता भौंका।	A scared dog barked.
वह डरा हुआ था।	He was afraid.
वह अंधेरे से डरा हुआ है।	He is afraid of the dark.
एक डरा हुआ लड़का रोया।	A afraid boy cried.
वह यह सुनकर आश्चर्यचकित था।	He was surprised to hear this.
हम सब आश्चर्यचकित थे।	We were all surprised.
वह बहुत आश्चर्यचकित दिखती है।	She looks very surprised.
वह परीक्षा के लिए घबराया हुआ है।	He is nervous for the exam.
वह लड़का घबराया हुआ लग रहा है।	That boy looks nervous.
वह बहुत घबराया हुआ था।	He was very nervous.
वह बहुत ईर्ष्यालु है।	He is very jealous.
वह ईर्ष्यालु स्वभाव का है।	He is of a jealous nature.
ईर्ष्यालु होना अच्छी बात नहीं है।	Being jealous is not a good thing.
वह बहुत शर्मीला लड़का है।	He is a very shy boy.
वह बहुत शर्मीला लगता है।	He seems very shy.
शर्मीला बच्चा चुप रहा।	The shy child remained silent.
वह अपने काम में आश्वस्त है।	He is confident in his work.
एक आश्वस्त व्यक्ति सफल होता है।	A confident person succeeds.
वह अब आश्वस्त है।	He is confident now.
वह बहुत भ्रमित लग रहा है।	He looks very confused.
मैं बहुत भ्रमित हूँ।	I am very confused.
वह रास्ता देखकर भ्रमित हो गया।	He became confused seeing the path.
वह अपनी गलती पर शर्मिंदा है।	He is embarrassed by his mistake.
वह बहुत शर्मिंदा दिख रही है।	She looks very embarrassed.
वह सबके सामने शर्मिंदा था।	He was embarrassed in front of everyone.
अब मुझे राहत मिली।	Now I feel relieved.
उसने चैन की सांस ली और राहत मिली।	He breathed a sigh and felt relieved.
सच सुनकर उसे राहत मिली।	He felt relieved hearing the truth.
इसे महसूस करो।	Feel this.
उसे कैसा महसूस करो?	How to feel it?
शांति महसूस करो।	Feel the peace.
उसकी मनोदशा अच्छी है।	His mood is good.
मेरी मनोदशा आज खराब है।	My mood is bad today.
उसकी मनोदशा बदल गई।	His mood changed.
यह एक गहरी भावना है।	This is a deep emotion.
प्रेम एक सुंदर भावना है।	Love is a beautiful emotion.
भावनाओं को समझना कठिन है।	It is hard to understand emotions.
यह चलचित्र बहुत लंबा है।	This movie is very long.
वह चलचित्र देखना चाहता है।	He wants to see the movie.
क्या यह चलचित्र अच्छा है?	Is this movie good?
फिल्म अभी शुरू हुई है।	The film has just started.
मुझे यह फिल्म पसंद है।	I like this film.
हम फिल्म देखने गए।	We went to see the film.
उसकी चित्रकारी बहुत सुंदर है।	Her painting is very beautiful.
मुझे चित्रकारी करना पसंद है।	I like painting.
यह चित्रकारी पुरानी है।	This painting is old.
वह चित्रकारी सीख रही है।	She is learning drawing.
मेरी चित्रकारी अच्छी नहीं है।	My drawing is not good.
क्या आपको चित्रकारी पसंद है?	Do you like drawing?
नृत्य एक अच्छी कला है।	Dancing is a good art.
वह नृत्य कर रही है।	She is dancing.
मुझे भारतीय नृत्य पसंद है।	I like Indian dancing.
गायन उसका शौक है।	Singing is his hobby.
उसका गायन बहुत मधुर है।	Her singing is very sweet.
क्या आप गायन जानते हैं?	Do you know singing?
यह यात्रा बहुत लंबी थी।	This travel was very long.
मुझे यात्रा करना पसंद है।	I like to travel.
उनकी यात्रा सफल रही।	Their travel was successful.
तैराकी एक अच्छा व्यायाम है।	Swimming is a good exercise.
वह तैराकी सीख रहा है।	He is learning swimming.
क्या आप तैराकी जानते हैं?	Do you know swimming?
मछली पकड़ना कठिन काम है।	Fishing is hard work.
उसे मछली पकड़ना पसंद है।	He likes fishing.
मछली पकड़ना मेरा शौक है।	Fishing is my hobby.
पहाड़ों पर पदयात्रा कठिन है।	Hiking in the mountains is hard.
हम पदयात्रा पर गए।	We went hiking.
क्या आपको पदयात्रा पसंद है?	Do you like hiking?
फोटोग्राफी एक महंगी कला है।	Photography is an expensive art.
वह फोटोग्राफी सीख रहा है।	He is learning photography.
मुझे फोटोग्राफी का शौक है।	I have a hobby for photography.
वह एक स्वयंसेवक है।	He is a volunteer.
क्या आप स्वयंसेवक बनना चाहते हैं?	Do you want to be a volunteer?
वह स्वयंसेवक के रूप में आया।	He came as a volunteer.
अब थोड़ा आराम करो।	Now relax a little.
तुम यहाँ आराम करो।	You relax here.
कृपया अब आराम करो।	Please relax now.
जीवन का आनंद लें।	Enjoy life.
हम सब आनंद लें।	Let us all enjoy.
इस पल का आनंद लें।	Enjoy this moment.
सप्ताहांत बहुत छोटा होता है।	The weekend is very short.
सप्ताहांत पर हम मिलेंगे।	We will meet on the weekend.
मेरा सप्ताहांत अच्छा था।	My weekend was good.
संगीत कार्यक्रम बहुत बड़ा था।	The concert was very big.
वह संगीत कार्यक्रम में गया।	He went to the concert.
क्या संगीत कार्यक्रम शुरू हुआ?	Did the concert start?
नर्स दवा लाती है।	The nurse brings the medicine.
यह छोटा क्लिनिक है।	This is a small clinic.
क्लिनिक बंद है।	The clinic is closed.
वह क्लिनिक जा रही है।	She is going to the clinic.
मुझे पेटदर्द है।	I have a stomachache.
क्या आपको पेटदर्द है?	Do you have a stomachache?
पेटदर्द बहुत तेज़ है।	The stomachache is very strong.
मेरे दाँत का दर्द कम है।	My toothache is less.
दाँत का दर्द बुरा है।	The toothache is bad.
क्या दाँत का दर्द गया?	Did the toothache go away?
मुझे खांसी है।	I have a cough.
वह खांसी की दवा लेता है।	He takes cough medicine.
खांसी बहुत तेज़ है।	The cough is very strong.
मुझे फ़्लू हो गया है।	I have gotten the flu.
क्या उसे फ़्लू है?	Does he have the flu?
फ़्लू बहुत बुरा है।	The flu is very bad.
आप थोड़ा विश्राम करें।	You take some rest.
विश्राम ज़रूरी है।	Rest is necessary.
वह अब विश्राम कर रही है।	She is resting now.
वह बहुत स्वस्थ है।	He is very healthy.
स्वस्थ रहना अच्छा है।	Staying healthy is good.
हम स्वस्थ हैं।	We are healthy.
मेरी उँगली में चोट लगी है।	My finger is hurt.
क्या आपको चोट लगी है?	Are you hurt?
पैर में चोट लगी है।	The leg is hurt.
मेरी नियुक्ति कल है।	My appointment is tomorrow.
क्या आपकी नियुक्ति है?	Do you have an appointment?
नियुक्ति का समय क्या है?	What is the appointment time?
जांच बहुत ज़रूरी है।	The check-up is very necessary.
जांच कब है?	When is the check-up?
मेरी जांच अच्छी रही।	My check-up went well.
नुस्खे यहाँ हैं।	The prescriptions are here.
नुस्खे पढ़ो।	Read the prescriptions.
नुस्खे दवा के लिए हैं।	The prescriptions are for medicine.
उपचार शुरू करो।	Start the treatment.
यह उपचार अच्छा है।	This treatment is good.
उपचार लंबा है।	The treatment is long.
विटामिन सेहत के लिए अच्छे हैं।	Vitamins are good for health.
वह विटामिन लेता है।	He takes vitamins.
मुझे विटामिन चाहिए।	I need vitamins.
टीका ज़रूरी है।	The vaccine is necessary.
टीका लगा लिया?	Did you get the vaccine?
टीका यहाँ है।	The vaccine is here.
अब आप बेहतर महसूस करें।	Now you feel better.
क्या आप बेहतर महसूस करें?	Do you feel better?
उम्मीद है आप बेहतर महसूस करें।	Hope you feel better.
डाकघर कहाँ है?	Where is the post office?
यह डाकघर पुराना है।	This post office is old.
डाकघर बंद है।	The post office is closed.
संग्रहालय बहुत बड़ा है।	The museum is very big.
संग्रहालय में क्या है?	What is in the museum?
वह संग्रहालय खुला है।	That museum is open.
यह एक ऊँची इमारत है।	This is a tall building.
इमारत सफेद है।	The building is white.
वह इमारत नई है।	That building is new.
भोजनालय में खाना अच्छा है।	The food in the restaurant is good.
यह भोजनालय छोटा है।	This restaurant is small.
भोजनालय कहाँ है?	Where is the restaurant?
मस्जिद बहुत शांत है।	The mosque is very peaceful.
वह एक पुरानी मस्जिद है।	That is an old mosque.
मस्जिद पास में है।	The mosque is nearby.
सिनेमा कब शुरू होगा?	When will the cinema start?
वह सिनेमा घर है।	That is the cinema house.
सिनेमा बहुत लंबा है।	The cinema is very long.
थिएटर में भीड़ है।	The theatre is crowded.
यह थिएटर बहुत पुराना है।	This theatre is very old.
थिएटर कहाँ है?	Where is the theatre?
मेरा कार्यालय बड़ा है।	My office is big.
कार्यालय में काम करो।	Work in the office.
वह कार्यालय बंद है।	That office is closed.
घर के कोने में बिल्ली है।	There is a cat in the corner of the house.
कोने में एक मेज है।	There is a table in the corner.
वह कोने में खड़ा है।	He is standing in the corner.
सीधा जाओ।	Go straight.
यह रास्ता सीधा है।	This path is straight.
सीधा चलिए।	Walk straight.
मेरी बाइक लाल है।	My bike is red.
वह बाइक चलाता है।	He rides a bike.
बाइक यहाँ खड़ी है।	The bike is standing here.
हवाई जहाज बड़ा है।	The airplane is big.
हवाई जहाज उड़ रहा है।	The airplane is flying.
हवाई जहाज कहाँ है?	Where is the airplane?
मंच बहुत ऊँचा है।	The platform is very high.
वह मंच पर है।	He is on the platform.
मंच साफ करो।	Clean the platform.
मेरी यात्रा लंबी थी।	My journey was long.
यह एक सुखद यात्रा है।	This is a pleasant journey.
यात्रा कब शुरू होगी?	When will the journey start?
मेरी यात्रा अच्छी थी।	My trip was good.
एक छोटी यात्रा करो।	Take a short trip.
यह यात्रा महंगी है।	This trip is expensive.
ड्राइवर सो रहा है।	The driver is sleeping.
ड्राइवर यहाँ आओ।	Driver, come here.
यात्री इंतज़ार कर रहे हैं।	The passengers are waiting.
यात्री चुप रहो।	Passengers, keep quiet.
हर यात्री को टिकट चाहिए।	Every passenger needs a ticket.
आज यातायात बहुत है।	There is a lot of traffic today.
शहर का यातायात खराब है।	The city's traffic is bad.
यातायात धीमा है।	The traffic is slow.
यहाँ यातायात जाम है।	There is a traffic jam here.
यातायात जाम बहुत बड़ा है।	The traffic jam is very big.
यातायात जाम में मत फँसो।	Don't get stuck in the traffic jam.
मुझे तुम्हारी याद आती है।	I miss you.
उसे माँ की याद आती है।	He misses his mother.
हमें घर की याद आती है।	We miss home.
हम कल पहुंचें।	We arrived yesterday.
वे समय पर पहुंचें।	They arrived on time.
वे होटल पहुंचें।	They reached the hotel.
ट्रेन का प्रस्थान अब होगा।	The train's departure will be now.
प्रस्थान समय क्या है?	What is the departure time?
बस का प्रस्थान हुआ।	The bus departed.
आज बहुत देरी है।	There is a lot of delay today.
देरी क्यों हुई?	Why was there a delay?
थोड़ी देरी हो गई।	There was a slight delay.
मेरा शेड्यूल व्यस्त है।	My schedule is busy.
शेड्यूल क्या है?	What is the schedule?
नया शेड्यूल देखो।	Look at the new schedule.
गेंद पकड़ो	Catch the ball
हाथ पकड़ो	Catch the hand
मेरा करियर अच्छा है।	My career is good.
करियर के बारे में सोचें।	Think about the career.
यह मेरा नया करियर है।	This is my new career.
मुझे अनुभव है।	I have experience.
अनुभव बहुत ज़रूरी है।	Experience is very important.
आपका अनुभव क्या है?	What is your experience?
साक्षात्कार कल है।	The interview is tomorrow.
साक्षात्कार कठिन था।	The interview was difficult.
साक्षात्कार के लिए तैयार रहें।	Be ready for the interview.
वेतन बहुत कम है।	The salary is very low.
आपका वेतन कितना है?	How much is your salary?
वेतन समय पर दें।	Give the salary on time.
वेतन आज मिला।	Received the wage today.
वेतन बढ़ाना होगा।	The wage will have to be increased.
दैनिक वेतन कम है।	The daily wage is low.
सहकर्मी बहुत मददगार हैं।	Colleagues are very helpful.
मेरा सहकर्मी बीमार है।	My colleague is sick.
सहकर्मी के साथ काम करें।	Work with the colleague.
बैठक अब शुरू होगी।	The meeting will start now.
बैठक बहुत लंबी थी।	The meeting was very long.
बैठक में क्या हुआ?	What happened in the meeting?
प्रोजेक्ट पूरा हुआ।	The project is complete.
नया प्रोजेक्ट शुरू करें।	Start a new project.
यह प्रोजेक्ट कठिन है।	This project is difficult.
समयसीमा बहुत कम है।	The deadline is very short.
समयसीमा का पालन करें।	Follow the deadline.
समयसीमा कब है?	When is the deadline?
पदोन्नति की खबर अच्छी है।	The news of promotion is good.
उसे पदोन्नति मिली।	He got a promotion.
पदोन्नति के लिए मेहनत करें।	Work hard for promotion.
गाड़ी का किराया दें।	Pay the hire of the car.
किराया बहुत ज़्यादा है।	The hire is too high.
किराया समय पर दें।	Pay the hire on time.
नियम लागू करें।	Apply the rules.
इसे यहाँ लागू करें।	Apply this here.
नियमों को लागू करें।	Apply the rules.
प्रशिक्षण कल शुरू होगा।	Training will start tomorrow.
प्रशिक्षण बहुत अच्छा है।	The training is very good.
प्रशिक्षण कहाँ है?	Where is the training?
यह एक नया कौशल है।	This is a new skill.
अपना कौशल बढ़ाएं।	Improve your skill.
कौशल बहुत ज़रूरी है।	Skill is very important.
बायोडाटा यहाँ भेजें।	Send the resume here.
बायोडाटा अपडेट करें।	Update the resume.
मेरा बायोडाटा तैयार है।	My resume is ready.
ग्राहक खुश है।	The customer is happy.
ग्राहक का इंतज़ार करें।	Wait for the customer.
नया ग्राहक आया है।	A new customer has come.
ग्राहक को कॉल करें।	Call the client.
ग्राहक की मदद करें।	Help the client.
वह एक पुराना ग्राहक है।	He is an old client.
कार्यालय कहाँ है?	Where is the office?
कार्यालय समय पर आएं।	Come to the office on time.
कार्यस्थल साफ़ रखें।	Keep the workplace clean.
कार्यस्थल पर शांति रखें।	Keep peace at the workplace.
मेरा कार्यस्थल बड़ा है।	My workplace is big.
वह अब रिटायर हो जाओ।	You now retire.
दादाजी रिटायर हो जाओ।	Grandfather, retire.
अब रिटायर हो जाओ।	Now retire.
यह एक बड़ी उपलब्धि है।	This is a big achievement.
उपलब्धि के लिए बधाई।	Congratulations on the achievement.
उसकी उपलब्धि शानदार है।	His achievement is wonderful.
कर्मचारी मेहनती है।	The employee is hardworking.
वह एक नया कर्मचारी है।	He is a new employee.
कर्मचारी की मदद करें।	Help the employee.
नियोक्ता बहुत सख्त है।	The employer is very strict.
नियोक्ता से मिलें।	Meet the employer.
अच्छा नियोक्ता चुनें।	Choose a good employer.
यह एक अच्छा अवसर है।	This is a good opportunity.
अवसर का लाभ उठाएं।	Take advantage of the opportunity.
नया अवसर खोजें।	Find a new opportunity.
यह पाठ्यक्रम अच्छा है।	This course is good.
नया पाठ्यक्रम कठिन है।	The new course is difficult.
पाठ्यक्रम कब शुरू होगा?	When will the course start?
मेरी डिग्री पूरी हुई।	My degree is complete.
वह डिग्री ले रहा है।	He is taking a degree.
यह एक बड़ी डिग्री है।	This is a big degree.
मेरा विश्वविद्यालय दूर है।	My university is far.
विश्वविद्यालय में भीड़ है।	There is a crowd in the university.
नया कौशल सीखो।	Learn a new skill.
यह एक कठिन कौशल है।	This is a difficult skill.
अभ्यास रोज़ करो।	Do practice every day.
अभ्यास से सफलता मिलती है।	Success comes from practice.
संगीत का अभ्यास करो।	Practice music.
अपनी लिखावट सुधार करो।	Improve your handwriting.
इसे सुधार करो।	Improve this.
जल्दी सुधार करो।	Improve quickly.
मेरा लक्ष्य बड़ा है।	My goal is big.
लक्ष्य निर्धारित करो।	Set a goal.
लक्ष्य तक पहुँचो।	Reach the goal.
गृहकार्य पूरा करो।	Complete the homework.
मेरा गृहकार्य कठिन है।	My homework is difficult.
निबंध लिखो।	Write an essay.
यह निबंध लंबा है।	This essay is long.
निबंध पूरा हुआ।	The essay is complete.
व्याख्यान शुरू हो गया।	The lecture has started.
व्याख्यान बहुत अच्छा था।	The lecture was very good.
व्याख्यान कहाँ है?	Where is the lecture?
प्रोफ़ेसर आ गए।	The professor has arrived.
प्रोफ़ेसर कक्षा में हैं।	The professor is in the class.
वह एक अच्छे प्रोफ़ेसर हैं।	He is a good professor.
वह एक छात्र है।	He is a student.
छात्र पढ़ रहे हैं।	Students are studying.
मेहनती छात्र बनो।	Become a hardworking student.
उसे छात्रवृत्ति मिली।	He got a scholarship.
छात्रवृत्ति बहुत ज़रूरी है।	Scholarship is very important.
छात्रवृत्ति के लिए आवेदन करो।	Apply for the scholarship.
अनुसंधान कठिन है।	Research is difficult.
नया अनुसंधान करो।	Do new research.
अनुसंधान पूरा हुआ।	The research is complete.
परिसर बहुत सुंदर है।	The campus is very beautiful.
परिसर में पेड़ हैं।	There are trees on the campus.
परिसर बड़ा है।	The campus is big.
मेरा डिप्लोमा मिल गया।	I got my diploma.
डिप्लोमा कोर्स अच्छा है।	The diploma course is good.
यह डिप्लोमा नया है।	This diploma is new.
हिंदी सीखो।	Learn Hindi.
धीरे सीखो।	Learn slowly.
नया पाठ सीखो।	Learn the new lesson.
इसे याद रखना।	Remember this.
नाम याद रखना।	Remember the name.
सब याद रखना।	Remember everything.
अध्ययन करो।	Do study.
अध्ययन बहुत ज़रूरी है।	Study is very important.
नियमित अध्ययन करो।	Study regularly.
भारतीय संस्कृति बहुत पुरानी है।	Indian culture is very old.
मुझे यह संस्कृति पसंद है।	I like this culture.
हमारी संस्कृति सुंदर है।	Our culture is beautiful.
यह एक पुरानी परंपरा है।	This is an old tradition.
हमें अपनी परंपरा माननी चाहिए।	We should follow our tradition.
परंपरा का सम्मान करें।	Respect the tradition.
यह एक अजीब कस्टम है।	This is a strange custom.
हर जगह का अलग कस्टम है।	Every place has a different custom.
मुझे आपका कस्टम पसंद आया।	I liked your custom.
दिवाली एक बड़ा त्योहार है।	Diwali is a big festival.
आज त्योहार का दिन है।	Today is the day of the festival.
वह त्योहार में गया।	He went to the festival.
एक पर्यटक यहाँ आया है।	A tourist has come here.
पर्यटक शहर घूम रहे हैं।	Tourists are roaming the city.
वह एक विदेशी पर्यटक है।	He is a foreign tourist.
मेरा मार्गदर्शक बहुत अच्छा है।	My guide is very good.
मार्गदर्शक हमें रास्ता दिखाता है।	The guide shows us the way.
एक मार्गदर्शक की मदद लें।	Take the help of a guide.
यह एक लंबी यात्रा है।	This is a long journey.
मेरी यात्रा सुखद रही।	My journey was pleasant.
हम यात्रा पर जा रहे हैं।	We are going on a journey.
यह एक छोटी स्मारिका है।	This is a small souvenir.
मैं एक स्मारिका खरीदना चाहता हूँ।	I want to buy a souvenir.
यह स्मारिका बहुत सुंदर है।	This souvenir is very beautiful.
यहाँ स्थानीय फल मिलते हैं।	Local fruits are found here.
वह स्थानीय बाजार में है।	He is in the local market.
स्थानीय लोग बहुत दयालु हैं।	Local people are very kind.
मेरी यात्रा बहुत अच्छी थी।	My trip was very good.
यह एक छोटी यात्रा है।	This is a short trip.
हम यात्रा के लिए तैयार हैं।	We are ready for the trip.
मेरा वीजा तैयार है।	My visa is ready.
क्या आपका वीजा मिल गया?	Did you get your visa?
वीजा के लिए आवेदन करें।	Apply for the visa.
यह एक प्रसिद्ध मील का पत्थर है।	This is a famous landmark.
शहर में कई मील का पत्थर हैं।	There are many landmarks in the city.
मील का पत्थर पहचानो।	Identify the landmark.
संग्रहालय आज बंद है।	The museum is closed today.
हम संग्रहालय गए थे।	We had gone to the museum.
संग्रहालय बहुत बड़ा है।	The museum is very big.
शहर का अन्वेषण करें।	Explore the city.
नई जगह का अन्वेषण करें।	Explore the new place.
हम जंगल का अन्वेषण करें।	Let us explore the forest.
मैं दिल्ली का दौरा करना चाहता हूँ।	I want to visit Delhi.
उसका दौरा सफल रहा।	His visit was successful.
कल मेरा दौरा होगा।	Tomorrow will be my visit.
यह एक नया अनुभव है।	This is a new experience.
मुझे अच्छा अनुभव मिला।	I got a good experience.
आपका अनुभव कैसा था?	How was your experience?
पर्यावरण बहुत सुंदर है।	The environment is very beautiful.
हमें पर्यावरण बचाना चाहिए।	We should save the environment.
स्वच्छ पर्यावरण अच्छा है।	A clean environment is good.
प्रदूषण एक समस्या है।	Pollution is a problem.
शहर में प्रदूषण है।	There is pollution in the city.
प्रदूषण कम करो।	Reduce pollution.
जलवायु बदल रही है।	The climate is changing.
यहाँ की जलवायु ठंडी है।	The climate here is cold.
जलवायु का प्रभाव बड़ा है।	The effect of climate is big.
सूर्य ऊर्जा का स्रोत है।	The sun is a source of energy.
हमें ऊर्जा बचानी चाहिए।	We should save energy.
यह नई ऊर्जा है।	This is new energy.
कागज को रीसायकल करें।	Recycle the paper.
रीसायकल करना जरूरी है।	Recycling is necessary.
हम प्लास्टिक रीसायकल करते हैं।	We recycle plastic.
पेड़ों की रक्षा करें।	Protect the trees.
अपनी प्रकृति की रक्षा करें।	Protect your nature.
हमें वन्यजीवों की रक्षा करें।	Protect the wildlife.
प्रकृति बहुत शांत है।	Nature is very peaceful.
प्रकृति हमें सब देती है।	Nature gives us everything.
वह प्रकृति से प्यार करता है।	He loves nature.
पृथ्वी एक सुंदर ग्रह है।	Earth is a beautiful planet.
यह नीला ग्रह है।	This is a blue planet.
हमारा ग्रह पृथ्वी है।	Our planet is Earth.
पानी एक मुख्य संसाधन है।	Water is a main resource.
हमें संसाधन बचाने चाहिए।	We should save resources.
यह प्राकृतिक संसाधन है।	This is a natural resource.
प्लास्टिक खराब है।	Plastic is bad.
प्लास्टिक का उपयोग न करें।	Do not use plastic.
यह प्लास्टिक की बोतल है।	This is a plastic bottle.
सागर बहुत गहरा है।	The ocean is very deep.
सागर में मछली है।	There is fish in the ocean.
नीला सागर सुंदर है।	The blue ocean is beautiful.
शुद्ध वायु जरूरी है।	Pure air is necessary.
वायु में ऑक्सीजन है।	There is oxygen in the air.
ताजी वायु लें।	Take fresh air.
मिट्टी भूरी है।	The soil is brown.
मिट्टी में बीज बोएं।	Sow seeds in the soil.
यह उपजाऊ मिट्टी है।	This is fertile soil.
यह छोटा पौधा है।	This is a small plant.
पौधा पानी मांगता है।	The plant wants water.
एक पौधा लगाओ।	Plant a plant.
यह ग्रीन हाउस है।	This is a greenhouse.
ग्रीन हाउस में पौधे हैं।	There are plants in the greenhouse.
ग्रीन हाउस गरम है।	The greenhouse is warm.
वन्य जीवन अद्भुत है।	Wildlife is amazing.
वन्य जीवन को बचाएं।	Save the wildlife.
जंगल में वन्य जीवन है।	There is wildlife in the forest.
सौर ऊर्जा अच्छी है।	Solar energy is good.
यह सौर पैनल है।	This is a solar panel.
सौर शक्ति का उपयोग करें।	Use solar power.
यह नवीकरणीय ऊर्जा है।	This is renewable energy.
नवीकरणीय स्रोत खोजें।	Find renewable sources.
पवन नवीकरणीय ऊर्जा है।	Wind is renewable energy.
कार्बन का स्तर बढ़ा है।	The carbon level has increased.
कार्बन एक गैस है।	Carbon is a gas.
कम कार्बन उत्सर्जन करें।	Emit less carbon.
कार्बन उत्सर्जन कम करो।	Reduce carbon emissions.
गैस का उत्सर्जन हुआ।	There was an emission of gas.
उत्सर्जन हानिकारक है।	Emission is harmful.
यह बैग पर्यावरण के अनुकूल है।	This bag is eco-friendly.
पर्यावरण के अनुकूल बनें।	Be eco-friendly.
पर्यावरण के अनुकूल उत्पाद चुनें।	Choose eco-friendly products.
यह कंप्यूटर पुराना है	This computer is old.
मेरा कंप्यूटर नया है	My computer is new.
कंप्यूटर चालू करें	Turn on the computer.
लैपटॉप मेज़ पर है	The laptop is on the table.
यह लैपटॉप भारी है	This laptop is heavy.
मेरा लैपटॉप सफ़ेद है	My laptop is white.
इंटरनेट बहुत धीमा है	The internet is very slow.
इंटरनेट काम नहीं कर रहा	The internet is not working.
इंटरनेट कहाँ है?	Where is the internet?
मेरा स्मार्टफोन नया है	My smartphone is new.
स्मार्टफोन यहाँ रखें	Keep the smartphone here.
यह स्मार्टफोन किसका है?	Whose smartphone is this?
यह ऐप अच्छा है	This app is good.
एक नया ऐप डाउनलोड करें	Download a new app.
ऐप काम नहीं कर रहा	The app is not working.
वेबसाइट खुली है	The website is open.
यह वेबसाइट पुरानी है	This website is old.
वेबसाइट का नाम क्या है?	What is the name of the website?
स्क्रीन साफ़ करें	Clean the screen.
स्क्रीन बहुत बड़ी है	The screen is very big.
स्क्रीन बंद है	The screen is off.
कीबोर्ड यहाँ है	The keyboard is here.
कीबोर्ड खराब है	The keyboard is broken.
कीबोर्ड का रंग काला है	The keyboard's color is black.
फाइल डाउनलोड करें	Download the file.
फोटो डाउनलोड करें	Download the photo.
गाना डाउनलोड करें	Download the song.
फोटो अपलोड करें	Upload the photo.
डॉक्युमेंट अपलोड करें	Upload the document.
वीडियो अपलोड करें	Upload the video.
ईमेल भेजें	Send the email.
ईमेल कहाँ है?	Where is the email?
मेरा ईमेल देखें	Check my email.
वह ऑनलाइन है	He is online.
हम ऑनलाइन हैं	We are online.
अभी ऑनलाइन जाएँ	Go online now.
मैं ऑफ़लाइन हूँ	I am offline.
फ़ोन ऑफ़लाइन है	The phone is offline.
सिस्टम ऑफ़लाइन है	The system is offline.
पासवर्ड क्या है?	What is the password?
पासवर्ड बदलें	Change the password.
पासवर्ड गलत है	The password is wrong.
नेटवर्क कम है	The network is low.
नेटवर्क नहीं है	There is no network.
नेटवर्क खराब है	The network is bad.
यह वायरलेस है	This is wireless.
वायरलेस माउस लाओ	Bring the wireless mouse.
वायरलेस हेडफ़ोन कहाँ हैं?	Where are the wireless headphones?
सॉफ्टवेयर अपडेट करें	Update the software.
सॉफ्टवेयर नया है	The software is new.
यह सॉफ्टवेयर अच्छा है	This software is good.
हार्डवेयर महंगा है	The hardware is expensive.
नया हार्डवेयर लाएँ	Bring new hardware.
हार्डवेयर खराब हो गया	The hardware got damaged.
सिस्टम अद्यतन करें	Update the system.
अद्यतन पूरा हुआ	Update completed.
नया अद्यतन आया है	A new update has come.
नाम खोज करें	Search the name.
शहर खोज करें	Search the city.
यहाँ खोज करें	Search here.
क्लिक करें और देखें	Click and see.
यहाँ क्लिक करें	Click here.
बटन क्लिक करें	Click the button.
सोशल मीडिया बंद करें	Close social media.
सोशल मीडिया नया है	Social media is new.
सोशल मीडिया का उपयोग करें	Use social media.
यह डिजिटल घड़ी है	This is a digital watch.
डिजिटल पेमेंट करें	Make a digital payment.
डिजिटल दुनिया बड़ी है	The digital world is big.
वह मेरा पुराना साथी है।	He is my old partner.
मेरे रिश्तेदार आ रहे हैं।	My relatives are coming.
अतिथि घर पर हैं।	The guest is at home.
अतिथि का स्वागत करो।	Welcome the guest.
मेज़बान बहुत दयालु है।	The host is very kind.
वह एक अच्छा मेज़बान है।	He is a good host.
हमारा रिश्ता गहरा है।	Our relationship is deep.
यह एक पुराना रिश्ता है।	This is an old relationship.
मुझे आपका समर्थन चाहिए।	I need your support.
उनका समर्थन करो।	Support them.
अब बहस करो।	Now argue.
तुम बहस करो।	You argue.
मैं असहमत हूँ।	I disagree.
वह असहमत था।	He disagreed.
हमारी मित्रता पुरानी है।	Our friendship is old.
मित्रता बनाए रखो।	Keep the friendship.
कुत्ता वफादार है।	The dog is loyal.
वह बहुत वफादार है।	He is very loyal.
वह मददगार लड़का है।	He is a helpful boy.
राम बहुत मददगार है।	Ram is very helpful.
वह विनम्र व्यक्ति है।	He is a polite person.
हमेशा विनम्र रहो।	Always be polite.
वह बहुत अशिष्ट है।	He is very rude.
अशिष्ट मत बनो।	Do not be rude.
वह ईर्ष्यालु क्यों है?	Why is he jealous?
वह ईर्ष्यालु नहीं है।	He is not jealous.
मुझ पर भरोसा करो।	Rely on me.
उस पर भरोसा करो।	Rely on him.
सबके साथ मिलो।	Get along with everyone.
मेरे साथ मिलो।	Get along with me.
इसे साझा करें।	Share this.
अपनी कहानी साझा करें।	Share your story.
सच्चाई को स्वीकार करें।	Accept the truth.
मेरी गलती स्वीकार करें।	Accept my mistake.
उसे क्षमा करें।	Forgive him.
कृपया मुझे क्षमा करें।	Please forgive me.
समाचार क्या है?	What is the news?
यह समाचार पुराना है।	This news is old.
मुझे समाचार चाहिए।	I want the news.
यह एक अच्छी पत्रिका है।	This is a good magazine.
पत्रिका कहाँ है?	Where is the magazine?
वह पत्रिका पढ़ती है।	She reads the magazine.
आलेख बहुत छोटा है।	The article is very short.
यह आलेख पढ़ो।	Read this article.
आलेख सच है।	The article is true.
यह समाचार चैनल है।	This is a news channel.
वह चैनल बंद है।	That channel is closed.
चैनल बदल दो।	Change the channel.
रिपोर्टर यहाँ है।	The reporter is here.
रिपोर्टर कौन है?	Who is the reporter?
रिपोर्टर बात कर रहा है।	The reporter is talking.
पत्रकार सच बोलते हैं।	Journalists speak the truth.
वह एक पत्रकार है।	He is a journalist.
पत्रकार आ गया।	The journalist has arrived.
साक्षात्कार कब है?	When is the interview?
साक्षात्कार अच्छा रहा।	The interview went well.
शीर्षक बहुत बड़ा है।	The headline is very big.
शीर्षक पढ़ो।	Read the headline.
शीर्षक क्या है?	What is the headline?
प्रसारण शुरू हो गया।	The broadcast has started.
प्रसारण कब होगा?	When will the broadcast be?
यह एक सीधा प्रसारण है।	This is a live broadcast.
सोशल मीडिया का उपयोग करें।	Use social media.
सोशल मीडिया बहुत लोकप्रिय है।	Social media is very popular.
सोशल मीडिया पर देखो।	Look on social media.
टेलीविज़न चालू करो।	Turn on the television.
टेलीविज़न यहाँ है।	The television is here.
टेलीविज़न बंद करो।	Turn off the television.
विज्ञापन बहुत लंबा है।	The advertisement is very long.
यह विज्ञापन अच्छा है।	This advertisement is good.
विज्ञापन देखो।	Look at the advertisement.
दर्शक खुश हैं।	The audience is happy.
दर्शक शोर कर रहे हैं।	The audience is making noise.
दर्शक कहाँ हैं?	Where is the audience?
यह सार्वजनिक स्थान है।	This is a public place.
सार्वजनिक पार्क बड़ा है।	The public park is big.
सार्वजनिक नियम मानों।	Follow public rules.
यह एक तथ्य है।	This is a fact.
तथ्य क्या है?	What is the fact?
तथ्य सही हैं।	The facts are correct.
अद्यतन समाचार लाओ।	Bring updated news.
अद्यतन जानकारी चाहिए।	Updated information is needed.
अद्यतन समय क्या है?	What is the updated time?
ब्रेकिंग न्यूज़ देखो।	Watch the breaking news.
ब्रेकिंग न्यूज़ क्या है?	What is the breaking news?
ब्रेकिंग न्यूज़ आ गई।	The breaking news has arrived.
रिपोर्ट तैयार है।	The report is ready.
रिपोर्ट पढ़ो।	Read the report.
यह रिपोर्ट गलत है।	This report is wrong.
इसे कल प्रकाशित करें।	Publish this tomorrow.
लेख प्रकाशित करें।	Publish the article.
वह एक बड़ा सेलिब्रिटी है।	He is a big celebrity.
सेलिब्रिटी यहाँ है।	The celebrity is here.
सेलिब्रिटी कौन है?	Who is the celebrity?
आपका आहार सही है।	Your diet is correct.
सात्विक आहार अच्छा है।	Sattvic diet is good.
अपना आहार बदलिए।	Change your diet.
तनाव मत लो।	Do not take stress.
तनाव कम करो।	Reduce the stress.
आज बहुत तनाव है।	There is much stress today.
चलो, अब आराम करो।	Come on, now relax.
मेरी दिनचर्या सरल है।	My routine is simple.
अपनी दिनचर्या बदलिए।	Change your routine.
यह एक अच्छी दिनचर्या है।	This is a good routine.
एक संतुलित भोजन लो।	Take a balanced meal.
यह संतुलित आहार है।	This is a balanced diet.
जीवन संतुलित होना चाहिए।	Life should be balanced.
वह बहुत सक्रिय है।	He is very active.
सक्रिय रहना अच्छा है।	Staying active is good.
हम सक्रिय रहते हैं।	We stay active.
मेरी जीवनशैली सरल है।	My lifestyle is simple.
अच्छी जीवनशैली अपनाओ।	Adopt a good lifestyle.
यह आधुनिक जीवनशैली है।	This is a modern lifestyle.
दूध में प्रोटीन है।	There is protein in milk.
प्रोटीन बहुत जरूरी है।	Protein is very important.
ज्यादा प्रोटीन मत लो।	Do not take too much protein.
एक कैलोरी कम करो।	Reduce one calorie.
इसकी कैलोरी कितनी है?	How many calories does this have?
कैलोरी का ध्यान रखो।	Take care of the calories.
मेरा वजन कम है।	My weight is low.
वजन कितना है?	How much is the weight?
अपना वजन घटाओ।	Reduce your weight.
मुझे ऊर्जा चाहिए।	I need energy.
यह ऊर्जा का स्रोत है।	This is a source of energy.
ऊर्जा का स्तर बढ़ाओ।	Increase the energy level.
स्वास्थ्य सबसे ऊपर है।	Health is above all.
अपना स्वास्थ्य सुधारो।	Improve your health.
स्वास्थ्य का ध्यान रखो।	Take care of your health.
कल्याण सबका अधिकार है।	Wellness is everyone's right.
मानसिक कल्याण जरूरी है।	Mental wellness is important.
कल्याण की कामना करो।	Wish for wellness.
फिटनेस बहुत जरूरी है।	Fitness is very important.
उसकी फिटनेस अच्छी है।	His fitness is good.
फिटनेस पर ध्यान दो।	Focus on fitness.
यह मांसपेशी बड़ी है।	This muscle is big.
मांसपेशी में दर्द है।	There is pain in the muscle.
वह मांसपेशी मजबूत है।	That muscle is strong.
वह स्वस्थ बालक है।	He is a healthy boy.
हम स्वस्थ रहते हैं।	We stay healthy.
स्वस्थ भोजन खाओ।	Eat healthy food.
वह बहुत मजबूत है।	He is very strong.
दीवार मजबूत होनी चाहिए।	The wall should be strong.
मेरा इरादा मजबूत है।	My intention is strong.
हमारा समाज बहुत बड़ा है	Our society is very large.
समाज की मदद करो	Help the society.
यह एक आधुनिक समाज है	This is a modern society.
यह एक गंभीर मुद्दा है	This is a serious issue.
मुद्दा क्या है?	What is the issue?
हम इस मुद्दे पर बात करेंगे	We will talk about this issue.
गरीबी एक समस्या है	Poverty is a problem.
गरीबी दूर करनी होगी	Poverty will have to be removed.
गरीबी जीवन को कठिन बनाती है	Poverty makes life difficult.
न्याय सबको मिलना चाहिए	Everyone should get justice.
न्याय में देरी हुई	Justice was delayed.
वह न्याय माँग रहा है	He is demanding justice.
समुदाय एक साथ रहता है	The community lives together.
यह एक छोटा समुदाय है	This is a small community.
समुदाय की सेवा करो	Serve the community.
अभियान कल शुरू होगा	The campaign will start tomorrow.
यह एक नया अभियान है	This is a new campaign.
अभियान बहुत सफल रहा	The campaign was very successful.
स्वयंसेवक यहाँ आते हैं	Volunteers come here.
वह एक अच्छा स्वयंसेवक है	He is a good volunteer.
स्वयंसेवक की मदद करो	Help the volunteer.
समाज में असमानता है	There is inequality in society.
असमानता को खत्म करो	End the inequality.
यह आर्थिक असमानता है	This is economic inequality.
भेदभाव गलत है	Discrimination is wrong.
भेदभाव मत करो	Do not discriminate.
भेदभाव को रोकना होगा	Discrimination must be stopped.
पूर्वाग्रह को छोड़ो	Leave the prejudice.
पूर्वाग्रह समाज के लिए बुरा है	Prejudice is bad for society.
यह एक पुराना पूर्वाग्रह है	This is an old prejudice.
कल्याण सबका अधिकार है	Welfare is everyone's right.
जन कल्याण ज़रूरी है	Public welfare is important.
कल्याण के लिए काम करो	Work for the welfare.
वे बेघर हैं	They are homeless.
बेघर लोगों की मदद करो	Help homeless people.
वह अब बेघर नहीं है	He is not homeless now.
बेरोजगारी बढ़ रही है	Unemployment is increasing.
बेरोजगारी एक बड़ी समस्या है	Unemployment is a big problem.
बेरोजगारी से तनाव बढ़ता है	Unemployment increases stress.
आज़ादी बहुत कीमती है	Freedom is very precious.
हमें आज़ादी प्यारी है	We love freedom.
आज़ादी के लिए लड़ो	Fight for freedom.
लोकतंत्र एक अच्छी प्रणाली है	Democracy is a good system.
लोकतंत्र में वोट ज़रूरी है	Voting is important in democracy.
भारत एक लोकतंत्र है	India is a democracy.
याचिका दायर की गई है	The petition has been filed.
यह एक कानूनी याचिका है	This is a legal petition.
याचिका पर हस्ताक्षर करो	Sign the petition.
जागरूकता बहुत ज़रूरी है	Awareness is very important.
जागरूकता फैलाना हमारा काम है	It is our job to spread awareness.
शिक्षा से जागरूकता आती है	Awareness comes from education.
हमें आपका समर्थन चाहिए	We need your support.
आपका समर्थन धन्यवाद	Thank you for your support.
समर्थन हमेशा बना रहे	May the support always remain.
गरीबों को दान करें	Donate to the poor.
आज कुछ दान करें	Donate something today.
वह दान करें चाहता है	He wants to donate.
निधि बहुत कम है	The fund is very low.
यह एक सरकारी निधि है	This is a government fund.
निधि का उपयोग करो	Use the fund.
आवास की समस्या बड़ी है	The housing problem is big.
आवास बहुत महंगा है	Housing is very expensive.
उन्हें नया आवास मिला	They got new housing.
स्वास्थ्य सेवा महंगी है	Healthcare is expensive.
स्वास्थ्य सेवा सबको मिलनी चाहिए	Everyone should get healthcare.
स्वास्थ्य सेवा में सुधार करो	Improve the healthcare.
यह निर्णय निष्पक्ष है	This decision is fair.
निष्पक्ष खेल खेलो	Play a fair game.
वह बहुत निष्पक्ष है	He is very fair.
यह बहुत अनुचित है	This is very unfair.
अनुचित व्यवहार मत करो	Do not behave unfairly.
यह फैसला अनुचित था	This decision was unfair.
यह एक नई पीढ़ी है	This is a new generation.
पीढ़ी बदल रही है	The generation is changing.
वह पिछली पीढ़ी से है	He is from the previous generation.
बुजुर्गों का सम्मान करो	Respect the elderly.
बुजुर्ग बहुत समझदार होते हैं	Elderly people are very wise.
वह बुजुर्ग व्यक्ति है	He is an elderly man.
अल्पसंख्यक सुरक्षित हैं	Minorities are safe.
अल्पसंख्यक अधिकारों की रक्षा करो	Protect minority
बहुमत जीत गया।	The majority won.
बहुमत बहुत ज़रूरी है।	The majority is very important.
वित्त विभाग यहाँ है।	The finance department is here.
वह वित्त मंत्री है।	He is the finance minister.
वित्त का अध्ययन करें।	Study the finance.
मेरा बजट कम है।	My budget is low.
बजट तैयार है।	The budget is ready.
नया बजट बनाओ।	Make a new budget.
मुनाफ़ा बहुत कम है।	The profit is very low.
क्या मुनाफ़ा हुआ?	Was there any profit?
मुनाफ़ा बढ़ रहा है।	The profit is increasing.
यह एक अच्छा निवेश है।	This is a good investment.
निवेश करना ज़रूरी है।	Investing is necessary.
निवेश कहाँ करें?	Where to invest?
दैनिक व्यय लिखें।	Write daily expenses.
व्यय कम करें।	Reduce the expense.
कुल व्यय कितना है?	What is the total expense?
वह ऋण चुका रहा है।	He is paying the debt.
ऋण एक बोझ है।	Debt is a burden.
ऋण से बचें।	Avoid debt.
ऋण मिल गया।	The loan was received.
ऋण कितना है?	How much is the loan?
ऋण वापस करें।	Return the loan.
अर्थव्यवस्था बदल रही है।	The economy is changing.
भारतीय अर्थव्यवस्था बड़ी है।	The Indian economy is big.
अर्थव्यवस्था का विश्लेषण करें।	Analyze the economy.
राजस्व बढ़ गया है।	The revenue has increased.
कुल राजस्व कितना है?	What is the total revenue?
राजस्व का स्रोत क्या है?	What is the source of revenue?
मेरा वेतन कम है।	My salary is low.
वेतन कब मिलेगा?	When will the salary be received?
वेतन बढ़ गया।	The salary increased.
बोनस मिल गया।	The bonus was received.
बोनस कितना है?	How much is the bonus?
बोनस का इंतज़ार करो।	Wait for the bonus.
कृपया साझा करें।	Please share.
जानकारी साझा करें।	Share the information.
स्टॉक खत्म हो गया।	The stock is finished.
स्टॉक की जाँच करें।	Check the stock.
नया स्टॉक आया।	New stock arrived.
मुद्रा का मूल्य गिर गया।	The value of the currency fell.
यह स्थानीय मुद्रा है।	This is the local currency.
मुद्रा बदलें।	Change the currency.
मुद्राओं का आदान-प्रदान करें।	Exchange the currencies.
आदान-प्रदान आसान है।	Exchange is easy.
यहाँ आदान-प्रदान करें।	Exchange here.
दिवालियेपन का डर है।	There is a fear of bankruptcy.
दिवालियेपन से बचें।	Avoid bankruptcy.
उसका दिवालियेपन घोषित हुआ।	His bankruptcy was declared.
यह मेरी संपत्ति है।	This is my asset.
संपत्ति की बिक्री करें।	Sell the asset.
संपत्ति का मूल्य बढ़ा।	The value of the asset increased.
यह मेरा दायित्व है।	This is my liability.
दायित्व पूरा करें।	Fulfill the liability.
क्या यह आपका दायित्व है?	Is this your liability?
मुद्रास्फीति बढ़ रही है।	Inflation is increasing.
मुद्रास्फीति का असर बुरा है।	The effect of inflation is bad.
मुद्रास्फीति कम हुई।	Inflation decreased.
विकास ज़रूरी है।	Growth is necessary.
विकास धीमा है।	Growth is slow.
विकास की गति बढ़ाओ।	Increase the speed of growth.
यह एक बड़ा उद्योग है।	This is a big industry.
उद्योग का स्तर बढ़ाओ।	Increase the level of the industry.
उद्योग का अध्ययन करें।	Study the industry.
कंपनी बंद है।	The company is closed.
यह मेरी कंपनी है।	This is my company.
कंपनी का नाम क्या है?	What is the name of the company?
नया उद्यम शुरू करें।	Start a new enterprise.
उद्यम का लाभ बढ़ाओ।	Increase the profit of the enterprise.
छोटा उद्यम अच्छा है।	A small enterprise is good.
वह एक उद्यमी है।	He is an entrepreneur.
उद्यमी मेहनती है।	The entrepreneur is hardworking.
एक सफल उद्यमी बनो।	Become a successful entrepreneur.
पैसे निवेश करें।	Invest money.
सही जगह निवेश करें।	Invest in the right place.
निवेश करें और कमाएं।	Invest and earn.
पैसे कमाओ।	Earn money.
ज़्यादा कमाओ।	Earn more.
ईमानदारी से कमाओ।	Earn honestly.
पैसे सहेजें।	Save money.
भविष्य के लिए सहेजें।	Save for the
नया ग्राहक आया	A new customer came
आपूर्तिकर्ता को बुलाओ	Call the supplier
अच्छा आपूर्तिकर्ता चाहिए	A good supplier is needed
लाभ मार्जिन कम है	The profit margin is low
लाभ मार्जिन बढ़ाओ	Increase the profit margin
यह अनुसंधान बहुत कठिन है।	This research is very difficult.
नया अनुसंधान शुरू करो।	Start new research.
वह अनुसंधान कर रहा है।	He is doing research.
यह प्रयोग सफल रहा।	This experiment was successful.
एक प्रयोग करो।	Do an experiment.
प्रयोग बहुत सरल है।	The experiment is very simple.
साक्ष्य कहाँ हैं?	Where is the evidence?
साक्ष्य बहुत कम हैं।	The evidence is very little.
साक्ष्य दिखाओ।	Show the evidence.
यह एक बड़ी खोज है।	This is a big discovery.
नई खोज करो।	Make a new discovery.
खोज बहुत महत्वपूर्ण है।	The discovery is very important.
प्रयोगशाला बहुत बड़ी है।	The laboratory is very large.
वह प्रयोगशाला में है।	He is in the laboratory.
प्रयोगशाला साफ करो।	Clean the laboratory.
डेटा सही नहीं है।	The data is not correct.
डेटा यहाँ है।	The data is here.
डेटा इकट्ठा करो।	Collect the data.
विश्लेषण बहुत जटिल है।	The analysis is very complex.
विश्लेषण शुरू करो।	Start the analysis.
विश्लेषण पूरा हुआ।	The analysis is complete.
परिणाम अच्छा है।	The result is good.
परिणाम क्या है?	What is the result?
परिणाम का इंतज़ार करो।	Wait for the result.
यह एक नई परिकल्पना है।	This is a new hypothesis.
परिकल्पना सही हो सकती है।	The hypothesis could be correct.
परिकल्पना बनाओ।	Create a hypothesis.
यह एक पुरानी विधि है।	This is an old method.
विधि बहुत सरल है।	The method is very simple.
नई विधि अपनाओ।	Adopt a new method.
यह नमूना छोटा है।	This sample is small.
एक नमूना लो।	Take a sample.
नमूना यहाँ रखो।	Keep the sample here.
अवलोकन बहुत महत्वपूर्ण है।	Observation is very important.
अवलोकन करो।	Do the observation.
सावधानी से अवलोकन करो।	Observe carefully.
निष्कर्ष क्या है?	What is the conclusion?
निष्कर्ष सही है।	The conclusion is correct.
निष्कर्ष निकालो।	Draw a conclusion.
प्रमाण कहाँ है?	Where is the proof?
यह ठोस प्रमाण है।	This is solid proof.
प्रमाण दिखाओ।	Show the proof.
यह एक सही उपाय है।	This is a correct measure.
उपाय खोजो।	Find a measure.
नया उपाय करो।	Take a new measure.
भविष्यवाणी करना कठिन है।	It is hard to predict.
सच्ची भविष्यवाणी करो।	Make a true prediction.
यह गलत भविष्यवाणी है।	This is a wrong prediction.
इसे साबित करो।	Prove it.
सच साबित करो।	Prove the truth.
अपनी बात साबित करो।	Prove your point.
परीक्षण शुरू करो।	Start the test.
यह एक कठिन परीक्षण है।	This is a difficult test.
परीक्षण पूरा हुआ।	The test is complete.
इनकी तुलना करें।	Compare these.
तुलना करें और बताओ।	Compare and tell.
तुलना करें।	Do the comparison.
मामले की जांच करें।	Investigate the case.
सच की जांच करें।	Investigate the truth.
गहराई से जांच करें।	Investigate deeply.
नया सच खोजो।	Discover a new truth.
खोजो और सीखो।	Discover and learn.
सच्चाई खोजो।	Discover the truth.
नया ऐप विकसित करना है।	A new app is to be developed.
तेजी से विकसित करना होगा।	Must develop quickly.
योजना विकसित करना शुरू करो।	Start developing the plan.
यह एक महान आविष्कार है।	This is a great invention.
नया आविष्कार करो।	Make a new invention.
आविष्कार बहुत कठिन है।	Invention is very difficult.
तकनीकी नवीनता ज़रूरी है।	Technical innovation is necessary.
नवीनता लाओ।	Bring innovation.
यह एक नवीनता है।	This is an innovation.
प्रौद्योगिकी बदल रही है।	Technology is changing.
नई प्रौद्योगिकी सीखो।	Learn new technology.
प्रौद्योगिकी बहुत महत्वपूर्ण है।	Technology is very important.
रसायन विज्ञान बहुत रोचक है।	Chemistry is very interesting.
रसायन विज्ञान पढ़ो।	Study chemistry.
मुझे रसायन विज्ञान पसंद है।	I like chemistry.
भौतिकी कठिन विषय है।	Physics is a difficult subject.
भौतिकी सीखो।	Learn physics.
भौतिकी के नियम सरल हैं।	The laws of physics are simple.
अणु बहुत छोटा है।	The molecule is very small.
यह एक जटिल अणु है।	This is a complex molecule.
सेल चार्ज नहीं है।	The cell is not charged.
नया सेल यहाँ है।	The new cell is here.
हमारा पर्यावरण सुंदर है।	Our environment is beautiful.
पर्यावरण की रक्षा करें।	Protect the environment.
यह जवाब सटीक है।	This answer is accurate.
सटीक जानकारी दें।	Give accurate information.
कृपया इसे सत्यापित करें।	Please validate this.
डेटा को सत्यापित करें।	Validate the data.
उसका व्यक्तित्व बहुत प्रभावशाली है।	His personality is very influential.
आपका व्यक्तित्व अच्छा है।	Your personality is good.
उनका व्यक्तित्व सरल है।	Their personality is simple.
मेरी मनोदशा आज अच्छी है।	My mood is good today.
शांति से मनोदशा सुधारें।	Improve the mood with peace.
उसका रवैया सही नहीं है।	His attitude is not right.
सकारात्मक रवैया रखें।	Keep a positive attitude.
आपका रवैया बदल गया।	Your attitude has changed.
उनका व्यवहार बहुत अच्छा है।	Their behaviour is very good.
हमेशा विनम्र व्यवहार करें।	Always behave politely.
उसका व्यवहार अजीब था।	His behaviour was strange.
मेरी एक बड़ी महत्वाकांक्षा है।	I have one big ambition.
उसकी महत्वाकांक्षा बहुत बड़ी है।	Her ambition is very big.
महत्वाकांक्षा सफलता लाती है।	Ambition brings success.
धैर्य रखना बहुत जरूरी है।	It is very important to have patience.
उसका धैर्य कम हो गया।	His patience ran out.
धैर्य से काम लें।	Work with patience.
वह एक उदार व्यक्ति है।	He is a generous person.
उदार होना अच्छी बात है।	Being generous is a good thing.
वह बहुत उदार हैं।	They are very generous.
वह बहुत वफादार कुत्ता है।	He is a very loyal dog.
वफादार दोस्त मिलना मुश्किल है।	It is hard to find a loyal friend.
वह मेरे प्रति वफादार है।	He is loyal to me.
बच्चे बहुत संवेदनशील होते हैं।	Children are very sensitive.
वह एक संवेदनशील इंसान है।	He is a sensitive human.
संवेदनशील होना कमजोरी नहीं है।	Being sensitive is not a weakness.
स्वार्थी मत बनो।	Do not be selfish.
वह बहुत स्वार्थी लड़का है।	He is a very selfish boy.
स्वार्थी लोग अकेले रहते हैं।	Selfish people live alone.
यह एक कायरतापूर्ण कार्य था।	This was a cowardly act.
कायरतापूर्ण व्यवहार मत करो।	Do not behave in a cowardly way.
वह कायरतापूर्ण निर्णय था।	That was a cowardly decision.
वह आज बहुत हर्षित है।	He is very cheerful today.
हर्षित चेहरा अच्छा लगता है।	A cheerful face looks good.
वह हमेशा हर्षित रहता है।	He always remains cheerful.
वह बहुत आशावादी है।	He is very optimistic.
आशावादी सोचना अच्छा है।	It is good to think optimistically.
हम आशावादी रहें।	Let us stay optimistic.
वह बहुत निराशावादी है।	He is very pessimistic.
निराशावादी मत बनो।	Do not be pessimistic.
उसकी सोच निराशावादी है।	His thinking is pessimistic.
वह बहुत महत्वाकांक्षी है।	He is very ambitious.
महत्वाकांक्षी लोग सफल होते हैं।	Ambitious people become successful.
वह एक महत्वाकांक्षी लड़की है।	She is an ambitious girl.
राम बहुत मेहनती है।	Ram is very hardworking.
मेहनती लोग आगे बढ़ते हैं।	Hardworking people move forward.
वह बहुत मेहनती छात्र है।	He is a very hardworking student.
बच्चे बहुत जिज्ञासु होते हैं।	Children are very curious.
वह एक जिज्ञासु मन है।	He has a curious mind.
जिज्ञासु होना अच्छी बात है।	Being curious is a good thing.
उसका काम रचनात्मक है।	His work is creative.
रचनात्मक सोच जरूरी है।	Creative thinking is necessary.
वह बहुत रचनात्मक है।	She is very creative.
यह एक तार्किक बात है।	This is a logical point.
तार्किक सोच अपनाओ।	Adopt logical thinking.
उसका तर्क तार्किक था।	His argument was logical.
वह बहुत व्यावहारिक है।	He is very practical.
व्यावहारिक सोच रखें।	Keep a practical approach.
यह एक व्यावहारिक समाधान है।	This is a practical solution.
वह बहुत घबराया हुआ है।	He is very nervous.
घबराया हुआ मत दिखो।	Do not look nervous.
वह परीक्षा से घबराया हुआ था।	He was nervous about the exam.
वह बहुत अशिष्ट व्यक्ति है।	He is a very rude person.
उनका लहजा अशिष्ट था।	Their tone was rude.
वह बहुत विनम्र है।	He is very polite.
विनम्र होना सीखो।	Learn to be polite.
वह एक विनम्र लड़का है।	He is a polite boy.
वह बहुत मिलनसार है।	He is very friendly.
मेरा भाई थोड़ा शर्मीला है।	My brother is a little shy.
वह निवर्तमान राष्ट्रपति हैं।	He is the outgoing president.
निविर्माण अधिकारी अब निवर्तमान हैं।	The outgoing officer is now gone.
वह एक बुद्धिमान महिला है।	She is a wise woman.
मेरे दादाजी बहुत बुद्धिमान हैं।	My grandfather is very wise.
वह अभी बहुत अपरिपक्व है।	He is still very immature.
यह विचार बहुत अपरिपक्व है।	This idea is very immature.
वह बहुत परिपक्व सोचता है।	He thinks very maturely.
वह अपनी उम्र से परिपक्व है।	She is mature for her age.
वह बहुत आवेगी स्वभाव का है।	He is of a very impulsive nature.
आवेगी निर्णय लेना गलत है।	Taking impulsive decisions is wrong.
यह सब व्यर्थ की बातें हैं।	These are all vain talks.
वह बहुत व्यर्थ चिंता करता है।	He worries very vainly.
वह बहुत निर्धारित लक्ष्य रखता है।	He keeps a very determined goal.
वह अपनी जीत के लिए निर्धारित है।	She is determined for her victory.
आपका तर्क सही है।	Your argument is correct.
यह एक लंबा तर्क था।	It was a long argument.
उसका तर्क कमजोर था।	His argument was weak.
यह निष्कर्ष गलत है।	This conclusion is wrong.
निष्कर्ष स्पष्ट है।	The conclusion is clear.
आपका परिप्रेक्ष्य अलग है।	Your perspective is different.
नया परिप्रेक्ष्य जरूरी है।	A new perspective is necessary.
परिप्रेक्ष्य बदल गया है।	The perspective has changed.
यह एक गलत धारणा है।	This is a wrong assumption.
मेरी धारणा बदल गई।	My assumption changed.
आपकी धारणा क्या है?	What is your assumption?
इसका बहुत महत्व है।	It has great significance.
समय का महत्व समझो।	Understand the significance of time.
इसका क्या महत्व है?	What is its significance?
इसके निहितार्थ गहरे हैं।	Its implications are deep.
निहितार्थ को समझें।	Understand the implication.
क्या निहितार्थ स्पष्ट हैं?	Are the implications clear?
इसका मूल्यांकन करें।	Evaluate this.
कृपया मूल्यांकन करें।	Please evaluate.
सबका मूल्यांकन करें।	Evaluate everyone.
इसे उचित ठहराना मुश्किल है।	It is hard to justify this.
इसे उचित ठहराना होगा।	This will have to be justified.
उचित ठहराना बंद करें।	Stop trying to justify.
साक्ष्य पर्याप्त नहीं हैं।	The evidence is not sufficient.
यह तर्क सरल है।	This logic is simple.
आपका तर्क क्या है?	What is your logic?
तर्क सही होना चाहिए।	The logic should be correct.
तर्क सही नहीं है।	The reasoning is not correct.
तर्क का पालन करें।	Follow the reasoning.
तर्क स्पष्ट करें।	Clarify the reasoning.
इस पर चर्चा करें।	Discuss this.
हम चर्चा करें।	Let us discuss.
कृपया चर्चा करें।	Please discuss.
यह एक कड़ी आलोचना है।	This is a harsh criticism.
आलोचना स्वीकार करें।	Accept the criticism.
आलोचना जरूरी है।	Criticism is necessary.
डेटा का विश्लेषण करें।	Analyze the data.
इसे विश्लेषण करें।	Analyze this.
गहरा विश्लेषण करें।	Do a deep analysis.
इसे व्याख्या करें।	Interpret this.
सही व्याख्या करें।	Interpret it correctly.
कृपया व्याख्या करें।	Please interpret.
इसे सारांशित करें।	Summarize this.
कहानी सारांशित करें।	Summarize the story.
जल्दी सारांशित करें।	Summarize quickly.
दोनों की तुलना करें।	Compare both.
तुलना करना मुश्किल है।	It is hard to compare.
यह एक विरोधाभास है।	This is a contrast.
स्पष्ट विरोधाभास देखें।	See the clear contrast.
विरोधाभास मौजूद है।	A contrast exists.
निष्कर्ष निकालें।	Draw a conclusion.
निष्कर्ष क्या निकला?	What conclusion came out?
अनुमान लगाना मुश्किल है।	It is hard to infer.
अनुमान लगाना बंद करो।	Stop inferring.
अनुमान लगाना सीखें।	Learn to infer.
निष्कर्ष निकालना आसान है।	It is easy to deduce.
निष्कर्ष निकालना शुरू करें।	Start deducing.
निष्कर्ष निकालना जारी रखें।	Continue deducing.
यह साक्ष्य आधारित है।	This is evidence-based.
साक्ष्य आधारित रिपोर्ट दें।	Give an evidence-based report.
साक्ष्य आधारित बात करें।	Speak evidence-based.
यह वैध है।	This is valid.
पासपोर्ट वैध है।	The passport is valid.
क्या यह वैध है?	Is this valid?
यह अमान्य है।	This is invalid.
टिकट अमान्य है।	The ticket is invalid.
सब कुछ अमान्य है।	Everything is invalid.
यह पक्षपातपूर्ण है।	This is biased.
पक्षपातपूर्ण निर्णय न लें।	Do not take biased decisions.
वह पक्षपातपूर्ण था।	He was biased.
मेरा उद्देश्य सरल है।	My objective is simple.
उद्देश्य क्या है?	What is the objective?
उद्देश्य स्पष्ट रखें।	Keep the objective clear.
यह व्यक्तिपरक है।	This is subjective.
सत्य व्यक्तिपरक हो सकता है।	Truth can be subjective.
यह पूरी तरह व्यक्तिपरक है।	This is completely subjective.
यह प्रासंगिक है।	This is relevant.
यह तर्क अप्रासंगिक है।	This argument is irrelevant.
वह अप्रासंगिक बातें कर रहा है।	He is saying irrelevant things.
उसे आश्वस्त करना कठिन है।	It is difficult to convince him.
क्या आप मुझे आश्वस्त करना चाहेंगे?	Would you like to convince me?
वह एक प्रेरक वक्ता है।	He is a persuasive speaker.
यह एक प्रेरक कहानी है।	This is a persuasive story.
आपका दृष्टिकोण सही है।	Your point of view is correct.
मेरा दृष्टिकोण अलग है।	My point of view is different.
इस दृष्टिकोण से सोचो।	Think from this standpoint.
उनका दृष्टिकोण स्पष्ट है।	Their standpoint is clear.
क्या मानदंड सही हैं?	Are the criteria correct?
यह एक कठिन मानदंड है।	This is a difficult criterion.
यह मेरी कमजोरी है।	This is my weakness.
अपनी कमजोरी को पहचानो।	Recognize your weakness.
जलवायु परिवर्तन एक बड़ी समस्या है।	Climate change is a big problem.
जलवायु परिवर्तन से गर्मी बढ़ती है।	Climate change increases the heat.
हमें जलवायु परिवर्तन रोकना होगा।	We will have to stop climate change.
आप्रवासन एक कठिन प्रक्रिया है।	Immigration is a difficult process.
आप्रवासन के नियम बदल गए हैं।	The immigration rules have changed.
उसने आप्रवासन के बारे में पूछा।	He asked about immigration.
यह एक पुराना संघर्ष है।	This is an old conflict.
संघर्ष से शांति नहीं आती।	Conflict does not bring peace.
उनका संघर्ष अब खत्म हुआ।	Their conflict ended now.
यह एक बड़ा संकट है।	This is a big crisis.
संकट के समय मदद करो।	Help during the crisis.
हमें इस संकट से लड़ना है।	We have to fight this crisis.
संधि पर हस्ताक्षर हो गए।	The treaty was signed.
यह एक शांति संधि है।	This is a peace treaty.
संधि का पालन करना ज़रूरी है।	It is necessary to follow the treaty.
यह एक टिकाऊ तरीका है।	This is a sustainable way.
हमें टिकाऊ विकास चाहिए।	We want sustainable development.
क्या यह योजना टिकाऊ है?	Is this plan sustainable?
तेज़ विकास ज़रूरी है।	Fast development is necessary.
विकास से जीवन बदलता है।	Life changes with development.
गाँव का विकास हो रहा है।	The village is developing.
उत्सर्जन का स्तर बढ़ रहा है।	The emission level is increasing.
उत्सर्जन कम करना ज़रूरी है।	It is necessary to reduce emissions.
शहर में प्रदूषण बहुत है।	There is a lot of pollution in the city.
प्रदूषण से बीमारियाँ होती हैं।	Pollution causes diseases.
हवा में प्रदूषण बढ़ गया है।	Pollution in the air has increased.
वनों की कटाई गलत है।	Deforestation is wrong.
वनों की कटाई से गर्मी बढ़ती है।	Deforestation increases heat.
वनों की कटाई रोकना होगा।	Deforestation will have to be stopped.
गाँव में बाढ़ आ गई।	A flood came in the village.
बाढ़ से बहुत नुकसान हुआ।	The flood caused a lot of damage.
बाढ़ का पानी उतर गया।	The flood water receded.
अकाल से लोग भूखे रहे।	People remained hungry due to the famine.
अकाल एक भयानक आपदा है।	Famine is a terrible disaster.
उस साल अकाल पड़ा था।	There was a famine that year.
वह एक शरणार्थी है।	He is a refugee.
शरणार्थी को घर चाहिए।	The refugee needs a home.
शरणार्थी यहाँ आए हैं।	Refugees have come here.
प्रवास का कारण गरीबी है।	Poverty is the reason for migration.
प्रवास से संस्कृति बदलती है।	Culture changes with migration.
पक्षियों का प्रवास शुरू हुआ।	The migration of birds has started.
कूटनीति बहुत जटिल है।	Diplomacy is very complex.
कूटनीति से मसले सुलझते हैं।	Issues are solved through diplomacy.
वह कूटनीति में कुशल है।	He is skilled in diplomacy.
सरकार ने मंजूरी दे दी।	The government gave the sanction.
क्या आपको मंजूरी मिली?	Did you get the sanction?
इस योजना को मंजूरी चाहिए।	This plan needs sanction.
यह एक नया गठबंधन है।	This is a new coalition.
गठबंधन की सरकार बनी।	A coalition government was formed.
उनका गठबंधन टूट गया।	Their coalition broke.
यह एक पुराना गठबंधन है।	This is an old alliance.
गठबंधन से ताकत बढ़ती है।	Strength increases with an alliance.
दो देशों का गठबंधन हुआ।	An alliance of two countries happened.
भारतीय अर्थव्यवस्था बढ़ रही है।	The Indian economy is growing.
अर्थव्यवस्था का गिरना चिंताजनक है।	The fall of the economy is worrying.
अर्थव्यवस्था संतुलित होनी चाहिए।	The economy should be balanced.
गरीबी एक अभिशाप है।	Poverty is a curse.
गरीबी दूर करना ज़रूरी है।	It is necessary to remove poverty.
वहाँ गरीबी बहुत है।	There is a lot of poverty there.
यह एक वैश्विक महामारी है।	This is a global pandemic.
महामारी ने दुनिया बदल दी।	The pandemic changed the world.
महामारी का डर अब कम है।	The fear of the pandemic is less now.
टीका लगवाना ज़रूरी है।	It is necessary to get the vaccine.
क्या टीका उपलब्ध है?	Is the vaccine available?
टीका बीमारी से बचाता है।	The vaccine protects from disease.
प्रकृति का संरक्षण ज़रूरी है।	Conservation of nature is necessary.
वन संरक्षण से मदद मिलती है।	Forest conservation helps.
जैव विविधता जीवन का आधार है।	Biodiversity is the basis of life.
जैव विविधता को बचाना होगा।	Biodiversity will have to be saved.
जल एक मुख्य संसाधन है।	Water is a main resource.
यह हीरा बहुत दुर्लभ है।	This diamond is very rare.
साफ हवा अब दुर्लभ है।	Clean air is now rare.
मन की स्थिरता अच्छी है।	Stability of mind is good.
देश में स्थिरता ज़रूरी है।	Stability is necessary in the country.
काम का तनाव ज़्यादा है।	Work tension is high.
तनाव कम करना सीखें।	Learn to reduce tension.
आप हमारा सहयोग करें।	Please cooperate with us.
सब मिलकर सहयोग करें।	Everyone cooperate together.
मेरा संकल्प मज़बूत है।	My resolve is strong.
संकल्प पूरा करना होगा।	The resolve will have to be fulfilled.
उसका चरित्र बहुत अच्छा है।	His character is very good.
यह चरित्र बहुत जटिल है।	This character is very complex.
वह एक महान चरित्र है।	He is a great character.
कथानक बहुत सरल है।	The plot is very simple.
इस कथानक में मोड़ है।	There is a twist in this plot.
कथानक बहुत दिलचस्प है।	The plot is very interesting.
इस कहानी की थीम क्या है?	What is the theme of this story?
थीम बहुत गहरी है।	The theme is very deep.
मुझे यह थीम पसंद है।	I like this theme.
गैलरी बहुत बड़ी है।	The gallery is very big.
वह गैलरी में है।	He is in the gallery.
यह एक पुरानी गैलरी है।	This is an old gallery.
प्रदर्शनी आज शुरू हुई।	The exhibition started today.
प्रदर्शनी बहुत सुंदर है।	The exhibition is very beautiful.
क्या आपने प्रदर्शनी देखी?	Did you see the exhibition?
यह मूर्तिकला बहुत पुरानी है।	This sculpture is very old.
मुझे मूर्तिकला पसंद है।	I like sculpture.
वह मूर्तिकला बना रहा है।	He is making a sculpture.
यह एक उत्कृष्ट कृति है।	This is a masterpiece.
वह उत्कृष्ट कृति कहाँ है?	Where is that masterpiece?
यह उसकी उत्कृष्ट कृति है।	This is his masterpiece.
तुम्हारी चित्रकारी बहुत सुंदर है।	Your painting is very beautiful.
चित्रकारी एक कला है।	Painting is an art.
कैनवास बहुत बड़ा है।	The canvas is very big.
वह कैनवास पर रंग भरता है।	He fills color on the canvas.
यह नया कैनवास है।	This is a new canvas.
यह परिदृश्य बहुत सुंदर है।	This landscape is very beautiful.
मुझे यह परिदृश्य पसंद है।	I like this landscape.
चित्र में परिदृश्य साफ़ है।	The landscape is clear in the picture.
यह एक यथार्थवादी चित्र है।	This is a realistic picture.
वह यथार्थवादी बातें करता है।	He talks in a realistic way.
कहानी बहुत यथार्थवादी है।	The story is very realistic.
यह मेरी कल्पना है।	This is my imagination.
उसकी कल्पना बहुत अच्छी है।	Her imagination is very good.
कल्पना करना आसान है।	It is easy to imagine.
संगीत मेरी प्रेरणा है।	Music is my inspiration.
आप मेरी प्रेरणा हैं।	You are my inspiration.
हमें प्रेरणा चाहिए।	We need inspiration.
यह एक रचनात्मक विचार है।	This is a creative idea.
वह रचनात्मक काम करता है।	He does creative work.
यह एक सुंदर अभिव्यक्ति है।	This is a beautiful expression.
अभिव्यक्ति बहुत साफ़ है।	The expression is very clear.
अपनी अभिव्यक्ति बदलो।	Change your expression.
उसकी भावना सच्ची है।	His emotion is true.
यह एक रूपक है।	This is a metaphor.
वह रूपक का प्रयोग करता है।	He uses a metaphor.
यह रूपक बहुत कठिन है।	This metaphor is very difficult.
कथा बहुत लंबी है।	The narrative is very long.
यह एक पुरानी कथा है।	This is an old narrative.
कथा बहुत सरल है।	The narrative is very simple.
यह मेरी पसंदीदा शैली है।	This is my favorite genre.
वह इस शैली में लिखता है।	He writes in this genre.
संगीत की शैली अलग है।	The genre of music is different.
यह एक कल्पना है।	This is a fiction.
मुझे कल्पना पढ़ना पसंद है।	I like reading fiction.
वह कल्पना लिखता है।	He writes fiction.
यह एक गैर-काल्पनिक पुस्तक है।	This is a non-fiction book.
गैर-काल्पनिक लेखन कठिन है।	Non-fiction writing is difficult.
वह गैर-काल्पनिक लेख पढ़ता है।	He reads non-fiction articles.
यह उसकी जीवनी है।	This is his biography.
मैंने उसकी जीवनी पढ़ी।	I read his biography.
जीवनी लिखना मुश्किल है।	Writing a biography is difficult.
यह पहला अध्याय है।	This is the first chapter.
अध्याय बहुत छोटा है।	The chapter is very short.
अगला अध्याय पढ़ो।	Read the next chapter.
यह एक सुंदर दृश्य है।	This is a beautiful scene.
वह दृश्य बहुत डरावना था।	That scene was
यह संवाद बहुत लंबा है।	This dialogue is very long.
संवाद सरल होना चाहिए।	The dialogue should be simple.
यह छंद बहुत कठिन है।	This rhyme is very difficult.
छंद का आनंद लें।	Enjoy the rhyme.
पद्य पढ़ना आसान है।	Reading verse is easy.
वह पद्य लिखता है।	He writes verse.
आलोचक यहाँ आया है।	The critic has come here.
आलोचक ने बात की।	The critic spoke.
दर्शक चिल्ला रहे हैं।	The audience is shouting.
वह सफलता हासिल करना चाहता है।	He wants to achieve success.
मेहनत से लक्ष्य हासिल करना आसान है।	It is easy to achieve goals with hard work.
क्या आपने अपना सपना हासिल करना शुरू किया?	Did you start to achieve your dream?
अपने काम को पूरा करें।	Complete your work.
हम इस लक्ष्य को पूरा करें।	Let us accomplish this goal.
समय पर काम पूरा करें।	Accomplish the work on time.
शांति बनाए रखें।	Maintain peace.
अपना वजन बनाए रखें।	Maintain your weight.
अच्छी आदतें बनाए रखें।	Maintain good habits.
जानकारी प्राप्त करें।	Obtain information.
सही दस्तावेज़ प्राप्त करें।	Obtain the correct documents.
पास के स्टोर से सामान प्राप्त करें।	Obtain items from the nearby store.
वे इस बात पर जोर देना चाहते हैं।	They want to emphasize this point.
शिक्षक मुख्य शब्दों पर जोर देना चाहते हैं।	The teacher wants to emphasize the main words.
हमें गुणवत्ता पर जोर देना चाहिए।	We should emphasize quality.
अपनी कला प्रदर्शित करें।	Demonstrate your art.
कृपया अपना हुनर प्रदर्शित करें।	Please demonstrate your skill.
वे नया मॉडल प्रदर्शित करें।	They demonstrate the new model.
समाज के लिए योगदान करें।	Contribute to society.
कृपया अपनी राय से योगदान करें।	Please contribute with your opinion.
वे फंड में योगदान करें।	They contribute to the fund.
अपनी गलती स्वीकार करें।	Acknowledge your mistake.
कृपया मेरी मदद स्वीकार करें।	Please acknowledge my help.
एक नया व्यापार स्थापित करें।	Establish a new business.
यहाँ अपना कार्यालय स्थापित करें।	Establish your office here.
वे एक नियम स्थापित करें।	They establish a rule.
दूध का फायदा बहुत है।	Milk has a lot of benefit.
इस व्यायाम का फायदा होगा।	There will be a benefit to this exercise.
शिक्षा का सबसे बड़ा फायदा है।	Education has the biggest benefit.
बुरे दोस्त आपको प्रभावित करना चाहते हैं।	Bad friends want to affect you.
क्या यह खबर आपको प्रभावित करना शुरू करेगी?	Will this news start to affect you?
संगीत हमें प्रभावित करना जानता है।	Music knows how to affect us.
दवा का गहरा प्रभाव है।	The medicine has a deep effect.
इस निर्णय का बुरा प्रभाव होगा।	This decision will have a bad effect.
शहर का प्रभाव अलग है।	The effect of the city is different.
कीमतों में वृद्धि हुई है।	There has been an increase in prices.
उत्पादन में वृद्धि करें।	Increase the production.
जनसंख्या में वृद्धि हो रही है।	There is an increase in population.
खर्च को कम करें।	Reduce the expenses.
चीनी का सेवन कम करें।	Reduce the consumption of sugar.
शोर को कम करें।	Reduce the noise.
अपनी लिखावट में सुधार करो।	Improve your handwriting.
अपनी सेहत में सुधार करो।	Improve your health.
अपनी आदतों में सुधार करो।	Improve your habits.
अपने व्यवसाय का विस्तार करें।	Expand your business.
बाज़ार का विस्तार करें।	Expand the market.
अपने ज्ञान का विस्तार करें।	Expand your knowledge.
बीमारी को रोकें।	Prevent the disease.
दुर्घटना को रोकें।	Prevent the accident.
गलतियों को रोकें।	Prevent mistakes.
भीड़ से बचना।	Avoid the crowd.
गलतफहमी से बचना।	Avoid misunderstanding.
ठंड से बचना।	Avoid the cold.
बच्चों को प्रोत्साहित करें।	Encourage the children.
छात्रों को प्रोत्साहित करें।	Encourage the students.
हमे दूसरों को प्रोत्साहित करें।	Let us encourage others.
उन्हें हतोत्साहित करना गलत है।	It is wrong to discourage them.
काम को हतोत्साहित करना नहीं चाहिए।	One should not discourage the work.
उसे हतोत्साहित करना बंद करो।	Stop discouraging him.
उसे आने के लिए मनाना आसान है।	It is easy to persuade him to come.
बच्चों को फल खाने के लिए मनाना।	Persuade children to eat fruit.
उसे सच बोलने के लिए मनाना।	Persuade him to speak the truth.
उसे सच के लिए मनाना मुश्किल है।	It is difficult to convince him of the truth.
मुझे अपनी बात के लिए मनाना।	Convince me for your point.
उसे यहाँ आने के लिए मनाना।	Convince him to come here.
मैं इस किताब की सिफ़ारिश करना चाहता हूँ।	I want to recommend this book.
डॉक्टर इस दवा की सिफ़ारिश करना करते हैं।	The doctor recommends this medicine.
वे जाने का आग्रह करें	They insist on leaving.
आप मदद का आग्रह करें	You insist on help.
यह मेरी मांग है	This is my demand.
उनकी मांग पूरी करो	Fulfill their demand.
मुझे उम्मीद है	I have hope/expect.
उसे उम्मीद है	He has hope/expect.
इसे सच मान लीजिए	Assume this is true.
आप इसे मान लीजिए	You assume it.
यह एक गलत अनुमान है	This is a wrong estimate.
सही अनुमान लगाओ	Make a correct estimate.
आप गणना करें	You calculate.
वे गणना करें	They calculate.
इसे निर्धारित करें	Determine this.
समय निर्धारित करें	Determine the time.
उसे पहचानो	Identify him.
मेरी पहचानो	Identify me.
इस पर विचार करें	Consider this.
मेरे विचार करें	Consider my thoughts.
आईने को प्रतिबिंबित करें	Reflect the mirror.
सच्चाई को प्रतिबिंबित करें	Reflect the truth.
उंगली से इंगित करें	Indicate with a finger.
रास्ता इंगित करें	Indicate the way.
यह एक बड़ा खुलासा है	This is a big reveal.
सच का खुलासा करो	Reveal the truth.
बात को स्पष्ट करें	Clarify the matter.
अपनी बात स्पष्ट करें	Clarify your point.
आपकी परिकल्पना सही हो सकती है।	Your hypothesis could be correct.
परिकल्पना को साबित करना मुश्किल है।	It is difficult to prove the hypothesis.
यह एक पुराना प्रतिमान है।	This is an old paradigm.
नया प्रतिमान बदल गया है।	The new paradigm has changed.
प्रतिमान को समझना जरूरी है।	It is important to understand the paradigm.
उनकी कार्यप्रणाली बहुत सरल है।	Their methodology is very simple.
कार्यप्रणाली में बदलाव आया है।	There has been a change in the methodology.
सही कार्यप्रणाली चुनें।	Choose the correct methodology.
सबकी सर्वसम्मति जरूरी है।	Everyone's consensus is necessary.
सर्वसम्मति बनना मुश्किल है।	It is difficult to reach a consensus.
इस पर सर्वसम्मति नहीं है।	There is no consensus on this.
इनका सहसंबंध बहुत गहरा है।	Their correlation is very deep.
सहसंबंध स्पष्ट नहीं है।	The correlation is not clear.
क्या यहाँ कोई सहसंबंध है?	Is there any correlation here?
यह एक परिवर्तनशील कारक है।	This is a variable factor.
परिवर्तनशील मूल्य को देखें।	Look at the variable value.
परिवर्तनशील डेटा का उपयोग करें।	Use the variable data.
ये मानदंड बहुत कड़े हैं।	These criteria are very strict.
मानदंड क्या हैं?	What are the criteria?
नये मानदंड लागू करें।	Apply the new criteria.
मेरी धारणा अलग है।	My notion is different.
इस धारणा को बदलें।	Change this notion.
तर्क स्पष्ट होना चाहिए।	The rationale should be clear.
तर्क सही लगता है।	The rationale seems correct.
यह अनुभवजन्य प्रमाण है।	This is empirical evidence.
अनुभवजन्य डेटा आवश्यक है।	Empirical data is necessary.
यह अनुभवजन्य अध्ययन है।	This is an empirical study.
यह एक सैद्धांतिक चर्चा है।	This is a theoretical discussion.
सैद्धांतिक रूप से यह संभव है।	Theoretically, this is possible.
सैद्धांतिक आधार क्या है?	What is the theoretical basis?
यह एक मजबूत ढांचा है।	This is a strong framework.
नया ढांचा तैयार करें।	Prepare a new framework.
इस ढांचे को देखें।	Look at this framework.
प्रसंग क्या है?	What is the context?
प्रसंग समझना आवश्यक है।	It is necessary to understand the context.
इस प्रसंग में बात करें।	Talk in this context.
यह एक नया आयाम है।	This is a new dimension.
इस आयाम को मापें।	Measure this dimension.
समय का आयाम अलग है।	The dimension of time is different.
यह मुख्य कारक है।	This is the main factor.
कारक क्या हैं?	What are the factors?
इस कारक पर ध्यान दें।	Focus on this factor.
यह एक नया चलन या प्रवृत्ति है।	This is a new trend.
प्रवृत्ति बदल रही है।	The trend is changing.
बाजार की प्रवृत्ति देखें।	Look at the market trend.
यह एक अजीब पैटर्न है।	This is a strange pattern.
पैटर्न को पहचानें।	Recognize the pattern.
पैटर्न दोहराया गया है।	The pattern has been repeated.
यह एक छोटा नमूना है।	This is a small sample.
नमूना सही नहीं है।	The sample is not correct.
नमूना एकत्र करें।	Collect the sample.
सर्वेक्षण पूरा हो गया है।	The survey is complete.
सर्वेक्षण शुरू करें।	Start the survey.
यह एक ऑनलाइन सर्वेक्षण है।	This is an online survey.
डेटा सेट बहुत बड़ा है।	The data set is very large.
डेटा सेट को अपडेट करें।	Update the data set.
नया डेटा सेट खोजें।	Find a new data set.
आँकड़े सही नहीं हैं।	The statistics are not correct.
आँकड़े क्या कहते हैं?	What do the statistics say?
आँकड़े दिखा रहे हैं।	The statistics are showing.
यह महत्वपूर्ण जानकारी है।	This is significant information.
यह एक महत्वपूर्ण बदलाव है।	This is a significant change.
महत्वपूर्ण बिंदु क्या है?	What is the significant point?
इसकी प्रासंगिकता कम है।	Its relevance is low.
प्रासंगिकता सिद्ध करें।	Prove the relevance.
इसकी प्रासंगिकता क्या है?	What is its relevance?
इसकी वैधता की जाँच करें।	Check its validity.
इसकी विश्वसनीयता बहुत कम है।	Its reliability is very low.
हमें विश्वसनीयता की जांच करनी होगी।	We will have to check the reliability.
इस काम का दायरा बहुत बड़ा है।	The scope of this work is very large.
आपका दायरा सीमित है।	Your scope is limited.
आंकड़ों से बहिर्विभाजन करना कठिन है।	It is difficult to extrapolate from the data.
क्या आप इसे बहिर्विभाजन कर सकते हैं?	Can you extrapolate this?
सही मात्रा निर्धारित करना ज़रूरी है।	It is necessary to quantify the correct amount.
कृपया लागत की मात्रा निर्धारित करना शुरू करें।	Please start to quantify the cost.
इन दोनों में गहरा विरोधाभास है।	There is a deep contrast between these two.
यह एक स्पष्ट विरोधाभास है।	This is a clear contrast.
जानकारी को संश्लेषित करें।	Synthesize the information.
तथ्यों को संश्लेषित करें।	Synthesize the facts.
आपकी आलोचना सही थी।	Your critique was correct.
इस आलोचना पर विचार करें।	Consider this critique.
कृपया इस घटना की जांच करें।	Please investigate this incident.
यह परिसर बहुत शांत है।	This premise is very quiet.
वह परिसर बड़ा है।	That premise is large.
कीमत के लिए बातचीत करें।	Negotiate for the price.
हम बातचीत करें।	Let us negotiate.
बातचीत करें और तय करें।	Negotiate and decide.
वह एक अच्छा प्रतिनिधि है।	He is a good delegate.
प्रतिनिधि यहाँ आएँगे।	Delegates will come here.
अपना प्रतिनिधि चुनें।	Choose your delegate.
हम सुविधा प्रदान करना चाहते हैं।	We want to facilitate.
वे सुविधा प्रदान करना पसंद करते हैं।	They like to facilitate.
यह सुविधा प्रदान करना आसान है।	It is easy to facilitate this.
कृपया टीम से संपर्क करना शुरू करें।	Please start to liaise with the team.
हमें उनसे संपर्क करना होगा।	We will have to liaise with them.
सही व्यक्ति से संपर्क करना सीखें।	Learn to liaise with the right person.
योजना का कार्यान्वयन कठिन है।	Implementation of the plan is difficult.
नया कार्यान्वयन शुरू करें।	Start the new implementation.
कार्यान्वयन समय पर करें।	Do the implementation on time.
वे यहाँ देखरेख करना चाहते हैं।	They want to oversee here.
कृपया काम की देखरेख करना शुरू करें।	Please start to oversee the work.
वह देखरेख करना जानते हैं।	He knows how to oversee.
प्रक्रिया को सुव्यवस्थित करना ज़रूरी है।	It is necessary to streamline the process.
हमें इसे सुव्यवस्थित करना होगा।	We will have to streamline this.
सुव्यवस्थित करना समय बचाता है।	Streamlining saves time.
काम को प्राथमिकता दें।	Prioritize the work.
कृपया अपनी सूची को प्राथमिकता दें।	Please prioritize your list.
हमें लक्ष्यों को प्राथमिकता दें।	Let us prioritize the goals.
कृपया मेरे साथ सहयोग करें।	Please collaborate with me.
वे सहयोग करें चाहते हैं।	They want to collaborate.
हम मिलकर सहयोग करें।	Let us collaborate together.
यह एक नया अनुकूलन है।	This is a new optimization.
हमें अनुकूलन की ज़रूरत है।	We need optimization.
अनुकूलन से गति बढ़ती है।	Optimization increases speed.
हमें रणनीति बनाना होगा।	We will have to strategize.
रणनीति बनाना बहुत ज़रूरी है।	Strategizing is very important.
मिलकर रणनीति बनाना शुरू करें।	Start to strategize together.
दस्तावेज़ व्यवस्थित करें।	Organize the documents.
अपनी मेज़ व्यवस्थित करें।	Organize your desk.
चीज़ों को व्यवस्थित करें।	Organize the things.
टीम के साथ समन्वय करें।	Coordinate with the team.
हमें समन्वय करें करना होगा।	We will have to coordinate.
कृपया समय का समन्वय करें।	Please coordinate the time.
काम को प्रबंधित करें।	Manage the work.
वह समय प्रबंधित करें सकते हैं।	He can manage time.
कृपया बजट प्रबंधित करें।	Please manage the budget.
उसका नेतृत्व अच्छा है।	His leadership is good.
वह नेतृत्व करना जानते हैं।	He knows how to lead.
नया नेतृत्व ज़रूरी है।	New leadership is necessary.
हमें टीम को प्रेरित करें।	We need to motivate the team.
उन्हें प्रेरित करें।	Motivate them.
सही तरीके से प्रेरित करें।	Motivate in the right way.
हमें सबको प्रेरित करें।	Let us motivate everyone.
वह मुझे प्रेरित करें।	He inspires me.
हमें प्रेरित करें।	Inspire us.
मेरे गुरु बहुत दयालु हैं।	My mentor is very kind.
वह एक अच्छे गुरु हैं।	He is a good mentor.
अपने गुरु से पूछें।	Ask your mentor.
वे पर्यवेक्षण करें करते हैं।	They supervise.
कृपया काम का पर्यवेक्षण करें।	Please supervise the work.
वह पर्यवेक्षण करें करना जानते हैं।	He knows how to supervise.
काम का मूल्यांकन करें।	Evaluate the work.
कृपया परिणामों का मूल्यांकन करें।	Please evaluate the results.
मूल्यांकन करें और बताएँ।	Evaluate and tell.
समीक्षा पूरी करें।	Complete the review.
यह एक संक्षिप्त समीक्षा है।	This is a short review.
कृपया समीक्षा पढ़ें।	Please read the review.
रिपोर्ट जमा करें।	Submit the report.
यह एक लंबी रिपोर्ट है।	This is a long report.
अपनी रिपोर्ट लिखें।	Write your report.
हम संवाद करें करते हैं।	We communicate.
कृपया संवाद करें।	Please communicate.
स्पष्ट संवाद करें।	Communicate clearly.
वह पत्राचार करना चाहते हैं।	He wants to correspond.
पत्राचार शुरू करें।	Start the correspondence.
नियमित पत्राचार करें।	Correspond regularly.
कृपया इस काम का अनुसरण करें।	Please follow up on this work.
उसे अनुसरण करें।	Follow up with
मेरा शेड्यूल बहुत व्यस्त है।	My schedule is very busy.
अपना शेड्यूल बदलें।	Change your schedule.
बजट आवंटित करें।	Allocate the budget.
समय आवंटित करें।	Allocate time.
समयसीमा कल है।	The deadline is tomorrow.
यह एक मील का पत्थर है।	This is a milestone.
अगला मील का पत्थर क्या है?	What is the next milestone?
कार्यभार बहुत अधिक है।	The workload is too high.
कार्यभार कम करें।	Reduce the workload.
वह बहुत कुशल है।	He is very efficient.
कुशल तरीके से काम करें।	Work in an efficient way.
यह एक प्रभावी तरीका है।	This is an effective method.
प्रभावी संचार जरूरी है।	Effective communication is necessary.
आज मैं उत्पादक था।	I was productive today.
उत्पादक बनें।	Be productive.
आप जवाबदेह हैं।	You are accountable.
सबको जवाबदेह होना चाहिए।	Everyone should be accountable.
सक्रिय रहें।	Stay proactive.
वह एक सक्रिय छात्र है।	He is a proactive student.
वह बहुत साधन संपन्न है।	She is very resourceful.
साधन संपन्न होना अच्छा है।	It is good to be resourceful.
इस बात पर गौर करें	Look into this matter
मेरी आँखों में गौर करें	Look into my eyes
साफ-साफ गौर करें	Look into it clearly
दीया बुझा देना	Put off the lamp
मोमबत्ती बुझा देना	Put off the candle
बत्ती बुझा देना	Put off the light
उस प्रस्ताव को ठुकरा दो	Turn down that proposal
मेरा सुझाव ठुकरा दो	Turn down my suggestion
इस ऑफर को ठुकरा दो	Turn down this offer
गलती को इंगित करें	Point out the mistake
सही रास्ता इंगित करें	Point out the right way
नाम को इंगित करें	Point out the name
एक दुकान स्थापित करना	Set up a shop
नया घर स्थापित करना	Set up a new house
एक नियम स्थापित करना	Set up a rule
रोज कसरत करो	Work out every day
सुबह कसरत करो	Work out in the morning
अभी कसरत करो	Work out now
पैसे के लिए हिसाब दो	Account for the money
समय के लिए हिसाब दो	Account for the time
खर्च के लिए हिसाब दो	Account for the expense
डेटा बैक अप करो	Back up the data
फाइल बैक अप करो	Back up the file
फोन बैक अप करो	Back up the phone
सपना टूटना आसान है	It is easy for a dream to break down
गाड़ी का टूटना आम है	The car breaking down is common
रिश्ता टूटना दुखद है	The breaking down of a relationship is sad
बच्चे को ऊपर लाओ	Bring up the child
सामान ऊपर लाओ	Bring up the luggage
कुर्सी ऊपर लाओ	Bring up the chair
काम जारी रखो	Carry on the work
बातचीत जारी रखो	Carry on the conversation
कोशिश जारी रखो	Carry on the effort
उसे पकड़ना मुश्किल है	It is hard to catch up with him
बस को पकड़ना है	Have to catch up with the bus
समय को पकड़ना है	Have to catch up with time
मेरे सामने आओ	Come across me
सच के सामने आओ	Come across the truth
भीड़ के सामने आओ	Come across the crowd
चीनी कम करो	Cut down on sugar
नमक कम करो	Cut down on salt
खर्च कम करो	Cut down on expenses
समस्या से निपटना सीखो	Learn to deal with the problem
तनाव से निपटना मुश्किल है	It is hard to deal with stress
काम से निपटना है	Have to deal with work
रास्ता पता लगाओ	Figure out the way
कारण पता लगाओ	Figure out the reason
सच पता लगाओ	Figure out the truth
फॉर्म भरें	Fill in the form
नाम भरें	Fill in the name
विवरण भरें	Fill in the details
मेरे साथ मिलें	Get along with me
उसके साथ मिलें	Get along with him
सबके साथ मिलें	Get along with everyone
दुख को खत्म हो जाओ	Get over the sorrow
बीमारी को खत्म हो जाओ	Get over the illness
डर को खत्म हो जाओ	Get over the fear
दरवाजे के माध्यम से जाना	Go through the door
किताब के माध्यम से जाना	Go through the book
रास्ते के माध्यम से जाना	Go through the path
पैसे हाथ डालना	Hand in the money
कागज हाथ डालना	Hand in the paper
चाबी हाथ डालना	Hand in the key
थोड़ी देर रुको	Hold on for a while
लाइन में रुको	Hold on in the line
वहां रुको	Hold on there
दुनिया के साथ रखो	Keep up with the world
बदलाव के साथ रखो	Keep up with the change
रफ्तार के साथ रखो	Keep up with the speed
बच्चे की देखभाल करना	Look after the child
बगीचे की देखभाल करना	Look after the garden
बीमार की देखभाल करना	Look after the sick
शोर को सहना मुश्किल है	It is hard to put up with the noise
उसे सहना पड़ेगा	Will have to put up with him
दर्द को सहना है	Have to put up with pain
दूध ख़त्म हो जाना	Milk running out of
चीनी ख़त्म हो जाना	Sugar running out of
पानी ख़त्म हो जाना	Water running out of
किताब बाद में ले लो	Take the book after
पेंसिल बाद में ले लो	Take the pencil after
सामान बाद में ले लो	Take the stuff after
जूते उतारो	Take off the shoes
टोपी उतारो	Take off the hat
कपड़े उतारो	Take off the clothes
पर्दा ऊपर आना	The curtain turn up
आवाज ऊपर आना	The voice turn up
धुआँ ऊपर आना	The smoke turn up
काम को हवा देना	Wind up the work
बात को हवा देना	Wind up the talk
सावधान रहें, आगे गड्ढा है।	Watch out, there is a hole ahead.
सड़क पर सावधान रहें।	Watch out on the road.
यह मेरा क्षेत्राधिकार नहीं है।	This is not my jurisdiction.
क्षेत्राधिकार का पालन करें।	Follow the jurisdiction.
उनका क्षेत्राधिकार सीमित है।	Their jurisdiction is limited.
नया संशोधन आवश्यक है।	A new amendment is necessary.
संशोधन बहुत जटिल है।	The amendment is very complex.
इस संशोधन को स्वीकार करें।	Accept this amendment.
अभियोजन की प्रक्रिया कठिन है।	The prosecution process is difficult.
अभियोजन ने सबूत पेश किए।	The prosecution presented evidence.
अभियोजन की टीम यहाँ है।	The prosecution team is here.
फैसला बहुत महत्वपूर्ण है।	The verdict is very important.
अदालत ने फैसला सुनाया।	The court announced the verdict.
सही फैसला आने दें।	Let the right verdict come.
हमारी न्यायपालिका स्वतंत्र है।	Our judiciary is independent.
न्यायपालिका का सम्मान करें।	Respect the judiciary.
न्यायपालिका कानून बनाती है।	The judiciary makes the law.
जनमत संग्रह कल होगा।	The referendum will be tomorrow.
जनमत संग्रह का परिणाम क्या है?	What is the result of the referendum?
जनमत संग्रह एक लोकतांत्रिक तरीका है।	Referendum is a democratic way.
यह एक मिसाल बनेगा।	This will become a precedent.
पुरानी मिसाल को देखें।	Look at the old precedent.
उसने एक नई मिसाल कायम की।	He set a new precedent.
राष्ट्रीय संप्रभुता का सम्मान करें।	Respect national sovereignty.
संप्रभुता सबसे ऊपर है।	Sovereignty is above all.
यह संप्रभुता का मामला है।	This is a matter of sovereignty.
संसद में चर्चा हुई।	Discussion happened in the parliament.
संसद का भवन बड़ा है।	The parliament building is big.
संसद ने कानून पारित किया।	The parliament passed the law.
कैबिनेट की बैठक समाप्त हुई।	The cabinet meeting ended.
कैबिनेट ने निर्णय लिया।	The cabinet took a decision.
कैबिनेट का सदस्य कौन है?	Who is the member of the cabinet?
नौकरशाही बहुत धीमी है।	The bureaucracy is very slow.
नौकरशाही में बदलाव चाहिए।	Change is needed in the bureaucracy.
वह नौकरशाही का हिस्सा है।	He is part of the bureaucracy.
यह एक नया विनियमन है।	This is a new regulation.
विनियमन का पालन करें।	Follow the regulation.
विनियमन बहुत सख्त है।	The regulation is very strict.
इस खंड को पढ़ें।	Read this clause.
खंड दस बहुत स्पष्ट है।	Clause ten is very clear.
खंड में बदलाव करें।	Change the clause.
यह प्रावधान सही है।	This provision is correct.
नया प्रावधान लागू हुआ।	The new provision was implemented.
कानून में यह प्रावधान है।	There is this provision in the law.
परीक्षण अब शुरू होगा।	The trial will start now.
परीक्षण का समय क्या है?	What is the time of the trial?
परीक्षण बहुत लंबा चला।	The trial lasted very long.
प्रतिवादी चुप रहा।	The defendant remained silent.
प्रतिवादी ने जवाब दिया।	The defendant replied.
प्रतिवादी अदालत में है।	The defendant is in court.
गवाही सच होनी चाहिए।	The testimony should be true.
गवाही बहुत प्रभावशाली थी।	The testimony was very influential.
गवाही दर्ज करें।	Record the testimony.
साक्ष्य बहुत स्पष्ट है।	The evidence is very clear.
साक्ष्य कहाँ है?	Where is the evidence?
साक्ष्य पेश करें।	Present the evidence.
अपील दायर करें।	File the appeal.
अपील खारिज हो गई।	The appeal was dismissed.
यह आखिरी अपील है।	This is the last appeal.
मेरा यह दृढ़ विश्वास है।	It is my firm conviction.
उसका दृढ़ विश्वास अटल है।	His conviction is unwavering.
दृढ़ विश्वास जरूरी है।	Firm conviction is necessary.
जुर्माना बहुत अधिक है।	The penalty is very high.
जुर्माना भरें।	Pay the penalty.
जुर्माना कम करें।	Reduce the penalty.
मंजूरी मिल गई है।	The sanction has been received.
मंजूरी का इंतज़ार करें।	Wait for the sanction.
मंजूरी अभी बाकी है।	The sanction is still pending.
उसे प्रतिरक्षा मिली।	He got immunity.
प्रतिरक्षा का अधिकार है।	There is a right to immunity.
प्रतिरक्षा बहुत जरूरी है।	Immunity is very important.
उम्मीदवार कौन है?	Who is the candidate?
वह एक योग्य उम्मीदवार है।	He is a qualified candidate.
उम्मीदवार का नाम क्या है?	What is the name of the candidate?
यह एक बड़ा अभियान है।	This is a big campaign.
अभियान कल शुरू होगा।	The campaign will start tomorrow.
यह मेरा निर्वाचन क्षेत्र है।	This is my constituency.
निर्वाचन क्षेत्र बहुत बड़ा है।	The constituency is very big.
लोकतंत्र एक अच्छी प्रणाली है।	Democracy is a good system.
हमें लोकतंत्र का सम्मान करना चाहिए।	We should respect democracy.
नैतिकता बहुत महत्वपूर्ण है।	Ethics are very important.
उसकी नैतिकता अच्छी है।	His ethics are good.
नैतिकता जीवन का आधार है।	Morality is the basis of life.
हमें नैतिकता का पालन करना चाहिए।	We should follow morality.
चेतना एक रहस्य है।	Consciousness is a mystery.
गहरी चेतना आवश्यक है।	Deep consciousness is necessary.
आपकी धारणा गलत है।	Your perception is wrong.
धारणा बदलना मुश्किल है।	Changing perception is difficult.
पुण्य कमाना अच्छा है।	Earning virtue is good.
सच्चा पुण्य निस्वार्थ होता है।	True virtue is selfless.
उनकी विचारधारा अलग है।	Their ideology is different.
यह एक नई विचारधारा है।	This is a new ideology.
संशयवाद एक दर्शन है।	Skepticism is a philosophy.
उसका संशयवाद गहरा है।	His skepticism is deep.
यह एक अस्तित्वगत संकट है।	This is an existential crisis.
अस्तित्वगत प्रश्न कठिन होते हैं।	Existential questions are difficult.
यह एक बड़ा विरोधाभास है।	This is a big paradox.
जीवन विरोधाभास से भरा है।	Life is full of paradox.
तर्क देना सही है।	Giving reasoning is correct.
बुद्धि शांति लाती है।	Wisdom brings peace.
बुद्धि का प्रयोग करें।	Use wisdom.
सत्य हमेशा कड़वा होता है।	Truth is always bitter.
सत्य की खोज करो।	Search for the truth.
समय का मूल्य समझो।	Understand the value of time.
इसका मूल्य क्या है?	What is the value of this?
यह धारणा पुरानी है।	This notion is old.
यह एक कठिन संकल्पना है।	This is a difficult concept.
संकल्पना स्पष्ट होनी चाहिए।	The concept should be clear.
यह तर्कसंगत बात है।	This is a rational thing.
तर्कसंगत सोच जरूरी है।	Rational thinking is necessary.
मेरा अंतर्ज्ञान सही था।	My intuition was correct.
अंतर्ज्ञान एक शक्ति है।	Intuition is a power.
मैं बड़ी दुविधा में हूँ।	I am in a big dilemma.
यह एक नैतिक दुविधा है।	This is a moral dilemma.
उसका स्वभाव सरल है।	His disposition is simple.
आपका स्वभाव अच्छा है।	Your disposition is good.
मेरे मन में संदेह है।	There is doubt in my mind.
संदेह दूर करो।	Remove the doubt.
निश्चितता बहुत कम है।	Certainty is very low.
मुझे पूरी निश्चितता है।	I have complete certainty.
चिंतन से ज्ञान मिलता है।	Knowledge comes from contemplation.
गहन चिंतन आवश्यक है।	Deep contemplation is necessary.
आत्मा अमर है।	The soul is immortal.
आत्मा का मिलन सत्य है।	The union of the soul is truth.
ईश्वर ही असली अस्तित्व है।	God is the real existence.
अस्तित्व का प्रमाण दो।	Give proof of existence.
जीवन का उद्देश्य क्या है?	What is the purpose of life?
मेरा उद्देश्य सफल होना है।	My purpose is to be successful.
ज्ञानमीमांसा एक कठिन विषय है।	Epistemology is a difficult subject.
ज्ञानमीमांसा का अध्ययन करो।	Study epistemology.
स्वतंत्र इच्छा एक वरदान है।	Free will is a blessing.
स्वतंत्र इच्छा का सम्मान करो।	Respect free will.
नियतिवाद एक विचार है।	Determinism is a thought.
क्या नियतिवाद सच है?	Is determinism true?
वह बीमार था, फिर भी वह आया।	He was sick, nonetheless he came.
बारिश थी, फिर भी हम गए।	It was raining, nonetheless we went.
वह पढ़ा, इसके अलावा उसने लिखा।	He read, furthermore he wrote.
चाय लो, इसके अलावा बिस्किट खाओ।	Take tea, furthermore eat biscuits.
वह अमीर है, इसके अलावा दयालु है।	He is rich, moreover he is kind.
यह सस्ता है, इसके अलावा अच्छा है।	It is cheap, moreover it is good.
गलती हुई, फलस्वरूप सजा मिली।	A mistake happened, consequently punishment was given.
मेहनत की, फलस्वरूप सफलता मिली।	Hard work was done, consequently success was achieved.
नियम पढ़ो और तदनुसार चलो।	Read the rules and act accordingly.
योजना बनाओ और तदनुसार काम करो।	Make a plan and work accordingly.
राम पढ़ता है, इसी तरह श्याम पढ़ता है।	Ram studies, similarly Shyam studies.
वह हँसा, इसी तरह वह रोया।	He laughed, similarly he cried.
वह अमीर है, इसके विपरीत मैं गरीब हूँ।	He is rich, conversely I am poor.
दिन गर्म है, इसके विपरीत रात ठंडी है।	The day is hot, conversely the night is cold.
देर हुई, अनिवार्य रूप से हम लेट होंगे।	It is late, inevitably we will be late.
गलती हुई, अनिवार्य रूप से नुकसान होगा।	A mistake happened, inevitably there will be loss.
यकीनन यह सबसे अच्छी फिल्म है।	Arguably this is the best movie.
वह यकीनन एक अच्छा खिलाड़ी है।	He is arguably a good player.
उसने झूठ बोला, इस प्रकार वह पकड़ा गया।	He lied, thus he was caught.
सूरज डूबा, इस प्रकार रात हुई।	The sun set, thus it became night.
उसने मेहनत की, इस प्रकार वह जीता।	He worked hard, thereby he won.
उसने पढ़ाई की, इस प्रकार वह पास हुआ।	He studied, thereby he passed.
जल्दी आओ, अन्यथा बस छूट जाएगी।	Come quickly, otherwise you will miss the bus.
पढ़ लो, अन्यथा फेल हो जाओगे।	Study, otherwise you will fail.
वह नाचती है, इसी तरह वह गाती है।	She dances, likewise she sings.
राम पढ़ा, इसी तरह श्याम पढ़ा।	Ram read, likewise Shyam read.
दोनों को समान रूप से बाँटें।	Divide it equally.
हम समान रूप से खुश हैं।	We are equally happy.
मुझे फल पसंद हैं, विशेषकर आम।	I like fruits, especially mangoes.
वह सबको पसंद है, विशेषकर बच्चों को।	Everyone likes him, especially children.
मुझे यह रंग पसंद है, विशेषकर नीला।	I like this color, particularly blue.
वह बहुत बोलता है, विशेषकर राजनीति पर।	He talks a lot, particularly on politics.
उसकी आवाज़ उल्लेखनीय रूप से मधुर है।	His voice is remarkably sweet.
यह बदलाव उल्लेखनीय रूप से बड़ा है।	This change is remarkably big.
निस्संदेह वह एक ईमानदार व्यक्ति है।	Undoubtedly he is an honest person.
यह निस्संदेह सच है।	This is undoubtedly true.
जाहिरा तौर पर वह खुश है।	Apparently he is happy.
जाहिरा तौर पर सब ठीक है।	Apparently everything is fine.
वह उदास प्रतीत होता है।	He seemingly appears sad.
सब कुछ आसान प्रतीत होता है।	Everything seemingly appears easy.
आख़िरकार वह वापस आ गया।	Ultimately he came back.
आख़िरकार हमने जीत हासिल की।	Ultimately we achieved victory.
अंततः सच सामने आ गया।	Eventually the truth came out.
अंततः वह मान गया।	Eventually he agreed.
प्रारंभ में मुझे डर लगा।	Initially I felt scared.
प्रारंभ में यह कठिन था।	Initially it was difficult.
वह मुख्य रूप से एक लेखक है।	He is primarily a writer.
यह मुख्य रूप से पानी है।	This is primarily water.
यह कमरा विशेष रूप से मेहमानों के लिए है।	This room is exclusively for guests.
यह शो विशेष रूप से बच्चों के लिए है।	This show is exclusively for children.
शहर तेजी से बढ़ रहा है।	The city is increasingly growing.
लोग तेजी से बदल रहे हैं।	People are increasingly changing.
कीमत उल्लेखनीय रूप से बढ़ गई।	The price increased significantly.
यह उल्लेखनीय रूप से अलग है।	This is significantly different.
मैं बमुश्किल सो पाया।	I could barely sleep.
वह बमुश्किल चल सकता है।	He can barely walk.
यह महज़ एक सपना था।	It was
यह विशुद्ध रूप से काल्पनिक है।	This is purely fictional.
वह विशुद्ध रूप से शाकाहारी है।	He is purely vegetarian.
उसने स्पष्ट रूप से मना किया।	He explicitly refused.
इसे स्पष्ट रूप से लिखें।	Write this explicitly.
उसने परोक्ष रूप से संकेत दिया।	He implicitly hinted.
यह परोक्ष रूप से जुड़ा है।	This is implicitly connected.
उसका काम बहुत सूक्ष्म है।	His work is very meticulous.
यह एक सूक्ष्म अंतर है।	This is a meticulous difference.
वह सूक्ष्म विवरण देखते हैं।	They look at meticulous details.
यह एक व्यापक योजना है।	This is a comprehensive plan.
उसकी जानकारी व्यापक है।	His knowledge is comprehensive.
हमें व्यापक शोध चाहिए।	We need comprehensive research.
यहाँ पर्याप्त मात्रा है।	There is a substantial amount here.
यह पर्याप्त सबूत है।	This is substantial evidence.
उनका प्रभाव पर्याप्त था।	Their influence was substantial.
यह मामला बहुत पेचीदा है।	This case is very intricate.
वह पेचीदा बातें करते हैं।	He talks about intricate things.
यह एक पेचीदा डिज़ाइन है।	This is an intricate design.
तर्क सुसंगत होना चाहिए।	The argument should be coherent.
उसकी बात सुसंगत नहीं थी।	His talk was not coherent.
एक सुसंगत कहानी लिखें।	Write a coherent story.
जवाब बहुत अस्पष्ट है।	The answer is very ambiguous.
यह एक अस्पष्ट संकेत था।	This was an ambiguous signal.
उनकी बात अस्पष्ट रही।	His words remained ambiguous.
वह एक वाक्पटु नेता हैं।	He is an eloquent leader.
उसका भाषण वाक्पटु था।	His speech was eloquent.
वाक्पटु लोग सफल होते हैं।	Eloquent people become successful.
हमें व्यावहारिक होना चाहिए।	We should be pragmatic.
यह एक व्यावहारिक तरीका है।	This is a pragmatic way.
उसकी सोच व्यावहारिक है।	His thinking is pragmatic.
यह संपूर्ण जानकारी है।	This is thorough information.
एक संपूर्ण जाँच करें।	Do a thorough check.
उसकी तैयारी संपूर्ण थी।	His preparation was thorough.
यहाँ व्यापक प्रभाव है।	There is an extensive effect here.
उसका अनुभव व्यापक है।	His experience is extensive.
यह एक व्यापक सूची है।	This is an extensive list.
यह एक परिष्कृत तकनीक है।	This is a sophisticated technique.
उनका स्वाद परिष्कृत है।	Their taste is sophisticated.
शहर बहुत परिष्कृत है।	The city is very sophisticated.
यह एक सम्मोहक कहानी है।	This is a compelling story.
उसका तर्क सम्मोहक था।	His argument was compelling.
यह सम्मोहक दृश्य है।	This is a compelling sight.
मुझे आश्वस्त करना आसान है।	It is easy to convince me.
उसने मुझे आश्वस्त करना चाहा।	He wanted to convince me.
हमें उन्हें आश्वस्त करना होगा।	We will have to convince them.
यह एक प्रेरक उदाहरण है।	This is a persuasive example.
उसका स्वर प्रेरक था।	His tone was persuasive.
यह कारण प्रशंसनीय है।	This reason is plausible.
यह कहानी प्रशंसनीय लगती है।	This story seems plausible.
एक प्रशंसनीय व्याख्या दें।	Give a plausible explanation.
यह विचार व्यवहार्य है।	This idea is feasible.
क्या यह योजना व्यवहार्य है?	Is this plan feasible?
एक व्यवहार्य रास्ता खोजें।	Find a feasible way.
यह एक व्यवहार्य विकल्प है।	This is a viable option.
क्या यह मॉडल व्यवहार्य है?	Is this model viable?
हमें व्यवहार्य समाधान चाहिए।	We need a viable solution.
यह मुद्दा बहस योग्य है।	This issue is debatable.
वह बात बहस योग्य थी।	That point was debatable.
यह एक बहस योग्य दावा है।	This is a debatable claim.
यह एक विवादास्पद विषय है।	This is a contentious topic.
वह बहुत विवादास्पद व्यक्ति है।	He is a very contentious person.
यह एक विवादास्पद निर्णय था।	This was a contentious decision.
यह एक विवादास्पद मामला है।	This is a controversial case.
उसकी राय विवादास्पद है।	His opinion is controversial.
यह विवादास्पद मुद्दा है।	This is a controversial issue.
वह बहुत संवेदनशील है।	He is very sensitive.
यह एक संवेदनशील मुद्दा है।	This is a sensitive issue.
बच्चे संवेदनशील होते हैं।	Children are sensitive.
यह बहुत नाजुक सामान है।	This is very delicate stuff.
उसका स्वास्थ्य नाजुक है।	His health is delicate.
यह एक नाजुक मामला है।	This is a delicate matter.
यहाँ सूक्ष्म बदलाव हैं।	There are subtle changes here.
यह एक सूक्ष्म संकेत था।	This was a subtle hint.
उसका अंदाज सूक्ष्म है।	His style is subtle.
इन बारीकियां को समझें।	Understand these nuances.
उसकी बातों में बारीकियां हैं।	There are nuances in his words.
यह उत्तर सटीक है।	This answer is precise.
आपकी गणना सटीक है।	Your calculation is precise.
यह जानकारी सटीक नहीं है।	This information is not accurate.
उसका अनुमान सटीक था।	His guess was accurate.
यह व्यवहार असंगत है।	This behavior is inconsistent.
तर्क असंगत लग रहा है।	The argument seems inconsistent.
हमें ठोस प्रमाण चाहिए।	We need concrete proof.
यह एक ठोस योजना है।	This is a concrete plan.
अर्थ इसमें निहित है।	The meaning is implicit in this.
नियम इसमें निहित हैं।	The rules are implicit in this.
वह प्रमुख कारण था।	That was the predominant reason.
यह एक प्रमुख मुद्दा है।	This is a predominant issue.
हमें जीवन में संघर्ष करना पड़ता है	We have to struggle in life.
वे जीतने के लिए संघर्ष करना चाहते हैं	They want to struggle to win.
सच्चाई के लिए संघर्ष करना अच्छा है	Struggling for the truth is good.
वह अपनी बात पर जोर देना चाहता है	He wants to emphasize his point.
हमें इस मुद्दे पर जोर देना चाहिए	We should emphasize this issue.
उसने अपनी बात पर जोर देना शुरू किया	He started to emphasize his point.
वह इस तथ्य का खंडन करेगा	He will refute this fact.
झूठ का खंडन करना आसान है	It is easy to refute a lie.
क्या आप इस दावे का खंडन करेंगे	Will you refute this claim?
वे सबूतों से प्रमाणित करना चाहते हैं	They want to substantiate with evidence.
सच्चाई को प्रमाणित करना कठिन है	It is difficult to substantiate the truth.
कृपया अपनी बात प्रमाणित करना शुरू करें	Please start to substantiate your point.
वे एक नई शर्त लगाना चाहते हैं	They want to stipulate a new condition.
क्या आप यहाँ शर्त लगाना चाहेंगे	Would you like to stipulate a condition here?
हमें शर्त लगाना होगा	We will have to stipulate a condition.
यह मेरी एक परिकल्पना है	This is a hypothesis of mine.
उसकी परिकल्पना बहुत दिलचस्प है	His hypothesis is very interesting.
हम एक नई परिकल्पना बनाएंगे	We will create a new hypothesis.
मेरा वकील बहुत अच्छा है	My lawyer is very good.
वह एक प्रसिद्ध वकील है	He is a famous lawyer.
हमें एक वकील चाहिए	We need a lawyer.
इस बात पर जोर देना जरूरी है	It is important to emphasize this point.
शिक्षक ने इस शब्द पर जोर देना चाहा	The teacher wanted to emphasize this word.
वह हमेशा अपनी बात पर जोर देना चाहता है	He always wants to emphasize his point.
कृपया इसे स्पष्ट करें	Please clarify this.
आप अपनी बात स्पष्ट करें	You clarify your point.
वे सच को स्पष्ट करें चाहते हैं	They want to clarify the truth.
अपनी आदत बनाए रखें	Maintain your habit.
शांति बनाए रखें	Maintain peace.
स्वस्थ शरीर बनाए रखें	Maintain a healthy body.
वह हमेशा बहस करो कहता है	He always says argue.
तुम मुझसे बहस करो मत	Do not argue with me.
चलो इस विषय पर बहस करो	Let's argue on this topic.
वह अपना बचाव कर रहा है	He is defending himself.
हमें सच का बचाव करना चाहिए	We should defend the truth.
वह अपना बचाव कैसे करेगा	How will he defend himself?
मैं आपका समर्थन करता हूँ	I support you.
सबका समर्थन मिलना जरूरी है	Getting everyone's support is important.
वह मेरा समर्थन करेगा	He will support me.
वे इस विचार का विरोध करो कहते हैं	They say oppose this idea.
सच्चाई का विरोध करो मत	Do not oppose the truth.
क्या आप मेरा विरोध करो करेंगे	Will you oppose me?
यह एक बड़ी चुनौती है	This is a big challenge.
वह मुझे चुनौती देता है	He challenges me.
क्या आप इस चुनौती के लिए तैयार हैं	Are you ready for this challenge?
मुझे थोड़ा संदेह है	I have some doubt.
आपके शब्दों में संदेह है	There is doubt in your words.
मुझे इस बात पर संदेह है	I have doubt about this.
यह एक पुराना विवाद है	This is an old dispute.
विवाद खत्म करो	End the dispute.
उनका विवाद बहुत बढ़ा था	Their dispute had grown a lot.
यह बात एक विरोधाभास है	This point is a contradiction.
शब्दों में विरोधाभास नहीं होना चाहिए	There should be no contradiction in words.
उसका तर्क एक विरोधाभास है	His argument is a contradiction.
कृपया मेरा प्रस्ताव अस्वीकार करें मत	Please do not reject my proposal.
उसने मेरा आवेदन अस्वीकार करें किया	He rejected my application.
वे इस विचार को अस्वीकार करें करेंगे	They will reject this idea.
कृपया मेरा उपहार स्वीकार करें	Please accept my gift.
उसने मेरी गलती स्वीकार करें की	He accepted my mistake.
हम यह प्रस्ताव स्वीकार करें करेंगे	We will accept this proposal.
वह अपनी हार स्वीकार करें करता है	He accepts his defeat.
कृपया मेरी मदद स्वीकार करें	Please accept my help.
वे सच स्वीकार करें करेंगे	They will accept the truth.
वह अपनी गलती स्वीकार करें करता है	He admits his mistake.
क्या आप सच स्वीकार करें करेंगे	Will you admit the truth?
उसने सब कुछ स्वीकार करें किया	He admitted everything.
हम इस निष्कर्ष पर पहुंचे	We reached this conclusion.
यह एक गलत निष्कर्ष है	This is a wrong conclusion.
सही निष्कर्ष निकालना जरूरी है	It is important to reach the right conclusion.
आप क्या अनुमान लगाना चाहते हैं	What do you want to infer?
वह संकेत करना चाहते हैं	He wants to imply.
आप संकेत करना भूल गए	You forgot to imply.
यह एक छोटा संकेत है	This is a small hint.
वह संकेत देते हैं	He gives a hint.
कृपया इसे वर्णन करें	Please describe this.
वे वर्णन करें कि क्या हुआ	They describe what happened.
एक उदाहरण दें	Give an example.
वह उदाहरण दें	He gives an example.
कृपया इसका विस्तार करें	Please expand this.
वह विस्तार करें	He expands.
इसे सत्यापित करें	Verify this.
कृपया सत्यापित करें	Please verify.
पुष्टि करें कि वह आया	Confirm that he came.
कृपया पुष्टि करें	Please confirm.
वह सत्यापित करें	He validates.
यह एक महत्वपूर्ण मुद्दा है।	This is a significant issue.
वह महत्वपूर्ण व्यक्ति है।	He is a significant person.
यह जानकारी महत्वपूर्ण है।	This information is significant.
मेरे पास पर्याप्त समय है।	I have substantial time.
यह पर्याप्त मात्रा है।	This is a substantial amount.
वहाँ पर्याप्त सबूत हैं।	There are substantial proofs there.
यह एक विचारणीय बिंदु है।	This is a considerable point.
वह विचारणीय निर्णय था।	That was a considerable decision.
यह विचारणीय अंतर है।	This is a considerable difference.
यह सीमांत लाभ है।	This is a marginal benefit.
वे सीमांत लोग हैं।	They are marginal people.
यह सीमांत क्षेत्र है।	This is a marginal area.
यह एक क्रमिक बदलाव है।	This is a gradual change.
प्रक्रिया क्रमिक होनी चाहिए।	The process should be gradual.
सुधार क्रमिक होता है।	Improvement is gradual.
कीमतों में उतार-चढ़ाव है।	There is fluctuation in prices.
बाजार में उतार-चढ़ाव होता है।	The market fluctuates.
तापमान में उतार-चढ़ाव है।	There is fluctuation in temperature.
वह शिखर पर है।	He is at the peak.
पहाड़ का शिखर ऊंचा है।	The mountain peak is high.
यह करियर का शिखर है।	This is the peak of the career.
वह एक बड़ा पठार है।	That is a large plateau.
पठार पर घास है।	There is grass on the plateau.
हम पठार पर चले।	We walked on the plateau.
कीमतों में गिरावट आई।	There was a decline in prices.
स्वास्थ्य में गिरावट हुई।	There was a decline in health.
संख्या में गिरावट दिखी।	A decline was seen in numbers.
यह एक नई प्रवृत्ति है।	This is a new trend.
फैशन की प्रवृत्ति बदलती है।	The fashion trend changes.
यह एक बढ़ती प्रवृत्ति है।	This is a rising trend.
जनसंख्या में वृद्धि हुई।	There was a rise in population.
कीमतों में वृद्धि हुई।	There was a rise in prices.
वृद्धि बहुत धीमी है।	The rise is very slow.
सावधानी से मत गिरना।	Do not fall carelessly.
पत्ते का गिरना आम है।	The falling of the leaf is common.
कीमतों का गिरना दुखद है।	The fall in prices is sad.
उत्पादन में वृद्धि हुई।	There was an increase in production.
वृद्धि बहुत तेज है।	The increase is very fast.
आय में वृद्धि हुई।	There was an increase in income.
बाजार में उछाल आया।	There was a surge in the market.
कीमतों में अचानक उछाल आया।	There was a sudden surge in prices.
मांग में उछाल दिखा।	A surge was seen in demand.
बड़ी गिरावट दर्ज हुई।	A big plummet was recorded.
कीमतों में भारी गिरावट हुई।	There was a heavy plummet in prices.
संख्या में गिरावट आई।	There was a plummet in numbers.
पक्षी की ऊंची उड़ान देखो।	Look at the bird's high flight.
उसकी ऊंची उड़ान अद्भुत है।	His high flight is amazing.
सोच की ऊंची उड़ान रखो।	Keep a high flight of thought.
यह एक पुराना रॉकेट है।	This is an old rocket.
रॉकेट ऊपर गया।	The rocket went up.
रॉकेट बहुत तेज है।	The rocket is very fast.
कीमतों को स्थिर करना होगा।	Prices will have to be stabilized.
हमें स्थिति स्थिर करना है।	We have to stabilize the situation.
तापमान स्थिर करना मुश्किल है।	It is difficult to stabilize the temperature.
जमीन को समतल करना होगा।	The ground will have to be leveled off.
सतह को समतल करना आसान है।	It is easy to level off the surface.
रास्ते को समतल करना पड़ा।	The path had to be leveled off.
ग्राफ में एक स्पाइक है।	There is a spike in the graph.
बिजली में स्पाइक आया।	There was a spike in electricity.
डेटा में स्पाइक दिखा।	A spike was seen in the data.
महिलाएं अधिक संख्या में हैं।	Women are in larger numbers.
यहाँ अधिक संख्या में लोग हैं।	There are people here in larger numbers.
वे अधिक संख्या में आए।	They came in larger numbers.
यह सही अनुपात है।	This is the right proportion.
पानी और तेल का अनुपात देखो।	Look at the proportion of water and oil.
अनुपात बहुत कम है।	The proportion is very low.
यह गलत आंकड़ा है।	This is a wrong
ये आँकड़े बहुत ज़रूरी हैं।	These statistics are very important.
यह तुलना मुश्किल है।	This comparison is difficult.
तुलना करना अच्छा है।	Comparing is good.
मेरा अनुमान गलत था।	My estimate was wrong.
एक अनुमान लगाओ।	Make an estimate.
मोटे तौर पर यह सही है।	Roughly, this is correct.
मोटे तौर पर दस लोग आए।	Roughly ten people came.
खर्च बजट से अधिक है।	The expenses exceed the budget.
तापमान तीस से अधिक है।	The temperature is more than thirty.
इसमें सब सम्मिलित हैं।	Everyone is included in this.
सब कुछ यहाँ सम्मिलित है।	Everything is comprised here.
कीमतें तेजी से बढ़ीं।	Prices rose sharply.
वह तेजी से दौड़ा।	He ran sharply.
सब कुछ नाटकीय ढंग से बदला।	Everything changed dramatically.
वह नाटकीय ढंग से बोला।	He spoke dramatically.
बदलाव ध्यान देने योग्य है।	The change is noticeable.
यह ध्यान देने योग्य बात है।	This is a noticeable point.
कुल मिलाकर सब ठीक है।	Overall, everything is fine.
कुल मिलाकर दस लोग थे।	Overall, there were ten people.
इस खर्च के लिए हिसाब कहाँ है?	Where is the account for this expense?
वह सोता है जबकि मैं पढ़ता हूँ।	He sleeps while I study.
वह हँसता है जबकि वह दुखी है।	He laughs while he is sad.
तुम यहाँ हो जबकि वह वहाँ है।	You are here while he is there.
यद्यपि वह छोटा है, वह बहादुर है।	Albeit he is small, he is brave.
यद्यपि यह कठिन है, मैं इसे करूँगा।	Albeit it is hard, I will do it.
यद्यपि वह अमीर है, वह दुखी है।	Albeit he is rich, he is sad.
वह बीमार था, बावजूद इसके वह आया।	He was sick, notwithstanding that he came.
बारिश थी, बावजूद इसके हम बाहर गए।	It was raining, notwithstanding that we went out.
सब चुप थे, बावजूद इसके वह बोला।	Everyone was silent, notwithstanding that he spoke.
यह एक ऐसा रास्ता है जिससे हम जीतेंगे।	This is a path whereby we will win.
उन्होंने एक नियम बनाया जिससे सब सहमत थे।	They made a rule whereby everyone agreed.
यह एक तरीका है जिससे काम आसान होगा।	This is a way whereby the work will be easy.
उसने मेहनत की और इस प्रकार सफल हुआ।	He worked hard and thus succeeded.
वह धीरे चला और इस प्रकार बच गया।	He walked slowly and thus survived.
हमने बात की और इस प्रकार समझौता हुआ।	We talked and thus a settlement happened.
राम पढ़ता है और इसी तरह श्याम भी।	Ram studies and likewise Shyam too.
वह दयालु है और इसी तरह उसकी बहन।	He is kind and likewise his sister.
तुम यहाँ बैठो और इसी तरह वह भी।	You sit here and likewise he too.
वह अमीर है और इसके विपरीत वह गरीब है।	He is rich and conversely he is poor.
दिन गरम है और इसके विपरीत रात ठंडी है।	The day is hot and conversely the night is cold.
वह तेज है और इसके विपरीत वह धीमा है।	He is fast and conversely he is slow.
यह यकीनन एक अच्छा विचार है।	This is arguably a good idea.
वह यकीनन सबसे अच्छा खिलाड़ी है।	He is arguably the best player.
यह यकीनन एक कठिन काम है।	This is arguably a hard task.
वह थक गया था, फिर भी वह चलता रहा।	He was tired, nevertheless he kept walking.
बारिश थी, फिर भी वह बाहर गया।	It was raining, nevertheless he went out.
सब मना करते थे, फिर भी उसने किया।	Everyone refused, nevertheless he did it.
वह बीमार था, फिर भी उसने काम किया।	He was sick, nonetheless he worked.
रास्ता कठिन था, फिर भी वह पहुँचा।	The path was hard, nonetheless he arrived.
समय कम था, फिर भी वह सफल हुआ।	Time was short, nonetheless he succeeded.
वह पढ़ा है, इसके अलावा वह लेखक है।	He is educated, furthermore he is a writer.
मुझे चाय चाहिए, इसके अलावा थोड़ा पानी।	I want tea, furthermore some water.
वह दयालु है, इसके अलावा वह ईमानदार है।	He is kind, furthermore he is honest.
वह सुंदर है, इसके अलावा वह बुद्धिमान है।	She is beautiful, moreover she is intelligent.
वह अमीर है, इसके अलावा वह प्रसिद्ध है।	He is rich, moreover he is famous.
आज छुट्टी है, इसके अलावा कल भी छुट्टी है।	Today is a holiday, moreover tomorrow is also a holiday.
उसने गलती की और फलस्वरूप वह हारा।	He made a mistake and consequently he lost.
बारिश हुई और फलस्वरूप फसल अच्छी हुई।	It rained and consequently the crop was good.
वह नहीं पढ़ा और फलस्वरूप वह फेल हो गया।	He didn't study and consequently he failed.
नियम बदल गए और तदनुसार हम बदल गए।	The rules changed and accordingly we changed.
मौसम बदला और तदनुसार पक्षी उड़ गए।	The weather changed and accordingly the birds flew.
योजना बदली और तदनुसार काम बदला।	The plan changed and accordingly the work changed.
वह दयालु है और इसी तरह उसकी माँ।	He is kind and similarly his mother.
वह पढ़ता है और इसी तरह उसका भाई।	He studies and similarly his brother.
यह घर बड़ा है और इसी तरह वह घर।	This house is big and similarly that house.
सब समान रूप से महत्वपूर्ण हैं।	All are equally important.
वे समान रूप से जिम्मेदार हैं।	They are equally responsible.
वह एक ओर है और वह दूसरी ओर	He is on one side and he is on the other side.
सड़क की दूसरी ओर दुकान है	The shop is on the other side of the road.
गलती हुई और परिणामस्वरूप हार मिली	A mistake happened and as a result there was a loss.
मेहनत करो और परिणामस्वरूप सफल हो	Work hard and as a result be successful.
उदाहरण के लिए यह किताब देखो	For instance, look at this book.
उदाहरण के लिए वह शहर जाओ	For instance, go to that city.
उदाहरण के लिए आप यहाँ देखें	For example, look here.
उदाहरण के लिए यह एक पेन है	For example, this is a pen.
आरंभ करने के लिए हम प्रार्थना करेंगे	To begin with, we will pray.
आरंभ करने के लिए एक कहानी सुनाओ	To begin with, tell a story.
संक्षेप में कहें तो सब ठीक है	To sum up, everything is fine.
संक्षेप में कहें तो वह नहीं आया	To sum up, he did not come.
निष्कर्षतः यह एक अच्छा विचार है	In conclusion, this is a good idea.
निष्कर्षतः हम जीत गए	In conclusion, we won.
आख़िरकार वह घर आ गया	Ultimately, he came home.
आख़िरकार सच सामने आया	Ultimately, the truth came out.
जाहिर है कि वह बीमार है	Evidently, he is sick.
जाहिर है कि आज छुट्टी है	Evidently, today is a holiday.
मैंने स्वीकार किया कि मैं गलत था	I admitted that I was wrong.
उसने स्वीकार किया कि वह डर गया	He admitted that he got scared.
वह निर्विवाद रूप से सबसे अच्छा है	He is undeniably the best.
यह निर्विवाद रूप से सच है	This is undeniably true.
ऐसा प्रतीत होता है कि वह खुश है	It seemingly appears that he is happy.
वह प्रतीत होता है कि सो रहा है	He seemingly appears to be sleeping.
इसे और स्पष्ट करें	Elucidate this further.
वे इसकी पुष्टि करें	They corroborate this.
सच्चाई की पुष्टि करें	Corroborate the truth.
तथ्यों की पुष्टि करें	Corroborate the facts.
यह एक बहिर्विभाजन है	This is an extrapolation.
बहिर्विभाजन कठिन है	Extrapolation is difficult.
बहिर्विभाजन का उपयोग करें	Use extrapolation.
इसे संश्लेषित करें	Synthesize this.
तथ्यों को संश्लेषित करें	Synthesize the facts.
सीमाएं रेखांकित करें	Delineate the boundaries.
योजना को रेखांकित करें	Delineate the plan.
मुख्य बिंदुओं को रेखांकित करें	Delineate the main points.
यह अवक्षेपण है	This is precipitation.
अवक्षेपण की प्रक्रिया	The process of precipitation.
अवक्षेपण धीमा है	Precipitation is slow.
जोखिम को कम करना है	The goal is to mitigate risk.
दुख को कम करना	Mitigate the pain.
नुकसान को कम करना	Mitigate the loss.
इसे तीव्र करना नहीं	Do not exacerbate this.
दर्द को तीव्र करना	Exacerbate the pain.
समस्या को तीव्र करना	Exacerbate the problem.
सच्चाई का पता लगाना है	The goal is to ascertain the truth.
नाम का पता लगाना	Ascertain the name.
कारण का पता लगाना	Ascertain the cause.
यह एक अभिधारणा है	This is a postulate.
नयी अभिधारणा बनाएं	Create a new postulate.
अभिधारणा सरल है	The postulate is simple.
सही निर्णय करना है	The goal is to adjudicate correctly.
मामले का निर्णय करना	Adjudicate the case.
न्यायाधीश निर्णय करना है	The judge is to adjudicate.
रंगों को मिलाना है	The goal is to amalgamate colors.
दो समूहों को मिलाना	Amalgamate two groups.
सबको मिलाना है	The goal is to amalgamate everyone.
प्रक्रिया को उत्प्रेरित करना	Catalyze the process.
रिएक्शन को उत्प्रेरित करना	Catalyze the reaction.
इसे उत्प्रेरित करना है	The goal is to catalyze it.
समस्या को टालना है	The goal is to circumvent the problem.
नियमों को टालना	Circumvent the rules.
रास्ते को टालना	Circumvent the route.
तथ्यों को मिलाना नहीं	Do not conflate the facts.
विचारों को मिलाना	Conflate the ideas.
दोनों को मिलाना है	The goal is to conflate both.
दस्तावेज़ की जांच करना	Scrutinize the document.
सबकी जांच करना	Scrutinize everyone.
विवरण की जांच करना	Scrutinize the details.
बुराई की निंदा करना	Denounce the evil.
झूठ की निंदा करना	Denounce the lie.
हिंसा की निंदा करना	Denounce the violence.
गलती की निंदा करना	Deprecate the mistake.
पुराने तौर की निंदा करना	Deprecate the old way.
व्यवहार की निंदा करना	Deprecate the behavior.
यह एक अपमान है	This is an insult.
अपमान करना गलत है	To disparage is wrong.
अपमान से बचें	Avoid disparage.
खबर फैलाना है	The goal is to disseminate news.
ज्ञान को फैलाना	Disseminate the knowledge.
सूचना को फैलाना	Disseminate the information.
इसे संपुटित करना है	The goal is to encapsulate this.
विचारों को संपुटित करना	Encapsulate the ideas.
मुख्य बात को संपुटित करना	Encapsulate the main point.
चीजों को गिनाओ	Enumerate the things.
नामों को गिनाओ	Enumerate the names.
कारणों को गिनाओ	Enumerate the reasons.
बुरी आदतों को त्यागना	Eschew bad habits.
अहंकार को त्यागना	Eschew ego.
झूठ को त्यागना	Eschew lies.
काम को शीघ्र करना	Expedite the work.
प्रक्रिया को शीघ्र करना	Expedite the process.
डिलीवरी को शीघ्र करना	Expedite the delivery.
समुद्र की थाह लेना	Fathom the depth of the sea.
बात की थाह लेना	Fathom the meaning of the words.
सच की थाह लेना	Fathom the truth.
उसे फँसाना गलत है	It
इन दो रंगों की तुलना करो।	Compare these two colors.
इसे वैध बनाना ज़रूरी है।	It is necessary to legitimize this.
कानून इसे वैध बनाना चाहता है।	The law wants to legitimize this.
इस गलती को कायम रखना गलत है।	It is wrong to perpetuate this mistake.
हम परंपरा को कायम रखना चाहते हैं।	We want to perpetuate the tradition.
अपनी बात को दोहराना बंद करो।	Stop repeating your point.
क्या आप इसे दोहराना चाहेंगे?	Would you like to reiterate this?
वे शर्त लगाना चाहते हैं।	They want to stipulate a condition.
हमें शर्त लगाना पड़ेगा।	We will have to stipulate a condition.
मेरा अनुमान सही था।	My surmise was correct.
वह एक गलत अनुमान लगा रहा है।	He is making a wrong surmise.
वह सीमाओं को पार करना चाहता है।	He wants to transcend the boundaries.
सच्चाई सब कुछ पार करना चाहती है।	Truth wants to transcend everything.
यह बात मुद्दे को अंडरस्कोर करती है।	This point underscores the issue.
कृपया मुख्य शब्दों को अंडरस्कोर करें।	Please underscore the main words.
समय सच की पुष्टि करना करेगा।	Time will vindicate the truth.
सबूत उसकी पुष्टि करना करेंगे।	The evidence will vindicate him.
यह एक दोधारी तलवार है।	This is a double-edged sword.
सफलता एक दोधारी तलवार है।	Success is a double-edged sword.
तकनीक एक दोधारी तलवार है।	Technology is a double-edge sword.
यही मामले की जड़ है।	This is the crux of the matter.
मामले की जड़ को समझो।	Understand the crux of the matter.
वह मामले की जड़ था।	That was the crux of the matter.
यह एक विवादास्पद मुद्दा है।	This is a moot point.
क्या यह एक विवादास्पद मुद्दा है?	Is this a moot point?
वह एक विवादास्पद मुद्दा बन गया।	It became a moot point.
लंबे समय में यह अच्छा है।	In the long run, this is good.
लंबे समय में हम जीतेंगे।	In the long run, we will win.
लंबे समय में फायदा होगा।	In the long run, there will be a benefit.
इसे सच के आलोक में देखो।	Look at this in light of truth.
के आलोक में फैसला लो।	Take the decision in light of.
हमने इसे कानून के आलोक में देखा।	We saw this in light of the law.
उसी टोकन से यह सही है।	By the same token, this is correct.
उसी टोकन से वह गलत है।	By the same token, that is wrong.
उसी टोकन से हम बदलेंगे।	By the same token, we will change.
वह अपनी नींद की कीमत पर पढ़ा।	He studied at the expense of his sleep.
यह मेरी खुशी की कीमत पर हुआ।	This happened at the expense of my happiness.
सफलता मेहनत की कीमत पर मिलती है।	Success comes at the expense of hard work.
इसे एक चुटकी नमक के साथ लें।	Take this with a pinch of salt.
उसकी बात एक चुटकी नमक के साथ लो।	Take his word with a pinch of salt.
सच्चाई एक चुटकी नमक के साथ पढ़ो।	Read the truth with a pinch of salt.
वह हार के कगार पर है।	He is on the verge of defeat.
हम जीत के कगार पर हैं।	We are on the verge of victory.
वह रोने के कगार पर थी।	She was on the verge of crying.
मुझे शैतान के वकील की भूमिका निभाने के लिए पसंद है।	I like to play devil's advocate.
क्या तुम शैतान के वकील की भूमिका निभाने के लिए तैयार हो?	Are you ready to play devil's advocate?
उसे शैतान के वकील की भूमिका निभाने के लिए पसंद है।	He likes to play devil's advocate.
हम एक ही पृष्ठ पर होना चाहते हैं।	We want to be on the same page.
क्या हम एक ही पृष्ठ पर होना चाहिए?	Should we be on the same page?
हमें एक ही पृष्ठ पर होना होगा।	We will have to be on the same page.
अब समय है गोली काटने के लिए।	Now is the time to bite the bullet.
तुम्हें गोली काटने के लिए होगा।	You will have to bite the bullet.
वह गोली काटने के लिए तैयार है।	He is ready to bite the bullet.
उसे आधी रात को तेल जलाने के लिए पड़ता है।	He has to burn the midnight oil.
परीक्षा के लिए आधी रात को तेल जलाने के लिए तैयार रहो।	Be ready to burn the midnight oil for the exam.
हमने आधी रात को तेल जलाने के लिए मेहनत की।	We worked hard to burn the midnight oil.
समय है रेखा खींचने के लिए।	It is time to draw the line.
कहाँ रेखा खींचने के लिए है?	Where is the line to draw?
तुम्हें यहाँ रेखा खींचने के लिए होगा।	You will have to draw the line here.
बच्चे पर नजर रखने के लिए जरूरी है।	It is necessary to keep an eye on the child.
मेरी नजर रखने के लिए मत करो।	Do not keep an eye on me.
उसने मेरी नजर रखने के लिए कोशिश की।	He tried to keep an eye on me.
बिल्ली को थैले से बाहर निकालने के लिए आसान नहीं है।	It is not easy to let the cat out of the bag.
उसने बिल्ली को थैले से बाहर निकालने के लिए गलती की।	He made a mistake to let the cat out of the bag.
क्या तुम बिल्ली को थैले से बाहर निकालने के लिए चाहोगे?	Would you like to let the cat out of the bag?
इसे मान लेना गलत है।	It is wrong to take it for granted.
मेरी मदद को इसे मान लेना मत।	Don't take my help
वह सच जानकर आँख मूँद लेना चाहता है।	He wants to turn a blind eye knowing the truth.
तुम अपनी गलतियों पर आँख मूँद लेना मत।	Do not turn a blind eye to your mistakes.
अब तुम बहुत पतली बर्फ पर होना शुरू हुए।	Now you have started to be on thin ice.
वह अपनी नौकरी में पतली बर्फ पर होना महसूस करता है।	He feels like he is on thin ice in his job.
यह घर एक हाथ और एक पैर खर्च करने के लिए है।	This house is to cost an arm and a leg.
नया फोन एक हाथ और एक पैर खर्च करने के लिए है।	A new phone is to cost an arm and a leg.
उसका अचानक हृदय परिवर्तन करना बहुत अजीब था।	His sudden change of heart was very strange.
क्या तुम अब हृदय परिवर्तन करना चाहते हो?	Do you want to have a change of heart now?
अपनी जीत के बाद वह चाँद के ऊपर होना लगा।	After his victory, he started to be over the moon.
बच्चे उपहार पाकर चाँद के ऊपर होना चाहते हैं।	The children want to be over the moon getting gifts.
हम इस बात पर आँख से आँख मिलाकर देखना चाहते हैं।	We want to see eye to eye on this matter.
वे कभी आँख से आँख मिलाकर देखना नहीं करते।	They never see eye to eye.
वह अब तक बाड़ पर बैठने के लिए तय है।	He is decided to sit on the fence until now.
तुम इतनी देर बाड़ पर बैठने के लिए क्यों हो?	Why are you to sit on the fence for so long?
क्या तुम आज फलियाँ बिखेरने के लिए तैयार हो?	Are you ready to spill the beans today?
उसने सारी फलियाँ बिखेरने के लिए कोशिश की।	He tried to spill the beans.
आज वह थोड़ा मौसम के अधीन होना महसूस कर रहा है।	Today he is feeling a bit under the weather.
बीमार होने से वह मौसम के अधीन होना लगा।	Being sick, he started to be under the weather.
हंसी ने यहाँ बर्फ तोड़ने के लिए काम किया।	Laughter worked to break the ice here.
हमें बातचीत से बर्फ तोड़ने के लिए चाहिए।	We need to break the ice with conversation.
तुम्हारी बात ने सिर पर कील ठोकने के लिए काम किया।	Your words worked to hit the nail on the head.
तुमने सच में सिर पर कील ठोकने के लिए कोशिश की।	You really tried to hit the nail on the head.
वह हमेशा किसी की टांग खींचना पसंद करता है।	He always likes to pull someone's leg.
निष्कर्षतः यह बहुत कठिन है	In conclusion, this is very difficult.
निष्कर्षतः वह सही था	In conclusion, he was right.
निष्कर्षतः हम हार गए	In conclusion, we lost.
संक्षेप में कहें तो वह आया	To sum up, he came.
संक्षेप में कहें तो यह गलत है	To sum up, this is wrong.
संक्षेप में कहें तो वह सो गया	To sum up, he fell asleep.
संतुलन पर यह ठीक है	On balance, this is okay.
संतुलन पर वह खुश है	On balance, he is happy.
संतुलन पर यह सही रहा	On balance, this remained correct.
संक्षेप में यह एक कहानी है	In essence, this is a story.
संक्षेप में वह एक दोस्त है	In essence, he is a friend.
संक्षेप में यह सच है	In essence, this is true.
इसके अलावा मुझे पानी चाहिए	In addition, I want water.
इसके अलावा वह यहाँ है	In addition, he is here.
इसके अलावा यह सरल है	In addition, this is simple.
इसके विपरीत वह बहुत लंबा है	In contrast, he is very tall.
इसके विपरीत यह काला है	In contrast, this is black.
इसके विपरीत वह चुप रहा	In contrast, he remained silent.
इसके विपरीत वह सच बोलता है	On the contrary, he speaks the truth.
इसके विपरीत यह काम नहीं करता	On the contrary, this does not work.
इसके विपरीत वह यहाँ नहीं है	On the contrary, he is not here.
दूसरे शब्दों में यह मुश्किल है	In other words, this is difficult.
दूसरे शब्दों में वह गलत था	In other words, he was wrong.
दूसरे शब्दों में हम जीत गए	In other words, we won.
उदाहरण के लिए यह देखो	For instance, look at this.
उदाहरण के लिए वह यहाँ है	For instance, he is here.
उदाहरण के लिए यह एक फल है	For instance, this is a fruit.
परिणामस्वरूप वह रोने लगा	As a result, he started crying.
परिणामस्वरूप हम देर से पहुँचे	As a result, we arrived late.
परिणामस्वरूप वह गिर गया	As a result, he fell.
पहले स्थान पर वह था	In the first place, he was there.
पहले स्थान पर यह बात थी	In the first place, this point was there.
पहले स्थान पर वह आया	In the first place, he came.
आरंभ करने के लिए एक गाना गाओ	To begin with, sing a song.
आरंभ करने के लिए हम बैठते हैं	To begin with, we sit.
आरंभ करने के लिए यह पढ़ो	To begin with, read this.
दूसरे स्थान पर वह खड़ा है	In the second place, he is standing.
दूसरे स्थान पर यह घर है	In the second place, this is the house.
दूसरे स्थान पर वह आया	In the second place, he came.
अंततः वह मान गया	Lastly, he agreed.
अंततः हम वहाँ पहुँचे	Lastly, we reached there.
अंततः यह काम पूरा हुआ	Lastly, this work was completed.
अंततः उसने सच बोला	Finally, he spoke the truth.
अंततः वह वापस आ गया	Finally, he came back.
अंततः यह दिन समाप्त हुआ	Finally, this day ended.
दूसरी बात वह आलसी है	Secondly, he is lazy.
दूसरी बात यह बहुत महंगा है	Secondly, this is very expensive.
दूसरी बात वह नहीं आया	Secondly, he did not come.
तीसरा विकल्प यह है	Thirdly, this is the option.
तीसरा कमरा बहुत बड़ा है	Thirdly, the room is very big.
तीसरा लड़का यहाँ है	Thirdly, the boy is here.
बदले में मैंने उसे दिया	In turn, I gave it to him.
बदले में उसने क्या कहा	In turn, what did he say?
बदले में वह यहाँ आया	In turn, he came here.
इसके विपरीत वह छोटा है	By contrast, he is small.
इसके विपरीत यह सस्ता है	By contrast, this is cheap.
इसके विपरीत वह सो गया	By contrast, he fell asleep.
तुलना में यह बेहतर है	In comparison, this is better.
तुलना में वह अधिक लंबा है	In comparison, he is taller.
तुलना में यह अधिक सरल है	In comparison, this is simpler.
एक ओर वह हँस रहा है	On the one hand, he is laughing.
एक ओर पानी गिर रहा है	On the one hand, water is falling.
एक ओर वह खड़ा था	On the one hand, he was standing.
दूसरी ओर वह रो रहा है	On the other hand, he is crying.
दूसरी ओर एक घर है	On
चाय के इसके बजाय पानी पिएँ।	Drink water instead of tea.
इसके बजाय हम कल चलेंगे।	Instead, we will go tomorrow.
वैकल्पिक रूप से आप बस ले सकते हैं।	Alternatively, you can take the bus.
वैकल्पिक रूप से इसे यहाँ रखें।	Alternatively, keep it here.
उसने झूठ बोला और फलस्वरूप हार गया।	He lied and consequently lost.
गलती हुई और फलस्वरूप देर हो गई।	A mistake happened and consequently it got late.
इस प्रकार काम पूरा हुआ।	Thus, the work was completed.
इस प्रकार वह सफल हुआ।	Thus, he became successful.
उसने मेहनत की और इस प्रकार जीता।	He worked hard and thereby won.
उसने सच कहा और इस प्रकार बचा।	He spoke the truth and thereby survived.
पहले नाश्ता करो उसके बाद जाओ।	First have breakfast, thereafter go.
वह आया और उसके बाद गया।	He came and thereafter left.
उसने वादा किया और उसके बाद चुप रहा।	He promised and thereupon remained silent.
बारिश हुई और उसके बाद धूप निकली।	It rained and thereupon the sun came out.
वह विशेष रूप से यहाँ आया है।	He has come here notably.
यह शहर विशेष रूप से सुंदर है।	This city is notably beautiful.
हम मुख्य रूप से फल खाते हैं।	We eat chiefly fruits.
यह तर्क अकाट्य है।	This argument is irrefutable.
उसका प्रमाण अकाट्य था।	His proof was irrefutable.
सत्य अकाट्य होता है।	Truth is irrefutable.
उनका रिश्ता बहुत कमज़ोर है।	Their relationship is very tenuous.
यह एक कमज़ोर कड़ी है।	This is a tenuous link.
सबूत बहुत कमज़ोर थे।	The evidence was very tenuous.
मुख्य बिंदु प्रमुख हैं।	The main points are salient.
उसकी प्रमुख विशेषता क्या है?	What is his salient feature?
यह एक अंतर्निहित जोखिम है।	This is an inherent risk.
शक्ति अंतर्निहित होती है।	Power is inherent.
यह अंतर्निहित गुण है।	This is an inherent quality.
ईश्वर सर्वव्यापी है।	God is ubiquitous.
यह भावना सर्वव्यापी है।	This feeling is ubiquitous.
डिजिटल तकनीक सर्वव्यापी है।	Digital technology is ubiquitous.
यह एक निर्णायक मोड़ था।	This was a pivotal turn.
उसका निर्णय निर्णायक रहा।	His decision was pivotal.
यह एक निर्णायक क्षण है।	This is a pivotal moment.
शिक्षा सर्वोपरि है।	Education is paramount.
स्वास्थ्य सर्वोपरि होता है।	Health is paramount.
सुरक्षा सर्वोपरि है।	Safety is paramount.
अंतर बहुत नगण्य है।	The difference is negligible.
नुकसान नगण्य था।	The loss was negligible.
यह एक नगण्य राशि है।	This is a negligible amount.
यह योजना व्यवहार्य नहीं है।	This plan is not viable.
एक व्यवहार्य विकल्प खोजो।	Find a viable alternative.
क्या यह मार्ग व्यवहार्य है?	Is this route viable?
वह बहुत चतुर लड़का है।	He is a very astute boy.
उसका चतुर निर्णय काम आया।	His astute decision helped.
वह एक चतुर व्यापारी है।	He is an astute trader.
उसका तर्क ठोस था।	His argument was cogent.
यह एक ठोस आधार है।	This is a cogent basis.
काँच अपारदर्शी हो गया।	The glass became opaque.
यह एक अपारदर्शी दीवार है।	This is an opaque wall.
पानी अपारदर्शी नहीं है।	The water is not opaque.
यह एक व्यापक समस्या है।	This is a pervasive problem.
वहाँ व्यापक प्रभाव दिखा।	A pervasive effect was seen there.
यह व्यापक बदलाव है।	This is a pervasive change.
वह एक विपुल लेखक है।	He is a prolific writer.
यहाँ विपुल मात्रा में अनाज है।	There is a prolific amount of grain here.
उसकी विपुल जानकारी अद्भुत है।	His prolific knowledge is amazing.
यह शब्द अनावश्यक है।	This word is redundant.
अनावश्यक खर्च मत करो।	Do not make redundant expenses.
यह जानकारी अनावश्यक थी।	This information was redundant.
वह बहुत लचीला है।	He is very resilient.
यह एक लचीला ढांचा है।	This is a resilient structure.
उसका स्वभाव लचीला है।	His nature is resilient.
यह एक मजबूत दीवार है।	This is a robust wall.
हमें मजबूत सिस्टम चाहिए।	We need a robust system.
उसका स्वास्थ्य बहुत मजबूत है।	His health is very robust.
वह फाइलों की जाँच करना चाहता है।	He wants to scrutinize the files.
मैं विवरण की जाँच करना शुरू करता हूँ।	I start scrutinizing the details.
वह हर बात की जाँच करना पसंद करता है।	He likes scrutin지는 every point.
यह एक मूर्त उदाहरण है।	This is a tangible example.
हमें मूर्त लाभ चाहिए।	We want tangible benefits.
यह एक मूर्त संपत्ति है।	This is a tangible asset.
प्यार एक अमूर्त भावना है।	Love is an intangible emotion.
यह एक अमूर्त विचार है।	This is an intangible idea.
अमूर्त कला सुंदर होती है।	Abstract art is beautiful.
यह पारदर्शी पर्दा है।	This is a transparent curtain.
प्रक्रिया पारदर्शी होनी चाहिए।	The process should be transparent.
काँच पारदर्शी होता है।	Glass is transparent.
वह एक वैभवशाली महल है।	That is an opulent palace.
उनका जीवन वैभवशाली था।	Their life was opulent.
यह एक वैभवशाली अनुभव है।	This is an opulent experience.
वह एक तपस्वी व्यक्ति है।	He is an austere man.
उनका जीवन तपस्वी था।	His life was austere.
यह एक तपस्वी जीवन है।	This is an austere life.
वह बहुत सूक्ष्म विवरण देता है।	He
वह बहुत नकचढ़ा है।	He is very fastidious.
मेरा बॉस काफी नकचढ़ा है।	My boss is quite fastidious.
वह आदमी बेईमान है।	That man is unscrupulous.
बेईमान लोगों से बचो।	Avoid unscrupulous people.
यह सच निर्विवाद है।	This truth is incontrovertible.
यह तथ्य निर्विवाद है।	This fact is incontrovertible.
उसका रिकॉर्ड बेदाग है।	His record is impeccable.
उसकी छवि बेदाग है।	Her image is impeccable.
वह एक बुद्धिमान व्यक्ति है।	He is a sagacious person.
बुद्धिमान लोग शांत रहते हैं।	Sagacious people stay quiet.
वह काम में निपुण है।	He is adroit in work.
वह एक निपुण कलाकार है।	She is an adroit artist.
हमेशा चौकस रहना चाहिए।	One should always be circumspect.
वह बहुत चौकस है।	He is very circumspect.
इस बात का निहितार्थ क्या है?	What is the implication of this?
निहितार्थ को समझना कठिन है।	It is difficult to understand the implication.
इसका निहितार्थ स्पष्ट नहीं है।	Its implication is not clear.
इस योजना की व्यवहार्यता कम है।	The feasibility of this plan is low.
व्यवहार्यता की जांच करें।	Check the feasibility.
हमें व्यवहार्यता देखनी होगी।	We will have to see the feasibility.
स्थिरता बहुत महत्वपूर्ण है।	Sustainability is very important.
पर्यावरण की स्थिरता आवश्यक है।	Environmental sustainability is necessary.
स्थिरता के लिए काम करें।	Work for sustainability.
बीमारी की व्यापकता बढ़ रही है।	The prevalence of the disease is increasing.
व्यापकता का आंकलन करें।	Assess the prevalence.
यहाँ व्यापकता अधिक है।	The prevalence is high here.
इस विसंगति को दूर करें।	Remove this discrepancy.
डेटा में एक विसंगति है।	There is a discrepancy in the data.
यह एक बड़ी विसंगति है।	This is a big discrepancy.
विचारों में सुसंगति होनी चाहिए।	There should be coherence in thoughts.
सुसंगति की कमी है।	There is a lack of coherence.
इस सुसंगति को बनाए रखें।	Maintain this coherence.
इस दस्तावेज़ की वैधता क्या है?	What is the validity of this document?
वैधता की जांच करें।	Check the validity.
इसकी वैधता समाप्त हो गई।	Its validity has expired.
इस स्रोत की विश्वसनीयता कम है।	The reliability of this source is low.
विश्वसनीयता बहुत जरूरी है।	Reliability is very important.
उसकी विश्वसनीयता अच्छी है।	His reliability is good.
इस घटना का परिमाण बड़ा था।	The magnitude of this event was large.
परिमाण को मापें।	Measure the magnitude.
परिमाण बहुत अधिक था।	The magnitude was very high.
यह उसकी प्रवृत्ति है।	This is his propensity.
इस प्रवृत्ति को बदलें।	Change this propensity.
उसकी प्रवृत्ति शांत है।	His propensity is calm.
यह केवल एक अनुमान है।	This is just a conjecture.
आपका अनुमान सही है।	Your conjecture is correct.
इस अनुमान पर विचार करें।	Consider this conjecture.
यह एक पुरानी अभिधारणा है।	This is an old postulation.
अभिधारणा को स्पष्ट करें।	Clarify the postulation.
अभिधारणा सही साबित हुई।	The postulation proved correct.
यह मुख्य कसौटी है।	This is the main criterion.
कसौटी क्या है?	What is the criterion?
नई कसौटी लागू करें।	Apply the new criterion.
यह एक नया प्रतिमान है।	This is a new paradigm.
प्रतिमान को समझें।	Understand the paradigm.
प्रतिमान बदल रहा है।	The paradigm is changing.
हठधर्मिता अच्छी बात नहीं है।	Dogma is not a good thing.
उसकी हठधर्मिता बढ़ गई है।	His dogma has increased.
हठधर्मिता को छोड़ें।	Leave the dogma.
उनका आधिपत्य समाप्त हुआ।	Their hegemony ended.
आधिपत्य स्थापित करना कठिन है।	It is difficult to establish hegemony.
यह एक सांस्कृतिक आधिपत्य है।	This is a cultural hegemony.
सरकार ने सब्सिडी दी।	The government gave a subsidy.
सब्सिडी का लाभ लें।	Take advantage of the subsidy.
सब्सिडी कितनी है?	How much is the subsidy?
टैरिफ बहुत अधिक है।	The tariff is very high.
टैरिफ कम करें।	Reduce the tariff.
नया टैरिफ लागू हुआ।	A new tariff was implemented.
कोटा भर गया है।	The quota is full.
कोटा निर्धारित करें।	Determine the quota.
उसका कोटा कम है।	His quota is low.
बुनियादी ढांचा पुराना है।	The infrastructure is old.
बुनियादी ढांचा सुधारें।	Improve the infrastructure.
बुनियादी ढांचा मजबूत है।	The infrastructure is strong.
जनसांख्यिकी बदल रही है।	Demographics are changing.
जनसांख्यिकी का अध्ययन करें।	Study the demographics.
यहाँ की जनसांख्यिकी अलग है।	The demographics here are different.
संसाधनों का आवंटन करें।	Allocate the resources.
आवंटन सही नहीं था।	The allocation was not correct.
बजट का आवंटन करें।	Allocate the budget.
उसे पूरा श्रेय मिला।	He got full attribution.
श्रेय किसे दें?	Who to give attribution to?
यह श्रेय आपका है।	This attribution is yours.
इसकी पुष्टि करें।	Confirm this.
इस दस्तावेज़ की प्रामाणिकता जाँचें।	Check the authenticity of this document.
उसकी बातों में प्रामाणिकता है।	There is authenticity in his words.
सत्यापन के लिए आधार कार्ड लाएँ।	Bring the Aadhaar card for verification.
सत्यापन की प्रक्रिया पूरी हुई।	The verification process is complete.
इस निर्णय का तर्क क्या है?	What is the rationale for this decision?
वेतन में कटौती हुई है।	There has been a deduction in salary.
इस कटौती का कारण क्या है?	What is the reason for this deduction?
सबकी सर्वसम्मति से निर्णय लिया गया।	The decision was taken by consensus.
सर्वसम्मति बनाना कठिन था।	It was difficult to build a consensus.
डेटा में थोड़ा विचलन है।	There is a slight divergence in the data.
यह विचलन सामान्य है।	This divergence is normal.
विचारों का अभिसरण आवश्यक है।	Convergence of ideas is necessary.
दो नदियों का अभिसरण यहाँ है।	The convergence of two rivers is here.
इस मामले की पेचीदगी बहुत है।	There is much intricacy in this matter.
वह इस पेचीदगी को समझता है।	He understands this intricacy.
भाषा की बारीकियाँ समझना कठिन है।	It is difficult to understand the nuances of the language.
इन बारीकियाँ पर ध्यान दें।	Pay attention to these nuances.
यह क्रोध की अभिव्यक्ति है।	This is a manifestation of anger.
उसकी अभिव्यक्ति स्पष्ट थी।	His manifestation was clear.
यह संघर्ष की परिणति थी।	This was the culmination of the struggle.
कड़ी मेहनत की परिणति सफलता है।	The culmination of hard work is success.
