যা।	Go.
যাও।	Go.
যান।	Go.
কে?	Who?
বাহ!	Wow!
থাম!	Stop!
পালাও!	Run!
পালান!	Run!
আগুন!	Fire!
থামো!	Stop!
থামুন!	Stop!
ওঠো।	Get up.
শোন।	Listen.
বাঁচাও!	Help!
বাঁচান!	Help!
উঠুন।	Get up.
আমি।	It's me.
কী?	Say what?
বস!	Sit down!
বস।	Sit down.
হ্যালো!	Hello!
বুঝলাম।	I see.
ধরেছি!	Got it!
শুনুন।	Listen.
সত্যি?	Really?
বেরও।	Get out.
বেরো।	Get out.
এলাম!	Goodbye!
আমিও।	Me, too.
বসো!	Sit down!
বসো।	Sit down.
ঝাঁপ দাও।	Jump.
নমস্কার!	Hello!
আক্রমণ!	Attack!
বুঝেছো?	Got it?
ছাড়।	Leave it.
বসুন!	Sit down!
বসুন।	Sit down.
ও কে?	Who's he?
বুঝেছেন?	Got it?
বুঝেছিস?	Got it?
তাই নাক?	Really?
ধন্যবাদ!	Thanks!
ধন্যবাদ।	Thanks.
বিদায়।	Goodbye!
আমি টম।	I'm Tom.
এটা নে।	Take it.
স্বাগত।	Welcome.
ছাড়ো।	Leave it.
দারুন!	Terrific!
সে কে?	Who's he?
দেখে!	Watch out!
একটু হাসো।	Smile.
আমি জানি।	I know.
আমিই কেন?	Why me?
চলে যাও!	Go away!
চলে যান।	Go away!
চলে যাও।	Go away.
ওটা রাখ।	Keep it.
এটা নিন।	Take it.
এটা নাও।	Take it.
টম জিতল।	Tom won.
স্বাগতম।	Welcome.
কে জিতল?	Who won?
কেন নয়?	Why not?
চুপ কর।	Be quiet.
যেও না।	Don't go.
যাস না।	Don't go.
মজা কর।	Have fun.
ও বললো।	He spoke.
ছাড়ুন।	Leave it.
দাঁড়া!	Stand up!
দাঁড়া।	Stand up.
টম এলো।	Tom came.
কি মজা!	What fun!
কে এলো?	Who came?
উনি কে?	Who's he?
তাহলে?	Then what?
একদম!	Definitely!
ছাড়!	Never mind!
একটু হাসুন।	Smile.
বুঝে গেছি!	Got it!
ও দৌড়ালো।	He ran.
চেখে দেখো।	Try it.
টমকে আনো।	Get Tom.
টমকে ধরো।	Get Tom.
বাড়ি যা।	Go home.
আস্তে যা।	Go slow.
টমকে মার।	Hit Tom.
আমি একমত।	I agree.
ওটা রাখো।	Keep it.
একদম ঠিক!	Perfect!
আমাকে বল।	Tell me.
চুপ করো।	Be quiet.
সে বললো।	He spoke.
আমি অলস।	I'm lazy.
আমি ধনী।	I'm rich.
চলো যাই!	Let's go!
চলো যাই।	Let's go.
জোরে বল!	Speak up!
দাঁড়াও!	Stand up!
দাঁড়ান!	Stand up!
দাঁড়াও।	Stand up.
দাঁড়ান।	Stand up.
তিনি কে?	Who's he?
নিশ্চই!	Of course!
অবশ্যই!	Of course!
নিশ্চই।	Of course.
অবশ্যই।	Of course.
কি খবর?	What's up?
ছাড়ো!	Never mind!
চেখে দেখুন।	Try it.
আমাকে ডেক।	Call me.
ভেতরে আসো।	Come in.
টমকে ডাকো।	Get Tom.
টমকে আনুন।	Get Tom.
টমকে ধরুন।	Get Tom.
বাড়ি যাও।	Go home.
বাড়ি যান।	Go home.
আস্তে যান।	Go slow.
আস্তে যাও।	Go slow.
ও এসেছিলো।	He came.
এ দৌড়ায়।	He runs.
ও দৌড়ায়।	He runs.
টমকে মারো।	Hit Tom.
আমি লাজুক।	I'm shy.
ওটা রাখুন।	Keep it.
আমাকে বলো।	Tell me.
টম দৌড়াল।	Tom ran.
সুস্বাগতম।	Welcome.
কে দৌড়াল?	Who ran?
চুপ করুন।	Be quiet.
শান্ত হও!	Cool off!
যাবেন না।	Don't go.
আনন্দ কর।	Have fun.
মজা করুন।	Have fun.
আমি গরিব।	I'm poor.
এটা নতুন।	It's new.
এখানে বস।	Sit here.
জোরে বলো!	Speak up!
টমকে বলো।	Tell Tom.
টম জানতো।	Tom knew.
কি জন্যে?	What for?
কি কারনে?	What for?
কে পড়লো?	Who fell?
শক্ত হও।	Be strong.
আমি ঠিক।	I'm right.
আমি তোর।	I'm yours.
কী বললে?	Pardon me?
ও হাঁটে।	She walks.
টম জানে।	Tom knows.
সাবধানে!	Watch out!
এসো না।	Don't come.
সরো না!	Don't move!
গাও না।	Don't sing.
গাস না।	Don't sing.
গান না।	Don't sing.
চুপ কর!	Keep quiet!
ওটা টম।	That's Tom.
টম মৃত।	Tom's dead.
টম আহত।	Tom's hurt.
ওটা কে?	Who's that?
আমি ঠিক আছি।	I'm OK.
কোন মতেই না!	No way!
ভেতরে আসুন।	Come in.
টমকে ডাকুন।	Get Tom.
সে এসেছিলো।	He came.
ইনি দৌড়ান।	He runs.
সে দৌড়ায়।	He runs.
উনি দৌড়ান।	He runs.
টমকে মারুন।	Hit Tom.
আমাকে দেখা।	Show me.
আমাকে বলুন।	Tell me.
টম খেয়েছে।	Tom ate.
কে খেয়েছে?	Who ate?
কে জিতেছিল?	Who won?
তুমি জিতলে।	You won.
উনি বললেন।	He spoke.
কতটা গভীর?	How deep?
এখানে বসো।	Sit here.
টমকে বলুন।	Tell Tom.
ওরা জিতলো।	They won.
টম কাঁদলো।	Tom wept.
আমরা একমত।	We agree.
আমরা যাবো।	We'll go.
শান্ত হও।	Calm down.
ফিরে আসো।	Come back.
কেঁদো না।	Don't cry.
আমি যাবো।	I will go.
আমি ডাকব।	I'll call.
আমি গাবো।	I'll sing.
আমি তৈরি।	I'm ready.
আমিই ঠিক।	I'm right.
এখন ৭:৪৫।	It's 7:45.
এটা আমার।	It's mine.
নিশ্চয়ই।	Of course.
কী বললেন?	Pardon me?
সে হাঁটে।	She walks.
ওখানে বস।	Sit there.
টম হাঁটে।	Tom walks.
টম লাজুক।	Tom's shy.
সাবধানে।	Be careful.
আসিস না।	Don't come.
দেখো না!	Don't look.
সরেন না!	Don't move!
সরিস না!	Don't move!
থামো না।	Don't stop.
উনি বেশ।	He is nice.
চুপ করো!	Keep quiet!
সরে যান।	Step aside.
সরে যাও।	Step aside.
সেটা টম।	That's Tom.
টম বধির।	Tom's deaf.
কে ছিলো?	Who was it?
সে একা।	He is alone.
ওটা কী?	What's that?
এটা কী?	What's this?
তুই কে?	Who are you?
আমাকে ডাকিস।	Call me.
আমাদের ডেকো।	Call us.
তিনি দৌড়ান।	He runs.
আমাকে দেখান।	Show me.
আমাকে দেখাও।	Show me.
টম খেয়েছিল।	Tom ate.
টম দৌড়েছিল।	Tom ran.
ঘুম থেকে ওঠ।	Wake up.
কে খেয়েছিল?	Who ate?
কে খেয়েছেন?	Who ate?
কে দৌড়েছিল?	Who ran?
কে দৌড়ালেন?	Who ran?
তুমি দৌড়াও।	You run.
আপনি দৌড়ান।	You run.
আপনি জিতলেন।	You won.
টমকে খোঁজো।	Find Tom.
আনন্দ করুন।	Have fun.
তিনি বললেন।	He spoke.
আমি বুঝেছি।	I got it.
আমি থাকলাম।	I stayed.
আমি ব্যস্ত।	I'm busy.
আমি কুঁড়ে।	I'm lazy.
আমি বড়লোক।	I'm rich.
আমি অসুস্থ।	I'm sick.
যাওয়া যাক!	Let's go!
যাওয়া যাক।	Let's go.
এখানে বসেন।	Sit here.
টমকে থামান।	Stop Tom.
টমকে থামাও।	Stop Tom.
টমকে আটকাও।	Stop Tom.
টমকে আটকান।	Stop Tom.
তারা জিতলো।	They won.
টম এসেছিলো।	Tom came.
কে এসেছিলো?	Who came?
উত্তর দিন।	Answer me.
উত্তর দাও।	Answer me.
পাখি ওড়ে।	Birds fly.
শান্ত হোন।	Calm down.
ফিরে আসেন।	Come back.
ফিরে আসিস।	Come back.
এখানে আসো।	Come here.
ভেতরে যান।	Go inside.
ভেতরে যাও।	Go inside.
কি অদ্ভুত!	How weird!
আমি হাটবো।	I'll walk.
আমি তোমার।	I'm yours.
আমি আপনার।	I'm yours.
ওখানে বসো।	Sit there.
সেখানে বস।	Sit there.
এখানে থাম।	Stop here.
টম চালালো।	Tom drove.
আবার এসো।	Come again.
জলদি আসো!	Come quick!
আসবেন না।	Don't come.
লাফাও না!	Don't jump!
লাফান না!	Don't jump!
লাফাস না!	Don't jump!
দেখেন না!	Don't look.
দেখিস না!	Don't look.
থামেন না।	Don't stop.
থামিস না।	Don't stop.
আমি আসছি।	I'm coming.
তাই বুঝি?	Is that so?
আর একবার।	Once again.
ও হাঁসলো।	She smiled.
সময় শেষ।	Time is up.
টম নাচলো।	Tom danced.
টম হাসলো।	Tom smiled.
টম এখানে।	Tom's here.
এটা দেখো।	Watch this.
আবার কর!	Do it again!
আমিও ১৭।	I'm 17, too.
টমই ঠিক।	Tom's right.
সেটা কী?	What's that?
আপনি কে?	Who are you?
তুমি কে?	Who are you?
এটা কার?	Whose is it?
আমি চেষ্টা করি।	I try.
আমার জানা আছে।	I know.
আমি হেরে গেছি।	I lost.
আমাকে ডাকবেন।	Call me.
আমাদের ডাকিস।	Call us.
উনি এসেছিলেন।	He came.
তোমরা দৌড়াও।	You run.
টমকে খোঁজেন।	Find Tom.
টমকে খুঁজিস।	Find Tom.
তাঁরা জিতলো।	They won.
এখানে আসেন।	Come here.
এখানে আসিস।	Come here.
এখানে আসুন!	Come here.
এটা আমাদের।	It's ours.
টমকে ছাড়ো।	Leave Tom.
উপরে দেখুন।	See above.
নীচে দেখুন।	See below.
উনি হাঁটেন।	She walks.
ওখানে বসুন।	Sit there.
সেখানে বসো।	Sit there.
চিকন থাকুন।	Stay thin.
এখানে থামো।	Stop here.
টম কথা বলল।	Tom spoke.
আমরাই জিতব।	We'll win.
আমরা জিতবই।	We'll win.
আমরা লাজুক।	We're shy.
তুমি চালাও।	You drive.
খাবার আনো।	Bring food.
জলদি আসেন!	Come quick!
জলদি আসিস!	Come quick!
ওকে ছাড়ো।	Forget him.
ভগবান আছে।	God exists.
আমি ভেতরে।	I'm inside.
শহর ছাড়ো!	Leave town.
হাঁটা যাক।	Let's walk.
সে হাঁসলো।	She smiled.
টম চালায়।	Tom drives.
টম অসুস্থ।	Tom's sick.
এটা দেখুন।	Watch this.
আমরা কারা?	Who are we?
অার কিছু?	Is that all?
ওটা আমার।	That's mine.
টম কাশলো।	Tom coughed.
আমরা জমজ।	We're twins.
ভুত আছে।	Ghosts exist.
টম আসছে।	Tom's coming.
কী সাহস!	What a nerve!
কী হোল?	What happened?
আমরা জিতে গেছে।	We won.
আমাদের ডাকবেন।	Call us.
তিনি এসেছিলেন।	He came.
আমি ভিজে গেছি।	I'm wet.
ঘুম থেকে উঠুন।	Wake up.
কে খেয়েছিলেন?	Who ate?
কে দৌড়েছিলেন?	Who ran?
আপনারা দৌড়ান।	You run.
টমকে ফোন করো।	Call Tom.
যা এখান থেকে!	Get lost!
ও চেষ্টা করে।	He tries.
আমি এসে গেছি।	I'm back.
আমি ভালো আছি।	I'm well.
ওনারা জিতলেন।	They won.
টম মারা গেছে।	Tom died.
টম মারা গেলো।	Tom died.
টম হেরে গেলো।	Tom lost.
আমি কথা বলব।	I'll talk.
ক্ষমা করবেন।	I'm sorry.
আমি ক্লান্ত।	I'm tired.
টমকে ছাড়ুন।	Leave Tom.
তিনি হাঁটেন।	She walks.
সেখানে বসুন।	Sit there.
আস্তে চালান।	Slow down.
এখন শুরু কর।	Start now.
এখানে থামেন।	Stop here.
টম ভোট দিলো।	Tom voted.
আমরা দেখেছি।	We saw it.
আপনিই চালান।	You drive.
খাবার আনেন।	Bring food.
আবার আসবেন।	Come again.
কথা বোল না!	Don't talk!
কথা বোল না।	Don't talk.
ওকে ছাড়ুন।	Forget him.
তাকে ছাড়ো।	Forget him.
শুভ রাত্রি।	Good night.
আমি শুনেছি।	I heard it.
আমি চালাবো।	I'll drive.
আমি খাচ্ছি।	I'm eating.
টম চেঁচালো।	Tom yelled.
আমরা এখানে।	We're here.
হয়ে গেছে?	Are we done?
আবার করুন!	Do it again!
আমি নাচছি।	I'm dancing.
আমি সুস্থ।	I'm healthy.
আমি টম নই।	I'm not Tom.
আমি পড়ছি।	I'm reading.
টম ব্যস্ত।	Tom is busy.
টম হাঁসলো।	Tom laughed.
কেউ আছেন?	Anybody here?
সুপ্রভাত।	Good morning.
ও খাচ্ছে।	He is eating.
আমি বুঝি।	I understand.
খুব নিচু।	It's too low.
এটা সত্য।	This is true.
টম শুনলো।	Tom listened.
আমরা আরব।	We are Arabs.
ওরা কারা?	Who are they?
কে এসেছে?	Who has come?
কে ওখানে?	Who is there?
আপনি ধনী।	You are rich.
তুমি ধনী।	You are rich.
আর কিছু?	Anything else?
আমরা হেরে গেছি।	We lost.
টমকে ফোন করুন।	Call Tom.
যাও এখান থেকে!	Get lost!
যান এখান থেকে!	Get lost!
সে চেষ্টা করে।	He tries.
তাড়াতাড়ি কর।	Hurry up.
আমি যেতে পারি।	I can go.
আমি ভুলে গেছি।	I forgot.
আমি বুঝে গেছি।	I got it.
আমার শীত করছে।	I'm cold.
আমি জিতে গেছি।	I've won.
টমকে চুমু করো।	Kiss Tom.
টম মিথ্যে বলে।	Tom lies.
আরও চেষ্টা কর।	Try hard.
কে কে এসেছিলো?	Who came?
আমার এটা চাই।	I want it.
আমি জেগে আছি।	I'm awake.
আমি পরিষ্কার।	I'm clean.
এখন শুরু করো।	Start now.
বাঁদিকে ঘোরো।	Turn left.
কথা বলিস না!	Don't talk!
কথা বলিস না।	Don't talk.
ওনাকে ছাড়ো।	Forget him.
তাকে ছাড়ুন।	Forget him.
আস্থা রাখুন।	Have faith.
কথা বলা যাক।	Let's talk.
ওইদিকে দেখো।	Look there.
ও, তাই নাকি?	Oh, really?
উনি হাঁসলেন।	She smiled.
ওখানেই থাকো।	Stay there.
ওখানেই থামো।	Stop there.
এটা কাজ করে।	This works.
টম লাফ দিলো।	Tom jumped.
টম নাক ডাকে।	Tom snores.
দাঁড়াও না।	Don't stand.
দাঁড়াস না।	Don't stand.
দাঁড়ান না।	Don't stand.
টম ক্লান্ত।	Tom's tired.
আমরা নাচবো।	We'll dance.
বাইরে আসো।	Come outside.
সে খাচ্ছে।	He is eating.
আমি লড়বো।	I will fight.
টম কাঁদছে।	Tom's crying.
আমরা আসছি।	We're coming.
কে চালাবে?	Who'll drive?
কিছু খান।	Eat something.
কিছু খাও।	Eat something.
ফুল ফোটে।	Flowers bloom.
এক মিনিট।	Just a minute.
তারা ছোট।	They're small.
টম ভেতরে।	Tom is inside.
এটা শোন!	Listen to this!
আমার ১৯ বছর বয়স।	I'm 19.
তাড়াতাড়ি করো।	Hurry up.
আমি থেকে গেলাম।	I stayed.
আমি ফিরে এসেছি।	I'm back.
টমকে চুমু করুন।	Kiss Tom.
আমাকে চেড়ে দে।	Leave me.
আরও চেষ্টা করো।	Try hard.
এটা ব্যবহার কর।	Use this.
এখানে সই করুন।	Sign here.
এখন শুরু করেন।	Start now.
এখানে দাঁড়ান।	Stay here.
এখানে দাঁড়াও।	Stay here.
তাহলে আবার কী?	Then what?
টম চেষ্টা করে।	Tom tries.
বাঁদিকে ঘুরুন।	Turn left.
কথা বলবেন না!	Don't talk!
কথা বলবেন না।	Don't talk.
ওনাকে ছাড়ুন।	Forget him.
আমি মাংস খাই।	I eat meat.
আমার বরফ চাই।	I need ice.
আমি চেঁচালাম।	I screamed.
আমি দাঁড়াবো।	I'll stand.
আমি এর পক্ষে।	I'm for it.
গল্প করা যাক।	Let's chat.
ওইদিকে দেখুন।	Look there.
তিনি হাঁসলেন।	She smiled.
ওখানেই থাকুন।	Stay there.
ওখানেই থামুন।	Stop there.
টম ওটা দেখলো।	Tom saw it.
টম এটা দেখলো।	Tom saw it.
টম চোখ মারলো।	Tom winked.
টম হাই তুললো।	Tom yawned.
ডানদিকে ঘোরো।	Turn right.
কার কাছে আছে?	Who has it?
ও আসতে পারে।	He can come.
তিনি এসেছেন!	He has come!
আমি চেঁচাবো।	I'll scream.
আমি বিবাহিত।	I'm married.
সরে দাঁড়াও।	Stand aside.
ওরা চেঁচালো।	They yelled.
টম একলা আছে।	Tom's alone.
আস্তে হাঁটো।	Walk slowly.
আমরা যাচ্ছি।	We're going.
বাইরে আসুন।	Come outside.
টম বিখ্যাত।	Tom's famous.
অবিশ্বাস্য!	Unbelievable!
আমরা ভেতরে।	We're inside.
ওনারা কারা?	Who are they?
ঐখানে যান।	Go over there.
ঐখানে যাও।	Go over there.
আমি কাশছি।	I am coughing.
আজ শনিবার।	It's Saturday.
এটা জাপান।	This is Japan.
টম বয়স্ক।	Tom's elderly.
টম অদ্ভুত।	Tom's strange.
কি চিৎকার!	What a scream!
কে নিখোঁজ?	Who's missing?
টম বাইরে।	Tom is outside.
টম বুঝলো।	Tom understood.
এটা ভুল।	It's just wrong.
নুন নেই।	There's no salt.
টম কৃষক।	Tom is a farmer.
ওটা কত?	How much is that?
এটা কত?	How much is this?
দাম কত?	What's the price?
টমকে জিজ্ঞাসা কর।	Ask Tom.
আমি চেষ্টা করেছি।	I tried.
উনি চেষ্টা করেন।	He tries.
তাড়াতাড়ি করুন।	Hurry up.
আমাকে চেড়ে দাও।	Leave me.
আমাকে চেড়ে দিন।	Leave me.
আমাদের চেড়ে দে।	Leave us.
আরও চেষ্টা করুন।	Try hard.
এটা ব্যবহার করো।	Use this.
আমি উড়তে পারি।	I can fly.
দেরী হয়ে গেছে।	It's late.
টমের কথা ছাড়ো।	Leave Tom.
আমাকে যেতে দাও!	Let me go!
নিজের যত্ন নিও!	Take care!
টম চেষ্টা করলো।	Tom tried.
আমরা অসফল হলাম।	We failed.
পাখি গান গায়।	Birds sing.
ভর্তি করে দিন।	Fill it up.
টমের পিছু নিন।	Follow Tom.
টমের পিছু নাও।	Follow Tom.
টমকে ভুলে যাও।	Forget Tom.
টমকে ভুলে যান।	Forget Tom.
আমি এখানে খাই।	I eat here.
আমার একটা আছে।	I have one.
আমি তোকে চিনি।	I know you.
আমি শুরু করবো।	I'll start.
আমি ভেতরে আছি।	I'm inside.
আমি একদম পাগল।	I'm so mad.
এখানে শুরু কর।	Start here.
টম সেটা দেখলো।	Tom saw it.
টম আহত হয়েছে।	Tom's hurt.
ডানদিকে ঘুরুন।	Turn right.
আমরা গান করবো।	We'll sing.
আমরা কাজ করবো।	We'll work.
তুমি ডেকেছিলে?	You called?
তর্ক কোরো না।	Don't argue.
সে আসতে পারে।	He can come.
ও পড়তে পারে।	He can read.
আমিও গেছিলাম।	I also went.
আমি কাঁদি না।	I don't cry.
আমি এটা জানি।	I know this.
আমার আরো চাই।	I want more.
আমি কথা বলছি।	I'm talking.
হতেই পারে না!	It can't be!
এটা ভালো ছিল।	It was good.
এটি একটি মাছ।	It's a fish.
অনেক ধন্যবাদ।	Many thanks.
আমার নাম বলো।	Say my name.
ধীরে কথা বলো।	Talk slowly.
তারা চেঁচালো।	They yelled.
টম ওকে দেখলো।	Tom saw her.
টম বেঁচে আছে।	Tom's alive.
আস্তে হাঁটুন।	Walk slowly.
আমি কি করলাম?	What'd I do?
শুভ সন্ধ্যা।	Good evening.
উনি খাচ্ছেন।	He is eating.
আমি জানি না।	I don't know.
আমি আসবো না।	I won't come.
আমি ডাক্তার।	I'm a doctor.
আমি গর্ভবতী।	I'm pregnant.
কেউ এসেছিলো।	Someone came.
গাড়ি থামাও।	Stop the car.
টম ওটা জানে।	Tom knows it.
টম কথা বলবে।	Tom'll speak.
কে কে এসেছে?	Who has come?
আপনি বড়লোক।	You are rich.
তুমি বড়লোক।	You are rich.
ওর বয়স কত?	How old is he?
এখন মাঝরাত।	It's midnight.
টম ঠিক ছিল।	Tom was right.
আমরা জিতছি।	We're winning.
তুই কোথায়?	Where are you?
কার চা চাই?	Who wants tea?
এর দাম কত?	How much is it?
এটা শুনুন!	Listen to this!
চোখ খুলুন।	Open your eyes.
টম গৃহহীন।	Tom's homeless.
অভিনন্দন!	Congratulations!
টম কাশছে।	Tom is coughing.
টম অভদ্র।	Tom is impolite.
টমকে জিজ্ঞাসা করো।	Ask Tom.
আমাদের সাহায্য কর।	Help us.
আমরা হেরে গেছিলাম।	We lost.
তিনি চেষ্টা করেন।	He tries.
টমকে সাহায্য করো।	Help Tom.
আমি বুঝতে পারলাম।	I get it.
আমি লাফিয়েছিলাম।	I jumped.
আমি হারিয়ে গেছি।	I'm lost.
আমাদের চেড়ে দাও।	Leave us.
আমাদের চেড়ে দিন।	Leave us.
আমাকে বিশ্বাস কর।	Trust me.
এটা ব্যবহার করুন।	Use this.
জিজ্ঞাসা করো না।	Don't ask.
আমি টমকে মারলাম।	I hit Tom.
আমি রান্না করবো।	I'll cook.
টমের কথা ছাড়ুন।	Leave Tom.
আমাকে ঢুকতে দিন।	Let me in.
আমাকে ঢুকতে দাও।	Let me in.
আবার চেষ্টা করো।	Try again.
আমরা ভুলে গেলাম।	We forgot.
আমরা চেষ্টা করব।	We'll try.
কার কী এসে যায়?	Who cares?
চিৎকার কোরো না!	Don't yell.
চিৎকার করিস না!	Don't yell.
আমি পড়তে পারি।	I can read.
আমি এখনই খেলাম।	I just ate.
এখানে শুরু করো।	Start here.
তারা ভেতরে আছে।	They're in.
টম মাথা নাড়লো।	Tom nodded.
টম চিৎকার করলো।	Tom yelled.
আমরা এখানে আছি।	We're here.
আপনি ডেকেছিলেন?	You called?
টম কি খেয়েছে?	Did Tom eat?
তর্ক করবেন না।	Don't argue.
ঝগড়া কোরো না।	Don't fight.
লড়াই কোরো না।	Don't fight.
সে পড়তে পারে।	He can read.
তুমি কেমন আছো?	How are you?
তুই কেমন আছিস?	How are you?
আমি ফিরে এলাম।	I came back.
আমার সময় আছে।	I have time.
আমার সময় চাই।	I want time.
আমি একা ছিলাম।	I was alone.
আমি এটা কিনবো।	I'll buy it.
বরফ পরতে পারে।	It may snow.
টিভি চালু আছে।	The TV's on.
টম তাকে দেখলো।	Tom saw her.
আমরা কি তৈরি?	Are we ready?
তিনি খাচ্ছেন।	He is eating.
আমি হারবো না।	I won't lose!
আমি এখন গরীব।	I'm poor now.
আমি খুব খুশি।	I'm so happy.
বৃষ্টি পড়ছে।	It's raining.
এটা খুব নিচু।	It's too low.
বাড়িতে থাকো।	Stay at home.
টম ওখানে আছে।	Tom is there.
টম শক্তিশালী।	Tom's strong.
আমরা চেঁচাবো।	We'll scream.
আপনি আগে যান।	You go first.
তুমি আগে যাও।	You go first.
কিছু তো খান।	Eat something.
কিছু তো খাও।	Eat something.
তার বয়স কত?	How old is he?
আমি হাঁচ্ছি।	I am sneezing.
আমি টমের মা।	I'm Tom's mom.
ওটা কি রক্ত?	Is that blood?
আমার নাম টম।	My name's Tom.
না, ধন্যবাদ।	No, thank you.
ওটা একটা বই।	That's a book.
তারা যাচ্ছে।	They're going.
টম জিতবে না।	Tom won't win.
আপনি কোথায়?	Where are you?
তুমি কোথায়?	Where are you?
আরো জল দিন।	Add more water.
আরো জল দাও।	Add more water.
শুভ নববর্ষ!	Happy New Year!
আজ গরম আছে।	It's hot today.
ওসব ভুলভাল।	That's rubbish.
টম বিবাহিত।	Tom is married.
তুমি কি কর?	What do you do?
সবাই একমত।	Everyone agrees.
আমি খাইনি।	I haven't eaten.
পুলিশ এলো।	The police came.
কী হয়েছে?	What's happened?
ওরা শিশু।	They're children.
কি হচ্ছে?	What is going on?
দামটা কত?	What's the price?
শীত আসছে।	Winter is coming.
সব শেষ।	Everything is over.
টমকে জিজ্ঞাসা করুন।	Ask Tom.
আমাকে সাহায্য করুন!	Help me!
আমাদের সাহায্য করো।	Help us.
টমকে সাহায্য করুন।	Help Tom.
আমি অস্বীকার করছি।	I refuse.
আমি অপেক্ষা করলাম।	I waited.
আমাকে বিশ্বাস করো।	Trust me.
আমি কি খেতে পারি?	Can I eat?
জিজ্ঞাসা করেন না।	Don't ask.
জিজ্ঞাসা করিস না।	Don't ask.
আমি দৌড়াতে পারি।	I can run.
আমি অবসর নিয়েছি।	I retired.
আমি অপেক্ষা করবো।	I'll wait.
আমাদের ঢুকতে দিন।	Let us in.
জিজ্ঞাসা করা যাক।	Let's ask.
টমকে বিশ্বাস করো।	Trust Tom.
আবার চেষ্টা করুন।	Try again.
অপেক্ষা করবে না।	Don't wait.
অপেক্ষা করবি না।	Don't wait.
চিৎকার করবেন না!	Don't yell.
টমকে অনুসরণ করো।	Follow Tom.
আমি তোমাকে চিনি।	I know you.
আমি আপনাকে চিনি।	I know you.
আমি বাইরে ছিলাম।	I was away.
এখানে শুরু করেন।	Start here.
টম ঢেকুর তুল্লো।	Tom burped.
টম সাহায্য করলো।	Tom helped.
টমের শরির খারাপ।	Tom's sick.
লড়াই করবেন না।	Don't fight.
ঝগড়া করবেন না।	Don't fight.
উনি আসতে পারেন।	He can come.
ও উঠে দাঁড়ালো।	He stood up.
আপনি কেমন আছেন?	How are you?
আমি বেশি লম্বা।	I am taller.
আমি নাচতে পারি।	I can dance.
আমার ভাল লাগছে।	I feel fine.
আমি এখানে থাকি।	I live here.
আমি আমারটা চাই।	I want mine.
আমি একজন মহিলা।	I'm a woman.
টম কি ভালো আছে?	Is Tom well?
ওনারা চেঁচালেন।	They yelled.
তাঁরা চেঁচালেন।	They yelled.
টম রেগে গেছিলো।	Tom got mad.
টম ওনাকে দেখলো।	Tom saw her.
আমার সাথে এসো।	Come with me.
আমার সঙ্গে আস।	Come with me.
ও রেগে গেছিলো।	He got angry.
আমি ফিরে আসবো।	I'll be back.
আমার দেরী হবে।	I'll be late.
এটা একটা রোবট।	It's a robot.
সে আমাকে চেনে।	She knows me.
টম ওদের দেখলো।	Tom saw them.
তোমরা আগে যাও।	You go first.
তুমি ভাগ্যবান।	You're lucky.
ডাক্তার ডাকো।	Call a doctor.
ওনার বয়স কত?	How old is he?
তারাতারি, টম।	Hurry up, Tom.
এটা আমার নয়।	It isn't mine.
সেটা একটা বই।	That's a book.
টম এখানে এলো।	Tom came here.
টম ভেতরে আছে।	Tom is inside.
টম আমার বাবা।	Tom is my dad.
টম সেরে উঠলো।	Tom recovered.
টম আরাম করছে।	Tom's resting.
টম চেঁচাচ্ছে।	Tom's yelling.
আমরা ডাক্তার।	We're doctors.
আমরা বিবাহিত।	We're married.
সবকিছুই খান।	Eat everything.
সবকিছুই খাও।	Eat everything.
শুভ জন্মদিন!	Happy birthday!
এটার দাম কত?	How much is it?
আমি আশাবাদী।	I'm optimistic.
এখানে থামান।	Pull over here.
টম চালাচ্ছে।	Tom is driving.
টম কাঁদছিলো।	Tom was crying.
তোমরা কি কর?	What do you do?
কে কথা বলছে?	Who's speaking?
আপনি জিতছেন।	You're winning.
পুলিশ ডাকো!	Call the police!
পুলিশ ডাকো।	Call the police.
আমি ভুলিনি।	I didn't forget.
আমি শুনিনি।	I didn't listen.
ওটা দেখিনি।	I didn't see it.
শুভ বড়দিন!	Merry Christmas!
ও আমার বোন।	She's my sister.
টম আইনজীবী।	Tom is a lawyer.
টম এখন মৃত।	Tom is now dead.
আমরা করিনি।	We didn't do it.
আমরা আলাদা।	We're different.
ওটা আনারস।	It's a pineapple.
এটা আনারস।	It's a pineapple.
বামে সরুন।	Move to the left.
আমাদের সাহায্য করুন।	Help us.
আমি চেষ্টা করেছিলাম।	I tried.
টম মিথ্যা কথা বললো।	Tom lied.
আমাকে বিশ্বাস করুন।	Trust me.
টমকে বিশ্বাস করুন।	Trust Tom.
এখানে অপেক্ষা করো।	Wait here.
টমের উপর নজর রাখো।	Watch Tom.
অপেক্ষা করবেন না।	Don't wait.
টমকে অনুসরণ করুন।	Follow Tom.
আমি এই সবে খেলাম।	I just ate.
আমি চা পছন্দ করি।	I like tea.
আমি বসে পরেছিলাম।	I sat down.
আমি চিৎকার করলাম।	I screamed.
ওটা কি এখানে আছে?	Is it here?
কোনো অসুবিধা নেই!	No problem!
কোনো অসুবিধা নেই।	No problem.
টমের অসুখ হয়েছে।	Tom's sick.
আমরা সাহায্য করব।	We'll help.
আমরা অপেক্ষা করব।	We'll wait.
তুমি ফোন করেছিলে?	You called?
তিনি আসতে পারেন।	He can come.
উনি পড়তে পারেন।	He can read.
তার বয়স আট বছর।	He is eight.
সে উঠে দাঁড়ালো।	He stood up.
আমি ক্ষমা চাইছি।	I apologize.
আমার সময় দরকার।	I need time.
আমি ওখানে ছিলাম।	I was there.
আমি চিৎকার করবো।	I'll scream.
টম কি এখানে আছে?	Is Tom here?
এটা হতে পারে না!	It can't be!
টমের দিকে তাকান।	Look at Tom.
টমের দিকে তাকাও।	Look at Tom.
ওরা চিৎকার করলো।	They yelled.
টম হাততালি দিলো।	Tom clapped.
টম আপনাকে দেখলো।	Tom saw you.
টম তোমাকে দেখলো।	Tom saw you.
আপনি কি অসুস্থ?	Are you sick?
তুমি কি অসুস্থ?	Are you sick?
আমার হাতটা ধরো।	Grab my hand.
সে রেগে গেছিলো।	He got angry.
আমি কাজ করতেছি।	I am working.
আমি বিয়ার খাই।	I drink beer.
আমি এটা দেখেছি।	I've seen it.
আমি ওটা দেখেছি।	I've seen it.
আমাকে বলতে দাও।	Let me speak.
আমাকে বলতে দিন।	Let me speak.
ওহ, আমি বুঝেছি।	Oh, I got it.
বাড়িতেই থাকুন।	Stay at home.
টম তাদের দেখলো।	Tom saw them.
আমরা ক্ষুধার্ত।	We're hungry.
আমরা ভেতরে আছি।	We're inside.
আপনারা আগে যান।	You go first.
তুমি এখানে বসো।	You sit here.
ডাক্তার ডাকুন।	Call a doctor.
তুমি কথা বললে?	Did you speak?
আমাকে ডেকো না।	Don't call me.
ভেতরে আসবে না।	Don't come in.
আমি টমের বাবা।	I'm Tom's dad.
আমি গর্বিত নই।	I'm not proud.
আমি চেঁচাচ্ছি।	I'm screaming.
ও আমার স্ত্রী।	She's my wife.
এ আমার স্ত্রী।	She's my wife.
টম ওখানে ছিলো।	Tom was there.
টম আটকে পরেছে।	Tom's trapped.
তিনি চিকিৎসক।	He is a doctor.
আমি কাশছিলাম।	I was coughing.
আমি নীচে আছি।	I'm downstairs.
সে কি জাপানি?	Is he Japanese?
ও কি ডাক্তার?	Is he a doctor?
এটা কি ফরাসী?	Is this French?
এটা দারুণ না?	Isn't it great?
টম বাইরে আছে।	Tom is outside.
টম নিরাশ্রয়।	Tom's homeless.
আপনি কি করেন?	What do you do?
বস্টন কোথায়?	Where's Boston?
কে কথা বলছেন?	Who's speaking?
আপনি কি আহত?	Are you wounded?
পুলিশ ডাকুন!	Call the police!
ওটা খুলো না।	Don't open that.
তোর বয়স কত?	How old are you?
আমি ঘুমাইনি।	I haven't slept.
আমি রোবট নই।	I'm not a robot.
ও কি শিক্ষক?	Is he a teacher?
টম দারুন না?	Isn't Tom great?
পেছনে দেখুন।	Look behind you.
ওই লোকটা টম।	That man is Tom.
এইগুলো টমের।	These are Tom's.
এইগুলো পাখি।	These are birds.
টম খেলোয়ার।	Tom is a player.
টম কথা বলছে।	Tom is speaking.
টম গাচ্ছিলো।	Tom was singing.
আমি কী করছি?	What am I doing?
উনার নাম কী?	What's his name?
আপনি দুষ্টু।	You are naughty.
সব ঠিক আছে।	Everything is OK.
সেটা আনারস।	It's a pineapple.
আজ রোদ আছে।	It's sunny today.
ওরা বাচ্চা।	They're children.
ছেলেটি অলস।	This boy is lazy.
তোর নাম কি?	What's your name?
আমার বই কই?	Where is my book?
সবাই হাসল।	Everybody laughed.
সবাই তৈরি।	Everyone is ready.
আজ সোমবার।	It's Monday today.
আমি এটা ব্যবহার করি।	I use it.
আমি স্কী করতে পারি।	I can ski.
এখানে অপেক্ষা করুন।	Wait here.
টমের উপর নজর রাখুন।	Watch Tom.
আমি ওকে পছন্দ করি।	I like him.
আমার চা ভালো লাগে।	I like tea.
আমি ওটা দেখেছিলাম।	I saw that.
আমি বাইরে গেছিলাম।	I was away.
আমরা হারিয়ে গেছি।	We're lost.
আপনি ফোন করেছিলেন?	You called?
আমি দেখতে পাই না।	I can't see.
আমি পাঁউরুটি খাই।	I eat bread.
আমার দুটোই পছন্দ।	I like both.
বৃষ্টি পরতে পারে।	It may rain.
সেটা বিনামূল্যের।	That's free.
তারা চিৎকার করলো।	They yelled.
টম ভ্রূকুটি করলো।	Tom frowned.
টম ভুরু কোঁচকালো।	Tom frowned.
টম আপনাদের দেখলো।	Tom saw you.
টম তোমাদের দেখলো।	Tom saw you.
আমরা ডিম খেয়েছি।	We ate eggs.
তুমি নিশ্চিত তো?	Are you sure?
আপনি নিশ্চিত তো?	Are you sure?
তুমি পড়তে পারো?	Can you read?
আমার সঙ্গে আসুন।	Come with me.
আমার হাতটা ধরুন।	Grab my hand.
আমি এখানে পড়াই।	I teach here.
টম কি ওখানে আছে?	Is Tom there?
আমাকে ছেড়ে দিন।	Let go of me.
আমাকে ছেড়ে দাও।	Let go of me.
টম ওনাদের দেখলো।	Tom saw them.
টমের আমাকে চায়।	Tom wants me.
আমরা এখানে থাকি।	We live here.
আমরা যুদ্ধে আছি।	We're at war.
আপনি প্রথমে যান।	You go first.
তুমি প্রথমে যাও।	You go first.
আপনি এখানে বসুন।	You sit here.
কোন প্রশ্ন আছে?	Any questions?
আপনি কথা বললেন?	Did you speak?
ভেতরে আসবেন না।	Don't come in.
কিছু খেয়ে নিন।	Eat something.
কিছু খেয়ে নাও।	Eat something.
সবাই মারা যায়।	Everyone dies.
আমি কাঁদতে চাই।	I want to cry.
আমি একজন ছাত্র।	I'm a student.
ওখানে দেখা হবে।	See you there.
সে আমার স্ত্রী।	She's my wife.
টম ইতস্তত করলো।	Tom hesitated.
টম চিৎকার করছে।	Tom's yelling.
আমি বড় হচ্ছি।	I'm growing up.
টম কি বিবাহিত?	Is Tom married?
সে কি ডাক্তার?	Is he a doctor?
এটা কি যথেষ্ট?	Is this enough?
বৃষ্টি পড়ছিল।	It was raining.
কেউ হাঁসলো না।	No one laughed.
কেউই হাসলো না।	Nobody laughed.
ওরা ভেতরে আছে।	They're inside.
টম এখানে থাকে।	Tom lives here.
টম ভেতরে ছিলো।	Tom was inside.
টম বেঁচে যাবে।	Tom'll survive.
সবাই উপস্থিত।	All are present.
তোমরা কি বোন?	Are you sisters?
ও কথা বলছিলো।	He was speaking.
এই নিন বিলটা।	Here's the bill.
এই নাও বিলটা।	Here's the bill.
এই যে ফাইলটা।	Here's the file.
ওটার বয়স কত?	How old is that?
এটার বয়স কত?	How old is this?
আমি নজর রাখব।	I'll keep watch.
সে কি শিক্ষক?	Is he a teacher?
এটা বেশ ভালো।	It's quite good.
আগে এটা পড়ো।	Read this first.
এখানেই থামুন।	Stop right here.
তারা ডাক্তার।	They're doctors.
তারা বিবাহিত।	They're married.
টম ভেতরে এলো।	Tom came inside.
আমরা অন্যরকম।	We're different.
জীববিদ্যা কী?	What is biology?
এখন কটা বাজে?	What time is it?
কে যেতে চায়?	Who wants to go?
কে চেঁচাচ্ছে?	Who's screaming?
সবাই বদলায়।	Everyone changes.
রোম ইতালিতে।	Rome is in Italy.
টেবিলে বসুন।	Sit at the table.
কেউ চেঁচালো।	Someone screamed.
এটা বিপদজনক।	That's dangerous.
দরজাটা খোলা।	The door is open.
টম খুব কাশে।	Tom coughs a lot.
টম খুব হাসে।	Tom laughs a lot.
আপনি কী চান?	What do you want?
তুমি কী চাও?	What do you want?
সবাই কোথায়?	Where's everyone?
কেকটা তৈরি।	The cake is ready.
পেনটা ভাঙা।	The pen is broken.
সূর্য উঠছে।	The sun is rising.
এই আমার মা।	This is my mother.
টম কী আনবে?	What'll Tom bring?
এটা কার চা?	Whose tea is this?
সবাই তৈরি?	Is everybody ready?
আমরা চেষ্টা করেছিলাম।	We tried.
আমি তাকে দখতে পেলাম।	I saw him.
টমের পেছন পেছন যান।	Follow Tom.
টমের পেছন পেছন যাও।	Follow Tom.
আমি তাকে পছন্দ করি।	I like him.
আমার ওকে ভালো লাগে।	I like him.
আমি তোমাকে ভালবাসি।	I love you.
আমি সেটা দেখেছিলাম।	I saw that.
সময় শেষ হয়ে গেছে।	Time is up.
উনি উঠে দাঁড়ালেন।	He stood up.
আমার ঠান্ডা লাগছে।	I feel cold.
আমি কেক পছন্দ করি।	I like cake.
আমি মাছ পছন্দ করি।	I like fish.
আমি ভাত পছন্দ করি।	I like rice.
আমি এখানে বাস করি।	I live here.
এটা আমার প্রয়োজন।	I want this.
আমি ক্লান্ত ছিলাম।	I was tired.
আমি এখানি কাজ করি।	I work here.
টম কি বাড়িতে আছে?	Is Tom home?
টম নিশ্বাস ছাড়লো।	Tom inhaled.
বাড়িতে কেউ আছেন?	Anybody home?
আপনি পড়তে পারেন?	Can you read?
উনি রেগে গেছিলেন।	He got angry.
ইনি রেগে গেছিলেন।	He got angry.
আমি একজন ডাক্তার।	I'm a doctor.
এবার ওটা ঠিক করো।	Now fix that.
চেঁচানো বন্ধ করো।	Stop yelling.
টম কি এখানে ছিলো?	Was Tom here?
আমরা ক্ষমা চাইছি।	We apologize.
আমরা চিৎকার করবো।	We'll scream.
তোমরা প্রথমে যাও।	You go first.
সাঁতার কাটতে পার।	You may swim.
আপনি কি ক্লান্ত?	Are you tired?
আমাকে ডাকবেন না।	Don't call me.
তারাতারি কর, টম।	Hurry up, Tom.
আমি কথা বলছিলাম।	I was talking.
আমি ভেতরে গেলাম।	I went inside.
আমি একজন ছাত্রী।	I'm a student.
আমি চিৎকার করছি।	I'm screaming.
উনি আমার স্ত্রী।	She's my wife.
ইনি আমার স্ত্রী।	She's my wife.
ঐ গাড়িটা থামাও।	Stop that car.
ওটা আমার বিড়াল।	That's my cat.
আমরা আটকে পরেছি।	We're trapped.
সবাই টাকা দিলো।	Everybody paid.
ও একজন ডাক্তার।	He is a doctor.
এ একজন ডাক্তার।	He is a doctor.
আমি এখন খাচ্ছি।	I'm eating now.
তিনি কি জাপানি?	Is he Japanese?
উনি কি ডাক্তার?	Is he a doctor?
সে কি বিবাহিতা?	Is she married?
ওখানে কেউই নেই।	Nobody's there.
বিজ্ঞান মজাদার।	Science is fun.
এটা আমার ব্যাগ।	This is my bag.
এটা আমার কুকুর।	This is my dog.
টম ক্ষমা চাইলো।	Tom apologized.
টম কি কাঁদছিলো?	Was Tom crying?
আপনারা কি করেন?	What do you do?
আমার চা কোথায়?	Where's my tea?
আমার দিকে আসো।	Come towards me.
নিজের কাজ করো।	Do your own job.
ওটা খুলবেন না।	Don't open that.
সে কথা বলছিলো।	He was speaking.
মোমবাতিটা ধরো।	Hold the candle.
তোমার বয়স কত?	How old are you?
আপনার বয়স কত?	How old are you?
সেটার বয়স কত?	How old is that?
আমি খাচ্ছি না।	I am not eating.
আমি একদম একমত।	I totally agree.
আমি গোয়েন্দা।	I'm a detective.
আমি ফিরে আসছি।	I'm coming back.
আমি ভালোই আছি।	I'm doing great.
আমি এবার যাবো।	I'm going to go.
আমি নশ্চিত নই।	I'm not certain.
আমি যাচ্ছি না।	I'm not leaving.
আমি নিখুঁত নই।	I'm not perfect.
আমি তোর বন্ধু।	I'm your friend.
উনি কি শিক্ষক?	Is he a teacher?
ওটা অনেক কাছে।	It is very near.
ওটা শুধু রক্ত।	It's only blood.
ওটা এখনও আমার।	It's still mine.
এটা এখনও আমার।	It's still mine.
এবার যেতে হবে।	It's time to go.
দেখো কে এসেছে।	Look who's here.
আগে এটা পড়ুন।	Read this first.
যুদ্ধ এখন শেষ।	The war is over.
একটুও লবণ নেই।	There's no salt.
এনারা ডাক্তার।	They're doctors.
ওনারা ডাক্তার।	They're doctors.
টম ওটা দেখেছে।	Tom has seen it.
টম একজন গায়ক।	Tom is a singer.
টম খুব অসুস্থ।	Tom is very ill.
টম ওখানে থাকে।	Tom lives there.
টম বাইরে ছিলো।	Tom was outside.
টম কথা বলছিলো।	Tom was talking.
ভেতরে কী ছিলো?	What was inside?
কে শাদি করেছে?	Who got married?
আপনার কাকি কে?	Who's your aunt?
কে আপনার কাকি?	Who's your aunt?
গরু দুধ দেয়।	Cows supply milk.
আলু কেটে নিন।	Cut the potatoes.
মূল কথা বলুন।	Get to the point.
সে তার বন্ধু।	He is her friend.
মন দিয়ে শোন।	Listen carefully.
কিছুই হোল না।	Nothing happened.
কিছুই হয় নি।	Nothing happened.
ওটা আমার বোন।	That's my sister.
আপনার নাম কি?	What's your name?
তোমার নাম কি?	What's your name?
আপনার নাম কী?	What's your name?
কোথায় গেলেন?	Where did you go?
সবাই হাসলেন।	Everybody laughed.
জীবন সুন্দর।	Life is beautiful.
সেটা হবে না।	That won't happen.
আমি পরিবর্তিত হয়েছি।	I changed.
আমি ওনাকে দখতে পেলাম।	I saw him.
আমি আপনাকে ঘৃণা করি।	I hate you.
আমি ওনাকে পছন্দ করি।	I like him.
আমার তাকে ভালো লাগে।	I like him.
আমি তোমায় ভালোবাসি।	I love you.
আমি পালিয়ে গেছিলাম।	I ran away.
আমি হারিয়ে গেছিলাম।	I was lost.
টমকে ক্ষমা করে দিন।	Forgive Tom.
টমকে ক্ষমা করে দাও।	Forgive Tom.
তিনি উঠে দাঁড়ালেন।	He stood up.
আমার কেক ভালো লাগে।	I like cake.
আমি অঙ্ক পছন্দ করি।	I like math.
আমার সাহায্য দরকার।	I need help.
আমি মিথ্যা বলবো না।	I won't lie.
তাঁরা চিৎকার করলেন।	They yelled.
ওনারা চিৎকার করলেন।	They yelled.
ধীরে ধীরে কাজ করুন।	Work slowly.
আস্তে গাড়ি চালান।	Drive slowly.
আস্তে গাড়ি চালাও।	Drive slowly.
তিনি রেগে গেছিলেন।	He got angry.
আমি পরোয়া করি না।	I don't care.
আমার একটি কলম আছে।	I have a pen.
এবার ওটা ঠিক করুন।	Now fix that.
একটু তারাতারি করো।	Please hurry.
কেউ একজন এসেছিলেন।	Someone came.
চেঁচানো বন্ধ করুন।	Stop yelling.
টম আমাকে ভালোবাসে।	Tom loves me.
বাইরে অপেক্ষা করো।	Wait outside.
আমরা একটা পেয়েছি।	We found one.
আপনারা প্রথমে যান।	You go first.
আবার আসবে কিন্তু।	Do come again.
আমি হাঁচি দিচ্ছি।	I am sneezing.
আমার খিদে পাচ্ছে।	I feel hungry.
আমার হাঁপানি আছে।	I have asthma.
শুধু আমাকে দেখুন।	Just watch me.
এগুলোর দিকে দেখো।	Look at these.
আমাকে কেউ দেখেনি।	Nobody saw me.
কেউ আমাকে দেখেনি।	Nobody saw me.
তিনি আমার স্ত্রী।	She's my wife.
পরিষ্কার করে বলো।	Speak clearly.
গাড়িটা চালু করো।	Start the car.
টম কাছাকাছিই আছে।	Tom is nearby.
টম ঘায়েল হয়েছে।	Tom's wounded.
টম কি ওখানে ছিলো?	Was Tom there?
সবাই মিথ্যা বলে।	Everybody lies.
একটু ঘুমিয়ে নে।	Get some sleep.
সে একজন ডাক্তার।	He is a doctor.
তিনি ডাক্তার নন।	He's no doctor.
আমি কিছুই বলিনি।	I said nothing.
আমি টমের স্ত্রী।	I'm Tom's wife.
আমি খুব ক্লান্ত।	I'm very tired.
উনি কি আমেরিকান?	Is he American?
তিনি কি ডাক্তার?	Is he a doctor?
তিনি কি বিবাহিত?	Is she married?
খুব ভালো হয়েছে।	It's well done.
ওটা ওখানেই রাখো।	Leave it there.
ওরা ঝগড়া করছিল।	They quarreled.
টম স্বপ্ন দেখছে।	Tom's dreaming.
আমি কোথায় বসবো?	Where do I sit?
আপনাকেও ধন্যবাদ।	You're welcome.
আমার দিকে আসুন।	Come towards me.
তিরিশ অবধি গোন।	Count to thirty.
আপনি জানতেন না?	Didn't you know?
এটা কাজ করে না?	Doesn't it work?
ভেতরে ফিরে যান।	Go back outside.
এই যে আপনার মগ।	Here's your mug.
এই যে তোমার মগ।	Here's your mug.
মোমবাতিটা ধরুন।	Hold the candle.
আমি ফুটবল খেলি।	I play football.
আমার গীটার চাই।	I want a guitar.
আমি সঙ্গে যাবো।	I'll come along.
আমি পাহারা দেব।	I'll keep watch.
আমি চিন্তিত নই।	I'm not worried.
আমি টিভি দেখছি।	I'm watching TV.
তিনি কি শিক্ষক?	Is he a teacher?
এ তো খালি রক্ত।	It's just blood.
এটা বেশ চমৎকার।	It's quite nice.
দেখুন কে এসেছে।	Look who's here.
ভুল হয়েই থাকে।	Mistakes happen.
নিয়ম হল নিয়ম।	Rules are rules.
ঠিক ওখানেই বসো।	Sit right there.
কেউ একজন কাশলো।	Someone coughed.
বসন্ত এসে গেছে।	Spring has come.
তারা ক্ষুধার্ত।	They are hungry.
ওরা ওখানে থাকে।	They live there.
টম সেটা দেখেছে।	Tom has seen it.
টম নিষ্ঠুর নয়।	Tom isn't cruel.
টম ওখানে থাকতো।	Tom lived there.
টম বিবাহিত ছিল।	Tom was married.
টম চিৎকার করবে।	Tom will scream.
আমরা ফরাসি বলি।	We speak French.
আমরা চেঁচাচ্ছি।	We're screaming.
এখন কয়টা বাজে?	What time is it?
কে চিৎকার করছে?	Who's screaming?
আপনি বিভ্রান্ত।	You're confused.
আপনার সময় শেষ।	Your time is up.
তোমার সময় শেষ।	Your time is up.
নিজেকে সামলাও!	Control yourself!
নিজেকে সামলান!	Control yourself!
নিজেকে সামলাও।	Control yourself.
নিজেকে সামলান।	Control yourself.
আপনি কত লম্বা!	How tall you are!
তুমি কত লম্বা!	How tall you are!
আমি সব দেখেছি।	I saw everything.
এটা ভাইরাস না।	It isn't a virus.
এটা আরামদায়ক।	It's comfortable.
আমার মা বাইরে।	My mother is out.
আমার চাচা ধনী।	My uncle is rich.
এটা সত্যি নয়।	This is not true.
টম বাইরে গেলো।	Tom went outside.
আমরা সবাই ভিত।	We're all scared.
তুমি ঠিক আছো?	Are you all right?
সবাই ক্লান্ত।	Everyone is tired.
সবাই শুনেছিল।	Everyone listened.
সবাই চেঁচালো।	Everyone screamed.
আমি মালিক নই।	I'm not the owner.
ও আমার মেয়ে।	She's my daughter.
ওই বইটা আমার।	That book is mine.
ওটা আমার ভাই।	That's my brother.
কলমটা ভাঙ্গা।	The pen is broken.
এটা ওর বাড়ি।	This is her house.
এটা আমার বোন।	This is my sister.
এটার মানে কী?	What does it mean?
এটার অর্থ কী?	What does it mean?
সবকিছু তৈরি।	Everything's ready.
গিয়ে দেখুন।	Go and have a look.
কেউ বোঝে না।	Nobody understands.
ও ফল খাচ্ছে।	She's eating fruit.
বাঘ কী খায়?	What do tigers eat?
সবাই দেখছে।	Everyone's watching.
সে সব জানে।	He knows everything.
আজ খুব গরম।	It's very hot today.
এটা অসম্ভব!	That's not possible.
কী আঁকছেন?	What are you drawing?
আমি অজ্ঞান হয়ে গেলাম।	I fainted.
আমার ওনাকে ভালো লাগে।	I like him.
আমি ওদের দেখতে পেলাম।	I saw them.
আমার দেরি হয়ে গেছিল।	I was late.
টম দীর্ঘশ্বাস ছাড়লো।	Tom sighed.
আমাদের কি হয়ে গেছে?	Are we done?
আমি অসুস্থ বোধ করছি।	I feel sick.
আমি পড়ে গিয়েছিলাম।	I fell down.
আমি ওটা অনুভব করলাম।	I felt that.
আমার অঙ্ক ভালো লাগে।	I like math.
আমি এখানে বসবাস করি।	I live here.
আমার তেষ্টা পেয়েছে।	I'm thirsty.
টম আমাকে আঘাত করেছে।	Tom hurt me.
ডাক্তারের কাছে যাও।	Get a doctor.
আমি খুব ব্যস্থ আছি।	I'm too busy.
আমাকে কথা বলতে দাও।	Let me speak.
আমাকে কথা বলতে দিন।	Let me speak.
পুনর্বিচার করা যাক।	Let's review.
একটু তারাতারি করুন।	Please hurry.
টম ব্যাথা পেয়েছিল।	Tom got hurt.
টমের হাতে সময় আছে।	Tom has time.
বাইরে অপেক্ষা করুন।	Wait outside.
সাঁতার কাটতে পারেন।	You may swim.
তুমি কি ওখানে আছো?	Are you there?
আবার আসবেন কিন্তু।	Do come again.
আমাকে বেথা দিস না।	Don't hurt me.
আমার জ্বর হয়েছিল।	I had a fever.
আমি খেতে ভালোবাসি।	I like to eat.
আমি আপেল ভালোবাসি।	I love apples.
আমি আহত হয়েছিলাম।	I was injured.
আমি বিবাহিত ছিলাম।	I was married.
আমি হাঁপিয়ে গেছি।	I'm exhausted.
এখানে ব্যথা হচ্ছে।	It hurts here.
টমকে কথা বলতে দাও।	Let Tom speak.
টমকে কথা বলতে দিন।	Let Tom speak.
এগুলোর দিকে দেখুন।	Look at these.
আবার পরে দেখা হবে।	See you later.
আমাকে ওখানে পাঠান।	Send me there.
পরিষ্কার করে বলুন।	Speak clearly.
একটু ঘুমিয়ে নাও।	Get some sleep.
একটু ঘুমিয়ে নিন।	Get some sleep.
ইনি একজন ডাক্তার।	He is a doctor.
উনি একজন ডাক্তার।	He is a doctor.
টমের কত বছর বয়স?	How old is Tom?
আমি মাংস খেয়েছি।	I ate the meat.
আমার কাশি হয়েছে।	I have a cough.
আমার জ্বর হয়েছে।	I have a fever.
আমার বন্ধু লাগবে।	I need friends.
টম কি ঈর্ষান্বিত?	Is Tom jealous?
ওটা ওখানেই রাখুন।	Leave it there.
বেড়িয়ে পরা যাক।	Let's head out.
ধীরে-সুস্থে আসুন।	Take your time.
তারা ঝগড়া করছিল।	They quarreled.
ওনারা ভেতরে আছেন।	They're inside.
তাঁরা ভেতরে আছেন।	They're inside.
টম পড়তে পারে না।	Tom can't read.
টম এখানে কাজ করে।	Tom works here.
আমরা বিয়ে করেছি।	We got married.
আমরা অসফল হয়েছি।	We have failed.
আমাদের কফি পছন্দ।	We like coffee.
আমরা তাকে দেখেছি।	We've seen her.
মাছ সাঁতার পারে।	A fish can swim.
ওইগুলো কি আপনার?	Are those yours?
ওইগুলো কি তোমার?	Are those yours?
আপনি কি বিবাহিত?	Are you married?
আপনি কি চিন্তিত?	Are you worried?
তুমি কি চিন্তিত?	Are you worried?
এখানে থামবেন না।	Don't stop here.
আপনার দুধটা খান।	Drink your milk.
সবাই এখানে আছেন।	Everyone's here.
উনি কথা বলছিলেন।	He was speaking.
এই নিন আপনার মগ।	Here's your mug.
এই নাও তোমার মগ।	Here's your mug.
আমায় পড়তে হবে।	I have to study.
আমি জাপানে থাকি।	I live in Japan.
আমি ভিটামিন নিই।	I take vitamins.
আমি বাইরে থাকবো।	I'll be outside.
আমি ওইগুলো নেবো।	I'll take those.
আমার ভালোই চলছে।	I'm doing great.
আমি এবার বেরোবো।	I'm going to go.
আমি কাজ করছি না।	I'm not working.
আমি বেশ ক্লান্ত।	I'm quite tired.
আমি তোমার বন্ধু।	I'm your friend.
আমি আপনার বন্ধু।	I'm your friend.
আমি তোদের বন্ধু।	I'm your friend.
আমি সেটা শুনেছি।	I've heard that.
আমি সেটা পড়েছি।	I've studied it.
আমার বইটা এখানে।	My book is here.
আমার বাবা ভেতরে।	My father is in.
আমার বাবা হাঁটে।	My father walks.
ওখানে কিছুই নেই।	Nothing's there.
ঠিক ওখানেই বসুন।	Sit right there.
তারা ওখানে থাকে।	They live there.
এটা আমার বাচ্চা।	This is my baby.
টম বাড়িয়ে বলে।	Tom exaggerates.
টম একজন চিকিৎসক।	Tom is a doctor.
টম আহত হয়েছিলো।	Tom was wounded.
আমরাও এখানে আছি।	We're here, too.
আমরা সেটা করেছি।	We've done that.
আপনি কি জাপানি?	Are you Japanese?
এই নে তোর ব্যগ।	Here is your bag.
ঘোড়া ঘাস খায়।	Horses eat grass.
আমি এই পথে যাব।	I'll go this way.
আমি ডাক্তার নই।	I'm not a doctor.
ওখানে কেউ আছেন?	Is anybody there?
মন দিয়ে শুনুন।	Listen carefully.
মন দিয়ে শুনবে।	Listen carefully.
হয়তো বরফ পরবে।	Maybe it'll snow.
ওইখানে দাঁড়ান।	Stand over there.
ওইখানে দাঁড়াও।	Stand over there.
বলটা ভেজা ছিলো।	The ball was wet.
এটা তোমার চাবি।	This is your key.
এটা আপনার চাবি।	This is your key.
টম চেঁচাচ্ছিলো।	Tom was shouting.
আমার বই কোথায়?	Where is my book?
টম কোথায় গেছে?	Where's Tom gone?
কেকটা কে কাটলো?	Who cut the cake?
আপনি দয়ালু নন।	You are not kind.
আপনি ঠিক আছেন?	Are you all right?
তোর গাড়ি আছে?	Do you have a car?
আপনি যেতে চান?	Do you want to go?
সবাই চেঁচালেন।	Everyone screamed.
আমি হেঁটে যাব।	I will go on foot.
আমিও কানাডীয়।	I'm Canadian, too.
এটা তার বাড়ি।	This is her house.
টম আবার কাশলো।	Tom coughed again.
কি চমৎকার দিন!	What a lovely day!
কি সুন্দর দিন!	What a lovely day!
কে জানতে চায়?	Who wants to know?
তোর দুধটা খা।	Drink up your milk.
যান আর দেখুন।	Go and have a look.
ও এখনো আসেনি।	He hasn't come yet.
ও ভালো মানুষ।	He's a good person.
ও নাচতে চায়।	She wants to dance.
সে ফল খাচ্ছে।	She's eating fruit.
কোনো ভুল নেই।	There's no mistake.
এটা আমার ভাই।	This is my brother.
তিনজন আহত হন।	Three were injured.
টম ফিরে আসছে।	Tom is coming back.
তুমি কী করছো?	What are you doing?
তুই কী করছিস?	What are you doing?
তুমি কী করেছ?	What have you done?
টম ১০০% ঠিক।	Tom is 100% correct.
টম নীরব ছিল।	Tom remained silent.
আর নুন নেই।	There's no more salt.
আমার পেট ভরতি হয়ে গেছে।	I'm full.
আমার প্রশ্নের জবাব দিন।	Answer me.
আমার প্রশ্নের জবাব দাও।	Answer me.
আমি দেউলিয়া হয়ে গেছি।	I'm broke.
আমি সাঁতার কাটতে পারি।	I can swim.
আমি প্রতিশ্রুতি দিলাম।	I promised.
আমি তাদের দেখতে পেলাম।	I saw them.
আমি টমকে বিশ্বাস করি।	I trust Tom.
আমার গাড়ি নিয়ে যান।	Take my car.
আমার রক্ত বের হচ্ছে।	I'm bleeding.
আমার পা ব্যাথা করছে।	My feet hurt.
চিৎকার করা বন্ধ করো।	Stop yelling.
আমরা ওখানে বসেছিলাম।	We sat there.
আপনাকে কে পাঠিয়েছে?	Who sent you?
আপনি কি ওখানে আছেন?	Are you there?
আমি আমার কাজ করলাম।	I did my work.
আমি বাড়িয়ে বললাম।	I exaggerated.
আমার ক্ষুধা লেগেছে।	I feel hungry.
আমার ঠান্ডা লেগেছে।	I have a cold.
আমি আপেল পছন্দ করি।	I like apples.
আমার হলুদ রঙ পছন্দ।	I like yellow.
আমি এটা চেয়েছিলাম।	I wanted this.
আমি বিদেশে গেছিলাম।	I went aboard.
আমি ওকে নিয়ে যাবো।	I'll take him.
তুমি কথা বলতে পারো।	You may speak.
তুমি কি ক্ষুধার্ত?	Are you hungry?
তোমার নখগুলো কাটো।	Cut your nails.
তিনি একজন ডাক্তার।	He is a doctor.
আমি একলা ছিলাম না।	I wasn't alone.
টমকে ওখানেই রাখুন।	Keep Tom there.
কেউই এটা জানতো না।	No one knew it.
টম কি ঘুমিয়ে ছিল?	Was Tom asleep?
আমরা কফি ভালোবাসি।	We love coffee.
যে কেউ হলেই চলবে।	Anybody will do.
সেইগুলো কি আপনার?	Are those yours?
সেইগুলো কি তোমার?	Are those yours?
আমরা কি প্রস্তুত?	Are we prepared?
তিরিশ অবধি গুনুন।	Count to thirty.
আপনি কি মাংস খান?	Do you eat meat?
তুমি কি মাংস খাও?	Do you eat meat?
পেছনে তাকাবেন না।	Don't look back.
দেখে গাড়ি চালাও।	Drive carefully.
দেখে গাড়ি চালান।	Drive carefully.
তিনি কথা বলছিলেন।	He was speaking.
আমি লক্ষ্য করিনি।	I didn't notice.
আমি খেয়াল করিনি।	I didn't notice.
আমি চিৎকার করিনি।	I didn't scream.
আমি তোকে দেখি না।	I don't see you.
আমি প্রতিবছর যাই।	I go every year.
আমি শেষ করেছিলাম।	I have finished.
আমি চেষ্টা করিনি।	I haven't tried.
আমি টেনিস খেললাম।	I played tennis.
আমি ইংরাজি পড়াই।	I teach English.
আমি ইংরাজি শেখাই।	I teach English.
আমি ধূমপান করতাম।	I used to smoke.
আমি অসতর্ক ছিলাম।	I was negligent.
আমি কৃতজ্ঞ থাকবো।	I'd be grateful.
আমি আগে ফোন করবো।	I'll call first.
আমি কখনই বলবো না।	I'll never tell.
আমি এখানে ঘুমাবো।	I'll sleep here.
আমি একজন আশাবাদী।	I'm an optimist.
আমি এখানে খাচ্ছি।	I'm eating here.
আমি তর্ক করছি না।	I'm not arguing.
আমার অ্যাজমা আছে।	I've got asthma.
আমার বাড়ি বিশাল।	My house is big.
ধাঁধা মজার জিনিস।	Puzzles are fun.
টম এখন মারা গেছে।	Tom is now dead.
টম ওখানে কাজ করে।	Tom works there.
আমরা চিৎকার করছি।	We're screaming.
আমার লাঠি কোথায়?	Where's my cane?
আপনি কি ডাক্তার?	Are you a doctor?
তুমি কি ডাক্তার?	Are you a doctor?
নিজেকে সংজত করো!	Control yourself!
নিজেকে সংজত করো।	Control yourself.
আওয়াজ করবেন না।	Don't make noise.
সবাই ওখানে আছেন।	Everyone's there.
আপনি কতটা লম্বা?	How tall are you?
তুমি কতটা লম্বা?	How tall are you?
আমি সবকিছুই খাই।	I eat everything.
আমার হতাশ লাগছে।	I feel depressed.
আমার এক ভাই আছে।	I have a brother.
আমার প্রশ্ন আছে।	I have questions.
আমি বাড়িতে আছি।	I'm in the house.
আমি সত্যিই খুশী।	I'm really happy.
মন দিয়ে শুনবেন।	Listen carefully.
আমার বাবা বাইরে।	My father is out.
কেউ মনে রাখে না।	Nobody remembers.
কেউ চিৎকার করলো।	Someone screamed.
ঠিক ওখানেই থাকো।	Stay right there.
ওই ব্যাগটি আমার।	That bag is mine.
কোনো সন্দেহ নেই।	There's no doubt.
এই ব্যাগটি আমার।	This bag is mine.
আমরা দুজনেই ঠিক।	We're both right.
এটা কখন শেষ হয়?	When does it end?
টম কোথায় গেছিল?	Where's Tom been?
ব্যাংকটা কোথায়?	Where's the bank?
তোর বন্ধু লাগবে।	You need friends.
তোর ঘুমানো উচিৎ।	You should sleep.
আমার ভয় লাগছে।	I feel frightened.
এটা কখনো হয়নি।	It never happened.
এটা অবিশ্বাস্য।	It's unbelievable.
এটা টমের গাড়ি।	This is Tom's car.
এটা ওনার বাড়ি।	This is her house.
টম বাড়িতে নেই।	Tom isn't at home.
ডাক্তার কোথায়?	Where is a doctor?
টম কোথায় যাবে?	Where will Tom go?
ছুৃরিটা কোথায়?	Where's the knife?
হাসপাতালে যান।	Go to the hospital.
হাসপাতালে যাও।	Go to the hospital.
সে এখনো আসেনি।	He hasn't come yet.
আমি শিক্ষক নই।	I am not a teacher.
আমি টিভি দেখি।	I watch television.
আমি বেশ নিরীহ।	I'm quite harmless.
কেউ হাঁসছে না।	No one is laughing.
কেউ আহত হয়নি।	Nobody was injured.
উনি নাচতে চান।	She wants to dance.
আমি সেটাই চাই।	That's what I want.
এই বইটি আপনার।	This book is yours.
সময় বদলাচ্ছে।	Times are changing.
টম জোরে কাশলো।	Tom coughed loudly.
টম ফুটবল খেলে।	Tom plays football.
আপনি কী করছেন?	What are you doing?
তুই কী করেছিস?	What have you done?
এটা কেনো ঘটলো?	Why did this occur?
দরজা খুলো না।	Don't open the door.
এটা কততে হবে?	How much will it be?
তেল জলে ভাসে।	Oil floats on water.
ওটার মানে কী?	What does that mean?
ওটার অর্থ কী?	What does that mean?
ভুলটা কোথায়?	Where's the mistake?
আর সময় নেই।	There's no more time.
তুমি বোঝ না।	You don't understand.
পুলিশ আসছে।	The police are coming.
আমি তাঁদের দেখতে পেলাম।	I saw them.
আমি ওনাদের দেখতে পেলাম।	I saw them.
টম আমাকে কামড় দিয়েছে।	Tom bit me.
এক সেকেন্ড অপেক্ষা করো।	Wait a sec.
আমার জন্য রান্না করুন।	Cook for me.
আমি ঠিক বলতে পারবো না।	I can't say.
আমি দুর্বল অনুভব করছি।	I feel weak.
আমার একটা বেড়াল ছিলো।	I had a cat.
আমি ক্ষমা চেয়েছিলাম।	I apologized.
আমার কাছে প্রমাণ আছে।	I have proof.
আমি একজন তারকা ছিলাম।	I was a star.
আমার হাত ব্যাথা করছে।	My arm hurts.
চিৎকার করা বন্ধ করুন।	Stop yelling.
কার কার খিদে পেয়েছে?	Who's hungry?
আমাকে বেথা দিয়ো না।	Don't hurt me.
আমাকে বেথা দেবেন না।	Don't hurt me.
সে গাড়ি বিক্রি করে।	He sells cars.
আমার টেনিস ভাল লাগে।	I like tennis.
আমি টমকে শাদি করেছি।	I married Tom.
আমি তাকে নিয়ে যাবো।	I'll take him.
যুদ্ধ সমাপ্ত হয়েছে।	The war ended.
টমের একটি কুকুর আছে।	Tom has a dog.
আপনি কথা বলতে পারেন।	You may speak.
আপনার নকগুলো কাটেন।	Cut your nails.
আমি বুঝতে পারছি না।	I don't get it.
আমি কালো পছন্দ করি।	I prefer black.
আমরা কফি পছন্দ করি।	We like coffee.
তুমি কি ওখানে ছিলে?	Were you there?
আপনারা কি ডাক্তার?	Are you doctors?
তোমরা কি মাংস খাও?	Do you eat meat?
সবাই এটা দেখেছিলো।	Everyone saw it.
এই নিন আপনার চাবি।	Here's your key.
এই নাও তোমার চাবি।	Here's your key.
আমি হাঁটতে পারিনি।	I couldn't walk.
আমার কোন জ্বর নেই।	I have no fever.
আমি চিৎকার শুনলাম।	I heard screams.
আমার টিস্যু লাগবে।	I need a tissue.
আমার প্রমাণ দরকার।	I need evidence.
আমি সম্পুর্ণ একমত।	I totally agree.
আমি সম্পুর্ণ রাজি।	I totally agree.
আমি পুরোপুরি একমত।	I totally agree.
আমি উপস্থিত থাকবো।	I'll be present.
আমি কখনই থামবো না।	I'll never stop.
আমি একলা কাজ করবো।	I'll work alone.
আমি একটু মজা করছি।	I'm just joking.
আমাকে এখানে দরকার।	I'm needed here.
আমি খালি মজা করছি।	I'm only joking.
আমি আপনার চিকিৎসক।	I'm your doctor.
আমি তোমাদের বন্ধু।	I'm your friend.
আমি আপনাদের বন্ধু।	I'm your friend.
আমি ওখানে গিয়েছি।	I've been there.
এখানে কি কেউ আছেন?	Is anybody here?
টমকে ভেতরেই রাখুন।	Keep Tom inside.
আসুন শুধু কথা বলি।	Let's just talk.
এখানে কথা বলা যাক।	Let's talk here.
কেউ বাড়ি ছিলো না।	Nobody was home.
কিছুই পাল্টালো না।	Nothing changed.
পদার্থবিদ্যা কঠিন।	Physics is hard.
ওরা সবাই কথা বললো।	They all talked.
ওরা পরোয়া করে না।	They don't care.
এরা পরোয়া করে না।	They don't care.
তাঁরা ওখানে থাকেন।	They live there.
ওনারা ওখানে থাকেন।	They live there.
টম উধাও হয়ে গেলো।	Tom disappeared.
টম দাবা পছন্দ করে।	Tom likes chess.
টম এখানে কাজ করতো।	Tom worked here.
টম প্রচুর কাজ করে।	Tom works a lot.
তুমি স্বপ্ন দেখছো।	You're dreaming.
তুই স্বপ্ন দেখছিস।	You're dreaming.
নিজেকে সংজত করুন!	Control yourself!
নিজেকে সংজত করুন।	Control yourself.
মুখ সামলে কথা বল!	Hold your tongue!
এটা কি তোর গাড়ি?	Is this your car?
এটি একটি ভুল ছিল।	It was a mistake.
কেউ সাড়া দেয়নি।	No one responded.
ঠিক ওখানেই থাকুন।	Stay right there.
তারা বিয়ে করেছে।	They got married.
টমের বড় বড় চোখ।	Tom has big eyes.
টম হকি পছন্দ করে।	Tom likes hockey.
টম বাঘ পছন্দ করে।	Tom likes tigers.
টম চিৎকার করছিলো।	Tom was shouting.
আরো আস্তে হাঁটুন।	Walk more slowly.
আমরা শুধু চা খাই।	We only have tea.
মৌমাছিরা কী খায়?	What do bees eat?
টম কাকে কামড়েছে?	Who did Tom bite?
তুমি চিৎকার করছো।	You're screaming.
তোমরা সবাই তৈরী?	Are you all ready?
তুমি ঠিক আছো তো?	Are you all right?
তোমার গাড়ি আছে?	Do you have a car?
আপনার গাড়ি আছে?	Do you have a car?
সবাই পরিশ্রান্ত।	Everyone is tired.
তিনি আরবি পড়ান।	He teaches Arabic.
আমি কি করে জানব?	How should I know?
আমার মাথা ধরেছে।	I have a headache.
আমাকে পড়তে হবে।	I've got to study.
ওটা কি তোমার বই?	Is that your book?
ওটা কি আপনার বই?	Is that your book?
এটা কি আপনার বই?	Is this your book?
এটা কি তোমার বই?	Is this your book?
আমার পরিবার ধনী।	My family is rich.
আমার বাবা এখানে।	My father is here.
আমার বাবা লম্বা।	My father is tall.
লোকেরা রেগে ছিল।	People were angry.
কক্ষটি উষ্ণ ছিল।	The room was warm.
এই টেবিলটি আমার।	This desk is mine.
টম বাইরে ঘুমালো।	Tom slept outside.
তুমি কী পেয়েছো?	What've you found?
আপনি কখন ব্যস্ত?	When are you busy?
সবাই সুখী ছিলো।	Everyone was happy.
সবাই খুশি ছিলো।	Everyone was happy.
তিনি জাপানি নন।	He is not Japanese.
উনি ভালো মানুষ।	He's a good person.
এটা কি টমের বই?	Is this Tom's book?
এখন সাতটা সময়।	It's seven o'clock.
এখন তিনটা সময়।	It's three o'clock.
আমার পেট ভর্তি।	My stomach is full.
উনি ফল খাচ্ছেন।	She's eating fruit.
খুব ভাল বুদ্ধি!	That's a good idea!
সময় বদলে গেছে।	Times have changed.
টম ঘুমাচ্ছে না।	Tom isn't sleeping.
টম ওর কথা রাখে।	Tom keeps his word.
তোমারা কী করছো?	What are you doing?
আপনি কী করেছেন?	What have you done?
এটা কোন স্টেশন?	What station is it?
কোথায় যাচ্ছেন?	Where're you going?
আপনি খুব সাহসী।	You are very brave.
তুমি খুব সাহসী।	You are very brave.
আমি হয়তো সঠিক।	You might be right.
তুই আমার মেয়ে।	You're my daughter.
আপনি সময় নিন।	Just take your time.
আমার মা চটপটে।	My mother is active.
আমি এইটাই চাই।	This is what I want.
টম কষ্ট করেনি।	Tom didn't struggle.
টম শতভাগ সঠিক।	Tom is 100% correct.
টম এখন গারদে।	Tom is now in prison.
পুলিশ কোথায়?	Where are the police?
তোমরা বোঝ না।	You don't understand.
দুধ খাচ্ছেন?	Are you drinking milk?
ও আমার দিদি।	She's my older sister.
টমের সঙ্গে যোগাযোগ করো।	Contact Tom.
আমি টমকে বরখাস্ত করেছি।	I fired Tom.
আমি আপনাকে বিশ্বাস করি।	I trust you.
আমি তোমাকে বিশ্বাস করি।	I trust you.
আমায় সাহায্য করতে দাও।	Let me help.
আমি অবাক হয়ে গেছিলাম।	I was amazed.
আমার কোমর ব্যাথা করছে।	My hip hurts.
আমার মারি ব্যাথা করছে।	My jaw hurts.
আমি এটা করতে পারব না।	I can't do it.
আমি ওনাকে নিয়ে যাবো।	I'll take him.
আমি তাঁকে নিয়ে যাবো।	I'll take him.
আমার কাছে ওয়াইন আছে।	I've got wine.
আমার পিঠ ব্যাথা করছে।	My back hurts.
সে আমাকে এড়িয়ে চলে।	She avoids me.
জুয়া খেলা বন্ধ করুন।	Stop gambling.
হ্যাঁ, এটা আমি করেছি।	Yes, I did it.
আমি ঘুমিয়েছিলাম না।	I didn't sleep.
আমি নুডলস পছন্দ করি।	I like noodles.
আমি স্বপ্ন দেখছিলাম।	I was dreaming.
আমি খুব দ্রুত ছিলাম।	I was too fast.
আমি সেখানে ছিলাম না।	I wasn't there.
শুধু এইখানে সই করুন।	Just sign here.
তাঁরা ঝগড়া করছিলেন।	They quarreled.
ওনারা ঝগড়া করছিলেন।	They quarreled.
টম গাড়ি বিক্রি করে।	Tom sells cars.
টম ভালো সাঁতার কাটে।	Tom swims well.
আপনি কি ওখানে ছিলেন?	Were you there?
আমার স্বামিকে ডাকো।	Call my husband.
ওই দরজাটা বন্ধ করো।	Close that door.
আপনারা কি মাংস খান?	Do you eat meat?
সবাই সেটা দেখেছিলো।	Everyone saw it.
টমকে একটা চুমু দিন।	Give Tom a kiss.
টমকে একটা চুমু দাও।	Give Tom a kiss.
আমি তোমাকে দেখি না।	I don't see you.
আমি আপনাকে দেখি না।	I don't see you.
আমি জাপানে বাস করি।	I live in Japan.
আমি ফুটবল ভালোবাসি।	I love football.
আমি উদ্বিগ্ন ছিলাম।	I was concerned.
আমি অমনোযোগী ছিলাম।	I was negligent.
আমি একলা হয়ে যাবো।	I'll get lonely.
আমি প্রায় নিশ্চিত।	I'm almost sure.
আমি রান্না করছি না।	I'm not cooking.
আমি ঈর্ষাপরায়ণ নই।	I'm not jealous.
আমার তেষ্টা পায়নি।	I'm not thirsty.
আমি চিৎকার করছি না।	I'm not yelling.
আমি মোটামুটি লম্বা।	I'm pretty tall.
টম কি স্বপ্ন দেখছে?	Is Tom dreaming?
বাড়িতে কি কেউ আছে?	Is anybody home?
ওই মহিলাটিকে থামান।	Stop that woman.
ওই মহিলাটিকে আটকান।	Stop that woman.
ওই মহিলাটিকে থামাও।	Stop that woman.
ওই মহিলাটিকে আটকাও।	Stop that woman.
তারা সবাই কথা বললো।	They all talked.
তারা পরোয়া করে না।	They don't care.
তারা রেগে গিয়েছিল।	They grew angry.
আমরা ওদেরকে দেখেছি।	We've seen them.
আপনি স্বপ্ন দেখছেন।	You're dreaming.
পাখিদের চঞ্চু আছে।	Birds have beaks.
টমের কথা ভুলে যাও।	Forget about Tom.
টমের কথা ভুলে যান।	Forget about Tom.
তার লম্বা চুল আছে।	He has long hair.
ও ফরাসিতে কথা বলে।	He speaks French.
এই নাও তোমার ব্যগ।	Here is your bag.
মুখ সামলে কথা বলো!	Hold your tongue!
কি লজ্জার ব্যাপার।	How embarrassing!
আমি তোর সাথে একমত।	I agree with you.
আমি আপনাকে চাই না।	I don't want you.
আমার বীমা করা আছে।	I have insurance.
আমার গ্লাসটি ভরতি।	My glass is full.
আগামীকাল দেখা হবে।	See you tomorrow.
টম চেঁচাতেই থাকলো।	Tom kept yelling.
অারো অাস্তে হাঁটো।	Walk more slowly.
আমার রেজার কোথায়?	Where's my razor?
আপনি একজন ডাক্তার।	You are a doctor.
তোমার জ্বর হয়েছে।	You have a fever.
আপনার বন্ধু লাগবে।	You need friends.
তোমার বন্ধু লাগবে।	You need friends.
তোমার ঘুমানো উচিৎ।	You should sleep.
আপনার ঘুমানো উচিৎ।	You should sleep.
আপনি চিৎকার করছেন।	You're screaming.
তোমরা চিৎকার করছো।	You're screaming.
আপনারা সবাই তৈরী?	Are you all ready?
আপনি ঠিক আছেন তো?	Are you all right?
আপনি কি যেতে চান?	Do you want to go?
সবাই চিৎকার করলো।	Everyone screamed.
আমি জানি এটা ভুল।	I know it's wrong.
সূর্যোদয় দেখলাম।	I saw the sunrise.
আমি অজ্ঞান ছিলাম।	I was unconscious.
সে চারপাশে তাকাল।	She looked around.
সূর্য উদিত হচ্ছে।	The sun is rising.
ওরা সবাই চেঁচালো।	They all screamed.
ওদের বন্ধু লাগবে।	They need friends.
এদের বন্ধু লাগবে।	They need friends.
তারা বিবাহিত ছিল।	They were married.
তারা বেঁচে থাকবে।	They will survive.
টম খুব ধর্মনিষ্ঠ।	Tom is very pious.
টম কী নিয়ে আসবে?	What'll Tom bring?
আপনি কী পেয়েছেন?	What've you found?
তুমি কোথায় থাকো?	Where do you live?
তুমি জানো আমি কে।	You know who I am.
আপনি সেই চিকিৎসক।	You're the doctor.
আপনি কি চিকিৎসক?	Are you the doctor?
সবাই ওখানে ছিলো।	Everyone was there.
উনি এখনো আসেননি।	He hasn't come yet.
তিনি ভালো মানুষ।	He's a good person.
আমি যেতে চাই না।	I don't want to go.
আমার চাদরটা চাই।	I want the blanket.
আমি গ্রন্থাগারে।	I'm at the library.
এই বইটা কি টমের?	Is this book Tom's?
টাকায় টাকা আনে।	Money begets money.
কেউ কথা বলছে না।	Nobody is speaking.
তিনি ফল খাচ্চেন।	She's eating fruit.
এই বাড়িটা আমার।	This house is mine.
টম তার কথা রাখে।	Tom keeps his word.
টম আঘাত পাবে না।	Tom won't get hurt.
আমরা সেরা বন্ধু।	We're best friends.
আপনারা কী করছেন?	What are you doing?
এখানে কি হয়েছে?	What happened here?
জাদুঘরটি কোথায়?	Where's the museum?
তোমার শিক্ষক কে?	Who's your teacher?
টম কাঁদছিলো কেন?	Why was Tom crying?
তোমরা খুব সাহসী।	You are very brave.
তুমি আমার মেয়ে।	You're my daughter.
জানলাগুলো খোলে?	Do the windows open?
আপনার সবজি খান।	Eat your vegetables.
আমি ভুলে যাইনি।	I haven't forgotten.
এটা যৌক্তিক না।	It isn't reasonable.
তারা খ্রিস্টান।	They are Christians.
এটা আমার মেয়ে।	This is my daughter.
সেটা কোন তলায়?	What floor is it on?
এটা কোন রাস্তা?	What street is this?
আজকের তারিখ কত?	What's today's date?
টম কোথায় থাকে?	Where does Tom live?
কোনো লিফট আছে?	Is there an elevator?
ভেতরে খুব গরম।	It's very hot inside.
নিয়মগুলো সহজ।	The rules are simple.
টম আপনার মতোই।	Tom is just like you.
বাথরুম কোথায়?	Where's the bathroom?
পুলিশ কি আসবে?	Will the police come?
আপনি বোঝেন না।	You don't understand.
আমি অসুস্থ হয়ে পরেছিলাম।	I got sick.
টমের সঙ্গে যোগাযোগ করুন।	Contact Tom.
তুমি অজ্ঞান হয়ে গেছিলে।	You fainted.
ওকে ফ্যাকাসে দেখাচ্ছে।	He looks pale.
আমার ক্যান্সার হয়েছে।	I have cancer.
আমি হলুদ রঙ পছন্দ করি।	I like yellow.
আমি বাইরে দৌড়ে গেলাম।	I ran outside.
আমার মাথা ব্যাথা করছে।	My head aches.
আমার ঘাড় ব্যাথা করছে।	My neck hurts.
আমি একটি কলা খেয়েছি।	I ate a banana.
আমি একটু বিরতি নিলাম।	I took a break.
আমি আবার বিয়ে করেছি।	I've remarried.
টম আমাকে চিমটি কাটলো।	Tom pinched me.
আমার স্বামিকে ডাকুন।	Call my husband.
নিঃশ্বাস নিতে পারছো?	Can you breathe?
ওই দরজাটা বন্ধ করুন।	Close that door.
সাবধানে গাড়ি চালান।	Drive carefully.
সাবধানে গাড়ি চালাও।	Drive carefully.
ফ্যাশন পরিবর্তন হয়।	Fashions change.
এই নাও তোমাদের চাবি।	Here's your key.
এই নিন আপনাদের চাবি।	Here's your key.
আমি মরে যেতে পারতাম।	I could've died.
আমি থামতে পারলাম না।	I couldn't stop.
আমার রক্তাল্পতা আছে।	I have leukemia.
আমার লিউকেমিয়া আছে।	I have leukemia.
আমি ফুটবল পছন্দ করি।	I like football.
আমার এক মিনিট দরকার।	I need a minute.
আমার একটা গীটার চাই।	I want a guitar.
আমার ওই ব্যাগটা চাই।	I want that bag.
আমি কাছাকাছিই থাকবো।	I'll stay close.
আমি কখনই ভুল করি না।	I'm never wrong.
আমার তৃষ্ণা পায় নি।	I'm not thirsty.
আমি অপেক্ষা করছি না।	I'm not waiting.
বাড়িতে কি কেউ আছেন?	Is anybody home?
ওটা কি কাছাকাছি আছে?	Is it near here?
এখন প্রায় ছটা বাজে।	It's almost six.
চলো, তৈরী হওয়া যাক।	Let's get ready.
সে তাকে বিয়ে করেছে।	She married him.
ওনারা সবাই কথা বললো।	They all talked.
ওনারা পরোয়া করে না।	They don't care.
টম অদৃশ্য হয়ে গেলো।	Tom disappeared.
টম তারাতারি কথা বলে।	Tom speaks fast.
ওইখানে অপেক্ষা করুন।	Wait over there.
আমরা ফরাসি ভাষা বলি।	We speak French.
আমরা তাদেরকে দেখেছি।	We've seen them.
অনুগ্রহ করে শুনবেন!	Attention please!
তুমি কি এখানে থাকো?	Do you live here?
সে ফরাসিতে কথা বলে।	He speaks French.
এই নিন আপনার ব্যাগ।	Here is your bag.
মুখ সামলে কথা বলুন!	Hold your tongue!
আমি তোমার নাম জানি।	I know your name.
আমি আপনার নাম জানি।	I know your name.
আমি কাছাকাছিই থাকি।	I live near here.
আমি ঘুরতে ভালোবাসি।	I love to travel.
আমি কাজ করছিলাম না।	I wasn't working.
আমি আপনার সাথে যাব।	I'll go with you.
আমি এখনও ক্ষুধার্ত।	I'm still hungry.
হ্রদটা কি খুব গভীর?	Is the lake deep?
এটা কি আপনার গাড়ি?	Is this your car?
এটা কি তোমার গাড়ি?	Is this your car?
কেউ জানতে পারবে না।	No one will know.
টম মেরিকে চর মারলো।	Tom slapped Mary.
হাসপাতালে ফোন করো।	Call the hospital.
কাউকে কষ্ট দিও না।	Don't hurt anyone.
সবাই চিৎকার করলেন।	Everyone screamed.
সবকিছুই এখানে আছে।	Everything's here.
আমি সত্যিই দুঃখিত।	I really am sorry.
আমর কিছু টাকা চাই।	I want some money.
ওখানে কি কেউ আছেন?	Is somebody there?
এটা কি খাঁটি সোনা?	Is this pure gold?
আপেলটি সে খেয়েছে।	She ate the apple.
কেউ একজন কথা বলছে।	Someone's talking.
আরো আস্তে কথা বলো।	Speak more slowly.
তারা সবাই চেঁচালো।	They all screamed.
তাদের বন্ধু লাগবে।	They need friends.
টম একটি মাছ ধরেছে।	Tom caught a fish.
টম কেশেই যাচ্ছিলো।	Tom kept coughing.
আপনি কোথায় থাকেন?	Where do you live?
তুমি বেশি কাজ করো।	You work too much.
আপনিই সেই ডাক্তার।	You're the doctor.
আপনি খুব পরিষ্কার।	You're very clean.
এখন ওখানে যাস না।	Don't go there now.
এখন ওখানে যেও না।	Don't go there now.
সবাই আপনাকে চেনে।	Everyone knows you.
সে আমাকে চেনে না।	He doesn't know me.
তিনি এখনো আসেননি।	He hasn't come yet.
ও কাছাকাছিই থাকে।	He lives near here.
আমি নুডলস খাচ্ছি।	I'm eating noodles.
এই বইটা কি আপনার?	Is this book yours?
এই বইটা কি তোমার?	Is this book yours?
মেরি একজন বইপোকা।	Mary is a bookworm.
এখানে কেউ আসে নি।	No one's been here.
কেউই কথা বলছে না।	Nobody is speaking.
কেউ কথা বলছেন না।	Nobody is speaking.
তারা একসাথে গেছে।	They went together.
টমকে পাওয়া গেছে।	Tom has been found.
টম এখন এখানে নেই।	Tom isn't here now.
টম আলু পছন্দ করে।	Tom likes potatoes.
টম বস্টন গেছিলেন।	Tom visited Boston.
টম চা বানাচ্ছিলো।	Tom was making tea.
তার বাড়ি কোথায়?	Where is his house?
কোন টুপিটা আপনার?	Which cap is yours?
কোন টুপিটা তোমার?	Which cap is yours?
আপনারা খুব সাহসী।	You are very brave.
বসার জায়গা আছে?	Are seats available?
আপনি ডাক্তার না?	Aren't you a doctor?
তুমি ডাক্তার না?	Aren't you a doctor?
দুইটা সময়ে আসো।	Come at two o'clock.
ফুটবল একটা খেলা।	Football is a sport.
এটা কিভাবে ঘটলো?	How did this happen?
এটার কত দাম হবে?	How much will it be?
আমি টমের দাস নই।	I'm not Tom's slave.
এটা কি আসল রূপা?	Is this real silver?
টম ভাইরাসের মতো।	Tom is like a virus.
টম এটা কিনছে না।	Tom isn't buying it.
টম স্কুটার চড়ে।	Tom rides a scooter.
টম জোরে চেঁচালো।	Tom screamed loudly.
তুই কোথায় ছিলি?	Where have you been?
আপনার ঘর কোথায়?	Where is your house?
টম এখন স্বর্গে।	Tom is in heaven now.
ছবিগুলো কোথায়?	Where are the photos?
কিছুই কাজ করে।	Nothing really worked.
তুমি কী এনেছো?	What have you brought?
লিফটটা কোথায়?	Where is the elevator?
ওটা টেকসই না।	That isn't sustainable.
এটি আসল হীরা।	This is a real diamond.
সব ছেলেই সৎ।	All the boys are honest.
ওটার দাম কত?	How much does that cost?
আমি অজ্ঞান হয়ে গিয়েছিলাম।	I fainted.
আমি বাড়ি পালিয়ে গেছিলাম।	I ran home.
আপনি অজ্ঞান হয়ে গেছিলেন।	You fainted.
আমি টমকে সতর্ক করেছিলাম।	I warned Tom.
তাকে ফ্যাকাসে দেখাচ্ছে।	He looks pale.
আমার এটা প্রয়োজন ছিলো।	I wanted this.
আমার হাঁটু ব্যাথা করছে।	My knee hurts.
আমাকে ওখানে নিয়ে চলুন।	Take me there.
আমাদের ওখানে নিয়ে চলো।	Take us there.
আমাকে স্পর্শ করবেন না!	Don't touch me!
আমি তোমাকে মারতে পারি।	I can beat you.
আমি ঠিক বুঝতে পরছি না।	I don't get it.
আমি এখানে অপেক্ষা করব।	I'll wait here.
আমার দাঁত ব্যাথা করছে।	My tooth hurts.
এখান থেকে বাঁদিকে নিন।	Turn left here.
আমরা কি প্রস্তুত আছি?	Are we prepared?
ওটাকে কাছে নিয়ে আসো।	Bring it closer.
আমার খিঁচুনি হয়েছিল।	I had a seizure.
আমার এপিলেপসি হয়েছে।	I have epilepsy.
আমি জাপানে বসবাস করি।	I live in Japan.
আমিও তোমাকে ভালোবাসি।	I love you, too.
আমি কিছু একটা দেখলাম।	I saw something.
আমি টমকে ভোট দিয়েছি।	I voted for Tom.
আমি একজন ডাক্তার চাই।	I want a doctor.
আমি সঙ্গে সঙ্গে যাবো।	I'll come along.
আমি মোটামুটি নিশ্চিত।	I'm pretty sure.
আমার গলা ব্যাথা করছে।	My throat hurts.
এনারা পরোয়া করেন না।	They don't care.
টম মেরিকে লাথি মারলো।	Tom kicked Mary.
টম একটি বই হারিয়েছে।	Tom lost a book.
টম মহিলাদের ভালোবাসে।	Tom loves women.
আমরা ওনাদেরকে দেখেছি।	We've seen them.
কেন আমরা স্বপ্ন দেখি?	Why do we dream?
আপনার হাতে সময় আছে?	Do you have time?
তোমার হাতে সময় আছে?	Do you have time?
আপনি কি এখানে থাকেন?	Do you live here?
তোমরা কি এখানে থাকো?	Do you live here?
আমি আপনার সাথে একমত।	I agree with you.
আমি তোমার সাথে একমত।	I agree with you.
আমি দাড়ি কাটতে চাই।	I'd like a shave.
আকাশটা পরিষ্কার আছে।	The sky is clear.
টম এটা নিয়ে এসেছিল।	Tom brought this.
আমাদের বৃষ্টি দরকার।	We need the rain.
তুমি ওখানে যেতে পার।	You may go there.
আপনারা চিৎকার করছেন।	You're screaming.
তোমরা সবাই তৈরী তো?	Are you all ready?
হাসপাতালে ফোন করুন।	Call the hospital.
আপনার কি গাড়ি আছে?	Do you have a car?
আমি ওই গল্পটা জানি।	I know that story.
চলো হ্যান্ডশেক করি।	Let's shake hands.
আরেকবার ভেবে দেখুন।	Please reconsider.
আরো আস্তে কথা বলুন।	Speak more slowly.
সূর্য একটি নক্ষত্র।	The sun is a star.
তুমি কি ঘুমাচ্ছিলে?	Were you sleeping?
আপনি বেশি কাজ করেন।	You work too much.
আর একদিন চলে গেলো।	Another day passed.
এখান থেকে চলে যান।	Get away from here.
এখান থেকে চলে যাও।	Get away from here.
সে কাছাকাছিই থাকে।	He lives near here.
আমার একজন ভাই আছে।	I have one brother.
আমি পরে ফিরে আসবো।	I'll be back later.
আমি টমের সাথে আসব।	I'll come with Tom.
সবকিছু ঠিক আছে তো?	Is everything okay?
কেউই কথা বলছেন না।	Nobody is speaking.
ওখানে কেউ থাকে না।	Nobody lives there.
কেউ যুদ্ধ চায় না।	Nobody wants a war.
কেউ নাক ডাকছিল না।	Nobody was snoring.
এটা একটা হাসপাতাল।	This is a hospital.
এই দলটা শক্তিশালী।	This team is tough.
টম ওনার কথা রাখেন।	Tom keeps his word.
টম তাঁর কথা রাখেন।	Tom keeps his word.
টম আর কোথায় যাবে?	Where would Tom go?
ফুলদানিটা কে ভাঙল?	Who broke the vase?
কে শুরু করতে চায়?	Who wants to begin?
তুমি বিছানায় কেন?	Why are you in bed?
দুইটা সময়ে আসেন।	Come at two o'clock.
দুইটা সময়ে আসিস।	Come at two o'clock.
বাঘ কি পাখি খায়?	Do tigers eat birds?
সেটা কেমন শোনায়?	How does that sound?
আমি কাউকে মারিনি।	I didn't hit anyone.
আমি রোমে গেছিলাম।	I have been to Rome.
আমি এই কোটটা নেব।	I'll take this coat.
আমি তোর বন্ধু নই।	I'm not your friend.
এখনো বৃষ্টি পরছে?	Is it still raining?
কেউ কেকটি খায়নি।	No one ate the cake.
কেকটি কেউ খায়নি।	No one ate the cake.
টম এখনো বিছানায়।	Tom is still in bed.
টমকে থামাতেই হবে।	Tom must be stopped.
টম মেরিকে শাসালো।	Tom threatened Mary.
তুমি কোথায় ছিলে?	Where have you been?
আপনি কি টমের মা?	Are you Tom's mother?
ও আমার থেকে ছোট।	He's younger than me.
এ আমার থেকে ছোট।	He's younger than me.
তা কীভাবে সম্ভব?	How is that possible?
একটু সময় লাগবে।	It'll take some time.
এটা আমার দোষ না।	That wasn't my fault.
সময় চলে যাচ্ছে।	The clock is ticking.
কোথায় যাচ্ছিলে?	Where were you going?
গোসলখানা কোথায়?	Where's the bathroom?
আপনারা বোঝেন না।	You don't understand.
তোমার উত্তর ভুল।	Your answer is wrong.
আপনার উত্তর ভুল।	Your answer is wrong.
দুর্ঘটনা ঘটবেই।	Accidents will happen.
আমি কিছু খাইনি।	I didn't eat anything.
পৌনে দুটো বাজে।	It's a quarter to two.
দরজা বন্ধ করুন।	Please close the door.
কেকটা সুস্বাদু।	The cake is delicious.
টম খুব ধার্মিক।	Tom is very religious.
আপনি কী এনেছেন?	What have you brought?
তেশরা অক্টোবর।	It's October the third.
নদীটি বিপদজনক।	The river is dangerous.
এটি টেকসই নয়।	This isn't sustainable.
টম আংশিক সঠিক।	Tom is partially right.
টম এখনো গারদে।	Tom is still in prison.
আমরা এখন খাবো।	We're going to eat now.
ওইটার দাম কত?	How much does that cost?
আমি কতো পাবো?	How much will I receive?
ওনাকে ফ্যাকাসে দেখাচ্ছে।	He looks pale.
আমি চলচ্চিত্র পছন্দ করি।	I like movies.
আমাদের ওখানে নিয়ে চলুন।	Take us there.
আমরা কি এটা রাখতে পারি?	Can we keep it?
তুমি কি আমাকে ঘৃণা করো?	Do you hate me?
আমি তোমাকে পেটাতে পারি।	I can beat you.
আমাকে বিশ্রাম নিতে হবে।	I need to rest.
আমি একজন স্বাধিন মানুষ।	I'm a free man.
আমার কব্জি ব্যাথা করছে।	My wrist hurts.
আমাদের চেষ্টা করতে হবে।	We have to try.
ওটাকে কাছে নিয়ে আসুন।	Bring it closer.
ঐ গাড়িটি অনুসরণ করুন।	Follow that car.
আমি আমার বইটি পেয়েছি।	I found my book.
আমি সবে বাড়ি পৌছালাম।	I just got home.
আমার একটা বন্ধু লাগবে।	I need a friend.
আমি একজন শিক্ষক ছিলাম।	I was a teacher.
আমি পাথর হয়ে গেছিলাম।	I was petrified.
আমি অনেক বেশি কাজ করি।	I work too much.
আমি এটা নিয়ে কাজ করব।	I'll work on it.
আমি একজন ভালো রাঁধুনি।	I'm a good cook.
আমি এখন ঘাবড়িয়ে আছি।	I'm nervous now.
আমি যাওয়ার জন্য তৈরি।	I'm ready to go.
আমি যথেষ্ট সহ্য করেছি।	I've had enough.
এখানে অপেক্ষা করা যাক।	Let's wait here.
পাঁচটার সময় দেখা হবে।	See you at five.
এটাকে বাইরে নিয়ে যান।	Take it outside.
টম বাড়িতে থাকতে পারে।	Tom may be home.
কোন পায়ে ব্যাথা করছে?	Which leg hurts?
উনি ফরাসিতে কথা বলেন।	He speaks French.
আমি ওটা খেতে পারব না।	I can't eat that.
আমি টমকে ভালোবাসি না।	I don't love Tom.
আমি আপনাদের নাম জানি।	I know your name.
আমি তোমাদের নাম জানি।	I know your name.
আমি বেড়াতে ভালোবাসি।	I love to travel.
আমি সত্যিই রেগে গেছি।	I'm really angry.
আমার বাবা ধূমপান করে।	My father smokes.
আমার পেট ব্যাথা করছে।	My stomach hurts.
কেউ যুদ্ধ ভালবাসে না।	No one loves war.
কষ্ট করলে কেষ্ট মেলে।	No pain, no gain.
টমকে বাইরে নিয়ে যান।	Take Tom outside.
এই দাঁতটা ব্যথা করছে।	This tooth hurts.
টম মেরিকে শাদি করেছে।	Tom married Mary.
আমরা এখানে আটকে গেছি।	We're stuck here.
তোমরা ওখানে যেতে পার।	You may go there.
তুমি কোনো ডাক্তার নও।	You're no doctor.
আপনারা সবাই তৈরী তো?	Are you all ready?
আপনি কি নৌকার মালিক?	Do you own a boat?
তুমি কি বুঝতে পারছো?	Do you understand?
আমাকে তলোয়ারটা দাও।	Give me the sword.
আমি যেতে ভয় পাচ্ছি।	I am afraid to go.
আমার একটা মেয়ে আছে।	I have a daughter.
আমার দুটো ভাইঝি আছে।	I have two nieces.
আমার ডায়াবেটিস আছে।	I've got diabetes.
আমার বাবা এখানে আছে।	My father is here.
গাড়িটা এখানে থামান।	Stop the car here.
তাঁরা সবাই চেঁচালেন।	They all screamed.
ওনারা সবাই চেঁচালেন।	They all screamed.
টমের জেতা উচিত ছিলো।	Tom should've won.
টম আমাদের সাথে থাকে।	Tom stays with us.
আমাদের টাকাটা দরকার।	We need the money.
সবাই সন্তুষ্ট ছিলো।	All were satisfied.
তোর দুধটা খেয়ে নে।	Drink up your milk.
চিড়িয়াখানা কতদূর?	How far is the zoo?
আমি তোমার শত্রু নই।	I'm not your enemy.
আমি আপনার শত্রু নই।	I'm not your enemy.
আমি সেটা এখন পড়ছি।	I'm reading it now.
এই বইটা কি একঘেয়ে?	Is the book boring?
আমার বাবা খোলামেলা।	My father is frank.
টম কাশতে শুরু করলো।	Tom began coughing.
সেটা আমি কখন করলাম?	When did I do that?
তুমি কি নিচে আসবে?	Are you coming down?
অত দ্রুত বলবেন না।	Don't speak so fast.
আমি টমকে পরে বলবো।	I'll tell Tom later.
আমি স্কুলে যাচ্ছি।	I'm going to school.
আমি হাসপাতালে আছি।	I'm in the hospital.
আমি এতে গর্বিত নই।	I'm not proud of it.
এটা কি আপনার চিঠি?	Is this your letter?
সে ডাক্তার হয়েছে।	She became a doctor.
ভেতরে একটা ঘর আছে।	There's room inside.
টম ডাক্তার হয়েছে।	Tom became a doctor.
আমরা নিয়ম মেনেছি।	We obeyed the rules.
তুমি কী ভুলে গেলে?	What did you forget?
আপনি কোথায় ছিলেন?	Where have you been?
তাদের গাড়ি কোনটা?	Which car is theirs?
তোমাদের শিক্ষক কে?	Who is your teacher?
আপনি অবদান রাখছেন।	You're contributing.
টম কি টেনিস খেলে?	Does Tom play tennis?
সে আমার থেকে ছোট।	He's younger than me.
এই গাছটা বয়স কত?	How old is this tree?
গ্যারেজ খালি ছিল।	The garage was empty.
পুলিশ এখানে ছিলো।	The police were here.
গুজবটা সত্যি নয়।	The rumor isn't true.
এটার দাম পড়বে €৩০।	This will cost €30.
টম বেশ ভালো নাচে।	Tom dances very well.
কে এখন খেতে চায়?	Who wants to eat now?
তুমি খুব অহংকারী।	You're very arrogant.
তোমার উত্তর সঠিক।	Your answer is right.
আপনার উত্তর সঠিক।	Your answer is right.
বাকি সবাই হাসলো।	Everyone else laughed.
আমি আর তরুণ নেই।	I'm not young anymore.
সে এক্ষুনি আসছে।	She is coming at once.
আমাকে বল কি চাস।	Tell me what you want.
তোর পুরো নাম কী?	What's your full name?
শীঘ্রই শীত আসছে।	Winter is coming soon.
ফরাসি কঠিন নয়।	French isn't difficult.
এটাই শেষ ট্রেন।	This is the last train.
টম খুব কম হাসে।	Tom hardly ever laughs.
তুই কি হতে চাস?	What do you want to be?
টম বাস চালাতো।	Tom used to drive a bus.
বাস ভাড়া কত?	How much is the bus fare?
আর একটু নেবে?	Would you like some more?
আর একটু নিবি?	Would you like some more?
আমি একটি বই বিক্রি করেছি।	I sold a book.
আপনি কি আমাকে ঘৃণা করেন?	Do you hate me?
আমি ছবি আঁকতে পছন্দ করি।	I like drawing.
আমি ওকে লাফ দিতে দেখলাম।	I saw him jump.
আমি একে লাফ দিতে দেখলাম।	I saw him jump.
আমি বিদেশে পড়াশুনা করি।	I study abroad.
আমি পায়ে হেঁটে গেছিলাম।	I went on foot.
আমার এখন তিরিশ বছর বয়স।	I'm thirty now.
সেই মানুষগুলো মারা গেছে।	Those men died.
আবার পরে জিজ্ঞাসা করবে।	Ask again later.
আবার পরে জিজ্ঞাসা কোরো।	Ask again later.
আমার স্বামিকে ফোন করুন।	Call my husband.
প্রত্যেকে এটা দেখেছিলো।	Everyone saw it.
আমি জ্বর জ্বর বোধ করছি।	I feel feverish.
আমার কাছে তালিকাটি আছে।	I have the list.
আমার আজকে এটা প্রয়োজন।	I need it today.
আমি আপনার সহায়তা করবো।	I'll assist you.
আমি খালি জিজ্ঞাসা করছি।	I'm just asking.
যাওয়ার সময় হয়ে গেছে।	It's time to go.
অনুগ্রহ করে এখানে বসুন।	Please sit here.
এটাকে ডাকে পাঠিয়ে দিন।	Send it by mail.
এটাকে ডাকে পাঠিয়ে দাও।	Send it by mail.
ঠিক এখানেই অপেক্ষা করো।	Wait right here.
আমরা যুদ্ধ ঘোষণা করেছি।	We declared war.
আমাদের চলে যাওয়া উচিত।	We should leave.
আমরা টমকে খুজে পেয়েছি।	We've found Tom.
ডাক্তারের পরামর্শ নিন।	Consult a doctor.
আপনারা কি এখানে থাকেন?	Do you live here?
আমি ভালো দেখতে পাই না।	I can't see well.
আমার কাছে এটা ছিলো না।	I didn't have it.
আমি আমার জুতো পেয়েছি।	I found my shoes.
আমি ঘরটা ছেড়ে দিচ্ছি।	I'm checking out.
আমার বেশ খিদে পেয়েছে।	I'm quite hungry.
টম কি সন্তুষ্ট হয়েছে?	Is Tom satisfied?
আজ আবহাওয়া ঝোড়ো আছে।	It's windy today.
কেউ যুদ্ধ ভালোবাসে না।	Nobody loves war.
গ্রীষ্ম শেষ হয়ে গেছে।	Summer has ended.
টম চিৎকার করতেই থাকলো।	Tom kept yelling.
আপনি ওখানে যেতে পারেন।	You may go there.
আপনি কি বুঝতে পারছেন?	Do you understand?
তোমরা কি বুঝতে পারছো?	Do you understand?
আপনার যা চাই তাই খান।	Eat what you want.
তোমার যা চাই তাই খাও।	Eat what you want.
আমি ফরাসি পড়তে পারি।	I can read French.
আমি ওটা পছন্দ করি না।	I don't like that.
আমি এটা পছন্দ করি না।	I don't like this.
আমার একটা চুক্তি আছে।	I have a contract.
আমার দুটো ভাগ্নী আছে।	I have two nieces.
আমি টমকে কখনও পাই নি।	I never found Tom.
আমি শুধু মজা করছিলাম।	I was just joking.
আমি খেলাধুলায় খারাপ।	I'm bad at sports.
আমার বাবা ব্যস্ত আছে।	My father is busy.
আমার বাবা এখানে আছেন।	My father is here.
তিনি আপেলটি খেয়েছেন।	She ate the apple.
আপেলটি তিনি খেয়েছেন।	She ate the apple.
তিনি ফুল বিক্রি করেন।	She sells flowers.
কিছু একটা ভুল হয়েছে।	Something's wrong.
আমার থেকে দূরে থাকুন।	Stay away from me.
ধন্যবাদ, ডাক্তারবাবু।	Thank you, Doctor.
ওটা একটা খারাপ লক্ষণ।	That's a bad sign.
ওরা সবাই চিৎকার করলো।	They all screamed.
টমের মাথায় টুপি নেই।	Tom has no hat on.
টম মেরিকে অপমান করলো।	Tom insulted Mary.
তোর একটা বন্ধু লাগবে।	You need a friend.
তুমি কি আদৌ কাজ করো?	Do you work at all?
এখন সেখানে যাবেন না।	Don't go there now.
এখন সেখানে যেও না।	Don't go there now.
সবাই টমকে পছন্দ করত।	Everyone liked Tom.
তিনি আমাকে চেনেন না।	He doesn't know me.
উনি কাছাকাছিই থাকেন।	He lives near here.
আমি টমকে গুলি করিনি।	I didn't shoot Tom.
আমি বুঝতে পারলাম না।	I don't understand.
আমার দুটো ভাইপো আছে।	I have two nephews.
আমি তার ঠিকানা জানি।	I know her address.
আমার এই গীটারটা চাই।	I want this guitar.
এটা একটা কৃষ্ণগহ্বর।	It is a black hole.
এটি গুরুত্বপূর্ণ না।	It's not important.
প্রেম করো, যুদ্ধ না।	Make love, not war.
তারা আমাদের চেনে না।	They don't know us.
টম আবার চিৎকার করবে।	Tom screamed again.
টম তার মাথা নাড়ালো।	Tom shook his head.
আমরা যা চাই তাই করি।	We do what we want.
আপনি কি সৈনিক ছিলেন?	Were you a soldier?
তোমাকে সুন্দর লাগছে।	You look beautiful.
আপনি কি নিচে আসবেন?	Are you coming down?
আমি এমন কিছু করিনি।	I did no such thing.
আমি এখন ভাত খাচ্ছি।	I'm eating rice now.
আমি চেঁচাতে যাচ্ছি।	I'm going to scream.
আমি আপনার বন্ধু নই।	I'm not your friend.
আমি তোমার বন্ধু নই।	I'm not your friend.
আমি তোদের বন্ধু নই।	I'm not your friend.
তিনি তার সাথে একমত।	She agreed with him.
তাদের সত্যিটা বলুন।	Tell them the truth.
ওরা সবাই সুখী ছিলো।	They were all happy.
ওরা সবাই খুশি ছিলো।	They were all happy.
টম তার মাথা নাড়লো।	Tom nodded his head.
টম দৌড়ে উপরে গেলো।	Tom rushed upstairs.
টম জীববিজ্ঞান পড়ে।	Tom studies biology.
আমরা এখনও কাজ করছি।	We're still working.
আপনি কী ভুলে গেলেন?	What did you forget?
তুমি চেঁচাচ্ছো কেন?	Why are you yelling?
আপনি ইংরেজি পড়েন?	Do you study English?
তুমি কতটা খেয়েছো?	How much did you eat?
আমিও শিক্ষক ছিলাম।	I was a teacher, too.
আমার বাবা বাড়িতে।	My father is at home.
দয়া করে কিছু খান।	Please eat something.
এই হচ্ছে টমের বোন।	This is Tom's sister.
টম ওটা নিজেই করলো।	Tom did that himself.
টম কথা বলা থামালো।	Tom stopped speaking.
আমি এখানে কি করছি?	What am I doing here?
হাসপাতালটা কোথায়?	Where's the hospital?
চিঠিটা কে লিখেছিল?	Who wrote the letter?
এত তাড়াতাড়ি কেন?	Why are you so early?
তুই আমার বন্ধু না।	You're not my friend.
ও এখন লাঞ্চ করছে।	He's eating lunch now.
তুমি কতক্ষণ ছিলে?	How long did you stay?
তুই কতক্ষণ ছিলিস?	How long did you stay?
আমিও ওটা বুঝি না।	I don't get it either.
আমি টেনিস খেলতাম।	I used to play tennis.
আমি গান গেতে চাই।	I want to sing a song.
গতকাল ঠাণ্ডা ছিল।	It was cold yesterday.
আমি এতেই অভ্যস্ত।	It's what I'm used to.
আমাকে বলো কি চাও।	Tell me what you want.
লোকটা একজন সৈনিক।	That man is a soldier.
টমও গীটার বাজায়।	Tom also plays guitar.
টম আমার মতই বড়ো।	Tom is as big as I am.
টম সিঁড়িতে বসলো।	Tom sat on the stairs.
পুলিশ কোথায় ছিল?	Where were the police?
কিছু আলুও কিনুন।	Buy some potatoes, too.
সবাই খুব ব্যস্ত।	Everybody is very busy.
সবাইকে সুপ্রভাত।	Good morning, everyone.
আমি এখন স্টেশনে।	I'm at the station now.
টম এখনো ইস্কুলে।	Tom is still at school.
ঠিক কী হয়েছিলো?	What actually happened?
আপনি কি হতে চান?	What do you want to be?
তুমি কি হতে চাও?	What do you want to be?
তুমি ভালো ছাত্র।	You are a good student.
এই ঘরে পড়ো না।	Don't read in this room.
আপনি নাচতে চান?	Would you like to dance?
আর একটু নেবেন?	Would you like some more?
তুই কী খাবি?	What would you like to eat?
টম আমাকে ছেড়ে চলে গিয়েছিল।	Tom left me.
আমাকে সাপে কামড় দিয়েছে।	A snake bit me.
আমাকে যাওয়ার অনুমতি দিন।	Allow me to go.
আমি টমকে অনুসরণ করেছিলাম।	I followed Tom.
আমি তাকে লাফ দিতে দেখলাম।	I saw him jump.
আবার পরে জিজ্ঞাসা করবেন।	Ask again later.
আমাকে কাল জিজ্ঞাসা কোরো।	Ask me tomorrow.
প্রত্যেকে সেটা দেখেছিলো।	Everyone saw it.
বাইরে গিয়ে অপেক্ষা করো।	Go wait outside.
নমস্কার! আপনি কেমন আছেন?	Hi! How are you?
আমি এটা সামলে নিতে পারি।	I can manage it.
আমার সেটাই প্রাপ্য ছিলো।	I deserved that.
আমি এটা অস্বীকার করি না।	I don't deny it.
আমার দাড়ি কামানো দরকার।	I need to shave.
টম আমাকে ছেড়ে চলে গেছে।	Tom has left me.
ঠিক এখানেই অপেক্ষা করুন।	Wait right here.
তোমার কি সাহায্য দরকার?	Do you need help?
সে আরবি ভাষায় কথা বলে।	He speaks Arabic.
আমি একটা চিৎকার শুনলাম।	I heard a scream.
আমার জ্যোতিষ ভালো লাগে।	I like astrology.
আমি এখনো টমকে ভালোবাসি।	I still love Tom.
আমি সাঁতার কাটতে সক্ষম।	I'm able to swim.
জাপান এশিয়ায় অবস্থিত।	Japan is in Asia.
কেউ যুদ্ধ পছন্দ করে না।	No one likes war.
টম মেরিকে থাপ্পর মারলো।	Tom slapped Mary.
আমরা এখন কোথায় রয়েছি?	Where are we now?
তাড়াতাড়ি এখানে আসুন।	Come here quickly.
এগুলো স্পর্শ করবেন না।	Don't touch these.
আমি একটা টিকিট কিনলাম।	I bought a ticket.
আমার মাথা ব্যথা হচ্ছে।	I have a headache.
আমার বুকে ব্যথা হচ্ছে।	I have chest pain.
আশা করি তারা রাজি হবে।	I hope they agree.
আমি যে কোনো কিছু খাবো।	I'll eat anything.
আমি বিলটা মিটিয়ে দেব।	I'll pay the bill.
আমি বাইরে অপেক্ষা করব।	I'll wait outside.
আমার কাঁধ ব্যাথা করছে।	My shoulder hurts.
তার কাছে একটি ছবি আছে।	She has a picture.
তারা সবাই চিৎকার করলো।	They all screamed.
ওইগুলো একটু বেশি বড়ো।	Those are too big.
আপনি রোবট পছন্দ করেন?	Do you like robots?
কুকুরকে খাবার দিও না।	Don't feed the dog.
প্রত্যেকে ওখানে ছিলো।	Everyone was there.
তিনি কাছাকাছিই থাকেন।	He lives near here.
আমি তোমাকে কথা দিলাম।	I give you my word.
আমি আপনাকে কথা দিলাম।	I give you my word.
আমার দুটো ভাগ্না আছে।	I have two nephews.
আমার বাবা ব্যস্ত ছিল।	My father was busy.
আমার ছুড়ি ভেঙে গেছে।	My knife is broken.
ওটা গুরুত্বপূর্ণ ছিল।	That was important.
এটা একটা খারাপ লক্ষণ।	This is a bad sign.
টম চেঁচাতে শুরু করলো।	Tom began to shout.
টম সেই মুভিটা দেখেছে।	Tom saw that movie.
আপনি কখন শুরু করেছেন?	When did you begin?
আমরা কোথায় দেখা করব?	Where will we meet?
সবাই টমকে ভালোবাসতো।	Everybody loved Tom.
ও খুব ধৈর্যশীল ছিলো।	He was very patient.
ওই কুকুরটার বয়স কত?	How old is that dog?
আমি জানি টম ক্লান্ত।	I know Tom is tired.
আমি দিনে €১০০ আয় করি।	I make €100 a day.
আমি বিদেশে যেতে চাই।	I want to go abroad.
আমি এখানে থাকতে চাই।	I want to stay here.
আমি আপনার মতামত চাই।	I want your opinion.
আমি তোমার মতামত চাই।	I want your opinion.
আমি কেবল ফেরত এসেছি।	I've just come back.
তোমাকে অনেক ধন্যবাদ।	Thank you very much.
বাসের দরজা খুলে গেল।	The bus door opened.
তারা সবাই সুখী ছিলো।	They were all happy.
তারা সবাই খুশি ছিলো।	They were all happy.
টম চিৎকার শুরু করলো।	Tom began screaming.
টম ফরাসি পড়তে পারে।	Tom can read French.
টম বাড়ির ভেতরে আছে।	Tom is in the house.
টম জোরে চিৎকার করলো।	Tom screamed loudly.
আমার মালপত্র কোথায়?	Where is my luggage?
কে আমাকে দেখতে চায়?	Who wants to see me?
তোমরা চেঁচাচ্ছো কেন?	Why are you yelling?
তিনি কেন এটা করেছেন?	Why did she do that?
প্রায় সবাই এসেছিল।	Almost everyone came.
তুমি কি ঘুমাতে চাও?	Do you want to sleep?
উনি হাসপাতালে আছেন।	He's in the hospital.
আপনি কতটা খেয়েছেন?	How much did you eat?
আমি টেনিস খেলছিলাম।	I was playing tennis.
আমি বেকারিতে গেলাম।	I went to the bakery.
এবার মন দিয়ে শোনো।	Now listen carefully.
পাখাটা কাজ করছে না।	The fan doesn't work.
ছত্রছাত্রিরা হাসলো।	The students laughed.
এই হচ্ছে টমের দিদি।	This is Tom's sister.
টম তার নাম পল্টালো।	Tom changed his name.
টম প্রথমে রাজি হয়।	Tom initially agreed.
টম গান গাইতে চলেছে।	Tom is going to sing.
টম ওর অফিসে রয়েছে।	Tom is in his office.
তুমি আমার বন্ধু নও।	You're not my friend.
ওটা একদম ভুলবে না।	Don't you forget that.
তোমার কি বাইক নেই?	Don't you have a bike?
আপনার কি বাইক নেই?	Don't you have a bike?
সবাই এখন এটা জানে।	Everyone knows it now.
সে এখন টিভি দেখছে।	He is watching TV now.
সে এখন লাঞ্চ করছে।	He's eating lunch now.
আপনি কতক্ষণ ছিলেন?	How long did you stay?
আমি ওতে গর্বিত নই।	I'm not proud of that.
এক অর্থে এটি সত্য।	It is true in a sense.
এটা সম্ভবত ভাইরাস।	It's probably a virus.
আমাকে কেউ বোঝে না।	Nobody understands me.
আমাকে বলেন কি চান।	Tell me what you want.
গবেষণাটি অসফল হলো।	The experiment failed.
টম পুলিশ ডেকেছিলো।	Tom called the police.
আপনার ছেলে কি করে?	What does your son do?
তোমার ছেলে কি করে?	What does your son do?
আমার রুম নম্বর কত?	What's my room number?
আপনার পুরো নাম কী?	What's your full name?
তোমার পুরো নাম কী?	What's your full name?
সবাই চেঁচাচ্ছিলো।	Everyone was screaming.
টম ট্রেনে ঘুমালো।	Tom slept on the train.
তুই কখন যেতে চাস?	When do you want to go?
আপনি কি আসতে চান?	Would you like to come?
তুমি কি আসতে চাও?	Would you like to come?
তিনটে বোতাম আছে।	There are three buttons.
টম বস্টনে থাকছে।	Tom is living in Boston.
টম গীটার বাজাতো।	Tom used to play guitar.
টম আলুগুলো ধুলো।	Tom washed the potatoes.
কী সুন্দর বাগান!	What a beautiful garden!
সোয়া নটা বাজে।	It's a quarter past nine.
নিবন্ধটি পড়ুন।	Read through the article.
টমও নিরামিষাশী।	Tom is also a vegetarian.
ডাকঘরটি কোথায়?	Where is the post office?
এইসব এত জটিল।	This is all so complicated.
তুমি কী খাবে?	What would you like to eat?
আমার গাঁটগুলো ব্যাথা করছে।	My joints ache.
আমাকে কাল জিজ্ঞাসা করবেন।	Ask me tomorrow.
এটা কি অনুভব করতে পারছেন?	Can you feel it?
তুমি যেমন আছ সেভাবেই আসো।	Come as you are.
টম মেরিকে সাহায্য করেছিল।	Tom helped Mary.
আমাকে আগামীকাল ফোন করবে।	Call me tomorrow.
আমাকে আগামীকাল ফোন কোরো।	Call me tomorrow.
আমার একটা বড় কুকুর আছে।	I have a big dog.
আমি কাশির আওয়াজ শুনলাম।	I heard coughing.
আমি পপ সঙ্গীত পছন্দ করি।	I like pop music.
আমি একটা ভুল করে ফেলেছি!	I made a mistake.
আমি একটা চিঠি লিখেছিলাম।	I wrote a letter.
দয়া এখানে অপেক্ষা করুন।	Please wait here.
ওদের কাছে বন্দুক রয়েছে।	They've got guns.
আমাদের কাছে শুধু চা আছে।	We only have tea.
আপনারা ওখানে যেতে পারেন।	You may go there.
আপনারা কি বুঝতে পারছেন?	Do you understand?
আপনাদের যা চাই তাই খান।	Eat what you want.
তোমাদের যা চাই তাই খাও।	Eat what you want.
তুমি কি পাগল হয়ে গেছো?	Have you gone mad?
আমি এখন ওটা করতে পারবো।	I can now do that.
আশা করি তারা সম্মত হবে।	I hope they agree.
আমি দেরি করে ফিরে আসবো।	I'll be back late.
আমি খুব একটা ব্যস্ত নই।	I'm not very busy.
কেউ তাকে সাহায্য করেনি।	Nobody helped her.
তিনি আপেলটি খেয়েছিলেন।	She ate the apple.
আপেলটি তিনি খেয়েছিলেন।	She ate the apple.
টম গান গাইতে ভালোবাসতো।	Tom loved to sing.
কোন দাঁতটা ব্যাথা করছে?	Which tooth hurts?
আপনার একটা বন্ধু লাগবে।	You need a friend.
তোমার একটা বন্ধু লাগবে।	You need a friend.
তুমি কি ঈর্ষান্বিত না?	Aren't you jealous?
আমি কি ওটা দেখতে পারি?	Can I see that one?
তোমার দুধটা খেয়ে নাও।	Drink up your milk.
আপনার দুধটা খেয়ে নিন।	Drink up your milk.
আমি আমার মেয়েকে চিনি।	I know my daughter.
আমি কেক খেতে ভালোবাসি।	I like eating cake.
আমি একটি পোষা বাঘ চাই।	I want a pet tiger.
আমার এখন খিদে পায় নি।	I'm not hungry now.
আমার ঠান্ডা লেগে গেছে।	I've caught a cold.
এই সীটটা কি ফাঁকা আছে?	Is this seat empty?
টম চেঁচাতে আরম্ভ করলো।	Tom began to shout.
টমের একটা বন্ধু লাগবে।	Tom needs a friend.
টম আজকে মেরীকে দেখেছে।	Tom saw Mary today.
আমার জন্য কি আদেশ আছে?	What are my orders?
আপনি কোথায় থেকেছিলেন?	Where did you stay?
এটা তোমাকে কে দিয়েছে?	Who gave it to you?
তুমি কি পুরোটা পরেছো?	Did you read it all?
তুই কি পুরোটা পরেছিস?	Did you read it all?
আপনার কি জ্বর হয়েছে?	Do you have a fever?
তাঁর দুটো মেয়ে ছিলো।	He had one daughter.
ওনার দুটো মেয়ে ছিলো।	He had one daughter.
এখন আপনার কেমন লাগছে?	How do you feel now?
এখন কেমন লাগছে আপনার?	How do you feel now?
আপনার মেয়ে কেমন আছে?	How's your daughter?
আমর কফি ভালো লাগে না।	I don't like coffee.
আমি জানি যে তুমি ধনী।	I know you are rich.
আমি ৬:৩০-এ ফিরে আসবো।	I'll return at 6:30.
আমি একটুও ক্লান্ত নই।	I'm not a bit tired.
আমি আপনাদের বন্ধু নই।	I'm not your friend.
আমি তোমাদের বন্ধু নই।	I'm not your friend.
চলো একটি সিনেমা দেখি।	Let's watch a movie.
টম চেঁচানো শুরু করলো।	Tom began screaming.
টম চিৎকার আরম্ভ করলো।	Tom began screaming.
টম মেরিকে ভয় দেখালো।	Tom threatened Mary.
টম মেরিকে হুমকি দিলো।	Tom threatened Mary.
তুমি চিৎকার করছো কেন?	Why are you yelling?
বাচ্চারাও সেটা জানে।	Any child knows that.
বস্টন একটা বড়ো শহর।	Boston is a big city.
কারো কি গুলি গেলেছে?	Did anybody get shot?
আপনার কি বেহালা আছে?	Do you have a violin?
তাঁর দুটো মেয়ে আছে।	He has two daughters.
ওনার দুটো মেয়ে আছে।	He has two daughters.
আমি সঠিকভাবে জানিনা।	I don't know exactly.
আমার পেট ব্যথা করছে।	I have a stomachache.
আমার দুটো মেয়ে আছে।	I have two daughters.
আমি তোমার শিক্ষক নই।	I'm not your teacher.
গাড়িটা নতুনের মতোই।	This car is like new.
এই হাত ব্যাগটি আমার।	This handbag is mine.
আপনি কখন ফিরে আসবেন?	When will you return?
ওটা আপনার কেন দরকার?	Why do you need that?
তুই কি দুধ খাচ্ছিস?	Are you drinking milk?
ওটা একদম ভুলবেন না।	Don't you forget that.
সকলেই এখন এটা জানে।	Everyone knows it now.
আমার অনেক টাকা আছে।	I have a lot of money.
আমার কাল ক্লাস আছে।	I have class tomorrow.
আমি তাকে খুশি করবো।	I will make her happy.
আমি যদি না কাঁদতাম।	I wish I hadn't cried.
আমি তাতে গর্বিত নই।	I'm not proud of that.
আপনার ঘড়ি ঠিক আছে?	Is your watch correct?
তোমার ঘড়ি ঠিক আছে?	Is your watch correct?
ওই বইটা খুব পুরানো।	That book is very old.
বাচ্চাটা চেঁচাচ্ছে।	The baby is screaming.
টম এবং আমি বিবাহিত।	Tom and I are married.
টম ভালো শিক্ষার্থী।	Tom is a good student.
টম গাড়িতে ছিলো না।	Tom wasn't in the car.
এর পরের স্টপ কোনটা?	What is the next stop?
ওখানে এখন কটা বাজে?	What time is it there?
আপনার মেয়ে কোথায়?	Where's your daughter?
তুমি বুঝতে পারো নি।	You didn't understand.
এই বইগুলো সরিও না।	Don't move these books.
সবাই চেঁচাচ্ছিলেন।	Everyone was screaming.
সে ভালো বেতন পায়।	He earns a good salary.
সে আমাদের গ্রামের।	He is from our village.
তিনি গানের শিক্ষক।	He's a singing teacher.
এই ঘড়িটার দাম কত?	How much is this clock?
আমার পছন্দ কালোটা।	I prefer the black one.
আমি পাহাড়ে ছিলাম।	I was in the mountains.
আমি সত্যিই লজ্জিত।	I'm really embarrassed.
এতে আমি অবাক হইনি।	It doesn't surprise me.
আজ বেশ ঠান্ডা আছে।	It's rather cold today.
ধন্যবাদ, এতেই হবে।	Thanks, this is enough.
সেটাই ঠিক, তাই না?	That's right, isn't it?
বেলুনটা ফেটে যাবে।	The balloon will burst.
এটা খুব ভালো মাটি।	This is very good soil.
টম কথা বলতে থাকলো।	Tom continued speaking.
টম খুব লম্বা ছেলে।	Tom is a very tall boy.
টম প্রচুর বই পড়ে।	Tom read lots of books.
কী দারুণ একটা রাত!	What a wonderful night!
বইটি কী সম্পর্কিত?	What is the book about?
তুমি কখন যেতে চাও?	When do you want to go?
আপনি কখন যেতে চান?	When do you want to go?
তোমরা কি আসতে চাও?	Would you like to come?
রান্নাঘরে যেও না।	Don't go in the kitchen.
পেঁয়াজের দাম কত?	How much are the onions?
আমার এক দাদা আছে।	I have an older brother.
আমি এখন খেতে চাই।	I would like to eat now.
ভবিষ্যৎ অনিশ্চিত।	The future is uncertain.
তারা কিছুই করেনি।	They didn't do anything.
বস্টনে কী হয়েছে?	What happened in Boston?
কে জিততে না চায়?	Who doesn't want to win?
কে না জিততে চায়?	Who doesn't want to win?
নিজে এসেই দেখো।	Come and see for yourself.
যেটাই পরম সত্য।	That's the absolute truth.
আপনি কী খাবেন?	What would you like to eat?
আমি কি এটা ব্যবহার করতে পারি?	Can I use it?
একটা গাড়ী টমকে ধাক্কা মারল।	A car hit Tom.
আপনাকে অসুস্থ বলে মনে হচ্ছে।	You look sick.
তোমাকে অসুস্থ বলে মনে হচ্ছে।	You look sick.
আমি কি এটা পরে দেখতে পারি?	Can I try it on?
আমি ঠান্ডা লাগিয়ে ফেলেছি।	I caught a cold.
আমি কিছু একটা দেখতে পেলাম।	I saw something.
আমি আশেপাশে জিজ্ঞাসা করবো।	I'll ask around.
আমাকে আগামীকাল ফোন করবেন।	Call me tomorrow.
আমি কি ওখানে হাঁটতে পারব?	Can I walk there?
তিনি সে ফরাসিতে কথা বলেন।	He speaks French.
আমি বিস্মিত হয়ে গেছিলাম।	I was astonished.
অনুগ্রহ করে এখানেই থাকুন।	Please stay here.
তারা তাকে খুঁজে বের করবে।	They'll find him.
আমরা আরও খারাপ কাজ করেছি।	We've done worse.
আপনি কি পাগল হয়ে গেছেন?	Have you gone mad?
আমার মাথা ব্যাথা হয়েছে।	I have a headache.
তাঁরা সবাই চিৎকার করলেন।	They all screamed.
ওনারা সবাই চিৎকার করলেন।	They all screamed.
আমরা ঈশ্বরে বিশ্বাস করি।	We believe in God.
আমরা যুদ্ধে জয়ী হয়েছি।	We won the battle.
বাচ্চারা কেক পছন্দ করে।	Children like cake.
ডাক্তারগণ জীবন বাঁচায়।	Doctors save lives.
হ্যালো, আপনি কেমন আছেন?	Hello, how are you?
আমার শুকনো কাশি হয়েছে।	I have a dry cough.
আমি শুধু কৌতুহলী ছিলাম।	I was just curious.
চলুন একটা সিনেমা বানাই।	Let's make a movie.
যুদ্ধে মানুষ মারা যায়।	People die in wars.
পালিয়ে যাওয়ার পথ নেই।	There is no escape.
তুমি আসতে পারবে না কেন?	Why can't you come?
আপনার বেতন কি বেড়েছে?	Did you get a raise?
আপনি কি পুরোটা পরেছেন?	Did you read it all?
আমি এটা একা করতে পারি।	I can do this alone.
না, আমি প্রেমে পড়িনি।	No, I'm not in love.
পুলিশ এখানে চলে এসেছে।	The police are here.
ওনারা সবাই সুখী ছিলেন।	They were all happy.
ওনারা সবাই খুশি ছিলেন।	They were all happy.
টম চেঁচানো আরম্ভ করলো।	Tom began screaming.
টম জীববিজ্ঞান পড়েছিল।	Tom studied biology.
আমরা প্লেনটাকে দেখলাম।	We saw the airplane.
আমরা যুদ্ধ করছিলাম না।	We weren't fighting.
আপনি চিৎকার করছেন কেন?	Why are you yelling?
তোমরা চিৎকার করছো কেন?	Why are you yelling?
আপনি অনেক দেরী করেছেন।	You're way too late.
তুমি ফরাসি বলতে পারো?	Can you speak French?
তোমার কি এটা মনে আছে?	Do you remember this?
তুমি ইংরাজি বলতে পার?	Do you speak English?
তিনি কোনো ভুল করেননি।	He did nothing wrong.
টম এবং মেরি কেমন আছে?	How are Tom and Mary?
আমি একদমই ক্লান্ত নই।	I'm not at all tired.
অনুগ্রহ করে কিছু খান।	Please eat something.
খরগোশ গাজর পছন্দ করে।	Rabbits like carrots.
গ্লাসটি ভেঙে গিয়েছে।	The glass got broken.
আমি আর টম একলা ছিলাম।	Tom and I were alone.
টম চোরটাকে ধরে ফেললো।	Tom caught the thief.
টম কখনো এখানে আসে না।	Tom never comes here.
টম কথা বলতে শুরু করলো	Tom resumed speaking.
আপনি কি দুধ খাচ্ছেন?	Are you drinking milk?
পকেটমার থেকে সাবধান।	Beware of pickpockets.
কচ্ছপের কি দাঁত আছে?	Do turtles have teeth?
তোমার কি সাইকেল আছে?	Do you have a bicycle?
আপনার কি সাইকেল আছে?	Do you have a bicycle?
সে জাপানি বলতে পারে।	He can speak Japanese.
ও এখনো এসে পৌছায়নি।	He hasn't arrived yet.
সে দেখতে ঘোড়ার মতো।	He looks like a horse.
তখন তার বয়স ছিল ১৯।	He was 19 at the time.
উনি এখন লাঞ্চ করছেন।	He's eating lunch now.
মৌমাছি থেকে মধু আসে।	Honey comes from bees.
আমাকে গোসল করতে হবে।	I have to take a bath.
আমি হাসপাতালে ছিলাম।	I was in the hospital.
আমি এটায় গর্বিত নই।	I'm not proud of this.
আমার যক্ষ্মা হয়েছে।	I've got tuberculosis.
মেরি কি আপনার মেয়ে?	Is Mary your daughter?
সজীব বাতাস আসতে দাও।	Let in some fresh air.
যেমন বাপ, তেমন ছেলে।	Like father, like son.
এটা বেশ মজার ব্যপার।	That's rather amusing.
একটা হলুদ গোলাপ আছে।	There's a yellow rose.
আমরা এখনও বিপদে আছি।	We're still in danger.
খবরের কাগজটি কোথায়?	Where's the newspaper?
এই জানালা কে ভেঙেছে?	Who broke this window?
কে প্রথমে যেতে চায়?	Who wants to go first?
আপনি বুঝতে পারেন নি।	You didn't understand.
তোমরা বুঝতে পারো নি।	You didn't understand.
তোমার ঘরটা অনেক বড়।	Your room is very big.
সবাই আমার বিরুদ্ধে।	Everyone is against me.
সবাই চিৎকার করছিলো।	Everyone was screaming.
ও বক্তৃতা দিচ্ছিলো।	He was giving a speech.
টম হয়তো ভুলে গেছে।	Most likely Tom forgot.
আমার বাবা খুব ভালো।	My father is very nice.
কেউই অপরিহার্য নয়।	Nobody's indispensable.
এটা ভালো লক্ষণ নয়।	This isn't a good sign.
আমরা এখন খেতে যাবো।	We're going to eat now.
এটা কটার সময় খোলে?	What time does it open?
আপনারা কি আসতে চান?	Would you like to come?
টম কি বস্টনে থাকে?	Does Tom live in Boston?
আমি জানি খেলা শেষ।	I know the game is over.
আমি কিছু খেতে চাই।	I want something to eat.
আমি এই ছাতাটি নেব।	I'll take this umbrella.
মেরি কেকটা সাজালো।	Mary decorated the cake.
টমের মা কাঁদছিলেন।	Tom's mother was crying.
দুর্ঘটনা অবধারিত।	Accidents are inevitable.
চীন বড় একটি দেশ।	China is a large country.
ও যা বলে তাই করো।	Do whatever he tells you.
আমি শহরে থাকি না।	I don't live in the city.
আশা করি টমও আসবে।	I hope Tom comes as well.
আমিও ফরাসি শিখছি।	I'm also learning French.
টম কাল ফিরে আসবে।	Tom will return tomorrow.
নিজে এসেই দেখুন।	Come and see for yourself.
টম ঠিক কী করেছে?	What exactly has Tom done?
আমি বরাবরই এমন।	I've always been like this.
আপনাকে দেখে ব্যস্ত মনে হচ্ছে।	You look busy.
তিনি আমাদের ছেড়ে চলে গেছেন।	He has left us.
আমি কি এখানে কাজ করতে পারি?	Can I work here?
তুমি কি নিশ্বাস নিতে পারছো?	Can you breathe?
আমি একটা আসন সংরক্ষণ করলাম।	I booked a seat.
আমি অপেক্ষা করতে পারলাম না।	I couldn't wait.
আমি কিছু একটা দেখতে পাচ্ছি।	I see something.
আমি সেটা ব্যবস্থা করে দেবো।	I'll arrange it.
ওটা দেখে টাটকা মনে হচ্ছিলো।	It looked fresh.
সবাই পরনিন্দা পরচর্চা করে।	Everyone gossips.
টমকে বরখাস্ত করা হতে পারে।	Tom may be fired.
টম একজন ডাক্তারকে দেখেছিল।	Tom saw a doctor.
আমি আপনাকে দোষ দিচ্ছি না।	I don't blame you.
আমি তোমাকে দোষ দিচ্ছি না।	I don't blame you.
টম একটি রোবোট তৈরি করেছে।	Tom built a robot.
টম আমার বাইকটা খুজে পেলো।	Tom found my bike.
কোন দাঁতটা যন্ত্রনা করছে?	Which tooth hurts?
আপনার জন্য কে রান্না করে?	Who cooks for you?
আপনি কি টমকে খুন করেছেন?	Did you murder Tom?
আমি এই সব ঠিক করতে পারব।	I can fix all this.
ওর জন্য খুব খারাপ লাগছে।	I feel bad for him.
আমি দাঁত কিড়মিড় করলাম।	I gritted my teeth.
আমি যেতে পারলে খুশি হবে।	I'd be happy to go.
আমি শুরু করার জন্য তৈরি।	I'm ready to begin.
আমার ডান পা ব্যাথা করছে।	My right leg hurts.
টমের একটা নীল গাড়ি আছে।	Tom has a blue car.
টম আমাকে সাহায্য করছিলো।	Tom was helping me.
আমরা একটি সিনেমা দেখেছি।	We watched a movie.
আপনি আসতে পারবেন না কেন?	Why can't you come?
তোমরা আসতে পারবে না কেন?	Why can't you come?
এটা কি ভাইরাস হতে পারে?	Could it be a virus?
মন্দিরটি ধ্বংস করে দাও।	Destroy this temple.
আপনি কি গহনা গায়ে দেন?	Do you wear jewelry?
উনি খুব ধৈর্যশীল ছিলেন।	He was very patient.
আমি চলচ্চিত্রটি দেখেছি।	I watched the movie.
আমি শিগ্গিরি ফিরে আসবো।	I will be back soon.
আমি চিৎকার করতে যাচ্ছি।	I'm going to scream.
আমি আমার পাটা জিরোচ্ছি।	I'm resting my legs.
আমি একটা উপন্যাস লিখছি।	I'm writing a novel.
তোমার সোয়েটার পরে নাও।	Put on your sweater.
টম আমাদের মিথ্যা বলছিল।	Tom was lying to us.
আপনার হাত কি পরিষ্কার?	Are your hands clean?
তোমার হাত কি পরিষ্কার?	Are your hands clean?
আপনি ফরাসি বলতে পারেন?	Can you speak French?
সবাই গুগল ব্যবহার করে।	Everyone uses Google.
আমার মনে হয় আপনি ঠিক।	I think you're right.
আমার মনে হয় তুমি ঠিক।	I think you're right.
আমি এখন ঘুমাতে যাচ্ছি।	I'm going to bed now.
টম কি বিয়ার পান করছে?	Is Tom drinking beer?
আমার বাবা ধান চাষ করে।	My father grows rice.
আমার মা আসতে পারবে না।	My mother can't come.
পরিকল্পনাটি কাজ করেনি।	That plan won't work.
টম আমাদের যেতে দেয়নি।	Tom didn't let us go.
টম মদ্যপান শুরু করেছে।	Tom started drinking.
আমাদের দুজনের নামই টম।	We're both named Tom.
তিনজনেই নিহত হয়েছেন।	All three were killed.
উনি এখনো এসে পৌছাননি।	He hasn't arrived yet.
সে এখনো এসে পৌছায়নি।	He hasn't arrived yet.
তিনি এখন লাঞ্চ করছেন।	He's eating lunch now.
আমি কোরিয়া যেতে চাই।	I want to visit Korea.
আমি অক্টোবরে জন্মেছি।	I was born in October.
আমি তোমার বইটা পড়ছি।	I'm reading your book.
আমি আপনার বইটা পড়ছি।	I'm reading your book.
এটা নিজের ঘর মনে করো।	Make yourself at home.
দয়া করে জল গরম করুন।	Please heat the water.
আমাকে বলো কি ঘটেছিলো।	Tell me what happened.
বাচ্চাটা চিৎকার করছে।	The baby is screaming.
টম খুব তারাতারি খায়।	Tom eats very quickly.
টম চেঁচানো বন্ধ করলো।	Tom stopped screaming.
তুমি কি আজ রাতে আসবে?	Will you come tonight?
জেতাটা কখনোই সহজ নয়।	Winning is never easy.
আপনি কি ধনী হতে চান?	Do you want to be rich?
এই বইগুলো সরাবেন না।	Don't move these books.
প্রতিটি মানুষ অনন্য।	Every person is unique.
সবাই চিৎকার করছিলেন।	Everyone was screaming.
নদীতে পড়ে যান তিনি।	He fell into the river.
সে বক্তৃতা দিচ্ছিলো।	He was giving a speech.
ওই চার্চটার বয়স কত?	How old is that church?
এই চার্চটার বয়স কত?	How old is this church?
আপনার বাবার বয়স কত?	How old is your father?
তোমার বাবার বয়স কত?	How old is your father?
আমি একটা শশা খাচ্ছি।	I am eating a cucumber.
আমি ওর সাথে একমত নই।	I don't agree with him.
ঐটা সাধারণত কাজ করে।	That one usually works.
ভবনটিতে আগুন লেগেছে।	The building's on fire.
টম অনেক দৌড় জিতেছে।	Tom has won many races.
টম হাসপাতালটিতে আছে।	Tom is in the hospital.
টম কখনই শাক খায় না।	Tom never eats spinach.
এটা কাজ করছে না কেন?	Why isn't this working?
তুমিই ভালো করে জানো।	You should know better.
এটা আপনার দরকার হবে।	You'll be needing this.
চীন বিশাল একটি দেশ।	China is a huge country.
কাউকে চিনতে পারছেন?	Do you recognize anyone?
রান্নাঘরে যাবেন না।	Don't go in the kitchen.
সে আলো নিভিয়ে দিল।	He turned off the light.
মহাবিশ্বের বয়স কত?	How old is the universe?
আমি উত্তরটা জানিনা।	I don't know the answer.
আমার ওজন একটু বেশি।	I'm a little overweight.
দরজার দিকে নজর রাখ।	Keep an eye on the door.
এটা আমার বোন, মেরি।	This is my sister, Mary.
টম এখন বস্টনে থাকে।	Tom now lives in Boston.
ওই বাড়িতে কে থাকে?	Who lives in that house?
এই বাড়িতে কে থাকে?	Who lives in this house?
আপনি আগে যাননি কেন?	Why didn't you go first?
আমি তখন একা ছিলাম।	I was alone at that time.
টম কিছু আলু কিনলো।	Tom bought some potatoes.
বড় জনের বয়স কত?	How old is the oldest one?
এটাই প্রথমবার না।	This isn't the first time.
আমরা এতে খুশি নই।	We're not happy with this.
তোর বাবার নাম কী?	What's your father's name?
দায়িত্বটা আমার।	The responsibility is mine.
কোন খেলা দেখছেন?	What game are you watching?
এসব কেমন টেকসই?	How sustainable is all this?
গরমের ছুটি শেষ।	The summer vacation is over.
টম আর জেলে নেই।	Tom isn't in prison anymore.
প্রবেশমূল্য কত?	What's the admission charge?
এটাই সঠিক কাজ।	That's the right thing to do.
আপনি কি নিশ্বাস নিতে পারছেন?	Can you breathe?
আপনি কি এটা বন্ধ করতে পারেন?	Can you stop it?
তিনি একটি চিৎকার শুনেছিলেন।	He heard a shout.
আমি আমার কলম হারিয়েছিলাম।	I had lost my pen.
আমি ওকে দৌড়াতে দেখেছিলাম।	I saw him running.
আমি খুব ভয়ে পেয়েগেছিলাম।	I was very scared.
টম তোমাকে এটা করতে দেখেছে।	Tom saw you do it.
আমরা সবাই ভয় পেয়ে গেলাম।	We all got scared.
আপনার কক্ষ পরিষ্কার করুন।	Clean up your room.
টম কি মেরিকে সাহায্য করে?	Does Tom help Mary?
তার জন্য খুব খারাপ লাগছে।	I feel bad for him.
আমি এটা অস্বীকার করছি না।	I'm not denying it.
এই চেয়ারটা বিশ্রী দেখতে।	This chair is ugly.
টম চিৎকার করতে শুরু করলো।	Tom began to shout.
আমরা সেটা নিয়ে কাজ করবো।	We'll work on that.
তোমার পোশাক পরিবর্তন কর।	Change your clothes.
আপনার স্ত্রী কি কাজ করে?	Does your wife work?
আমি দেখছি তুমি জেগে আছো।	I see you are awake.
আমি তারাতারিই ফিরে আসবো।	I will be back soon.
আমাকে একটু ওইটা দেখাবেন।	Please show me that.
টম সঙ্গে সঙ্গেই চলে এলো।	Tom came right away.
তুমি কি ওখানে জন্মেছিলে?	Were you born there?
আপনারা চিৎকার করছেন কেন?	Why are you yelling?
আপনার ব্যায়াম করা উচিত।	You should exercise.
আপনি কি আদৌ কথা বলেছেন?	Did you speak at all?
আপনি ইংরাজি বলতে পারেন?	Do you speak English?
তোমারা ইংরাজি বলতে পার?	Do you speak English?
সবাই বাইরে দৌড়ে গেলেন।	Everyone ran outside.
কুকুরটিকে কি খাইয়েছেন?	Have you fed the dog?
তিনি মাছ পছন্দ করেন না।	He doesn't like fish.
আমার সারাক্ষণ ঘুম লাগে।	I always feel sleepy.
আমি সব জায়গায় দেখেছি।	I checked everywhere.
আমি রান্না করতে চাই না।	I don't want to cook.
আমার দৃষ্টিশক্তি ভালোই।	I have good eyesight.
আমার মোটরসাইকেলটা নতুন।	My motorcycle is new.
এখানকার কিছুই আমার নয়।	Nothing here is mine.
টম তোমাকে পছন্দ করে না।	Tom doesn't like you.
তুমি কাকে বিশ্বাস করবে?	Who would believe me?
তাহলে বাড়ি যাওয়া যাক?	Why don't we go home?
তুমি একজন প্রকৃত বন্ধু।	You're a real friend.
আপনি কি ট্যাক্সি চালক?	Are you a taxi driver?
ইনি জাপানি বলতে পারেন।	He can speak Japanese.
উনি জাপানি বলতে পারেন।	He can speak Japanese.
তিনি এখনো এসে পৌছাননি।	He hasn't arrived yet.
আমার অল্প জ্বর হয়েছে।	I have a slight fever.
আমাকে ঘুমাতে যেতে হবে।	I have to go to sleep.
আমি চুক্তিটা সই করলাম।	I signed the contract.
আমি সাধারণত বাইরে খাই।	I usually eat outside.
আপনার কাজ কি বিপজ্জনক?	Is your job dangerous?
এটা নিজের ঘর মনে করুন।	Make yourself at home.
আমাকে বলুন কি ঘটেছিলো।	Tell me what happened.
টম বস্টনে বড়ো হয়েছে।	Tom grew up in Boston.
টম লড়াইটা শুরু করেছে।	Tom started the fight.
টম আমাকে ফরাসি শেখায়।	Tom teaches me French.
টম আমাকে ফরাসি পড়ায়।	Tom teaches me French.
আমাদের দুটো মেয়ে আছে।	We have two daughters.
আপনারা বুঝতে পারেন নি।	You didn't understand.
তুই কখনো একা থাকবি না।	You'll never be alone.
আপনি কি এই শার্ট চান?	Do you want this shirt?
সবাই ঘুমাতে চলে গেলো।	Everyone went to sleep.
ওনার তিনটে মেয়ে আছে।	He has three daughters.
তাঁর তিনটে মেয়ে আছে।	He has three daughters.
সেই চার্চটার বয়স কত?	How old is that church?
আমি তার সাথে একমত নই।	I don't agree with him.
আমি হেঁটে স্কুলে যাই।	I go to school on foot.
আমার প্রচুর টাকা আছে।	I have plenty of money.
আমার তিনটে মেয়ে আছে।	I have three daughters.
আমি এখন খালি কলা খাই।	I just eat bananas now.
আমার পদোন্নতি হয়েছে।	I just got a promotion.
আমি নিরপেক্ষ হতে চাই।	I want to be impartial.
এটা আমাকে অবাক করেনি।	It doesn't surprise me.
নিজের চরকায় তেল দাও!	Mind your own business!
সে জানে তুমি কী করেছ।	She knows what you did.
এটা সত্যিই বিরক্তিকর।	That's really annoying.
আপনি তাদের কী বলেছেন?	What did you tell them?
আপনিই ভালো করে জানেন।	You should know better.
তোমরাই ভালো করে জানো।	You should know better.
টিকেটটি ভুলে যেও না।	Don't forget the ticket.
টিকিটটি ভুলে যেও না।	Don't forget the ticket.
তুমি কখনো ওটা করেছো?	Have you ever done that?
তিনি এটা করতে চাননি।	He didn't want to do it.
তিনি সকালে কাজ করেন।	He works in the morning.
আমার বয়স আঠারো বছর।	I am eighteen years old.
আমি এখন খেতে চাই না।	I don't want to eat now.
দরজার দিকে নজর রাখো।	Keep an eye on the door.
ব্যথা আসে আবার যায়।	The pain comes and goes.
টম জীববিজ্ঞান পড়ছে।	Tom is studying biology.
টম মেরির থেকে লম্বা।	Tom is taller than Mary.
টম কমই বাড়িতে খায়।	Tom seldom eats at home.
আগামীকাল তোমার ছুটি।	Tomorrow's your day off.
তুই কোথায় যেতে চাস?	Where do you want to go?
আমার প্রিয় রঙ লাল।	My favorite color is red.
আমার কিছু করার নেই।	There's nothing I can do.
তারা যুদ্ধে যাচ্ছে।	They're going to the war.
তিনজন নিহত হয়েছেন।	Three people were killed.
টম সম্ভবত ঘুমাচ্ছে।	Tom is probably sleeping.
টম আগুনের কাছে বসল।	Tom sat down by the fire.
ওই শব্দটার অর্থ কী?	What does that word mean?
ওই শব্দটার মানে কী?	What does that word mean?
এই শব্দটার অর্থ কী?	What does this word mean?
এই শব্দটার মানে কী?	What does this word mean?
এটা আমার ছোটো বোন।	This is my younger sister.
যা হওয়ার তা হবেই।	Whatever will be, will be.
কে গিটার বাজাচ্ছে?	Who is playing the guitar?
টম কি ফরাসি বোঝে?	Does Tom understand French?
এটা কীভাবে সম্ভব?	How could this be possible?
আমার কী বলার ছিল?	What was I supposed to say?
কাজ পাওয়া কঠিন।	It's difficult to find work.
টম ইদানিং বেকার।	Tom is currently unemployed.
পরনিন্দা পরচর্চা করা বন্ধ করো।	Stop gossiping.
আমার একজন চিকিৎসকের প্রয়োজন।	I need a doctor.
ডাক্তারের সাথে পরামর্শ করুন।	Consult a doctor.
আমি এটা নিজে নিজে বানিয়েছি।	I made it myself.
আমরা আরও খারাপ জিনিস দেখেছি।	We've seen worse.
আমি তাকে সহ্য করতে পারি না।	I can't stand him.
আমি তাকে দৌড়াতে দেখেছিলাম।	I saw him running.
আবার পরে দেখা হবে, ঠিক আছে?	See you later, OK?
টম আমার নাক ভেঙ্গে দিয়েছে।	Tom broke my nose.
সে ওই লোকটিকে হত্যা করেছে।	He killed that man.
তাকে দেখতে খুব ভালো লাগছে।	He looks very good.
আমি তোমাকে চেঁচাতে শুনলাম।	I heard you scream.
আমি আমার ছেলের সঙ্গে খেলি।	I play with my son.
ইতিমধ্যেই সাতটা বেজে গেছে।	It's already seven.
তারা আমাদের ক্ষতি করবে না।	They won't hurt us.
টম চিৎকার করতে আরম্ভ করলো।	Tom began to shout.
টম আমাকে সেটা করতে দেখেছে।	Tom saw me do that.
আপনারা আসতে পারবেন না কেন?	Why can't you come?
অ্যালুমিনিয়াম একটি ধাতু।	Aluminum is a metal.
আপনি কি আরবি পড়তে পারেন?	Can you read Arabic?
আমি দশটা সময়ে ফিরে আসবো।	I'll be back at ten.
আমি তোমাকে পরে খুঁজে নেব।	I'll find you later.
টম আমাদের দেখাশোনা করেছে।	Tom took care of us.
আচ্ছা, আবার পরে দেখা হবে।	Well, see you later.
আপনি কি ওখানে জন্মেছিলেন?	Were you born there?
আমি কি টিভি চালাতে পারি?	Can I turn on the TV?
আমাকে একলা ছেড়ে যেও না।	Don't leave me alone.
সবাই টমকে অগ্রাহ্য করলো।	Everyone ignored Tom.
তোমার ওটা করা হয়ে গেছে?	Have you finished it?
আপনার ওটা করা হয়ে গেছে?	Have you finished it?
আমি ওটা গত বছর করেছিলাম।	I did that last year.
আমি কাউকে ধাক্কা মারিনি।	I didn't hit anybody.
আমি আপেল খেতে পছন্দ করি।	I like to eat apples.
আমার জন্ম হয়েছে বস্টনে।	I was born in Boston.
আমার শরীর ভালো লাগছে না।	I'm not feeling well.
ও ফরাসিতে কথা বলতে পারে।	She can speak French.
আপনি কাকে বিশ্বাস করবেন?	Who would believe me?
আপনার ক্ষমা চাওয়া উচিৎ।	You should apologize.
কফি আমাকে জাগিয়ে রাখে।	Coffee keeps me awake.
আপনাদের কি ঘর খালি আছে?	Do you have a vacancy?
তিনি জাপানি বলতে পারেন।	He can speak Japanese.
সে আর এখন ছোট ছেলে নেই।	He is no longer a boy.
আমি বড়দের শ্রদ্ধা করি।	I respect the elderly.
আমি এখনো তোর বন্ধু আছি।	I'm still your friend.
আমি আমার কাজ শেষ করেছি।	I've finished my work.
আমার বাবা একজন ডাক্তার।	My father is a doctor.
আমার মা সঙ্গীত ভালবাসে।	My mother loves music.
এখানে কেউই ওরকম করে না।	Nobody here does that.
টম টেনিস খেলতে পারে না।	Tom can't play tennis.
টম সারা রাত্রি কাশছিলো।	Tom coughed all night.
আমরা এখন সত্যিই ব্যস্ত।	We're really busy now.
তুমি কোন শ্রেণীতে পড়ো?	What grade are you in?
আপনার জিনিসপত্র কোথায়?	Where are your things?
তোমার জিনিসপত্র কোথায়?	Where are your things?
আগামীকাল কি বৃষ্টি হবে?	Will it rain tomorrow?
তুমি কখনো একা থাকবে না।	You'll never be alone.
এই সব পদ্ধতিই কাজ করে।	All these methods work.
আপনি কি কিছু পেয়েছেন?	Did you find something?
আমাকে একটু দুধও দেবেন।	Give me some milk, too.
তিনি রেগে ফেটে পড়লেন।	He exploded with anger.
উনি বক্তৃতা দিচ্ছিলেন।	He was giving a speech.
তিনি ভাল মেজাজে ছিলেন।	He was in good spirits.
আমি ওনার সাথে একমত নই।	I don't agree with him.
আমি তাঁর সাথে একমত নই।	I don't agree with him.
আমি চাই না যে তুই যাস।	I don't want you to go.
আমি একটি বই লিখতে চাই।	I want to write a book.
আমি হাসপাতালে গেছিলাম।	I went to the hospital.
আমি একটা সভায় যাচ্ছি।	I'm going to a meeting.
এটা কি সাম্প্রতিক ছবি?	Is it a recent picture?
ইস্কুল কালকে শুরু হবে।	School begins tomorrow.
টম অপেক্ষা করতে বাধ্য।	Tom is obliged to wait.
টম এখনো বস্টনে রয়েছে।	Tom is still in Boston.
আমরা আজ বাড়িতেই থাকব।	We'll be at home today.
তারা আপনাকে কী বলেছিল?	What did they tell you?
আপনি আর কী চেয়েছিলেন?	What else did you want?
চলচ্চিত্রটি কী বিষয়ক?	What's the movie about?
আপনি কার সাথে যাচ্ছেন?	Who are you going with?
তুমি এত স্বার্থপর কেন?	Why are you so selfish?
যত গর্জে তত বর্ষে না।	Barking dogs never bite.
তুমি কি এখনো বই পড়ো?	Do you still read books?
আপনি কখনো ওটা করেছেন?	Have you ever done that?
তুমি কখনো সেটা করেছো?	Have you ever done that?
আমি তোর বন্ধু, তাইতো?	I am your friend, right?
আমি ফিরে যেতে চাই না।	I don't want to go back.
আমি ওর নাম ভুলে গেছি।	I've forgotten her name.
দরজার দিকে নজর রাখুন।	Keep an eye on the door.
মেরি খুব লাজুক মেয়ে।	Mary is a very shy girl.
একটু মন দিয়ে শুনবেন।	Please listen carefully.
তারা স্রেফ সৈনিক ছিল।	They were just soldiers.
এটি কোনো সহজ কাজ নয়।	This isn't an easy task.
টম ওটা করেছে, তাই না?	Tom did that, didn't he?
টম কখনো অসুস্থ হয়নি।	Tom has never been sick.
টম মারাত্মক ভাবে ভূল।	Tom is dreadfully wrong.
টম বই পড়তে ভালোবাসে।	Tom likes reading books.
তুমি কোথায় যেতে চাও?	Where do you want to go?
আপনি কোথায় যেতে চান?	Where do you want to go?
আপনি তাকে বলেননি কেন?	Why didn't you tell her?
উনি যা বলেন তাই করো।	Do whatever he tells you.
চ্যানেলটা পালটিও না।	Don't change the channel.
তোমার কি সাইকেল নেই?	Don't you have a bicycle?
আপনার কি সাইকেল নেই?	Don't you have a bicycle?
আমি ওটা করতে চাই নি।	I didn't want to do that.
আমি একা যেতে চাই না।	I don't want to go alone.
আমি অনেক ছবি তুলেছি।	I took a lot of pictures.
আমি স্নান করতে যাবো।	I'm going to take a bath.
আমি এখন ফুটবল খেলছি।	I'm playing football now.
জাদুঘর এখন বন্ধ আছে।	The museum is closed now.
ওখানে একটা সেতু আছে।	There was a bridge there.
তাদের বন্দী করা হয়।	They were taken prisoner.
টম বর্তমানে বিবাহিত।	Tom is currently married.
টম তোমাকে আঘাত করবে।	Tom is going to hurt you.
টম এখন সবকিছুই জানে।	Tom now knows everything.
এই চিহ্নটির মানে কী?	What does this sign mean?
এই চিহ্নটির অর্থ কী?	What does this sign mean?
অক্টোবরে কী ঘটেছিলো?	What happened in October?
তুই ক্লান্ত, তাই না?	You're tired, aren't you?
নিজে এসেই দেখে যান।	Come and see for yourself.
নিজে এসেই দেখে যাও।	Come and see for yourself.
শ্রোতারা কি শুনছেন?	Is the audience listening?
এখন পৌনে আটটা বাজে।	It's quarter to eight now.
টমও নতুন শিক্ষার্থী	Tom is also a new student.
টম হেডফোন পড়ে আছে।	Tom is wearing headphones.
আপনার বাবার নাম কী?	What's your father's name?
তোমার বাবার নাম কী?	What's your father's name?
তুমি কি ভেতরে আসবে?	Would you like to come in?
ব্যাকরণ খুব জটিল।	Grammar is very complicated.
তোমাকে বোঝা কঠিন।	It's hard to understand you.
টমের ধৈর্য নেই।	Tom doesn't have any patience.
পরনিন্দা পরচর্চা করা বন্ধ করুন।	Stop gossiping.
আপনি কি তাদের শুনতে পাচ্ছেন?	Can you hear them?
আমি ওনাকে দৌড়াতে দেখেছিলাম।	I saw him running.
আমি সোমবারে সোমবারে কাজ করি।	I work on Mondays.
আমি কি এটা এখানে রাখতে পারি?	May I put it here?
টম একটু বেশিই তারাতারি খায়।	Tom eats too fast.
তুমি এখানে অপেক্ষা করতে পার।	You can wait here.
আমি একটি নতুন গাড়ি কিনেছি।	I bought a new car.
আমি পিয়ানো বাজাতে পারি না।	I can't play piano.
আমি এখানে ২০১৩ তে এসেছিলাম।	I was here in 2013.
আমি ক্লাসে দেরি করে ফেলেছি।	I'm late for class.
আমাকে ব্যপারটা সামলাতে দিন।	Let me handle this.
আমাকে ব্যপারটা সামলাতে দাও।	Let me handle this.
আমি কি একটা ছবি তুলতে পারি?	May I take a photo?
কুকুরটিকে অসুস্থ মনে হচ্ছে।	The dog looks sick.
টম এখনো এখানে এসে পৌছায়নি।	Tom isn't here yet.
ও কি ফরাশি ভাষা বলতে পারে?	Can he speak French?
আমি এই গ্রামটিকে ঘৃণা করি।	I hate this village.
আমি তোমাকে বিয়ে করতে চাই।	I want to marry you.
আমি ছয়টা সময়ে ফিরে আসবো।	I'll be back at six.
আমি তোর পাছায় লাথি মারবো!	I'll kick your butt!
আমি আমার ছেলের উপর গর্বিত।	I'm proud of my son.
আমার পিঠ এখনো ব্যাথা করছে।	My back still hurts.
অনুগ্রহ করে ধিরে কথা বলুন।	Please speak slowly.
এতে কিছুই প্রমাণিত হয় না।	That proves nothing.
এটা আমাকে পাগল করে দিচ্ছে।	This drives me nuts.
তুমি এবার বাড়ি যেতে পারো।	You may go home now.
আপনারা ইংরাজি বলতে পারেন?	Do you speak English?
আমার নিয়ে চিন্তা কোর না।	Don't worry about me.
আমি আর এটা নিতে পারছি না।	I just can't take it.
আমি আমার মায়ের মত দেখতে।	I resemble my mother.
আমার মনে হয় টম জেগে আছে।	I think Tom is awake.
আমি ওটা অস্বীকার করছি না।	I'm not denying that.
আমি খুব একটা ধৈর্যশীল নই।	I'm not very patient.
তাদের মধ্যে একজন গুপ্তচর।	One of them is a spy.
সে ফরাসিতে কথা বলতে পারে।	She can speak French.
আমরা সবাই একসাথে কাজ করি।	We all work together.
আমরা এখনও সেটা করতে পারি।	We can still do that.
নিজেদের উপরে আস্থা রাখো।	Believe in yourselves.
তুমি কি এখন বুঝতে পারছো?	Do you understand now?
চল্লিশ জন উপস্থিত ছিলেন।	Forty people attended.
আপনার বাচ্চারা কেমন আছে?	How are your children?
আমি পার্ক স্ট্রিটে থাকি।	I live on Park Street.
আমি চাই তুমি এখানে থাকো।	I want you to be here.
টম গত অক্টোবর মারা গেছে।	Tom died last October.
টম চিৎকার করা বন্ধ করলো।	Tom stopped screaming.
আমাদেরকে সাবধান হতে হবে।	We have to be careful.
টাকাগুলো এখন কোথায় আছে?	Where's the money now?
আপনি কখনো একা থাকবেন না।	You'll never be alone.
ক্ষোভে ফেটে পড়েন তিনি।	He exploded with anger.
তিনি বক্তৃতা দিচ্ছিলেন।	He was giving a speech.
স্বাদটা আমার পছন্দ নয়।	I don't like the taste.
আমি চাই না যে আপনি যান।	I don't want you to go.
আমি তোমার চিঠি পেয়েছি।	I received your letter.
আমি আপনার চিঠি পেয়েছি।	I received your letter.
আমি কে জিতলো শুনতে চাই।	I want to hear who won.
আমি তোর জন্য ফিরে আসবো।	I'll come back for you.
আমি কখনই কাউকে বলবো না।	I'll never tell anyone.
আমার ভাই গান পছন্দ করে।	My brother likes music.
সবাই বলে ভালোবাসা অন্ধ।	They say love is blind.
টম তিনটে পরিবর্তন করলো।	Tom made three changes.
টম গতকাল পদত্যাগ করেছে।	Tom resigned yesterday.
আপনারাই ভালো করে জানেন।	You should know better.
আপনি কি এখনো বই পড়েন?	Do you still read books?
টিকিটটি ভুলে যাবেন না।	Don't forget the ticket.
আপনি কখনো সেটা করেছেন?	Have you ever done that?
আমি ওটা করেছি, তাই না?	I did do that, didn't I?
আমিও এটা পছন্দ করি না।	I don't like it, either.
আমার আর এটা দরকার নেই।	I don't want it anymore.
আমার আর ওটা দরকার নেই।	I don't want it anymore.
আমি বাড়ি যেতে চাই না।	I don't want to go home.
আমি তার নাম ভুলে গেছি।	I've forgotten her name.
হাসপাতালটায় খুব ভিড়।	The hospital is crowded.
বাড়িটি আগুনে পুড়ছিল।	The house was in flames.
তাঁদের দুটো মেয়ে আছে।	They have two daughters.
ওনাদের দুটো মেয়ে আছে।	They have two daughters.
টম এখনো বাড়িতেই থাকে।	Tom still lives at home.
টম অক্টোবরে জন্মেছিলো।	Tom was born in October.
ওরা যা করেছে সেটা ভুল।	What they did was wrong.
কটার সময এটা বন্ধ হয়?	What time does it close?
টমকে নাচ শিখিয়েছে কে?	Who taught Tom to dance?
ক্ষতির খেসারত কে দেবে?	Who'll pay for the loss?
জ্বর অসুস্থতার লক্ষণ।	Fever indicates sickness.
এটা শুরু হলো কী ভাবে?	How did this get started?
আমি সেটা করতে চাই নি।	I didn't want to do that.
আশা করি সেটা ঘটবে না।	I hope that won't happen.
আশা করছি সেটা হবে না।	I hope that won't happen.
আমার কম্পিউটার মন্থর।	My computer is very slow.
অবশেষে বৃষ্টি থেমেছে।	The rain stopped at last.
ফলাফল আশ্চর্যজনক ছিল।	The results were amazing.
টম কাঁচা মাছ খায় না।	Tom doesn't eat raw fish.
টম আপনাকে কী দিয়েছে?	What did Tom give to you?
আপনার দুটি গাড়ি কেন?	Why do you have two cars?
আপনি ক্লান্ত, তাই না?	You're tired, aren't you?
তুমি ক্লান্ত, তাই না?	You're tired, aren't you?
আপনি কি আলু কিনেছেন?	Did you buy some potatoes?
টম সত্যি বাক্যবাগীশ।	Tom certainly is eloquent.
টম গত রাতে কাঁদছিলো।	Tom was crying last night.
আমরা অনেক ভুল করেছি।	We made too many mistakes.
আপনি কি ভেতরে আসবেন?	Would you like to come in?
তোমরা কি ভেতরে আসবে?	Would you like to come in?
এটা একেবারে অসম্ভব।	It's absolutely impossible.
জাপান বিস্ময়ে ভরা!	Japan is full of surprises!
কে আলো নিভিয়ে দিল?	Who switched off the light?
এই আলুগুলো কত করে?	How much are these potatoes?
আমি একই ভুল করেছি।	I've made that same mistake.
ছবি তোলাই আমার শখ।	My hobby is taking pictures.
টম এখানে খুশি নয়।	Tom is not happy to be here.
টমও কিছু লুকাচ্ছে।	Tom's hiding something, too.
আমরা পার্কে খেলছি।	We were playing in the park.
টাকা গাছে ফলে না।	Money does not grow on trees.
টম সত্যিই কুটিল।	Tom certainly is hypocritical.
এই ঘরে এসি আছে।	This room has air conditioning.
এটা করে লাভ কি?	What's the point in doing this?
আপনাকে দেখে অসুস্থ বলে মনে হচ্ছে।	You look sick.
তোমাকে দেখে অসুস্থ বলে মনে হচ্ছে।	You look sick.
আমি আশ্চর্য্যচকিত হয়ে গেছিলাম।	I was surprised.
আমি আশেপাশে জিজ্ঞাসা করে দেখবো।	I'll ask around.
আপনার সারা সপ্তাহ কেমন কাটলো?	How was your week?
আমার কাছে তার কোনো পাওনা নেই।	I owe him nothing.
আমি আমার চাবি হারিয়ে ফেলেছি।	I've lost my keys.
টম আমাদের জিততে সাহায্য করলো।	Tom helped us win.
কে এর জন্য অর্থ প্রদান করেছে?	Who paid for that?
তুমি আমার রাস্তা আটকে রেখেছো।	You are in my way.
তুই আমার রাস্তা আটকে রেখেছিস।	You are in my way.
আমাকে বাড়িতে থাকতে হয়েছিল।	I had to stay home.
আমি তোমাকে সাহায্য করতে চাই।	I want to help you.
টম নিজের নাক ভেঙ্গে দিয়েছে।	Tom broke his nose.
আমি কি একটা চাদর পেতে পারি?	Can I get a blanket?
সে কি ফরাশি ভাষা বলতে পারে?	Can he speak French?
এই চিড়িয়াখানাটার বয়স কত?	How old is this zoo?
আমি তিনটার সময় আসতে পারবো।	I can come at three.
আমি সেই উপন্যাসগুলো পড়েছি।	I read those novels.
ওটা কি এখান থেকে অনেক দূরে?	Is it far from here?
টম ছাড়া আর কেউ চলে যায়নি।	No one but Tom left.
অনুগ্রহ করে আস্তে কথা বলুন।	Please speak slowly.
আমরা আমাদের দেশকে ভালোবাসি।	We love our country.
আপনি এবার বাড়ি যেতে পারেন।	You may go home now.
আপনি কি বস্টনে গিয়েছিলেন?	Did you go to Boston?
আমাকে একলা ছেড়ে যাবেন না।	Don't leave me alone.
তোমাদের ওটা করা হয়ে গেছে?	Have you finished it?
আপনাদের ওটা করা হয়ে গেছে?	Have you finished it?
আমি ফেসবুক ব্যবহার করি না।	I don't use Facebook.
আমি দরজাটা খুলে রেখেছিলাম।	I left the door open.
আমি একটি দূতাবাসে কাজ করি।	I work at an embassy.
ওনাদের মধ্যে একজন গুপ্তচর।	One of them is a spy.
অনুগ্রহ করে কিছু একটা খান।	Please eat something.
বিদ্যালয় সোমবার শুরু হবে।	School starts Monday.
সে কোম্পানি ছেড়ে দিয়েছে।	She quit the company.
আপনার ভবিষ্যৎ চিন্তা করুন।	Think of your future.
এটি বাড়িতে তৈরি করা জেলি।	This is homemade jam.
আমরা সত্যটা খুঁজে বের করব।	We'll find the truth.
আপনাকে বোকা বানানো হয়েছে।	You've been deceived.
আপনি কি এখন বুঝতে পারছেন?	Do you understand now?
নিজেকে বিভ্রান্ত কোরো না।	Don't delude yourself.
আমি পদার্থবিদ্যা পড়ি না।	I don't study physics.
আমার টাকা চুরি হয়ে গেছে।	I had my money stolen.
টম কী বুঝিয়েছি আমি জানি।	I know what Tom meant.
কথা দিচ্ছি আমি কাঁদবো না।	I promise I won't cry.
আমি এখনো আপনার বন্ধু আছি।	I'm still your friend.
আমি এখনো তোমার বন্ধু আছি।	I'm still your friend.
আমি এখনো তোদের বন্ধু আছি।	I'm still your friend.
এটা কোনো দুর্ঘটনা ছিল না।	It wasn't an accident.
টমকে আমার থেকে দূরে রাখো।	Keep Tom away from me.
আমার বাবা পিজ্জা ভালবাসে।	My father loves pizza.
তারা গতকাল আমাদের দেখেছে।	They saw us yesterday.
টম পুলিশদের পছন্দ করে না।	Tom doesn't like cops.
টম আমাকে পড়তে শিখিয়েছে।	Tom taught me to read.
টম এখানে খুব শিঘ্রই আসছে।	Tom will be here soon.
আমরা প্রায়শই একসাথে খাই।	We often eat together.
তুমি এখানে কি জন্য এসেছো?	What are you here for?
আপনাদের জিনিসপত্র কোথায়?	Where are your things?
তোমাদের জিনিসপত্র কোথায়?	Where are your things?
তুমি পিয়ানো বাজাতে পার?	Can you play the piano?
ও জানে আমরা কোথায় থাকি।	He knows where we live.
তিনি পদার্থবিদ্যা বুঝেন।	He understands physics.
এই হলো আমার ফোন নাম্বার।	Here's my phone number.
আমি এই গান পছন্দ করি না।	I don't like this song.
আমার ডাক্তার দেখাতে হবে।	I need to see a doctor.
আমি টিকিটের দাম দিয়েছি।	I paid for the tickets.
আমার টমকে ডাকা উচিত ছিল।	I should've called Tom.
এই আসনটা কি পাওয়া যাবে?	Is this seat available?
আম্মার বাবা একজন শিক্ষক।	My father is a teacher.
পুলিশ তাকে অভিযুক্ত করে।	The police accused him.
টম বলেছিল যে সে ভীত ছিল।	Tom said he was afraid.
টম পাতিলেবুটাকে চিপরালো।	Tom squeezed the lemon.
টম আমাকে সেটা আজকে বললো।	Tom told me that today.
টম কটার সময় ফোন করেছিল?	What time did Tom call?
আপনার প্লেনটা কটার সময়?	What time's your plane?
আপনি কোথায় থেকে এসেছেন?	Where do you come from?
আপনি আগে যাচ্ছেন না কেন?	Why don't you go first?
তুমি আমার শ্রেষ্ঠ বন্ধু।	You are my best friend.
তিনজনেই পদত্যাগ করেছেন।	All three have resigned.
এটাকে নোংরা হতে দিও না।	Don't let it get soiled.
সবাই যাওয়ার জন্য তৈরি।	Everybody's ready to go.
আমি আপনার বন্ধু, তাইতো?	I am your friend, right?
আমি তোমার বন্ধু, তাইতো?	I am your friend, right?
আমি তোদের বন্ধু, তাইতো?	I am your friend, right?
আমার আর সেটা দরকার নেই।	I don't want it anymore.
আমি এখানে থাকতে চাই না।	I don't want to be here.
আমার কিছু কাজ করার ছিল।	I had some things to do.
আমি এটা আশা করছিলাম না।	I wasn't expecting that.
আমি অনেক ভালো বোধ করছি।	I'm feeling much better.
আমি সত্যিই হতাশ হয়েছি।	I'm really disappointed.
আমি ওনার নাম ভুলে গেছি।	I've forgotten her name.
ওই কেকটা সুস্বাদু ছিলো।	That cake was delicious.
সেটা সত্যিই সহায়ক ছিল।	That was really helpful.
রাষ্ট্রদূতটি ফিরে এলেন।	The ambassador returned.
জলবায়ু পরিবর্তন হচ্ছে।	The climate is changing.
আমাদের তিনটে মেয়ে আছে।	We have three daughters.
এটা কটার সময় বন্ধ হয়?	What time does it close?
টম কী করার চেষ্টা করছে?	What's Tom trying to do?
জাদুঘরটা কখন খোলা থাকে?	When is the museum open?
আপনার ছুড়ির দরকার কেন?	Why do you need a knife?
এখানে তোমার ঠিকানা লেখ।	Write your address here.
আপনাকে অগ্রিম দিতে হবে।	You must pay in advance.
চীন অনেক বড় একটি দেশ।	China is a large country.
চ্যানেলটা পালটাবেন না।	Don't change the channel.
এটায় আমার কত খরচ হবে?	How much will it cost me?
আমি ওখানে যেতে চাই না।	I don't want to go there.
এখন আর কেউ ওসব বলে না।	No one says that anymore.
দেখার মতো কিছু ছিল না।	There was nothing to see.
এই জিনিসগুলো আমার নয়।	These things aren't mine!
তারা আমাদের দিকে আসছে।	They're moving toward us.
টম চিৎ হয়ে শুয়ে আছে।	Tom is lying on his back.
আপনার বাড়িটা কী রঙের?	What color is your house?
আপনি কখন কফি পান করেন?	When do you drink coffee?
তুমি চলে যাচ্ছ না কেন?	Why don't you just leave?
আপনার কয়টি টুপি আছে?	How many caps do you have?
আমি ইংরাজি পরতে পারি।	I am able to read English.
কেউ চিৎকার শুরু করলো।	Someone started screaming.
টম মনযোগ দিয়ে শুনছে।	Tom is listening intently.
টম সারা রাত কেঁদেছিল।	Tom kept crying all night.
সোফার উপরে বসবেন না।	Don't sit down on the sofa.
বাচ্চারা সত্যিই ভীত।	The kids are really scared.
লাইব্রেরিটা বাঁদিকে।	The library is to the left.
টম সম্ভবত প্রথম হবে।	Tom will probably be first.
এটা কার ফোন নাম্বার?	Whose phone number is this?
সবাই সুখ কামনা করে।	Everybody desires happiness.
সবাই স্বীকৃতি চায়।	Everybody wants recognition.
আমরা পার্কে খেলতাম।	We used to play in the park.
দিনটা ভালোই কাটল।	The day turned out to be fine.
এটাকে দেখে তো সস্তা মনে হয়েছিল।	It looked cheap.
ওটাকে দেখে তো সস্তা মনে হয়েছিল।	It looked cheap.
আমি আশ্চর্যান্বিত হয়ে গেছিলাম।	I was astonished.
আমি তোমাকে রান্না করতে দেখেছি।	I saw you cooking.
আপনি আমার রাস্তা আটকে রেখেছেন।	You are in my way.
আপনি এখানে অপেক্ষা করতে পারেন।	You can wait here.
আমি কি আমার চাবিটা পেতে পারি?	Can I have my keys?
এই আসনটা কি নেওয়া হয়ে গেছে?	Is this seat taken?
টম আপনাকে সাহায্য করতে পারতো।	Tom could help you.
আমি এটা কোথা থেকে কিনতে পারব?	Where can I buy it?
আমি ওটা কোথা থেকে কিনতে পারব?	Where can I buy it?
তুমি এখানে পড়াশোনা করতে পার।	You can study here.
তোকে দেখে খুব ফ্যাকাশে লাগছে।	You look very pale.
আপনার ডাক্তারের পরামর্শ নিন।	Consult your doctor.
আপনার কাছে কি আমার বইটা আছে?	Do you have my book?
তোমার কাছে কি আমার বইটা আছে?	Do you have my book?
আমি তাদের দুজনকেই পছন্দ করি।	I like both of them.
আমি কেল্টিক সঙ্গীত ভালোবাসি।	I love Celtic music.
আমি যদি সাঁতার কাটতে পারতাম।	I wish I could swim.
আমরা একবার চেষ্টা করেই দেখি!	Let's give it a try.
আমরা পায়ে হেঁটে ঘুরে ছিলাম।	We traveled on foot.
আপনার জুতোগুলো এখানে রয়েছে।	Your shoes are here.
তোমার জুতোগুলো এখানে রয়েছে।	Your shoes are here.
বার্লিন জার্মানিতে অবস্থিত।	Berlin is in Germany.
আমার ব্যপারে চিন্তা কোর না।	Don't worry about me.
আমার নিয়ে চিন্তা করবেন না।	Don't worry about me.
আমি একটা খবরের কাগজ কিনলাম।	I bought a newspaper.
আমার কাছে তিনটে বিকল্প আছে।	I have three options.
আমি এখানে থাকি এবং কাজ করি।	I live and work here.
আমি আপনার মেয়েকে ভালোবাসি।	I love your daughter.
আমার একটা MP3 প্লেয়ার চাই!	I want an MP3 player!
আমি ইতিমধ্যে দাঁড়িয়ে আছি।	I'm already standing.
লিঙ্কন ১৮৬৫ এ মারা গেছিলেন।	Lincoln died in 1865.
কেউ আপনাকে সাহায্য করবে না।	Nobody will help you.
উনি ফরাসিতে কথা বলতে পারেন।	She can speak French.
আপনি কি কোনো ওষুধ খাচ্ছেন?	Are you on medication?
নিজেকে বিভ্রান্ত করবেন না।	Don't delude yourself.
তিনি জাপানে ফেরত গিয়েছেন।	He went back to Japan.
আমি কাশি থামাতেই পারছি না।	I can't stop coughing.
টমকে আমার থেকে দূরে রাখুন।	Keep Tom away from me.
আমি কি জানলাটা খুলতে পারি?	May I open the window?
আপনার মাকে সাহায্য করে কে?	Who helps your mother?
আপনি এই পুরষ্কারটির যোগ্য।	You deserve the prize.
সে জানে আমরা কোথায় থাকি।	He knows where we live.
এই গান আমার ভালো লাগে না।	I don't like this song.
আমি তোমার জন্য ফিরে আসবো।	I'll come back for you.
আমি আপনার জন্য ফিরে আসবো।	I'll come back for you.
আমাদের ভবিষ্যত বিপদাপন্ন।	Our future is at stake.
দয়া করে পুলিশকে কল করুন।	Please call the police.
তারা স্প্যানিশ বলতে পারে।	They can speak Spanish.
সকলেই যাওয়ার জন্য তৈরি।	Everybody's ready to go.
সবাইকে অখুশি দেখাচ্ছিলো।	Everyone looked unhappy.
ওটা এখান থেকে কতটা দূরে?	How far is it from here?
টম কোথা থেকে ফোন করেছিল?	Where did Tom call from?
আপনার মেয়ে কোথায় ছিলো?	Where was your daughter?
তুমি টমকে দেখেছ, তাই না?	You saw Tom, didn't you?
তুমি কি জানো ও কী বললো?	Do you know what he said?
সবাই কিছু না কিছু চায়।	Everyone wants something.
এই আঁকা ছবিটার বয়স কত?	How old is that painting?
আমি একদমই অভিযোগ করিনি।	I didn't complain at all.
আমি কখনই টমকে তা বলিনি।	I never said that to Tom.
আমি ঘুমের ভান করেছিলাম।	I pretended to be asleep.
আমি টমের জন্য খুব খুশি।	I'm really happy for Tom.
আমার জন্য কোনো ডাক আছে?	Is there any mail for me?
বিদায় জানানোটা কষ্টের।	It's hard to say goodbye.
ও ফ্রান্সে বড়ো হয়েছে।	She was raised in France.
টম ওর চোখ বন্ধ রেখেছিল।	Tom kept his eyes closed.
টম বাইরে দাঁড়িয়েছিলো।	Tom was standing outside.
ও যা বললো তা সত্যি নয়।	What he said is not true.
আপনার ফোন নাম্বারটা কী?	What's your phone number?
তোমার ফোন নাম্বারটা কী?	What's your phone number?
তুমি নাচতে পার, তাই না?	You can dance, can't you?
আমরা কি আজ বাইরে খাবো?	Are we eating out tonight?
যোগাযোগ বিচ্ছিন্ন হলো।	Communications broke down.
সবাই হাঁসতে শুরু করলো।	Everyone started laughing.
আপনি কতগুলো ডিম নেবেন?	How many eggs do you want?
আমি সাপকে খুব ভয় পাই।	I'm very afraid of snakes.
আমার সম্মান বিপদাপন্ন।	My reputation is at stake.
মিটিঙটা এখানে হয়েছিল।	The meeting was held here.
উনি ক্যানেডিয় নাগরিক।	Tom is a Canadian citizen.
টম অন্ধকারকে ভয় পায়।	Tom is afraid of the dark.
টম আমাকে চুপ করতে বলল।	Tom told me to keep quiet.
আমরা কিছুই করছিলাম না!	We weren't doing anything!
আপনারা কি ভেতরে আসবেন?	Would you like to come in?
যে কেউ ভুল করতে পারে।	Anybody can make a mistake.
পর্যাপ্ত পানি এনেছেন?	Did you bring enough water?
আপনার কয়টি আংটি আছে?	How many rings do you have?
আমি কাজে যেতে চাই না।	I don't want to go to work.
এটা কখনোই শেষ হবে না।	This is never going to end.
আপনার দাদুর বয়স কত?	How old is your grandfather?
তোমার দাদুর বয়স কত?	How old is your grandfather?
দেখা যাক টম কি করছে।	Let's see what Tom is up to.
টম আর মেরি খুব খুশি।	Tom and Mary are very happy.
টম ওটা করতে চায় না।	Tom doesn't want to do that.
টম এটা করতে চায় না।	Tom doesn't want to do this.
আপনার কতজন বোন আছে?	How many sisters do you have?
আমি চাইনি এটা ঘটুক।	I didn't want this to happen.
এটা সম্পুর্ণ আলাদা।	This is completely different.
আমরা এটা জানতে চাই।	This is what we want to know.
অর্থই অনর্থের মূল।	Money is the root of all evil.
টম আর মেরি শিল্পী।	Tom and Mary both are artists.
বালতিতে পানি নেই।	There's no water in the bucket.
টম আমাদের আমন্ত্রণ জানাতে পারে।	Tom may invite us.
তার আমাকে ধন্যবাদ দেওয়া উচিত।	He should thank me.
আমি এটি কিনতে সম্মত হয়েছিলাম।	I agreed to buy it.
আমি এটা বিশ্বাস করতে পারছি না!	I can't believe it!
আমার নাক দিয়ে রক্ত বের হচ্ছে।	I have a nosebleed.
আমি তোমাকে চিৎকার করতে শুনলাম।	I heard you scream.
আমি আপনাকে চিৎকার করতে শুনলাম।	I heard you scream.
তিমি একটি স্তন্যপায়ী প্রাণী।	A whale is a mammal.
উনি কি ফরাশি ভাষা বলতে পারেন?	Can he speak French?
তুমি কি আদৌ সাতার কাটতে পারো?	Can you swim at all?
আপনি কি অনেক বেশি ভ্রমণ করেন?	Do you travel a lot?
তিনি কি আবারও ব্যর্থ হয়েছেন?	Has he failed again?
আমি আপনার উপর নির্ভর করে আছি।	I'm counting on you.
আমি তোমার উপর নির্ভর করে আছি।	I'm counting on you.
আমি আমার মানিব্যাগ হারিয়েছি।	I've lost my wallet.
তুমি কি আমার কথা বুঝতে পারছ?	Do you understand me?
আমাকে একলা ফেলে রেখে যেও না।	Don't leave me alone.
আমি তোমার কাছে ক্ষমা চাচ্ছি।	I owe you an apology.
আমি কাল রাতে টমকে দেখেছিলাম।	I saw Tom last night.
এমনিতেও অনেক দেরী হয়ে গেছে।	It's too late anyway.
তিনি ফরাসিতে কথা বলতে পারেন।	She can speak French.
কোনো টাকা জমা রাখতে হবে কি?	Do you need a deposit?
টমের কি আমার সাহায্য দরকার?	Does Tom need my help?
আপনার যা পছন্দ হয় তাই খান।	Eat whatever you like.
তোমার যা পছন্দ হয় তাই খাও।	Eat whatever you like.
তুমি কত উঁচুতে লাফাতে পারো?	How high can you jump?
আমার মনে হয় টম বাড়ি গেছে।	I think Tom went home.
আমি এখনো আপনাদের বন্ধু আছি।	I'm still your friend.
আমি এখনো তোমাদের বন্ধু আছি।	I'm still your friend.
তোমার মাথা ব্যাথা চলে গেছে?	Is your headache gone?
একটু শান্ত থাকার চেষ্টা কর।	Just try to keep calm.
আমার বাবার পিজ্জা ভাল লাগে।	My father loves pizza.
তিনি ভালো সেলাই করতে পারেন।	She can sew very well.
তোমার যেখানে ইচ্ছে হয় বসো।	Sit wherever you like.
টমকে বলেন যে আমি ফিরে আসবো।	Tell Tom I'll be back.
আমার কাছে এটা গুরূত্বপুর্ণ।	To me, it's important.
আপনি এখানে কি জন্যে এসেছেন?	What are you here for?
আমি কেন তোমাকে সাহায্য করব?	Why should I help you?
তোমাকে আমার সাথে আসতেই হবে।	You must come with me.
আপনি পিয়ানো বাজাতে পারেন?	Can you play the piano?
আপনার কাছে কি আর কিছু আছে?	Do you have any others?
সে কি কাছাকাছি কোথাও থাকে?	Does he live near here?
আমি ওকে গাড়ি ধুতে দেখলাম।	I saw him wash the car.
আমি আমার ছেলেকে দেখতে চাই।	I'd like to see my son.
আমি বলবো যে টম ঈর্ষান্বিত।	I'd say Tom is jealous.
আমার ছেলে আমার ঘরে এসেছিল।	My son came to my room.
সে যথারীতি দেরি করে এসেছে।	She came late as usual.
১৯৫৪ সালে যুদ্ধটি শেষ হয়।	That war ended in 1954.
টম বিছানায় পাশ ফিরে শুলো।	Tom rolled over in bed.
আমরা গানের তালে নেচেছিলাম।	We danced to the music.
আমাদের গ্যাস ফুরিয়ে গেছে।	We have run out of gas.
আমরা ফুটবল খেলা পছন্দ করি।	We like playing soccer.
আপনি কি ঐ শব্দটি শুনেছেন?	Did you hear that sound?
আপনি কি ফলের রস খেতে চান?	Do you want fruit juice?
তুমি কি ফলের রস খেতে চাও?	Do you want fruit juice?
এটাকে নোংরা হতে দেবেন না।	Don't let it get soiled.
তুমি কি লন্ডনে গিয়েছিলে?	Have you been to London?
সে পড়াশুনায় অবহেলা করে।	He neglects his studies.
আমি আপনাদের বন্ধু, তাইতো?	I am your friend, right?
আমি তোমাদের বন্ধু, তাইতো?	I am your friend, right?
আমি ওর প্রেমে পড়ে গেলাম।	I fell in love with him.
সেদিনের কথা আমি ভুলবো না।	I won't forget that day.
আমি একটু ঘুরে ঘুরে দেখছি।	I'm just looking around.
আমি সেটা করতে শুরু করেছি।	I've started doing that.
একটা ভুল বোঝাবুঝি হয়েছে।	It's a misunderstanding.
শান্তি খুবই গুরুত্বপূর্ণ।	Peace is very important.
স্কুল পরের সপ্তাহে খুলবে।	School starts next week.
পুলিশ তাকে ছেড়ে দিয়েছে।	The police released him.
শীঘ্রই আকাশ পরিষ্কার হবে।	The sky will soon clear.
এটা যথেষ্ট না হলে কী হবে?	What if it's not enough?
ওনারা যা করেছেন সেটা ভুল।	What they did was wrong.
তিনি এখন কোথায় বাস করেন?	Where does she live now?
এখানে আপনার ঠিকানা লিখুন।	Write your address here.
আপনার কাছে একটা পেন হবে?	Do you have a pen on you?
তোমার কাছে একটা পেন হবে?	Do you have a pen on you?
আপনি কি জানেন ও কী বললো?	Do you know what he said?
আমি ইঞ্জিনিয়ার হতে চাই।	I want to be an engineer.
আমি এটা বরদাস্ত করবো না।	I will not tolerate this.
জাদুঘরটা কি আজ খোলা আছে?	Is the museum open today?
টম তার চোখ বন্ধ রেখেছিল।	Tom kept his eyes closed.
টম মনে করে তুমি নির্বোধ।	Tom thinks you're stupid.
টম মনে করে আপনি নির্বোধ।	Tom thinks you're stupid.
টমের বাড়িটা খুব সুন্দর।	Tom's house is very nice.
আমি চাইনি যে তুমি জানো।	I didn't want you to know.
আমি চাই না যে তুমি যাও।	I don't want you to leave.
আমাকে বাথরুমে যেতে হবে।	I have to go the bathroom.
আমি সত্যিই যেতে চাই না।	I really don't want to go.
শরতকালে পাতা ঝড়ে যায়।	Leaves fall in the autumn.
কেউই কিছু সন্দেহ করেনি।	Nobody suspected anything.
মুর্গিটা সুস্বাদু ছিলো।	The chicken was delicious.
আজকের দিনটি চমৎকার ছিল।	Today was a wonderful day.
টম সারা রাত কেঁদেছিলেন।	Tom kept crying all night.
বাস টার্মিনালটা কোথায়?	Where is the bus terminal?
কে আমার সাথে আসতে চায়?	Who wants to come with me?
তুমি ওখানে বসে আছো কেন?	Why are you sitting there?
আপনি কি জাপানী নাগরিক?	Are you a Japanese citizen?
আমি বাইরে যেতে চাই না।	I don't want to go outside.
রোম একদিনে গড়ে ওঠেনি।	Rome wasn't built in a day.
চার্চের ঘন্টাটা বাজছে।	The church bell is ringing.
টমের বাবা একজন সুরকার।	Tom's father is a musician.
তুমি সবসময় অভিযোগ কর।	You are always complaining.
তুমি আমার কথা শুনছ না।	You're not listening to me.
তাকে দেখে সৎ মনে হয়।	He looks like an honest man.
ও আমাকে ওর নাম বলেনি।	She didn't tell me her name.
টম এটা শুনতে চায় না।	Tom doesn't want to hear it.
টম একটি সুদর্শন যুবক।	Tom is a handsome young man.
টম স্পষ্টতই খুশি নয়।	Tom is definitely not happy.
টম প্রোগ্রামিং শিখছে।	Tom is learning programming.
টম কত সুখি মানুষ ছিল।	Tom was such a happy person.
ফলেই বৃক্ষের পরিচয়।	A tree is known by its fruit.
আপেল আমার প্রিয় ফল।	Apples are my favorite fruit.
ফরাসি আমার মাতৃভাষা।	French is my native language.
এটাই একমাত্র বিকল্প।	This is the only alternative.
টম সব চকলেট খেয়েছে।	Tom ate all of the chocolate.
আমরা পাহাড়ে যাচ্ছি।	We're going to the mountains.
এই দেশে তেলের অভাব।	Oil is scarce in this country.
আমি এইটাই খুজছিলাম।	That's what I was looking for.
"কে?" "তোমার মা।"	"Who is it?" "It's your mother."
মিটিং আজ না কাল?	Is the meeting today or tomorrow?
আপনি কি আমাকে সাহায্য করতে পারবেন?	Can you help me?
আমি আমার মালপত্র হারিয়ে ফেলেছি।	I lost my luggage.
আমাকে হেঁটে বাড়ি যেতে হয়েছিল।	I had to walk home.
আপনি এখানে পড়াশোনা করতে পারেন।	You can study here.
আপনাকে দেখে খুব ফ্যাকাশে লাগছে।	You look very pale.
তোমাকে দেখে খুব ফ্যাকাশে লাগছে।	You look very pale.
তিনি কি ফরাশি ভাষা বলতে পারেন?	Can he speak French?
আমার একটা অ্যাম্বুলেন্স লাগবে।	I need an ambulance.
আমি খালি ফরাসি ভাষায় কথা বলি।	I only speak French.
তোমার থেকে বড়দের শ্রদ্ধা করো।	Respect your elders.
আমাদের কাছে পর্যাপ্ত সময় আছে।	We have enough time.
আপনাকে দেখে খুব ক্লান্ত লাগছে।	You look very tired.
তোমাকে দেখে খুব ক্লান্ত লাগছে।	You look very tired.
তুমি কি ফরাসি ভাষা বলতে পারো?	Can you speak French?
কেউ কি তোমায় সাহায্য করেছিল?	Did anybody help you?
কৃষ্ণগহ্বরের অস্তিত্ব আছে কি?	Do black holes exist?
তোমরা কি আমার কথা বুঝতে পারছ?	Do you understand me?
আমার ব্যপারে চিন্তা করবেন না।	Don't worry about me.
আমি রান্না করতে পছন্দ করি না।	I don't like to cook.
আমার একটা নতুন লাল গাড়ি আছে।	I have a new red car.
আমি কি একটা প্রশ্ন করতে পারি?	May I ask a question?
যে কোনো শিশুই ওটা করতে পারে।	Any child can do that.
আপনি আমার কাছ থেকে কত পাবেন?	How much do I owe you?
আমার হাতঘড়ি চুরি হয়ে গেছে।	I had my watch stolen.
আমি সেখানে বেশিক্ষণ থাকব না।	I won't be there long.
আমি জীববিজ্ঞানের শিক্ষার্থী।	I'm a biology student.
একটু শান্ত থাকার চেষ্টা করো।	Just try to keep calm.
আমার মায়ের সঙ্গীত ভাল লাগে।	My mother loves music.
আপনাকে আবার দেখে ভালো লাগলো।	Nice to see you again.
তোমাকে আবার দেখে ভালো লাগলো।	Nice to see you again.
আপনার যেখানে ইচ্ছে হয় বসুন।	Sit wherever you like.
টম মেরিকে মারার চেষ্টা করলো।	Tom tried to hit Mary.
আমি বই কোথা থেকে কিনতে পারব?	Where can I buy books?
এই পুরষ্কারটি আপনার প্রাপ্য।	You deserve the prize.
উনি জানেন আমরা কোথায় থাকি।	He knows where we live.
আমি নিজেকে থামতে পারলাম না।	I couldn't stop myself.
আমার ওই কাগজপত্রগুলো দরকার।	I need those documents.
যত তাড়াতাড়ি হয়, তত ভালো।	The sooner, the better.
টম আমাকে খুব ভালোভাবে চেনে।	Tom knows me very well.
টম মেরিকে একটা চিঠি পাঠালো।	Tom sent Mary a letter.
কে আমেরিকা আবিষ্কার করেছিল?	Who discovered America?
সে বাচ্চাদের মতো আচরণ করে।	He behaves like a child.
তাকে যা মনে হয় সে তা নয়।	He is not what he seems.
আমি তার প্রেমে পড়ে গেলাম।	I fell in love with him.
আমি তোমার সাথে এখানে থাকব।	I'll stay here with you.
আমাকে হাসপাতালে নিয়ে চলো।	Take me to the hospital.
কুকুরটা ঘেউ ঘেউ করতে লাগল।	The dog started barking.
পুলিশ আমার পেছনে পড়ে আছে।	The police are after me.
পুলিশ টমকে গ্রেফতার করেছে।	The police arrested Tom.
টম অক্টোবরে পদত্যাগ করেছে।	Tom resigned in October.
টম সোমবার গ্রেফতার হয়েছে।	Tom was arrested Monday.
তুমি কি আজ ভালো বোধ করছো?	Do you feel better today?
তিনি আগামীকাল ফিরে আসবেন।	He will be back tomorrow.
আজ আপনি কেমন অনুভব করছেন?	How are we feeling today?
আপনি আমাকে কত টাকা দেবেন?	How much will you pay me?
আমি এক জোড়া জুতো কিনলাম।	I bought a pair of shoes.
আমার আর পাঁচ মিনিট লাগবে।	I need five more minutes.
ঐ ঘরে আমার জন্ম হয়েছিলো।	I was born in that house.
মেরি একটি বিকিনি পরে আছে।	Mary is wearing a bikini.
টমকে হাসপাতালে নিয়ে যান।	Take Tom to the hospital.
টমকে হাসপাতালে নিয়ে যাও।	Take Tom to the hospital.
ওটা আমার উদ্দেশ্য ছিল না।	That wasn't my intention.
তাদের দুটো জমজ মেয়ে আছে।	They have twin daughters.
টম ফেসবুক ব্যবহার করে না।	Tom doesn't use Facebook.
টম কঠিন কাজ করতে অভ্যস্ত।	Tom is used to hard work.
টম জানত আমি বিরক্ত ছিলাম।	Tom knew I was irritated.
টমের আরও খাওয়া উচিত ছিল।	Tom should've eaten more.
আমরা যা করতে চাই তাই করি।	We do what we want to do.
আপনার বাড়ির ঠিকানাটা কী?	What's your home address?
তোমার বাড়ির ঠিকানাটা কী?	What's your home address?
আপনি নাচতে পারেন, তাই না?	You can dance, can't you?
আপনার ফোন নাম্বারটা দিন।	Give me your phone number.
তোমার ফোন নাম্বারটা দাও।	Give me your phone number.
ও আমাকে লিখতে শিখিয়েছে।	He taught me how to write.
তিনি বিষণ্ণ এবং নিঃসঙ্গ।	He's depressed and lonely.
ও বাচ্চাদের মত ঘুমাচ্ছে।	He's sleeping like a baby.
আমি A-1 গেটে কিভাবে যাব?	How can I get to gate A-1?
আপনার বাচ্চাদের বয়স কত?	How old are your children?
আমি গান শুনতে পছন্দ করি।	I like to listen to music.
আমি একট ছোট গ্রামে থাকি।	I live in a small village.
এটি একটি জাতীয় পত্রিকা।	It's a national newspaper.
একটা সমস্যা এখনো রয়েছে।	One problem still remains.
হাসপাতালটা আশেপাশেই আছে।	The hospital is near here.
টম তিন দিন পর মারা গেলো।	Tom died three days later.
টম আমাকে ফরাসি পড়াচ্ছে।	Tom is teaching me French.
টম আমাকে ফরাসি শেখাচ্ছে।	Tom is teaching me French.
এর আগের স্টেশনটা কি ছিল?	What was the last station?
আপনি ওখানে বসে আছেন কেন?	Why are you sitting there?
আপনি আমার সীটে বসে আছেন।	You're sitting in my seat.
গ্রামের সবাই তাকে চেনে।	All the villagers know him.
সেখানে কতজন প্রহরী ছিল?	How many guards were there?
রোম এক দিনে গড়ে ওঠেনি।	Rome wasn't built in a day.
সে প্রতিদিন টেনিস খেলে।	She plays tennis every day.
সে জ্বরে পুড়ে যাচ্ছিল।	She was burning with fever.
আতঙ্কবাদিরা ব্যর্থ হলো।	The terrorists have failed.
টম আর মেরি চিৎকার করছে।	Tom and Mary are screaming.
টম এখন লাঞ্চ খেতে চায়।	Tom wants to eat lunch now.
টম বাচ্চার মত কাঁদছিলো।	Tom was crying like a baby.
তোমরা সবসময় অভিযোগ কর।	You are always complaining.
যাত্রাটা কতক্ষণ লাগবে?	How long does the trip take?
তোমার জন্য কিছু এনেছি।	I brought something for you.
আমি চাই টম কোথায় আছে।	I want to know where Tom is.
আমি নিজেই সেই কাজ করব।	I'll do that work by myself.
সারা রাত ধরে বরফ পরছে।	It's been snowing all night.
পুলিশ অপরাধীদের ধরেছে।	Police caught the criminals.
টম আমার বাড়িতে আসেনি।	Tom didn't come to my house.
টম কোন দলের হয়ে খেলে?	What team does Tom play for?
আমি ওইরকম হতে চাই না।	I don't want to be like that.
শিক্ষক চেয়ারে বসলেন।	The teacher sat on the chair.
ক্লাব কটার সময় খোলে?	What time does the club open?
ফরাসিতে এটাকে কী বলে?	What's this called in French?
তুই কত রাত্রি থাকবি?	How many nights will you stay?
টম কুকুরকে ভয় পেতো।	Tom used to be scared of dogs.
গান শোনা আমার নেশা।	My hobby is listening to music.
সিংহ আর বাঘ কোথায়?	Where are the lions and tigers?
তুমি কি কিছু খাবে?	Would you like to eat something?
ছাদের সমস্যা আছে।	There are problems with the roof.
আমার একটা গাড়িতে ধাক্কা লেগেছে।	I was hit by a car.
আমি ছয়টা সময়ের আগে ফিরে আসবো।	I'll be back by six.
আমি সত্যিই দিশেহারা হয়ে পরেছি।	I'm really confused.
আমি আমার পাটাকে বিশ্রাম দিচ্ছি।	I'm resting my legs.
এটা দেখে মুখরোচক বলে মনে হচ্ছে।	It looks appetizing.
আপনাদের দেখে খুব ক্লান্ত লাগছে।	You look very tired.
তোমাদের দেখে খুব ক্লান্ত লাগছে।	You look very tired.
আপনি কি ফরাসি ভাষা বলতে পারেন?	Can you speak French?
তোমরা কি ফরাসি ভাষা বলতে পারো?	Can you speak French?
আপনি কি আমার কথা বুঝতে পারছেন?	Do you understand me?
আমাকে একলা ফেলে রেখে যাবেন না।	Don't leave me alone.
আমি পদার্থবিজ্ঞানে বি পেয়েছি।	I got a B in physics.
আমার মা ভালো রান্না করতে পারে।	My mother cooks well.
তুমি সাহায্য করার শপথ করেছিলে।	You promised to help.
আপনাদের যা পছন্দ হয় তাই খান।	Eat whatever you like.
তোমাদের যা পছন্দ হয় তাই খাও।	Eat whatever you like.
সে ইটালিয়ান খাবার পছন্দ করে।	He likes Italian food.
আমি এখানে ব্যবসার জন্য এসেছি।	I am here on business.
আমি গত সপ্তাহে এটা কিনেছিলাম।	I bought it last week.
আমর বইটা সহজ বলে মনে হয়েছিল।	I found the book easy.
আমি জাপানের টোকিও থেকে এসেছি।	I'm from Tokyo, Japan.
একটু শান্ত থাকার চেষ্টা করুন।	Just try to keep calm.
আমরা সবে রাতের খাবার খেয়েছি।	We've just had dinner.
আমি কি একটু চেকটা পেতে পারি?	Could I have the check?
আপনাদের কাছে কি আর কিছু আছে?	Do you have any others?
উনি কি কাছাকাছি কোথাও থাকেন?	Does he live near here?
তিনি জানেন আমরা কোথায় থাকি।	He knows where we live.
আমি ওনাকে গাড়ি ধুতে দেখলাম।	I saw him wash the car.
আমি কি জানলাগুলো খুলতে পারি?	May I open the windows?
তোমার কোনটা দরকার আমাকে বলো।	Tell me which you want.
টমের কোনো পরিকল্পনাই ছিল না।	Tom had no plan at all.
আমরা এটা পরেও শেষ করতে পারি।	We can finish it later.
আমরা অস্বাভাবিক কিছু দেখিনি।	We saw nothing strange.
আমি স্ট্যাম্প কোথা থেকে পাব?	Where can I get stamps?
আপনাকে ব্যাংকারের মতো লাগছে।	You look like a banker.
আপনি কি আমার ব্যপারে বলছেন?	Are you referring to me?
আপনার কাছে কোনো পেনসিল আছে?	Do you have any pencils?
সে পদার্থবিজ্ঞানে ভালো করে।	He does well in physics.
আমি ওনার প্রেমে পড়ে গেলাম।	I fell in love with him.
আমি আস্তে আস্তে চোখ খুললাম।	I slowly opened my eyes.
আমি সন্ধ্যার আগে ফিরে আসবো।	I'll be back by evening.
দুর্ভাগ্যবশতভাবে এটা সত্যি।	It's unfortunately true.
আমার কাছ থেকে দূরে সরে যান।	Please get away from me.
আমাকে হাসপাতালে নিয়ে চলুন।	Take me to the hospital.
আপনার উপহারের জন্য ধন্যবাদ।	Thank you for your gift.
রাস্তায় প্রচুর ঝাকুনি ছিল।	The road was very bumpy.
টম আমার সঙ্গে সারা দিন ছিল।	Tom was with me all day.
আমরা শীঘ্রই একটি বিরতি নেব।	We'll take a break soon.
আপনি কখন কেনাকাটা করতে যান?	When do you go shopping?
কে আমার সাথে কথা বলতে চায়?	Who wants to talk to me?
আপনি সত্যিই কোনো কাজের নয়।	You really are hopeless.
তুমি টমকে দেখেছিলে, তাই না?	You saw Tom, didn't you?
"আমি ফিরে আসবো," টম বল্লো।	"I'll be back," said Tom.
তুমি কি জানো উনি কী বললেন?	Do you know what he said?
স্বর্ণ একটি মূল্যবান ধাতু।	Gold is a precious metal.
সে ভয়ে ফ্যাকাশে হয়ে গেল।	He turned pale with fear.
অবশেষে আমি খেলনাটি কিনেছি।	I finally bought the toy.
আমি একটা সিনেমা হলে ছিলাম।	I was at a movie theater.
আমি এখানে দশটা অবধি থাকবো।	I'll stay here until ten.
বাইরেটা একদম কুচকুচে কালো।	It's pitch black outside.
আমার মা একজন ভালো রাঁধুনি।	My mother is a good cook.
উনি ফ্রান্সে বড়ো হয়েছেন।	She was raised in France.
সিমেন্টটা তখনও শুকনো ছিলো।	The cement was still wet.
তারা হাসি থামাতে পারছে না।	They can't stop laughing.
ওনাদের দুটো জমজ মেয়ে আছে।	They have twin daughters.
টমের ওখানে থাকা উচিৎ ছিলো।	Tom should've been there.
উনি যা বললেন তা সত্যি নয়।	What he said is not true.
সিনেমা দেখতে যাবেন না কেন?	Why not go to the movies?
টম কি জানে যে তুমি এখানে?	Does Tom know you're here?
টম কি জানে যে আপনি এখানে?	Does Tom know you're here?
সে আমাকে লিখতে শিখিয়েছে।	He taught me how to write.
সে বাচ্চাদের মত ঘুমাচ্ছে।	He's sleeping like a baby.
তুমি কতদিনের জন্য যাচ্ছো?	How long will you be gone?
আমি জার্মান ভাষা বুঝি না।	I don't understand German.
আমি একটা আনারস কিনতে চাই।	I want to buy a pineapple.
আমি একটা সোয়েটার খুঁজছি।	I'm looking for a sweater.
আমি এতে খুব একটা ভালো নই।	I'm not very good at this.
আবার আমার মাথাব্যথা করছে।	I've got another headache.
বস্টনে আমাকে কেউ চেনে না।	Nobody knows me in Boston.
সেখানে কারো যাওয়া নিষেধ।	Nobody's allowed in there.
স্টেশনটা বেশ কিছুটা দূরে।	The station is pretty far.
আপনার জন্য একটি চিঠি আছে।	There is a letter for you.
অন্য কোনো উপায় তো থাকবে।	There must be another way.
আমরা ভুল রাস্তায় যাচ্ছি।	We're going the wrong way.
কোথায় আমি হাত ধুতে পারি?	Where can I wash my hands?
সততাই সর্বোৎকৃষ্ট পন্থা।	Honesty is the best policy.
আমি মিটিঙে যেতে পারব না।	I can't attend the meeting.
আমি পুরো বিশ্বের নাগরিক।	I'm a citizen of the world.
টমকে সিদ্ধান্ত নিতে দিন।	Let Tom make the decisions.
আমাদের এখনি বেরানো উচিত।	We need to leave right now.
টিকিট কাউন্টারটা কোথায়?	Where's the ticket counter?
টমকে ব্যথা কে দিতে চেতো?	Who would want to hurt Tom?
আপনি সবসময় অভিযোগ করেন।	You are always complaining.
টম খালি মাছই ধরতে চায়।	All Tom wants to do is fish.
আপনার কখনো হাড় ভেঙেছে?	Have you ever broken a bone?
তোমার কখনো হাড় ভেঙেছে?	Have you ever broken a bone?
আপনার ঠাকুরদার বয়স কত?	How old is your grandfather?
তোমার ঠাকুরদার বয়স কত?	How old is your grandfather?
আমি ঘুমাতে যেতে চাই না।	I don't want to go to sleep.
আমি টমকে জাগাতে চাই না।	I don't want to wake Tom up.
আমি আজ ৮টার সময় উঠেছি।	I got up at 8 o'clock today.
আমার তিন জোরা মোজা চাই।	I want three pairs of socks.
আমি কাল রাতে ফিরে আসবো।	I'll be back tomorrow night.
টম কি ফরাসি বলতে সক্ষম?	Is Tom able to speak French?
সেটা নিয়ে পরে কথা বলি।	Let's talk about that later.
আমার মালপত্রটা সবে এলো।	My luggage has just arrived.
সে আমাকে তার নাম বলেনি।	She didn't tell me her name.
বিড়ালটি গাছে উঠে গেছে।	The cat climbed up the tree.
ডাক্তার দ্রুতই এসেছিলো।	The doctor came immediately.
এটা পুরোপুরিই আমার দোষ।	This is completely my fault.
এমনকি টম যেতেও চায় না।	Tom doesn't even want to go.
টম এখানে থাকতে চায় না।	Tom doesn't want to be here.
টম এত খুশি কখনো হয় নি।	Tom has never been so happy.
টম সময় জানতে চেয়েছিল।	Tom wanted to know the time.
টম ওর ছাতাটা ফেরত চায়।	Tom wants his umbrella back.
আপনার প্রিয় সংখ্যা কী?	What's your favorite number?
তুমি কখনো ইউরোপে গেছো?	Have you ever been to Europe?
তুই ওকে চিনলি কি কোরে?	How did you come to know her?
আমি গল্প শুনতে চাই না।	I don't want to hear a story.
মেরি হাসপাতালে পৌছালো।	Mary arrived at the hospital.
টম সারাদিন চুপচাপ ছিল।	Tom kept silent all day long.
আমরা কে টম জানতে চায়।	Tom wants to know who we are.
বাসটা কটার সময় ছাড়ে?	What time does the bus leave?
পরের বাসটি কখন ছাড়বে?	When does the next bus leave?
আরও সস্তা কোন ঘর আছে?	Do you have any cheaper rooms?
আমি কাজে যাবো কীভাবে?	How am I going to get to work?
তুমি কত রাত্রি থাকবে?	How many nights will you stay?
তোরা কত রাত্রি থাকবি?	How many nights will you stay?
অসলো নরওয়ের রাজধানী।	Oslo is the capital of Norway.
বিলটায় একটা ভুল আছে।	There's a mistake in the bill.
টম এবং জন ভালো বন্ধু।	Tom and John are good friends.
আমি আপনার ভাষা বুঝি।	I can understand your language.
টমসহ সবাই হেসেছিলো।	Everyone laughed, including Tom.
ভারতের জনসংখ্যা কত?	What is the population of India?
টেবিলে ওই বইটা কার?	Whose book is that on the table?
আপনি কি কিছু খাবেন?	Would you like to eat something?
সবুরে মেওয়া ফলে।	All things come to those who wait.
এই ঘরে এসি আছে?	Does the room have air conditioning?
আমি আমার মায়ের কাছে দৌড়ে গেলাম।	I ran to my mother.
ওদের দেখে আমেরিকান বলে মনে হচ্ছে।	They seem American.
তোমার সাথে আমাদের আবার দেখা হবে।	We'll see you again.
আমি বাচ্চাদের পড়াতে পছন্দ করি।	I like teaching kids.
আমার স্কুল যেতে দেরী হয়েগেছিল।	I was late to school.
আমরা আমাদের সন্তানদের ভালোবাসি।	We love our children.
যে কোনো বাচ্চাই ওটা করতে পারে।	Any child can do that.
আমার মালপত্র পাওয়া যাচ্ছে না।	My baggage is missing.
আমাকে ছটার সময় জাগিয়ে দেবেন।	Please wake me at six.
যুদ্ধটা ১৯৫৪ সালে শেষ হয়েছিল।	The war ended in 1954.
আমি জাপানি ভাষায় কথা বলি না।	I don't speak Japanese.
আমি আপনার কথা বুঝতে পারছি না।	I don't understand you.
আমি তোমার কথা বুঝতে পারছি না।	I don't understand you.
আমি ভেবেছিলাম টম মারা গেছিলো।	I thought Tom was dead.
টম কি এখনো আমার উপর রেগে আছে?	Is Tom still mad at me?
অনেক দাসকে মুক্তি দেওয়া হয়।	Many slaves were freed.
আমার ছেলে এখনো গুনতে পারে না।	My son can't count yet.
আমার গলাটা একটু শুকিয়ে গেছে।	My throat is a bit dry.
আপনার কোনটা দরকার আমাকে বলুন।	Tell me which you want.
টম খুব ভালো রান্না করতে পারে।	Tom is good at cooking.
আমরা আমাদের নিজেদের গান লিখি।	We write our own songs.
আমরা জীববিজ্ঞানের শিক্ষার্থী।	We're biology students.
আপনি কি পদার্থবিজ্ঞানে ভালো?	Are you good at physics?
আমি কি এটা একটু দেখেতে পারি?	Can I take a look at it?
আমি আসলেই ওটা করেছি, তাই না?	I did do that, didn't I?
তোমার মন খারাপ কেন আমি জানি।	I know why you're upset.
এখানে সাঁতার কাটা কি নিরাপদ?	Is it safe to swim here?
কুকুরটি শেয়ালের পিছনে ছুটল।	The dog ran after a fox.
কোয়ান্টাম পদার্থবিজ্ঞান কী?	What is quantum physics?
তুমি কটার সময় ঘুম থেকে ওঠো?	What time do you get up?
তোমাকে পড়াশুনা করতে হবে না।	You don't have to study.
আপনি টমকে দেখেছিলেন, তাই না?	You saw Tom, didn't you?
আপনি কি জানেন উনি কী বললেন?	Do you know what he said?
টম আমাদের কতো কিছু দিয়েছে।	Tom has given us so much.
টম তোমাকে আঘাত করতে যাচ্ছে।	Tom is going to hurt you.
টম তাঁর চোখ বন্ধ রেখেছিলেন।	Tom kept his eyes closed.
টম ওনার চোখ বন্ধ রেখেছিলেন।	Tom kept his eyes closed.
টম তার জামা পরেই ঘুমিয়েছে।	Tom slept in his clothes.
আমায় কী পরিবর্তন করতে হবে?	What do I have to change?
আপনি যা বললেন তা সত্যি নয়।	What you said isn't true.
তোমার কাছে কোনো প্রমাণ নেই।	You don't have any proof.
শেষ ভালো যার, সব ভালো তার।	All's well that ends well.
কীভাবে আপনার এই ধারণা হলো?	How did you get that idea?
আমার তিনটা ছোট বাচ্চা আছে।	I have three little girls.
আমার মনে হয় টম ভালোই আছে।	I think Tom is doing well.
আমি চাই তুমি একটা গান গাও।	I want you to sing a song.
আমার বাবা ব্যাংকের কেরাণী।	My father is a bank clerk.
এই বাক্সটি যথেষ্ট বড় নয়।	This box isn't big enough.
এই পুরানো বাড়িটা ভুতুড়ে।	This old house is haunted.
তুমি যা বললে তা সত্যি নয়।	What you said is not true.
সবাই, দয়া করে শান্ত হোন।	Everyone, please calm down.
তিনি গতকাল টেনিস খেলেছেন।	He played tennis yesterday.
এই যন্ত্র কীভাবে কাজ করে?	How does this machine work?
এখন সবে সাড়ে সাতটা বাজে।	It is just half past seven.
শীঘ্রই আমার জন্মদিন আসছে।	My birthday is coming soon.
টম রোবটের মতো নাচতে পারে।	Tom can dance like a robot.
টম জ্বরে বিছানাগত হয়েছে।	Tom is in bed with a fever.
টম একটা বড় ঝুঁকি নিচ্ছে।	Tom is taking a big chance.
আপনি লাঞ্চ কটার সময় খান?	What time do you eat lunch?
আপনি কি ফরাসি শিখতে চান?	Do you want to learn French?
তুমি কি ফরাসি শিখতে চাও?	Do you want to learn French?
তুমি এখানে কতক্ষণ থাকবে?	How long will you stay here?
আমি চাই না তুমি এটা করো।	I don't want you doing that.
আমি ভেবছিলাম টম অন্যরকম।	I thought Tom was different.
আমি ভেবেছিলাম টম বস্টনে।	I thought Tom was in Boston.
আমি টমের মত ধনী হতে চাই।	I want to be as rich as Tom.
আমি খালি দেখছি, ধন্যবাদ।	I'm just looking, thank you.
টম কোথায় আছে খোঁজা যাক।	Let's find out where Tom is.
তেরোজন লোক নিহত হয়েছেন।	Thirteen people were killed.
আজ রাষ্ট্রীয় ছুটির দিন।	Today is a national holiday.
টম আমাকে কিছুই দেখায়নি।	Tom didn't show me anything.
টম চেয়েছিল তুই এটা নিস।	Tom wanted you to have this.
টম তার ছাতাটা ফেরত চায়।	Tom wants his umbrella back.
ছাদে একটা বিড়াল ডাকছে।	A cat is meowing on the roof.
চকচক করলেই সোনা হয় না।	All that glitters isn't gold.
ফুটবল আমার প্রিয় খেলা।	Football is my favorite game.
আপনি কখনো ইউরোপে গেছেন?	Have you ever been to Europe?
উনি একজন অভিজ্ঞ শিক্ষক।	He is an experienced teacher.
আমি স্টেশনে কিভাবে যাব?	How can I get to the station?
তুমি ওকে চিনলে কি কোরে?	How did you come to know her?
আমি বস্টনে যেতে চাই না।	I don't want to go to Boston.
আমি স্কুলে যেতে চাই না।	I don't want to go to school.
ওটা তিন দিন আগে ঘটেছিল।	That happened three days ago.
কফিটি পর্যাপ্ত গরম নয়।	This coffee isn't hot enough.
আমাদের পুলিশ ডাকতে হবে।	We've got to call the police.
কার একটু হট চকোলেট চাই?	Who wants some hot chocolate?
আপনি কত রাত্রি থাকবেন?	How many nights will you stay?
তোমরা কত রাত্রি থাকবে?	How many nights will you stay?
আমিও এটা বুঝতে পারিনি।	I didn't understand it either.
শিক্ষার কোনো বয়স নেই।	It is never too late to learn.
গণিত হলো তার দুর্বলতা।	Mathematics is her weak point.
এটাই এখন আমাদের দরকার।	That's what we need right now.
গবেষণাটি সফল হয়েছিলো।	The experiment was successful.
স্টেশনটা দু মাইল দূরে।	The station is two miles away.
এশিয়াতে অনেক লোক আছে।	There are many people in Asia.
এই মন্দিরটি ৭৮০ সালের।	This temple dates back to 780.
টম সবসময় ওর কথা রাখে।	Tom always keeps his promises.
টম সত্যিই খুব সুদর্শন।	Tom certainly is good-looking.
আমরা আর ভয়ে বাঁচি না।	We don't live in fear anymore.
টম কতগুলো গান লিখেছে?	How many songs has Tom written?
আমি তখন ছুটিতে ছিলাম।	I was on vacation at that time.
আপনার কিছু উত্তর ভুল।	Some of your answers are wrong.
গ্রামটতে বিদ্যুৎ নেই।	The village has no electricity.
এই বিষয় আপনার কি মত?	What are your thoughts on that?
এই বিষয় তোমার কি মত?	What are your thoughts on that?
ফরাসি শেখা কঠিন নয়।	French isn't difficult to learn.
প্রচুর কাজ করার আছে!	There are too many things to do!
আবার কবে দেখা হবে?	When will we see each other again?
আমাকে দেখে কত বছর বয়স বলে মনে হয়?	How old do I look?
আমি টমকে আমার গাড়ি ধার দিয়েছিলাম।	I lent Tom my car.
আমি সাহায্যের জন্য চিৎকার করেছিলাম।	I yelled for help.
তাদের দেখে আমেরিকান বলে মনে হচ্ছে।	They seem American.
আমাদের এখুনি কাজে লেগে পড়তে হবে।	We must act at once.
আপনারা কি ফরাসি ভাষা বলতে পারেন?	Can you speak French?
আপনি কি একটু সাহায্য করতে পারেন?	Could you help a bit?
আপনারা কি আমার কথা বুঝতে পারছেন?	Do you understand me?
আমি সাড়ে দুইটা সময়ে ফিরে আসবো।	I'll be back at 2:30.
তোমাদেরকে আবার দেখে ভালো লাগলো।	Nice to see you again.
আপনাদেরকে আবার দেখে ভালো লাগলো।	Nice to see you again.
আপনি টমকে জিজ্ঞেস করছেন না কেন?	Why don't you ask Tom?
সমস্ত মানুষ বাতাসে শ্বাস নেয়।	All people breathe air.
আপনি কি লোক সঙ্গীত পছন্দ করেন?	Do you like folk music?
আমাকে কোন অংশে কম মনে কোরো না।	Don't underestimate me.
আমি একটা নতুন সোয়েটার কিনলাম।	I bought a new sweater.
আমি নতুন একটা সোয়েটার কিনেছি।	I bought a new sweater.
আমি অস্ট্রেলিয়ায় বড় হয়েছি।	I grew up in Australia.
আমি খুশি মনে তোকে সাহায্য করব।	I will gladly help you.
তার থেকে আমি সাঁতার কাটতে ষাব।	I'd rather go swimming.
আবহাওয়া আজ মোটামুটি উষ্ণ আছে।	It's fairly warm today.
বৃষ্টিটি এক সপ্তাহ ধরে চলেছিল।	The rain lasted a week.
আমার কোনো টাকা নেই বললেই চলে।	I have hardly any money.
আমি আমার সব প্রতিবেশীকে চিনি।	I know all my neighbors.
আমি এক মাসের মধ্যে ফিরে আসবো।	I'll be back in a month.
আমি কোনো শব্দ খুজে পাচ্ছি না।	I'm at a loss for words.
আপনার স্বামী কি বাড়িতে আছেন?	Is your husband at home?
জাপান চীনের কাছাকাছি অবস্থিত।	Japan is close to China.
আমাদেরকে হাসপাতালে নিয়ে যান।	Take us to the hospital.
টম একলা একলা ব্রেকফাস্ট খেলো।	Tom ate breakfast alone.
টম দারুন বার্গার বানাতে পারে।	Tom makes great burgers.
সোমবার টমকে গ্রেফতার করা হয়।	Tom was arrested Monday.
টম ২০১৩ এ নির্বাচিত হয়েছিলো।	Tom was elected in 2013.
আপনি কটার সময় ঘুম থেকে ওঠেন?	What time do you get up?
তিনি কল্পবিজ্ঞান পছন্দ করেন।	He likes science fiction.
আমার কাছে কোনো উপায় ছিল না।	I didn't have any choice.
আমার আর তোমাকে ভালো লাগে না।	I don't like you anymore.
আমার আর আপনাকে ভালো লাগে না।	I don't like you anymore.
আমি মধ্যরাতের আগে ফিরে আসবো।	I'll be back by midnight.
আমি কাল তোমাকে ছেড়ে যাচ্ছি।	I'm leaving you tomorrow.
দয়া করে আপনার টুপিটি খুলুন।	Please take your hat off.
উনি একজন বিশ্বাসযোগ্য মানুষ।	She is a reliable person.
তাদের তেমন খারাপ মনে হয় না।	They don't seem that bad.
টম দেখতে জম্বির মতো লাগছিলো।	Tom looked like a zombie.
টম তার ফোন বন্ধ করে দিয়েছে।	Tom turned his phone off.
আপনি কার কাছ থেকে পালাচ্ছেন?	Who are you running from?
আপনি যত ইচ্ছে তত খেতে পারেন।	You can eat all you want.
তুমি যত ইচ্ছে তত খেতে পা্রো।	You can eat all you want.
তোমরা যত ইচ্ছে তত খেতে পারো।	You can eat all you want.
তোমার বই ডেস্কের উপর রয়েছে।	Your book is on the desk.
আপনার বই ডেস্কের উপর রয়েছে।	Your book is on the desk.
বিড়াল অন্ধকারে দেখতে পায়।	A cat can see in the dark.
উনি আমাকে লিখতে শিখিয়েছেন।	He taught me how to write.
উনি বাচ্চাদের মত ঘুমাচ্ছেন।	He's sleeping like a baby.
ইনি বাচ্চাদের মত ঘুমাচ্ছেন।	He's sleeping like a baby.
তার গল্প সত্য নাও হতে পারে।	His story may not be true.
আমি চায়না টাউন কিভাবে যাব?	How do I get to Chinatown?
আমার আরও সতর্ক হওয়া দরকার।	I need to be more careful.
আমার দাদা একজন নায়ক ছিলেন।	My grandfather was a hero.
এটা অনেক বেশি গুরুত্বপূর্ণ।	That's far more important.
টম ভাইরাসের চেয়েও নিকৃষ্ট।	Tom is worse than a virus.
আপনার বন্ধু কোথা থেকে এসছে?	Where is your friend from?
আপনার শাকসব্জি খাওয়া উচিত।	You should eat vegetables.
তোমার শাকসব্জি খাওয়া উচিত।	You should eat vegetables.
ক্ষমা করবেন, এখন কটা বাজে?	Excuse me, what time is it?
আমি আজ সন্ধ্যেতে শুরু করব।	I am starting this evening.
আমি তার সব উপন্যাস পড়েছি।	I have read all his novels.
সন্ধ্যেবেলা বরফ পরতে পারে।	It may snow in the evening.
জাপানে জীবনযাপন ব্যয়বহুল।	Life in Japan is expensive.
আমার ছেলে আমার থেকে লম্বা।	My son is taller than I am.
ওইটা আকর্ষণীয় হওয়া উচিত।	That should be interesting.
টমের কাছে কোনো প্রমান নেই।	Tom doesn't have any proof.
টম এখন একটি উপন্যাস লিখছে।	Tom is writing a novel now.
আপনি কটার সময় ঘুমাতে যান?	What time do you go to bed?
তুমি কটার সময় ঘুমাতে যাও?	What time do you go to bed?
আপনারা সবসময় অভিযোগ করেন।	You are always complaining.
আপনি ভুল রাস্তায় যাচ্ছেন।	You're going the wrong way.
তোমার মা গতকাল মারা গেছেন।	Your mother died yesterday.
কানাডা জাপানের চেয়ে বড়।	Canada is larger than Japan.
আপনি এখানে কতক্ষণ থাকবেন?	How long will you stay here?
আমি তোর সাথে যেতে চাই না।	I don't want to go with you.
আমি সকালের আগে ফিরে আসবো।	I'll be back before morning.
সে একটা কালো টুপি পরেছিল।	She was wearing a black hat.
রাষ্ট্রদূতটি ফিরে এসেছেন।	The ambassador has returned.
টম আজ রাতে আসতে পারবে না।	Tom can't come over tonight.
টম এটার ব্যপারে খুশি নয়।	Tom is not happy about this.
টম মন্ত্রী হতে চেয়েছিলো।	Tom wanted to be a minister.
টম চেয়েছিল আপনি এটা নেন।	Tom wanted you to have this.
টম চেয়েছিল তুমি এটা নাও।	Tom wanted you to have this.
টম চায় আমি ওর সঙ্গে যাই।	Tom wants me to go with him.
আমরা একসাথে ফুটবল খেলতাম।	We played football together.
আপনি কোন মাপের জুতো পরেন?	What size shoes do you wear?
আপনার কাজে ফিরে আসা উচিত।	You should get back to work.
ক্ষুদ্র প্রতিযোগিতা ভাল।	A little competition is good.
তুমি কি কখনো বস্টন গেছো?	Have you ever been to Boston?
ওর যা ইচ্ছে ও বলতে পারে।	He can say whatever he wants.
তিনি একজন অভিজ্ঞ শিক্ষক।	He is an experienced teacher.
আপনি ওকে চিনলেন কি কোরে?	How did you come to know her?
তুই ওনাকে চিনলি কি কোরে?	How did you come to know her?
আমায় কতবার না বলতে হবে?	How many times must I say no?
আমার হাসপাতালে যেতে হবে।	I need to go to the hospital.
পায়ে হেঁটে পনেরো মিনিট।	It's fifteen minutes on foot.
কেউ কেউ হাসতে শুরু করলো।	Some people started laughing.
তার কারণ তুই একজন মেয়ে।	That's because you're a girl.
টম তিনটি উপন্যাস লিখেছে।	Tom has written three novels.
টম সারাদিন চুপচাপ ছিলেন।	Tom kept silent all day long.
আমরা আপনার কথাই বলছিলাম।	We've been talking about you.
সে গতকাল জাপান পৌঁছেছে।	He arrived in Japan yesterday.
আমি জানিনা ঠিক কি বলবো।	I just don't know what to say.
আমি আর একটু ঘুমাতে চাই।	I want to sleep a little more.
আমাদের মাতৃভাষা জাপানী।	Japanese is our mother tongue.
চলো জ্যাকসনদের কথা বলি।	Let's talk about the Jacksons.
ফন্টটি আরেকটু বড় করুন।	Make the font a little bigger.
এগুলো আসলে শুধু অজুহাত।	These are really just excuses.
এটা গতকালের খবরের কাগজ।	This is yesterday's newspaper.
টম সবসময় তার কথা রাখে।	Tom always keeps his promises.
টম এবং মেরি ভালো গায়ক।	Tom and Mary are good singers.
এই রাস্তার প্রস্থ কতটা?	What's the width of this road?
লড়াই করে কিছু হবে না।	Fighting won't settle anything.
এই শব্দটির উচ্চারণ কী?	How do you pronounce this word?
এটা দারুণ একটা প্রশ্ন।	That's an interesting question.
এই বাড়িটা আমার দাদুর।	This house is my grandfather's.
চিন্তা করার কিছু নেই।	There is nothing to worry about.
টম এখানেই কোথাও থাকে।	Tom lives around here somewhere.
কেউ কিছু বলছে না কেন?	Why doesn't anyone say anything?
এই তত্বটি বিতর্কিত।	This theory is very controversial.
বাইরে খেলতে যাবে?	Would you like to come out and play?
আমি তোমাকে কফি বানিয়েছি দিয়েছিলাম।	I made you coffee.
ওনাদের দেখে আমেরিকান বলে মনে হচ্ছে।	They seem American.
আপনার ডাক্তারের সাথে পরামর্শ করুন।	Consult your doctor.
আমি আপনাকে একটি চিঠি পাঠিয়েছিলাম।	I sent you a letter.
আপনি কি পড়াশোনা করতে পছন্দ করেন?	Do you like to study?
তুমি কে একদিনের ছুটি নিতে পারবে?	Can you get a day off?
তোমার যা কিছু পছন্দ হয় তাই খাও।	Eat anything you like.
আপনার যা কিছু পছন্দ হয় তাই খান।	Eat anything you like.
সোমবার অবধি অপেক্ষা করার কি আছে?	Why wait until Monday?
আমাকে কোন অংশে কম মনে করবেন না।	Don't underestimate me.
আমার টমের কুকুরকে ভালো লাগে না।	I don't like Tom's dog.
আমি ধাঁধা সমাধান করতে ভালোবাসি।	I love solving puzzles.
আমি আপনার জন্য রান্না করতে চাই।	I want to cook for you.
আমি তোমার জন্য রান্না করতে চাই।	I want to cook for you.
আমি শারীরিকভাবে প্রস্তুত ছিলাম।	I was physically ready.
আপনি কি মনে করেন টম এটা করেছে?	Do you think Tom did it?
আমার মনে হয় টম এখানে কাজ করে।	I think Tom works there.
আমাদের মনোযোগ বজায় রাখতে হবে।	We need to stay focused.
আমরা তোর জন্য অপেক্ষা করছিলাম।	We were waiting for you.
সে কি সফল হবে নাকি ব্যর্থ হবে?	Will he succeed or fail?
আপনি আমাকে দেখতে বাধা দিচ্ছেন।	You're blocking my view.
বাচ্চারা এগুলো করতে ভালোবাসে।	Children love doing this.
সে টেবিলের ওপর ঝাঁপিয়ে পড়ল।	He jumped onto the table.
আমি বাইরে পায়ের শব্দ পাচ্ছি।	I hear footsteps outside.
আমি অস্ট্রেলিয়াকে ভালবাসতাম।	I used to love Australia.
আমি সেখানে তিনবার গিয়েছিলাম।	I went there three times.
আপনার সাথে আমার কিছু কথা আছে।	I've got to speak to you.
জাপান পূর্ব-এশিয়ায় অবস্থিত।	Japan is in eastern Asia.
টম আমাকে বারবার বাধা দিচ্ছিল।	Tom kept interrupting me.
আপনি বিবাহিত না কি অবিবাহিত?	Are you married or single?
আপনি কি আমাকে বোকা মনে করেন?	Do you take me for a fool?
ও ফল ছাড়া আর কিছুই খায় না।	He eats nothing but fruit.
তিনি আমাকে লিখতে শিখিয়েছেন।	He taught me how to write.
ও পরের এপ্রিলে দশ বছরের হবে।	He will be ten next April.
তিনি বাচ্চাদের মত ঘুমাচ্ছেন।	He's sleeping like a baby.
আপনি কতটা চিনি ব্যবহার করেন?	How much sugar do you use?
আমি ওর আমন্ত্রণ গ্রহণ করলাম।	I accepted her invitation.
আমিও এটা ঠিক বোঝাতে পারব না।	I can't explain it either.
আমি বরখাস্ত হওয়ার ভয়ে আছি।	I'm afraid of being fired.
জ্যাকসনদের বাড়ি যাওয়া যাক।	Let's go to the Jacksons'.
গত সপ্তাহে আমার জন্মদিন ছিল।	My birthday was last week.
কে এই কাজ করেছে কেউ জানে না।	Nobody knows who did that.
পুলিশ প্রধান পদত্যাগ করেছেন।	The police chief resigned.
তোমার জন্য আমি কী করতে পারি?	What do you need me to do?
ডাক্তার বুলেট অপসারণ করেছে।	Doctors removed the bullet.
আমি প্রশাসনিক কাজ ঘৃণা করি।	I hate administrative work.
আমি আমার ঘরটা পাল্টাতে চাই।	I'd like to change my room.
গত রাতের ঘটনায় আমি দুঃখিত।	I'm sorry about last night.
মাংসের দাম আজকাল অনেক বেশি।	Meat is expensive nowadays.
মাত্র একটি ভাষা যথেষ্ট নয়।	One language is not enough.
টম ইতিমধ্যে সেখানে গিয়েছে।	Tom has already been there.
টম অধৈর্যভাবে অপেক্ষা করছে।	Tom is waiting impatiently.
টম চূড়ান্তভাবে অপদস্ত হলো।	Tom was utterly humiliated.
আমরা একসঙ্গে সিনেমা দেখতাম।	We watched movies together.
টম যেটা করলো সেটা বিপজ্জনক।	What Tom did was dangerous.
আপনার প্রিয় উপন্যাস কোনটি?	What's your favorite novel?
আপনার আশাহত হওয়া উচিত নয়।	You shouldn't give up hope.
আমি টমের সঙ্গে পেরে উঠিনি।	I couldn't keep up with Tom.
আমি টমের কাছে যেতে চাই না।	I don't want to go near Tom.
আমি টমের সাথে যেতে চাই না।	I don't want to go with Tom.
আমি টমের মত লম্বা হতে চাই।	I want to be as tall as Tom.
কে ওটা করলো আমি জানতে চাই।	I want to know who did that.
ওটা কি তোমার নতুন বান্ধবী?	Is that your new girlfriend?
সারারাত ভর তুষারপাত হচ্ছে।	It's been snowing all night.
আমার ঘরে একটাই জানালা আছে।	My room has only one window.
খরগোশ গাজর খেতে পছন্দ করে।	Rabbits like to eat carrots.
উনি আমাকে ওনার নাম বলেননি।	She didn't tell me her name.
অনুগ্রহ করে মোজাটা খুলবেন।	Take off your socks, please.
এই কলমটা ভালো মতন লিখে না।	This pen doesn't write well.
টম হাল ছেড়ে দিতে চায় না।	Tom doesn't want to give up.
টম ঝামেলায় পরেছে, তাই না?	Tom is in trouble, isn't he?
টমের এখনও কিছু বিকল্প আছে।	Tom still has a few options.
টম আমেরিকা যেতে চেয়েছিলো.	Tom wanted to visit America.
টম চায় আমি তার সঙ্গে যাই।	Tom wants me to go with him.
টম চাকরির খোঁজে যেতে চায়।	Tom wants to go job hunting.
টম তোর সাথে কথা বলতে চায়।	Tom wants to speak with you.
আমরা কিছু টেনিস বল কিনেছি।	We bought some tennis balls.
তোমার বাবা-মা গর্বিত হতেন।	Your parents would be proud.
আপনার বাবা-মা গর্বিত হতেন।	Your parents would be proud.
তুমি কি সিনেমা দেখতে চাও?	Do you want to watch a movie?
আপনি কি কখনো বস্টন গেছেন?	Have you ever been to Boston?
তুমি কখনো ঘোড়ায় চড়েছো?	Have you ever ridden a horse?
তুমি ওনাকে চিনলে কি কোরে?	How did you come to know her?
আমি ভুল করা পছন্দ করি না।	I don't like making mistakes.
আমাকে হাসপাতালে যেতে হবে।	I have to go to the hospital.
আমি জানি টম সত্যি বলেছিল।	I know that Tom was truthful.
তালিকায় টমের নাম দেখলাম।	I saw Tom's name on the list.
আমি নিউইয়র্কে থাকতে চাই।	I'd like to live in New York.
আমি নিশ্চই আগামীকাল আসবো।	I'll certainly come tomorrow.
আমি ফরাসি শেখা শুরু করছি।	I'm starting to learn French.
ব্রিজের নিচে অন্ধকার ছিল।	It was dark under the bridge.
আমার ছেলে অর্থনীতি পড়ছে।	My son is studying economics.
কিছু লোক হাসতে শুরু করলো।	Some people started laughing.
তার কারণ তুমি একজন মেয়ে।	That's because you're a girl.
টম গতকাল বস্টন উড়ে গেছে।	Tom flew to Boston yesterday.
তিনি দোকানে কী কিনেছিলেন?	What did she buy at the shop?
তুমি এখন খেতে চাও কি না?	Do you want to eat now or not?
তিনি এটা শুনে খুশি হবেন।	He would be glad to hear that.
আপনারা কত রাত্রি থাকবেন?	How many nights will you stay?
আমি আরও স্বাধীন হতে চাই।	I want to be more independent.
জাহাজটা কটার সময় ছাড়ে?	What time does the ship leave?
আমাদের সাথে আসছো না কেন?	Why aren't you coming with us?
উনি আসলে ম্যানেজারই নন।	He is actually not the manager.
এ বিষয়ে কাউকে বলবো না।	I won't tell anyone about this.
স্প্যানিশ তার মাতৃভাষা।	Spanish is her native language.
তারা জড়িত হতে চায় না।	They don't want to be involved.
টম খুব কমই ওর কথা রাখে।	Tom hardly ever keeps his word.
আপনারা হাত ধুচ্ছেন কেন?	Why are you washing your hands?
আপনি কি সিগারেট খেতেন?	Did you use to smoke cigarettes?
জীবনে চড়াই উতরাই আছে।	In life there are ups and downs.
আমার অফিস পঞ্চম তলায়।	My office is on the fifth floor.
টম চলে যাচ্ছে, তাই না?	Tom is going to leave, isn't he?
টম এখন উপন্যাস পড়ছে।	Tom is reading a novel right now.
অসীর চেয়ে মসী বড়।	The pen is mightier than the sword.
বাইরে খেলতে যাবেন?	Would you like to come out and play?
আমার লন্ড্রির কাপরগুলো কি তৈরি আছে?	Is my laundry ready?
টম তার গাড়ির চাবি হারিয়ে ফেলেছে।	Tom lost his car key.
আপনি কে একদিনের ছুটি নিতে পারবেন?	Can you get a day off?
আমি আমার পাসপোর্ট হারিয়ে ফেলেছি।	I've lost my passport.
আমি শারীরিকভাবে অসুস্থ বোধ করছি।	I feel physically sick.
আমি খুশি মনে তোমাকে সাহায্য করব।	I will gladly help you.
আমি খুশি মনে আপনাকে সাহায্য করব।	I will gladly help you.
আমাদের নিজেদের গান নিজেরাই লিখি।	We write our own songs.
আমি হাসপাতাল সহ্য করতে পারি না।	I can't stand hospitals.
আগামীকাল আমার একটা পরীক্ষা আছে।	I have an exam tomorrow.
আশা করি আপনি আমায় ক্ষমা করবেন।	I hope you'll pardon me.
যেমন আমি বলেছি, কোন সমস্যা নেই।	Like I said, no problem.
আমার আমার ডান কাঁধ ব্যাথা করছে।	My right shoulder hurts.
আমরা টমের জন্য অপেক্ষা করছিলাম।	We were waiting for Tom.
আমি টিকিট কোথা থেকে কিনতে পারব?	Where can I buy tickets?
আপনি খুব দ্রুত গাড়ি চালাচ্ছেন।	You're driving too fast.
তারা কি ফরাসি ভাষায় কথা বলছে?	Are they speaking French?
আমি কি চ্যানেলটা পালটাতে পারি?	Can I change the channel?
আমরা কি একান্তে কথা বলতে পারি?	Could we talk in private?
আমাকে কি আসন সংরক্ষণ করতে হবে?	Do I need to book a seat?
আপনি কি ফরাসি ভাষা বুঝতে পারো?	Do you understand French?
আমরা এখানে কতক্ষণের জন্য থামব?	How long do we stop here?
আমি ভুল করে আপনারটা পান করেছি।	I drank yours by mistake.
আমি সকাল সকাল ঘুম থেকে উঠি না।	I'm not a morning person.
তোমাদের টমকে সাহায্য করতে হবে।	You all need to help Tom.
আপনারা যত ইচ্ছে তত খেতে পারেন।	You can eat all you want.
তুমি পিয়ানোটা তুলতে পারবে না।	You can't lift the piano.
ঘোড়া খুব দ্রুত দৌড়াতে পারে।	A horse can run very fast.
ইতিমধ্যে এক বছর পেরিয়ে গেছে।	A year has already passed.
সে ফল ছাড়া আর কিছুই খায় না।	He eats nothing but fruit.
উনি ফল ছাড়া আর কিছুই খান না।	He eats nothing but fruit.
আমি তার আমন্ত্রণ গ্রহণ করলাম।	I accepted her invitation.
আমার কিছু বিবৃতি দেওয়ার নেই।	I have nothing to declare.
আমি খাম কোথা থেকে কিনতে পারব?	Where can I buy envelopes?
তুমি কি এই গানে নাচতে পারবে?	Can you dance to this song?
তুমি কি আজ স্কুলে গিয়েছিলে?	Did you go to school today?
আমাকে কি ট্রেন পাল্টাতে হবে?	Do I have to change trains?
আপনারা কি ক্রেডিট কার্ড নেন?	Do you accept credit cards?
উনি আবার মেয়র নির্বাচিত হন।	He was elected mayor again.
বৃষ্টিটা সারাদিন ধরে চলেছিল।	The rain continued all day.
টম একটা গান গাইতে শুরু করলো।	Tom started singing a song.
আমাদের পানি শেষ হয়ে যাচ্ছে।	We're running out of water.
তুমি কিসের ব্যপারে কথা বলছো?	What are you talking about?
আপনি কি টমের আসল নাম জানেন?	Do you know Tom's real name?
আপনি কি আরেকটি কম্বল নেবেন?	Do you want another blanket?
আমি টমকে অপমান করতে চাই নি।	I didn't want to insult Tom.
টমকে কে মেরেছে আমি জানি না।	I don't know who killed Tom.
আমি জানি না টমকে কে মেরেছে।	I don't know who killed Tom.
আমি টমের সঙ্গে যেতে চাই না।	I don't want to go with Tom.
আমি তোমার সাথে যেতে চাই না।	I don't want to go with you.
আমি আপনার সাথে যেতে চাই না।	I don't want to go with you.
আমার টমকে কিছু দেখানোর ছিল।	I had to show Tom something.
আমার শ্বাস নিতে কষ্ট হচ্ছে।	I have difficulty breathing.
আমি খালি চাই টম সুখে থাকুক।	I just want Tom to be happy.
আমার লগ আউট করা উচিৎ হয়নি।	I shouldn't have logged off.
আমি ভেবেছিলাম আপনি ডাক্তার।	I thought you were a doctor.
আমি টমের মত বড়লোক হতে চাই।	I want to be as rich as Tom.
আমি একটা লোকাল কল করতে চাই।	I want to make a local call.
আমি চাই তুই টমের সঙ্গে থাক।	I want you to stay with Tom.
তিনি আমাকে তাঁর নাম বলেননি।	She didn't tell me her name.
টমের অনেক কাজ করা বাকি আছে।	Tom has too much work to do.
টম স্পষ্টতই ঝামেলায় পরেছে।	Tom is obviously in trouble.
টম ওটা নাও করতে চাইতে পারে।	Tom may not want to do that.
টম বলেছে মেরি একজন ভালো মা।	Tom said Mary is a good mom.
যখন টম খুশি, তখন আমিও খুশি।	When Tom's happy, I'm happy.
তুই টমকে আঘাত দিতে চাস কেন?	Why do you want to hurt Tom?
আপনাকে পাসপোর্ট দেখাতে হবে।	You must show your passport.
বৌদ্ধধর্মের উৎপত্তি ভারতে।	Buddhism originated in India.
জাপানে কলেরা দেখা যায় না।	Cholera is uncommon in Japan.
আপনি কখনো ঘোড়ায় চড়েছেন?	Have you ever ridden a horse?
তার যা ইচ্ছে সে বলতে পারে।	He can say whatever he wants.
আপনি ওনাকে চিনলেন কি কোরে?	How did you come to know her?
আমি এখনও একটি উত্তর পাইনি।	I haven't gotten a reply yet.
আমি জানতাম টম এটা খাবে না।	I knew Tom wouldn't eat that.
পাকিস্তান একটি মুসলিম দেশ।	Pakistan is a Muslim country.
জাদুঘরটা রবিবার বন্ধ থাকে।	The museum is closed Sundays.
টম যুদ্ধের সিনেমা দেখে না।	Tom doesn't watch war movies.
পুলিশ কি এ ব্যাপারে জানে?	Do the police know about this?
আমি একদিন মিশরে যেতে চাই।	I wish to visit Egypt someday.
আইন মানা আমাদের দায়িত্ব।	It's our duty to obey the law.
কেউই ফোনটার জবাব দিলো না।	Nobody answered the telephone.
টম সবসময় তাঁর কথা রাখেন।	Tom always keeps his promises.
টম সবসময় ওনার কথা রাখেন।	Tom always keeps his promises.
টম জানে না যে মেরি এখানে।	Tom doesn't know Mary is here.
আমাদের সাথে আসছেন না কেন?	Why aren't you coming with us?
আমাকে কেন বস্টন যেতে হবে?	Why do I have to go to Boston?
পরীক্ষায় ভালো করেছে সে।	He did well in the examination.
আমি চাইনি তুমি ওটা পড়ো।	I didn't want you to read that.
আমি বইটি পড়া শেষ করেছি।	I've finished reading the book.
এটা সময় ও অর্থের অপচয়।	It's a waste of time and money.
বেশিরভাগ পাতাই ঝরে গেছে।	Most of the leaves have fallen.
স্প্যানিশ তাঁর মাতৃভাষা।	Spanish is her native language.
স্প্যানিশ ওনার মাতৃভাষা।	Spanish is her native language.
এই পন্যটি চায়নায় তৈরি।	This product was made in China.
টম খুব কমই তার কথা রাখে।	Tom hardly ever keeps his word.
ট্রেনটা কটার সময় ছাড়ে?	What time does the train leave?
আপনার কিছু জানানোর আছে?	Do you have anything to declare?
আমি জানি আপনি কী বলবেন।	I know what you're going to say.
আমি কিছু চিজ কিনতে চাই।	I would like to buy some cheese.
অটোয়া কানাডার রাজধানী।	Ottawa is the capital of Canada.
ব্যাখ্যা করার সময় নেই।	There's no time for explanation.
টম ওটা খাবে না, তাই না?	Tom wouldn't eat that, would he?
পত্রিকায় তার ছবি ছিল।	His picture was in the newspaper.
ইংরেজি শেখা কঠিন নয়।	English is not difficult to learn.
ইতালি খুব সুন্দর দেশ।	Italy is a very beautiful country.
আপনি কি প্রায়ই তার সাথে দেখা করেন?	Do you see him often?
তোমাদের যা কিছু পছন্দ হয় তাই খাও।	Eat anything you like.
আপনাদের যা কিছু পছন্দ হয় তাই খান।	Eat anything you like.
আমি টমকে ফোন করার সিদ্ধান্ত নিলাম।	I decided to call Tom.
আমার জীবনবিজ্ঞান কখনই ভালো লাগেনি।	I never liked biology.
আপনি কি পুরানো সিনেমা পছন্দ করেন?	Do you like old movies?
আমাদেরকে কোন অংশে কম মনে কোরো না।	Don't underestimate us.
সে ভালোর জন্যই জাপান ত্যাগ করেছে।	He left Japan for good.
আমি কি এখন খাওয়া শুরু করতে পারি?	May I start eating now?
তুমি কি করে এতো শান্ত থাকতে পার?	How do you keep so calm?
আমি আমার মালপত্র খুজে পাচ্ছি না।	I can't find my luggage.
আমি ৭ঃ০০টার ট্রেনটা ধরতে পারিনি।	I missed the 7:00 train.
আমার কাছে মাত্র একটাই কম্বল আছে।	I only have one blanket.
আমার বাচ্চার ডাক্তারের প্রয়োজন।	My child needs a doctor.
অনুগ্রহপূর্বক আপনার টিকিট দেখান।	Please show your ticket.
মোড়ে গিয়ে বাঁদিকে বেঁকে যাবেন।	Turn left at the corner.
আমরা তোমার জন্য অপেক্ষা করছিলাম।	We were waiting for you.
আমরা আপনার জন্য অপেক্ষা করছিলাম।	We were waiting for you.
তুমি কি ফরাসি ভাষা বুঝতে পারেন?	Do you understand French?
তিনি জানালা দিয়ে লাফ দিয়েছেন।	He jumped out the window.
আমি এক মিনিটের মধ্যে ফিরে আসবো।	I'll be back in a minute.
অনুগ্রহ করে নুনটা এগিয়ে দেবেন।	Pass me the salt, please.
টম আমাকে বারবার বাধা দিচ্ছিলেন।	Tom kept interrupting me.
আজই আমাদের এটা বিক্রি করতে হবে।	We have to sell it today.
আপনি পিয়ানোটা তুলতে পারবেন না।	You can't lift the piano.
আপনি বৃষ্টি পছন্দ করেন, তাই না?	You like rain, don't you?
তুমি কি টমের বার্তাটা পেয়েছো?	Did you get Tom's message?
আমি এটা বিশ্বাস করতে পারছি না।	Even I can't believe that.
জাপানে কিছু ভারতীয় বসবাস করে।	Few Indians live in Japan.
তিনি ফল ছাড়া আর কিছুই খান না।	He eats nothing but fruit.
টমকে আপনি কতটা ভালো করে চেনেন?	How well did you know Tom?
আমি ওনার আমন্ত্রণ গ্রহণ করলাম।	I accepted her invitation.
আপনার মতো লোক আমি আগেও দেখেছি।	I've met your kind before.
দ্বিতীয় সেমিস্টার শেষ হয়েছে।	Second semester has ended.
আকাশটা অন্ধকার হতে শুরু করেছে।	The sky started to darken.
টমের নিজস্ব আ্যপার্টমেন্ট আছে।	Tom has his own apartment.
টম সাধারণভাবেই নিশ্বাস নিচ্ছে।	Tom is breathing normally.
টম আপনার বিষয় আমাকে সব বলেছে।	Tom told me all about you.
টম তোর সাথে কথা বলতে চেয়েছিল।	Tom wanted to talk to you.
আপনি কি এই গানে নাচতে পারবেন?	Can you dance to this song?
টমকে আমন্ত্রন জানাতে ভুলো না।	Don't forget to invite Tom.
ও সহজেই ওর মাথা গরম করে ফেলে।	He loses his temper easily.
আমার মনে হয় না টম এখানে ছিল।	I don't think Tom was here.
আমি ভয়ে অর্ধেক হয়ে গেছিলাম।	I was scared half to death.
অনুগ্রহ করে একটা রিসিট দেবেন।	I'd like a receipt, please.
তোমাকে আবার দেখে খুশি হয়েছি।	I'm happy to see you again.
আপনাকে আবার দেখে খুশি হয়েছি।	I'm happy to see you again.
আমার বাবা ব্যাংকে চাকরি করেন।	My father works for a bank.
এই নদীটা এইখানে সবথেকে গভীর।	This river is deepest here.
টম প্ল্যাটফর্মে অপেক্ষা করলো।	Tom waited on the platform.
আমি কি এখানে ছবি তুলতে পারি?	Can I take photographs here?
আপনি কি দরজা খোলা রেখেছিলেন?	Did you leave the door open?
এয়ারপোর্ট কত দুর এখান থেকে?	How far away is the airport?
তোমার এটা কত দিনের জন্য চাই?	How long do you want it for?
আমি নদি সাঁতরে পার হতে পারি।	I can swim across the river.
আমি টমকে বিরক্ত করতে চাই না।	I don't want to disturb Tom.
আমি টমের দিকে তাকাতে চাই না।	I don't want to look at Tom.
আমি উৎসাহের সাথে মেনে নিলাম।	I enthusiastically accepted.
আমার টমকে কিছুই বলার ছিল না।	I had nothing to say to Tom.
আমি ভেবেছিলাম আপনি কানাডীয়।	I thought you were Canadian.
এটা পুরোপুরিই টমের দোষ ছিলো।	It was entirely Tom's fault.
টমকে হাসানোর চেষ্টা করা যাক।	Let's try to make Tom laugh.
বেশীভাগ লোক আমাকে পাগল ভাবে।	Most people think I'm crazy.
আমার বাবা-মা উভয়েই ডাক্তার।	My parents are both doctors.
তারা একজন একজন করে মারা গেল।	They died one after another.
টম আমাদের আঘাত দিতে চায় না।	Tom doesn't want to hurt us.
টম গেটের বাইরে অপেক্ষা করলো।	Tom waited outside the gate.
টম আপনার সাথে কথা বলতে চায়।	Tom wants to speak with you.
টম তোমার সাথে কথা বলতে চায়।	Tom wants to speak with you.
টম কাজ নিয়ে খুব ব্যস্ত ছিল।	Tom was very busy with work.
আমরা সবাই চাই টম সুখে থাকুক।	We all want Tom to be happy.
ঐ লোকগুলো কোথায় থেকে এসেছে?	Where are those people from?
আপনি টমকে আঘাত দিতে চান কেন?	Why do you want to hurt Tom?
তুমি টমকে আঘাত দিতে চাও কেন?	Why do you want to hurt Tom?
আমি এয়ারপোর্টে কিভাবে যাব?	How can I get to the airport?
আমার কফি খেতে ভালো লাগে না।	I don't like to drink coffee.
আমি এই নদীতে সাঁতার কাটতাম।	I used to swim in this river.
আমি কিছু টাকা জমা করতে চাই।	I want to deposit some money.
এই ঘরটি শীতাতপ নিয়ন্ত্রিত।	This room is air-conditioned.
টম মেরির বাচ্চাদের চেনে না।	Tom doesn't know Mary's kids.
টম পরের বছর তিরিশে পা দেবে।	Tom will be thirty next year.
আমরা এখনও বোস্টনে বাস করছি।	We're still living in Boston.
আপনি আর কী করতে চেয়েছিলেন?	What else did you want to do?
তুমি বুঝতে পারছ না, তাই না?	You don't understand, do you?
আমি একটা ভাল হোটেল খুঁজছি।	I am looking for a good hotel.
আমি চাইনিজ নুডলস খেতে চাই।	I want to eat Chinese noodles.
আমি অস্ট্রেলিয়ায় থাকিনি।	I've never lived in Australia.
জাপান কানাডার মতো বড় নয়।	Japan is not as big as Canada.
লুক্সেমবার্গ ছোট একটি দেশ।	Luxembourg is a small country.
ওই গবেষণাটি অসফল হয়েছিলো।	That experiment was a failure.
টম বলছে যে ও পদত্যাগ করবে।	Tom says he's going to resign.
সোমবার তুমি কোথায় যাচ্ছো?	Where are you going on Monday?
ইতালীয়তে এটা কিভাবে বলে?	How do you say that in Italian?
আমরা হাতে আর কত সময় আছে?	How much time do we still have?
আমি ঠান্ডা কিছু খেতে চাই।	I want something cold to drink.
আগামীকাল তাদের বিয়ে হবে।	Their wedding will be tomorrow.
এই বাড়িটা আমার ঠাকুরদার।	This house is my grandfather's.
টম মেরির থেকে একটু বেঁটে।	Tom is a bit shorter than Mary.
টম না হাসার চেষ্টা করছিল।	Tom tried to keep from smiling.
আমাদের কাছে সেই তথ্য নেই।	We don't have that information.
তুমি আজকেই যেতে চাইছ কেন?	Why do you want to leave today?
এই বাড়ির মালিক কি আপনি?	Are you the owner of this house?
আমি কিছু টাকা তুলতে চাই।	I'd like to withdraw some money.
আমি একটা ঘর ভারা খুঁজছি।	I'm looking for a room for rent.
ঘড়িতে সবে তিনটে বেজেছে।	The clock has just struck three.
টম আর মেরি একসঙ্গে সুখি।	Tom and Mary are happy together.
গতকাল ভূমিকম্প হয়েছে।	There was an earthquake yesterday.
টম লম্বা এবং তার ভাইও।	Tom is tall and so is his brother.
খাবার ঘরটা কখন খোলে?	What time does the dining room open?
আমার একটা ফ্যাক্স পাঠানোর দরকার আছে।	I need to send a fax.
টমের কুকুর আমার হাত কামড়ে দিয়েছে।	Tom's dog bit my hand.
আমাদেরকে কোন অংশে কম মনে করবেন না।	Don't underestimate us.
সে দাঁতের ডাক্তারের কাছে গিয়েছিল।	He went to the dentist.
আমি পান না করার সিদ্ধান্ত নিয়েছি।	I decided not to drink.
আমি আমার কার্ড বাড়িতে রেখে এসেছি।	I left my card at home.
কোনো একজন মানুষ এটা করতে পারবে না।	No one man could do it.
তুই কি করে এতো শান্ত থাকতে পারিস?	How do you keep so calm?
আমি অবশেষে আমার চাবিগুলো পেয়েছি।	I finally found my keys.
টম খুব জোরে জোরে নিশ্বাস নিচ্ছে।	Tom is breathing heavily.
আপনি কি টমের বার্তাটা পেয়েছেন?	Did you get Tom's message?
আপনার কাছে কি আরো বড় বাটি আছে?	Do you have a bigger bowl?
আমার ইচ্ছে হয় তাই আমি এটা করি।	I do it because I want to.
আমি ওর ফোন নাম্বারটা ভুলে গেছি।	I forgot his phone number.
আমি দুই ঘন্টার মধ্যে ফিরে আসবো।	I'll be back in two hours.
টম ম্যারিকে ছাতা ধার দিয়েছিলো।	Tom lent Mary an umbrella.
দয়া করে আলোটা জ্বালিয়ে দেবেন।	Turn on the light, please.
আপনার নিজের ঋণ পরিশোধ করা উচিত।	You should pay your debts.
ওর এক তিক্ত অভিজ্ঞতা হয়েছিলো।	He had a bitter experience.
আমার মালপত্রটা চুরি হয়ে গেছে।	My luggage has been stolen.
টম এখনো আমার দিকে তাকিয়ে আছে।	Tom is still looking at me.
আপনি কিসের ব্যাপারে কথা বলছেন?	What are you talking about?
আপনি খুব একটা অতিথি পরায়ন নন।	You aren't very hospitable.
তুমিই টমের একমাত্র বন্ধু ছিলে।	You were Tom's only friend.
তুই কি কাল রাতে ব্যস্ত থাকবি?	Are you busy tomorrow night?
আপনি কি আপনার কাজ শেষ করেছেন?	Have you finished your work?
আমি আপনার সাথে পুরোপুরি একমত।	I agree with you absolutely.
আমি সাঁতার কাটতে যেতে চাই না।	I don't want to go swimming.
আমি ভেবেছিলাম টম বিপদে পরেছে।	I thought Tom was in danger.
আমি চাই তুমি টমের সঙ্গে থাকো।	I want you to stay with Tom.
আমার ইচ্ছা যে তুমি টমকে ডাকো।	I'd like you to call me Tom.
আমার ইচ্ছা যে তুই টমকে ডাকিস।	I'd like you to call me Tom.
আমি ফরাসিতে খুব একটা ভালো নই।	I'm not very good at French.
আমরা দুজনেই একটু মাতাল ছিলাম।	We were both a little drunk.
এই আংটি আপনি কোথায় পেয়েছেন?	Where did you get this ring?
তুমি কিন্তু মনোযোগ দিচ্ছো না।	You're not paying attention.
"ও সঙ্গীত ভালোবাসে।" "আমিও।"	"She likes music." "So do I."
আমার সব বন্ধুরা ওখানে থাকবে।	All my friends will be there.
জার্মান গাড়ি খুবই জনপ্রিয়।	German cars are very popular.
তুমি কখনো কাঁচা মাছ খেয়েছো?	Have you ever eaten raw fish?
আমার এখন খেতে ইচ্ছে করছে না।	I don't feel like eating now.
তুমি কি কিছুতেই ভয় পাও না?	Aren't you scared of anything?
আপনার কি ওয়াশিং মেশিন আছে?	Do you have a washing machine?
তিনি গতকাল জাপানে পৌঁছেছেন।	He arrived in Japan yesterday.
আমি রবিবার করে কাজে যাই না।	I don't go to work on Sundays.
আমি এটা অনেক বছর ধরে করিনি।	I haven't done this for years.
কে শুরু করলো আমি জানতে চাই।	I want to know who started it.
জাপান চীনের পূর্বে অবস্থিত।	Japan is to the east of China.
চলুন গত রাতের কথা ভুলে যাই।	Let's forget about last night.
আমাকে আরো সস্তা একটা দেখান।	Show me a cheaper one, please.
সোমবার আপনি কোথায় যাচ্ছেন?	Where are you going on Monday?
আপনি কোথায় টেলিভিশন দেখেন?	Where do you watch television?
আপনি কি আগামীকাল আসতে চান?	Do you intend to come tomorrow?
তুমি কতগুলো জাদুঘর ঘুরেছো?	How many museums did you visit?
কখন ফিরে আসবো আমি জানি না।	I don't know when I'll be back.
তাকে দেখে মাতাল মনে হচ্ছে।	She looks as if she were drunk.
তো, আজ রাতে আপনি কী করছেন?	So, what are you up to tonight?
হাসপাতালটা গত মাসে খুলেছে।	The hospital opened last month.
টম খুব কমই তাঁর কথা রাখেন।	Tom hardly ever keeps his word.
টম খুব কমই ওনার কথা রাখেন।	Tom hardly ever keeps his word.
তোমরা আজকেই যেতে চাইছ কেন?	Why do you want to leave today?
আমার এখনই খুব একলা লাগছে।	I suddenly feel very much alone.
আমি তিন বছর বস্টনে ছিলাম।	I was in Boston for three years.
এটা নিজস্ব রুচির ব্যাপার।	It's a matter of personal taste.
আমাকে আপনার ছবি নিতে দিন।	Please let me take your picture.
আমি কাল জাপানে ফিরে আসবো।	Tomorrow I will return to Japan.
আমি ভালো শ্রোতা হতে চাই।	I want to become a good listener.
আমি পরের স্টপে নেবে যাব।	I'm getting off at the next stop.
ঘোড়া গাধার থেকে আলাদা।	Horses are different from donkeys.
পার্কে অনেক লোক রয়েছে।	There are many people in the park.
আমি সবসময় গান লিখতাম।	I used to write songs all the time.
কবে আমার বই ফেরত দেবে?	When will you give me back my book?
বৃষ্টি হলে কী করবেন?	What are you going to do if it rains?
আমি টমকে জিজ্ঞেস করতে ভুলে গিয়েছিলাম।	I forgot to ask Tom.
আমি আমার বন্ধুদের আমন্ত্রণ জানিয়েছি।	I invited my friends.
আমি সাড়ে দুইটা সময়ের আগে ফিরে আসবো।	I'll be back by 2:30.
আপনি কি টমের মতো সাঁতার কাটতে পারেন?	Can you swim like Tom?
তুমি কি ওনাকে বেড়িয়ে যেতে দেখেছো?	Did you see him go out?
আমি স্ট্যাম্প কোথা থেকে কিনতে পারব?	Where can I buy stamps?
সবকিছুই আলোচনাসূত্রে মীমাংসাযোগ্য।	Everything's negotiable.
আমি কি একটু বেশীই দেরি করে ফেলেছি?	Have I arrived too late?
তিনি আমাকে বিপদ থেকে রক্ষা করেছেন।	He saved me from danger.
আপনি কি করে এতো শান্ত থাকতে পারেন?	How do you keep so calm?
আমি কি এই হ্রদে সাঁতার কাটতে পারি?	May I swim in this lake?
আপনি কি আমাকে সময়টা বলতে পারবেন?	Can you tell me the time?
আমি কি কয়েকটা টাওয়েল পেতে পারি?	Could I have some towels?
তিনি চারটি ভাষায় কথা বলতে পারেন।	He speaks four languages.
ওরা আমাদের কী করে ভুলে যেতে পারে?	How could they forget us?
আমার শরীর খুব একটা ভালো লাগছে না।	I'm not feeling too well.
আমি দুঃখির কিন্তু সময় হয়ে গেছে।	I'm sorry, but it's time.
অনুগ্রহ করে আরেকটু জোরে কথা বলুন।	Please speak more loudly.
আপনার সন্তানদের সাথে নিয়ে আসুন।	Bring your children along.
আমি তার ফোন নাম্বারটা ভুলে গেছি।	I forgot his phone number.
আমি ভাষা অধ্যয়ন করতে পছন্দ করি।	I like to study languages.
অনুগ্রহ করে এই ফর্মটি পূরণ করুন।	Please fill out this form.
হাসপাতালটা কাছাকাছির মধ্যেই আছে।	The hospital is near here.
টম আপনার সাথে কথা বলতে চেয়েছিল।	Tom wanted to talk to you.
টম তোমার সাথে কথা বলতে চেয়েছিল।	Tom wanted to talk to you.
তোমার এখন একটা নতুন বান্ধবী চাই।	You need a new girlfriend.
বাসগুলো কতক্ষণ অন্তর অন্তর চলে?	How often do the buses run?
পেনিসিলিনে আমার অ্যালার্জি হয়।	I'm allergic to penicillin.
আমি এই বিষয়ে ইয়ার্কি করছি না।	I'm not kidding about this.
টম মেরি দ্বারা অপদস্ত হয়েছিলো।	Tom was humiliated by Mary.
আপনিই টমের একমাত্র বন্ধু ছিলেন।	You were Tom's only friend.
তুমি কি কাল রাতে ব্যস্ত থাকবে?	Are you busy tomorrow night?
আমি টমকে আমার সাথে আসতে বললাম।	I asked Tom to come with me.
আমি চাই না টম আমাকে খুঁজে পাক।	I don't want Tom to find me.
আমি চাই না টম আমাকে ঘৃণা করুক।	I don't want Tom to hate me.
আমাকে তার চিঠির জবাব দিতে হবে।	I have to answer his letter.
আমি খালি চাই টম ভাল হয়ে উঠুক।	I just want Tom to get well.
আমি ভাবলাম টমের এটা ভাল লাগবে।	I thought Tom would love it.
আমি ভেবেছিলাম আপনি কানাডিয়ান।	I thought you were Canadian.
আমি টমকে একটা চিঠি পাঠাতে চাই।	I want to send Tom a letter.
আমি চাই আপনি টমের সঙ্গে থাকুন।	I want you to stay with Tom.
আমি চাই তুই টমের সঙ্গে কাজ কর।	I want you to work with Tom.
আমি একটা অ্যাকাউন্ট খুলতে চাই।	I'd like to open an account.
আমার ইচ্ছা যে আপনি টমকে ডাকেন।	I'd like you to call me Tom.
আমি এক ঘন্টার মধ্যে ফিরে আসবো।	I'll be back within an hour.
টম, আমি এখানে একটু ব্যস্ত আছি।	I'm a little busy here, Tom.
অনুগ্রহ করে পুরো গল্পটি পড়ুন।	Please read the whole story.
কম্পিউটারটি কাজ নাও করতে পারে।	The computer might not work.
টম আমার কাছে একজন ভালো স্বামী।	Tom is a good husband to me.
টম একটি বাঘকে গুলি করে মেরেছে।	Tom shot and killed a tiger.
আপনি কিন্তু মনোযোগ দিচ্ছেন না।	You're not paying attention.
তুমি আমার প্রতি বড্ড অধৈর্য্য।	You're so impatient with me.
আপনি আমার প্রতি বড্ড অধৈর্য্য।	You're so impatient with me.
টমের সাথে ওইভাবে কথা বলবে না।	Don't speak to Tom like that.
আপনি কখনো কাঁচা মাছ খেয়েছেন?	Have you ever eaten raw fish?
ওনার যা ইচ্ছে উনি বলতে পারেন।	He can say whatever he wants.
আমি আর ফেসবুক ব্যবহার করি না।	I don't use Facebook anymore.
আমি আমার টিকিটটি পালটাতে চাই।	I'd like to change my ticket.
টেবিলটার উপর একটা কাপ রয়েছে।	There's one cup on the table.
তারা গাড়িটা চুরি করতে চাইলো।	They wanted to steal the car.
আমরা দক্ষিণ আমেরিকাতে ঘুরলাম।	We traveled in South America.
আমরা কখন এবং কোথায় দেখা করব?	When and where shall we meet?
ও একজন গুরুত্বপূর্ণ ব্যক্তি।	He is a very important person.
আমি তোমাকে ভয় দেখাতে চাইনি।	I didn't want to frighten you.
আমি ওকে ছাড়া বাঁচতে শিখেছি।	I learned to live without her.
আমি একটা সস্তা হোটেল খুঁজছি।	I'm looking for a cheap hotel.
আমি আমার বাসায় একা বসে আছি।	I'm sitting alone in my house.
টম জ্যাকসন কি তোমার আসল নাম?	Is Tom Jackson your real name?
টম জ্যাকসন কি আপনার আসল নাম?	Is Tom Jackson your real name?
মেরি কী করেছে তা কি টম জানে?	Is Tom aware of what Mary did?
আমার বাবা প্লেন ওড়াতে পারে।	My father can fly an airplane.
আমার শখ ডাকটিকিট সংগ্রহ করা।	My hobby is collecting stamps.
তারা জাপানের নাগরিক হয়েছেন।	They became citizens of Japan.
টমের কুকুরের প্রতি ভয় ছিলো।	Tom used to be scared of dogs.
আপনি পৌঁছে আমাদের কল দেবেন।	Give us a call when you arrive.
আপনি কতগুলো জাদুঘর ঘুরেছেন?	How many museums did you visit?
আমি ফোন ব্যবহার করতে চাইনি।	I didn't want to use the phone.
আমি ওখানে আবার যেতে চাই না।	I don't want to go there again.
আমি খুব কমই সংবাদপত্র পড়ি।	I hardly ever read a newspaper.
টম কোনো কথা না বলে চলে গেল।	Tom left without saying a word.
টম চকলেট কেক খুব পছন্দ করে।	Tom likes chocolate cake a lot.
টম না হাসার চেষ্টা করছিলেন।	Tom tried to keep from smiling.
আপনি আজকেই যেতে চাইছেন কেন?	Why do you want to leave today?
আমার মালপত্রটা একটু দেখবেন?	Will you look after my baggage?
সে রবিবার রাতে কাজ করে নি।	He did not work on Sunday night.
সে তার থেকে তিন বছরের বড়।	He's three years older than her.
আপনার পদবিটি কিভাবে লেখেন?	How do you write your last name?
টমের বাবা-মাও গায়ক ছিলেন।	Tom's parents were also singers.
ট্রেনটা কটার সময় পৌঁছায়?	What time does the train arrive?
তুমি কি এই পাড়াতেই থাকো?	Do you live in this neighborhood?
এতে আমার কোনো সমস্যা নেই।	I don't have a problem with this.
আমাদের বিবাহ বার্ষিকী আজ।	Our wedding anniversary is today.
এটা খুব কঠিন শোনাচ্ছে না।	That doesn't sound too difficult.
আজ আমাদের বিবাহ বার্ষিকী।	Today is our wedding anniversary.
আপনার বিবাহ বার্ষিকী কবে?	When is your wedding anniversary?
কেন তুমি টাই পরতে চাও না?	Why don't you want to wear a tie?
আমি কি ঠিক দিকেই যাচ্ছি?	Am I going in the right direction?
তুমি বস্টনে কত বছর ছিলে?	How long have you lived in Boston?
আমি এখনো ফাইলটা নামাইনি।	I haven't downloaded the file yet.
ছোট পর্যটন শিল্প রয়েছে।	There is a small tourist industry.
ট্রেনটা সব স্টেশনে থামে।	This train stops at every station.
দেশটির মুদ্রা হলো ইউরো।	The country's currency is the euro.
এত মজা পাবো আশা করিনি।	I didn't expect to have so much fun.
ইচ্ছা থাকলে উপায় হয়।	Where there's a will, there's a way.
একজন বৃদ্ধা আমাকে গান গেয়ে শোনালেন।	An old lady sang to me.
আপনি কি ওনাকে বেড়িয়ে যেতে দেখেছেন?	Did you see him go out?
আমরা কয়েক সপ্তাহ আগে দেখা করেছিলাম।	We met a few weeks ago.
আমাকে আবার অক্টোবরে জিজ্ঞাসা করবেন।	Ask me again in October.
আমি কি আপনার পাসপোর্টটি দেখতে পারি?	May I see your passport?
আপনি কি তাদের অপেক্ষা করতে বলেছেন?	Did you ask them to wait?
তারা আমাদের কী করে ভুলে যেতে পারে?	How could they forget us?
আমি স্বীকার করছি যে আমি ভুল ছিলাম।	I admit that I was wrong.
আমি ওনার ফোন নাম্বারটা ভুলে গেছি।	I forgot his phone number.
আমি এই ব্যাপারে খুব একটা ভালো নই।	I'm not very good at this.
টম আপনার সম্পর্কে আমাকে সব বলেছে।	Tom told me all about you.
টম আপনার ব্যাপারে আমাকে সব বলেছে।	Tom told me all about you.
আমার জন্য অপেক্ষা করো। ফিরে আসবো।	Wait for me. I'll be back.
তুই কি টমের উপর নজর রাখতে পারবি?	Can you keep an eye on Tom?
আপনি কি মানচিত্রে দেখাতে পারবেন?	Can you show me on the map?
পর্যাপ্ত পরিমাণে পানি এনেছেন তো?	Did you bring enough water?
ওনার এক তিক্ত অভিজ্ঞতা হয়েছিলো।	He had a bitter experience.
আমি সভাতে উপস্থিত থাকতে পারব না।	I can't attend the meeting.
আমি জানিনা তুমি কি বোঝাতে চাইছো।	I don't know what you mean.
আমার মনে হয় না যে টম এখানে ছিল।	I don't think Tom was here.
আমি ওনাকে আজ ফোন করতে ভুলে গেছি।	I forgot to call him today.
আমি জানতাম টম বোস্টন থেকে এসেছে।	I knew Tom was from Boston.
আমি সাড়ে ছয়টা সময়ে ফিরে আসবো।	I'll be back at six-thirty.
যখন আমার শেষ হবে তখনই ফিরে আসবো।	I'll be back when I'm done.
তোমাদেরকে আবার দেখে খুশি হয়েছি।	I'm happy to see you again.
আপনাদেরকে আবার দেখে খুশি হয়েছি।	I'm happy to see you again.
আপনার হয়তো সিনেমাটি ভালো লাগবে।	You might enjoy this movie.
আপনি কি কাল রাতে ব্যস্ত থাকবেন?	Are you busy tomorrow night?
আপনি আনারসের পিজ্জা পছন্দ করেন?	Do you like pineapple pizza?
আপনি কীভাবে এটি মোকাবেলা করছেন?	How are you dealing with it?
আমি চাইছিলাম না টম আমাকে দেখুক।	I didn't want Tom to see me.
আমি টমকে ব্যক্তিগতভাবে চিনি না।	I don't know Tom personally.
আমি টমের সঙ্গে কথা বলতে চাই না।	I don't want to talk to Tom.
আমি সে বিষয়ে কথা বলতে রাজি নই।	I refuse to talk about that.
আমি আপনার অবস্থাটা বুঝতে পারছি।	I understand your situation.
আমি তোমার অবস্থাটা বুঝতে পারছি।	I understand your situation.
আমি দশ মিনিটের মধ্যে ফিরে আসবো।	I'll be back in ten minutes.
আমি তিন ঘন্টার মধ্যে ফিরে আসবো।	I'll be back in three hours.
আমি টমের থেকে অনেক কিছু শিখেছি।	I've learned a lot from Tom.
আমি কি এক গ্লাস পানি পেতে পারি?	May I have a glass of water?
অনেক অনেক ধন্যবাদ, ডাক্তারবাবু।	Thank you very much, doctor.
টম তোর সঙ্গে দেখা করতে চায় না।	Tom doesn't want to see you.
টম মেরিকে নিয়ে একটা গান লিখলো।	Tom wrote a song about Mary.
আমরা শুনলাম টম ঝামেলায় পরেছিল।	We heard Tom was in trouble.
আপনার ভবিষ্যদ্বাণী সত্য হয়েছে।	Your prophecy has come true.
টমের সাথে ওইভাবে কথা বলবেন না।	Don't speak to Tom like that.
তুমি কি কখনো বস্টন দেখতে গেছো?	Have you ever visited Boston?
তাঁর যা ইচ্ছে তিনি বলতে পারেন।	He can say whatever he wants.
উনি একজন শিক্ষক এবং ঔপন্যাসিক।	He is a teacher and novelist.
তিনি যুক্তরাষ্ট্র থেকে এসেছেন।	He is from the United States.
আমি প্রতিদিন সকালে স্কুলে যাই।	I go to school every morning.
আশা করি টম আমাকে ভুলে যাবে না।	I hope Tom doesn't forget me.
আমি পুলিশের সাথে কথা বলতে চাই।	I want to talk to the police.
আমি টমের সাথে সিনেমাটি দেখেছি।	I watched the movie with Tom.
দয়া করে আমার মলপত্রটা দেখবেন।	Please look after my luggage.
জাদুঘরটা রবিবার করে বন্ধ থাকে।	The museum is closed Sundays.
আমার কাছে কেবল এই একটি বই আছে।	This is the only book I have.
টম অস্ট্রেলিয়ার একজন ডাক্তার।	Tom is a doctor in Australia.
আমরা কার্যত দুর্ঘটনাটা দেখলাম।	We actually saw the accident.
টম আপনার সাথে যেতে পারেনি কেন?	Why couldn't Tom go with you?
আমি তাকে ছাড়া বাঁচতে শিখেছি।	I learned to live without her.
আমি সাঁতারে খুব একটা ভালো নই।	I'm not very good at swimming.
আমার বাবা ফুটবল পছন্দ করে না।	My father doesn't like soccer.
টম আমার থেকে দ্বিগুন আয় করে।	Tom earns twice as much as me.
টম মেরির কক্ষ দেখতে চেয়েছিল।	Tom wanted to see Mary's room.
টম একটা দুর্ঘটনায় মারা গেছে।	Tom was killed in an accident.
আমরা কিছুতেই একমত হতে পারিনি।	We couldn't agree on anything.
আপনারা সবাই টমকে ভয় পান কেন?	Why are you all afraid of Tom?
টম কেন আমাকে আঘাত করতে চাইবে?	Why would Tom want to hurt me?
তোমার যা ইচ্ছে তাই খেতে পারো।	You can eat whatever you like.
তোমার বাইকটা আমারটা থেকে ভাল।	Your bike is better than mine.
আমি আজ দুপুরে রক্তদান করলাম।	I donated blood this afternoon.
আমি এক রাতের জন্য থাকতে চাই।	I'd like to stay for one night.
আমি একথা কোনদিন কাউকে বলিনি।	I've never told this to anyone.
ওই বইটা ফরাসিতে লেখা হয়েছে।	That book is written in French.
হোটেলটি গত বছর তৈরি হয়েছিল।	This hotel was built last year.
এটি শুধু অস্ট্রেলিয়ায় ঘটে।	This only happens in Australia.
ওই গোলাপ ফুলগুলো খুব সুন্দর।	Those roses are very beautiful.
আজকে তুই কী রান্না করতে চাস?	What do you want to cook today?
তোমার গরু আমাদের ফুল খাচ্ছে।	Your cow is eating our flowers.
আপনি কি জানতেন টম কী করছিল?	Did you know what Tom was doing?
ক্লাসে ফরাসিতে কথা বলবে না।	Don't speak French in the class.
টেবিলের উপরে একটা কমলা আছে।	There is an orange on the table.
যারা থাকতে চায় থাকতে পারে।	Those who want to stay can stay.
টম মেরিকে ভয় পায়, তাই না?	Tom is afraid of Mary, isn't he?
টম অস্ট্রেলিয়ায় কী করছিল?	What was Tom doing in Australia?
খবরের কাগজটা কোথায় রাখলেন?	Where did you put the newspaper?
আপনি কি এই পাড়াতেই থাকেন?	Do you live in this neighborhood?
আমি ডক্তার নই, আমি শিক্ষক।	I am not a doctor, but a teacher.
আমি আজকে কাজে যেতে চাই না।	I don't want to go to work today.
আমার বই পড়া শেষ করতে হবে।	I need to finish reading my book.
আমি পরের স্টেশনে নেমে যাব।	I'll get off at the next station.
লন্ডন ইংল্যান্ডের রাজধানি।	London is the capital of England.
আমার ছোট ভাইটা টিভি দেখছে।	My little brother is watching TV.
আপনার ভ্রমণের উদ্দেশ্য কী?	What's the purpose of your visit?
ইংরাজি আমার মাতৃভাষা নয়।	English is not my native language.
সবাই আশা করেছিল সে জিতবে।	Everyone hoped that she would win.
আপনি বস্টনে কত বছর ছিলেন?	How long have you lived in Boston?
পত্রিকায় তার কথা পড়েছি।	I read about him in the newspaper.
বাগানে কোনো গোলাপ ছিল না।	There were no roses in the garden.
অনুগ্রহ করে বিলটি দেবেন?	Could you give me the bill, please?
আমি সারাদেশ ভ্রমণ করেছি।	He traveled throughout the country.
উনি ইংরাজি পড়াতে সক্ষম।	She is capable of teaching English.
মোট ছাত্রের সংখ্যা কত?	What is the total number of students?
পার্কে অনেক লোক ছিল।	There were a lot of people in the park.
অল্পবিদ্যা ভয়ংকরী।	A little knowledge is a dangerous thing.
এই অফিসে কতজন আছে?	How many people are there in this office?
উনি দাঁতের ডাক্তারের কাছে গিয়েছিলেন।	He went to the dentist.
আমি খালি ফরাসি ভাষায় কথা বলতে পারি।	I can only speak French.
আমি ৭:৩০ টায় সকালের নাস্তা খেয়েছি।	I had breakfast at 7:30.
আমি আপনার সঙ্গে আগামী মাসে দেখা করব।	I'll see you next month.
আমি আপনার উপহার গ্রহণ করতে পারব না।	I can't accept your gift.
আমি সহজেই ওর বাড়ি খুজে পেয়েছিলাম।	I found his house easily.
আমি তিনটে বিস্ফোরণের আওয়াজ শুনলাম।	I heard three explosions.
আমাদের অবিলম্বে সাহায্যের প্রয়োজন।	We need help immediately.
আমি আমার ডান হাতটা তুলতে পারছি না।	I can't lift my right arm.
আমি পদার্থবিজ্ঞানের অধ্যাপক ছিলাম।	I was a physics professor.
আমি আমার মায়ের জন্য অপেক্ষা করছি।	I'm waiting for my mother.
কেউ আমাকে মেরে ফেলার চেষ্টা করেছে।	Somebody tried to kill me.
টম খুব জোরে জোরে নিশ্বাস নিচ্ছিলো।	Tom was breathing heavily.
তুমি কি টমের উপর নজর রাখতে পারবে?	Can you keep an eye on Tom?
আমি জানিনা আপনি কি বোঝাতে চাইছেন।	I don't know what you mean.
আমি আপনার ফোন নাম্বারটা ভুলে যাই।	I forget your phone number.
আমি তোমার ফোন নাম্বারটা ভুলে যাই।	I forget your phone number.
আমি টমের সাথে অনেকবার দেখা করেছি।	I've met Tom several times.
কাছাকাছির মধ্যে কোন হাসপাতাল আছে?	Is there a hospital nearby?
দয়া করে আমাকে সেই পেন্সিলটি দিন।	Please hand me that pencil.
নিজের দিকে ভালো করে খেয়াল রাখবে।	Take good care of yourself.
টম আমার ভাইদের মাঝে সবচেইয়ে ছোট।	Tom is my youngest brother.
আপনি দুপুরের খাবার কটার সময় খান?	What time do you eat lunch?
তিনি অত্যন্ত আন্তরিক একজন মানুষ।	He is a very sincere person.
আমার পরিবর্তে তিনি সেখানে গেলেন।	He went there instead of me.
আমি ভেবছিলাম টম মেরির সঙ্গে ছিল।	I thought Tom was with Mary.
আমি ভেবছিলাম টমের এটা ভাল লাগবে।	I thought Tom would love it.
আমি টমকে কিছু জিজ্ঞাসা করতে চাই।	I want to ask Tom something.
আমি দেখতে চাই টম কেমন ভাবে থাকে।	I want to see how Tom lives.
আমি চাই তুমি টমের সঙ্গে কাজ করো।	I want you to work with Tom.
আমি যা করেছি তাতে আমি গর্বিত নই।	I'm not proud of what I did.
আমি আপনার থেকে অনেক কিছু শিখেছি।	I've learned a lot from you.
আমি তোমার থেকে অনেক কিছু শিখেছি।	I've learned a lot from you.
এই বছর আগেভাগেই তুষারপাত হয়েছে।	Snow fell early this winter.
টম সাবধানে চারপাশে তাকিয়ে দেখল।	Tom looked around carefully.
"উনি সঙ্গীত ভালোবাসেন।" "আমিও।"	"She likes music." "So do I."
বুদ্ধীমানের জন্য ইশারাই যথেষ্ট।	A word to the wise is enough.
আমাকে এর অর্থ জিজ্ঞেস করবেন না।	Don't ask me what that means.
আপনি কি এটা আলোচনা করতে চান না?	Don't you want to discuss it?
আপনি কি কখনো বস্টন দেখতে গেছেন?	Have you ever visited Boston?
আমার কাছে তিন বছরের চুক্তি আছে।	I have a three-year contract.
এটা কীভাবে কাজ করে তা আমি জানি।	I know how these things work.
আমি আধা ঘন্টার মধ্যে ফিরে আসবো।	I'll be back in half an hour.
খাওয়ার পর আমার পেট ব্যাথা করে।	My stomach hurts after meals.
তার মৃত্যুর খবর ছড়িয়ে পড়েছে।	The news of his death spread.
ওরা আমাকে মাঝেমধ্যে দেখতে আসতো।	They visited me occasionally.
অনুগ্রহ করে আওয়াজটা একটু কমান।	Turn down the volume, please.
আমরা মাসে একবার করে একত্রিত হই।	We get together once a month.
সকালের খাওয়াটা কখন দেওয়া হয়?	When is the breakfast served?
আপনার দুটি বাইসাইকেল কেন দরকার?	Why do you need two bicycles?
আমি কেন অস্ট্রেলিয়া ছেড়ে যাব?	Why should I leave Australia?
আপনি আমার জন্য এটা করতে পারেন?	Can you please do this for me?
সত্তর বছর বয়সে তিনি মারা যান।	He died at the age of seventy.
উনি একজন গুরুত্বপূর্ণ ব্যক্তি।	He is a very important person.
আমি তোমার জন্য অপেক্ষা করব না।	I'm not going to wait for you.
দয়া করে নিজের চরকায় তেল দিন।	Kindly mind your own business.
আপনি টমকে টাকা দিয়েছিলেন কেন?	Why did you give money to Tom?
তুমি আমাকে আর চুমু দাও না কেন?	Why don't you kiss me anymore?
আপনার যা ইচ্ছে তাই খেতে পারেন।	You can eat whatever you like.
আপনার খুব বেশি খাওয়া উচিত না।	You'd better not eat too much.
"আমি বাড়ি যেতে চাই।" "আমিও।"	"I want to go home." "So do I."
এই বাসটা কি জাদুঘর অবধি যায়?	Does this bus go to the museum?
আমি চশমা ছাড়া দেখতে পারি না।	I can't see without my glasses.
আমাকে সোমবার কাজ করতে হবে না।	I don't have to work on Monday.
আমি তোমাদের মুখ দেখতে চাই না।	I don't want to see your faces.
অবশেষে আমি নদী পড়োতে পারলাম।	I finally got across the river.
কেউ মারা গেলে খুব খারাপ লাগে।	It's a pity when somebody dies.
ইউক্রেনের রাজধানী হলো কিয়েভ।	Kyiv is the capital of Ukraine.
উদ্ভিদের রোদ এবং জল প্রয়োজন।	Plants need sunshine and water.
ভাইরাসটি দ্রুত ছড়িয়ে পড়ছে।	The virus is spreading rapidly.
টম এখনও বাড়িতেই আছে, তাই না?	Tom is still at home, isn't he?
আজকে আপনি কী রান্না করতে চান?	What do you want to cook today?
আজকে তুমি কী রান্না করতে চাও?	What do you want to cook today?
অস্ট্রেলীয় দূতাবাসটা কোথায়?	Where's the Australian embassy?
আপনারা আজকেই যেতে চাইছেন কেন?	Why do you want to leave today?
তুমি টমকে রক্ষা করবে, তাই না?	You'd defend Tom, wouldn't you?
আপনি কি এখন খেতে চান না পরে?	Do you want to eat now or later?
তুমি কি এখন খেতে চাও না পরে?	Do you want to eat now or later?
উনি রবিবার রাতে কাজ করেন নি।	He did not work on Sunday night.
গতকাল মুভি দেখতে গিয়েছিলাম।	I went to see a movie yesterday.
দাসদের সম্পত্তি মনে করা হতো।	Slaves were considered property.
কিছু প্রাণী আগুনকে ভয় পায়।	Some animals are afraid of fire.
টম হরর ফিল্ম দেখতে ভালোবাসে।	Tom loves watching horror films.
আপনি আমার মলপত্রটা কি করলেন?	What did you do with my luggage?
শিশুরা চিরকাল শিশু থাকে না।	Babies don't stay babies forever.
এটাকে কি অন্যভাবে বলা যায়?	Can it be phrased in another way?
আমি তিন সারি আলু লাগিয়েছি।	I planted three rows of potatoes.
আমি আরো বিস্তারিত তথ্য চাই।	I want more detailed information.
আমি চাই তুমি আমার সাথে আসো।	I would like you to come with me.
আমি সবে স্টেশনে এসে পৌছেছি।	I've just arrived at the station.
সে সিগারেট টানার জন্য থামল।	She stopped to smoke a cigarette.
দেয়ালে হলুদ রং করা হয়েছে।	The wall has been painted yellow.
ওরা কোনো ভুল কিছু তো করেনি।	They haven't done anything wrong.
এই বইটি পড়া আমার জন্য সহজ।	This book is easy for me to read.
টম আর ফরাসি অধ্যয়ন করে না।	Tom doesn't study French anymore.
আমার বাবা সবসময় রেগে যান।	My father is always getting angry.
তামার পারমাণবিক সংখ্যা ২৯।	The atomic number of copper is 29.
আজারবাইজানের রাজধানী বাকু।	The capital of Azerbaijan is Baku.
কেবল আমি ও টম বেঁচে ছিলাম।	Tom and I were the only survivors.
আপনি কোত্থেকে কাপড় কেনেন?	Where do you usually buy clothing?
আপনি এখানে খেতে পারবেন না।	You're not allowed to eat in here.
বীজগণিত গণিতের একটা শাখা।	Algebra is a branch of mathematics.
আমি আবার এটা করতে চাই না।	I don't feel like doing that again.
আমি পরের স্টপে নামতে চাই।	I want to get off at the next stop.
আমি এটা করতে পেরে কৃতজ্ঞ।	I'm grateful to be able to do this.
এটা আগের চেয়ে অনেক ভালো।	It's far better than it used to be.
সৈন্য বাড়িটাকে দখল করলো।	The soldiers occupied the building.
টমের নতুন গাড়ির ছবি এটা।	This is a picture of Tom's new car.
আজ বছরের সব থেকে গরম দিন।	Today is the hottest day this year.
মার্চ বছরের তৃতীয় মাস।	March is the third month of the year.
টম অনেকবার বস্টন গেছেন।	Tom has been to Boston several times.
অল্প বিদ্যা ভয়ঙ্করী।	A little learning is a dangerous thing.
উনি আমাদের পথপ্রদর্শক হিসাবে কাজ করলেন।	He acted as our guide.
তিনি দাঁতের ডাক্তারের কাছে গিয়েছিলেন।	He went to the dentist.
আমি কি আপনাকে কিছু জিজ্ঞেস করতে পারি?	Can I ask you something?
তিনি বৈজ্ঞানিক কল্পকাহিনী ভালোবাসেন।	He loves science fiction.
তাঁরা আমাদের কী করে ভুলে যেতে পারেন?	How could they forget us?
ওনারা আমাদের কী করে ভুলে যেতে পারেন?	How could they forget us?
আমি সহজেই তার বাড়ি খুজে পেয়েছিলাম।	I found his house easily.
আমার আগেই হাল ছেড়ে দেওয়া উচিত ছিল।	I should've quit earlier.
আপনার কাছে কি আপনার পাসপোর্টটা আছে?	Do you have your passport?
আমি আমার ডান হাতটা মুড়তে পারছি না।	I can't bend my right arm.
আমি জানতাম যে টম ওটা জিজ্ঞাসা করবে।	I knew Tom would ask that.
আমি ক্ষণিকের জন্য অন্ধ হয়েগেছিলাম।	I was momentarily blinded.
আমি খুশি যে আপনি সুস্থ হয়ে উঠেছেন।	I'm glad you've recovered.
আপনি কি টমের উপর নজর রাখতে পারবেন?	Can you keep an eye on Tom?
আপনি কি আপনার পাসপোর্টটা পেয়েছেন?	Did you find your passport?
আপনার যে খাবার পছন্দ হয় সেটা খান।	Eat whatever food you like.
তোমার যে খাবার পছন্দ হয় সেটা খাও।	Eat whatever food you like.
উনি সহজেই ওনার মাথা গরম করে ফেলেন।	He loses his temper easily.
সে প্রতিদিন একটি করে উপন্যাস পড়ে।	He reads a novel every day.
আমি এই ধরণের মন্তব্য পছন্দ করি না।	I don't like these remarks.
আমি আপনার ফোন নাম্বারটা ভুলে গেছি।	I forgot your phone number.
আমি তোমার ফোন নাম্বারটা ভুলে গেছি।	I forgot your phone number.
আমি জনসাধারণের সামনে অপমানিত হলাম।	I was humiliated in public.
আমি ত্রিশ মিনিটের মধ্যে ফিরে আসবো।	I'll be back in 30 minutes.
এটা আমার কাছে আকর্ষণীয় মনে হচ্ছে।	It seems interesting to me.
অনুগ্রহ করে আপনার জুতা খুলে ফেলুন।	Please take your shoes off.
নিজের দিকে ভালো করে খেয়াল রাখবেন।	Take good care of yourself.
কলোম্বাস আমেরিকা আবিষ্কার করেছেন।	Columbus discovered America.
আমি চাই না টম আমাকে সাহায্য করুক।	I don't want Tom to help me.
আমি অবশেষে টমকে দাবায় হারিয়েছি।	I finally beat Tom at chess.
আমি প্রত্যেকদিন সকালে দোকানে যাই।	I go shopping every morning.
আমার টমকে কিছু জিজ্ঞাসা করার আছে।	I have to ask Tom something.
শুনলাম তুমি নাকি আমাকে দেখতে চাও?	I hear you wanted to see me?
আমার একটা এই রকম বড় বাক্স দরকার।	I need a box about this big.
আমি প্রতিদিন এক ঘণ্টা টেনিস খেলি।	I play tennis an hour a day.
আমি চাই টমকে এখানে নিয়ে আসা হোক।	I want Tom brought here now.
আমি টমের সঙ্গে একলা কথা বলতে চাই।	I want to talk to Tom alone.
আমি চাই আপনি টমের সঙ্গে কাজ করুন।	I want you to work with Tom.
আমি তিন সপ্তাহের মধ্যে ফিরে আসবো।	I'll be back in three weeks.
আমাকে দেখো আর আমি যা করি তাই করো।	Look at me and do what I do.
টম আপনার সঙ্গে দেখা করতে চায় না।	Tom doesn't want to see you.
টম তোমার সঙ্গে দেখা করতে চায় না।	Tom doesn't want to see you.
টম, আমি মেরির সঙ্গে কথা বলতে চাই।	Tom, I want to talk to Mary.
আমরা খালি টমের সাথে কথা বলতে চাই।	We just want to talk to Tom.
তুই টমের সঙ্গে কেন দেখা করতে চাস?	Why do you want to meet Tom?
আপনাকে আপনার পাসপোর্ট দেখাতে হবে।	You must show your passport.
আমি আমার টিকিটটি বাতিল করতে চাই।	I'd like to cancel my ticket.
আমি একটা উপন্যাস নিয়ে কাজ করছি।	I've been working on a novel.
এটা সম্পুর্ণরূপে গ্রহণযোগ্য নয়।	This is totally unacceptable.
মেরির কাছে টমের ত্রিশ ডলার পায়।	Tom owes Mary thirty dollars.
আমি রসিদ চাইতে ভুলে গিয়েছিলাম।	I forgot to ask for a receipt.
আমি বরং তোমার সাথে এখানে থাকবো।	I'd rather stay here with you.
এটি একটি চমৎকার সম্পাদকীয় ছিল।	It was an excellent editorial.
ফেব্রুয়ারির আগে জানুয়ারি আসে।	January comes before February.
আপনার নিমন্ত্রণের জন্য ধন্যবাদ।	Thank you for your invitation.
ওই দুটো টুকরো একসাথে এঁটে যায়।	Those two pieces fit together.
আপনি আমাদের কী পরামর্শ দিচ্ছেন?	What are you suggesting we do?
আপনি কোন ধরনের টুপি পছন্দ করেন?	What sort of hats do you like?
আমি কেন কিছু মনে করতে পারছি না?	Why can't I remember anything?
তোমার এত জোরে কথা বলা উচিত নয়।	You shouldn't speak so loudly.
টমকে ওই সিনেমা দেখতে দেবেন না।	Don't let Tom watch that movie.
আমি বিমানে করে আমেরিকা যাচ্ছি।	I am going to America by plane.
আমি প্রায় প্রতিদিনই গোসল করি।	I take a bath almost every day.
আমি এটার অংশ হতে পেরে আনন্দিত।	I'm just glad to be part of it.
আমি নিশ্চিত নই কে বিল দিয়েছে।	I'm not sure who paid the bill.
আমি তোমার থেকে তিন বছরের বড়ো।	I'm three years older than you.
এটা কি স্টেশনে যাওয়ার রাস্তা?	Is this the way to the station?
তিনি একটি দোতলা বাড়িতে থাকেন।	She lives in a two-story house.
এই বস্তুটি সহজেই প্রসারিত হয়।	This material stretches easily.
টম সব জানালা বন্ধ করে দিয়েছে।	Tom has closed all the windows.
টম বলল এটা একটা সাধারণ সমস্যা।	Tom said it's a common problem.
তোমরা কি এখন খেতে চাও না পরে?	Do you want to eat now or later?
জাপানে ভূমিকম্প সাধারণ বিষয়।	Earthquakes are common in Japan.
আমার বিশ্বাস ও আগামীকাল আসবে।	I believe he is coming tomorrow.
আমি এখনই ঘরটা ছেড়ে দিতে চাই।	I'd like to check out right now.
আমি আটটার সময় ঘর ছাড়তে চাই।	I'm going to check out at eight.
সব মুসলমান রমজান পালন করে না।	Not all Muslims observe Ramadan.
টম বাচ্চাদের উপর নজর রেখেছিল।	Tom kept an eye on the children.
টম এখনও তার মায়ের সাথে থাকে।	Tom still lives with his mother.
আমরা আগামীকাল ঐ কাজ শুরু করব।	We'll start doing that tomorrow.
ও এই বিষয় কথা বলতে চায় না।	He doesn't want to talk about it.
আমি জানি টম তোমার বন্ধু ছিল।	I know Tom was a friend of yours.
আমি জানি টম আপনার বন্ধু ছিল।	I know Tom was a friend of yours.
আমি গতকাল হাসপাতালে গেছিলাম।	I went to the hospital yesterday.
আমি চাই আপনি আমার সাথে আসুন।	I would like you to come with me.
আমি চাই তোমরা আমার সাথে আসো।	I would like you to come with me.
আমি অত বড় তিমি কখনো দেখিনি।	I've never seen a whale that big.
আমি তোমাকে এটা একশবার বলেছি।	I've told you so a hundred times.
আমি আপনাকে এটা একশবার বলেছি।	I've told you so a hundred times.
আগামীকালকের জন্য সব তৈরি তো?	Is everything ready for tomorrow?
আমি কি গোসলখানায় যেতে পারি?	May I go to the bathroom, please?
টম আমাকে বলেছে সে এটা করেনি।	Tom told me he's never done that.
এই অ্যালবামে কয়টি ছবি আছে?	How many photos are in this album?
ট্রেনটা সমস্ত স্টেশনে থামে।	This train stops at every station.
টম মূল্যবান শিক্ষা পেয়েছে।	Tom has learned a valuable lesson.
টম মেরিকে ওটা না করতে বলবে।	Tom will tell Mary not to do that.
বাকি গল্পটা আমরা সবাই জানি।	We all know the rest of the story.
তিনি আগুনে পুড়ে মারা যান।	He was burned to death in the fire.
কাল রাত থেকে বৃষ্টি পড়ছে।	It's been raining since last night.
বাজারটা ডাক্তারখানার পাশে।	The market is next to the pharmacy.
আমি পরের বছর ফরাসি শিখবো।	I'm going to study French next year.
চীন এশিয়ার বৃহত্তম দেশ।	China is the biggest country in Asia.
এরকম অন্তত তিনবার ঘটেছে।	It has happened at least three times.
পর্যটন অফিসটা কোথায়?	Where is the tourist information office?
আমি টমের কাছে একটি টি-শার্ট বিক্রি করেছি।	I sold Tom a T-shirt.
তিনি বৈজ্ঞানিক কল্পকাহিনী পছন্দ করেন।	He likes science fiction.
তোমাকে ধন্যবাদ জানানোর ভাষা আমার নেই।	I can't thank you enough.
তোমার উপদেশের কোনো প্রয়োজন আমার নেই।	I don't need your advice.
আমি সহজেই ওনার বাড়ি খুজে পেয়েছিলাম।	I found his house easily.
আমি সহজেই তাঁর বাড়ি খুজে পেয়েছিলাম।	I found his house easily.
বরফ গলাবার জন্য নুন ব্যাবহার করা হয়।	Salt is used to thaw ice.
আপনি কোনো হোটেল সুপারিশ করতে পারবেন?	Can you recommend a hotel?
আমার মনে হয় তোমরা দুজনেই টমকে চেনো।	I think you both know Tom.
আমার বাবা খুব ভাল সাঁতার কাটতে পারে।	My father swims very well.
আমরা দুজনেই জানি যে এটা একটা মিথ্যে।	We both know that's a lie.
আমি আসা পর্যন্ত এখানে অপেক্ষা কোরো।	Wait here till I come back.
আমাকে এই জাহাজ থেকে নেমে যেতে হবে।	I need to get off this ship.
আমি প্রকৃতই টমের জন্য খুশি হয়েছি।	I'm genuinely happy for Tom.
আমি টমকে এর থেকে খুশি কখনো দেখিনি।	I've never seen Tom happier.
আমার মালপত্রটা ক্ষতিগ্রস্ত হয়েছে।	My luggage has been damaged.
তিনি এখনও রাতের খাবার আনতে বলেননি।	She didn't order dinner yet.
টম আপনাকে দেখে খুশি বলে মনে হচ্চে।	Tom seemed happy to see you.
টম আমাকে হাসপাতালে নিয়ে গিয়েছিল।	Tom took me to the hospital.
আপনি টমের সঙ্গে কেন দেখা করতে চান?	Why do you want to meet Tom?
তুমি টমের সঙ্গে কেন দেখা করতে চাও?	Why do you want to meet Tom?
আমি কেবল বুঝলাম আমি স্বপ্ন দেখছি।	I just realized I'm dreaming.
আমি পাঁচ মিনিটের মধ্যে ফিরে আসবো।	I'll be back in five minutes.
আমি ১১ঃ০০টার ট্রেনটা ধরতে যাচ্ছি।	I'm catching the 11:00 train.
রানী এলিজাবেথ ১৬০৩ সালে মারা যান।	Queen Elizabeth died in 1603.
টম বাক্সটি অরক্ষিত রেখে গিয়েছিল।	Tom left the box unprotected.
আমাদেরকে খুব তাড়াতাড়ি চলতে হবে।	We have to move very quickly.
আমি কোথা থেকে আমার মালপত্রটা পাব?	Where can I claim my luggage?
আপনি এই গাড়িটি কার জন্য কিনেছেন?	Who did you buy this car for?
আপনার কি মানচিত্র কিনতে মনে ছিল?	Did you remember to buy a map?
আমার শাশুড়িকে আমি পছন্দ করি না।	I don't like my mother-in-law.
আমি জ্যাকসনদের বাড়ি গিয়েছিলাম।	I went to the Jacksons' house.
আমি তিন মিনিটের মধ্যে ফিরে আসবো।	I'll be back in three minutes.
ইতিমধ্যে রাত দশটা পার হয়ে গেছে।	It's already past ten o'clock.
আমার মালপত্র এখনো এসে পৌঁছায়নি।	My luggage hasn't arrived yet.
আমরা দুজনেই জানি যে এটা ঠিক নয়।	We both know this isn't right.
আপনি সাধারণত কটার সময় শুতে যান?	When do you usually go to bed?
তুমি সাধারণত কটার সময় শুতে যাও?	When do you usually go to bed?
সবাই আপনার দিকে তাকিয়ে আছে কেন?	Why's everyone staring at you?
আপনার কাছে কোনো কাশির অষুধ আছে?	Do you have any cough medicine?
তিনি গতকাল আমার অফিসে এসেছিলেন।	He came to my office yesterday.
আমি অতক্ষণ অপেক্ষা করতে চাই না।	I don't want to wait that long.
আজ সকালে আমি সাতটার সময় উঠেছি।	I got up at seven this morning.
আমাকে একটু সবুজ জামাটা দেখাবেন।	Please show me the green shirt.
এই উপন্যাসটি খুবই কল্পনাপ্রসূত।	This novel is very imaginative.
টম তার সব টাকা মেরিকে দিয়েছিল।	Tom gave all his money to Mary.
টম আপনাদের প্রশ্নের উত্তর দেবে।	Tom will answer your questions.
আপনি যেটা চান সেটাই পরতে পারেন।	You may wear anything you want.
আপনারা কি এখন খেতে চান না পরে?	Do you want to eat now or later?
আমাকে প্রথমতঃ দোকানে যেতে হবে।	I have to go to the store first.
আমি আপনার জানার আগে ফিরে আসবো।	I'll be back before you know it.
আগামীকাল লাইব্রেরিতে দেখা হবে।	See you tomorrow at the library.
হঠাৎ পদত্যাগ করলেন রাষ্ট্রপতি।	The president suddenly resigned.
আগে থেকেই সংরক্ষণটি হয়ে গেছে।	The reservation is already made.
দশ মিনিটের মাঝেই ট্রেন ছাড়বে।	The train leaves in ten minutes.
এই কম্পিউটারটা ব্যাটারীতে চলে।	This computer runs on batteries.
আজ পোল্যান্ডের নির্বাচনের দিন।	Today is election day in Poland.
টম প্রায়ই সিনেমা ডাউনলোড করে।	Tom frequently downloads movies.
অস্ট্রেলিয়ার রাজধানীর নাম কী?	What's the capital of Australia?
ইনি এই বিষয় কথা বলতে চান না।	He doesn't want to talk about it.
ঊনি এই বিষয় কথা বলতে চান না।	He doesn't want to talk about it.
সে এই বিষয় কথা বলতে চায় না।	He doesn't want to talk about it.
আমি শুধু খবরের কাগজ পড়ছিলাম।	I was just reading the newspaper.
আমি যদি কনসার্টে যেতে পারতাম।	I wish I could go to the concert.
বাচ্চাদের জন্য কোনো ছাড় আছে?	Is there a discount for children?
কথা বলতে বলতে কফি খাওয়া যাক।	Let's drink coffee while we talk.
সাইপ্রাসের রাজধানী নিকোসিয়া।	The capital of Cyprus is Nicosia.
তুমি যতক্ষণ ইচ্ছে থাকতে পারো।	You can stay as long as you like.
ক্রীস্টমাস আর কয়েকদিন দূরে।	Christmas is just a few days away.
আমি জানি টম মেরিকে ভয় পায়।	I know that Tom is afraid of Mary.
আমার বাবা মাছ ধরাতে খুব ভাল।	My father is very good at fishing.
বিমানটি ঠিক নটার সময় পৌছাল।	The plane arrived exactly at nine.
টম বেসবল খেলায় সত্যিই ভালো।	Tom certainly is good at baseball.
টমের এখনো কোনো প্রেমিকা নেই।	Tom doesn't have a girlfriend yet.
টম ওর আত্বীয়দের সাথে থাকছে।	Tom is staying with his relatives.
ক্লাসের একমাত্র ছেলে ছিল টম।	Tom was the only guy in the class.
আপনি রবিবার সাধারনত কী করেন?	What do you usually do on Sundays?
এরই মধ্যে অনেক কিছু হয়েছে।	A lot has happened in the meantime.
আপনি কি গরমে কোথাও গেছিলেন?	Did you go anywhere for the summer?
আমি যা চেয়েছিলাম তা পাইনি।	I wasn't able to get what I wanted.
আমি ওই গানটা গাইতে পারতাম।	I used to be able to sing that song.
টমের কি বলার আছে শোনা যাক।	Let's listen to what Tom has to say.
টম ৩০০র ও বেশি গান লিখেছে।	Tom has written more than 300 songs.
আমি শান্তি এবং নীরবতা চাই।	What I want is some peace and quiet.
অন্ধকার ঘরে পড়া ভালো না।	It's not good to read in a dark room.
এটা এখন করলে ভালো হবে না?	Wouldn't it be better to do that now?
ইরিডিয়াম একটি বিরল মৌল।	Iridium is one of the rarest elements.
বছরের শেষ মাস ডিসেম্বর।	December is the last month of the year.
আমি কি ক্রেডিট কার্ড ব্যবহার করতে পারি?	May I use a credit card?
তিনি আমাকে একটি প্রশ্ন জিজ্ঞাসা করেছেন।	She asked me a question.
তারা কোথায় থেকে এসেছে তা অনুমান করুন।	Guess where they're from.
এই উক্তিটি একটি বই থেকে নেওয়া হয়েছে।	It's a quote from a book.
আপনি কি আমার বিলটা তৈরি রাখতে পারবেন?	Can you get my bill ready?
আপনার কাছে কি আরো বড় মাপের কিছু আছে?	Do you have a larger size?
ও কী করে না করে আমি তা কেয়ার করি না।	I don't care what he does.
সাধারণত আমি সকাল আটটায় ঘুম থেকে উঠি।	I usually get up at eight.
মেরি একটি বিকিনি পরিহিত অবস্থায় ছিল।	Mary was wearing a bikini.
আপনাদের যে খাবার পছন্দ হয় সেটা খান।	Eat whatever food you like.
তোমাদের যে খাবার পছন্দ হয় সেটা খাও।	Eat whatever food you like.
আমি জীববিজ্ঞান এবং ফরাসি ভাষা শেখাই।	I teach biology and French.
আমি আমার অ্যাকাউন্টটা বন্ধ করতে চাই।	I want to close my account.
আমি আসা পর্যন্ত এখানে অপেক্ষা করবেন।	Wait here till I come back.
আপনি কী করার প্রতিশ্রুতি দিয়েছিলেন?	What did you promise to do?
টম কি আমার সাথে এখন দেখা করতে চায়?	Does Tom want to see me now?
আমি চাইছিলাম না টম আমাকে দেখতে পাক।	I didn't want Tom to see me.
আমার মনে হয় না টম আপনাকে ঘৃণা করে।	I don't think Tom hates you.
আমি পড়তে পড়তে ঘুমিয়ে গিয়েছিলাম।	I fell asleep while reading.
আমি এই মুহূর্তে খুব একটা ব্যস্ত নই।	I'm not very busy right now.
যারা তাকে চেনে তারা তাকে পছন্দ করে।	Those who know him like him.
টম মেরির কাছ থেকে পরামর্শ চেয়েছিল।	Tom wanted advice from Mary.
মেরি সেখানে থাকায় টম খুশি হয়েছিল।	Tom was glad Mary was there.
আমি এমনিতেও কখনও টমের কথা শুনি না।	I never listen to Tom anyway.
সেজন্য আমাদের আপনার সাহায্য দরকার।	That's why we need your help.
ওনারা আমাকে মাঝেমধ্যে দেখতে আসতেন।	They visited me occasionally.
আমরা অস্ট্রেলিয়াতে যাচ্ছি না কেন?	Why don't we go to Australia?
আপনাকে অ্যান্টিবায়োটিক খেতেই হবে।	You have to take antibiotics.
তিনি সংবাদপত্র পড়া বন্ধ করে দেন।	He stopped reading newspapers.
আমি পশু সম্পর্কিত একটি বই কিনেছি।	I bought a book about animals.
আমি আমার ডান পাটা নাড়াতে পারিনি।	I couldn't move my right foot.
আমি আপনাকে এটি বিনামূল্যে দিচ্ছি।	I'm giving it to you for free.
টম পরিস্থিতি ব্যাখ্যা করতে পারবে।	Tom can explain the situation.
টম রাতের খাবারের সময় চুপচাপ ছিল।	Tom kept silent during dinner.
কয়টার সময় তোমার স্কুল শুরু হয়?	What time do you start school?
আপনি কি জানেন আমি সত্যিই কী চাই?	Do you know what I really want?
সে একটি হাসপাতালে কাজ করতে চায়।	He wants to work in a hospital.
আমার জন্ম এবং বেড়ে ওঠা টোকিওতে।	I was born and raised in Tokyo.
আমি বিশ মিনিটের মধ্যে ফিরে আসবো।	I'll be back in twenty minutes.
আমি একটা আম খুঁজছি খাওয়ার জন্য।	I'm looking for a mango to eat.
ঐ আংটিটি কি আসল সোনা গিয়ে তৈরি?	Is that ring made of real gold?
আমার ভাই এখন অস্ট্রেলিয়াতে আছে।	My brother is in Australia now.
আমার ভাই ভৌতিক সিনেমা পছন্দ করে।	My brother likes horror movies.
আমার পা তোমার পায়ের চেয়ে খাটো।	My legs are shorter than yours.
আমরা সারা দুপুর পরাশুনা করছিলাম।	We were studying all afternoon.
আমাকে কাল সকাল ছটায় ফোন করবেন।	Call me at six tomorrow morning.
যত তাড়াতাড়ি সম্ভব এটা শেষ কর।	Finish this as soon as possible.
আমি জানিনা আমার সময় আছে কি না।	I don't know if I have the time.
আমি জানিনা আমার সময় হবে কি না।	I don't know if I have the time.
আমার খুব ভালো ফরাসি অভিধান আছে।	I have a good French dictionary.
তারা আগামীকাল জাপান ত্যাগ করবে।	They are leaving Japan tomorrow.
টম বাচ্চাদের উপর নজর রেখেছিলেন।	Tom kept an eye on the children.
মেরি কোথায় থাকছে সেটা টম জানে।	Tom knows where Mary is staying.
আপনার প্লেনটা কটার সময় ছাড়বে?	What time does your plane leave?
তিনি এই বিষয় কথা বলতে চান না।	He doesn't want to talk about it.
আমি জানি টম তোমার বন্ধু ছিলেন।	I know Tom was a friend of yours.
আমি জানি টম আপনার বন্ধু ছিলেন।	I know Tom was a friend of yours.
আমি চাই আপনারা আমার সাথে আসুন।	I would like you to come with me.
ইতিহাস ক্লাস নয়টায় শুরু হয়।	The history class starts at nine.
ওনারা কোনো ভুল কিছু তো করেননি।	They haven't done anything wrong.
টম মেরির সাথে লাইব্রেরিতে ছিল।	Tom was in the library with Mary.
আগামীকাল আমার কাজের প্রথম দিন।	Tomorrow is my first day of work.
আপনার কেন মনে হয় আমি এটা চাই?	What makes you think I want this?
আপনি যতক্ষণ ইচ্ছে থাকতে পারেন।	You can stay as long as you like.
যা ঘটেছে তা ভুলে যাওয়া কঠিন।	It's hard to forget what happened.
খাটের নিচে একটা তেলাপোকা আছে।	There's a cockroach under the bed.
সেই উপন্যাস কবে প্রকাশিত হবে?	When will that novel be published?
টম বিলিয়ার্ড খেলতে চায় না।	Tom doesn't want to play billiards.
টম মেরির সেরা ছাত্রদের একজন।	Tom is one of Mary's best students.
আগামী সপ্তাহে আপনি কী করবেন?	What are you going to do next week?
জাদুঘরে ঢোকার দরজাটি কোথায়?	Where's the entrance to the museum?
আরবী খুব গুরুত্বপূর্ণ ভাষা।	Arabic is a very important language.
তিনি কর কমানোর পক্ষে ছিলেন।	He advocated the reduction of taxes.
তিনি গাড়ি চালাতে জানেন না।	He does not know how to drive a car.
আমি ওই গানটা বাজাতে পারতাম।	I used to be able to play that song.
আপনার চুপ থাকার অধিকার আছে।	You have the right to remain silent.
একজনের জন্য কত টাকা লাগবে?	How much does it cost for one person?
কিছু যে ভুল আছে তা স্পষ্ট।	It's obvious there's something wrong.
এই ঘড়ির কিছু একটা হয়েছে।	Something has happened to this clock.
টম এই ক্লাবের সাবেক মালিক।	Tom is the former owner of this club.
বস্টনের ট্রেনটা কখন ছাড়ে?	When does the train leave for Boston?
তোমার মেয়ে আর বাচ্চা নেই।	Your daughter is not a child anymore.
তিন দিন ধরে বৃষ্টি পড়লো।	It rained continuously for three days.
মনে হয় না এটা টমের ছাতা।	This doesn't look like Tom's umbrella.
রাতটা খুব বড়ো, তাই না?	Well, the night is quite long, isn't it?
তুই বড়ো হয়ে কী হবি?	What are you going to be when you grow up?
তুমি আমার নতুন গাড়িটা ব্যবহার করতে পারো।	You may use my new car.
টম চেষ্টা করেছে কিন্তু সে ব্যর্থ হয়েছে।	Tom tried but he failed.
আমি আপনার ফোন নাম্বারটা হারিয়ে ফেলেছি।	I lost your phone number.
আমি তোমার ফোন নাম্বারটা হারিয়ে ফেলেছি।	I lost your phone number.
আমার মনে হয় আপনারা দুজনেই টমকে চেনেন।	I think you both know Tom.
আমরা অন্য কাউকে দোষারোপ করতে পারি না।	We can't blame anyone else.
আমার মনে হয় না টম আপনাকে পছন্দ করে।	I don't think Tom likes you.
আমি আপনার সম্পর্কে কথা বলা বন্ধ করব।	I'll stop talking about you.
সে এখনো রাতের খাবারের অর্ডার দেয়নি।	She didn't order dinner yet.
টমকে দেখে খুব খুশি বলে মনে হচ্চে না।	Tom doesn't look very happy.
টম কুকুরের প্রশিক্ষক হিসেবে কাজ করত।	Tom worked as a dog trainer.
আমি আমার মালপত্র কোথা থেকে দাবি করব?	Where do I claim my baggage?
তুমি কি আমাকে এক কাপ চা দিতে পারবে?	Can you give me a cup of tea?
আপনি কি আমার একটা ছবি তুলতে পারবেন?	Could you take a photo of me?
হিটলার ১৯৩৩ সালে ক্ষমতা গ্রহণ করেন।	Hitler assumed power in 1933.
আমি খালি একটু ফরাসি ভাষায় কথা বলি।	I only speak a little French.
আমরা দুজনেই জানি যে সেটা সত্যি নয়।	We both know that's not true.
বেড়োবার সময় দরজাটা বন্ধ করে দিও।	Close the door when you leave.
আমি রোবোটিক্স বিষয়ে কিছু জানি না।	I know nothing about robotics.
আমার একটা প্রথম শ্রেণীর টিকিট চাই।	I'd like a first-class ticket.
আমি আমার টিকিটটি নিশ্চিত করতে চাই।	I'd like to confirm my ticket.
তাসমানিয়া অস্ট্রেলিয়ার অন্তর্গত।	Tasmania belongs to Australia.
পরের মোড়টায় ডানদিকে বেঁকে যাবেন।	Turn right at the next corner.
আপনাদের কাছে কোনো কাশির অষুধ আছে?	Do you have any cough medicine?
তিনি একটি হাসপাতালে কাজ করতে চান।	He wants to work in a hospital.
আমি তোমার সঙ্গে তর্ক করতে চাই না।	I don't want to argue with you.
আমি আপনার সঙ্গে তর্ক করতে চাই না।	I don't want to argue with you.
আমার মনে হয় তিনি কিছু লুকাচ্ছেন।	I think she's hiding something.
আমার প্রিয় বিষয় হলো জীববিজ্ঞান।	My favorite subject is biology.
আমাদের প্রতি সোমবার এটি করা উচিত।	We should do this every Monday.
আমার বিশ্বাস উনি আগামীকাল আসবেন।	I believe he is coming tomorrow.
আমি টমের সাথে ঘুরতে যেতে চাই না।	I don't want to go out with Tom.
সত্যিকার অর্থে আমি অতকিছু করিনি।	I haven't really done that much.
আমি গণিত এবং পদার্থবিদ্যা পড়াই।	I teach mathematics and physics.
আমি স্থানীয় পত্রিকার জন্য লিখি।	I write for the local newspaper.
এখন এগারোটা বাজতে দশ মিনিট বাকি।	It is ten minutes before eleven.
কাঁচটা কারুর দ্বারা ভাঙা হয়েছে।	The glass was broken by someone.
তারা বাসের জন্য অপেক্ষা করছে না।	They aren't waiting for the bus.
টম ইতিমধ্যেই দলটিতে যোগ দিয়েছে।	Tom has already joined the team.
টম ইতিহাস এবং জীববিজ্ঞান পড়ায়।	Tom teaches history and biology.
আমরা প্রত্যেক শনিবার ফুটবল খেলি।	We play football every Saturday.
আপনার শেষ শ্রবণ পরীক্ষা কবে ছিল?	When was your last hearing test?
ওনার নাম মনে রাখতে অসুবিধা হয়।	He has trouble remembering names.
ও আমাকে বলেছিল যে ও ভেনিস যাবে।	He told me he would go to Venice.
আমরা কিছু পরিবর্তন করতে চাই না।	We don't want to change anything.
আমি এখনো ফাইলটা ডাউনলোড করিনি।	I haven't downloaded the file yet.
ট্রাফিকের কারণে দেরি করেছিলাম।	I was late because of the traffic.
ব্যাঙকক থাইল্যান্ডের রাজধানী।	Bangkok is the capital of Thailand.
যাইহোক, আপনি কি বেহালা বাজান?	By the way, do you play the violin?
আপনাকেও কি বোস্টনে থাকতে হবে?	Do you need to stay in Boston, too?
আমি ট্রেন স্টেশনে কিভাবে যাব?	How can I get to the train station?
আমি আবার এই সিনেমা দেখতে চাই।	I'd like to watch this movie again.
দহনের জন্য অক্সিজেন প্রয়োজন।	Oxygen is necessary for combustion.
ও আমার সঙ্গে হাসপাতালে গেছিল।	She accompanied me to the hospital.
স্টকহোম হলো সুইডেনের রাজধানী।	Stockholm is the capital of Sweden.
টম দেখতে পেলো যে মেরি কাঁদছে।	Tom could see that Mary was crying.
আপনি টিভির খুব কাছে বসে আছেন।	You're sitting too close to the TV.
অসময়ের বন্ধুই প্রকৃত বন্ধু।	A friend in need is a friend indeed.
অস্ট্রেলিয়ায় কতদিন থাকবেন?	How long will you stay in Australia?
টম জ্যাকসন তিনটে বই লিখেছেন।	Tom Jackson has written three books.
কতদিন ধরে জেলের বাইরে আছেন?	How long have you been out of prison?
আমি সত্যিই এখন খেতে চাই না।	I really don't want to eat right now.
টম ওর বাচ্চাদের নিতে এসেছে।	Tom has come to pick up his children.
টম বস্টনে কত বছর ধরে আছে?	How long has Tom been living in Boston?
পুলিশ খুনটির তদন্ত করছে।	The police are investigating the murder.
তুমি বড়ো হয়ে কী হবে?	What are you going to be when you grow up?
তুমি কি এক মিনিটের জন্য অপেক্ষা করতে পারবে?	Can you wait a minute?
আপনি আমার নতুন গাড়িটা ব্যবহার করতে পারেন।	You may use my new car.
টম প্রতিশ্রুতি দিয়েছিল যে সে ওটা করবে।	Tom promised he'd do that.
আমি বিশ্বাস করি আপনি সাহায্য করতে চান।	I believe you want to help.
ও কী করে না করে আমরা তা কেয়ার করি না।	We don't care what he does.
আপনার একজন দাঁতের ডাক্তার দেখানো উচিৎ।	You ought to see a dentist.
তোমার একজন দাঁতের ডাক্তার দেখানো উচিৎ।	You ought to see a dentist.
এই সমস্ত কিছুর জন্য আমি টমকে দোষ দেব।	I blame Tom for all of this.
আমি এখন টমের ব্যাপারে ভাবতে পারছি না।	I can't think about Tom now.
আমি জানতাম না যে টমের একটা কুকুর ছিল।	I didn't know Tom had a dog.
আমি আমার টুপিটি টমের গাড়িতে পেয়েছি।	I found my hat in Tom's car.
আমার মনে হয় আমি একাই ওটা করতে পারবো।	I think I can do that alone.
তুমি কি আমার সাথে দুপুরের খাবার খাবে?	Will you have lunch with me?
গণতন্ত্র স্বাধীনতাকে অনুপ্রাণিত করে।	Democracy encourages freedom.
আমার বইটা আকর্ষণীয় বলে মনে হয়েছিল।	I found the book interesting.
টম পেছনে ফিরে তাকানোর সাহস দেখায়নি।	Tom didn't dare to look back.
টম তার মালিকানাধীন সবকিছু হারিয়েছে।	Tom lost everything he owned.
আমরা কি বাইরে একটা টেবিল পেতে পারি?	Could we have a table outside?
আমি কী বলতে চাইছি তুমি বুঝতে পারছো?	Do you understand what I mean?
তিনি বাড়ির কাজ নিয়ে ব্যস্ত ছিলেন।	He was busy with his homework.
আমার রহস্য উপন্যাস পড়তে ভালো লাগে।	I like reading mystery novels.
আমার একদিন মিশরে যাওয়ার ইচ্ছে আছে।	I wish to visit Egypt someday.
টম রাতের খাবারের সময় চুপচাপ ছিলেন।	Tom kept silent during dinner.
টম ওর মুখ উঁচু রাখার চেষ্টা করেছিল।	Tom tried to keep his chin up.
আপনি অস্ট্রেলিয়াতে যাচ্ছেন না কেন?	Why don't you go to Australia?
আমি ট্রেনেই থাকার সিদ্ধান্ত নিলাম।	I decided to stay on the train.
তোমাকে আমার তিনটি প্রশ্ন করার আছে।	I have three questions for you.
কোনো একদিন আমি হাওয়ার মত দৌড়াবো।	Someday I'll run like the wind.
চিড়িয়াখানা থেকে বাঘটি পালিয়েছে।	The tiger escaped from the zoo.
তারা সমস্যাটি অমীমাংসিত রেখে গেছে।	They left the problem unsolved.
টম আমাদের দুজনকেই মেরে ফেলতে পারত।	Tom could've killed both of us.
অসুবিধার জন্য আমাদের ক্ষমা করবেন।	Excuse us for the inconvenience.
অর্থের অভাবে তিনি ব্যর্থ হয়েছেন।	He failed, due to lack of money.
ভেতরে যাওয়ার জন্য কত টাকা লাগবে?	How much does it cost to get in?
হয়তো তিনি একজন ভালো শিক্ষক হবেন।	Maybe he will be a good teacher.
আমার গিটারের দাম খুব বেশি ছিল না।	My guitar didn't cost very much.
আমার তৈরি করা রোবটটি কাজ করছে না।	The robot I built isn't working.
টমই শেষ ব্যক্তি যিনি বাড়িতে যান।	Tom was the last one to go home.
তোমার সাইকেলটা আমার সাইকেলের মতন।	Your bicycle is similar to mine.
আমাদের ট্রেন আটটা তিরিশে ছাড়বে।	Our train leaves at eight-thirty.
আমাকে কী করতে হবে দয়া করে বলুন।	Please tell me what I have to do.
আপনি কি আলোটা একটু কমাতে পারেন?	Could you dim the lights a little?
ও পার্টিতে না যাওয়াই ঠিক করলো।	He decided not to go to the party.
আমার কাশি আছে আর অল্প জ্বর আছে।	I have a cough and a little fever.
আমার মা খুব ভাল গলফ খেলতে পারে।	My mother can play golf very well.
আমার প্রতিবেশীর নাম টম জ্যাকসন।	My neighbor's name is Tom Jackson.
আজকের বৈঠকটি খুবই গুরুত্বপূর্ণ।	Today's meeting is very important.
টম ম্যারিকে গিটার বাজাতে বলেছে।	Tom asked Mary to play the guitar.
আপনি ভাল করেই জানেন টম কি চায়।	You know very well what Tom wants.
আপনার এখানে খাওয়ার অনুমতি নেই।	You're not allowed to eat in here.
বার্ন সুইজারল্যান্ডের রাজধানী।	Bern is the capital of Switzerland.
আমার এখনও যথেষ্ট অভিজ্ঞতা নেই।	I don't have enough experience yet.
আমার মনে হয় এটা করাই ঠিক হবে।	I think it's the right thing to do.
আমি মনে করি টম এটা আর করবে না।	I think that Tom won't do it again.
আমি কিছুদিন শহরের বাইরে থাকবো।	I'll be out of town for a few days.
আমার কম্পিউটার আর চালু হবে না।	My computer won't start up anymore.
পুরানো বোতল জমা করা আমার নেশা।	My hobby is collecting old bottles.
সে আমার সঙ্গে হাসপাতালে গেছিল।	She accompanied me to the hospital.
আমাদের আরও অনেক কিছু করার আছে।	We have lots of other things to do.
জাদুঘরে ঢোকার রাস্তাটি কোথায়?	Where's the entrance to the museum?
তুমি গতকাল ক্লাসে ছিলে না কেন?	Why weren't you in class yesterday?
ও সন্ধ্যেবেলা বই পড়ে কাটায়।	He spent the evening reading a book.
আমি পুলিশ স্টেশনে কিভাবে যাব?	How can I get to the police station?
আমি আজ সকাল ছটা তিরিশে উঠেছি।	I got up at six-thirty this morning.
আমি পরের স্টেশনে নেমে যাচ্ছি।	I'm getting off at the next station.
সে তার হাসি ধরে রাখতে পারেনি।	She couldn't hold back her laughter.
পলাতকটি সশস্ত্র এবং বিপজ্জনক।	The fugitive is armed and dangerous.
সৈন্যরা গ্রামটাকে ঘিরে ফেললো।	The soldiers surrounded the village.
ওই ঘরে কোনো আসবাবপত্র ছিল না।	There was no furniture in that room.
পরের ট্রেনটা কটার সময় ছাড়ে?	What time does the next train leave?
তুমি আমাকে কী বলতে চেয়েছিলে?	What was it you wanted to say to me?
টম এখানে ২০১৩ থেকে কাজ করছে।	Tom has been working here since 2013.
আমরা শুরু থেকেই বন্ধু ছিলাম।	We were friends right from the start.
আপনি বিজ্ঞান শিক্ষক, তাই না?	You're a science teacher, aren't you?
এটা করা বাদ দিয়ে কাজে যাও।	Stop doing that, and get back to work.
আমি এখন কিছুই খেতে চাই না।	I don't want to eat anything right now.
বেশি খেলে মোটা হয়ে যাবেন।	If you eat too much, you'll become fat.
এখানে গুরুতর কিছু ভুল আছে।	There's something seriously wrong here.
আমি আগের মতো রক্ষণশীল নই।	I'm not as conservative as I used to be.
তুই বড়ো হয়ে কী হতে চাস?	What do you want to be when you grow up?
আগামী পরশু টমের জন্মদিন।	The day after tomorrow is Tom's birthday.
ঘর ভারা ট্যাক্স সহ $১০০।	The room charge is $100 a night plus tax.
আপনি কত টাকা তুলতে চান?	How much money would you like to withdraw?
আপনি কি এক মিনিটের জন্য অপেক্ষা করতে পারবেন?	Can you wait a minute?
আমি কি ক্রেডিট কার্ড দিয়ে দাম দিতে পারি?	Can I pay by credit card?
আমি ৪ঠা জুন, ১৯৭৪ এ জন্মগ্রহণ করেছিলাম।	I was born on June 4, 1974.
আমি আমার ভালো বন্ধু টমকে ফোন করেছিলাম।	I called my good friend Tom.
আমি টমের সঙ্গে বন্ধুত্ব রাখতে পারব না।	I can't be friends with Tom.
আমার ইচ্ছা যে তুমি টমের সঙ্গে কথা বলো।	I'd like you to talk to Tom.
আমার ইচ্ছা যে তুই টমের সঙ্গে কথা বলিস।	I'd like you to talk to Tom.
আমি দিনের বেশিরভাগ সময় বাড়িতেই থাকি।	I'm at home most of the day.
আমার দিকে তাকাও আর আমি যা করি তাই করো।	Look at me and do what I do.
আমরা টমের ব্যপারে কথা বলতে চেয়েছিলাম।	We wanted to talk about Tom.
শুল্কমুক্ত জিনিস কেনার দোকানটা কোথায়?	Where is the duty-free shop?
টম কি জানে তাকে দত্তক নেওয়া হয়েছিল?	Does Tom know he was adopted?
আমি যে এখানে ছিলাম তা কাউকে বলবেন না।	Don't tell anyone I was here.
আমি কি আপনার ফোন নাম্বারটি পেতে পারি?	May I have your phone number?
তুমি আমাকে পুরোপুরি বোকা বানিয়েছিলে।	You had me completely fooled.
বেড়োবার সময় দরজাটা বন্ধ করে দেবেন।	Close the door when you leave.
আমি কী বলতে চাইছি আপনি বুঝতে পারছেন?	Do you understand what I mean?
তার প্রয়োজনের চেয়ে বেশিই টাকা ছিল।	He had more than enough money.
আমি রাতের খাবারের পরে পিয়ানো বাজাই।	I play the piano after supper.
আমি নিশ্চিত যে আমি তাকে আগেও দেখেছি।	I'm sure I've seen him before.
মেরি কোথায় থাকে সেটা টম জানতে চাইল।	Tom asked me where Mary lived.
টম তার মুখ উঁচু রাখার চেষ্টা করেছিল।	Tom tried to keep his chin up.
আমাদের আরও তিন জনের জন্য জায়গা আছে।	We have room for three others.
আপনি এই গিটারটি কোথায় থেকে কিনেছেন?	Where did you buy this guitar?
তোমার যেটা ইচ্ছে হয় সেটা খেতে পারো।	You can eat anything you want.
কম লোকই পরিকল্পনাটির ব্যাপারে জানে।	Few people know about the plan.
এই শব্দটির উচ্চারণ কিভাবে করতে হয়?	How do you pronounce this word?
আমি ওই ভাবে জীবনযাপন করতে পারবো না।	I can't live that kind of life.
আমি জানি আপনি সিনেমাটি উপভোগ করবেন।	I know you'll enjoy that movie.
আমরা বিভিন্ন বিষয় নিয়ে কথা বললাম।	We talked about various topics.
অবশেষে তিনি সমস্যার সমাধান করেছেন।	At last, she solved the problem.
এমনকি টমও কিছুটা প্রভাবিত হয়েছিল।	Even Tom was somewhat impressed.
যত তাড়াতাড়ি সম্ভব এটা শেষ করুন।	Finish this as soon as possible.
জার্মানি এবং জাপান পরাজিত হয়েছিল।	Germany and Japan were defeated.
এই জুতোগুলোর জন্য নতুন সুকতলা চাই।	I need new soles on these shoes.
তোমাকে আমার একটা ইনজেকশন দিতে হবে।	I need to give you an injection.
টম একটা ডাইরি রাখার কথা ঠিক করেছে।	Tom has decided to keep a diary.
সবাই টমের ট্রেলারের ভেতরে রয়েছে।	Everyone is inside Tom's trailer.
সে আমাকে বলেছিল যে সে ভেনিস যাবে।	He told me he would go to Venice.
একসাথে রাতের খাবার খেলে কেমন হয়?	How about having dinner together?
ও জিজ্ঞাসা করছে এটা কি করে সম্ভব।	She's asking how that's possible.
আপনি সেখানে যেতে চান কেন তা বলুন।	Tell me why you want to go there.
আপনি এমনিতে কটার সময় ঘুমাতে যান?	What time do you usually turn in?
আপনার মতে কোনটি সবচেয়ে ভালো হবে?	Which do you think would be best?
আমার থেকে তোমার অবস্থা অনেক ভালো।	You're in better shape than I am.
আপনি কি এটা আজ কিনেছেন না গতকাল?	Did you buy it today or yesterday?
সে পার্টিতে না যাওয়াই ঠিক করলো।	He decided not to go to the party.
আমি জাপান সম্বন্ধে কিছুই জানিনা।	I don't know anything about Japan.
আমি জানিনা আপনি কোথায় যেতে চান।	I don't know where you want to go.
আমি জানিনা তুমি কোথায় যেতে চাও।	I don't know where you want to go.
আমার টমের পরামর্শ মানা উচিৎ ছিল।	I should've followed Tom's advice.
আমি ট্রেনে বারো ঘন্টা কাটিয়েছি।	I spent twelve hours on the train.
ওখানে যাওয়ার আর কোন রাস্তা আছে?	Is there another way to get there?
আপনার কি মনে হয় আমি কি করছিলাম?	What do you think I've been doing?
তোমার কি মনে হয় আমি কি করছিলাম?	What do you think I've been doing?
বস্টন যাওয়ার পরের ফ্লাইটটা কখন?	When is the next flight to Boston?
আপনার এখন ওটা করা বন্ধ করতে হবে।	You've got to stop doing that now.
আমরা যা করছি তা কাউকে বলবেন না।	Don't tell anyone what we're doing.
পুলিশ টমকে মেরিকে দেখতে দেয়নি।	The police didn't let Tom see Mary.
তারা নতুন সরকার নির্বাচন করেছে।	They have elected a new government.
ওয়েটার, আমার জন্য একটু জল এনো।	Waiter, please bring me some water.
উনি সন্ধ্যেবেলা বই পড়ে কাটান।	He spent the evening reading a book.
সে সন্ধ্যেবেলা বই পরে কাটা্য়।	He spent the evening reading a book.
তিনি সন্ধ্যেবেলা বই পরে কাটান।	He spent the evening reading a book.
আমার বাঁ কাঁধে একটা উল্কি আছে।	I have a tattoo on my left shoulder.
ও ফল ছাড়া অন্য কিছু খায় না।	He doesn't eat anything except fruit.
আমি সারা সকাল ধরে এটি খুঁজছি।	I've been looking for it all morning.
আমাকে কতবার ক্ষমা চাইতে হবে?	How many times do I have to apologize?
ডাচ পতাকা লাল, সাদা এবং নীল।	The Dutch flag is red, white and blue.
ওখানের ঐ সুন্দরী মেয়েটা কে?	Who is that beautiful girl over there?
ছবির বাজেট ছিল খুবই সীমিত।	The budget of the film was very limited.
টম বিখ্যাত হতে আগ্রহী নয়।	Tom isn't interested in becoming famous.
তুমি বড়ো হয়ে কী হতে চাও?	What do you want to be when you grow up?
এই শহরে কয়টি গীর্জা আছে?	How many churches are there in this city?
টম তিনদিন হাসপাতালে ছিল।	Tom stayed in the hospital for three days.
আমি আরও কিছু সময় থাকব।	I'm going to stay just a little bit longer.
আমার মনে হয় আমি আমার চাবিটা হারিয়ে ফেলেছি।	I think I lost my keys.
আপনি কি দয়া করে আমাকে সাহায্য করতে পারবেন?	Can you help me, please?
তুমি কি টমকে চারপাশটা দেখিয়ে আনতে পারবে?	Could you show Tom around?
উনি কী করেন না করেন আমি তা কেয়ার করি না।	I don't care what he does.
আমার বাবা আমাকে পড়াশোনায় সাহায্য করতেন।	My father helped me study.
আমি আমার বাচ্চাকে বুকের দুধ পান করাচ্ছি।	I'm breast-feeding my baby.
তোমার দাঁতের ডাক্তারের কাছে যাওয়া উচিৎ।	You must go to the dentist.
আপনার দাঁতের ডাক্তারের কাছে যাওয়া উচিৎ।	You must go to the dentist.
আমি অস্ট্রেলিয়ায় গ্রেপ্তার হয়েছিলাম।	I got arrested in Australia.
আমার ইচ্ছা যে আপনি টমের সঙ্গে কথা বলেন।	I'd like you to talk to Tom.
আমি সত্যি সত্যিই টমের জন্য খুশি হয়েছি।	I'm genuinely happy for Tom.
আসুন এটি করার একটি উপায় খুঁজে বের করি।	Let's find a way to do that.
টম আর মেরি আমাদের সঙ্গে দেখা করতে চায়।	Tom and Mary want to see us.
সময়মতো পৌঁছানোর জন্য আমি দৌঁড়েছিলাম।	I ran in order to be on time.
আমি কি দেখতে পারি তোমার ব্যাগে কী আছে?	May I see what's in your bag?
আমি ওইগুলোর একটা কোথা থেকে কিনতে পারব?	Where can I buy one of those?
কাছাকাছির মধ্যে হাসপাতালটা কোথায় আছে?	Where's the nearest hospital?
আমি ভেবেছিলাম তুমি টমকে পছন্দ করো না।	I thought you didn't like Tom.
অনুগ্রহ করে আপনার পাসপোর্টটি দেখাবেন।	Show me your passport, please.
টম মেরিকে টেবিল সেট করতে সাহায্য করে।	Tom helped Mary set the table.
টম ফরাসিতে গালাগালি দেওয়া শুরু করলো।	Tom started cursing in French.
আপনার যেটা ইচ্ছে হয় সেটা খেতে পারেন।	You can eat anything you want.
ঘুমাতে যাওয়ার আগে ওটা শেষ করে ফেলো।	Finish it before you go to bed.
ঘুমাতে যাওয়ার আগে ওটা শেষ করে ফেল্।	Finish it before you go to bed.
আমার মা খুব ভাল পিয়ানো বাজাতে পারে।	My mother plays the piano well.
এক বন্ধু আমাকে এই বইটা ধার দিয়েছে।	A friend loaned this book to me.
আপনি এখনও আমাদের জন্য কাজ করছেন না?	Aren't you still working for us?
আমার মনে হয় টমের পক্ষে এটা অসম্ভব।	I think it's impossible for Tom.
আমি কখনই এটা আন্দাজ করতে পারতাম না।	I would never have guessed that.
আমি আপনার ড্রাইভিং লাইসেন্স দেখেছি।	I've seen your driver's license.
আমার হাত-ঘড়িটা ঠিকঠাক কাজ করছে না।	My watch isn't working properly.
আমার হাত-ঘড়িটা ঠিকমতো কাজ করছে না।	My watch isn't working properly.
ঐ ট্রেনটি স্টেশন ছেড়ে চলে গিয়েছে।	That train has left the station.
টম একটা ডাইরি রাখার কথা ঠিক করেছেন।	Tom has decided to keep a diary.
তুমি এমনিতে কটার সময় ঘুম থেকে ওঠো?	What time do you usually get up?
আমি একদম নিশ্চিত টম সেখানে ছিল না।	I'm pretty sure Tom wasn't there.
সাধারণ ভাবে সব কিছুই ঠিক্টহাক আছে।	In general, things are all right.
ছাত্রছাত্রীদের জন্য কোনো ছাড় আছে?	Is there a discount for students?
সে জিজ্ঞাসা করছে এটা কি করে সম্ভব।	She's asking how that's possible.
টম তার রাইফেল বাঘের দিকে তাক করলো।	Tom aimed his rifle at the tiger.
তুমি এত তাড়াতাড়ি এখানে এসেছ কেন?	What made you come here so early?
তোমাকে দেওয়ার মতো কিছু আমার নেই।	I don't have anything to give you.
আমার মনে হয় না কালকে বৃষ্টি হবে।	I don't think it'll rain tomorrow.
পুলিশ আমাদের পেছনে যেতে আদেশ দিল।	The police warned us to keep back.
আমি তোর পাশে বসলে কিছু মনে করবি?	Do you mind my sitting next to you?
আমি তখন তরুণ এবং সাদাসিধা ছিলাম।	I was young and naive at that time.
হাইড্রোজেনের পারমাণবিক সংখ্যা ১।	The atomic number of hydrogen is 1.
টম তার বিবাহ বার্ষিকী ভুলে গেছে।	Tom forgot his wedding anniversary.
আপনি এমনিতে লাঞ্চ কটার সময় খান?	What time do you usually eat lunch?
আপনার প্রিয় মার্কিন অভিনেতা কে?	Who's your favorite American actor?
তুমি ওটা আমাকে আগে বল্লে না কেন?	Why didn't you tell me that before?
আমি চাই না তুমি আমাকে ভুলে যাও।	I don't want you to forget about me.
আমার মনে হয় টম মেরির বড়ো ভাই।	I think Tom is Mary's older brother.
টম অস্ট্রেলিয়া যাচ্ছে, তাই না?	Tom is going to Australia, isn't he?
ডেনমার্কের রাজধানী কোপেনহেগেন।	Copenhagen is the capital of Denmark.
সে ফল ছাড়া অন্য কিছু খায় না।	He doesn't eat anything except fruit.
উনি ফল ছাড়া অন্য কিছু খান না।	He doesn't eat anything except fruit.
ট্রেন দুর্ঘটনায় তিনি নিহত হন।	He was killed in a railroad accident.
আগামীকাল আমি সিনেমা দেখতে যাব।	I'm not going to the movies tomorrow.
ক্লাবটির সদস্য পঞ্চাশেরও বেশি।	The club has more than fifty members.
প্রথম ট্রেনটা কটার সময় ছাড়ে?	What time does the first train leave?
কেমন আছো? যাত্রা ভালো ছিল তো?	How are you? Did you have a good trip?
এই বইটা ফরাসিতেও পাওয়া যায়।	This book is also available in French.
UA 111 তে ওঠার দরজাটা কোথায়?	Where is the boarding gate for UA 111?
তিনি কেমন মানুষ আমি জানি না।	I don't know what kind of person he is.
এই খুনে আর কেউ জড়িত ছিল না।	Nobody else was involved in the murder.
কমলা ভিটামিন সি-এর ভালো উৎস।	Oranges are a good source of vitamin C.
এমন ঘটনা শুধু সিনেমাতেই ঘটে।	Things like that only happen in movies.
তুমি বস্টনে কত বছর ধরে আছো?	How long have you been living in Boston?
আমি এটা আর হতে দেবো না।	I'm not going to allow this to happen again.
আপনি কি টমকে চারপাশটা দেখিয়ে আনতে পারবেন?	Could you show Tom around?
আপনি কি কোনো ভালো দাঁতের ডাক্তারকে চেনেন?	Do you know a good dentist?
তুমি কি কোনো ভালো দাঁতের ডাক্তারকে চে্নো?	Do you know a good dentist?
আজ আমি টমের কাছ থেকে একটি কল পেয়েছিলাম।	I got a call from Tom today.
আমি সবার প্রথমে টমের সঙ্গে কথা বলতে চাই।	I want to talk to Tom first.
আমরা আপনাকে গ্রেপ্তার করতে এখানে আসিনি।	We're not here to arrest you.
আমি কোথা থেকে আমার মালপত্রটা নিতে পারব?	Where can I claim my luggage?
ডাক্তারগণ চিকিৎসা সরঞ্জাম ব্যবহার করে।	Doctors use medical equipment.
আমি ওই পত্রিকাটা কোথা থেকে কিনতে পারব?	Where can I buy that magazine?
আপনি কি আমার জন্যও একটি কিনতে পারবেন?	Can you buy one for me as well?
ঘুমাতে যাওয়ার আগে ওটা শেষ করে ফেলুন।	Finish it before you go to bed.
টমের কম্পিউটারে ভাইরাস আক্রমণ করেছে।	A virus infected Tom's computer.
আপনার কাছে কি জাপানী খবরের কাগজ আছে?	Do you have Japanese newspapers?
এটা যে কোনো ফাঁদ না তা কীভাবে বুঝছো?	How do you know it's not a trap?
আপনি কতদিন এটি করার পরিকল্পনা করছেন?	How long do you plan to do this?
আমি আপেলের চেয়ে কলা বেশি পছন্দ করি।	I like bananas more than apples.
আমি ফরাসি ভাষায় গান লিখতে ভালোবাসি।	I like to write songs in French.
বরফ অতিবেগুনী রশ্মিকে প্রতিফলিত করে।	Snow reflects ultraviolet light.
টম মেরিকে চুম্বন করতে বদ্ধপরিকর ছিল।	Tom was determined to kiss Mary.
আপনি এমনিতে কটার সময় ঘুম থেকে ওঠেন?	What time do you usually get up?
আমি আপনার প্রশ্নটা বুঝতে পারলাম না।	I don't understand your question.
আমি তোমার প্রশ্নটা বুঝতে পারলাম না।	I don't understand your question.
আমি ভুল করে টমের ছাতা নিয়ে ফেলেছি।	I took Tom's umbrella by mistake.
তুমি না আসা পর্যন্ত আমি এখানে থাকব।	I'll stay here till you get back.
আমার শখ পুরানো মন্দির পরিদর্শন করা।	My hobby is visiting old temples.
টমের মতো লোকেরা সব সময় মিথ্যা বলে।	People like Tom lie all the time.
"আর কিছু লাগবে?" "না, আর কিছু না।"	"Anything else?" "No, that's all."
আপনার কি মনে হয় টম এখন খেতে চায়?	Do you think Tom wants to eat now?
কম লোকই ওনার মন্তব্য বুঝতে পারলেন।	Few people understood his comment.
উনি পার্টিতে না যাওয়াই ঠিক করলেন।	He decided not to go to the party.
সে এমনভাবে কথা বলে যেন সে সব জানে।	He talks as if he knew everything.
আমি জাপানের ব্যাপারে কিছুই জানিনা।	I don't know anything about Japan.
আমি একা কেনাকাটা করতে যেতে চাই না।	I don't want to go shopping alone.
আমি এখন এটা নিয়ে কথা বলতে চাই না।	I don't want to talk about it now.
মনে হয় আজকাল সব সময় ব্যস্ত থাকি।	I seem to always be busy nowadays.
আমি আমার সংরক্ষণটি বাতিল করতে চাই।	I'd like to change my reservation.
আমি কোনদিন কাউকে এই ব্যপারে বলিনি।	I've never told anyone about this.
মেরি আগামীকাল আমাদের সাহায্য করবে।	Mary is going to help us tomorrow.
তালিকাটি থেকে আমার নামটা বাদ গেছে।	My name was omitted from the list.
অনুগ্রহ করে কয়েক মিনিট চুপ থাকুন।	Please be quiet for a few minutes.
টমের সেই মুভিটি মোটেও পছন্দ হয়নি।	Tom didn't like that movie at all.
আপনার সত্যিই আগে ফোন করা উচিত ছিল।	You really should've phoned ahead.
তোমার সত্যিই আগে ফোন করা উচিত ছিল।	You really should've phoned ahead.
ও যা বলছে তুমি কি তা বুঝতে পারছো?	Do you understand what he's saying?
তিনি আগুনে পুড়ে মারা গিয়েছিলেন।	He was burned to death in the fire.
আমি ভাবছিলাম তুই এসে উপস্থিত হবি।	I've been hoping you would drop in.
আমি কি তোমার জন্য কিছু করতে পারি?	Is there anything I can do for you?
প্রায় সব জাপানি লোকের চুলই কালো।	Nearly all Japanese have dark hair.
চেষ্টা ছাড়া কিছুই অর্জিত হয় না।	Nothing is achieved without effort.
উনি আমার সঙ্গে হাসপাতালে গেছিলেন।	She accompanied me to the hospital.
ইউরেনিয়ামের পারমাণবিক সংখ্যা ৯২।	The atomic number of uranium is 92.
আমেরিকাতে কোন ভাষায় কথা বলা হয়?	What language is spoken in America?
আপনি এমনিতে লাঞ্চ কটার সময় করেন?	What time do you usually eat lunch?
তুমি এমনিতে কটার সময় ঘুমাতে যাও?	What time do you usually go to bed?
আপনি কি দামটা একটু কমাতে পারবেন?	Could you reduce the price a little?
লম্বা চুলের মেয়েটির দিকে তাকান।	Look at the girl with the long hair.
আপনি আগামী বছর কোথায় কাজ করবেন?	Where will you be working next year?
তিনি ফল ছাড়া অন্য কিছু খান না।	He doesn't eat anything except fruit.
টম প্রায় প্রত্যেক দিন কেঁদেছে।	Tom has been crying almost every day.
এয়ারপোর্টের বাসটা কটায় ছাড়ে?	What time does the airport bus leave?
কেমন আছেন? যাত্রা ভালো ছিল তো?	How are you? Did you have a good trip?
আমি জানি না এবং জানতেও চাই না।	I don't know and I don't want to know.
পিং পংকে টেবিল টেনিসও বলা হয়।	Ping pong is also called table tennis.
আপনি কি অন্য সিনেমা দেখতে চান?	Would you like to watch another movie?
আমরা এই বিষয়ে কথা বলব কি না?	Are we going to talk about this or not?
আমি সত্যিই কী ঘটছে জানতাম না।	I didn't know what was really going on.
আমি ভাবছি টম সেটা চায় কি না।	I wonder whether Tom wants that or not.
বলা এক জিনিস, করা অন্য জিনিস।	Talking is one thing, doing is another.
টম সাধারণত সংবাদপত্র পড়ে না।	Tom doesn't usually read the newspaper.
আপনি বস্টনে কত বছর ধরে আছেন?	How long have you been living in Boston?
নীল নদ আফ্রিকার বৃহত্তম নদী।	The Nile is the largest river in Africa.
আমি গতকাল থেকে কিছুই খাইনি।	I haven't eaten anything since yesterday.
আমি ভবিষ্যতে পাইলট হতে চাই।	I would like to be a pilot in the future.
কাল তুমি এই সময় কি করবে?	What'll you be doing at this time tomorrow?
নিজে নিজে এটা করা কঠিন।	It would be difficult to do that by yourself.
আমি কাঁটা-চামচ ভালোভাবে ব্যবহার করতে পারি না।	I can't use a fork well.
তিনি ধূমপান ছেড়ে দেওয়ার সিদ্ধান্ত নিলেন।	He decided to quit smoking.
উনি কী করেন না করেন আমরা তা কেয়ার করি না।	We don't care what he does.
আমি কি আমার মালপত্র এখানে রেখে যেতে পারি?	Can I leave my luggage here?
টমকে দেখে খুশি আর উদ্দীপিত বলে মনে হচ্চে।	Tom seems happy and excited.
এবার আর আপনি আমায় বোকা বানাতে পারবেন না।	You can't fool me this time.
আমি জানতাম যে তোমাকে বরখাস্ত করা হবে না।	I knew you wouldn't be fired.
আমার ওই বইটা আকর্ষণীয় বলে মনে হয়েছিল।	I found that book interesting.
আমার এই বইটা আকর্ষণীয় বলে মনে হয়েছিল।	I found this book interesting.
আমি আশা করছি আপনি সাহায্য করতে চাচ্ছেন।	I hope you're willing to help.
রোবটটি নিয়ন্ত্রণের বাইরে চলে গিয়েছিল।	The robot went out of control.
টম তাঁর মুখ উঁচু রাখার চেষ্টা করেছিলেন।	Tom tried to keep his chin up.
টম ওনার মুখ উঁচু রাখার চেষ্টা করেছিলেন।	Tom tried to keep his chin up.
যে কেউ এই অভিধানটি ব্যবহার করতে পারেন।	Anyone may use this dictionary.
আমায় ক্ষমা কোর, কিন্তু এটা সম্ভব নয়।	I'm sorry, but it's impossible.
জাপান বৈদেশিক বাণিজ্যের উপর নির্ভরশীল।	Japan depends on foreign trade.
শুধু টম সত্য কথা বলার সাহস দেখিয়েছিল।	Only Tom dared speak the truth.
উনি আসা পর্যন্ত দয়া করে অপেক্ষা করুন।	Please wait till he comes back.
তুমি বলতে পারো যে তুমি আমাকে ভালোবাসো।	You could say that you love me.
তোমার এখন কিছু করার চিন্তা ভাবনা আছে?	Do you have any plans right now?
আপনার এখন কিছু করার চিন্তা ভাবনা আছে?	Do you have any plans right now?
আমার আগে টমের সঙ্গে কথা বলা উচিৎ ছিল।	I should've talked to Tom first.
আমি কয়েকদিনের জন্য শহর ছেড়ে যাচ্ছি।	I'm leaving town for a few days.
অনুগ্রহ করে আমার উচ্চারণটা শুধরে দিন।	Please correct my pronunciation.
একসময় তারা একে অপরকে সাহায্য করেছিল।	They had once helped each other.
এই বইগুলোর কোনোটিই আমার পছন্দ হয়নি।	I didn't like any of these books.
আমার একটী শীততাপ নিয়ন্ত্রিত ঘর চাই।	I'd like an air-conditioned room.
কেউ যেন আঘাত না পায় তা নিশ্চিত করি।	Let's make sure no one gets hurt.
মানুষ আমাদের লক্ষ্য করতে শুরু করেছে।	People are starting to notice us.
উনি জিজ্ঞাসা করছেন এটা কি করে সম্ভব।	She's asking how that's possible.
ইনি জিজ্ঞাসা করছেন এটা কি করে সম্ভব।	She's asking how that's possible.
আমাদের কয়েক মিনিট অপেক্ষা করতে হবে।	We'll have to wait a few minutes.
টম অস্ট্রেলিয়ায় কোথায় গিয়েছিলেন?	Where did Tom go to in Australia?
গতকাল আমি আমার চায়ে মধু দিয়েছিলাম।	Yesterday, I put honey in my tea.
আমি যা বলছি তুমি কি তা বুঝতে পারছো?	Do you understand what I'm saying?
তিনি পার্টিতে না যাওয়াই ঠিক করলেন।	He decided not to go to the party.
তিনি তার বিবাহ বার্ষিকী ভুলে গেছেন।	He forgot his wedding anniversary.
আমি আজকে কেনাকাটা করতে যেতে চাই না।	I don't want to go shopping today.
আমার মা জানে কিভাবে কেক বানাতে হয়।	My mother knows how to make cakes.
তোমার বন্ধুত্ব আমার কাছে অনেক কিছু।	Your friendship means a lot to me.
"এখন কয়টা বাজে?" "এখন ৩:৩০ বাজে।"	"What time is it now?" "It's 3:30."
আপনার কি মাথাব্যথার জন্য কিছু আছে?	Do you have anything for headaches?
আমি তোমার পাশে বসলে কিছু মনে করবে?	Do you mind my sitting next to you?
ও যা বলছে আপনি কি তা বুঝতে পারছেন?	Do you understand what he's saying?
মানুষ অতিবেগুনী আলো দেখতে পারে না।	Humans can't see ultraviolet light.
আমি ভাবছি টম কেন অস্ট্রেলিয়া গেল।	I wonder why Tom went to Australia.
আমি ভাবছিলাম তুমি এসে উপস্থিত হবে।	I've been hoping you would drop in.
তিনি আমার সঙ্গে হাসপাতালে গেছিলেন।	She accompanied me to the hospital.
আমি জানতাম না টম এত ক্লান্ত ছিলো।	I didn't know that Tom was so tired.
আমার মনে হয় না টম শ্বাস নিচ্ছিল।	I don't think that Tom is breathing.
শীঘ্রই এই উপন্যাসটি পড়া শেষ করব।	I'll finish reading this novel soon.
আমি যে গ্রামে থাকি সেটা খুব ছোটো।	The village I live in is very small.
শব্দের জন্য আমরা ঘুমাতে পারছি না।	We can't sleep because of the noise.
কোন ধরণের কাপড় আপনি অপছন্দ করেন?	What kind of clothes do you dislike?
ভাষা হোলো যোগাযোগের একটা মাধ্যম।	Language is a means of communication.
ফ্রিজে আর কিছুই অবশিষ্ট রইলো না।	Nothing remained in the refrigerator.
আতঙ্কবাদীরা বন্দিদের ছেড়ে দিলো।	The terrorists released the hostages.
টম গত অক্টোবর বস্টনে ফিরে এসেছে।	Tom came back to Boston last October.
এই বাক্যটি ইংরাজিতে অনুবাদ করুন।	Translate this sentence into English.
আপনার পুরাতন কাপড় আপনি কী করেন?	What do you do with your old clothes?
আপনি এর থেকে পার পেয়ে যাবেন না।	You're not going to get away with it.
১৯৭১ সালে বাংলাদেশ স্বাধীন হয়।	Bangladesh became independent in 1971.
আমি তোমার সব কথা বিশ্বাস করতাম।	I used to believe everything you said.
আমি সর্বদা রোবোটে আগ্রহী ছিলাম।	I've always been interested in robots.
আমি তৃষ্ণার্ত বলে পানি খাচ্ছি।	I'm drinking water because I'm thirsty.
দুর্ঘটনাটা গতকাল সকালে ঘটেছে।	The accident occurred yesterday morning.
আমার কিছু করার থাকলে জানিও।	Let me know if there is anything I can do.
তিন দিন পরে টমের ফাঁসি হবে।	Tom is going to be executed in three days.
আপনার কাজ করার কথা, তাই না?	You're supposed to be working, aren't you?
কাল আপনি এই সময় কি করবেন?	What'll you be doing at this time tomorrow?
স্টেশনে যেতে কতক্ষণ লাগে?	How long does it take to get to the station?
আমি প্রমাণ করে দিতে পারি যে টম মিথ্যা বলেছে।	I can prove that Tom lied.
তিনি গুরুত্বপূর্ণ একটি ভূমিকা পালন করেছেন।	He played an important part.
আমি টমকে জিজ্ঞাসা করলাম যে সে কোথায় ছিলো।	I asked Tom where he'd been.
আমি আপনার ঠিকানাটি টমের কাছে থেকে পেয়েছি।	I got your address from Tom.
আমি শপথ করে বলছি আমি কখনই টমকে আঘাত করিনি।	I swear I've never hurt Tom.
আপনি কি অনুগ্রহ করে আর একবার বলতে পারবেন?	Could you please repeat that?
আমি টমের সঙ্গে খালি ফরাসি ভাষায় কথা বলি।	I only speak French with Tom.
এখানে কাছাকাছির মধ্যে কোনো হাসপাতাল আছে?	Is there a hospital near here?
মানচিত্র আমাদের ভূগোল পাঠে সহায়তা করে।	A map helps us study geography.
আমি শুধু তোমাকে রক্ষা করার চেষ্টা করছি।	I'm only trying to protect you.
আপনি কি আবার এটি করার পরিকল্পনা করছেন?	Do you plan on doing that again?
আমার কাছে টোকিওর একটা ফিরতি টিকিট আছে।	I have a return ticket to Tokyo.
আমি খালি আমার ইমেলটা দেখতে চেয়েছিলাম।	I just wanted to check my email.
তোমার শিক্ষকের সাথে এটা নিয়ে কথা বলো।	Talk to your teacher about that.
চিড়িয়াখানা থেকে একটি বাঘ পালিয়েছে।	A tiger has escaped from the zoo.
এটাকে কি অন্য ভাষায় প্রকাশ করা যায়?	Can it be phrased in another way?
লিঙ্কনকে ১৮৬৫ সালে হত্যা করা হয়েছিল।	Lincoln was assassinated in 1865.
তিনি জিজ্ঞাসা করছেন এটা কি করে সম্ভব।	She's asking how that's possible.
টম জানে এখানে সবাই সাঁতার কাটতে পারে।	Tom knows everyone here can swim.
টম মেরির থেকে দূর থাকার চেষ্টা করছিল।	Tom tried to keep away from Mary.
অ্যাক্টিনিয়াম একটি তেজস্ক্রিয় মৌল।	Actinium is a radioactive element.
আমি যা বলছি আপনি কি তা বুঝতে পারছেন?	Do you understand what I'm saying?
ফ্রান্স ইংল্যান্ডের দক্ষিণে অবস্থিত।	France is to the south of England.
তিনি বেসবলকে খুব একটা পাত্তা দেন না।	He doesn't care much for baseball.
আমি সত্যিই আপনার উদারতার তারিফ করছি।	I really appreciate your kindness.
আমি এতই ক্লান্ত যে আর হাটতে পারব না।	I'm too tired to walk any further.
মাঝে মাঝে আমার মনে হয় টম একটা রোবট।	Sometimes, I think Tom is a robot.
এই ওষুধটি আপনার ঠান্ডা নিরাময় করবে।	This medicine will cure your cold.
তোমার যেটা ইচ্ছা সেটা বেছে নিতে পার।	You may choose whichever you want.
আপনার টুপি এখানে কাছাকাছি কোথাও আছে।	Your hat is somewhere around here.
আমি আপনার পাশে বসলে কিছু মনে করবেন?	Do you mind my sitting next to you?
আমি তোমাকে এখানে একা ছেড়ে যাবো না।	I won't leave you here by yourself.
আমি ভাবছিলাম আপনি এসে উপস্থিত হবেন।	I've been hoping you would drop in.
ও ওর রুমালটা পরিপাটি করে ভাঁজ করলো।	She folded her handkerchief neatly.
দুর্ভাগ্যবশত গতকাল বৃষ্টি হয়েছিলো।	Unfortunately, it rained yesterday.
আমরা তার যুক্তি অনুসরণ করতে পারিনি।	We were unable to follow his logic.
আমরা এখানে আজ রাতের জন্য থাকতে চাই।	We would like to stay here tonight.
সিন্ডারেলার দুজন দুষ্ট সৎ বোন ছিল।	Cinderella had two evil stepsisters.
এই ঘরে শীততাপ নিয়ন্ত্রন করা যায়?	Does the room have air conditioning?
আমি জানতে চাই কে আমাদের সাথে আসছে।	I want to know who's coming with us.
আপনার হয়তো হাসপাতালে যাওয়া উচিত।	Maybe you should go to the hospital.
গাড়ি তৈরিতে রোবট ব্যবহার করা হয়।	Robots are used to manufacture cars.
টম গীটারটা সত্যিই খুব ভালো বাজায়।	Tom certainly plays the guitar well.
টম কোথায় যাচ্ছে বলে বলেছে তোমায়?	Where did Tom tell you he was going?
আমি এই চিঠিটার উত্তর দিতে চাই না।	I do not want to reply to his letter.
আমি মনে করি না যে টম আক্রমণাত্মক।	I don't think that Tom is aggressive.
আমাকে এটা বলো যে টম কেন এমন করছে।	I want to know why Tom is doing this.
আমি জানতে চাই আপনি কেন এটা করছেন।	I want to know why you're doing this.
আমি দুদিনে অস্ট্রেলিয়া ফিরে যাব।	I'll return to Australia in two days.
তুমি কি বলছো আমি বুঝতে পারছি না।	I don't understand what you're saying.
খুনিকে এখনো গ্রেপ্তার করা হয়নি।	The murderer hasn't been arrested yet.
নাই মামার চেয়ে কানা মামা ভালো।	Better a small fish than an empty dish.
বলা আর করার মধ্যে পার্থক্য আছে।	Talking is one thing, doing is another.
তারা কাজ না করলে বেতন পায় না।	If they don't work, they don't get paid.
আমি জীবনে কখনো সিগারেট খাইনি।	I've never smoked a cigarette in my life.
খুনের সময় আপনি কোথায় ছিলেন?	Where were you at the time of the murder?
"এখন কটা বাজে?" "দশটা বাজে।"	"What time is it now?" "It's ten o'clock."
গত সপ্তাহের শেষের দিকে ও অসুস্থ হয়ে পরেছিলো।	She got sick this weekend.
টম আমাকে যা বলেছিল আমি তা বিশ্বাস করেছিলাম।	I believed what Tom told me.
আমার টমের সঙ্গে কথা বলার কোনো প্রয়োজন নেই।	I don't need to talk to Tom.
আমি ভেবেছিলাম আমি তোমাকে বিশ্বাস করতে পারি।	I thought I could trust you.
আমি যা বলতে চাইছি তুমি কি তা বুঝতে পারছো?	Do you understand what I mean?
আমি আপনাকে কিছু জিজ্ঞাসা করতে চেয়েছিলাম।	I wanted to ask you something.
আমি যা ভেবেছিলাম তার থেকে অনেক সস্তা ছিল।	It was cheaper than I thought.
আমি কি আজ রাতে আপনার গাড়ি ধার নিতে পারি?	May I borrow your car tonight?
অ্যান্টিবায়োটিক ভাইরাসকে মারতে পারে না।	Antibiotics can't kill viruses.
এটা কি একটু গিফট-র‍্যাপ করে দিতে পারবেন?	Can you gift-wrap this, please?
আমায় ক্ষমা করবেন, কিন্তু এটা সম্ভব নয়।	I'm sorry, but it's impossible.
এটা আগামীকাল অবধি অপেক্ষা করতে পারবে না।	This can't wait until tomorrow.
আমার তোমায় এটা জিজ্ঞেস করা উচিত হয়নি।	I shouldn't have asked you that.
মনে হচ্ছে আমি আমার চাবি হারিয়ে ফেলেছি।	It seems that I've lost my keys.
টম মেরিকে বলেছিল যে তাকে এটি করতেই হবে।	Tom told Mary he had to do that.
গলফ কীভাবে খেলতে হয় তা তিনি জানেন না।	He doesn't know how to play golf.
উনি আমাকে বলেছিলেন যে উনি ভেনিস যাবেন।	He told me he would go to Venice.
আমি আমার নাম পাল্টে টম জ্যাকসন রেখেছি।	I changed my name to Tom Jackson.
সেটা আমার জীবনের সব থেকে ভালো দিন ছিল।	That was the best day of my life.
টমকে নির্মমভাবে পিটিয়ে হত্যা করা হয়।	Tom was brutally beaten to death.
এটা করতে হলে তোমাকে শক্তিশালী হতে হবে।	You need to be strong to do that.
এটা সম্পর্কে আপনার কি কোনো ধারনা আছে?	Do you have any idea what that is?
আমার মনে হয় আপনি আমার সীটে বসে আছেন।	I think you're sitting in my seat.
তিনি তার বাচ্চাকে বুকে জড়িয়ে ধরলেন।	She hugged the baby to her breast.
"এই রিপোর্ট কে লিখেছে?" "টম লিখেছে।"	"Who wrote this report?" "Tom did."
উনি যা বলছেন তুমি কি তা বুঝতে পারছো?	Do you understand what he's saying?
টমের আরেকটি সম্ভাবনার কথা মনে পড়ল।	Another possibility occurred to Tom.
আপনি কি যথাসময়ে সেখানে পৌঁছেছিলেন?	Did you manage to get there on time?
তুমি কি সত্যিই আমার সাথে নাচতে চাও?	Do you really want to dance with me?
উনি ভাঙ্গা টুকরোগুলো জোড়া লাগালেন।	He stuck the broken pieces together.
আমি নিউ ইয়র্কে একটা হোটেলে রয়েছি।	I am staying at a hotel in New York.
নুডলস সাধারণত ময়দা দিয়ে তৈরি হয়।	Noodles are usually made from wheat.
সম্প্রতি টমকে খুব ব্যস্ত মনে হচ্ছে।	Recently, Tom seems to be very busy.
ভালোবাসার মতো মূল্যবান আর কিছু নেই।	There's nothing as precious as love.
আওয়াজের জন্য আমরা ঘুমাতে পারছি না।	We can't sleep because of the noise.
তুমি টমকে এটা করতে বলেছিলে, তাই না?	You told Tom to do this, didn't you?
আমি বাসে করে হাসপাতালে কিভাবে যাব?	How can I get to the hospital by bus?
আমি জানতাম টম অস্ট্রেলিয়ায় থাকত।	I knew Tom used to live in Australia.
ইসলামাবাদ হলো পাকিস্তানের রাজধানী।	Islamabad is the capital of Pakistan.
জুরিখ সুইজারল্যান্ডের বৃহত্তম শহর।	Zurich is Switzerland's largest city.
আপনি কি বলছেন আমি বুঝতে পারছি না।	I don't understand what you're saying.
ওনার হাতের লেখা দেখতে খুব সুন্দর।	She has very nice-looking handwriting.
আমি যতদূর জানি, টম এখনও বিবাহিত।	As far as I know, Tom is still married.
বস্টন যাওয়ার জন্য কত খরচা পরবে?	How much does it cost to get to Boston?
আমি ভেবেছিলাম এটা জটিল হতে পারে।	I thought that it might be complicated.
হাসবো না কাঁদবো বুঝতে পারছি না।	I don't know whether to cry or to laugh.
বৃষ্টি হলে আমরা অন্য কিছু করব।	We'll just do something else if it rains.
আমি সেই একই ভুল বহুবার করেছি।	I've made that same mistake several times.
আমার কিছু করার থাকলে জানাবেন।	Let me know if there is anything I can do.
এটা আর হওয়ার কোনো সুযোগ নেই।	There's no chance of this happening again.
আমি যা খুঁজছি তা এখনও পাইনি।	I still haven't found what I'm looking for.
ভালবাসা ছাড়া জীবন অর্থহীন।	Life without love is just totally pointless.
টমের সত্য বলার সাহস ছিল না।	Tom didn't have the nerve to tell the truth.
দ্বিতীয় বিশ্বযুদ্ধ ১৯৪৫ সালে সমাপ্ত হয়েছিল।	World War II ended in 1945.
আমি টমকে জিজ্ঞাসা করলাম যে সে কোথায় গেছিলো।	I asked Tom where he'd gone.
আমি যা বলতে চাইছি আপনি কি তা বুঝতে পারছেন?	Do you understand what I mean?
আমার প্রয়োজনীয় জিনিস আমি আগামীকাল কিনবো।	Tomorrow I'll buy what I need.
আমাদের গত বছর অস্ট্রেলিয়ায় দেখা হয়েছিল।	We met last year in Australia.
আমার মনে হয় আমার তোমার সাথে যাওয়া উচিত।	I think I'd better go with you.
আমি আগামীকাল দাঁতের ডাক্তারের কাছে যাবো।	I'll go to the dentist tomorrow.
আমাকে হয় মুক্তি দাও না হয় মৃত্যু দাও।	Give me liberty or give me death.
সে তোমার জন্য দুই ঘণ্টা অপেক্ষা করেছিল।	She waited for you for two hours.
টম মেরির থেকে দূর থাকার চেষ্টা করছিলেন।	Tom tried to keep away from Mary.
সে তার বন্ধুর কাছ থেকে টাকা ধার করেছে।	He borrowed money from his friend.
কাল রাতে আমি একটা বীভৎস স্বপ্ন দেখেছি।	I had a horrible dream last night.
আমি প্রতিদিন ঐ গির্জার পাশে দিয়ে যাই।	I walk past that church every day.
আমি আমার আসন সংরক্ষণটি বাতিল করতে চাই।	I'd like to cancel my reservation.
আমি চার বা পাঁচ দিনের মধ্যে ফিরে আসবো।	I'll be back in four or five days.
আমরা এক ঘন্টার মধ্যে সেখানে পৌঁছে যাব।	We'll arrive there within an hour.
আপনার যেটা ইচ্ছা সেটা বেছে নিতে পারেন।	You may choose whichever you want.
উনি যা বলছেন আপনি কি তা বুঝতে পারছেন?	Do you understand what he's saying?
আগামী সোমবারে আমায় বোস্টনে যেতে হবে।	I need to be in Boston next Monday.
এখনকার দিনে কেউই ভুতে বিশ্বাস করে না।	Nowadays nobody believes in ghosts.
অনুগ্রহ করে টাকাটা ব্যাঙ্কে জমা করুন।	Please deposit the money in a bank.
টম গোয়েন্দা উপন্যাস পড়তে পছন্দ করে।	Tom likes reading detective novels.
আমার এখুনি তোমার সাথে কথা বলা দরকার।	I need to speak with you right away.
আমি নিশ্চিত নই যে আমি এটা ঠিক করেছি।	I'm not sure that I've got it right.
কৃষ্ণগহ্বরের চেয়ে অন্ধকার কিছু নেই।	Nothing is darker than a black hole.
টম প্রতিদিন একাই দুপুরের খাবার খায়।	Tom eats lunch by himself every day.
টম খুব মন দিয়ে শুনছে বলে মনে হচ্ছে।	Tom seems to be listening carefully.
তুমি ইংরাজি পড়া কবে থেকে শুরু করলে?	When did you begin studying English?
আমি মনে করি না যে আমি অবাধ্য ছিলাম।	I don't think that I was disobedient.
আমি পদার্থবিজ্ঞানে মোটেই আগ্রহী নই।	I'm not at all interested in physics.
আপনাকে আমার কত কিছু বলার ইচ্ছা আছে।	There's so much I want to say to you.
টম অস্ট্রেলিয়াতেও সময় কাটিয়েছেন।	Tom has also spent time in Australia.
রাস্তাটার শেষে ডানদিকে বেঁকে যাবেন।	Turn right at the end of that street.
আমরা যা শুরু করেছি তা শেষ করতে হবে।	We need to finish what we've started.
আমার এখন কিছুই খেতে ইচ্ছে করছে না।	I don't feel like eating anything now.
আমি আজ সেটা নিয়ে কথা বলতে চাই না।	I don't want to talk about that today.
এই বইটা শুধু ফরাসিতেই পাওয়া যায়।	This book is only available in French.
টম প্রতিদিন সকালে খবরের কাগজ পড়ে।	Tom reads the newspaper every morning.
টম বলল যে আমার এটা করার দরকার নেই।	Tom said that I don't need to do that.
তুমি আমাকে তোমার মায়ের কথা বলোনি।	You haven't told me about your mother.
"কোথায় যাচ্ছেন?" "সিনেমা দেখতে।"	"Where are you going?" "To the movies."
তুমি কত বছর বয়সে বিয়ে করতে চাও?	At what age do you want to get married?
আমি জানতাম না টম এত ভালো রাঁধুনি।	I didn't know Tom was such a good cook.
আমি কাল সকালে ঘরটা ছেরে দিতে চাই।	I'd like to check out tomorrow morning.
টমের এত টাকা খরচা করা উচিৎ হয়নি।	Tom shouldn't have spent so much money.
আমি দেরি করে বাড়ি আসায় দুঃখিত।	I'm very sorry that I came home so late.
আপনি খানিক কফি বা অন্য কিছু চান?	Would you like some coffee or something?
সবথেকে কাছের ডাকঘরে কিভাবে যাব?	How can I get to the nearest post office?
টম সম্ভবত সম্মেলনে যোগ দেবে না।	Tom probably won't attend the conference.
এই তিনটি দেশ একত্রিত হয়েছিল।	These three countries were united into one.
আমার মনে হয় টম খালি ফরাসি ভাষায় কথা বলে।	I think Tom only speaks French.
আমি যখন গিলতে যাই তখন আমার গলা ব্যাথা করে।	My throat hurts when I swallow.
তিনি আমাকে বলেছিলেন যে তিনি ভেনিস যাবেন।	He told me he would go to Venice.
আমি অস্ট্রেলিয়ায় তিন সপ্তাহ কাটিয়েছি।	I spent three weeks in Australia.
বেশিরভাগ জাপানীরাই প্রত্যেকদিন ভাত খায়।	Most Japanese eat rice every day.
আমরা আগামীকাল অস্ট্রেলিয়া ছেড়ে যাচ্ছে।	We're leaving Australia tomorrow.
আপনি কি ধীরে ধীরে আর একবার বলতে পারবেন?	Could you please repeat it slowly?
আমার আপনাদের দুজনের সাথে কথা বলা দরকার।	I need to talk to the both of you.
আমি নিশ্চিত টম এবং মেরি দুজনেই ঠিক আছে।	I'm sure both Tom and Mary are OK.
আপনি এই সম্পর্কে এত কিছু জানেন কিভাবে?	How do you know so much about this?
আমি প্যারিসে গিয়ে শিল্পকলা পড়তে চাই।	I wish to go to Paris to study art.
এটা কি সত্যিই আপনার কাছে গুরুত্বপূর্ণ?	Is it really that important to you?
সৈন্যরা বহু গ্রামবাসীকে হত্যা করেছিলো।	The soldiers killed many villagers.
সবাই বলে যে এই পুরানো বাড়িটা ভুতুড়ে।	They say this old house is haunted.
টম মেরির পেছনে পেছনে বাড়ির বাইরে গেল।	Tom followed Mary out of the house.
আপনি আমাদের বিবাহ বার্ষিকী ভুলে গেছেন।	You forgot our wedding anniversary.
প্রায় তিরিশজন গ্রামবাসী আহত হয়েছেন।	About thirty villagers were injured.
আমি জানি না কারণ আমি সেখানে ছিলাম না।	I don't know because I wasn't there.
আমার মা সতর্কতার সাথে দরজাটি খুলেছিল।	My mother carefully opened the door.
যত তাড়াতাড়ি পারেন এই বইটি ফেরত দিন।	Return this book as soon as you can.
পুলিশ চুরি যাওয়া গয়না উদ্ধার করেছে।	The police found the stolen jewelry.
আপনি ইংরাজি পড়া কবে থেকে শুরু করলেন?	When did you begin studying English?
ক্যানবেরা হলো অস্ট্রেলিয়ার রাজধানী।	Canberra is the capital of Australia.
আমি যে স্কুলে যা, সে ঐ স্কুলেই যায়।	He attends the same school that I do.
টমকে বলুন যে আমি এখনও মিটিংএ রয়েছি।	Tell Tom that I'm still in a meeting.
টম লম্বা, কিন্তু আমার মতো লম্বা নয়।	Tom is tall, but not as tall as I am.
টম অন্য কিছুতে আগ্রহী বলে মনে হচ্ছে।	Tom seems interested in nothing else.
টম আমাকে বললো যে সে বস্টন যেতে চায়।	Tom told me he wants to go to Boston.
টম কি ভৌতিক সিনেমা দেখতে পছন্দ করে?	Does Tom enjoy watching horror movies?
টম বস্টনের কাছে একটা ছোট শহরে থাকে।	Tom lives in a small town near Boston.
তুমি এখানে যতক্ষণ ইচ্ছে থাকতে পারো।	You can stay here as long as you like.
সাড়ে আটটার আগে ক্লাস শুরু হয় না।	Class doesn't begin until eight-thirty.
আমি কখন ফিরে আসবো ঠিক করে জানি না।	I don't know exactly when I'll be back.
আমি গ্রীষ্মের ছুটির অপেক্ষায় আছি।	I'm looking forward to summer vacation.
টম বলল যে মেরি একাই এটা করতে পারত।	Tom said Mary could've done that alone.
একই ভুল দুবার না করার চেষ্টা করুন।	Try not to make the same mistake twice.
তুমি কি আমাদের সাথে মাছ ধরতে যাবে?	Would you like to come fishing with us?
সে তার বড় ভাইয়ের মতো চালাক নয়।	He is not as smart as his older brother.
এতক্ষণে তার কাজ শেষ করা উচিত ছিল।	He should have finished his work by now.
আমার ভাই আমার থেকে দু' বছরের বড়।	My brother is two years older than I am.
টম চায়নি আমি অস্ট্রেলিয়ায় আসি।	Tom didn't want me to come to Australia.
টম এখানে মাসে তিন-চার বার আসে।	Tom comes here three or four times a month.
আমি কি তোমাকে কিছু প্রশ্ন জিজ্ঞাসা করতে পারি?	Can I ask you some questions?
আমি কি আপনাকে কিছু প্রশ্ন জিজ্ঞাসা করতে পারি?	Can I ask you some questions?
আমি যে ভাবে ব্যবহার করেছি তাতে আমি গর্বিত নই।	I'm not proud of how I acted.
আপনি ইতিমধ্যে কি রাতের খাবার খেয়ে নিয়েছেন?	Have you already eaten supper?
আপনি আমাকে কামড় দিলে আমিও আপনাকে কামড়াবো।	If you bite me, I'll bite back.
আমি জানি না আমার কাছে এখনো সেটা আছে কি না।	I don't know if I still have it.
আমি মনে করি আমি আপনাকে সাহায্য করতে পারব।	I think I'll be able to help you.
আমি নদীটা সাঁতরে পার হওয়ার চেষ্টা করলাম।	I tried to swim across the river.
বাচ্চাদের ঔষধের সংস্পর্শ থেকে দূরে রাখুন।	Keep children away from medicine.
টমের একটি রোবোটিক ভ্যাকুয়াম ক্লিনার আছে।	Tom has a robotic vacuum cleaner.
আমি এরমধ্যেই আমার জামাকাপর পালটে ফেলেছি।	I have already changed my clothes.
আমি এমন সব কাজ করেছি যাতে আমি গর্বিত নই।	I've done things I'm not proud of.
আপনি যদি চান, আপনি সহজেই এটি করতে পারেন।	If you want, you can easily do it.
টম ভাইরাস বিষয়ক প্রশ্ন জিজ্ঞাসা করেছিল।	Tom asked questions about viruses.
টম তার পরিবারের সাথে কেনাকাটা করতে গেছে।	Tom went shopping with his family.
ওই ধরনের একটা জামা কোথা থেকে কিনতে পারব?	Where can I buy a shirt like that?
আপনি কি নুডলস খেতে চান না ভাত খেতে চান?	Do you want to eat noodles or rice?
তুমি কি নুডলস খেতে চাও না ভাত খেতে চাও?	Do you want to eat noodles or rice?
আমি অনুমান করছি এটি কোনো সমস্যা হবে না।	I'm assuming it won't be a problem.
আমি আমার স্ত্রীএর জন্য একটা গিফট খুজছি।	I'm looking for a gift for my wife.
আমাদের শ্রেণীকক্ষে ৩০জন শিক্ষার্থী আছে।	There are 30 students in our class.
আপনার জন্য একটি এবং আমার জন্য একটি আছে।	There's one for you and one for me.
টম এক মিনিট ধরে তার নিশ্বাস আটকে রাখলো।	Tom held his breath for one minute.
টম সারাদিন কম্পিউটার ঠিক করে কাটিয়েছে।	Tom spent all day fixing computers.
টম সেখানকার সব মানুষের সাথে কথা বলেছেন।	Tom talked to all the people there.
আমরা প্রায় তিন বছর আগে এখানে এসেছিলাম।	We were here about three years ago.
আমরা এখানে এসেছি একটা খুনের তদন্ত করতে।	We're here to investigate a murder.
একজন শিক্ষকের জন্য ধৈর্য্য অত্যাবশ্যক।	Patience is essential for a teacher.
দয়া করে আমাকে দুই গ্লাস কমলার রস দিন।	Two glasses of orange juice, please.
আপনার সাথে অস্ট্রেলিয়ায় আর কে এসেছে?	Who else came to Australia with you?
আপনার কাছে এটা কি অন্য কোনো রঙের আছে?	Do you have this in any other colors?
আমি অফিসে থাকাকালীন আমাকে কল করবে না।	Don't call me when I'm at the office.
এই অষুধটা আমি আমার বাবার জন্য কিনেছি।	I bought this medicine for my father.
আমি মনে করি না আমাকে বরখাস্ত করা হবে।	I don't think I'm likely to be fired.
আমি মনে করি তোমার ওটা বলা উচিত হয়নি।	I think you shouldn't have said that.
আমি ওয়েটার হিসাবে তিন বছর কাজ করেছি।	I worked as a waiter for three years.
প্রথমবার অস্ট্রেলিয়ায় এসেছেন না কি?	Is this your first time in Australia?
তোমাকে আমার অনেক কিছু বলার ইচ্ছে আছে।	There's so much I want to say to you.
আমেরিকাতে কোন কোন ভাষায় কথা বলা হয়?	What languages are spoken in America?
সত্যি বলতে তাকে বিশ্বাস করা যায় না।	Frankly speaking, he is untrustworthy.
বৃষ্টি হলে বাসটা সাধারণত দেরিতে আসে।	The bus is usually late when it rains.
আপনি এখানে যতক্ষণ ইচ্ছে থাকতে পারেন।	You can stay here as long as you like.
সাধারণ স্বার্থ মানুষকে একত্রিত করে।	Common interests bring people together.
তিনি সারা জীবন ফ্রান্সে কাজ করেছেন।	He has worked in France his whole life.
আপনি কত টাকা খরচ করার আশা করেছিলেন?	How much money did you expect to spend?
আপনি কি আমাদের সাথে মাছ ধরতে যাবেন?	Would you like to come fishing with us?
তোমরা কি আমাদের সাথে মাছ ধরতে যাবে?	Would you like to come fishing with us?
এরপর যা ঘটল তা আপনি বিশ্বাস করবেন না।	You won’t believe what happened next.
এই এলাকা ভালো আপেলের জন্য বিখ্যাত।	This area is famous for its good apples.
টম তার কম্পিউটারে চলচ্চিত্র দেখছে।	Tom is watching a movie on his computer.
আগুনে ভবনটির ব্যাপক ক্ষতি হয়েছে।	The building was heavily damaged by fire.
সোনার দাম প্রতিদিন পরিবর্তিত হয়।	The price of gold varies from day to day.
টম আজ বিকেলে তিন ঘন্টা ঘুমিয়েছে।	Tom slept for three hours this afternoon.
দুর্ভাগ্যবশত, আমার কিছুই মনে নেই।	Unfortunately, I don't remember anything.
বস্টনের ট্রেনটা কটার সময় ছাড়ে?	What time does the train for Boston leave?
টম, তোমাকে আমাদের সাথে আসতে হবে।	You're going to have to come with us, Tom.
কুবলাই খান চেঙ্গিস খানের নাতি।	Kublai Khan is the grandson of Genghis Khan.
আপাতত আমি একটা হোটেলে রয়েছি।	I am staying at the hotel for the time being.
আমরা প্রাতঃরাশের জন্য প্যানকেক বানিয়েছিলাম।	We made pancakes for breakfast.
আপনাকে অতি অবশ্যই এই কাশির সিরাপটা খেতে হবে।	You must take this cough syrup.
তিনি কখনোই নিজের প্রতিশ্রুতি ভঙ্গ করবেন না।	He will never break his promise.
তোমার ওকে পরামর্শের জন্য জিজ্ঞাসা করা উচিৎ।	You ought to ask him for advice.
আপনার ওকে পরামর্শের জন্য জিজ্ঞাসা করা উচিৎ।	You ought to ask him for advice.
তিনি একটি মার্কিন কোম্পানির হয়ে কাজ করেন।	He works for an American company.
তিনি তার স্ত্রীকে উপহার দেন না বললেই চলে।	He seldom gives his wife presents.
টম তার কাঁধের ব্যাগ টেবিলের উপরে রেখেছিল।	Tom put his backpack on the table.
আমি এখান থেকে চিড়িয়াখানায় কিভাবে যাব?	How can I get to the zoo from here?
মানুষরা অতিবেগুনী রশ্মিকে দেখতে পায় না।	Humans can't see ultraviolet light.
আমি যদি এটা এখন না করি, তো কখনই করবো না।	If I don't do it now, I never will.
অনুগ্রহ করে টাকাটা ব্যাঙ্কে জমা করে দিন।	Please deposit the money in a bank.
উনি ওনার রুমালটা পরিপাটি করে ভাঁজ করলেন।	She folded her handkerchief neatly.
সবাই বলে যে এই পুরানো বাড়িটায় ভুত আছে।	They say this old house is haunted.
টম এমন জিনিস দেখতে পারে যা মেরি পারে না।	Tom can see things that Mary can't.
আপনি এমনিতে দুপুরের খাবার কটার সময় খান?	What time do you usually eat lunch?
নেকড়েরা সাধারণত মানুষদের আক্রমণ করে না।	Wolves won't usually attack people.
আমি টমকে বলেছিলাম যে আমি আর এটা করব না।	I told Tom I wouldn't do that again.
টম মিটিঙ্গের কথাটা প্রায় ভুলেই গেছিলো।	Tom almost forgot about the meeting.
টমকে খুব একটা খুশি দেখাচ্ছে না, তাই না?	Tom doesn't look too happy, does he?
আপনি কাস্টমার সারভিসে ফোন করছেন না কেন?	Why don't you call customer service?
আপনি কি আপনার উপন্যাস লেখা শেষ করেছেন?	Have you finished writing your novel?
আমার মনে হয় না আমরা যথেষ্ট সময় পাবো।	I don't think we'll have enough time.
আমি চাই না টম আমাকে ওই অবস্থায় দেখুক।	I don't want Tom to see me like that.
আমি চাই না টম আমাকে এই অবস্থায় দেখুক।	I don't want Tom to see me like this.
আমি তোমাকে বন্ধু হিসেবে হারাতে চাই না।	I don't want to lose you as a friend.
আমি জানি আমরা একে অপরকে এখনো ভালোবাসি।	I know that we still love each other.
খারাপ আবহাওয়া আমাদের যেতে বাধা দিলো।	Bad weather prevented us from leaving.
বাংলাদেশ ১৯৭১ সালে স্বাধীনতা লাভ করে।	Bangladesh became independent in 1971.
আমি তা না করলে চাকরিচ্যুত হতে পারতাম।	I could get fired if I didn't do that.
আমি আমার বাবা-মাকে আশাহত করতে চাই না।	I don't want to disappoint my parents.
ব্যাকটেরিয়ার চেয়ে ভাইরাস অনেক ছোট।	Viruses are much smaller than bacteria.
শেষবার আপনি কখন বিস্কুট খেয়েছিলেন?	When was the last time you ate a cookie?
দ্বিপটির অর্ধেক বসবাসের অনুপযুক্ত।	Half of the island remains uninhabitable.
আমি সাধারণত এই ধরনের মুভি দেখি না।	I don't usually watch this kind of movie.
টম আগামীকাল সকালে বস্টনে পৌছাবে।	Tom will arrive in Boston tomorrow morning.
এটিই সেই বই যেটি আমি পড়তে চাই।	This is the very book that I wanted to read.
টম এবং মেরির বিবাহ বার্ষিকী আজ।	Tom and Mary's wedding anniversary is today.
তিনি চোখ বন্ধ করে গান শুনতেন।	He listened to the music with his eyes closed.
টম, তুমি কি আমাদের জন্য একটু পানি দিতে পারবে?	Tom, can you get us some water?
আপনি কি আমাকে এই ঠিকানায় নিয়ে যেতে পারবেন?	Can you take me to this address?
আমরা বাঁচার জন্য খাই, খাওয়ার জন্য বাঁচি না।	We eat to live, not live to eat.
তোমার তাকে পরামর্শের জন্য জিজ্ঞাসা করা উচিৎ।	You ought to ask him for advice.
আপনার তাকে পরামর্শের জন্য জিজ্ঞাসা করা উচিৎ।	You ought to ask him for advice.
আমার সন্দেহ হচ্ছে যে টম অস্ট্রেলিয়ায় নেই।	I suspect Tom isn't in Australia.
আমাকে অনুগ্রহ করে আপনার ফোন নাম্বারটি বলুন।	Please tell me your phone number.
টম ভয় পাচ্ছে যে তাকে বরখাস্ত করা হতে পারে।	Tom is afraid he might get fired.
আপনি কি সত্যিই কি দুর্ঘটনাটি ঘটতে দেখেছেন?	Did you actually see the accident?
আমার পার্কে টম নামে একজনের সঙ্গে দেখা হলো।	I met a guy named Tom in the park.
আপনার নতুন কম্পিউটার কি ভালোভাবে কাজ করছে?	Is your new computer working well?
আমরা একটি সমুদ্র সৈকতে বিয়ে করার আশা করি।	We hope to get married on a beach.
সফল হওয়ার জন্য তিনি কঠোর পরিশ্রম করেছেন।	He worked hard in order to succeed.
আমি যুদ্ধটির বিষয়ে কথা বলা পছন্দ করি না।	I don't like talking about the war.
আমরা কেবল পরিস্থিতি উপেক্ষা করতে পারি না।	We can't just ignore the situation.
আমি জানি তুমি আমার সাথে কথা বলতে চাও না।	I know you don't want to talk to me.
রেফ্রিজারেটর খাবার সংরক্ষণে সাহায্য করে।	Refrigerators help to preserve food.
দর্শকদের মধ্যে বেশিরভাগই ব্যবসায়ী ছিলো।	The audience was mostly businessmen.
আপনার বলা একটি কথাও আমি বিশ্বাস করি না।	I don't believe a word you're saying.
সারাটা বিকেল লাইব্রেরিতে কাটিয়ে দিলাম।	I spent all afternoon in the library.
আমার সন্দেহ হয় টম মেরিকে পছন্দ করে না।	I suspect that Tom doesn't like Mary.
টম সাধারণত দশটা চল্লিশ নাগাদ শুতে যায়।	Tom usually goes to bed at ten-forty.
আমরা তা করতে পারি কিনা তা দেখতে যাচ্ছি।	We're going to see if we can do that.
আমি ওনাদের আর একটা টিকিট পাঠাতে বলেছি।	I told them to send me another ticket.
টম অস্ট্রেলিয়ায় থাকার সময় মারা যান।	Tom died during his stay in Australia.
মেরি অস্ট্রেলিয়ায় আছে তা টম জানে না।	Tom doesn't know Mary is in Australia.
আমাদের পারিবারিক ঐতিহ্য ধরে রাখতে হবে।	We must keep up the family traditions.
অস্ট্রেলিয়া প্রাকৃতিক সম্পদে সমৃদ্ধ।	Australia is rich in natural resources.
আমি অন্যদিন এক পাউন্ড মাংস কিনেছিলাম।	I bought a pound of meat the other day.
নেপোলিয়ন বোনাপার্টের জন্ম কর্সিকায়।	Napoleon Bonaparte was born in Corsica.
অনুগ্রহ করে আপনার পাসপোর্টটি দেখাবেন?	Will you show me your passport, please?
আপনারা কি আমাদের সাথে মাছ ধরতে যাবেন?	Would you like to come fishing with us?
ব্যাকটেরিয়া খালি চোখে দেখা যায় না।	Bacteria are invisible to the naked eye.
চীনের একটি মারাত্মক সমস্যা হলো দূষণ।	Pollution is a serious problem in China.
টম প্রত্যেকদিন ওয়াশিংটন পোষ্ট পরেন।	Tom reads the Washington Post every day.
ঘরের মধ্যে দিয়ে টম মেরির দিকে চাইল।	Tom stared at Mary from across the room.
এই লেখাটি খুব সহজেই অনুবাদ করা যাবে।	Translating this text will be very easy.
কথাটা শুনে সে খুব উত্তেজিত হয়ে গেল।	When she heard it, she got very excited.
আমার কাছে তোমাকে কিছু লুকাতে হবে না।	You don't have to hide anything from me.
আপনি কি বলছেন তারা কি বুঝতে পেরেছে?	Did they understand what you were saying?
আপনার আমার মধ্যে একটা পার্থক্য আছে।	That's the difference between you and me.
আজ আমার বাবা-মায়ের বিবাহ বার্ষিকী।	Today is my parents' wedding anniversary.
এই দুটো জিনিস সম্পূর্ণ অসম্পর্কিত।	These two things are completely unrelated.
টম কখোনই আমাদের সাথে পেরে উঠবে না।	Tom will never be able to keep up with us.
আমি ছোটবেলায় অস্ট্রেলিয়া যেতাম।	I used to go to Australia when I was a kid.
টম বারে দাঁড়িয়ে বিয়ার খাচ্ছিল।	Tom was standing at the bar, having a beer.
আমি জানতাম না টম এটা করতে সক্ষম।	I didn't know Tom was capable of doing that.
এটা পৃথিবীর তৃতীয় দীর্ঘতম নদী।	This is the third longest river in the world.
উনি কোন কাজই অসমাপ্ত রাখেন না।	She doesn't like to leave anything unfinished.
আপনার কোনটা পছন্দ, এটা না ওটা?	Which one do you prefer, this one or that one?
৯০ ডিগ্রি কোণকে এক সমকোণ বলে।	An angle of 90 degrees is called a right angle.
আপনি কি আমার বিরুদ্ধে প্রতারণার অভিযোগ করছেন?	Are you accusing me of cheating?
তিনি মহিলাটিকে গাড়িতে বসতে সাহায্য করেছিলেন।	He helped the lady into the car.
তোমার ওনাকে পরামর্শের জন্য জিজ্ঞাসা করা উচিৎ।	You ought to ask him for advice.
তোমার তাঁকে পরামর্শের জন্য জিজ্ঞাসা করা উচিৎ।	You ought to ask him for advice.
আপনার তাঁকে পরামর্শের জন্য জিজ্ঞাসা করা উচিৎ।	You ought to ask him for advice.
আপনার ওনাকে পরামর্শের জন্য জিজ্ঞাসা করা উচিৎ।	You ought to ask him for advice.
তিনি যুক্তরাষ্ট্রের নৌবাহিনীতে যোগ দিয়েছেন।	He joined the United States Navy.
সবকিছু ঠিকঠাক থাকলে আমি আপনার সাথে দেখা করব।	If all goes well, I'll visit you.
টম আমাকে সারা দুপুর অপেক্ষা করিয়ে রেখেছিল।	Tom kept me waiting all afternoon.
সেটা কেন ঘটেছে তা আমি আপনাকে বলতে পারব না।	I can't tell you why that happened.
আমি জানি তুমি আমাকে খুব একটা পছন্দ করো না।	I know you don't like me very much.
সালমন ১২ ফুট পর্যন্ত উঁচুতে লাফ দিতে পারে।	Salmon can jump up to 12 feet high.
আমি টমকে হাসপাতালে যাওয়ার উপদেশ দিয়েছি।	I advised Tom to go to the hospital.
আপনি কি অনুগ্রহ করে এই ফর্মটি পূরণ করবেন?	Will you fill out this form, please?
যেখানে মাছ আছে তোমার সেখানে মাছ ধরা উচিত।	You need to fish where the fish are.
পৃথিবী বছরে একবার সূর্যকে প্রদক্ষিণ করে।	The earth orbits the sun once a year.
টম মেরির সমস্যা সম্পর্কে ভালো করেই জানে।	Tom is well aware of Mary's problems.
খাদ্যের মতো বায়ু মানুষের মৌলিক চাহিদা।	Air, like food, is a basic human need.
আমি এখনো আমার কন্ট্যাক্ট লেন্সটি পাইনি।	I still haven't found my contact lens.
আগামী মাসে আমার বোস্টন যাওয়ার আশা আছে।	I'm hoping to go to Boston next month.
আমি এই প্রকল্পের একটি অংশ হয়ে গর্বিত।	I'm proud to be a part of this project.
আমার মা খুব ভালো ইংরেজি বলতে পারেন না।	My mom doesn't speak English very well.
নামগুলি বর্ণানুক্রমে লিপিবদ্ধ করা আছে।	Names are listed in alphabetical order.
আমরা কখনই এর থেকে ভালো খেলতে পারবো না।	We'll never be able to play any better.
আপনি কি সত্যিই টমকে অগোছালো মনে করেন?	Do you really think Tom is disorganized?
তুমি কি মনে করো তুমি আমার চেয়ে ভালো?	Do you think that you're better than me?
দক্ষিণ আফ্রিকা ১৯৬১ সালে স্বাধীন হয়।	South Africa became independent in 1961.
চাকরগুলোর চিৎকার সবাইকে জাগিয়ে দিলো।	The servants' screams awakened everyone.
আপনার প্রিয় টেলিভিশন কার্যক্রমটা কী?	What's your favorite television program?
"বিড়ালটা কোথায়?" "সোফার নিচে আছে।"	"Where's the cat?" "It's under the sofa."
ফুটবল বিশ্বের সবচেয়ে জনপ্রিয় খেলা।	Soccer is the world's most popular sport.
আমার মনে হয় না টম এটার জন্য দায়ী।	I don't think Tom is responsible for that.
টম একদিনে এতগুলো বই পড়তে পারবে না।	Tom can't read all these books in one day.
টমের মা ও বোনের স্তন ক্যান্সার ছিল।	Tom's mother and sister had breast cancer.
আপনি জানতেন না যে টম বোস্টনে থাকে?	Didn't you know Tom used to live in Boston?
আমি আজকে কাজে মনযোগ দিতে পারছি না।	I can't seem to focus on work at all today.
ওই হোটেলে থাকার জন্য কত খরচ পরবে?	How much does it cost to stay at that hotel?
আমি এখানে দু এক দিনের জন্য থাকব।	I am going to stay here for a couple of days.
টম রান্নাঘরে একলা প্রাতরাশ করছে।	Tom is eating breakfast alone in the kitchen.
দরকারি না হলে আমি ফোন করতাম না।	I wouldn't be calling if it weren't important.
আগামী বছর টমের বয়স হবে ৩০ বছর।	Tom is going to be thirty years old next year.
এখান থেকে স্টেশনের দূরত্ব কতটা?	What is the distance from here to the station?
এটা এই এলাকার সেরা রেস্তোরাঁ।	This is by far the best restaurant in this area.
আমি ভেবেছিলাম তুমি আমায় খুন করতে চেয়েছিলে।	I thought you wanted to murder me.
ক্যালিফোর্নিয়া সেখানকার ফলের জন্য বিখ্যাত।	California is famous for its fruit.
আমি দুঃখিত, কিন্তু আমি ফরাসি বলতে পারি না।	I'm sorry, but I don't speak French.
টম সাথে সাথেই একটি অ্যাম্বুলেন্স ডেকেছিলো।	Tom called an ambulance immediately.
টম প্রতিদিন নিজে নিজেই দুপুরের খাবার খায়।	Tom eats lunch by himself every day.
টমকে কয়েক মাস আগেই বহিস্কার করা উচিত ছিল।	Tom should've been fired months ago.
আমি এই ব্যাপারে আর কোনো কথা বলতে চাই না।	I don't want to talk about it anymore.
আমরা সবাই টমের কাছ থেকে কিছু শিখতে পারি।	We could all learn something from Tom.
তুমি প্রিতিদিন কত ঘন্টা করে ফরাসি শেখো?	How long do you study French every day?
আমি সাতটা বা আটটা সময়ের আগে ফিরে আসবো।	I'll be back by seven or eight o'clock.
উনি যে ভুল করেছিলেন সেটা স্বীকার করলেন।	She acknowledged having made a mistake.
১৯৩৯ সালে দ্বিতীয় বিশ্বযুদ্ধ শুরু হয়।	The Second World War broke out in 1939.
টম কখন বাড়িতে আসবে তা আমি নিশ্চিত নই।	I'm not sure what time Tom will be home.
বেশিরভাগ কাজ রোবট দ্বারা সঞ্চালিত হয়।	Most of the work is performed by robots.
এই নদীটি প্রশান্ত মহাসাগরে গিয়ে পড়ে।	This river flows into the Pacific Ocean.
তোমারে প্রিয় টেলিভিশন কার্যক্রমটা কী?	What's your favorite television program?
জাপানে কবে থেকে আলুর প্রবর্তন হয়ছিল?	When were potatoes introduced into Japan?
আমি একটা নতুন গাড়ি কেনার কথা ভাবছি।	I've been thinking about buying a new car.
টম খাবার ঘরে মেরির সাথে একলা রয়েছে।	Tom is alone in the dining room with Mary.
এটা বেআইনি হলে আমি এটা করতে চাই না।	I wouldn't want to do that if it's illegal.
পুকুরের কাছে বেশ কিছু শিশু খেলছিল।	Several children were playing near the pond.
রাতের খাবারের পরে, আমি থালাবাসন ধুয়ে ফেললাম।	After supper, I washed the dishes.
ক্যানটি অ্যালুমিনিয়াম দিয়ে তৈরি করা হয়েছে।	The can was made out of aluminium.
টম আমাকে সারা দুপুর অপেক্ষা করিয়ে রেখেছিলেন।	Tom kept me waiting all afternoon.
আমি জানি যে তুমি আমার সাথে কথা বলতে চাও না।	I know you don't want to talk to me.
হাইস্কুলের এক ছাত্র এই রোবটটি তৈরি করেছে।	A high school student made this robot.
আইজ্যাক নিউটন ছিলেন একজন ইংরেজ পদার্থবিদ।	Isaac Newton was an English physicist.
আসুন এটা নিয়ে তর্ক করে সময় নষ্ট না করি।	Let's not waste time arguing about it.
যুক্তরাষ্ট্রের কাছে পারমাণবিক অস্ত্র ছিল।	The United States had nuclear weapons.
টম সাধারণত বাড়িতে দুপুরের খাবার খায় না।	Tom doesn't usually eat lunch at home.
আমি অস্ট্রেলিয়ায় একটি সম্মেলনে যাচ্ছি।	I'm going to a conference in Australia.
গৃহযুদ্ধ ১৮৬১ থেকে ১৮৬৫ সাল পর্যন্ত চলে।	The Civil War lasted from 1861 to 1865.
বিস্ফোরণে গ্রামবাসীরা আতঙ্কিত হয়ে পড়ে।	The explosion frightened the villagers.
আপনি মানুষের সাথে যে আচরণ করেন তা জঘন্য।	The way you treat people is disgusting.
উনি আর এই ব্যপারে কোনো কথা বলতে চান না।	He didn't want to talk about it anymore.
আমি পরের বছর অস্ট্রেলিয়া সফরে যাচ্ছি।	I'm taking a trip to Australia next year.
মেরি কুরিই রেডিয়াম আবিষ্কার করেছিলেন।	It was Marie Curie who discovered radium.
টম স্পষ্টতই নিজের কথা শুনতে পছন্দ করে।	Tom obviously likes hearing himself talk.
আমি চাইনি কেউ জানুক আমি কোথায় ছিলাম।	I didn't want anybody to know where I was.
আর অন্য কিছু কি আপনি আমাকে বলতে চান?	Is there anything else you want to tell me?
একমাত্র টমকেই খুশি বলে মনে হচ্ছে না।	Tom is the only one who doesn't seem happy.
টম বললো মেরির আর এটা করার দরকার নেই।	Tom said Mary didn't need to do that again.
টম একা একা উঠোনে বসে সিগার খাচ্ছিলো।	Tom sat alone on the porch smoking a cigar.
টম, তুমি এর থেকে পার পেয়ে যাবে না।	You're not going to get away with this, Tom.
বস্টনে কি অনেক চিনী রেস্তোরাঁ আছে?	Are there many Chinese restaurants in Boston?
টম কি আসলেই আবার টাকা চাইতে এসেছে?	Did Tom actually come to ask for money again?
টম খুব খাটে, কিন্তু মেরির মতো নয়।	Tom works very hard, but not as hard as Mary.
আমি জানিনা আজ মঙ্গলবার না বুধবার।	I don't know if today is Tuesday or Wednesday.
আমি গত পরশু আপনার চিঠি পেয়েছি।	I received your letter the day before yesterday.
সোনার দাম যে বাড়বে তা নিশ্চিত।	It is certain that the price of gold will go up.
আপনি কি অনুগ্রহ করে পরে আবার ফোন করতে পারবেন?	Could you call again later, please?
আমরা একটি সমাধান খোঁজার জন্য মরিয়া হয়ে আছি।	We're desperate to find a solution.
যে কোনো ছাত্রই ওই প্রশ্নের উত্তর দিতে পারে।	Any student can answer that question.
আমি শুধু খবরের কাগজ বিক্রি করি, আর কিছু না।	I just sell newspapers, nothing else.
আমেরিকার গৃহযুদ্ধ চার বছর স্থায়ী হয়েছিল।	America's Civil War lasted four years.
ভিক্ষুককে আমার যত টাকা ছিল সব দিয়ে দিলাম।	I gave the beggar all the money I had.
বাসে করে ঘুরতে হলে আপনাকে টিকিট কাটতে হবে।	You'll need a ticket to travel by bus.
দেখে মনে হচ্ছে আমার পৌছাত দেরি হয়ে যাবে।	It looks like I'm going to arrive late.
টম এবং মেরি দুজনেই কি অস্ট্রেলিয়ার নয়?	Aren't Tom and Mary both from Australia?
বক্সাইট হলো অ্যালুমিনিয়ামের প্রধান উৎস।	Bauxite is the main source of aluminium.
অ্যালুমিনিয়ামের প্রধান উৎস হলো বক্সাইট।	Bauxite is the main source of aluminium.
আমি জানিনা এটা করার জন্য সময় পাব কি না।	I don't know if I'll have time to do it.
যদি আমি তোমার সাথে পার্টিতে যেতে পারতাম।	I wish I could go to the party with you.
আমি কাল যখন ফিরবো ওদেরকে একবার কল করবো।	I'll call them tomorrow when I come back.
ছেলেটি সাইকেল চুরির কথা অস্বীকার করেছে।	The boy denied having stolen the bicycle.
মেরি যে কোনো গয়ণা পরে সেটা টম চাইত না।	Tom didn't want Mary to wear any jewelry.
টমের কোন কাজ‌ই এখন আমাকে অবাক করে না।	Nothing that Tom does surprises me anymore.
এই কফি এতই গরম যে আমি খেতে পারছি না।	This coffee is so hot that I can't drink it.
স্টেশন অবধি হেঁটে যেতে কতক্ষণ লাগে?	How long does it take to walk to the station?
তুমি রাজি হও বা না হও, আমি এটা করব।	I am going to do it whether you agree or not.
কেন তাকে চাকরিচ্যুত করা হয়েছে তার কারণ বলুন।	Tell me the reason why he was fired.
অনিচ্ছা সত্বেও টম দাঁতের ডাক্তারের কাছে গেলো।	Tom reluctantly went to the dentist.
আপনি কিভাবে জানেন যে আমি বোস্টনে বড় হয়েছি?	How did you know I grew up in Boston?
আমি একসময় জ্যোতির্বিজ্ঞানী হতে চেয়েছিলাম।	I once wanted to be an astrophysicist.
জাপান ক্যালিফোর্নিয়া থেকে কমলা আমদানি করে।	Japan imports oranges from California.
দ্বিতীয় ট্রাফিক লাইটে বাঁদিকে বেঁকে যাবেন।	Turn left at the second traffic light.
আমি থেমেছিলাম যাতে একটা সিগারেট খেতে পারি।	I stopped so I could smoke a cigarette.
আমি এমন কিছু কাজ করেছি যাতে আমি গর্বিত নই।	I've done some things I'm not proud of.
টম বলেছিল যে সে ভেবেছিল মেরি বোস্টনে আছেন।	Tom said he thought Mary was in Boston.
আপনি জানেন না এটা টমের জন্য কতটা কঠিন ছিল।	You don't know how hard it was for Tom.
এটা কি স্টেশনে যাওয়ার সবথেকে ছোট রাস্তা?	This is the shortest way to the station.
রান্না করার সময় কি আপনি অ্যাপ্রোন পরেন?	Do you wear an apron when you're cooking?
আমি আশা করি আপনি এটিকে ভুল পথে নেবেন না।	I hope you don't take this the wrong way.
আমি এই ট্রেনে একটা আসন সংরক্ষণ করতে চাই।	I'd like to reserve a seat on this train.
আমি আরও কিছুদিন থাকার সিদ্ধান্ত নিয়েছি।	I've decided to stay for a few more days.
তুমি কিভাবে জানলে আমি বোস্টনে যেতে চাই?	How did you know I wanted to go to Boston?
টম যখন ছোট ছিল তখন থেকেই আমি টমকে চিনি।	I have known Tom since I was a little boy.
টম আমাকে বলেছিল তার বাবার জন্ম বোস্টনে।	Tom told me his father was born in Boston.
তুমি কাল বিদ্যালয়ে অনুপস্থিত ছিলে কেন?	Why were you absent from school yesterday?
আমি মনে করি না যে টম আমাদের কথা শুনবে।	I don't think that Tom is going to hear us.
আমি এই সমস্যায় সময় নষ্ট করতে চাই না।	I don't want to waste time on this problem.
এই কার্পেটটি এটার চেয়ে বেশি মূল্যবান।	This carpet is more valuable than that one.
মনে হচ্ছে আপনি একটি সফল মিটিং করেছেন।	It sounds like you had a successful meeting.
ভুমিকম্প আর বন্যা প্রকৃতিক বিপর্যয়।	Earthquakes and floods are natural disasters.
ডানে বাঁক নিলে আপনি আমার অফিস পাবেন।	Turn to the right, and you'll find my office.
এখান থেকে স্টেশন যেতে কতক্ষণ লাগে?	How long does it take from here to the station?
টম সত্যিই দীর্ঘ সময় ধরে এটি করছে।	Tom has been doing that for a really long time.
আমরা হয়তো আরও তিনদিন বস্টনে থাকব।	We might stay in Boston for another three days.
সুযোগ পেলে অস্ট্রেলিয়া কি যাবেন?	Would you go to Australia if you had the chance?
আমি জানি তুমি এটাকে অনেক ব্যয়বহুল মনে করো।	I know you think this is too expensive.
যারা আমাকে চেনেন তারা জানেন আমি এটা করব না।	Those who know me know I won't do that.
আমারা সমস্যাটার ব্যাপারে এখনো নিশ্চিত হইনি।	We're not yet sure what the problem is.
তুমি কি কখনো টমকে ফরাসিতে কথা বলতে শুনেছো?	Have you ever heard Tom speaking French?
আমি ফরাসি পড়তে পারি, কিন্তু বলতে পারি না।	I can read French, but I can't speak it.
আমি অস্ট্রেলিয়ায় ফিরে যাওয়ার কথা ভাবছি।	I'm considering going back to Australia.
আমি আপনাকে অবাক করার চেষ্টা ছেড়ে দিয়েছি।	I've given up on trying to surprise you.
টমের জানালার দরজাটা খুলে রাখা উচিৎ হয় নি।	Tom shouldn't have left the window open.
আপনি আমাদের সাথে আসতে পারলে আমরা খুশী হবো।	We'd be happy if you could come with us.
আপনি সাধারণত কোন সময়ে সকালের নাস্তা করেন?	What time do you usually have breakfast?
তুমি কি আমার সাথে কেনাকাটা করতে যেতে যাবে?	Would you like to come shopping with me?
আমি কাল যখন ফিরবো ওনাদেরকে একবার কল করবো।	I'll call them tomorrow when I come back.
ঘরটা সিগারেটের ধোঁয়ায় ভর্তি হয়ে গেছিল।	The room was filled with cigarette smoke.
তুমি কি সারাদিন ওইখানেই দাঁড়িয়ে থাকবে?	Are you just going to stand there all day?
আপনি কি জানতেন না যে টম আপনাকে ভয় পায়?	Didn't you know that Tom is afraid of you?
অল্প বিরতির পর তিনি তার কাজ চালিয়ে যান।	He continued his work after a short break.
আমি স্টেশনে দশ মিনিট দেরি করে পৌছেছিলাম।	I arrived at the station ten minutes late.
আমি আমার বাবার জন্য কিছু ওষুধ কিনতে চাই।	I need to buy some medicine for my father.
সে কি গান গাইছে না কি পিয়ানো বাজাচ্ছে?	Is she singing a song or playing the piano?
আপনি কি সত্যিই চান আমি এখন সেখানে যাই?	Do you really want me to go there right now?
কাল বৃষ্টি হলেও আমি সাঁতার কাটতে যাবো।	Even if it rains, I'll go swimming tomorrow.
তুমি কি এই ছবির মধ্যের লোকটিকে দেখেছো?	Have you ever seen the person in this photo?
আমি বুঝতে পারছি না উনি কি বলতে চাইছেন।	I can't understand what he is trying to say.
আমার মনে হচ্ছে টম মেরিকে পছন্দ করে না।	I have a feeling that Tom doesn't like Mary.
আমি এখনও মাসে অন্তত একবার বোস্টনে যাই।	I still get to Boston at least once a month.
সেটা করতে চাইলে আপনাকে ঝুঁকি নিতে হবে।	In order to do that, you have to take risks.
লিথুয়ানিয়া ইউরোপীয় ইউনিয়নের সদস্য।	Lithuania is a member of the European Union.
টম আগামীকাল মেরির সাথে পিকনিকে যাচ্ছে।	Tom is going on a picnic tomorrow with Mary.
কুকুর এবং নেকড়ের মাঝে পার্থক্য কী?	What's the difference between a dog and a wolf?
আপনি কি কখনো টমকে ফরাসিতে কথা বলতে শুনেছেন?	Have you ever heard Tom speaking French?
আমি লক্ষ্য করলাম যে সে সামনের সারিতে বসেছে।	I noticed that she sat in the front row.
তোমরা কি আমার সাথে কেনাকাটা করতে যেতে যাবে?	Would you like to come shopping with me?
আপনি কি আমার সাথে কেনাকাটা করতে যেতে যাবেন?	Would you like to come shopping with me?
আপনি কি নিশ্চিত যে দরজায় তালা লাগিয়েছেন?	Are you certain that you locked the door?
আমি জানি যে এটি আপনার জন্য সত্যিই ভীতিজনক।	I know that this is really scary for you.
আমি একটা নতুন ক্যামেরা কেনার কথা ভাবছিলাম।	I was thinking about buying a new camera.
আপনি কি সারাদিন ওইখানেই দাঁড়িয়ে থাকবেন?	Are you just going to stand there all day?
আমাকে একলা টমের সঙ্গে দু মিনিট সময় দাও।	Give me a couple of minutes alone with Tom.
বন্দুক মানুষ মারে না। মানুষে মানুষ মারে।	Guns don't kill people. People kill people.
আপনি কি এই ছবির মধ্যের লোকটিকে দেখেছেন?	Have you ever seen the person in this photo?
আমি এই গানটি আমার মাকে উৎসর্গ করতে চাই।	I'd like to dedicate this song to my mother.
ওই রকম জায়গায় খেতে গেলে কত খরচ পরবে?	How much does it cost to eat at such a place?
আমাকে শনিবারের আগে বইটা ফেরত দিতে হবে।	I have to give back the book before Saturday.
টম বলেছিল যে সে মেরিকে এটি করতে বলবেন।	Tom said he was going to ask Mary to do that.
আপনার সাফল্য আপনার কঠোর পরিশ্রমেরই ফল।	Your success is the result of your hard work.
আপনি কতগুলো সাদা-কালো সিনেমা দেখেছেন?	How many black and white movies have you seen?
আমি ভাবিনি যে টমের কোনো সমস্যা হবে।	I didn't think that Tom would have any problems.
ঐ লোকগুলো কোন দেশের তা আমি জানি না।	I don't know what country those people are from.
আমি ভাবছি তোমাকে জন্মদিনে কী দেবো।	I wonder what I should get you for your birthday.
বাড়ির কাজ শেষ করার জন্য আমার আরও সময় দরকার।	I need more time to finish my homework.
টমের সেটা করার দরকার ছিল না, কিন্তু সে করেছে।	Tom didn't need to do that, but he did.
আমি জার্মান পড়তে পারি, কিন্তু বলতে পারি না।	I can read German, but I can't speak it.
আমি ভাবছি টম এবং মেরি দুজনেই চলে গেছে কি না।	I wonder if Tom and Mary have both left.
সব ঠিকঠাক থাকলে আমি এসে তোমার সাথে দেখা করব।	If all goes well, I'll come and see you.
আমরা সবসময় সমুদ্রের ধারে আমাদের ছুটি কাটাই।	We always spend our vacation by the sea.
আপনি কি দয়া করে ঠিকানাটা লিখে দিতে পারবেন?	Could you write down the address, please?
সে মাঝে মাঝে সমুদ্র সৈকতে যাওয়া পছন্দ করে।	He likes to go to the beach now and then.
টম সিদ্ধান্ত নিয়েছে যে সে তাড়াতাড়ি আসবে।	Tom has decided he's going to come early.
আমার মনে হয় টম বলেছিল যে ওর পদবি জ্যাকসন।	I think Tom said his last name is Jackson.
এই ইমারতটিতে কি কোনো সর্বজনীন শৌচাগার আছে?	Is there a public toilet in this building?
আমার ফরাসি শিক্ষকের বয়স আমার বয়সের সমান।	My French teacher is the same age as I am.
আপনি কোনো কিছু দাবী করার মতন জায়গায় নেই।	You're in no position to make any demands.
তোমার চিঠিতে ডাকটিকিট লাগাতে ভুলে যেও না।	Don't forget to put a stamp on your letter.
ওয়াইকিকি যাওয়ার জন্য কত নম্বর বাস নেব?	What number bus do I take to get to Waikiki?
তুমি জানো আমাকে এটা করতে হবে না, তাই না?	You know I don't have to do that, don't you?
আমি জানি আপনি এবং টম একসাথে গান করেননি।	I know that you and Tom didn't sing together.
টম বলল যে মেরি ব্যবস্থাপককে দেখতে চায়।	Tom said that Mary wanted to see the manager.
চাকরির জন্য আমাকে সবসময় টাই পরতে হয়।	I always have to wear a tie because of my job.
মনে হচ্ছে টমের কয়েকটা পাঁজর ভেঙ্গেছে।	It looks like Tom has broken a couple of ribs.
সঠিক জিনিসটা করা সবসময় অত সহজ হয় না।	It's not always so easy to do the right thing.
"আপনি কী ধরনের বই পড়ছেন?" "উপন্যাস।"	"What kind of book are you reading?" "A novel."
টম সারাদিন ধরে মাথা যন্ত্রনায় ভুগছে।	Tom has been suffering from a headache all day.
উপন্যাসটির প্রায় ২০,০০০টি কপি বিক্রি হয়েছে।	The novel has sold almost 20,000 copies.
আপনারা কি আমার সাথে কেনাকাটা করতে যেতে যাবেন?	Would you like to come shopping with me?
চলুন প্রথমে দেখা যাক অস্ট্রেলিয়ায় কী হয়।	Let's first see what happens in Australia.
এই ধরনের ভুলগুলো খুব সহজেই উপেক্ষা করা হয়।	Mistakes like these are easily overlooked.
আমাকে ছয় ঘণ্টা অন্তর অন্তর ওষুধ খেতে হয়।	I have to take my medicine every six hours.
বিদেশি ভাষা রপ্ত করতে অনেক বছর লেগে যায়।	It takes years to master a foreign language.
টমের তিনটি ছেলে আছে। তাদের সকলেই ডাক্তার।	Tom has three sons. All of them are doctors.
শূন্যের ধারণা হিন্দু সংস্কৃতি হতে এসেছে।	The concept of zero comes from Hindu culture.
আপনি কি আমার ভ্রমণের কিছু ছবি দেখতে চান?	Would you like to see some photos of my trip?
তারা তাদের বিবাহ বার্ষিকী উদযাপন করছেন।	They're celebrating their wedding anniversary.
কয়েক মিনিট হাঁটার পর জাদুঘরে পৌঁছলাম।	I reached the museum after a few minutes' walk.
আবর্জনা সংগ্রহকারী সপ্তাহে তিনবার আসে।	The garbage collector comes three times a week.
চাঁদ থেকে আকাশকে দেখতে বলের মতো লাগে।	Seen from the moon, the earth looks like a ball.
চিঠিটা পড়ার সময় তাকে বিষণ্ণ লাগছিল।	When she was reading the letter, she looked sad.
ইন্টারনেট তথ্যের একটি অমূল্য উৎস।	The Internet is an invaluable source of information.
দরজায় তালা লাগানোর ব্যাপারে তুমি কি নিশ্চিত?	Are you certain that you locked the door?
তার বাড়ি খুঁজে পেতে আমার কোনো অসুবিধা হয়নি।	I had no difficulty in finding his house.
আপনি টমকে আমার থেকে অনেক বেশী দিন ধরে চেনেন।	You've known Tom a lot longer than I have.
"অনুগ্রহ করে নুনটা এগিয়ে দেবেন।" "এই নিন।"	"Pass me the salt, please." "Here you are."
"অনুগ্রহ করে নুনটা এগিয়ে দেবেন।" "এই নাও।"	"Pass me the salt, please." "Here you are."
ইংরেজি শেখানোর পাশাপাশি তিনি উপন্যাস লেখেন।	Besides teaching English, he writes novels.
গেটিসবার্গের যুদ্ধ তিন দিন স্থায়ী হয়েছিল।	The Battle of Gettysburg lasted three days.
আমার বন্ধু ভূতের অস্তিত্বে বিশ্বাস করে না।	My friend doesn't believe that ghosts exist.
আপনি কি আমাদের সাথে সমুদ্র সৈকতে আসতে চান?	Would you like to come with us to the beach?
পত্রিকায় বলা হয়, তিনি আত্মহত্যা করেছেন।	The newspaper says that he committed suicide.
আপনার সাহায্য ব্যাতিত আমি অকৃতকার্য হতাম।	Without your assistance, I would have failed.
আপনি কি আয়নায় নিজেকে দেখতে পছন্দ করেন?	Do you like looking at yourself in the mirror?
আমার মনে হয় একারণেই টম ওটা করতে চায়নি।	I think that's why Tom didn't want to do that.
টমকে বলুন আমি তিন সপ্তাহের জন্য চলে যাব।	Tell Tom I'm going to be gone for three weeks.
তোমার একা একা জঙ্গলে যাওয়া উচিত হয় নি।	You shouldn't have gone into the forest alone.
বইটি গ্রন্থাগারে ফেরত দিতে ভুলে যেও না।	Don't forget to return the book to the library.
চালকের লাইসেন্স পাওয়ার বয়স তার হয়নি।	She isn't old enough to get a driver's license.
টম পরের বসন্তে বস্টন যাওয়ার কথা ভাবছে।	Tom is thinking of going to Boston next spring.
সাঁতার দিয়ে নদী পার হতে কতক্ষণ লাগবে?	How long would it take to swim across the river?
গত রাতের খবরের কাগজে বেশি খবর ছিল না।	There wasn't much news in last night's newspaper.
এটা আমার দেখা অন্যতম জঘন্য সিনেমা।	This is one of the worst movies that I've ever seen.
আমি মনে করি আপনি সম্ভবত এটি করতে সক্ষম হবেন।	I think you'll probably be able to do that.
আমার বাবা আমাদের আশ্বস্ত করেছে যে এটা সত্য।	My father has assured us that that was true.
মেক্সিকো উত্তর আমেরিকায় অবস্থিত একটি দেশ।	Mexico is a country located in North America.
আমি কোনমতেই এটা তোমাকে একলা করতে দেবো না।	There is no way I'm letting you do this alone.
টোকিওর জন্য পরের ট্রেনটা কটার সময় ছাড়ে?	What time does the next train leave for Tokyo?
প্রথমে আমি বুঝতেই পারিনি উনি কি বলছেন।	At first, I couldn't make out what he was saying.
খ্রিস্টধর্ম ও ইসলাম দুটি ভিন্ন ধর্ম।	Christianity and Islam are two different religions.
বিশ্বের সবচেয়ে জনবহুল মহাদেশ কোনটি?	Which is the most populated continent in the world?
সঙ্গীতানুষ্ঠানের জন্য টিকিট কি পাওয়া যাচ্ছে?	Are tickets for the concert available here?
আমি ট্রাকে চাপা পড়তে পড়তে বেঁচে গিয়েছিলাম।	I came near to being run over by the truck.
জাপানে বিদ্যালয়ের নতুন বছর এপ্রিলে শুরু হয়।	In Japan a new school year starts in April.
আমাকে সাহায্য করুন! আমি জানি না আমি কী করছি।	Please help me. I don't know what I'm doing.
আপনি প্রথম মানুষ নন যে আমাকে এই কথাটা বলেছে।	You're not the first person to tell me that.
জানালা বন্ধ করার কথা কি আপনার মাথায় আসেনি?	Did it not occur to you to close the windows?
বৃষ্টির সময় আমি বাইরে যাওয়া পছন্দ করি না।	I don't like to go outside when it's raining.
বাস স্টপটা এখান থেকে পাঁচ মিনিটের হাঁটা পথ।	The bus stop is five minutes' walk from here.
অতিরিক্ত তথ্যের জন্য আমাদের ওয়েবসাইটে যান।	Visit our website for additional information.
আমি তাকে চিঠিটির চারটি অনুলিপি করতে বলেছি।	I asked her to make four copies of the letter.
টম একটা ছেলের নাম আর মেরি একটা মেয়ের নাম।	Tom is a boy's name and Mary is a girl's name.
টম আমাকে বলেছিল সে আজ তাড়াতাড়ি চলে যাবে।	Tom told me he was going to leave early today.
টম আপনাকে নিয়ে কী বলেছে তা শুনতে চান না?	Don't you want to hear what Tom said about you?
আপনি মার্কিন সংবিধান সম্পর্কে কতটা জানেন?	How much do you know about the US Constitution?
স্পষ্টতই টম কাউকেই আমাদের ব্যাপারে বলেনি।	Obviously, Tom hasn't told anyone about us yet.
তোমার বন্ধু কারা সেটা মনে রাখাটা জরুরি।	It is important to remember who your friends are.
গতকাল একটি আনুষ্ঠানিক বিবৃতি প্রকাশ করা হয়।	An official statement was released yesterday.
টম কার্পেটের উপর নোংরা পায়ের ছাপ দেখতে পেল।	Tom saw dirty footprints on the white carpet.
আমি আপনাকে দেখি না দুই সপ্তাহ পার হয়ে গেছে।	Two weeks have passed and I haven't seen you.
ইংরাজির অনেক শব্দ লাতিন থেকে উৎপন্ন হয়েছে।	A lot of English words are derived from Latin.
এই পরিকল্পনা বাস্তবায়নে অনেক টাকা খরচ হবে।	This plan will be very expensive to carry out.
টম এবং মেরি একসাথে এটি করার পরিকল্পনা করছে।	Tom and Mary are planning to do that together.
তোমাকে ছাড়া এটা করতেই পারতাম না। ধন্যবাদ।	I couldn't have done it without you. Thank you.
আপনাকে ছাড়া এটা করতেই পারতাম না। ধন্যবাদ।	I couldn't have done it without you. Thank you.
ভিডিওটি দেখার পর দয়া করে আমাকে ধার দিবেন।	Please lend me the video when you have seen it.
রোমান সাম্রাজ্য এক হাজার বছর ধরে টিকে ছিল।	The Roman Empire survived for a thousand years.
বসন্তের প্রত্যক্ষ কোন চিহ্ন তখনও ছিলো না।	There still weren't any visible signs of spring.
তুমি আজ আসবে কি না আমি সেটাই ভাবছিলাম।	I was wondering if you were going to show up today.
মানুষের বোঝা উচিৎ যে পৃথিবী বদলাচ্ছে।	People should understand that the world is changing.
স্পষ্টতই টম কাউকেই বলেনি কি ঘটেছিল।	Obviously, Tom hasn't told anyone about what happened.
কিছু খনিজ মানব স্বাস্থ্যের জন্য গুরুত্বপূর্ণ।	Some minerals are important for human health.
টম এখন সিডনি শেলডনের লেখা একটি উপন্যাস পড়ছে।	Tom is reading a novel by Sidney Sheldon now.
শহরটাকে একটা নদী পুর্ব আর পশ্চিমে ভাগ করেছে।	A river separates the city into east and west.
কতক্ষণ ধরে টম এই কাজ করছে বলে আপনি মনে করেন?	How long do you think Tom has been doing this?
আমি একটা গেস্ট হাউস কোথায় পাব বলতে পারবেন?	Can you tell me where I can find a guest house?
আমাদের কাজে খুশি না হওয়ার কারণ টম বলেনি।	Tom didn't say why he wasn't happy with our work.
কাজে না গিয়ে আমি সারা দিন বাসায় ছিলাম।	I stayed at home all day instead of going to work.
ঠিক একই ঘটনা বস্টনে তিন বছর আগে ঘটেছিলো।	The same thing happened three years ago in Boston.
এটি আমার পড়া সবচেয়ে আকর্ষণীয় উপন্যাস।	This is the most interesting novel I've ever read.
টম অতটা বুদ্ধিমান নয় যতটা মেরি মনে করে।	Tom certainly isn't as smart as Mary thinks he is.
টম বলল যে এটি শীঘ্রই হওয়ার সম্ভাবনা কম।	Tom said that's not likely to happen anytime soon.
এই কারণেই কি আপনি আমার সাথে আসতে চাননি?	Is this the reason you didn't want to come with me?
এখানে গত দুই সপ্তাহে কোনো বৃষ্টি হয়নি।	There has been no rain here for the past two weeks.
টম নিজের কাজের পদ্ধতিতে বেশ নিয়মনিষ্ঠ।	Tom is very methodical in the way he does his work.
টম বলেছিল যে খুনের রাতে সে বাড়িতে ছিল।	Tom said he was at home on the night of the murder.
টম মেরিকে ওটা করার জন্য রাজি করিয়েছে।	Tom is the one who convinced Mary to try to do that.
শেষ কবে আপনি টমকে ফরাসি বলতে শুনেছেন?	When was the last time you heard Tom speaking French?
আমার মনে হয় টম একটা গোয়েন্দা উপন্যাস পড়ছে।	I think that Tom is reading a detective novel.
শ্রেণীকক্ষের মধ্যে অল্পসংখ্যক ছাত্র বাকি ছিল।	There were few students left in the classroom.
পর্দা বন্ধ থাকায় আমি ভিতরে দেখতে পাচ্ছি না।	I can't see in because the curtains are closed.
টকিও স্টেশনে যাওয়ার জন্য বাস কোথা থেকে পাব?	Where can I catch the bus to the Tokyo station?
তিনি ফ্রান্সে যাওয়ার পর দুই মাস কেটে গেছে।	Two months have passed since he left for France.
টম দেখে মনে হল সে আবার কাঁদতে শুরু করবে।	Tom looked like he was going to start crying again.
ছোট থাকতে আমি সাগরে সাঁতার কাটতে যেতাম।	I used to go swimming in the sea when I was a child.
সমস্যা হলো আমার বাবা মা রাজি হবে কি না।	The problem is whether my parents will agree or not.
কাজ শেষ হওয়ার আগে আমি চলে যেতে চাইনি।	I didn't want to leave before the work was completed.
টম এবং মেরি একে অপরকে এড়িয়ে দিন কাটিয়েছেন।	Tom and Mary spent the day avoiding each other.
উনি গত পরশু লন্ডনের উদ্দেশ্যে রওনা দিয়েছেন।	He departed for London the day before yesterday.
এখনকার সময় শুধু বেঁচে থাকাটাও যথেষ্ট কঠিন।	Just staying alive in these times is hard enough.
তুমি যতক্ষণ চাও আমি তোমার সাথে থাকতে পারি।	I can stay with you for as long as you want me to.
দয়া করে টিভিটার আওয়াজ বাড়িয়ে দেবেন না।	Please don't turn up the volume on the television.
টম যখন তেরো বছরের ছিলো তখন বস্টনে এসেছিলো.	Tom came to Boston when he was thirteen years old.
আপনার মনে হয় না টম আপনার পক্ষে একটু ছোট?	Don't you think that Tom is a little young for you?
টম খবরের কাগজটা তুলে নিয়ে শিরনামটা পড়ল।	Tom picked up the newspaper and read the headlines.
তার পুরোপুরি সুস্থ হতে অনেক সময় লাগবে।	It will be a long time before he has fully recovered.
তিনি গত পাঁচ দিন যাবৎ হোটেলটিতে আছেন।	He's been staying at that hotel for the past five days.
শত্রুর শত্রু যে মিত্রই হবে তার কোনো মানে নেই।	An enemy of an enemy is not necessarily an ally.
তিনি আশা করেছিলেন যে তাদের আলোচনা দীর্ঘ হবে।	He expected that their talk was going to be long.
এই প্রকল্পটা শেষ হতে আরো অন্তত এক বছর লাগবে।	This project will take at least a year to finish.
প্রথমে তাঁরা নিশ্চিত ছিলেন যে তিনি নির্দোষ।	At first, they were all convinced he was innocent.
তিনি শুধু স্কুলে পড়াননি, উপন্যাসও লিখেছেন।	Not only did he teach school, but he wrote novels.
সভাটার স্থান এবং কাল দুটোই স্থির হয়ে গেছে।	The date and place of the meeting have been fixed.
অস্ট্রেলিয়া থেকে ফেরার পরপরই টম মারা যায়।	Tom died shortly after he returned from Australia.
টম যখন খবরের কাগজ পড়ছিল তখন মেরি ঘরে ঢুকল।	Tom was reading the newspaper when Mary walked in.
আমি এইসমস্ত ব্যাপারে নিজেকে জড়াতে চাই না।	I don't want to get involved in that sort of thing.
আমি নিশ্চিত যে টম কখনই আমার রোগী ছিল না।	I'm pretty sure Tom has never been a patient of mine.
মানুষ যা বোঝেনা তা সাধারণত পছন্দ করে না।	People usually don't like what they can't understand.
না বুঝলে প্রশ্ন করতে দ্বিধা করবেন না।	Don't hesitate to ask questions if you don't understand.
আগুন লাগার কারণ নিয়ে খুব একটা সন্দেহ নেই।	There is not much doubt about the cause of the fire.
তাদের অফিস সরঞ্জাম বুঝতে সাহায্য প্রয়োজন।	They need help to understand their office equipment.
প্রবেশদ্বারে আমাদের জুতা খুলে ফেলার কথা।	We are supposed to take off our shoes at the entrance.
সম্ভবত আমি একা নই যে ওটা করতে চায়নি।	I'm probably not the only one who didn't want to do that.
"তুমি যাচ্ছো না কেন?" "কারন আমি যেতে চাই না।"	"Why aren't you going?" "Because I don't want to."
দেখে মনে হচ্ছে টম শুধুমাত্র ফল এবং সবজি খায়।	It seems that Tom only eats fruits and vegetables.
উত্তর মেরুর চেয়ে দক্ষিণ মেরু অধিকতর ঠান্ডা।	The South Pole is a lot colder than the North Pole.
শাটেল বাসটা এয়ারপোর্টের জন্য কটায় ছাড়ে?	What time does the shuttle bus leave for the airport?
ইরাক আর ইরানের মাঝের পার্থক্য টম জানে না।	Tom doesn't know the difference between Iraq and Iran.
আপনি কৃত্রিম বুদ্ধিমত্তা সম্পর্কে কতটা জানেন?	How much do you know about artificial intelligence?
আমি জানতে চাই কেন আপনি এখানে আর কাজ করছেন না।	I want to know why you're not working here anymore.
আদিতে ঈশ্বর স্বর্গ ও পৃথিবী সৃষ্টি করেছেন।	In the beginning God created the heaven and the earth.
আমার মা প্রত্যেকদিন বাজারে যায় জিনিস কিনতে।	My mother goes to the market every day to buy things.
আপনার মতো সুন্দরি মহিলার একা খাওয়া উচিৎ নয়।	A beautiful woman like you shouldn't be eating alone.
কাজটি শেষ করতে তার পুরো বিকেলের প্রয়োজন ছিল।	She needed the entire afternoon to complete the work.
টম ভেবেছিল আজকের মিটিংয়ে মেরি উপস্থিত থাকবে।	Tom thought Mary would be present at today's meeting.
টম মাটি থেকে ভাঙ্গা কাঁচের টুকরোগুলো তুললো।	Tom picked up the broken pieces of glass off the floor.
আমি টমকে তার জন্মদিনে বিশেষ কিছু দিতে চাই।	I'd like to give Tom something special for his birthday.
ইউরো হলো ইউরোপীয় ইউনিয়নের সরকারী মুদ্রা।	The Euro is the official currency of the European Union.
আরো কিছু জিনিস আছে যা আমার আপনাকে বলতে হবে।	There are still a few more things that I need to tell you.
পত্রিকায় বিয়ের তারিখ ঘোষণা করেছিলেন তারা।	They announced the date of their wedding in the newspaper.
টম তিন ঘন্টা বিরতিহীন পিয়ানো বাজিয়েছিল।	Tom played the piano for three hours without taking a break.
মেরিকে আয়নার সামনে বসে চুল আঁচড়াতে দেখলাম।	I saw Mary sitting in front of a mirror brushing her hair.
টেলিভিশন না থাকলে জীবন কেমন হতো ভাবতে পারেন?	Can you imagine what life would be like without television?
ভারী কুয়াশার জন্য একজনকেও দেখা যাচ্ছিলো না।	Because of the heavy fog, not a single person could be seen.
তোমার সাহায্য ছাড়া আমার বাবা ব্যর্থ হতেন।	If it had not been for your help, my father would have failed.
তার মৃত্যুর সংবাদটি সম্পূর্ণ অপ্রত্যাশিত ছিল।	The news of her sudden death came like a bolt from the blue.
গতকাল রাতে আগুন লেগে তিনটি বাড়ি পুড়ে যায়।	A fire broke out last night and three houses were burnt down.
টম এখনও পরশু একটি পার্টি করার পরিকল্পনা করছে।	Tom is still planning to have a party the day after tomorrow.
গতকালের ভূমিকম্পে জাপানে অনেক ভবন ধসে পড়েছে।	A lot of buildings collapsed in Japan due to the earthquake yesterday.
