హాయ్, మీరు ఎలా ఉన్నారు?	Hi, how are you?
హాయ్, నా పేరు రవి.	Hi, my name is Ravi.
అందరికీ శుభోదయం.	Good morning to everyone.
మీకు శుభోదయం.	Good morning to you.
అందరికీ శుభ మధ్యాహ్నం.	Good afternoon to everyone.
మీకు శుభ మధ్యాహ్నం.	Good afternoon to you.
అందరికీ శుభ సాయంత్రం.	Good evening to everyone.
మీకు శుభ సాయంత్రం.	Good evening to you.
మీకు శుభరాత్రి.	Good night to you.
అందరికీ శుభరాత్రి.	Good night to everyone.
మీకు వీడ్కోలు.	Goodbye to you.
అందరికీ వీడ్కోలు.	Goodbye to everyone.
మిమ్మల్ని కలవడం ఆనందంగా ఉంది.	Nice to meet you.
మీతో మాట్లాడటం మరియు మిమ్మల్ని కలవడం ఆనందంగా ఉంది.	It is a pleasure talking and nice to meet you.
నువ్వు ఎలా ఉన్నావు?	How are you?
అమ్మా, మీరు ఎలా ఉన్నావు?	Mom, how are you?
సహాయానికి ధన్యవాదాలు.	Thank you for the help.
మీకు ధన్యవాదాలు.	Thank you to you.
మీకు చాలా ధన్యవాదాలు.	Thank you very much to you.
సహాయానికి చాలా ధన్యవాదాలు.	Thank you very much for the help.
మీకు స్వాగతం.	You're welcome.
మా ఇంటికి మీకు స్వాగతం.	You're welcome to our home.
నన్ను క్షమించండి.	Sorry/Please forgive me.
ఆ పొరపాటుకు క్షమించండి.	Sorry for that mistake.
నన్ను క్షమించు, నేను ఆలస్యమయ్యాను.	Excuse me, I am late.
దయచేసి నన్ను క్షమించు.	Please excuse me.
మా ఊరికి మీకు స్వాగతం.	Welcome to our village.
అవును, నేను వస్తాను.	Yes, I will come.
అవును, ఇది నిజం.	Yes, this is true.
సరే, మనం వెళ్దాం.	Okay, let's go.
అవును, సరే.	Yes, okay.
అది కోర్సు యొక్క భాగం.	That is part of the course.
ఈ పుస్తకం కోర్సు యొక్కది.	This book belongs to the course.
నేను ఖచ్చితంగా వస్తాను.	I will definitely/sure come.
అవును, ఖచ్చితంగా.	Yes, sure.
బహుశా రేపు వర్షం పడవచ్చు.	Maybe it will rain tomorrow.
అతను బహుశా వస్తాడు.	Maybe he will come.
అతను నా స్నేహితుడు.	He is my friend.
నాకు ఒక మంచి స్నేహితుడు ఉన్నాడు.	I have a good friend.
అతను మంచి వ్యక్తి.	He is a good person.
ఆ వ్యక్తి ఎక్కడ ఉన్నాడు?	Where is that person?
ఇక్కడ చాలా ప్రజలు ఉన్నారు.	There are many people here.
మంచి ప్రజలు సహాయం చేస్తారు.	Good people help.
అతను ఒక తెలివైన మనిషి.	He is a clever man.
ఆ మనిషి ఎక్కడ ఉన్నాడు?	Where is that man?
ఆమె ఒక చిన్న అమ్మాయి.	She is a small girl.
ఈ అమ్మాయి చాలా తెలివైనది.	This girl is very clever.
శ్రీమతి లక్ష్మి వస్తున్నారు.	Mrs Lakshmi is coming.
ఆమె శ్రీమతి గీత.	She is Mrs Geetha.
మిస్ ప్రియ ఇక్కడ ఉన్నారు.	Miss Priya is here.
ఆమె మిస్ స్వాతీ.	She is Miss Swati.
సార్, నాకు ఒక ప్రశ్న ఉంది.	Sir, I have a question.
మీరు ఎలా ఉన్నారు సార్?	How are you sir?
మేడం, ఇది మీ పుస్తకమా?	Madam, is this your book?
మేడం, దయచేసి చూడండి.	Madam, please look.
ప్రియమైన అమ్మకు నమస్కారం.	Greetings to dear mother.
నా ప్రియమైన స్నేహితుడికి.	To my dear friend.
తర్వాత కలుద్దాం, జాగ్రత్త.	See you later, take care.
మనం రేపు తర్వాత కలుద్దాం.	We will see you later tomorrow.
దయచేసి జాగ్రత్త వహించండి.	Please take care.
మీరు జాగ్రత్త వహించండి.	You take care.
మీకు మంచి రోజు కావాలి.	Have a nice day.
మీకు మంచి రోజు శుభాకాంక్షలు.	Wishes for a
బై, మళ్ళీ కలుద్దాం!	Bye, let's meet again!
అందరికీ బై చెప్పాను.	I said bye to everyone.
సున్నా ఒక సంఖ్య	Zero is a number
అక్కడ సున్నా ఉంది	Zero is there
నాకు ఒకటి కావాలి	I want one
ఇది ఒకటి మాత్రమే	This is only one
రెండు పుస్తకాలు ఉన్నాయి	There are two books
నాకు రెండు ఇవ్వు	Give me two
మూడు రోజులు పట్టింది	It took three days
అక్కడ మూడు మంది ఉన్నారు	Three people are there
నాలుగు గోడలు ఉన్నాయి	There are four walls
నాకు నాలుగు కావాలి	I want four
ఐదు వేళ్లు ఉన్నాయి	There are five fingers
అక్కడ ఐదు మంది ఉన్నారు	Five people are there
ఆరు గంటలు అయ్యింది	It is six o'clock
ఆరు రంగులు ఉన్నాయి	There are six colors
ఎనిమిది మంది వచ్చారు	Eight people came
నాకు ఎనిమిది కావాలి	I want eight
తొమ్మిది గంటలు అయ్యింది	It is nine o'clock
అక్కడ తొమ్మిది పుస్తకాలు ఉన్నాయి	There are nine books there
పది మంది ఉన్నారు	Ten people are there
నాకు పది రూపాయలు ఇవ్వు	Give me ten rupees
పదకొండు మంది వచ్చారు	Eleven people came
ఇది పదకొండు వారం	This is the eleventh week
పన్నెండు నెలలు ఉన్నాయి	There are twelve months
నాకు పన్నెండు కావాలి	I want twelve
పదమూడు మంది ఉన్నారు	Thirteen people are there
ఇక్కడ పదమూడు పుస్తకాలు ఉన్నాయి	There are thirteen books here
పద్నాలుగు మంది వచ్చారు	Fourteen people came
నాకు పద్నాలుగు కావాలి	I want fourteen
పదిహేను రోజులు పట్టింది	It took fifteen days
అక్కడ పదిహేను మంది ఉన్నారు	Fifteen people are there
పదహారు మంది ఉన్నారు	Sixteen people are there
నాకు పదహారు కావాలి	I want sixteen
పదిహేడు మంది వచ్చారు	Seventeen people came
ఇక్కడ పదిహేడు పుస్తకాలు ఉన్నాయి	There are seventeen books here
పద్దెనిమిది మంది ఉన్నారు	Eighteen people are there
నాకు పద్దెనిమిది కావాలి	I want eighteen
పంతొమ్మిది మంది వచ్చారు	Nineteen people came
అక్కడ పంతొమ్మిది పుస్తకాలు ఉన్నాయి	There are nineteen books there
ఇరవై మంది ఉన్నారు	Twenty people are there
నాకు ఇరవై కావాలి	I want twenty
ఇరవై ఒకటి మంది వచ్చారు	Twenty-one people came
అక్కడ ఇరవై ఒకటి పుస్తకాలు ఉన్నాయి	There are twenty-one books there
నలభై మంది ఉన్నారు	Forty people are there
నాకు నలభై కావాలి	I want forty
యాభై మంది వచ్చారు	Fifty people came
అక్కడ యాభై పుస్తకాలు ఉన్నాయి	There are fifty books there
అరవై మంది ఉన్నారు	Sixty people are there
నాకు అరవై కావాలి	I want sixty
డెబ్బై మంది వచ్చారు	Seventy people came
అక్కడ డెబ్బై పుస్తకాలు ఉన్నాయి	There are seventy books there
ఎనభై మంది ఉన్నారు	Eighty people are there
నాకు ఎనభై కావాలి	I want eighty
తొంభై మంది వచ్చారు	Ninety people came
అక్కడ తొంభై పుస్తకాలు ఉన్నాయి	There are ninety books there
వంద మంది ఉన్నారు	Hundred people are there
నాకు వంద కావాలి	I want hundred
వెయ్యి మంది వచ్చారు	Thousand people came
అక్కడ వెయ్యి పుస్తకాలు ఉన్నాయి	There are thousand books there
రెండవది ఎక్కడ ఉంది?	Where is the second one?
అది రెండవది పుస్తకం	That is the second book
మూడవది ఎవరు?	Who is the third one?
ఇది మూడవది గది	This is the third room
నాల్గవది ఎక్కడ ఉంది?	Where is the fourth one?
అది నాల్గవది పుస్తకం	That is the fourth book
ఐదవది ఎవరు?	Who is the fifth one?
ఇది ఐదవది గది	This is the fifth room
ఆరవది ఎక్కడ ఉంది?	Where is the sixth one?
అది ఆరవది పుస్తకం	That is the sixth book
ఏడవ రోజు ఆదివారం	The seventh day is Sunday
అది ఏడవ గది	That is the seventh room
ఎనిమిదవది ఎక్కడ ఉంది?	Where is the eighth one?
అది ఎనిమిదవది పుస్తకం	That is the eighth book
తొమ్మిదవ పుస్తకం ఇక్కడ ఉంది	The ninth book is here
అది తొమ్మిదవ గది	That is the ninth room
పదవ వ్యక్తి ఎవరు?	Who is the tenth person?
ఇది పదవ గది	This is the tenth room
సగం పాలు ఇక్కడ ఉన్నాయి	Half the milk is here
అతను సగం తిన్నాడు	He ate half
నాకు ఒక జత కావాలి	I want one pair
ఈ జత బాగుంది	This pair is good
అక్షరాలను లెక్కించండి	Count the letters
డబ్బులను లెక్కించండి	Count the money
నేడు సెలవు	Today is a holiday
నేడు వర్షం పడుతుంది	It is raining today
రేపు నేను వస్తాను	I will come tomorrow
రేపు సెలవు కాదు	Tomorrow is not a holiday
తరువాత మనం వెళ్దాం	We will go later
తరువాత ఏమి జరుగుతుంది?	What happens later?
పని ప్రారంభ క్రమంలో ఉంది	The work is in the beginning stage
ప్రారంభ దశ చాలా కష్టం	The beginning stage is very difficult
అతను ఆలస్యంగా వచ్చాడు	He came late
నేను ఆలస్యంగా లేచాను	I woke up late
ఉదయం కాఫీ తాగుతాను	I drink coffee in the morning
ఉదయం ఎండగా ఉంది	It is sunny in the morning
మధ్యాహ్నం భోజనం చేయండి	Eat lunch in the afternoon
మధ్యాహ్నం ఎండ ఎక్కువగా ఉంది	The afternoon sun is strong
సాయంత్రం నడకకు వెళ్తాను	I go for a walk in the evening
సాయంత్రం చాయ్ తాగుదాం	Let's drink tea in the evening
అర్ధరాత్రి వర్షం పడింది	It rained at midnight
అర్ధరాత్రి నిద్ర రాలేదు	Sleep didn't come at midnight
మధ్యాహ్నం భోజనం సిద్ధంగా ఉంది	Afternoon lunch is ready
మధ్యాహ్నం విశ్రాంతి తీసుకోండి	Take rest in the afternoon
ఒక నిమిషం ఆగండి	Wait for one minute
ఒక నిమిషం సమయం ఇవ్వండి	Give me one minute time
రెండవది పుస్తకం తీసుకోండి	Take the second book
రెండవది అవకాశం లేదు	There is no second chance
గోడపై గడియారం ఉంది	There is a clock on the wall
గడియారం సరిగ్గా లేదు	The clock is not correct
ఈరోజు తేదీ ఏమిటి?	What is the date today?
తేదీ గుర్తుంచుకోండి	Remember the date
వారంలో ఏడు రోజులు	Seven days in a week
వచ్చే వారం కలుద్దాం	Let's meet next week
వారాంతం బాగా గడిచింది	The weekend went well
వారాంతం సెలవు కావాలి	I want a weekend holiday
వచ్చే నెల వెళ్తాను	I will go next month
ఈ నెల చాలా చల్లగా ఉంది	This month is very cold
ఈ సంవత్సరం బాగుంది	This year is good
వచ్చే సంవత్సరం కలుద్దాం	Let's meet next year
ఈ సీజన్ చాలా బాగుంది	This season is very good
సీజన్ మారింది	The season changed
వసంత కాలం అందంగా ఉంటుంది	Spring season is beautiful
వసంత రాకతో పూలు పూశాయి	Flowers bloomed with the arrival of spring
వేసవి సెలవులు వచ్చాయి	Summer holidays have arrived
వేసవిలో మామిడి పండ్లు తింటాము	We eat mangoes in summer
శరదృతువులో ప్రకృతి బాగుంటుంది	Nature is beautiful in autumn
శరదృతువులో చల్లగా ఉంటుంది	It is cool in autumn
చలికాలంలో దుస్తులు వేసుకోండి	Wear clothes in winter
చలికాలం వస్తోంది	Winter is coming
సోమవారం పని ప్రారంభమవుతుంది	Work starts on Monday
సోమవారం సెలవు లేదు	There is no holiday on Monday
మంగళవారం సెలవు ఉందా?	Is there a holiday on Tuesday?
మంగళవారం నేను వస్తాను	I will come on Tuesday
బుధవారం సమావేశం ఉంది	There is a meeting on Wednesday
బుధవారం మార్కెట్ సెలవు	Wednesday is a market holiday
గురువారం సినిమాకు వెళ్దాం	Let's go to a movie on Thursday
గురువారం పని పూర్తవుతుంది	Work will be finished on Thursday
శుక్రవారం చివరి రోజు	Friday is the last day
శుక్రవారం సాయంత్రం కలుద్దాం	Let's meet Friday evening
శనివారం ఆటలు ఆడుదాం	Let's play games on Saturday
శనివారం రాత్రి సినిమా	Saturday night movie
ఆదివారం ఇంటికి వెళ్తాను	I will go home on Sunday
ఆదివారం సెలవు రోజు	Sunday is a holiday
పుట్టినరోజు శుభాకాంక్షలు	Happy birthday
నీ పుట్టినరోజు ఎప్పుడు?	When is your birthday?
సూర్యోదయం చూడటం బాగుంటుంది	Watching the sunrise is good
సూర్యోదయం ముందుగా జరిగింది	The sunrise happened early
సూర్యాస్తమయం చాలా అందంగా ఉంది	The sunset is very beautiful.
సూర్యాస్తమయం తర్వాత చీకటి అవుతుంది	It becomes dark after sunset.
తల్లి ప్రేమ గొప్పది	Mother's love is great
నా తల్లి ఇక్కడ ఉంది	My mother is here
తండ్రి ఇంటికి వచ్చారు	Father came home
నా తండ్రి మంచివారు	My father is a good person
తల్లిదండ్రులు దేవుతో సమానం	Parents are equal to God
తల్లిదండ్రులను గౌరవించు	Respect your parents
నాకు ఒక సోదరి ఉంది	I have a sister
సోదరి పాట పాడుతోంది	Sister is singing a song
అతడు నా సోదరుడు	He is my brother
నా సోదరుడు చదువుకుంటున్నాడు	My brother is studying
అమ్మమ్మ కథలు చెబుతుంది	Grandmother tells stories
అమ్మమ్మ వంట బాగుంటుంది	Grandmother's cooking is good
తాతయ్య పార్కులో ఉన్నారు	Grandfather is in the park
తాతయ్య నాకు పుస్తకం ఇచ్చారు	Grandfather gave me a book
తాతలు ఊరి నుండి వచ్చారు	Grandparents came from the village
మా తాతలు చాలా మంచివారు	Our grandparents are very good
కొడుకు స్కూల్‌కు వెళ్ళాడు	The son went to school
అతను మంచి కొడుకు	He is a good son
కూతురు బొమ్మలు వేస్తోంది	The daughter is drawing pictures
ఆమె నా కూతురు	She is my daughter
పిల్లలు ఆడుకుంటున్నారు	Children are playing
పిల్లలు పాఠశాలలో ఉన్నారు	Children are in school
ఆ బిడ్డ నిద్రపోతోంది	That child is sleeping
చిన్న బిడ్డ నవ్వింది	The little child smiled
శిశువు పాలు తాగుతోంది	The baby is drinking milk
శిశువు చాలా ముద్దుగా ఉంది	The baby is very cute
భార్య వంట చేస్తోంది	Wife is cooking
ఆమె నా భార్య	She is my wife
నా భర్త ఆఫీసులో ఉన్నారు	My husband is in the office
అతడు మంచి భర్త	He is a good husband
అత్త ఇంటికి వచ్చింది	Aunt came home
అత్త నాకు పండ్లు ఇచ్చింది	Aunt gave me fruits
నాకు ఒక బంధువు వచ్చారు	A relative of mine came
ఆ బంధువు ఎక్కడ ఉన్నారు?	Where is that relative?
మేనల్లుడు ఆటలాడుతున్నాడు	The nephew is playing a game
మేనల్లుడు ఇక్కడే ఉన్నాడు	The nephew is right here
మేనకోడలు పాట పాడుతోంది	The niece is singing a song
ఆమె నా మేనకోడలు	She is my niece
మనవడు చాలా చురుకైనవాడు	The grandson is very active
మనవడు పుస్తకం చదువుతున్నాడు	The grandson is reading a book
మనవరాలు బొమ్మలు వేస్తోంది	The granddaughter is drawing pictures
నా మనవరాలు చాలా తెలివైనది	My granddaughter is very clever
నాకు ఒక స్నేహితుడు ఉన్నాడు	I have a friend
స్నేహితుడు సహాయం చేశాడు	The friend helped
అతడు నా మంచి స్నేహితుడు	He is my best friend
మంచి స్నేహితుడు ఎప్పుడూ తోడుంటాడు	A best friend is always there
మా కుటుంబం చాలా పెద్దది	Our family is very big
కుటుంబం అంటే సంతోషం	Family means happiness
పొరుగు మనిషి వచ్చారు	The neighbour came
పొరుగు ఇంటిలో కుక్క ఉంది	There is a dog in the neighbour's house
బంధువు ఊరికి వచ్చారు	The relative came to the village
నాకు బంధువులెక్కువ	I have many relatives
క్లాస్ మేట్ తో మాట్లాడు	Talk to the classmate
ఆమె నా క్లాస్ మేట్	She is my classmate
సహోద్యోగి నాకు సహాయం చేశాడు	The colleague helped me
నా సహోద్యోగి మంచివారు	My colleague is a good person
భాగస్వామి ఒప్పందం చేసుకున్నారు	The partner made an agreement
వ్యాపార భాగస్వామి వచ్చారు	The business partner came
ప్రియుడు ఉత్తరం రాశాడు	The boyfriend wrote a letter
అతడు నా ప్రియుడు	He is my boyfriend
ప్రియురాలు పాట పాడుతోంది	The girlfriend is singing a song
ఆమె నా ప్రియురాలు	She is my girlfriend
తోబుట్టువులు కలిసి ఉండాలి	Siblings should stay together
నాకు ముగ్గురు తోబుట్టువులు	I have three siblings
పెద్దలు మాట వినాలి	Listen to the adults
పెద్దలు ఇక్కడ కూర్చున్నారు	Adults are sitting here
ఆ జంట అందంగా ఉంది	That twin pair is beautiful
ఆమెకు జంట సోదరుడు ఉన్నాడు	She has a twin brother
నీరు ఇక్కడ ఉంది	Water is here
నీరు తాగుము	Drink water
రొట్టె బాగుంది	The bread is good
నేను రొట్టె తిన్నాను	I ate bread
పాలు తెచ్చాను	I brought milk
పాలు వేడిగా ఉన్నాయి	The milk is hot
టీ కావాలా	Do you want tea?
టీ చాలా వేడిగా ఉంది	The tea is very hot
రసం తీపిగా ఉంది	The juice is sweet
పండ్ల రసం ఇవ్వు	Give fruit juice
చారు వేడిగా ఉంది	The soup is hot
నేను చారు తాగాను	I drank the soup
బియ్యం తెచ్చాను	I brought the rice
బియ్యం పైన ఉంది	The rice is on top
గుడ్డు ఆరోగ్యకరం	Egg is healthy
ఒక గుడ్డు ఇవ్వు	Give one egg
ఆపిల్ ఎర్రగా ఉంది	The apple is red
నాకు ఆపిల్ ఇష్టం	I like apple
అరటిపండు తీయగా ఉంది	The banana is sweet
అరటిపండు ఇక్కడ ఉంది	The banana is here
నారింజ పుల్లగా ఉంది	The orange is sour
నారింజ పండు తీసుకో	Take the orange fruit
ద్రాక్ష పండ్లు తీయగా ఉన్నాయి	The grapes are sweet
ద్రాక్ష ఇక్కడ ఉంది	The grape is here
స్ట్రాబెర్రీ ఎర్రగా ఉంది	The strawberry is red
నాకు స్ట్రాబెర్రీ ఇష్టం	I like strawberry
నిమ్మకాయ పుల్లగా ఉంటుంది	Lemon is sour
నిమ్మకాయ ఇక్కడ ఉంది	The lemon is here
కూరగాయల మార్కెట్ పెద్దది	The vegetable market is big
కూరగాయల బుట్ట ఉంది	There is a vegetable basket
బంగాళదుంప వేయించండి	Fry the potato
బంగాళదుంప ఇక్కడ ఉంది	The potato is here
టమోటా ఎర్రగా ఉంది	The tomato is red
టమోటా కోయండి	Cut the tomato
ఉల్లిపాయ ఘాటుగా ఉంది	The onion is pungent
ఉల్లిపాయ కోయండి	Cut the onion
వెల్లుల్లి ఆరోగ్యకరం	Garlic is healthy
వెల్లుల్లి ఇక్కడ ఉంది	The garlic is here
క్యారెట్ ఎర్రగా ఉంది	The carrot is red
క్యారెట్ తినండి	Eat the carrot
మాంసం వండింది	The meat is cooked
మాంసం బాగుంది	The meat is good
చేప వేయించండి	Fry the fish
చేప నీటిలో ఉంది	The fish is in the water
చికెన్ వండు	Cook chicken
చికెన్ బాగుంది	The chicken is good
ఉప్పు తక్కువగా ఉంది	The salt is less
ఉప్పు వేయండి	Add salt
చక్కెర తీయగా ఉంటుంది	Sugar is sweet
చక్కెర ఇక్కడ ఉంది	The sugar is here
నూనె వేడిగా ఉంది	The oil is hot
నూనె కొంచెం వేయండి	Add a little oil
వెన్న తెల్లగా ఉంది	The butter is white
వెన్న ఇక్కడ ఉంది	The butter is here
జున్ను రుచిగా ఉంది	The cheese is tasty
జున్ను ఇవ్వు	Give cheese
పెరుగు పుల్లగా ఉంది	The yogurt is sour
పెరుగు ఇక్కడ ఉంది	The yogurt is here
కేక్ బాగుంది	The cake is good
కేక్ కోయండి	Cut the cake
చాక్లెట్ తీయగా ఉంది	The chocolate is sweet
చాక్లెట్ ఇవ్వు	Give chocolate
అల్పాహారం సిద్ధంగా ఉంది	Breakfast is ready
అల్పాహారం తిన్నాను	I ate breakfast
మధ్యాహ్న భోజనం బాగుంది	Lunch is good
మధ్యాహ్న భోజనం తిన్నావా	Did you eat lunch?
విందు బాగుంది	The dinner is good
విందు సిద్ధంగా ఉంది	Dinner is ready
చిరుతిండి తినండి	Eat the snack
చిరుతిండి ఇక్కడ ఉంది	The snack is here
ప్లేట్ ఇక్కడ ఉంది	The plate is here
ప్లేట్ శుభ్రం చేయి	Clean the plate
కప్పు ఇక్కడ ఉంది	The cup is here
కప్పులో టీ ఉంది	There is tea in the cup
నీ ముఖం చాలా అందంగా ఉంది	Your face is very beautiful
ఆ ముఖం ఎక్కడ ఉంది?	Where is that face?
నాకు ఒక కన్ను నొప్పిగా ఉంది	One eye of mine is hurting
ఆ కన్ను ఎరుపుగా ఉంది	That eye is red
నాకు చెవి నొప్పిగా ఉంది	My ear is hurting
ఆ చెవి చిన్నదిగా ఉంది	That ear is small
నీ ముక్కు ఎక్కడ ఉంది?	Where is your nose?
ముక్కు ద్వారా గాలి పీల్చుకో	Breathe through the nose
నోరు తెరువు	Open the mouth
నీ నోరు మూసుకో	Close your mouth
ఆ పెదవి ఎర్రగా ఉంది	That lip is red
పెదవి మీద మచ్చ ఉంది	There is a mark on the lip
పంటి నొప్పిగా ఉంది	The tooth is hurting
ఆ పంటి రంగు తెల్లగా ఉంది	That tooth is white in color
నాలుక బయటకు తీయి	Stick the tongue out
నాలుక మీద రుచి ఉంది	There is taste on the tongue
గడ్డం చిన్నదిగా ఉంది	The chin is small
నీ గడ్డం ఎక్కడ ఉంది?	Where is your chin?
మెడ నొప్పిగా ఉంది	The neck is hurting
ఆ మెడ పొడవుగా ఉంది	That neck is long
నా భుజం నొప్పిగా ఉంది	My shoulder is hurting
ఆ భుజం బలంగా ఉంది	That shoulder is strong
నీ చేయి ఎక్కడ ఉంది?	Where is your arm?
చేయి పైకి లేపు	Lift the arm up
చేతి లోపల పెన్ను ఉంది	There is a pen in the hand
నా చేతి నొప్పిగా ఉంది	My hand is hurting
వేలు చిన్నదిగా ఉంది	The finger is small
ఆ వేలు ఎక్కడ ఉంది?	Where is that finger?
బొటనవేలు బలంగా ఉంది	The thumb is strong
నీ బొటనవేలు ఎక్కడ ఉంది?	Where is your thumb?
మణికట్టు నొప్పిగా ఉంది	The wrist is hurting
ఆ మణికట్టు చిన్నదిగా ఉంది	That wrist is small
మోచేయి ఎరుపుగా ఉంది	The elbow is red
నీ మోచేయి ఎక్కడ ఉంది?	Where is your elbow?
కాలు నొప్పిగా ఉంది	The leg is hurting
ఆ కాలు పొడవుగా ఉంది	That leg is long
మోకాలు నొప్పిగా ఉంది	The knee is hurting
నీ మోకాలు ఎక్కడ ఉంది?	Where is your knee?
అడుగు చాలా చిన్నదిగా ఉంది	The foot is very small
ఆ అడుగు ఎక్కడ ఉంది?	Where is that foot?
బొటనవేలు నొప్పిగా ఉంది	The toe is hurting
చీలమండ నొప్పిగా ఉంది	The ankle is hurting
ఆ చీలమండ చిన్నదిగా ఉంది	That ankle is small
ఛాతీ నొప్పిగా ఉంది	The chest is hurting
నా ఛాతీ బలంగా ఉంది	My chest is strong
కడుపు నొప్పిగా ఉంది	The stomach is hurting
నీ కడుపు ఎక్కడ ఉంది?	Where is your stomach?
జుట్టు నల్లగా ఉంది	The hair is black
జుట్టు చాలా పొడవుగా ఉంది	The hair is very long
చర్మం మెత్తగా ఉంది	The skin is soft
నీ చర్మం తెల్లగా ఉంది	Your skin is white
ఎముక విరిగింది	The bone is broken
ఆ ఎముక చిన్నదిగా ఉంది	That bone is small
రక్తం ఎరుపుగా ఉంది	Blood is red
రక్తం ఎక్కడ ఉంది?	Where is the blood?
మెదడు చాలా శక్తివంతంగా ఉంది	The brain is very powerful
నీ మెదడు ఎక్కడ ఉంది?	Where is your brain?
ఊపిరితిత్తుల నొప్పిగా ఉంది	The lung is hurting
ఆ ఊపిరితిత్తుల పెద్దవిగా ఉన్నాయి	Those lungs are large
తుంటి నొప్పిగా ఉంది	The hip is hurting
నీ తుంటి ఎక్కడ ఉంది?	Where is your hip?
గడ్డం పెద్దగా ఉంది	The beard is large
ఆ గడ్డం నల్లగా ఉంది	That beard is black
మీసాలు పొడవుగా ఉన్నాయి	The moustache is long
నీ మీసాలు ఎక్కడ ఉన్నాయి?	Where is your moustache?
చెంప ఎరుపుగా ఉంది	The cheek is red
ఆ చెంప మెత్తగా ఉంది	That cheek is soft
నుదురు పెద్దగా ఉంది	The forehead is large
నీ నుదురు ఎక్కడ ఉంది?	Where is your forehead?
మా ఇల్లు పెద్దది	Our house is big
ఈ ఇల్లు చాలా అందంగా ఉంది	This home is very beautiful
పడకగదిలో మంచం ఉంది	There is a bed in the bedroom
పడకగది శుభ్రంగా ఉంది	The bedroom is clean
వంటగది ఎక్కడ ఉంది?	Where is the kitchen?
వంటగదిలో టీ ఉంది	There is tea in the kitchen
బాత్రూమ్ లో నీళ్లు లేవు	There is no water in the bathroom
బాత్రూమ్ లో సబ్బు ఉంది	There is soap in the bathroom
కిటికీ తెరవండి	Open the window
కిటికీ మూసి ఉంది	The window is closed
గోడ తెల్లగా ఉంది	The wall is white
గోడ మీద చిత్రం ఉంది	There is a picture on the wall
ఈ అంతస్తు చల్లగా ఉంది	This floor is cold
అంతస్తు శుభ్రంగా ఉంది	The floor is clean
పైకప్పు ఎత్తుగా ఉంది	The ceiling is high
పైకప్పు తెల్లగా ఉంది	The ceiling is white
పైకప్పు పాతది	The roof is old
పైకప్పు మీద పిల్లి ఉంది	There is a cat on the roof
మెట్లు ఎక్కకండి	Do not climb the stairs
మెట్లు చాలా ఎత్తుగా ఉన్నాయి	The stairs are very high
బాల్కనీలో మొక్కలు ఉన్నాయి	There are plants on the balcony
బాల్కనీ నుండి గాలి వస్తోంది	Wind is coming from the balcony
తోటలో పూలు ఉన్నాయి	There are flowers in the garden
తోట చాలా పెద్దది	The garden is very big
యార్డ్ లో కుక్క ఉంది	There is a dog in the yard
యార్డ్ లో చెట్టు ఉంది	There is a tree in the yard
మంచం పైన పుస్తకం ఉంది	There is a book on the bed
మంచం చాలా మెత్తగా ఉంది	The bed is very soft
దిండు ఎక్కడ ఉంది?	Where is the pillow?
దిండు తెల్లగా ఉంది	The pillow is white
దుప్పటి తీసుకోండి	Take the blanket
దుప్పటి మెత్తగా ఉంది	The blanket is soft
పట్టిక మీద పెన్ను ఉంది	There is a pen on the table
పట్టిక చిన్నది	The table is small
కుర్చీలో కూర్చోండి	Sit in the chair
కుర్చీ ఎక్కడ ఉంది?	Where is the chair?
సోఫా ఎరుపు రంగులో ఉంది	The sofa is red
సోఫా మీద కూర్చోండి	Sit on the sofa
షెల్ఫ్ లో పుస్తకాలు ఉన్నాయి	There are books on the shelf
షెల్ఫ్ ని శుభ్రం చేయండి	Clean the shelf
అల్మారాలో బట్టలు ఉన్నాయి	There are clothes in the cupboard
అల్మారా మూసి ఉంచండి	Keep the cupboard closed
వార్డ్రోబ్ చాలా పెద్దది	The wardrobe is very big
వార్డ్రోబ్ లో బట్టలు ఉన్నాయి	There are clothes in the wardrobe
దీపం వెలుగుతోంది	The lamp is glowing
దీపం ఎక్కడ ఉంది?	Where is the lamp?
కాంతి చాలా తక్కువగా ఉంది	The light is very low
కాంతి తెల్లగా ఉంది	The light is white
గడియారం గోడ మీద ఉంది	The clock is on the wall
గడియారం పది కొట్టింది	The clock struck ten
అద్దం పగిలిపోయింది	The mirror is broken
అద్దం లో చూసుకోండి	Look in the mirror
కార్పెట్ ఎరుపు రంగులో ఉంది	The carpet is red
కార్పెట్ శుభ్రంగా ఉంది	The carpet is clean
తెర తెరవండి	Open the curtain
తెర నీలం రంగులో ఉంది	The curtain is blue
టవల్ ఎక్కడ ఉంది?	Where is the towel?
టవల్ తెల్లగా ఉంది	The towel is white
సబ్బు ఎక్కడ ఉంది?	Where is the soap?
సబ్బు వాడండి	Use the soap
కీ ఎక్కడ ఉంది?	Where is the key?
కీ పోయింది	The key is lost
ఫ్రిజ్ లో పాలు ఉన్నాయి	There is milk in the fridge
ఫ్రిజ్ తెరిచాను	I opened the fridge
పొయ్యి వేడిగా ఉంది	The oven is hot
పొయ్యి లో కేకు ఉంది	There is a cake in the oven
పొయ్యి మీద అన్నం ఉంది	There is rice on the stove
పొయ్యి ఆపండి	Turn off the stove
మునిగిపోతుంది లో నీళ్లు ఉన్నాయి	There is water in the sink
మునిగిపోతుంది శుభ్రం చేయండి	Clean the sink
ఆ పక్షి అందంగా ఉంది	That bird is beautiful
పక్షి ఆకాశంలో ఎగురుతుంది	The bird flies in the sky
చేప నీళ్లలో ఉంది	The fish is in the water
నాకు చేప అంటే ఇష్టం	I like fish
గుర్రం వేగంగా పరిగెత్తుతుంది	The horse runs fast
ఆ గుర్రం తెల్లగా ఉంది	That horse is white
ఆవు పాలు ఇస్తుంది	The cow gives milk
ఆవు గడ్డి తింటుంది	The cow eats grass
గేదె పొలంలో ఉంది	The buffalo is in the field
గేదె నల్లగా ఉంది	The buffalo is black
మేక గడ్డి తింటుంది	The goat eats grass
మేక చిన్నదిగా ఉంది	The goat is small
గొర్రెలు పచ్చగడ్డి తింటున్నాయి	The sheep are eating green grass
గొర్రెలు పొలంలో ఉన్నాయి	The sheep are in the field
పంది బురదలో ఉంది	The pig is in the mud
పంది పెద్దదిగా ఉంది	The pig is big
కుందేలు వేగంగా పరిగెత్తుతుంది	The rabbit runs fast
కుందేలు తెల్లగా ఉంది	The rabbit is white
ఎలుక గోధుమలు తింటుంది	The rat eats wheat
ఎలుక చిన్నదిగా ఉంది	The rat is small
నా మౌస్ పనిచేయడం లేదు	My mouse is not working
కంప్యూటర్ మౌస్ ఇక్కడ ఉంది	The computer mouse is here
బాతు నీటిలో ఈదుతుంది	The duck swims in the water
బాతు తెల్లగా ఉంది	The duck is white
చికెన్ ధర పెరిగింది	The price of chicken increased
నేను చికెన్ తిన్నాను	I ate chicken
కోడి గుడ్డు పెట్టింది	The hen laid an egg
కోడి గింజలు తింటుంది	The hen eats grains
రూస్టర్ అరిచింది	The rooster crowed
రూస్టర్ పొద్దున్నే లేపింది	The rooster woke me up early
టర్కీ పక్షి పెద్దదిగా ఉంది	The turkey bird is big
టర్కీ పక్షులు ఇక్కడ ఉన్నాయి	Turkey birds are here
సింహం అడవి రాజు	The lion is the king of the forest
సింహం గట్టిగా గర్జిస్తుంది	The lion roars loudly
పులి అడవిలో ఉంది	The tiger is in the forest
పులి చాలా క్రూరమైనది	The tiger is very cruel
ఎలుగుబంటి తేనె ఇష్టపడుతుంది	The bear likes honey
ఎలుగుబంటి నల్లగా ఉంది	The bear is black
తోడేలు అడవిలో ఉంది	The wolf is in the forest
తోడేలు గట్టిగా అరిచింది	The wolf howled loudly
జింక వేగంగా పరిగెత్తుతుంది	The deer runs fast
జింక అందంగా ఉంది	The deer is beautiful
ఏనుగు చాలా పెద్దది	The elephant is very big
ఏనుగు నీటితో స్నానం చేస్తుంది	The elephant bathes with water
కోతి చెట్టుపై ఉంది	The monkey is on the tree
కోతి అరటిపండు తింటుంది	The monkey eats a banana
జిరాఫీ మెడ పొడవుగా ఉంది	The giraffe has a long neck
జిరాఫీ ఎత్తుగా ఉంది	The giraffe is tall
జీబ్రా చారలు కలిగి ఉంది	The zebra has stripes
జీబ్రా అడవిలో ఉంటుంది	The zebra lives in the forest
ఒంటె ఎడారిలో నడుస్తుంది	The camel walks in the desert
ఒంటెకు పెద్ద మూపు ఉంది	The camel has a big hump
కంగారు దూకుతుంది	The kangaroo jumps
కంగారు ఆస్ట్రేలియాలో ఉంటుంది	The kangaroo is in Australia
పాండా తెల్లగా నల్లగా ఉంది	The panda is white and black
పాండా బొంగురుపోయినది	The panda is fluffy
పాము నేల మీద ఉంది	The snake is on the ground
పాము విషపూరితం	The snake is poisonous
కప్ప నీటిలో ఉంది	The frog is in the water
కప్ప గెంతింది	The frog jumped
తాబేలు నెమ్మదిగా నడుస్తుంది	The turtle walks slowly
తాబేలు నీటిలో ఉంది	The turtle is in the water
సాలీడు వల అల్లింది	The spider spun a web
సాలీడు గోడపై ఉంది	The spider is on the wall
చీమ చిన్నదిగా ఉంది	The ant is small
చీమ చక్కెర తింటుంది	The ant eats sugar
తేనెటీగ తేనెను సేకరిస్తుంది	The bee collects honey
తేనెటీగ కుట్టినది	The bee stung
సీతాకోకచిలుక రంగులమయంగా ఉంది	The butterfly is colorful
డేగ ఆకాశంలో ఎగిరింది	The eagle flew in the sky
డేగ చాలా వేగంగా ఉంది	The eagle is very fast
గుడ్లగూబ రాత్రి పూట వస్తుంది	The owl comes at night
ఆ గుడ్లగూబ పెద్దదిగా ఉంది	That owl is big
ఆయన మంచి గురువు	He is a good teacher
గురువు పాఠం చెప్పారు	The teacher taught the lesson
ఆ విద్యార్థి చదువుకున్నాడు	That student studied
విద్యార్థి ప్రశ్న అడిగాడు	The student asked a question
పాఠశాల చాలా పెద్దది	The school is very big
మేము పాఠశాలకు వెళ్తాము	We go to the school
తరగతి గది శుభ్రంగా ఉంది	The classroom is clean
తరగతి గదిలో విద్యార్థులు ఉన్నారు	There are students in the classroom
ఈ పాఠం చాలా సులభం	This lesson is very easy
ఆయన పాఠం చెప్పారు	He taught the lesson
హోంవర్క్ పూర్తి చేసాను	I completed the homework
హోంవర్క్ ఎక్కడ ఉంది?	Where is the homework?
నా నోట్బుక్ ఇక్కడ ఉంది	My notebook is here
నోట్బుక్ తెరిచి ఉంచు	Keep the notebook open
పెన్సిల్ ఎక్కడ ఉంది?	Where is the pencil?
నాకు పెన్సిల్ కావాలి	I want a pencil
ఎరేజర్ ఎక్కడ ఉంది?	Where is the eraser?
ఎరేజర్ ఇక్కడ ఉంది	The eraser is here
పాలకుడు పొడవుగా ఉంది	The ruler is long
పాలకుడు ఎక్కడుంది?	Where is the ruler?
కాగితం తెచ్చాను	I brought the paper
ఈ కాగితం తెల్లగా ఉంది	This paper is white
నల్లబల్ల శుభ్రం చేయి	Clean the blackboard
నల్లబల్ల మీద రాయండి	Write on the blackboard
విశ్వవిద్యాలయం చాలా పెద్దది	The university is very big
ఆయన విశ్వవిద్యాలయంలో చదివాడు	He studied at the university
కళాశాల ఎక్కడ ఉంది?	Where is the college?
నేను కళాశాలకు వెళ్తాను	I will go to the college
లైబ్రరీలో పుస్తకాలు ఉన్నాయి	There are books in the library
లైబ్రరీ మూసి ఉంది	The library is closed
ఈ విషయం కష్టంగా ఉంది	This subject is difficult
అది ముఖ్యమైన విషయం	That is an important subject
కార్యాలయం మూసి ఉంది	The office is closed
ఆయన కార్యాలయంలో ఉన్నారు	He is in the office
ఆమె మంచి నర్సు	She is a good nurse
నర్సు రోగికి సహాయం చేసింది	The nurse helped the patient
అతను ఒక ఇంజనీర్	He is an engineer
ఇంజనీర్ ప్లాన్ చేశాడు	The engineer planned
రైతు పొలంలో ఉన్నాడు	The farmer is in the field
ఆ రైతు కష్టపడ్డాడు	That farmer worked hard
డ్రైవర్ కారు నడుపుతున్నాడు	The driver is driving the car
డ్రైవర్ ఎక్కడ ఉన్నారు?	Where is the driver?
అమ్మ ఉడికించాలి అని చెప్పారు	Mother said to cook
ఆమె కూర ఉడికించాలి	She must cook the curry
వెయిటర్ నీళ్లు తెచ్చాడు	The waiter brought water
వెయిటర్ బిల్లు ఇచ్చాడు	The waiter gave the bill
పోలీసు అధికారి వచ్చారు	The police officer came
ఆయన పోలీసు అధికారి	He is a police officer
కార్మికుడు పని చేస్తున్నాడు	The worker is working
కార్మికుడు అలసిపోయాడు	The worker got tired
అక్కడ ఒక పుస్తకం ఉంటుంది	There is a book there
ఇక్కడ ఏమి ఉంటుంది	What will be here
వారు శక్తిని కలిగి ఉంటాయి	They have strength
అవి రంగులను కలిగి ఉంటాయి	They have colors
ఈ పని చేయండి	Do this work
త్వరగా పని చేయండి	Do the work quickly
అక్కడికి వెళ్ళు	Go there
లోపలికి వెళ్ళు	Go inside
ఇక్కడికి రండి	Come here
లోపలికి రండి	Come inside
పండు తినండి	Eat the fruit
అన్నం తినండి	Eat the rice
నీళ్లు త్రాగండి	Drink water
పాలు త్రాగండి	Drink milk
అక్కడ చూడండి	Look there
దీన్ని చూడండి	Look at this
వారు వింటారు	They hear
పిల్లలు వింటారు	Children hear
చెట్లు ఆక్సిజన్ ఇస్తాయి	Trees give oxygen
అవి పండ్లు ఇస్తాయి	They give fruits
ఇక్కడి చాలు	This is enough here
అక్కడ చాలు	Enough there
పుస్తకం పొందండి	Get the book
బహుమతి పొందండి	Get the gift
వారు అంటున్నారు	They are saying
అందరూ అంటున్నారు	Everyone is saying
నాతో మాట్లాడండి	Talk with me
మెల్లగా మాట్లాడండి	Talk slowly
వారు తెలుగు మాట్లాడతారు	They speak Telugu
అమె బాగా మాట్లాడతారు	She speaks well
మెల్లగా నడవండి	Walk slowly
దారిలో నడవండి	Walk on the path
త్వరగా పరుగు	Run quickly
అక్కడికి పరుగు	Run there
ఇక్కడ కూర్చోండి	Sit here
అక్కడ నిలబడండి	Stand there
లైన్లో నిలబడండి	Stand in line
తలుపు తెరవండి	Open the door
నాకు దగ్గరగా రండి	Come close to me
అతను నాకు దగ్గరగా ఉన్నాడు	He is close to me
అతను పుస్తకం చదివాడు	He read the book
అతను వార్త చదివాడు	He read the news
పేరు వ్రాయండి	Write the name
అక్కడ వ్రాయండి	Write there
పాట వినండి	Listen to the song
జాగ్రత్తగా వినండి	Listen carefully
సినిమా వాచ్	Watch the movie
టీవీ వాచ్	Watch the TV
బంతి ప్లే	Play the ball
ఆట ప్లే	Play the game
పండ్లు కొనండి	Buy fruits
బట్టలు కొనండి	Buy clothes
వారు పుస్తకాలు అమ్ముతారు	They sell books
అక్కడ అమ్ముతారు	They sell there
వంట ఉడికించాలి	Must cook the food
అన్నం ఉడికించాలి	Must cook the rice
చేతులు కడగడం	Washing hands
బట్టలు కడగడం	Washing clothes
ఇల్లు శుభ్రంగా ఉంది	The house is clean
గది శుభ్రంగా ఉంది	The room is clean
నన్ను మేల్కొలపండి	Wake me up
త్వరగా మేల్కొలపండి	Wake up quickly
పాఠం చదువు	Read the lesson
పుస్తకం చదువు	Read the book
వారు నేర్చుకుంటారు	They learn
పిల్లలు నేర్చుకుంటారు	Children learn
గురువు బోధిస్తారు	The teacher teaches
వారు బోధిస్తారు	They teach
ఆయన్ని మేల్కొలపండి	Wake him up
దయచేసి లేవండి	Please get up
త్వరగా లేవండి	Get up quickly
ఇప్పుడు దుస్తులు ధరించండి	Get dressed now
కొత్త దుస్తులు ధరించండి	Wear new clothes
చేతులు కడగడం ముఖ్యం	Washing hands is important
పండ్లు కడగడం మర్చిపోవద్దు	Don't forget washing fruits
పళ్ళు బ్రష్ చేయండి	Brush your teeth
బ్రష్ ఎక్కడ ఉంది?	Where is the brush?
షవర్ వేడిగా ఉంది	The shower is hot
షవర్ ఎక్కడ ఉంది?	Where is the shower?
అల్పాహారం తినండి	Eat breakfast
ఇంటిని వదిలివేయండి	Leave the house
అందరినీ వదిలివేయండి	Leave everyone
వారు ఇప్పుడే చేరుకుంటారు	They will arrive now
మేము త్వరగా చేరుకుంటారు	We will arrive quickly
మధ్యాహ్న భోజనం రుచిగా ఉంది	Lunch is tasty
మధ్యాహ్న భోజనం ఎప్పుడు?	When is lunch?
చిన్న బ్రేక్ తీసుకోండి	Take a small break
బ్రేక్ ముగిసింది	The break is over
ఇది నా ఇల్లు	This is my home
ఇల్లు చాలా పెద్దది	The house is very big
విందు చాలా బాగుంది	The dinner is very good
కాసేపు విశ్రాంతి తీసుకోండి	Relax for a while
మీరు ఇక్కడ విశ్రాంతి తీసుకోండి	You relax here
నా వాచ్ కొత్తది	My watch is new
ఆ వాచ్ ఎవరిది?	Whose watch is that?
అతడు పుస్తకం చదివాడు	He read the book
అతడు వార్తలు చదివాడు	He read the news
ఇప్పుడు పడుకో	Go to sleep now
త్వరగా పడుకో	Go to bed quickly
ఉదయం చాలా చల్లగా ఉంది	The morning is very cold
నేను ఉదయం లేచాను	I woke up in the morning
సాయంత్రం నడవండి	Walk in the evening
సాయంత్రం కాసాను	It is evening
అతడు ప్రారంభ సమయంలో వచ్చాడు	He came at the early time
ప్రారంభ దశలో జాగ్రత్తగా ఉండండి	Be careful in the early stage
అతడు ఆలస్యంగా వచ్చాడు	He came late
ఇప్పుడు ఆలస్యంగా అవుతోంది	It is getting late now
అమ్మా, నేను బిజీగా ఉన్నారు	Mom, I am busy
వారు చాలా బిజీగా ఉన్నారు	They are very busy
ఈ సమయం ఉచిత	This time is free
అక్కడ ఉచిత నీళ్లు ఉన్నాయి	There is free water there
ఇది ఒక వారపు రోజు	This is a weekday
వారపు రోజు పని చేయాలి	Must work on a weekday
వారాంతం నాకు ఇష్టం	I like the weekend
వారాంతం ఎప్పుడు మొదలవుతుంది?	When does the weekend start?
ఇది నా సాధారణ దినచర్య	This is my usual routine
సాధారణంగా నేను త్వరగా లేస్తాను	Usually I wake up early
పనిని ప్రారంభించండి	Start the work
ఆటను ప్రారంభించండి	Start the game
పనిని పూర్తి చేయండి	Finish the work
పాఠం పూర్తి అయింది	The lesson is finished
వంట సిద్ధం చేయండి	Prepare the food
నేను సిద్ధం	I am ready
విశ్రాంతి అవసరం	Rest is necessary
అతడు చాలా అలసిపోయాడు	He is very tired
నేను అలసిపోయాడు అని చెప్పాను	I said that he is tired
ఈరోజు ఎండ ఎక్కువగా ఉంది	Today it is very sunny
ఎండలో వెళ్లకండి	Do not go in the sun
ఇది వర్షపు రోజు	This is a rainy day
వర్షపు నీళ్లు పడ్డాయి	Rainy water fell
ఆకాశం మేఘావృతంగా ఉంది	The sky is cloudy
మేఘావృతం వల్ల చీకటిగా ఉంది	It is dark because of the cloudiness
మంచు పర్వతాలు అందంగా ఉన్నాయి	The snowy mountains are beautiful
మంచు కురుస్తోంది	Snow is falling
ఈ కాఫీ చాలా వేడి	This coffee is very hot
వేడి నీళ్లు కావాలి	I want hot water
చల్లని గాలి వీస్తోంది	Cool breeze is blowing
ఈ నీళ్లు చాలా చల్లని	This water is very cold
వెచ్చని పాలు తాగండి	Drink warm milk
వెచ్చని నీటి స్నానం చేయి	Take a warm water bath
చల్లని పానీయం కావాలి	I want a cool drink
చల్లని గాలి బాగుంది	Cool breeze is good
ఈరోజు గాలులతో కూడిన వాతావరణం	Today is windy weather
గాలులతో కూడిన సాయంత్రం	Windy evening
పొగమంచు వల్ల దారి కనిపించదు	The way is not visible due to fog
పొగమంచు ఉదయం బాగుంటుంది	Foggy morning is nice
వర్షం పడుతోంది	It is raining
వర్షం ఆగింది	The rain stopped
మంచు తెల్లగా ఉంటుంది	Snow is white
మంచు పర్వతాలు చల్లగా ఉంటాయి	Snowy mountains are cold
పెద్ద తుఫాను వచ్చింది	A big storm came
తుఫాను వల్ల చెట్లు పడ్డాయి	Trees fell due to the storm
ఉరుము శబ్దం విన్నాను	I heard the sound of thunder
ఉరుము భయం వేసింది	Thunder caused fear
మెరుపు మెరుస్తోంది	Lightning is flashing
మెరుపు వేగంగా వచ్చింది	Lightning came quickly
ఇంద్రధనస్సు రంగురంగులుగా ఉంది	The rainbow is colorful
ఆకాశంలో ఇంద్రధనస్సు వచ్చింది	The rainbow appeared in the sky
ఆకాశం నీలంగా ఉంది	The sky is blue
ఆకాశం చాలా పెద్దది	The sky is very big
మేఘం తెల్లగా ఉంది	The cloud is white
ఒక మేఘం కదిలింది	A cloud moved
సూర్యుడు తూర్పున ఉదయిస్తాడు	The sun rises in the east
సూర్యుడు వేడిని ఇస్తాడు	The sun gives heat
చంద్రుడు రాత్రి కనిపిస్తాడు	The moon is visible at night
చంద్రుడు తెల్లగా ఉన్నాడు	The moon is white
ఆకాశంలో ఒక నక్షత్రం ఉంది	There is one star in the sky
నక్షత్రం మెరుస్తోంది	The star is shining
ఉష్ణోగ్రత పెరిగింది	The temperature increased
ఉష్ణోగ్రత తగ్గింది	The temperature decreased
వాతావరణం బాగుంది	The weather is good
ఈరోజు వాతావరణం వేడిగా ఉంది	Today the weather is hot
వర్ష సూచన ఉంది	There is a rain forecast
సూచన చూడండి	Check the forecast
వసంత పూలు వికసించాయి	Spring flowers bloomed
వేసవిలో ఎండ ఎక్కువగా ఉంటుంది	It is very sunny in summer
శరదృతువులో ఆకులు రాలుతాయి	Leaves fall in autumn
శరదృతువు చల్లగా ఉంటుంది	Autumn is cool
చలికాలంలో చలి ఎక్కువ	Cold is more in winter
చలికాలం దుస్తులు వేసుకోండి	Wear winter clothes
నేల పొడిగా ఉంది	The ground is dry
పొడి బ్రష్ వాడండి	Use a dry brush
బట్టలు తడిగా ఉన్నాయి	The clothes are wet
తడి చేతులు తుడుచుకో	Wipe the wet hands
గాలి తేమతో కూడినది	The air is humid
తేమతో కూడిన వాతావరణం ఇబ్బందిగా ఉంది	Humid weather is uncomfortable
నీళ్లు గడ్డకట్టడం ప్రారంభమైంది	Water started freezing
గడ్డకట్టడం వల్ల మంచు వచ్చింది	Snow came due to freezing
ఇది ఏ సీజన్?	Which season is this?
నాకు ఈ సీజన్ ఇష్టం.	I like this season.
పుస్తకాలు కొనండి	Buy books
వారు పండ్లు అమ్ముతారు	They sell fruits
అక్కడ బట్టలు అమ్ముతారు	They sell clothes there
ఇది చాలా చౌక	This is very cheap
ఆ ధర చౌక	That price is cheap
ఇది ఖరీదైన వాచ్	This is an expensive watch
అది ఖరీదైన కారు	That is an expensive car
నగదు తీసుకురండి	Bring cash
నగదు లేదు	There is no cash
కార్డు పనిచేయడం లేదు	The card is not working
కార్డు ఎక్కడ ఉంది?	Where is the card?
దుకాణం తెరిచారు	The shop is open
దుకాణం మూసి ఉంది	The shop is closed
సూపర్ మార్కెట్ పెద్దది	The supermarket is large
సూపర్ మార్కెట్ ఎక్కడ?	Where is the supermarket?
మార్కెట్ కి వెళ్ళండి	Go to the market
మార్కెట్ లో రద్దీగా ఉంది	The market is crowded
మాల్ చాలా బాగుంది	The mall is very good
మాల్ లో సినిమా ఉంది	There is a cinema in the mall
పరిమాణం సరిపోలేదు	The size is not right
సరైన పరిమాణం ఎంచుకోండి	Choose the correct size
ఇది చిన్నది	This is small
చిన్నది బాగుంది	The small one is good
మధ్యస్థ పరిమాణం కావాలి	I want medium size
మధ్యస్థ ధర ఉంది	There is a medium price
పెద్ద ఇల్లు కావాలి	I want a large house
పెద్ద బ్యాగ్ తీసుకోండి	Take a large bag
బిల్లు చెల్లించాలి	Must pay the bill
డబ్బులు చెల్లించాలి	Must pay money
ఎక్కువ ఖర్చు అయ్యింది	It cost a lot
ఖర్చు ఎంత అయ్యింది?	How much was the cost?
వారు డబ్బు ఖర్చు చేస్తారు	They spend money
ఎక్కువ ఖర్చు చేస్తారు	They spend a lot
డబ్బులను సేవ్ చేయండి	Save the money
డబ్బును సేవ్ చేయాలి	Must save money
అమ్మకం లో ఉంది	It is on sale
ఈ అమ్మకం బాగుంది	This sale is good
తగ్గింపు ఉందిగా?	Is there a discount?
తగ్గింపు ఎంత?	How much is the discount?
రసీదు చూపండి	Show the receipt
రసీదు ఎక్కడ ఉంది?	Where is the receipt?
మార్పు ఇవ్వండి	Give the change
మార్పు సరిపోలేదు	The change is not enough
వినియోగదారుడు వచ్చాడు	The customer came
వినియోగదారుడు అడిగారు	The customer asked
సహాయకుడు వచ్చాడు	The assistant came
సహాయకుడు ఎక్కడ ఉన్నారు?	Where is the assistant?
బుట్ట లో పండ్లు ఉన్నాయి	There are fruits in the basket
బుట్ట ఎక్కడ ఉంది?	Where is the basket?
ట్రాలీ తీసుకోండి	Take the trolley
ట్రాలీ లో సామాన్లు ఉన్నాయి	There are things in the trolley
బట్టలు కొనాలి	Must buy clothes
బట్టలు తెరిచారు	They opened the clothes
కొత్త షూ కావాలి	I want new shoes
ఈ షూ బాగుంది	This shoe is good
దీనిని ప్రయత్నించండి	Try this on
బట్టలను ప్రయత్నించండి	Try on the clothes
రంగు ఎంచుకోండి	Choose the color
ఒకటి ఎంచుకోండి	Choose one
బేరం చేయకండి	Don't bargain
బేరం చేయండి	Do bargain
స్టోర్ ఎక్కడ ఉంది?	Where is the store?
నేను స్టోర్ కి వెళ్తాను	I will go to the store
ఆమె చాలా సంతోషంగా ఉంది	She is very happy
నేను ఇప్పుడు సంతోషంగా ఉంది	I am happy now
అతను విచారంగా ఉంది	He is sad
ఆమె ఎందుకు విచారంగా ఉంది	Why is she sad
అతను బాగా అలసిపోయాడు	He got very tired
తాతయ్య అలసిపోయాడు	Grandfather got tired
నాకు ఆకలిగా ఉంది	I am hungry
పిల్లాడికి ఆకలిగా ఉంది	The child is hungry
నాకు దాహం వేసింది	I am thirsty
ఆమెకు దాహం వేసింది	She is thirsty
అతను చాలా ఆందోళన చెందాడు	He got very worried
నాన్న ఆందోళన చెందాడు	Father got worried
అతను ఉత్సాహంగా ఉన్నాడు	He is excited
పిల్లలు ఉత్సాహంగా ఉన్నారు	Children are excited
అతను ఇప్పుడు నీరసం	He is bored now
ఆమె నీరసంగా ఉంది	She is bored
నేను చీకటికి భయపడ్డాను	I was scared of the dark
అతను పాముకు భయపడ్డాను	He was afraid of the snake
నేను ఎలుకకు భయపడ్డాను	I was afraid of the mouse
పిల్లలు కుక్కకు భయపడ్డాను	Children were afraid of the dog
అతను వార్త విని ఆశ్చర్యపోయాడు	He was surprised to hear the news
రాము ఆశ్చర్యపోయాడు	Ramu was surprised
అతను నాడీగా ఉన్నాడు	He is nervous
అతను పరీక్షలో నాడీగా ఉన్నాడు	He is nervous in the exam
ఈ ప్రదేశం ప్రశాంతతగా ఉంది	This place is calm
ఆమె మనసు ప్రశాంతతగా ఉంది	Her mind is calm
నాకు గర్వంగా ఉంది	I am proud
అతనికి తన కొడుకుపై గర్వంగా ఉంది	He is proud of his son
అతనికి అసూయ ఉంది	He has jealousy
అతను అసూయ పడ్డాడు	He felt jealous
ఆమె చాలా పిరికి	She is very shy
అతను పిరికిగా ఉన్నాడు	He is shy
అతను నమ్మకంగా ఉన్నాడు	He is confident
ఆమె నమ్మకంగా మాట్లాడింది	She spoke confidently
అతను అయోమయంలో పడ్డాడు	He got confused
నేను అయోమయంలో పడ్డాడు	I got confused
అతను జబ్బుపడిన వ్యక్తి	He is a sick person
ఆమె జబ్బుపడిన ఆమె	She is a sick woman
అతనికి జరిమానా పడింది	He got a fine
కారుకు జరిమానా పడింది	The car got a fine
అతను చాలా కలత చెందాడు	He got very upset
ఆమె కలత చెందాడు	She got upset
అతను చిరాకుపడ్డాడు	He got annoyed
అమ్మ చిరాకుపడ్డాడు	Mother got annoyed
అతను నిరాశ చెందాడు	He got disappointed
నేను నిరాశ చెందాడు	I got disappointed
అతను ఇబ్బందిపడ్డాడు	He got embarrassed
ఆమె ఇబ్బందిపడ్డాడు	She got embarrassed
అతను ఉపశమనం పొందింది	He felt relieved
ఆమె ఉపశమనం పొందింది	She felt relieved
అతను కృతజ్ఞతతో ఉన్నాడు	He is grateful
నేను కృతజ్ఞతతో ఉన్నాను	I am grateful
నాకు మంచి అనుభూతి వచ్చింది	I had a good feel
అది వింత అనుభూతి	That is a strange feel
అతని మానసిక స్థితి బాగుంది	His mood is good
ఆమె మానసిక స్థితి సరిగా లేదు	Her mood is not good
అది ఒక బలమైన భావోద్వేగం	That is a strong emotion
అతనికి భావోద్వేగం కలిగింది	He felt emotion
ఆ సినిమా బాగుంది	That movie is good
నేను సినిమా చూశాను	I watched a movie
ఈ క్రీడ చాలా కష్టం	This sport is very difficult
నాకు క్రీడ అంటే ఇష్టం	I like sport
చదవడం మంచి అలవాటు	Reading is a good habit
అతనికి చదవడం ఇష్టం	He likes reading
నాకు పెయింటింగ్ ఇష్టం	I like painting
పెయింటింగ్ ఒక కళ	Painting is an art
ఆ డ్రాయింగ్ బాగుంది	That drawing is good
నేను డ్రాయింగ్ నేర్చుకుంటున్నాను	I am learning drawing
ఆమె నృత్యం బాగా చేస్తుంది	She dances well
నృత్యం చాలా అందంగా ఉంది	The dance is very beautiful
వారు పాటలు పాడుతున్నారు	They are singing songs
పిల్లలు పాడుతున్నారు	The children are singing
నాకు వంట చేయడం ఇష్టం	I like cooking
ఈ వంట రుచిగా ఉంది	This cooking is tasty
మా ప్రయాణం బాగుంది	Our travel is good
ప్రయాణం చాలా సరదాగా ఉంది	Travel is very fun
నేను ఈత కొట్టడం నేర్చుకున్నాను	I learned swimming
ఈత కొట్టడం ఆరోగ్యకరం	Swimming is healthy
చేపలు పట్టడం ఒక వ్యాపకం	Fishing is a hobby
అతను చేపలు పట్టడం ఇష్టపడ్డాడు	He liked fishing
హైకింగ్ చాలా కష్టంగా ఉంది	Hiking is very difficult
ఫోటోగ్రఫీ నా ఇష్టం	Photography is my interest
ఫోటోగ్రఫీ చాలా బాగుంది	Photography is very good
మా తోటలో పూలు ఉన్నాయి	There are flowers in our garden
తోట చాలా పెద్దదిగా ఉంది	The garden is very big
అతను స్వచ్ఛంద సేవకుడు	He is a volunteer
స్వచ్ఛంద సేవకుడు సహాయం చేశాడు	The volunteer helped
మా జట్టు గెలిచింది	Our team won
ఈ జట్టు చాలా బలంగా ఉంది	This team is very strong
నీ అభిరుచి ఏమిటి?	What is your hobby?
నాకు సంగీతం అనే అభిరుచి ఉంది	I have a hobby of music
ఈ ఆట సరదాగా ఉంది	This game is fun
మనం సరదాగా గడిపాము	We spent time funnily
మీరు విశ్రాంతి తీసుకోండి	You take rest
జీవితాన్ని ఆనందించండి	Enjoy life
మేము పార్టీని ఆనందించండి	We enjoy the party
ఈ కచేరీ బాగుంది	This concert is good
నేను కచేరీకి వెళ్లాను	I went to the concert
ఇది ఆసక్తికరమైన పుస్తకం	This is an interesting book
కథ చాలా ఆసక్తికరమైనది	The story is very interesting
ఈ సినిమా నీరసం	This movie is boring
పని నీరసం అనిపిస్తుంది	Work feels boring
నాకు ఖాళీ సమయం లేదు	I have no free time
మీ ఖాళీ సమయం ఎప్పుడు?	When is your free time?
వారాంతం చాలా బాగుంది	The weekend is very good
వారాంతం సరదాగా గడిచింది	The weekend passed funnily
పార్టీ ఎక్కడ ఉంది?	Where is the party?
పార్టీ చాలా బాగుంది	The party is very good
కచేరీ ఎప్పుడు మొదలవుతుంది?	When does the concert start?
కచేరీ చాలా పెద్దదిగా ఉంది	The concert is very big
ఆమె ఒక మంచి నర్సు	She is a good nurse
నర్సు ఇక్కడ ఉంది	The nurse is here
ఈ ఔషధం తీసుకోండి	Take this medicine
ఆ ఔషధం ఎక్కడ ఉంది?	Where is that medicine?
ఈ టాబ్లెట్ వేసుకోండి	Take this tablet
టాబ్లెట్ ఇక్కడ ఉంది	The tablet is here
ఆసుపత్రి ఎక్కడ ఉంది?	Where is the hospital?
నేను ఆసుపత్రికి వెళ్తున్నాను	I am going to the hospital
క్లినిక్ మూసి ఉంది	The clinic is closed
క్లినిక్ చాలా చిన్నది	The clinic is very small
నాకు తలనొప్పి ఉంది	I have a headache
తలనొప్పిగా ఉంది	It feels like a headache
నాకు కడుపునొప్పి ఉంది	I have a stomachache
కడుపునొప్పి తగ్గింది	The stomachache decreased
నాకు పంటి నొప్పి ఉంది	I have a toothache
పంటి నొప్పి ఎక్కువగా ఉంది	The toothache is severe
అతనికి జ్వరం ఉంది	He has a fever
జ్వరం తగ్గిందా?	Did the fever go down?
నాకు దగ్గు ఉంది	I have a cough
దగ్గుకు మందు కావాలి	Need medicine for cough
చల్లని నీళ్లు కావాలి	I want cold water
వాతావరణం చాలా చల్లనిగా ఉంది	The weather is very cold
నాకు ఫ్లూ వచ్చింది	I got the flu
ఫ్లూ వల్ల నీరసంగా ఉంది	Feeling weak due to flu
కొంచెం విశ్రాంతి తీసుకోండి	Take some rest
ఇది ఆరోగ్యకరమైన ఆహారం	This is healthy food
ఆరోగ్యకరమైన జీవితం కావాలి	Want a healthy life
పిల్లలు జబ్బుపడినట్లు ఉన్నారు	The children look sick
కాళ్లు బాధించింది	Legs hurt
మనసు నన్ను బాధించింది	The heart hurt me
ఆయన గాయపడ్డారు	He got injured
ఆమె గాయపడ్డారు	She got injured
నాకు నియామకం ఉంది	I have an appointment
నియామకం ఎప్పుడు?	When is the appointment?
తనిఖీ సమయం అయ్యింది	It is check-up time
తనిఖీ ఎక్కడ జరుగుతుంది?	Where does the check-up happen?
ప్రిస్క్రిప్షన్ ఎక్కడుంది?	Where is the prescription?
ప్రిస్క్రిప్షన్ చదవండి	Read the prescription
చికిత్స మొదలైంది	The treatment started
వ్యాయామం చాలా ముఖ్యం	Exercise is very important
ప్రతిరోజూ వ్యాయామం చేయండి	Do exercise every day
విటమిన్ టాబ్లెట్ తీసుకోండి	Take the vitamin tablet
విటమిన్ ఎక్కడ దొరుకుతుంది?	Where can I find vitamin?
టీకా వేయించుకోండి	Get the vaccine
టీకా సమయం అయ్యింది	It is time for the vaccine
అతను త్వరగా కోలుకుంటారు	He will recover quickly
రోగులు త్వరగా కోలుకుంటారు	Patients recover quickly
ఇప్పుడు మంచి అనుభూతి ఉంది	Now it feels better
మీరు మంచి అనుభూతి చెందుతున్నారు	You are feeling better
బ్యాంకు ఎక్కడ ఉంది?	Where is the bank?
నేను బ్యాంకుకు వెళ్తున్నాను.	I am going to the bank.
పోస్టాఫీసు మూసి ఉంది.	The post office is closed.
పోస్టాఫీసు దగ్గర ఆగు.	Stop near the post office.
లైబ్రరీలో పుస్తకాలు ఉన్నాయి.	There are books in the library.
లైబ్రరీ చాలా పెద్దది.	The library is very big.
మ్యూజియం ఎప్పుడు తెరుస్తారు?	When do they open the museum?
మ్యూజియం చూడముచ్చటగా ఉంది.	The museum is wonderful to see.
పార్క్ లో పిల్లలు ఆడుకుంటున్నారు.	Children are playing in the park.
పార్క్ చాలా అందంగా ఉంది.	The park is very beautiful.
విమానాశ్రయం చాలా దూరంలో ఉంది.	The airport is very far.
విమానాశ్రయం లోకి వెళ్ళు.	Go into the airport.
మార్కెట్ లో రద్దీగా ఉంది.	It is crowded in the market.
మార్కెట్ ఎక్కడ ఉంది?	Where is the market?
ఈ వీధి చాలా ఇరుకు.	This street is very narrow.
వీధి చివర ఒక షాపు ఉంది.	There is a shop at the end of the street.
ఈ రహదారి చాలా పొడవు.	This road is very long.
రహదారి మీద జాగ్రత్తగా నడు.	Walk carefully on the road.
వంతెన పాతది.	The bridge is old.
వంతెన మీద వాహనాలు ఉన్నాయి.	There are vehicles on the bridge.
ఆ భవనం చాలా ఎత్తు.	That building is very tall.
భవనం లోపల ఎవరున్నారు?	Who is inside the building?
ఆసుపత్రి దగ్గర ఆగు.	Stop near the hospital.
పాఠశాల ఉదయం ఎనిమిది గంటలకు తెరుస్తారు.	The school opens at eight in the morning.
పాఠశాల దగ్గర ఆగు.	Stop near the school.
రెస్టారెంట్ లో భోజనం చేయి.	Eat food in the restaurant.
ఈ రెస్టారెంట్ చాలా బాగుంది.	This restaurant is very good.
కేఫ్ లో కాఫీ తాగు.	Drink coffee in the café.
నేను కేఫ్ కి వెళ్తున్నాను.	I am going to the café.
హోటల్ రూమ్ ఖాళీగా ఉందా?	Is the hotel room vacant?
హోటల్ ఎక్కడ ఉంది?	Where is the hotel?
చర్చి ఆదివారం రద్దీగా ఉంటుంది.	The church is crowded on Sunday.
చర్చి దగ్గర ఆగు.	Stop near the church.
దేవాలయం లో శాంతి ఉంది.	There is peace in the temple.
దేవాలయం ఎక్కడ ఉంది?	Where is the temple?
మసీదు పక్కన ఒక దుకాణం ఉంది.	There is a shop next to the mosque.
మసీదు కి వెళ్ళు.	Go to the mosque.
సినిమా చాలా బాగుంది.	The cinema is very good.
సినిమా ఎప్పుడు మొదలు అవుతుంది?	When does the cinema start?
థియేటర్ లో రద్దీగా ఉంది.	It is crowded in the theatre.
థియేటర్ ఎక్కడ ఉంది?	Where is the theatre?
దుకాణం మూసి ఉంది.	The shop is closed.
దుకాణం లో పాలు ఉన్నాయి.	There is milk in the shop.
కార్యాలయం ఎక్కడ ఉంది?	Where is the office?
కార్యాలయం లో పని ఉంది.	There is work in the office.
చతురస్రం మధ్యలో విగ్రహం ఉంది.	There is a statue in the middle of the square.
ఈ చతురస్రం చాలా పెద్దది.	This square is very big.
మూలలో ఒక పిల్లి ఉంది.	There is a cat in the corner.
మూలలో ఒక డబ్బా ఉంది.	There is a box in the corner.
సరైన దిశ ఏది?	Which is the correct direction?
దిశ తెలుసుకుని వెళ్ళు.	Find the direction and go.
పటం లో చూడండి.	Look in the map.
నా దగ్గర పటం ఉంది.	I have a map.
ఇక్కడ ఒక మలుపు ఉంది.	There is a turn here.
మలుపు దగ్గర ఆగు.	Stop at the turn.
నేరుగా వెళ్ళండి.	Go straight.
నేరుగా వెళ్ళి ఎడమకు తిరుగు.	Go straight and turn left.
బస్సు ఎక్కడ ఉంది?	Where is the bus?
బస్సు వచ్చింది.	The bus arrived.
రైలు వేగంగా ఉంది.	The train is fast.
రైలు ఎప్పుడు వస్తుంది?	When will the train come?
బైక్ కొత్తది.	The bike is new.
నా బైక్ ఇక్కడ ఉంది.	My bike is here.
టాక్సీ పిలవండి.	Call the taxi.
టాక్సీ చాలా ఖరీదు.	The taxi is very expensive.
విమానం ఆకాశంలో ఉంది.	The plane is in the sky.
విమానం ఎప్పుడు ల్యాండ్ అవుతుంది?	When will the plane land?
విమానం వేగంగా వెళ్తుంది.	The airplane goes fast.
విమానం ఎక్కడ ఉంది?	Where is the airplane?
పడవ చిన్నది.	The boat is small.
పడవ నీటిలో ఉంది.	The boat is in the water.
ఓడ చాలా పెద్దది.	The ship is very big.
ఓడ సముద్రంలో ఉంది.	The ship is in the ocean.
మెట్రో చాలా వేగంగా ఉంది.	The metro is very fast.
నేను మెట్రో ఎక్కుతాను.	I will get on the metro.
టిక్కెట్టు ఎక్కడ ఉంది?	Where is the ticket?
టిక్కెట్టు కొనండి.	Buy the ticket.
వేదిక ఖాళీగా ఉంది.	The platform is empty.
వేదిక ఎక్కడ ఉంది?	Where is the platform?
ప్రయాణం బాగుంది.	The journey is good.
ప్రయాణం ఎప్పుడు మొదలవుతుంది?	When does the journey start?
యాత్ర చాలా బాగుంది.	The trip is very good.
నేను యాత్రకు వెళ్తాను.	I will go on a trip.
డ్రైవర్ చాలా మంచివారు.	The driver is very good.
ప్రయాణీకుడు వేచి ఉన్నాడు.	The passenger is waiting.
ప్రయాణీకుడు టిక్కెట్టు అడిగాడు.	The passenger asked for the ticket.
ట్రాఫిక్ చాలా ఎక్కువగా ఉంది.	The traffic is very heavy.
ట్రాఫిక్ ఇక్కడ ఉంది.	The traffic is here.
ట్రాఫిక్ జామ్ వల్ల ఆలస్యమైంది.	It is late because of the traffic jam.
అక్కడ ట్రాఫిక్ జామ్ ఉంది.	There is a traffic jam there.
ఈ మార్గం సరైనదా?	Is this route correct?
మార్గం చాలా పొడవు.	The route is very long.
పటం ఎక్కడ ఉంది?	Where is the map?
పటం చూడండి.	Look at the map.
నేను డ్రైవ్ చేస్తాను.	I will drive.
డ్రైవ్ చేయడం కష్టం.	Driving is difficult.
ఇది మంచి రైడ్.	This is a good ride.
నేను బైక్ రైడ్ చేస్తాను.	I will ride the bike.
పక్షులు ఎగురుతాయి.	Birds fly.
విమానాలు ఎగురుతాయి.	Planes fly.
బంతిని క్యాచ్ చేయండి.	Catch the ball.
అతను క్యాచ్ మిస్ చేశాడు.	He missed the catch.
నేను బస్సును మిస్ అయ్యాను.	I missed the bus.
అతను మీటింగ్‌ను మిస్ చేశాడు.	He missed the meeting.
వారు ఇప్పుడే చేరుకుంటారు.	They will arrive now.
మేము రేపు చేరుకుంటారు.	We will arrive tomorrow.
బస్సు ఇప్పుడు బయలుదేరు.	The bus departs now.
రైలు ఎప్పుడు బయలుదేరు?	When does the train depart?
రైలు ఆలస్యం అయ్యింది.	The train is delayed.
ఇది చాలా ఆలస్యం.	This is very late.
షెడ్యూల్ ఏమిటి?	What is the schedule?
షెడ్యూల్ మార్చండి.	Change the schedule.
నా వృత్తి చాలా బాగుంది	My career is very good
ఆమె తన వృత్తిలో ఉంది	She is in her career
అతనికి మంచి అనుభవం ఉంది	He has good experience
నాకు ఈ పనిలో అనుభవం లేదు	I have no experience in this work
ఇంటర్వ్యూ ఎప్పుడు మొదలవుతుంది	When does the interview start
ఇంటర్వ్యూ చాలా కష్టంగా ఉంది	The interview was very difficult
నా జీతం తక్కువగా ఉంది	My salary is low
ఆయనకు ఎక్కువ జీతం వచ్చింది	He got a higher salary
ఈరోజు వేతనం చెల్లించారు	The wage was paid today
వేతనం సమయానికి ఇవ్వండి	Give the wage on time
మేనేజర్ గదిలో ఉన్నారు	The manager is in the room
మా మేనేజర్ చాలా మంచివారు	Our manager is very good
నా సహోద్యోగి సహాయం చేశారు	My colleague helped
ఆమె నా సహోద్యోగి	She is my colleague
సమావేశం రేపు జరుగుతుంది	The meeting happens tomorrow
ముఖ్యమైన సమావేశం పూర్తయింది	The important meeting is over
ఈ ప్రాజెక్ట్ చాలా పెద్దది	This project is very big
ప్రాజెక్ట్ పని మొదలైంది	The project work started
గడువు రేపు ముగుస్తుంది	The deadline ends tomorrow
గడువు లోపు పూర్తి చేయండి	Finish before the deadline
నాకు ప్రమోషన్ వచ్చింది	I got a promotion
ప్రమోషన్ కోసం ప్రయత్నించండి	Try for the promotion
కారు కిరాయికి ఇచ్చాను	I gave the car for hire
ఈ ఇంటి కిరాయి ఎంత	What is the hire of this house
అగ్ని ప్రమాదం జరిగింది	A fire accident happened
అగ్ని చాలా వేడిగా ఉంది	The fire is very hot
ఉద్యోగానికి దరఖాస్తు చేయండి	Apply for the job
నేను దరఖాస్తు చేశాను	I applied
శిక్షణ రేపు ప్రారంభమవుతుంది	Training starts tomorrow
శిక్షణ చాలా అవసరం	Training is very necessary
ఆయనకు సంగీత నైపుణ్యం ఉంది	He has a musical skill
నైపుణ్యం పెంచుకోవడం ముఖ్యం	Increasing skill is important
కంప్యూటర్ పునఃప్రారంభం చేయండి	Restart the computer
పునఃప్రారంభం తర్వాత ప్రయత్నించండి	Try after the restart
ఆ జట్టు చాలా బలంగా ఉంది	That team is very strong
ఇది నా బాధ్యత	This is my responsibility
మీ బాధ్యత గుర్తుంచుకోండి	Remember your responsibility
వినియోగదారుడు సంతోషంగా ఉన్నాడు	The customer is happy
వినియోగదారుడు ఫిర్యాదు చేశాడు	The customer complained
క్లయింట్ రేపు వస్తారు	The client will come tomorrow
క్లయింట్ సంతృప్తిగా ఉన్నారు	The client is satisfied
నా కార్యాలయం ఇక్కడ ఉంది	My office is here
పని ప్రదేశం శుభ్రంగా ఉండాలి	The workplace should be clean
పని ప్రదేశం దూరంగా ఉంది	The workplace is far away
ఆయన పదవీ విరమణ చేశారు	He retired
పదవీ విరమణ తర్వాత విశ్రాంతి తీసుకోండి	Take rest after retirement
ఇది పెద్ద సాధించిన విజయం	This is a big achievement
ఆమె సాధించిన విజయం గొప్పది	The achievement she achieved is great
ఆయన మంచి ఉద్యోగి	He is a good employee
కొత్త ఉద్యోగి వచ్చారు	A new employee came
యజమాని ఆదేశించారు	The employer ordered
యజమాని చాలా కఠినంగా ఉన్నారు	The employer is very strict
ఈ విషయం చాలా కష్టం	This subject is very difficult
ఆ విషయం నాకు తెలుసు	I know that subject
ఈ కోర్సు చాలా బాగుంది	This course is very good
మీకు ఏ కోర్సు కావాలి?	Which course do you want?
నాకు డిగ్రీ వచ్చింది	I got the degree
ఆయన డిగ్రీ పూర్తి చేశారు	He completed the degree
విశ్వవిద్యాలయం ఎక్కడ ఉంది?	Where is the university?
పెద్ద విశ్వవిద్యాలయం ఇక్కడ ఉంది	The big university is here
భాష ఒక గొప్ప నైపుణ్యం	Language is a great skill
ఆమెకు సంగీత నైపుణ్యం ఉంది	She has a skill in music
జ్ఞానం శక్తివంతమైనది	Knowledge is powerful
పుస్తకాల్లో జ్ఞానం ఉంటుంది	Knowledge is in books
రోజూ సాధన చేయండి	Practice every day
సాధన ఫలితాన్నిస్తుంది	Practice gives results
పుస్తకాలు భాషను మెరుగుపరుస్తాయి	Books improve the language
మంచి అలవాట్లు జీవితాన్ని మెరుగుపరుస్తాయి	Good habits improve life
నా లక్ష్యం డాక్టర్ అవ్వడం	My goal is to become a doctor
మీ లక్ష్యం ఏమిటి?	What is your goal?
తర్వాతి పాఠం చదవండి	Read the next lesson
హోంవర్క్ పూర్తి చేయండి	Complete the homework
ఆయన హోంవర్క్ మర్చిపోయాడు	He forgot the homework
ఈ వ్యాసం చాలా పెద్దది	This essay is very long
ఒక చిన్న వ్యాసం రాయండి	Write a short essay
ఉపన్యాసం ఇంకా జరగలేదు	The lecture has not happened yet
ఆయన ఉపన్యాసం బాగుంది	His lecture is good
అతడు తెలివైన విద్యార్థి	He is a clever student
నేను ఒక విద్యార్థిని	I am a student
పట్టభద్రుడు ఉద్యోగం వెతుకుతున్నాడు	The graduate is looking for a job
ఆమె ఒక పట్టభద్రుడు	She is a graduate
నాకు స్కాలర్షిప్ వచ్చింది	I got the scholarship
స్కాలర్షిప్ కోసం దరఖాస్తు చేయండి	Apply for the scholarship
ఈ పరిశోధన కొత్తది	This research is new
పరిశోధన చాలా ముఖ్యం	Research is very important
నా బోధకుడు చాలా మంచివారు	My tutor is very good
ఆయన గొప్ప బోధకుడు	He is a great tutor
క్యాంపస్ చాలా పెద్దది	The campus is very big
క్యాంపస్ లో చెట్లు ఉన్నాయి	There are trees on the campus
డిప్లొమా సర్టిఫికేట్ ఇక్కడ ఉంది	The diploma certificate is here
ఆమె డిప్లొమా పూర్తి చేసింది	She completed the diploma
విద్య అందరికీ అవసరం	Education is necessary for all
విద్య జీవితాన్ని మారుస్తుంది	Education changes life
పిల్లలు కొత్త విషయాలు నేర్చుకుంటారు	Children learn new things
వారు తెలుగు నేర్చుకుంటారు	They learn Telugu
విద్యార్థులు పాఠాన్ని అర్థం చేసుకుంటారు	Students understand the lesson
మీరు దీనిని అర్థం చేసుకుంటారు	You will understand this
పిల్లలు కవితలను కంఠస్థం చేస్తారు	Children memorize poems
వారు సమాధానాలను కంఠస్థం చేస్తారు	They memorize the answers
నేను ప్రతిరోజూ చదువు	I study every day
మీరు ఏమి చదువు?	What do you study?
ఆయన ఒక ప్రొఫెసర్	He is a professor
ప్రొఫెసర్ ఇక్కడికి వచ్చారు	The professor came here
మా సంస్కృతి చాలా గొప్పది	Our culture is very great
తెలుగు సంస్కృతి అందంగా ఉంటుంది	Telugu culture is beautiful
మా సంప్రదాయం పురాతనమైనది	Our tradition is ancient
మీ సంప్రదాయం ఏమిటి?	What is your tradition?
ఇది మా ఆచారం	This is our custom
పాత ఆచారం మర్చిపోకండి	Do not forget the old custom
సంక్రాంతి పెద్ద పండుగ	Sankranti is a big festival
పండుగ ఎప్పుడు వస్తుంది?	When does the festival come?
పర్యాటకుడు ఇక్కడ ఉన్నాడు	The tourist is here
ఆ పర్యాటకుడు ఎక్కడి నుండి వచ్చాడు?	Where did that tourist come from?
అతను మంచి మార్గదర్శకుడు	He is a good guide
మాకు ఒక మార్గదర్శకుడు కావాలి	We need a guide
ఈ ప్రయాణం చాలా సుఖంగా ఉంది	This journey is very comfortable
మీ ప్రయాణం ఎలా ఉంది?	How is your journey?
నేను ఒక సావనీర్ కొన్నాను	I bought a souvenir
ఈ సావనీర్ చాలా బాగుంది	This souvenir is very good
అతను విదేశాలలో ఉంటాడు	He lives abroad
విదేశాలలో చదవడం కష్టం	Studying abroad is difficult
ఇది స్థానిక మార్కెట్	This is a local market
స్థానిక ఆహారం రుచి చూడండి	Taste the local food
శివయాత్ర చాలా బాగుంది	The Shiva trip was very good
ఈ యాత్ర ఎప్పుడు మొదలవుతుంది?	When does this trip start?
నాకు సెలవు కావాలి	I want a vacation
సెలవులో మేము ఊరికి వెళ్తాము	We go to the village on vacation
రేపు నాకు సెలవు	Tomorrow is a holiday for me
మీకు సెలవు ఎప్పుడు?	When is your holiday?
ఆ హోటల్ చాలా పెద్దది	That hotel is very big
మేము హోటల్ లో ఉన్నాము	We are in the hotel
నా పాస్పోర్ట్ ఇక్కడ ఉంది	My passport is here
పాస్పోర్ట్ ఎక్కడ ఉంది?	Where is the passport?
నాకు వీసా వచ్చింది	I got the visa
వీసా కోసం వేచి ఉండండి	Wait for the visa
సామాను ఎక్కడ ఉంది?	Where is the luggage?
మీ సామాను తీసుకురండి	Bring your luggage
టిక్కెట్టు ధర ఎంత?	What is the ticket price?
నేను టిక్కెట్టు కొన్నాను	I bought the ticket
ఇది ఒక ముఖ్యమైన మైలురాయి	This is an important landmark
ఆ మైలురాయి ఎక్కడ ఉంది?	Where is that landmark?
దేవాలయం చాలా ప్రశాంతంగా ఉంది	The temple is very peaceful
మేము దేవాలయం చూశాము	We saw the temple
మ్యూజియం మూసి ఉంది	The museum is closed
మ్యూజియం లో బొమ్మలు ఉన్నాయి	There are paintings in the museum
నా గ్రామం చిన్నది	My village is small
ఆ గ్రామం అందంగా ఉంటుంది	That village is beautiful
హైదరాబాద్ పెద్ద నగరం	Hyderabad is a big city
ఈ నగరం చాలా రద్దీగా ఉంది	This city is very crowded
భారతదేశం నా దేశం	India is my country
మీ దేశం పేరు ఏమిటి?	What is your country's name?
విదేశీ భాష నేర్చుకోండి	Learn a foreign language
విదేశీ నగరాలు బాగుంటాయి	Foreign cities are good
కొత్త ప్రాంతాలను అన్వేషించండి	Explore new places
అడవిని అన్వేషించండి	Explore the forest
ఆ నగరాన్ని సందర్శించండి	Visit that city
మేము గుడిని సందర్శించండి	Visit the temple
అది మంచి అనుభవం	That is a good experience
నాకు కొత్త అనుభవం వచ్చింది	I got a new experience
మన పర్యావరణం చాలా అందంగా ఉంది	Our environment is very beautiful
పర్యావరణం కాపాడుకోవడం మన బాధ్యత	Protecting the environment is our responsibility
కాలుష్యం ఆరోగ్యానికి హానికరం	Pollution is harmful to health
నగరంలో వాయు కాలుష్యం ఎక్కువ	Air pollution is high in the city
వాతావరణం చాలా చల్లగా ఉంది	The climate is very cool
మారుతున్న వాతావరణం ప్రమాదకరం	The changing climate is dangerous
సౌర శక్తి చాలా ఉపయోగకరం	Solar energy is very useful
శక్తి ఆదా చేయడం ముఖ్యం	Saving energy is important
కాగితాన్ని రీసైకిల్ చేయండి	Recycle the paper
మనం ప్లాస్టిక్‌ను రీసైకిల్ చేయాలి	We must recycle plastic
ప్రకృతిని రక్షించండి	Protect nature
చెట్లను రక్షించండి	Protect the trees
భూమి ఒక అందమైన గ్రహం	Earth is a beautiful planet
అది ఒక ఎర్ర గ్రహం	That is a red planet
వ్యర్థం డబ్బాలో వేయండి	Put the waste in the bin
వ్యర్థం తగ్గించడం అవసరం	Reducing waste is necessary
నీరు ఒక ముఖ్యమైన వనరు	Water is an important resource
సహజ వనరులను కాపాడుకోండి	Save natural resources
ప్లాస్టిక్ వాడకం తగ్గించండి	Reduce plastic use
ప్లాస్టిక్ సంచులు వద్దు	No plastic bags
అడవిలో పులు ఉన్నాయి	There are tigers in the forest
అడవి చాలా దట్టంగా ఉంది	The forest is very dense
సముద్రం చాలా లోతుగా ఉంది	The ocean is very deep
సముద్రం నీరు ఉప్పుగా ఉంటుంది	Ocean water is salty
ఆ పర్వతం చాలా ఎత్తైనది	That mountain is very high
పర్వతం పై నుండి చూడండి	Look from the mountain top
నీరు ప్రాణవాయువు వంటిది	Water is like life-force
పాత్రలో నీరు ఉంది	There is water in the pot
నేల చాలా సారవంతంగా ఉంది	The soil is very fertile
నేల రంగు నలుపు	The soil color is black
ఆ జంతువు చాలా క్రూరమైనది	That animal is very fierce
జంతువుల పట్ల దయగా ఉండండి	Be kind to animals
ఈ మొక్క చాలా చిన్నది	This plant is very small
మొక్కకు నీరు పోయండి	Water the plant
గ్రీన్హౌస్ ప్రభావం పెరుగుతోంది	The greenhouse effect is increasing
గ్రీన్హౌస్ వాయువులు ప్రమాదకరం	Greenhouse gases are dangerous
ఈరోజు ఉష్ణోగ్రత చాలా ఎక్కువగా ఉంది	The temperature is very high today
శరీర ఉష్ణోగ్రత సరిగ్గా ఉంది	The body temperature is correct
వన్యప్రాణులు అడవిలో ఉంటాయి	Wildlife live in the forest
వన్యప్రాణులను రక్షించాలి	Wildlife must be protected
సౌర శక్తి శుభ్రమైనది	Solar energy is clean
సౌర ప్యానెల్స్ అమర్చండి	Install solar panels
పవన శక్తి పునరుత్పాదకమైనది	Wind energy is renewable
సౌర శక్తి పునరుత్పాదకమైనది	Solar energy is renewable
కార్బన్ స్థాయిలు పెరుగుతున్నాయి	Carbon levels are increasing
కార్బన్ డయాక్సైడ్ గాలిలో ఉంది	Carbon dioxide is in the air
కార్బన్ ఉద్గారము తగ్గించాలి	Carbon emission must be reduced
ఉద్గారము తగ్గించడం ముఖ్యం	Reducing emission is important
ఇది పర్యావరణ అనుకూలమైన సంచి	This is an eco-friendly bag
పర్యావరణ అనుకూలమైన పద్ధతులు పాటించండి	Follow eco-friendly practices
కంప్యూటర్ ఇక్కడ ఉంది	The computer is here
నా కంప్యూటర్ కొత్తది	My computer is new
లాప్టాప్ చాలా బరువుగా ఉంది	The laptop is very heavy
ఆ లాప్టాప్ ఎక్కడ ఉంది?	Where is that laptop?
ఇంటర్నెట్ చాలా వేగంగా ఉంది	The internet is very fast
నాకు ఇంటర్నెట్ కావాలి	I want internet
నా స్మార్ట్ఫోన్ పనిచేయడం లేదు	My smartphone is not working
కొత్త స్మార్ట్ఫోన్ కొనండి	Buy a new smartphone
ఈ అనువర్తనం చాలా బాగుంది	This app is very good
ఆ అనువర్తనం డౌన్‌లోడ్ చేయండి	Download that app
వెబ్సైట్ తెరవండి	Open the website
ఈ వెబ్సైట్ చాలా ఉపయోగకరం	This website is very useful
తెర చాలా పెద్దదిగా ఉంది	The screen is very large
తెర మీద చూడండి	Look on the screen
కీబోర్డ్ ఎక్కడ ఉంది?	Where is the keyboard?
ఈ కీబోర్డ్ పాతది	This keyboard is old
మౌస్ పని చేయడం లేదు	The mouse is not working
మౌస్ ఇక్కడ ఉంది	The mouse is here
చిత్రాన్ని డౌన్‌లోడ్ చేయండి	Download the image
ఫైల్ డౌన్‌లోడ్ చేయండి	Download the file
ఫోటోను అప్లోడ్ చేయండి	Upload the photo
డాక్యుమెంట్‌ను అప్లోడ్ చేయండి	Upload the document
ఒక సందేశం పంపండి	Send a message
సందేశం చదవండి	Read the message
ఇమెయిల్ పంపండి	Send the email
ఇమెయిల్ చూడండి	Check the email
అతను ఆన్లైన్ లో ఉన్నాడు	He is online
మేము ఇప్పుడు ఆన్లైన్ లో ఉన్నాము	We are online now
సిస్టమ్ ఆఫ్‌లైన్ లో ఉంది	The system is offline
ఇప్పుడు నేను ఆఫ్‌లైన్ లో ఉన్నాను	Now I am offline
పాస్వర్డ్ చెప్పండి	Tell the password
పాస్వర్డ్ మార్చండి	Change the password
నా ఖాతా తెరవండి	Open my account
మీ ఖాతా సిద్ధంగా ఉంది	Your account is ready
నెట్వర్క్ సరిగా లేదు	The network is not good
నెట్వర్క్ సిగ్నల్ ఎక్కడ ఉంది?	Where is the network signal?
ఇది వైర్లెస్ కీబోర్డ్	This is a wireless keyboard
వైర్లెస్ హెడ్‌సెట్ కావాలి	I want a wireless headset
ఈ పరికరం కొత్తది	This device is new
పరికరం ఎక్కడ ఉంది?	Where is the device?
సాఫ్ట్వేర్ ఇన్‌స్టాల్ చేయండి	Install the software
ఈ సాఫ్ట్వేర్ చాలా బాగుంది	This software is very good
హార్డ్వేర్ ధర ఎక్కువ	The hardware price is high
హార్డ్వేర్ ఎక్కడ కొన్నారు?	Where did you buy the hardware?
నవీకరణ ఇక్కడ ఉంది	The update is here
సాఫ్ట్వేర్ నవీకరణ చేయండి	Update the software
గూగుల్‌లో శోధన చేయండి	Search in Google
శోధన ఫలితాలు చూడండి	See the search results
బటన్‌ను క్లిక్ చేయండి	Click the button
లింక్ క్లిక్ చేయండి	Click the link
సోషల్ మీడియా చూడండి	Check social media
సోషల్ మీడియా మంచిది	Social media is good
డిజిటల్ కెమెరా కావాలి	I want a digital camera
ఇది డిజిటల్ పేమెంట్	This is a digital payment
అతను నా వ్యాపార భాగస్వామి	He is my business partner
నా భాగస్వామి చాలా మంచివాడు	My partner is very good
మా పొరుగు చాలా మంచివారు	Our neighbour is very good
మీ పొరుగు ఎక్కడ ఉంటారు?	Where does your neighbour live?
ఆమె నా దగ్గరి బంధువు	She is my close relative
మీకు ఎంతమంది బంధువు ఉన్నారు?	How many relatives do you have?
అతిథి గది సిద్ధంగా ఉంది	The guest room is ready
మా ఇంటికి ఒక అతిథి వచ్చారు	A guest came to our house
హోస్ట్ అందరినీ ఆహ్వానించారు	The host welcomed everyone
ఈ హోస్ట్ చాలా బాగున్నారు	This host is very good
మాకు మంచి సంబంధం ఉంది	We have a good relationship
కుటుంబ సంబంధం ముఖ్యం	Family relationship is important
నాకు మీపై నమ్మకం ఉంది	I have trust in you
నమ్మకం చాలా ముఖ్యం	Trust is very important
పెద్దలకు గౌరవం ఇవ్వండి	Give respect to elders
అతనికి సమాజంలో గౌరవం ఉంది	He has respect in society
ఆమె నాకు మద్దతు ఇచ్చింది	She gave me support
కుటుంబ మద్దతు అవసరం	Family support is necessary
వారు ఎప్పుడూ వాదిస్తారు	They always argue
ఆమె ఎందుకు వాదిస్తారు?	Why does she argue?
నేను అంగీకరిస్తున్నారు అని చెప్పారు	I said that I am agreeing
మీరు అంగీకరిస్తున్నారు కాబట్టి సంతోషం	Happy that you are agreeing
అతను నాతో ఏకీభవించలేదు	He did not agree with me
మేము ఇక్కడ ఏకీభవించలేదు	We did not agree here
మా స్నేహం ఎప్పటికీ ఉంటుంది	Our friendship will last forever
స్నేహం ఒక గొప్ప బహుమతి	Friendship is a great gift
అతను విశ్వాసపాత్రుడు అని తెలుసు	Know that he is loyal
ఆమె నిజంగా విశ్వాసపాత్రుడు	She is truly loyal
నిజాయితీ ఉండటం మంచిది	It is good to have honesty
అతని నిజాయితీ నాకు ఇష్టం	I like his honesty
ఇది ఏ రకమైన పండు?	What kind of fruit is this?
అక్కడ ఎన్నో రకమైన రంగులు ఉన్నాయి	There are many kind of colors there
అతను చాలా సహాయకారిగా ఉన్నాడు	He is very helpful
ఆమె సహాయకారిగా ఉంటుంది	She is helpful
అతను ఎప్పుడూ మర్యాదపూర్వకమైన వ్యక్తి	He is always a polite person
మర్యాదపూర్వకమైన మాటలు మాట్లాడండి	Speak polite words
అతను చాలా మొరటుగా మాట్లాడాడు	He spoke very rudely
మొరటుగా ఉండకండి	Do not be rude
అతనికి నాపై అసూయ ఉంది	He has jealousy toward me
అసూయ మంచిది కాదు	Jealousy is not good
వారు తనపై ఆధారపడతారు	They rely on him
మనం ఒకరిపై ఒకరు ఆధారపడతారు	We rely on each other
అవి వర్షంపై ఆధారపడి ఉంటాయి	They depend on rain
ధరలు మార్పుపై ఆధారపడి ఉంటాయి	Prices depend on change
మేము బాగా కలిసిపోతారు	We get along well
పిల్లలు త్వరగా కలిసిపోతారు	Children get along quickly
ఇది నా వాటా	This is my share
ఆమె తన వాటా తీసుకుంది	She took her share
పిల్లల శ్రమ ఎక్కువ	The care of children is a lot
అతని శ్రమ నాకు తెలుసు	I know his care
అతను నా తప్పును అంగీకరించు	He accept my mistake
దయచేసి నాను అంగీకరించు	Please accept me
వార్తలు విన్నారా?	Did you hear the news?
వార్తలు నిజం కావు.	The news is not true.
వార్తాపత్రిక ఎక్కడ?	Where is the newspaper?
వార్తాపత్రిక చదవండి.	Read the newspaper.
ఈ పత్రిక బాగుంది.	This magazine is good.
పత్రికలో బొమ్మలు ఉన్నాయి.	There are pictures in the magazine.
వ్యాసం చాలా పెద్దది.	The article is very big.
వ్యాసం చదివాను.	I read the article.
ఛానెల్ మార్చండి.	Change the channel.
ఈ ఛానెల్ బాగుంది.	This channel is good.
రిపోర్టర్ వచ్చాడు.	The reporter came.
రిపోర్టర్ ప్రశ్న అడిగారు.	The reporter asked a question.
పాత్రికేయుడు నిజం చెప్పాడు.	The journalist told the truth.
పాత్రికేయుడు ఇక్కడ ఉన్నాడు.	The journalist is here.
ఇంటర్వ్యూ బాగుంది.	The interview is good.
ఇంటర్వ్యూ ఎప్పుడు?	When is the interview?
శీర్షిక చూడండి.	Look at the headline.
శీర్షిక తప్పు.	The headline is wrong.
ప్రసారం మొదలైంది.	The broadcast started.
ప్రసారం ఎప్పుడుా?	When is the broadcast?
సోషల్ మీడియా చూడండి.	Look at social media.
సోషల్ మీడియాలో వార్తలు ఉన్నాయి.	There is news on social media.
కథ చెప్పండి.	Tell the story.
కథ బాగుంది.	The story is good.
రేడియో వినండి.	Listen to the radio.
రేడియో పాతది.	The radio is old.
టెలివిజన్ ఆపండి.	Turn off the television.
టెలివిజన్ ఎక్కడ?	Where is the television?
ప్రకటన చూడండి.	Look at the advertisement.
ప్రకటన బాగుంది.	The advertisement is good.
ప్రేక్షకులు చప్పట్లు కొట్టారు.	The audience clapped.
ప్రేక్షకులు ఎక్కడ?	Where is the audience?
పబ్లిక్ ఇక్కడ ఉన్నారు.	The public are here.
పబ్లిక్ ఆగండి.	Public, please wait.
అభిప్రాయం చెప్పండి.	Tell your opinion.
నా అభిప్రాయం వేరు.	My opinion is different.
వాస్తవం తెలుసుకోండి.	Know the fact.
ఇది ఒక వాస్తవం.	This is a fact.
పుకారు నమ్మకండి.	Don't believe the rumour.
పుకారు నిజం కావు.	Rumours are not true.
నవీకరణ చేయండి.	Do the update.
నవీకరణ ఎప్పుడు?	When is the update?
బ్రేకింగ్ న్యూస్ చూడండి.	Look at the breaking news.
బ్రేకింగ్ న్యూస్ వచ్చింది.	Breaking news has come.
నివేదిక చదవండి.	Read the report.
నివేదిక ఎక్కడ?	Where is the report?
పుస్తకం ప్రచురించండి.	Publish the book.
వార్త ప్రచురించండి.	Publish the news.
ప్రముఖుడు వచ్చాడు.	The celebrity came.
ఆయన ఒక ప్రముఖుడు.	He is a celebrity.
వ్యాయామం ముఖ్యం	Exercise is important
రోజూ వ్యాయామం చేయండి	Do exercise daily
ఆహారం జాగ్రత్తగా తీసుకోండి	Take diet carefully
మంచి ఆహారం అవసరం	Good diet is necessary
ఒత్తిడి తగ్గించుకోండి	Reduce the stress
ఆయనకు చాలా ఒత్తిడి ఉంది	He has a lot of stress
నా రొటీన్ సరళంగా ఉంది	My routine is simple
మీ రొటీన్ ఏమిటి?	What is your routine?
ఇది మంచి అలవాటు	This is a good habit
ఆ అలవాటు మార్చుకోండి	Change that habit
సమతుల్యం ఆహారం తినండి	Eat balanced food
జీవితం సమతుల్యం ఉండాలి	Life should be balanced
అతను చాలా చురుకుగా ఉన్నాడు	He is very active
చురుకుగా ఉండటం మంచిది	Being active is good
నా జీవనశైలి మారింది	My lifestyle changed
ఆ జీవనశైలి కష్టంగా ఉంది	That lifestyle is difficult
యోగా ప్రతిరోజూ చేయండి	Do yoga every day
యోగా ఆరోగ్యాన్ని ఇస్తుంది	Yoga gives health
ధ్యానం మనసుకు మంచిది	Meditation is good for the mind
రోజూ ధ్యానం చేయండి	Do meditation daily
సరైన పోషణ ముఖ్యం	Proper nutrition is important
పోషణ గురించి తెలుసుకోండి	Learn about nutrition
పప్పులో ప్రోటీన్ ఉంది	There is protein in pulses
ప్రోటీన్ ఆహారం తినండి	Eat protein food
ఒక క్యాలరీ ఎంత?	How much is one calorie?
క్యాలరీ లెక్కించడం కష్టం	Counting calorie is difficult
బరువు తగ్గడం కష్టం	Losing weight is difficult
మీ బరువు ఎంత?	What is your weight?
శక్తి చాలా అవసరం	Energy is very necessary
అతనికి శక్తి ఉంది	He has energy
ఆరోగ్యం మహాభాగ్యం	Health is great wealth
ఆరోగ్యం జాగ్రత్తగా చూసుకోండి	Take care of health
క్షేమం ఎల్లప్పుడూ ఉండాలి	Wellness should always be there
మీ క్షేమం నాకు ముఖ్యం	Your wellness is important to me
ఫిట్నెస్ కోసం ప్రయత్నించండి	Try for fitness
ఫిట్నెస్ కేంద్రం ఎక్కడ?	Where is the fitness center?
కండరము బలంగా ఉండాలి	Muscle should be strong
కండరము నొప్పిగా ఉంది	Muscle is painful
చక్కెర తగ్గించండి	Reduce the sugar
చక్కెర ఎక్కువగా ఉంది	Sugar is too much
ధూమపానం ఆరోగ్యానికి హానికరం	Smoking is harmful to health
ధూమపానం మానుకోండి	Quit smoking
ఆహారం ఆరోగ్యకరమైనదిగా ఉండాలి	Food should be healthy
అతను బలమైన వ్యక్తి	He is a strong person
బలమైన శరీరం ముఖ్యం	Strong body is important
మనం మంచి సమాజం నిర్మించాలి	We must build a good society
సమాజం అందరికీ సహాయం చేస్తుంది	Society helps everyone
ఈ సమస్య చాలా పెద్దది	This issue is very big
మీకు ఏ సమస్య ఉంది?	What issue do you have?
పేదరికం ఒక పెద్ద శాపం	Poverty is a big curse
పేదరికం వల్ల కష్టాలు వస్తాయి	Hardships come because of poverty
అందరికీ సమానత్వం ఉండాలి	There should be equality for all
సమానత్వం మన హక్కు	Equality is our right
న్యాయం ఎప్పుడూ గెలుస్తుంది	Justice always wins
అతనికి న్యాయం చేయండి	Do justice to him
ప్రభుత్వ విధానం బాగుంది	The government policy is good
కొత్త విధానం అమలు చేయండి	Implement the new policy
ఈ సంఘం చాలా పెద్దది	This community is very big
మన సంఘం సహాయం చేస్తుంది	Our community helps
ప్రచారం బాగా జరుగుతోంది	The campaign is going well
అవగాహన ప్రచారం అవసరం	Awareness campaign is necessary
అతను ఒక స్వచ్ఛంద సేవకుడు	He is a volunteer
దానం చేయడం పుణ్యం	Giving a donation is meritorious
ఈ దానం చాలా గొప్పది	This donation is very great
సమాజంలో అసమానత ఉంది	There is inequality in society
అసమానతను తొలగించాలి	Inequality must be removed
వివక్ష చూపకూడదు	One should not show discrimination
కుల వివక్ష తప్పు	Caste discrimination is wrong
పక్షపాతం చూపకండి	Do not show prejudice
పక్షపాతం వల్ల గొడవలు వస్తాయి	Prejudice causes fights
ప్రజల సంక్షేమం ముఖ్యం	People's welfare is important
సంక్షేమం కోసం పథకాలు ఉన్నాయి	There are schemes for welfare
దాతృత్వం గొప్ప గుణం	Charity is a great quality
దాతృత్వం అందరికీ అవసరం	Charity is necessary for all
అతను ఒక నిరాశ్రయుడు	He is a homeless person
నిరాశ్రయుడు సహాయం కోరాడు	The homeless person asked for help
నిరుద్యోగం ఒక పెద్ద సమస్య	Unemployment is a big problem
నిరుద్యోగం తగ్గించాలి	Unemployment should be reduced
అతను మంచి పౌరుడు	He is a good citizen
ప్రతి పౌరుడు బాధ్యత వహించాలి	Every citizen should be responsible
ప్రభుత్వం చట్టం చేసింది	The government made a law
ప్రభుత్వం నిర్ణయం తీసుకుంది	The government took a decision
చట్టం అందరికీ సమానం	Law is equal for all
చట్టం పాటించడం ముఖ్యం	Following the law is important
మనకు కొన్ని హక్కులు ఉన్నాయి	We have some rights
హక్కులు అందరికీ సమానంగా ఉండాలి	Rights should be equal for all
స్వేచ్ఛ చాలా విలువైనది	Freedom is very valuable
నాకు స్వేచ్ఛ కావాలి	I want freedom
ప్రజాస్వామ్యం మనకు శక్తి	Democracy is our strength
భారతదేశం ఒక ప్రజాస్వామ్యం	India is a democracy
అతను నిరసన తెలిపాడు	He expressed protest
శాంతియుత నిరసన చేయండి	Conduct a peaceful protest
పిటిషన్ దాఖలు చేయండి	File a petition
పిటిషన్ ఆమోదం పొందింది	The petition was approved
అవగాహన పెంచుకోవాలి	One should increase awareness
అవగాహన చాలా ముఖ్యం	Awareness is very important
అతనికి నా మద్దతు ఉంది	He has my support
మద్దతు ఇవ్వండి	Give support
దానం చేయండి	Please donate
పేదవారికి దానం చేయండి	Donate to the poor
ఈ నిధి చాలా పెద్దది	This fund is very big
విద్యా నిధి అవసరం	Education fund is necessary
గృహనిర్మాణం వేగంగా జరుగుతోంది	Housing construction is happening fast
గృహనిర్మాణం ఖర్చు ఎక్కువ	Housing cost is high
ఆరోగ్య సంరక్షణ ముఖ్యం	Healthcare is important
ఆరోగ్య సంరక్షణ అందరికీ అందాలి	Healthcare should reach everyone
విద్య జ్ఞానాన్ని ఇస్తుంది	Education gives knowledge
విద్య చాలా ముఖ్యం	Education is very important
అది పెద్ద నేరం	That is a big crime
నేరం చేసిన వారు శిక్షを受けるరు	Those who commit a crime receive punishment
భద్రత ముఖ్యం	Safety is important
పిల్లల భద్రత జాగ్రత్తగా ఉండాలి	Children's safety must be careful
ఇది న్యాయమైన నిర్ణయం	This is a fair decision
ఆమె న్యాయమైన మాటలు చెప్పింది	She spoke
ఇది చాలా అన్యాయం	This is very unfair
అతను అన్యాయం చేశాడు	He did an injustice
ఇది కొత్త తరం	This is a new generation
ఆ తరం గొప్పది	That generation is great
అతను ఒక వృద్ధుడు	He is an elderly man
వృద్ధుడు ఇక్కడ ఉన్నాడు	The elderly man is here
వారు మైనారిటీ ప్రజలు	They are minority people
మైనారిటీ హక్కులు ముఖ్యం	Minority rights are important
మెజారిటీ ప్రజలు ఒప్పుకున్నారు	The majority of people agreed
అక్కడ మెజారిటీ ఉంది	There is a majority there
ఆమె ఫైనాన్స్ చదువుతోంది	She is studying finance.
ఈ ఫైనాన్స్ కోర్సు బాగుంది	This finance course is good.
నా బడ్జెట్ చాలా తక్కువ	My budget is very low.
మనం బడ్జెట్ వేసుకోవాలి	We must make a budget.
ఈ వ్యాపారంలో లాభం వచ్చింది	There was a profit in this business.
లాభం పెరగడం మంచిది	It is good for profit to increase.
ఇది మంచి పెట్టుబడి	This is a good investment.
పెట్టుబడి జాగ్రత్తగా చేయండి	Make the investment carefully.
నా ఆదాయం పెరిగింది	My income increased.
వారపు ఆదాయం ఎంత?	What is the weekly income?
అనవసర ఖర్చు తగ్గించండి	Reduce unnecessary expense.
ఈ నెల ఖర్చు ఎక్కువ	The expense is high this month.
అప్పు చేయడం మంచిది కాదు	Taking debt is not good.
ఆయన అప్పు తీర్చాడు	He paid off the debt.
బ్యాంకు నుండి రుణం వచ్చింది	The loan came from the bank.
రుణం తీసుకోవడం కష్టం	Taking a loan is difficult.
ఆర్థిక వ్యవస్థ మారుతోంది	The economy is changing.
మన ఆర్థిక వ్యవస్థ బాగుంది	Our economy is good.
మార్కెట్ రేట్లు పెరిగాయి	Market rates increased.
వార్షిక ఆదాయం ఎంత?	What is the annual revenue?
ఆదాయం పెరిగితే సంతోషం	Happiness if revenue increases.
పెద్ద నష్టం జరిగింది	A big loss happened.
నష్టం రాకుండా చూసుకోండి	Ensure there is no loss.
పన్ను చెల్లించడం తప్పనిసరి	Paying tax is mandatory.
పన్ను రేటు ఎంత?	What is the tax rate?
నా జీతం వచ్చింది	My salary arrived.
జీతం ఎప్పుడు ఇస్తారు?	When will they give the salary?
ఈ ఏడాది బోనస్ లేదు	There is no bonus this year.
బోనస్ అందరికీ ఇచ్చారు	Bonus was given to everyone.
నా వాటా ఎక్కడ?	Where is my share?
వాటా పంచడం మొదలైంది	Sharing the share started.
స్టాక్ ఇంకా రాలేదు	The stock has not arrived yet.
స్టాక్ ధర తగ్గింది	The stock price decreased.
డాలర్ ఒక కరెన్సీ	Dollar is a currency.
కరెన్సీ మార్పిడి కేంద్రం ఎక్కడ?	Where is the currency exchange center?
డబ్బుల మార్పిడి అవసరం	Money exchange is necessary.
ఆయన దివాలా తీశారు	He went bankruptcy.
దివాలా తీయడం బాధాకరం	Going bankruptcy is sad.
ఇది నా ఆస్తి	This is my asset.
ఆస్తి విలువ పెరిగింది	The asset value increased.
బాధ్యతగా ఉండండి	Be as a liability.
ద్రవ్యోల్బణం పెరుగుతోంది	Inflation is increasing.
ద్రవ్యోల్బణం వల్ల ధరలు పెరిగాయి	Prices increased due to inflation.
మాంద్యం రావచ్చు	Recession may come.
మాంద్యం ప్రభావం ఉంది	There is an effect of recession.
ఆర్థిక వృద్ధి అవసరం	Economic growth is necessary.
వృద్ది వేగంగా ఉంది	Growth is fast.
ఇది చిన్న పరిశ్రమ	This is a small industry.
పరిశ్రమలో కొత్త యంత్రాలు ఉన్నాయి	There are new machines in the industry.
ఆ కంపెనీ చాలా పెద్దది	That company is very big.
కొత్త కంపెనీ మొదలైంది	A new company started.
ఈ సంస్థ నమ్మకమైనది	This enterprise is reliable.
సంస్థలో చాలా మంది పని చేస్తున్నారు	Many are working in the enterprise.
ఆయన గొప్ప వ్యవస్థాపకుడు	He is a great entrepreneur.
వ్యవస్థాపకుడు కొత్త ఆలోచన చేశాడు	The entrepreneur had a new idea.
డబ్బులు పెట్టుబడి పెట్టండి	Invest money.
ఇక్కడ పెట్టుబడి పెట్టండి	Invest here.
వారు బాగా సంపాదిస్తారు	They earn well.
మీరు ఎంత సంపాదిస్తారు?	How much do you earn?
నేను కొంత సేవ్ చేశాను	I saved some.
డబ్బులు ఖర్చు చేస్తారు	They spend money.
వాణిజ్యం అభివృద్ధి చెందింది	Trade has developed.
వాణిజ్యం లాభదాయకం	Trade is profitable.
వినియోగదారుడు సంతృప్తిగా ఉన్నాడు	The customer is satisfied.
సరఫరాదారు ఎక్కడ ఉన్నారు?	Where is
ఈ ఉత్పత్తి చాలా బాగుంది	This product is very good
కొత్త ఉత్పత్తి ఎప్పుడు వస్తుంది?	When is the new product coming?
పోటీ చాలా కఠినంగా ఉంది	The competition is very tough
ఆ పోటీలో నేను గెలిచాను	I won in that competition
లాభం మార్జిన్ చాలా తక్కువ	The profit margin is very low
లాభం మార్జిన్ పెంచాలి	Profit margin should be increased
ఈ పరిశోధన చాలా కష్టం	This research is very difficult
ఆమె పరిశోధన పూర్తయింది	Her research is complete
ఇది ఒక చిన్న ప్రయోగం	This is a small experiment
కొత్త ప్రయోగం విజయవంతమైంది	The new experiment was successful
సాక్ష్యం నిజం చెబుతుంది	The evidence tells the truth
ఆయనకు సాక్ష్యం లేదు	He has no evidence
ఈ సిద్ధాంతం సరైనది	This theory is correct
ఆ సిద్ధాంతం పాతది	That theory is old
ఇది గొప్ప ఆవిష్కరణ	This is a great discovery
కొత్త ఆవిష్కరణ అవసరం	A new discovery is needed
ప్రయోగశాల శుభ్రంగా ఉంది	The laboratory is clean
మేము ప్రయోగశాలలోకి వెళ్ళాము	We went into the laboratory
డేటా సరైనదిగా ఉంది	The data is correct
ఈ డేటా అవసరం	This data is needed
విశ్లేషణ చాలా లోతుగా ఉంది	The analysis is very deep
డేటా విశ్లేషణ ముగిసింది	The data analysis ended
ఆయన గొప్ప శాస్త్రవేత్త	He is a great scientist
శాస్త్రవేత్త కొత్తది కనుగొన్నారు	The scientist discovered something new
ఫలితం ఆశ్చర్యంగా ఉంది	The result is surprising
ఫలితం త్వరగా వచ్చు	The result came quickly
పరికల్పన సరైనది కావచ్చు	The hypothesis might be correct
ఆ పరికల్పన తప్పు	That hypothesis is wrong
ఈ పద్ధతి సులభం	This method is easy
కొత్త పద్ధతి వాడండి	Use a new method
నమూనా చాలా చిన్నది	The sample is very small
నమూనా పరీక్షించబడింది	The sample was tested
పరిశీలన జాగ్రత్తగా చేయండి	Do the observation carefully
పరిశీలన ఫలితాలు వచ్చాయి	The observation results came
ముగింపు స్పష్టంగా ఉంది	The conclusion is clear
కథ ముగింపు బాగుంది	The story conclusion is good
రుజువు చూపండి	Show the proof
ఇది బలమైన రుజువు	This is strong proof
కొలత సరైనదిగా లేదు	The measure is not correct
కొలత తీసుకోవడం కష్టం	Taking the measure is difficult
వర్షం పడుతుందని అంచనా వేయండి	Predict that it will rain
ఫలితాన్ని అంచనా వేయండి	Predict the result
నిజమని నిరూపించండి	Prove it is true
దీన్ని నిరూపించండి	Prove this
రెండు విషయాలను సరిపోల్చండి	Compare two things
వాటిని సరిపోల్చండి	Compare them
విషయాన్ని దర్యాప్తు చేయండి	Investigate the matter
కేసును దర్యాప్తు చేయండి	Investigate the case
కొత్తది కనుగొనండి	Discover something new
నిజం కనుగొనండి	Discover the truth
అభివృద్ధి అవసరం	Development is needed
నగరం అభివృద్ధి చెందింది	The city developed
కొత్తది కనిపెట్టు	Invent something new
యంత్రాన్ని కనిపెట్టు	Invent the machine
ఆవిష్కరణ ప్రపంచాన్ని మార్చింది	The invention changed the world
ఆవిష్కరణ అవసరం	Innovation is needed
కొత్త ఆవిష్కరణ బాగుంది	The new innovation is good
సాంకేతికత పెరుగుతోంది	Technology is growing
సాంకేతికత చాలా ముఖ్యం	Technology is very important
జీవశాస్త్రం ఆసక్తికరంగా ఉంది	Biology is interesting
నాకు జీవశాస్త్రం ఇష్టం	I like biology
రసాయన శాస్త్రం కష్టంగా ఉంది	Chemistry is difficult
ఆమె రసాయన శాస్త్రం చదువుతోంది	She is studying chemistry
భౌతిక శాస్త్రం సరళంగా ఉంది	Physics is simple
భౌతిక శాస్త్రం చదవండి	Read physics
జన్యుశాస్త్రం కొత్త విషయం	Genetics is a new subject
జన్యుశాస్త్రం అధ్యయనం చేయండి	Study genetics
అణువు చాలా చిన్నది	The molecule is very small
అణువు కదలింది	The molecule moved
సెల్ చిన్నదిగా ఉంది	The cell is small
సెల్ లోపల ఏమి ఉంది	What is inside the cell
పర్యావరణం బాగుంది	The environment is good
పర్యావరణం రక్షించండి	Protect the environment
సమాధానం ఖచ్చితమైనది	The answer is accurate
ఖచ్చితమైన సమాచారం కావాలి	Accurate information is needed
ఇది ముఖ్యమైనది	This is significant
ఆ సమాచారం ముఖ్యమైనది	That information is significant
దీన్ని చెల్లుబాటు చేయండి	Validate this
డేటాను చెల్లుబాటు చేయండి	Validate
అతని వ్యక్తిత్వం చాలా బాగుంది	His personality is very good
ఆమె వ్యక్తిత్వం అందరికీ ఇష్టం	Everyone likes her personality
నా మానసిక స్థితి ఇప్పుడు బాగుంది	My mood is good now
అతని మానసిక స్థితి మారిపోయింది	His mood has changed
నీ వైఖరి సరిగా లేదు	Your attitude is not right
అతని వైఖరి చాలా సానుకూలంగా ఉంది	His attitude is very positive
పిల్లల ప్రవర్తన బాగుండాలి	Children's behaviour should be good
ఆమె ప్రవర్తన నాకు నచ్చింది	I liked her behaviour
అతనికి తనపై విశ్వాసం ఉంది	He has confidence in himself
మీ విశ్వాసం నాకు తెలుసు	I know your confidence
నా ఆశయం గొప్ప దేశం నిర్మించడం	My ambition is to build a great country
అతని ఆశయం చాలా పెద్దది	His ambition is very big
సహనం కలిగి ఉండటం ముఖ్యం	Having patience is important
ఆమెకు చాలా సహనం ఉంది	She has a lot of patience
అతను చాలా మొండి పట్టుదలగల వ్యక్తి	He is a very stubborn person
ఆమె మొండి పట్టుదలగల అమ్మాయి	She is a stubborn girl
అతను చాలా ఉదారంగా ఉన్నాడు	He is very generous
ఆమె సహాయం ఉదారంగా చేసింది	She gave help generously
అతను నిజాయితీ గల వ్యక్తి	He is an honest person
నిజాయితీ ఎప్పుడూ గెలుస్తుంది	Honesty always wins
అతను చాలా విశ్వాసపాత్రుడు	He is very loyal
నాకు విశ్వాసపాత్రుడు కావాలి	I want a loyal person
ఆమె మనసు చాలా సున్నితమైనది	Her heart is very sensitive
ఇది చాలా సున్నితమైన విషయం	This is a very sensitive matter
అతను ఒక స్వార్థపరుడు	He is a selfish person
స్వార్థపరుడు ఎవరికీ నచ్చడు	No one likes a selfish person
అతను చాలా ధైర్యవంతుడు	He is very brave
ఆమె ధైర్యవంతుడు లాగా ఉంది	She is like a brave person
పిరికితనం వదిలేయండి	Leave the cowardliness
అతనిలో పిరికితనం ఉంది	There is cowardliness in him
ఆమె ఎప్పుడూ ఉల్లాసంగా ఉంటుంది	She is always cheerful
ఈ రోజు నేను ఉల్లాసంగా ఉన్నాను	I am cheerful today
అతను ఎప్పుడూ ఆశావాద వ్యక్తి	He is always an optimistic person
ఆశావాద దృక్పథం ఉండాలి	Should have an optimistic outlook
ఆమె నిరాశావాద ఆలోచనలు చేస్తుంది	She has pessimistic thoughts
నిరాశావాద వైఖరి వద్దు	No pessimistic attitude
ఇది ప్రతిష్టాత్మకమైన లక్ష్యం	This is an ambitious goal
ఆమె ప్రతిష్టాత్మకమైన పనులు చేస్తుంది	She does ambitious works
సోమరితనం వదిలి పని చేయి	Leave laziness and work
అతనికి సోమరితనం ఎక్కువ	He has too much laziness
అతను కష్టపడి పనిచేసేవాడు	He is a hardworking person
నా తండ్రి కష్టపడి పనిచేసేవాడు	My father is a hardworking person
పిల్లలు ఆసక్తిగా నేర్చుకుంటున్నారు	Children are learning curiously
నాకు ఈ విషయంపై ఆసక్తిగా ఉంది	I am curious about this matter
ఆమె సృజనాత్మక చిత్రకారిణి	She is a creative painter
ఇది ఒక సృజనాత్మక ఆలోచన	This is a creative idea
అతను తార్కిక సమాధానం ఇచ్చాడు	He gave a logical answer
తార్కిక ఆలోచన అవసరం	Logical thinking is necessary
ఇది ఆచరణాత్మకమైనది మార్గం	This is a practical way
ఆచరణాత్మకమైనది నిర్ణయం తీసుకోండి	Take a practical decision
మనసులో ప్రశాంతత ఉండాలి	There should be peace in mind
ఆమెకు ప్రశాంతత లభించింది	She got calmness
నాడీ వ్యవస్థ జాగ్రత్తగా ఉండాలి	Nervous system should be careful
అతను నాడీ స్థితిలో ఉన్నాడు	He is in a nervous state
అతను మొరటుగా మాట్లాడాడు	He spoke rudely
మొరటుగా ఉండటం తప్పిదం	Being rude is a mistake
మర్యాదపూర్వకమైన మాటలు చెప్పండి	Speak polite words
ఆమె మర్యాదపూర్వకమైన వ్యక్తి	She is a polite person
అతను చాలా స్నేహపూర్వక వ్యక్తి	He is a very friendly person
స్నేహపూర్వక సంబంధాలు ఉండాలి	Should have friendly relations
ఆమె చాలా పిరికి అమ్మాయి	She is a very shy girl
ఆమె అవుట్గోయింగ్ వ్యక్తి	She is an outgoing person
అవుట్గోయింగ్ వ్యక్తులు అందరికీ నచ్చుతారు	Outgoing people are liked by everyone
ఆయన చాలా తెలివైనవాడు	He is very wise
తెలివైనవాడు ఎప్పుడూ ఆలోచిస్తాడు	A wise person always thinks
అతను ఇంకా పరిపక్వత లేని పిల్లాడు	He is still an immature boy
పరిపక్వత లేని మాటలు వద్దు	No immature words
ఆమెకు పరిపక్వత ఉంది	She has maturity
పరిపక్వత చాలా ముఖ్యం	Maturity is very important
హఠాత్తుగా నిర్ణయం తీసుకోవద్దు	Do not take a decision impulsively
అతను హఠాత్తుగా అక్కడికి వచ్చాడు	He came there impulsively
ఆమె జీవనం నిరాడంబరమైనది	Her life is modest
నిరాడంబరమైన దుస్తులు బాగుంటాయి	Modest clothes look good
శ్రమ ఫలించలేదు	The effort did not bear fruit
పాత పద్ధతులు ఫలించలేదు	Old methods did not bear fruit
వారు నిర్ణయించారు	They determined
నేను నిర్ణయించారు అని చెప్పాను	I said they determined
ఆ వాదన సరైనది	That argument is correct
మీ వాదన విన్నాను	I heard your argument
ఈ పుస్తకం ముగింపు విచిత్రంగా ఉంది	This book's conclusion is strange
అతని దావా తప్పా	Is his claim wrong
ఆ దావా నిజం కాదు	That claim is not true
నా అభిప్రాయం వేరు	My opinion is different
మీ అభిప్రాయం ఏమిటి	What is your opinion
ఆమె దృక్పథం బాగుంది	Her perspective is good
మనం కొత్త దృక్పథం కలిగి ఉండాలి	We should have a new perspective
మీ ఊహ తప్పింది	Your assumption is wrong
అది కేవలం ఒక ఊహ మాత్రమే	That is just an assumption
నీటి ప్రాముఖ్యత ఎక్కువ	The significance of water is high
ఈ రోజు ప్రాముఖ్యత ఏమిటి	What is the significance of today
ఈ మాట తాత్పర్యం అర్థం చేసుకో	Understand the implication of this word
ఆ వాక్యం తాత్పర్యం వివరించండి	Explain the implication of that sentence
దీనిని మూల్యాంకనం చేయండి	Evaluate this
పరీక్షను మూల్యాంకనం చేయండి	Evaluate the exam
నీ నిర్ణయాన్ని సమర్థించు	Justify your decision
అతని చర్యను సమర్థించు	Justify his action
సాక్ష్యం ఎక్కడ ఉంది	Where is the evidence
ఆ సాక్ష్యం నిజం	That evidence is true
అక్కడ తర్కం లేదు	There is no logic there
తర్కం ద్వారా ఆలోచించండి	Think through logic
నీ తార్కికం సరైనది	Your reasoning is correct
ఆ తార్కికం సరిపోలేదు	That reasoning is not enough
ఈ చర్చ అవసరం	This debate is necessary
చర్చా ప్రారంభించండి	Start the debate
విషయాన్ని చర్చించండి	Discuss the matter
దీని గురించి చర్చించండి	Discuss about this
అతనిని విమర్శించండి	Criticize him
అవసరమైతే విమర్శించండి	Criticize if necessary
సమస్యను విశ్లేషించండి	Analyze the problem
వివరాలను విశ్లేషించండి	Analyze the details
దీనిని అన్వయించు	Interpret this
సందర్భాన్ని అన్వయించు	Interpret the context
పాఠాన్ని సంగ్రహించండి	Summarize the lesson
కథను సంగ్రహించండి	Summarize the story
రెండింటిను సరిపోల్చండి	Compare the two
ఆ రెండింటిను సరిపోల్చండి	Compare those two
ఇది విరుద్ధంగా ఉంది	This is in contrast
ఆమె మాటలు విరుద్ధంగా ఉన్నాయి	Her words are in contrast
అతను చర్చను ముగించారు	He concluded the debate
వారు సమావేశాన్ని ముగించారు	They concluded the meeting
ఫలితాన్ని ఊహించు	Infer the result
ముందుగా ఊహించు	Infer beforehand
ధరను తగ్గించు	Reduce the price
ఖర్చులను తగ్గించు	Reduce the expenses
ఇది సాక్ష్యం ఆధారిత విశ్లేషణ	This is evidence-based analysis
సాక్ష్యం ఆధారిత సమాచారం కావాలి	Need evidence-based information
ఈ పత్రం చెల్లుతుంది	This document is valid
ఆ టికెట్ చెల్లుతుంది	That ticket is valid
ఈ ఒప్పందం చెల్లదు	This agreement is invalid
పాత పత్రం చెల్లదు	The old document is invalid
అతను పక్షపాతం చూపాడు	He showed bias
ఇది పక్షపాతం లేని నిర్ణయం	This is an unbiased decision
నా లక్ష్యం విజయం	My objective is success
లక్ష్యం వైపు సాగండి	Move towards the objective
ఇది ఆత్మాశ్రయమైన విషయం	This is a subjective matter
ఆలోచన ఆత్మాశ్రయమైనది	The thought is subjective
సంబంధిత వివరాలు ఇవ్వండి	Give relevant details
ఇది సంబంధిత సమాచారం	This is relevant information
ఆ మాట అప్రస్తుతం	That word is irrelevant
ఆ మాట ఒప్పించేది కాదు	That word is not convincing
అతని మాట ఒప్పించేది	His word is convincing
ఇది ఒప్పించే వాదన	This is a persuasive argument
ఆమె ఒప్పించే మాటలు చెప్పింది	She spoke persuasive words
నా దృక్కోణం నుండి చూడు	Look from my point of view
ఆ దృక్కోణం సరైనది	That point of view is correct
నీ దృక్కోణం ఏమిటి	What is your standpoint
విభిన్న దృక్కోణం అవసరం	A different standpoint is needed
ప్రమాణాలు ఏమిటి	What are the criteria
కొత్త ప్రమాణాలు నిర్ణయించండి	Decide new criteria
అతని బలం ధైర్యం	His strength is courage
అతని బలహీనత ఏమిటి?	What is his weakness?
అది నా బలహీనత.	That is my weakness.
ప్రపంచ చాలా పెద్దది	The world is very big
ప్రపంచ శాంతి అవసరం	World peace is necessary
వాతావరణ మార్పు ప్రమాదకరం	Climate change is dangerous
వాతావరణ మార్పు గురించి చదవండి	Read about climate change
వలస వల్ల సమస్యలు వచ్చాయి	Immigration caused problems
వలస చట్టం కఠినంగా ఉంది	The immigration law is strict
జనాభా పెరుగుతోంది	The population is increasing
భారతదేశంలో జనాభా ఎక్కువ	The population is high in India
సంఘర్షణ నివారించాలి	Conflict should be avoided
కుటుంబంలో సంఘర్షణ మొదలైంది	Conflict started in the family
ఆర్థిక సంక్షోభం వచ్చింది	The financial crisis came
ఈ సంక్షోభం తీవ్రమైనది	This crisis is severe
చర్చలు ఇంకా జరుగుతున్నాయి	Negotiations are still going on
శాంతి చర్చలు ముగిశాయి	Peace negotiations ended
కొత్త సంధి జరిగింది	A new treaty happened
సంధి ఒప్పందం సంతకం చేశారు	The treaty agreement was signed
స్థిరమైన అభివృద్ధి ముఖ్యం	Sustainable development is important
ఇది స్థిరమైన పద్ధతి	This is a sustainable method
పల్లెటూరి అభివృద్ధి బాగుంది	Village development is good
ఆర్థిక అభివృద్ధి అవసరం	Economic development is necessary
ఉద్గారము తగ్గించాలి	Emission should be reduced
కార్ల నుండి ఉద్గారము వస్తుంది	Emission comes from cars
కాలుష్యం పెరిగింది	Pollution increased
గాలి కాలుష్యం ప్రమాదకరం	Air pollution is dangerous
అటవీ నిర్మూలన ఆపాలి	Deforestation should be stopped
అటవీ నిర్మూలన వల్ల వేడి పెరిగింది	Heat increased due to deforestation
గ్రామంలో కరువు వచ్చింది	The village faced a drought
కరువు వల్ల పంటలు పోయాయి	Crops were lost due to drought
నగరంలో వరద వచ్చింది	The city faced a flood
వరద నీరు తగ్గాయి	The flood waters receded
కరువు వల్ల ఆకలి పెరిగింది	Hunger increased due to famine
పాత కాలంలో కరువు వచ్చింది	Famine came in old times
ఆయన ఒక శరణార్థి	He is a refugee
శరణార్థి సహాయం చేయండి	Help the refugee
వలస క్రమంలో ఇబ్బందులు ఉన్నాయి	There are difficulties in migration
పక్షుల వలస మొదలైంది	Bird migration started
ఆమె విదేశీ పౌరరాలు	She is a foreign citizen
దౌత్యం ద్వారా పరిష్కారం వచ్చింది	Resolution came through diplomacy
దౌత్యం చాలా ముఖ్యం	Diplomacy is very important
రుణం మంజూరు చేశారు	The loan was sanctioned
అనుమతి మంజూరు చేయండి	Grant the permission
పార్టీ సంకీర్ణం ఏర్పడింది	A party coalition was formed
అధికార సంకీర్ణం గెలిచింది	The ruling coalition won
కొత్త కూటమి ఏర్పడింది	A new alliance was formed
ఈ కూటమి బలంగా ఉంది	This alliance is strong
ఆర్థిక వ్యవస్థ బలమైంది	The economy became strong
దేశ ఆర్థిక వ్యవస్థ బాగుంది	The country's economy is good
పేదరికం పోవాలి	Poverty should go
పేదరికం వల్ల ఇబ్బందులు ఉన్నాయి	There are troubles due to poverty
ఇది ప్రమాదకర వ్యాధి	This is a dangerous disease
వ్యాధి లక్షణాలు గమనించండి	Observe the disease symptoms
మహమ్మారి ప్రపంచాన్ని మార్చింది	The pandemic changed the world
మహమ్మారి వల్ల ఆసుపత్రులు నిండాయి	Hospitals filled up due to the pandemic
టీకా వేసుకోండి	Take the vaccine
టీకా అందుబాటులో ఉంది	The vaccine is available
పునరుత్పాదకమైనది అయిన శక్తి ముఖ్యం	Renewable energy is important
ఇది పునరుత్పాదకమైనది శక్తి వనరు	This is a renewable energy resource
సౌర శక్తి శక్తివంతమైనది	Solar energy is powerful
శక్తి ఆదా చేయండి	Save energy
ప్రకృతి పరిరక్షణ చేయండి	Conserve nature
నీటి పరిరక్షణ అవసరం	Water conservation is necessary
జీవవైవిధ్యం రక్షించాలి	Biodiversity should be protected
జీవవైవిధ్యం ప్రకృతికి అందం	Biodiversity is the beauty of nature
ఇది సహజ వనరు	This is a natural resource
వనరుల వినియోగం తగ్గించండి	Reduce the use of resources
నీటి కొరత ఉంది	There is a water scarcity
ఆహారం కొరత ఏర్పడింది	There was a food scarcity
రాష్ట్రంలో స్థిరత్వం ఉంది	There is stability in the state
స్థిరత్వం చాలా ముఖ్యం	Stability is very
ఉద్రిక్తత తగ్గింది	The tension decreased
అక్కడ ఉద్రిక్తత ఉంది	There is tension there
అందరూ సహకరిస్తాయి	Everyone will cooperate
వారు సహకరిస్తాయి	They will cooperate
దీన్ని పరిష్కరించండి	Resolve this
సమస్యను పరిష్కరించండి	Resolve the problem
ఈ నవల చాలా బాగుంది	This novel is very good
అతను ఒక కొత్త నవల రాశాడు	He wrote a new novel
నాకు కవిత్వం అంటే ఇష్టం	I like poetry
ఆమె కవిత్వం రాస్తుంది	She writes poetry
అతను గొప్ప రచయిత	He is a great author
ఈ రచయిత పేరు ఏమిటి?	What is this author's name?
ఈ పాత్ర చాలా విచిత్రంగా ఉంది	This character is very strange
ఆమెకు పెద్ద పాత్ర వచ్చింది	She got a big role/character
కథలో ప్లాట్లు ఆసక్తికరంగా ఉన్నాయి	The plots in the story are interesting
ఈ ప్లాట్లు చాలా సంక్లిష్టంగా ఉన్నాయి	These plots are very complex
ఈ పుస్తకపు థీమ్ ఏమిటి?	What is the theme of this book?
ఆ సినిమా థీమ్ బాగుంది	That movie's theme is good
నేను గ్యాలరీకి వెళ్ళాను	I went to the gallery
ఈ గ్యాలరీ చాలా పెద్దది	This gallery is very big
నేను ఈ ప్రదర్శన చూశాను	I saw this exhibition
రేపు ఒక కొత్త ప్రదర్శన ఉంది	There is a new exhibition tomorrow
ఈ శిల్పం చాలా అందంగా ఉంది	This sculpture is very beautiful
ఆ శిల్పం రాతితో చేశారు	That sculpture was made with stone
ఇది ఒక గొప్ప కళాఖండం	This is a great masterpiece
ఆయన చిత్రలేఖనం ఒక కళాఖండం	His painting is a masterpiece
ఈ పెయింటింగ్ నాకు నచ్చింది	I liked this painting
ఆమె పెయింటింగ్ వేస్తుంది	She is painting
కాన్వాస్ తెల్లగా ఉంది	The canvas is white
అతను కాన్వాస్ మీద గీశాడు	He drew on the canvas
బొమ్మ కోసం బ్రష్ వాడండి	Use the brush for the picture
ఆ బ్రష్ ఎక్కడ ఉంది?	Where is that brush?
ఆయన చిత్తరువు చూడముచ్చటగా ఉంది	His portrait looks interesting
ఆమె తన చిత్తరువు గీసింది	She drew her portrait
ఈ ప్రకృతి దృశ్యం అద్భుతంగా ఉంది	This landscape is wonderful
నేను ప్రకృతి దృశ్యం గీశాను	I drew a landscape
ఆ చిత్రం వియుక్త శైలిలో ఉంది	That picture is in abstract style
వియుక్త చిత్రాలు నాకు ఇష్టం	I like abstract paintings
ఇది వాస్తవికమైనది చిత్రం	This is a realistic picture
ఆమె మాటలు వాస్తవికమైనది	Her words are realistic
నీ ఊహ నిజమైంది	Your imagination came true
నా ఊహ చాలా పెద్దది	My imagination is very big
సహజమే నాకు ప్రేరణ	Nature is my inspiration
అతనికి ఇది గొప్ప ప్రేరణ	This is a great inspiration to him
ఆమె సృజనాత్మక ఆలోచనలు కలిగి ఉంది	She has creative thoughts
ఇది ఒక సృజనాత్మక పని	This is a creative work
అతని వ్యక్తీకరణ బాగుంది	His expression is good
కళ ఒక గొప్ప వ్యక్తీకరణ	Art is a great expression
ఆ భావోద్వేగం నాకు అర్థమైంది	I understood that emotion
ప్రేమ ఒక అందమైన భావోద్వేగం	Love is a beautiful emotion
అది శాంతికి చిహ్నం	That is a symbol of peace
ఈ చిహ్నం ఏమిటి?	What is this symbol?
ఇది ఒక రూపకం	This is a metaphor
ఆయన రూపకం ఉపయోగించారు	He used a metaphor
కథనం చాలా వేగంగా ఉంది	The narrative is very fast
ఆమె కథనం ఆసక్తికరంగా ఉంది	Her narrative is interesting
ఈ కళా ప్రక్రియ కొత్తది	This genre is new
సినిమా కళా ప్రక్రియ బాగుంది	The movie genre is good
ఇది కేవలం ఒక కల్పన	This is just a fiction
ఆయన కల్పన కథలు రాశాడు	He wrote fiction stories
కల్పన మరియు నాన్ ఫిక్షన్ వేర్వేరు	Fiction and non-fiction are different
ఆయన నాన్ ఫిక్షన్ పుస్తకం రాశాడు	He wrote a non-fiction book
నేను జీవిత చరిత్ర చదివినాను	I read a biography
ఆయన జీవిత చరిత్ర గొప్పది	His biography is great
మొదటి అధ్యాయం చాలా చిన్నది	The first chapter is very short
ఈ అధ్యాయం చదవండి	Read this chapter
ఆ దృశ్యం చాలా బాగుంది	That scene is very good
ఈ దృశ్యం భయానకంగా ఉంది	This scene is scary
డైలాగ్ చాలా సహజంగా ఉంది	The dialogue is very natural
ఆ డైలాగ్ నాకు నచ్చింది	I liked that dialogue
ఈ ప్రాస బాగుంది	This rhyme is good
పద్యంలో ప్రాస ఉండాలి	There should be a rhyme in the
విమర్శకుడు పుస్తకాన్ని చదివాడు	The critic read the book
ఆయన గొప్ప విమర్శకుడు	He is a great critic
ప్రేక్షకులు చప్పట్లు కొట్టారు	The audience clapped
ప్రేక్షకులు చాలా మంది ఉన్నారు	There are many audience members
వారు విజయాన్ని సాధిస్తారు	They will achieve victory
కష్టపడితే లక్ష్యాలను సాధిస్తారు	If they work hard, they will accomplish goals
ఆలయాన్ని శుభ్రంగా నిర్వహించండి	Maintain the temple cleanly
సమాచారాన్ని సరిగ్గా నిర్వహించండి	Maintain the information correctly
విజయాలను పొందండి	Obtain the successes
అనుమతిని పొందండి	Obtain the permission
ఈ గదులు పెద్దవిగా కలిగి ఉంటాయి	These rooms consist of being large
ముఖ్యమైన విషయాలను నొక్కిచెప్పండి	Emphasize the important things
సమయాన్ని నొక్కిచెప్పండి	Emphasize the time
మీ ప్రతిభను ప్రదర్శించండి	Demonstrate your talent
కొత్త పద్ధతిని ప్రదర్శించండి	Demonstrate the new method
పనులలో సహకరించండి	Contribute in the works
అందరూ కలిసి సహకరించండి	Everyone together contribute
ఆమె కృషిని గుర్తించండి	Acknowledge her effort
తప్పులను గుర్తించండి	Acknowledge the mistakes
కొత్త కార్యాలయం ఏర్పాటు	New office establishment
ఒక చిన్న ఏర్పాటు	A small establishment
దీని వల్ల ప్రయోజనం ఉంది	There is a benefit from this
ఆరోగ్యానికి మంచి ప్రయోజనం	Good benefit for health
అవి మనల్ని ప్రభావితం చేస్తాయి	They affect us
ఈ నిర్ణయాలు జీవితాన్ని ప్రభావితం చేస్తాయి	These decisions affect life
దీని ప్రభావం ఎక్కువ	Its effect is more
చెడు ప్రభావం వస్తుంది	Bad effect will come
ధర పెరుగుతుంది	Price will increase
జనాభా పెరుగుతుంది	Population will increase
ధరలో తగ్గుదల ఉంది	There is a decrease in price
ఉష్ణోగ్రతలో తగ్గుదల గమనించండి	Notice the decrease in temperature
ఖర్చును తగ్గించండి	Reduce the cost
బరువును తగ్గించండి	Reduce the weight
అవి నాణ్యతను మెరుగుపరుస్తాయి	They improve the quality
కొత్త పద్ధతులు ఫలితాలను మెరుగుపరుస్తాయి	New methods improve the results
మీ వ్యాపారాన్ని విస్తరించండి	Expand your business
ఆ ఆలోచనలను విస్తరించండి	Expand those ideas
అవి వ్యాధిని నిరోధిస్తాయి	They prevent the disease
ముందస్తు జాగ్రత్తలు ప్రమాదాలను నిరోధిస్తాయి	Precautionary measures prevent accidents
తప్పులను నివారించండి	Avoid the mistakes
వ్యాధులను నివారించండి	Avoid the diseases
అవి పిల్లలను ప్రోత్సహిస్తాయి	They encourage the children
మంచి అలవాట్లు మనల్ని ప్రోత్సహిస్తాయి	Good habits encourage us
అతని ప్రయత్నాన్ని నిరుత్సాహపరచు	Discourage his effort
అవసరానికి మించి నిరుత్సాహపరచు	Discourage beyond necessity
అతన్ని ఒప్పించండి	Persuade him
నన్ను ఒప్పించండి	Convince me
ఆమెను ఒప్పించండి	Convince her
ఏదైనా ఒకటి సూచించండి	Suggest any one
మంచి మార్గాన్ని సూచించండి	Suggest a good path
పుస్తకాలను సిఫార్సు చేయండి	Recommend the books
మంచి హోటల్‌ను సిఫార్సు చేయండి	Recommend a good hotel
వారు పట్టుబట్టుతారు	They insist
అతను అక్కడే పట్టుబట్టుతారు	He insists right there
పెద్ద డిమాండ్ ఉంది	There is a big demand
వస్తువుల డిమాండ్ పెరిగింది	Demand for goods increased
అక్కడ వర్షం ఆశించవచ్చు	Rain may be expected there
మనం ఫలితం ఆశించవచ్చు	We may expect the result
అతను ఇలా ఊహిస్తారు	He assumes like this
అందరూ అలా ఊహిస్తారు	Everyone assumes so
పని పూర్తి అంచనా	Work completion estimate
ఖర్చు అంచనా వేయండి	Estimate the cost
లెక్కలను లెక్కించు	Calculate the accounts
మొత్తాన్ని లెక్కించు	Calculate the total
అవి ఫలితాన్ని నిర్ణయిస్తాయి	They determine the result
విలువలు ధరను నిర్ణయిస్తాయి	Values determine the price
తప్పును గుర్తించండి	Identify the mistake
వ్యక్తులను గుర్తించండి	Identify the people
వివరాలను పరిగణించండి	Consider the details
అన్ని విషయాలను పరిగణించండి	Consider all things
అవి నిజాలను ప్రతిబింబిస్తాయి	They reflect the truths
కళ్లు కాంతిని ప్రతిబింబిస్తాయి	Eyes reflect the light
గుర్తులు మార్గాన్ని సూచిస్తాయి	Signs indicate the way
లక్షణాలు జ్వరాన్ని సూచిస్తాయి	Symptoms indicate the fever
రహస్యాలను బహిర్గతం	Reveal the secrets
నిజాలను బహిర్గతం	Reveal the truths
ఆ పరికల్పన సరైనది కాదు	That hypothesis is not correct.
కొత్త పరికల్పన సిద్ధం చేయండి	Prepare a new hypothesis.
పాత నమూనా మార్చాలి	The old paradigm must be changed.
ఈ నమూనా చాలా బాగుంది	This paradigm is very good.
పద్దతి సరళంగా ఉండాలి	The methodology should be simple.
మీ పద్దతి ఏమిటి?	What is your methodology?
ఇది ఒక వింత దృగ్విషయం	This is a strange phenomenon.
ప్రకృతిలో ఈ దృగ్విషయం ఉంది	This phenomenon exists in nature.
అందరికీ ఏకాభిప్రాయం లేదు	There is no consensus for everyone.
ఏకాభిప్రాయం కుదరలేదు	Consensus was not reached.
వీటి మధ్య సహసంబంధం ఉంది	There is a correlation between these.
సహసంబంధం స్పష్టంగా లేదు	The correlation is not clear.
ఈ వేరియబుల్ మారవచ్చు	This variable may change.
వేరియబుల్ విలువను చూడండి	Look at the variable value.
ప్రమాణాలు కఠినంగా ఉన్నాయి	The criteria are strict.
అది ఒక పాత భావన	That is an old notion.
ఈ భావన సరైనది	This notion is correct.
ఆ హేతుబద్ధత ఏమిటి?	What is that rationale?
హేతుబద్ధత స్పష్టంగా ఉండాలి	The rationale should be clear.
అనుభావిక ఆధారాలు కావాలి	Empirical evidence is needed.
ఇది అనుభావిక అధ్యయనం	This is an empirical study.
సిద్ధాంతపరమైన చర్చలు జరిగాయి	Theoretical discussions happened.
ఆ సిద్ధాంతపరమైన అంశం కష్టంగా ఉంది	That theoretical aspect is difficult.
ఫ్రేమ్వర్క్ సిద్ధంగా ఉంది	The framework is ready.
కొత్త ఫ్రేమ్వర్క్ అవసరం	A new framework is necessary.
సందర్భం అర్థం చేసుకోండి	Understand the context.
ఈ సందర్భం విచిత్రంగా ఉంది	This context is strange.
పరిమాణం చాలా పెద్దది	The dimension is very large.
పరిమాణం సరిగా లేదు	The dimension is not correct.
ముఖ్యమైన అంశం ఇదే	This is the important aspect.
ప్రతి అంశం పరిశీలించండి	Examine every aspect.
ప్రధాన కారకం ఇదే	This is the main factor.
ఒక కారకం మారుతోంది	One factor is changing.
ఈ ధోరణి కొత్తది	This trend is new.
ధోరణి వేగంగా ఉంది	The trend is fast.
నమూనా సరిగా లేదు	The pattern is not correct.
ఈ నమూనా విభిన్నంగా ఉంది	This pattern is different.
నమూనా పరిమాణం చిన్నది	The sample size is small.
నమూనా సేకరించండి	Collect the sample.
సర్వే పూర్తి చేయండి	Complete the survey.
సర్వే ఫలితాలు వచ్చాయి	The survey results have arrived.
కనుగొనడం ఆసక్తికరం	The finding is interesting.
కొత్త కనుగొనడం జరిగింది	A new finding happened.
డేటా సెట్ పెద్దది	The data set is large.
డేటా సెట్ సరిచూసుకోండి	Verify the data set.
గణాంకాలు సరైనవి కావు	The statistics are not correct.
గణాంకాలు విశ్లేషించండి	Analyze the statistics.
ముఖ్యమైనదిగా గుర్తించండి	Identify it as significant.
దీనికి ఔచిత్యం లేదు	This has no relevance.
ఔచిత్యం సరిచూసుకోండి	Check the relevance.
చెల్లుబాటు అవుతుందా?	Does it have validity?
చెల్లుబాటు లేని వాదన	A validity-less argument.
విశ్వసనీయత చాలా ముఖ్యం	Reliability is very important.
విశ్వసనీయత తక్కువగా ఉంది	Reliability is low.
పరిధిని పెంచండి	Increase the scope.
పరిధిని గుర్తించండి	Identify the scope.
ఒక పరిమితి ఉంది	There is a limitation.
పరిమితి గురించి చెప్పండి	Tell about the limitation.
దీన్ని ఎక్స్ట్రాపోలేట్ చేయండి	Extrapolate this.
ఎక్స్ట్రాపోలేట్ చేయడం కష్టం	Extrapolating is difficult.
విలువను లెక్కించు	Quantify the value.
సమయాన్ని లెక్కించు	Quantify the time.
విరుద్ధంగా ఉంది	It is in contrast.
విరుద్ధంగా ఆలోచించండి	Think in contrast.
వీటిని సంశ్లేషణ చేయండి	Synthesize
ఆయన విమర్శ చాలా కఠినంగా ఉంది	His critique is very harsh
విమర్శ వినడం మంచిది	It is good to listen to critique
పోలీసుల దర్యాప్తు చేయండి అని చెప్పారు	They told the police to investigate
ఈ ప్రతిపాదన నాకు నచ్చింది	I liked this proposition
ఆయన ప్రతిపాదన సరైనది	His proposition is correct
ఆ ధృవీకరణ ఇంకా రాలేదు	That assertion has not come yet
ఈ ధృవీకరణ అవసరం	This assertion is necessary
ఆవరణ చాలా పెద్దదిగా ఉంది	The premise is very large
ఆవరణ లోపల తోట ఉంది	There is a garden inside the premise
ధర గురించి చర్చలు జరపండి	Negotiate about the price
మీరు చర్చలు జరపండి	You negotiate
మా ప్రతినిధి ఇక్కడ ఉన్నాడు	Our delegate is here
అతను ఒక మంచి ప్రతినిధి	He is a good delegate
ఇది పనిని సులభతరం చేస్తుంది	This makes the work facilitate
మేము సులభతరం చేయాలనుకుంటున్నాము	We want to facilitate
మీరు వారితో అనుసంధానం చేయండి	You liaise with them
అనుసంధానం చేయడం చాలా ముఖ్యం	Liaising is very important
కొత్త నియమాలను అమలు చేయండి	Implement the new rules
మేము దానిని అమలు చేశాము	We implemented it
అతను పనులను పర్యవేక్షిస్తారు	He oversees the works
మేము పర్యవేక్షిస్తారు అని చెప్పాము	We said they oversee
పద్ధతిని స్ట్రీమ్లైన్ చేయండి	Streamline the process
మేము దానిని స్ట్రీమ్లైన్ చేశాము	We streamlined it
పనులకు ప్రాధాన్యత ఇవ్వండి	Prioritize the tasks
ఆమె ప్రాధాన్యత ఇవ్వండి అని చెప్పింది	She said prioritize
మనం కలిసి సహకరించండి	We collaborate together
అందరూ సహకరించండి	Everyone collaborate
వ్యవస్థను ఆప్టిమైజ్ చేయండి	Optimize the system
మేము దీనిని ఆప్టిమైజ్ చేయండి అన్నాము	We said optimize this
వ్యూహరచన చాలా అవసరం	Strategizing is very necessary
మనం వ్యూహరచన చేద్దాం	Let's strategize
మీ ప్రణాళిక ఏమిటి?	What is your plan?
ఒక మంచి ప్రణాళిక ఉండాలి	There should be a good plan
సమావేశాన్ని నిర్వహించండి	Organize the meeting
ఆమె దానిని నిర్వహించండి అని చెప్పింది	She told to organize it
మనం సమన్వయం చేయాలి	We must coordinate
సమన్వయం చేయడం ముఖ్యం	Coordinating is important
పనులను నిర్వహించండి	Manage the works
మీరు దీనిని నిర్వహించండి	You manage this
మాటలు మనుషులను ప్రేరేపిస్తాయి	Words motivate people
ఆ లక్ష్యాలు ప్రేరేపిస్తాయి	Those goals motivate
ఆమె మాటలు స్ఫూర్తినిస్తాయి	Her words inspire
గొప్ప కథలు స్ఫూర్తినిస్తాయి	Great stories inspire
అతను నా గురువు	He is my mentor
మా గురువు చాలా గొప్పవారు	Our mentor is very great
వారు పనులను పర్యవేక్షిస్తారు	They supervise the works
పనిని మూల్యాంకనం చేయండి	Evaluate the work
మేము మూల్యాంకనం చేయండి అన్నాము	We said evaluate
దీనిని సమీక్షించండి	Review this
మీరు దానిని సమీక్షించండి	You review it
ఇది ఒక నివేదిక	This is a report
నివేదిక సిద్ధంగా ఉంది	The report is ready
ప్రస్తుతం నేను ఇక్కడ ఉన్నాను	Currently I am here
ప్రస్తుతం సమయం అయింది	Currently the time is up
అతనితో సంభాషించండి	Communicate with him
మీరు సంభాషించండి	You communicate
అది దీనికి అనుగుణంగా ఉంది	That is corresponding to this
అనుగుణంగా ఉండాలి	It should correspond
దీనిని అనుసరించండి	Follow up this
మళ్ళీ అనుసరించండి	Follow up again
షెడ్యూల్ సరిచూసుకోండి	Check the schedule
రేపటి షెడ్యూల్ ఏమిటి?	What is tomorrow's schedule?
డబ్బును కేటాయించండి	Allocate the money
సమయాన్ని కేటాయించండి	Allocate the time
బడ్జెట్ ఎంత?	How much is the budget?
బడ్జెట్ తక్కువగా ఉంది	The budget is low
గడువు రేపు ఉంది	The deadline is tomorrow
గడువు ముగిసింది	The deadline has ended
ఇది ఒక మైలురాయి	This is a milestone
పెద్ద మైలురాయి చేరుకున్నాము	We reached a big milestone
పనిభారం చాలా ఎక్కువగా ఉంది	The workload is very high
పనిభారం తగ్గాలి	The workload should decrease
ఇది సమర్థవంతమైన మార్గం	This is an efficient way
అతను సమర్థవంతమైన వ్యక్తి	He is an efficient person
ఇది సమర్థవంతమైన పరిష్కారం	This is an effective solution
సమర్థవంతమైన పద్ధతి కావాలి	Need an effective method
నేటి పని ఉత్పాదకగా ఉంది	Today's work is productive
ఉత్పాదక పని చేయాలి	Must do productive work
అతను జవాబుదారీగా ఉన్నాడు	He is accountable
అతను చాలా క్రియాశీలమైన వ్యక్తి	He is a very proactive person
క్రియాశీలమైన పద్ధతులు అవసరం	Proactive methods are necessary
ఆమె వనరుల నిర్వహణలో నేర్పరి	She is an expert in resource management
వనరుల వినియోగం పెంచాలి	Resource utilization should be increased
వారు పనిని చేపడతారు	They carry out the work.
అందరూ పనులను చేపడతారు	Everyone carries out the tasks.
అతను నన్ను తీసుకుని వచ్చాడు	He brought me along.
అమెక్కీ ఆమెను తీసుకుని వచ్చింది	She brought her along.
వారు సమస్యను పరిశీలిస్తారు	They look into the problem.
అధికారులు విషయాన్ని పరిశీలిస్తారు	Officials look into the matter.
అతను ప్లాన్ నిలిపివేసింది	He put off the plan.
ఆమె మీటింగ్‌ను నిలిపివేసింది	She put off the meeting.
కొత్త ఆలోచనలు తో వస్తాయి	New ideas come up with.
మంచి ఫలితాలు తో వస్తాయి	Good results come up with.
ఆ ప్రతిపాదనను తిరస్కరించు	Turn down the proposal.
అతను ఆ అవకాశాన్ని తిరస్కరించు	Turn down that opportunity.
వారు తప్పులను ఎత్తి చూపుతారు	They point out the mistakes.
అతను కారణాలను ఎత్తి చూపుతారు	He points out the reasons.
నేను కొత్త కంపెనీ ఏర్పాటు	I set up a new company.
అక్కడ ఒక వేదిక ఏర్పాటు	Set up a stage there.
ఆడోపికను వదులుకో	Give up the option.
అతను తన అలవాటును వదులుకో	Give up his habit.
మీరు వ్యాయామం పని చేయండి	You work out exercise.
అక్కడ మీరు పని చేయండి	You work out there.
ఇది ఖర్చు కోసం ఖాతా	This is an account for expenses.
అది లాభం కోసం ఖాతా	That is an account for profit.
డేటాను బ్యాకప్ చేయండి	Back up the data.
ఫైళ్ళను బ్యాకప్ చేయండి	Back up the files.
యంత్రం విచ్ఛిన్నం అయింది	The machine broke down.
వ్యవస్థ విచ్ఛిన్నం అయింది	The system broke down.
పిల్లలను తీసుకురండి	Bring up the children.
అతను పుస్తకాలను తీసుకురండి	He bring up the books.
మీటింగ్‌ను కాల్ ఆఫ్ చేయండి	Call off the meeting.
ఈ ప్లాన్ కాల్ ఆఫ్ చేయండి	Call off this plan.
మీ పనిని కొనసాగించు	Carry on your work.
చదువును కొనసాగించు	Carry on the studies.
అతను వేగాన్ని పట్టుకుంటారు	He catches up with the speed.
అమెНовости పట్టుకుంటారు	She catches up with news.
అక్కడ పుస్తకాలు అంతటా వస్తాయి	Books come across everywhere there.
సమస్యలు అంతటా వస్తాయి	Problems come across everywhere.
చక్కెరకు నరికి వాడండి	Cut down on sugar.
ఖర్చులను నరికి తగ్గించండి	Cut down on expenses.
దీనితో వ్యవహరించండి	Deal with this.
అతనితో వ్యవహరించండి	Deal with him.
సమాధానాన్ని గుర్తించండి	Figure out the answer.
దారిని గుర్తించండి	Figure out the way.
పేరును పూరించండి	Fill in the name.
ఖాళీలను పూరించండి	Fill in the blanks.
వారు అందరితో కలిసిపోతారు	They get along with everyone.
అతను స్నేహితులతో కలిసిపోతారు	He gets along with friends.
అతను బాధ పైగా పొందండి	He get over the pain.
ఆమె భయాన్ని పైగా పొందండి	She get over the fear.
నాకు పుస్తకం ఇవ్వండి	Give in the book to me.
అతనికి డబ్బు ఇవ్వండి	Give in money to him.
అడవి గుండా వెళ్ళండి	Go through the forest.
చీకటి గుండా వెళ్ళండి	Go through the dark.
పేపరును చేయి ఇవ్వండి	Hand in the paper.
పత్రాన్ని చేయి ఇవ్వండి	Hand in the letter.
ఆ డోర్ పట్టుకోండి	Hold on the door.
ఆ చేతిని పట్టుకోండి	Hold on the hand.
వేగాన్ని కొనసాగించు	Keep up with the speed.
అతనితో కొనసాగించు	Keep up with him.
పిల్లలను చూసుకో	Look after the children.
వృద్ధులను చూసుకో	Look after the elderly.
నేను సెలవుల కోసం ఎదురు చూస్తారు	I look forward to holidays.
మేము మీ కోసం ఎదురు చూస్తారు	We look forward to you.
అతను కోపంతో పెట్టాడు	He put up with anger.
అతను భారాన్ని తో పెట్టాడు	He put up with the load.
తండ్రి తర్వాత తీసుకోండి	Take after the father.
అమ్మ తర్వాత తీసుకోండి	Take after the mother.
ఇప్పుడే బయలుదేరు	Leave right now
మనం రేపు బయలుదేరు	We leave tomorrow
ఇక్కడ తిరగండి	Turn here
అక్కడ తిరగండి	Turn there
అక్కడ జాగ్రత్తగా ఉండు	Be careful there
అందరూ జాగ్రత్తగా ఉండు	Everyone be careful
కొత్త శాసనం వచ్చింది	A new legislation has come.
ఈ శాసనం కఠినంగా ఉంది	This legislation is strict.
అది నా అధికార పరిధిలో లేదు	That is not in my jurisdiction.
అధికార పరిధి గురించి చర్చించండి	Discuss about the jurisdiction.
రాజ్యాంగ సవరణ అవసరం	A constitutional amendment is necessary.
ఈ సవరణ సరైనది	This amendment is correct.
రాజ్యాంగం మనకు హక్కులను ఇస్తుంది	The constitution gives us rights.
మన రాజ్యాంగం గొప్పది	Our constitution is great.
ప్రాసిక్యూషన్ సాక్ష్యాలను చూపింది	The prosecution showed the evidence.
ప్రాసిక్యూషన్ వాదన ముగిసింది	The prosecution argument ended.
తీర్పు రేపు వస్తుంది	The verdict will come tomorrow.
కోర్టు తీర్పును గౌరవించండి	Respect the verdict of the court.
న్యాయవ్యవస్థ స్వతంత్రంగా ఉండాలి	The judiciary should be independent.
న్యాయవ్యవస్థ చాలా ముఖ్యం	The judiciary is very important.
ప్రజాభిప్రాయ సేకరణ జరగాలి	A referendum should take place.
ప్రజాభిప్రాయ సేకరణ ఫలితం ఏమిటి?	What is the result of the referendum?
పూర్వస్థితిని గమనించండి	Observe the precedent.
న్యాయపరమైన పూర్వస్థితి ఉంది	There is a legal precedent.
సార్వభౌమాధికారం దేశానికి బలం	Sovereignty is the strength of the country.
సార్వభౌమాధికారం కాపాడాలి	Sovereignty must be protected.
పార్లమెంటులో చర్చ జరిగింది	A discussion happened in the parliament.
పార్లమెంటు చట్టాలను చేస్తుంది	The parliament makes laws.
మంత్రివర్గం సమావేశమైంది	The cabinet met.
మంత్రివర్గం నిర్ణయం తీసుకుంది	The cabinet took a decision.
బ్యూరోక్రసీ నెమ్మదిగా పనిచేస్తుంది	The bureaucracy works slowly.
బ్యూరోక్రసీలో మార్పులు కావాలి	Changes are needed in the bureaucracy.
ప్రభుత్వ విధానం మారింది	The government policy has changed.
విధానం సరళంగా ఉండాలి	The policy should be simple.
ట్రాఫిక్ నియంత్రణ అవసరం	Traffic regulation is necessary.
ఈ నియంత్రణ మంచిది	This regulation is good.
పాత శాసనం రద్దయింది	The old statute was cancelled.
శాసనం ప్రకారం చేయండి	Do it according to the statute.
ఈ నిబంధన చదవండి	Read this clause.
నిబంధన చాలా స్పష్టంగా ఉంది	The clause is very clear.
ఈ నిబంధన అమలు చేయండి	Implement this provision.
నిబంధన ప్రకారం చెల్లించండి	Pay according to the provision.
విచారణ ఇంకా సాగుతోంది	The trial is still going on.
విచారణ ఎప్పుడు ముగుస్తుంది?	When will the trial end?
ప్రతివాది కోర్టుకు వచ్చాడు	The defendant came to court.
ప్రతివాది వాదన వినండి	Listen to the defendant's argument.
వాది ఫిర్యాదు చేశాడు	The plaintiff complained.
వాది సాక్ష్యం చెప్పాడు	The plaintiff gave testimony.
సాక్ష్యం నిజంగా ఉండాలి	The testimony must be true.
సాక్షి నిజం చెప్పాడు	The witness told the truth.
సాక్షి ఎక్కడున్నాడు?	Where is the witness?
సాక్ష్యం సరిపోలేదు	The evidence was not enough.
సాక్ష్యం చూపండి	Show the evidence.
అతను విజ్ఞప్తి చేశాడు	He made an appeal.
విజ్ఞప్తి ఆమోదించబడింది	The appeal was accepted.
నేరారోపణ సరైనది	The conviction is correct.
నేరారోపణ తర్వాత జైలుకు వెళ్ళాడు	He went to jail after conviction.
పెనాల్టీ చెల్లించండి	Pay the penalty.
పెనాల్టీ చాలా ఎక్కువ	The penalty is very high.
బడ్జెట్ మంజూరు చేశారు	The budget was sanctioned.
మంజూరు కోసం వేచి ఉండండి	Wait for the sanction.
రోగనిరోధక శక్తి పెంచుకోండి	Increase your immunity.
రోగనిరోధక శక్తి అవసరం	Immunity is necessary.
వారు నాయకుడిని ఎన్నుకోబడతారు	They elect the leader.
ప్రజలు ఎన్నుకోబడతారు	People are elected.
అభ్యర్థి పేరు ఏమిటి?	What is the candidate's name?
అభ్యర్థి సిద్ధంగా ఉన్నాడు	The candidate is ready.
ప్రచారం మొదలైంది	The campaign has started.
ప్రచారం చాలా పెద్దది	The campaign is very big.
నియోజకవర్గం ఎక్కడ ఉంది?	Where is the constituency?
ప్రజాస్వామ్యం అందరికీ సమానం	Democracy is equal for all
నీతిశాస్త్రం చదవండి	Read ethics.
అతనికి నీతిశాస్త్రం తెలుసు	He knows ethics.
నైతికత చాలా ముఖ్యం	Morality is very important.
ఆయన నైతికత గొప్పది	His morality is great.
స్పృహ లేనట్లు ఉంది	It seems there is no consciousness.
స్పృహ రావడం ఆలస్యమైంది	Coming to consciousness was delayed.
అవగాహన పెంచుకోండి	Increase perception.
ఆయనకు అవగాహన లేదు	He has no perception.
ధర్మం ఎప్పుడూ గెలుస్తుంది	Virtue always wins.
ధర్మం పాటించడం మంచిది	Following virtue is good.
సిద్ధాంతం సరైనది కాదు	The doctrine is not correct.
కొత్త సిద్ధాంతం చదివాను	I read a new doctrine.
ఆయన భావజాలం విభిన్నంగా ఉంది	His ideology is different.
సంశయవాదం ఒక మార్గం	Skepticism is a way.
సంశయవాదం వల్ల ప్రశ్నలు వస్తాయి	Skepticism brings questions.
అస్తిత్వ సమస్యలు ఉన్నాయి	There are existential problems.
అస్తిత్వ ప్రశ్నలు అడిగారు	They asked existential questions.
పారడాక్స్ వినడమే వింత	Hearing the paradox is strange.
ఇది ఒక పారడాక్స్	This is a paradox.
తార్కికం ఆలోచించడం నేర్చుకోండి	Learn to think reasoning.
తార్కికం సరైన మార్గం	Reasoning is the right way.
జ్ఞానం పంచడం మంచిది	Sharing wisdom is good.
నమ్మకం ఉండాలి	There should be belief.
నా నమ్మకం నిజమైంది	My belief came true.
సూత్రం పాటించండి	Follow the principle.
ఆయన సూత్రం సరైనది	His principle is correct.
కొత్త భావన వచ్చింది	A new notion came.
ఈ భావన వింతగా ఉంది	This notion is strange.
భావన అర్థం చేసుకోండి	Understand the concept.
వియుక్త ఆలోచనలు కష్టం	Abstract thoughts are difficult.
వియుక్త రూపం చూడండి	See the abstract form.
హేతుబద్ధమైన నిర్ణయం తీసుకోండి	Take a rational decision.
ఆయన హేతుబద్ధమైన వ్యక్తి	He is a rational person.
అంతర్ దృష్టి నమ్ముదాం	Let's trust intuition.
అంతర్ దృష్టి చెప్పింది	Intuition told.
పెద్ద సందిగ్ధత ఉంది	There is a big dilemma.
సందిగ్ధత నుండి బయటపడండి	Get out of the dilemma.
ఆయన స్వభావము మృదువు	His disposition is gentle.
నా స్వభావము వేరు	My disposition is different.
నాకు సందేహం ఉంది	I have a doubt.
సందేహం వద్దు	Do not have doubt.
నిశ్చయత లేదు	There is no certainty.
నిశ్చయత కోసం చూడండి	Look for certainty.
ఆలోచన చేయడం ముఖ్యం	Contemplation is important.
గాఢమైన ఆలోచన వచ్చింది	A deep contemplation came.
ఆత్మ శాంతిగా ఉంది	The soul is peaceful.
ఆత్మ గురించి తెలుసుకోండి	Know about the soul.
ఉనికి నిరూపించుకోండి	Prove the existence.
మా ఉనికి ఇక్కడ ఉంది	Our existence is here.
జీవిత ప్రయోజనం ఏమిటి	What is the purpose of life?
ప్రయోజనం తెలుసుకోండి	Know the purpose.
అర్థం ఏమవుతుంది	What becomes the meaning?
అర్థం తెలియడం లేదు	The meaning is not clear.
జ్ఞానశాస్త్రం చదవండి	Read epistemology.
జ్ఞానశాస్త్రం లోతైనది	Epistemology is deep.
స్వేచ్ఛా సంకల్పం ఉంది	There is free will.
స్వేచ్ఛా సంకల్పం గొప్పది	Free will is great.
నిర్ణయాత్మకత గురించి విన్నాను	I heard about determinism.
నిర్ణయాత్మకత ఒక సిద్ధాంతం	Determinism is a doctrine.
అతను వచ్చింది అయినప్పటికీ నేను వెళ్లలేదు	Nonetheless, he came, but I did not go
అది కష్టం అయినప్పటికీ నేను ప్రయత్నించాను	Nonetheless, it was difficult, but I tried
అతను తెలివైనవాడు పైగా వినయం కలవాడు	Moreover, he is intelligent and humble
ఆమెకు పాడటం వచ్చు పైగా రాయడం వచ్చు	Moreover, she knows how to sing and write
వర్షం పడింది తత్ఫలితంగా రోడ్లు తడిశాయి	It rained, consequently the roads got wet
అతను చదవలేదు తత్ఫలితంగా పరీక్ష తప్పాడు	He did not study, consequently he failed the exam
నియమాలు ఉన్నాయి తదనుగుణంగా నడవండి	There are rules, act accordingly
అతను చెప్పాడు తదనుగుణంగా నేను చేశాను	He told me, and accordingly I did it
రాముకు ఇష్టం అదేవిధంగా రవికి కూడా ఇష్టం	Ramu likes it, similarly Ravi likes it too
ఆమెకు సంగీతం ఇష్టం అదేవిధంగా నృత్యం కూడా	She likes music, similarly she likes dance
పగలు వేడిగా ఉంది దీనికి విరుద్ధంగా రాత్రి చల్లగా ఉంది	The day was hot, conversely the night was cold
అతను వేగంగా నడకాడు దీనికి విరుద్ధంగా ఆమె నెమ్మదిగా నడిచింది	He walked fast, conversely she walked slowly
ముందు భోజనం చేయండి తదనంతరం నడవండి	First eat food, subsequently walk
అతను వచ్చాడు తదనంతరం మేము బయలుదేరాము	He came, subsequently we left
అతను ఆలస్యంగా వచ్చాడు అనివార్యంగా శిక్ష పడింది	He came late, inevitably he was punished
వయసు పెరుగుతుంటే అనివార్యంగా జుట్టు తెల్లబడుతుంది	As age increases, inevitably hair turns white
ఇది నిస్సందేహంగా ఒక గొప్ప విజయం	This is arguably a great victory
ఆమె నిస్సందేహంగా తరగతిలో మొదటి వ్యక్తి	She is arguably the first person in the class
అతను అబద్ధం చెప్పాడు అందువలన నేను నమ్మలేదు	He lied, therefore I did not believe
వర్షం పడింది అందువలన ఆట ఆగింది	It rained, therefore the game stopped
ఆయనకు ఆరోగ్యం బాగోలేదు అందుకే రాలేదు	He was not healthy, hence he did not come
నాకు సమయం లేదు అందుకే రాలేను	I have no time, hence I could not come
అతను కష్టపడ్డాడు అందువలన విజయం సాధించాడు	He worked hard, thus he succeeded
సూర్యుడు అస్తమించాడు అందువలన చీకటి వచ్చింది	The sun set, thus it became dark
అతను చదువుకున్నాడు తద్వారా మంచి ఉద్యోగం వచ్చింది	He studied, thereby he got a good job
అతను వ్యాయామం చేశాడు తద్వారా ఆరోగ్యంగా ఉన్నాడు	He exercised, thereby he stayed healthy
త్వరగా రండి లేకుంటే బస్సు మిస్ అవుతారు	Come quickly, otherwise you will miss the bus
నిజం చెప్పు లేకుంటే అందరూ కోపపడతారు	Tell the truth, otherwise everyone will be angry
అతను బాగా పాడాడు అదేవిధంగా బాగా ఆడారు	He sang well, likewise he played well
ఆమెకు ఇక్కడ ఇష్టం అదేవిధంగా అక్కడ కూడా	She likes it here, likewise there too
ఇద్దరికీ సమానంగా అవకాశం ఇవ్వండి	Give equal opportunity to both
అతను మరియు ఆమె సమానంగా చదువుకున్నారు	He and she studied equally
ఆమెకు పండ్లు ఇష్టం ముఖ్యంగా మామిడి పండ్లు	She likes fruits, especially mangoes
నేను పుస్తకాలు చదువుతాను ముఖ్యంగా చరిత్ర	I read books, especially history
అతనికి పాత పాటలు ముఖ్యంగా ఘజల్స్ ఇష్టం	He likes old songs, particularly ghazals
ఆమెకు వంట చేయడం ముఖ్యంగా స్వీట్లు ఇష్టం	She likes cooking, particularly sweets
అతని ప్రతిభ విశేషమైనది	His talent is remarkable
ఈ ప్రదేశం చాలా విశేషమైనది	This place is remarkable
అతను నిజంగా తెలివైనవాడు నిస్సందేహంగా	He is truly intelligent, undoubtedly
ఆమె విజయం నిస్సందేహంగా అందరికీ తెలుసు	Her victory is undoubtedly known to all
అతను బహుశా రేపు రావచ్చు	Presumably, he may come tomorrow
ఆమె బహుశా ఇంట్లో ఉండవచ్చు	Presumably, she might be at home
అతను అకారణంగా కోపంగా ఉన్నాడు	Seemingly, he is angry for no reason
అది అకారణంగా నిజం అనిపిస్తోంది	Seemingly
ప్రారంభంలో ఇది కష్టంగా ఉంది	Initially it was difficult.
ప్రారంభంలో అతను సహాయం చేశాడు	Initially he helped.
అతను ప్రధానంగా పండ్లు తింటాడు	He primarily eats fruits.
ఇది ప్రధానంగా ఒక ఊరు	This is primarily a village.
ఇది ప్రత్యేకంగా మీ కోసం	This is exclusively for you.
ఆమె ప్రత్యేకంగా మాట్లాడింది	She spoke exclusively.
ధరలు పెరుగుతున్న కాలం ఇది	This is a time of increasing prices.
జనాభా పెరుగుతున్న వేగంగా ఉంది	The population is increasing fast.
ఆయన గణనీయంగా ఎదిగాడు	He grew significantly.
లాభం గణనీయంగా పెరిగింది	The profit increased significantly.
అతను గణనీయంగా మారాడు	He changed considerably.
బరువు గణనీయంగా తగ్గింది	The weight decreased considerably.
అది కొద్దిగా వేడిగా ఉంది	It is slightly hot.
అతను కొద్దిగా నవ్గాడు	He smiled slightly.
అక్కడ కేవలం ఒకరు ఉన్నారు	There were barely one person.
అతను కేవలం నడక సాగించాడు	He barely walked.
ఇక్కడ అరుదుగా వర్షం పడుతుంది	It rains scarcely here.
అరుదుగా ఇక్కడ ప్రజలు ఉంటారు	People live here scarcely.
ఇది కేవలం ఒక కల	This is merely a dream.
అతను కేవలం చిన్న పిల్లాడు	He is merely a small boy.
ఇది పూర్తిగా నా నిర్ణయం	This is purely my decision.
ఆమె పూర్తిగా నిజం చెప్పింది	She spoke purely the truth.
ఇక్కడ ఖచ్చితంగా నిలబడండి	Stand strictly here.
నియమాలు ఖచ్చితంగా పాటించండి	Follow the rules strictly.
అతను పరోక్షంగా చెప్పాడు	He said it implicitly.
ఆమె పరోక్షంగా సంకేతం ఇచ్చింది	She gave a signal implicitly.
అతని పరిశోధన చాలా సూక్ష్మమైనది	His research is very meticulous.
ఆమెకు సూక్ష్మమైన దృష్టి ఉంది	She has a meticulous eye.
ఇది సమగ్రమైన నివేదిక	This is a comprehensive report.
సమగ్రమైన సమాచారం అవసరం	Comprehensive information is necessary.
శిక్షణ చాలా కఠినమైనది	The training is very rigorous.
కఠినమైన నియమాలు ఉన్నాయి	There are rigorous rules.
అక్కడ గణనీయమైన మార్పు వచ్చింది	A substantial change happened there.
అతను గణనీయమైన లాభం పొందాడు	He made a substantial profit.
ఇది జటిలమైన సమస్య	This is an intricate problem.
ఆ చిత్రపటంలో జటిలమైన వివరాలు ఉన్నాయి	The painting has intricate details.
ఆమె వాదన పొందికైనదిగా ఉంది	Her argument is coherent.
పొందికైన ప్రణాళిక అవసరం	A coherent plan is needed.
ఆ సమాధానం అస్పష్టమైనది	That answer is ambiguous.
అస్పష్టమైన మాటలు వద్దు	No ambiguous words.
అతనికి గాఢమైన అవగాహన ఉంది	He has a profound understanding.
ఆమెకు గాఢమైన ప్రేమ ఉంది	She has a profound love.
అతను అనర్గళంగా మాట్లాడగలడు	He can speak eloquently.
ఆమె ప్రసంగం అనర్గళంగా సాగింది	Her speech went eloquently.
ఆచరణాత్మకమైనది నిర్ణయం తీసుకోవాలి	A pragmatic decision must be taken.
అతను విషయాలను క్షుణ్ణంగా చదివాడు	He read the matters thoroughly.
క్షుణ్ణంగా పరిశోధన చేయండి	Do the research thoroughly.
అక్కడ విస్తృతమైన అడవి ఉంది	There is an extensive forest there.
విస్తృతమైన జ్ఞానం అవసరం	Extensive knowledge is necessary.
ఇది అధునాతనమైన యంత్రం	This is a sophisticated machine.
అధునాతనమైన సాంకేతికత వాడండి	Use sophisticated technology.
అతని వాదన బలవంతపుదిగా ఉంది	His argument is compelling.
బలవంతపు కారణాలు చెప్పండి	Give compelling reasons.
ఇది ఒప్పించేది సమాధానం	This is a convincing answer.
అతని మాటలు ఒప్పించేదిగా ఉన్నాయి	His words are convincing.
అతను ఒప్పించే శక్తి గలవాడు	He is a persuasive person.
ఒప్పించే వాదనలు చేయండి	Make persuasive arguments.
ఈ వార్త విశ్వసనీయమైనది	This news is credible.
విశ్వసనీయమైనది మార్గాన్ని ఎంచుకోండి	Choose a credible path.
అది ఆమోదయోగ్యమైనది కారణం	That is a plausible reason.
ఆమోదయోగ్యమైనది వివరణ ఇవ్వండి	Give a plausible explanation.
ఇది సాధ్యమయ్యే పని	This is a feasible task.
సాధ్యమయ్యే మార్గాలను చూడండి	Look for feasible ways.
ఇది ఆచరణీయమైనది ప్రణాళిక	This is a viable plan.
ఆచరణీయమైనది పరిష్కారం కావాలి	A viable solution is needed.
ఈ విషయం చర్చనీయాంశమైంది	This matter has become debatable.
అక్కడ చర్చనీయాంశమైంది అంశం ఉంది	There is a debatable point there.
అది వివాదాస్పదమైన నిర్ణయం	That is a contentious decision.
వివాదాస్పదమైన అంశాలపై చర్చించకండి	Do not discuss contentious issues.
ఆ పుస్తకం వివాదాస్పదమైనది	That book is controversial.
వివాదాస్పదమైనది విషయం చర్చించబడింది	The controversial matter was discussed.
చర్మం చాలా సున్నితమైనది	The skin is very sensitive.
సున్నితమైన అంశాలను గమనించండి	Notice the sensitive issues.
ఇది సున్నితమైన వస్తువు	This is a delicate object.
సున్నితమైన పని జాగ్రత్తగా చేయండి	Do the delicate work carefully.
అందులో సూక్ష్మమైన తేడా ఉంది	There is a subtle difference in it.
సూక్ష్మమైన సంకేతాలను గుర్తించండి	Recognize the subtle signals.
ఆయనకు సూక్ష్మమైన అవగాహన ఉంది	He has a nuanced understanding.
సూక్ష్మమైన వ్యత్యాసాలను గమనించండి	Notice the nuanced differences.
ఖచ్చితమైన సమాధానం ఇవ్వండి	Give a precise answer.
ఆ కొలత ఖచ్చితమైనది	That measurement is precise.
ఖచ్చితమైన వివరాలు చెప్పండి	Tell the accurate details.
అది ఖచ్చితమైన లెక్క	That is an accurate calculation.
అతని ప్రయత్నం స్థిరమైనది	His effort is consistent
ఆమెకు స్థిరమైన లక్ష్యం ఉంది	She has a consistent goal
ఆయన మాటలు అస్థిరమైనవి	His words are inconsistent
ఇక్కడ అస్థిరమైన వాతావరణం ఉంది	There is an inconsistent atmosphere here
ఆమెకు స్పష్టమైన అవగాహన ఉంది	She has a clear understanding
అక్కడ స్పష్టమైన తేడా ఉంది	There is an apparent difference there
అది ఒక వియుక్త ఆలోచన	That is an abstract thought
వియుక్త భావనలు కష్టంగా ఉంటాయి	Abstract concepts are difficult
ఇది కాంక్రీటు గోడ	This is a concrete wall
అక్కడ కాంక్రీటు రోడ్డు ఉంది	There is a concrete road there
ఆమెకు స్పష్టమైన ఆదేశాలు ఉన్నాయి	She has explicit instructions
అది చాలా స్పష్టమైన సమాధానం	That is a very explicit answer
అక్కడ అవ్యక్తమైన అర్థం ఉంది	There is an implicit meaning there
అవి అవ్యక్తమైన కోరికలు	Those are implicit desires
ఈ రంగు ప్రబలమైనది	This color is predominant.
ఆ ప్రభావం ప్రబలమైనది	That influence is predominant.
మీ అభిప్రాయాన్ని వాదించండి	Argue your opinion
నిజం కోసం వాదించండి	Argue for the truth
విషయాన్ని నొక్కిచెప్పండి	Assert the matter
నిజాలను నొక్కిచెప్పండి	Assert the truths
తప్పుడు మాటను ఖండించండి	Refute the wrong word
ఆ వాదనను ఖండించండి	Refute that argument
ఆ నిర్ణయాన్ని సమర్థించు	Substantiate that decision
తన చర్యను సమర్థించు	Substantiate his action
వారు నిజం ఒప్పుకుంటారు	They concede the truth
అందరూ తప్పు ఒప్పుకుంటారు	Everyone concedes the mistake
ధర గురించి షరతు పెట్టండి	Stipulate about the price
సమయం గురించి షరతు పెట్టండి	Stipulate about the time
వారు ఫలితం ఊహిస్తారు	They hypothesize the result
శాస్త్రవేత్తలు కారణం ఊహిస్తారు	Scientists hypothesize the reason
అతను గొప్ప న్యాయవాది	He is a great advocate
ఆమె తెలివైన న్యాయవాది	She is a clever advocate
ముఖ్యమైన అంశాన్ని నొక్కిచెప్పండి	Emphasize the important point
ఇంటిని నిర్వహించండి	Maintain the house
ఆచారాలను నిర్వహించండి	Maintain the customs
వారు నిజం వాదిస్తారు	They argue the truth
రాజకీయగాళ్లు వాదిస్తారు	Politicians argue
కొత్త పథకాన్ని ప్రతిపాదించండి	Propose a new scheme
ఒక మార్గాన్ని ప్రతిపాదించండి	Propose a way
ఒక పరిష్కారాన్ని సూచించండి	Suggest a solution
మంచి పుస్తకాన్ని సూచించండి	Suggest a good book
ఇది నా దావా	This is my claim
ఆ ఆస్తిపై దావా ఉంది	There is a claim on that property
తనను రక్షించు	Defend him
తన గౌరవాన్ని రక్షించు	Defend his honor
నాకు మద్దతు ఇవ్వండి	Give me support
అందరూ మద్దతు ఇచ్చారు	Everyone gave support
అన్యాయాన్ని వ్యతిరేకించండి	Oppose the injustice
ఆ నిర్ణయాన్ని వ్యతిరేకించండి	Oppose that decision
ఇది పెద్ద సవాలు	This is a big challenge
నాకు సవాలు విసిరింది	He threw a challenge to me
నాకు చిన్న సందేహం ఉంది	I have a small doubt
అక్కడ చాలా సందేహం ఉంది	There is much doubt there
భూమిపై వివాదం ఉంది	There is a dispute over the land
కుటుంబంలో వివాదం వచ్చింది	A dispute arose in the family
ఈ మాటలు విరుద్ధంగా ఉంటాయి	These words are contradictory
ఆ విషయాలు విరుద్ధంగా ఉంటాయి	Those things are contradictory
ఆ ప్రతిపాదనను తిరస్కరించండి	Reject that proposal
అతని అభ్యర్థనను తిరస్కరించండి	Reject his request
ఆ ఆహ్వానాన్ని అంగీకరించు	Accept that invitation
నా సలహాను అంగీకరించు	Accept my advice
వారితో గుర్తించండి	Acknowledge them
అతను నిజం ఒప్పుకుంటారు	He concedes the truth
సమావేశం ముగించారు	They concluded the meeting
చర్చలు ముగించారు	They concluded the discussions
అర్థాన్ని ఊహించు	Infer the meaning
అతని చూపు సూచిస్తుంది	His look implies
ఆ మాట సూచిస్తుంది	That word implies
ఖర్చును తగ్గించు	Deduce the expense
బరువును తగ్గించు	Deduce the weight
ఆ పుస్తకాన్ని సూచించు	Allude to that book
ఆ వ్యక్తిని సూచించు	Allude to that person
ఉదాహరణతో వర్ణించండి	Illustrate with an example
చిత్రంతో వర్ణించండి	Illustrate with a picture
ఉదాహరణను ఉదహరించండి	Exemplify the example
నిజాలను ఉదహరించండి	Exemplify the truths
ఇది విస్తృతమైన అంశం	This is an elaborate topic
విస్తృతమైన పరిశోధన చేయండి	Do an elaborate research
వ్యాపారాన్ని విస్తరించండి	Expand the business
ఆ పరిధిని విస్తరించండి	Expand that range
వివరాలను ధృవీకరించండి	Verify the details
సమాచారాన్ని ధృవీకరించండి	Verify the information
తేదీని నిర్ధారించండి	Confirm the date
సమయాన్ని నిర్ధారించండి	Confirm the time
ఆ పత్రాన్ని చెల్లుబాటు చేయండి	Validate that document
టిక్కెట్‌ను చెల్లుబాటు చేయండి	Validate the ticket
ఇది చాలా ముఖ్యమైనది	This is very significant
ఆ విషయం ముఖ్యమైనది	That matter is significant
అక్కడ గణనీయమైన మార్పు ఉంది	There is a substantial change there
గణనీయమైన లాభం వచ్చింది	A substantial profit was made
అక్కడ గణనీయమైన తేడా ఉంది	There is a considerable difference there
అతనికి గణనీయమైన అనుభవం ఉంది	He has considerable experience
ఇది ఒక ఉపాంత మార్పు	This is a marginal change
ఉపాంత లాభం వచ్చింది	A marginal profit was made
మార్పు క్రమంగా జరుగుతుంది	The change happens gradually
అతను క్రమంగా నేర్చుకున్నాడు	He learned gradually
ధరలు హెచ్చుతగ్గులు ఉంటాయి	Prices will fluctuate
వాతావరణంలో హెచ్చుతగ్గులు ఉన్నాయి	There are fluctuations in the weather
మేము శిఖరం చేరుకున్నాము	We reached the peak
ఆ శిఖరం చాలా ఎత్తైనది	That peak is very high
ఆ పీఠభూమి చాలా పెద్దది	That plateau is very large
పీఠభూమి మీద గడ్డి ఉంది	There is grass on the plateau
అక్కడ భారీ తగ్గుదల ఉంది	There is a huge decline there
ధరలో తగ్గుదల వచ్చింది	There was a decline in price
ప్రస్తుత ధోరణి బాగుంది	The current trend is good
కొత్త ధోరణి వచ్చింది	A new trend has come
ధరలు పెరుగుతాయి	Prices will rise
అక్కడ సంఖ్య పెరుగుతాయి	Numbers will rise there
ఆదాయం పెరుగుతుంది	Income increases
సముద్రంలో ఉప్పెన వచ్చింది	A surge came in the sea
ఉప్పెన వల్ల నష్టం జరిగింది	Damage happened due to the surge
ఆయన పతనం తప్పదు	His fall is inevitable
ఆ కంపెనీ పతనం అయ్యింది	That company plummeted
పక్షి ఎగురుతుంది	The bird soars
విమానం ఎగురుతుంది	The plane soars
రాకెట్ ఆకాశంలోకి వెళ్ళింది	The rocket went into the sky
అది ఒక పెద్ద రాకెట్	That is a big rocket
ధరలను స్థిరీకరించు	Stabilize the prices
స్థితిని స్థిరీకరించు	Stabilize the situation
అక్కడ స్థాయి ఆఫ్ అయింది	It leveled off there
అతను స్థాయి ఆఫ్ చేశాడు	He leveled off
నీటిలో ముంచుట ప్రమాదకరం	Sinking in water is dangerous
అతను లోతుగా ముంచుట చూశాడు	He saw deep dipping
ధరలో స్పైక్ వచ్చింది	There was a spike in price
అక్కడ ఒక స్పైక్ ఉంది	There is a spike there
స్త్రీలు సంఖ్య కంటే ఎక్కువ	Women outnumber
అక్కడ సంఖ్య కంటే ఎక్కువ ఉన్నారు	There are more in number there
ఇది సరైన నిష్పత్తి	This is the correct proportion
నిష్పత్తి సరిగా లేదు	The proportion is not correct
అక్కడ పది శాతం ఉంది	There is ten percentage there
శాతం పెరిగింది	The percentage increased
పుస్తకంలో బొమ్మ ఉంది	There is a figure in the book
ఈ బొమ్మ బాగుంది	This figure is good
గణాంకాలు నిజం చెబుతాయి	Statistics tell the truth
ఇవి సరైన గణాంకాలు	These are correct statistics
ఇది ఒక పోలిక	This is a comparison
పోలిక చేయడం కష్టం	Making a comparison is difficult
అది నా అంచనా	That is my estimate
అంచనా సరిగా లేదు	The estimate is not correct
అక్కడ సుమారుగా వంద మంది ఉన్నారు	There are approximately hundred people there
దూరం సుమారుగా పది కిలోమీటర్లు	The distance is approximately ten kilometers
అక్కడ సుమారుగా పది మంది ఉన్నారు	There are roughly ten people there
సమయం సుమారుగా గంట	The time is roughly an hour
అవి పరిమితిని మించిపోతాయి	They exceed the limit
అవి గీతను మించిపోతాయి	They exceed the line
వారు బహుమతులను కలిగి ఉంటాయి	They comprise gifts
అతను దీని కోసం ఖాతా తెరిచాడు	He opened an account for this
అతను డబ్బు కోసం ఖాతా చేశాడు	He accounted for the money
మార్పు క్రమంగా వచ్చింది	The change came gradually
అతను క్రమంగా నడిచాడు	He walked gradually
అతను స్థిరంగా పని చేస్తున్నాడు	He is working steadily
స్థిరంగా ఉండటం ముఖ్యం	Staying steadily is important
ధరలు పదునుగా పెరిగాయి	Prices rose sharply
అతను పదునుగా తిరిగాడు	He turned sharply
అతని మార్పు గమనించదగినది	His change is noticeable.
అక్కడి రంగు గమనించదగినది	The color there is noticeable.
మొత్తం ధర ఎంత?	What is the total price?
మొత్తం పని పూర్తయింది	The whole work is finished.
అతను చదువుకున్నాడు కాగా ఆమె చదవలేదు	He studied whereas she did not
రాము వచ్చాడు కాగా కృష్ణుడు రాలేదు	Ramu came whereas Krishna did not
నేను వెళ్తున్నాను అయితే అతను ఉండాలి	I am going whilst he should stay
ఆమెకు తెలుసు అయితే నాకు తెలియదు	She knows whilst I do not
అది కష్టంగా ఉంది అయినప్పటికీ నేను చేశాను	It was difficult albeit I did it
అతను చిన్నవాడు అయినప్పటికీ తెలివైనవాడు	He is young albeit he is clever
వర్షం పడింది అయినప్పటికీ మేము వెళ్ళాము	It rained notwithstanding we went
ఆమెకు కోపం అయినప్పటికీ సహాయం చేసింది	She was angry notwithstanding she helped
దీని ద్వారా మనం గెలుస్తాము	We will win whereby this
దీని ద్వారా డబ్బు వస్తుంది	Money comes whereby this
అతను ఆలస్యంగా వచ్చాడు అందుకే శిక్ష పడింది	He came late hence he was punished
ఆమెకు జ్వరం అందుకే రాలేదు	She has a fever hence she didn't come
అతను చదివాడు అందువలన పాస్ అయ్యాడు	He studied thus he passed
అది నిజం అందువలన నమ్మండి	It is true thus believe it
అతను బాగా పాడాడు అదేవిధంగా డ్యాన్స్ చేశాడు	He sang well likewise he danced
ఆమెకు చిత్రలేఖనం తెలుసు అదేవిధంగా సంగీతం తెలుసు	She knows painting likewise music
అతను ఇక్కడ ఉన్నాడు అందువలన మనం వెళ్లాలి	He is here thus we must go
ఆమెకు కోపం వచ్చింది అందువలన ఊరుకుంది	She got angry thus she stayed silent
ఆమెకు ఇష్టం అదేవిధంగా అతనికి ఇష్టం	She likes it likewise he likes it
అతను వేగంగా నడిచాడు అదేవిధంగా పరిగెత్తాడు	He walked fast likewise he ran
అతను మంచివాడు దీనికి విరుద్ధంగా ఆమె చెడ్డది	He is good conversely she is bad
ఇది సరైనది నిస్సందేహంగా నిజం	This is correct arguably true
అతను గొప్ప ఆటగాడు నిస్సందేహంగా	He is a great player arguably
చాలా కష్టం అయినప్పటికీ నేను ప్రయత్నించాను	It was very hard nevertheless I tried
అతను ఓడిపోయాడు అయినప్పటికీ సంతోషంగా ఉన్నాడు	He lost nevertheless he is happy
ఆమెకు ఇష్టం లేదు అయినప్పటికీ వచ్చింది	She didn't like it nonetheless she came
అతను అలసిపోయాడు అయినప్పటికీ పని చేశాడు	He was tired nonetheless he worked
అతను తెలివైనవాడు పైగా వినయస్థుడు	He is clever moreover he is humble
ఆమెకు వంట తెలుసు పైగా కుట్టు పని తెలుసు	She knows cooking moreover sewing
అతను చదువుకున్నాడు అందువలన ఉద్యోగం వచ్చింది	He studied therefore he got a job
ఆమెకు జ్వరం అందువలన రాలేదు	She has a fever therefore she didn't come
అతను అబద్ధం చెప్పాడు తత్ఫలితంగా అందరూ తిట్టారు	He lied consequently everyone scolded him
వర్షం పడింది తత్ఫలితంగా రోడ్లన్నీ నీటితో నిండాయి	It rained consequently the roads filled with water
అతను చెప్పారు తదనుగుణంగా నేను చేశాను	He told me accordingly I did it
ఆమె ఆదేశాల ప్రకారం తదనుగుణంగా నడచుకోము	We behave accordingly as per her orders
ఆమెకు కోపం వచ్చింది అదేవిధంగా అతనికి కూడా	She got angry similarly he did too
అతను రాశాడు అదేవిధంగా ఆమె రాసింది	He wrote similarly she wrote
అతను సమానంగా పంచుకున్నాడు	He shared equally
మీరు ఇద్దరూ సమానంగా ఉండాలి	You both should be equally
అతను ధనవంతుడు విరుద్ధంగా ఆమె పేదది	He is rich in contrast she is poor
పగలు వేడి విరుద్ధంగా రాత్రి చల్లనిది	Day is hot in contrast night is cold
అతను అవునన్నాడు విరుద్దంగా ఆమె కాదన్నది	He said yes on the contrary she said no
అది నిజం విరుద్దంగా అబద్ధం కాదు	It is true on the contrary not a lie
అతను మంచివాడు మరోవైపు ఆమె చెడ్డది	He is good on the other hand she is bad
నేను వెళ్తాను మరోవైపు నువ్వు రావచ్చు	I will go on the other hand you may come
అతను చదవలేదు ఫలితంగా ఫెయిల్ అయ్యాడు	He didn't study as a result
ఉదాహరణకు ఒక పండు తీసుకోండి	For instance, take a fruit
ఉదాహరణకు మీరు దీన్ని చూడండి	For instance, you look at this
ఉదాహరణకు ఆమె ఒక కథ చెప్పింది	For example, she told a story
ఉదాహరణకు ఇక్కడ ఒక పుస్తకం ఉంది	For example, there is a book here
అదనంగా నాకు ఇంకొకటి కావాలి	In addition, I want one more
అదనంగా మీరు సహాయం చేయండి	In addition, please help
ప్రారంభించడానికి మనం ఇక్కడికి రాము	To begin with, let us come here
ప్రారంభించడానికి ఒక పాట పాడండి	To begin with, sing a song
సంగ్రహించడానికి మీరు ప్రయత్నించండి	To sum up, you try
సంగ్రహించడానికి సమయం లేదు	To sum up, there is no time
ముగింపులో అందరూ చప్పట్లు కొట్టారు	In conclusion, everyone clapped
ముగింపులో అతను నిజం చెప్పాడు	In conclusion, he told the truth
అతను తన తప్పు ఒప్పుకున్నాడు	Admittedly, he admitted his mistake
అతను నిజంగా ఒప్పుకున్నాడు	Admittedly, he admitted
ఇది కాదనలేని విధంగా నిజం	Undeniably, this is true
ఆమె అందం కాదనలేని విధంగా ఉంది	Undeniably, her beauty is there
అది అకారణంగా వింతగా ఉంది	Seemingly, it is strangely weird
బహుశా రేపు వర్షం పడవచ్చు	Presumably, it might rain tomorrow
బహుశా అతను రేపు రావచ్చు	Presumably, he might come tomorrow
దయచేసి దీన్ని విశదీకరించు	Please elucidate this.
అతను విషయాన్ని విశదీకరించు	He elucidates the matter.
అతను నిజాలను ధృవీకరించు	He corroborates the facts.
నేను సమాచారాన్ని ధృవీకరించు	I corroborate the information.
డేట నుండి ఎక్స్ట్రాపోలేట్ చేయండి	Extrapolate from the data.
అతను ఫలితాలను ఎక్స్ట్రాపోలేట్ చేస్తాడు	He extrapolates the results.
రసాయనాల సంశ్లేషణ జరిగింది	The synthesis of chemicals happened.
వివిధ అంశాల సంశ్లేషణ అవసరం	Synthesis of various points is needed.
మీకు వివరాలను వివరించండి	Delineate the details to you.
సమస్యలను స్పష్టంగా వివరించండి	Delineate the problems clearly.
పొటాషియం అవక్షేపం ఏర్పడింది	Potassium precipitate formed.
పొడి రూపంలో అవక్షేపం ఉంది	The precipitate is in powder form.
నొప్పిని తగ్గించు	Mitigate the pain.
నష్టాన్ని తగ్గించు	Mitigate the loss.
వనరులు సమస్యను తీవ్రతరం చేస్తాయి	Resources exacerbate the problem.
తప్పులు పరిస్థితిని తీవ్రతరం చేస్తాయి	Mistakes exacerbate the situation.
వివరాలను నిర్ధారించండి	Ascertain the details.
నిజానిజాలను నిర్ధారించండి	Ascertain the truth.
కొత్త సిద్ధాంతాన్ని ప్రతిపాదించు	Postulate a new theory.
అతను ఒక ఆలోచనను ప్రతిపాదిస్తాడు	He postulates an idea.
న్యాయమూర్తి తీర్పు ఇచ్చారు	The judge gave the verdict.
అతను గొప్ప న్యాయమూర్తి	He is a great judge.
రెండు కంపెనీల సమ్మేళనం జరిగింది	The amalgamation of two companies happened.
లోహాల సమ్మేళనం కఠినంగా ఉంది	The amalgam of metals is hard.
ఇది ఒక ఉత్ప్రేరకము	This is a catalyst.
ఉత్ప్రేరకము చర్యను వేగవంతం చేస్తుంది	The catalyst speeds up the reaction.
అతను సమస్యను తప్పించుకొనుట ప్రయత్నించాడు	He tried to circumvent the problem.
కఠినమైన నియమాలను తప్పించుకొనుట కష్టం	It is hard to circumvent strict rules.
రెండు రంగులు కలుస్తాయి	Two colors conflate.
అన్ని భావాలు కలుస్తాయి	All emotions conflate.
వారు మాటలను అర్థం చేసుకుంటాయి	They construe the words.
వారు సంకేతాలను అర్థం చేసుకుంటాయి	They construe the signals.
అతను రహస్య కోడ్ అర్థాన్ని విడదీసేవాడు	He is the one who deciphers the secret code.
అతను ప్రాచీన లిపి అర్థాన్ని విడదీసేవాడు	He is the one who deciphers the ancient script.
పత్రాన్ని నిశితంగా పరిశీలించండి	Scrutinize the document.
ఆ ఆధారాలను నిశితంగా పరిశీలించండి	Scrutinize those evidences.
అతని ప్రవర్తనను ఖండించండి	Denounce his behavior.
అన్యాయాన్ని ఖండించండి	Denounce the injustice.
అతని పాత పద్ధతులను తిరస్కరించు	Deprecate his old methods.
అనవసరమైన ఖర్చులను తిరస్కరించు	Deprecate unnecessary expenses.
అతనికి అవమానం జరిగింది	He faced humiliation.
అది పెద్ద అవమానం	That is a big humiliation.
సమాచార వ్యాప్తి వేగంగా ఉంది	The dissemination of information is fast.
వ్యాప్తి చెందిన వార్త నిజం	The disseminated news is true.
విషయాన్ని చిన్నగా కప్పి ఉంచు	Encapsulate the matter small.
ముఖ్య అంశాలను కప్పి ఉంచు	Encapsulate the main points.
వస్తువులను ఒక్కొక్కటిగా లెక్కించు	Enumerate the objects one by one.
పేర్లను లెక్కించు	Enumerate the names.
చెడు అలవాట్లను విడిచిపెట్టు	Eschew bad habits.
అబద్ధాలను విడిచిపెట్టు	Eschew lies.
పనిని వేగవంతం చేయండి	Expedite the work.
ప్రక్రియను వేగవంతం చేయండి	Expedite the process.
విషయం లోతుగా అర్థం చేసుకున్నాడు	He understood the matter deeply.
అతను కేసులో చిక్కుముడి పడ్డాడు	He got implicated in the case.
ఈ చిక్కుముడి విప్పాలి	This complication must be solved.
రెండు చిత్రాలను జతపరచు	Juxtapose two pictures
వస్తువులను సరిగ్గా జతపరచు	Juxtapose the objects correctly
దీన్ని చట్టబద్ధం చేయండి	Legitimize this
పద్ధతిని చట్టబద్ధం చేయండి	Legitimize the method
ఆ జ్ఞాపకం శాశ్వతం	That memory is perpetual
ప్రేమ ఎప్పుడూ శాశ్వతం	Love is always perpetual
అవరోధాలను నిరోధించు	Preclude the obstacles
తప్పులను నిరోధించు	Preclude the mistakes
ఒకసారి పునరుద్ఘాటించు	Reiterate once
నిజాలను పునరుద్ఘాటించు	Reiterate the truths
ఒక షరతు పెట్టండి	Stipulate a condition
కొత్త షరతు పెట్టండి	Stipulate a new condition
అతను నిజం ఊహించు	He surmise the truth
కాలాన్ని ఊహించు	Surmise the time
కష్టాలను అధిగమిస్తాయి	They transcend hardships
అందరినీ అధిగమిస్తాయి	They transcend everyone
పేరు కింద అండర్ స్కోర్	Under score below the name
పదాన్ని అండర్ స్కోర్	Under score the word
దారాన్ని విప్పు	Unravel the thread
పజిల్‌ను విప్పు	Unravel the puzzle
అతన్ని దూషించు	Vilify him
అబద్ధాలను దూషించు	Vilify the lies
నిజాయితీని సమర్థించు	Vindicate the honesty
అధికారం ఒక రెండంచుల కత్తి	Power is a double-edged sword
ఈ నిర్ణయం ఒక రెండంచుల కత్తి	This decision is a double-edged sword
విషయం యొక్క ముఖ్యాంశం ఇది కాదు	This is not the crux of the matter
అతను విషయం యొక్క ముఖ్యాంశం చెప్పాడు	He told the crux of the matter
అది ఒక ముఖ్యమైన అంశం	That is a moot point
మనం ఒక ముఖ్యమైన అంశం చర్చించాలి	We must discuss a moot point
దీర్ఘకాలంలో ఇది మంచిది	In the long run this is good
దీర్ఘకాలంలో లాభం ఉంటుంది	There will be profit in the long run
కొత్త వెలుగులో విషయాలు మారాయి	Things changed in light of the new
అతను వెలుగులో నిజం చెప్పాడు	He told the truth in light of it
అదే టోకెన్ ద్వారా సాధ్యమవుతుంది	It is possible by the same token
అదే టోకెన్ ద్వారా మనం గెలుస్తాము	We win by the same token
అతను ఖర్చుతో విజయం సాధించాడు	He achieved success at the expense of
నా ఖర్చుతో ఇది జరిగింది	This happened at my expense of
అతను నీలం నుండి వచ్చాడు	He came out of the blue
ఆ వార్త నీలం నుండి వచ్చింది	That news came out of the blue
ఒక చిటికెడు ఉప్పుతో తినండి	Eat it with a pinch of salt
అతను ఒక చిటికెడు ఉప్పుతో చెప్పాడు	He said it with a pinch of salt
అతను అంచున ఉన్నాడు	He is on the verge of
ఆ నగరం అంచున ఉంది	That city is on the verge of
అతను డెవిల్స్ అడ్వకేట్ ఆడటానికి ఇష్టపడ్డాడు	He liked to play devil's advocate
మనం డెవిల్స్ అడ్వకేట్ ఆడటానికి సిద్ధంగా ఉన్నాము	We are ready to play devil's advocate
మనం ఒకే పేజీలో ఉండాలి	We must be on the same page
మీరు ఒకే పేజీలో ఉండాలి	You must be on the same page
బుల్లెట్ కాటు వేయడానికి సమయం వచ్చింది	Time to bite the bullet
అతను బుల్లెట్ కాటు వేయడానికి నిర్ణయించుకున్నాడు	He decided to bite the bullet
అతను అర్ధరాత్రి నూనె కాల్చడానికి కష్టపడ్డాడు	He worked hard to burn the midnight oil
పరీక్ష కోసం అర్ధరాత్రి నూనె కాల్చడానికి సిద్ధంగా ఉండు	Be ready to burn the midnight oil for exams
గీతను గీయడానికి సమయం అయింది	Time to draw the line
మనం గీతను గీయడానికి నిర్ణయించుకున్నాము	We decided to draw the line
పిల్లలపై ఒక కన్ను వేసి ఉంచడానికి ప్రయత్నించు	Try to keep an eye on children
అతను ఒక కన్ను వేసి ఉంచడానికి చూస్తున్నాడు	He is trying to keep an eye on
సంచిలో నుండి పిల్లిని బయటకు పంపడానికి ప్రయత్నించు	Try to let the cat out of the bag
అతను సంచిలో నుండి పిల్లిని బయటకు పంపడానికి కారణమయ్యాడు	He caused to let the cat out of the bag
దానిని సహజంగా తీసుకోవడానికి వీలు లేదు	No way to take it for granted
మీరు దానిని సహజంగా తీసుకోవడానికి అలవాటు పడ్డారు	You are used to take it for granted
అతను కన్నుమూయడానికి నిర్ణయించుకున్నాడు	He decided to turn a blind eye
నేను కన్నుమూయడానికి సిద్ధంగా లేను	I am not ready to turn a blind eye
మీరు సన్నని మంచు మీద ఉండాలి	You must be on thin ice
అతను సన్నని మంచు మీద ఉండాలి అని భావించాడు	He felt he must be on thin thin ice
ఇది ఒక చేయి మరియు కాలు ఖర్చు	This is a cost of an arm and a leg
ఆ కారు ఒక చేయి మరియు కాలు ఖర్చు	That car is a cost of an arm and a leg
హృదయ మార్పు కలిగి ఉండాలి అని కోరుకుంటున్నాను	I wish to have a change of heart
అతను హృదయ మార్పు కలిగి ఉండాలి అని చెప్పారు	They said he must have a change of heart
అతను చంద్రునిపై ఉండాలి అని అనుకున్నాడు	He thought he must be over the moon
చంద్రునిపై ఉండాలి అని నాకు అనిపించింది	I felt I must be over the moon
కంటికి కన్ను చూడటానికి ప్రయత్నించాము	We tried to see eye to eye
మనం కంటికి కన్ను చూడటానికి సిద్ధంగా ఉన్నాము	We are ready to see eye to
కంచె మీద కూర్చోవడానికి అతనికి ఇష్టం లేదు	He doesn't like to sit on the fence.
కంచె మీద కూర్చోవడానికి ప్రయత్నించకు	Don't try to sit on the fence.
బీన్స్ చిందించడానికి ఆమె వచ్చింది	She came to spill the beans.
బీన్స్ చిందించడానికి సిద్ధంగా ఉండండి	Be ready to spill the beans.
వాతావరణం కింద ఉండాలి అని అనుకున్నాను	I thought I should be under the weather.
మీరు వాతావరణం కింద ఉండాలి అని చెప్పారు	You said you should be under the weather.
మంచును విచ్ఛిన్నం చేయడానికి జోక్ చెప్పారు	He told a joke to break the ice.
మంచును విచ్ఛిన్నం చేయడానికి ప్రయత్నించండి	Try to break the ice.
తలపై గోరు కొట్టడానికి అతను వచ్చాడు	He came to hit the nail on the head.
తలపై గోరు కొట్టడానికి సమయం అయింది	It is time to hit the nail on the head.
ఒకరి కాలు లాగడానికి అతనికి అలవాటు ఉంది	He has a habit of pulling someone's leg.
ఒకరి కాలు లాగడానికి ప్రయత్నించద్దు	Do not try to pull someone's leg.
ముగింపులో కథాంశం బాగుంది	In conclusion the story plot is good
మీరు దీన్ని సంగ్రహించడానికి ప్రయత్నించండి	You try to sum this up
సంతులనం మీద దృష్టి పెట్టండి	Focus on the balance
సంతులనం మీద ఆధారపడి ఉంటుంది	It depends on the balance
సారాంశంలో ఇది సరైనది	In essence this is correct
సారాంశంలో విషయం చిన్నది	In essence the matter is small
అదనంగా నాకు డబ్బు కావాలి	In addition I need money
అదనంగా ఒక పుస్తకం తెచ్చాను	In addition I brought a book
విరుద్ధంగా ఆమె చాలా నెమ్మదిగా ఉంది	In contrast she is very slow
విరుద్ధంగా ఫలితాలు వచ్చాయి	In contrast the results came
విరుద్దంగా అతను ఒప్పుకున్నాడు	On the contrary he agreed
విరుద్దంగా ఆమె నవ్వింది	On the contrary she laughed
ఇతర మాటలలో ఇది కష్టం	In other words this is difficult
ఇతర మాటలలో చెప్పండి	Tell it in other words
ఉదాహరణకు ఈ పండు చూడండి	For instance look at this fruit
ఉదాహరణకు ఒక కథ చెప్పండి	For instance tell a story
ఫలితంగా వర్షం పడింది	As a result it rained
ఫలితంగా అతను గెలిచాడు	As a result he won
మొదటి స్థానంలో అతను ఉన్నాడు	He is in the first place
మొదటి స్థానంలో ఉండటం గర్వంగా ఉంది	It is proud to be in the first place
ప్రారంభించడానికి సిద్ధంగా ఉన్నారా	Are you ready to begin with
మనం ఇక్కడి నుండి ప్రారంభించడానికి సిద్ధం	We are ready to begin with from here
రెండవ స్థానంలో ఉంది మీ పేరు	Your name is in the second place
ఆమె రెండవ స్థానంలో ఉంది	She is in the second place
చివరగా ఒక మాట చెప్పండి	Lastly say one word
చివరగా అతను వచ్చాడు	Lastly he came
చివరకు నిజం తెలిసింది	Finally the truth was known
చివరకు అందరూ కలిశారు	Finally everyone met
ముందుగా మీరు రండి	Firstly you come
ముందుగా పని పూర్తి చేయండి	Firstly complete the work
రెండవది మీ పేరు చెప్పండి	Secondly tell your name
రెండవది ఈ పుస్తకం చదవండి	Secondly read this book
మూడవది అతను మాట్లాడాడు	Thirdly he spoke
మూడవది ఇది చూడండి	Thirdly look at this
క్రమంగా అందరూ వచ్చారు	In turn everyone came
క్రమంగా పని పూర్తయ్యింది	In turn the work was completed
దీనికి విరుద్ధంగా అది ఉంది	By contrast that is there
దీనికి విరుద్ధంగా ఇది చిన్నది	By contrast this is small
పోల్చి చూస్తే ఇది బాగుంది	In comparison this is good
పోల్చి చూస్తే ఆమె తెలివైనది	In comparison she is clever
ఒకవైపు లాభం ఉంది	On the one hand there is profit
ఒకవైపు అందం ఉంది	On the one hand there is beauty
మరోవైపు నష్టం ఉంది	On the other hand there is loss
మరోవైపు ఆమె బాధపడింది	On the other hand she felt sad
కాకుండా నిజం చెప్పండి	Rather tell the truth
కాకుండా ఇక్కడికి రండి	Rather come here
బదులుగా కాఫీ తాగండి	Instead drink coffee
బదులుగా మీరు రండి	Instead you come
ప్రత్యామ్నాయంగా దీనిని వాడండి	Alternatively use this
ప్రత్యామ్నాయంగా అక్కడ చూడండి	Alternatively look there
అందువలన మేము వెళ్తున్నాము	Therefore we are going
అందువలన అతను బాధపడ్డాడు	Therefore he felt sad
తత్ఫలితంగా సమస్య పెరిగింది	Consequently the problem increased
తత్ఫలితంగా అతను ఓడిపోయాడు	Consequently he lost
అందువలన ఇది జరిగింది	Thus this happened
అందువలన మీరు గెలిచారు	Thus you won
అందుకే నాకు కోపం వచ్చింది	Hence I got angry
అందుకే ఆమె రాలేదు	Hence she did not come
తద్వారా అతను గెలిచాడు	Thereby he won
తద్వారా పని పూర్తయ్యింది	Thereby the work was completed
ఆ తర్వాత మనం వెళ్దాం	Thereafter we will go
ఆ తర్వాత అతను వచ్చాడు	Thereafter he came
ఆ తరువాత ఆమె మాట్లాడింది	Thereupon she spoke
ఆ తరువాత వారు వెళ్ళారు	Thereupon they left
ముఖ్యంగా ఇది గుర్తుంచుకోండి	Notably remember this
ముఖ్యంగా ఆమెకు తెలుసు	Notably she knows
ఆమె సమాధానం నిస్సందేహంగా ఉంది	Her answer is unequivocal.
ఇది నిస్సందేహంగా నిజం	This is unequivocally true.
అది తిరస్కరించలేని సాక్ష్యం	That is irrefutable evidence.
ఆమె వాదన తిరస్కరించలేనిది	Her argument is irrefutable.
అది పల్చని దారం	That is a tenuous thread.
వారి సంబంధం చాలా పల్చనిది	Their relationship is very tenuous.
ఇవి ముఖ్యమైన అంశాలు	These are salient points.
ముఖ్యమైన విషయాలను గమనించండి	Notice the salient points.
అది స్వాభావికమైనది గుణం	That is an inherent quality.
ప్రతి వ్యక్తికి స్వాభావికమైనది శక్తి ఉంది	Every person has inherent power.
దేవుడు సర్వవ్యాప్తి అని నమ్ముతారు	They believe God is ubiquitous.
గాలి సర్వవ్యాప్తి గా ఉంటుంది	Air is ubiquitous.
ఇది కీలకమైన నిర్ణయం	This is a pivotal decision.
ఆమె పాత్ర కీలకమైనది	Her role is pivotal.
ఆరోగ్యమే ప్రధానమైనది	Health is paramount.
విజయం కోసం క్రమశిక్షణ ప్రధానమైనది	Discipline is paramount for success.
అక్కడ అతితక్కువ అవకాశం ఉంది	There is a negligible chance there.
ఆ నష్టం అతితక్కువ	That loss is negligible.
ఆ మార్గం ఆచరణీయమైనది	That path is viable.
అతను తెలివిగల నాయకుడు	He is an astute leader.
ఆమె చాలా తెలివిగల వ్యక్తి	She is a very astute person.
అతను దృఢమైన వాదన చేశాడు	He made a cogent argument.
ఆ వివరణ చాలా దృఢమైనది	That explanation is very cogent.
ఆమె మాటలు స్పష్టమైనవి	Her words are lucid.
అతనికి స్పష్టమైన అవగాహన ఉంది	He has a lucid understanding.
ఆ గాజు అపారదర్శకంగా ఉంది	That glass is opaque.
ఈ గోడ అపారదర్శక	This wall is opaque.
అక్కడ వ్యాపించిన భయం ఉంది	There is pervasive fear there.
అది వ్యాపించిన ప్రభావం	That is a pervasive influence.
ఆయన ఫలవంతమైన రచయిత	He is a prolific writer.
ఆ చెట్టు ఫలవంతమైనది	That tree is prolific.
ఈ సమాచారం అనవసరమైనది	This information is redundant.
అక్కడ అనవసరమైన పదాలు ఉన్నాయి	There are redundant words there.
ఇది మితిమీరిన ఖర్చు	This is superfluous expenditure.
ఆ అలంకరణ మితిమీరినది	That decoration is superfluous.
అతను స్థితిస్థాపకంగా ఉన్నాడు	He is resilient.
ఆ మొక్క స్థితిస్థాపకంగా ఉంది	That plant is resilient.
అది దృఢమైన నిర్మాణం	That is a robust construction.
అతనికి దృఢమైన ఆరోగ్యం ఉంది	He has robust health.
వారు నిశితంగా పరిశీలిస్తున్నారు	They are scrutinizing.
ఆయన వివరాలను నిశితంగా పరిశీలిస్తున్నారు	He is scrutinizing the details.
ఇక్కడ కఠినమైన నియమాలు ఉన్నాయి	There are stringent rules here.
ఆ నిబంధనలు కఠినమైనవి	Those regulations are stringent.
అది ప్రత్యక్షమైన ఫలితం	That is a tangible result.
మాకు ప్రత్యక్షమైన ఆధారాలు ఉన్నాయి	We have tangible evidence.
ప్రేమ కనిపించని శక్తి	Love is an intangible power.
ఆ భావాలు కనిపించనివి	Those feelings are intangible.
ఆ గాజు పారదర్శకమైనది	That glass is transparent.
అక్కడ పారదర్శకమైన గోడ ఉంది	There is a transparent wall there.
అది సంపన్నమైన ఇల్లు	That is an opulent house.
ఆయన సంపన్నమైన వ్యక్తి	He is an opulent person.
ఆయన జీవితం కఠోరమైనది	His life is austere.
అది కఠోరమైన నియమం	That is an austere rule.
అది కష్టమైన పని	That is an arduous task.
ఆ ప్రయాణం కష్టమైనది	That journey is arduous.
ఆమెకు సూక్ష్మమైన అవగాహన ఉంది	She has a meticulous understanding.
అది సూక్ష్మమైన పరిశీలన	That is a meticulous observation.
ఆయన వేగవంతమైన నిర్ణయం తీసుకున్నారు	He took a fastidious decision.
ఆమె చాలా వేగవంతమైనది	She is very fastidious.
అతను తెలివిగల పనివాడు	He is a scrupulous worker.
ఆమె తెలివిగల నిర్ణయం తీసుకుంది	She took a scrupulous decision.
అతను చిత్తశుద్ధి లేని మనిషి	He is an unscrupulous man
ఆయన చిత్తశుద్ధి లేని వ్యాపారి	He is an unscrupulous businessman
ఆమె వివేచనగల నాయకురాలు	She is a discerning leader
వివేచనగల నిర్ణయాలు తీసుకోండి	Take discerning decisions
ఇది తిరుగులేని నిజం	This is an incontrovertible truth
అతనికి తిరుగులేని పేరు ఉంది	He has an incontrovertible reputation
ఆమెకు నిష్కళంకమైన చరిత్ర ఉంది	She has an impeccable history
అతని ప్రవర్తన నిష్కళంకమైనది	His behavior is impeccable
ఈ పని దోషరహితమైనది	This work is flawless
ఆమె పాట దోషరహితమైనది	Her song is flawless
అతనికి చమత్కారము ఎక్కువ	He has a lot of wit
ఆమె మాటలో చమత్కారము ఉంది	There is wit in her speech
అతను నేర్పరి పనివాడు	He is a deft worker
నేర్పరి చేతులతో పని చేయి	Work with deft hands
ఆ మాట తాత్పర్యం ఏమిటి?	What is the implication of that word?
ఈ తాత్పర్యం నాకు అర్థం కాలేదు.	I did not understand this implication.
ఈ పని సాధ్యత లేదు.	The feasibility of this work is not there.
ప్రాజెక్ట్ సాధ్యతను بررسی చేయండి.	Check the feasibility of the project.
పర్యావరణ స్థిరత్వం ముఖ్యం.	Environmental sustainability is important.
ఈ పద్ధతిలో స్థిరత్వం ఉంది.	There is sustainability in this method.
వ్యాప్తి వేగంగా జరుగుతోంది.	The prevalence is happening fast.
వ్యాప్తిని తగ్గించడం అవసరం.	It is necessary to reduce the prevalence.
డేటాలో వైరుధ్యం ఉంది.	There is a discrepancy in the data.
ఈ వైరుధ్యం నాకు వింతగా ఉంది.	This discrepancy is strange to me.
మాటలో పొందిక ఉండాలి.	There should be coherence in the speech.
ఈ రెండు విషయాల మధ్య పొందిక లేదు.	There is no coherence between these two things.
ఆ పత్రాల చెల్లుబాటు లేదు.	Those documents have no validity.
ఈ చెల్లుబాటు ఎప్పటి వరకు ఉంటుంది?	Until when will this validity last?
అతని విశ్వసనీయత బాగుంది.	His reliability is good.
ఈ యంత్రం విశ్వసనీయత తక్కువ.	The reliability of this machine is low.
విపత్తు పరిమాణం చాలా పెద్దది.	The magnitude of the disaster is very large.
ఈ పరిమాణం సరిపోదు.	This magnitude is not enough.
అతనికి కోపం వచ్చే ప్రవృత్తి ఉంది.	He has a propensity to get angry.
ఈ ప్రవృత్తి అందరికీ ఉంటుంది.	Everyone has this propensity.
ఇది కేవలం ఒక ఊహ మాత్రమే.	This is just a conjecture.
నీ ఊహ నిజమైంది.	Your conjecture came true.
ఆ ప్రతిపాదన నాకు నచ్చింది.	I liked that proposition.
కొత్త ప్రతిపాదన సిద్ధంగా ఉంది.	The new proposition is ready.
ఈ పోస్ట్యులేషన్ సరిగ్గా ఉంది.	This postulation is correct.
ఆ పోస్ట్యులేషన్ ఆధారంగా పని చేయండి.	Work based on that postulation.
ఎంపిక ప్రమాణం ఏమిటి?	What is the selection criterion?
ఈ ప్రమాణం చాలా కఠినంగా ఉంది.	This criterion is very strict.
ఇది ఒక కొత్త నమూనా.	This is a new paradigm.
పాత నమూనా మారిపోయింది.	The old paradigm has changed.
ఆ సిద్ధాంతం పాతది.	That dogma is old.
ఈ సిద్ధాంతం అందరికీ తెలుసు.	Everyone knows this dogma.
వారి ఆధిపత్యం ఇక్కడ ఉంది.	Their hegemony is here.
ఆధిపత్యం తగ్గించడం మంచిది.	It is good to reduce hegemony.
రైతులకు సబ్సిడీ లభించింది.	The farmers received a subsidy.
ఈ సబ్సిడీ ఎంత?	How much is this subsidy?
దిగుమతి సుంకం పెరిగింది.	The import tariff has increased.
సుంకం చెల్లించడం తప్పదు.	It is mandatory to pay the tariff.
నా కోటా పూర్తయింది.	My quota is completed.
ఈ కోటా ఎవరికి ఇవ్వాలి?	To whom should this quota be given?
మౌలిక సదుపాయాలు మెరుగుపడ్డాయి.	Infrastructure has improved.
గ్రామంలో మౌలిక సదుపాయాలు లేవు.	There are no infrastructure in the village.
జనాభా శాస్త్రం ఆసక్తికరంగా ఉంది.	Demographics is interesting.
జనాభా శాస్త్రం వివరంగా చదవండి.	Read demographics in detail.
ఆ సంఘటన అందరినీ ఆశ్చర్యపరిచింది.	That incidence surprised everyone.
ఈ సంఘటన ఎప్పుడు జరిగింది?	When did this incidence happen?
నిధుల కేటాయింపు జరిగింది.	The allocation of funds happened.
సరైన కేటాయింపు అవసరం.	Proper allocation is necessary.
ఆపాదింపు తప్పుగా ఉంది.	The attribution is wrong.
ఈ ఆపాదింపు సరైనది.	This attribution is correct.
ధృవీకరణ కోసం వేచి ఉండండి.	Wait for the corroboration.
ఆ ధృవీకరణా లేఖ ఎక్కడుంది?	Where is that corroboration letter?
ఆ పత్రాల ప్రామాణికత తక్కువ.	The authenticity of those documents is low.
ప్రామాణికతను సరిచూసుకోండి.	Check the authenticity.
ఈ విశ్వసనీయత నాకు నచ్చింది.	I liked this credibility.
ధృవీకరణ ప్రక్రియ మొదలైంది.	The verification process has started.
ధృవీకరణ కోసం ఆధారాలు కావాలి.	Evidence is needed for verification.
ఈ నిర్ణయంలో హేతుబద్ధత ఉంది	There is rationale in this decision
ఆమె వాదనలో హేతుబద్ధత లేదు	There is no rationale in her argument
ఆయన అనుమితి సరైనది	His inference is correct
సమాచారం ద్వారా అనుమితి తీయండి	Draw an inference from the information
ధరలో కొంత తగ్గింపు ఉంది	There is some deduction in price
పన్ను తగ్గింపు వారికి లభించింది	They received a tax deduction
అందరికీ ఏకాభిప్రాయం వచ్చింది	Everyone reached a consensus
ఏకాభిప్రాయం సాధించడం కష్టం	It is difficult to reach a consensus
వారి అభిప్రాయాలలో భిన్నత్వం ఉంది	There is divergence in their opinions
ఆ భిన్నత్వం స్పష్టంగా కనిపిస్తోంది	That divergence is clearly visible
రెండు నదుల కలయిక అందంగా ఉంది	The convergence of two rivers is beautiful
అభిప్రాయాల కలయిక అవసరం	Convergence of opinions is necessary
ఈ పనిలో చాలా సంక్లిష్టత ఉంది	There is much intricacy in this work
ఆ సంక్లిష్టతను అర్థం చేసుకోండి	Understand that intricacy
ఆయన స్వల్పభేదాన్ని గుర్తించారు	He noticed the nuance
భాషలోని స్వల్పభేదాన్ని గమనించండి	Notice the nuance in the language
ఆయన కోపం ఒక అభివ్యక్తి	His anger is a manifestation
ప్రేమ ఒక గొప్ప అభివ్యక్తి	Love is a great manifestation
ఇది అన్ని ప్రయత్నాల పరాకాష్ట	This is the culmination of all efforts
ఆయన కృషి పరాకాష్టకు చేరింది	His effort reached the culmination
