वाह!	Wow!
झुको!	Duck!
बतख़!	Duck!
बचाओ!	Help!
उछलो.	Jump.
कूदो.	Jump.
छलांग.	Jump.
सही!	Perfect!
नमस्ते।	Hello!
नमस्कार।	Hello!
चियर्स!	Cheers!
उत्तम!	Perfect!
वाह-वाह!	Cheers!
सांस ले।	Inhale.
सांस लो।	Inhale.
धन्यवाद!	Thanks!
हम जीते।	We won.
चले जाओ!	Go away!
शाबाश!	Well done!
अद्भुत	Wonderful!
सांस छोड़।	Exhale.
स्वागतम्।	Welcome.
बैठिए।	Please sit.
सांस छोड़ो।	Exhale.
हम हार गए।	We lost.
मौज करना।	Have fun.
मज़े करो।	Have fun.
चलो चलें!	Let's go!
टॉम उठाओ।	Pick Tom.
बेतुका!	Ridiculous!
मैं ठीक हूँ।	I'm OK.
अंदर आ जाओ।	Come in.
मज़े करना।	Have fun.
मैं हँसा।	I laughed.
कौन जाने?	Who knows?
हिलो मत।	Don't move.
समझे कि नहीं?	Got it?
बहुत बढ़िया!	Awesome!
मैं भूल गई।	I forgot.
बहुत ख़ूब!	Fantastic!
कैसे हो?	How are you?
मैं भूल गया।	I forgot.
माफ़ कीजिए।	Excuse me.
निश्चित ही	Definitely!
और एक बार।	Once again.
हास्यस्पद!	Ridiculous!
वह कौन है?	Who's that?
बाहर निकल जाओ!	Get out!
ख़ुदा हाफ़िज़।	Goodbye!
किसे पता है?	Who knows?
हास्यास्पद!	Ridiculous!
मैं आऊंगा।	I'll attend.
सोच लो।	Think about it.
आपका स्वागत है।	Welcome.
मुझे जवाब दो।	Answer me.
किसको पता है?	Who knows?
आग जलाती है।	Fire burns.
क्या नया है?	What's new?
नया क्या है?	What's new?
चिल्लाओ मत!	Don't shout.
तू कैसा है?	How are you?
तू कैसी है?	How are you?
आप कैसे हो?	How are you?
यह क्या है?	What's this?
मैं पैसे दूंगा।	I'll pay.
ठंड हो रही है।	It's cold.
किसे मालूम है?	Who knows?
चिल्लाईए मत।	Don't shout.
आप कैसे हैं?	How are you?
तुम कैसे हो?	How are you?
तुम कैसी हो?	How are you?
आप कैसी हैं?	How are you?
अविश्वसनीय!	Unbelievable!
हम खुश हैं।	We are happy.
बधाई हो!	Congratulations!
बदतमीज़!	How rude of you!
पंछी उड़ते हैं।	Birds fly.
मैं अकेला हूँ ।	I'm alone.
मैं अकेली हूँ ।	I'm alone.
मैं थक गया हूँ।	I'm tired.
पंछी गाते हैं।	Birds sing.
उसका पीछा करो।	Follow him.
मैं आ रहा हूँ।	I'm coming.
उसे अंदर भेजो।	Let him in.
वह ताकतवर है।	He's strong.
कोई नहीं आया।	Nobody came.
यह किताब है।	It is a book.
कृपया जाईये।	Please leave.
मुझे दिखाओ।	Let me try it.
हमारा क्या?	What about us?
टॉम मुस्कुराया।	Tom smiled.
हमारे साथ आओ।	Come with us.
जल्दी कीजिए।	Make it quick.
पढ़के सुनाओ।	Read it aloud.
वह हमारा था।	That was ours.
यह नक्शा है।	This is a map.
भगवान जाने।	Only God knows.
आराम से आओ।	Take your time.
आप कहाँ थे?	Where were you?
मुबारक हो!	Congratulations!
मैं बेहोश हो गया।	I fainted.
मुझे भूख लगी है!	I'm hungry!
मुझे भूख लगी है।	I'm hungry!
उसे अंदर आने दो।	Let him in.
वह खड़ा हो गया।	He stood up.
इसे नीचे रख दो।	Put it down.
हमने वादा किया।	We promised.
मैं घर पर हूँ।	I am at home.
मुझे नहीं पता।	I don't know.
मैं समझता हूँ।	I understand.
यह मुफ़्त है।	It's for free.
चलो करते हैं।	Let's do that.
दरवाज़ा खोलो।	Open the door.
वह नीचे झुकी।	She bent down.
उसे छूना मत।	Don't touch it.
तुम कहाँ थे?	Where were you?
मेरा पेट भर गया है।	I'm full.
मैं तैर सकता हूँ।	I can swim.
टॉम ने उबासी ली ।	Tom yawned.
एसटर मुबारक हो!	Happy Easter!
मैं डॉक्टर हूँ।	I'm a doctor.
थक गए हो क्या?	Are you tired?
हार मत मान लो।	Don't give in.
पीकर खतम करदो।	Drink it down.
फूल खिलते हैं।	Flowers bloom.
मुझे देखने दो।	Let me try it.
दरवाज़ा खोलिए।	Open the door.
अपने पैर धोओ।	Wash your feet.
पागल मत बनो।	Don't be absurd.
वह मत खोलिए।	Don't open that.
कोई है क्या?	Is anybody here?
सब बच गए।	Everyone was saved.
मैं बोर हो रहा हूँ।	I'm bored.
मुझे तैरना आता है।	I can swim.
मुझे बाहर जाने दो!	Let me out!
क्या मैं ग़लत था?	Was I wrong?
उसको अंदर ले आओ।	Bring him in.
मुझे नहीं मालूम।	I don't know.
बरफ़ गिर रही है।	It's snowing.
मैं हूँ जो हूँ।	I am who I am.
कृपया अंदर आईए।	Please get in.
हम शहर में हैं।	We're in town.
वह अभिनेता है।	He is an actor.
आ सको तो आना।	Come if you can.
सब मुस्कुराए।	Everyone smiled.
तुम इनसान हो।	You're a person.
शोर मत मचाओ।	Don't make noise.
सब चिल्लाए।	Everyone screamed.
आप कब मिले?	When did you meet?
तू कब मिला?	When did you meet?
मुझे गणित पसंद है।	I like math.
टॉम चला गया क्या?	Has Tom left?
मोटे मत हो जाना।	Don't get fat.
मैं उसे लेलूँगा।	I'll take him.
यह मुफ़्त का है।	It's for free.
मैं वापस आऊँगा।	I'll come back.
यह एक किताब है।	This is a book.
जल्दी घर आजाओ।	Come home early.
मूँह मत बनाओ।	Don't make faces.
मेरे साथ आईए।	Please follow me.
वह सुन्दर है।	She is beautiful.
हाथ ऊपर करो!	Put your hands up!
वह गाने लगी।	She began to sing.
मुझे तुमसे प्यार है।	I love you.
मुझे दोनो पसंद हैं।	I like both.
क्या तुम बीमार हो?	Are you sick?
मैं हिल नहीं सकता।	I can't move.
इसे दोबारा पढ़ें।	Read it again.
तुम्हारी चाल है।	It's your move.
मज़ाक कर रहे हो!	You're kidding!
यह मेरा पति है।	He's my husband.
कैसा चल रहा है?	How is it going?
वह तो हसीना है।	She is a beauty.
कुत्ता मेरा है।	The dog is mine.
ध्यान से देखें।	Watch carefully.
अब क्या बचा है?	What's left now?
ध्यान से चुने।	Choose carefully.
आलूओं को काटो।	Cut the potatoes.
मुझे याद नहीं।	I can't remember.
क्या कहानी है?	What's the story?
किसकी बारी है?	Whose turn is it?
वह जाचुका है।	He's already left.
फिर मिलेंगे।	I'll see you later.
कौआ उड़ गया।	The crow flew away.
मुझे डॉनत पसंद है।	I like donuts.
मैं अब थक गया हूँ।	I'm tired now.
वह बिल्ली है क्या?	Is that a cat?
टॉम मेरा लड़का है।	Tom is my son.
कमरे को साफ़ करो।	Clean the room.
यह मेरा बस्ता है।	This is my bag.
हम आपको बुलाएँगे।	We'll call you.
पूछ क्यों रहे हो?	Why do you ask?
सब लोग कैसे हैं?	How is everyone?
चलो पतंग उड़ाएँ!	Let's fly kites.
वह मेरी गलती है।	That's my fault.
बिजली गई हुई है।	The power's out.
ये चिड़ियाँ हैं।	These are birds.
ऊपर तक चढ़ जाओ।	Climb to the top.
गाड़ी तैयार है।	The car is ready.
यह सही नहीं है।	This isn't right.
तुम कहाँ गए थे?	Where did you go?
बिजली चली गई।	The power went out.
मुझे ट्राए करने दो।	Let me try it.
नए साल की बधाईयाँ।	Happy New Year!
जन्मदिन मुबारक हो!	Happy birthday!
उसके पास दाढ़ी है।	He has a beard.
यह मेरा कुत्ता है।	This is my dog.
टॉम मेरा आदर्श है।	Tom is my idol.
तुम्हें जाना होगा।	You have to go.
वह वहाँ गया क्या?	Did he go there?
मेरी याद आई क्या?	Did you miss me?
वह भागते हुए आया।	He came running.
मुझे गिटार चाहिए।	I want a guitar.
वह बहुत बोलती है।	She talks a lot.
आज एक अप्रैल है।	It's April first.
अब मेरी बारी है।	It's now my turn.
यह आपकी चाबी है।	This is your key.
तुम शायद सही हो।	You may be right.
उसे धोका मत दो।	Don't deceive him.
मुझे नींद आ गई।	I got very sleepy.
शुरू हो रहा है।	It's starting now.
हाँ। यह सही है।	Yes. That's right.
वह ज़रूर आएगा।	He is sure to come.
वो मजेदार था I	It was sort of fun.
बहुत महंगा है!	It's too expensive.
बहुत महंगी है!	It's too expensive.
बच्चे कहाँ गए?	Where are the kids?
पेड़ हरे हैं।	The trees are green.
किसी ने झूठ नहीं बोला।	Nobody lied.
मेरे पास एक गाड़ी है।	I have a car.
बहुत ज़्यादा बड़ा है।	It's too big.
मैं बहुत व्यस्त हूँ।	I'm very busy.
तुम घर पे हो क्या?	Are you at home?
मैं जाने वाला हूं।	I'm going to go.
आसपास कोई नहीं है।	Nobody's around.
यह तो ठीक नहीं है।	That isn't fair.
अभी कितने बजे हैं?	What time is it?
वह उसका दोस्त है।	He is her friend.
वह अरबी बोलता है।	He speaks Arabic.
मुझे अभी जाना है।	I have to go now.
ऐसा कहना बंद करो!	Stop saying that!
हम जल्दी में हैं।	We're in a hurry.
आपका नाम क्या है?	What's your name?
वह चिल्लाने लगा।	He began to shout.
वह अब चल रहा है।	He is walking now.
पृथ्वी घूमती है।	The earth rotates.
मुश्किल क्या है?	What's the matter?
तू कहाँ रहता है?	Where do you live?
तू कहाँ रहती है?	Where do you live?
पत्थर मत फेंको।	Don't throw stones.
आसमान साफ़ है।	The skies are clear.
वे ज़ू गए थे।	They went to the zoo.
निराश मत हो।	Don't be disappointed.
गेंद फेंकिए।	Please throw the ball.
मेरा दीवालिया हो चुका है।	I'm broke.
मैं आपसे प्यार करता हूँ।	I love you.
मैं आपसे प्यार करती हूँ।	I love you.
मुझे केक अच्छा लगता है।	I like cake.
मेरे पास एक कुत्ता है।	I have a dog.
मुझे इतिहास पसंद है।	I like history.
मैं घर पर ही रहूँगा।	I'll stay home.
मैं अनीश्वरवादी हूँ।	I'm an atheist.
मैं बहुत थक गया हूँ।	I'm very tired.
आज मौसम बहुत गरम है।	It's hot today.
हम आपको फ़ोन करेंगे।	We'll call you.
क्या आप लोग ठीक हो?	Are you guys OK?
यहाँ कैफ़े है क्या?	Is there a cafe?
बस अब रोना बंद करो।	Now stop crying.
यह तुम्हारे लिए है।	This is for you.
मेरी किताब कहाँ है?	Where's my book?
आओ हमारे साथ बैठो।	Come and join us.
मुझे अब जाना होगा।	I must leave now.
टॉम मेरा दोस्त है।	Tom is my friend.
हम घर जा रहें हैं।	We're going home.
शराबख़ाना कहाँ है?	Where is the bar?
मैं पूरी रात रोई।	I cried all night.
जीवन एक रहस्य है।	Life is a mystery.
मुझे सच्चाई बताओ।	Tell me the truth.
वह मेरी ग़लती थी।	That was my fault.
सुख क्या होता है?	What is happiness?
आप कहाँ रहते हैं?	Where do you live?
तुम कहाँ रहते हो?	Where do you live?
तुम कहाँ रहती हो?	Where do you live?
वह किताब कहाँ है?	Where is the book?
उम्मीद मत छोड़ो।	Don't give up hope.
वह साधा आदमी है।	He is a simple man.
बाद में मिलेंगे।	I'll see you later.
मैं अभी आता हूँ।	I'm coming at once.
चोर गायब हो गया।	The thief vanished.
टॉम घर आ रहा है।	Tom is coming home.
हम बात करते रहे।	We kept on talking.
हम जल्दी में थे।	We were in a hurry.
शुरू कब होता है?	When does it begin?
वह बाघ नहीं है।	That is not a tiger.
सर्दी आ रही है।	Winter is coming on.
सबकुछ संभव है।	Anything is possible.
इसमें क्या है?	What does it contain?
यह भी सेव है।	This is an apple, too.
मैं तुमसे प्यार करती हूँ।	I love you.
मैं तुमसे प्यार करता हूँ।	I love you.
मौत तो सभी की होती है।	Everyone dies.
बिस्तर से बाहर निकलो!	Get out of bed!
उसको पैसों की कमी थी।	He was hard up.
सभी ने इंतज़ार किया।	Everyone waited.
तुम कितने साल के हो?	How old are you?
मुझे उल्टी आ रही है।	I feel nauseous.
मैं हर साल जाता हूँ।	I go every year.
मुझपर हमला किया गया।	I was assaulted.
टॉम ने एक चूहा देखा।	Tom saw a mouse.
आप डॉक्टर हैं क्या?	Are you a doctor?
उसके पैर लम्बे हैं।	He has long legs.
मैं उसे नहीं जानता।	I don't know him.
मैं वैसा नहीं हूँ।	I'm not like that.
खुशी क्या होती है?	What is happiness?
समुद्र तट कहां है?	Where's the beach?
यहाँ बहुत गरम है।	It's very hot here.
वह बहुत सुंदर है।	She is very pretty.
मैं शराब लाऊँगा।	I'll bring the wine.
वह काम करती रही।	She kept on working.
तुम समझे नहीं।	You didn't understand.
नव वर्ष की शुभकामनाएं!	Happy New Year!
कितने बदतमीज़ हो तुम!	How rude of you!
मुझे यह वाला पसंद है।	I like this one.
मैंने उसे फिरसे देखा।	I saw her again.
मैं अच्छा रसोइया हूँ।	I'm a good cook.
क्या यह काला नहीं है?	Is it not black?
मैं मुश्किल में हूँ।	I have a problem.
मैंने टॉम की मदद की।	I helped Tom out.
आपसे मिलकर खुशी हुई।	Nice to meet you.
वह कौनसी चिड़िया है?	What's that bird?
मैं खुश हो रहा हूँ।	I'm getting happy.
मेरी ग़लती नहीं है।	It's not my fault.
रेडियो को चालू करो।	Turn on the radio.
उसने गहरी साँस ली।	He breathed deeply.
वह अच्छा इनसान है।	He's a good person.
यह मेरा सूटकेस था।	It was my suitcase.
वह डॉक्टर नहीं है।	She's not a doctor.
यह किसकी किताब है?	Whose book is this?
और स्वाद कैसा है?	How about the taste?
तुमने कैसे बनाया?	How did you make it?
मैं गाता चला गया।	I continued singing.
टॉम बहुत पागल है।	Tom is pretty crazy.
यह बहुत उबाऊ था।	It was really boring.
आज कौनसा वार है?	What day is it today?
मुश्किल कहाँ है?	Where is the problem?
कल बरफ़ पड़ेगी।	It will snow tomorrow.
वह बीमार नहीं हो सकता।	He can't be ill.
उसने टोपी पहनी हुई है।	He has a hat on.
मैं अच्छा बावर्ची हूँ।	I'm a good cook.
आज मेरा नसीब अच्छा है।	I'm lucky today.
नहीं, मैं नहीं गया था।	No, I didn't go.
वह बहुत बक-बक करती है।	She talks a lot.
तुम्हारी उम्र क्या है?	What's your age?
ज़िंदगी एक पहेली है ।	Life is a riddle.
वह देशद्रोही बन गया।	He turned traitor.
मैं संगीत सुनता हूँ।	I listen to music.
उसकी नीली आँखें हैं।	She has blue eyes.
वह शादीशुदा नहीं है।	She isn't married.
हमारे पास खुशखबर है।	We have good news.
वह रोया और और रोया।	He cried and cried.
मैं बहुत प्यासा था।	I was very thirsty.
मैं बहुत प्यासा थी।	I was very thirsty.
मैं टीवी देखता हूँ।	I watch television.
बरफ़ जैसा दिखता है।	It looks like snow.
यह मुझे संभालने दो।	Let me handle this.
बॅटर आऊट हो गया था।	The batter was out.
ये कुत्ते बड़े हैं।	These dogs are big.
टॉम वहाँ जा रहा है।	Tom is going there.
हम बहुत थक चुके थे।	We were very tired.
हम अच्छे दोस्त हैं।	We're good friends.
उसकी हालत बुरी है।	He's in a bad state.
मैं शराब लाता हूँ।	I'll bring the wine.
तुम क्यों नहीं आए?	Why didn't you come?
इस घर में भूत है।	The house is haunted.
यह जूते उसके हैं।	These shoes are hers.
कहीं भी बैठ जाओ।	Sit wherever you like.
मुझे चलना चाहिए।	Well, I must be going.
वह कल आएगा क्या?	Will he come tomorrow?
यह लगभग सही है।	That is almost correct.
तापमान क्या है?	What's the temperature?
टिकट भूलना मत।	Don't forget the ticket.
यहां, बैठिये।	Here, please have a seat.
टॉम रो पड़ा।	Tom couldn't help but cry.
मुझे कुत्ते अच्छे लगते हैं।	I like dogs.
मैं अंदर आ सकता हूँ क्या?	May I come in?
मैं तुम्हें फ़ोन करूँगा।	I'll phone you.
तुम थके-हारे से लगते हो।	You look tired.
अभी क्या समय हो रहा है?	What time is it?
यह लो, तुम्हारा बस्ता।	Here is your bag.
यह तुम्हारा कुत्ता है।	This is your dog.
हम खरीदारी करने गए थे।	We went shopping.
मैं उस लिस्ट में हूं?	Am I on that list?
मुझे बहुत भूख लगी है।	I'm really hungry.
यह पाय किसने बनाई है?	Who made this pie?
सभी को बचा लिया गया।	Everyone was saved.
अभी से रात हो गई है।	It is already dark.
मेरा परिवार छोटा है।	My family is small.
कितना बड़ा कद्दू है!	What a big pumpkin!
आप ऐसा कह सकते हैं ।	You could say that.
मेरी टिकट खो गई है।	I've lost my ticket.
तुम क्या कर रहे थे?	What were you doing?
तुम कहाँ जा रहे हो?	Where are you going?
आप कहाँ जा रहे हैं?	Where are you going?
मेरी चिंता मत करो।	Don't worry about me.
आज बारिश नहीं हुई।	It didn't rain today.
शादी एक लॉटरी है।	Marriage is a lottery.
यह क्या बकवास है?	What is this nonsense?
वे कल आएँगे क्या?	Will he come tomorrow?
कर भला तो हो भला।	You reap what you sow.
ऐसी बात मत बोलो।	Don't say such a thing.
उसने तैरना सीखा।	He learned how to swim.
कोईसा भी ले लो।	Take whichever you want.
ऐसा मत बोलो।	Don't say things like that.
क्या तुम्हें समझ में आया ?	Do you get it?
कुछ मछलियाँ उड़ सकतीं हैं।	Some fish fly.
मैंने रात का खाना पकाया।	I cooked dinner.
मुझे कोई आवाज़ सुनाई दी।	I heard a noise.
मुझे बहुत प्यास लगी है।	I'm very thirsty.
किसी ने जवाब नहीं दिया।	No one responded.
उसने तुम्हें धोखा दिया।	She betrayed you.
वह मुझसे मिलने आया था।	He came to see me.
मेरे पास कुछ पैसे हैं।	I have some money.
मेरी आँखें थक गईं हैं।	My eyes are tired.
एक बार और प्रयत्न करो।	Try it once again.
हम उसे नहीं जानते हैं।	We don't know her.
हम जंग के ख़िलाफ़ हैं।	We're against war.
तुम आज बिज़ी हो क्या?	Are you busy today?
उसे सब पसंद करते हैं।	Everyone likes her.
मुझे उसका पता पता है।	I know her address.
मुझे अभी भी नहीं पता।	I still don't know.
मैंने रातभर काम किया।	I worked all night.
रेलगाड़ी से चलते हैं।	Let's take a train.
यह मेरी का कुत्ता है।	This is Mary's dog.
गाड़ी कौन चला रहा है?	Who's at the wheel?
काश मैं मदद कर पाता।	I wish I could help.
अपनी किताब मत खोलो।	Don't open your book.
हमारी चिंता मत करो।	Don't worry about us.
मुझे एक और मौका दो।	Give me another shot.
वह भारत गया हुआ है।	He has been to India.
वह तुमसे नाराज़ है।	He is angry with you.
ग्यारह बज चुके हैं।	It is already eleven.
वह उसकी ख़ासियत है।	That's his specialty.
तुम कब लौट कर आओगे?	When will you return?
तुम आज खुश लगते हो।	You look happy today.
वह पाँच साल की है।	She is five years old.
स्टेशन पास में है।	The station is nearby.
उनकी ट्रेन छूट गई।	They missed the train.
लिफ़्ट कहाँ पर है?	Where is the elevator?
नाराज़ मत हो जाओ।	Don't lose your temper.
ये अजीब है, नहीं?	That's weird, isn't it?
तुम गाड़ी चला सकते हो क्या?	Can you drive?
क्या तुम्हें गोली लग गई थी?	Were you shot?
मुझे एक तो खरीदना ही होगा।	I must buy one.
मैं रोज़ दौड़ने जाता हूँ।	I run every day.
पक्षी घोसले बनातें हैं।	Birds build nests.
मैं गाड़ी चला सकता हूँ।	I can drive a car.
मुझे सिरदर्द हो रहा है।	I have a headache.
एक बार फिरसे कोशिश करो।	Try it once again.
बरफ़ गिरनी शुरू गो गई।	It started to snow.
मेरे पाँव जम चुके हैं।	My toes are frozen.
यह केक किसने बनाया है?	Who made this cake?
मैं भारत से नहीं हूँ।	I am not from India.
मैं दोनो को जानता था।	I know both of them.
मेरे पैसे चोरी हो गए।	My money was stolen.
ये हमारी किताबें हैं।	These are our books.
तुमने क्या जवाब दिया?	What did you answer?
इस डब्बे में क्या है?	What is in this box?
तुम फिरसे चालू हो गए।	You are at it again.
तुमने मेरी जान बचाली।	You're a life saver.
मैं सेव खा रहा हूँ ।	I am eating an apple.
मैं सेव खा रही हूँ ।	I am eating an apple.
मुझे थोड़ा बुखार था।	I had a little fever.
मुझे हल्का बुखार था।	I had a little fever.
फ़ोन बज रहा है क्या?	Is the phone ringing?
उसने उसे एक घड़ी दी।	She gave him a watch.
पानी का पाइप फट गया।	The water pipe burst.
यह घड़ी टूटी हुई है।	This watch is broken.
मैं उनका आभारी हूँ।	I am grateful to them.
मेरी आँख सूज गई है।	My eye has swollen up.
मुझे बताओ क्या हुआ।	Tell me what happened.
पता नहीं क्या हुआ।	I wonder what happened.
मैं फ़ोन करता हूँ।	I'll make a phone call.
हकला क्यों रहे हो?	Why are you stuttering?
छः बजने वाले हैं।	It's almost six o'clock.
दस बजने वाले हैं।	It's almost ten o'clock.
वे तुमसे डरते थे।	They were afraid of you.
कल रात क्या हुआ?	What happened last night?
घटना कब हुई?	When did the accident happen?
खेद की बात है, लेकिन वैसा ही है।	I fear so.
आपकी छुट्टियाँ मंगलमय हों ।	Happy holidays.
गर्मियाँ खतम हों चुकीं हैं।	Summer is over.
हम संगीत की पढ़ाई करते हैं।	We study music.
लोग टॉम को प्यार करते हैं।	People love Tom.
वह तुमसे प्यार करता होगा।	He must love you.
मैं बहुत बूढ़ी नहीं हूँ ।	I'm not very old.
मैं बहुत बूढ़ा नहीं हूँ ।	I'm not very old.
मैं विद्यार्थी नहीं हूँ।	I'm not a student.
तुम अच्छे से सोये क्या?	Did you sleep well?
मुझे विश्वास नहीं होता!	I can't believe it!
मैं किताब पढ़ रही हूँ।	I am reading a book.
मैं उसे देखना चाहूँगा।	I'd like to see her.
मैं दस बजे वापस आऊँगा।	I'll be back at ten.
मैंने फ़ोन कर लिया है।	I've already called.
चलो बेसबॉल खेलतें हैं।	Let's play baseball!
उसने मेरी कमीज़ खींची।	She pulled my shirt.
हवाई अड्डा कहाँ पर है?	Where's the airport?
तुम्हारे टीचर कौन हैं?	Who is your teacher?
मुझे लगता है वह आएगा।	I expect him to come.
मेरा चश्मा खो गया है।	I've lost my glasses.
मेरे चश्मे खो गए हैं।	I've lost my glasses.
ये किताबें मेरीं हैं।	These books are mine.
यह रेशम जैसा लगता है।	This feels like silk.
तुमने उसे कब देखा था?	When did you see her?
आप यहां नहीं पी सकते।	You can't drink here.
वह पुलिसवाला बन गया।	He became a policeman.
वह बहुत पैसेवाला है।	He has a lot of money.
ये क्या किताबें हैं?	Whose books are these?
जैसी करनी वैसी भरनी।	You reap what you sow.
जैसा करना वैसा भरना।	You reap what you sow.
"कौन है?" "मैं हूँ"	"Who is it?" "It's me."
वह काम शुरु मत करो।	Don't start doing that.
कितने बजे खुलता है?	What time does it open?
वह जल्दी नहीं उठा।	He did not get up early.
यह मेरी पत्नी है।	Let me introduce my wife.
टॉम शायद भूल गया।	Tom most probably forgot.
क्या ढूँढ रहे हो?	What are you looking for?
तुम वापस कब आओगे?	When are you coming back?
नौ बज चुकें हैं।	It's already nine o'clock.
हादसा कब हुआ?	When did the accident happen?
तुम्हारे पास चावल है क्या?	Do you have rice?
उसे संत्रे अच्छे लगते हैं।	He likes oranges.
उसे नारंगी अच्छे लगते हैं।	He likes oranges.
मैं आस-पड़ोस में रहता हूँ।	I live near here.
मैं फिर से कोशिश करता हूँ।	Let me try again.
यहाँ अपना हस्ताक्षर कीजिए।	Please sign here.
लड़के तो लड़के ही रहेंगे।	Boys will be boys.
मैं कुछ कर सकता हूँ क्या?	Can I do anything?
आप बाहर नहीं गए थें क्या?	Didn't you go out?
तुम बाहर नहीं गए थे क्या?	Didn't you go out?
तू बाहर नहीं गया था क्या?	Didn't you go out?
मैंने उसे भागते हुए देखा।	I saw him running.
हम बात कर सकते हैं क्या?	Can we have a talk?
वह बैंक में काम करता है।	He works at a bank.
मैंने पूरी रात काम किया।	I worked all night.
मैं एक अच्छा शिक्षक हूँ।	I'm a good teacher.
उसने खुशी से मुस्कुराया।	She smiled happily.
मेरे सवालों का जवाब दो।	Answer my questions.
वह कमरे में दाखिल हुआ ।	He entered the room.
मैं उससे पूछना भूल गया।	I forgot to ask him.
मैं उससे मिलना चाहूँगा।	I'd like to see her.
मैं तुम्हें खुश करूँगा।	I'll make you happy.
हमें टैक्स भरना पड़ेगा।	We must pay the tax.
उसने शान्ति की बात की।	He spoke about peace.
मुझे पीठ की तकलीफ है I	I have back problems.
मुझे ज़ुकाम हो गया है।	I have caught a cold.
हमारी शादी हो चुकी है।	Our marriage is over.
समय तेज़ी से बीतता है।	Time goes by quickly.
अपने हाथ अच्छे से धोओ।	Wash your hands well.
घंटी बज चुकी है क्या?	Has the bell rung yet?
पार्टी शुरू करते हैं।	Let's start the party.
इसको अपना घर ही समझो।	Make yourself at home.
जहाँ भी रखना है रखदो।	Put it where you like.
टॉम और मैं दोस्त हैं।	Tom and I are friends.
टॉम बस नहीं चला सकता।	Tom can't drive a bus.
कितना रोमांचक खेल है!	What an exciting game!
अच्छा करो, अच्छा पाओ।	You reap what you sow.
यह रंग पसंद है क्या?	Do you like this color?
मुझसे पैसे मत माँगो।	Don't ask me for money.
उनका मज़ाक मत उड़ाओ।	Don't make fun of them.
अपने काम से काम रखो!	Mind your own business!
वह नर्म दिल वाली है।	She has a gentle heart.
बाहर बहुत गर्मी है।	It's really hot outside.
कल मेरा जन्मदिन है।	Tomorrow is my birthday.
पानी बहुत जरूरी है।	Water is very important.
होमवर्क किया क्या?	Did you do your homework?
मुझे बैंक जाना है।	I have to go to the bank.
पार्टी कामयाब रही।	The party was successful.
कल उसने क्या किया?	What did he do yesterday?
कारण बहुत सरल है।	The reason is very simple.
मैं निकम्मा हूँ।	I'm a good-for-nothing bum.
मुझे यह कुत्ता अच्छा लगता है।	I like the dog.
मैं भगवान में यकीन नहीं करता।	I'm an atheist.
क्या तुम मुझे सिखा सकते हो?	Can you teach me?
चिड़ियाँ घोसले बनातीं हैं।	Birds build nests.
मैंने उसे दौड़ते हुए देखा।	I saw him running.
मैं बैंक में काम करता हूँ।	I work for a bank.
मेरा बस्ता चोरी हो गया था।	My bag was stolen.
तुम्हें मैं याद हूँ क्या?	Do you remember me?
उसने अपनी आँखें बंद करीं।	He closed his eyes.
मैं अपनी ग़लती मानता हूँ।	I admit my mistake.
मुझे वह अच्छा सा लगता है।	I sort of like him.
मैं १९६० में पैदा हुआ था।	I was born in 1960.
मैं १९७९ में पैदा हुआ था।	I was born in 1979.
टॉम 97 वर्ष तक जीवित रहे।	Tom lived to be 97.
उसकी कहानी सच्ची थी क्या?	Was his story true?
तुम्हारा कुत्ता कौनसा है?	Which dog is yours?
वे जिमखाने में हैं क्या?	Are they in the gym?
मैं दिन के €100 कमाता हूं।	I make €100 a day.
मुझे शहर का नक्शा चाहिए।	I'd like a city map.
ज़बान सम्भाल के बात करो।	Watch your language.
तुम्हारी किताब कौनसी है?	Which book is yours?
तुम हमारे साथ आओगे क्या?	Will you go with us?
उसको अपने-आप जाकर बताओ।	Go tell him yourself.
वह मुझपर गुस्सा हो गया।	He got angry with me.
मेरे पास कुछ दोस्त हैं।	I have a few friends.
मैं बेहोशी में चला गया।	I lost consciousness.
मैं कल मेरी से मिला था।	I met Mary yesterday.
मैं तुम्हारे साथ आऊँगा।	I will come with you.
मुझे मछली से एलर्जी है।	I'm allergic to fish.
मैं फ़ैसला कर चुका हूँ।	I've made a decision.
यह जीत तो बहुत आसान थी।	It's an easy victory.
उसने लाल ड्रेस पहनी थी।	She wore a red dress.
घर आग में लिपटा हुआ था।	The house was ablaze.
चादरें गीलीं लगतीं हैं।	The sheets feel damp.
तुम्हारे पिता कहाँ हैं?	Where is your father?
वह पुलिस अफ़सर बन गया।	He became a policeman.
वह गरीब है, पर खुश है।	He is poor, but happy.
वह लम्बा और ताकतवर है।	He is tall and strong.
मुझे अकेला छोड़ दीजिए।	Please leave me alone.
वह अच्छा कमा लेता है।	He earns a good salary.
उसकी तीन बेटियाँ हैं।	He has three daughters.
यह चाकू तेज़ नहीं है।	The knife is not sharp.
यह शेर बहुत पालतू है।	This lion is very tame.
वह पार्क में खो गया।	He got lost in the park.
तुम यही चाहते थे ना?	Is this what you wanted?
हमने गोल मेज़ खरीदी।	We bought a round table.
हर घर में बगीचा था।	Every house had a garden.
टॉम जेल से छूट गया।	Tom busted out of prison.
यहाँ बहुत गर्म है।	It's terribly hot in here.
दुकान आज बंद है।	The store is not open today.
मुझे चीजों के बारे में पता है ।	I know things.
क्या मैं आपकी मदद कर सकता हूँ?	Can I help you?
टॉम महिलाओं से प्यार करता है।	Tom loves women.
क्या तुम्हें मुझपर यकीन है?	Do you believe me?
क्या तुम मेरा यकीन करते हो?	Do you believe me?
हम युद्ध का विरोध करते हैं।	We're against war.
वह मेरा चचेरा भाई नहीं है।	He isn't my cousin.
वह मेरा ममेरा भाई नहीं है।	He isn't my cousin.
मैं उन औरतों को जानता हूँ।	I know those women.
मैं एक अच्छी शिक्षिका हूँ।	I'm a good teacher.
क्या यह किताब तुम्हारी है?	Is this book yours?
कोई मेरी मदद नहीं कर सकता।	No one can help me.
गुलदान को किसने तोड़ दिया?	Who broke the vase?
मैंने पुरानी गाड़ी खरीदी।	I bought an old car.
मेरी बहन के पास नौकरी है।	My sister has a job.
हमारे पास काला कुत्ता है।	We have a black dog.
वह कामयाब होना चाहता था।	He wanted to succeed.
मैंने अपनी ऊँगली काट ली।	I just cut my finger.
मैं कभी वापस नहीं आऊँगा।	I'll never come back.
मेरे पैर पर चोंट लगी है।	I've injured my foot.
दरवाज़े को बंद कर दीजिए।	Please shut the door.
उस आदमी ने मेरी ओर देखा।	The man looked at me.
वह सीड़ियों पर चढ़ गया।	He climbed the stairs.
वह मेरा अच्छा दोस्त था।	He was my dear friend.
जहाँ भी डालना है डालदो।	Put it where you like.
उसने लम्बी ज़िन्दगी जी।	She lived a long life.
वह एक ज़िद्दी लड़की है।	She's a stubborn girl.
टॉम कभी टाई नहीं पहनता।	Tom never wears a tie.
वह गाना सभी को पता था।	Everyone knew the song.
मुझे पिंजरा खाली मिला।	I found the cage empty.
यह टॉम को मार सकता था।	It could've killed Tom.
आज मौसम काफ़ी ठंडा है।	It's rather cold today.
वह तेल में पका हुआ है।	That was cooked in oil.
वे बहुत प्रसन्न होंगे।	They will be very glad.
यह किताब बहुत पतली है।	This book is very thin.
मुझे गिलास खाली मिला।	I found the glass empty.
मैं शायद मदद कर सकूं।	I might be able to help.
मुझे एक और उदाहरण दो।	Show me another example.
बस अभी तक आई नहीं है।	The bus hasn't come yet.
तुम्हें किसलिए चाहिए?	What do you want it for?
चीज़ दूध से बनता है।	Cheese is made from milk.
मैं और नहीं चल सकती।	I can't walk any further.
मैं जंगल में खो गया।	I got lost in the forest.
खाना ठंडा हो रहा है।	The food is getting cold.
टॉम के बाल नहीं थे ।	Tom didn't have any hair.
आप वहाँ जाएँगे क्या?	Will you please go there?
तुम थक गए हो, है ना?	You're tired, aren't you?
मेरे घर आठ बजे आना।	Come to my house at eight.
मेरे पापा का घर है।	This is my father's house.
तुमने कल क्या किया?	What did you do yesterday?
कल मेरा जन्मदिन था।	Yesterday was my birthday.
उसकी राय बेकार है।	His opinions are worthless.
मेज़ पर किताब है।	There is a book on the desk.
तुम्हारी आँखे खराब हैं क्या?	Are your eyes bad?
क्या तुम मुझपर यकीन करते हो?	Do you believe me?
उसने विदेश में पढ़ाई करी थी।	He studied abroad.
मेरे सिर में दर्द हो रहा है।	I have a headache.
मुझे पुरानी चीज़ें पसंद हैं।	I like old things.
तू मेरे रास्ते में आ रहा है।	You are in my way.
मैं अंग्रेज़ी पढ़ सकता हूँ।	I can read English.
मैं अंग्रेज़ी पढ़ सकती हूँ।	I can read English.
हमे स्केटिंग करके मज़ा आया।	We enjoyed skating.
उसने कमरे में प्रवेश किया।	He entered the room.
वह मेरे पड़ोस में रहता है।	He lives next to me.
मैंने अभी तक नहीं खाया है।	I haven't eaten yet.
आपको मुझे क्षमा करना होगा।	You must forgive me.
आप विदेश गए हुए हैं क्या?	Have you been abroad?
मैं इस योजना से सहमत हूँ।	I agree to this plan.
मेरे ख़याल से तुम सही हो।	I think you're right.
टॉम ने एक और बियर पी ली ।	Tom had another beer.
क्यों न तुम मेरे साथ चलो?	Why not come with me?
उसे बहुत सारा पैसा मिला।	He got a lot of money.
उसने गाते गाते काम किया।	He sang while working.
मई अप्रैल के बाद आता है।	May comes after April.
सारे पंछी उड़ नहीं सकते।	Not all birds can fly.
तुम दोनो क्या कर रहे हो?	What're you two doing?
तुम दोनो क्या कर रहे थे?	What're you two doing?
जैसा बोओगे, वैसा काटोगे।	You reap what you sow.
वह मेरे लिए मुश्किल है।	It is difficult for me.
न्यू यॉर्क बड़ा शहर है।	New York is a big city.
यह बत्ती काम नहीं करती।	The light doesn't work.
जितना जल्दी उतना अच्छा।	The sooner, the better.
टॉम ने एक नया घर खरीदा।	Tom bought a new house.
अब हमें परेशान मत करो।	Don't bother us anymore.
वह सूप को सूँघ रहा है।	He is smelling the soup.
मेरे पास कितना समय है?	How much time do I have?
डब्बा लकड़ी का बना है।	The box is made of wood.
यह कुरसी बहुत छोटी है।	This chair is too small.
यह नदी बहुत सुन्दर है।	This river is beautiful.
अपना मूँह इस ओर मोड़ो।	Turn your face this way.
दो और दो चार होते हैं।	Two plus two makes four.
टीवी चालू करदोगे क्या?	Will you turn on the TV?
वह कैंसर से नहीं मरा।	He did not die of cancer.
आधा किलो कितने का है?	How much for half a kilo?
मैंने दो कप कॉफ़ी पी।	I had two cups of coffee.
मैं नहाने जा रहा हूँ।	I'm going to take a bath.
उस आदमी ने कत्ल किया।	The man committed murder.
क्या उनकी शादी चलेगी?	Will their marriage work?
मैं तुमसे निराश हूँ।	I'm disappointed with you.
उसने तस्वीर को देखा।	She looked at the picture.
टॉम काम पर नहीं आया।	Tom didn't arrive at work.
बारह बजने वाले हैं।	It's almost twelve o'clock.
उनकी ओपन मैरिज है ।	They have an open marriage.
आपको कहीं जाना है?	Do you want to go somewhere?
शांति से खड़े रहो।	Stand still and keep silent.
अपने मोज़े उतारिए।	Take off your socks, please.
यह असली हीरा होगा।	This must be a real diamond.
हमने बड़ी मौज करी।	We really enjoyed ourselves.
आबादी बढ़ रही है।	The population is increasing.
टीवी चालू कीजिए।	Please turn on the television.
मैं अपनी माँ से प्यार करता हूँ	I love my mother.
मैं उससे सच्चा प्यार करता था।	I truly loved her.
टॉम हमें आमंत्रित कर सकता है।	Tom may invite us.
तुम्हारे पास आज समय है क्या?	Are you busy today?
मुझे उस आदमी से चिढ़ आती है।	That guy annoys me.
उसे बहुत अकेलापन महसूस हुआ।	He felt very lonely.
मुझे यकीन है कि टॉम खुश था।	I bet Tom was happy.
मैं चाहता था कि वह जीत जाए।	I wanted her to win.
मेरे परिवार को टॉम पसंद था।	My family loved Tom.
टॉम को अब पसीने आ रहे हैं ।	Tom is sweating now.
उसने पैसों के लिए शादी की।	He married for money.
मैं बड़े शहर में रहता हूँ।	I live in a big city.
मुझे अपने पैसे वापस चाहिए।	I want my money back.
यहाँ हवा चल रही है, है ना?	It's windy, isn't it?
मुझे तुम्हें घर लेजाने दो।	Let me take you home.
तुम वह साबित नहीं कर सकते।	You can't prove that.
तुम राज़ रख सकते हो क्या?	Can you keep a secret?
वह पिछले हफ़्ते बीमार था।	He was sick last week.
मैं हड़बड़ी में दौड़ गया।	I ran away in a hurry.
झील यहाँ पर बहुत गहरी है।	The lake is deep here.
टॉम खराब फ्रेंच बोलता है।	Tom speaks bad French.
हमने थोड़ी देर आराम किया।	We rested for a while.
लेकिन मुझे गलत मत समझिए।	But don't get me wrong.
उसने दरवाज़े पर खटखटाया।	He knocked at the door.
उसने किताब को फाड़ डाला।	He tore the book apart.
मैं तुमसे सहमत नहीं हूँ।	I don't agree with you.
मुझे बुखार जैसा लगता है।	I seem to have a fever.
वह बहुत पैसेवाली औरत है।	She is a wealthy woman.
वह तेल में पकाया गया है।	That was cooked in oil.
मुझे उससे प्यार हो गया।	I fell in love with her.
वह मुझसे बात नहीं करती।	She doesn't speak to me.
मेरे लिए तैरना आसान है।	Swimming is easy for me.
वे आमने-सामने खड़े हुए।	They stood face to face.
मैं इसीलिए वापस आया था।	This is why I came back.
वह दस साल का लड़का था।	He was then a boy of ten.
मुझे दिल की बीमारी है।	I have a heart condition.
मैं फिरसे नहीं करूँगा।	I will never do it again.
मैं शादी के खिलाफ हूं।	I'm against the marriage.
तेरा बाप टीचर है क्या?	Is your father a teacher?
मुझे अपना पता बतादेना।	Let me know your address.
कृपया पाँच मिनट ठहरिए।	Please wait five minutes.
वे फ़िल्म देख रहे हैं।	They're watching a movie.
इस घर में छः कमरे हैं।	This house has six rooms.
यह उसके जितना बड़ा है।	This is as large as that.
ये सेब बहुत बड़े हैं।	These are very big apples.
वह कितना नसीबवाला है!	What a lucky person he is!
आप गलत ट्रेन पर हैं।	You are on the wrong train.
सब लोग मुझपर हँसे।	I was laughed at by everyone.
मेरा फ़ोन खराब है।	My telephone is out of order.
बंदर पेड़ पर चढ़ा।	The monkey climbed up a tree.
क्या मैं आपकी सहायता कर सकता हूँ?	Can I help you?
हमे किसी भी चीज़ की कमी नहीं है।	We lack nothing.
वह किसी नौकरी के पीछे पड़ा है।	He is after a job.
मेरी उससे मुलाकात नहीं हुई है।	I haven't met him.
तेरी अकल घास चरने गई है क्या?	Have you gone nuts?
मैं तुम्हारे जितना लम्बा हूँ।	I'm as tall as you.
माफ़ कीजिएगा, मैं खो गई हूँ।	Excuse me, I'm lost.
वह बहुत थका-हारा सा लगता है।	He looks very tired.
मैं अंग्रेज़ी पढ़ा सकता हूँ।	I can teach English.
मुझे यहां आना अच्छा लगता है।	I like to come here.
तुम्हें मुझे माफ़ करना होगा।	You must forgive me.
तुम्हें मन लगाकर पढ़ना होगा।	You must study hard.
मैं तुमपर भरोसा कर रहा हूँ।	I am counting on you.
तुम रेलगाड़ी से जाओगे क्या?	Will you go by train?
क्या आपको अपना नाप पता है?	Do you know your size?
उसका निशाना बहुत अच्छा है।	He is a sharp-shooter.
तुम्हें आज कैसा लग रहा है?	How do you feel today?
मैं कोरिया जाना चाहता हूँ।	I want to visit Korea.
तुम्हारी घड़ी सही है क्या?	Is your watch correct?
मेरी गाड़ी चल नहीं रही है।	My car is not running.
जहाँ भी घुसाना है घुसा दो।	Put it where you like.
तुमने पूरा पढ़ लिया क्या?	Did you read it at all?
मैं स्कूल चल कर जाती हूँ।	I go to school on foot.
मुझे एक ब्लडी मेरी चाहिए।	I'd like a Bloody Mary.
क्या आज कोई अनुपस्थित है?	Is anyone absent today?
आज कोई है जो नहीं आया है?	Is anyone absent today?
ये अभी की तस्वीर है क्या?	Is it a recent picture?
मेरे पिता बहुत अच्छे हैं।	My father is very nice.
मेरे पापा बहुत अच्छे हैं।	My father is very nice.
वह पियानो बजाना जानती है।	She can play the piano.
उसने पैसेवाले से शादी की।	She married a rich man.
यह एक बहुत अच्छा सवाल है।	That's a good question.
तुम्हें कौन मारना चाहेगा?	Who'd want to kill you?
कुरसियाँ काफ़ी हैं क्या?	Are there enough chairs?
आप टीवी देखतें हैं क्या?	Do you watch television?
उसने आसमान की तरफ़ देखा।	He looked up at the sky.
यह किसी की गलती नहीं है।	It's not anyone's fault.
वह एक बार फिर देर से आई।	She was late once again.
उन्हें तुमसे डर लगता था।	They were afraid of you.
अपना मूँह इस तरफ़ मोड़ो।	Turn your face this way.
हम सब एक-साथ खड़े हो गए।	We all stood up at once.
हम कल शायद नहीं जीतेंगे।	We may not win tomorrow.
तुम क्या देखना चाहते हो?	What do you want to see?
आप क्या देखना चाहते हैं?	What do you want to see?
मुझसे और सहन नहीं होगा!	I can't stand it anymore.
मुझे लगता है वह सही है।	I think that he is right.
यह समस्या बहुत कठिन है।	It's a difficult problem.
उनकी शादी एक दिखावा है।	Their marriage is a sham.
वे सब जिमखाने में मिले।	They gathered in the gym.
यह रास्ता बहुत पतला है।	This road is very narrow.
तुम किस समय घर जाती हो?	What time do you go home?
वह बुखार से जल रहा था।	He was burning with fever.
मैं छाया में खड़ा हूँ।	I'm standing in the shade.
इस दोपहर को मिलते हैं।	Let's meet this afternoon.
तोहफ़े के लिए धन्यवाद।	Thank you for the present.
कोई और रास्ता भी होगा।	There must be another way.
यह मेरी तीसरी शादी है।	This is my third marriage.
आज स्वतंत्रता दिवस है।	Today is Independence Day.
तुम नहीं आ रहे हो ना?	You aren't coming, are you?
उसको तैरना नहीं आता।	He doesn't know how to swim.
अब मैं सब समझता हूं।	Now I understand everything.
वह ईमानदार लगता है।	It appears that he is honest.
मुझे जोखिम लेना पसंद नहीं है।	I hate taking risks.
मैं उससे शादी करना चाहता हूँ।	I want to marry her.
मुझे स्याही से ही लिखना होगा?	Must I write in ink?
मैंने तुम्हें बताया नहीं था?	Didn't I tell you so?
तुम्हारे पास पेनसिल है क्या?	Do you have a pencil?
तुम टोक्यो में रहते हो क्या?	Do you live in Tokyo?
क्या आप अंग्रेज़ी बोलते हैं?	Do you speak English?
उसने एक सुंदर लड़की को देखा।	He saw a pretty girl.
मुझे पेट में दर्द हो रहा है।	I have a stomachache.
रविवार को खुला होता है क्या?	Is it open on Sunday?
तुमने मेरा कैमरा देखा क्या?	Did you see my camera?
वह अंग्रेज़ी बोलता है क्या?	Does he speak English?
आपको जाने नहीं दे सकता हूँ।	I can't let you leave.
मैं आपका इंतज़ार कर रहा था।	I was waiting for you.
क्या मैरी तुम्हारी बेटी है?	Is Mary your daughter?
क्या मैं आपसे आगे चला जाऊं?	May I go ahead of you?
क्या मैं आपसे आगे चली जाऊं?	May I go ahead of you?
हम उनको परेशान कर रहें हैं।	We are disturbing him.
उसने मेरा बस्ता चुरा लिया।	He robbed me of my bag.
वह भौतिक विज्ञान समझता है।	He understands physics.
मैं सात बजे सोकर उठता हूँ।	I wake up at 7 o'clock.
मैं अभी हवाईअड्डे में हूँ।	I'm at the airport now.
मेरा पेट गुड़गुड़ा रहा है।	My stomach is growling.
वैसे करने की कोशिश कीजिये।	Try to do it like that.
तुम्हारे पास काफ़ी समय था।	You had plenty of time.
उसको नौकरी नहीं मिल पायी।	He couldn't get the job.
मैं आपके लिए कुरसी लेआऊँ?	Shall I get you a chair?
उसने एक दर्जन अंडे खरीदे।	She bought a dozen eggs.
यह उस पर भी लागू होता है।	That applies to him too.
उसकी राष्ट्रीयता क्या है?	What is his nationality?
क्या आपने खाना खा लिया ?	Have you eaten your food?
वह मेरी बात नहीं सुनेगा।	He will not listen to me.
मुझसे और नहीं चला जाएगा।	I can't walk any further.
मेरा भाग जाने का मन हुआ।	I felt like running away.
क्या आपके पापा टीचर हैं?	Is your father a teacher?
डॉक्टर ने मेरी नब्ज़ ली।	The doctor felt my pulse.
टोक्यो बहुत बड़ा शहर है।	Tokyo is a very big city.
तुम्हारी शादी कब हुई थी?	When did you get married?
तुमने मुझे पागल कर दिया।	You made me lose my mind.
उसने मुझे लिखना सिखाया।	He taught me how to write.
मैं इस बार नहीं आ सकता।	I can't make it this time.
मुझे उसकी झलक दिखाई दी।	I caught a glimpse of her.
मैं छाँओं में खड़ा हूँ।	I'm standing in the shade.
मेरी एक अटैची ग़ायब है।	One of my bags is missing.
हम शादी से संबंधित हैं।	We're related by marriage.
अभी तक तुमने कुछ किया?	Have you done anything yet?
उसने काम अपने-आप किया।	He did the work on his own.
तुम्हें कहीं जाना है?	Do you want to go somewhere?
मेने उसे नियम समझाया।	I explained the rule to him.
मुझे एक कप चाय दीजिए।	Please give me a cup of tea.
उसने सौ डॉलर बचा लिए।	She saved a hundred dollars.
दस घर जलकर राख हो गए।	Ten houses were burned down.
वह नगर दो मील दूर है।	That town is two miles away.
तुम यहाँ क्यों आए हो?	What have you come here for?
वह सेव सड़ने लगा है।	The apple has begun to decay.
जनसंख्या बढ़ रही है।	The population is increasing.
इस कमरे में मेज़ है।	There is a desk in this room.
अपना वादा मत तोड़ो।	Don't go back on your promise.
कल का मौसम कैसा था?	How was the weather yesterday?
कृपया ध्यान दीजिए।	Give me your attention, please.
ऐसा अक्सर होता है।	Such a thing occurs frequently.
उनकी शादी कल होगी।	Their wedding will be tomorrow.
फ़ोन कई बार बजा।	The telephone rang several times.
एक आदमी के लिए काम करना ज़रूरी है।	A man must work.
क्या आप रोज़ जॉगिंग करते हैं?	Do you jog every day?
मछलियाँ समुंदर में रहतीं हैं।	Fish live in the sea.
मैंने तो मज़ाक समझकर बोला था।	I meant it as a joke.
मैं मानता हूँ कि मैं ग़लत था।	I'll admit I'm wrong.
लिंकन की मौत १८६५ में हुई थी।	Lincoln died in 1865.
तुम्हारा कुत्ता बहुत बड़ा है।	Your dog is very big.
तुम्हारा कुत्ता बहुत मोटा है।	Your dog is very fat.
मैं अपने काम से थक चुका हूँ।	I am tired of my work.
क्या मैं तुमसे आगे चली जाऊं?	May I go ahead of you?
लोमड़ी जंगली जानवर होती है।	A fox is a wild animal.
मैं अपने-आप करना चाहता हूँ।	I want to do it myself.
क्या वह हमारी सहायता करेगा?	Is he going to help us?
उसने मुझे अपना कमरा दिखाया।	She showed me her room.
तुम्हारी याददाश्त अच्छी है।	You have a good memory.
अब से हमें परेशान मत करना।	Don't bother us anymore.
उसको मेहनत करने की आदत है।	He is used to hard work.
शादी लोगों को बदल देती है।	Marriage changes people.
हम चाय में चीनी डालते हैं।	We put sugar in our tea.
तुम्हारे पास कलम है क्या?	Do you have a pen on you?
शादी में जल्दबाजी न करें।	Don't rush into marriage.
मुझे खाँसी की दवाई चाहिए।	I need coughing medicine.
मैं उसको यह बात समझाउँगा।	I will explain it to her.
हम हवा के बिना मर जाएँगे।	We would die without air.
तुम कितने बजे घर जाते हो?	What time do you go home?
आज सेव सस्ते बिक रहे थे।	Apples were on sale today.
वह सबका मज़ाक उड़ाता है।	He makes fun of everybody.
वह वहाँ जाने से डरता था।	He was afraid to go there.
मुझे गाड़ी चलाना आता है।	I know how to drive a car.
मुझे उसके मरने का डर था।	I was afraid he might die.
यह मेरे दोस्त के लिए है।	It's for a friend of mine.
दुश्मन पास नहीं आ पाएगा।	The enemy won't get close.
यह मेज़ लकड़ी की बनी है।	This desk is made of wood.
मुझसे कल फिर आकर मिलना।	Come see me again tomorrow.
उन सभी के पास साईकल है।	Each of them has a bicycle.
मुसलाधार बारिश होती है।	It's raining cats and dogs.
मुसलाधार वर्षा होती है।	It's raining cats and dogs.
उसके हाथ-पैर लम्बे हैं।	She has long arms and legs.
बत्ती बंद करदो, प्लीज़।	Turn off the light, please.
हमने सब हाथ से ही किया।	We did everything manually.
हमारे औरडर का क्या हुआ?	What happened to our order?
वह मेरे बजाय वहां गया।	He went there instead of me.
उसने कहा कि वह खुश थी।	She said that she was happy.
दुकान आज खुली नहीं है।	The store is not open today.
हम पड़ोसी हुआ करते थे।	We were next-door neighbors.
आप कहाँ बैठना चाहेंगे?	Where would you like to sit?
इस दीवार पर मत झुँको।	Don't lean against this wall.
मैं नतीजे से खुश हूँ।	I am pleased with the result.
ट्रेन पटरी से उतर गई।	The train ran off the tracks.
काश कल बारिश हो जाए।	I hope that it rains tomorrow.
वह आज टीवी पर आएगी।	She is appearing on TV tonight.
उसने अपनी बारी का इंतेज़ार किया।	He waited his turn.
वह दिखने में बहुत अमीर लगता है।	He seems to be rich.
मुझे पता है कि वह चीज़ क्या है।	I know what that is.
उसने मुझे दो किताबें उधार दीं।	He lent me two books.
तुम्हारी नौकरी कैसी चल रही है?	How's your job going?
उसने लाल रंग के कपड़े पहने थे।	She wore a red dress.
क्या यह अफ़वाह सच हो सकती है?	Can the rumor be true?
उसके पास थोड़े-बहुत पैसे हैं।	He has a little money.
मैंने उसे अपना नौकर बना लिया।	I made him my servant.
अभी मेरा लंच ब्रेक चल रहा है।	I'm on my lunch break.
वह अपने पति से नफ़रत करती थी।	She hated her husband.
वे एक-दूसरे से नफ़रत करते थे।	They hated each other.
उन्होंने मदद के लिए चिल्लाया।	They shouted for help.
टॉम अभी भी खरीदारी कर रहा है।	Tom is still shopping.
क्या तुम्हारी हरी आँखें हैं।	Do you have green eyes?
मुझे तुम्हारी दया नहीं चहिए।	I don't want your pity.
मैं कमरे की सफ़ाई करूँ क्या?	Shall I clean the room?
टॉम ने इंजन को चालू कर दिया।	Tom started the engine.
तुम्हारे ख़याल से वह कौन है?	Who do you think he is?
शराब की एक बूंद भी मत पियो।	Don't drink any alcohol.
ग्लास रेत से बनाया जाता है।	Glass is made from sand.
उसको घमण्डी होने की आदत है।	He tends to be arrogant.
मुझे अपना काम बहुत पसंद है।	I like my job very much.
मुझे टॉम से बात करनी चाहिए।	I should speak with Tom.
टॉम ने मैरी को एक नोट भेजा।	Tom sent a note to Mary.
तुम्हारे कोई भाई हैं क्या?	Do you have any brothers?
उस चाबी के साथतानी मत करो!	Don't play with that key!
वह संगीत का बहुत शौकीन है।	He is very fond of music.
मुझे पियानो बजाना पसंद है।	I like playing the piano.
मुझे उनकी मदद करनी पड़ेगी।	I will have to help them.
लोहा सोने से सख्त होता है।	Iron is harder than gold.
क्या आपके पिताजी टीचर हैं?	Is your father a teacher?
हमें टॉम से बात करनी होगी।	We've got to talk to Tom.
उसको बहादुरी की ज़रूरत है।	What he lacks is courage.
हाँ, मुझे यह बहुत पसंद है।	Yes, I like it very much.
क्या आप इसे शादी कहते हैं?	You call that a marriage?
आपको बाहर नहीं होना चाहिए।	You shouldn't be outside.
A B से पाँचगुना लम्बा है।	A is 5 times as long as B.
दरवाज़े को खुला मत छोड़ो।	Don't leave the door open.
वह तुम्हें समझता नहीं है।	He doesn't understand you.
उसने थोड़ी देर हिचकिचाया।	He hesitated for a moment.
उसे मौत की सज़ा दे दी गई।	He was sentenced to death.
मैं रोज़ छः बजे उठता हूँ।	I get up at six every day.
संदर्भ पर निर्भर करता है।	It depends on the context.
उसने सब कुछ अपने-आप किया।	She did it all by herself.
टॉम उबले अंडे बना रहा है।	Tom is making boiled eggs.
हम तालाब के आस-पास टहलें।	We walked around the pond.
तुम्हें तुरंत जाना चाहिए।	You had better go at once.
वह अचानक से मशहूर बन गई।	She suddenly became famous.
बरसात पूरे दिन होती रही।	The rain continued all day.
यह वर्षा ऋतु का मौसम है।	This is the monsoon season.
यह शब्द ग्रीक से आता है।	This word comes from Greek.
हमने उसका जन्मदिन मनाया।	We celebrated his birthday.
हमने टॉम को कप्तान चुना।	We chose Tom to be captain.
इस पक्षी का नाम क्या है?	What do you call this bird?
आपके भाई का नाम क्या है?	What's your brother's name?
सारा ब्रॅड कहाँ चला गया?	Where did all the bread go?
बत्ती चालू कर दोगे क्या?	Will you turn on the light?
कनाडा जापान से बड़ा है।	Canada is larger than Japan.
वे जापानी हैं या चीनी?	Are they Japanese or Chinese?
मुंह में मत डालो उसको।	Don't put that in your mouth.
तुम उसे कैसे जानते थे?	How did you come to know her?
अब उनके तीन बच्चे हैं।	Now they have three children.
इसको अपना घर ही समझिए।	Please make yourself at home.
मुझे अपनी कौपी दिखाईए।	Please show me your notebook.
तुम कितनी बजे सोते हो?	What time do you go to sleep?
आधे सेव सड़ चुके हैं।	Half of the apples are rotten.
वो कुछ करने वाले हैं।	They're going to do something.
हम खबर सुनकर चौंक गए।	We were surprised at the news.
जाँच-पड़ताल जारी है।	The investigation is under way.
आप को कैसा रस चाहिए?	What kind of juice do you want?
आज बहुत ठंडा है ना?	It is very cold today, isn't it?
वह अफ़वाह सच निकली।	The rumor turned out to be true.
मैं तुम्हारे पिताजी को जानता हूँ।	I know your father.
तुम मेरी कलम इस्तेमाल कर सकते हो।	You may use my pen.
तुम्हें गाड़ी चलाना आता है क्या?	Can you drive a car?
यहाँ हस्ताक्षर कर सकते हैं क्या?	Could you sign here?
मुझे गर्मी का मौसम पसंद नहीं है।	I don't like summer.
क्या आप हर दिन जॉगिंग करते हैं?	Do you jog every day?
मुझे पता है उसने क्यों किया था।	I know why he did it.
वह हमको अच्छी तरह से जानता है।	He knows us very well.
उसने प्रतियोगिता फिरसे जीत ली।	He won the race again.
मैं भी बॉस्टन में ही रहता हूँ।	I live in Boston, too.
वह हमेशा मन लगाकर काम करती है।	She always works hard.
उस आदमी ने सारी उम्मीद छोड़दी।	The man lost all hope.
उन्होंने मेरी का मज़ाक उड़ाया।	They made fun of Mary.
मैंने उससे वह करने को कहा था।	I asked him to do that.
स्कूल साढ़े तीन बजे छूटता है।	School is over at 3:30.
वह हमेशा काले कपड़े पहनती है।	She always wears black.
गेट को खुला छोड़ दिया गया था।	The gate was left open.
उस लड़की ने पीछे मुड़कर देखा।	The girl looked around.
आपको क्या करना अच्छा लगता है?	What do you like to do?
हम समय में पहुँच जाएँगे क्या?	Will we arrive in time?
तुम्हें टॉम को रोकना ही होगा।	You've got to stop Tom.
तुम मंगलवार को खाली हो क्या?	Are you free on Tuesday?
उसको अहंकारी होने की आदत है।	He tends to be arrogant.
उसको अभिमानी होने की आदत है।	He tends to be arrogant.
मैं तुम्हें एक तोहफ़ा दूँगा।	I'll give you a present.
हमारी आज स्कूल से छुट्टी है।	We have no school today.
हमें जल्द ही वापिस जाना है ।	We have to go back soon.
तुम टेनिस कब खेलना चाहते हो?	When do you play tennis?
बुरी खबर तेज़ी से फैलती है।	Bad news travels quickly.
मुझे यह जैकेट पसंद नहीं है।	I don't like this jacket.
क्या आपके पापा अध्यापक हैं?	Is your father a teacher?
इस कीमत में टैक्स शामिल है।	This amount includes tax.
तुम साथ आना चाहते हो क्या?	Do you want to come along?
वह आसमान की ओर देख रहा था।	He was looking at the sky.
वह बच्चे की तरह सो रहा है।	He's sleeping like a baby.
मैं उससे नाई के यहाँ मिला।	I met him at the barber's.
मैं एक और तौलिया लाती हूँ।	I'll bring one more towel.
मेरा दाहिना पैर सो गया है।	My right foot is sleeping.
वह अभी तक यहाँ नहीं आई है।	She has not come here yet.
कुछ सांप ज़हरीले होते हैं।	Some snakes are poisonous.
क़ैदी को रिहा कर दिया गया।	The prisoner was released.
उन्होंने एक-दूसरे को देखा।	They looked at each other.
हम सब टॉम के लिए दुःखी थे।	We all felt sorry for Tom.
मुझसे बात क्यों कर रहे हो?	Why are you talking to me?
तुमने कभी क्वाला देखा है?	Have you ever seen a koala?
हमारी ट्रेन अचानक रुक गई।	Our train stopped suddenly.
अपना अच्छे से ख़याल रखना।	Take good care of yourself.
दुल्हन अचानक से हँस पड़ी।	The bride suddenly laughed.
पेंट अभी तक सूखा नहीं है।	The paint hasn't dried yet.
मेज़ पर बस्ता रखा हुआ है।	There is a bag on the desk.
कृपया बत्ती बंद कर दीजिए।	Turn off the light, please.
हम सब उसके मज़ाक पर हँसे।	We all laughed at his joke.
हमने उसका हिसाब लगा लिया।	We've got that figured out.
सब टॉम के लिए दुःखी थे I	Everyone felt sorry for Tom.
सभी उसकी अच्छाई करते है।	Everyone speaks well of him.
गरम पानी नहीं चल रहा है।	The hot water isn't running.
अब हम टॉम को क्या बताएँ?	What should we tell Tom now?
इटली की राजधानी रोम है।	The capital of Italy is Rome.
टॉम घर छोड़ना चाहता है।	Tom wants to leave the house.
तुम यूरोप कब जा रहे हो?	When are you going to Europe?
आप विदेश में कबसे हैं?	How long have you been abroad?
मैं कल अमेरिका जाऊँगी।	I will go to America tomorrow.
सारे फूल मुरझा गए हैं।	The flowers have all withered.
उनसे ग़लती हो गई होगी।	They must have made a mistake.
ऐसे लोग कम ही होंगे।	There are few, if any, such men.
मैंने तो मज़ाक के तौर पर कहा था।	I meant it as a joke.
क्या मैं आपकी मदद कर सकता हूँ ?	Can I give you a hand?
क्या तुम्हें यह किताब पसंद है ?	Do you like this book?
वो फ़र्निचर का व्यापार करता है।	He deals in furniture.
मैंने टॉम के लिए एक कॉफी खरीदी।	I bought Tom a coffee.
उन्होंने मदद के लिए आवाज़ लगाई।	They shouted for help.
वह ज़्यादा तेज़ नहीं भाग सकता।	He can't run very fast.
मैंने उस औरत को गुस्सा दिलाया।	I made the woman angry.
स्कूल अप्रैल में शुरू होता है।	School begins in April.
तम्हे क्या करना अच्छा लगता है?	What do you like to do?
मेरे पास ज़्यादा समय नहीं है।	I do not have much time.
मुझे शहर की ज़िन्दगी पसंद है।	I really like city life.
काश मैं तुम्हारी मदद कर सकता।	I wish I could help you.
मैंने बीयर पीना छोड़ दिया है।	I've quit drinking beer.
उसने तुम्हें कुछ बताया क्या?	Did he tell you anything?
वह कभी भी संतुष्ट नहीं होता।	He's always dissatisfied.
मैंने पहला पृष्ठ पढ़ा लिया I	I've read the first page.
क्या तुम्हारे पापा टीचर हैं?	Is your father a teacher?
मेरे पिताजी कैंसर से चल बसे।	My father died of cancer.
ये किताबें काफ़ी पुरानी हैं।	These are very old books.
हमने नदी के किनारे सैर करी।	He walked along the river.
मैंने कल एक किताब खरीदी थी।	I bought a book yesterday.
मुझे पता लगा कि वह कहाँ थी।	I found out where she was.
मैं क्लब जॉइन करना चाहूंगा।	I'd like to join the club.
मेरे कमरे में टीवी नहीं है।	There is no TV in my room.
हमें आपकी चिंता लगी हुई है।	We were worried about you.
मैं रोज़ बीस मील चलता हूँ।	I cover twenty miles a day.
मुझे बहुत मज़ेदार लगती है!	It seems interesting to me.
मुझे बहुत दिलचस्प लगती है!	It seems interesting to me.
यह गाड़ी जापान में बनी थी।	This car was made in Japan.
हमें नहीं पता हम कहाँ हैं।	We don't know where we are.
उसने मुझे वह नियम समझाया।	He explained the rule to me.
वह अपनी क़ब्र खोद रहा है।	He is digging his own grave.
उसने यह किताब कल पढ़ी थी।	He read this book yesterday.
आप यहाँ कितने दिन रहेंगे?	How long will you stay here?
मैं कल उससे मिलने जाऊँगा।	I will call on him tomorrow.
वह मेरे लिए बहुत कठिन था।	It was too difficult for me.
देखो बाहर क्या हो रहा है।	See what's going on outside.
उसने गलत नम्बर मिला डाला।	She dialed the wrong number.
टॉम ने मैरी को सूची देदी।	Tom handed the list to Mary.
आपकी शादी मुश्किल में है।	Your marriage is in trouble.
वह टेनिस अच्छा खेलता है।	He is good at playing tennis.
विवाह एक गंभीर मामला है।	Marriage is a serious matter.
तुम्हें कल आना चाहिए था।	You should've come yesterday.
फ़िल्म देखने चलें क्या?	How about going to the movies?
यह नदी एक मील चौड़ी है।	This river is one mile across.
क्या यह अरेंज मैरिज थी?	Was this an arranged marriage?
पत्र किसको लिखा गया था?	Who was the letter written to?
आपका दल हमसे बेहतर है |	Your team is better than ours.
तुम्हें कैसा रस चाहिए?	What kind of juice do you want?
घर में सब-कुछ ठीक है।	Everything is all right at home.
ये प्रश्न सरल हैं।	These questions are easy to answer.
मैंने उसके बाहर जाने की आवाज़ सुनी।	I heard him go out.
मैं दोपहर बारह बजे खाना खाती हूँ।	I have lunch at noon.
मैं नौ बजे से पहले वापस आ जाऊँगा।	I'll be back by nine.
वे कम-से-कम साठ बरस के तो होंगे।	He must be over sixty.
वह थोड़ी देर में वापस आ रहा है।	He will soon come back.
क्या मैं कमरा साफ़ कर सकती हूँ?	Should I clean my room?
टॉम ने मनोचिकित्सा की पढ़ाई की।	Tom studied psychiatry.
हम अक्सर ग़लतियाँ कर बैठते हैं।	We often make mistakes.
उसने अपने परिवार को छोड़ दिया।	He abandoned his family.
उसने अपने देश को धोखा दे दिया।	He betrayed his country.
उसपर चोरी का इलज़ाम लगाया गया।	He was accused of theft.
वह एक राजा से बहुत ज़्यादा था।	He was more than a king.
वह हमेशा शिकायत करता रहता है ।	He's always complaining.
उसकी कहानी सच्ची नहीं हो सकती।	Her story can't be true.
मुझे दंत चिकित्सक से मिलना है।	I have to see a dentist.
क्या तुम इसे राज़ रख सकते हो?	Can you keep it a secret?
बाहर नहीं जाना चाहते हो क्या?	Don't you want to go out?
वह अभी एक उपन्यास पढ़ रहा है।	He's reading a novel now.
क्या आपके पिताजी अध्यापक हैं?	Is your father a teacher?
हमारी टीम बहुत अच्छी नहीं है।	Our team isn't very good.
टॉम को अच्छे से तैरना आता है।	Tom is able to swim well.
तुम कौनसे स्कूल में पढ़ते हो?	What school do you go to?
उसे अपना स्कूल बहुत पसंद है।	He likes his school a lot.
वह किताब को खरीदना चाहता था।	He wanted to buy the book.
आपके पास कितनी गाड़ियाँ हैं?	How many cars do you have?
आज मैंने एक नया दोस्त बनाया।	I made a new friend today.
काश ये समस्या मुझे हुई होती।	I wish I had this problem.
मुझे इतिहास में दिलचस्पी है।	I'm interested in history.
मेरा भाई टोक्यो में रहता है।	My brother lives in Tokyo.
मेरे पिता शायद सो रहे होंगे।	My father may be sleeping.
यहाँ बीस परिवार बसे हुए हैं।	Twenty families live here.
ईमानदारी सर्वोत्तम नीति है।	Honesty is the best policy.
वह कितने दिनों से बीमार है?	How long has she been sick?
कहा जाता है कि वह बीमार है।	It is said that he is sick.
सब लोगों के लिए एक समान है।	It's the same for everyone.
वह अपने कमरे में रो रही थी।	She was crying in her room.
उस आदमी ने मुझे सर पर मारा।	The man hit me on the head.
यह उपन्यास बहुत रोमांचक है।	The novel is very exciting.
टॉम वह अकेले करना चाहता है।	Tom wants to do that alone.
हमे अपना वादा निभाना चाहिए।	We should keep our promise.
मैंने उसे तीन बार देखा है।	I have seen her three times.
मुझे पता था कि तुम समझोगे।	I knew you would understand.
मानो कोई सपना सच आ गया हो।	It's like a dream come true.
मेरी को स्पा जाना पसंद है।	Mary loves going to the spa.
अब मुझे सब समझ में आता है।	Now I understand everything.
उसने उसको अकेले जाने दिया।	She allowed him to go alone.
यहाँ धूम्रपान करना मना है।	Smoking is not allowed here.
टॉम ने मैरी को सूची सौंपी।	Tom handed the list to Mary.
टॉम ने उसे आग से बचा लिया।	Tom saved her from the fire.
दक्षिण टर्मिनल कहाँ पर है?	Where is the south terminal?
तुम कभी कनाडा गए हो क्या?	Have you ever been to Canada?
वह कल तुमसे मिलने आया था।	He came to see you yesterday.
बोलो तुम्हें कौनसा चाहिए।	Say which one you would like.
उसने मुझसे वह बात छिपाई।	He concealed the fact from me.
मुझे बच्चे को सुलाना है।	I have to put the baby to bed.
कुत्ते को रोज़ खिलाईएगा।	Please feed the dog every day.
वे उसे समझदार मानते हैं।	They consider him intelligent.
टॉम शाम को वापस आ जाएगा।	Tom will be back this evening.
मैं तुमसे खुश नहीं हूँ।	I have a bone to pick with you.
मुझे एक कप कॉफ़ी चाहिए।	I want to have a cup of coffee.
बच्चे पतंग उड़ा रहे थे।	The children were flying kites.
हिरण अकेले दौड़ रहा था।	The deer was running by itself.
विमान तीन बजे पहुँचेगा।	The plane will arrive at three.
मेरी घड़ी ख़राब हो गई।	My watch isn't working properly.
पानी कल बंद हो गया था।	The water was cut off yesterday.
भारत की आबादी क्या है?	What is the population of India?
उनकी शादी टूट रही थी।	Their marriage was falling apart.
कोई भी तुम्हारी सहायता नहीं करेगा।	Nobody will help you.
मोटी मुर्गियाँ कम अंडे देतीं हैं।	Fat hens lay few eggs.
अगर टॉम जाएगा, तो मैं भी जाऊंगा।	If Tom goes, so will I.
उसने विदेश जाने का निर्णय लिया।	He decided to go abroad.
मेरे पास ज़्यादा पैसे नहीं हैं।	I don't have much money.
मेरे पास अभी कोई पैसे नहीं हैं।	I have no money with me.
उसने सफ़ेद कपड़े पहने हुएँ हैं।	She is dressed in white.
तुम कभी भी मदद क्यों नहीं करते?	Why don't you ever help?
उसपर कत्ल का इलज़ाम लगाया गया।	He was accused of murder.
यदि आ सको तो हमारे साथ आ जाना।	If you can, come with us.
क्या तुम्हारे पिताजी टीचर हैं?	Is your father a teacher?
उसने हमें चुप रहने के लिए कहा।	She asked us to be quiet.
दस साल बहुत लम्बा समय होता है।	Ten years is a long time.
खाना अभी तक तैयार नहीं हुआ है।	The food's not ready yet.
कम से कम वह हिस्सा तो सच था ।	At least that part's true.
तुम यहाँ पहले आए हुए हो क्या?	Have you been here before?
हमारे पास कितनी कटोरियाँ हैं?	How many bowls do we have?
मुझे यह साइकिल अब भी पसंद है।	I still love this bicycle.
टॉम खुद को रोने से रोक न सका।	Tom couldn't help but cry.
टॉम रविवार को भी काम करता है।	Tom works on Sundays, too.
आपकी रक्षा करना हमारा काम है।	We're here to protect you.
कौआ कोयले जैसा काला होता है।	A crow is as black as coal.
आपके पास अपौइंटमेंट है क्या?	Do you have an appointment?
उसने मुझसे थोड़े पैसे माँगे।	He asked me for some money.
मुझे वास्तव में ऐसा करना है।	I actually have to do that.
टॉम, मुझे तुमसे बात करनी है।	Tom, I want to talk to you.
तुमने मेरी शादी बचा ली, टॉम।	You saved my marriage, Tom.
हम आखिरकार झील तक पहुँच गए।	At last, we got to the lake.
वह हर रोज़ बेसबॉल खेलता है।	He plays baseball every day.
तकरीबन दस एक अरब येन होंगे?	Is it about ten million yen?
यह सरासर समय की बर्बादी है।	It is a sheer waste of time.
किसी ने दरवाज़े पर खटखटाया।	Someone knocked on the door.
कमरे में तम्बाकू की महक थी।	The room smelled of tobacco.
वे दोनों अच्छे अध्यापक हैं।	They are both good teachers.
टॉम बहुत जिद्दी हो सकता है।	Tom can be awfully stubborn.
टॉम की शादी अक्टूबर में है।	Tom's wedding is in October.
हम चाय चीनी डालकर पीते हैं।	We drink our tea with sugar.
मुझे कॉफ़ी पीना पसंद नहीं।	I don't like to drink coffee.
यह उसकी चिट्ठी का जवाब है।	It's an answer to her letter.
मेज़ के नीचे एक बिल्ली है।	There's a cat under the desk.
उसे मेहनत करने की आदत है।	He is accustomed to hard work.
मैं सफ़र पर उसके साथ गया।	I accompanied him on the trip.
मुझे उसको देखा नहीं जाता।	I can't bear the sight of him.
राजा की देश पर हुकूमत थी।	The king governed the country.
तुम किस तरह का काम करोगे?	What kind of work will you do?
इससे सस्ता वाला है क्या?	Do you have one that's cheaper?
मेरा शौक गिटार बजाना है।	My hobby is playing the guitar.
वह दूर से हसीना लगती है।	She's a beauty from a distance.
कुत्ता रातभर भौंकता रहा।	The dog kept barking all night.
इस कहानी का लेखक कौन है?	Who's the author of this story?
टीवी चालू कर दोगे क्या?	Will you turn on the television?
न वह वहाँ गया, न मैं।	He didn't go there. Neither did I.
जंगल के जानवर मर गए।	The animals in the forest died off.
शेर जंगल का राजा है।	The lion is the king of the jungle.
मैंने तुम्हें बताने की कोशिश करी थी।	I tried to tell you.
यह वही चीज़ है जिसकी मुझे ज़रूरत है।	This is what I need.
वह दिखने में घोड़े की तरह लगता है।	He looks like a horse.
अब मेरे पास बहुत थोड़े पैसे हैं।	I have little money now.
क्या टॉम आपकी कक्षा में नहीं है?	Isn't Tom in your class?
इससे मेरे कोई लेना-देना नहीं है।	It's no concern of mine.
क्या आप काले घोड़े को देखते हो?	Do you see a black horse?
वह कम-से-कम तीस साल का तो होगा।	He can't be under thirty.
वह बहुत सारे लोगों को जानता है।	He knows a lot of people.
मैं तुम्हारे बिना जी नहीं सकता।	I can't live without you.
मैं तुम्हारे बगैर जी नहीं सकती।	I can't live without you.
मैं मेट्रो लेकर स्कूल जाती हूँ।	I go to school by subway.
क्या तुम्हारे पापा अध्यापक हैं?	Is your father a teacher?
तुम पार्टी में आ सकते हो क्या?	Can you come to the party?
मुझे थोड़ा आराम करने का मन है।	I feel like taking a rest.
मैंने गाड़ी को कल ठीक किया था।	I fixed the car yesterday.
मैं मैनेजर से मिलना चाहता हूँ।	I want to see the manager.
मैं मैनेजर से मिलना चाहती हूँ।	I want to see the manager.
उसने मुझे अपनी नई गाड़ी दिखाई।	She showed me her new car.
टॉम और मैरी परेशान लग रहे हैं।	Tom and Mary look worried.
मुझे वापस फ़ोन करना मत भूलना।	Don't fail to call me back.
वह आमतौर पर घर देर से आता है।	He usually comes home late.
मुझसे और काम नहीं किया जाएगा।	I can't take any more work.
मुझे कुछ अंडे खरीदने जाना है।	I need to go get some eggs.
चूहा ज़िन्दा है या मर गया है?	Is the mouse dead or alive?
उसको कहानी पहले से ही पता थी।	She knew the story already.
वह टेनिस बहुत अच्छा खेलती है।	She plays tennis very well.
यह तो बहुत ही अच्छा सुझाव है।	That's really a great idea.
उसे जो डब्बा मिला वह खाली था।	The box he found was empty.
यह पानी पिया नहीं जा सकता है।	The water is not drinkable.
टॉम और मैं दोनों वहाँ रहेंगे।	Tom and I'll both be there.
टॉम अकेले वैसा करना चाहता है।	Tom wants to do that alone.
आप इसके हित में हैं या नहीं?	Are you for or against this?
मैं उसके साथ सैर के लिए गया।	I accompanied her on a walk.
मैं तुमसे ज़्यादा सुंदर हूँ।	I'm more beautiful than you.
लोहा एक बहुत उपयोगी धातु है।	Iron is a very useful metal.
नौ खिलाड़ी एक टीम बनाते हैं।	Nine players make up a team.
वह नगर दो मील की दूरी पर है।	That town is two miles away.
इस मकान में ग्यारह कमरे हैं।	This house has eleven rooms.
टॉम एक मास्टर मैनिपुलेटर है।	Tom is a master manipulator.
टॉम अभी गाड़ी नहीं चला सकता।	Tom isn't able to drive yet.
हम चाय चीनी के साथ लेते हैं।	We drink our tea with sugar.
रेखांकित शब्दों को सुधारिए।	Correct the underlined words.
वह कैनटीन में लन्च खाता है।	He eats lunch at a cafeteria.
इसलिए क्योंकि तुम लड़की हो।	That's because you're a girl.
चट्टान लगभग बिलकुल सीधी है।	The cliff is almost vertical.
घोड़ा बड़े काम का जानवर है।	The horse is a useful animal.
तुम्हें डॉक्टर बुलाना होगा।	You must send for the doctor.
वह समुंदर की ओर चल रहा था।	He was walking toward the sea.
हमारी टीम पहला मैच हार गई।	Our team lost the first match.
इस डब्बे में पाँच सेव हैं।	This box contains five apples.
आज मेरी बहन का जन्मदिन है।	Today is my sister's birthday.
वह नतीजे के लिए बेचैन है।	He is anxious about the result.
मुझे नहीं पता वह कब आएगा।	I don't know when he will come.
यहाँ पर कल फिर मिलते हैं।	Let's meet here again tomorrow.
यहाँ एक चर्च हुआ करता था।	There used to be a church here.
यह मेरी बहन की तस्वीर है।	This is a picture of my sister.
टॉम मुझे सब कुछ बताता था।	Tom used to tell me everything.
वह अगले स्टॉप पर उतर गई।	She got off at the next station.
ट्रेन हल्के से आकर रुकी।	The train came to a smooth stop.
सम्मेलन कल समाप्त होगा।	The conference will end tomorrow.
मुझे गुफ़ा में ये मिला।	This is what I found in the cave.
वह काम खतम कर चुकी है।	She has already finished the work.
वह आज भी एक रहस्य है।	The mystery still remains unsolved.
कल वह चाँद पर उतरेगा।	Tomorrow, he will land on the moon.
क्या मैं तुम्हारी मदद कर सकता हूँ ?	Can I give you a hand?
क्या तुम भगवान में विश्वास करते हो?	Do you believe in God?
मैंने नदी में छलाँग लगाकर डुबकी ली।	I dove into the river.
क्या कोई तुम्हारा यकीन कर सकता है?	Can anyone believe you?
मुझे चाय से ज़्यादा कॉफ़ी पसंद है।	I prefer coffee to tea.
मैं तुम्हारे बारे में सोच रहा हूँ।	I'm thinking about you.
उसको फ़ुटबॉल खेलना अच्छा लगता है।	He likes playing soccer.
तू कभी भी मदद क्यों नहीं करता है?	Why don't you ever help?
इन दोनों में से किसी एक को चुनो।	Choose between these two.
तुमने अपना होमवर्क कर लिया क्या?	Did you do your homework?
उसने लिफ़ाफ़े को काटकर खोल दिया।	He cut the envelope open.
हम भारत से चाय का आयात करते हैं।	We import tea from India.
उसने अंग्रेज़ी सीखना शुरू किया।	He began to learn English.
वह मेरे पड़ोसियों में से एक है।	He is one of my neighbors.
मुझे इसे टॉम को वापस करना पड़ा।	I had to return it to Tom.
मैंने उसे हाल में नहीं देखा है।	I haven't seen him lately.
काश ये मुसीबत मेरे पल्ले पड़ती।	I wish I had this problem.
क्या मैं चंद सवाल पूछ सकती हूँ?	May I ask a few questions?
तुम मुझसे क्या करवाना चाहते हो?	What do you want me to do?
कपड़े बदलने का कमरा कहाँ पर है?	Where's the changing room?
मेरे लिए थोड़ी जगह बनाओगे क्या?	Will you make room for me?
दरवाज़े पर एक आदमी दिखाई दिया।	A man appeared at the door.
हमारे पास कितनी कुर्सियाँ हैं?	How many chairs do we have?
मुझे इन सभी चीजों की जरूरत है।	I need the following items.
मेरी बुआ-जी मेरे लिए फूल लाईं।	My aunt brought me flowers.
तुम हमेशा शिकायत करते रहते हो।	You are always complaining.
थोड़ा धीरे बोल सकते हैं क्या?	Could you speak more slowly?
तुम्हारे पास कोक-शोक है क्या?	Do you have any soft drinks?
उसका पर्स उससे चुरा लिया गया।	She was robbed of her purse.
अंग्रेज़ी बोलना आसान नहीं है।	Speaking English isn't easy.
तुम विदेश जाना चाहती हो क्या?	Would you like to go abroad?
तुम्हें भाषण देना होगा क्या?	Do you have to make a speech?
आपने कभी किताब लिखी है क्या?	Have you ever written a book?
उसे ये कमीज़ें धुलवानीं हैं।	He wants these shirts washed.
मैं नहीं चाहता था कि ऐसा हो।	I didn't want this to happen.
एक भाषा कभी काफ़ी नहीं होती।	One language is never enough.
उनकी मौत कल दोपहर को हुई थी।	She died yesterday afternoon.
जहाज़ बमबई के लिए रवाना हुआ।	The ship set sail for Bombay.
टॉम व्यायाम नहीं करना चाहता।	Tom doesn't want to exercise.
वह तीन घंटों में वापस आएगा।	He will return within 3 hours.
मैं हर दूसरे दिन नहाता हूँ।	I take a bath every other day.
रोगी ने अपनी आखरी साँस भरी।	The patient breathed his last.
आज मेरी दीदी का जन्मदिन है।	Today is my sister's birthday.
टॉम मुझसे दूर नहीं भाग सका।	Tom couldn't run away from me.
मुझे डर है की टॉम आ जाएगा।	I'm afraid that Tom might come.
टॉम अपना कोट नीचे भूल गया।	Tom forgot his coat downstairs.
टॉम कहीं और जाना चाहता है।	Tom wants to go somewhere else.
इस उपन्यास का लेखक कौन है?	Who is the author of the novel?
वह ग़लती करने से डरता है।	He is afraid of making mistakes.
उसने एक किलो मक्खन खरीदा।	She bought two pounds of butter.
भारत की जनसंख्या क्या है?	What is the population of India?
तुम दफ़्तर क्यों नहीं गए?	Why didn't you go to the office?
वह मुझसे दो साल छोटी है।	She is two years younger than me.
उस दिन हवा बहुत तेज़ थी।	There was a strong wind that day.
मैं कल गाँव जा रहा हूँ।	I'm going to the village tomorrow.
कितने सैंडविच बचे हैं?	How many sandwiches are there left?
समस्या पर बहस जारी है।	The problem is being discussed now.
वह अचानक से हँस पड़ी।	All of a sudden, she began to laugh.
टॉम मैरी का जेठ है।	Tom is Mary's husband's older brother.
मैं वही करता हूं जो मुझे बताया जाता है।	I do what I'm told.
मैं वही करती हूं जो मुझे बताया जाता है।	I do what I'm told.
क्या आप प्रत्येक दिन जॉगिंग करते हैं?	Do you jog every day?
मुझे पता है कि टॉम को नीन्द आ रही है।	I know Tom is sleepy.
उसने हमारा प्रस्ताव स्वीकार कर लिया।	He accepted our offer.
यह रेशम छूने में बहुत नर्म लगता है।	This silk feels smooth.
दूध जल्दी से खराब हो जाता है क्या?	Does milk spoil quickly?
टॉम ने कोशिश की लेकिन वह असफल रहा।	Tom tried but he failed.
मुझे अंग्रेज़ी और संगीत पसंद हैं।	I like English and music.
मैं टैक्सी का इंतेज़ार कर रहा था।	I was waiting for a taxi.
क्या तुम्हारे पिताजी अध्यापक हैं?	Is your father a teacher?
उसने बच्चे को रोते हुए छोड़ दिया।	She left the baby crying.
मुझे शादी के बारे में सब पता है।	I know all about marriage.
स्कूल साढ़े-आठ बजे शुरू होता है।	School begins at 8:30 a.m.
तुम्हारे पास एक कुत्ता है, है न?	You keep a dog, don't you?
वह कभी-कभार मुझसे मिलने आता था।	He occasionally visited me.
तुम्हारे पास कितनी किताबें हैं?	How many books do you have?
मुझे अंग्रेज़ी में दिलचस्पी है।	I am interested in English.
मैंने दो दर्जन पेनसिलें खरीदीं।	I bought two dozen pencils.
मैं टॉम और जॉन के बीच में बैठा।	I sat between Tom and John.
मैं ४ जून, १९७४ को पैदा हुआ था।	I was born on June 4, 1974.
इस दवाई का स्वाद बहुत कड़वा है।	The medicine tastes bitter.
उसके जूतों पर कीचड़ लगी हुई थी।	The mud clung to his shoes.
टॉम ने जिम्मेदारी का दावा किया।	Tom claimed responsibility.
फ़्रान्स पश्चिमी यूरोप में है।	France is in Western Europe.
वह लम्बी सांस नहीं ले पाता था।	He could not breathe deeply.
मैं जानता था कि तुम समझ जाओगे।	I knew you would understand.
मैं तुमसे ज़्यादा खूबसूरत हूँ।	I'm more beautiful than you.
यह मेरे लिए करना बहुत आसान था।	It was easy for me to do so.
हमें अपने खर्चे कम करने होंगे।	Let's cut down our expenses.
तुम हमसे मिलने क्यों नहीं आते?	Why don't you come visit us?
उसने पिछले साल स्कूल बदला था।	He changed schools last year.
उसने अपने ही घर को आग लगा दी।	He set fire to his own house.
मुझे इसे टॉम को वापस देना था।	I had to give it back to Tom.
यह टॉम के लिए उचित नहीं होगा।	That wouldn't be fair to Tom.
टॉम का बुखार बढ़ता जा रहा है।	Tom's fever is getting worse.
तुम्हें फ़िल्म देखनी चहिए थी।	You should've seen the movie.
मुझसे यह ठंड सही नहीं जाएगी।	I can't put up with this cold.
उसने कुछ मिनटों के लिए सोचा।	She thought for a few minutes.
जंग हमारे हित में जा रहा है।	The war is going in our favor.
जो हो चुका है सो हो चुका है।	What is done cannot be undone.
उसने कोआले की तस्वीर खींची।	He took a picture of the koala.
मैं लगभग हर रोज़ नहाता हूँ।	I take a bath almost every day.
शादी कुछ लोगों को डराती है।	Marriage frightens some people.
थोड़ी ऊँची आवाज़ में बोलिए।	Please speak in a louder voice.
अपनी कमीज़ उतार कर लेट जाओ।	Remove your shirt and lie down.
उस गाड़ी ने बहुत धूल उड़ाई।	The car raised a cloud of dust.
अंग्रेज़ी वैश्विक भाषा है।	English is the world's language.
पतंग पेड़ में जाकर अटक गई।	The kite got caught in the tree.
जब वह आया मैं नहा रहा था।	I was taking a bath when he came.
उस पहाड़ की चोटी चपटी है।	The top of that mountain is flat.
ये पेड़ उन्होंने लगाए थे।	These trees were planted by them.
आठ से दस बजे के बीच हुआ।	It happened between eight and ten.
आठ से दस बजे के बीच हुई।	It happened between eight and ten.
कल मौसम अच्छा होगा क्या?	Will the weather be good tomorrow?
बच्चा पालनी में सो गया।	The baby fell asleep in the cradle.
कोई और ये नहीं समझता।	No one else would've understood this.
डिनर किसके साथ करोगे?	Who are you going to eat dinner with?
मुझे जीव विज्ञान कभी भी पसंद नहीं था।	I never liked biology.
तुम्हें यह करने के लिए बताया गया था?	Were you told to do so?
मुझे अंग्रेज़ी पढ़ना अच्छा लगता है।	I like studying English.
मेरी बहन की टांगें बहुत लम्बीं हैं।	My sister has long legs.
इस आदमी के पास बहुत सारे कर्ज़ हैं।	That man has many debts.
उन्होंने अनाथ बच्चे को गोद ले लिया।	They adopted the orphan.
आपको ऐमब्यूलेंस की ज़रूरत है क्या?	Do you need an ambulance?
मैं टैक्सी की प्रतीक्षा कर रहा था।	I was waiting for a taxi.
पाँच से दस को जोड़ना बहुत आसान है।	It's easy to add 5 to 10.
टॉम ने कभी मुझ पर भरोसा नहीं किया।	Tom has never trusted me.
वह ज़्यादा तेज़ नहीं भाग सकता था।	He couldn't run very fast.
हो सकता है कि उसकी कहानी सच न हो।	His story may not be true.
मैं आमतौर पर आठ बजे उठा करता हूँ।	I usually get up at eight.
मैं अपने होमवर्क में लगा हुआ हूँ।	I'm busy with my homework.
वह अपने कुत्ते को खिलाना भूल गई।	She forgot to feed her dog.
टॉम अपने दोस्तों के साथ रहता है।	Tom lives with his friends.
एक दिन में चौबीस घंटे होते हैं।	A day has twenty-four hours.
उसने अचानक से दरवाज़ा बंद किया।	He closed the door suddenly.
मैं कल तुम्हारे पिताजी से मिला।	I met your father yesterday.
कृपया धीमी आवाज़ में बात कीजिए।	Please speak in a low voice.
तुम उस ड्रेस में अच्छी लगती हो।	You look nice in that dress.
उसकी यादें हमेशा जीवित रहेंगी।	His memory will live forever.
विवाह स्वर्ग में किए जाते हैं।	Marriages are made in heaven.
मेरे भाई की याददाश्त अच्छी है।	My brother has a good memory.
कृपया पाँच मिनट इंतेज़ार करें।	Please wait for five minutes.
उसने लड़के की आँखों में देखा।	He looked into the boy's eyes.
उसने मक्खन को ब्रेड पर लगाया।	He spread butter on the bread.
मुझे आपकी मदद करके खुशी होगी।	I will be pleased to help you.
वह चिट्ठी को डाक करना भूल गई।	She forgot to mail the letter.
गुलदान टूट कर चूर-चूर हो गया।	The vase was broken to pieces.
मुझसे पूछने वाले हो या नहीं?	Are you going to ask me or not?
मानो या न मानो, यह तो सच है।	Believe it or not, that's true.
वो बस से आया था कि ट्रेन से?	Did he come by bus or by train?
उसका बर्ताव आज बहुत अजीब है।	His behavior is very odd today.
मैं ऐसी जिंदगी नहीं जी सकता।	I can't live that kind of life.
किसी ने मेरी पतंग काट ली है।	Someone has cut my kite string.
तुम आज सुबह देर से क्यों आए?	Why were you late this morning?
आप इस घर के मालिक हैं क्या?	Are you the owner of this house?
मुझे एक गिलास पानी देदीजिए।	Please give me a glass of water.
यहाँ तैरना बहुत ख़तरनाक है।	Swimming here is very dangerous.
अपने हाथ इस तौलिए से पोंछो।	Wipe your hands with this towel.
मेरे साथ नाचना चाहोगी क्या?	Would you like to dance with me?
वह हर सुबह अखबार पढ़ता है।	He reads the paper every morning.
वह जापान से होकर भारत गया।	He went to India by way of Japan.
लगता है कि तुम भारत के हो।	It looks like you are from India.
उनकी शादी अगले महीने होगी।	They will get married next month.
सबसे बुरा क्या हो सकता है?	What's the worst that can happen?
ग़लतियाँ करने से मत डरो।	Don't be afraid of making mistakes.
यह एक अच्छा अखबार है ना?	This is a good newspaper, isn't it?
हम इस विषय पर सहमत हैं।	We are in agreement on this subject.
हमने उसके प्रस्ताव को स्वीकार कर लिया।	We accepted his offer.
तुम्हारे बाल कुछ ज़्यादा ही लम्बे हैं।	Your hair is too long.
मैं आपका पासपोर्ट देख सकता हूँ क्या?	Can I see your passport?
तुम अंग्रेज़ी नहीं बोल सकते हो क्या?	Can't you speak English?
उसे ज़ुकाम बहुत आसानी से हो जाता है।	He catches colds easily.
मैं आपको थोड़ी देर बाद फ़ोन करूँगा।	I'll call you back later.
हमारे पास पीने के लिए पानी नहीं था।	We had no water to drink.
आपके पास इससे बड़े नाप का है क्या?	Do you have a larger size?
उसने खिड़की पर ज़ोर लगाकर खटखटाया।	He hammered at the window.
वह उस दुर्घटना का चश्मदीद गवाह था।	He witnessed the accident.
मैंने टॉम को हाल में नहीं देखा है।	I haven't seen Tom lately.
मैंने उसे दस डॉलर के लिए बेच दिया।	I sold it for ten dollars.
वह क्लास में हमेशा देर से आता है।	He's always late for class.
वह जो भी कहे, मुझे उस पर यकीन है।	I believe whatever he says.
मुझे इन सभी चीजों की आवश्यकता है।	I need the following items.
मैं एक बूढ़े आदमी की तलाश मे हूँ।	I'm looking for an old man.
तुम मेरी बात सुनते क्यों नहीं हो?	Why don't you listen to me?
तुमने दरवाज़ा क्यों बंद कर दिया ?	Why have you shut the door?
उसका जन्मदिन इक्कीस अगस्त को है।	His birthday is August 21st.
मैंने उसे पहले कभी नहीं देखा था।	I had never seen him before.
कृपया हल्की आवाज़ में बात कीजिए।	Please speak in a low voice.
उस दिन के लिए बहुत बहुत धन्यवाद।	Thank you for the other day.
तुम्हारे गुलाब खिल गए हैं क्या?	Have your roses come out yet?
उसकी डॉक्टर बनने की अभिलाषा है।	He wishes to become a doctor.
मैंने दूध की दो बोतलें ख़रीदीं।	I bought two bottles of milk.
मेरी नानी धीरे-धीरे बोलतीं हैं।	My grandmother speaks slowly.
चाय भारत में बहुत उगाई जाती है।	Tea is widely grown in India.
खाना खाने से पहले अपने हाथ धोओ।	Wash your hands before meals.
आप विदेश में किता समय रहे हैं?	How long have you been abroad?
मेरी दोनो बहनें शादीशुदा हैं।	Both of my sisters are married.
क्या आपको गाड़ी चलाना आता है?	Do you know how to drive a car?
मैं कल उससे मिलने जा रहा हूँ।	I'm going to meet him tomorrow.
वह एक बहुत ही खूबसूरत औरत है।	She is a woman of great beauty.
यह मेरा है और वह तुम्हारा है।	This is mine, and that's yours.
हम सब किसी दिन मरने वाले हैं।	We're all going to die someday.
इसे जल्द-से-जल्द ख़त्म करो ।	Finish this as soon as possible.
वह फ़्लैट में अकेले रहती है।	She lives in an apartment alone.
घड़ी पर अभी अभी तीन बजे हैं।	The clock has just struck three.
जितना ऊँचा कूद सकते हो कूदो।	Try to jump as high as possible.
हम वहाँ तीन बार खा चुके हैं।	We have eaten there three times.
मुझे एक जरूरी कॉल करनी है ।	I have an important call to make.
वह अफ़वाह किसी हद तक सच है।	The rumor is true to some extent.
हम जंगल में सैर करने गए थे।	We went for a walk in the forest.
एक और गिलास चाय लेंगे क्या?	Will you have another cup of tea?
वह वहाँ उस घर में रहता है।	He lives in that house over there.
वह अपनी माँ जैसी सुंदर है।	She is as beautiful as her mother.
इस महीने दो क़त्ल हुए हैं।	There were two murders this month.
तुम नाश्ता कितने बजे लोगे?	What time will you have breakfast?
वह खबर सुनकर हैरान रह गई।	She was very surprised at the news.
गड्ढा पाँच फ़ुट चौड़ा है।	The hole is about five feet across.
मैं कल कनाडा वापस आऊँगा।	I will come back to Canada tomorrow.
टीवी का रिमोट कहाँ है?	Where's the remote control for the TV?
टॉम ने कभी मुझ पर विश्वास नहीं किया।	Tom has never trusted me.
भूख ने उसे चोरी करने पर मजबूर किया।	Hunger drove him to steal.
मेरी बीवी को बिल्लियों से नफ़रत है।	My wife really hates cats.
मुझे अपनी एक अटैची मिल नहीं रही है।	One of my bags is missing.
स्मॉग से पेड़-पौधों की मौत होती है।	Smog causes plants to die.
राजा ने अपनी ताकत का दुरुपयोग किया।	The king abused his power.
मैं उसका बिलकुल भी यकीन नहीं करता।	I don't believe him at all.
मैं काम के बाद सीधे घर जा रहा हूं।	I go home right after work.
मैं शहर का नक्शा खरीदना चाहता हूँ।	I'd like a map of the city.
टॉम शायद तुमसे प्यार नहीं करता है।	Maybe Tom doesn't love you.
अगली बार अपनी बहन को भी साथ लाना।	Bring your sister next time.
क्या तुम मुझे उड़ना सिखा सकते हो?	Can you teach me how to fly?
मुझे उसकी चिट्ठी का जवाब देना है।	I have to answer his letter.
मैंने उसे सड़क पार करते हुए देखा।	I saw him crossing the road.
मैं इस रविवार को ड्यूटी पर हूँगा।	I'll be on duty this Sunday.
इसका तुमसे कोई लेना-देना नहीं है।	That's no business of yours.
तुम कभी अफ़्रीका गए हुए हो क्या?	Have you ever been to Africa?
आप कभी अफ़्रीका गए हुए हैं क्या?	Have you ever been to Africa?
उसके कपड़े हमेशा बदबू करतें हैं।	His clothes always smell bad.
मैं वहाँ दसियों बार जा चुका हूँ।	I went there dozens of times.
मैंने पूरे दिन खेत में काम किया।	I worked on the farm all day.
मुझे इसपर उतना आश्चर्य नहीं हुआ।	I'm not that surprised by it.
उन्होंने अपने देश को त्याग दिया।	They abandoned their country.
टॉम का ऑस्ट्रेलिया में एक घर है।	Tom has a house in Australia.
वह सोमवार को न्यूयॉर्क चला गया।	He went to New York on Monday.
मैं रविवार को काम पर नहीं जाता।	I don't go to work on Sundays.
मैं नौकरी बदलने की सोच रही हूँ।	I'm thinking of changing jobs.
मुझे रात भर काम करने की आदत है।	I'm used to working all night.
उसे किसी भी चीज़ का डर नहीं है।	She is not afraid of anything.
चीनी गरम कॉफ़ी में घुल जाती है।	Sugar dissolves in hot coffee.
चीनी गर्म कॉफी में घुल जाती है।	Sugar dissolves in hot coffee.
यह नियम तुम पर भी लागू होता है।	This rule applies to you, too.
टॉम यहाँ अकेला कनाडा निवासी है।	Tom is the only Canadian here.
मुझे अब चाबी मिल सकती है क्या?	Can I have the key now, please?
क्या तुमको गाड़ी चलाना आता है?	Do you know how to drive a car?
पतंग उड़ाना खतरनाक हो सकता है।	Flying a kite can be dangerous.
चलो छाया में थोड़ा आराम करलें।	Let's take a rest in the shade.
धरती सूरज की परिक्रमा करती है।	The earth moves around the sun.
तुम्हें जो अच्छा लगता है लेलो।	You may take anything you like.
तुम्हें इसे राज़ रखना चहिए था।	You should have kept it secret.
इस बात को बच्चे भी समझते हैं।	Even children can understand it.
तारीखे याद करना आसान नहीं है.	It's not easy to memorize dates.
लड़का मुझको देखते ही भाग गया।	The boy ran away when he saw me.
यह रेस्टोरेंट काफ़ी महंगा है।	This restaurant's too expensive.
हम नाव में नदी को पार करेंगे।	We'll cross the river in a boat.
क्या झूठ हमेशा बुरा होता है?	Is it always a sin to tell a lie?
मुझे लगता है कि तुम ग़लत हो।	It seems to me that you're wrong.
वह डब्बा इस वाले से बड़ा है।	That box is bigger than this one.
टॉम में सहानुभूति की कमी है।	Tom is sorely lacking in empathy.
सब्ज़ियों के दाम बढ़ गए हैं।	Vegetables have gone up in price.
वह लंदन तीन बार जा चुका है।	He has been to London three times.
वह एक अनुकरणीय प्रदर्शन था!	That was an exemplary performance!
पहाड़ पर बर्फ़ बिछी हुई है।	The mountain is covered with snow.
आप रोज़ कितने बजे उठते हैं?	What time do you get up every day?
तुम रोज़ कितने बजे उठते हो?	What time do you get up every day?
उसने बच्चे को आग से बचाया।	He rescued the child from the fire.
तुम आज सुबह यहाँ क्यों आए?	Why did you come here this morning?
कल उसने रातभर पढ़ाई की।	Last night, he studied all night long.
यह कपड़ा बहुत रेशमी है।	This cloth is really smooth and silky.
मुझे यहाँ पर अजनबी के जैसा महसूस होता है।	I am a stranger here.
वह मेरे लिए एक नन्हा सा खिलौना खरीद लाई।	She got me a tiny toy.
हो सके तो मैं उससे मिलना नहीं चाहूँगा।	I'd rather not meet him.
हो सके तो मैं उससे मिलना नहीं चाहूँगी।	I'd rather not meet him.
जब बारिश होती है, तो ज़बरदस्त होती है।	When it rains, it pours.
तुम्हें यहाँ इंतेज़ार नहीं करना चाहिए।	You shouldn't wait here.
तुम कितनी देर से प्रतीक्षा कर रहे हो?	How long have you waited?
मेरी एक पुराने दोस्त से मुलाक़ात हुई।	I ran into an old friend.
मैं टॉम को बोलते हुए सुनना चाहता हूँ।	I want to hear Tom speak.
पुलीस ने टॉम को गिरफ़्तार किया क्या?	Did the police arrest Tom?
तुम परियों में विश्वास करते हो क्या?	Do you believe in fairies?
तुम परियों में विश्वास करती हो क्या?	Do you believe in fairies?
मैं अपनी माँ का इंतेज़ार कर रहा हूँ।	I'm waiting for my mother.
दूसरों की बुराई कभी नहीं करनी चाहिए।	Never speak ill of others.
हमने दरवाज़े को हरे रंग से पोत दिया।	We painted the door green.
तुम्हारा सबसे पसंदीता खाना कौनसा है?	What's your favorite food?
उसने दरवाज़े के पास एक कुत्ता देखा।	He saw a dog near the door.
टॉम को सचमुच तुम्हारी सहायता चाहिए।	Tom really needs your help.
उसने अपना नाम दोबारा धीरे से बोला।	He repeated his name slowly.
उसने आमंत्रण को स्वीकार नहीं किया।	She declined the invitation.
मेक्सिको में स्पैनिश बोली जाती है।	Spanish is spoken in Mexico.
यह गाना मुझे टॉम की याद दिलाता है।	This song reminds me of Tom.
तुम यहाँ किसी से मिल रहे हो क्या?	Are you meeting someone here?
फ़ुटबॉल मेरा सबसे पसंदीता खेल है।	Football is my favorite game.
मैं तुम्हें यह करने नहीं दे सकता।	I can't allow you to do that.
मुझे अभी खाना खाने का मन नहीं है।	I don't feel like eating now.
वह थोड़ी देर में ही वापस आ जाएगी।	She will be back before long.
टॉम इस इवेंट का आयोजन कर रहे हैं।	Tom is organizing this event.
टॉम ने वादा किया कि वह बदल जाएगा।	Tom promised he would change.
जाओ और अपने दोस्तों के साथ खेलो।	Go and play with your friends.
उसने मेरी जवानी का फ़ायदा उठाया।	He took advantage of my youth.
मुझे नहीं पता वह कैसे निकल भागा।	I have no idea how he escaped.
मैं ट्राफ़िक जाम में फँस गया था।	I was caught in a traffic jam.
मैं ट्रैफ़िक जैम में फँस गया था।	I was caught in a traffic jam.
मैं ऐसा किसी के साथ नहीं करुंगा।	I wouldn't do that to anybody.
मैं ऐसा किसी के साथ नहीं करुंगी।	I wouldn't do that to anybody.
वह किसी भी चीज़ से नहीं डरती है।	She is not afraid of anything.
तुम आमतौर पर कितने बजे सोते हो ?	When do you usually go to bed?
आपने अपनी नौकरी छोड़ दी, हैं ना?	You quit your job, didn't you?
तुमने अपनी नौकरी छोड़ दी, है ना?	You quit your job, didn't you?
वह बीमारी की वजह से नहीं आ सका।	His absence was due to illness.
मैं तो बस एक गरीब किसान ही हूँ।	I'm nothing but a poor peasant.
क्या पैसे उधार लिए जा सकते हैं?	Is it possible to borrow money?
जितनी किताबें पढ़ सकते हो पढ़ो।	Read as many books as possible.
ये जूते मेरे लिए बहुत बड़े हैं।	These shoes are too big for me.
अचानक उसे एक अच्छा आइडिया आया।	A good idea suddenly struck her.
तुम्हारे बदले मैं वहाँ जाऊँगा।	I will go there in place of you.
मैं कल टॉम की मदद नहीं करूंगा।	I won't be helping Tom tomorrow.
मैं कल टॉम की मदद नहीं करूंगी।	I won't be helping Tom tomorrow.
क्या हमें कुछ करना नहीं चाहिए?	Shouldn't we be doing something?
वे डूबते हुए जहाज़ से निकल गए।	They abandoned the sinking ship.
जो अखबार में लिखा है वह सच है।	What the newspapers say is true.
मैं तुमसे बात करना चाहता हूँ।	I'd like to have a word with you.
जापान में रहना बहुत महंगा है।	It is expensive to live in Japan.
हमारी मुलाकात ग़लती से हो गई।	Our meeting was quite accidental.
वह दस भाषाएँ बोलना जानता है।	He is able to speak ten languages.
मैं उतनी देर रुक नहीं सकता।	I don't think I can wait that long.
इस दवाई को हर छः घंटे लेना।	Take this medicine every six hours.
वह धीरे-धीरे ठीक हो जाएगा।	He will get better little by little.
प्लान अब तक कामयाब रहा है।	The plan has been successful so far.
तुम कॉलेज जाकर क्या करोगे?	What are you going to do in college?
जहाज़ में कितने लोग हैं?	How many people are on board the ship?
आज ट्रेन दस मिनट लेट है।	The train is ten minutes behind today.
थोड़ा और नमक डाल दोगे?	How about adding a little bit more salt?
उसने अपनी बंदूक का निशाना मुझपर लगाया।	He leveled his gun at me.
माफ़ किजिए, पर मैं आपसे सहमत नहीं हूँ।	I beg to differ with you.
मैं तुम्हें थोड़ी देर में फ़ोन करूँगा।	I'll call you back later.
यह तुम्हारी सेहत के लिए अच्छा नहीं है।	It's not healthy for you.
मैं तुम्हारे साथ सफ़र करना चाहता हूँ।	I want to travel with you.
मैं तुम्हें फिरसे देखकर बहुत खुश हूँ।	I'm glad to see you again.
मेरे पिता ने सिगरेट पीना बंद कर दिया।	My father stopped smoking.
मैं आमतौर के मुकाबले में देर से आया।	I arrived later than usual.
तुम्हारे पास टिकटें बचीं हैं क्या?	Do you have any tickets left?
अमेरिका में अंग्रेजी बोली जाती है।	English is spoken in America.
वे काम से शहर से बाहर गए हुएँ हैं।	He's out of town on business.
मैं उस बारे में कुछ बोल नहीं सकता।	I can't really talk about it.
मेरे पापा अभी अभी घर वापस आएँ हैं।	My father has just come home.
हमारे साथ (रात का) खाना खाएँगे ना?	Won't you join us for dinner?
इस द्वीप पर बहुत कम लोग रहते हैं।	Few people live on the island.
उसने बहुत सी महंगी चीज़ें खरीदीं।	He made many costly purchases.
मुझे नहीं पता कि वह आएगी कि नहीं।	I don't know if she will come.
मुझे पूरी रात काम करने की आदत है।	I'm used to working all night.
उसकी नौकरी का कोई भविष्य नहीं है।	There is no future in his job.
खैर, आप किसका इंतज़ार कर रहे हैं?	Well, what're you waiting for?
होनी को अनहोनी नहीं किया जा सकता।	What is done cannot be undone.
कारोबार में आजकल मंदी पड़ गई है।	Business is so slow these days.
क्या तुम्हें गाड़ी चलाना आता है?	Do you know how to drive a car?
तुम्हें अपने अँडे कैसे पसंद हैं?	How do you like your eggs done?
मैंने उसे बस में छोड़ दिया होगा।	I must have left it on the bus.
मेरी को राजनीति में दिलचस्पी है।	Mary is interested in politics.
वे आखिरकार नज़र से बाहर निकल गए।	They went out of sight at last.
हम विश्व शांति के लिए तत्पर हैं।	We are anxious for world peace.
मुझे घर में थोड़ा काम करना है I	I have some stuff to do at home.
मुझे हमारी पहली मुलाकात याद है।	I remember when I first saw you.
मैं तुम्हें कुछ बताने वाला हूँ।	I'm going to tell you something.
आसमान में दो कौवे उड़ रहें हैं।	Two crows are flying in the sky.
तुम्हारे पास भाई-बहन हैं क्या?	Do you have brothers and sisters?
उसने लगभग रोज़ मुझे फ़ोन किया।	He called me up almost every day.
मुझे टॉम से दूर रहना चाहिए था।	I should've stayed away from Tom.
मैं अगले सोमवार आके ले जाऊंगा।	I'll come pick it up next Monday.
मैं टीवी देख देखकर थक गया हूँ।	I'm tired of watching television.
उन्हें अपनी टीचर से डाँट पड़ी।	They were scolded by the teacher.
टॉम तीस मिनट में निकल रहा है ।	Tom is leaving in thirty minutes.
तुम चलने के लिए तैयार कब होगे?	When will you get ready to leave?
मुझे मूर्ख बनना पसंद नहीं है।	I don't like being made a fool of.
भारत की राजधानी नई दिल्ली है।	New Delhi is the capital of India.
धूम्रपान आपको हानि पहुँचाएगा।	Smoking will do you a lot of harm.
इस महीने दो हत्याएँ हुईं हैं।	There were two murders this month.
आज दोपहर बारिश होने वाली है।	It is going to rain this afternoon.
सितारे दिन में नहीं दिखते |	Stars cannot be seen in the daytime.
हम नदी को तैरकर पार कर पाए।	We managed to swim across the river.
गाँव पर गहरा कोहरा छा गया।	A thick mist covered the countryside.
इसको ऐसे करना खतरनाक होगा।	It'll be dangerous to do it that way.
रेलगाड़ी में १५ डब्बे हैं।	The train is made up of fifteen cars.
इस साल बहुत बारिश पड़ी है।	There's been a lot of rain this year.
काम कल तक खतम होना होगा।	The work must be completed by tomorrow.
मुझे प्रतीक्षा करने में कोई आपत्ती नहीं है।	I don't mind waiting.
मुझे किसी के खटखटाने की आवाज़ सुनाई दी।	I heard someone knocking.
मैं वहाँ शाम के पाँच बजे पहुँच जाऊँगा।	I'll be there at five p.m.
हम आपकी रक्षा करने के लिए यहाँ आए हैं।	We're here to protect you.
उसकी मेरी बहन के साथ सगाई हो चुकी है।	He is engaged to my sister.
यहाँ पर मुश्किल से कभी बारिश होती है।	It hardly ever rains there.
मैं पिछले रविवार बाहर नहीं निकला था।	I didn't go out last Sunday.
मुझे नहीं पता कि टॉम को क्या पता है।	I don't know what Tom knows.
मुझे नहीं पता कि उन्हें क्या पता है।	I don't know what they know.
मेरी जीन्स पैंट धुलाई में सिकुड़ गई।	My jeans shrank in the wash.
डॉक्टर साहब, आपका बहुत बहुत धन्यवाद।	Thank you very much, doctor.
आप लोग यहाँ क्या करने के लिए आए हैं?	What have you come here for?
क्या आपको पता है उसने क्या किया है?	Do you know what he has done?
मैं तुम्हारे साथ एक हद तक सहमत हूँ।	I agree with you to a degree.
मैं उसकी सुरक्षा के लिए परेशान हूँ।	I'm anxious about his safety.
सिक्कों को इकट्ठा करना मेरा शौक है।	My hobby is collecting coins.
राजा ने अपने दुश्मनों को कुचल दिया।	The king crushed his enemies.
मेरी घड़ी के हिसाब से चार बजे हैं।	It's four o'clock by my watch.
मेरे लिए टेनिस खेलना बहुत आसान है।	Playing tennis is easy for me.
वह चिट्ठी को डाक में डालना भूल गई।	She forgot to mail the letter.
इस समस्या को सुलझाना बहुत कठिन है।	This problem is hard to solve.
टॉम को पहले ही माफ कर दिया गया है।	Tom has already been forgiven.
टॉम प्रथम श्रेणी के वैज्ञानिक हैं।	Tom is a first-rate scientist.
तुम्हारे घर का फ़ोन नम्बर क्या है?	What's your home phone number?
मेरे घर के पड़ोस में आग लग गई थी।	A fire broke out near my house.
तुम कुछ भी बोलो फ़र्क नहीं पड़ता।	It doesn't matter what you say.
मैं यह किताब तुम्हारे पास छोड़ूँ?	May I leave this book with you?
उसके आने तक यहाँ इंतेज़ार कीजिए।	Please wait here until he comes.
उसने बुरे वक्त के लिए पैसे बचाए।	She saved money for a rainy day.
जल्दी करो नहीं तो बस छूट जाएगी।	Hurry up, or you'll miss the bus.
पता नहीं कैसे पर तुमने कर दिया।	I don't know how, but you did it.
हमारी क्लास में पचास लड़के हैं।	Our class consists of fifty boys.
हमारी कक्षा में पचास लड़के हैं।	Our class consists of fifty boys.
उसने मुझे मेरे पैसे नहीं लौटाए।	She didn't give me my money back.
यह किताब उस किताब से पुरानी है।	This book is older than that one.
टॉम अजीब तरीके से बात करता है ।	Tom has a strange way of talking.
हम झील के पास एक होटल में ठहरे।	We stayed at a hotel by the lake.
मेरे पास कल उसकी एक चिट्ठी आई।	I had a letter from her yesterday.
मैंने प्रथम पुरस्कार जीत लिया।	I was able to win the first prize.
उसकी बात कुछ ही लोगों ने सुनी।	Only a few people listened to him.
यह कहानी फिर से पढ़ने लायक है।	This story is worth reading again.
वह वसीयत बनाए बिना ही मर गया।	He died without having made a will.
उसने दिनों तक खाना नहीं खाया।	He had to go without food for days.
वह अपने भाई से तेज़ भागता था।	He ran faster than his brother did.
मैं उसका दोस्त हूँ और रहूँगा।	I am his friend and will remain so.
एक लम्बा है और दूसरा छोटा है।	One is tall and the other is short.
और-तो-और वह बीमार भी पड़ गया।	To make matters worse, he fell ill.
उसके हिसाब से वह नहीं आ रही।	According to him, she is not coming.
उसको वाक्य समझ में नहीं आया।	He couldn't understand the sentence.
हर इनसान की राय अलग होती है।	Opinions vary from person to person.
हर इनसान की सोच अलग होती है।	Opinions vary from person to person.
मुझे नौवे महीने का नाम बताओ।	Tell me the name of the ninth month.
मानो ना मानो, सच तो यही है।	Believe it or not, this is the truth.
वह सोना का बहाना कर रही थी।	She was only pretending to be asleep.
मैं इस विषय से परिचित हूँ।	I am well acquainted with the subject.
कल उसने पूरी रात पढ़ाई की।	Last night, he studied all night long.
वह कल रात आराम से चल बसीं।	She passed away peacefully last night.
गाँव में सीधे जाते रहिए।	Keep going straight through the village.
एसी बहुत आवाज़ करता है।	The air conditioner makes too much noise.
उसने मुझे ध्यान में लेने से इनकार करदिआ।	She refused to notice me.
आपको लाईन में लगकर इंतेज़ार करना पड़ेगा।	You have to wait in line.
उसने दुर्घटना को अपनी आँखों से देखा था।	He witnessed the accident.
मैं इस कोटे तक भला कैसे पहुंच सकता हूँ?	How can I meet this quota?
मुझे समझ में नहीं आ रहा कि क्या पढ़ूँ।	I don't know what to study.
मुझे नहीं पता कि उसको पता है कि नहीं।	I don't know if he knows it.
मैंने अपना कमरा अभी अभी साफ़ किया है।	I have just cleaned my room.
अंग्रेज़ी बोलना मुश्किल होता है क्या?	Is it hard to speak English?
वह अपने बालों को जूड़े में बाँधती है।	She wears her hair in a bun.
खाना खाने के बाद दाँतों को साफ़ करो।	Brush your teeth after meals.
खाना खाने के बाद दाँतों को ब्रश करो।	Brush your teeth after meals.
मुझे विज्ञान और गणित दोनों पसंद हैं।	I like both science and math.
मैंने उसके साथ तुम्हारा नाम लिया था।	I mentioned your name to him.
घूमफिरकर बात मत करो, सीधे-सीधे बोलो।	Stop beating around the bush.
वे संगीत के बारे में बात कर रहे हैं।	They are talking about music.
तुम्हें फूलों में दिलचस्पी है क्या?	Are you interested in flowers?
मैं ज़्यादा बास्‍केटबॉल नहीं देखता।	I don't watch much basketball.
आइए देखें कि आपके पास वहां क्या है।	Let's see what you have there.
पापा बाथरूम में दाढ़ी बना रहे हैं।	Dad is shaving in the bathroom.
मैंने उससे बैठ जाने का इशारा किया।	I motioned for her to sit down.
मैं टॉम को धन्यवाद कहना चाहता हूं।	I want to say thank you to Tom.
मैं टॉम को धन्यवाद कहना चाहती हूं।	I want to say thank you to Tom.
मैं तुम्हें एक बड़ा फ़ोल्डर दूँगा।	I will give you a large folder.
मुझे टॉम को ढूँढने में समय लग गया।	It took me a while to find Tom.
वे आदमी शेरों का शिकार करने निकले।	The men went hunting for lions.
वह दुकान चमड़े के उत्पाद बेचती थी।	The shop carried leather goods.
टॉम ने कॉलेज से स्नातक कर लिया है।	Tom has graduated from college.
अंग्रेज़ी सारी दुनिया की भाषा है।	English is the world's language.
मैं उसके पिता से मिलना चाहता हूँ।	I would like to meet his father.
मैं तुम्हें कुछ बताने जा रहा हूँ।	I'm going to tell you something.
हम उस पर कितना भरोसा कर सकते हैं?	To what degree can we trust him?
टॉम वहीं खड़ा रहा, कुछ नहीं बोला।	Tom stood there, saying nothing.
हमे यहाँ से समुंदर सुनाई देता है।	We can hear the ocean from here.
हम जल्दबाज़ी में ट्रेन स्टेशन गए।	We hurried to the train station.
रस्सी को पानी में फेंक दिया गया।	A rope was thrown into the water.
उसने चिट्ठी अभी तक नहीं लिखी है।	He hasn't written the letter yet.
वह अमीर है हो है पर कंजूस भी है।	He may be rich, but he is stingy.
उसे केवल एक गोली से मारा गया था।	He was killed by a single bullet.
पता नहीं कैसे पर टॉम ने कर दिया।	I don't know how, but Tom did it.
मैं वहाँ गया क्योंकि मेरा मन था।	I went there because I wanted to.
उन्होंने हमको बहुत कम कष्ट दिया।	They gave us very little trouble.
मैं खुशकिसमत था कि सफ़ल हो गया।	I had the good fortune to succeed.
बहुत कम लोग थे जो वहाँ नहीं गए।	Only a few people didn't go there.
वह सड़क नदी के साथ साथ चलती है।	The road is parallel to the river.
फ़्रांस की महिलाये खूबसूरत हैं।	The women of France are beautiful.
वहाँ मेरे अलावा और कोई नहीं था।	There was no one there besides me.
हमने मुनाफ़े को अपने बीच बाँटा।	We shared the profit among us all.
तुम रोज़ कितने बजे उठा करते हो?	What time do you get up every day?
बर्न स्विजरलैंड की राजधानी है।	Bern is the capital of Switzerland.
तुमने रेडियो पर खबर सुनी क्या?	Did you hear the news on the radio?
उसने भारत में विद्रोह को रोका।	He put down the rebellion in India.
वह थक गया था, तो सोने चला गया।	Since he was tired, he went to bed.
अंग्रेज़ी पढ़ाना उसका पेशा है।	Teaching English is his profession.
इस लड़के के जेब में एक सेव है।	The boy has an apple in his pocket.
क्या मैं दरवाज़ा खोल सकता हूँ?	Would you mind my opening the door?
मेरा एक भाई और दो बहनें हैं।	I've got one brother and two sisters.
लाल छत वाला वह टॉम का घर है।	That's Tom's house with the red roof.
हम उसके घर के सामने मिलेंगे।	We are to meet in front of his house.
वह अफ़वाह एकदम झूठी निकली।	The rumor proved to be an absolute lie.
तुम मुझे पाँच सौ येन उधार दे सकते हो क्या?	Can you lend me 500 yen?
मेरे पास तुमसे मिलने के लिए समय नहीं है।	I have no time to see you.
उसने सिगरेट पीना छोड़ने का फ़ैसला किया।	He decided to quit smoking.
मुझे निम्नलिखित वस्तुओं की आवश्यकता है।	I need the following items.
वह बुखार के साथ बिस्तर में लेटी हुई है।	She is in bed with a fever.
मेरी बात ने उसके अभिमान पर चोट पहुँचाई।	What I said hurt his pride.
वह मुझसे ग़ुलाम की तरह बर्ताव करता है।	He treats me like his slave.
जवाब न देना भी एक तरह का जवाब होता है।	No answer is also an answer.
मैंने किसी को मारने की कोशिश नहीं की।	I didn't try to kill anybody.
मैं ग्यारह बजे की ट्रेन पकड़ रहा हूँ।	I'm catching the 11:00 train.
छोटी उम्र में मरना उसके भाग्य में था।	It was her fate to die young.
उससे बहस करने में कोई फ़ायदा नहीं है।	It's no use arguing with him.
आप अपनी गाड़ी यहाँ खड़ी नहीं कर सकते।	You can't park your car here.
आप बहुत आत्मविश्वासी नहीं लग रहे हैं।	You don't look too confident.
उसने वैसा करा जैसे उसे बताया गया था।	He did it as he had been told.
उसने मेरे जवान होने का फ़ायदा उठाया।	He took advantage of my youth.
उनके पास रहने के लिए कोई घर नहीं है।	They have no house to live in.
उसकी नीली आखें हैं और गोरे बाल हैं।	He has blue eyes and fair hair.
उसने जैसे बताया था मैंने वैसे किया।	I did it the way he told me to.
टॉम नहीं बता सकता था कि वह कहाँ था।	Tom couldn't tell where he was.
तुम्हें दस बजे तक वापस आ जाना होगा।	You must be back by 10 o'clock.
तुम्हें मेरी बात सुन लेनी चाहिए थी।	You should have listened to me.
इसे जितनी जल्दी हो सके ख़त्म करो ।	Finish this as soon as possible.
उसने पीछे मुड़कर मुझपर मुस्कुराया।	He looked back and smiled at me.
मैंने उस घोड़े पर दस डॉलर लगाए थे।	I bet ten dollars on that horse.
मुझे आशा है कि वह निराश नहीं होगा।	I hope he won't be disappointed.
मैं हर सुबह छः बजे उसको उठाती हूँ।	I wake him at six every morning.
उसने मुझको बहुत देर तक घूरकर देखा।	She gazed at me for a long time.
लोग कहते हैं कि इस घर में भूत हैं।	The house is said to be haunted.
तुमने मेरे सामान के साथ क्या किया?	What did you do with my baggage?
मेरे साथ डान्स करना चाहती हो क्या?	Would you like to dance with me?
तुम्हें नियमों का पालन करना चाहिए।	You should conform to the rules.
तुम्हारी साईकल मेरी साईकल जैसी है।	Your bicycle is similar to mine.
मेरे पापा के बाल सफ़ेद हो गए हैं।	My father's hair has grown white.
उसने उससे पैसे जुटाने के लिए कहा।	She asked him to raise the funds.
उसने पूरी ज़िन्दगी शादी नहीं करी।	She remained single all her life.
तुम आज रात पार्टी में जाओगे क्या?	Will you go to the party tonight?
क्या मुझे अस्पताल में रहना होगा?	Do I have to stay in the hospital?
उसको हमेशा पैसों की कमी होती है।	He's always running short of cash.
मुझे लम्बी सैर के बाद भूख लग आई।	I felt hungry after the long walk.
मैं बारिश की वजह से आ नहीं पाया।	The rain prevented me from coming.
वे अंग्रेज़ी सीखने को तैयार हैं।	They are willing to learn English.
हमे गति सीमा का पालन करना चाहिए।	We should observe the speed limit.
अपने सहपाठियों की बुराई मत करो।	Don't speak ill of your classmates.
वह मेरे आस-पड़ोस में नहीं रहता।	He doesn't live in my neighborhood.
मछली बाज़ार में कैसा चल रहा है?	How is it going in the fish market?
उसको अपना भविष्य असुरक्षित लगा।	She felt insecure about her future.
इन सवालों का जवाब देना आसान है।	These questions are easy to answer.
उन्होंने अपने ऊपर मुसीबत बुलाई।	They brought trouble on themselves.
कल मैं पूरे दिन बिस्तर में था।	I was in bed all day long yesterday.
विमान एक घंटे में उड़ान भरेगा।	The plane will take off in one hour.
दुनिया चाय के बिना क्या करेगी?	What would the world do without tea?
वह सड़क के किनारे पर खड़ा था।	He was standing at the street corner.
मैं अपनी कमाई से संतुष्ट हूँ।	I'm satisfied with my current income.
तुम्हारी बारी है। इस तरफ़ आओ।	It's your turn. Please come this way.
यह दवाई दर्द को दूर कर देगी।	This medicine will take the pain away.
टॉम ने ही मुझे राह दिखाई थी।	Tom was the one who showed me the way.
कल तीन आदमी जेल से भाग गए।	Three men broke out of prison yesterday.
पौधे बारिश के बिना मर गए।	Absence of rain caused the plants to die.
मेरे पास आज बहुत काम है।	I have a lot of work to get through today.
उसके पास बहुत सारी इतिहास की किताबें हैं।	He has many history books.
मेक्सिको में स्पैनिश बोली जाती है क्या?	Is Spanish spoken in Mexico?
उस बड़े डब्बे को कोई भी नहीं हिला सकता।	No one can move the big box.
किसी ने भी मेरे सवाल का जवाब नहीं दिया।	Nobody answered my question.
उसका लम्बा भाषण सुनकर हम सब बोर हो गए।	His long speech bored us all.
मैं चाहता था कि टॉम ज़्यादा पढ़ाई करे।	I wanted Tom to study harder.
गाड़ी फ़ोन के खम्बे से जाकर भिड़ पड़ी।	The car hit a telephone pole.
क्या तुम मुझे चोरी करना सिखा सकते हो?	Can you teach me how to steal?
मेरे विचार से यह युक्तियुक्त नहीँ है।	I don't think it's reasonable.
मुझे लगा कि मुझे उसकी मदद करनी चाहिए।	I felt that I should help her.
मैं अकेला ही वो करने के लिए तैयार था।	I was ready do that all alone.
इनसान सपने देखे बिना जी नहीं सकता है।	Man can't live without dreams.
लड़ने-झगड़ने से बात का हल नहीं होगा।	Fighting won't settle anything.
उसने उसे अकेले न जाने की चेतावनी दी।	She warned him not to go alone.
चीन जापान से काफ़ी ज़्यादा बड़ा है।	China is much bigger than Japan.
मैंने इस पुस्तक को तीन बार पढ़ा है।	I've read this book three times.
क्या टॉम बड़े बाज़ार में जा रहा है?	Is Tom going to the supermarket?
यह स्पष्ट था कि टॉम झूठ बोल रहा था।	It was clear that Tom was lying.
उसके नाना की उम्र क्या होनी चाहिए?	How old might his grandfather be?
मुझे कल रात एक बहुत अजीब सपना आया।	I had a strange dream last night.
मुझे लगता है ट्रेन आने ही वाली है।	I think the train will come soon.
मैं एक दिन अमेरिका जाना चाहता हूँ।	I want to go to America some day.
मैं एक छोटी अटैची को ढूँढ रहा हूँ।	I'm looking for a small suitcase.
उस लड़के ने अपने सारे कपड़े उतारे।	The boy stripped off his clothes.
टॉम का बात करने का तरीका अजीब है ।	Tom has a strange way of talking.
मुझे समझ में नहीं आ रहा क्या हुआ।	I cannot understand what happened.
तुम्हारा सपना एक दिन सच हो जाएगा।	Someday your dream will come true.
हाथी एक बहुत बड़ा जानवर होता है।	An elephant is a very large animal.
उसके पास बैंक में बहुत पैसे हैं।	He has plenty of money in the bank.
उस राजा से उसकी ताक़त छीन ली गई।	The king was deprived of his power.
दरवाज़े पर कोई अजीब सा इनसान है।	There is a strange man at the door.
हम सब सच जानने के लिए बेचैन हैं।	We are all eager to know the truth.
ऐसी वफ़ादारी खरीदी नहीं जा सकती।	You can't buy that kind of loyalty.
मैं एक रात और रह सकता हूँ क्या?	Can I extend my stay one more night?
उसने मेरे अज्ञान पर आशंका जताई।	He seemed surprised by my ignorance.
मुझे वही समस्या है जो आप को है।	I have the same problem that you do.
मुझे अगले हफ़्ते देखने आओगे ना?	Won't you come and see me next week?
मक्खन और पनीर दूध से बनते हैं।	Butter and cheese are made from milk.
उसने अपने माथे से पसीना पोंछा।	He wiped the sweat from his forehead.
आंकरेज होते हुए मैं युरोप गया।	I went to Europe by way of Anchorage.
यहाँ बेसबॉल खेलना मना है।	You aren't supposed to play baseball here.
मुझे तुम्हें थप्पड़ करने के लिए मजबूर मत करो।	Don't make me slap you.
मुझे उसके प्रस्ताव को अस्वीकार करना पड़ा।	I had to decline his offer.
मेरे पास जो भी पैसे थे मैंने उसे दे दिए।	I gave him what money I had.
उसने अपने बेटे को कान से पकड़ कर खींचा।	He pulled his son by the ear.
मैं यकीन नहीं कर पा रहा कि टॉम चला गया।	I can't believe Tom has gone.
इस स्कूल में बहुत सारे विद्यार्थी हैं।	This school has many students.
इस कविता का तुम क्या मतलब निकालते हो?	How do you interpret this poem?
यह आसान नहीं है लेकिन करा जा सकता है।	It isn't easy, but it's doable.
वह हमेशा कोई नया काम आज़माती रहती है।	She always tries something new.
इस साल ज़्यादा बारिश नहीं हो रही है।	It isn't raining much this year.
संभवतः वह विख्यात कभी नहीँ हो पाएगा।	Perhaps he will never be famous.
तुम वहाँ बस से जाते हो या गाड़ी से?	Do you go there by bus or by car?
मुझे अपने आलसी होने पर शर्म आती है।	I am ashamed of having been lazy.
मुझे इसके बारे में कुछ भी नहीं पता।	I know nothing whatever about it.
मैंने कल रात एक प्रेम पत्र लिखा था।	I wrote a love letter last night.
बच्चों को दवाईयों से दूर रखना चहिए।	Keep children away from medicine.
अरे नहीं! पेट्रोल खतम होने वाला है।	Oh, no! We're running out of gas.
किसी ने मेरी से उसके पैसे चुरा लिए।	Someone robbed Mary of her money.
तुम अपने खाली समय में क्या करते हो?	What do you do in your free time?
यह साबित कर दिया गया कि वह चोर था।	It was proved that he was a thief.
उनके लिए बाहर जाना बहुत ज़रूरी है।	It's important for them to go out.
आप एक और कप चाय पीना चाहेंगे क्या?	Would you like another cup of tea?
क्या ये जूते मेरे नाप में भी हैं?	Do you have these shoes in my size?
आप को गाँव में रहना पसंद है क्या?	Do you like to live in the country?
वहाँ पहुँचने में कितनी देर लगेगी?	How long will it take to get there?
मुझे नहीं लगता मैं बहुत बदला हूं।	I don't think I've changed so much.
मुझे नहीं लगता कि ऐसा संभव भी है।	I don't think that's even possible.
वह सफ़र की तैयारी में लगी हुई है।	She is busy preparing for the trip.
मुझे टिकटें कहाँ से लेनीं होंगीं?	Where should I pick the tickets up?
सभी लोग क्लास में समय पर पहुँचे।	Everybody came to the class on time.
जल्दी करो तो ट्रेन पकड़ सकते हो।	Hurry, and you will catch the train.
हम सब नाश्ते के समय बहुत खुश थे।	We were all very happy at breakfast.
आप थोड़ा धीरे बोल सकते हैं क्या?	Would you speak more slowly, please?
आपके पास शांत रहने का अधिकार है।	You have the right to remain silent.
उसने फटाफट चिट्ठी का जवाब दिया।	He lost no time answering the letter.
तुम्हारी बेटी अब बच्ची नहीं है।	Your daughter is not a child anymore.
शक की कोई गुंजाईश नहीं रही है।	There is no longer any room for doubt.
दो लड़के कमरे से भागे निकल आए।	Two boys came running out of the room.
क्या आप व्यक्तिगत रूप से टॉम को जानते हैं?	Do you know Tom personally?
क्या तुम व्यक्तिगत रूप से टॉम को जानते हो?	Do you know Tom personally?
मुझे सायकल चलाना चलने से ज़्यादा पसंद है।	I prefer walking to cycling.
मुझे पीठ में बुरी तरह से दर्द हो रहा है।	I have a bad pain in my back.
मैं घोड़े की सवारी करके देखना चाहता हूँ।	I want to try riding a horse.
नीचे रहो, नहीं तो तुम्हें गोली लग जाएगी।	Keep down, or you'll be shot.
"अभी कितने बजे हैं?" "तीन बीस बजे हैं"	"What time is it?" "It's 3:20."
क्या तुम्हारे पास अपना खुद का कमरा है?	Do you have a room of your own?
मैं ने टॉम के सभी सवालों का जवाब दिया।	I answered all Tom's questions.
छत पर जो चिड़िया बैठी है वह एक कौआ है।	The bird on the roof is a crow.
मैं चाहता हूँ कि तुम अपना वादा निभाओ।	I want you to keep your promise.
इस दुर्घटना के लिए कौन ज़िम्मेदार है?	Who's to blame for the accident?
वह उनके सवालों का जवाब नहीं दे सकता।	He cannot answer their questions.
मुझे घर के कामकाज में मदद करनी पड़ी।	I had to help with the housework.
मुझे देर से आने के लिए माफ़ कीजिएगा।	Please pardon me for coming late.
वह गरीब है, पर दिखने से खुश लगती है।	She is poor, but she looks happy.
यहां डाक टिकटें नहीं बेची जातीं हैं।	Stamps aren't sold in this store.
उस लड़की को खतरे के बारे में पता था।	The girl was aware of the danger.
इतिहास की क्लास नौ बजे शुरू होती है।	The history class starts at nine.
इस किताब में बहुत सारी तस्वीरें हैं।	This book contains many pictures.
यह टाई मेरे सूट के साथ जचती नहीं है।	This tie doesn't go with my suit.
उस तरह का आदमी मुझसे झिलता नहीं है।	A man like that gets on my nerves.
मुझसे उसका अक्खड़पन झेला नहीं जाता।	I can't put up with his arrogance.
हम तुम्हारे साथ सैर करने चलें क्या?	May we accompany you on your walk?
मेरे दोस्तों ने मेरा जन्मदिन मनाया।	My friends celebrated my birthday.
यह साईकल तुम्हारे लिए बहुत छोटी है।	That bicycle is too small for you.
एक पुलिस अफ़सर उससे बात कर रहा है।	A police officer is talking to her.
हर आदमी को खाना बनाना सीखना चाहिए।	Every man should learn how to cook.
मुझे उसके बयान की सच्चाई पर शक है।	I doubt the truth of his statement.
मैं पियानो बहुत अच्छा बजा लेता था।	I was able to play piano very well.
उन्हे अपने अकलमंद बेटे पर नाज़ है।	They are proud of their clever son.
उन्हें शादी की समस्याएं आ रही थीं।	They were having marriage problems.
उसने छः बरस के बच्चे की तरह रोया।	He cried as if he were a boy of six.
बिल्ली धीरे से चूहे की तरफ़ बढ़ी।	The cat slowly approached the mouse.
बौद्ध धर्म भारत में पैदा हुआ था।	Buddhism had its beginnings in India.
तुम्हें मीटिंग में आना चाहिए था।	You should have attended the meeting.
वे सारी दिशाओं में फैले हुए थे।	They were scattered in all directions.
टॉम ने ही मुझे मार्ग दिखाया था।	Tom was the one who showed me the way.
ज़ुकाम हो तो यह दवाई ले लेना।	Take this medicine when you have a cold.
बच्चा बहुत देर से रो रहा था।	The baby has been crying for a long time.
वह जेब काटते हुए पकड़ा गया।	He was caught in the act of pickpocketing.
वह कल पार्टी में नहीं आया।	He did not show up at the party last night.
आज बादल कल से ज़्यादा हैं।	There are more clouds today than yesterday.
वह खबर सुनते ही रो पड़ी।	She burst into tears when she heard the news.
सिपाहियों को खतरे से खेलने की आदत होती है।	Soldiers are used to danger.
क्या तू कभी किसी परीक्षा में असफल हुई है?	Have you ever failed an exam?
क्या तू कभी किसी परीक्षा में असफल हुआ है?	Have you ever failed an exam?
उसके पास जीने के लिए ज़्यादा समय नहीं है।	He doesn't have long to live.
मैं आपका फ़ोन इस्तेमाल कर सकता हूँ क्या?	Could I please use your phone?
क्या तुम अपने मम्मी-पापा के साथ रहते हो?	Do you live with your parents?
माफ़ कीजिएगा, यहाँ कोई बैठा हुआ है क्या?	Excuse me, is this seat taken?
इस कविता क्या आप क्या अर्थ निकालते हैं?	How do you interpret this poem?
कमरा नम्बर पंद्राह में तौलिये नहीं हैं।	There are no towels in room 15.
यह ट्रेन बॉस्टन के लिए रवाना हो रही है।	This train is bound for Boston.
माफ़ कीजिए पर हम आपकी मदद नहीं कर सकते।	We are sorry we can't help you.
क्या आप हमारे साथ खाना खाने नहीं आएंगे?	Won't you come to dine with us?
उसको इस कब्रिस्तान में दफ़नाया गया था।	He was buried in this graveyard.
हॉलीवुड शादियां शायद ही कभी टिकती हैं।	Hollywood marriages rarely last.
उन्होंने डूबते हुए जहाज़ को छोड़ दिया।	They abandoned the sinking ship.
उसने विस्तृत रूप से अपनी योजना समझाई।	He explained his plans in detail.
उसने पत्थर को अपने हाथ में रखकर तोला।	He weighed the stone in his hand.
मैं सेब के मध्य-भाग को नहीं खाता हूँ।	I don't eat the core of an apple.
ऐसी कोई जगह है जहां आप जाना चाहते हो?	Is there anywhere you want to go?
हाथी एशिया और अफ़्रीका में रहते हैं।	Elephants live in Asia and Africa.
मैं तुम्हें एक बात की सलाह देता हूँ।	Let me give you a piece of advice.
मुझे इस पहाड़ के बारे में जानना है।	I want to know about this mountain.
तूफ़ान ने पूरे नगर को नष्ट कर दिया।	The storm destroyed the whole town.
तूफ़ान ने पूरे शहर को तबाह कर दिया।	The storm destroyed the whole town.
तुम यह किताब मुफ़्त में ले सकते हो।	You can have this book for nothing.
सौ सालों को एक शतक बुलाया जाता है।	A hundred years is called a century.
मैं अपनी नई गाड़ी से बहुत खुश हूँ।	I am really pleased with my new car.
वह अफ़वाह पूरी तरह से बेबुनयाद है।	That's a completely unfounded rumor.
मैं उससे पहले कई बार मिल चुका था।	I had met her many times before then.
मुझे इस विषय पर कुछ नहीं कहना है।	I have nothing to say on this matter.
मुझे डर था कि तुम मुझे छोड़ दोगे।	I was scared that you might leave me.
तुम यहाँ से पूरा शहर देख सकते हो।	You can see the whole city from here.
मेरी उस समय तुम्हें ढूँढ रही थी।	Mary was looking for you at that time.
वह दो सालों में डॉक्टर बन जाएगी।	She will become a doctor in two years.
टॉम ने ही मुझे रास्ता दिखाया था।	Tom was the one who showed me the way.
मुझे आज थोड़ा जल्दी घर जाना है।	I need to go home a little early today.
ऐसी चीज़ हर कहीं नहीं मिलती है।	Such a thing can't be found everywhere.
मुझे नहीं लगता कल बारिश होगी।	I don't think that it will rain tomorrow.
काश मुझे यह जवाब कल पता होता!	If only I had known the answer yesterday!
मेरे सिगरेट पीने पर आपको आपत्ति तो नहीं होगी?	Would you mind if I smoke?
मैं जो भी कहता हूँ वह मेरा यक़ीन कर लेता है।	He believes whatever I say.
माफ़ कीजिएगा, मेरे पापा अभी घर पर नहीं हैं।	I'm sorry, my father is out.
क्या आप कभी किसी परीक्षा में असफल हुए हैं?	Have you ever failed an exam?
क्या आप कभी किसी परीक्षा में असफल हुई हैं?	Have you ever failed an exam?
क्या तुम कभी किसी परीक्षा में असफल हुए हो?	Have you ever failed an exam?
क्या तुम कभी किसी परीक्षा में असफल हुई हो?	Have you ever failed an exam?
मैंने उसको अपनी कामयाबी के बारे में बताया।	I informed her of my success.
भौतिक विज्ञान मेरा सबसे पसंदीता विषय है।	Physics is my favorite subject.
उन्होंने और कुछ घंटों के लिए बातचीत करी।	They went on talking for hours.
उसको इस कब्रिस्तान में बरी किया गया था।	He was buried in this graveyard.
मेरे पापा को गर्मी के मौसम से नफ़रत है।	My father hates the summer heat.
राष्ट्रपति ने अचानक से इसतीफ़ा दे दिया।	The president suddenly resigned.
वह स्कूल जाने के लिए अभी बहुत छोटी है।	She is too young to go to school.
तुम्हें इस तरह की आदत तोड़ देनी चाहिए।	You must get rid of such a habit.
एक गिलहरी डालियों के बीच छुपी हुई थी।	A squirrel hid among the branches.
तुम यह कार्यक्रम देखना चाहते हो क्या?	Do you want to watch this program?
मैं इतनी महंगी किताब नहीं ख़रीद सकता।	I can't buy a book this expensive.
मैं आमतौर पर छः बजे तक घर आ जाता हूँ।	I usually get home by six o'clock.
मेरी को अपनी सुंदरता पर बहुत नाज़ था।	Mary prided herself on her beauty.
टॉम अपनी नई साइकिल के साथ प्रसन्न है।	Tom is happy with his new bicycle.
उसने मेरे बताए हुए से उलटा काम किया।	He did the reverse of what I asked.
मैं पैरिस जाकर आर्ट पढ़ना चाहता हूँ।	I wish to go to Paris to study art.
मैं पैरिस जाकर आर्ट पढ़ना चाहती हूँ।	I wish to go to Paris to study art.
मेरी बहन को बच्चों से बहुत प्यार है।	My sister is very fond of children.
वह हफ़्ते में एक बार बाज़ार जाती थी।	She went to the market once a week.
उस मोटी औरत ने एक बंदर पकड़ा हुआ था।	The fat woman was holding a monkey.
मेरा जन्मदिन आज से एक महीने में है।	My birthday is one month from today.
क्या आप कोई वाद्य यंत्र बजाते हैं?	Can you play any musical instruments?
उसने अपने पैर की एक हड्डी तोड़ ली।	He broke one of the bones in his leg.
वह बड़ा होकर डॉक्टर बनना चाहता है।	He will be a doctor when he grows up.
मेरी पीठ में थोड़ा दर्द हो रहा है।	I've got a bit of an ache in my back.
उन्हें एक-दूसरे से प्यार हो जाएगा।	They'll fall in love with each other.
तुमने अपनी कमीज़ उलटी पहनी हुई है।	You're wearing your shirt inside out.
आखिरकार हमे सच्चाई का पता चल गया।	At last, the truth became known to us.
मैं टॉम से एक सवाल पूछना चाहूँगी।	I'd just like to ask Tom one question.
शब्दकोश में उस वाक्यांश को ढूँढो।	Look up the phrase in your dictionary.
वह गर्मी की वजह से सो नहीं पाया।	He could not sleep because of the heat.
वह बस दिन में कितनी बार चलती है?	How many times a day does that bus run?
बोलने और करने में फ़र्क होता है।	Talking is one thing, doing is another.
यहाँ एक बड़ा तालाब हुआ करता था।	There used to be a big pond around here.
मुझे आपसे मिलकर बहुत खुशी हुई।	I'm very happy to make your acquaintance.
दो भाई एक-साथ सफ़र पर निकले।	Two brothers set out on a journey together.
मैं यहाँ एक-दो दिन रहूँगा।	I am going to stay here for a couple of days.
इस और उस में क्या अंतर है?	What is the difference between this and that?
टॉम को सच में तुम्हारी सहायता की आवश्यकता है।	Tom really needs your help.
किसी और ने मदद करने की इच्छा प्रकट नहीं करी।	Nobody else offered to help.
अपने दफ़्तर को हमेशा साफ़-सुथरा रखना चाहिए।	Always keep your office tidy.
मुझे टॉम से झूठ बोलने की कोई जरूरत नहीं है।	I have no need to lie to Tom.
उस लड़की ने रोने के अलावा और कुछ नहीं किया।	The girl did nothing but cry.
हमे पड़ोसियों के साथ प्रेमपूर्वक रहना चहिए।	We should love our neighbors.
योजना के बारे में कुछ ही लोगों को पता है।	Few people know about the plan.
आप रात में खाने के लिए क्या खाना चाहेंगे?	What would you like for supper?
सारे विद्यार्थी उसका आदर-सम्मान करते थे।	All the students look up to him.
वह खाना खाने के बाद मेज़ से उठकर चली गई।	She left the table after dinner.
अगर बारिश नहीं होती है तो मैं भी जाऊँगा।	Unless it rains, I will go, too.
वह अपने बाल महीने में एक बार कटवाता है।	He has his hair cut once a month.
तुम आमतौर पर कितने बजे काम से छूटते हो?	When do you usually get off work?
उसने पार्टी में न जाने का फ़ैसला किया।	He decided not to go to the party.
वह एक बार में घंटो के लिए लिख सकता है।	He will write for hours at a time.
उसको अपने पुराने कपड़ो पर शर्म आती है।	She is ashamed of her old clothes.
वह सही-ग़लत में अंतर करना नहीं जानता।	He has no sense of right and wrong.
मैंने उसे बहुत दिनों से नहीं देखा है।	I haven't seen him for a long time.
पिछले शुक्रवार से मौसम बहुत अच्छा है।	It has been fine since last Friday.
उसके सामने इसके बारे में बात मत करो।	Don't talk about it in front of him.
उसने विदेश में पढ़ने का निर्णय लिया।	He made up his mind to study abroad.
उसने टूटे हुए टुकड़ों को वापस जोड़ा।	He stuck the broken pieces together.
जापान में सभी बच्चें स्कूल जाते हैं।	In Japan, all children go to school.
तुमने असली हीरा कभी देखा ही नहीं है।	You've never seen a genuine diamond.
उसने हल्के से उसके कंधे पर हाथ रखा।	He put a hand gently on her shoulder.
वह तुम्हारे सर के लिए बहुत छोटा है।	That's too small to fit on your head.
तुम्हारे दिमाग़ में यह बात कैसे आई?	What put such an idea into your head?
मैं यहाँ तीन महीनों के लिए रहूँगा।	I'll be staying here for three months.
पुलिस ने सड़क पर पहरा लगा दिया था।	The police were patrolling the street.
यह दवाई तुम्हारा गला साफ़ कर देगी।	This medicine will clear up your cold.
मैं जानता हूँ कि यह सब एक खेल है।	I know that all of this is just a game.
आवाज़ थोड़ी धीमी कर सकते हो क्या?	Would you mind turning down the volume?
उसे बहुत सारे कष्ट सहने पड़े थे।	He had to go through a lot of hardships.
आप थोड़ा आगे खिसक सकते हैं क्या?	Would you just move along a bit, please?
तुम इन पैसों के साथ क्या करोगे?	What are you going to do with this money?
कहने और करने में बड़ा अंतर है।	Saying and doing are two different things.
डब्बे में कुछ सेव सड़े हुए थे।	Some of the apples in the box were rotten.
जागना सोने का विलोम शब्द है।	Waking up is the opposite of going to sleep.
इस और उस में क्या फ़र्क है?	What is the difference between this and that?
बर्दाश्त की भी हद होती है।	There is a limit to how much one can tolerate.
मैंने हिरण के पैरों के निशानों का पीछा किया।	I followed the deer's tracks.
ज़्यादातर लोगों को टीवी देखना अच्छा लगता है।	Most people like watching TV.
माफ़ कीजिएगा अगर मैंने आपको परेशान किया तो।	I am sorry if I disturbed you.
मुझे यकीन है कि मैंने उसे पहले देखा हुआ है।	I'm sure I've seen him before.
वह और उसकी पत्नी दोनो के पास गाड़ियाँ हैं।	Both he and his wife have cars.
उसने मुझे मेरी अटैची पैक करने में मदद करी।	She helped me pack my suitcase.
जैसे ही तुम्हें पता चले तुरंत मुझे बताना।	Let me know as soon as you know.
उसने बेकार में उसको खुश करने की कोशिश की।	She tried in vain to please him.
टॉम ने मानचित्र पर मार्ग को चिह्नित किया।	Tom marked the route on the map.
मेरे पास आज रात सोने के लिए जगह नहीं है।	I have no place to sleep tonight.
उसने मुझपर आलसी होने के लिए गुस्सा किया।	She reproached me for being lazy.
गर्मी का मौसम मेरा सबसे पसंदीता मौसम है।	Summer is the season I like best.
तुम्हें उसने गप मारने की ज़रूरत नहीं है।	You don't have to chat with them.
आखिरकार उसको उसकी ग़लतियाँ समझ में आईं।	At last, he realized his mistakes.
मुझे आपको संदेश देने के लिए कहा गया था।	I was asked to give you a message.
मैरी ने टॉम के चेहरे पर अंगूठी फेंक दी।	Mary threw the ring in Tom's face.
बहुत कम लोग अपनी गलतियों को मानते हैं।	Few people will admit their faults.
उसने हमसे बहुत देर तक इंतेज़ार करवाया।	He kept us waiting for a long time.
तुम्हें अकेले रहना अच्छा लगता है क्या?	How do you like living on your own?
मैं शादीशुदा हूँ और मेरे दो बच्चे हैं।	I am married and have two children.
टॉम को ढूँढने में समय नहीं लगना चाहिए।	It shouldn't take long to find Tom.
मेरा भाई पैसों के लिए मुझपर निर्भर है।	My brother depends on me for money.
उसने मुझपर ग़लती करने का इलज़ाम लगाया।	She accused me of making a mistake.
उसे किसी से भी बात करने का मन नहीं था।	She didn't want to speak to anyone.
तुम्हें इस मौके का फ़ायदा उठाना चाहिए।	You should make use of this chance.
मेरे परिवार में हर कोई जल्दी उठता है।	Everyone in my family gets up early.
सुनिए, आस-पास में कोई टॉयलेट है क्या?	Excuse me, is there a toilet nearby?
बच्चे पर ध्यान रखना थोड़ी देर के लिए।	Keep an eye on the baby for a while.
तुमने अपनी टी-शर्ट उलटी पहनी हुई है।	You're wearing your shirt inside out.
वह ज़रूरत से ज़्यादा पैसे कमाता है।	He earns more money than he can spend.
उसने मुझे उसकी गाड़ी नहीं चलाने दी।	He wouldn't allow me to drive his car.
मेरी माँ को अक्सर सिरदर्द होता है।	My mother often suffers from headaches.
वह मुझे उसकी माँ की याद दिलाती है।	She reminds me very much of her mother.
यह कमरा काफ़ी देर से खाली रहा है।	The room has been empty for a long time.
आपकी घड़ी अब क्या समय बता रही है?	What time does your watch say it is now?
वह बंद दरवाज़े को खोल नहीं पाया।	He tried in vain to open the locked door.
मैं आज कुछ सामान ख़रीदने जाऊँगी।	I'm going to go buy some materials today.
वह जंगल में दो अजनबियों से मिली।	In the woods, she met with two strangers.
आप मुझे नियम समझा सकते हैं क्या?	Would you please explain the rules to me?
कहना और करना अलग-अलग बातें हैं।	Saying and doing are two different things.
टीचर मेरा जवाब सुनकर निराश थीं।	The teacher was disappointed at my answer.
घायल आदमी को इस कंबल से ढक दो।	Cover up the injured man with this blanket.
निर्णय होने पर आपको बता दूँगा।	I'll let you know when it has been decided.
इस सवाल के सारे जवाब ग़लत थे।	All the answers to this question were wrong.
मुझे ये कल तक खतम करना है ।	I've been given until tomorrow to finish this.
मैंने एक साल के लिए सिगरेट पीना छोड़ दिया था।	I gave up smoking for a year.
मुझे सच में किसी की भी मदद की ज़रूरत नहीं है।	I really don't need any help.
क्या तुम्हारे पास कुछ करने के लिए नहीं है ?	Don't you have something to do?
माफ़ कीजिएगा, आप मेरी मदद कर सकते हैं क्या?	Excuse me, but can you help me?
मैं कभी भी इतने दयालु व्यक्ति से नहीं मिला।	I've never met such a kind man.
मैं नहीं बता सकता था कि टॉम क्या चाहता है।	I couldn't tell what Tom wanted.
करने के लिए हमेशा कुछ-न-कुछ तो होता ही है।	There is always something to do.
तुम भाग्यशाली हो जो टॉम तुम्हारा मित्र है।	You're lucky Tom is your friend.
चिंता मत करो। तुम मुझपर भरोसा कर सकते हो।	Don't worry. You can count on me.
मुझे पता है कि यह एक अच्छा विचार नहीं है।	I know that it's not a good idea.
मुझसे पैसे माँगने में कोई फ़ायदा नहीं है।	It is no use asking me for money.
गोलीबारी लगभग दोपहर के बारह बजे शुरू हुई।	The shooting started around noon.
तुम्हें इतना जल्दी आने की ज़रूरत नहीं थी।	You didn't have to come so early.
बेहतर होगा कि इस बात को अनदेखा किया जाए।	It is better to ignore this point.
इस सप्ताह कौन सी फ़िल्में लगीं हुईं हैं?	What movies are playing this week?
तुम्हारा दोस्त कितने बजे घर वापस गया था?	What time did your friend go home?
मैंने अपने भाई से अपनी साईकल ठीक करवाई।	I had my brother repair my bicycle.
मेरा उस ग्रुप के साथ कोई संबंध नहीं था।	I had nothing to do with the group.
जितना तुम सोच रहे हो उतना आसान नहीं है।	It's more difficult than you think.
विदेषी भाषा सीखना बहुत मज़ेदार होता है।	Learning a foreign language is fun.
तुम्हें इस मौके को गवा नहीं देना चाहिए।	You should make use of this chance.
तुम कोई दिलचस्प किताब पढ़ रहे हो क्या?	Are you reading an interesting book?
तुम कोई दिलचस्प किताब पढ़ रही हो क्या?	Are you reading an interesting book?
वह हमेशा अपनी टीचर की शिक़ायत करती है।	She always complains of her teacher.
डॉक्टर ने उसे सिगरेट न पीने की सलह दी।	The doctor advised him not to smoke.
क़ानून के मुताबिक सभी मनुष्य समान हैं।	The law says that all men are equal.
क्योटो में बहुत सारे पुराने मंदिर हैं।	There are many old temples in Kyoto.
क्या आप कोई वाद्य यंत्र बजा सकते हैं?	Can you play any musical instruments?
सोचो कि तुम्हारे पास एक टाइम मशीन है।	Imagine that you have a time machine.
टॉम समझ नहीं पा रहा था कि वह कहाँ है।	Tom couldn't figure out where he was.
आप किस प्रकार की नौकरी ढूंढ रहे हैं ।	What type of job are you looking for?
उसने अपने बच्चों को अच्छी शिक्षा दी।	He gave his children a good education.
मुझे इसके बारे मैं सोचना ही नहीं है।	I don't even want to think about that.
मुझे इस तरह का सोफ़ा नहीं खरीदना है।	I don't want to buy this kind of sofa.
उसने अपने बच्चों को कमरे में बुलाया।	She called her children into the room.
उसकी माँ खाना बनाने में लगी हुई थी।	Her mother was busy cooking the dinner.
मैं आपकी मदद के लिए बहुत आभारी हूँ।	I am much obliged to you for your help.
मैं सारे सवालों का जवाब दे पाया था।	I was able to answer all the questions.
वह भारत के किसी गाँव में रह रही है।	She is living in some village in India.
ट्रेन के आने का समय लगभग आ गया है।	It's about time for the train to arrive.
उसकी अपने पहले पति से एक लड़की थी।	She had a daughter by her first husband.
मैंने खेल को शुरू से अंत तक देखा।	I watched the game from beginning to end.
बूढ़ी औरत अपनी पोती पर मुस्कुराई।	The old lady smiled at her granddaughter.
हमने पूरी गर्मी उनके साथ बिताई।	We stayed with them all through the summer.
तुम कल इस समय क्या कर रहे होगे?	What'll you be doing at this time tomorrow?
टॉम मेरी की बात समझ नहीं सका।	Tom couldn't understand what Mary was saying.
वह हर सुबह अपने कुत्ते को सैर पर ले जाता है।	He walks his dog every morning.
मैंने चाबियों को अपने बटुए के साथ छोड़ दिया।	I left the keys with my wallet.
वे इस समस्या के बारे में बातचीत कर रहे हैं।	They are discussing the problem.
टॉम अपने बच्चों के साथ सख्ती से पेश आता है।	Tom is strict with his children.
इस काम को करने में ज़्यादा देर नहीं लगेगी।	It won't take long to do the job.
लगभग सारी-की-सारी पत्तियाँ गिर चुकीं हैं।	Almost all the leaves have fallen.
क्या आपको कम्प्यूटर का उपयोग करना आता है?	Do you know how to use a computer?
सभी लोग आराम की ज़िन्दगी जीना चाहते हैं।	Everybody wants to live in comfort.
उसने अपने बेटे के लिए बड़ी जायदाद छोड़ी।	He left a large fortune to his son.
तुम एक महीने में कितनी किताबें पढ़ते हो?	How many books do you read a month?
आप कोई दिलचस्प किताब पढ़ रहें हैं क्या?	Are you reading an interesting book?
मेरे पास बैंक में ज़्यादा पैसे नहीं है।	I don't have much money in the bank.
मेरा जन्म और पालन-पोषण बोस्टन में हुआ ।	I was born and brought up in Boston.
हमे यहाँ हफ़्ते में एक बार मिलना चाहिए।	Let's get together here once a week.
उसमें उसके पिता जितनी बेसब्री नहीं है।	He is less impatient than his father.
मैं बड़े पैमाने पर व्यापार कर रहा हूँ।	I am doing business on a large scale.
मैं अपनी वर्तमान आमदनी से संतुष्ट हूँ।	I'm satisfied with my current income.
कम्पनी ने कितनी गाड़ियाँ ख़रीदीं हैं?	How many cars has that company bought?
मैंने खुद से गिटार बजाना सीख लिया है।	I've taught myself to play the guitar.
वह बीमारी की वजह से बाहर नहीं जा सका।	Sickness prevented him from going out.
आज से दो हफ़्तों के बाद फिरसे आईएगा।	Please come again two weeks from today.
वह सर से पांव तक कीचड़ में लतपत था।	He was covered in mud from head to foot.
ख़रीदो या न ख़रीदो तुम्हारे ऊपर है।	It's up to you whether to buy it or not.
जंग की वजह से बहुत सारे लोग मर गए।	As a result of the war, many people died.
बच्चे टॉम के साथ नहीं खेलना चाहते।	The children don't want to play with Tom.
ये तस्वीरें सच में बहुत सुंदर हैं।	These pictures are really very beautiful.
वह कल दोपहर मुझसे मिलने आ रहा है।	He is coming to see me tomorrow afternoon.
यह म्युज़ियम पाँच साल से बंद है।	This museum has been closed for five years.
क्या हमे कल सुबह जल्दी उठना है?	Do we have to get up early tomorrow morning?
चोर अंत में तो पकड़ा ही जाएगा।	The thief is certain to be caught eventually.
टॉम मेरी की बात समझ नहीं पाया।	Tom couldn't understand what Mary was saying.
ताज़ी सब्ज़ियाँ सेहत के लिए अच्छी होतीं हैं।	Fresh vegetables promote health.
अगर कोई आए तो उनसे कहना कि मैं बाहर गया हूँ।	Tell whoever comes that I'm out.
उसने उसका प्रस्ताव खुशी से स्वीकार कर लिया।	She gladly accepted his proposal.
मुझे तुम्हें संदेश देने के लिए कहा गया था।	I was asked to give you a message.
अपना कमरा जितना साफ़-सुथरा रख सकते हो रखो।	Keep your room as neat as you can.
हम आमतौर पर साढ़े सात बजे नाश्ता खाते हैं।	We usually have breakfast at 7:30.
उसका इस केस के साथ कोई लेना-देना नहीं था।	He had nothing to do with the case.
मैं नटखट बच्चों को बर्दाश्त नहीं कर सकता।	I cannot tolerate naughty children.
मुझे नहीं पता कि यह चिट्ठी किसने लिखी है।	I don't know who wrote this letter.
मैंने सुना है कि वे मश्हूर अभिनेत्री हैं।	I hear that she's a famous actress.
मैं उसके सुरक्षित लौटने के लिए बेचैन हूँ।	I'm anxious for him to return safe.
उसको अपना आने वाला कल थोड़ा डाँवाडोल लगा।	She felt insecure about her future.
वह बगीचे में है, गुलाब के फूल लगा रही है।	She's in the garden planting roses.
तुम्हें बच्चे को अकेला नहीं छोड़ना चाहिए।	You shouldn't leave the baby alone.
तुम अच्छा काम कर रहे हो। ऐसे ही करते रहो।	You're doing very well. Keep it up.
मेरे सभी बच्चें फ़्रेंच सीखना चाहते हैं।	All of my kids want to learn French.
हवा ने पत्तियों को यहाँ-वहाँ बिखेर दिया।	The wind scattered the leaves about.
क्या आपको पेट में दर्द महसूस हो रहा है?	Do you feel any pain in your stomach?
अपने छाते को सामने वाले द्वार छोड़ दो।	Leave your umbrella at the front door.
मेरी माँ ने बिस्तर पर साफ़ चादर बिछाई।	My mother put clean sheets on the bed.
मुश्किल यह है कि उनके पास समय नहीं है।	The trouble is that they have no time.
टॉम नीचे लेटने के लिए जगह ढूंढ रहा है।	Tom is looking for a place to lay low.
उसने अपने दफ़तर के पैसों को गबन किया।	He embezzled the money from his office.
मुझे अम्रीकी साहित्य में दिलचस्पी है।	I am interested in American literature.
मैं उससे कल दोपहर को मिलना चाहता हूँ।	I'd like to see him tomorrow afternoon.
अब तो उसे कोई चमत्कार ही बचा सकता है।	Nothing but a miracle can save her now.
कनाडा में कौनसी भाषाएं बोली जाती हैं?	What languages do they speak in Canada?
इस तरह की आम कहावत को कौन नहीं जानता?	Who doesn't know such a simple proverb?
वह उसकी कामयाबी की खबर सुनकर खुश था।	He was happy at the news of her success.
उनको दूर से बंदूक की आवाज़ सुनाई दी।	They heard a gun go off in the distance.
हमें मौत की सज़ा को हटा देना चाहिए।	We should do away with the death penalty.
वह वहाँ अकेले जाने लायक बहादुर है।	He is brave enough to go there by himself.
इस प्रश्न के सारे उत्तर ग़लत थे।	All the answers to this question were wrong.
उसकी नई किताब अगले महीने छपेगी।	His new book is going to come out next month.
टॉम को मेरी की बात समझ नहीं आई।	Tom couldn't understand what Mary was saying.
यह मशीन उस मशीन से बेहतर है।	This machine is superior in quality to that one.
क्या ये जूते मेरे नाप में भी मिल सकते हैं?	Do you have these shoes in my size?
मेरी बीवी ने अभी-अभी मेज़ को साफ़ किया है।	My wife has just cleared the table.
तुम्हारे हिसाब से वह अभी क्या कर रही होगी?	What do you think she is doing now?
तुम्हें उसकी उम्र का भी लिहाज़ करना चाहिए।	You must take his age into account.
बच्चों की देखभाल अच्छी तरह से की जाती थी।	The children were well looked after.
डॉक्टर ने उन्हें सिगरेट न पीने की सलह दी।	The doctor advised him not to smoke.
टॉम अभी तक नहीं जानता कि यह कैसे करना है।	Tom doesn't know how to do that yet.
उसने कहा था कि वह मुझसे अगले दिन मिलेगा।	He said he would see me the next day.
तुम इन वाक्यों का क्या माईने निकालते हो?	How do you interpret these sentences?
मुझे उसका पता पता है, पर वह एक राज़ है।	I know his address, but it's a secret.
फिर मैं उससे उसके बारे में कल पूछूँगा।	I will ask him about it tomorrow, then.
मैं अपना कर्ज़ जल्द-से-जल्द चुकताऊँगा।	I will pay my debt as soon as possible.
मेरे पिता मेरे विदेश जाने से राज़ी थे।	My father consented to my going abroad.
यह महाशय बहुत जाने-माने पियानिस्ट हैं।	The gentleman is a very famous pianist.
इन दोनो में से ज़्यादा महंगा कौनसा है?	Which is the more expensive of the two?
तुम्हारी जुर्रत कैसे हुई यह बोलने की?!	You've got a nerve to say such a thing!
तुम्हें कॉनसर्ट की टिकटें कैसे मिलीं?	How did you get tickets for the concert?
मैं निराश था कि तुमने फ़ोन नहीं किया।	I was disappointed that you didn't call.
मैं तुम्हें एक-दो दिन में जवाब दूँगा।	I'll give you an answer in a day or two.
दिन ढल रहा है। तुम्हें घर जाना चाहिए।	It's getting dark. You'd better go home.
उसे टीवी पर टेनिस देखना बहुत पसंद है।	She loves watching tennis matches on TV.
म्युज़ियम में ज़िन्दा जानवर नहीं हैं।	There are no live animals in the museum.
मुझे तुमसे किसी बारे में बात करनी है।	There's something we need to talk about.
तुम्हें दोपहर में क्या करने का मन है?	What do you want to do in the afternoon?
तुम्हारी घड़ी अब क्या समय बता रही है?	What time does your watch say it is now?
टीचर ने कहा, "बस आज के लिए इतना ही।"	The teacher said, "That's all for today."
मानो या न मानो, उसके तीन बच्चे हैं।	Believe it or not, she has three children.
टॉम इस साल क्रिसमस पर घर नहीं आएगा।	Tom won't be home for Christmas this year.
वहाँ पर खड़े हुए वे मेरे पिता हैं।	The man who is standing there is my father.
हवा बीजों को दूर-दूर तक लेजाती है।	The wind carries seeds for great distances.
बच्चा की नींद आधी रात में खुल गई।	The baby woke up in the middle of the night.
इस वॉशिंग मशीन में कुछ खराबी है।	Something is wrong with this washing machine.
उस खबर ने गाँव में दहशत फैला दी।	The news caused alarm throughout the village.
टॉम दीवार के दूसरी तरफ खड़ा है।	Tom is standing on the other side of the wall.
उसने पार्सल को परसों भेजा था।	He sent out the parcel the day before yesterday.
मुझे समझ में नहीं आ रहा था कि उससे क्या कहूँ।	I didn't know what to say to him.
मुझे अगले साल विदेश जाकर पढ़ाई करने का मन है।	I want to study abroad next year.
मेरे बॉस ने मुझसे पिछले रविवार को काम करवाया।	My boss made me work last Sunday.
क्या आपको कम्प्यूटर का इस्तेमाल करना आता है?	Do you know how to use a computer?
उन्होंने टॉम का आदेश मानने से इंकार कर दिया।	They refused to obey Tom's orders.
तुम्हें क्या लगता है? खिड़की किसने तोड़ी है?	Who do you think broke the window?
मैंने अपनी मम्मी को बर्तन धोने में मदद करी।	I helped my mother wash the dishes.
अगर मैं अभी नहीं करूँगा तो कभी नहीं करूँगा।	If I don't do it now, I never will.
तुम यहाँ आ ही गए हो तो मेरी मदद कर सकते हो।	Since you're here, you can help me.
टॉम ने खुद को जल्दी उठने के लिए मजबूर किया।	Tom forced himself to get up early.
टॉम ने मुझे उसके लिए कुछ खाना लाने को कहा।	Tom asked me to bring him some food.
टॉम अभी तक नहीं जानता कि ऐसा कैसे करना है।	Tom doesn't yet know how to do that.
मुझे यह बताओ, कि टॉम ऐसा कर क्यों रहा है।	I want to know why Tom is doing this.
मैंने उनको बोला दूसरी टिकट भेजने के लिए।	I told them to send me another ticket.
मुझे यकीन है कि वह जल्द ही वापस आ जाएगी।	I'm sure that she will come back soon.
मेरे अंकल क्रिकेट के शौकिया खिलाड़ी हैं।	My uncle is an amateur cricket player.
मेरे मामा क्रिकेट के शौकिया खिलाड़ी हैं।	My uncle is an amateur cricket player.
मेरे चाचा क्रिकेट के शौकिया खिलाड़ी हैं।	My uncle is an amateur cricket player.
मैं इस शोर को और बर्दाश्त नहीं कर सकती।	I can't put up with this noise anymore.
उसने अपने आप से कहा: "मैं बहुत खुश हूँ"	She said to herself, "I am very happy."
मुझे भरोसा है कि वह अपना वादा निभाएगा।	I am confident he will keep his promise.
मुझे बाहर जाने से घर में रहना पसंद है।	I would rather stay at home than go out.
मैंने ही टॉम को गाड़ी चलाना सिखाया थी।	I'm the one who taught Tom how to drive.
बिगड़े हुए बच्चों को खुश नहीं कर सकते।	There is no satisfying spoiled children.
टॉम के आने से पहले तुम क्या कर रहे थे?	What were you doing before Tom got here?
मैं आपके अच्छेपन को कभी नहीं भूलूँगा।	I'll never forget how kind you have been.
मेरा भाई अक्सर पूरी रात जागे रहता था।	My brother would often stay up all night.
मैं तभी से उसकी देखभाल करता आया हूँ।	I have been taking care of him ever since.
लगातार तीन दिनों से बारिश हो रही है।	It has been raining for three days on end.
कि वह अम्रीका जाएगा, यह तो पक्का है।	It is definite that he will go to America.
वह इस तरह की बात पर गुस्सा क्यों है?	Why is he angry about something like that?
मेरा पार्टी में आना ज़रूरी है क्या?	Is it necessary for me to attend the party?
कल जिसने खिड़की तोड़ी थी वह टॉम था।	It was Tom that broke the window yesterday.
मुझसे आपको यह संदेश देने के लिए बताया गया था।	I was asked to give you a message.
आजकल कोई भी भूत-प्रेत में विश्वास नहीं करता।	Nowadays nobody believes in ghosts.
उसके बात करने के तरीके पर मुझे खींज आती है।	Her way of talking got on my nerves.
मेरे पापा आमतौर पर छः बजे घर लौटकर आते हैं।	My father usually comes home at six.
मेरे पापा बिजली की कम्पनी में काम करते हैं।	My father works for a power company.
उसको लगता है कि उसका बेटा अभी भी ज़िंदा है।	She believes her son is still alive.
कल रात टॉम की चाकू मारकर हत्या कर दी गई थी।	Tom was stabbed to death last night.
मुझे शास्त्रीय संगीत सुनने का शौक नहीं है।	Classical music is not my cup of tea.
मैं उस गाड़ी की रफ़तार देखकर हैरान रह गया।	I was amazed at the speed of the car.
वह अपने सारे घरवालों की नकल उतार सकता है।	He can imitate the rest of the family.
मेरे ताऊजी क्रिकेट के शौकिया खिलाड़ी हैं।	My uncle is an amateur cricket player.
उसकी दादी ने उसे पाल-पोस कर बड़ा किया था।	She was brought up by her grandmother.
उसकी नानी ने उसे पाल-पोस कर बड़ा किया था।	She was brought up by her grandmother.
मुझे कैंचियों के अलावा और कुछ नहीं मिला।	I found nothing but a pair of scissors.
अगर आपके पास समय हो तो हमसे मिलने आईएगा।	If you have time, please drop in on us.
इन दो भाषाओं में बहुत सारी समानताएं हैं।	The two languages have a lot in common.
भारत में कई लोग गाय को पूज्य मानते हैं।	Cows are sacred to many people in India.
वह उस दरवाज़े से धीरे से कमरे में घुसा।	He entered the room slowly by that door.
तुम्हें आज सुबह भूकम्प महसूस हुआ क्या?	Did you feel the earthquake this morning?
मेरा आज अंग्रेज़ी पढ़ने का मन नहीं है।	I don't feel like studying English today.
हमारे लिए उसका घर ढूँढना आसान नहीं था।	It was not easy for us to find his house.
इस परिस्थिति में कठोर कदम उठाने होंगे।	The situation calls for drastic measures.
मुझे नीला वाला पसंद है, कितने का है?	I like the blue one. How much does it cost?
मुझे नीली वाली पसंद है, कितने की है?	I like the blue one. How much does it cost?
डॉक्टर ने उसे सिगरेट कम पीने को कहा।	The doctor told him to cut down on smoking.
हमने मामले की हर पहलू से छानबीन करी।	We investigated the matter from all angles.
फ़ोटोकॉपियर में कागज़ खतम हो गया है।	We've run out of paper for the photocopier.
उसका कलाकार बनने का सपना सच हो गया।	He realized his dream of becoming an artist.
भारत में कल एक बड़ा भूकम्प हुआ था।	A big earthquake occurred in India yesterday.
मुझे उसकी लिखी हुई एक चिट्ठी मिली।	I received a letter which was written by her.
जो भी रेस जीतेगा ईनाम उसी का होगा।	Whoever wins the race will receive the prize.
उसके साथ रास्ते पर कुछ हुआ होगा।	Something must have happened to him on the way.
तुम्हें पक्का मालूम है कि वह समय पर आ रही है?	Are you sure of her coming on time?
मुझे इस गर्मी में पढ़ाई करना अच्छा नहीं लगता।	I don't like studying in this heat.
वह लड़की नहीं चाहती थी कि वह लड़का विदेश जाए।	She didn't want him to go overseas.
क्या तुम कह रहे हो कि मेरी जान ख़तरे में है?	Are you saying my life is in danger?
यह टोपी उस ब्राऊन ड्रेस के साथ जचती नहीं है।	This hat does match the brown dress.
मेरे लिए एक और गरम तौलिया ला सकते हैं क्या?	Could you bring me another hot towel?
वह इटली के एक छोटे से गाँव में पैदा हुआ था।	He was born in a small town in Italy.
हम सब तुम्हारी सेहत के लिए बहुत परेशान हैं।	We are all anxious about your health.
पापा कभी-कभी मुझे दफ़्तर ले जाया करते थे।	Father sometimes took me to his office.
उसने अपनी गाड़ी बिना हिचकिचाहट हे बेच दी।	He sold his own car without hesitation.
इस ड्रेस को कितनी जल्दी तैयार कर सकते हो?	How soon can you have this dress ready?
तुम्हें क्लब के नियमों का पालन करना होगा।	You must observe the rules of the club.
उसे अपने सामान की कीमतें कम करनीं पड़ीं।	He had to reduce the price of his wares.
मुझे बताओ तुम किस चीज़ की आशा कर रहे हो।	Tell me what you are looking forward to.
पुलिस अफ़सर ने चोर को हिरासत में लेलिया।	The police officer arrested the burglar.
टॉम ने पूरी पुस्तक तीन घंटों में पढ़ ली।	Tom read the entire book in three hours.
कोई भी सुशील इनसान सड़क पर थूकेगा नहीं।	A gentleman would not spit on the street.
उसने चुनाव में अपने विरोधी को हरा दिया।	He defeated his opponent in the election.
वह हमारी उम्मीदों को पूरा नहीं कर पाया।	He failed to come up to our expectations.
वह भारत और चीन दोनो में बहुत मशहूर है।	She is well known in both India and China.
उसकी निराशा सभी आसानी से दिख सकते थे।	His disappointment was obvious to everyone.
मुझे परिस्तिथि के बदतर होने का डर है।	I am afraid of the situation getting worse.
आपको आपकी सगाई पर बहुत बहुत बधाईंयाँ।	Let me congratulate you on your engagement.
कुछ अपराधों की कोई सीमा नहीं होती है।	Some crimes have no statute of limitations.
कुछ लोग संविधान को सुधारना चाहते हैं।	Some people want to amend the constitution.
दुनिया और-भी-और तेज़ी से बदल रही है।	The world is changing more and more quickly.
जाने से पहले आग को बुझाना मत भूलना।	Be sure to put out the fire before you leave.
मुझे तुम्हें स्टेशन तक पहुँचाने दो।	Let me give you a lift as far as the station.
मैं दस डॉलर से ज़्यादा नहीं खर्चना चाहता हूँ।	I don't want to spend more than $10.
किसी को भी उसके निर्दोष होने का यकीन नहीं है।	No one believes that he is innocent.
वह तो ऐसे बात करती है जैसे उसे सब कुछ पता हो।	She talks as if she knew everything.
मुझे उस घर को न खरीदने का पछतावा हो रहा है।	I regret not having bought that house.
चाहे सुनने में जितना भी अजीब लगे, यह सच है।	Strange as it may sound, this is true.
मैं कुछ समय से वैसा करने के लिए तैयार हूं।	I've been ready to do that for a while.
तुम्हारे इगज़ैम के रिज़ल्ट बहुत अच्छे हैं।	Your examination results are excellent.
वह हमेशा अपने बॉस की शिकायत करता रहता है।	He is always complaining about his boss.
मुझे चॉकलेट और आइसक्रीम की लत लगी हुई है।	I'm addicted to chocolate and ice cream.
हमें अगले हफ़्ते ड्राईव पर लेजाओगे क्या?	Will you take us for a drive next Sunday?
मैं इस शोर को और बर्दाश्त नहीं कर सकता।	I can't put up with that noise any longer.
मुझे चीनी-वाला चीज़ें नहीं खानी चाहिएँ।	I shouldn't eat food that has sugar in it.
उन दो मंदिरों में तोदाइजी बड़ा वाला है।	Toudaiji is the bigger of the two temples.
मैंने रहने की बजाय जाने का इरादा किया।	I chose to leave instead of staying behind.
उसको बहुत सारे अंग्रेज़ी शब्द आते हैं।	She has a rich vocabulary of English words.
डॉक्टर ने उसको छुट्टी लेने की सलाह दी।	The doctor advised that she take a holiday.
मुझे तुमको यह बात समझाना नामुमकिन है।	It's impossible for me to explain it to you.
वह अपना काम खतम करते ही घर चला गया।	As soon as he finished his work, he went home.
मुझे अपना नाम और फ़ोन नम्बर बताईये।	Please tell me your name and telephone number.
वह पुलिस अफ़सर को देखते ही भाग गया।	The instant he saw the policeman, he ran away.
उसको उसके जुर्म पर बिलकुल भी पछतावा नहीं था।	He exhibited no remorse for his crime.
तुम्हारे लिए डॉक्टर को देखने जाना ज़रूरी है।	It is necessary that you see a doctor.
हमारी पिछली मुलाक़ात से अब दस साल हो गए हैं।	It's been ten years since we last met.
उसने मुझसे कहा कि उसे कुत्ता पालने का मन था।	She told me that she wanted a pet dog.
वह खाना न तो आदमी न जानवर को खिलाने लायक था।	The food was not fit for man or beast.
हमने फिरसे करने की कोशिश की, पर नहीं कर पाए।	We tried it again, but couldn't do it.
मुझे तुम्हारे बेगुनाह होने पर पूरा यकीन है।	I am fully convinced of your innocence.
मेरी उसके साथ पहली मुलाकात लंदन में हुई थी।	I met her in London for the first time.
माँ ने उसके लिए एक सुन्दर सी गुड़िया खरीदी।	Mother bought a beautiful doll for her.
हमे एक-दूसरे को समझने की कोशिश करनी चाहिए।	We should try to understand one another.
तुम "चित भी मेरी पट भी मेरी" नहीं कर सकते।	You can't eat your cake and have it too.
टॉम और मैं तुमसे कहीं ज़्यादा ताकतवर हैं।	Tom and I are much stronger than you are.
वह थोड़ी ताज़ा हवा खाने के लिए बाहर गया।	He went outside for a breath of fresh air.
क्या यह वह ऐनक है जिसे आप ढूँढ रहे थे ?	Are these the glasses you were looking for?
सरकार शिक्षा को सुधारने मे लगी हुई है।	The government has been reforming education.
वह खेत पर सुबह से शाम तक काम करता है।	He works on the farm from morning till night.
जब मैं वहाँ पहुँचा, वे जाने वाले थे।	They were about to leave when I arrived there.
स्टेशन इन दो नगरों के बीच स्थित है।	The station is located between these two towns.
मुझे लगा कि वह काम खतम कर चुका था।	I thought that he had already finished the work.
कल पार्क में एक भी बच्चा नहीं था।	There weren't any children in the park yesterday.
उसकी नाकामयाबी से मेरा कोई लेना-देना नहीं है।	His failure has nothing to do with me.
टॉम यहाँ का अब तक का सबसे समझदार व्यक्ति है।	Tom is by far the smartest person here.
कर्मचारियों को अपने बाल छोटे कटाने होते हैं।	Workers must have their hair cut short.
मैंने पिछले सोमवार से तीन किताबें पढ़ी हैं।	I've read three books since last Monday.
उसने उनको क़ैदियों को छोड़ने का आदेश दिया।	He ordered them to release the prisoners.
जापान तेल के लिए दूसरे देशों पर निर्भर है।	Japan depends on other countries for oil.
मुझसे यह शोर और बर्दाश्त नहीं किया जाएगा।	I can't put up with that noise any longer.
मैं सोच रहा हूँ कि नौकरी लूँ या नहीं लूँ।	I'm wondering whether to take on that job.
वह भारत और चीन दोनो में बहुत प्रसिद्ध है।	She is well known in both India and China.
वह ऐक्सीडेंट उसकी लापरवाही की वजह से हुआ।	That accident was due to his carelessness.
वे हर साल और ज़्यादा गरीब हुए जा रहे थे।	From year to year they were growing poorer.
जापान में स्कूल अप्रैल में शुरू होता है।	In Japan a new school year starts in April.
टॉम और मेरी हमारा प्लैन जानना चाहते हैं।	Tom and Mary want to know what our plan is.
मेरी सोच तुम्हारी सोच से बिलकुल अलग है।	My opinion is entirely different from yours.
मोर की पूंछ के पंख रंग-बिरंगी होते हैं।	The male peacock has colorful tail feathers.
मैं घर पहुँचते ही तुम्हें फ़ोन करूँगी।	I will give you a call as soon as I get home.
हमने मान लिया था कि वह हमारे साथ आएगा।	We took it for granted that he would join us.
मेरा कल मेरे भाई के साथ झगड़ा हुआ था।	I had a fight with my older brother yesterday.
मेरी कल मेरे भाई के साथ लड़ाई हुई थी।	I had a fight with my older brother yesterday.
यह लिफ़्ट छटी मंज़िल तक ही जाती है।	This elevator does not go above the sixth floor.
"आप कहाँ रहते हैं?" "मैं टोक्यो में रहता हूँ"	"Where do you live?" "I live in Tokyo."
वह अपने कर्मचारियों के साथ अच्छे से निभता है।	He is getting along with his employees.
मैं पता लगाऊँगा कि यह दिवाई कैसे काम करती है।	I will find out how the medicine works.
मैं अपनी मम्मी के लिए तोह्फ़ा ढूँढ रहा हूँ।	I am looking for a present for my mother.
तुम्हें अपनी बीमार माँ का ख़याल रखना चाहिए।	You should take care of your sick mother.
यह वही किताब है जिसे मैं पढ़ना चाहता था।	This is the very book that I wanted to read.
एयरपोर्ट के रास्ते पर गाड़ी खराब हो गई।	The car broke down on the way to the airport.
मैं नहीं चाहता कि कोई भी ग़लतफ़ैमी हो।	I don't want there to be any misunderstanding.
पिछले तीन घंटों से क्या कर रहे हो तुम?	What have you been doing the past three hours?
गर्मी में आइसक्रीम से बेहतर कुछ नहीं।	Nothing is better than ice cream in the summer.
उसके दिए गए कारण को समझना मुश्किल है।	The reason which he gave is hard to understand.
हज़ारों विदेशी हर साल जापान जाते हैं।	Thousands of foreigners visit Japan every year.
टॉम की जेब में उस समय पचास डॉलर थें।	Tom had fifty dollars in his pocket at the time.
वे जल्द-से-जल्द शादी करना चाहते थे।	They wanted to get married as soon as they could.
यह सिद्धांत मेरे समझने से बाहर है।	This theory is too difficult for me to comprehend.
वह एक महान कवि ही नहीं बल्कि एक डॉक्टर भी थे।	He was a great poet as well as a doctor.
मुझे अपने पिता की ग़रीबी पर शर्म नहीं आती है।	I'm not ashamed of my father being poor.
उसे शायद अपनी नौकरी अगले महीने छोड़नी पड़ेगी।	She may have to quit her job next month.
नए ब्रिज को इन्द्रधनुष ब्रिज का नाम दिया गया।	The new bridge was named Rainbow Bridge.
अगर तुम कानून तोड़ोगे तो तुम्हें सज़ा मिलेगी।	You'll be punished if you break the law.
डब्बा इतना भारी था कि मैं उसे हिला नहीं सका।	The box was so heavy I could not move it.
वे इंग्लैंड के एक छोटे से गाँव में रहते हैं।	They live in a little village in England.
मुझे नहीं लगता कि तुम इसे ठीक से कर रहे हो।	I don't think you're doing that correctly.
वह बूढ़ा किसान उसको बहुत पैसे नहीं देता था।	The old farmer did not pay him much money.
तुम्हें खिड़कियाँ बंद करने की नहीं सूझी?	Did it not occur to you to close the windows?
पुलीसवाले ने आदमी को दरवाज़ा खोलते देखा।	The policeman observed the man open the door.
वह आसानी से मान जाने वाला आदमी नहीं है।	He is not the sort of guy who gives in easily.
वह अपनी तस्वीर जो भी चाहे उसको दे देगी।	She will give her picture to whoever wants it.
मुझे नहीं लगता कि टॉम मैरी को देखना चाहता है।	I don't think that Tom wants to see Mary.
म्युज़ियम सोमवार से शुक्रवार तक खुला रहता है।	The museum is open from Monday to Friday.
वह हमेशा यहाँ पाँच से छः बजे के बीच होता है।	He is always here between 5 and 6 o'clock.
जापानी दिन में कम-से-कम एक बार चावल खाते है।	The Japanese eat rice at least once a day.
अगर कल बारिश हुई तो तुम घर में रहोगे क्या?	If it rains tomorrow, will you stay at home?
माँ हाथ पकड़कर अपने बच्चे को ले जा रही है।	The mother is leading her child by the hand.
उसे अपनी उम्र के बारे में सोचना चाहिए था।	He ought to have made allowances for his age.
उसने मेज़ पर रखे हुए कपों में कॉफ़ी डाली।	She poured coffee into the cups on the table.
फ़ैक्टरी में काम अगले महीने से रुक जाएगा।	The factory will cease operations next month.
मुझसे कोई भी सवाल पूछने में न हिचकिचाएँ।	Please don't hesitate to ask me any questions.
टॉम ने अभी तक किसी से आंख नहीं मिलाई है।	Tom still hasn't made eye contact with anyone.
तुम दो तीन दिनों में फिरसे ठीक हो जाओगे।	You'll be all right again in a couple of days.
तुम दो तीन दिनों में फिरसे ठीक हो जाओगी।	You'll be all right again in a couple of days.
हमें अपने दोस्तों से मदद माँगनी पड़ेगी।	We will have to call on our friends to help us.
मैं उसकी अचानक मौत की खबर से चौंक गया।	I was surprised at the news of his sudden death.
वे टैक्स सुधार क़ानून के पक्ष में हैं।	They are in favor of the reform of the tax laws.
वह चिट्ठी पढ़ने के समय दुखी लग रही थी।	When she was reading the letter, she looked sad.
जंगल में रहते समय उसे मलेरिया हो गया।	He contracted malaria while living in the jungle.
वे ऐसे खाते रहे जैसे कुछ हुआ ही न हो।	They continued eating as if nothing had happened.
मुझे नहीं पता वह मेरे साथ वहाँ जाएगी कि नहीं।	I don't know if she will go there with me.
मैं यह मुश्किल काम उसके लिए छोड़ना चाहता हूँ।	I want to leave this difficult job to her.
तुम टीवी देखने में काफ़ी समय बरबाद कर रहे हो।	You're spending too much time watching TV.
तुम ब्रिज पर खड़े हुए आदमी को जानते हो क्या?	Do you know the man standing on the bridge?
उन्होंने पुस्तकालय को बहुत सारी किताबें दीं।	They furnished the library with many books.
टॉम मेरे साथ ऑस्ट्रेलिया नहीं जाना चाहता था।	Tom didn't want to go to Australia with me.
वह अंग्रेज़ी नागरिक है पर भारत में रहता है।	He is a British citizen, but lives in India.
चोर ने पुलिस को उसको पकड़ने के लिए गाली दी।	The thief cursed the police for finding him.
उसने अपनी सिगरेट पीने की बुरी आदत छोड़ दी।	He broke himself of the bad habit of smoking.
सही और ग़लत में अंतर करना मुश्किल होता है।	To distinguish right from wrong is difficult.
तुम आमतौर पर रोज़ सुबह कितने बजे उठते हो?	What time do you usually get up every morning?
आपको अभी अपनी राय बनाने की जरूरत नहीं है।	You don't have to make up your mind right now.
आपको कुछ नए प्रॉडक्ट्स दिखाना चाहते हैं।	We have some new products we'd like you to see.
ग्यारह बज चुके हैं। मुझे चलना चाहिए।	It's already eleven o'clock. I must be leaving now.
बैट और बॉल दोनो कल एकसाथ चोरी हो गए।	The bat was stolen yesterday, along with the balls.
उसे पैसे चुराने के लिए गिरफ़्तार कर लिया गया।	He was arrested because he stole the money.
यह कविता सबसे पहले फ़्रानसीसी में लिखी गई थी।	This poem was originally written in French.
मेरी पार्टी में जो भी आना चाहता है आ सकता है।	Whoever wants to come to my party may come.
मैं रोज़ाना कम से कम तीन बार मंजन करती हूँ ।	I brush my teeth at least three times a day.
मुझे नहीं पता वह लंदन के लिए रवाना कब होएगी।	I don't know when she will leave for London.
बच्चों ने एक-दूसरे की नकल करने की कोशिश करी।	The children tried to imitate their teacher.
तुम यहाँ सारे के सारे पेड़ काट डालोगे क्या?	Are you going to cut down all the trees here?
वह टेस्ट के नतीजे को जानने के लिए बेचैन है।	He is anxious to know the result of the test.
क्लासरूम में घुसते समय अपनी टोपी उतारा करो।	Take off your hat when you enter a classroom.
यह वह गाँव है जहाँ मेरे पिताजी पैदा हुए थे।	This is the village where my father was born.
उस किताब को पुस्तकालय को लौटाना मत भूलना।	Don't forget to return the book to the library.
वह इस क्लब का सदस्य पाँच साल पहले बना था।	He became a member of this club five years ago.
तैवान में रहते समय मेरी उससे दोस्ती हुई।	I became friends with him while I was in Taiwan.
मेरे ख़याल से वह कभी भी वापस नहीं आएगा।	I am of the opinion that he will never come back.
कल रविवार था, तो मैं पूरे दिन सोते रहा।	I slept all day yesterday, because it was Sunday.
मैंने दोपहरभर अपने दोस्तों से गप मारी।	I spent the whole afternoon chatting with friends.
लंदन के लोगों को इस ब्रिज पर गर्व है।	The people of London are very proud of this bridge.
मैं आपकी अच्छाई को कभी नहीं भूलूँगा।	I will never forget your kindness so long as I live.
बहतर होगा कि तुम उससे सलाह न माँगो।	It would be better for you not to ask him for advice.
मेरे लिए छः बजे से पहले उठना बहुत मुश्किल है।	It is difficult for me to get up before six.
मेरे पिता अपने शौक पर बहुत समय खर्च करते हैं।	My father spends a lot of time on his hobby.
मेरे माता-पिता अभी-अभी स्टेशन पर पहुँचें हैं।	My parents have just arrived at the station.
उसने किसी भी मौके को हाथ से जाने नहीं दिया।	He took advantage of every opportunity he had.
यह पैसा ज़रूरतमंदों में बाँट देना चाहिए।	The money should be distributed to those in need.
भारत विश्व में सातवाँ सबसे बड़ा देश है।	India is the seventh largest country in the world.
मेरी दो बहनें हैं और दोनो की शादी हो चुकी है।	I have two sisters, both of whom are married.
इस बारिश में बाहर जाना एकदम सवाल के बाहर है।	Going out in this rain is out of the question.
तुम्हें अभी अपनी राय बनाने की जरूरत नहीं है।	You don't have to make up your mind right now.
हमारे पास सोचने के लिए बहुत सारी बातें हैं।	There are lots of things for us to think about.
मुझे एक दिन में काम खतम करना नामुमकिन लगा।	I found it impossible to do the work in one day.
तुम्हारे लिए वहाँ तुरन्त जाना अनिवार्य है।	It is necessary for you to go there immediately.
डॉक्टर ने उससे कहा कि उसे आराम लेना चाहिए।	The doctor told her that she should take a rest.
दवा तस्कर हवाई अड्डे पर गिरफ्तार किया गया था।	The drug smuggler was arrested at the airport.
मुझे नहीं लगता कि टॉम टेस्ट में पास होगा।	I have a gut feeling that Tom won't pass the test.
सब कुछ समझाने के लिए मुझे अरसा लग जाएगा।	It would take forever for me to explain everything.
हमे अंदर जाने से पहले जूते उतारने होंगे।	We will have to take off our shoes before going in.
मुझे यह तस्वीर जल्द-से-जल्द बनवानी है।	I want this photograph developed as soon as possible.
उसने मुझे चिट्ठी का जवाब न देने के लिए डाँटा।	She reproached me for not answering the letter.
मुझे ठीक से नहीं पता वह क्या करने वाली है।	I do not know for certain what she is going to do.
मुझे लगता है कि यहाँ कुछ ग़लतफ़ैमी हुई है।	I think there has been some misunderstanding here.
मेरी माँ अक्सर लोगों के नाम भूलती रहती है।	My mother is constantly forgetting people's names.
लंदन दुनिया के सबसे बड़े शहरों में से एक है।	London is one of the largest cities in the world.
मैं काम पर जाने के बजाय सारे दिन घर पर रहा।	I stayed at home all day instead of going to work.
और इंतेज़ार करना समय की सरासर बर्बादी होगी।	It's an absolute waste of time to wait any longer.
एड्स के फैलाव की तेज़ गति बहुत भयानक है।	The speed of the spread of AIDS is horrifyingly fast.
इस नदी में बहुत कम मछलियाँ पकड़ीं गईं।	The number of fish caught in this river was very small.
कल का मौसम कैसा होगा कहना मुश्किल है।	It's hard to say what the weather will be like tomorrow.
उसको यकीन है कि वह परीक्षा में पास हो जाएगा।	He is confident that he will pass the examination.
मैं हैरान था कि वह सवाल का जवाब नहीं दे पाई।	To my surprise, she could not answer the question.
हम स्टेशन पर तब पहुँचे जब ट्रेन चल पड़ी थी।	We arrived at the station as the train was leaving.
अबसे आपकी हिफ़ाज़त के लिए हम ज़िम्मेदार हैं।	We are responsible for your protection from now on.
कुछ दिन पहले उसकी माँ हस्पताल में चल बसीं।	The other day her mother passed away in the hospital.
मरीज़ आँखें बंद कर बिस्टर पर लेटा हुआ था।	The patient was lying in the bed with his eyes closed.
हम रोज़ एक-दूसरे से फ़ोन पर बात करते हैं।	We communicate with each other by telephone every day.
तुम इन दो तस्वीरों में अंतर बता सकते हो?	Can you tell the difference between these two pictures?
मतलबी इनसान केवल अपने बारे में ही सोचता है।	A selfish man thinks of nothing but his own feelings.
मैं बारिश में फंस गया था और तर-तर भीग गया।	I was caught in a shower and was drenched to the skin.
उसकी मदद के बिना तुम नहीं कर पाते।	If it had not been for her help, you would never have done it.
बाग के सारे फूल पानी की कमी की वजह से मर गए।	All the flowers in the garden died for lack of water.
जो पैसे भर चुकें हैं, उनके नाम काट दो।	Cross off the names of the people who have paid their dues.
गाड़ी में आसानी से पहाड़ चढ़ने लायक जान है।	This car has enough power to go up the mountain easily.
परसों से बारिश रुक रुक के हो रही है।	It has been raining on and off since the day before yesterday.
ताज महल विश्व के सात आश्चर्यों में से एक है।	The Taj Mahal is one of the seven wonders of the world.
उनके इनवेस्टमेंट पर ८ प्रतिशत का फ़ायदा हुआ।	They obtained a yield of 8 percent on their investment.
तुम कल रात रेडियो को बंद करना भूल गए थे ना?	Last night you forgot to turn off the radio, didn't you?
टॉम ने झाँक कर देखा, लेकिन किसी को नहीं देखा।	Tom looked through the peephole, but didn't see anyone.
असली और नकली हीरों में क्या फ़र्क होता है?	What is the difference between imitation and real diamonds?
मुम्बई भारतीय राज्य महाराष्ट्र की राजधानी है।	Mumbai is the capital of the Indian state of Maharashtra.
छत पर घूरने के बजाए उपन्यास ही पढ़लो।	You might as well read a novel instead of staring at the ceiling.
मैं आज घर साफ़ करने के बजाय सैर करने जाऊँगी।	Instead of cleaning the house today, I think I'll take a walk.
