abandon	abandoned	abandoned	abandoning	0	छोड़देना
abase	abased	abased	abasing	0	अवमानितकरना
abate	abated	abated	abating	0	कमहोना
abbreviate	abbreviated	abbreviated	abbreviating	0	संक्षिप्तकरना
abdicate	abdicated	abdicated	abdicating	0	स्वेच्छासेछोड़ना
abduct	abducted	abducted	abducting	0	अपहरणकरना
abet	abeted	abeted	abeting	0	उकसाना{बुरेकामकेलिये}
abhor	abhorred	abhorred	abhorring	0	घृणाकरना
abide	abided	abided	abiding	1	सहनकरना; एकजगहरहना
abjure	abjured	abjured	abjuring	0	शपथत्यागकरना
abolish	abolished	abolished	abolishing	0	उन्मूलनकरना[होना]
abort	aborted	aborted	aborting	0	गर्भपातहोना; छोड़देना{अधूरा}
abound	abounded	abounded	abounding	0	बहुतायातसेहोना
abrade	abraded	abraded	abrading	0	घिसना
abridge	abridged	abridged	abridging	0	संक्षेपणकरना
abrogate	abrogated	abrogated	abrogating	0	रद्दकरना
abscond	absconded	absconded	absconding	0	फरारहोना
absent	absented	absented	absenting	0	अनुपस्थितहोना
absolve	absolved	absolved	absolving	0	विमुक्तकरना; क्षमाकरना
absorb	absorbed	absorbed	absorbing	0	सोखना; ग्रहणकरना
abstain	abstained	abstained	abstaining	0	परहेज़करना; सेदूररहना
abstract	abstracted	abstracted	abstracting	0	हटालेना; संक्षिप्तबनाना; संक्षेपकरना
abuse	abused	abused	abusing	0	दुर्व्यवहारकरना
abut	abuted	abuted	abuting	0	मिलना
accede	acceded	acceded	acceding	0	स्वीकारकरना
accelerate	accelerated	accelerated	accelerating	0	चालबढ़ाना
accent	accented	accented	accenting	0	स्वरउच्चारणकरना
accentuate	accentuated	accentuated	accentuating	0	जोरदेना
accept	accepted	accepted	accepting	0	स्वीकारकरना
access	accessed	accessed	accessing	0	पहुँचना
acclaim	acclaimed	acclaimed	acclaiming	0	वाहवाहकरना
acclimatize	acclimatized	acclimatized	acclimatizing	0	दशानुकूलितहोना[करना]
accommodate	accommodated	accommodated	accommodating	0	रह[रख]सकना; समाविष्टकरना[कराना]; समायोजितकरना; सहायताकरना
accompany	accompanied	accompanied	accompanying	0	साथहोना[जाना]; संगतकरना
accomplish	accomplished	accomplished	accomplishing	0	पूराकरना
accord	accorded	accorded	according	0	मिलना[मिलाना]; देना
accost	accosted	accosted	accosting	0	संबोधनकरना
account	accounted	accounted	accounting	0	कुछहोनेकीआशंका; मानना; निश्चितमात्रामेंहोना
accredit	accredited	accredited	accrediting	0	प्रत्यायितकरना; श्रेयदेना
accrue	accrued	accrued	accruing	0	बढ़ना; इकठ्ठाहोना
accumulate	accumulated	accumulated	accumulating	0	संचयकरना
accuse	accused	accused	accusing	0	दोषलगाना
accustom	accustomed	accustomed	accustoming	0	अभ्यस्तहोना
ache	ached	ached	aching	0	दर्दकरना
achieve	achieved	achieved	achieving	0	पूराकरना
acidify	acidified	acidified	acidifying	0	अम्लकरना
acknowledge	acknowledged	acknowledged	acknowledging	0	स्वीकारकरना
acquaint	acquainted	acquainted	acquainting	0	अवगतकरना[कराना]
acquiesce	acquiesced	acquiesced	acquiescing	0	बिनाविरोधकेस्वीकारकरना
acquire	acquired	acquired	acquiring	0	अर्जनकरना
acquit	acquitted	acquitted	acquitting	0	दोषमुक्तकरना
act	acted	acted	acting	0	कामकरना; अभिनयकरना
activate	activated	activated	activating	0	सक्रियकरना
actuate	actuated	actuated	actuating	0	परिचालितकरना
adapt	adapted	adapted	adapting	0	अनुकूल बनाना; के लिऐ रूपांतरित करना
add	added	added	adding	0	जोड़ना; बढाना; मिलाना
address	addressed	addressed	addressing	0	पतालिखना; भाषणदेना; निवेदनकरना; उपाधिदेना; वाकिफकरना[होना]
adduce	adduced	adduced	adducing	0	प्रमाणदेना
adhere	adhered	adhered	adhering	0	पालनकरना; चिपकना
adjoin	adjoined	adjoined	adjoining	0	संयुक्तहोना[करना]
adjourn	adjourned	adjourned	adjourning	0	स्थगितकरना; कुछसमयकेलिएरोकना; स्थानांतरितकरना[होना]
adjudge	adjudged	adjudged	adjudging	0	निर्णयकरना[देना]
adjudicate	adjudicated	adjudicated	adjudicating	0	मुकदमेकानिर्णयकरना; न्यायाधीशबनना
adjure	adjured	adjured	adjuring	0	शपथदिलाकरपूछना
adjust	adjusted	adjusted	adjusting	0	अनुकूलबनाना; व्यवस्थितकरना; बराबरकरना
administer	administered	administered	administering	0	प्रबन्धकरना; प्रशासनकरना; प्रभावमेंलाना; देना
admire	admired	admired	admiring	0	प्रशंसाकरना
admit	admitted	admitted	admitting	0	स्वीकारकरना; प्रवेशदेना; भर्तीकरना
admonish	admonished	admonished	admonishing	0	साधारणचेतावनीदेना; गम्भीरतासेसलाहदेना
adopt	adopted	adopted	adopting	0	गोदलेना; ग्रहणकरना; स्वीकारकरना; मानना
adore	adored	adored	adoring	0	आराधनाकरना; बहुतपसन्दकरना
adorn	adorned	adorned	adorning	0	सजाना
adulterate	adulterated	adulterated	adulterating	0	मिलावटकर
adumbrate	adumbrated	adumbrated	adumbrating	0	अस्पष्टरूपसेसमझाना; पूर्वसूचनादेना
advance	advanced	advanced	advancing	0	आगेबढ़ना[बढाना]; प्रगतिकरना; अग्रिमराशिदेना; विचारयासुझावदेना; निश्चितसमयसेपूर्वकरना
advantage	advantaged	advantaged	advantaging	0	पूराफायदाउठाना
advertise	advertised	advertised	advertising	0	विज्ञापनदेना
advise	advised	advised	advising	0	सलाहदेना; सूचितकरना
advocate	advocated	advocated	advocating	0	वकालतकरना
aerate	aerated	aerated	aerating	0	हवाभरना
affect	affected	affected	affecting	0	प्रभावडालना; बहानाकरना
affiliate	affiliated	affiliated	affiliating	0	सहबद्धकरना{किसीछोटीसंस्थाकोबड़ीसंस्थासे}
affirm	affirmed	affirmed	affirming	0	प्रमाणितकरना; दृढ़तापुर्वककहना
affix	affixed	affixed	affixing	0	संयुक्तकरना; जोड़ना
afflict	afflicted	afflicted	afflicting	0	त्रस्तहोना[करना]
afford	afforded	afforded	affording	0	वहनकरपाना; जुटापाना{धन}
afforest	afforested	afforested	afforesting	0	जंगललगाना
affront	affronted	affronted	affronting	0	अपमानितकरना
age	aged	aged	aging	0	उम्रबढ़ना; बड़ाहोजाना; पुरानाहोना
aggravate	aggravated	aggravated	aggravating	0	उत्तेजितकरना; क्रोधितकरना
aggrieve	aggrieved	aggrieved	aggrieving	0	दुखदेना
agitate	agitated	agitated	agitating	0	हलचलमचाना
agonize	agonized	agonized	agonizing	0	अत्यन्तपीड़ितहोना
agree	agreed	agreed	agreeing	0	सहमतहोना
aid	aided	aided	aiding	0	मददकरना
ail	ailed	ailed	ailing	0	कष्ट देना{दु:ख देना}
aim	aimed	aimed	aiming	0	लक्षितकरना; निशानाबनाना
air	aired	aired	airing	0	हवा देना; व्यक्तकरना
airlift	airlifted	airlifted	airlifting	0	हवाई जहाज द्वारा लोगो या सामानों को लाना-लेजाना
alienate	alienated	alienated	alienating	0	विमुखकरना
alight	alighted	alighted	alighting	0	नीचेआना; उतरना
align	aligned	aligned	aligning	0	पँक्तिलगाना; सम्मिलित करना
allay	allayed	allayed	allaying	0	दबाना{शांत कर देना}
allege	alleged	alleged	alleging	0	बिनासबूतकेआरोपलगाना
alleviate	alleviated	alleviated	alleviating	0	कमकरना
allocate	allocated	allocated	allocating	0	निर्धारित करना; बाँटना
allot	allotted	allotted	allotting	0	देना{बाँटना}
allow	allowed	allowed	allowing	0	अनुमतिदेना; आज्ञादेना; स्वीकारकरना; मानलेना
alloy	alloyed	alloyed	alloying	0	मिलाना
allude	alluded	alluded	alluding	0	संकेतकरना
allure	allured	allured	alluring	0	लुभाना
ally	allied	allied	allying	0	समबद्धकरना
alter	altered	altered	altering	0	बदलजाना
alternate	alternated	alternated	alternating	0	बारी-बारीसेकरना
am	amed	amed	aming	0	हूँ
amalgamate	amalgamated	amalgamated	amalgamating	0	मिलजाना
amass	amassed	amassed	amassing	0	संचितकरना
amaze	amazed	amazed	amazing	0	चकित करना
amble	ambled	ambled	ambling	0	टहलना
ambush	ambushed	ambushed	ambushing	0	घातलगाना
ameliorate	ameliorated	ameliorated	ameliorating	0	सुधारना
amend	amended	amended	amending	0	संशोधनकरना
amortize	amortized	amortized	amortizing	0	किस्तो में ऋण चुकाना
amount	amounted	amounted	amounting	0	केबराबरहोना
amplify	amplified	amplified	amplifying	0	बढ़ाना{खासकरआवाज़}; कहानीमेंअतिरिक्तविवरणदेना
amputate	amputated	amputated	amputating	0	काटना{अंगोच्छेदनकरना}
amuse	amused	amused	amusing	0	मनोरंजन करना
anaesthetize	anaesthetized	anaesthetized	anaesthetizing	0	चेतनाशून्य करना
analyse	analysed	analysed	analysing	0	विश्लेषण करना; मनोविश्लेषण
anchor	anchored	anchored	anchoring	0	लंगरडालना; नींव
anger	angered	angered	angering	0	क्रोधित करना
angle	angled	angled	angling	0	काटे से मछली पकड़ना; इशारेसेमाँगना
anglicize	anglicized	anglicized	anglicizing	0	अंग्रेजी{ढंगका}बनाना
animate	animated	animated	animating	0	जीवन संचार करना; प्राण डालना
annex	annexed	annexed	annexing	0	साथ जोडना; संलग्न करना
annihilate	annihilated	annihilated	annihilating	0	विनाश करना; मिटाना९
annotate	annotated	annotated	annotating	0	टिप्पणी करना; टीकाकरकेसमझाना
announce	announced	announced	announcing	0	घोषणाकर
annoy	annoyed	annoyed	annoying	0	चिढ़ाना; सताना
annul	annuled	annuled	annuling	0	रद्द करना; निष्फलकरना
anoint	anointed	anointed	anointing	0	तेललगाना
answer	answered	answered	answering	0	उत्तरदेना
antagonize	antagonized	antagonized	antagonizing	0	विरोध करना
antedate	antedated	antedated	antedating	0	पूर्व-दिनांकितकरना
apologize	apologized	apologized	apologizing	0	क्षमामाँगना
appall	appalled	appalled	appalling	0	विस्मितकरदेना
appeal	appealed	appealed	appealing	0	अपीलकरना; याचनाकरना; पुनर्विचारकेलियेप्रार्थनाकरना; अच्छालगना
appear	appeared	appeared	appearing	0	दिखाईपड़ना; दिखपड़ना; प्रकटहोना; प्रकाशितहोना; उपस्थितहोना; जानपड़ना
appease	appeased	appeased	appeasing	0	संतुष्टकरना
append	appended	appended	appending	0	परिशिष्टकेरूपमेंलगाना
appertain	appertained	appertained	appertaining	0	सम्बन्धरखना
applaud	applauded	applauded	applauding	0	तालीबजाकरप्रशंसाकरना; सराहना करना
apply	applied	applied	applying	0	लागू करना; लगाना; प्रयोग में लाना; आवेदनपत्रदेना
appoint	appointed	appointed	appointing	0	नियुक्तकरना; नियत करना
apportion	apportioned	apportioned	apportioning	0	संविभाजित करना
appose	apposed	apposed	apposing	0	एककेऊपरदूसरीचीज़रखना
appraise	appraised	appraised	appraising	0	मूल्यांकन करना
appreciate	appreciated	appreciated	appreciating	0	सराहाजाना
apprehend	apprehended	apprehended	apprehending	0	गिरफ्तार करना; पकड़ना
apprentice	apprenticed	apprenticed	apprenticing	0	शिष्यबनना
apprise	apprised	apprised	apprising	0	सूचित करना
approach	approached	approached	approaching	0	पासआना; पहुँचना
appropriate	appropriated	appropriated	appropriating	0	अनुचितरूपसेअपनाबनालेना; अलगरखना
approve	approved	approved	approving	0	अनुमोदनकरना; पसन्दकरना
approximate	approximated	approximated	approximating	0	समीप आना
arbitrate	arbitrated	arbitrated	arbitrating	0	मध्यस्थता करना; पंच फैसला देना; निर्णयकरना
argue	argued	argued	arguing	0	बहस करना; प्रमाणितकरना
arise	arose	arisen	arising	1	उठना; खड़ाहोना
arm	armed	armed	arming	0	शस्त्रयुक्तकरना
arouse	aroused	aroused	arousing	0	जगाना; उत्तेजितकरना; वासनाजगाना
arraign	arraigned	arraigned	arraigning	0	दोषीठहराना{न्यायकर्त्ताकेसामनेअपराधीकोउपस्थितकरना}
arrange	arranged	arranged	arranging	0	प्रबन्धकरना; क्रमसेलगाना
array	arrayed	arrayed	arraying	0	सजाना; वस्त्रपहनाना
arrest	arrested	arrested	arresting	0	गिरफ्तारकरना; पकड़ना; रोकना; आकर्षितकरना
arrive	arrived	arrived	arriving	0	पहुँचना; आ_जाना
articulate	articulated	articulated	articulating	0	साफ़बोलना; जोड़ना
ascend	ascended	ascended	ascending	0	चढ़ना; बढ़ना
ascertain	ascertained	ascertained	ascertaining	0	जाँचकरपतालगाना
ascribe	ascribed	ascribed	ascribing	0	आरोपण करना; उत्तरदायी ठहराना; कारणमानना
ask	asked	asked	asking	0	पूछना; माँगना; निमंत्रण देना
asphalt	asphalted	asphalted	asphalting	0	डामरडालना
aspire	aspired	aspired	aspiring	0	चाहना
assail	assailed	assailed	assailing	0	बौछारहोना[करना]; टूट पडना
assassinate	assassinated	assassinated	assassinating	0	हत्याकरना
assault	assaulted	assaulted	assaulting	0	हमला करना; आक्रमणकरना
assay	assayed	assayed	assaying	0	परखकरना{धातुओंकी}
assemble	assembled	assembled	assembling	0	एकत्रितहोना
assent	assented	assented	assenting	0	स्वीकृतिदेना[करना]
assert	asserted	asserted	asserting	0	बलपूर्वक कहना; जोर देना
assess	assessed	assessed	assessing	0	आँकना
assign	assigned	assigned	assigning	0	निश्चित करना; नियुक्त करना; बाँटना; सौपना
assimilate	assimilated	assimilated	assimilating	0	आत्मसातकरना
assist	assisted	assisted	assisting	0	सहायताकरना; मदद करना
associate	associated	associated	associating	0	जुड़ना[जोड़ना]
assort	assorted	assorted	assorting	0	छाँटना
assuage	assuaged	assuaged	assuaging	0	शान्त करना
assume	assumed	assumed	assuming	0	कल्पना करना; मान लेना; कार्यभार संभालना।; रूप धारण करना
assure	assured	assured	assuring	0	आश्वासन देना; निश्चित होना
astonish	astonished	astonished	astonishing	0	चकित करना
astound	astounded	astounded	astounding	0	चकित करना
atone	atoned	atoned	atoning	0	प्रायश्चितकरना
attach	attached	attached	attaching	0	जोड़ना; नत्थीकरना; अपनाना; कुर्ककरना
attack	attacked	attacked	attacking	0	धावाकरना; आक्रमणकरना
attain	attained	attained	attaining	0	प्राप्तकरना; पहुँचना
attempt	attempted	attempted	attempting	0	प्रयासकरना
attend	attended	attended	attending	0	हिस्सालेना; सेवाकरना; ध्यानदेना
attenuate	attenuated	attenuated	attenuating	0	कमकरना
attest	attested	attested	attesting	0	गवाहीदेना; हस्ताक्षरकरना
attire	attired	attired	attiring	0	वस्त्रपहनना
attract	attracted	attracted	attracting	0	आकर्षितकरना
attribute	attributed	attributed	attributing	0	सम्बन्धठहराना
attune	attuned	attuned	attuning	0	कीआदतपड़जाना
auction	auctioned	auctioned	auctioning	0	नीलामकरना
auctioneer	auctioneered	auctioneered	auctioneering	0	नीलाममेँबेचना
audit	audited	audited	auditing	0	लेखाजाँचना
augment	augmented	augmented	augmenting	0	बढ़ाना[बढ़ना]
augur	augured	augured	auguring	0	आगमकहना
authenticate	authenticated	authenticated	authenticating	0	प्रमाणितकरना
authorize	authorized	authorized	authorizing	0	अधिकारदेना; अधिकृतहोना
avail	availed	availed	availing	0	लाभउठाना
avenge	avenged	avenged	avenging	0	बदलालेना
aver	avered	avered	avering	0	वादाकरना
average	averaged	averaged	averaging	0	औसतनिकालना
avert	averted	averted	averting	0	घुमादेना; टालदेना
avoid	avoided	avoided	avoiding	0	सेबचना
avow	avowed	avowed	avowing	0	बीड़ाउठाना
await	awaited	awaited	awaiting	0	बाटजोहना
awake	awoke	awoken	awaking	1	जागना
awaken	awakened	awakened	awakening	0	जागजाना[जगादेना]
award	awarded	awarded	awarding	0	पुरस्कारदेना
awe	awed	awed	awing	0	विस्मयपूर्णआदर[डर]उत्पन्नकरना
axe	axed	axed	axing	0	काटना[कमकरना]
babble	babbled	babbled	babbling	0	बुड़बुड़ाना
baby	babied	babied	babying	0	केसाथबच्चेजैसाव्यवहारकरना
back	backed	backed	backing	0	पीछेहोना‘; समर्थनदेना[पाना]; सहारादेना
backbite	backbit	backbitten	backbiting	1	पीठपीछेनिंदाकरना
backcomb	backcombed	backcombed	backcombing	0	उल्टीओरबालकाढ़ना
backdate	backdated	backdated	backdating	0	पिछलीतिथिडालना
backfire	backfired	backfired	backfiring	0	उल्टीप्रतिक्रियाहोना
backspace	backspaced	backspaced	backspacing	0	एकस्थानसेपीछेजाना
backtalk	backtalked	backtalked	backtalking	0	पलटकरजवाबदेना
backtrack	backtracked	backtracked	backtracking	0	वापिसजाना
badger	badgered	badgered	badgering	0	पीछण्डफौ९
baffle	baffled	baffled	baffling	0	असमंजसमेंडालना; रुकावटडालना
bag	bagged	bagged	bagging	0	थैलेमेंरखना; लेलना; झूलना
bait	baited	baited	baiting	0	चारारखना
bake	baked	baked	baking	0	सेँकना
balance	balanced	balanced	balancing	0	संतुलनरखना; बकायानिकालना
bale	baled	baled	baling	0	छटरी{पेराशूट}सेउतरना
ballot	balloted	balloted	balloting	0	मतदान
ban	banned	banned	banning	0	प्रतिबंधलगाना
bandage	bandaged	bandaged	bandaging	0	पट्टीबाँधना
bang	banged	banged	banging	0	धमाकेदारआघातकरना
banish	banished	banished	banishing	0	निकालदेना
bank	banked	banked	banking	0	बैंकमेँरूपयारखना
bantering	banteringed	banteringed	banteringing	0	दिल्लगीकरना
baptize	baptized	baptized	baptizing	0	बप्तिस्मादेना
bare	bared	bared	baring	0	निर्वस्त्रकरना; प्रकटकरना
bargain	bargained	bargained	bargaining	0	मोल-भावकरना
barge	barged	barged	barging	0	जबरदस्तीघुसना
bark	barked	barked	barking	0	भौँकना
barrel	barreled	barreled	barreling	0	पीपेमेँभरना
barricade	barricaded	barricaded	barricading	0	मोरचाबाँधना
barter	bartered	bartered	bartering	0	वस्तु-विनिमयकरना
base	based	based	basing	0	आधारितकरना
bask	basked	basked	basking	0	धूपमेँगरमकरनायासेँकना
batten	battened	battened	battening	0	फलफूलना; मौजकरना
batter	battered	battered	battering	0	मारना; कूटना
battle	battled	battled	battling	0	लड़ना
bawl	bawled	bawled	bawling	0	ज़ोरसेरोनायाचिल्लाना
bay	bayed	bayed	baying	0	भौंकना{शिकारीकुत्तोंका}
bayonet	bayoneted	bayoneted	bayoneting	0	बेनटसेवारकरना
be	was/were	been	being	1	होना
beach	beached	beached	beaching	0	समुद्रकेकिनारेपरलाना
beam	beamed	beamed	beaming	0	प्रकाशडालना; मुस्कुराना
bear	bore	borne	bearing	1	धारण करना; बर्दाश्तकरना; वहनकरना
beat	beat	beaten	beating	1	हराना; वारकरना; खटखटाना; धड़कना; टकराना; तड़पाना; फेंटना; पीटना
beautify	beautified	beautified	beautifying	0	सजाना
beckon	beckoned	beckoned	beckoning	0	संकेतकरना
become	became	become	becoming	1	बनना; उचितहोना
bed	bedded	bedded	bedding	0	रातकोशरणदेना; पौधालगाना; संभोगकरना
bedeck	bedecked	bedecked	bedecking	0	सजाना
beep	beeped	beeped	beeping	0	आवाज़करना
befall	befell	befallen	befalling	1	आपड़ना
befit	befitted	befitted	befitting	0	शोभादेना
befriend	befriended	befriended	befriending	0	दोस्तीकरना
beg	begged	begged	begging	0	भीखमांगना; प्रार्थनाकरना
beget	begot	begotten	begeting	1	जनकहोना; उत्पन्नकरना
beggar	beggared	beggared	beggaring	0	कंगालकरदेना
begin	began	begun	beginning	1	प्रारम्भहोना
begrudge	begrudged	begrudged	begrudging	0	देनेमेंसंकोचकरना; असंतोष
beguile	beguiled	beguiled	beguiling	0	किसीकोखुशकरना; खुशीसेसमयबिताना; बेवकूफबनाना
behave	behaved	behaved	behaving	0	व्यवहारकरना
behead	beheaded	beheaded	beheading	0	सिरकाटना
behold	beheld	beheld	beholding	1	निहारना
behove	behoved	behoved	behoving	0	उपयुक्तहोना
belch	belched	belched	belching	0	डकारलेना
belie	belied	belied	belying	0	झूठाकरना
believe	believed	believed	believing	0	विश्वासकरना
belittle	belittled	belittled	belittling	0	छोटाकरना
bellow	bellowed	bellowed	bellowing	0	पीड़ाकेकारणरोना; गुस्सेसेचिल्लाना
belong	belonged	belonged	belonging	0	सदस्य होना
bemoan	bemoaned	bemoaned	bemoaning	0	दुखप्रकटकरना
bend	bent	bent	bending	1	मोडना[मुड़ना]
benefit	benefited	benefited	benefiting	0	भलाकरना
bequeath	bequeathed	bequeathed	bequeathing	0	वसीयत करना
berate	berated	berated	berating	0	डाँटना
bereave	bereft	bereft	bereaving	1	छीन लेना{वंचितकरना}
berth	berthed	berthed	berthing	0	जगह देना
beset	beset	beset	beseting	1	घेरलेना
besiege	besieged	besieged	besieging	0	घेरलेना; घेराडालना
bestow	bestowed	bestowed	bestowing	0	प्रदान करना
bet	bet	bet	betting	1	दाँव लगाना
betray	betrayed	betrayed	betraying	0	विश्वासघातकरना
better	bettered	bettered	bettering	0	बेहतरबनाना
beware	bewared	bewared	bewaring	0	सावधानहोना
bewilder	bewildered	bewildered	bewildering	0	हैरानकरना
bewitch	bewitched	bewitched	bewitching	0	जादूकरना
bicker	bickered	bickered	bickering	0	झगड़ाकरना
bid	bid	bid	bidding	1	बोलीबोलना
bind	bound	bound	binding	1	बाँध
bite	bit	bitten	biting	1	काटना
blame	blamed	blamed	blaming	0	दोषलगाना; अपराधीठहराना
blaspheme	blasphemed	blasphemed	blaspheming	0	ईश्वरनिन्दाकरना
blast	blasted	blasted	blasting	0	बारूदसेउड़ादेना
blaze	blazed	blazed	blazing	0	दहकउठना
bleach	bleached	bleached	bleaching	0	उजलाकरना; निखारना
bleed	bled	bled	bleeding	1	लहूनिकलना
blend	blended	blended	blending	0	मिलना
bless	blessed	blessed	blessing	1	आशीर्वाददेना
blight	blighted	blighted	blighting	0	कुम्हलाना; मुरझाना; पालामारना
blind	blinded	blinded	blinding	0	अन्धाकरना
blindfold	blindfolded	blindfolded	blindfolding	0	आँखबन्दकरदेना; भटकादेना
blink	blinked	blinked	blinking	0	आँखझपकाना
bloat	bloated	bloated	bloating	0	फूलना; सूजना
block	blocked	blocked	blocking	0	रोकना; बन्दकरना; बाधाडालना; ब्लाकबनाना{प्रिंटिंगका}; ब्लॉकबनाना
blockade	blockaded	blockaded	blockading	0	नाकाबंदीकरना
bloom	bloomed	bloomed	blooming	0	बहारपरआना
blossom	blossomed	blossomed	blossoming	0	फूलना; खिलना; समृद्धहोना; फलना
blot	blotted	blotted	blotting	0	छीलना; दागदारकरना; धब्बालगाना
blow	blew	blown	blowing	1	उड़ना
blow in	blew in	blown in	blowing in	1	अचानकआना
blow out	blew out	blown out	blowing out	1	बुझाना
blow over	blew over	blown over	blowing over	1	बिनाकिसीविशेषअसरसेघटजाना
blow up	blew up	blown up	blowing up	1	विस्फोट; क्रोधकरना; अचानकऔरजोरसेशुरूहो जाना
blubber	blubbered	blubbered	blubbering	0	रोना - बिलखना
bluff	bluffed	bluffed	bluffing	0	झाँसादेना; बेवकूफबनाना
blur	blurred	blurred	blurring	0	धुंधलाकरना
blurt	blurted	blurted	blurting	0	बिनासोचे-समझेबोलना
blush	blushed	blushed	blushing	0	शरमाना
bluster	blustered	blustered	blustering	0	धमकाना
board	boarded	boarded	boarding	0	चढ़ना
board at	boarded at	boarded at	boarding at	0	भोजन; शरणदेनायापाना
board up	boarded up	boarded up	boarding up	0	तख्तेलगाना
boast	boasted	boasted	boasting	0	डींगमारना; गौरव
boating	boatinged	boatinged	boatinging	0	नौका-विहारकरना
bob	bobbed	bobbed	bobbing	0	ऊपरनीचेकरना[होना]
bode	boded	boded	boding	0	भविष्यसूचितकरना
boggle	boggled	boggled	boggling	0	झिझकना
boil	boiled	boiled	boiling	0	उबलना
bolster	bolstered	bolstered	bolstering	0	सहारादेना
bolt	bolted	bolted	bolting	0	भागजाना; चटखनीलगाना; चौंकजाना
bomb	bombed	bombed	bombing	0	बमगिराना
bombard	bombarded	bombarded	bombarding	0	गोलाचलाना
bombast	bombasted	bombasted	bombasting	0	लम्बीचौड़ीबातचीतकरना
book	booked	booked	booking	0	बुककरना
boomerang	boomeranged	boomeranged	boomeranging	0	विपरीतआपड़ना
boost	boosted	boosted	boosting	0	बढ़ावादेना
boot	booted	booted	booting	0	लातमारना
bootleg	bootleged	bootleged	bootleging	0	अवैधतरीकेसेशराबबनानाऔरबेचना
booze	boozed	boozed	boozing	0	ज्यादाशराबपीना
bop	bopped	bopped	bopping	0	मुक्केयालाठीसेमारना
border	bordered	bordered	bordering	0	सेलगाहुआहोना; सीमाबनाना
bore	bored	bored	boring	0	छेदकरनायाभेदना
born	borned	borned	borning	0	जन्मलेना[होना]
borne	borned	borned	borning	0	जन्म दिया
borrow	borrowed	borrowed	borrowing	0	उधारलेना; उधारलियाहुआ
bosom	bosomed	bosomed	bosoming	0	मनमेंरखना
boss	bossed	bossed	bossing	0	प्रबन्धकरना; देखभालकरना
bother	bothered	bothered	bothering	0	तंगकरना
bottle	bottled	bottled	bottling	0	बोतलमेंबन्दकरना; बंधनमेंरखना
bounce	bounced	bounced	bouncing	0	उछलपड़ना; वापिसआना; मारना
bound	bounded	bounded	bounding	0	कुलाँचेमारना; उछलना
bow	bowed	bowed	bowing	0	झुकना
bowl	bowled	bowled	bowling	0	गेंदफेंकना
box	boxed	boxed	boxing	0	बक्सेमेंबन्दकरना; घूंसामारना
boycott	boycotted	boycotted	boycotting	0	बहिष्कारकरना
brace	braced	braced	bracing	0	दृढ़करना
bracket	bracketed	bracketed	bracketing	0	कोष्ठमेंबन्दकरना
brag	bragged	bragged	bragging	0	डींगहाँकना
braid	braided	braided	braiding	0	बटना; गूंथना
branch	branched	branched	branching	0	विभाजितहोना
brand	branded	branded	branding	0	चिह्नबनाना
brandish	brandished	brandished	brandishing	0	घुमाना; फिराना; भाँजना; लपलपाना
brave	braved	braved	braving	0	सामनाकरना; ललकारना
brawl	brawled	brawled	brawling	0	झगड़ना
bray	brayed	brayed	braying	0	रेंकना
breach	breached	breached	breaching	0	दरारकरना
break	broke	broken	breaking	1	भंगकरना; बलतोड़ना; कमकरना; फूटना; चलना; तोड़ना; फटना; फोड़ना
breathe	breathed	breathed	breathing	0	साँसलेना; चुपकेसेकहना
breed	bred	bred	breeding	1	पैदाकरना[करवाना]
brew	brewed	brewed	brewing	0	उमड़ना
bribe	bribed	bribed	bribing	0	रिश्वतदेना
bridge	bridged	bridged	bridging	0	पुलबाँधना; अंतरमिटाना
bridle	bridled	bridled	bridling	0	लगामदेना
brighten	brightened	brightened	brightening	0	चमकना
bring	brought	brought	bringing	1	लाना[लेजाना]
bristle	bristled	bristled	bristling	0	सीधाखड़ाहोना
broach	broached	broached	broaching	0	चर्चाकरना
broadcast	broadcast	broadcast	broadcasting	1	प्रसारितकरना
broaden	broadened	broadened	broadening	0	चौड़ाकरना
broil	broiled	broiled	broiling	0	सेंकना
brood	brooded	brooded	brooding	0	चिन्ताकरना; अंडसमूह
brook	brooked	brooked	brooking	0	सहना
browbeat	browbeated	browbeated	browbeating	0	धमकाना
browse	browsed	browsed	browsing	0	पृष्ठपलटाना; चरना
bruise	bruised	bruised	bruising	0	चोटलगना
brush	brushed	brushed	brushing	0	ब्रुशसेझाडनायासाफकरना
brush aside	brushed aside	brushed aside	brushing aside	0	एकओरधकेलदेना; अनदेखाकरना
brush away	brushed away	brushed away	brushing away	0	ब्रुशसेहटाना
brush up	brushed up	brushed up	brushing up	0	पुनःअभ्यासकरना
brutalize	brutalized	brutalized	brutalizing	0	नृशंस बनाना
bubble	bubbled	bubbled	bubbling	0	खदबदाना; बुलबुलेउठना
buckle	buckled	buckled	buckling	0	बकसुआलगाना; मुड़ना
bud	budded	budded	budding	0	कलीनिकालना; पल्लवितहोना
budge	budged	budged	budging	0	हिलना; हटना
buffet	buffeted	buffeted	buffeting	0	धक्कामुक्कीकरना
build	built	built	building	1	बनाना; निर्माणकरना; स्थापितकरना; बलदेना; बढ़ना
bulge	bulged	bulged	bulging	0	उभरना; निकलआना
bulk	bulked	bulked	bulking	0	दिखना
bully	bullied	bullied	bullying	0	धमकाना; झिड़कना
bunch	bunched	bunched	bunching	0	एकत्रहोना
bungle	bungled	bungled	bungling	0	घपलाकरना
buoy	buoyed	buoyed	buoying	0	तैरताहुआरखना
burden	burdened	burdened	burdening	0	लादना
burke	burked	burked	burking	0	गलाघोंटकरमारना
burlesque	burlesqued	burlesqued	burlesquing	0	परिहासकरना
burn	burned	burned	burning	1	जलना
burnish	burnished	burnished	burnishing	0	चमकना; झलकना
burrow	burrowed	burrowed	burrowing	0	खोदना
burst	burst	burst	bursting	1	फटना; निकलभागना; एकाएकप्रकटहोजाना
bury	buried	buried	burying	0	दफ़नाना
butcher	butchered	butchered	butchering	0	निर्दयतासेवधकरना
butt	butted	butted	butting	0	सिरयासींगोंसेटक्करमारना
button	buttoned	buttoned	buttoning	0	बटनलगाना
buy	bought	bought	buying	1	ख़रीदना
buzz	buzzed	buzzed	buzzing	0	भनभनाना
cable	cabled	cabled	cabling	0	तारद्वारासमाचारभेजना
cage	caged	caged	caging	0	बन्दकरना
cajole	cajoled	cajoled	cajoling	0	फुसलाना
calculate	calculated	calculated	calculating	0	हिसाबलगाना
call	called	called	calling	0	बुलाना
call by	called by	called by	calling by	0	जाते-जातेमिलना
call down on	called down on	called down on	calling down on	0	गुस्सादिलाना; भड़काना
call for	called for	called for	calling for	0	जरूरतहोना
call forth	called forth	called forth	calling forth	0	दिखाना
call in	called in	called in	calling in	0	किसीकीसेवाबुलाना
call off	called off	called off	calling off	0	बन्दकरना
call out	called out	called out	calling out	0	बुलाना
call up	called up	called up	calling up	0	टेलीफोनकरना
call upon	called upon	called upon	calling upon	0	निमंत्रितकरना
calm	calmed	calmed	calming	0	शान्तकरना
calve	calved	calved	calving	0	बच्चादेना
camouflage	camouflaged	camouflaged	camouflaging	0	छदमावरणकरना
camp	camped	camped	camping	0	पड़ावडालना
can	canned	canned	canning	0	सकना; कैनमेंरखना
cancel	canceled	canceled	canceling	0	रद्दकरना
cane	caned	caned	caning	0	बेंतमारना
canker	cankered	cankered	cankering	0	सड़जाना
cant	canted	canted	canting	0	बनाकरबोलना
canton	cantoned	cantoned	cantoning	0	परगनोंमेंविभाजितकरना
canvass	canvassed	canvassed	canvassing	0	वोटमाँगना; चँदामाँगना
cap	capped	capped	capping	0	ढक्कनलगाना
caper	capered	capered	capering	0	कूदना; मृत्युदण्ड
capitalize	capitalized	capitalized	capitalizing	0	पूँजीबनाना; बड़ेअक्षरोंमेंलिखना
capitulate	capitulated	capitulated	capitulating	0	हथियारडालदेना; शर्तोंकोमानलेना
capsize	capsized	capsized	capsizing	0	उलट-पुलटजाना
captain	captained	captained	captaining	0	नेतृत्वकरना
captivate	captivated	captivated	captivating	0	मोहलेना; लुभाना
capture	captured	captured	capturing	0	बंदीबनाना; जीतलेना; पकड़ना
care	cared	cared	caring	0	चिन्ताकरना; परवाहकरना
career	careered	careered	careering	0	सरपटजाना
caricature	caricatured	caricatured	caricaturing	0	हास्यचित्रबनाना
carol	caroled	caroled	caroling	0	प्रशंसागानकरना; आनन्दगीतगाना
carouse	caroused	caroused	carousing	0	खूबमद्यपानकरना
carp	carped	carped	carping	0	छोटीतुच्छबातोंकीशिकायतकरना
carpet	carpeted	carpeted	carpeting	0	कालीनबिछाना
carry	carried	carried	carrying	0	लेजाना; ढोना; गर्भवतीहोना; बोझढोना; समर्थनहोना; प्रभावितकरना; चलन
carry away	carried away	carried away	carrying away	0	उत्तेजितहोना
carry back	carried back	carried back	carrying back	0	स्मरणकरना
carry forward	carried forward	carried forward	carrying forward	0	{वाणिज्यसंबंधी}नएपन्नेमेंस्थानांतरणहोना
carry off	carried off	carried off	carrying off	0	जीतना
carry on	carried on	carried on	carrying on	0	बहसकरना
carry out	carried out	carried out	carrying out	0	पूर्णकरना
carry over	carried over	carried over	carrying over	0	आगेकेलिएटालना
carry through	carried through	carried through	carrying through	0	कठिनसमयमेंकिसीकीसहायताकरना
carve	carved	carved	carving	0	काटकरचित्रबनाना
cash	cashed	cashed	cashing	0	रोकड़मेंबदलना
cashier	cashiered	cashiered	cashiering	0	पदच्युतकरना; निकालदेना
cast	cast	cast	casting	1	डालना; नाटककेलिएचुनना; आकारदेना; बनाना
castrate	castrated	castrated	castrating	0	नपुंसककरना
catalogue	catalogued	catalogued	cataloguing	0	सूचीपत्रबनाना
catch	caught	caught	catching	1	पकड़ना
cater	catered	catered	catering	0	खिलाना; पिलाना
cause	caused	caused	causing	0	कारणहोना; उत्पन्नकरना
caution	cautioned	cautioned	cautioning	0	सावधानकरना
cave	caved	caved	caving	0	गुफाखोदना; कन्दराबनाना
cave in	caved in	caved in	caving in	0	अन्दरकीओरगिरना
cease	ceased	ceased	ceasing	0	विरामलगाना
cede	ceded	ceded	ceding	0	देडालना
celebrate	celebrated	celebrated	celebrating	0	उत्सवमनाना
cement	cemented	cemented	cementing	0	जोड़ना
censor	censored	censored	censoring	0	काटछाँटकरना
censure	censured	censured	censuring	0	निंदाकरना
centralize	centralized	centralized	centralizing	0	केन्द्रीयकरणकरना
certify	certified	certified	certifying	0	प्रमाणितकरना
chafe	chafed	chafed	chafing	0	रगड़जाना
chaff	chaffed	chaffed	chaffing	0	हँसीमेंखिजाना; तंगकरना
chagrin	chagrined	chagrined	chagrining	0	कुढ़ाना; खिजाना
chain	chained	chained	chaining	0	सिकड़ीबाँधना
chair	chaired	chaired	chairing	0	अध्यक्षतानिभाना
chalk	chalked	chalked	chalking	0	चिह्नलगाना
challenge	challenged	challenged	challenging	0	चुनौतीदेना
champ	champed	champed	champing	0	कुतरना
chance	chanced	chanced	chancing	0	संयोगवशहोजाना
change	changed	changed	changing	0	बदलजाना
chant	chanted	chanted	chanting	0	अलापना
chap	chapped	chapped	chapping	0	तड़कना
chaperon	chaperoned	chaperoned	chaperoning	0	चौकसीकरना{महिलाकी}
char	charred	charred	charring	0	झुलसादेना; जलाना
characterize	characterized	characterized	characterizing	0	चरित्रचित्रणकरना
charge	charged	charged	charging	0	दोषलगाना; उत्तेजितकरना; होना; जिम्मेदारीड़ालना; आज्ञादेना; बिजलीसंचयकरनेकेयंत्रमेंबिजलीभरना
charm	charmed	charmed	charming	0	मोहितकरना
charter	chartered	chartered	chartering	0	निजप्रयोगकेलियेकिरायेपरलेना
chase	chased	chased	chasing	0	पीछाकरना
chasten	chastened	chastened	chastening	0	निग्रहकरना
chastise	chastised	chastised	chastising	0	दण्डदेना; ताड़नाकरना
chat	chatted	chatted	chatting	0	गपशपकरना
chatter	chattered	chattered	chattering	0	बकबककरना; कटकटाना
cheat	cheated	cheated	cheating	0	कपटकरना
check	checked	checked	checking	0	अचानकरोकना; संयमितकरना; जाँचना; मातदेना{शतरंजकेखेलमें}
check off	checked off	checked off	checking off	0	सहीकाचिह्नलगाना
check on	checked on	checked on	checking on	0	सत्यकीजाँचकरना
check up	checked up	checked up	checking up	0	जाँचकरना
cheer	cheered	cheered	cheering	0	हर्षितकरना; ढ़ाढ़सबाँधना
cherish	cherished	cherished	cherishing	0	स्नेहपूर्वकरखना; ध्यानकरना
chew	chewed	chewed	chewing	0	चबाना
chide	chided	chided	chiding	1	डाँटना
chill	chilled	chilled	chilling	0	ठण्डाहोजाना
chime	chimed	chimed	chiming	0	झंकारकरना
chip	chipped	chipped	chipping	0	कोनेसेटूटना
chirp	chirped	chirped	chirping	0	चूँ-चूँकरना; चीं-चींकरना
chisel	chiseled	chiseled	chiseling	0	छेनीसेकाटना
choke	choked	choked	choking	0	श्वासावरोधहोना
choose	chose	chosen	choosing	1	चुनना
chop	chopped	chopped	chopping	0	टुकड़ेटुकड़ेकरना
christen	christened	christened	christening	0	नामरखना
chronicle	chronicled	chronicled	chronicling	0	इतिहासमेंलिखना
chuck	chucked	chucked	chucking	0	बेपरवाहफेंकना
chuckle	chuckled	chuckled	chuckling	0	रुककेहँसना
churn	churned	churned	churning	0	मथना
circle	circled	circled	circling	0	चक्करमारना; घेरना
circulate	circulated	circulated	circulating	0	चारोंओरभेजना; फैलाना
circumvent	circumvented	circumvented	circumventing	0	गतिरोधपैदाकरना
cite	cited	cited	citing	0	दृष्टान्तदेना; बुलवाना
civilize	civilized	civilized	civilizing	0	सभ्यबनाना
clack	clacked	clacked	clacking	0	कर्कशशब्दकरना
claim	claimed	claimed	claiming	0	दावाकरना; ज़ोरदेकरकहना; मुआवज़ामाँगना; कापात्रहोना; नुकसानकाकारणहोना
clamber	clambered	clambered	clambering	0	कठिनाईसेचढ़ना
clamour	clamoured	clamoured	clamouring	0	कोलाहलकरना; चिल्लाना
clamp	clamped	clamped	clamping	0	ज़ोरसेपकड़ना
clang	clanged	clanged	clanging	0	झनझनाना
clap	clapped	clapped	clapping	0	तालीबजाना
clarify	clarified	clarified	clarifying	0	स्पष्टकरना
clash	clashed	clashed	clashing	0	लड़ना; साथसाथहोना; बेमेलहोना; टकराना
clasp	clasped	clasped	clasping	0	मजबूतीसेपकड़ना
class	classed	classed	classing	0	वर्गीकरणकरना
classify	classified	classified	classifying	0	वर्गीकृतकरना
clatter	clattered	clattered	clattering	0	खड़खड़कीआवाज़करना
claw	clawed	clawed	clawing	0	पंजामारना
clean	cleaned	cleaned	cleaning	0	साफकरना
clean down	cleaned down	cleaned down	cleaning down	0	साफकरना
clean out	cleaned out	cleaned out	cleaning out	0	चोरीकरना
clean up	cleaned up	cleaned up	cleaning up	0	स्वच्छहोना
cleanse	cleansed	cleansed	cleansing	0	शोधनकरना
clear	cleared	cleared	clearing	0	हटना; साफकरना; दोषमुक्तकरना; निर्दोषठहराना; निकासकरना; चुकताकरना
clear away	cleared away	cleared away	clearing away	0	हटालेना
clear off	cleared off	cleared off	clearing off	0	भागजाना
clear up	cleared up	cleared up	clearing up	0	सुलझाना
cleave	cleaved	cleaved	cleaving	1	द्विखंडितकरना; चिपकेहुएरहना
clench	clenched	clenched	clenching	0	कसकरपकड़ना
click	clicked	clicked	clicking	0	क्लिककरना[होना]; यकायकसमझमेंआना
climb	climbed	climbed	climbing	0	चढ़ना; आरोहणकरना; उन्नतिकरना
clinch	clinched	clinched	clinching	0	प्राप्तकरलेना; करकरपकड़ना
cling	clung	clung	clinging	1	कसकरलिपटजाना; बनेरहना; चिपकेरहना; टिकेरहना
clink	clinked	clinked	clinking	0	टन-टनआवाज़करना
clip	clipped	clipped	clipping	0	जोड़ना; छाँटना
cloak	cloaked	cloaked	cloaking	0	ढकाहुआहोना
clobber	clobbered	clobbered	clobbering	0	बुरीतरहपीटना
clock	clocked	clocked	clocking	0	समयलगाना
clog	clogged	clogged	clogging	0	रोकना
clone	cloned	cloned	cloning	0	हूबहूबनाना
clonk	clonked	clonked	clonking	0	?
close	closed	closed	closing	0	बन्दकरना; बन्दहोना; समाप्तहोना; नज़दीकआना
close down	closed down	closed down	closing down	0	समाप्तकरना
close in	closed in	closed in	closing in	0	छोटाहोना
close up	closed up	closed up	closing up	0	कुछसमयकेलिएबन्दकरना
close with	closed with	closed with	closing with	0	आमनेसामनेहोना
closet	closeted	closeted	closeting	0	किसीकार्यमेंमग्नहोना
clot	clotted	clotted	clotting	0	थक्काहोना
clothe	clothed	clothed	clothing	1	वस्त्रपहनना
clout	clouted	clouted	clouting	0	घूँसामारना
clown	clowned	clowned	clowning	0	मूर्खतापूर्णव्यवहारकरना
club	clubbed	clubbed	clubbing	0	डण्डेसेमारना
cluck	clucked	clucked	clucking	0	कुड़कुड़ानेकीआवाज़करना
clump	clumped	clumped	clumping	0	धमाकेकेसाथचलना
cluster	clustered	clustered	clustering	0	भीड़लगाना; एकसाथभारीसंख्यामेंएकस्थानपरहोना
clutch	clutched	clutched	clutching	0	पकड़ना
clutter	cluttered	cluttered	cluttering	0	अस्त-व्यस्तकरना
coach	coached	coached	coaching	0	शिक्षादेना
coagulate	coagulated	coagulated	coagulating	0	थक्काजमना
coalesce	coalesced	coalesced	coalescing	0	एकसाथमिलना
coarsen	coarsened	coarsened	coarsening	0	भारी
coast	coasted	coasted	coasting	0	नीचेढालपरफिसलना
coat	coated	coated	coating	0	लेपना
coax	coaxed	coaxed	coaxing	0	मनाना
cobble	cobbled	cobbled	cobbling	0	छोटेपत्थरबिछाना; मरम्मतकरना
cock	cocked	cocked	cocking	0	खड़ाकरना; एकतरफझुकाना; उठाकरतैयाररखना
cocoon	cocooned	cocooned	cocooning	0	दुनियासेअलगरहना
coddle	coddled	coddled	coddling	0	सावधानीसेदेखभालकरना
code	coded	coded	coding	0	कूटसंकेतदेना
codify	codified	codified	codifying	0	संहिताबनाना
coerce	coerced	coerced	coercing	0	जबरदस्तीकरना
coexist	coexisted	coexisted	coexisting	0	मिलजुलकररहना
cogitate	cogitated	cogitated	cogitating	0	गहनचिन्तनकरना
cognate	cognated	cognated	cognating	0	एकहीजड़सेउत्पन्नहोना
cohabit	cohabited	cohabited	cohabiting	0	पति-पत्निकीतरहरहना
cohere	cohered	cohered	cohering	0	संसक्तहोना; अनुरूपहोना
coherent	coherented	coherented	coherenting	0	संबद्ध; समझनेमेंसरलहोना
coil	coiled	coiled	coiling	0	लपेटना
coin	coined	coined	coining	0	गढ़ना; फायदाकरना
coincide	coincided	coincided	coinciding	0	एकसाथपड़ना; एकजैसाहोना
collaborate	collaborated	collaborated	collaborating	0	सहयोगकरना; देशद्रोहकरना
collapse	collapsed	collapsed	collapsing	0	टूटकरगिरजाना; बिमारपड़ना; पतनहोना; अचानकगिरना; सिमटना
collar	collared	collared	collaring	0	गिरफ्तारकरना
collate	collated	collated	collating	0	सभीजगहसेसूचनाएकत्रकरना
collect	collected	collected	collecting	0	संग्रहीतकरना; एकत्रहोना; चंदाइकट्ठाकरना; मिलना; लेजाना; स्वयंपरकाबूलाना
collectivize	collectivized	collectivized	collectivizing	0	सामूहिककरदेना
collide	collided	collided	colliding	0	टक्कर
collocate	collocated	collocated	collocating	0	{भाषासंबंधी}साथमेंप्रयोगकरना
collude	colluded	colluded	colluding	0	साँठ-गाँठ
colonise	colonised	colonised	colonising	0	नईबस्तीबसाना
colour	coloured	coloured	colouring	0	रंगना
comb	combed	combed	combing	0	कंघीकरना; अच्छेसेढूँढना
combat	combatted	combatted	combatting	0	विरोधकरना
combine	combined	combined	combining	0	मिलना[मिलाना]
come	came	come	coming	1	आना; यात्राकरना; एकनिश्चितस्थललकोआना; एकनिश्चितस्थानगृहणकरना; उपलब्धहोना; बनकरआना; तर्कपरपहुँचना; प्रश्नमेंप्रयोगकरना; अभिनयकरना
come along	came along	come along	coming along	1	प्रोत्साहनकरना
come at	came at	come at	coming at	1	आक्रमणकेलिएआगेआना
come back	came back	come back	coming back	1	फिरसेआना
come by	came by	come by	coming by	1	कुछपाना
come down	came down	come down	coming down	1	गिरना
come down on	came down on	come down on	coming down on	1	बहुतनिन्दाकरना
come down with	came down with	come down with	coming down with	1	पीड़ितहोना
come for	came for	come for	coming for	1	आक्रमणकरना
come forward	came forward	come forward	coming forward	1	सहायताप्रदानकरना
come in	came in	come in	coming in	1	आना{अन्दर}; शामिलहोना
come into	came into	come into	coming into	1	विरासतमेंपाना
come off	came off	come off	coming off	1	सफलएवंप्रभावशालीहोना
come on	came on	come on	coming on	1	उत्साहबढ़ाना
come out	came out	come out	coming out	1	बाहरआना
come through	came through	come through	coming through	1	सफलतासेनिकलजाना; साफदिखाईपड़ना
come up	came up	come up	coming up	1	बीचमेंआना; किसीघटनाकेहोनेकासमयनज़दीकआना
comfort	comforted	comforted	comforting	0	आरामदेना
command	commanded	commanded	commanding	0	शासनकरना; माँगना
commemorate	commemorated	commemorated	commemorating	0	किसीउत्सवद्वारास्मरणकरना; मनाना
commence	commenced	commenced	commencing	0	आरम्भहोना
commend	commended	commended	commending	0	प्रशंसाकरना; सौंपना
comment	commented	commented	commenting	0	टीका-टिप्पणीकरना
commercialize	commercialized	commercialized	commercializing	0	किसीकार्यद्वारापैसाकमाना
commission	commissioned	commissioned	commissioning	0	अधिकारदेना; नियुक्तकरना
commit	committed	committed	committing	0	समर्पणकरना; भेजना; वादाकरना
communicate	communicated	communicated	communicating	0	कहना; बतलाना; पहुँचाना; जताना
commute	commuted	commuted	commuting	0	बसमेंसवारकरना; भारीदण्डकेस्थानपरहल्कादण्डदेना
compare	compared	compared	comparing	0	तुलनाकरना
compel	compelled	compelled	compelling	0	विवशकरना
compensate	compensated	compensated	compensating	0	हरजानादेना
compete	competed	competed	competing	0	बराबरीकरना
compile	compiled	compiled	compiling	0	संकलनकरना; संग्रहकरना
complain	complained	complained	complaining	0	शिकायतकरना
complete	completed	completed	completing	0	पूराकरना
complicate	complicated	complicated	complicating	0	उलझाना
compliment	complimented	complimented	complimenting	0	प्रशंसाकरना
comply	complied	complied	complying	0	स्वीकारकरना
compose	composed	composed	composing	0	बनाना; रचना; धैर्यधारणकरना
compound	compounded	compounded	compounding	0	मिलजाना
comprehend	comprehended	comprehended	comprehending	0	समझना
compress	compressed	compressed	compressing	0	दबाना; संक्षेपकरना
comprise	comprised	comprised	comprising	0	समाविष्टकरना; सम्मिलितकरना
compromise	compromised	compromised	compromising	0	समझौताकरना
compute	computed	computed	computing	0	गणनाकरना
conceal	concealed	concealed	concealing	0	छिपाना
concede	conceded	conceded	conceding	0	मानलेना
conceive	conceived	conceived	conceiving	0	गर्भसेहोना; कल्पनाकरना
concentrate	concentrated	concentrated	concentrating	0	ध्यानदेना; समाहृतकरना
concern	concerned	concerned	concerning	0	चिन्तितकरना
conciliate	conciliated	conciliated	conciliating	0	शान्तकरना
conclude	concluded	concluded	concluding	0	पूराकरना; निश्चितकरना; अनुमानकरना
concoct	concocted	concocted	concocting	0	मिलाकरपकाना; रचना; गढ़ना
concur	concured	concured	concuring	0	सहमतहोना
condemn	condemned	condemned	condemning	0	दोषलगाना
condense	condensed	condensed	condensing	0	सघनहोना; जमजाना; छोटाकरना
condone	condoned	condoned	condoning	0	माफकरना; छोड़देना; ध्याननदेना
conduct	conducted	conducted	conducting	0	चलाना
confer	conferred	conferred	conferring	0	परामर्शकरना; प्रदानकरना
confess	confessed	confessed	confessing	0	अंगीकारकरना
confide	confided	confided	confiding	0	गुप्तबातबताना
confine	confined	confined	confining	0	सीमाबद्धकरना
confirm	confirmed	confirmed	confirming	0	पक्काकरना; ईसाईसमाजमेंलेना
confiscate	confiscated	confiscated	confiscating	0	ज़ब्तकरना
conflict	conflicted	conflicted	conflicting	0	विरोधकरना
conform	conformed	conformed	conforming	0	मानना; एकमेलकरना
confound	confounded	confounded	confounding	0	हक्का-बक्काकरना
confront	confronted	confronted	confronting	0	सामनाकरना
confuse	confused	confused	confusing	0	घबड़ाजाना
congratulate	congratulated	congratulated	congratulating	0	बधाईदेना
congregate	congregated	congregated	congregating	0	एकत्रहोना
conjecture	conjectured	conjectured	conjecturing	0	अनुमानकरना
conjure	conjured	conjured	conjuring	0	जादूकरना
connect	connected	connected	connecting	0	जोड़ना
connive	connived	connived	conniving	0	उपेक्षाकरना; किसीकेसाथमिलकरअवैधकार्यकरना
connote	connoted	connoted	connoting	0	अर्थसूचितकरना
conquer	conquered	conquered	conquering	0	जीतना
consecrate	consecrated	consecrated	consecrating	0	अर्पणकरना
consent	consented	consented	consenting	0	मानना
conserve	conserved	conserved	conserving	0	सुरक्षितरखना
consider	considered	considered	considering	0	विचारकरना
consign	consigned	consigned	consigning	0	अर्पणकरना
consist	consisted	consisted	consisting	0	युक्तहो
console	consoled	consoled	consoling	0	सान्त्वनादेना
consolidate	consolidated	consolidated	consolidating	0	ठोसहोना; करना
consort	consorted	consorted	consorting	0	मेलकरना
conspire	conspired	conspired	conspiring	0	षड़यंत्ररचना
constitute	constituted	constituted	constituting	0	बनाना
constrain	constrained	constrained	constraining	0	बलपूर्वकरोकना; विवशकरना
construct	constructed	constructed	constructing	0	बनाना
construe	construed	construed	construing	0	आशयबतलाना
consult	consulted	consulted	consulting	0	देखना{पुस्तक}; मतपूछना
consume	consumed	consumed	consuming	0	काममेंलाना; व्ययकरना
consummate	consummated	consummated	consummating	0	पूराकरना
contain	contained	contained	containing	0	सेयुक्तहोना; अटाना; धारणकरना; थामना; सम्मिलितकरना; पूर्णतःविभाजित{संख्या}होना
contaminate	contaminated	contaminated	contaminating	0	अशुद्धकरना
contemplate	contemplated	contemplated	contemplating	0	विचारकरना
contend	contended	contended	contending	0	विवादकरना; प्रतिस्पर्धामेंहोना
content	contented	contented	contenting	0	सन्तुष्टकरना
contest	contested	contested	contesting	0	मुकाबलाकरना; तर्ककरना
continue	continued	continued	continuing	0	जारीरहना
contort	contorted	contorted	contorting	0	ऐंठना
contract	contracted	contracted	contracting	0	सिकुड़ना
contradict	contradicted	contradicted	contradicting	0	विरोधकरना; विपरीतहोना; प्रतिवादकरना
contrast	contrasted	contrasted	contrasting	0	व्यतिरेककरना
contravene	contravened	contravened	contravening	0	कानूनकाउल्लंघनकरना
contribute	contributed	contributed	contributing	0	सहयोगदेना; सहायताकरना; चंदादेना; भागदेना; प्रकाशनहेतुदेना
contrive	contrived	contrived	contriving	0	युक्तिनिकालना
control	controlled	controlled	controlling	0	वशमेंरखना
controvert	controverted	controverted	controverting	0	खण्डनकरना
convalesce	convalesced	convalesced	convalescing	0	स्वास्थ्यलाभकरना
convene	convened	convened	convening	0	एकत्रहोना; बटुरना
converge	converged	converged	converging	0	एकबिंदुकीओरजाना
converse	conversed	conversed	conversing	0	वार्तालापकरना
convert	converted	converted	converting	0	बदलना; धर्मपरिवर्तनकरना
convey	conveyed	conveyed	conveying	0	लेजाना; पहुँचाना
convict	convicted	convicted	convicting	0	अपराधीठहराना
convince	convinced	convinced	convincing	0	समझादेना; दृढ़मतहोना
convoke	convoked	convoked	convoking	0	सभाबुलाना
convoy	convoyed	convoyed	convoying	0	चौकसीसेलेजाना
convulse	convulsed	convulsed	convulsing	0	मरोड़ना
coo	cooed	cooed	cooing	0	कूंकूंकरना
cook	cooked	cooked	cooking	0	पकाना
cool	cooled	cooled	cooling	0	ठण्डाहोना; शांतहोना
coop	cooped	cooped	cooping	0	दड़बेमेंबंदकरना
cooper	coopered	coopered	coopering	0	मरम्मतकरना; जोड़देना
cooperate	cooperated	cooperated	cooperating	0	सहयोगदेना
coordinate	coordinated	coordinated	coordinating	0	संयोजनकरना
cop	copped	copped	copping	0	पकड़; मुसीबतमेंपड़ना
cope	coped	coped	coping	0	सामनाकरना
copulate	copulated	copulated	copulating	0	संयुग्मनकरना
copy	copied	copied	copying	0	नकलउतारना
corner	cornered	cornered	cornering	0	कठिनाईमेंडालना; अधिकारजमालेना
corral	corraled	corraled	corraling	0	घेरेमेंलाना
correct	corrected	corrected	correcting	0	ठीककरना; शोधना
correlate	correlated	correlated	correlating	0	परस्परसम्बन्धहोना
correspond	corresponded	corresponded	corresponding	0	अनुरुपहोना; पत्रव्यवहारहोना
corroborate	corroborated	corroborated	corroborating	0	पुष्टकरना
corrode	corroded	corroded	corroding	0	खुरचना
corrupt	corrupted	corrupted	corrupting	0	भ्रष्टहोजाना
cosset	cosseted	cosseted	cosseting	0	खूबलाड़प्यारकरना
cost	cost	cost	costing	1	दामपड़ना; नुकसानपहुँचना
couch	couched	couched	couching	0	छिपारहना; चितलेटना
cough	coughed	coughed	coughing	0	खाँसना; खखारना
could	coulded	coulded	coulding	0	{प्रश्नवाचक}क्या; सका; करसकता
counsel	counseled	counseled	counseling	0	सलाहदेना
count	counted	counted	counting	0	गिनना; मानकरना; भरोसाकरना
countenance	countenanced	countenanced	countenancing	0	अनुमोदनकरना
counter	countered	countered	countering	0	विरोधकरना
counteract	counteracted	counteracted	counteracting	0	प्रतिक्रियाकरना
counterbalance	counterbalanced	counterbalanced	counterbalancing	0	तुल्यभारकरना
countermand	countermanded	countermanded	countermanding	0	पूर्वआदेशकोवापसलेना
countersign	countersigned	countersigned	countersigning	0	प्रतिहस्ताक्षर
couple	coupled	coupled	coupling	0	मिलाना; जोड़ना
course	coursed	coursed	coursing	0	बहना
court	courted	courted	courting	0	चाहना
cover	covered	covered	covering	0	आच्छादितकरना; ढाँकना; छिपना; पर्याप्तहोना; तयकरना; दबादेना; नुकसानभरना; किसीकेस्थानपरकार्यकरना
covet	coveted	coveted	coveting	0	लोभकरना
cow	cowed	cowed	cowing	0	डराना; धमकाना
cower	cowered	cowered	cowering	0	झुकनायापीछेहटना
crack	cracked	cracked	cracking	0	चिटकना; चिटकाना; फटना; जोरसेटकराना; ज़ोरकीआवाज़करना; गलेकीभर्राहट; मनोवैज्ञानिकदवाबमेंआजाना; जोरसेपीटना; समाधाननिकालना; कहना
crackle	crackled	crackled	crackling	0	चिड़चिड़ाना; चिटकना; भड़कना
cradle	cradled	cradled	cradling	0	पलनेयाहिंडोलेमेंलिटाना; पालनपोषणकरना; हिंडोलेमेंझुलना
cram	crammed	crammed	cramming	0	ठूंसना; मुँहामुँहभरना
cramp	cramped	cramped	cramping	0	जकड़ना; रोकना
crane	craned	craned	craning	0	क्रेनसेउठाना; गरदननिकालना
crap	crapped	crapped	crapping	0	मलगन्दगीआदि
crash	crashed	crashed	crashing	0	ढहना; टकराना; अनिमंत्रितआना; कामकरनाबन्दकरदेना
crate	crated	crated	crating	0	पेटीमेंबाँधना
crater	cratered	cratered	cratering	0	विस्फोटकेफलस्वरूपहोनेवालागड्ढा
crave	craved	craved	craving	0	लालसाकरना; अभिलाषाकरना; याचनाकरना
crawl	crawled	crawled	crawling	0	रेंगना; धीरेधीरेचलना; घसीटतेचलना; रेंगनेवालीचीजोंसेभराहोना
craze	crazed	crazed	crazing	0	झकीहोजाना
creak	creaked	creaked	creaking	0	चरमराना; कड़कड़ाना
cream	creamed	creamed	creaming	0	मलाईबनना
crease	creased	creased	creasing	0	मोड़काचिह्नडालना; चुन्नटकाचिह्नडालना
create	created	created	creating	0	रचना; सृष्टिकरना; उत्पन्नकरना; बढ़ावादेना; निर्माणकरना; सृजनकरना
credit	credited	credited	crediting	0	श्रेयदेना; विश्वासदिलाना; मान्यता; किसीखातेमेंजमाकरना
creep	crept	crept	creeping	1	रेंगना; धीरेधीरेचलना; फैलना{लताइत्यादि}
cremate	cremated	cremated	cremating	0	शवजलाना
crest	crested	crested	cresting	0	ऊपरचढ़ाना; पर्रोंकातुर्रालगाना
crew	crewed	crewed	crewing	0	जहाजपरनाविकोंकोलगाना
crib	cribbed	cribbed	cribbing	0	नकलकरना
crimp	crimped	crimped	crimping	0	समेटना; सिकोड़ना; ऐंठना; मोड़ना
crimson	crimsoned	crimsoned	crimsoning	0	लालहोजाना
cringe	cringed	cringed	cringing	0	दुबकना; सिकुड़ना
crinkle	crinkled	crinkled	crinkling	0	सिकुड़नेंडालनायापड़ना
cripple	crippled	crippled	crippling	0	अपाहिजकरना
crisp	crisped	crisped	crisping	0	कुरकुरा बनाना; बटना
criticise	criticised	criticised	criticising	0	आलोचनाकरना
croak	croaked	croaked	croaking	0	भर्राना
crochet	crocheted	crocheted	crocheting	0	क्रोशियासेकाढ़ना
crook	crooked	crooked	crooking	0	मुड़ना[मोड़ना]; चोरीकरना; धोखादेना
croon	crooned	crooned	crooning	0	गुनगुनाना
crop	cropped	cropped	cropping	0	उत्पन्नकरना; देना
cross	crossed	crossed	crossing	0	पारउतारना; पारकरना; कोईबातध्यानमेआना; किसीगलतबातकोकाटना; मार्गमेंमिलना; रोकना; विरोधकरना; एकदूसरेकोकाटना; क्रासकाचिह्नबनाना
crouch	crouched	crouched	crouching	0	दुबककेबैठना
crow	crowed	crowed	crowing	1	काँवकाँवकरना; कुकुरूकूंकरना; शेखीबघारना
crowd	crowded	crowded	crowding	0	भीड़लगाना; दबावडालना; ठूंसना; ठसाठसभरना
crown	crowned	crowned	crowning	0	राज्याभिषेककरना; सम्मानितकरना; शिखरपरहोना; दाँतपरखोलचढाना
crucify	crucified	crucified	crucifying	0	सूलीपरचढ़ाना
cruise	cruised	cruised	cruising	0	समुद्रविहारकरना; लक्ष्यप्राप्तकरना
crumble	crumbled	crumbled	crumbling	0	चूरचूरहोना
crumple	crumpled	crumpled	crumpling	0	सिलवटेंडालना[पडना]; ध्वस्तहोना
crunch	crunched	crunched	crunching	0	चर्वणकरना; कुचलना; संगणनाकरना
crusade	crusaded	crusaded	crusading	0	धर्मयुद्धकरना
crush	crushed	crushed	crushing	0	कुचलना
cry	cried	cried	crying	0	रोना; चिल्लाना
crystallise	crystallised	crystallised	crystallising	0	रवेदारबनाना
cuddle	cuddled	cuddled	cuddling	0	चिपटना[चिपटाना]
cuff	cuffed	cuffed	cuffing	0	तमाचामारना
cull	culled	culled	culling	0	दुर्बलजानवरोंकीहत्या; चुनना
culminate	culminated	culminated	culminating	0	पराकाष्ठापरपहुँचना
cultivate	cultivated	cultivated	cultivating	0	खेतीकरना; सम्बन्धबढाना
cup	cupped	cupped	cupping	0	प्यालेकेरूपदेना
curb	curbed	curbed	curbing	0	नियन्त्रितकरना
curdle	curdled	curdled	curdling	0	दहीजमाना
cure	cured	cured	curing	0	निरोगकरना
curl	curled	curled	curling	0	घुँघरालाबनाना
curse	cursed	cursed	cursing	0	शापदेना
curtail	curtailed	curtailed	curtailing	0	कमकरना
curtain	curtained	curtained	curtaining	0	पर्दाडालना
curve	curved	curved	curving	0	वक्रहोना
cushion	cushioned	cushioned	cushioning	0	गद्दीलगाना
cut	cut	cut	cutting	1	चीरना; काटना; दु:खपहुँचना
cycle	cycled	cycled	cycling	0	साइकिलचलाना
dab	dabbed	dabbed	dabbing	0	चुपड़ना
dabble	dabbled	dabbled	dabbling	0	ऊपरीढंगसेकरना
dam	dammed	dammed	damming	0	बाँधबाँधना
damage	damaged	damaged	damaging	0	बिगड़जाना; नष्टहोजाना
damn	damned	damned	damning	0	धिक्कारना
damp	damped	damped	damping	0	नमकरना
dance	danced	danced	dancing	0	नृत्यकरना; नाचना
dangle	dangled	dangled	dangling	0	झूलना; लटकना
dare	dared	dared	daring	0	साहसकरना; ललकारना
darken	darkened	darkened	darkening	0	कालाहोजाना[करदेना]; अँधेराहोना[करना]
darn	darned	darned	darning	0	रफ़ूकरना
dart	darted	darted	darting	0	झपटना; झटपटचलपड़ना; निकलपड़ना
dash	dashed	dashed	dashing	0	पटकना; देमारना
date	dated	dated	dating	0	तिथिडालना
daub	daubed	daubed	daubing	0	पोतना
daunt	daunted	daunted	daunting	0	निरुत्साहितकरना[होना]; डरना[डराना]
dawn	dawned	dawned	dawning	0	सबेराहोना; दिखाईदेना; आरंभहोना; उद्भवहोना
daze	dazed	dazed	dazing	0	चौंधियादेना; घबरादेना
dazzle	dazzled	dazzled	dazzling	0	चकाचौंधकरना[करना]
deal	dealt	dealt	dealing	1	व्यवहारकरना; वर्णनकरना; सामनाकरना; व्यापारकरना; चलाना
debase	debased	debased	debasing	0	घटाना; पदवीसेउतारना; खोटाकरना; मूल्यघटाना
debate	debated	debated	debating	0	वादविवादकरना; बहसकरना
debilitate	debilitated	debilitated	debilitating	0	दुर्बलकरना
debit	debited	debited	debiting	0	उधारलिखना; खर्चकेमदमेंलिखना
decapitate	decapitated	decapitated	decapitating	0	सिरकाटना; सिरउतारना
decay	decayed	decayed	decaying	0	सड़ना; बिगड़ना; घटना; मुरझाना; नाशहोना
decease	deceased	deceased	deceasing	0	म्रृत्युपाना
deceive	deceived	deceived	deceiving	0	धोखादेना
decentralize	decentralized	decentralized	decentralizing	0	विकेंद्रित करना
decide	decided	decided	deciding	0	निश्चय करना; निर्णय देना; निर्णय तक पहुँचना
decimalize	decimalized	decimalized	decimalizing	0	डेसीमलाइज
decimate	decimated	decimated	decimating	0	बड़ी संख्या में मारना; बहुत कम कर देना
decipher	deciphered	deciphered	deciphering	0	अर्थ निकालना
deck	decked	decked	decking	0	सजाना
declaim	declaimed	declaimed	declaiming	0	घोषित करना
declare	declared	declared	declaring	0	घोषित करना; विवरण देना; उद्घोषणा करना
decline	declined	declined	declining	0	मना करना; क्षीण हो जाना
decode	decoded	decoded	decoding	0	कूटानुवाद
decolonize	decolonized	decolonized	decolonizing	0	उपनिवेष को छोड़ना या स्वतंत्र घोषित करना
decommission	decommissioned	decommissioned	decommissioning	0	बंद हो जाना
decompose	decomposed	decomposed	decomposing	0	अपघटित हो जाना
deconstruct	deconstructed	deconstructed	deconstructing	0	?
decontaminate	decontaminated	decontaminated	decontaminating	0	विसंदूषित कर देना
decorate	decorated	decorated	decorating	0	अलंकृत करना; सजाना; पदक प्रदान करना
decoy	decoyed	decoyed	decoying	0	फँसाना
decrease	decreased	decreased	decreasing	0	घटना या घटाना
decry	decried	decried	decrying	0	निन्दा
deduce	deduced	deduced	deducing	0	परिणाम निकालना
deduct	deducted	deducted	deducting	0	काटना
deem	deemed	deemed	deeming	0	समझना
deepen	deepened	deepened	deepening	0	और गहरा हो जाना
deface	defaced	defaced	defacing	0	विकृत कर देना
defame	defamed	defamed	defaming	0	मानहानि करना
default	defaulted	defaulted	defaulting	0	चूकना; भुगतान न करना
defeat	defeated	defeated	defeating	0	हराना; विफल कर देना
defecate	defecated	defecated	defecating	0	मलत्याग करना
defend	defended	defended	defending	0	रक्षा करना; सर्मथन देना; अपना स्थान बनाए रखना
defer	deferred	deferred	deferring	0	टालना; किसी के मत को स्वीकार करना
defile	defiled	defiled	defiling	0	दूषित करना; अपवित्र करना
define	defined	defined	defining	0	स्पष्ट करना; सीमांकन करना; निर्धारितहोना
deflate	deflated	deflated	deflating	0	भरी हुई हवा निकालना; आत्मविश्वास कम करना; कम होना
deflect	deflected	deflected	deflecting	0	मुड़ना; हटाना
deflower	deflowered	deflowered	deflowering	0	चरित्र नष्ट करना
defoliate	defoliated	defoliated	defoliating	0	पत्ररहित करना
deforest	deforested	deforested	deforesting	0	पेड़ों को उखाड़ना
deform	deformed	deformed	deforming	0	विकृत होना
defraud	defrauded	defrauded	defrauding	0	कपट करके हरना
defray	defrayed	defrayed	defraying	0	अदा करना
defrost	defrosted	defrosted	defrosting	0	बर्फ गलाकर हटाना
defuse	defused	defused	defusing	0	फ्यूज़ हटाना; तनाव कम करना
defy	defied	defied	defying	0	अवज्ञा करना; चुनौती देना
degenerate	degenerated	degenerated	degenerating	0	क्षय होना
degrade	degraded	degraded	degrading	0	पदावनत करना; नष्ट होना
dehumanize	dehumanized	dehumanized	dehumanizing	0	अमानव बन जाना
dehydrate	dehydrated	dehydrated	dehydrating	0	पानी का सूखना; शरीर में पानी की कमी होना
deify	deified	deified	deifying	0	पूजा करना
deign	deigned	deigned	deigning	0	अपने को अत्यधिक महत्व देना
delay	delayed	delayed	delaying	0	देरी करना[होना]
delegate	delegated	delegated	delegating	0	सौंपना; प्रतिनिधित्वकरनेकेलियेभेजना
delete	deleted	deleted	deleting	0	मिटा देना; हटादेना
deliberate	deliberated	deliberated	deliberating	0	विचारकरना
delight	delighted	delighted	delighting	0	खुश होना
delimit	delimited	delimited	delimiting	0	सीमानिर्धारितकरना
delineate	delineated	delineated	delineating	0	विवरण देना
deliver	delivered	delivered	delivering	0	पहुँचादेना{पत्रादि}; देना; जन्म देना{कर्मवाच्यमें}; मारना; बचाना
delude	deluded	deluded	deluding	0	धोखा देना
deluge	deluged	deluged	deluging	0	मेंडूबजाना
delve	delved	delved	delving	0	खूब छानबीन करना
demagnatize	demagnatized	demagnatized	demagnatizing	0	चुम्बकत्वनष्टकरना
demand	demanded	demanded	demanding	0	दावाकरना; माँगना
demarcate	demarcated	demarcated	demarcating	0	सीमांकनकरना
demean	demeaned	demeaned	demeaning	0	नीचादिखाना
demilitarize	demilitarized	demilitarized	demilitarizing	0	सेनाहटाना
demist	demisted	demisted	demisting	0	धुंधहटाना
demobilize	demobilized	demobilized	demobilizing	0	फौजकीनौकरीसेमुक्तकरना
democratize	democratized	democratized	democratizing	0	प्रजातंत्रबनाना
demolish	demolished	demolished	demolishing	0	ढाना; खाना{जल्दीजल्दी}; विध्वंस करना
demonetize	demonetized	demonetized	demonetizing	0	मुद्राकरणकरना
demonstrate	demonstrated	demonstrated	demonstrating	0	प्रदर्शनकरना; प्रमाणित करना
demoralize	demoralized	demoralized	demoralizing	0	निरुत्साहकरना
demote	demoted	demoted	demoting	0	पदावनतकरना
demur	demured	demured	demuring	0	ऐतराजकरना; आपत्तिकरना
demystify	demystified	demystified	demystifying	0	रहस्यहटाना
denationalize	denationalized	denationalized	denationalizing	0	विराष्ट्रीकरणकरना
denigrate	denigrated	denigrated	denigrating	0	बदनामकरना
denominate	denominated	denominated	denominating	0	नामरखना
denote	denoted	denoted	denoting	0	बतलाना; सूचित करना
denounce	denounced	denounced	denouncing	0	दोषीठहराना; केबारेमेंसूचितकरना{अधिकारियोंको}; समाप्तकरना
dent	dented	dented	denting	0	गड्ढाबनाना
denude	denuded	denuded	denuding	0	निरावृत करना; उघाड़ना
deny	denied	denied	denying	0	अस्वीकार करना; बातकाटना; वंचित करना
depart	departed	departed	departing	0	सेहटना
depend	depended	depended	depending	0	भरोसारखना; आश्रित होना
depict	depicted	depicted	depicting	0	चित्रखींचना
deplete	depleted	depleted	depleting	0	खालीकरना
deplore	deplored	deplored	deploring	0	निन्दाकरना
deploy	deployed	deployed	deploying	0	फैलाना
deport	deported	deported	deporting	0	देशनिकालादेना
depose	deposed	deposed	deposing	0	साक्षीदेना
deposit	deposited	deposited	depositing	0	जमाकरना
deprave	depraved	depraved	depraving	0	भ्रष्टहोना
deprecate	deprecated	deprecated	deprecating	0	की निन्दा करना
depreciate	depreciated	depreciated	depreciating	0	मूल्यघटाना
depress	depressed	depressed	depressing	0	दबाना; उदास करना; कम करना; मन्द करना
deprive	deprived	deprived	depriving	0	वंचित करना
depute	deputed	deputed	deputing	0	प्रतिनियुक्तकरना
deputize	deputized	deputized	deputizing	0	प्रतिनियुक्तिकरना
derail	derailed	derailed	derailing	0	पटरीसेउतारना
derange	deranged	deranged	deranging	0	गड़बड़करना
deregulate	deregulated	deregulated	deregulating	0	नियमहटाना
deride	derided	derided	deriding	0	उपहास करना
derive	derived	derived	deriving	0	प्राप्तकरना; उत्पन्नहोना
derogate	derogated	derogated	derogating	0	अप्रतिष्ठाकरना
descend	descended	descended	descending	0	उतरना
describe	described	described	describing	0	वर्णनकरना; बुलाना; चित्रखींचना
desecrate	desecrated	desecrated	desecrating	0	भ्रष्टकरना
desegregate	desegregated	desegregated	desegregating	0	वर्णभेददूरकरना
desert	deserted	deserted	deserting	0	वीरानहोजाना; छोड़देना
deserve	deserved	deserved	deserving	0	योग्यहोना
design	designed	designed	designing	0	रूपाकारदेना; योजनाबनाना
designate	designated	designated	designating	0	निर्दिष्टकरना
desire	desired	desired	desiring	0	चाहना
desist	desisted	desisted	desisting	0	रुकजाना
desolate	desolated	desolated	desolating	0	उजाड़ना; अकेलामहसूसकरना
despair	despaired	despaired	despairing	0	निराशहोना
despise	despised	despised	despising	0	घृणाकरना
destroy	destroyed	destroyed	destroying	0	नष्टकरना; मार डालना
destruct	destructed	destructed	destructing	0	तोड़फोड़करना
detach	detached	detached	detaching	0	पृथककरना; भेज देना
detail	detailed	detailed	detailing	0	व्यौरेवारवर्णनकरना
detain	detained	detained	detaining	0	रोकरखना
detect	detected	detected	detecting	0	देखपाना
deter	deterred	deterred	deterring	0	रोकना
deteriorate	deteriorated	deteriorated	deteriorating	0	बिगड़ना
determine	determined	determined	determining	0	निर्धारणकरना; निश्चयकरना
detest	detested	detested	detesting	0	घृणाकरना
dethrone	dethroned	dethroned	dethroning	0	गद्दीपरसेउतारना
detonate	detonated	detonated	detonating	0	धमाकाकरना; होना
detract	detracted	detracted	detracting	0	कलंकितहोना
devalue	devalued	devalued	devaluing	0	मूल्यकमकरना
devastate	devastated	devastated	devastating	0	उजाड़ना
develop	developed	developed	developing	0	विकसितकरना
deviate	deviated	deviated	deviating	0	मार्गसेअलगहोना
devil	deviled	deviled	deviling	0	मसालेएवंतरलपदार्थोंसेखानापकाना
devise	devised	devised	devising	0	योजनाबनाना
devote	devoted	devoted	devoting	0	समर्पित करना; वफादार
devour	devoured	devoured	devouring	0	खाजाना; जल्दी-जल्दीऔरसूक्ष्मतासेपढ़ना; बर्बादकरना
diagnose	diagnosed	diagnosed	diagnosing	0	लक्षणदेखकर{रोग}निर्णयकरना
dictate	dictated	dictated	dictating	0	आज्ञादेना
die	died	died	dying	0	मरना
differ	differed	differed	differing	0	भिन्नहोना
differentiate	differentiated	differentiated	differentiating	0	विभेदजानलेना
diffuse	diffused	diffused	diffusing	0	फैलाना; छितराना
dig	dug	dug	digging	1	खोदना
digest	digested	digested	digesting	0	पचाना
dignify	dignified	dignified	dignifying	0	प्रतिष्ठितदिखाईदेना
dike	diked	diked	diking	0	खाईना
dilute	diluted	diluted	diluting	0	पानीसेपतलाकरना
dim	dimmed	dimmed	dimming	0	धुंधलाहोना; करना
diminish	diminished	diminished	diminishing	0	घटाना
din	dinned	dinned	dinning	0	शोरगुलकरना
dine	dined	dined	dining	0	भोजनकरना
dip	dipped	dipped	dipping	0	डुबाना; कमहोना; नीचेकोआना
direct	directed	directed	directing	0	पथदिखाना
disable	disabled	disabled	disabling	0	बलहीनकरना
disagree	disagreed	disagreed	disagreeing	0	असहमत होना
disallow	disallowed	disallowed	disallowing	0	माननेसेइन्कारकरना
disappear	disappeared	disappeared	disappearing	0	अदृश्यहोना
disappoint	disappointed	disappointed	disappointing	0	निराशकरना; होना
disapprove	disapproved	disapproved	disapproving	0	अस्वीकारकरना
disarm	disarmed	disarmed	disarming	0	हथियारछीनलेना
disarrange	disarranged	disarranged	disarranging	0	अस्तव्यस्त कर देना
disassemble	disassembled	disassembled	disassembling	0	खोलना
disavow	disavowed	disavowed	disavowing	0	अस्वीकार कर देना
disband	disbanded	disbanded	disbanding	0	सेनाभंगकरना
disbar	disbared	disbared	disbaring	0	बैरिस्टरकोपदच्युतकरना
disbelieve	disbelieved	disbelieved	disbelieving	0	विश्वासनकरना
disburse	disbursed	disbursed	disbursing	0	इकट्ठाकियाहुआधनसेपैसेदेना
discard	discarded	discarded	discarding	0	फेंकदेना
discern	discerned	discerned	discerning	0	देखना; पतालगाना
discharge	discharged	discharged	discharging	0	छुड़ादेना
discipline	disciplined	disciplined	disciplining	0	अनुशासित करना
disclaim	disclaimed	disclaimed	disclaiming	0	अस्वीकार करना
disclose	disclosed	disclosed	disclosing	0	खोलना
discolour	discoloured	discoloured	discolouring	0	रंगउड़ादेना
disconcert	disconcerted	disconcerted	disconcerting	0	क्षुब्धकरदेना
disconnect	disconnected	disconnected	disconnecting	0	अलगकरना
discontinue	discontinued	discontinued	discontinuing	0	छुड़ाना
discount	discounted	discounted	discounting	0	छूटदेना
discourage	discouraged	discouraged	discouraging	0	हतोत्साहित करना
discourse	discoursed	discoursed	discoursing	0	प्रवचनदेना
discover	discovered	discovered	discovering	0	खोजना
discredit	discredited	discredited	discrediting	0	बदनामकरना
discriminate	discriminated	discriminated	discriminating	0	भेदकरना
discuss	discussed	discussed	discussing	0	चर्चाकरना
disdain	disdained	disdained	disdaining	0	अवहेलना करना
disembark	disembarked	disembarked	disembarking	0	जहाजसेउतारना
disengage	disengaged	disengaged	disengaging	0	अलगकरना
disfavour	disfavoured	disfavoured	disfavouring	0	अरुचिप्रकटकरना
disfigure	disfigured	disfigured	disfiguring	0	विरूपितकरना
disgorge	disgorged	disgorged	disgorging	0	भारीमात्रामेंबहाना
disgrace	disgraced	disgraced	disgracing	0	अपमानकरना
disguise	disguised	disguised	disguising	0	भेषबदलना
disgust	disgusted	disgusted	disgusting	0	घृणाकरना
dish	dished	dished	dishing	0	थालीलगाना
dishearten	disheartened	disheartened	disheartening	0	मनतोड़ना
dishevel	disheveled	disheveled	disheveling	0	अस्त व्यस्त कर देना
dishonour	dishonoured	dishonoured	dishonouring	0	अपमानित करना
disintegrate	disintegrated	disintegrated	disintegrating	0	अलगअलगकरना
dislike	disliked	disliked	disliking	0	पसंदनकरना
dislocate	dislocated	dislocated	dislocating	0	हड्ड़ीकीजोड़हटना; बाधाड़ालना
dislodge	dislodged	dislodged	dislodging	0	पूर्वस्थानसेहटाना
dismantle	dismantled	dismantled	dismantling	0	विघटित करना
dismay	dismayed	dismayed	dismaying	0	निराशकरना
dismember	dismembered	dismembered	dismembering	0	अंगभंगकरना
dismiss	dismissed	dismissed	dismissing	0	बरखास्तकरना
disobey	disobeyed	disobeyed	disobeying	0	आज्ञानमानना
disorganize	disorganized	disorganized	disorganizing	0	उलटापुलटाकरना
disown	disowned	disowned	disowning	0	अंगीकारनकरना
disparage	disparaged	disparaged	disparaging	0	बुराईकरना
dispatch	dispatched	dispatched	dispatching	0	किसीविशेषकार्यहेतुकुछभेजना; सूचनायाख़तआदिशीघ्रभेजना
dispel	dispeled	dispeled	dispeling	0	दूरकरना
dispense	dispensed	dispensed	dispensing	0	बाँटना
disperse	dispersed	dispersed	dispersing	0	छितराना
dispirit	dispirited	dispirited	dispiriting	0	मनतोड़ना
displace	displaced	displaced	displacing	0	अपनीजगहसेहटादेना; दूसरोंकास्थानलेना
display	displayed	displayed	displaying	0	दिखावाकरना
displease	displeased	displeased	displeasing	0	अप्रसन्नकरना
dispose	disposed	disposed	disposing	0	ठीकरखना
dispossess	dispossessed	dispossessed	dispossessing	0	स्वत्वहरणकरना
disprove	disproved	disproved	disproving	0	झूठा ठहराना
dispute	disputed	disputed	disputing	0	विवादकरना
disqualify	disqualified	disqualified	disqualifying	0	अयोग्यठहराना
disregard	disregarded	disregarded	disregarding	0	तुच्छजानना
disrupt	disrupted	disrupted	disrupting	0	तितर-बितरकरना
dissect	dissected	dissected	dissecting	0	शोधकेलिएलाशयापौधोंकीचीरफाड़करना
disseminate	disseminated	disseminated	disseminating	0	फैलाना
dissent	dissented	dissented	dissenting	0	मतभेदहोना
dissimulate	dissimulated	dissimulated	dissimulating	0	भावनाओयाविचारोंकोछिपाना
dissipate	dissipated	dissipated	dissipating	0	दूरकरना; अपव्ययकरना
dissociate	dissociated	dissociated	dissociating	0	अलग करना या हो जाना
dissolve	dissolved	dissolved	dissolving	0	गलाना; कोईव्यवस्थाकाखत्महोना
dissuade	dissuaded	dissuaded	dissuading	0	रोकना
distance	distanced	distanced	distancing	0	स्वयंकोकिसीसेदूरकरना
distil	distiled	distiled	distiling	0	स्वच्छकरना
distinguish	distinguished	distinguished	distinguishing	0	भेदनिकालना; पहचानना; अलगकरना; अपनेकोप्रमुखबनाना
distort	distorted	distorted	distorting	0	ऐंठना; सिकोड़ना; रूपबिगाड़ना
distract	distracted	distracted	distracting	0	ध्यानखींचना
distribute	distributed	distributed	distributing	0	बाँटना; वितरणकरना; विभागकरना
distrust	distrusted	distrusted	distrusting	0	अविश्वासकरना; संदेहकरना
disturb	disturbed	disturbed	disturbing	0	विघ्नडालना; शांतिभंगकरना; घबड़ाना; छेड़ना; सताना
ditto	dittoed	dittoed	dittoing	0	सम्मतहोना; एकमतहोना
dive	dived	dived	diving	1	डुबकीमारना; खोहमेंजाना
diverge	diverged	diverged	diverging	0	अलगअलगहोना[करना]
diversify	diversified	diversified	diversifying	0	भिन्नभिन्नकरना; रंगबिरंगाकरना
divert	diverted	diverted	diverting	0	फेरना
divest	divested	divested	divesting	0	उतारना; उघाड़ना; वंचितकरना; छीनना
divide	divided	divided	dividing	0	फटना; भागकरना; मित्रतातोड़ना; भिन्नमतहोना
divorce	divorced	divorced	divorcing	0	तलाकदेना; विवाहविच्छेदकरना; पृथककरना
divulge	divulged	divulged	divulging	0	प्रकटकरना; खोलदेना
do	did	done	doing	1	करना
dock	docked	docked	docking	0	घाटमेंखड़ाकरना; जहाजगोदाममेंरखना
docket	docketed	docketed	docketing	0	रजिस्टरमेंलिखना
document	documented	documented	documenting	0	लिखना; लिखितप्रमाणदेना; प्रमाणपत्रदेना
dodge	dodged	dodged	dodging	0	कतराना
dog	dogged	dogged	dogging	0	पीछेलगना
dole	doled	doled	doling	0	बाँटना
domesticate	domesticated	domesticated	domesticating	0	पालतूबनाना
dominate	dominated	dominated	dominating	0	वर्चस्वरखना; शासनकरना
domineer	domineered	domineered	domineering	0	अत्याचारकरना; कठोरतासेशासनकरना
don	donned	donned	donning	0	पहनना; ग्रहणकरना
donate	donated	donated	donating	0	दानकरना
doss	dossed	dossed	dossing	0	सोने के लिए लेटना
dot	dotted	dotted	dotting	0	बिन्दु से चिह्नित करना; जगह-जगह फैलाना
double	doubled	doubled	doubling	0	दुगना करना[होना]; दोहराहोजाना
doubt	doubted	doubted	doubting	0	संदेहकरना
douse	doused	doused	dousing	0	भिगोना
dovetail	dovetailed	dovetailed	dovetailing	0	चूलबनाना; सही तरह से करना
down	downed	downed	downing	0	नीचेगिराना
downgrade	downgraded	downgraded	downgrading	0	इज्जतउतारना
download	downloaded	downloaded	downloading	0	कम्प्यूटरमेडेटाट्रांसवरकरना
dowse	dowsed	dowsed	dowsing	0	खनिजकीखोजकरना
doze	dozed	dozed	dozing	0	ऊँघना; झपकीलेना
draft	drafted	drafted	drafting	0	मसौदाबनाना; लिखना; भर्तीकरना
drag	dragged	dragged	dragging	0	घसीटना; खींचना
drain	drained	drained	draining	0	बहजाना; निकलजाना; खालीकरना[होना]
dramatize	dramatized	dramatized	dramatizing	0	नाटककेरूपमेंपरिवर्तितकरना; नाटकीयदृश्यबनाना
drape	draped	draped	draping	0	पर्दालटकाना; ढकना; सुन्दरवस्त्रोंसेसजाना
draw	drew	drawn	drawing	1	चित्रबनाना; खींचना; [बाहर]निकालना; खींचकरनिकालना; आकर्षितकरना; निष्कर्षनिकालना; एकत्रितकरना; नम्बरयाकार्डयाटिकटउठाकरविजयीघोषितकरना; गहरीसाँसलेना
draw up	drew up	drawn up	drawing up	1	खाका तैयार करना; आकर रुकना
drawl	drawled	drawled	drawling	0	गुनगुनाते हुए धीरे बोलना
dread	dreaded	dreaded	dreading	0	सेडरना
dream	dreamed	dreamed	dreaming	1	स्वप्नदेखना
dredge	dredged	dredged	dredging	0	नदी के तल से मिटटी खींचना-खींच कर निकालना; छिड़काना-फैलाना
drench	drenched	drenched	drenching	0	भिगोना; गीला करना
dress	dressed	dressed	dressing	0	कपड़ेपहनना; सजाना; पटटी करना; साफकरना; बढ़ा चढ़ा कर कहना
dribble	dribbled	dribbled	dribbling	0	टपकनायाटपकाना; लारकागिरना; खेलमेंगेंदकोआगेकीतरफलेजाना
drift	drifted	drifted	drifting	0	बहजाना; घूमना-फिरना; प्रवाहितकरना; अपोढ़बालूरेती
drill	drilled	drilled	drilling	0	छेदकरना; अनुशासनमेंरहकरशिक्षादेना
drink	drank	drunk	drinking	1	पीना; पानकरना; मदिरापानकरना
drip	dripped	dripped	dripping	0	टपकनायाटपकाना
drive	drove	driven	driving	1	हाँकना; चलाना; लेजाना; भगाना; बाध्यकरना; ठोंकना; घुसादेना; गेंदजोरसेहिटकरना; प्रेरितकरना
drizzle	drizzled	drizzled	drizzling	0	बूंदाबांदीहोना; छिड़कना
drone	droned	droned	droning	0	आवाज़करना{मधुमक्खीजैसी}
drop	dropped	dropped	dropping	0	गिरना; चलेजाना
drown	drowned	drowned	drowning	0	डूबना[डुबाना]
drub	drubbed	drubbed	drubbing	0	ठोकना; पीटना
drug	drugged	drugged	drugging	0	दवादेना; बेहोशीकीदवादेना
drum	drummed	drummed	drumming	0	ढोलबजाना; बजाना
dry	dried	dried	drying	0	सूखना
dub	dubbed	dubbed	dubbing	0	उपाधिदेना
duck	ducked	ducked	ducking	0	झुकना; डुबकीमारना
duel	dueled	dueled	dueling	0	द्वंदयुद्धकरना
dull	dulled	dulled	dulling	0	सुस्तकरना
dumbfound	dumbfounded	dumbfounded	dumbfounding	0	हतप्रभहोना
dump	dumped	dumped	dumping	0	पटकना
dun	dunned	dunned	dunning	0	तकाज़ाकरना
dupe	duped	duped	duping	0	ठगना; धोखादेना
duplicate	duplicated	duplicated	duplicating	0	प्रतिलिपिबनाना
dust	dusted	dusted	dusting	0	धूलझाड़ना; छिड़कना
dwell	dwelt	dwelt	dwelling	1	निवास करना; पर देर तक बोलना
dwindle	dwindled	dwindled	dwindling	0	क्षीण हो जाना
dye	dyed	dyed	dyeing	0	रंगना
earmark	earmarked	earmarked	earmarking	0	अलगसेरखना{किसीउद्देश्यविशेषकेलिए}
earn	earned	earned	earning	0	कमाना
earth	earthed	earthed	earthing	0	पृथ्वीमेंगाड़देना
ease	eased	eased	easing	0	आरामदेना; तनावकमकरना; मूल्यकमहोना
eat	ate	eaten	eating	1	खाना
eavesdrop	eavesdroped	eavesdroped	eavesdroping	0	गुप्तवार्ताकोसुनना
ebb	ebbed	ebbed	ebbing	0	बहजाना; कमहोना
echo	echoed	echoed	echoing	0	प्रतिध्वनितहोना
eclipse	eclipsed	eclipsed	eclipsing	0	ग्रहणलगाना
economize	economized	economized	economizing	0	कमखर्चेमेंकरना
eddy	eddied	eddied	eddying	0	चक्करखाना
edge	edged	edged	edging	0	किनारालगाना
edify	edified	edified	edifying	0	आध्यात्मिकउपदेशदेना
edit	edited	edited	editing	0	संपादनकरना
educate	educated	educated	educating	0	शिक्षाप्रदानकरना
efface	effaced	effaced	effacing	0	मिटाना
effect	effected	effected	effecting	0	पूराकरना
eject	ejected	ejected	ejecting	0	बलपूर्वकबाहरहोना[करना]
eke	eked	eked	eking	0	खींचलेना; बढ़ाना
elaborate	elaborated	elaborated	elaborating	0	विस्तारकरना
elapse	elapsed	elapsed	elapsing	0	बीतना; व्यतीतहोना; गुजरजाना; चलाजाना
elate	elated	elated	elating	0	प्रफुल्लितकरना[होना]
elect	elected	elected	electing	0	निर्वाचनकरना; चुनना
electrify	electrified	electrified	electrifying	0	बिजलीकीशक्तिपहुँचाना
electrocute	electrocuted	electrocuted	electrocuting	0	बिजलीद्वाराअपराधीकोमृत्युदण्डदेना
electroplated	electroplateded	electroplateded	electroplateding	0	बिजलीद्वारामुलम्माचढाना
elevate	elevated	elevated	elevating	0	ऊचाँउठाना; बौद्धिकवनैतिकस्तरपरउठाना
elicit	elicited	elicited	eliciting	0	निकालना
elided	elideded	elideded	elideding	0	स्वरकालोपहोना
eliminate	eliminated	eliminated	eliminating	0	हटाना
elongate	elongated	elongated	elongating	0	लंबाकरना; तानना; बड़ाना
elude	eluded	eluded	eluding	0	हाथनआना; धोखादेकरनिकलजाना; दृष्टिबचाकरचलाजाना
emanate	emanated	emanated	emanating	0	निकलना; उत्पन्नहोना
embark	embarked	embarked	embarking	0	चढ़ना[चढ़ाना]; किसीकाममेंलगना
embarrass	embarrassed	embarrassed	embarrassing	0	परेशानीमेंडालना
embellish	embellished	embellished	embellishing	0	सँवारना
embezzle	embezzled	embezzled	embezzling	0	गबनकरना
embitter	embittered	embittered	embittering	0	कड़ुवाहटपैदाकरना
emblazon	emblazoned	emblazoned	emblazoning	0	अलंकरणकरना
embody	embodied	embodied	embodying	0	साकारकरना
embolden	emboldened	emboldened	emboldening	0	साहसदेना
emboss	embossed	embossed	embossing	0	नक्काशीकरना
embrace	embraced	embraced	embracing	0	आलिंगनकरना; अंगीकारकरना
embroider	embroidered	embroidered	embroidering	0	बेलबूटेकाढना
embroil	embroiled	embroiled	embroiling	0	उलझना[उलझाना]
emend	emended	emended	emending	0	संशोधितकरना
emerge	emerged	emerged	emerging	0	निकलना; उभरना; प्रकटहोना
emigrate	emigrated	emigrated	emigrating	0	उत्प्रवासकरना; विदेशमेंरहनेचलेजाना
emit	emitted	emitted	emitting	0	उत्सर्जनकर
emote	emoted	emoted	emoting	0	भावुकहो
empathize	empathized	empathized	empathizing	0	समानुभूतहोना
emphasise	emphasised	emphasised	emphasising	0	ज़ोरदे
emphasize	emphasized	emphasized	emphasizing	0	ज़ोरदे
employ	employed	employed	employing	0	कामपरलगा
empower	empowered	empowered	empowering	0	समर्थकर
empty	emptied	emptied	emptying	0	खालीकरना
enable	enabled	enabled	enabling	0	योग्यबनाना
enact	enacted	enacted	enacting	0	नियमबनाना
enamel	enameled	enameled	enameling	0	मीनाकारीकरना
encamp	encamped	encamped	encamping	0	डेराडालना
encase	encased	encased	encasing	0	डिब्बेमेरखना
enchant	enchanted	enchanted	enchanting	0	मोहितकरना
encircle	encircled	encircled	encircling	0	घेरना
encompass	encompassed	encompassed	encompassing	0	घेरना
encore	encored	encored	encoring	0	दुहरानेकेलियेकहना
encounter	encountered	encountered	encountering	0	सामनाहोना[करना]
encourage	encouraged	encouraged	encouraging	0	उत्साहितकरना
encroach	encroached	encroached	encroaching	0	दूसरेकाअधिकारदबाबैठना
endeavour	endeavoured	endeavoured	endeavouring	0	यत्नकरना
endorse	endorsed	endorsed	endorsing	0	समर्थनकरना
endow	endowed	endowed	endowing	0	सहायतार्थदेना
endure	endured	endured	enduring	0	सहना
enforce	enforced	enforced	enforcing	0	लागूकरना
engage	engaged	engaged	engaging	0	स्वयंकोबाँधना; सगाई करना
engender	engendered	engendered	engendering	0	पैदाहोना
engineer	engineered	engineered	engineering	0	इंजीनियर
engrave	engraved	engraved	engraving	0	खोदना
engross	engrossed	engrossed	engrossing	0	मोटेअक्षरोंमेंलिखना
enhance	enhanced	enhanced	enhancing	0	बढ़ाना
enjoin	enjoined	enjoined	enjoining	0	आज्ञादेना
enjoy	enjoyed	enjoyed	enjoying	0	रसलेना
enlarge	enlarged	enlarged	enlarging	0	बढ़ाना
enlighten	enlightened	enlightened	enlightening	0	प्रबुद्धकरना
enlist	enlisted	enlisted	enlisting	0	भर्ती करना; सूचिपत्रमेंनामलिखना
enliven	enlivened	enlivened	enlivening	0	उत्तेजितकरना
enrage	enraged	enraged	enraging	0	गुस्सा दिलाना; कुपितकरना
enrich	enriched	enriched	enriching	0	उपजाऊ बनाना; धनी; धनाड्यकरना
enroll	enrolled	enrolled	enrolling	0	नामावालीपत्रमेंलिखना
enshrine	enshrined	enshrined	enshrining	0	बचारखना
enslave	enslaved	enslaved	enslaving	0	दासबनाना
ensnare	ensnared	ensnared	ensnaring	0	जालमेंफँसाना
ensue	ensued	ensued	ensuing	0	पीछाकरना
entail	entailed	entailed	entailing	0	आवश्यकबनादेना
enter	entered	entered	entering	0	भीतरआना
entertain	entertained	entertained	entertaining	0	सत्कारकरना
enthrone	enthroned	enthroned	enthroning	0	राजगद्दीदेना
entice	enticed	enticed	enticing	0	फुसलाना
entitle	entitled	entitled	entitling	0	अधिकारदेना
entomb	entombed	entombed	entombing	0	गाड़ना
entrap	entraped	entraped	entraping	0	फंसाना
entrench	entrenched	entrenched	entrenching	0	चारोंओरखाईखोदकरसुरक्षितकरना
entrust	entrusted	entrusted	entrusting	0	सौंपदेना
entwine	entwined	entwined	entwining	0	गूँथना
enumerate	enumerated	enumerated	enumerating	0	सूची बनाना
enunciate	enunciated	enunciated	enunciating	0	उच्चारण करना; व्यक्त करना
envelop	enveloped	enveloped	enveloping	0	लपेटना; आवृत करना
envisage	envisaged	envisaged	envisaging	0	संभावना का ध्यान करना
envy	envied	envied	envying	0	ईर्ष्याकरना
epitomize	epitomized	epitomized	epitomizing	0	साकाररूपहोना
equalize	equalized	equalized	equalizing	0	समान करना; बराबर करना
equate	equated	equated	equating	0	बराबर मानना
equip	equipped	equipped	equipping	0	सज्जित करना
equivocate	equivocated	equivocated	equivocating	0	द्वयार्थकबातकरना
eradicate	eradicated	eradicated	eradicating	0	उन्मूलन
erase	erased	erased	erasing	0	मिटाना
erect	erected	erected	erecting	0	बनाना; खडा करना
erode	eroded	eroded	eroding	0	क्षय हो जाना; कट जाना
err	erred	erred	erring	0	गलतीकरना
erupt	erupted	erupted	erupting	0	फूटन निकल आना
escalate	escalated	escalated	escalating	0	ब्ढाना
escape	escaped	escaped	escaping	0	भागना; बचकरभागजाना
eschew	eschewed	eschewed	eschewing	0	छोड़ना; त्यागना
escort	escorted	escorted	escorting	0	पहरेकेसाथजाना; पहराकरना; रक्षाकरना
espouse	espoused	espoused	espousing	0	सगाईकरना; पक्षलेना; सहारादेना
espy	espied	espied	espying	0	ताकना; देखना
essay	essayed	essayed	essaying	0	प्रयत्नकरना; परिश्रमकरना; जाँचना
establish	established	established	establishing	0	स्थापितकरना; प्रमाणितकरना
esteem	esteemed	esteemed	esteeming	0	सम्मानकरना
estimate	estimated	estimated	estimating	0	अंदाज़लगाना
etch	etched	etched	etching	0	उत्कीर्णकरना; नक्काशीकरना
eulogize	eulogized	eulogized	eulogizing	0	स्तुतिकरना; कहकरयालिखकरकिसीकीप्रशंसाकरना
evacuate	evacuated	evacuated	evacuating	0	सुरक्षितस्थानपरलेजाना{असुरक्षितजगहसे}
evade	evaded	evaded	evading	0	टालमटोलकरना; टालना
evaluate	evaluated	evaluated	evaluating	0	मूल्यांकनकरना
evangelize	evangelized	evangelized	evangelizing	0	ईसाईधर्ममेंपरिवर्तनकरना
evaporate	evaporated	evaporated	evaporating	0	भापहोजाना
even	evened	evened	evening	0	बराबरकरना
even out	evened out	evened out	evening out	0	बराबरकरना[होना]; समतलहोना[करना]
evict	evicted	evicted	evicting	0	अधिकारहरलेना
evoke	evoked	evoked	evoking	0	आह्वानकरना
evolve	evolved	evolved	evolving	0	विकासकरना[करना]
exact	exacted	exacted	exacting	0	बलपूर्वकलेना
exaggerate	exaggerated	exaggerated	exaggerating	0	बढ़ाचढ़ाकरकहना
exalt	exalted	exalted	exalting	0	पदयाशक्तिबढ़ाना
examine	examined	examined	examining	0	परीक्षाकरना
exasperate	exasperated	exasperated	exasperating	0	भड़काना
excavate	excavated	excavated	excavating	0	खोदकरनिकालना
exceed	exceeded	exceeded	exceeding	0	अधिकहोना
excel	exceled	exceled	exceling	0	उत्तमहोना
except	excepted	excepted	excepting	0	छोड़ना
excise	excised	excised	excising	0	पूर्णरूपसेनिकालना
excite	excited	excited	exciting	0	उत्तेजितकरना
exclaim	exclaimed	exclaimed	exclaiming	0	चिल्लाना
exclude	excluded	excluded	excluding	0	छोड़देना
excommunicate	excommunicated	excommunicated	excommunicating	0	समाजसेबाहरकरना
excoriate	excoriated	excoriated	excoriating	0	खालखींचना
excuse	excused	excused	excusing	0	क्षमाकरना
execute	executed	executed	executing	0	फाँसीदेना; कार्यान्वितकरना
exemplify	exemplified	exemplified	exemplifying	0	दृष्टान्तदेना
exempt	exempted	exempted	exempting	0	मुक्तकरना
exercise	exercised	exercised	exercising	0	व्यायामकरना
exert	exerted	exerted	exerting	0	बललगाना
exhaust	exhausted	exhausted	exhausting	0	खींचलेना
exhibit	exhibited	exhibited	exhibiting	0	प्रदर्शनकरना
exhilarate	exhilarated	exhilarated	exhilarating	0	हर्षितकरना; होना
exhort	exhorted	exhorted	exhorting	0	उपदेशदेना
exhume	exhumed	exhumed	exhuming	0	पृथ्वीखोदकरनिकालना
exile	exiled	exiled	exiling	0	देशसेनिकालना
exist	existed	existed	existing	0	अस्तित्व होना
exonerate	exonerated	exonerated	exonerating	0	निष्पापठहराना
exorcise	exorcised	exorcised	exorcising	0	भूतभगाना
expand	expanded	expanded	expanding	0	फैलजाना
expect	expected	expected	expecting	0	आशारखना
expedite	expedited	expedited	expediting	0	शीघ्रताकरना
expel	expelled	expelled	expelling	0	निकालना
expend	expended	expended	expending	0	व्ययकरना
experience	experienced	experienced	experiencing	0	अनुभवकरना
experiment	experimented	experimented	experimenting	0	परीक्षाकरना
expire	expired	expired	expiring	0	समाप्त होना
explain	explained	explained	explaining	0	समझाना
explode	exploded	exploded	exploding	0	फूटना
exploit	exploited	exploited	exploiting	0	काममेंलगाना
explore	explored	explored	exploring	0	खोजना
export	exported	exported	exporting	0	निर्यातकरना
expose	exposed	exposed	exposing	0	खोलना; विवरण
expound	expounded	expounded	expounding	0	व्याख्याकरना
express	expressed	expressed	expressing	0	व्यक्तकरना
expunge	expunged	expunged	expunging	0	मिटाना
extend	extended	extended	extending	0	फैलाना; निमंत्रणदेना; प्रसारितकरना; विस्तृतकरना
exterminate	exterminated	exterminated	exterminating	0	पूर्णतयानष्टकरना
extinguish	extinguished	extinguished	extinguishing	0	बुझाना
extol	extoled	extoled	extoling	0	सराहना
extort	extorted	extorted	extorting	0	छीनलेना
extract	extracted	extracted	extracting	0	खींचना; सार तत्वनिकालना
extradite	extradited	extradited	extraditing	0	सौंपना{भागेहुएविदेशीअपराधीकोयोग्यअधिकारीकेहाथमैंसौंपना}
extricate	extricated	extricated	extricating	0	छुड़ाना
exude	exuded	exuded	exuding	0	पसीजना
exult	exulted	exulted	exulting	0	बहुतप्रसन्नहोना
fabricate	fabricated	fabricated	fabricating	0	बनाना; झूठीकहानीबनाना
face	faced	faced	facing	0	सामना-होना; करना; रूपदेना
facilitate	facilitated	facilitated	facilitating	0	सुगमकरना; मदद देना; सरल बनाना
fade	faded	faded	fading	0	मुरझाना
fail	failed	failed	failing	0	चूकना; असफल; समाप्त हो जाना; खत्म होजाना; उनुत्तीर्ण; कमीहोना; अपर्याप्त होना
faint	fainted	fainted	fainting	0	मूर्छितहोना
fake	faked	faked	faking	0	जाली बनाना; नकलीबनाना
fall	fell	fallen	falling	1	गिरना; होना; लालचमेंआना; पड़ना
fall apart	fell apart	fallen apart	falling apart	1	टूटना
fall away	fell away	fallen away	falling away	1	गिर पड़ना
fall back	fell back	fallen back	falling back	1	पीछेहोना
fall down	fell down	fallen down	falling down	1	नीचे गिरना
fall in	fell in	fallen in	falling in	1	मेंहोजाना
fall in with	fell in with	fallen in with	falling in with	1	सहमतहोना
fall off	fell off	fallen off	falling off	1	सेगिरना; कमहोजाना
fall through	fell through	fallen through	falling through	1	असफल होना
fall to	fell to	fallen to	falling to	1	हारजाना
fallow	fallowed	fallowed	fallowing	0	जोतना
falsify	falsified	falsified	falsifying	0	झूठठहराना
falter	faltered	faltered	faltering	0	हिचकिचाना; हिम्मतहारना
familiarize	familiarized	familiarized	familiarizing	0	परिचितहोना[करना]
fan	fanned	fanned	fanning	0	पंखाकरना; भड़काना; उत्तेजितकरना
fancy	fancied	fancied	fancying	0	पसन्दकरना; इच्छाहोना; सोचना
fare	fared	fared	faring	0	आगेजाना; प्रगतिकरना
farm	farmed	farmed	farming	0	खेतीकरना
fart	farted	farted	farting	0	वायुनिकालना
fascinate	fascinated	fascinated	fascinating	0	मोहलेना
fashion	fashioned	fashioned	fashioning	0	विशेषप्रकारकीआकृतिप्रदानकरना
fast	fasted	fasted	fasting	0	व्रतरखना
fasten	fastened	fastened	fastening	0	जकड़ना
father	fathered	fathered	fathering	0	पिताबनना
fathom	fathomed	fathomed	fathoming	0	थाहलेना
fatigue	fatigued	fatigued	fatiguing	0	थकाना
fatten	fattened	fattened	fattening	0	मोटाकरना
favour	favoured	favoured	favouring	0	कृपादृष्टिरखना
fawn	fawned	fawned	fawning	0	चापलूसीकरना
fax	faxed	faxed	faxing	0	फैक्सकरना
faze	fazed	fazed	fazing	0	क्षुब्धकरना[होना]
fear	feared	feared	fearing	0	डर
fear for	feared for	feared for	fearing for	0	केलियेडरना
feast	feasted	feasted	feasting	0	भोजनकरना; आन्नदितकरन
feather	feathered	feathered	feathering	0	परों सेढकना
featherbed	featherbeded	featherbeded	featherbeding	0	आसानबनाना
feature	featured	featured	featuring	0	प्रकटकरना; हिस्सालेना
federate	federated	federated	federating	0	संघबनाना
feed	fed	fed	feeding	1	खानाखिलाना; देना; डालना; पनपना
feel	felt	felt	feeling	1	महसूसकरना; स्पर्शसेअनुभवकरना; टटोलना
feign	feigned	feigned	feigning	0	बहानाकरना
fence	fenced	fenced	fencing	0	तलवारयागदाकीलड़ाई; घुमाफिराकेबातकरना
fend	fended	fended	fending	0	रोकना; दूररखना; देखभालकरना
ferment	fermented	fermented	fermenting	0	ख़मीरउठाना; उत्तेजितकरना
ferret	ferreted	ferreted	ferreting	0	खोजना
ferry	ferried	ferried	ferrying	0	एकस्थानसेदूसरेस्थानपहुँचाना
fertilise	fertilised	fertilised	fertilising	0	उपजाऊबनाना
fertilize	fertilized	fertilized	fertilizing	0	उपजाऊबनाना
fetch	fetched	fetched	fetching	0	जाकरलाना; मूल्यप्राप्ति
fete	feted	feted	feting	0	सत्कारकरना
fetter	fettered	fettered	fettering	0	बंधनबाँधना
feud	feuded	feuded	feuding	0	सांघातिकविरोध
fictionalize	fictionalized	fictionalized	fictionalizing	0	कहानीबनाना
fidget	fidgeted	fidgeted	fidgeting	0	चुलबुलाना{किसीवस्तुकोइसतरहछूतेरहनाकिदेखनेवालेकोखीजहो}
field	fielded	fielded	fielding	0	क्षेत्ररक्षणकरना; क्षेत्रमेंउतारना{राजनीतिकेसंदर्भमें}
fight	fought	fought	fighting	1	लडाईकरना
figure	figured	figured	figuring	0	दिखाईदेना; कल्पनाकरना
figure on	figured on	figured on	figuring on	0	अनुमानकरना
figure out	figured out	figured out	figuring out	0	समाधानहोना[करना]
filch	filched	filched	filching	0	चोरीकरना
file	filed	filed	filing	0	सूचनादर्जकरना
file away	filed away	filed away	filing away	0	सूचनासंभालना
file down	filed down	filed down	filing down	0	घिसडालना
file in	filed in	filed in	filing in	0	पंक्तिमेंअंदरआना
file off	filed off	filed off	filing off	0	?
file out	filed out	filed out	filing out	0	पंक्तिमेंबाहरजाना
fill	filled	filled	filling	0	भरना
fill in	filled in	filled in	filling in	0	पूराकरना
fill in on	filled in on	filled in on	filling in on	0	जानकारीदेना
fill up	filled up	filled up	filling up	0	भराहुआहोना
filter	filtered	filtered	filtering	0	छानाहुआ
finalise	finalised	finalised	finalising	0	अंतिमनिर्णयलेना
finalize	finalized	finalized	finalizing	0	अंतिमनिर्णयलेना
finance	financed	financed	financing	0	आर्थिकप्रबन्ध
find	found	found	finding	1	पाना; अनुभवकरना; मिलना
find out	found out	found out	finding out	1	पताकरना
fine	fined	fined	fining	0	जुर्मानालगाना
finger	fingered	fingered	fingering	0	उंगलीसेछूना
finish	finished	finished	finishing	0	पूर्णकरना; समाप्तकरना; मारडालना
fire	fired	fired	firing	0	प्रहारकरना{बंदूकयातीरसे}; निकालदेना; उत्तेजितहोना; भट्टीमें पकाना
firm	firmed	firmed	firming	0	दृढ़करना
fish	fished	fished	fishing	0	मछलीपकड़ना
fit	fitted	fitted	fitting	1	समाना; सहीबैठना
fix	fixed	fixed	fixing	0	जोडना; दृढ़ करना; स्थिरकरना; तैयारकरना; ठीककरना; बेईमानीकरना; दंडदेना; पुष्टकरना
fizz	fizzed	fizzed	fizzing	0	आक्रामकरुख
fizzle	fizzled	fizzled	fizzling	0	असफलहोना
flabbergast	flabbergasted	flabbergasted	flabbergasting	0	अचंभितकरना
flag	flagged	flagged	flagging	0	संकेतदेना; कमज़ोरहोना
flagellate	flagellated	flagellated	flagellating	0	बेंतमारना
flail	flailed	flailed	flailing	0	ज़ोरसेहिलना[हिलाना]
flake	flaked	flaked	flaking	0	परतकरना
flame	flamed	flamed	flaming	0	आगकीज्वाला; आगकारंग; क्रोधितहोना
flank	flanked	flanked	flanking	0	बीच में
flannel	flanneled	flanneled	flanneling	0	ढील ढाल करना
flannelette	flanneletted	flanneletted	flanneletting	0	नरम सूती कपड़ा
flap	flapped	flapped	flapping	0	हिलना[हिलाना]; हल्के से मारना; चिन्ता करना
flare	flared	flared	flaring	0	चमकना[चमकाना]
flare up	flared up	flared up	flaring up	0	आग भड़कना; अचानक क्रोधित होना
flash	flashed	flashed	flashing	0	चमकना; तीव्र गति से जाना; समाचार देना; दिखाना
flatten	flattened	flattened	flattening	0	समतलहोना[करना]; पूरी तरह हरा देना
flatter	flattered	flattered	flattering	0	चापलूसीकरना; खुश होना; रौशनहोना[करना]
flaunt	flaunted	flaunted	flaunting	0	दिखावा
flavour	flavoured	flavoured	flavouring	0	खास स्वाद बनाना
flaw	flawed	flawed	flawing	0	दोषयुक्तहोना
fleck	flecked	flecked	flecking	0	धब्बेडालना
flee	fled	fled	fleeing	1	भाग जाना
fleece	fleeced	fleeced	fleecing	0	धन हथियाना
flesh	fleshed	fleshed	fleshing	0	विस्तार में जाना
flex	flexed	flexed	flexing	0	झुकाना
flick	flicked	flicked	flicking	0	झटके से मारना; झटका देना; हिलाना
flick through	flicked through	flicked through	flicking through	0	कागज़पलटना
flicker	flickered	flickered	flickering	0	चमकना; आनाजाना
flicker out	flickered out	flickered out	flickering out	0	बुझजाना
flinch	flinched	flinched	flinching	0	कराहना; घबरा जाना
fling	flung	flung	flinging	1	फेंकना; धक्का देना; हिलाना; पटक देना; डालना
fling off	flung off	flung off	flinging off	1	शीघ्रता से कपड़े उतारना
fling on	flung on	flung on	flinging on	1	शीघ्रता से कपड़े पहनना
flip	flipped	flipped	flipping	0	पलटना; उछालना; उत्तेजित होना
flip through	flipped through	flipped through	flipping through	0	तालाश करना
flirt	flirted	flirted	flirting	0	छेड़ छाड़ करना; विचार करना; खतरा लेना
flit	flitted	flitted	flitting	0	इधर उधर उड़ना
float	floated	floated	floating	0	बहना; तैरना; राय देना; ज़ारीकरना; मुद्रा का संतुलन रखना
float about	floated about	floated about	floating about	0	अफवाह फैलाना
float around	floated around	floated around	floating around	0	अफवाह फैलाना; अकारण समय बिताना
flock	flocked	flocked	flocking	0	भीड़लगाना
flog	flogged	flogged	flogging	0	कोड़ेमारना; बेचना
flood	flooded	flooded	flooding	0	पानी भर जाना; बाढ़ आना; बहुतायत से; भर जाना; भर कर बहना
flood out	flooded out	flooded out	flooding out	0	बाढ़ से प्रभावित
floodlight	floodlighted	floodlighted	floodlighting	0	तेज़ रोशनी से प्रकाशित करना
floor	floored	floored	flooring	0	हरादेना; गिरा देना; सतह लगाना
flop	flopped	flopped	flopping	0	फड़फड़ाना; थक कर बैठ जाना; असफल होना
flop back	flopped back	flopped back	flopping back	0	गिरना
flounce	flounced	flounced	flouncing	0	आवेशमेंचलदेना
flounder	floundered	floundered	floundering	0	अटकना; घबड़ा जाना
flour	floured	floured	flouring	0	आटे में लपेटना
flourish	flourished	flourished	flourishing	0	सफल होना; स्वस्थ होना; हिलाना या घुमाना
flout	flouted	flouted	flouting	0	अवहेलना
flow	flowed	flowed	flowing	0	बहना; सरकना; अनवरत प्रवाह; ढीले ढाले; बहुतायत से
flow from	flowed from	flowed from	flowing from	0	सेउभरना
flow out	flowed out	flowed out	flowing out	0	बाहर निकलना
flower	flowered	flowered	flowering	0	फूलों का खिलना; बढ़ना
fluctuate	fluctuated	fluctuated	fluctuating	0	घटना बढ़ना
flummox	flummoxed	flummoxed	flummoxing	0	घबराना
flunk	flunked	flunked	flunking	0	असफल होना
flush	flushed	flushed	flushing	0	कपोल पर आयी लाली; पानी से बहाना
flush out	flushed out	flushed out	flushing out	0	बाहर निकालना
fluster	flustered	flustered	flustering	0	घबड़ाना
flutter	fluttered	fluttered	fluttering	0	फड़फड़ाना; हवा में हिलना; हिलाना; तेज़ रफ्तार से धड़कना
fly	flew	flown	flying	1	उड़ना; उड़ाना; फहराना; तेज़ रफ्तार से जाना; भागना
fly at	flew at	flown at	flying at	1	आक्रामक होना
fly by	flew by	flown by	flying by	1	हवाई जहाज़ों द्वारा दी गयी सलामी
foal	foaled	foaled	foaling	0	घोड़ी का बच्चा पैदा होना
foam	foamed	foamed	foaming	0	झाग निकलना
focus	focused	focused	focusing	0	केंद्रित होना; साफ दिखाई देना; केन्द्रित करना
fog	fogged	fogged	fogging	0	कोहरे से घिरना; भ्रम पैदा होना
foil	foiled	foiled	foiling	0	रोड़े अटकाना
foist	foisted	foisted	foisting	0	बेवकूफ बनाना
fold	folded	folded	folding	0	तहकरना; बंद करना; समाप्त होना
fold in	folded in	folded in	folding in	0	फेंटना
fold into	folded into	folded into	folding into	0	फेंटना
follow	followed	followed	following	0	अनुसरण करना; अनुकरण करना; पीछेजाना; पीछा करना; आज्ञा मानना; अनुगमन करना; समझना; ध्यान से सुनना; वर्णन करना; घटित होना
follow through	followed through	followed through	following through	0	अंत तक
follow up	followed up	followed up	following up	0	जानकारी लेना
foment	fomented	fomented	fomenting	0	उकसाना
fondle	fondled	fondled	fondling	0	पुचकारना
fool	fooled	fooled	fooling	0	मूर्खबनाना
forage	foraged	foraged	foraging	0	खोज में घूमना
forbear	forbore	forborne	forbearing	1	बाज़आना
forbid	forbade	forbidden	forbidding	1	मनाकरना
force	forced	forced	forcing	0	मजबूरकरना; जबरदस्तीउत्पन्नकरना; बलपूर्वकघुसना; निकलना
ford	forded	forded	fording	0	पार करना
forearm	forearmed	forearmed	forearming	0	तैयारी करना
forecast	forecast	forecast	forecasting	1	पूर्वानुमानलगाना
foreclose	foreclosed	foreclosed	foreclosing	0	रोकना{ऋण}
foresee	foresaw	foreseen	foreseeing	1	पूर्वानुमानलगाना
foreshadow	foreshadowed	foreshadowed	foreshadowing	0	पूर्वाभास देना
foreshorten	foreshortened	foreshortened	foreshortening	0	दूरीकाआभासदेना{चित्रकारीमेंछोटीरेखाओंद्वारा}
forestall	forestalled	forestalled	forestalling	0	पहलेसेनिवारणकरना
foretell	foretold	foretold	foretelling	1	पहलेसेबताना
forewarn	forewarned	forewarned	forewarning	0	खबरदारकरना
forfeit	forfeited	forfeited	forfeiting	0	खोबैठना
forge	forged	forged	forging	0	तपाकर गढ़ना; बनाना; जालसाज़ीकरना
forget	forgot	forgotten	forgetting	1	भूलजाना
forgive	forgave	forgiven	forgiving	1	क्षमाकरना
fork	forked	forked	forking	0	विभाजितहोना; काँटेसेनिकालना; खोदनाआदि
form	formed	formed	forming	0	बनाना
formalize	formalized	formalized	formalizing	0	निश्चितरूपदेना; निश्चितता
formulate	formulated	formulated	formulating	0	सूत्ररूपमेंबनाना
forsake	forsook	forsaken	forsaking	1	त्यागदेना
forswear	forswore	forsworn	forswearing	1	शपथखाकरछोड़ना
fortify	fortified	fortified	fortifying	0	किलेबन्दीकरना
forward	forwarded	forwarded	forwarding	0	बढ़ाना
fossilize	fossilized	fossilized	fossilizing	0	जीवावशेषबनना; ज्योंकात्योंरखना
foster	fostered	fostered	fostering	0	पालना
foul	fouled	fouled	fouling	0	दूषितकरना; उलझजाना
found	founded	founded	founding	0	स्थापनाकरना
founder	foundered	foundered	foundering	0	असफलहोजाना
fox	foxed	foxed	foxing	0	पशोपेशमेंडालना
fracture	fractured	fractured	fracturing	0	टूटजाना
fragment	fragmented	fragmented	fragmenting	0	तोड़ना
frame	framed	framed	framing	0	चारोंओरहोना; शब्दोंमेंबाँधना; झूठेआरोपलगाना
franchise	franchised	franchised	franchising	0	विशेषआज्ञालीहुईवस्तुबेचना
frank	franked	franked	franking	0	टिकटलगा{पत्रआदिपरटिकटछापनाकिभुगतानकरदियागया}
fraternize	fraternized	fraternized	fraternizing	0	भ्रातृभावउत्पन्नकरनेवाला
fray	frayed	frayed	fraying	0	थकना
freak	freaked	freaked	freaking	0	अत्यधिकप्रतिक्रिया
free	freed	freed	freeing	0	निकालना; मुक्तकरना; किसीविशेषकारणकेलिएअनुमतिदेना; स्वतंत्रतादेना
freeze	froze	frozen	freezing	1	जमादेना
freight	freighted	freighted	freighting	0	माललेजाना
frequent	frequented	frequented	frequenting	0	बारबारजाना
freshen	freshened	freshened	freshening	0	ताजाहोना; मदिराकोपतलाकरना
fret	fretted	fretted	fretting	0	चिन्ताप्रकटकरना
frighten	frightened	frightened	frightening	0	डराना
frisk	frisked	frisked	frisking	0	तलाशीकरना{किसीव्यक्तिकेकपडोंपरहाथफेरकर}; उछलना-कूदना[पशुओंका]
fritter	frittered	frittered	frittering	0	गँवाना
frizz	frizzed	frizzed	frizzing	0	घुँघरालेबनाना
frolic	frolicked	frolicked	frolicking	0	आमोदप्रमोदकरना
front	fronted	fronted	fronting	0	सामनाकरना
frost	frosted	frosted	frosting	0	पालेसेढकजाना; केककोचीनीकेबुरादेसेसजाना
frown	frowned	frowned	frowning	0	त्यौरीचढाना
fruit	fruited	fruited	fruiting	0	फलना
frustrate	frustrated	frustrated	frustrating	0	निराशकरना
fry	fried	fried	frying	0	तलना
fuck	fucked	fucked	fucking	0	मैथुनकरना
fudge	fudged	fudged	fudging	0	असंगतबातकरना
fuel	fueled	fueled	fueling	0	ईंधनडालना
fulfill	fulfilled	fulfilled	fulfilling	0	पूराकरना; अपेक्षाएँपूरीकरना
fulminate	fulminated	fulminated	fulminating	0	भर्त्सना
fumble	fumbled	fumbled	fumbling	0	टटोलना{बेढंगेतरीकेसे}; हाथसेइधरउधरपलटना
fume	fumed	fumed	fuming	0	क्रोधकरना; धुआँलगायीहुई
fumigate	fumigated	fumigated	fumigating	0	धुआँदेना
fund	funded	funded	funding	0	पूँजीलगाना
funnel	funneled	funneled	funneling	0	फनलद्वारानिकालना
furl	furled	furled	furling	0	लपेटना
furnish	furnished	furnished	furnishing	0	सुसज्जितकरना; देना{आवश्यकसामग्री}
further	furthered	furthered	furthering	0	बढ़ाना
fuse	fused	fused	fusing	0	पलीतेकागलना
fuss	fussed	fussed	fussing	0	बतंगड़बनाना
gab	gabbed	gabbed	gabbing	0	बड़बड़ाना
gabble	gabbled	gabbled	gabbling	0	जल्दी-जल्दीऔरअस्पष्टबोलना
gad	gadded	gadded	gadding	0	इधरउधरफिरना
gag	gagged	gagged	gagging	0	मुँहबन्दकरना; पुनःनिगलना
gain	gained	gained	gaining	0	प्राप्तहोना; जरूरतसेअधिकमिलना; पहुंचना; घड़ीआदिकातेजीसेचलना
gainsay	gainsaid	gainsaid	gainsaying	1	ईन्कारकरना
gall	galled	galled	galling	0	किसीकोगुस्सादिलाना; किसीकोलज्जितकरना
gallivant	gallivanted	gallivanted	gallivanting	0	ईधरउधरमनोरंजनकीखोजमेंभटकना
gallop	galloped	galloped	galloping	0	सरपटदौड़ना
galvanize	galvanized	galvanized	galvanizing	0	उत्तेजितकरना; जस्तायाक़लईचढ़ाना
gamble	gambled	gambled	gambling	0	जुआखेलना; दाँवपरलगाना
gambol	gamboled	gamboled	gamboling	0	हँसतेखेलतेदौड़ना
gape	gaped	gaped	gaping	0	एकटकघूरना; ?
gargle	gargled	gargled	gargling	0	कुल्लाकरना
garland	garlanded	garlanded	garlanding	0	हारपहनाना
garner	garnered	garnered	garnering	0	एकत्रकरना
garnish	garnished	garnished	garnishing	0	अलंकृतकरना
garrison	garrisoned	garrisoned	garrisoning	0	मोरचाबन्दीकरना
gas	gassed	gassed	gassing	0	ज़हरीलीगैसलेना[देना]
gas about	gassed about	gassed about	gassing about	0	गप्पेलड़ाना
gash	gashed	gashed	gashing	0	गहराघावकरना
gasify	gasified	gasified	gasifying	0	गैसमेंपरिवर्तितकरना
gasp	gasped	gasped	gasping	0	हाँफना
gate	gated	gated	gating	0	विद्यार्थीकोस्कूलयाकालेजमेंदण्ड़केरूपमेंबन्दकरना
gatecrash	gatecrashed	gatecrashed	gatecrashing	0	किसीसामाजिकयानिजीअवसरमेंबिनबुलाएघुसना
gather	gathered	gathered	gathering	0	इकठ्ठाकरना; परिणामनिकालना
gauge	gauged	gauged	gauging	0	नापना
gawk	gawked	gawked	gawking	0	बुरीनज़रसेघूरना
gaze	gazed	gazed	gazing	0	घूरना
gazette	gazetted	gazetted	gazetting	0	गजटमेंछापना; नियुक्तहोना
gazump	gazumped	gazumped	gazumping	0	मकानबेचनेकेसौदेकेपश्चातउसकीकीमतबढ़ाना
geld	gelded	gelded	gelding	0	?
generalize	generalized	generalized	generalizing	0	व्यापकबनाना
generate	generated	generated	generating	0	जनना
genuflect	genuflected	genuflected	genuflecting	0	घुटनेटेकना
germinate	germinated	germinated	germinating	0	उगना; अंकुरितहोना
gerrymander	gerrymandered	gerrymandered	gerrymandering	0	गोलमालकरना
gesticulate	gesticulated	gesticulated	gesticulating	0	इशाराकरना
get	got	got	getting	1	मिलना; पहुँचना; समझना; राजीकरना
get about	got about	got about	getting about	1	फैलजाना; चलनाफिरना
get away	got away	got away	getting away	1	भागजाना; चलेजाना; प्रस्थानकरना
get back	got back	got back	getting back	1	लौटना; पुन:प्राप्तकरना; बदलालेना; जवाबदेना; पुन:सम्पर्ककरना
get by	got by	got by	getting by	1	अच्छामानलेना
get down	got down	got down	getting down	1	उतरना; किसीकार्यमेंध्यानलगाना; निराशितकरना
get in	got in	got in	getting in	1	घुसना; कुछकरपाना; पहुँचना
get off	got off	got off	getting off	1	से उतरना; छोड़ना; बचना
get on	got on	got on	getting on	1	प्रगतिकरना; साथरहना
get out	got out	got out	getting out	1	पताचलना; निकलना; चलेजाना
get over	got over	got over	getting over	1	भूलजाना; उभरना; समाप्तकरना
get through	got through	got through	getting through	1	पूराकरना; सफलहोना; पारकरना; पहुँचना; बातसमझाना
get together	got together	got together	getting together	1	एकत्रकरना; एकत्रहोना; मिलना
get up	got up	got up	getting up	1	उठना; उठना{नींदसे}; प्रबन्धकरना
gibber	gibbered	gibbered	gibbering	0	जलदी-जल्दीबोलना
gift	gifted	gifted	gifting	0	भेंटदेना
giggle	giggled	giggled	giggling	0	मन्द-मन्दहंसना
gild	gilded	gilded	gilding	1	कलईकरना
gird	girded	girded	girding	1	बाँधना
girdle	girdled	girdled	girdling	0	पेटीसेकसना
give	gave	given	giving	1	देना
give away	gave away	given away	giving away	1	देना; बाँटना; कन्यादानकरना
give in	gave in	given in	giving in	1	दबजाना
give on	gave on	given on	giving on	1	पहुँचाना
give out	gave out	given out	giving out	1	खत्महोजाना; बन्दहोजाना; जवाबदेदेना
gladden	gladdened	gladdened	gladdening	0	प्रसन्नकरना
glance	glanced	glanced	glancing	0	नजरडालना
glare	glared	glared	glaring	0	चमकना; गुस्सेसेघूरना
glaze	glazed	glazed	glazing	0	शीशालगानायाजड़ना
gleam	gleamed	gleamed	gleaming	0	किरणडालना
glean	gleaned	gleaned	gleaning	0	बीनना; सूचनाप्राप्तकरना
glide	glided	glided	gliding	0	विसर्पणकरना
glimmer	glimmered	glimmered	glimmering	0	झलकना; टिमटिमाना
glimpse	glimpsed	glimpsed	glimpsing	0	जल्दीसेएकनज़रड़ालना
glint	glinted	glinted	glinting	0	चमकना
glisten	glistened	glistened	glistening	0	चमकना
glitter	glittered	glittered	glittering	0	चमकना
gloat	gloated	gloated	gloating	0	बड़ीचाहसेदेखना
gloom	gloomed	gloomed	glooming	0	धुंधलाकरना
glorify	glorified	glorified	glorifying	0	बढ़ाईकरना
glory	gloried	gloried	glorying	0	परमानन्दलेना
gloss	glossed	glossed	glossing	0	बाहरीचमकदेना
glow	glowed	glowed	glowing	0	चमकना
glue	glued	glued	gluing	0	सरेशलगाना; चिपकेरहना
glut	glutted	glutted	glutting	0	जरुरतसेज्यादापूर्तिकरना
gnaw	gnawed	gnawed	gnawing	0	कुतरना
go	went	gone	going	1	जाना; रखाजाना; समाना[<जाना]; चलना; हो_जाना{स्थिति}; आवाज़होना; करना; निकलजाना
go about	went about	gone about	going about	1	लगेरहना
go against	went against	gone against	going against	1	प्रतिकूलहोना
go along	went along	gone along	going along	1	आगेबढ़ना
go down	went down	gone down	going down	1	डूबना; नष्टहोजाना
go into	went into	gone into	going into	1	जाँचकरना; व्यवसायकरना; अध्ययनकरना
go off	went off	gone off	going off	1	चलेजाना; विस्फोटहोना
go out	went out	gone out	going out	1	बुझजाना
go through	went through	gone through	going through	1	पुनःजाना; सहना
go up	went up	gone up	going up	1	बढ़ना; चढ़ना
goad	goaded	goaded	goading	0	प्रेरितकरना
gobble	gobbled	gobbled	gobbling	0	जल्दीऔरआवाज़करकेखाना; पीरूकीतरहआवाज़करना'
goggle	goggled	goggled	goggling	0	आँखफाड़फाड़करदेखना
gore	gored	gored	goring	0	सींगमारना
gorge	gorged	gorged	gorging	0	पूरा-पूराभरदेना
gossip	gossiped	gossiped	gossiping	0	चुगलीकरना
gouge	gouged	gouged	gouging	0	गोलबरमाना
govern	governed	governed	governing	0	राज्यकरना
grab	grabbed	grabbed	grabbing	0	पकड़ना
grace	graced	graced	gracing	0	सुशोभितकरना
grade	graded	graded	grading	0	क्रमानुसाररखना
graduate	graduated	graduated	graduating	0	उपाधिप्राप्तकरना
graft	grafted	grafted	grafting	0	कलमलगाना
grant	granted	granted	granting	0	देना
grapple	grappled	grappled	grappling	0	भिड़जाना
grasp	grasped	grasped	grasping	0	पकड़ना
grate	grated	grated	grating	0	रगड़ना
gratify	gratified	gratified	gratifying	0	सन्तुष्टकरना
grave	graved	graved	graving	0	खोदना
gravitate	gravitated	gravitated	gravitating	0	केंद्रकीओरखींचना
grease	greased	greased	greasing	0	चिकनाकरना
greet	greeted	greeted	greeting	0	प्रणामकरना
grieve	grieved	grieved	grieving	0	रंजकरना; शोकपहुँचाना
grill	grilled	grilled	grilling	0	भुनना
grime	grimed	grimed	griming	0	मैलाकरना
grin	grinned	grinned	grinning	0	दाँतदिखातेहुएमुस्कुराना
grind	ground	ground	grinding	1	पीसना
grip	gripped	gripped	gripping	0	पकड़ना
gripe	griped	griped	griping	0	शिकायतकरना
grit	gritted	gritted	gritting	0	कणफैलाना{खासकरसड़कपर}
groan	groaned	groaned	groaning	0	कराहना
groom	groomed	groomed	grooming	0	घोड़ेकीदेखरेखकरना
groove	grooved	grooved	grooving	0	ग्रूव बनाना
grope	groped	groped	groping	0	टटोलना
ground	grounded	grounded	grounding	0	धरतीयाआधारपररखना
group	grouped	grouped	grouping	0	इक्टठाहोना
grouse	groused	groused	grousing	0	छोटी-छोटीबातोंकीशिकायतकरना
grow	grew	grown	growing	1	बढ़ना
growl	growled	growled	growling	0	गुर्राना
grudge	grudged	grudged	grudging	0	देनेमेंहिचकिचाना
grumble	grumbled	grumbled	grumbling	0	असंतोषपूर्वककुछकहना
grunt	grunted	grunted	grunting	0	सुअरकीतरहघौंघोंकरना
guarantee	guaranteed	guaranteed	guaranteeing	0	ज़िम्मालेना
guard	guarded	guarded	guarding	0	सचेतरहना
guess	guessed	guessed	guessing	0	अन्दाज़लगाना
guide	guided	guided	guiding	0	अगुवाईकरना
gulp	gulped	gulped	gulping	0	निगलजाना
gurgle	gurgled	gurgled	gurgling	0	गललगललकरना
gush	gushed	gushed	gushing	0	बहनिकलना
guzzle	guzzled	guzzled	guzzling	0	बहुतखानापीना
gyrate	gyrated	gyrated	gyrating	0	घूमना
habituate	habituated	habituated	habituating	0	आदत पड जाना
hack	hacked	hacked	hacking	0	टुकड़े करना
haggle	haggled	haggled	haggling	0	मोल भाव करना
hail	hailed	hailed	hailing	0	पुकारना
hallucinate	hallucinated	hallucinated	hallucinating	0	भ्रम में डालना
halt	halted	halted	halting	0	बंद कर देना
halve	halved	halved	halving	0	आधा कर देना
ham	hammed	hammed	hamming	0	अस्वाभाविक अभिनय करना
hammer	hammered	hammered	hammering	0	हथौड़े से ठोकना
hamper	hampered	hampered	hampering	0	रुकावट पैदा करना
hamstrung	hamstrunged	hamstrunged	hamstrunging	0	पंगु बना देना
hand	handed	handed	handing	0	देना
handle	handled	handled	handling	0	हाथ से छूना; प्रबन्ध करना
hang	hung	hung	hanging	1	फाँसी लगाना
hang out	hung out	hung out	hanging out	1	आते जाते रहना
hang up	hung up	hung up	hanging up	1	टाँगना
hanker	hankered	hankered	hankering	0	लालायित होना.
happen	happened	happened	happening	0	घटित होना
harass	harassed	harassed	harassing	0	परेशान करना
harden	hardened	hardened	hardening	0	कड़ा करना
hark	harked	harked	harking	0	सुनना
harmonize	harmonized	harmonized	harmonizing	0	ताल सुर में मिलाना
harry	harried	harried	harrying	0	परेशान करना.
has	hassed	hassed	hassing	0	[के] पास है
hassle	hassled	hassled	hassling	0	परेशानी करना
hasten	hastened	hastened	hastening	0	जल्दी करना
hatch	hatched	hatched	hatching	0	अंडे सेना
hate	hated	hated	hating	0	घृणा करना
haunt	haunted	haunted	haunting	0	प्रेत के रूप में जाते रहना
have	had	had	having	1	पास होना
have to	had to	had to	having to	1	संबन्ध रखना
hawk	hawked	hawked	hawking	0	फेरी लगाकर माल बेचना
haze	hazed	hazed	hazing	0	परेशान करना
heal	healed	healed	healing	0	स्वस्थ होना
heap	heaped	heaped	heaping	0	ढेर लगाना
hear	heard	heard	hearing	1	सुनाई देना
hearken	hearkened	hearkened	hearkening	0	ध्यान से सुनना
hearten	heartened	heartened	heartening	0	हिम्मत बढ़ाना
heat	heated	heated	heating	0	गरम करना
heave	heaved	heaved	heaving	1	जोर लगाकर उठाना
heckle	heckled	heckled	heckling	0	बीच बीच में[प्रश्नों से] टोकना
hector	hectored	hectored	hectoring	0	डराना-धमकाना.
hedging	hedginged	hedginged	hedginging	0	बाड़ लगाना
heed	heeded	heeded	heeding	0	ध्यान देना
heel	heeled	heeled	heeling	0	एक ओर झुकना
heighten	heightened	heightened	heightening	0	बढ़ा देना
help	helped	helped	helping	0	सहायता करना
hem	hemmed	hemmed	hemming	0	घेरा डालना
herald	heralded	heralded	heralding	0	किसी के आने की सूचना देना
herd	herded	herded	herding	0	झुण्ड में एकत्रित होना
hew	hewed	hewed	hewing	1	कुल्हाडी से काटना
hibernate	hibernated	hibernated	hibernating	0	सुस्ती में जाड़ा बिताना
hiccup	hiccuped	hiccuped	hiccuping	0	हिचकी आना
hide	hid	hidden	hiding	1	गुप्त रखना
hijack	hijacked	hijacked	hijacking	0	अपहरण करना
hike	hiked	hiked	hiking	0	पाद यात्रा करना
hinder	hindered	hindered	hindering	0	बाधा डालना
hinge	hinged	hinged	hinging	0	कब्जे पर घूमना; निर्भर रहना.
hint	hinted	hinted	hinting	0	संकेत देना
hire	hired	hired	hiring	0	मजदूरी पर रखना; किराये पर लेना
hiss	hissed	hissed	hissing	0	सिसकारना; फुफकारना
hit	hit	hit	hitting	1	प्रहार करना
hitch	hitched	hitched	hitching	0	झटके से ऊपर खींचना; बाँधना.हचके मारते हुए चलना
hitchhike	hitchhiked	hitchhiked	hitchhiking	0	दूसरे के वाहन पर मुफ्त सैर करना
hoax	hoaxed	hoaxed	hoaxing	0	मजाक के तौर पर झाँसा देना
hobble	hobbled	hobbled	hobbling	0	लंगड़ा कर चलना
hobnob	hobnobed	hobnobed	hobnobing	0	मेलजोल रखना
hock	hocked	hocked	hocking	0	गिरवी रखना
hoick	hoicked	hoicked	hoicking	0	ऊपर की ओर उठाना
hoist	hoisted	hoisted	hoisting	0	ऊपर उठाना
hold	held	held	holding	1	मजबूती से पकड़ना
hole	holed	holed	holing	0	छेद बनाना
holler	hollered	hollered	hollering	0	जोर से चिल्लाना
home	homed	homed	homing	0	घर लौटना
hone	honed	honed	honing	0	पैना करना
honk	honked	honked	honking	0	भौंपू बजाना
honour	honoured	honoured	honouring	0	सम्मान करना
hoodwink	hoodwinked	hoodwinked	hoodwinking	0	चालाकी करना
hook	hooked	hooked	hooking	0	काँटे से पकड़ना; गेंद मारने की एक विधि
hoot	hooted	hooted	hooting	0	चिल्लाकर भगाना
hoover	hoovered	hoovered	hoovering	0	वेक्यूम क्लीन करना
hop	hopped	hopped	hopping	0	एक पैर से कूदना
hope	hoped	hoped	hoping	0	आशा करना
horrify	horrified	horrified	horrifying	0	आतंकित करना
hospitalize	hospitalized	hospitalized	hospitalizing	0	अस्पताल में भर्ती करना
hound	hounded	hounded	hounding	0	पीछे पड़ना
house	housed	housed	housing	0	घरमें ठहराना
hove	hoved	hoved	hoving	0	heave जोर लगाकर उठाना
hover	hovered	hovered	hovering	0	हवा में एक ही जगह चक्कर काटना
howl	howled	howled	howling	0	जोर से चीखना
huff	huffed	huffed	huffing	0	क्रुद्ध हो जाना
hug	hugged	hugged	hugging	0	सीने से लगाना
hull	hulled	hulled	hulling	0	छिलका उतारना
hum	hummed	hummed	humming	0	गुनगुनाना
humble	humbled	humbled	humbling	0	नीचादिखाना
humiliate	humiliated	humiliated	humiliating	0	नीचा दिखाना
hump	humped	humped	humping	0	कूबड़ उठाना; प्रयास करना
hunch	hunched	hunched	hunching	0	झुकाना
hunt	hunted	hunted	hunting	0	शिकार करना
hurdle	hurdled	hurdled	hurdling	0	बाधा उछल कर पार करना
hurl	hurled	hurled	hurling	0	जोर से फेंक कर मारना
hurry	hurried	hurried	hurrying	0	जल्दी करना
hurt	hurt	hurt	hurting	1	क्षति पहुँचाना
hurtle	hurtled	hurtled	hurtling	0	तड़ तड़ या खड़ खड़ शब्द करते हुए आगे बढ़ना
husband	husbanded	husbanded	husbanding	0	मितव्ययता के साथ प्रबंध करना
hush	hushed	hushed	hushing	0	चुप हो जाना
husk	husked	husked	husking	0	भूसी निकालना
hustle	hustled	hustled	hustling	0	धक्का देना
ideate	ideated	ideated	ideating	0	कल्पना करना
identify	identified	identified	identifying	0	पहचानना
idiolize	idiolized	idiolized	idiolizing	0	पूजा करना
idle	idled	idled	idling	0	कुछ नहीं करना
ignite	ignited	ignited	igniting	0	सुलग़ना
ignore	ignored	ignored	ignoring	0	अवज्ञा करना
illuminate	illuminated	illuminated	illuminating	0	प्रकाशयुक्त करना
illustrate	illustrated	illustrated	illustrating	0	व्याख्या करना
imagine	imagined	imagined	imagining	0	विचार करना
imbibe	imbibed	imbibed	imbibing	0	पीना; आत्मसात करना
imbue	imbued	imbued	imbuing	0	भर देना
imitate	imitated	imitated	imitating	0	नक़ल करना
immerse	immersed	immersed	immersing	0	डुबाना
immobilize	immobilized	immobilized	immobilizing	0	अचल करना
immortalize	immortalized	immortalized	immortalizing	0	अमर बनाना
immunize	immunized	immunized	immunizing	0	उन्मुक्त करना
immure	immured	immured	immuring	0	बंद करना
impact	impacted	impacted	impacting	0	प्रभाव; टक्कर
impair	impaired	impaired	impairing	0	बिगाड़्ना
impale	impaled	impaled	impaling	0	छेदना
impart	imparted	imparted	imparting	0	प्रदान करना
impeach	impeached	impeached	impeaching	0	महाभियोग लग़ाना
impede	impeded	impeded	impeding	0	रोकना
impel	impeled	impeled	impeling	0	प्रेरित करना
imperil	imperiled	imperiled	imperiling	0	जोखिम में ड़ालना
impersonate	impersonated	impersonated	impersonating	0	पररूप धारण करना
impinge	impinged	impinged	impinging	0	टकराना
implant	implanted	implanted	implanting	0	बैठाना; बैठना
implicate	implicated	implicated	implicating	0	फ़ँसाना
implode	imploded	imploded	imploding	0	अंतःविस्फोटहोना
implore	implored	implored	imploring	0	प्रार्थना करना
imply	implied	implied	implying	0	का अर्थ होना
import	imported	imported	importing	0	आयात करना
importune	importuned	importuned	importuning	0	हठ करना
impose	imposed	imposed	imposing	0	लागू करना
impound	impounded	impounded	impounding	0	ज़ब्त करना
impoverish	impoverished	impoverished	impoverishing	0	अशक्त कर देना
impregnate	impregnated	impregnated	impregnating	0	से व्याप्त करना; गर्भादान करना
impress	impressed	impressed	impressing	0	प्रभावित करना
imprint	imprinted	imprinted	imprinting	0	मन में बैठा देना
imprison	imprisoned	imprisoned	imprisoning	0	क़ैद करना
improve	improved	improved	improving	0	सुधारना; सुधरना
improvise	improvised	improvised	improvising	0	तत्काल तैयार करना
impugn	impugned	impugned	impugning	0	पर संदेह करना
impute	imputed	imputed	imputing	0	दोष लगाना
inaugurate	inaugurated	inaugurated	inaugurating	0	उद्घाटन करना
incapacitate	incapacitated	incapacitated	incapacitating	0	अयोग्य बनाना
incarcerate	incarcerated	incarcerated	incarcerating	0	क़ैद करना
incense	incensed	incensed	incensing	0	नाराज़ करना; गुस्सा दिलाना
inch	inched	inched	inching	0	धीरेधीरेआगेबढ़ना
incinerate	incinerated	incinerated	incinerating	0	भस्म कर देना
incise	incised	incised	incising	0	उत्कीर्ण करना
incite	incited	incited	inciting	0	उत्तेजित करना
incline	inclined	inclined	inclining	0	झुकना; झुकाना
inclose	inclosed	inclosed	inclosing	0	घेरना
include	included	included	including	0	सम्मिलित करना
incommode	incommoded	incommoded	incommoding	0	कष्ट देना
incorporate	incorporated	incorporated	incorporating	0	सम्मिलित करना
increase	increased	increased	increasing	0	वृद्धि करना[होना]
incriminate	incriminated	incriminated	incriminating	0	अभियोग लगाना
incubate	incubated	incubated	incubating	0	सेना
incur	incurred	incurred	incurring	0	अपने ऊपर लेना
indemnify	indemnified	indemnified	indemnifying	0	क्षतिपूर्तिकरना
indent	indented	indented	indenting	0	दांतेदार बनाना
indicate	indicated	indicated	indicating	0	सूचित करना
indict	indicted	indicted	indicting	0	अभ्यारोप या दोष लगाना
individualize	individualized	individualized	individualizing	0	विशिष्ट कर देना
indoctrinate	indoctrinated	indoctrinated	indoctrinating	0	शिक्षा देना
induce	induced	induced	inducing	0	राज़ीकरना
induct	inducted	inducted	inducting	0	नियुक्त करना
indulge	indulged	indulged	indulging	0	का मन रखना; प्रसन्न करना; सन्तुष्ट करना
industrialize	industrialized	industrialized	industrializing	0	औद्योगीकरणकरना
infect	infected	infected	infecting	0	छूतलगाना[लगना]
infer	inferred	inferred	inferring	0	अनुमानकरना
infest	infested	infested	infesting	0	सताना
inflame	inflamed	inflamed	inflaming	0	प्रज्वलितकरना
inflate	inflated	inflated	inflating	0	फुलाना; बढ़ानाचढ़ाना; अवमूल्यनकरना
inflict	inflicted	inflicted	inflicting	0	दंडदेना
influence	influenced	influenced	influencing	0	प्रभावितकरना
inform	informed	informed	informing	0	सूचनादेना; सूचितकरना
infringe	infringed	infringed	infringing	0	उल्लंघन करना
infuriate	infuriated	infuriated	infuriating	0	क्रोधोन्मत्त करना
infuse	infused	infused	infusing	0	उड़ेलना
ingest	ingested	ingested	ingesting	0	खिलाना
ingratiate	ingratiated	ingratiated	ingratiating	0	अनुग्रह प्राप्त करना
inhabit	inhabited	inhabited	inhabiting	0	में निवास करना
inhale	inhaled	inhaled	inhaling	0	साँस खींचना
inherit	inherited	inherited	inheriting	0	उत्तराधिकार में प्राप्त करना
inhibit	inhibited	inhibited	inhibiting	0	निरोध करना
initial	initialed	initialed	initialing	0	नामकापहलाअक्षरलिखना
initiate	initiated	initiated	initiating	0	आरम्भकरना
inject	injected	injected	injecting	0	सुईलगाना; नवीनतालाना
injure	injured	injured	injuring	0	घायलकरना
ink	inked	inked	inking	0	स्याहीफेरना
inlay	inlaid	inlaid	inlaying	1	जडाईकरना
innovate	innovated	innovated	innovating	0	नयाढंगनिकालना
inoculate	inoculated	inoculated	inoculating	0	टीकालगाना
input	input	input	inputting	1	कम्प्यूटरमें‘संगणनकरना
inquire	inquired	inquired	inquiring	0	पूछ-ताछकरना
inscribe	inscribed	inscribed	inscribing	0	छापना
inseminate	inseminated	inseminated	inseminating	0	गर्भाधानकरना
insert	inserted	inserted	inserting	0	डालना{अन्दरयाबीचमें}
inset	inset	inset	insetting	1	जड़ना
insinuate	insinuated	insinuated	insinuating	0	चालाकीभरासंकेतकरना
insist	insisted	insisted	insisting	0	दृढ़रहना
inspect	inspected	inspected	inspecting	0	जाँचना
inspire	inspired	inspired	inspiring	0	प्रेरणादेना
install	installed	installed	installing	0	लगाना[यन्त्र]
instigate	instigated	instigated	instigating	0	भड़काना
instil	instiled	instiled	instiling	0	सिखाना
institute	instituted	instituted	instituting	0	संस्थापितकरना
institutionalize	institutionalized	institutionalized	institutionalizing	0	संस्थानबनादेना
instruct	instructed	instructed	instructing	0	शिक्षादेना
insulate	insulated	insulated	insulating	0	आवरणचढाना
insult	insulted	insulted	insulting	0	अपमानकरना
insure	insured	insured	insuring	0	बीमाकरना[कराना]
integrate	integrated	integrated	integrating	0	एकीकरणकरना
intellectualize	intellectualized	intellectualized	intellectualizing	0	बुद्धिसंगतकरना
intend	intended	intended	intending	0	इरादारखना; निमित्तहोना
intensify	intensified	intensified	intensifying	0	सशक्तकरना
inter	intered	intered	intering	0	गाड़ना{लाश}
interact	interacted	interacted	interacting	0	एकदूसरेकोप्रभावितकरना
interbreed	interbred	interbred	interbreeding	1	मिश्रितजातिजीवउत्पन्नकरना
intercede	interceded	interceded	interceding	0	मध्यस्थताकरना
intercept	intercepted	intercepted	intercepting	0	बीचमेंरोकना
interchange	interchanged	interchanged	interchanging	0	अदलाबदलाकरना
intercommunicate	intercommunicated	intercommunicated	intercommunicating	0	अंत:संचारहोना
interconnect	interconnected	interconnected	interconnecting	0	अन्तर्संबद्धकरना
interest	interested	interested	interesting	0	रुचिउत्पन्नकरना
interface	interfaced	interfaced	interfacing	0	मिलन-बिंदुकरना
interfere	interfered	interfered	interfering	0	बीचमेँपड़ना
interject	interjected	interjected	interjecting	0	बीचमेँरायदेना
interlace	interlaced	interlaced	interlacing	0	गूँथना
interlink	interlinked	interlinked	interlinking	0	जोड; मिलाना
interlock	interlocked	interlocked	interlocking	0	एकसाथजोडना
intermingle	intermingled	intermingled	intermingling	0	मिलना
intern	interned	interned	interning	0	कैदरखना
interpenetrate	interpenetrated	interpenetrated	interpenetrating	0	फैलाना
interpolate	interpolated	interpolated	interpolating	0	बीचमेंडालना
interpose	interposed	interposed	interposing	0	बीचमेंबोलना
interpret	interpreted	interpreted	interpreting	0	वर्णनकरना; भाषान्तरकरना
interrelate	interrelated	interrelated	interrelating	0	परस्परसंबद्धकरना
interrogate	interrogated	interrogated	interrogating	0	प्रश्नकरना
interrupt	interrupted	interrupted	interrupting	0	क्रमभंगकरना; बोलनेमेंबाधादेना
intersect	intersected	intersected	intersecting	0	परस्परकाटना
intersperse	interspersed	interspersed	interspersing	0	बीचबीचमेंहोना
intertwine	intertwined	intertwined	intertwining	0	बटना
intervene	intervened	intervened	intervening	0	बीचमेँआना
interview	interviewed	interviewed	interviewing	0	इंटरव्यूलेना
interweave	interwove	interwoven	interweaving	1	गूँथना
intimate	intimated	intimated	intimating	0	बतलाना
intimidate	intimidated	intimidated	intimidating	0	धमकाना
intone	intoned	intoned	intoning	0	अनुतानकरना
intoxicate	intoxicated	intoxicated	intoxicating	0	नशेमेंलाना; उन्मत्तकरना
intrigue	intrigued	intrigued	intriguing	0	कूटयुक्तिरचना
introduce	introduced	introduced	introducing	0	परिचयकराना[करना]; प्रस्तुतकरना; उपलब्धकराना
intrude	intruded	intruded	intruding	0	घुसना
intuit	intuited	intuited	intuiting	0	सहजज्ञानहोना
inundate	inundated	inundated	inundating	0	प्लावितकरना.; बाढलाना
invade	invaded	invaded	invading	0	आक्रमणकरना; घुसजाना
invalid	invalided	invalided	invaliding	0	नौकरीछोड़नेपरमजबूरकरना{विशेषसेनामें}
invalidate	invalidated	invalidated	invalidating	0	अविधिमान्यकरना
inveigle	inveigled	inveigled	inveigling	0	चालाकीसेफुसलाना
invent	invented	invented	inventing	0	आविष्कारकरना
invert	inverted	inverted	inverting	0	उलटाकरना
invest	invested	invested	investing	0	धनलगाना; अधिकारदेना
investigate	investigated	investigated	investigating	0	जाँचना.; अनुसंधानकरना
invigilate	invigilated	invigilated	invigilating	0	निगरानीकरना
invigorate	invigorated	invigorated	invigorating	0	बलवर्धनकरना
invite	invited	invited	inviting	0	निमन्त्रणभेजना; आकृष्टकरना
invoice	invoiced	invoiced	invoicing	0	बीजकबनाना
invoke	invoked	invoked	invoking	0	चिरौरीकरना; अवलम्बलेना
involve	involved	involved	involving	0	शामिलकरना; काममेंलगजाना; खतरेमेंपडना
ionise	ionised	ionised	ionising	0	आयनोंमेंपरिवर्तितकरना
irk	irked	irked	irking	0	गुस्सादिलाना
iron	ironed	ironed	ironing	0	इस्त्रीकरना
irradiate	irradiated	irradiated	irradiating	0	एक्सरेकिरणोंसेउपचारकरना; चमकाना
irrigate	irrigated	irrigated	irrigating	0	सीँचना
irritate	irritated	irritated	irritating	0	उत्तेजितकरना; खुजलीहोना
is	ised	ised	ising	0	है
isolate	isolated	isolated	isolating	0	अलगरखना
issue	issued	issued	issuing	0	आदेशजारीकरना; देना; प्रकाशितकरना
itch	itched	itched	itching	0	खुजलीहोना; इच्छाहोना
itemize	itemized	itemized	itemizing	0	मदलिखलेना
jackknife	jackknifed	jackknifed	jackknifing	0	बीचमेंसेमुडनाऔरनियंत्रणखोबैठना
jade	jaded	jaded	jading	0	थकाना
jail	jailed	jailed	jailing	0	कारावासहोना
jam	jammed	jammed	jamming	0	दबाना; गड़बड़ाजाना; अवरोधकरना
jangle	jangled	jangled	jangling	0	झनझनाना
japan	japaned	japaned	japaning	0	रोग़नकरकेचमकाना
jar	jarred	jarred	jarring	0	खटकना; कर्कशलगना; धक्कालगना
jaunt	jaunted	jaunted	jaunting	0	सैरकरना
jeer	jeered	jeered	jeering	0	चिढ़ाना
jeopardize	jeopardized	jeopardized	jeopardizing	0	जोखिममेँडालना
jerk	jerked	jerked	jerking	0	झटकना
jest	jested	jested	jesting	0	हँसीउड़ाना
jet	jetted	jetted	jetting	0	निकलपड़ना
jettison	jettisoned	jettisoned	jettisoning	0	फेंकदेना; नहींलेना
jib	jibbed	jibbed	jibbing	0	किसीकार्यकोजारीरखनेसेइन्कारकरना
jibe	jibed	jibed	jibing	0	तानामारना
jig	jigged	jigged	jigging	0	नाचना
jiggle	jiggled	jiggled	jiggling	0	हौले-हौलेझुलाना
jilt	jilted	jilted	jilting	0	ठुकरादेना
jingle	jingled	jingled	jingling	0	खनखनाना
jockey	jockeyed	jockeyed	jockeying	0	ठगना
jog	jogged	jogged	jogging	0	कसरतकेलियेदौड़ना; मामूलीसाधक्कादेना
join	joined	joined	joining	0	संयुक्तकरना; मिलना; शामिलहोना
joke	joked	joked	joking	0	हँसी-मज़ाककरना
jolt	jolted	jolted	jolting	0	हिलाना
josh	joshed	joshed	joshing	0	चिढ़ाना
jostle	jostled	jostled	jostling	0	धक्कादेना
jot	jotted	jotted	jotting	0	जल्दीसेलिखना
journey	journeyed	journeyed	journeying	0	यात्राकरना
judder	juddered	juddered	juddering	0	ज़ोरसेहिलना
judge	judged	judged	judging	0	निर्णयलेना
juggle	juggled	juggled	juggling	0	हाथकीसफाईकरना
jumble	jumbled	jumbled	jumbling	0	मिलाना
jump	jumped	jumped	jumping	0	कूदना; खुशहोना; उपरउठना; बढ़ना; नज़रआना
jump at	jumped at	jumped at	jumping at	0	तुरन्तमानलेनायास्वीकारकरलेना
jump in	jumped in	jumped in	jumping in	0	विघ्नडालना
jump on	jumped on	jumped on	jumping on	0	टोकना
junk	junked	junked	junking	0	फेंकदेना
justify	justified	justified	justifying	0	सत्यठहराना
jut	jutted	jutted	jutting	0	बाहरकोनिकलना
juxtapose	juxtaposed	juxtaposed	juxtaposing	0	निकटरखना
keel	keeled	keeled	keeling	0	गिरना; उलटना
keen	keened	keened	keening	0	दिलचस्पीरखना; विलापकरना
keep	kept	kept	keeping	1	रहना; ज़ारीरखना
keep at	kept at	kept at	keeping at	1	लगेरहना
keep away	kept away	kept away	keeping away	1	दूररहना
keep back	kept back	kept back	keeping back	1	छुपाकररखना; पीछेरखना; रोककररखना
keep down	kept down	kept down	keeping down	1	झुककररहना
keep in	kept in	kept in	keeping in	1	रोककररखना
keep off	kept off	kept off	keeping off	1	दूररहना; नहोना
keep on	kept on	kept on	keeping on	1	ज़ारीरहना[रखना]
keep out	kept out	kept out	keeping out	1	दूररहना[रखना]
keep to	kept to	kept to	keeping to	1	रास्तेपररहना[रखना]
keep up	kept up	kept up	keeping up	1	ज़ारीरहना{अच्छामौसम}
keep up with	kept up with	kept up with	keeping up with	1	समानगतिसेचलना; संपर्करखना
kick	kicked	kicked	kicking	0	लात मारना; दुलत्तीमारना; छुटकारापाना; छोड़ना; धिक्कारना
kick up	kicked up	kicked up	kicking up	0	उपद्रव
kid	kidded	kidded	kidding	0	परेशानकरना; धोखादेना; मज़ाककरना
kidnap	kidnapped	kidnapped	kidnapping	0	अपहरणकरना[होना]
kill	killed	killed	killing	0	मारना
kindle	kindled	kindled	kindling	0	जलाना; जाग्रतकरना
kink	kinked	kinked	kinking	0	बलपड़ना; डालना
kiss	kissed	kissed	kissing	0	चूमना; सहलाना
knacker	knackered	knackered	knackering	0	थकना{inf.}
knackered	knackereded	knackereded	knackereding	0	थककरचूरहोना{inf.}
knead	kneaded	kneaded	kneading	0	गूँदना; मसाज़करना
knee	kneed	kneed	kneeing	0	धक्कादेना
kneel	knelt	knelt	kneeling	1	घुटनेटेकना; घुटनेकेबलबैठना
knife	knifed	knifed	knifing	0	चाकूसेमारना
knit	knitted	knitted	knitting	1	बुनना
knock	knocked	knocked	knocking	0	दस्तक देना; ठोकर लगाना
knot	knotted	knotted	knotting	0	गाँठलगना; बाँधना; उलझाना
know	knew	known	knowing	1	जानना
knowing	knowinged	knowinged	knowinging	0	जानतेहुये
known	knowned	knowned	knowning	0	ज्ञात होना
knuckle	knuckled	knuckled	knuckling	0	ठुनकामारना; ठुनकाना
kowtwo	kowtwoed	kowtwoed	kowtwoing	0	दण्डवत् करना
labour	laboured	laboured	labouring	0	कडी मेहनत करना; मुश्किलों से चलना
lace	laced	laced	lacing	0	फीता बाँधना; पुट देना
lacerate	lacerated	lacerated	lacerating	0	चिर-फट जाना
lack	lacked	lacked	lacking	0	कमी होना
ladder	laddered	laddered	laddering	0	सीढी बनाना
ladle	ladled	ladled	ladling	0	परसना
lag	lagged	lagged	lagging	0	पिछडना
lambaste	lambasted	lambasted	lambasting	0	आलोचना करना
lament	lamented	lamented	lamenting	0	शोक प्रकट करना
laminate	laminated	laminated	laminating	0	पटल चढ़ाना
lampoon	lampooned	lampooned	lampooning	0	निन्दा करना
lance	lanced	lanced	lancing	0	चीरना; घोंपकर बाहर निकलना
land	landed	landed	landing	0	उतरना; अवतरण करना; कूद के या गिर के जमीन पर पहुँचना; परेशानी पैदा करना; सफलता प्राप्त करना; घूँसा मारना
landscape	landscaped	landscaped	landscaping	0	भूदृश्य का निर्माण करना
languish	languished	languished	languishing	0	कम होना
lap	lapped	lapped	lapping	0	लप-लप पीना; छप-छप करना
lapse	lapsed	lapsed	lapsing	0	रद्द हो जाना; अवनत हो जाना
lash	lashed	lashed	lashing	0	कोडे लगाना; शीघ्रता से हिलाना; कसकर बाँधना; से टकराना; फटकारना; अचानक आक्रमण करना
last	lasted	lasted	lasting	0	चलते रहना; जीवित रहना
latch	latched	latched	latching	0	सिटकिनी लगाना
latch on	latched on	latched on	latching on	0	समझना
lather	lathered	lathered	lathering	0	झाग बनाना
laud	lauded	lauded	lauding	0	प्रशंसा करना
laugh	laughed	laughed	laughing	0	हँसना
launch	launched	launched	launching	0	आरम्भ करना; जलावतरण; छोडना; प्रवर्त्तन करना
launder	laundered	laundered	laundering	0	कपडे धोना; सुखाना और प्रेस करना; काले धन को सफेद करना
lay	laid	laid	laying	1	रखना; लेटना; गिरा देना; आधारशिला रखना; बिछाना; अण्डे देना
laze	lazed	lazed	lazing	0	आराम करना
leach	leached	leached	leaching	0	विक्षा लेना
lead	led	led	leading	1	मार्ग दिखाना; मार्ग मिलना; प्रभावित करना[होना]; व्यतीत करना; आगे होना; ताश का पहला पत्ता चलना; नेतृत्व करना
leak	leaked	leaked	leaking	0	रिसना; चूकर निकलना; प्रकट हो जाना
lean	leaned	leaned	leaning	1	झुकना; सहारे टिकना; सहारे रखना; निर्भर होना; प्रवृत्ति होना
leap	leaped	leaped	leaping	1	उछलना; छलांग लगाना; अचानक बढना{दाम आदि}
learn	learned	learned	learning	1	विद्याअर्जनकरना; सीखना; रटना; सूचना पाना
leave	left	left	leaving	1	चले जाना; छोड जाना; टालना; शेष वचना; भूल जाना; शेष रह जाना{मृत्यु के बाद}; उत्तरदायित्व सौंपना
leaven	leavened	leavened	leavening	0	तनाव कम करना
lecture	lectured	lectured	lecturing	0	व्याख्यान देना; आलोचना करना
leer	leered	leered	leering	0	कुदृष्टि डालना
legalize	legalized	legalized	legalizing	0	कानूनी बनाना
legislate	legislated	legislated	legislating	0	कानून बनाना
legitimize	legitimized	legitimized	legitimizing	0	वैध बनाना
lend	lent	lent	lending	1	उधार देना; देना; योगदान देना
lessen	lessened	lessened	lessening	0	घटना; कम होना
let	let	let	letting	1	दो{आने; जाने; करने इत्यादि}; किराये पर देना
level	leveled	leveled	leveling	0	समान स्तर का बनाना; समतल करना
lever	levered	levered	levering	0	उत्तोलक से हटाना
levitate	levitated	levitated	levitating	0	वायु में तैरना
levy	levied	levied	levying	0	उगाहना
liaise	liaised	liaised	liaising	0	सम्पर्क रखना
liberalize	liberalized	liberalized	liberalizing	0	उदार बनाना
liberate	liberated	liberated	liberating	0	मुक्त करना
license	licensed	licensed	licensing	0	लाइसेंस देना
lick	licked	licked	licking	0	चाटना; हल्के से छूना
lie	lay	lain	lying	1	झूठ बोलना; भ्रमित करना
lift	lifted	lifted	lifting	0	उठाना; आह्लादित करना; धुंध हटना; चुराना; उठा देना; सवारी में ले जाना
ligate	ligated	ligated	ligating	0	बांधना
light	lit	lit	lighting	1	जलाना; प्रकाशित होना; चमक उठना
lighten	lightened	lightened	lightening	0	हल्का करना; गम्भीरता हटना; चिन्तामुक्त होना
like	liked	liked	liking	0	पसंद करना; उचित लगना; चाहना
liken	likened	likened	likening	0	तुलना करना
limber	limbered	limbered	limbering	0	क्रीडा-पूर्व व्यायाम
limit	limited	limited	limiting	0	सीमित रहना
limp	limped	limped	limping	0	लंगडाना; कठिनाई से आगे बढ पाना
line	lined	lined	lining	0	रेखा खींचना; अस्तर लगाना
linger	lingered	lingered	lingering	0	ठहरा रहना; धीमे से करना; घसिटते रहना
link	linked	linked	linking	0	कडी जोडना
liquefy	liquefied	liquefied	liquefying	0	तरल बनाना
liquidate	liquidated	liquidated	liquidating	0	परिसमाप्त करना; ऋण चुकाना; को समाप्त कर देना
liquidize	liquidized	liquidized	liquidizing	0	पीस कर द्रव में बदल देना; बेच कर पैसा इकठ्ठा करना
list	listed	listed	listing	0	सूचीबद्ध करना; झुकना
listen	listened	listened	listening	0	सुनना
litigate	litigated	litigated	litigating	0	मुकदमा लडना
litter	littered	littered	littering	0	बिखेरना
live	lived	lived	living	0	जीवित रहना; रहना; याद रहना; जीवन का आनन्द लेना
load	loaded	loaded	loading	0	लादना; भरना
loaf	loafed	loafed	loafing	0	आवारागर्दीकरना
loan	loaned	loaned	loaning	0	ऋण पर देना
loathe	loathed	loathed	loathing	0	घृणा करना
lob	lobbed	lobbed	lobbing	0	उछालकर फेंकना
lobby	lobbied	lobbied	lobbying	0	अपने पक्ष में जनमत तैयार करना
localize	localized	localized	localizing	0	परिसीमित करना
locate	located	located	locating	0	पता लगाना; स्थान निर्धारण करना; बस जाना
lock	locked	locked	locking	0	ताला लगाना; फँस जाना
lodge	lodged	lodged	lodging	0	दर्ज करना; ठहराना; ठहरना; जमा करना
loft	lofted	lofted	lofting	0	उछालना
log	logged	logged	logging	0	वृक्ष काटना
loiter	loitered	loitered	loitering	0	आवारा फिरना
loll	lolled	lolled	lolling	0	ढीले ढाले ढंग से लेटे; बैठे; खडे रहना; लटकना
long	longed	longed	longing	0	इच्छा करना
look	looked	looked	looking	0	देखना; तलाशना; ध्यान देना; दिखाई देना; दिशा की ओर होना
loom	loomed	loomed	looming	0	अस्पष्ट छाया दीखना; सम्भावना होना
loop	looped	looped	looping	0	फन्दा बनाना; फन्दा डालकर बाँधना
loosen	loosened	loosened	loosening	0	ढीला करना
loot	looted	looted	looting	0	लूटना
lop	lopped	lopped	lopping	0	काटना
lope	loped	loped	loping	0	लम्बे-लम्बे डग भरना
lord	lorded	lorded	lording	0	अधिपत्य दिखाना
lose	lost	lost	losing	1	खो देना; गँवा देना; मिट जाना; न सुन पाना; हार जाना; बरबाद होना; पीछे हो जाना
love	loved	loved	loving	0	पसन्दकरना; प्यारकरना
low	lowed	lowed	lowing	0	बैलकीतरहडकारनायाबोलना
lower	lowered	lowered	lowering	0	नीचाकरना; घटाना; उतारना
lubricate	lubricated	lubricated	lubricating	0	चिकनाकरना
lug	lugged	lugged	lugging	0	खींचना; घसीटना
lull	lulled	lulled	lulling	0	शांतकरना[होना]
lumber	lumbered	lumbered	lumbering	0	भारदेना
lump	lumped	lumped	lumping	0	ढेरलगाना
lunge	lunged	lunged	lunging	0	आगे कूदना
lure	lured	lured	luring	0	लालचदेना; लुभाना
lurk	lurked	lurked	lurking	0	छिपकरबैठना
lust	lusted	lusted	lusting	0	लोभकरना
lynch	lynched	lynched	lynching	0	बिनाविधिवतन्यायकिएदंडदेना
madden	maddened	maddened	maddening	0	क्रुद्धहोना[करना]
magnify	magnified	magnified	magnifying	0	आवर्धन करना; बढा चढाकर कहना
mail	mailed	mailed	mailing	0	डाकसेभेजना
maim	maimed	maimed	maiming	0	अपंग बनना
maintain	maintained	maintained	maintaining	0	बनाए रखना; देखरेखकरना; निश्चयपूर्वक कहना; भरण पोषण करना
make	made	made	making	1	बनना[बनाना]
make away with	made away with	made away with	making away with	1	चोरीकरलेना
make for	made for	made for	making for	1	की ओर जाना
make off	made off	made off	making off	1	भाग जाना
malign	maligned	maligned	maligning	0	बदनामकरना
maligner	malignered	malignered	malignering	0	कामचोरीकरना
maltreat	maltreated	maltreated	maltreating	0	अत्त्याचारकरना
man	manned	manned	manning	0	आदमीकामपरहोना[लगाना]
manage	managed	managed	managing	0	संभालना
mangle	mangled	mangled	mangling	0	क्षत-विक्षतकरना
manipulate	manipulated	manipulated	manipulating	0	चलाना
manoeuvre	manoeuvred	manoeuvred	manoeuvring	0	युक्तिचालचलना
map	mapped	mapped	mapping	0	योजना बनाना
march	marched	marched	marching	0	प्रयाणकरना; तेज़ीसेचलना
mark	marked	marked	marking	0	परनिशानलगाना; परध्यानदेना
maroon	marooned	marooned	marooning	0	असहाय छोड़ना
marry	married	married	marrying	0	विवाह करना
marshal	marshaled	marshaled	marshaling	0	क्रम से रखना
mask	masked	masked	masking	0	छिपाना
mass	massed	massed	massing	0	एकत्र होना[करना]
massacre	massacred	massacred	massacring	0	कड़ी पराजय देना
masticate	masticated	masticated	masticating	0	चबाना
masturbate	masturbated	masturbated	masturbating	0	हस्तमैथुन करना
materialize	materialized	materialized	materializing	0	मूर्तरूप देना
matriculate	matriculated	matriculated	matriculating	0	पंजीकृत करना
maul	mauled	mauled	mauling	0	क्षतविक्षत करना
maunder	maundered	maundered	maundering	0	बकवास करना
maximize	maximized	maximized	maximizing	0	उच्चतम सीमा तक बढ़ाना
may	mayed	mayed	maying	0	सम्भवतः
mean	meant	meant	meaning	1	मतलबहोना
meander	meandered	meandered	meandering	0	घुमावदाररास्तेपरचलना{नदीका}; दिशाहीनघूमना
measure	measured	measured	measuring	0	नापना; निर्णयकरना; पतालगाना; नापकाहोना; नापतोलकरना
mechanise	mechanised	mechanised	mechanising	0	मशीनीकरण
meddle	meddled	meddled	meddling	0	काम में हस्तक्षेप करना
mediate	mediated	mediated	mediating	0	मध्यस्थकाकामकरना
meditate	meditated	meditated	meditating	0	तपस्या करना
meet	met	met	meeting	1	मिलना; सेभेंटकरना; सामनाकरना; पूराकरपाना
meld	melded	melded	melding	0	मिश्रणकरना
melt	melted	melted	melting	1	पिघलाना[पिघलना]
memorialise	memorialised	memorialised	memorialising	0	यादगार दिवस मनाना
memorise	memorised	memorised	memorising	0	याद करना
mend	mended	mended	mending	0	ठीक करना
mention	mentioned	mentioned	mentioning	0	उल्लेखकरना
merge	merged	merged	merging	0	विलय करना
mesh	meshed	meshed	meshing	0	जाल में फँसना[फँसाना]
mesmerise	mesmerised	mesmerised	mesmerising	0	सम्मोहितकरना
mete	meted	meted	meting	0	भोगना
mete out	meted out	meted out	meting out	0	देना; भुगतवाना
might	mighted	mighted	mighting	0	होगा{शायद}; सकना
migrate	migrated	migrated	migrating	0	दूसरे देश में जाना
militarise	militarised	militarised	militarising	0	सेनायुक्तकरना
milk	milked	milked	milking	0	दुहना
mill	milled	milled	milling	0	पीसना
mime	mimed	mimed	miming	0	नकल करना
mimic	mimicked	mimicked	mimicking	0	नकल करना
mince	minced	minced	mincing	0	छोटा छोटा काटना
mind	minded	minded	minding	0	आपत्तिहोना[करना]; ध्यानदेना
mine	mined	mined	mining	0	खानखोदना
minimise	minimised	minimised	minimising	0	छोटा करना
minister	ministered	ministered	ministering	0	सेवा करना
mint	minted	minted	minting	0	पैसेबनाना
mire	mired	mired	miring	0	अटकना; अटकाना; गंदाहोना[करना]
misappropriate	misappropriated	misappropriated	misappropriating	0	गबन करना
misbehave	misbehaved	misbehaved	misbehaving	0	बुरा व्यहवार करना
miscalculate	miscalculated	miscalculated	miscalculating	0	गलत हिसाब लगाना
miscarry	miscarried	miscarried	miscarrying	0	गर्भपात होना
miscast	miscast	miscast	miscasting	1	गलत काम देना
misconceive	misconceived	misconceived	misconceiving	0	गलत समझना
miscount	miscounted	miscounted	miscounting	0	गलत गिनना
misdirect	misdirected	misdirected	misdirecting	0	गलत रास्ता दिखाना
misfire	misfired	misfired	misfiring	0	गलतचल जाना
mishear	misheard	misheard	mishearing	1	गलत सुनना
misinterpret	misinterpreted	misinterpreted	misinterpreting	0	गलत समझना
mislay	mislaid	mislaid	mislaying	1	गलत जगह पर रखना
mislead	misled	misled	misleading	1	पथभ्रष्टकरना
mismanage	mismanaged	mismanaged	mismanaging	0	कुप्रबन्धकरना
misname	misnamed	misnamed	misnaming	0	गलत नाम होना
misplace	misplaced	misplaced	misplacing	0	गलत जगह रखना
misprint	misprinted	misprinted	misprinting	0	गलत छपना
mispronounce	mispronounced	mispronounced	mispronouncing	0	गलत उच्चारण करना
misquote	misquoted	misquoted	misquoting	0	गलत उद्धरण देना
misrepresent	misrepresented	misrepresented	misrepresenting	0	गलत प्रतिनिधित्व करना
miss	missed	missed	missing	0	चूक जाना; छूटजाना; कमीमहसूसकरना; असफल होना
misshapen	misshapened	misshapened	misshapening	0	गलत आकार वाली
misspell	misspelled	misspelled	misspelling	1	गलत वर्तनी लिखना
misspend	misspent	misspent	misspending	1	गलत खर्च करना
mistake	mistook	mistaken	mistaking	1	गलत समझना
mistimed	mistimeded	mistimeded	mistimeding	0	गलत समय पर करना
mistreat	mistreated	mistreated	mistreating	0	गलत व्यवहार करना
mistrust	mistrusted	mistrusted	mistrusting	0	अविश्वास करना
misunderstand	misunderstood	misunderstood	misunderstanding	1	गलत समझना
mitigate	mitigated	mitigated	mitigating	0	गम्भीरता कम करना
mix	mixed	mixed	mixing	0	मिश्रणकरना; मिलाना; घुलना
moan	moaned	moaned	moaning	0	शोक करना
mobilise	mobilised	mobilised	mobilising	0	गतिशील करना
mock	mocked	mocked	mocking	0	चिढ़ाना
moderate	moderated	moderated	moderating	0	धीमा करना[होना]
modernise	modernised	modernised	modernising	0	आधुनिकरण करना
modify	modified	modified	modifying	0	सुधारना
moisten	moistened	moistened	moistening	0	नमकरना
molest	molested	molested	molesting	0	छेड़छाड़करना
mollify	mollified	mollified	mollifying	0	शांत करना
mortage	mortaged	mortaged	mortaging	0	बन्धकरखना
mortify	mortified	mortified	mortifying	0	अपमानित करना; नीचा दिखाना
motivate	motivated	motivated	motivating	0	प्रेरित करना
motorize	motorized	motorized	motorizing	0	मोटर सज्जित करना
mould	moulded	moulded	moulding	0	गढ़ना
moult	moulted	moulted	moulting	0	पर रोआँ या सींग झाड़ना
mount	mounted	mounted	mounting	0	चढ़ना
mourn	mourned	mourned	mourning	0	शोक करना; दुःखी होना
move	moved	moved	moving	0	चलना; हिलना
move about	moved about	moved about	moving about	0	चलना; टहलना
move along	moved along	moved along	moving along	0	चहल कदमी करना
move away	moved away	moved away	moving away	0	स्थानांतर जाना
move for	moved for	moved for	moving for	0	प्रस्ताव रखना
move in	moved in	moved in	moving in	0	मेआना[जाना]
move off	moved off	moved off	moving off	0	यात्रा शुरू करना
move on	moved on	moved on	moving on	0	विषय परिवर्तन करना; स्थान परिवर्तन करना
move out	moved out	moved out	moving out	0	पुराना घर छोड़ देना
move over	moved over	moved over	moving over	0	स्थन बदल्ना
move up	moved up	moved up	moving up	0	स्थान बदलना
mow	mowed	mowed	mowing	1	घास काटना
mow down	mowed down	mowed down	mowing down	1	मार डालना{बड़ी संख्या में}
muffle	muffled	muffled	muffling	0	आवाज़ दबाना
mulch	mulched	mulched	mulching	0	घासपात या पलवार से ढ़कना
mulet	muleted	muleted	muleting	0	अर्थदण्ड देना
multiply	multiplied	multiplied	multiplying	0	गुणा करना
mumble	mumbled	mumbled	mumbling	0	बुदबुदाना; गुणगुणाना
mummify	mummified	mummified	mummifying	0	शव का परिरक्षण करना
munch	munched	munched	munching	0	चबाना
municipalize	municipalized	municipalized	municipalizing	0	नगरपालिका के अधीन करना
muster	mustered	mustered	mustering	0	एकत्रितहोना
mutilate	mutilated	mutilated	mutilating	0	काटना
mutineer	mutineered	mutineered	mutineering	0	बलवाकरना
mutiny	mutinied	mutinied	mutinying	0	विद्रोहकरना
mutter	muttered	muttered	muttering	0	बड़बड़ाना
muzzle	muzzled	muzzled	muzzling	0	मुँहबांधना; जाबलगाना
mystify	mystified	mystified	mystifying	0	पेचीदाकरना
nab	nabbed	nabbed	nabbing	0	एकाएकपकड़लेना
nag	nagged	nagged	nagging	0	तंगकरना
nail	nailed	nailed	nailing	0	कीलजड़ना
name	named	named	naming	0	नामरखना; नामबताना; पहचानना; नियुक्तकरना
nap	napped	napped	napping	0	झपकीलेना
narrate	narrated	narrated	narrating	0	बयानकरना
narrow	narrowed	narrowed	narrowing	0	परिमितयातंगकरना
nationalize	nationalized	nationalized	nationalizing	0	राष्ट्रीयकरणकरना
naturalize	naturalized	naturalized	naturalizing	0	प्राकृतिकयासहजबनाना
nauseate	nauseated	nauseated	nauseating	0	जीघिनाना
navigate	navigated	navigated	navigating	0	दिशाज्ञानकरना
near	neared	neared	nearing	0	निकटपहुँचना
necessitate	necessitated	necessitated	necessitating	0	मजबूरकरना
neck	necked	necked	necking	0	गले मिलना
need	needed	needed	needing	0	जरूरतहोना
needle	needled	needled	needling	0	परेशानकरना[होना]
negate	negated	negated	negating	0	नकारना
neglect	neglected	neglected	neglecting	0	उपेक्षाकरना
negotiate	negotiated	negotiated	negotiating	0	मोलतोलकरना; पारकरना
neigh	neighed	neighed	neighing	0	हिनहिनाना
nerve	nerved	nerved	nerving	0	शक्तिप्रदानकरना
nest	nested	nested	nesting	0	घोंसलाबनाना
nestle	nestled	nestled	nestling	0	सटकरआरामसेलेटेरहना
net	netted	netted	netting	0	जाली मे फाँसना
nettle	nettled	nettled	nettling	0	चिढ़ाना
neuter	neutered	neutered	neutering	0	नपुंसक बनाना
neutralize	neutralized	neutralized	neutralizing	0	निष्प्रभावकरना
nibble	nibbled	nibbled	nibbling	0	कुतरना; टूंगना
nick	nicked	nicked	nicking	0	छेदकरना
nickname	nicknamed	nicknamed	nicknaming	0	उपनामदेना
niggle	niggled	niggled	niggling	0	नुक्ताचीनीकरना
nip	nipped	nipped	nipping	0	चिकोटीकाटना; नुकसानपहुँचाना[तुषारवशीतहवासे]; जल्दीकरना
nod	nodded	nodded	nodding	0	सिरहिलाना; ऊँघना; झूमना
nominate	nominated	nominated	nominating	0	नामांकितकरना
nonplus	nonplused	nonplused	nonplusing	0	किंकर्तव्यविमूढकरना
noose	noosed	noosed	noosing	0	फन्दालगाना
normalize	normalized	normalized	normalizing	0	सामान्यबनाना
notch	notched	notched	notching	0	खाँचाबनाना
note	noted	noted	noting	0	ध्यानसेदेखना
notice	noticed	noticed	noticing	0	ध्यानदेना; विचारना
notify	notified	notified	notifying	0	सूचनादेना
nourish	nourished	nourished	nourishing	0	पालन; पोषणकरना; बढावादेना
nudge	nudged	nudged	nudging	0	कुहनीसेछूना
nullify	nullified	nullified	nullifying	0	रद्दकरना
numb	numbed	numbed	numbing	0	सुन्न कर देना
number	numbered	numbered	numbering	0	गिनना
numerate	numerated	numerated	numerating	0	गिनना
nurse	nursed	nursed	nursing	0	उपचर्या करना
nurture	nurtured	nurtured	nurturing	0	पुश्ट बनाना; सिक्षा देना
nuzzle	nuzzled	nuzzled	nuzzling	0	सूँगना या सूँगकरप्यार करना
obey	obeyed	obeyed	obeying	0	आज्ञापालन करना
obfuscats	obfuscatsed	obfuscatsed	obfuscatsing	0	समझ के परे करना
object	objected	objected	objecting	0	आपत्ति व्यक्त करना
oblige	obliged	obliged	obliging	0	मदद करने उपकृत करना; नैतिक नियमों से मज़बूर करना
obliterate	obliterated	obliterated	obliterating	0	पूरा बूझाँ देना; नष्ट करना; धुँधला कर देना
obscure	obscured	obscured	obscuring	0	बोझत्म कर देना
observe	observed	observed	observing	0	निरखना; रीतिरिवाज़ों का पालन करना; नियमों का पालन करना; अप्ना मत; सोचविचार व्यक्त करना
obsess	obsessed	obsessed	obsessing	0	ड़ूबे रहना
obstrnet	obstrneted	obstrneted	obstrneting	0	रोध लगाना
obstrude	obstruded	obstruded	obstruding	0	थोपना; दिखाई देना
obtain	obtained	obtained	obtaining	0	प्राप्त करना; अस्तित्व में होना
obviate	obviated	obviated	obviating	0	जरूरी न समझना
occasion	occasioned	occasioned	occasioning	0	निमित्तमात्र होना
occupy	occupied	occupied	occupying	0	रहना; कब्ज़ा करना; संभालना; ज़रूरत होना
occur	occurred	occurred	occurring	0	अस्तित्व में होना; घटना; सूझना
offend	offended	offended	offending	0	अप्रसन्न करना
offer	offered	offered	offering	0	प्रदान करना
officiate	officiated	officiated	officiating	0	किसी पद पर काम करना
ogle	ogled	ogled	ogling	0	धृष्टता से देखना
oil	oiled	oiled	oiling	0	तेल लगाना
omit	omitted	omitted	omitting	0	छोड जाना
ooze	oozed	oozed	oozing	0	चूना; धीरे धीरे बहना
open	opened	opened	opening	0	खोलना; प्रारंभकरना
operate	operated	operated	operating	0	कामकरना; चीरफाड़करना
opine	opined	opined	opining	0	रायहोना
oppose	opposed	opposed	opposing	0	विरोधकरना
oppress	oppressed	oppressed	oppressing	0	दमनकरना
ordain	ordained	ordained	ordaining	0	अभिषेककरना; आदेशदेना
order	ordered	ordered	ordering	0	आज्ञादेना; क्रममेंरखना
organize	organized	organized	organizing	0	संघटनकरना
originate	originated	originated	originating	0	आरंभहोनायाकरना
ornament	ornamented	ornamented	ornamenting	0	विभूषितकरना
ostracize	ostracized	ostracized	ostracizing	0	बहिष्कृतकरना
ought	oughted	oughted	oughting	0	चाहिये
oust	ousted	ousted	ousting	0	अधिकारसेहठाना
out	outed	outed	outing	0	बाहरनिकालना
outbid	outbid	outbid	outbidding	1	से ज्यादा बोली लगाना
outclass	outclassed	outclassed	outclassing	0	बेहतर होना
outdistance	outdistanced	outdistanced	outdistancing	0	निकल जाना
outdo	outdid	outdone	outdoing	1	किसी से ज्यादा बेहतर काम करना
outface	outfaced	outfaced	outfacing	0	हराना
outfight	outfought	outfought	outfighting	1	से ज्यादा बेहतर लड़ना
outflank	outflanked	outflanked	outflanking	0	परे हटकर पीछे से हमला करना; चौका देनेवाली कृती से आगे बढ़ना
outfox	outfoxed	outfoxed	outfoxing	0	बुद्दू बनाना
outgrow	outgrew	outgrown	outgrowing	1	से बड़ा हो जाना; पीछे छोड़ देना
outgun	outguned	outguned	outguning	0	से अधिक सैन्यशक्ति होना
outlaw	outlawed	outlawed	outlawing	0	बहिष्कृत करना
outline	outlined	outlined	outlining	0	रूपरेखा आरेखित करना
outlive	outlived	outlived	outliving	0	से ज्यादा जीना
outmanoeuvre	outmanoeuvred	outmanoeuvred	outmanoeuvring	0	हराना
outnumber	outnumbered	outnumbered	outnumbering	0	से संख्या ज्यादा होना
outpace	outpaced	outpaced	outpacing	0	से तेज़ी से बढ़ना
outperform	outperformed	outperformed	outperforming	0	से बेहतर काम करना
outplay	outplayed	outplayed	outplaying	0	हराना{अच्छा खेल दिखाकर}
outpoint	outpointed	outpointed	outpointing	0	ज्यादा प्राप्तांक पाकर हराना
output	output	output	outputting	1	प्रक्षेपण करना
outrage	outraged	outraged	outraging	0	प्रक्षुब्ध करना
outrank	outranked	outranked	outranking	0	से बेहतर होना
outrun	outran	outrun	outrunning	1	से ज्यादा तेज़ी से दौड़ना; से बहुत जल्दी बढ़ना
outsell	outsold	outsold	outselling	1	से ज्यादा बिक्री होना
outsmart	outsmarted	outsmarted	outsmarting	0	होशियारी से हासिल करना
outstay	outstayed	outstayed	outstaying	0	बहुत देर रहना
outstrip	outstriped	outstriped	outstriping	0	आगे निकल जाना
outweigh	outweighed	outweighed	outweighing	0	महत्वपूर्ण साबित होना
outwit	outwited	outwited	outwiting	0	होशियारी से harAnA
overact	overacted	overacted	overacting	0	कृत्रिम अभिनय करना
overawe	overawed	overawed	overawing	0	पूर्णतः प्रभावित करना
overbalance	overbalanced	overbalanced	overbalancing	0	सन्तुलन खोने से गिरना
overbook	overbooked	overbooked	overbooking	0	जरूरत से ज्यादा आरक्षण करना
overburden	overburdened	overburdened	overburdening	0	ज्यादा भोज ड़ालना
overcharge	overcharged	overcharged	overcharging	0	अधिकदामलगाना; अधिकलाददेनायाभारदेना
overcome	overcame	overcome	overcoming	1	वशीभूत कर लेना; हराना
overcompensate	overcompensated	overcompensated	overcompensating	0	कमी पूरीकरना
overcook	overcooked	overcooked	overcooking	0	अधिकपकाना
overdo	overdid	overdone	overdoing	1	अति कर देना; ज्यादा पका देना
overdose	overdosed	overdosed	overdosing	0	अधिकमात्रामेंदेना
overdraw	overdrew	overdrawn	overdrawing	1	जमासेअधिकरुपयानिकालना
overeat	overate	overeaten	overeating	1	अत्यधिकखाना
overestimate	overestimated	overestimated	overestimating	0	ज्यादादामलगाना
overexpose	overexposed	overexposed	overexposing	0	अधिकदेरतकखुलेमेरखना
overflow	overflowed	overflowed	overflowing	0	किनारे से बहनिकलना
overfly	overflew	overflown	overflying	1	किसी स्थान के ऊपर उडना
overhang	overhung	overhung	overhanging	1	बाहरलटकाहोना
overhaul	overhauled	overhauled	overhauling	0	निरीक्षणकरना
overhear	overheard	overheard	overhearing	1	चुपकेसेसुनना
overheat	overheated	overheated	overheating	0	बहुतगर्मकरना
overjoy	overjoyed	overjoyed	overjoying	0	अधिकप्रसन्नहोना
overlap	overlaped	overlaped	overlaping	0	ढ़कलेना; एकहीसमयहोना
overlay	overlaid	overlaid	overlaying	1	एककेऊपररखना
overload	overloaded	overloaded	overloading	0	बहुतलादना
overlook	overlooked	overlooked	overlooking	0	ध्यानमेंनलापाना; ऊपरसेदेखना
overpass	overpassed	overpassed	overpassing	0	पारकरना; आँखछिपाना; भूलना
overpay	overpaid	overpaid	overpaying	1	धिकतनख्वाहदेना
overpower	overpowered	overpowered	overpowering	0	नियन्त्रणकरना
overrate	overrated	overrated	overrating	0	अधिकमूल्यांकनकरना
overreach	overreached	overreached	overreaching	0	परे निकलजाना
overreact	overreacted	overreacted	overreacting	0	प्रतिक्रियाकरना
override	overrode	overridden	overriding	1	निरस्तकरदेना
overrule	overruled	overruled	overruling	0	रदकरदेना
overrun	overran	overrun	overrunning	1	मुँहतकभरजाना; बाहरनिकलना; अधिकहोना
oversee	oversaw	overseen	overseeing	1	निरीक्षणकरना
overshadow	overshadowed	overshadowed	overshadowing	0	महत्वमेंबढ़चढ़करहोना; सायाकरना
overshoot	overshot	overshot	overshooting	1	लक्ष्यसेबाहरचलेजानायाफेंकना
oversimplify	oversimplified	oversimplified	oversimplifying	0	कुछज्यादाहीसरलबनादेना
oversleep	overslept	overslept	oversleeping	1	अधिकदेरतकसोतेरहना
overstate	overstated	overstated	overstating	0	बढ़ाचढ़ाकरकहना
overstock	overstocked	overstocked	overstocking	0	अधिकमात्रामेंसंचयकरना; कमभोजनवस्थानोंमेंअधिकजानवरोंकोडालना
overtake	overtook	overtaken	overtaking	1	तेजीसेआगेनिकलजाना; संख्याकाबढ़ना
overthrow	overthrew	overthrown	overthrowing	1	पदसेनिकालना
overturn	overturned	overturned	overturning	0	उलटदेना; पराजितकरना; बरबादकरना; नष्टकरना; उलटपलटकरना
overuse	overused	overused	overusing	0	बहुतअधिककाममेंलाना
overwhelm	overwhelmed	overwhelmed	overwhelming	0	अधिकभावनाप्रकटकरना
overwork	overworked	overworked	overworking	0	अत्यन्तपरिश्रमकरना
overwrite	overwrote	overwritten	overwriting	1	लिखेपरलिखना
owe	owed	owed	owing	0	ऋणीहोना
oxidize	oxidized	oxidized	oxidizing	0	जंगलगना
oxygenate	oxygenated	oxygenated	oxygenating	0	आक्सीजनसेमिलाना
pace	paced	paced	pacing	0	धीमी तेज़ बदलती गति
pacify	pacified	pacified	pacifying	0	शांत करना
pack	packed	packed	packing	0	गठरी बनाना
pad	padded	padded	padding	0	भर देना; मंदगति से चलना
padlock	padlocked	padlocked	padlocking	0	ताला लगाना
pain	pained	pained	paining	0	दर्द होना
paint	painted	painted	painting	0	रंगलगाना[होना]; चित्रकारीकरना
pair	paired	paired	pairing	0	जोड़ाबनाना
pale	paled	paled	paling	0	फीकापड़जाना[करदेना]
palisade	palisaded	palisaded	palisading	0	कटघराबना
pall	palled	palled	palling	0	नीरसहोजाना
palliate	palliated	palliated	palliating	0	कमकरना
palm	palmed	palmed	palming	0	मुठ्ठीमेंरखना; घूसदेना
palpitate	palpitated	palpitated	palpitating	0	जल्दीधड़कना
pamper	pampered	pampered	pampering	0	बहुतलाड़प्यारकरना
pan	panned	panned	panning	0	तसले में कुछ धोना; ?
pander	pandered	pandered	pandering	0	कुटनाई करना
panel	paneled	paneled	paneling	0	दिल्ला लगाना
panic	panicked	panicked	panicking	0	सन्त्रास्त होना
pant	panted	panted	panting	0	हाँफना
paraboil	paraboiled	paraboiled	paraboiling	0	उबालना
parachute	parachuted	parachuted	parachuting	0	हवाई जहाज से उतरना
paralyse	paralysed	paralysed	paralysing	0	लकवामार
pardon	pardoned	pardoned	pardoning	0	माफकरना
parley	parleyed	parleyed	parleying	0	संधि वार्ता करना
parrot	parroted	parroted	parroting	0	अंधानुकरण करना
part	parted	parted	parting	0	अलगहोना
partake	partook	partaken	partaking	1	भाग लेना
participate	participated	participated	participating	0	भाग लेना; भागीदार होना
pass	passed	passed	passing	0	गुज़रना; हस्तांतरित करना; पार करना; उत्तराधिकार में पाना; उत्तीर्ण होना; मंज़ूर होना; सहन करना
paste	pasted	pasted	pasting	0	चिपकाना
pat	patted	patted	patting	0	थपथपाना
patch	patched	patched	patching	0	जोड़ना
patent	patented	patented	patenting	0	सनददेकरअधिकारकीरक्षाकरना
patrol	patrolled	patrolled	patrolling	0	पहरादेना
patronize	patronized	patronized	patronizing	0	संरक्षणकरना
patter	pattered	pattered	pattering	0	पटपटाना; बड़बड़ाना; हल्के-फुलके कदम से चलना
pattern	patterned	patterned	patterning	0	अनुकरण करना
pause	paused	paused	pausing	0	रुकना
pave	paved	paved	paving	0	ईंटजड़ना; मार्गठीककरना; सरलबनाना
paw	pawed	pawed	pawing	0	पंजेसेखुरचना; चापलूसीकरना; बुरीतरहहाथलगाना
pawn	pawned	pawned	pawning	0	गिरवीरखना; दाँव पर लगाना
pay	paid	paid	paying	1	चुकाना{पैसा}; सजापाना; लाभकरहोना
peak	peaked	peaked	peaking	0	चोटी पर पहुँचना
peal	pealed	pealed	pealing	0	गड़गड़ाना
peck	pecked	pecked	pecking	0	चोंच मारना
pedal	pedaled	pedaled	pedaling	0	पैड़ल चलाना
peddle	peddled	peddled	peddling	0	फेरी
pee	peed	peed	peeing	0	पेशाब करना
peep	peeped	peeped	peeping	0	झाँकना
peer	peered	peered	peering	0	सावधानी से देखना; ताकना
peeve	peeved	peeved	peeving	0	चिड़ाना
peg	pegged	pegged	pegging	0	खूँटी लगाना
pelt	pelted	pelted	pelting	0	फ़ेंकना; फ़ेंककर मारना
pen	penned	penned	penning	0	बाड़े में बन्द करना; लिखना
penalize	penalized	penalized	penalizing	0	दण्ड़ित करना
pencil	penciled	penciled	penciling	0	चित्रित करना
penetrate	penetrated	penetrated	penetrating	0	घुसना
pep	pepped	pepped	pepping	0	ओत प्रेत करना
perceive	perceived	perceived	perceiving	0	मॆहसूस करना; देखना; समझना
perch	perched	perched	perching	0	अड्डे पर बैठना; ऊँचा स्थान पर बैठना
percolate	percolated	percolated	percolating	0	बूंद बूंद करके टपकना
perfect	perfected	perfected	perfecting	0	परिपूर्ण करना
perforate	perforated	perforated	perforating	0	छेदना
perform	performed	performed	performing	0	करना; नाटक खेलना; बाजा बजाना
perfume	perfumed	perfumed	perfuming	0	सुगंधित करना; खुशबू से भरपूर करदेना
perish	perished	perished	perishing	0	मरना; सड जाना
perjure	perjured	perjured	perjuring	0	न्यायालय में झूट बोलना
perm	permed	permed	perming	0	बालों को लहरियादार बनाना
permeate	permeated	permeated	permeating	0	में फ़ैल जाना
permit	permitted	permitted	permitting	0	अनुमति देना; करने देना
permit of	permitted of	permitted of	permitting of	0	सम्भव न होना
perpetrate	perpetrated	perpetrated	perpetrating	0	पाप या दोष करना
perpetuate	perpetuated	perpetuated	perpetuating	0	स्थायी बनाना
perplex	perplexed	perplexed	perplexing	0	व्याकुल करना
persecute	persecuted	persecuted	persecuting	0	उत्पीडित करना; सताना
perserve	perserved	perserved	perserving	0	निरन्तर प्रयत्न करना
persist	persisted	persisted	persisting	0	दृढ रहना; अडजाना
personalize	personalized	personalized	personalizing	0	व्यक्तिगत बना लेना
personify	personified	personified	personifying	0	मानवीकरण करना; विचार प्रकट करना
perspire	perspired	perspired	perspiring	0	पसीना बहाना
persuade	persuaded	persuaded	persuading	0	के लिए राजी करना; समझाना
pertain	pertained	pertained	pertaining	0	से सम्बंध रखना; का होना
perturb	perturbed	perturbed	perturbing	0	उद्विग्न कर देना
peruse	perused	perused	perusing	0	अनुशीलन करना
pervade	pervaded	pervaded	pervading	0	में व्याप्त होना
pervert	perverted	perverted	perverting	0	दुरुपयोग करना; पथभ्रष्ट करना
pester	pestered	pestered	pestering	0	सताना
pet	petted	petted	petting	0	दुलारना
petrify	petrified	petrified	petrifying	0	अश्मीकृत होना; पथराना
phase	phased	phased	phasing	0	चरणोंमेंकरना
philander	philandered	philandered	philandering	0	इरकबाज़ी करना
philosphize	philosphized	philosphized	philosphizing	0	दार्शनिक रूप में प्रस्तुत करना
phone	phoned	phoned	phoning	0	फ़ोन करना
photograph	photographed	photographed	photographing	0	फ़ोटो खींचना
pick	picked	picked	picking	0	चुन लेना; तोडना; साफ़ करना; किसी नुकीली वस्तु से ताला खोलना
pick up	picked up	picked up	picking up	0	उठाना
picket	picketed	picketed	picketing	0	घेरा डालना; खूँटा गाडना; धरना देना
pickle	pickled	pickled	pickling	0	अचार बनाना
picture	pictured	pictured	picturing	0	कल्पना करना; चित्रित करना; चित्र द्वारा प्रदर्शित करना
piddle	piddled	piddled	piddling	0	पेशाब करना
piece	pieced	pieced	piecing	0	जोडना; जोडकर बना लेना
pierce	pierced	pierced	piercing	0	छेदित करना; चुभाना; प्रभावित करना
pile	piled	piled	piling	0	ढेर लगना
pilfer	pilfered	pilfered	pilfering	0	चुराना
pillage	pillaged	pillaged	pillaging	0	लूटना
pillory	pilloried	pilloried	pillorying	0	सार्वजनिकरूपसेदंडितकरना
pillow	pillowed	pillowed	pillowing	0	सहारा देना
pilot	piloted	piloted	piloting	0	चलाना; प्रयोग करना
pin	pinned	pinned	pinning	0	पिन लगाना
pinch	pinched	pinched	pinching	0	चिकोटी काटना; चाँपना; चोरी करना
pine	pined	pined	pining	0	मुरझाना; गलना
ping	pinged	pinged	pinging	0	सनसनाना
pinion	pinioned	pinioned	pinioning	0	जकडना; बाँधना
pink	pinked	pinked	pinking	0	शोर करना
pioneer	pioneered	pioneered	pioneering	0	मार्ग प्रशस्त करना
pip	pipped	pipped	pipping	0	नज़दीकी से हराना
pipe	piped	piped	piping	0	नल से ले जाना; चहकना
piss	pissed	pissed	pissing	0	मूतना; पेशाब करना
pit	pitted	pitted	pitting	0	गड्ढे बनाना
pitch	pitched	pitched	pitching	0	स्थिर करना; लगाना; फ़ेंकना; टप्पाखाना; गिरना{धडाम से}; डूबना-उतराना; डेरा डालना
placate	placated	placated	placating	0	शांत करना
place	placed	placed	placing	0	रख देना; पहचानना; जारी रखना; नौकरी देना
plagiarize	plagiarized	plagiarized	plagiarizing	0	साहित्यिक चोरी करना
plant	planted	planted	planting	0	रोपना; बसाना
plate	plated	plated	plating	0	मुलम्मा लगाना
play	played	played	playing	0	खेलना
play along	played along	played along	playing along	0	खेलने के लिए सहमत होना
play back	played back	played back	playing back	0	पर्देकेपीछेसेगाना
play down	played down	played down	playing down	0	कम महत्त्व देना
play off against	played off against	played off against	playing off against	0	अप्ने लाभ के लिए मुक़ाबला करवाना
play on	played on	played on	playing on	0	खेलते रहना
play out	played out	played out	playing out	0	?
play up	played up	played up	playing up	0	सताना
play with	played with	played with	playing with	0	सोचना
plead	pleaded	pleaded	pleading	1	याचनाकरना
pledge	pledged	pledged	pledging	0	प्रतिज्ञाकर[हो]
plight	plighted	plighted	plighting	0	प्रतिज्ञा करना
plod	plodded	plodded	plodding	0	परिश्रम से चलना
plop	plopped	plopped	plopping	0	छपाक की ध्वनि करना
plot	plotted	plotted	plotting	0	रूप रेखा बनाना; षड्यंत्र रचना
plough	ploughed	ploughed	ploughing	0	जोतना
pluck	plucked	plucked	plucking	0	तोडना; ओचना; खींचना; बचाना
plug	plugged	plugged	plugging	0	डाट लगाना; दोहराई से कहना; मारना
plumb	plumbed	plumbed	plumbing	0	गहराई में जानना
plummet	plummeted	plummeted	plummeting	0	तेज़ी से गिरना
plump	plumped	plumped	plumping	0	फुलाना
plunder	plundered	plundered	plundering	0	लूटना
plunge	plunged	plunged	plunging	0	फँसाना; गोता लगाना
ply	plied	plied	plying	0	आना-जाना
poach	poached	poached	poaching	0	अनधिकार
pocket	pocketed	pocketed	pocketing	0	जेब में रखना
point	pointed	pointed	pointing	0	इशारा करना; निशाना बाँधना; लक्ष्य करना; की ओर होना; महत्त्व देना; टीप करना
poise	poised	poised	poising	0	संतुलित करना
poison	poisoned	poisoned	poisoning	0	विष देना; दूषित कर देना; बिगाडना
poke	poked	poked	poking	0	ढकेलना; छेद बनाना; चुभोना
polarize	polarized	polarized	polarizing	0	ध्रुवीकरण; एक ही दिशा में लहरें जगाना; दो गुटों में बाँटना
polish	polished	polished	polishing	0	चमकाना; परिष्कृत होना; संवारा जाना
poll	polled	polled	polling	0	वोट प्राप्त करना; मतग्रहण करना
pollinate	pollinated	pollinated	pollinating	0	पराग सीचना
pollute	polluted	polluted	polluting	0	अपवित्र करना
ponder	pondered	pondered	pondering	0	सोचना; मनन करना; चिन्तन करना
pontificate	pontificated	pontificated	pontificating	0	धर्माचार्यकीतरहबातेंकरना
pool	pooled	pooled	pooling	0	इकट्ठा करना
pop	popped	popped	popping	0	तडकना; पटक देना
pop in	popped in	popped in	popping in	0	जल्दी से देना
pop into	popped into	popped into	popping into	0	जल्दी से रखना
pop off	popped off	popped off	popping off	0	मर जाना
pop up	popped up	popped up	popping up	0	अचानक नज़र आना
popularise	popularised	popularised	popularising	0	लोकप्रिय बनाना; लोकसुलभ बनाना
populate	populated	populated	populating	0	बसना; बस जाना
pore	pored	pored	poring	0	परिशीलन करना
portend	portended	portended	portending	0	पूर्वाभास या पूर्वसूचना देना
portion	portioned	portioned	portioning	0	बाँट देना
portray	portrayed	portrayed	portraying	0	अभिनय करना; चित्रित करना
pose	posed	posed	posing	0	प्रस्तुत करना; चित्र के लिए खडा रहना या बैठना; का ढोंग रचना; दिखावा करना
posit	posited	posited	positing	0	मान लेना
position	positioned	positioned	positioning	0	रख देना
possess	possessed	possessed	possessing	0	का स्वामी या मालिक होना; से सम्पन्न होना; पर नियन्त्रण रखना
post	posted	posted	posting	0	चिपकाना; नियुक्त करना; डाक में डालना; डाक से भेजना
postpone	postponed	postponed	postponing	0	आगे बढाना
posture	postured	postured	posturing	0	दिखावाकरना
pot	potted	potted	potting	0	गमले में लगाना; पिलाना; ?
potter	pottered	pottered	pottering	0	व्यर्थ घूमना
pounce	pounced	pounced	pouncing	0	झपटना; पंजा मारना
pound	pounded	pounded	pounding	0	मारना; धडकना
pour	poured	poured	pouring	0	बहना; बहा देना; मूसलधार बरसना; प्रवाहितहोना
pout	pouted	pouted	pouting	0	मुँह फुलाना
power	powered	powered	powering	0	समर्थहोना[बनाना]
practise	practised	practised	practising	0	अभ्यास करना
praise	praised	praised	praising	0	प्रशंसा करना; स्तुति करना
prance	pranced	pranced	prancing	0	कुदकते हुए चलना; घोडा कुदाना
prate	prated	prated	prating	0	बकबक करना
prattle	prattled	prattled	prattling	0	बकबक करना
pray	prayed	prayed	praying	0	प्रार्थना करना; आशा करना
preach	preached	preached	preaching	0	प्रवचन देना
precede	preceded	preceded	preceding	0	से पहले आना या घटित होना
precipitate	precipitated	precipitated	precipitating	0	वेग से गिरना[गिरादेना]; प्रेरित करना
preclude	precluded	precluded	precluding	0	प्रतिबन्धित करना
predate	predated	predated	predating	0	से पहले घटित होना
predecease	predeceased	predeceased	predeceasing	0	पहले मर जाना
predetermine	predetermined	predetermined	predetermining	0	पूर्वनिश्चय करना
predicate	predicated	predicated	predicating	0	निश्चयपूर्वक कहना
predict	predicted	predicted	predicting	0	भविष्य बतलाना
predispose	predisposed	predisposed	predisposing	0	पहले से प्रवृत्त या प्रवण करना
predominate	predominated	predominated	predominating	0	प्रबल होना; सर्वाधिक होना
preen	preened	preened	preening	0	बनना-ठनना; सवाँरना
preface	prefaced	prefaced	prefacing	0	आमुख लिखना; _रारंभ होना या करना
prefer	preferred	preferred	preferring	0	पसन्द करना
prefigure	prefigured	prefigured	prefiguring	0	पूर्वकल्पना करना
prefix	prefixed	prefixed	prefixing	0	शुरू या प्रारंभ में लगाना
preheat	preheated	preheated	preheating	0	चुल्हा को गरम करना
prejudge	prejudged	prejudged	prejudging	0	पूर्वनिर्णय
preoccupy	preoccupied	preoccupied	preoccupying	0	पूर्वरूपेण ध्यान आकर्षित करना
preordain	preordained	preordained	preordaining	0	पूर्व-निर्धारण
prepare	prepared	prepared	preparing	0	तैयार करना
presage	presaged	presaged	presaging	0	पूर्वसूचना देना; पूर्वबोध होना
prescribe	prescribed	prescribed	prescribing	0	निर्धारित करना
present	presented	presented	presenting	0	देना{उपहार}; दिखाना; प्रस्तुत करना
preserve	preserved	preserved	preserving	0	बनाए रखना
preside	presided	presided	presiding	0	संचालन करना
press	pressed	pressed	pressing	0	दबाना; निचोडना; दबाव डालना; घेर-लेना; इस्त्री करना
pressurise	pressurised	pressurised	pressurising	0	दाबानुकूल
presume	presumed	presumed	presuming	0	मान लेना; साहस करना
pretend	pretended	pretended	pretending	0	अभिनय करना
prettify	prettified	prettified	prettifying	0	सँवारना
prevail	prevailed	prevailed	prevailing	0	प्रचलित होना; जीत लेना
prevaricate	prevaricated	prevaricated	prevaricating	0	छल_कपट करना
prevent	prevented	prevented	preventing	0	रोकना
prey	preyed	preyed	preying	0	शिकार करन
price	priced	priced	pricing	0	मूल्य निर्धारित करना
prick	pricked	pricked	pricking	0	छेदना; चुभाना
prick up	pricked up	pricked up	pricking up	0	कान उठाना
prickle	prickled	prickled	prickling	0	चुभाना
pride	prided	prided	priding	0	गर्व करना
prime	primed	primed	priming	0	तैयार करना
print	printed	printed	printing	0	छापना
prise	prised	prised	prising	0	बल से अलग करना
privatise	privatised	privatised	privatising	0	?
prize	prized	prized	prizing	0	महत्त्व देना
probate	probated	probated	probating	0	संप्रमाणित करना
probe	probed	probed	probing	0	जाँच पडताल करना
proceed	proceeded	proceeded	proceeding	0	आगे बढना
process	processed	processed	processing	0	संसाधित करना; अग्रेसर होना
proclaim	proclaimed	proclaimed	proclaiming	0	घोषित करना; प्रमाणित करना
procrastinate	procrastinated	procrastinated	procrastinating	0	विलम्ब करना
procreate	procreated	procreated	procreating	0	प्रजनन करना
procure	procured	procured	procuring	0	प्राप्त करना; दलाली करना
prod	prodded	prodded	prodding	0	चुभाना; कींचना
produce	produced	produced	producing	0	उत्पादन करना; रचना करना; परिस्थिति उत्पन्न करना; प्रस्तुत करना
profane	profaned	profaned	profaning	0	अनादर करना
profess	professed	professed	professing	0	दावा करना; खुले आम स्वीकार करना; धर्म को अपनाना
proffer	proffered	proffered	proffering	0	देना
profit	profited	profited	profiting	0	लाभ उठाना
program	programmed	programmed	programming	0	योजना या प्रोग्रम बनाना
programme	programmed	programmed	programming	0	कार्यक्रम बनाना
progress	progressed	progressed	progressing	0	आगे बढना
prohibit	prohibited	prohibited	prohibiting	0	निषेध करना
project	projected	projected	projecting	0	परियोजना करना; फेंकना; डालना; बहिर्विष्ट होना
proliferate	proliferated	proliferated	proliferating	0	प्रचुर मात्रा में उत्पन्न होना या करना
prolong	prolonged	prolonged	prolonging	0	लम्बा करना
promise	promised	promised	promising	0	प्रतिज्ञा करना; विश्वास दिलाना
promote	promoted	promoted	promoting	0	पदोन्नति करना; प्रचार करना
prompt	prompted	prompted	prompting	0	प्रेरित करना
promulgate	promulgated	promulgated	promulgating	0	घोषित करना
pronounce	pronounced	pronounced	pronouncing	0	उच्चारण करना; निर्णय देना
proof	proofed	proofed	proofing	0	परखाना
propagandise	propagandised	propagandised	propagandising	0	प्रचार करना
propagate	propagated	propagated	propagating	0	फैलाना
propel	propelled	propelled	propelling	0	नोदन करना
prophesy	prophesied	prophesied	prophesying	0	पहले से बता देना
propitiate	propitiated	propitiated	propitiating	0	प्रसादित करना
propose	proposed	proposed	proposing	0	प्रस्ताव रखना या करना
proposition	propositioned	propositioned	propositioning	0	प्रस्तावरखना[करना]
propound	propounded	propounded	propounding	0	प्रस्तुत करना
proscribe	proscribed	proscribed	proscribing	0	अभिनिषिद्ध करना
prosecute	prosecuted	prosecuted	prosecuting	0	अभियोग करना
proselytise	proselytised	proselytised	proselytising	0	?
prospect	prospected	prospected	prospecting	0	खोज़ना
prosper	prospered	prospered	prospering	0	सफल होना
prostitute	prostituted	prostituted	prostituting	0	नीच काम में लगना
prostrate	prostrated	prostrated	prostrating	0	गिरादेना
protect	protected	protected	protecting	0	रक्षा करना
protectionism	protectionismed	protectionismed	protectionisming	0	संरक्षणवाद
protest	protested	protested	protesting	0	विरोध करना
protrude	protruded	protruded	protruding	0	बाहर निकला हुआ होना या निकालना
prove	proved	proven	proving	1	सिद्ध करना
provide	provided	provided	providing	0	देना
provoke	provoked	provoked	provoking	0	क्रुद्ध करना
prowl	prowled	prowled	prowling	0	खोजते फ़िरना
prune	pruned	pruned	pruning	0	काटना-छाँटना
pry	pried	pried	prying	0	ताक झाँक करना; तोडना
psych	psyched	psyched	psyching	0	प्रभावितकरना
publicise	publicised	publicised	publicising	0	प्रचार करना
publish	published	published	publishing	0	प्रकाशित करना
pucker	puckered	puckered	puckering	0	सिलवरे पडना
puff	puffed	puffed	puffing	0	फूँक-फूँककर निकालना; सिगरेट पीना; कशा या दम लगाना
puke	puked	puked	puking	0	उलटी करना
pull	pulled	pulled	pulling	0	खींचना; उखाडना; आकर्षित करना; आगे बढना; गैर कानूनी कार्य करना
pull in	pulled in	pulled in	pulling in	0	गिरफ्तार करना; कमाना
pull into	pulled into	pulled into	pulling into	0	पहुँचना; रुकना
pull off	pulled off	pulled off	pulling off	0	रुकना; सफल हो जाना
pull out	pulled out	pulled out	pulling out	0	हटना; हटाना
pull round	pulled round	pulled round	pulling round	0	ठीक हो जाना
pull together	pulled together	pulled together	pulling together	0	मिलकर काम करना
pull up	pulled up	pulled up	pulling up	0	रुकना
pulsate	pulsated	pulsated	pulsating	0	धडकना; फडकना; कम्पायमान होना
pulverise	pulverised	pulverised	pulverising	0	पीसना; विनष्ट करना
pummel	pummeled	pummeled	pummeling	0	थुकियाना
pump	pumped	pumped	pumping	0	भरना; पानी निकालना
punch	punched	punched	punching	0	मुक्का मारना; रोचकअंश
punctuate	punctuated	punctuated	punctuating	0	बीच में रोकना
punish	punished	punished	punishing	0	दण्ड देना
purge	purged	purged	purging	0	शुद्ध करना; निकालदेना
purify	purified	purified	purifying	0	शुद्ध करना
purloin	purloined	purloined	purloining	0	चुराना
purport	purported	purported	purporting	0	दावा करना
purr	purred	purred	purring	0	घुरघुराना
pursue	pursued	pursued	pursuing	0	पीछा करना; आगे बढना; बढाना
purvey	purveyed	purveyed	purveying	0	प्रबन्ध करना
pussyfoot	pussyfooted	pussyfooted	pussyfooting	0	सतर्कता से कहना
put	put	put	putting	1	रखना; महत्ता देना; व्यक्त करना; फेंकना
putrefy	putrefied	putrefied	putrefying	0	सडना; सडाना
putt	putted	putted	putting	0	गेंद पर प्रहार देना
putter	puttered	puttered	puttering	0	मंद करना; व्यर्थ घूमना
quack	quacked	quacked	quacking	0	बतखकीबोलीबोलना
quadruple	quadrupled	quadrupled	quadrupling	0	चौगुनाकरनायाहो
quaff	quaffed	quaffed	quaffing	0	बड़ीमात्रामेंनिगलना{पुरानाप्रयोग}
quail	quailed	quailed	quailing	0	हिम्मतहार
quake	quaked	quaked	quaking	0	काँपना
qualify	qualified	qualified	qualifying	0	योग्यबनना[बनाना]; विशेषणलगाना
quarantine	quarantined	quarantined	quarantining	0	संगरोधकरना.
quarrel	quarreled	quarreled	quarreling	0	झगडाकरना.
quarry	quarried	quarried	quarrying	0	पत्थरखोद
quarter	quartered	quartered	quartering	0	चारसमभागकरना; ठहराना{घरमें}
quash	quashed	quashed	quashing	0	दमनकरना
quaver	quavered	quavered	quavering	0	काँपना
queen	queened	queened	queening	0	वजीरचलना; रानीजैसाव्यवहारकरना
queer	queered	queered	queering	0	गड़बड़करना
quell	quelled	quelled	quelling	0	दबाना
quench	quenched	quenched	quenching	0	बुझाना
query	queried	queried	querying	0	प्रश्नकरना
quest	quested	quested	questing	0	तलाशना
question	questioned	questioned	questioning	0	प्रश्नकर
quibble	quibbled	quibbled	quibbling	0	बहानाकर[बना]
quicken	quickened	quickened	quickening	0	जल्दीकर
quiet	quieted	quieted	quieting	0	शांतकरना
quieten	quietened	quietened	quietening	0	शान्तकरना
quilt	quilted	quilted	quilting	0	रजाईबना
quintuple	quintupled	quintupled	quintupling	0	पचगुनाकर
quip	quiped	quiped	quiping	0	चुटकुलाकहना
quit	quit	quit	quitting	1	छोड़देना
quiver	quivered	quivered	quivering	0	काँपना
quiz	quizzed	quizzed	quizzing	0	प्रश्नपूछना
quote	quoted	quoted	quoting	0	उद्धृतकरना; दामलगाना
rabbit	rabbited	rabbited	rabbiting	0	लम्बी-चौड़ीबातें करना
race	raced	raced	racing	0	जल्दीदौड़ना
rack	racked	racked	racking	0	होना; भरसकप्रयासकरना
radiate	radiated	radiated	radiating	0	किरणफेंकना; आनन्दफैलाना; किसीकेन्द्रीयबिन्दुसेचारोंओरप्रस्फुटितहोना
radio	radioed	radioed	radioing	0	बेतारकातारभेजना
raffle	raffled	raffled	raffling	0	लाटरीद्वाराबेचना
raft	rafted	rafted	rafting	0	बेड़ेपरसेजाना
rag	ragged	ragged	ragging	0	छेड़-छाड़करना
rage	raged	raged	raging	0	झुंझलाना; जोरपकड़ना
raid	raided	raided	raiding	0	चढ़ाईकरना; धावाबोलना
rail	railed	railed	railing	0	रेलपरसफ़रकरना
rain	rained	rained	raining	0	वर्षाहोना; लगातारबहना
raise	raised	raised	raising	0	ऊपरउठाना; खड़ाकरना; वृद्धिकरना; बढ़ाना; एकत्रकरना; उत्पन्नकरना; बड़ाकरना; घृणाप्रकटकरना; प्रसन्नहोना; विरोधकरना
rake	raked	raked	raking	0	जमाकरना; तलाशकरना; गोलेदागना
rally	rallied	rallied	rallying	0	एकत्रितकरना; लाभकरना
ram	rammed	rammed	ramming	0	कसना; भिड़नार; जानबूझकरदूसरीगाड़ीसेटकराना; ठूँसना
ramble	rambled	rambled	rambling	0	घूमना; असंगतबातेंकरनायालिखना; किसीपौधेकाअन्यपौधेपरउगना
ramp	ramped	ramped	ramping	0	उछलना
rampage	rampaged	rampaged	rampaging	0	आवेशमेइधरउधरभागना
range	ranged	ranged	ranging	0	कतारमेंबाँधना; दोसीमाओंमेबदलना; मारकरसकना; चरनेकेलियेपशुओंकोछोड़देना
rank	ranked	ranked	ranking	0	किसीविषेशश्रेणीमेआना; पदमेऊँचाहोना; विशेषश्रेणीमेरखना
rankle	rankled	rankled	rankling	0	पकना; गुस्सादिलाना
ransack	ransacked	ransacked	ransacking	0	छानमारना
ransom	ransomed	ransomed	ransoming	0	छुड़ाना
rant	ranted	ranted	ranting	0	हल्लामचाकरदोषारोपणकरना
rap	rapped	rapped	rapping	0	धौलमारना
rape	raped	raped	raping	0	बलात्कारकरना
rarefy	rarefied	rarefied	rarefying	0	कमघनाहोना; पतलाकरनायाहोना
rasp	rasped	rasped	rasping	0	कर्कशआवाज; रगड़ना
rat	ratted	ratted	ratting	0	अपनेसाथियोँकोछोड़ना
rate	rated	rated	rating	0	भावठहराना; मूल्याकंनकरना; वर्गयाश्रेणीमेरखना; निर्धारितकरना
ratify	ratified	ratified	ratifying	0	प्रमाणितकरना
ration	rationed	rationed	rationing	0	पूर्तिसीमितकरना
rationalize	rationalized	rationalized	rationalizing	0	तर्कसंगतठहराना
rattle	rattled	rattled	rattling	0	खड़खड़ाना; जल्दी-जल्दीकहना
ravage	ravaged	ravaged	ravaging	0	उजाड़ना
rave	raved	raved	raving	0	अरबरबकना; क्रोधितहोकरबातकरना; प्रशंसाकरना
ravel	raveled	raveled	raveling	0	खोलनाखुलजाना
raven	ravened	ravened	ravening	0	प्रचण्डतासेशिकारकरना
ravish	ravished	ravished	ravishing	0	भगाकरलेजाना; मोहितकरना
ray	rayed	rayed	raying	0	किरणनिकालना
raze	razed	razed	razing	0	पूरीतरहनश्टकरदेना
razz	razzed	razzed	razzing	0	मज़ाकबनाना
reach	reached	reached	reaching	0	पहुँचना; आगेबढ़ाना; फैलाहोना; पहुँच; पहुँचकेअन्दर
react	reacted	reacted	reacting	0	प्रतिक्रियाकरना; रासायनिकपरिवर्तनपैदाकरना; किसीपदार्थमेपरिवर्तनकरना
reactivate	reactivated	reactivated	reactivating	0	फिरसेसक्रियकरना
read	read	read	reading	1	पढ़ना; शांतिसेयाजोरसेपढ़करसुनाना; किसीकेबारेमेंअखबारमेपढ़ना; समझना; उच्चस्तरपरकिसीविषयकाअध्ययनकरना; किसीकेभविष्यकेबारेमेंहाथपढ़करबताना; विशेषअर्थरखना; दिखाना; सूचनाप्राप्तकरना
readdress	readdressed	readdressed	readdressing	0	पुरानापताकाटकरनयालिखना
readjust	readjusted	readjusted	readjusting	0	फिरठीककरना
reaffirm	reaffirmed	reaffirmed	reaffirming	0	निश्चितरूपसेकिसीबातकोफिरसेकहना
realign	realigned	realigned	realigning	0	विभिन्नदशाओंमेजाना
realize	realized	realized	realizing	0	जानना; मूल्यपाना
reap	reaped	reaped	reaping	0	अनाजकाटना; अपनेकियेकाफलभोगना; जैसीकरनीवैसीभरनी
reappear	reappeared	reappeared	reappearing	0	फिरनिकलआना
reapply	reapplied	reapplied	reapplying	0	फिरसेप्रार्थनापत्रभेजना
reappoint	reappointed	reappointed	reappointing	0	फिरसेनियुक्तकरना
rear	reared	reared	rearing	0	उठाना; पालनपोषणकरना; पिछलेपैरपरखड़ेहोना
rearrange	rearranged	rearranged	rearranging	0	नयेक्रममेरखना
reason	reasoned	reasoned	reasoning	0	तर्ककरना
reassert	reasserted	reasserted	reasserting	0	बातकोफिरक़ायमकरना
reassign	reassigned	reassigned	reassigning	0	फिरदेदेना
reassure	reassured	reassured	reassuring	0	फिरहिम्मतदिलाना
rebate	rebated	rebated	rebating	0	छूटदेनाकमकरना
rebel	rebelled	rebelled	rebelling	0	राजद्रोहकरना
rebound	rebounded	rebounded	rebounding	0	पीछेकोउछलआना; ऊपरआना
rebuff	rebuffed	rebuffed	rebuffing	0	रोकना
rebuild	rebuilt	rebuilt	rebuilding	1	फिरबनाना
rebuke	rebuked	rebuked	rebuking	0	बुरा-भलाकहना
rebut	rebutted	rebutted	rebutting	0	खण्डनकरना
recall	recalled	recalled	recalling	0	यादआना; फिरबुलाना; रद्दकरना
recant	recanted	recanted	recanting	0	फेरलेना
recap	recaped	recaped	recaping	0	संक्षेपमेदोहराना
recapture	recaptured	recaptured	recapturing	0	पकड़ना
recast	recast	recast	recasting	1	फिरढालना
recede	receded	receded	receding	0	पीछेहटना
receipt	receipted	receipted	receipting	0	रसीददेना
receive	received	received	receiving	0	लेना; स्वागतकरना; सम्मानयाआशीर्वादलेना; आनेदेना
recharge	recharged	recharged	recharging	0	दोबाराकाममेंलाना
reciprocate	reciprocated	reciprocated	reciprocating	0	अदलाबदलीकरना
recite	recited	recited	reciting	0	व्याख्यानकरना
reckon	reckoned	reckoned	reckoning	0	संख्याकरना; निर्भरहोना; योगज्यातकरना
reclaim	reclaimed	reclaimed	reclaiming	0	पुनःप्राप्तकरना; ऊसरभूमिकोउपजाऊबनाना; बेकारवस्तुओंकोपुनःउपयोगमेलाना; विरोधकरना
recline	reclined	reclined	reclining	0	झुकना
recognize	recognized	recognized	recognizing	0	पहचानना; मान्यतादेना; किसीराजनैतिकदलकेअस्तित्वकोस्वीकारना; अधिकारिकरूपसेप्रशंसाकरना
recoil	recoiled	recoiled	recoiling	0	पीछेहटना; ठिठकना
recollect	recollected	recollected	recollecting	0	स्मरणकरना
recommence	recommenced	recommenced	recommencing	0	फिरसेआरम्भकरना
recommend	recommended	recommended	recommending	0	प्रशंसाकरना; सलाहदेना
reconcile	reconciled	reconciled	reconciling	0	मेलकरनावाकराना; केअनुकूलबनाना; सहीकरलेना
recondition	reconditioned	reconditioned	reconditioning	0	फिरसेबैठानायाठीककरना
reconsider	reconsidered	reconsidered	reconsidering	0	फिरदेखना
reconstruct	reconstructed	reconstructed	reconstructing	0	फिरसेबनानायानिर्माणकरना
record	recorded	recorded	recording	0	रजिस्टरमेँदर्जकरना; अंकितकरना; प्रोग्रामकोटेपकरना
recount	recounted	recounted	recounting	0	बयानकरना
recoup	recouped	recouped	recouping	0	क्षतिपूर्तिकरना
recover	recovered	recovered	recovering	0	पुनःप्राप्तकरना; ठीकहोना; अपनेपरकाबूपाना; मूल्यबढ़जाना
recreate	recreated	recreated	recreating	0	फिरउत्पन्नकरना
recruit	recruited	recruited	recruiting	0	नयीभर्तीकरना
rectify	rectified	rectified	rectifying	0	ठीककरना
recuperate	recuperated	recuperated	recuperating	0	पुनःप्राप्तकरना; पुनःस्वस्थहोना
recur	recurred	recurred	recurring	0	फिरआना
recycle	recycled	recycled	recycling	0	प्रयोगकीगयीवस्तुकापुनःप्रयोग
redden	reddened	reddened	reddening	0	लालकरनायाहोना
redeem	redeemed	redeemed	redeeming	0	क्षतिपूर्तिकरना; भुगतानकरकेमुक्तकराना
redeploy	redeployed	redeployed	redeploying	0	दूसरेकामपरलगाना
redevelop	redeveloped	redeveloped	redeveloping	0	पुनःविकासकरना
redirect	redirected	redirected	redirecting	0	अनुप्रेषितकरना
redistribute	redistributed	redistributed	redistributing	0	पुनःवितरणकरना
redo	redid	redone	redoing	1	दोबाराकरना
redouble	redoubled	redoubled	redoubling	0	दोहराना; अधिकबलवतीकरना
redound	redounded	redounded	redounding	0	पलटकरआना
redraw	redrew	redrawn	redrawing	1	दूसरीप्रतिउतारना
redress	redressed	redressed	redressing	0	सहीकरना
reduce	reduced	reduced	reducing	0	घटाना
reef	reefed	reefed	reefing	0	जहाज़केपालकोकमकरना
reek	reeked	reeked	reeking	0	धुआंदेना
reel	reeled	reeled	reeling	0	चक्करखानाहिलजाना; घूमना
refer	referred	referred	referring	0	संकेतकरना; सौंपना; हवालादेना; परामर्शहेतुभेजना
refill	refilled	refilled	refilling	0	पुनःभरना
refine	refined	refined	refining	0	निर्मलकरना; सुधारना
refit	refitted	refitted	refitting	0	फिरदुरुस्तकरना
reflect	reflected	reflected	reflecting	0	प्रतिबिम्बडालना; परावर्तितकरना; चिन्तनयाविचारकरना
reform	reformed	reformed	reforming	0	सुधारना
refract	refracted	refracted	refracting	0	मोड़ना
refrain	refrained	refrained	refraining	0	आड़ना
refresh	refreshed	refreshed	refreshing	0	ताजाकरना
refrigerate	refrigerated	refrigerated	refrigerating	0	ठण्डाकरना
refuel	refueled	refueled	refueling	0	?
refund	refunded	refunded	refunding	0	वापसकरना
refurl	refurled	refurled	refurling	0	वापिसलपेटना
refuse	refused	refused	refusing	0	अस्वीकारकरना
refute	refuted	refuted	refuting	0	खण्डनकरना
regain	regained	regained	regaining	0	पुनःप्राप्तकरना
regale	regaled	regaled	regaling	0	प्रसन्नकरना
regard	regarded	regarded	regarding	0	मानना; आदरकरना; महत्वप्रदानकरना; देखना
regenerate	regenerated	regenerated	regenerating	0	फिरपैदाकरना
register	registered	registered	registering	0	दर्जकरना; पंजीकृतकराना; प्रदर्शितकरना
regress	regressed	regressed	regressing	0	पीछेहटना
regret	regretted	regretted	regretting	0	पश्चातापकरना; दुःखीहोना
regroup	regrouped	regrouped	regrouping	0	फिरसेदलबनाना
regularize	regularized	regularized	regularizing	0	नियमितकरना
regulate	regulated	regulated	regulating	0	नियमानुसारठहरना
regurgitate	regurgitated	regurgitated	regurgitating	0	जुगालीकरना
rehabilitate	rehabilitated	rehabilitated	rehabilitating	0	पूर्वदशामेँलाना; पुनर्वासितकरना
rehash	rehashed	rehashed	rehashing	0	पुरानेकोनयारूपदेना
rehear	reheard	reheard	rehearing	1	फिरसुनना
rehearse	rehearsed	rehearsed	rehearsing	0	दुहराना; अभ्यासकरना
reign	reigned	reigned	reigning	0	प्रबलहोना; मौजूदहोना; शासनकरना
reimburse	reimbursed	reimbursed	reimbursing	0	अदाकरना
rein	reined	reined	reining	0	लगामचढ़ाना
reincarnate	reincarnated	reincarnated	reincarnating	0	नयाशरीरदेना
reinforce	reinforced	reinforced	reinforcing	0	नईसेनासेसहायताकरना; विचारोंकोअधिकशक्तिशालीबनाना; सुदृढ़यामजबूतकरना; सीमेंटऔरकंकरीटकोलोहेकीछड़ोंसेमजबूतीप्रदानकरना
reinstate	reinstated	reinstated	reinstating	0	फिरसेनियुक्तकरना
reinterpret	reinterpreted	reinterpreted	reinterpreting	0	फिरसेव्याख्याकरना
reintroduce	reintroduced	reintroduced	reintroducing	0	पुनःलागूकरना
reinvent	reinvented	reinvented	reinventing	0	परिवर्तनकरकेनयापनलाना
reinvest	reinvested	reinvested	reinvesting	0	दोबाराधनलगाना
reinvigorate	reinvigorated	reinvigorated	reinvigorating	0	फिरबलदेना
reissue	reissued	reissued	reissuing	0	फिरजारीकरना
reiterate	reiterated	reiterated	reiterating	0	बारबारकहना
reject	rejected	rejected	rejecting	0	फेँकना; अस्वीकारकरना; नचाहना
rejoice	rejoiced	rejoiced	rejoicing	0	प्रसन्नकरनायाहोना
rejoin	rejoined	rejoined	rejoining	0	फिरमिलाना; फिरसेसम्मिलितहोना
rejuvenate	rejuvenated	rejuvenated	rejuvenating	0	नयाकरना
rekindle	rekindled	rekindled	rekindling	0	फिररोशनकरना
relapse	relapsed	relapsed	relapsing	0	फिरकष्टमेँपड़ना
relate	related	related	relating	0	वर्णनकरना; सम्बंधजोड़ना; सम्बद्धहोना; हमदर्दीप्रकटकरना
relaunch	relaunched	relaunched	relaunching	0	पुनःस्थापितकरना
relax	relaxed	relaxed	relaxing	0	ढीलाकरना[होना]; विश्राम करना[होना]; तनावमुक्तहोना[करना]; कम करना
relay	relaid	relaid	relaying	1	फिरबटोरनावाजमाकरना; अग्रसर किया; पहुँचाना
release	released	released	releasing	0	छोड़ना; मुक्त करना; विमोचन; लोकार्पण करना; मोचन करना; छोड़ना{यंत्र का}; त्यागना
relegate	relegated	relegated	relegating	0	अवनतिकरना; काम सौंपना
relent	relented	relented	relenting	0	ढ़ीलापड़ना
relieve	relieved	relieved	relieving	0	पीड़ाकमकरना; सेवासेमुक्तकरना; कम करना; कार्य मुक्त करना; सहायता करना
relinquish	relinquished	relinquished	relinquishing	0	छोड़देना
relish	relished	relished	relishing	0	मजालेना
relive	relived	relived	reliving	0	फिर से जीना
reload	reloaded	reloaded	reloading	0	फिर से भरना
relocate	relocated	relocated	relocating	0	नयी जगह बसना
rely	relied	relied	relying	0	विश्वासकरना; निर्भर करना
remain	remained	remained	remaining	0	शेष रहना; बने रहना
remake	remade	remade	remaking	1	फिरबनाना
remand	remanded	remanded	remanding	0	बुलालेना
remark	remarked	remarked	remarking	0	बयानदेना; कहना; टिप्पणी करना
remarry	remarried	remarried	remarrying	0	फिरसेविवाहकरना
remedy	remedied	remedied	remedying	0	सुधारना
remember	remembered	remembered	remembering	0	यादकरना; नभूलना
remind	reminded	reminded	reminding	0	याद दिलाना
remit	remitted	remitted	remitting	0	रुपयाभेजना; दंड या ऋण से छुटकारा
remodel	remodeled	remodeled	remodeling	0	फिरसेबनाना
remonstrate	remonstrated	remonstrated	remonstrating	0	आपत्ति करना
remount	remounted	remounted	remounting	0	पुनः सवार होना; नया फ्रेम चढ़ाना
remove	removed	removed	removing	0	हटा देना; दूर करना; अलग करना; अन्त करना; एक जगह से दूसरी जगह जाना
remunerate	remunerated	remunerated	remunerating	0	पारिश्रमिक देना
rename	renamed	renamed	renaming	0	नयानामदेना
rend	rent	rent	rending	1	फाड़डालना; छीनना; विभाजन करना; चिल्लाना
render	rendered	rendered	rendering	0	देना; बेदरहोजाना; रूपांतरितकरना; अर्पण करना; अनुवाद करना; प्रदर्शित करना
rendezvous	rendezvoused	rendezvoused	rendezvousing	0	किसीविशेषस्थानमेँमनोरंजनकेलिएइकट्ठाहोना
renege	reneged	reneged	reneging	0	वायदा करके मुकर जाना
renew	renewed	renewed	renewing	0	नएसिरेसेबनाना; नवीयनकरना; बदलना
renounce	renounced	renounced	renouncing	0	छोड़ना; संबंध तोड़ना; अस्वीकार करना
renovate	renovated	renovated	renovating	0	नवीकरण
rent	rented	rented	renting	0	किरायेपरदेना[लेना]; किरायालेकरप्रयोगकरनेकाअधिकारप्रदानकरना
reopen	reopened	reopened	reopening	0	फिरखुलना
reorder	reordered	reordered	reordering	0	क्रमानुसारलगाना; पुनःमंगाना
reorganize	reorganized	reorganized	reorganizing	0	पुनःसंगठितकरना
repair	repaired	repaired	repairing	0	मरम्मतकरना; किसीजगहजाना
repatriate	repatriated	repatriated	repatriating	0	स्वदेशभेजनायालौटना
repay	repaid	repaid	repaying	1	चुकादेना; लौटाना; मुआवज़ा चुकाना
repeal	repealed	repealed	repealing	0	रद्दकरना
repeat	repeated	repeated	repeating	0	दोहराना; दुबाराआना
repel	repelled	repelled	repelling	0	हटाना; त्यागदेना; मुकाबलाकरना; अलग-थलगरहना
repent	repented	repented	repenting	0	पछताना
rephrase	rephrased	rephrased	rephrasing	0	एकहीबातकोविभिन्नप्रकारसे कहना
replace	replaced	replaced	replacing	0	बदलेमेँरखना; निश्चितस्थानपररखना; केबदलेप्रयोगमें लाना; हटाना
replay	replayed	replayed	replaying	0	दुबाराखेलनायादिखाना
replenish	replenished	replenished	replenishing	0	फिरसेभरना; पूर्ति{ईधनकी}
replicate	replicated	replicated	replicating	0	प्रतिलिपिबनाना
reply	replied	replied	replying	0	जवाबदेना; बदलेमेकुछकरना
report	reported	reported	reporting	0	हाललिखना; कार्यप्रगतिकीसूचना; शिकायतकरना; लिखना; अपनेबारेमेजानकारीदेना; जैसादेखायाखोजाकहदेना
repose	reposed	reposed	reposing	0	आरामकरना; भरोसाकरना
repossess	repossessed	repossessed	repossessing	0	फिरअधिकारकरना
represent	represented	represented	representing	0	प्रतिनिधित्वकरना; प्रदर्शनकरना; चित्रितकरना; प्रतिनिधिहोना; उदाहरणके रूपमेहोना; दुबाराउपस्थितकरना
repress	repressed	repressed	repressing	0	दबाना; कुचलना
reprieve	reprieved	reprieved	reprieving	0	प्राणदंडकीथोड़ेसमयकेलियेरोकरखना
reprimand	reprimanded	reprimanded	reprimanding	0	झिड़कना
reprint	reprinted	reprinted	reprinting	0	फिरछापना
reproach	reproached	reproached	reproaching	0	दोषलगाना
reprobate	reprobated	reprobated	reprobating	0	धिक्कारना
reproduce	reproduced	reproduced	reproducing	0	फिरपैदाकरना; उत्पन्नकरना; प्रतिलिपिकरनेपरविशेषगुणबनायेरखना; सन्तानउत्पन्नकरना
reprove	reproved	reproved	reproving	0	फटकारना
repudiate	repudiated	repudiated	repudiating	0	त्यागकरना; नामंजूरकरना
repulse	repulsed	repulsed	repulsing	0	हटादेना; ठुकरादेना
repurchase	repurchased	repurchased	repurchasing	0	फिरखरीदना
repute	reputed	reputed	reputing	0	प्रसिध्दहोना
request	requested	requested	requesting	0	अनुरोधकरना
require	required	required	requiring	0	माँगना; आदेशदेना; इच्छाकरना
requisition	requisitioned	requisitioned	requisitioning	0	माँग प्रस्तुत करना
requite	requited	requited	requiting	0	वापस देना
reschedule	rescheduled	rescheduled	rescheduling	0	फिरसेबदलना
rescind	rescinded	rescinded	rescinding	0	रद्दकरना
rescue	rescued	rescued	rescuing	0	बचाना
research	researched	researched	researching	0	फिरखोजकरना
resell	resold	resold	reselling	1	खरीदेमालकोपुनःबेचना
resemble	resembled	resembled	resembling	0	सदृशहोना
resent	resented	resented	resenting	0	बुरामानना
reserve	reserved	reserved	reserving	0	बचारखना; किसीउद्देश्यविशेषकेलियेरखना; आरक्षितकरना; आरक्षितरखना
reset	reset	reset	resetting	1	फिरसेजोड़नायाबनाना; मुद्रणहेतुटाइपकोसहीतौरपरलगाना; यंत्रकीसुईकोनईस्थितिमेलाना
resettle	resettled	resettled	resettling	0	फिरबसनायातयकरना
reshape	reshaped	reshaped	reshaping	0	फिरसेगढ़नायालगाना
reshuffle	reshuffled	reshuffled	reshuffling	0	फेंटना; फेर-बदलकरना
reside	resided	resided	residing	0	रहना
resign	resigned	resigned	resigning	0	छोड़देना; सुपुर्दकरना
resist	resisted	resisted	resisting	0	विरोधकरना; अप्रभावितरहना; टक्करलेना; नरोकपाना
resit	resat	resat	resitting	1	अनुत्तीर्णहोनेपरपुनःपरीक्षादेना
resolve	resolved	resolved	resolving	0	निश्चयकरना; हलकरना; परिवर्तनकरना; मतदानद्वाराकोईसमर्थनकरना
resonate	resonated	resonated	resonating	0	गुंजितहोना
resort	resorted	resorted	resorting	0	शरणलेना
resound	resounded	resounded	resounding	0	प्रतिध्वनितहोना; धूममचाना
respect	respected	respected	respecting	0	सम्मानकरना; प्रशंसाकरना; आत्मसम्मानरखना
respire	respired	respired	respiring	0	श्वासलेना
respite	respited	respited	respiting	0	विलम्बकरना
respond	responded	responded	responding	0	उत्तरदेना; प्रतिक्रियाकरना; बदलेमेकुछकरनायाकहना
rest	rested	rested	resting	0	आरामकरना; शान्तिप्रदानकरना; टेकपररखना; सुस्ताना; किसीपरनिर्भररहना; घूरकरदेखना; कार्यवाहीछोड़देना; खेतखालीछोड़देना
restate	restated	restated	restating	0	फिरसेकहना; बताना
restore	restored	restored	restoring	0	ज्योँकात्योँकरना; मरम्मतकरना; बहालकरना
restrain	restrained	restrained	restraining	0	रोकना; स्वतंत्रताकाहननकरना; अंकुश; रोकलगाना
restrict	restricted	restricted	restricting	0	परिमित; सीमितकरना; Restrict your self to one cup of tea a day
restructure	restructured	restructured	restructuring	0	नयारूपदेना
result	resulted	resulted	resulting	0	नतीजानिकलना
resume	resumed	resumed	resuming	0	फिरआरम्भकरना
resurface	resurfaced	resurfaced	resurfacing	0	फिर से बनाना; फिर से तल पर आना
resuscitate	resuscitated	resuscitated	resuscitating	0	पुनर्जीवितकरना
retail	retailed	retailed	retailing	0	फुटकरचीज़ेँबेचना
retain	retained	retained	retaining	0	रखलेना; रोक रखना; सुरक्षित रखना
retake	retook	retaken	retaking	1	फिरलेलेना
retaliate	retaliated	retaliated	retaliating	0	जैसेकोतैसादेना
retard	retarded	retarded	retarding	0	प्रगतिरोकना
retch	retched	retched	retching	0	उबकना
retell	retold	retold	retelling	1	पुनः कहना
rethink	rethought	rethought	rethinking	1	पुनः सोचना
retire	retired	retired	retiring	0	अलगहोजाना; पीछे हटना; अवकाशलेना
retort	retorted	retorted	retorting	0	प्रत्युत्तरदेना
retouch	retouched	retouched	retouching	0	अनुशोधन
retrace	retraced	retraced	retracing	0	फिरनक्शाउतारना
retract	retracted	retracted	retracting	0	वापस लेना; वापसलौटना
retreat	retreated	retreated	retreating	0	वापसहोना; चले जाना; पीछे हटना; कीमत कम होना
retrench	retrenched	retrenched	retrenching	0	कमकरना
retrieve	retrieved	retrieved	retrieving	0	पुनःप्राप्तकरना
retrospect	retrospected	retrospected	retrospecting	0	पुनरावलोकनकरना
return	returned	returned	returning	0	लौटना; पुरानी स्थिति में लौट जाना
reunite	reunited	reunited	reuniting	0	फिरमिलना[मिलाना]
reuse	reused	reused	reusing	0	पुनः प्रयोग करना
revalue	revalued	revalued	revaluing	0	पुनः मूल्यांकन करना
reveal	revealed	revealed	revealing	0	प्रकट करना
revel	reveled	reveled	reveling	0	आमोदप्रमोदकरना
revenge	revenged	revenged	revenging	0	प्रतिशोधलेना
reverberate	reverberated	reverberated	reverberating	0	गूंजना
revere	revered	revered	revering	0	आदरकरना
reverse	reversed	reversed	reversing	0	उलटना
revert	reverted	reverted	reverting	0	फिरलौटआना
revet	reveted	reveted	reveting	0	पलस्तर लगाना
review	reviewed	reviewed	reviewing	0	परखना
revile	reviled	reviled	reviling	0	गालीदेना
revise	revised	revised	revising	0	दुहराना
revisit	revisited	revisited	revisiting	0	फिरभेँटकरना
revive	revived	revived	reviving	0	फिरजीवितकरना
revoke	revoked	revoked	revoking	0	मिटादेना
revolt	revolted	revolted	revolting	0	राजद्रोहीहोना; घृणाउत्पन्नकरना[होना]
revolve	revolved	revolved	revolving	0	घूमना
reward	rewarded	rewarded	rewarding	0	पारितोषिकदेना
rewind	rewound	rewound	rewinding	1	लपेटना
rewire	rewired	rewired	rewiring	0	बिजलीकेनयेतारलगाना
rework	reworked	reworked	reworking	0	पुनःकार्यकरना{भिन्नतालानेकेलिये}
rewrite	rewrote	rewritten	rewriting	1	फिरलिखना
rhyme	rhymed	rhymed	rhyming	0	तुकबंदीकरना
rib	ribbed	ribbed	ribbing	0	तंगकरना; मजाक बनाना; पसलीचढाना; जोड़ना
rick	ricked	ricked	ricking	0	दर्द{ जोड़ों का}
ricochet	ricocheted	ricocheted	ricocheting	0	वस्तु का टकराकर वापस लौटना
rid	rid	rid	ridding	1	मुक्तकरना
riddle	riddled	riddled	riddling	0	बहुतसेछेदकरना
ride	rode	ridden	riding	1	सवारीकरना
ridge	ridged	ridged	ridging	0	मेड़ बनाना
ridicule	ridiculed	ridiculed	ridiculing	0	उपहासकरना
rifle	rifled	rifled	rifling	0	छीनलेना
rig	rigged	rigged	rigging	0	उपकरणसेलेसकरना; चालाकी से संचालित करना
rim	rimmed	rimmed	rimming	0	किनारालगाना
ring	rang	rung	ringing	1	बजना{घण्टियोँका}
rinse	rinsed	rinsed	rinsing	0	खंगालना
riot	rioted	rioted	rioting	0	दंगाकरना
rip	ripped	ripped	ripping	0	फाड़ना
ripen	ripened	ripened	ripening	0	पकना
ripple	rippled	rippled	rippling	0	लहराना
rise	rose	risen	rising	1	उठना; उदित होना; जी उठना; बढना; तीव्र होना; प्रसन्न हो जाना; उन्नति करना
risk	risked	risked	risking	0	जोखिमउठाना
rival	rivaled	rivaled	rivaling	0	बराबरीकरना
riven	rivened	rivened	rivening	0	चीरना
rivet	riveted	riveted	riveting	0	खूँटीसेजड़ना; आकृष्ट करना
roam	roamed	roamed	roaming	0	घूमना-फिरना
roar	roared	roared	roaring	0	दहाड़ना; घड़घड़ाना
roast	roasted	roasted	roasting	0	भूनना; छिद्रान्वेषण करना
rob	robbed	robbed	robbing	0	लूटना; छीनना
robe	robed	robed	robing	0	सभावस्त्रधारणकरना
rock	rocked	rocked	rocking	0	हिलना; हिलजाना{देना}
rocket	rocketed	rocketed	rocketing	0	अचानक बहुत बढना
roll	rolled	rolled	rolling	0	घूमा; लुढकना; लपेटना; घुमाना; धीमे चलना; बेलना
rollick	rollicked	rollicked	rollicking	0	बेपरवाहीसेघूम
romp	romped	romped	romping	0	उछलकूदकरना
roof	roofed	roofed	roofing	0	छतपाटना
rook	rooked	rooked	rooking	0	ठगना
roost	roosted	roosted	roosting	0	अड्डेपरबैठना{पक्षीकीतरह}
root	rooted	rooted	rooting	0	जड़पकड़ना
rope	roped	roped	roping	0	रस्सी सेबाँधना{बँधना}
rot	rotted	rotted	rotting	0	सड़ना
rotate	rotated	rotated	rotating	0	घूमना
rouge	rouged	rouged	rouging	0	लालीलगाना
rough	roughed	roughed	roughing	0	कठिनाईसहना
round	rounded	rounded	rounding	0	गोलबनाना
rouse	roused	roused	rousing	0	जागना; उत्तेजितकर
rout	routed	routed	routing	0	हरा देना
rove	roved	roved	roving	0	घूमना
row	rowed	rowed	rowing	0	खेना; झगड़ना
rub	rubbed	rubbed	rubbing	0	रगड़ना; घिसना
ruck	rucked	rucked	rucking	0	शिकन; सिलवट पड़ना
rue	rued	rued	ruing	0	विलापकर
ruin	ruined	ruined	ruining	0	नष्टकर
rule	ruled	ruled	ruling	0	निर्णयकर
rumble	rumbled	rumbled	rumbling	0	घड़घड़ाना
rummage	rummaged	rummaged	rummaging	0	खूबतलाशकर
rumour	rumoured	rumoured	rumouring	0	गपउड़ाना
rumple	rumpled	rumpled	rumpling	0	सिकुड़ना
run	ran	run	running	1	दौड़ना; दौड़ाना; चलना; लेजाना; जाना; चालूकरना
rupture	ruptured	ruptured	rupturing	0	फटना
rush	rushed	rushed	rushing	0	जल्दबाज़ीकरना
rust	rusted	rusted	rusting	0	ज़ंगलग
rustle	rustled	rustled	rustling	0	झड़झड़ा
sabotage	sabotaged	sabotaged	sabotaging	0	बिगाड़ना
sack	sacked	sacked	sacking	0	निकाल देना; लूटना
sadden	saddened	saddened	saddening	0	दुःखी बनना
safeguard	safeguarded	safeguarded	safeguarding	0	सुरक्षित करना; बचाना
sail	sailed	sailed	sailing	0	जलयात्रा करना; रवाना होना; पार करना
sally	sallied	sallied	sallying	0	निकलना
salute	saluted	saluted	saluting	0	अभिवादन करना
salvage	salvaged	salvaged	salvaging	0	उबारना; बचाना
salve	salved	salved	salving	0	शान्त करना
sample	sampled	sampled	sampling	0	नमूना बनाना या लेना
sanctify	sanctified	sanctified	sanctifying	0	पवित्र करना
sanction	sanctioned	sanctioned	sanctioning	0	मंज़ूर करना
sandbag	sandbaged	sandbaged	sandbaging	0	बालू-थैली लगाना
sandblast	sandblasted	sandblasted	sandblasting	0	रेत का झोंका मारना
sandpaper	sandpapered	sandpapered	sandpapering	0	रगड़ना{रेगमाल से}
sandwich	sandwiched	sandwiched	sandwiching	0	बीच में रखना{दोपाटोंके}
sang	sanged	sanged	sanging	0	गाया
sanitize	sanitized	sanitized	sanitizing	0	साफ़ सुथरा बनाना
sank	sanked	sanked	sanking	0	ड़ूबा
sap	sapped	sapped	sapping	0	अशक्त या दुर्बल होना
sashay	sashayed	sashayed	sashaying	0	?
satiate	satiated	satiated	satiating	0	परितृप्त करना
satirize	satirized	satirized	satirizing	0	का उपहास करना; की निन्दा करना
satisfy	satisfied	satisfied	satisfying	0	सन्तुष्ट करना; पूरा करना; सन्देह दूर करना
saturate	saturated	saturated	saturating	0	गीला कर देना; भरा होना
saunter	sauntered	sauntered	sauntering	0	चहलना
save	saved	saved	saving	0	बचालेना[देना]
savour	savoured	savoured	savouring	0	पसन्द करना
saw	sawed	sawed	sawing	1	देखा
say	said	said	saying	1	कहना
scald	scalded	scalded	scalding	0	जलाना{गरम पानी से}; गरम करना; उबालना
scale	scaled	scaled	scaling	0	छिलका या परत उतारना
scale down	scaled down	scaled down	scaling down	0	कम करना
scale up	scaled up	scaled up	scaling up	0	बड़ाना
scalp	scalped	scalped	scalping	0	सिर की खाल् उतारना
scamper	scampered	scampered	scampering	0	दौड़ जाना
scan	scanned	scanned	scanning	0	पर्यवेक्षण करना
scandalize	scandalized	scandalized	scandalizing	0	दुखी करना
scansion	scansioned	scansioned	scansioning	0	पर्यवेक्षण करना
scarch	scarched	scarched	scarching	0	झुलसना; तेज़ गति से चलाना
scare	scared	scared	scaring	0	डरना[डराना}
scarper	scarpered	scarpered	scarpering	0	भाग जाना
scatter	scattered	scattered	scattering	0	तितर-बितर करना
scavenge	scavenged	scavenged	scavenging	0	सफ़ाई करना
scent	scented	scented	scenting	0	सूँघना; भाँपना; सुगन्धित करना
scheduled	scheduleded	scheduleded	scheduleding	0	परिगणित
scheme	schemed	schemed	scheming	0	योजना बनाना
schlepp	schlepped	schlepped	schlepping	0	?
school	schooled	schooled	schooling	0	प्रशिक्षित करना
scoff	scoffed	scoffed	scoffing	0	उपहास करना
scold	scolded	scolded	scolding	0	डाँटना
scoot	scooted	scooted	scooting	0	शीघ्रपहुँचना
score	scored	scored	scoring	0	अंक बनाना; अंक लिखाना; अंक पाना; विजयी होना; स्वरलिपि तैयार करना; खरोंचना
scorn	scorned	scorned	scorning	0	से घृणा करना; तिरस्कार करना
scour	scoured	scoured	scouring	0	माZजना; छान डालना
scrabble	scrabbled	scrabbled	scrabbling	0	टटोलना; खरोंचना
scram	scrammed	scrammed	scramming	0	धत
scramble	scrambled	scrambled	scrambling	0	चढ़ना{हाथ पैर के बल से}; संघर्ष करना
scrape	scraped	scraped	scraping	0	छीलना; रगड़ना; खरोंच खाना; घिसना; खोदना
scratch	scratched	scratched	scratching	0	खुरचना; घसीटना; खुज़लाना; वापस लेना
scrawll	scrawlled	scrawlled	scrawlling	0	घसीटना
scream	screamed	screamed	screaming	0	चीखना
screech	screeched	screeched	screeching	0	चीत्कार करना; कर्कशध्वनि करना
screen	screened	screened	screening	0	आड़ देना; छिपाना; जाँचना; प्रदर्शित करना
scribble	scribbled	scribbled	scribbling	0	घसीटना
scrimp	scrimped	scrimped	scrimping	0	मितव्ययी होना
scrounge	scrounged	scrounged	scrounging	0	उड़ालेना
scrub	scrubbed	scrubbed	scrubbing	0	मार्जन करना
scrunch	scrunched	scrunched	scrunching	0	चीखना
scruple	scrupled	scrupled	scrupling	0	झिझखना
scrutinize	scrutinized	scrutinized	scrutinizing	0	जाँचना
scud	scudded	scudded	scudding	0	तेज़ी से दौड़ना; उड़ना; ब्ह्जाना
scuff	scuffed	scuffed	scuffing	0	पैर घसीटकर चलना
sculpt	sculpted	sculpted	sculpting	0	मूर्ति बनाना
sculpture	sculptured	sculptured	sculpturing	0	मूर्ति बनाना
scupper	scuppered	scuppered	scuppering	0	असफल करना
scurry	scurried	scurried	scurrying	0	दौड़ जाना
scuttle	scuttled	scuttled	scuttling	0	भाग जाना; छेद बनाना
scythe	scythed	scythed	scything	0	काटना
seal	sealed	sealed	sealing	0	बन्द करना; मोहर लगाना; रोक लगाना
sear	seared	seared	searing	0	झुलसाना
search	searched	searched	searching	0	तलाशकरना
season	seasoned	seasoned	seasoning	0	स्वादिष्ट बनाना; सीअना
seat	seated	seated	seating	0	बैठाना; बैठ जाना; के लिए जगह होना
secede	seceded	seceded	seceding	0	अलग होना
seclude	secluded	secluded	secluding	0	समाज से दूर रखना
second	seconded	seconded	seconding	0	समर्थन कररना; सहारा देना; स्थानान्तरित करना
secrete	secreted	secreted	secreting	0	स्रावित करना; छिपाना
secularize	secularized	secularized	secularizing	0	धर्मनिरपेक्ष बना देना
secure	secured	secured	securing	0	प्राप्त कर लेना; कसकर बाँधना; की रक्षा करना
sedate	sedated	sedated	sedating	0	शान्त करना[होना]
seduce	seduced	seduced	seducing	0	बहकाना; का शील भंग करना
see	saw	seen	seeing	1	देखना; से मिलना; पता लगाना; समझना; अनुभव करना; साथ जाना; कल्पना करना
see about	saw about	seen about	seeing about	1	प्रबन्ध करना
see off	saw off	seen off	seeing off	1	विदा करना
see over	saw over	seen over	seeing over	1	निरीक्षण करना
see through	saw through	seen through	seeing through	1	समझना; पूरा करना; की सहायता करना
seek	sought	sought	seeking	1	ढूँढ़ना; पतालगाना; की कोशिश करना
seem	seemed	seemed	seeming	0	प्रतीत होना; लगना; जान पड़ना
seen	seened	seened	seening	0	देखा
seep	seeped	seeped	seeping	0	रिसना
seethe	seethed	seethed	seething	0	उबलना; अति कुपित होना
segregate	segregated	segregated	segregating	0	पृथक करना
seize	seized	seized	seizing	0	छीनना; जीत लेना; गिरफ़्तार करना; से लाभ उठाना; छलनी होना
select	selected	selected	selecting	0	चुनना; छाँटना
sell	sold	sold	selling	1	बेचना
semaphore	semaphored	semaphored	semaphoring	0	संकेत से सूचित करना
send	sent	sent	sending	1	भेजना
sensationalise	sensationalised	sensationalised	sensationalising	0	फैलाना{सनसनीरूपसे}
sense	sensed	sensed	sensing	0	अनुभव करना; मेहसूस करना
sensitize	sensitized	sensitized	sensitizing	0	सुग्राही बनाना
sentimentalize	sentimentalized	sentimentalized	sentimentalizing	0	भावुक बनना या बनाना
sequester	sequestered	sequestered	sequestering	0	ज़ब्त करना
sequestrate	sequestrated	sequestrated	sequestrating	0	ज़ब्त करना
serialize	serialized	serialized	serializing	0	धारावाहिक निकालना
sermonize	sermonized	sermonized	sermonizing	0	प्रवचन या उपदेश देना
serve	served	served	serving	0	सेवा करना; परोसना; पूरा करना; के लिए पर्याप्त होना; के सात व्यवहार करना; तामील करना; गेंद चलाना; फाँदना; लाँघना; बाहना
service	serviced	serviced	servicing	0	सफ़ाई-धुलाई करना
set	set	set	setting	1	रख देना; लिपिबद्ध करना; ठीक करना; जड़ना; निश्चित करना; प्रवर्तित करना; दृढ़ हो जाना; कठोर हो जाना; बैठाना
settle	settled	settled	settling	0	बसना[बसाना]; समझौता कर लेना; बैठ जाना; निर्णय करना; शान्त हो जाना; चुकाना; पर छा जाना
sever	severed	severed	severing	0	काट देना; तोड़ देना
sew	sewed	sewn	sewing	1	सीना; सिलाई करना
shackle	shackled	shackled	shackling	0	हथकड़ी ड़ालना; रोकना
shade	shaded	shaded	shading	0	आच्छादित करना; ढ़कना; छायित करना; छाया करना; धीरे-धिरे बदल जाना
shadow	shadowed	shadowed	shadowing	0	छायाडालना[पड़ना]; पीछे लगना
shaft	shafted	shafted	shafting	0	बुरा व्यवहार करना
shake	shook	shaken	shaking	1	हिलाना; काँपना; घबरा देना; दुर्बल कर देना
shake down	shook down	shaken down	shaking down	1	बिछौना
shall	shalled	shalled	shalling	0	?
sham	shammed	shammed	shamming	0	का अभिनय करना
shamble	shambled	shambled	shambling	0	पैर घसीटकर चलना
shanghai	shanghaied	shanghaied	shanghaiing	0	?
shape	shaped	shaped	shaping	0	आकारलेना
share	shared	shared	sharing	0	साझाकरना
shatter	shattered	shattered	shattering	0	टुकड़े टुकड़े कर देना या हो जाना; नष्ट करना या हो जाना; छिन्न भिन्न करना या हो जाना
shave	shaved	shaved	shaving	1	मूड़ना; छीलना
sheathe	sheathed	sheathed	sheathing	0	म्यान में रखना; आच्छादित करना
shed	shed	shed	shedding	1	झाड़ना; बहाना; छोड़ देना; फैलाना
shell	shelled	shelled	shelling	0	छिलका उतारना; गोलाबारी करना; गोली बरसाना
shelve	shelved	shelved	shelving	0	ताक़ पर रखना; शेल्फ़ पर रखना
shepherd	shepherded	shepherded	shepherding	0	मार्ग दिखाना
shield	shielded	shielded	shielding	0	रक्षा करना; बचाना
shift	shifted	shifted	shifting	0	बदलना; दूसरे पर ड़ालना; स्थानान्तरित करना
shimmer	shimmered	shimmered	shimmering	0	टिमटिमाना
shin	shinned	shinned	shinning	0	चढ़ना
shine	shone	shone	shining	1	चमकना
ship	shipped	shipped	shipping	0	जहाज़ से भेजना; पानी से भरना
shirk	shirked	shirked	shirking	0	से जी चुराना; से भाग जाना
shit	shit	shit	shitting	1	?
shiver	shivered	shivered	shivering	0	काँपना
shock	shocked	shocked	shocking	0	चौंकना
shoot	shot	shot	shooting	1	गोली मारना; घायल करना; चलाना; गोली चलाना; शिकार खेलना; फ़ोटो लेना; फ़िल्म बनाना; चलचित्रित करना
shop	shopped	shopped	shopping	0	बाज़ार करना
shoplift	shoplifted	shoplifted	shoplifting	0	उठाईगीरीकरना
shore	shored	shored	shoring	0	टेक या गदम लगाना
shorten	shortened	shortened	shortening	0	छोटा करना
should	shoulded	shoulded	shoulding	0	चाहिये{करना}
shoulder	shouldered	shouldered	shouldering	0	कँधा पर चढ़ाना
shove	shoved	shoved	shoving	0	ढकेलना
shovel	shoveled	shoveled	shoveling	0	बेलचे से उठाना या हठाना
show	showed	shown	showing	1	दिखाना; बतलाना; सिद्ध करना; प्रमाणित करना; दिखाई देना
show off	showed off	shown off	showing off	1	दिखावाकरना
shower	showered	showered	showering	0	नहाना{फुहार में}; बरसना
shred	shredded	shredded	shredding	0	छोटे टुकड़ों में काटना
shriek	shrieked	shrieked	shrieking	0	चीखना; चिल्लाना
shrink	shrank	shrunk	shrinking	1	सिकुड़ना; पीछे हटना
shrivel	shriveled	shriveled	shriveling	0	कुम्हलाना
shroud	shrouded	shrouded	shrouding	0	छिपाना
shrug	shrugged	shrugged	shrugging	0	कँधा उचकाना या झाड़ना
shudder	shuddered	shuddered	shuddering	0	काँपना
shuffle	shuffled	shuffled	shuffling	0	रगड़ना; घसीटना; फ़ेंटना; स्थान बदलता रहना
shun	shunned	shunned	shunning	0	से दूर रहना
shunt	shunted	shunted	shunting	0	बदलना; शंटिग करना
shush	shushed	shushed	shushing	0	चुप करना
shut	shut	shut	shutting	1	बन्द करना
shutoff	shutoffed	shutoffed	shutoffing	0	बन्द करना
shutout	shutouted	shutouted	shutouting	0	बहिष्कृत करना
shutup	shutuped	shutuped	shutuping	0	चुप करना; बन्द करना
sick	sicked	sicked	sicking	0	वमन करना
sicken	sickened	sickened	sickening	0	घृणा उत्पन्न करना; बीमार पड़ जाना
side	sided	sided	siding	0	का पक्ष लेना; का समर्थन करना
sidestep	sidesteped	sidesteped	sidesteping	0	कतराजाना
sidetrack	sidetracked	sidetracked	sidetracking	0	विषयान्तर करना
sidle	sidled	sidled	sidling	0	दबककर चलना
sieve	sieved	sieved	sieving	0	छानना
sift	sifted	sifted	sifting	0	छनना
sigh	sighed	sighed	sighing	0	आह भरना; सरसराना; तरसना
sight	sighted	sighted	sighting	0	देखना
sign	signed	signed	signing	0	हस्ताक्षर करना
sign off	signed off	signed off	signing off	0	बिदा देना
sign on	signed on	signed on	signing on	0	बेरोज़गार व्यकति के रूप में सूचित करना
signal	signaled	signaled	signaling	0	संकेत करना; सिगनल देना
signify	signified	signified	signifying	0	सूचित करना
silt	silted	silted	silting	0	मिट्टी या रेत से रास्ता बन्द करना; रेग से भरना
silver	silvered	silvered	silvering	0	चाँदी चढ़ाना
simmer	simmered	simmered	simmering	0	उबालना; धीरे धीरे पकाना
simper	simpered	simpered	simpering	0	बनावटी रूप में मुस्कुराना
sing	sang	sung	singing	1	गाना गाना
singe	singed	singed	singeing	0	झुलसना; झुलसाना
sink	sank	sunk	sinking	1	डूबना; धँसना; गिरना
sip	sipped	sipped	sipping	0	चुस्की लगाना या लेना
sit	sat	sat	sitting	1	बैठना
sit back	sat back	sat back	sitting back	1	आराम करना
sit by	sat by	sat by	sitting by	1	आलसी होना
sit down	sat down	sat down	sitting down	1	बैठजाना
sit in	sat in	sat in	sitting in	1	धरने पर बैठना
sit on	sat on	sat on	sitting on	1	सभा में शामिल होना
sit through	sat through	sat through	sitting through	1	अन्त तक रुकना
sit up	sat up	sat up	sitting up	1	देर तक जागना
sizzle	sizzled	sizzled	sizzling	0	कड़कड़ाना
skeddaddle	skeddaddled	skeddaddled	skeddaddling	0	भाग जाना
skid	skidded	skidded	skidding	0	फिसलना
skim	skimmed	skimmed	skimming	0	मलाई हटाना; सरसरी नज़र से देखना
skim away	skimmed away	skimmed away	skimming away	0	तेजीसेहटना
skim over	skimmed over	skimmed over	skimming over	0	सरसरीनिगाहदौड़ना
skim through	skimmed through	skimmed through	skimming through	0	सरसरीनिगाहदौड़ना
skimp	skimped	skimped	skimping	0	मितव्ययी होना
skip	skipped	skipped	skipping	0	उछल-कूद करना; विषय बदलता रहना; छोड़ जाना; छोड़ देना
skirmish	skirmished	skirmished	skirmishing	0	छोटे टुकड़ों में भिड़ना
skirt	skirted	skirted	skirting	0	के किनारे किनारे चलना
skive	skived	skived	skiving	0	कामसेभागना
skulk	skulked	skulked	skulking	0	छिपकना; कोने में डुबके रहना
slacken	slackened	slackened	slackening	0	धीमा करना
slag	slagged	slagged	slagging	0	बुराईकरना
slain	slained	slained	slaining	0	मार ड़ालना
slake	slaked	slaked	slaking	0	प्यासबुझाना
slam	slammed	slammed	slamming	0	पटक देना
slander	slandered	slandered	slandering	0	मिथ्यापवाद करना
slant	slanted	slanted	slanting	0	तिरछाकरना
slap	slapped	slapped	slapping	0	थप्पड़ मारना
slash	slashed	slashed	slashing	0	टना
slate	slated	slated	slating	0	कड़ीआलोचनाकरना
slaver	slavered	slavered	slavering	0	लार टपकना
slay	slew	slain	slaying	1	मार ड़ालना; वधा
sleep	slept	slept	sleeping	1	सोना
slept	slepted	slepted	slepting	0	सोया
slew	slewed	slewed	slewing	0	घुमाना
slide	slid	slid	sliding	1	फिसलना
sling	slung	slung	slinging	1	फेंकना
slink	slunk	slunk	slinking	1	लुक छुपकर आना जाना
slip	slipped	slipped	slipping	0	फ़िसलना; सरकना; भूलना; स्थानभ्रंश होना; चोरी से रखना
slit	slit	slit	slitting	1	काटना
slither	slithered	slithered	slithering	0	लड़खड़ाकर फ़िसलना
slobber	slobbered	slobbered	slobbering	0	लार टपकना
slog	slogged	slogged	slogging	0	ज़ोर से मारना
slop	slopped	slopped	slopping	0	छलकना
slop out	slopped out	slopped out	slopping out	0	गंदा पानी हटाना
slosh	sloshed	sloshed	sloshing	0	आवाज़ करके हिलाना
slouch	slouched	slouched	slouching	0	भद्देपन से चलना; खड़े होना या बैठना
slough	sloughed	sloughed	sloughing	0	उतारना; उतरना; उतार फेंकना
slump	slumped	slumped	slumping	0	गिर पड़ना
slung	slunged	slunged	slunging	0	लटका देना
slupr	slupred	slupred	slupring	0	खाते या पीते समय आवाज़ करना
slur	slurred	slurred	slurring	0	कलंक लगना; अस्पष्टउच्चारण
smart	smarted	smarted	smarting	0	टीसना
smash	smashed	smashed	smashing	0	ज़ोरसे मारना; पराजित करना; अंत करना
smear	smeared	smeared	smearing	0	मैला करना; बदनाम करना; कलंक लगाना
smell	smelled	smelled	smelling	1	सूँघना; महकना
smell out	smelled out	smelled out	smelling out	1	का पता लगाना
smelt	smelted	smelted	smelting	0	पिघलना; गलाना
smile	smiled	smiled	smiling	0	मुस्कराना
smile on	smiled on	smiled on	smiling on	0	साथ देना
smirk	smirked	smirked	smirking	0	खीसें निकालना
smite	smote	smitten	smiting	1	मारना; प्रहार करना
smoke	smoked	smoked	smoking	0	धूम्रपानकरना; धुँआदेना
smoke out	smoked out	smoked out	smoking out	0	भगाना
smote	smoted	smoted	smoting	0	मारा
smother	smothered	smothered	smothering	0	गला घोंटना; बुझाना; दबा लेना
smoulder	smouldered	smouldered	smouldering	0	सुलगना
smudge	smudged	smudged	smudging	0	धब्बा ड़ालना; रगड़ने पर छूटने वाला
smuggle	smuggled	smuggled	smuggling	0	तस्कर-व्यापार करना
snaffle	snaffled	snaffled	snaffling	0	काबू करना; अधिकार जमाना
snag	snagged	snagged	snagging	0	फटना; उधड़ना
snake	snaked	snaked	snaking	0	रेंगना
snap	snapped	snapped	snapping	0	तोड़ ड़ालना; दंश करना; काटना; गुर्राना; फोटो लेना
snatch	snatched	snatched	snatching	0	छीनना
sneak	sneaked	sneaked	sneaking	1	चुपके आना जाना
sneer	sneered	sneered	sneering	0	उपहास करना
sneeze	sneezed	sneezed	sneezing	0	छींकना
snicker	snickered	snickered	snickering	0	धीरे हिनहिनाना
sniff	sniffed	sniffed	sniffing	0	नाक से साँस खींचना
sniffle	sniffled	sniffled	sniffling	0	सूँ-सूँ करता जाना
snigger	sniggered	sniggered	sniggering	0	ठी ठी करना
snip	snipped	snipped	snipping	0	कतरना; काटना
snivel	sniveled	sniveled	sniveling	0	पिनपिनाना
snog	snogged	snogged	snogging	0	चुम्बन करना
snook	snooked	snooked	snooking	0	अनादर दिखाना
snooker	snookered	snookered	snookering	0	परेशान करदेना
snoop	snooped	snooped	snooping	0	ताक झाँक करना; टाँग अड़ाना
snooze	snoozed	snoozed	snoozing	0	झापकी लेना
snore	snored	snored	snoring	0	खर्राटा लेना
snort	snorted	snorted	snorting	0	फटफटाना
snow	snowed	snowed	snowing	0	हिम गिरना या बरसना
snowball	snowballed	snowballed	snowballing	0	बड़ी तेज़ी से बढ़ जाना या फैल जाना
snub	snubbed	snubbed	snubbing	0	डपटना; झिड़कना
snuff	snuffed	snuffed	snuffing	0	बुझाना
snuffle	snuffled	snuffled	snuffling	0	नकियाना; नाक से बोलना
snuggle	snuggled	snuggled	snuggling	0	सटकर या चिपटकर लेट जाना; छाती लगाना; छाती से छिपकालेना
soak	soaked	soaked	soaking	0	भिगोना; सोखना; तरबतर करदेना; अधिक पैसा वसूलना
soap	soaped	soaped	soaping	0	साबुन लगाना
soar	soared	soared	soaring	0	उड़ना; बहुत बढ़ना
sob	sobbed	sobbed	sobbing	0	सिसकना; हिचकी भरकर रोना
socialize	socialized	socialized	socializing	0	सामाजिक बनाना
sock	socked	socked	socking	0	शस्त्र का आघात
sod	sodded	sodded	sodding	0	घासलगाना
soften	softened	softened	softening	0	नरम करना
soil	soiled	soiled	soiling	0	मैला करना
sojourn	sojourned	sojourned	sojourning	0	डेराडालना
solace	solaced	solaced	solacing	0	सान्त्वना देना; दुःख कम कर देना
sold	solded	solded	solding	0	बेचा
solder	soldered	soldered	soldering	0	टाँकालगाना
solemnise	solemnised	solemnised	solemnising	0	-
solicit	solicited	solicited	soliciting	0	माँगना
solidify	solidified	solidified	solidifying	0	ठोस बनना या बनाना; जमना या जमाना; दृढ करना
solve	solved	solved	solving	0	किसी प्रश्न को हल करना; हल ढूंढ़ना
soothe	soothed	soothed	soothing	0	शान्त करना; प्रशमन करना
sorrow	sorrowed	sorrowed	sorrowing	0	दुःखी होना
sort	sorted	sorted	sorting	0	छाँटना; चुनना
sound	sounded	sounded	sounding	0	बजाना; उच्चारित करना; लगना; समुद्र की गहराई को उपकरणौं से निकालना
souse	soused	soused	sousing	0	मछली आदि को खारे पानी में रखना; पानी में भिगोना
sow	sowed	sowed	sowing	1	बोना
spare	spared	spared	sparing	0	बचाना; दे देना; दया करना
sparkle	sparkled	sparkled	sparkling	0	चमकना; उत्साह से भरा होना
spatter	spattered	spattered	spattering	0	इधर उधर बिखरना
spawn	spawned	spawned	spawning	0	अण्डे देना
speak	spoke	spoken	speaking	1	बातचीत करना
specialize	specialized	specialized	specializing	0	विशेषज्ञ बनना; विशेष अध्ययन करना
specify	specified	specified	specifying	0	विशेष विवरण देना
speculate	speculated	speculated	speculating	0	अन्दाज लगाना
speechify	speechified	speechified	speechifying	0	भाषणीय अन्दाज़ में बात करना
speed	sped	sped	speeding	1	तेज़ी से चलना
spell	spelled	spelled	spelling	1	उच्चारण करना या लिखना
spelt	spelted	spelted	spelting	0	उच्चारण किया या लिखा
spend	spent	spent	spending	1	बिताना; खर्च करना
spew	spewed	spewed	spewing	0	वमन करना; उगलना; जल्दी से निकलना
spice	spiced	spiced	spicing	0	कुछ नई चीज़ मिलाना
spill	spilled	spilled	spilling	1	छलकाना
spin	spun	spun	spinning	1	घुमाना; सूत कातना
spirit	spirited	spirited	spiriting	0	उड़ा ले जाना; उत्साह बढ़ाना
spit	spat	spat	spitting	1	थूकना; ज़ोर से बोलना
splash	splashed	splashed	splashing	0	छींटे ड़ालना; टकराकर छीतराना
splice	spliced	spliced	splicing	0	जोड़ना
splinter	splintered	splintered	splintering	0	चिरना
split	split	split	splitting	1	फ़ाड़ना; चीरना
splutter	spluttered	spluttered	spluttering	0	जल्दी और बेठिकाने बोलना; ?
spoil	spoiled	spoiled	spoiling	1	बिगाड़देना; खराब कर देना; लाड़-प्यार से बिगाड़ना
spoke	spoked	spoked	spoking	0	बोला
sponge	sponged	sponged	sponging	0	स्पंज से धोना
sponser	sponsered	sponsered	sponsering	0	प्रायोजित करना
spoof	spoofed	spoofed	spoofing	0	चकमा देना
spool	spooled	spooled	spooling	0	चरखी पर लपेटना
spoon	spooned	spooned	spooning	0	चम्मच से लेना
sport	sported	sported	sporting	0	खेलना
spot	spotted	spotted	spotting	0	देखना
spotlight	spotlighted	spotlighted	spotlighting	0	स्पॉट लाइट डालना
spout	spouted	spouted	spouting	0	वेग से फूहरा छोड़ना
sprawl	sprawled	sprawled	sprawling	0	अंग फैलाकर लेटना या बैठना
spray	sprayed	sprayed	spraying	0	छिड़कना
spread	spread	spread	spreading	1	फैलाना
spree	spreed	spreed	spreeing	0	रंगरलियाँ मनाना
spring	sprang	sprung	springing	1	उछलना
sprinkle	sprinkled	sprinkled	sprinkling	0	छितराना
sprint	sprinted	sprinted	sprinting	0	बड़ी तेज़ी से दौड़ना
sprout	sprouted	sprouted	sprouting	0	अंकुरित होना
spruce	spruced	spruced	sprucing	0	श्रृंगार करना
spurn	spurned	spurned	spurning	0	ठुकराना; तिरस्कार करना
spurt	spurted	spurted	spurting	0	फूट निकलना; थोड़ी देर तक बड़ी तेज़ी से काम करना
sputter	sputtered	sputtered	sputtering	0	भक-भक करना; उत्तेजित हो कर बोलना
spy	spied	spied	spying	0	जासूसी करना; ध्यान रखना
square	squared	squared	squaring	0	चुकाना; समकोण बनाना; बराबर करना; इजाजत लेना
squash	squashed	squashed	squashing	0	भुरता बना देना; तिरस्कार करना; धकिया कर घुसना
squat	squated	squated	squating	0	पालथी मारकर बैठना; अवैध रूप से बस जाना
squawk	squawked	squawked	squawking	0	चीख मारना
squeak	squeaked	squeaked	squeaking	0	चूँ-चूँ करना; किकियाना; बाल-बाल बचना
squeal	squealed	squealed	squealing	0	?
squeeze	squeezed	squeezed	squeezing	0	दबाना; निचोड़ना
squelch	squelched	squelched	squelching	0	फच-फच करना
squint	squinted	squinted	squinting	0	अधखुली आँखों से देखना
squirm	squirmed	squirmed	squirming	0	झेंपना
squirt	squirted	squirted	squirting	0	फुहारा मारना
stab	stabbed	stabbed	stabbing	0	प्रहार करना
stabilize	stabilized	stabilized	stabilizing	0	स्थिर करना
stack	stacked	stacked	stacking	0	गद्दियों में लगाना; ढ़ेर लगाना
staggers	staggersed	staggersed	staggersing	0	लड़खड़ाना; चोंका देना
stagnate	stagnated	stagnated	stagnating	0	निष्क्रिय होना
stain	stained	stained	staining	0	धब्बेवालाकरना
stake	staked	staked	staking	0	सहारा देना; दाँव पर लगाना
stake out	staked out	staked out	staking out	0	?
stalk	stalked	stalked	stalking	0	छिपकर चलना; अकड़कर चलना; किसी बीमारी ड़र आदी का फैलना
stall	stalled	stalled	stalling	0	इंजन का बन्द हो जाना; कार्य को बाधित करना; प्रगति को रोकना
stammer	stammered	stammered	stammering	0	हकलाना; रुक रुक कर बोलना
stamp	stamped	stamped	stamping	0	पैर पटकना; ठप्पा लगाना; टिकट लगाना; प्रभावित करना
stampede	stampeded	stampeded	stampeding	0	भागना; बिना सोचे समझे कार्य करना
stand	stood	stood	standing	1	खड़ा होना[रहना]; खड़ा करना; रहना; होना; सहना; के लिये रुपये देना
standerdize	standerdized	standerdized	standerdizing	0	मानकीकृत करना
stank	stanked	stanked	stanking	0	बदबू से भरा
staple	stapled	stapled	stapling	0	एकत्रित करने केलिये बाँधना
star	starred	starred	starring	0	तारांकित करना
starch	starched	starched	starching	0	कलफ़ चड़ाना
stare	stared	stared	staring	0	आँख गड़ाकर देखना
start	started	started	starting	0	शुरू करना
start for	started for	started for	starting for	0	के लिये जाना
start off	started off	started off	starting off	0	शुरू करना
start out	started out	started out	starting out	0	यात्रा शुरू करना; शुरू करना{काम}
start over	started over	started over	starting over	0	दुबारा से शुरू करना
start up	started up	started up	starting up	0	चलाना
startle	startled	startled	startling	0	चौंकाना
starve	starved	starved	starving	0	भूखा मरना
stash	stashed	stashed	stashing	0	संचितकरना
state	stated	stated	stating	0	अभिव्यक्त करना
station	stationed	stationed	stationing	0	होना
stay	stayed	stayed	staying	0	रहना
stay in	stayed in	stayed in	staying in	0	अंदर ही रहना
stay out	stayed out	stayed out	staying out	0	बाहर रहना; हड़ताल पर रहना
stay up	stayed up	stayed up	staying up	0	जागे रहना
steal	stole	stolen	stealing	1	चोरी करना; चुपके से आना जाना
steel	steeled	steeled	steeling	0	सख्तबनना
steepen	steepened	steepened	steepening	0	दुरारोह बनना या बनादेना
steer	steered	steered	steering	0	परिचालन; मार्ग दिखाना
stem	stemmed	stemmed	stemming	0	रोकना; जड़
step	stepped	stepped	stepping	0	कदम उठाना
step down	stepped down	stepped down	stepping down	0	स्थानछोड़ना
sterilize	sterilized	sterilized	sterilizing	0	निष्कीटित करना
stew	stewed	stewed	stewing	0	पकाना; परेशान होना; निचोड़ना
stick	stuck	stuck	sticking	1	चिपकना; घुसेड़ना; बरदाश्त करना; सथापित करना
stiffen	stiffened	stiffened	stiffening	0	कड़ा होना
stifle	stifled	stifled	stifling	0	दम घुटना; दबाना; आग बुझाना
stigmatize	stigmatized	stigmatized	stigmatizing	0	कलंक लगाना
stimulate	stimulated	stimulated	stimulating	0	उत्तेजित करना
sting	stung	stung	stinging	1	ड़ंक मारना; दर्द होना; उकसाना
stink	stank	stunk	stinking	1	बदबू मारना
stint	stinted	stinted	stinting	0	कंजूसी करना
stipple	stippled	stippled	stippling	0	बिन्दी बिन्दी से बनाया गया चित्र
stipulate	stipulated	stipulated	stipulating	0	सौदा तय करना
stir	stirred	stirred	stirring	0	हिलना; हिलाना
stitch	stitched	stitched	stitching	0	सीना
stitch up	stitched up	stitched up	stitching up	0	धोखा देना
stoke	stoked	stoked	stoking	0	भट्टी में कोयला झोंकना; उकसाना
stole	stoled	stoled	stoling	0	चुराया
stolen	stolened	stolened	stolening	0	चुराया हुआ
stone	stoned	stoned	stoning	0	पत्थर से मारना; गुठली निकालना
stonewall	stonewalled	stonewalled	stonewalling	0	उदासहीनता दिखाना
stoop	stooped	stooped	stooping	0	झुकना; शरीर का झुकाव
stoop to	stooped to	stooped to	stooping to	0	हद से गिरना
stop	stopped	stopped	stopping	0	रुकना; अन्त करना; रोकना
store	stored	stored	storing	0	संचितकरना
storm	stormed	stormed	storming	0	हमला करना
stow	stowed	stowed	stowing	0	सजाकर रखना
straf	straffed	straffed	straffing	0	पर गोलाबारी करना
straggle	straggled	straggled	straggling	0	से अलग हो जाना
straighten	straightened	straightened	straightening	0	सीधा करना
strain	strained	strained	straining	0	पूरी शक्ति लगाकर देखना; सुनना
strangle	strangled	strangled	strangling	0	गला घोंटकर मारना या दबाना
stratify	stratified	stratified	stratifying	0	एकत्र होना; परतों का आकार लेना
stray	strayed	strayed	straying	0	विपद्य होना; भाटकना
streak	streaked	streaked	streaking	0	धारियाँबनाना
stream	streamed	streamed	streaming	0	धारा रूप में बहना
streel	streeled	streeled	streeling	0	पीछा करना
strengthen	strengthened	strengthened	strengthening	0	शक्ति बढ़ना
stress	stressed	stressed	stressing	0	बल देना
stretch	stretched	stretched	stretching	0	खींचकर बढ़ाना; ताना जाना; ज़ोर से खींचना; अंगड़ाई लेना; किसी वस्तु का आयु बढ़ाना; फैलाना; पूर्णरूपसेलगाना; ज़रूरत से ज्यादा खींचना
strew	strewed	strewed	strewing	1	बिखेरना; छितराना
stride	strode	stridden	striding	1	लंबे कदम रखना; लाँघना
strike	struck	struck	striking	1	ज़ोर से मारना; अचानक मारना; सूझना; प्रभाव डालना; पड़ना; खोज़ करना; सिक्के डालना; बजना
string	strung	strung	stringing	1	को_रस्सी_से_बाँधना
strip	stripped	stripped	stripping	0	कपड़े उतारना; नंगा करना; हठाना
strive	strove	striven	striving	1	के लिए प्रयास करना; का मुकाबला करना
stroke	stroked	stroked	stroking	0	मारना; सहलाना
stroll	strolled	strolled	strolling	0	टहलना
struck	strucked	strucked	strucking	0	मारा
structure	structured	structured	structuring	0	योजना करना
struggle	struggled	struggled	struggling	0	संग्राम करना; प्रयत्न करना; हाथ-पैर मारना
strum	strummed	strummed	strumming	0	बजाना; झंकारना
strut	strutted	strutted	strutting	0	अकड़कर चलना
stucco	stuccoed	stuccoed	stuccoing	0	गचकारी करना
stuck	stucked	stucked	stucking	0	चिपकाया
stuck up	stucked up	stucked up	stucking up	0	फँसजाना
study	studied	studied	studying	0	अध्ययन करना
stultify	stultified	stultified	stultifying	0	बेवकूफ़ बनना या बनाना
stumble	stumbled	stumbled	stumbling	0	ठोकर खाना या लगना; गिरना; भूल करना
stump	stumped	stumped	stumping	0	कठिनाईमेंपड़ना[डालना]; भाषण देते चलना; आउट कर देना
stun	stunned	stunned	stunning	0	अचेत करना; चकित होना
stung	stunged	stunged	stunging	0	ढ़ंक मारना
stunt	stunted	stunted	stunting	0	बढ़ने न देना
stupefy	stupefied	stupefied	stupefying	0	जड़ कर देना; विस्मित कर देना
stutter	stuttered	stuttered	stuttering	0	हकलाना
stymie	stymied	stymied	stymying	0	बाधाएँ डालना
subdivide	subdivided	subdivided	subdividing	0	प्रविभाजित करना
subdue	subdued	subdued	subduing	0	वश में लाना या रखना
subindicate	subindicated	subindicated	subindicating	0	संकेत द्वारा सूचित करना
subjugate	subjugated	subjugated	subjugating	0	अधीन करना
sublet	sublet	sublet	subletting	1	शिकमी देना
submerge	submerged	submerged	submerging	0	ड़ुबकी लगाना
submit	submitted	submitted	submitting	0	सामने रखना
suborn	suborned	suborned	suborning	0	दुष्प्रेरित करना
subscribe	subscribed	subscribed	subscribing	0	अंशदान करना
subside	subsided	subsided	subsiding	0	कम होना; उतर जाना
subsidize	subsidized	subsidized	subsidizing	0	आर्थिक सहायता देना
subsidized	subsidizeded	subsidizeded	subsidizeding	0	सहायताप्राप्त
subsist	subsisted	subsisted	subsisting	0	जीवित रहना
substantiate	substantiated	substantiated	substantiating	0	सिद्ध करना
subsume	subsumed	subsumed	subsuming	0	सम्मिलित करना
subtend	subtended	subtended	subtending	0	कक्षान्तरित करना
subtitle	subtitled	subtitled	subtitling	0	उपशीर्षक देना
subtract	subtracted	subtracted	subtracting	0	घटाना
succeed	succeeded	succeeded	succeeding	0	सफलतापाना
succumb	succumbed	succumbed	succumbing	0	परास्त होना; मरना
suck	sucked	sucked	sucking	0	चूसना
suckle	suckled	suckled	suckling	0	स्थन से दूध पिलाना
sue	sued	sued	suing	0	किसी पर मुकदमा कायम करना; किसी से निवेदन
suffer	suffered	suffered	suffering	0	सहना
suffice	sufficed	sufficed	sufficing	0	पर्याप्त होना
suffocate	suffocated	suffocated	suffocating	0	दम घुटना
suffuse	suffused	suffused	suffusing	0	से भरना
suggest	suggested	suggested	suggesting	0	प्रस्ताव रखना
suit	suited	suited	suiting	0	सुविधाजनक होना; अनुकूल होना
sulk	sulked	sulked	sulking	0	रूठना
sully	sullied	sullied	sullying	0	कलुषित करना
summon	summoned	summoned	summoning	0	पुकारना; समन भेजना
sunder	sundered	sundered	sundering	0	अलग होना; अलग करना
sung	sunged	sunged	sunging	0	गाया
sup	supped	supped	supping	0	सुड़कना
superimpose	superimposed	superimposed	superimposing	0	अध्यारोपित करना
superintend	superintended	superintended	superintending	0	पर्यवेक्षण करना
supersede	superseded	superseded	superseding	0	दूसरे का अधिकार ले लेना
supervene	supervened	supervened	supervening	0	बीच में आ पडZना
supervise	supervised	supervised	supervising	0	पर्यवेक्षणा करना
supplant	supplanted	supplanted	supplanting	0	स्थान या पद ग्रहण करना
supplement	supplemented	supplemented	supplementing	0	परिपूर्ण करना
supplicate	supplicated	supplicated	supplicating	0	प्रार्थना करना
supply	supplied	supplied	supplying	0	सप्लाई करना
support	supported	supported	supporting	0	सहारा देना; भरण पोषण करना
suppose	supposed	supposed	supposing	0	मान लेना
suppress	suppressed	suppressed	suppressing	0	दबाना; दमन करना
suppurate	suppurated	suppurated	suppurating	0	पिपियाना{मवाद}
surge	surged	surged	surging	0	उमड़ना
surmise	surmised	surmised	surmising	0	अंदाज़ा लगाना
surmount	surmounted	surmounted	surmounting	0	विजय पाना या पार करना
surpass	surpassed	surpassed	surpassing	0	आगे निकल ज़ाना
surprise	surprised	surprised	surprising	0	आश्चर्यचकित करना
surrender	surrendered	surrendered	surrendering	0	आत्मसमर्पण करना
surround	surrounded	surrounded	surrounding	0	चारों ओर से घेरना
survey	surveyed	surveyed	surveying	0	जाँचना; निरीक्षण करना; सर्वेक्षण करना
survive	survived	survived	surviving	0	जीवित रहना
suspect	suspected	suspected	suspecting	0	सन्देह करना
suspend	suspended	suspended	suspending	0	निलम्बितकरना; स्थगितकरना
suss	sussed	sussed	sussing	0	कुछ खोज़ निकालना
sustain	sustained	sustained	sustaining	0	जीवित रखना; निर्वाह करना
swaddle	swaddled	swaddled	swaddling	0	लपेटना
swagger	swaggered	swaggered	swaggering	0	इठलाना; ऐंठकर चलना
swallow	swallowed	swallowed	swallowing	0	निगलना; आँख मूँदकर विश्वास करना; समालेना; समाप्त करना
swam	swammed	swammed	swamming	0	तैरा
swap	swapped	swapped	swapping	0	अदल-बदल करना
swarm	swarmed	swarmed	swarming	0	झुंड बनाकर घूमना; बड़ी संख्या में एकत्रित हो जाना
swat	swatted	swatted	swatting	0	मारना
swathe	swathed	swathed	swathing	0	बाँधना; लपेटना
sway	swayed	swayed	swaying	0	हिलना; प्रभावित करना
swear	swore	sworn	swearing	1	गाली बकना; शपथ करना
sweat	sweated	sweated	sweating	0	पसीना निकलना
sweat off	sweated off	sweated off	sweating off	0	वजन घटाना
sweep	swept	swept	sweeping	1	सफ़ाई करना
sweeten	sweetened	sweetened	sweetening	0	मधुर बनाना
swell	swelled	swollen	swelling	1	सूजना
swelter	sweltered	sweltered	sweltering	0	औंसना; उमस होना
swerve	swerved	swerved	swerving	0	मुड़ना; मोड़ना
swig	swigged	swigged	swigging	0	गटागट पी जाना
swim	swam	swum	swimming	1	तैरना
swindle	swindled	swindled	swindling	0	धोखा देना
swing	swung	swung	swinging	1	झूलना; झूमते हुए चलना; घूमना
swipe	swiped	swiped	swiping	0	ज़ोर से अन्धाधुन्ध मारना
swirl	swirled	swirled	swirling	0	चक्कर खाते हुए उड़ना
swish	swished	swished	swishing	0	सरसराना
switch	switched	switched	switching	0	स्विच दबाना; अचानक बदलना
swivel	swiveled	swiveled	swiveling	0	घूमना
swoon	swooned	swooned	swooning	0	बेहोश हो जाना
swoop	swooped	swooped	swooping	0	झपटना; झपट्टा मारना
swop	swopped	swopped	swopping	0	के बदले में देना
swore	swored	swored	sworing	0	?
sworn	sworned	sworned	sworning	0	?
swot	swotted	swotted	swotting	0	कठिन परिश्रम करना
symbolise	symbolised	symbolised	symbolising	0	प्रतीक द्वारा प्रस्तुत करना
sympathize	sympathized	sympathized	sympathizing	0	सहानुभूति रखना; से सहमत होना
synchronize	synchronized	synchronized	synchronizing	0	समकालिक होना
syndicate	syndicated	syndicated	syndicating	0	प्रकाशन हेतु संघ बनाना
synthesize	synthesized	synthesized	synthesizing	0	संश्लेषण करना
syringe	syringed	syringed	syringing	0	पिचकारी से साफ़ करना
systematize	systematized	systematized	systematizing	0	सुव्यवस्थित करना
table	tabled	tabled	tabling	0	प्रस्तावितकरना
tabulate	tabulated	tabulated	tabulating	0	सारणीबद्धकरना
tack	tacked	tacked	tacking	0	टाँकना; दिशाबदलना
tackle	tackled	tackled	tackling	0	हाथमेंलेना; फुटबाललेकरदौडतेहुएखिलाडीकोपकडकररोकलेना
tag	tagged	tagged	tagging	0	बाँधना
taint	tainted	tainted	tainting	0	दूषितकरना
take	took	taken	taking	1	लेना; गिरफ्तारकरना; स्वीकारकरलेना; समाहितकरना; लगना
talk	talked	talked	talking	0	बातचीतकरना; बोलसकना
tallow	tallowed	tallowed	tallowing	0	चर्बीलगाना
tame	tamed	tamed	taming	0	वशमेंहोना
tamper	tampered	tampered	tampering	0	हस्तक्षेपकरना
tamper with	tampered with	tampered with	tampering with	0	मेंहस्तक्षेपकरना
tan	tanned	tanned	tanning	0	त्वचापरभूरापनआना{धूपकेकारण}
tangle	tangled	tangled	tangling	0	उलझजाना
tantalize	tantalized	tantalized	tantalizing	0	तरसाना
tap	tapped	tapped	tapping	0	टोंटीसेतरलपदार्थनिकालना; क्षारनिकालना; निकालना
tape	taped	taped	taping	0	फीतेसेबाँधना; अभिलेखनकरना
taper	tapered	tapered	tapering	0	तंगहोना
tar	tarred	tarred	tarring	0	राललगा
tarnish	tarnished	tarnished	tarnishing	0	मलिनहोना
tarry	tarried	tarried	tarrying	0	ठहरना
task	tasked	tasked	tasking	0	नियतकामनियुक्तकरना
taste	tasted	tasted	tasting	0	स्वादले
tattle	tattled	tattled	tattling	0	गपशप
tattoo	tattooed	tattooed	tattooing	0	त्वचापरगोदना
taunt	taunted	taunted	taunting	0	निन्दाकरना
tax	taxed	taxed	taxing	0	करलगाना
taxi	taxied	taxied	taxiing	0	हवाईजहाज़कोज़मीनपरचलाना
teach	taught	taught	teaching	1	सिखाना; शिक्षादेना
tear	tore	torn	tearing	1	फाड़ना
tease	teased	teased	teasing	0	छेडना
teem	teemed	teemed	teeming	0	भराहोना
teeter	teetered	teetered	teetering	0	आगापीछाकरना
teethe	teethed	teethed	teething	0	दाँतनिकलना
telegraph	telegraphed	telegraphed	telegraphing	0	तारसेसमाचारभेज
telephone	telephoned	telephoned	telephoning	0	टेलीफोनकर
tell	told	told	telling	1	बताना; सूचितकरना; दिखनेलगना
temper	tempered	tempered	tempering	0	धातुकोबार-बारगरमऔरठंडाकरकेकडालचीलाबनाना; कमकरना
temporize	temporized	temporized	temporizing	0	निर्णयकरनेमेंदेरकरना
tempt	tempted	tempted	tempting	0	लुभाना
tenant	tenanted	tenanted	tenanting	0	किरायेपरहोना
tend	tended	tended	tending	0	देखभालकरना
tender	tendered	tendered	tendering	0	निवेदनकरना
tent	tented	tented	tenting	0	डेरालगा
term	termed	termed	terming	0	कहलाना
terminate	terminated	terminated	terminating	0	समाप्तकरना
terrify	terrified	terrified	terrifying	0	डराना; डरना
terrorise	terrorised	terrorised	terrorising	0	आतंकितकरना
test	tested	tested	testing	0	जाँचकरना
testify	testified	testified	testifying	0	साक्षीहो
tether	tethered	tethered	tethering	0	पगहासेबाँध
thank	thanked	thanked	thanking	0	धन्यवाददेना
thatch	thatched	thatched	thatching	0	छप्परडालना
thaw	thawed	thawed	thawing	0	गलना; ढीलापडना[व्यवहार]
thicken	thickened	thickened	thickening	0	गाढ़ाहोना
thieve	thieved	thieved	thieving	0	चुराना[अनौपचारिक]
thin	thinned	thinned	thinning	0	पतलाहोना
think	thought	thought	thinking	1	सोच; कल्पनाकरना; मननकरना
thirst	thirsted	thirsted	thirsting	0	तृषितहोना
thrash	thrashed	thrashed	thrashing	0	पीट; [अनौपचारिक]पराजितकरना
thread	threaded	threaded	threading	0	पिरोना
threaten	threatened	threatened	threatening	0	धमकाना; चेताना
thrill	thrilled	thrilled	thrilling	0	रोमांचितकरना
thrive	thrived	thrived	thriving	1	समृद्धहोना
throb	throbbed	throbbed	throbbing	0	धड़कना
throng	thronged	thronged	thronging	0	भीड़करना
throttle	throttled	throttled	throttling	0	गलाघोंटना
throttledown	throttledowned	throttledowned	throttledowning	0	बन्दकरना
throw	threw	thrown	throwing	1	फेंक; नीचेगिरादेना; मेंहोना; दिखाना
thrust	thrust	thrust	thrusting	1	ठेलना
thud	thudded	thudded	thudding	0	धमाकाकरना
thumb	thumbed	thumbed	thumbing	0	अंगूठालगाकरपलटना{गन्दाकरना}
thump	thumped	thumped	thumping	0	ठोकना.; थपथपाना; धड़कना
thunder	thundered	thundered	thundering	0	गरजना; गड़गड़ाहटकरना
thwart	thwarted	thwarted	thwarting	0	रोकना
tick	ticked	ticked	ticking	0	घड़ीकेसमानटिकटिककरना
tick over	ticked over	ticked over	ticking over	0	मुक्तचलना[गियरसे]
ticket	ticketed	ticketed	ticketing	0	टिकटदे
tickle	tickled	tickled	tickling	0	गुदगुदाना
tide	tided	tided	tiding	0	पानीचढ़ना
tide over	tided over	tided over	tiding over	0	पारलगाना[आपत्तिआनेपर]
tidy	tidied	tidied	tidying	0	व्यवस्थितकर
tidy up	tidied up	tidied up	tidying up	0	ठीकठाककरना
tie	tied	tied	tying	0	बाँधना; सेसम्बद्धहोना
tiff	tiffed	tiffed	tiffing	0	झगड़ना
tighten	tightened	tightened	tightening	0	कसना
tile	tiled	tiled	tiling	0	खपरैलसेढक
till	tilled	tilled	tilling	0	खेतजोतना
tilt	tilted	tilted	tilting	0	झुकना[झुकाना]
tilt at	tilted at	tilted at	tilting at	0	कीओरझुकना
timber	timbered	timbered	timbering	0	लकड़ीलगा
tin	tinned	tinned	tinning	0	डिब्बेमेंबन्धकरना
ting	tinged	tinged	tinging	0	घंटीबजाना
tinge	tinged	tinged	tingeing	0	रंगदेना
tingle	tingled	tingled	tingling	0	सनसनाजाना; जलना
tinker	tinkered	tinkered	tinkering	0	कच्चाकामकरना
tinsel	tinseled	tinseled	tinseling	0	भड़कीलाबनाना
tint	tinted	tinted	tinting	0	हलकारंगचढ़ा
tip	tipped	tipped	tipping	0	सिरालगाना; बख्शीशदेना; छूजाना
tipple	tippled	tippled	tippling	0	शराबीहोना
tiptoe	tiptoed	tiptoed	tiptoeing	0	पाँवकीअंगुलीकेबलचल
tire	tired	tired	tiring	0	थकजाना
tithe	tithed	tithed	tithing	0	दसवाँभागदेना
titillate	titillated	titillated	titillating	0	उत्तेजितकरना
title	titled	titled	titling	0	मानोपाधिमिलना
titter	tittered	tittered	tittering	0	दबीहुईहँसी
toast	toasted	toasted	toasting	0	सिकना
toe	toed	toed	toeing	0	आदेशकापालनकरना.
toil	toiled	toiled	toiling	0	परिश्रमकर
tolerate	tolerated	tolerated	tolerating	0	सहना
toll	tolled	tolled	tolling	0	धीमीगतिसेघण्टाबजाना{विशेषकरमृत्युकीसूचनादेनेकेलिये}
tone	toned	toned	toning	0	बढाना
tongue	tongued	tongued	tonguing	0	बोल[व्यंग्यसे]
toot	tooted	tooted	tooting	0	भोंपूबजाना
tooth	toothed	toothed	toothing	0	फँसाना
top	topped	topped	topping	0	ऊपरडालना; शिखरपरपहुँचना; सेबढकररहना; निशानछूटना [गोल्फमें]
topple	toppled	toppled	toppling	0	गिरपड़; पदकोखोना
torch	torched	torched	torching	0	आगलगाना
torment	tormented	tormented	tormenting	0	सताना
torture	tortured	tortured	torturing	0	अतिकष्टदेना
toss	tossed	tossed	tossing	0	उछालना; करवटेंबदलतेरहना; हिलाना[मिलाना]
total	totaled	totaled	totaling	0	जोडनिकालना
totter	tottered	tottered	tottering	0	लडखड़ाना
touch	touched	touched	touching	0	स्पर्शकर; छूना; हलकीक्षतिपहुँचाना; असरकरना
touch at	touched at	touched at	touching at	0	ठहरना
touch down	touched down	touched down	touching down	0	उतरना
touch for	touched for	touched for	touching for	0	से उधारलेना
touch off	touched off	touched off	touching off	0	दागना
touch on	touched on	touched on	touching on	0	परप्रकाशडालना
touch up	touched up	touched up	touching up	0	ठीककरना
toughen	toughened	toughened	toughening	0	कड़ाकर
tour	toured	toured	touring	0	दौराकरना
tousle	tousled	tousled	tousling	0	अस्तव्यस्तकरदेना
tout	touted	touted	touting	0	दलालीकर
tow	towed	towed	towing	0	रस्सीसेखींच
tower	towered	towered	towering	0	ऊँचाहोना
toy	toyed	toyed	toying	0	ऊपरीतौरसेदिलचस्पीलेना; टूँगना
trace	traced	traced	tracing	0	ढूँढना; जड़ेंखोजनिकालना; किसीमानचित्रआदिकीनकलउतारना
track	tracked	tracked	tracking	0	कापतालगाना; फिल्मखींचतेसमयकैमराकेसाथचलना
trade	traded	traded	trading	0	व्यापारकरना; वस्तुविनिमयकरना
trade in	traded in	traded in	trading in	0	नयीखरीदकेमूल्यकेरूपमेंअपनीपुरानीचीजदेना
trade on	traded on	traded on	trading on	0	अनुचितलाभउठाना
traduce	traduced	traduced	traducing	0	निन्दाकरना
trail	trailed	trailed	trailing	0	पीछेपीछेघिसटना; धरतीकेऊपरइधर-उधरफैलना; हारना; थककरचलना
trail away	trailed away	trailed away	trailing away	0	किसीकीआवाजकाधीरेधीरेकमहोना
train	trained	trained	training	0	शिक्षादेना; प्रशिक्षितकरना; अभ्यासकरना; से[किसीपर]निशानाबाँधना; अनुवर्धनकरना
traipse	traipsed	traipsed	traipsing	0	घूमनाफिरना
trammel	trammeled	trammeled	trammeling	0	बन्धनहोना[लगाना]
tramp	tramped	tramped	tramping	0	धब-धबकरतेहुएचलना; पदयात्राकरना
trample	trampled	trampled	trampling	0	कुचलना; तिरस्कारकरना
tranquillize	tranquillized	tranquillized	tranquillizing	0	शान्तकरना
transact	transacted	transacted	transacting	0	कारबारकरना
transcend	transcended	transcended	transcending	0	सेबढकरहोना
transcribe	transcribed	transcribed	transcribing	0	मुद्रितयालिखितरूपमेंबदलना; प्रतिलिपिकरना; अन्यवाद्यकेलिएतैयारकरना
transfer	transferred	transferred	transferring	0	अन्तरितकरना; स्थानान्तरितकरना; सौंपना; अनुचित्रितकरना
transfigure	transfigured	transfigured	transfiguring	0	रूपान्तरितकरना
transfix	transfixed	transfixed	transfixing	0	नुकीलीवस्तुयुक्तहोना; स्तम्भितहोना
transform	transformed	transformed	transforming	0	बदलदेना
transgress	transgressed	transgressed	transgressing	0	अतिक्रमणकरना
translate	translated	translated	translating	0	अनुवादकरना
transliterate	transliterated	transliterated	transliterating	0	लिप्यन्तरणकरना
transmit	transmitted	transmitted	transmitting	0	प्रसारितकरना; देना
transmute	transmuted	transmuted	transmuting	0	रूपयास्वरूपबदलदेना
transpire	transpired	transpired	transpiring	0	पताचलना; घटितहोना
transplant	transplanted	transplanted	transplanting	0	दूसरेस्थानपरलगाना; प्रतिरोपितकरना
transport	transported	transported	transporting	0	वहनकरना; सज़ादेना{दूरवर्तीस्थाणमें}
transpose	transposed	transposed	transposing	0	स्थानबदलना; दूसरेस्वरमेंसुनाना
trap	trapped	trapped	trapping	0	फँसजाना; जाललगाना
traumatize	traumatized	traumatized	traumatizing	0	आघातपहुँचना
travel	traveled	traveled	traveling	0	यात्राकरना; चलना[कीओर]
traverse	traversed	traversed	traversing	0	तिरछेचलना
tread	trod	trodden	treading	1	परचलना; किसीवस्तुकेऊपरहोकरचलना; रास्ताबनाना
tread on	trod on	trodden on	treading on	1	नाराजकरना
treasure	treasured	treasured	treasuring	0	बहुमूल्यसमझना; संजोएरखना
treat	treated	treated	treating	0	व्यवहारकरना; मानना; विवेचनकरना; चिकित्साकरना; संसाधितकरना; काखर्चकरना
treble	trebled	trebled	trebling	0	तिगुनाकरना
trek	trekked	trekked	trekking	0	लम्बीयात्राकरना{पदयात्रा}
tremble	trembled	trembled	trembling	0	काँपना; थरथराना
trespass	trespassed	trespassed	trespassing	0	अतिक्रमणकरना
trespass against	trespassed against	trespassed against	trespassing against	0	अपराधकरना
trick	tricked	tricked	tricking	0	ठगना
trickle	trickled	trickled	trickling	0	टपकना; धीरेधीरेजाना
trickle down	trickled down	trickled down	trickling down	0	?
trigger	triggered	triggered	triggering	0	प्रेरितकरना
trill	trilled	trilled	trilling	0	कंपितध्वनि
trim	trimmed	trimmed	trimming	0	काटछाँटकरना
trimwith	trimwithed	trimwithed	trimwithing	0	सेसजाना
trip	tripped	tripped	tripping	0	उलझकरगिरना; [यन्त्र]खोलना; लडखडाना; फुदकना
trip up	tripped up	tripped up	tripping up	0	गलतीकरना
triple	tripled	tripled	tripling	0	तिगुनाकरना
triumph	triumphed	triumphed	triumphing	0	जीतना
trivialize	trivialized	trivialized	trivializing	0	तुच्छ‘करना
troll	trolled	trolled	trolling	0	मछलीफँसाना
troop	trooped	trooped	trooping	0	दलबाँधकरचलना
trot	trotted	trotted	trotting	0	दुलकीचलना; छोटेकदमरखकरदौडना
trot out	trotted out	trotted out	trotting out	0	सूचनायासफाईप्रदर्शितकरना
trouble	troubled	troubled	troubling	0	परेशानकरना; नम्रतापूर्वकनिवेदनकरना
trounce	trounced	trounced	trouncing	0	हरादेना
truck	trucked	trucked	trucking	0	सौदागरीकरना
trudge	trudged	trudged	trudging	0	धीरेचलना
trump	trumped	trumped	trumping	0	तुरुपचलना
trumpet	trumpeted	trumpeted	trumpeting	0	तुरहीबजाना; चिंघाड़ना
truncate	truncated	truncated	truncating	0	सिराकाटकरछोटाकरना
truncheon	truncheoned	truncheoned	truncheoning	0	डंडेसेमारना
trundle	trundled	trundled	trundling	0	लुढकना
truss	trussed	trussed	trussing	0	बाँधना
trust	trusted	trusted	trusting	0	भरोसाकरना; आशाकरना
try	tried	tried	trying	0	कोशिशकरना; परखना; कानूनीजाँचकरना
tuck	tucked	tucked	tucking	0	समेटना; चुनटडालना.; सुरक्षितस्थानपररखना; आरामदेना
tuft	tufted	tufted	tufting	0	गुच्छाबनाना
tug	tugged	tugged	tugging	0	झटकेसेखींचना
tumble	tumbled	tumbled	tumbling	0	अचानकगिरना; मूल्यगिरना; बारबारलुढकना.
tun	tunned	tunned	tunning	0	पीपोंमेंरखना
tune	tuned	tuned	tuning	0	सुरमिलाना; केअनुकूलबनालेना; केअनुकूलहोना
tunnel	tunneled	tunneled	tunneling	0	सुरंगखोदना
turf	turfed	turfed	turfing	0	घासबिछाना
turn	turned	turned	turning	0	घुमाना
tutor	tutored	tutored	tutoring	0	शिक्षादेना
twang	twanged	twanged	twanging	0	झंकारना
tweak	tweaked	tweaked	tweaking	0	चिकोटीकाटना
twig	twigged	twigged	twigging	0	समझजाना
twin	twinned	twinned	twinning	0	जोडामिलाना
twine	twined	twined	twining	0	बटना
twinkle	twinkled	twinkled	twinkling	0	चमकना; आँखमिचकना
twirl	twirled	twirled	twirling	0	घुमाना; चक्करखाना
twist	twisted	twisted	twisting	0	मुडना; गूथना; विकृतकरना; लिपटना; मिथ्याअर्थदेना
twitch	twitched	twitched	twitching	0	झटकना
twitter	twittered	twittered	twittering	0	चहचहाना
type	typed	typed	typing	0	टाईपकरना{टंकणकरना}
typecast	typecasted	typecasted	typecasting	0	टाइपकास्ट{एकअभिनेता[अभिनेत्री]कोउसीभूमिकामेंढालनाजिसमेंजनताउसेदेखतीआईहै}
typify	typified	typified	typifying	0	काप्रतीकहोना
ulcerate	ulcerated	ulcerated	ulcerating	0	व्रणित
unbalance	unbalanced	unbalanced	unbalancing	0	असंतुलितकरदेना
unbar	unbared	unbared	unbaring	0	प्रतिबन्धहटाना
unbend	unbent	unbent	unbending	1	नरमपडजाना
unbridle	unbridled	unbridled	unbridling	0	लगामहटा; छोड़दे; स्वतंत्रकर
unbuckle	unbuckled	unbuckled	unbuckling	0	खोलना
unburden	unburdened	unburdened	unburdening	0	भारयाबोझउतारना
unbutton	unbuttoned	unbuttoned	unbuttoning	0	बटनखोलना
uncork	uncorked	uncorked	uncorking	0	कागनिकाल
uncouple	uncoupled	uncoupled	uncoupling	0	अलगकरकेकाटना
uncover	uncovered	uncovered	uncovering	0	पर्दादूरकर; प्रकाशकर
uncurl	uncurled	uncurled	uncurling	0	सीधाकरना
underachieve	underachieved	underachieved	underachieving	0	असफलहोना
underbid	underbid	underbid	underbidding	1	कमदाममाँगना
undercharge	undercharged	undercharged	undercharging	0	कमदामलेना
underestimate	underestimated	underestimated	underestimating	0	कमआंकलनकरना
underexpose	underexposed	underexposed	underexposing	0	कमउद्भासितकरना
undergo	underwent	undergone	undergoing	1	अनुभवकरना
underline	underlined	underlined	underlining	0	नीचेरेखाखींच; परबलदेना
undermine	undermined	undermined	undermining	0	सुरंगखोद; दुर्बलबनादेना
underpay	underpaid	underpaid	underpaying	1	कमवेतनदेना
underpin	underpined	underpined	underpining	0	नीचेसेसहारादे; टेकलगा
underrate	underrated	underrated	underrating	0	थोड़ामोललगा; कमआँक
underscore	underscored	underscored	underscoring	0	रेखांकितकरना
understand	understood	understood	understanding	1	समझना
undertake	undertook	undertaken	undertaking	1	[का]उत्तरदायित्वलेना
undervalue	undervalued	undervalued	undervaluing	0	अवमूल्यनकरना
underwrite	underwrote	underwritten	underwriting	1	खरीदनेकावादा
undo	undid	undone	undoing	1	खोलडाल; मिटादेना
undress	undressed	undressed	undressing	0	कपड़ेउतारना
undulate	undulated	undulated	undulating	0	हिलोर; लहरा
unearth	unearthed	unearthed	unearthing	0	पतालगाना
unfit	unfitted	unfitted	unfitting	0	अयोग्यकर
unfold	unfolded	unfolded	unfolding	0	खोलना; प्रकटयाप्रकाशकरना; वर्णनकरना
unfreeze	unfroze	unfrozen	unfreezing	1	पिघलाना; नियन्त्रणहटाना
unfurl	unfurled	unfurled	unfurling	0	खोलना
unhinge	unhinged	unhinged	unhinging	0	पागलयाविक्षिप्तबनादेना
unhook	unhooked	unhooked	unhooking	0	छुडाना
unify	unified	unified	unifying	0	एकरूपबना; जोड़
unite	united	united	uniting	0	संयुक्तकरना
unlace	unlaced	unlaced	unlacing	0	फीता खोलना
unlearn	unlearned	unlearned	unlearning	0	भुलादेना
unleash	unleashed	unleashed	unleashing	0	प्रवर्तितकरना
unload	unloaded	unloaded	unloading	0	बोझउतार; हलकाकर; खाली करना
unlock	unlocked	unlocked	unlocking	0	तालाखोल
unloose	unloosed	unloosed	unloosing	0	ढीलाकरना
unman	unmaned	unmaned	unmaning	0	पौरुषहीनकरना; हतोत्साह करना
unmask	unmasked	unmasked	unmasking	0	भेदखोलना; नक़ाबउतारना; नकाब उतारना
unnerve	unnerved	unnerved	unnerving	0	हतोत्साहकरना
unpack	unpacked	unpacked	unpacking	0	{गठरी}खोल
unpick	unpicked	unpicked	unpicking	0	टाँकेखोलनायाउधेडना
unplug	unpluged	unpluged	unpluging	0	प्लगनिकालना
unravel	unraveled	unraveled	unraveling	0	सुलझाना; उधेड़ना
unroll	unrolled	unrolled	unrolling	0	खुलजाना; एक के बाद एक होना
unsay	unsaid	unsaid	unsaying	1	बातबदल
unscramble	unscrambled	unscrambled	unscrambling	0	सुलझाना
unscrew	unscrewed	unscrewed	unscrewing	0	पेचखोलना; खुल जाना
unseat	unseated	unseated	unseating	0	कुर्सीयाआसनसेगिरादे
unsettle	unsettled	unsettled	unsettling	0	हटा; अस्थिरकर; गड़बड़कर
unsteady	unsteadied	unsteadied	unsteadying	0	अस्थिरकर; चंचलकर
untangle	untangled	untangled	untangling	0	सुलझाना
untie	untied	untied	untying	0	खोल; उतार
unveil	unveiled	unveiled	unveiling	0	खुलजा; प्रकाशमेआ
unwind	unwound	unwound	unwinding	1	उधेड़; शांत हो जाना
unwrap	unwraped	unwraped	unwraping	0	खोलना
unzip	unzipped	unzipped	unzipping	0	खोलना
up	uped	uped	uping	0	उठाना; चढ़ाना
upbraid	upbraided	upbraided	upbraiding	0	भर्त्सनाकरना
update	updated	updated	updating	0	आधुनिकबनाना
upend	upended	upended	upending	0	उलटाकरना
upgrade	upgraded	upgraded	upgrading	0	उन्नतिकरना
uphold	upheld	upheld	upholding	1	सम्भल
upholster	upholstered	upholstered	upholstering	0	गद्दीलगाना
uplift	uplifted	uplifted	uplifting	0	ऊँचाकर; उठा
uproot	uprooted	uprooted	uprooting	0	जडसेउखाड़डाल; निर्मूल कर
urbanise	urbanised	urbanised	urbanising	0	नगरीयबनादेना
urge	urged	urged	urging	0	उकसाना
urinate	urinated	urinated	urinating	0	पेशाबकर
use	used	used	using	0	प्रयोगकर
usher	ushered	ushered	ushering	0	प्रवेशकराना; भेंटकरा
usurp	usurped	usurped	usurping	0	दबाले; दबाबैठ; अन्यायसेलेले; छीनले
utilize	utilized	utilized	utilizing	0	लाभउठा; काममेला; प्रयोगमेला
utter	uttered	uttered	uttering	0	बोल
vacate	vacated	vacated	vacating	0	छोड़ना
vaccinate	vaccinated	vaccinated	vaccinating	0	टीकालगाना
vacillate	vacillated	vacillated	vacillating	0	निश्चयनकरपाना
vacuum	vacuumed	vacuumed	vacuuming	0	निर्वात; खालीपन
validate	validated	validated	validating	0	प्रामाणिकबनाना
value	valued	valued	valuing	0	मोललगाना; आदरकरना
vanish	vanished	vanished	vanishing	0	लुप्तहोना
vanquish	vanquished	vanquished	vanquishing	0	जीतना
vaporize	vaporized	vaporized	vaporizing	0	भापबनाना
varnish	varnished	varnished	varnishing	0	रोगनलगाना
vary	varied	varied	varying	0	तरहतरहकाहोना
vault	vaulted	vaulted	vaulting	0	लग्गेकेसहारेकूदना
veer	veered	veered	veering	0	दिशाबदलना
vegetate	vegetated	vegetated	vegetating	0	निष्क्रियजीवनबिताना
veil	veiled	veiled	veiling	0	घूंघटकरना
veneer	veneered	veneered	veneering	0	खराबलकडीकेऊपरअच्छीलकडीकीतह
venerate	venerated	venerated	venerating	0	आदरकरना
vent	vented	vented	venting	0	निकालना[उत्तेजकभावोंको]
ventilate	ventilated	ventilated	ventilating	0	हवाकरना; प्रकाशमेंलाना
venture	ventured	ventured	venturing	0	साहसकरना
verbalize	verbalized	verbalized	verbalizing	0	क्रियापदबनाना
verge	verged	verged	verging	0	झुकना
verify	verified	verified	verifying	0	प्रमाणितकरना
vest	vested	vested	vesting	0	अधिकारप्रदानकरना
vet	vetted	vetted	vetting	0	भलीप्रकारजाँचकरना
veto	vetoed	vetoed	vetoing	0	कानूनकामसूदाअस्वीकृतकरना
vex	vexed	vexed	vexing	0	गुस्साकरना[होना]; चिन्तितहोना
vibrate	vibrated	vibrated	vibrating	0	स्पंदितहोना
victimise	victimised	victimised	victimising	0	शिकारबनाना
victimize	victimized	victimized	victimizing	0	शिकारबनाना
video	videoed	videoed	videoing	0	वीडियोबनाना
vie	vied	vied	vying	0	स्पर्धाकरना
view	viewed	viewed	viewing	0	दृष्टिडालना; देखना; निरीक्षणकरना[घरयाजायदाद
vilify	vilified	vilified	vilifying	0	अपवादकरना
vindicate	vindicated	vindicated	vindicating	0	न्यायसिद्धहोना[करना]
violate	violated	violated	violating	0	तोड़ना
visit	visited	visited	visiting	0	देखनेजाना[आना]
visualise	visualised	visualised	visualising	0	कल्पनाकरना
vitiate	vitiated	vitiated	vitiating	0	दूषितकरना
vitrify	vitrified	vitrified	vitrifying	0	काँचबनाना
vocalize	vocalized	vocalized	vocalizing	0	उच्चारणकरना
vociferate	vociferated	vociferated	vociferating	0	चिल्लाना
voice	voiced	voiced	voicing	0	विचारव्यक्तकरना
void	voided	voided	voiding	0	अवैधानिकघोषितकरना
volley	volleyed	volleyed	volleying	0	टप्पालगानेसेपहलेउडतीगेंदमारना
volunteer	volunteered	volunteered	volunteering	0	स्वेच्छासेकामकरना
vomit	vomited	vomited	vomiting	0	कैकर
vote	voted	voted	voting	0	मतदेना
vouchsafe	vouchsafed	vouchsafed	vouchsafing	0	कृपापूर्वकप्रदानकरना
vow	vowed	vowed	vowing	0	वादा
vying	vyinged	vyinged	vyinging	0	स्पर्धाकरतेहुए
wad	wadded	wadded	wadding	0	डाटबनाना
waddle	waddled	waddled	waddling	0	बतखकीतरहचलना
wade	waded	waded	wading	0	पैदलपारकरना
wafer	wafered	wafered	wafering	0	टिकियासेबंदकरना
waft	wafted	wafted	wafting	0	फैलादेना
wag	wagged	wagged	wagging	0	हिलना
wage	waged	waged	waging	0	किरायाकरना
wager	wagered	wagered	wagering	0	दाँवलगाना
wail	wailed	wailed	wailing	0	विलापकरना
wait	waited	waited	waiting	0	प्रतीक्षाकरना
waive	waived	waived	waiving	0	छोड़ना
wake	woke	woken	waking	1	जगाना
wale	waled	waled	waling	0	चिह्नकरना
walk	walked	walked	walking	0	चलना
wall	walled	walled	walling	0	दीवारसेघेरना
wallop	walloped	walloped	walloping	0	कोड़ेमारना
wallow	wallowed	wallowed	wallowing	0	लोटना
wander	wandered	wandered	wandering	0	घूमना
wane	waned	waned	waning	0	घटना
want	wanted	wanted	wanting	0	चाहना
warble	warbled	warbled	warbling	0	कूजना
ward	warded	warded	warding	0	रक्षाकरना
warehouse	warehoused	warehoused	warehousing	0	गोदाममेंरखना
warm	warmed	warmed	warming	0	गर्मकरना
warn	warned	warned	warning	0	चेतावनीदेना
warp	warped	warped	warping	0	मोड़ना
warrant	warranted	warranted	warranting	0	प्रमाणिकठहराना
was	wassed	wassed	wassing	0	था
wash	washed	washed	washing	0	धोना
waste	wasted	wasted	wasting	0	नष्टकरना
watch	watched	watched	watching	0	देखतेरहना
water	watered	watered	watering	0	सींचना; पानीआना
wave	waved	waved	waving	0	लहराना
waver	wavered	wavered	wavering	0	लहराना; डगमगाना
wax	waxed	waxed	waxing	0	बढ़ना
waylay	waylaid	waylaid	waylaying	1	घातलगाना
weaken	weakened	weakened	weakening	0	निर्बलकरना
wean	weaned	weaned	weaning	0	दूधछुड़ाना
wear	wore	worn	wearing	1	पहनना; भावहोना; घिसजाना; ज़्यादाचलना
wear on	wore on	worn on	wearing on	1	धीरेधीरेबीतना
weary	wearied	wearied	wearying	0	थकाना
weather	weathered	weathered	weathering	0	खुलीहवाकेप्रभावकोझेलना; पारकरना
weave	wove	woven	weaving	1	कपडाबनाना; एकहीकथासूत्रमेंग्रथितकरना; दायेंबायेंचलना
wed	wedded	wedded	wedding	1	ब्याहकरना
wedge	wedged	wedged	wedging	0	खूँटागाड़ना
weed	weeded	weeded	weeding	0	मोथाहटाना
weep	wept	wept	weeping	1	रोना
weigh	weighed	weighed	weighing	0	तोलना; वजनहोना; लंगरउठाना
weight	weighted	weighted	weighting	0	भारबढाना
welcome	welcomed	welcomed	welcoming	0	स्वागतकरना; धन्यवादसहितलेना[किसीवस्तुको]
weld	welded	welded	welding	0	जोड़ना
welt	welted	welted	welting	0	गोटलगाना
welter	weltered	weltered	weltering	0	लोटना
were	wered	wered	wering	0	थे
wet	wetted	wetted	wetting	1	गीलाकरना
whack	whacked	whacked	whacking	0	जोरसेचोटमारना; हिस्सा
wheedle	wheedled	wheedled	wheedling	0	किसीकोमनाना
wheel	wheeled	wheeled	wheeling	0	पहियोंपरलेजाना
wheeze	wheezed	wheezed	wheezing	0	जोरजोरसेसाँसलेना
whet	whetted	whetted	whetting	0	उत्तेजितकरना
while	whiled	whiled	whiling	0	आरामसेसमयगुजारना
whimper	whimpered	whimpered	whimpering	0	रूंरूंकरना
whine	whined	whined	whining	0	कराहना
whip	whipped	whipped	whipping	0	चाबुकमारना; फेंटना; दिशाकीओरचलना; झटकेसेनिकालना
whir	whirred	whirred	whirring	0	शब्दकरतेहुएघूमना
whirl	whirled	whirled	whirling	0	चक्करखाना
whisk	whisked	whisked	whisking	0	चुपकेसेहटालेना; फेंटना
whisper	whispered	whispered	whispering	0	कानाफूसीकरना; पत्तियोंकेटकरानेकीआवाज
whistle	whistled	whistled	whistling	0	सीटीबजाकरबुलाना
whiten	whitened	whitened	whitening	0	सफेदकरना
whitewash	whitewashed	whitewashed	whitewashing	0	सफेदीकरना
whittle	whittled	whittled	whittling	0	छीलना
whiz	whizzed	whizzed	whizzing	0	सनसनाना
whoop	whooped	whooped	whooping	0	चिल्लाना
widow	widowed	widowed	widowing	0	विधवाकरना
wield	wielded	wielded	wielding	0	फिराना
will	willed	willed	willing	0	होगा
wilt	wilted	wilted	wilting	0	मुर्झाना; निस्तेजपडजाना
win	won	won	winning	1	जीतना
wince	winced	winced	wincing	0	दर्दअभिव्यक्तकरना
wind	wound	wound	winding	1	हँफाना
wing	winged	winged	winging	0	पंखलगाना
wink	winked	winked	winking	0	आँखझुकाना
winnow	winnowed	winnowed	winnowing	0	फटकना
winter	wintered	wintered	wintering	0	जाड़ाकाटना
wipe	wiped	wiped	wiping	0	पौंछालगाना
wire	wired	wired	wiring	0	तारसेबाँधना
wireless	wirelessed	wirelessed	wirelessing	0	बेतारकातारभेजना
wish	wished	wished	wishing	0	इच्छाहोना[करना]; शुभकामनाकरना
withdraw	withdrew	withdrawn	withdrawing	1	लौटालेना
wither	withered	withered	withering	0	मुर्झाना; क्षीणहोना
withhold	withheld	withheld	withholding	1	रोकरखना
withstand	withstood	withstood	withstanding	1	सामनाकरना
witness	witnessed	witnessed	witnessing	0	देखना
wive	wived	wived	wiving	0	पत्नीबनाना
wonder	wondered	wondered	wondering	0	आश्चर्यकरना; जाननेकोउत्सुकहोना
woo	wooed	wooed	wooing	0	विवाहहेतुप्रार्थनाकरना.
word	worded	worded	wording	0	शब्दोंमेंप्रकटकरना
work	worked	worked	working	0	कामकरना
worm	wormed	wormed	worming	0	कीडेनिकालना
worry	worried	worried	worrying	0	चिंतितहोना; परेशानकरना
worsen	worsened	worsened	worsening	0	औरबुराहोना
worship	worshiped	worshiped	worshiping	0	सम्मानकरना
worst	worsted	worsted	worsting	0	जीतना
would	woulded	woulded	woulding	0	होगा
wound	wounded	wounded	wounding	0	घायलकरना
wrangle	wrangled	wrangled	wrangling	0	क्रोधसेझगड़ना
wrap	wrapped	wrapped	wrapping	0	लपेटना{कागज़आदिसे}
wreak	wreaked	wreaked	wreaking	0	बदलालेना
wreathe	wreathed	wreathed	wreathing	0	आच्छादित
wreck	wrecked	wrecked	wrecking	0	नाशकरना
wrench	wrenched	wrenched	wrenching	0	खींचलेना
wrest	wrested	wrested	wresting	0	छीनलेना; मुश्किलसेप्राप्तकरना
wrestle	wrestled	wrestled	wrestling	0	कुश्तीकरना
wriggle	wriggled	wriggled	wriggling	0	टेढेमेढेचलना
wring	wrung	wrung	wringing	1	मरोड़ना
wrinkle	wrinkled	wrinkled	wrinkling	0	सिकुडजाना; शिकनपड़ना[डालना]
write	wrote	written	writing	1	लिखना; रचनाकरना
write off	wrote off	written off	writing off	1	बट्टेखातेमेंडालना
writhe	writhed	writhed	writhing	0	कराहना
wrong	wronged	wronged	wronging	0	अन्यायकरना
wrought	wroughted	wroughted	wroughting	0	लाना
xerox	xeroxed	xeroxed	xeroxing	0	प्रतिलिपिनिकालना
yacht	yachted	yachted	yachting	0	नौकासैरकरना; उक्तनौकामेंजानायासैरकरना
yack	yacked	yacked	yacking	0	बतियाना
yammer	yammered	yammered	yammering	0	विलपना; बडबडाना
yank	yanked	yanked	yanking	0	झटककर खींचना
yap	yapped	yapped	yapping	0	भौँकना{छोटे कुत्तोँ का}; बकवास करना
yarn	yarned	yarned	yarning	0	किस्सासुनाना
yaw	yawed	yawed	yawing	0	विचलना
yawn	yawned	yawned	yawning	0	जँभाईलेना
yearn	yearned	yearned	yearning	0	इच्छाकरना
yell	yelled	yelled	yelling	0	चिल्लाना
yellow	yellowed	yellowed	yellowing	0	पीलाकरना
yelp	yelped	yelped	yelping	0	चीखना
yen	yenned	yenned	yenning	0	ललकना
yield	yielded	yielded	yielding	0	अधीनहोना
yodel	yodeled	yodeled	yodeling	0	आलापना{स्विज़संगीत}
yoke	yoked	yoked	yoking	0	नाथना
yowl	yowled	yowled	yowling	0	हुआना; चीखना
zap	zapped	zapped	zapping	0	बेहोश करना; नष्ट करना; तेज़ी से जाना
zero	zeroed	zeroed	zeroing	0	निशाना साधना; ध्यान केन्द्रित करना
zigzag	zigzaged	zigzaged	zigzaging	0	टेढ़ा-मेढ़ा चलना
zip	zipped	zipped	zipping	0	ज़िप खोलना या बंद करना; बहुत तेज़ी से जाना
zone	zoned	zoned	zoning	0	क्षेत्रों में विभाजित करना
zoom	zoomed	zoomed	zooming	0	बहुत तेज़ी से जाना
